cmm_code,common_description,material_family,governance_status,member_count,cpse_count,consuming_cpses,primary_uom,total_annual_consumption,avg_consumption_per_member,plant_count,dominant_plant
CMM-BEARNG-107937-001,BEARING | BALL BEARING | CHROME STEEL | 6203 | ISO 15,BEARING,STANDALONE_CANDIDATE,1,1,ONGC,NOS,6377,6377.0,1,Ahmedabad Asset
CMM-BEARNG-197F46-001,BEARING | BALL BEARING | CHROME STEEL | 6203 | ISO 15,BEARING,STANDALONE_CANDIDATE,1,1,HPCL,NOS,4161,4161.0,1,Vishakha Terminal
CMM-BEARNG-19819D-001,BEARING | BALL BEARING | CHROME STEEL | 6202 | ISO 15,BEARING,STANDALONE_CANDIDATE,1,1,HPCL,NOS,11558,11558.0,1,Vishakha Terminal
CMM-BEARNG-1CF94C-001,BEARING | BALL BEARING | CHROME STEEL | 6202 | ISO 15,BEARING,STANDALONE_CANDIDATE,1,1,IOCL,NOS,23989,23989.0,1,Mathura Refinery
CMM-BEARNG-1E2280-001,BEARING | BALL BEARING | CHROME STEEL | 6205 | ISO 15,BEARING,STANDALONE_CANDIDATE,1,1,HPCL,NOS,17814,17814.0,1,Vishakha Terminal
CMM-BEARNG-202D66-001,BEARING | BALL BEARING | CHROME STEEL | 6209 | ISO 15,BEARING,STANDALONE_CANDIDATE,1,1,CPCL,NOS,1715,1715.0,1,Chennai Refinery
CMM-BEARNG-247E4B-001,BEARING | BALL BEARING | CHROME STEEL | 6209 | ISO 15,BEARING,STANDALONE_CANDIDATE,1,1,ONGC,NOS,14894,14894.0,1,Mehsana Asset
CMM-BEARNG-25E0A7-001,BEARING | BALL BEARING | CHROME STEEL | 6203 | ISO 15,BEARING,STANDALONE_CANDIDATE,1,1,CPCL,NOS,22305,22305.0,1,Manali Terminal
CMM-BEARNG-2A0F29-001,BEARING | BALL BEARING | CHROME STEEL | 6203 | ISO 15,BEARING,STANDALONE_CANDIDATE,1,1,IOCL,NOS,17374,17374.0,1,Mathura Refinery
CMM-BEARNG-2BB54C-001,BEARING | BALL BEARING | CHROME STEEL | 6207 | ISO 15,BEARING,STANDALONE_CANDIDATE,1,1,HPCL,NOS,15795,15795.0,1,Visakh Refinery
CMM-BEARNG-2D694E-001,BEARING | BALL BEARING | CHROME STEEL | 6202 | ISO 15,BEARING,STANDALONE_CANDIDATE,1,1,ONGC,NOS,24922,24922.0,1,Ahmedabad Asset
CMM-BEARNG-2DA414-001,BEARING | BALL BEARING | CHROME STEEL | 6207 | ISO 15,BEARING,STANDALONE_CANDIDATE,1,1,ONGC,NOS,19178,19178.0,1,Mumbai Offshore
CMM-BEARNG-2F0A3D-001,BEARING | BALL BEARING | CHROME STEEL | 6209 | ISO 15,BEARING,STANDALONE_CANDIDATE,1,1,ONGC,NOS,8302,8302.0,1,Mumbai Offshore
CMM-BEARNG-330C82-001,BEARING | BALL BEARING | CHROME STEEL | 6202 | ISO 15,BEARING,STANDALONE_CANDIDATE,1,1,CPCL,NOS,14712,14712.0,1,Manali Terminal
CMM-BEARNG-34DB16-001,BEARING | BALL BEARING | CHROME STEEL | 6208 | ISO 15,BEARING,STANDALONE_CANDIDATE,1,1,IOCL,NOS,8750,8750.0,1,Panipat Refinery
CMM-BEARNG-350310-001,BEARING | BALL BEARING | CHROME STEEL | 6205 | ISO 15,BEARING,STANDALONE_CANDIDATE,1,1,IOCL,NOS,6835,6835.0,1,Mathura Refinery
CMM-BEARNG-3657E4-001,BEARING | BALL BEARING | CHROME STEEL | 6208 | ISO 15,BEARING,STANDALONE_CANDIDATE,1,1,HPCL,NOS,6580,6580.0,1,Visakh Refinery
CMM-BEARNG-3CCE37-001,BEARING | BALL BEARING | CHROME STEEL | 6202 | ISO 15,BEARING,STANDALONE_CANDIDATE,1,1,IOCL,NOS,15148,15148.0,1,Paradip Refinery
CMM-BEARNG-3E29D2-001,BEARING | BALL BEARING | CHROME STEEL | 6208 | ISO 15,BEARING,STANDALONE_CANDIDATE,1,1,IOCL,NOS,16011,16011.0,1,Paradip Refinery
CMM-BEARNG-3E9FE3-001,BEARING | BALL BEARING | CHROME STEEL | 6202 | ISO 15,BEARING,STANDALONE_CANDIDATE,1,1,HPCL,NOS,15117,15117.0,1,Mumbai Refinery
CMM-BEARNG-401F95-001,BEARING | BALL BEARING | CHROME STEEL | 6209 | ISO 15,BEARING,STANDALONE_CANDIDATE,1,1,ONGC,NOS,9469,9469.0,1,Ahmedabad Asset
CMM-BEARNG-42F6B2-001,BEARING | BALL BEARING | CHROME STEEL | 6209 | ISO 15,BEARING,STANDALONE_CANDIDATE,1,1,ONGC,NOS,19378,19378.0,1,Mumbai Offshore
CMM-BEARNG-43270C-001,BEARING | BALL BEARING | CHROME STEEL | 6202 | ISO 15,BEARING,STANDALONE_CANDIDATE,1,1,CPCL,NOS,6950,6950.0,1,Chennai Refinery
CMM-BEARNG-43C51D-001,BEARING | BALL BEARING | CHROME STEEL | 6207 | ISO 15,BEARING,STANDALONE_CANDIDATE,1,1,ONGC,NOS,22755,22755.0,1,Mehsana Asset
CMM-BEARNG-44121A-001,BEARING | BALL BEARING | CHROME STEEL | 6203 | ISO 15,BEARING,STANDALONE_CANDIDATE,1,1,ONGC,NOS,7912,7912.0,1,Mehsana Asset
CMM-BEARNG-44D048-001,BEARING | BALL BEARING | CHROME STEEL | 6206 | ISO 15,BEARING,STANDALONE_CANDIDATE,1,1,ONGC,NOS,4367,4367.0,1,Mehsana Asset
CMM-BEARNG-45F089-001,BEARING | BALL BEARING | CHROME STEEL | 6207 | ISO 15,BEARING,STANDALONE_CANDIDATE,1,1,CPCL,NOS,4879,4879.0,1,Chennai Refinery
CMM-BEARNG-52960E-001,BEARING | BALL BEARING | CHROME STEEL | 6208 | ISO 15,BEARING,STANDALONE_CANDIDATE,1,1,CPCL,NOS,20192,20192.0,1,Chennai Refinery
CMM-BEARNG-54562A-001,BEARING | BALL BEARING | CHROME STEEL | 6205 | ISO 15,BEARING,STANDALONE_CANDIDATE,1,1,IOCL,NOS,21980,21980.0,1,Panipat Refinery
CMM-BEARNG-57D0F8-001,BEARING | BALL BEARING | CHROME STEEL | 6208 | ISO 15,BEARING,STANDALONE_CANDIDATE,1,1,CPCL,NOS,9931,9931.0,1,Chennai Refinery
CMM-BEARNG-59781D-001,BEARING | BALL BEARING | CHROME STEEL | 6205 | ISO 15,BEARING,STANDALONE_CANDIDATE,1,1,ONGC,NOS,24003,24003.0,1,Mehsana Asset
CMM-BEARNG-5BB516-001,BEARING | BALL BEARING | CHROME STEEL | 6207 | ISO 15,BEARING,STANDALONE_CANDIDATE,1,1,IOCL,NOS,14822,14822.0,1,Mathura Refinery
CMM-BEARNG-5FB7D6-001,BEARING | BALL BEARING | CHROME STEEL | 6208 | ISO 15,BEARING,STANDALONE_CANDIDATE,1,1,HPCL,NOS,717,717.0,1,Visakh Refinery
CMM-BEARNG-6543FC-001,BEARING | BALL BEARING | CHROME STEEL | 6209 | ISO 15,BEARING,STANDALONE_CANDIDATE,1,1,HPCL,NOS,21197,21197.0,1,Vishakha Terminal
CMM-BEARNG-6B49BD-001,BEARING | BALL BEARING | CHROME STEEL | 6204 | ISO 15,BEARING,STANDALONE_CANDIDATE,1,1,IOCL,NOS,14739,14739.0,1,Panipat Refinery
CMM-BEARNG-6E4403-001,BEARING | BALL BEARING | CHROME STEEL | 6202 | ISO 15,BEARING,STANDALONE_CANDIDATE,1,1,IOCL,NOS,22538,22538.0,1,Mathura Refinery
CMM-BEARNG-758AA4-001,BEARING | BALL BEARING | CHROME STEEL | 6207 | ISO 15,BEARING,STANDALONE_CANDIDATE,1,1,ONGC,NOS,1686,1686.0,1,Mumbai Offshore
CMM-BEARNG-79FC50-001,BEARING | BALL BEARING | CHROME STEEL | 6207 | ISO 15,BEARING,STANDALONE_CANDIDATE,1,1,CPCL,NOS,6663,6663.0,1,Chennai Refinery
CMM-BEARNG-8077DE-001,BEARING | BALL BEARING | CHROME STEEL | 6205 | ISO 15,BEARING,STANDALONE_CANDIDATE,1,1,HPCL,NOS,21997,21997.0,1,Visakh Refinery
CMM-BEARNG-82BDB9-001,BEARING | BALL BEARING | CHROME STEEL | 6203 | ISO 15,BEARING,STANDALONE_CANDIDATE,1,1,IOCL,NOS,18785,18785.0,1,Panipat Refinery
CMM-BEARNG-83B058-001,BEARING | BALL BEARING | CHROME STEEL | 6203 | ISO 15,BEARING,STANDALONE_CANDIDATE,1,1,HPCL,NOS,12709,12709.0,1,Vishakha Terminal
CMM-BEARNG-86E7F0-001,BEARING | BALL BEARING | CHROME STEEL | 6207 | ISO 15,BEARING,STANDALONE_CANDIDATE,1,1,HPCL,NOS,9642,9642.0,1,Visakh Refinery
CMM-BEARNG-899C65-001,BEARING | BALL BEARING | CHROME STEEL | 6207 | ISO 15,BEARING,STANDALONE_CANDIDATE,1,1,HPCL,NOS,12415,12415.0,1,Mumbai Refinery
CMM-BEARNG-89BAE5-001,BEARING | BALL BEARING | CHROME STEEL | 6202 | ISO 15,BEARING,STANDALONE_CANDIDATE,1,1,IOCL,NOS,9777,9777.0,1,Panipat Refinery
CMM-BEARNG-91B0AC-001,BEARING | BALL BEARING | CHROME STEEL | 6207 | ISO 15,BEARING,STANDALONE_CANDIDATE,1,1,HPCL,NOS,4951,4951.0,1,Visakh Refinery
CMM-BEARNG-934EA5-001,BEARING | BALL BEARING | CHROME STEEL | 6202 | ISO 15,BEARING,STANDALONE_CANDIDATE,1,1,ONGC,NOS,39,39.0,1,Mehsana Asset
CMM-BEARNG-9A1FCB-001,BEARING | BALL BEARING | CHROME STEEL | 6207 | ISO 15,BEARING,STANDALONE_CANDIDATE,1,1,CPCL,NOS,17625,17625.0,1,Chennai Refinery
CMM-BEARNG-9A924B-001,BEARING | BALL BEARING | CHROME STEEL | 6204 | ISO 15,BEARING,STANDALONE_CANDIDATE,1,1,HPCL,NOS,3254,3254.0,1,Visakh Refinery
CMM-BEARNG-A3BC05-001,BEARING | BALL BEARING | CHROME STEEL | 6207 | ISO 15,BEARING,STANDALONE_CANDIDATE,1,1,HPCL,NOS,17224,17224.0,1,Vishakha Terminal
CMM-BEARNG-A7FF97-001,BEARING | BALL BEARING | CHROME STEEL | 6209 | ISO 15,BEARING,STANDALONE_CANDIDATE,1,1,IOCL,NOS,7901,7901.0,1,Mathura Refinery
CMM-BEARNG-AB38A9-001,BEARING | BALL BEARING | CHROME STEEL | 6209 | ISO 15,BEARING,STANDALONE_CANDIDATE,1,1,ONGC,NOS,14163,14163.0,1,Mumbai Offshore
CMM-BEARNG-AD09A6-001,BEARING | BALL BEARING | CHROME STEEL | 6203 | ISO 15,BEARING,STANDALONE_CANDIDATE,1,1,ONGC,NOS,16688,16688.0,1,Ahmedabad Asset
CMM-BEARNG-AFF85E-001,BEARING | BALL BEARING | CHROME STEEL | 6203 | ISO 15,BEARING,STANDALONE_CANDIDATE,1,1,IOCL,NOS,5775,5775.0,1,Panipat Refinery
CMM-BEARNG-B7FBEF-001,BEARING | BALL BEARING | CHROME STEEL | 6203 | ISO 15,BEARING,STANDALONE_CANDIDATE,1,1,HPCL,NOS,19387,19387.0,1,Vishakha Terminal
CMM-BEARNG-C4D23D-001,BEARING | BALL BEARING | CHROME STEEL | 6202 | ISO 15,BEARING,STANDALONE_CANDIDATE,1,1,IOCL,NOS,23412,23412.0,1,Panipat Refinery
CMM-BEARNG-C60D91-001,BEARING | BALL BEARING | CHROME STEEL | 6204 | ISO 15,BEARING,STANDALONE_CANDIDATE,1,1,CPCL,NOS,14594,14594.0,1,Manali Terminal
CMM-BEARNG-C97DC7-001,BEARING | BALL BEARING | CHROME STEEL | 6204 | ISO 15,BEARING,STANDALONE_CANDIDATE,1,1,HPCL,NOS,3826,3826.0,1,Visakh Refinery
CMM-BEARNG-D0ECB4-001,BEARING | BALL BEARING | CHROME STEEL | 6203 | ISO 15,BEARING,STANDALONE_CANDIDATE,1,1,ONGC,NOS,1629,1629.0,1,Mehsana Asset
CMM-BEARNG-D136EE-001,BEARING | BALL BEARING | CHROME STEEL | 6204 | ISO 15,BEARING,STANDALONE_CANDIDATE,1,1,IOCL,NOS,8337,8337.0,1,Paradip Refinery
CMM-BEARNG-D226F6-001,BEARING | BALL BEARING | CHROME STEEL | 6202 | ISO 15,BEARING,STANDALONE_CANDIDATE,1,1,CPCL,NOS,19423,19423.0,1,Chennai Refinery
CMM-BEARNG-D3738B-001,BEARING | BALL BEARING | CHROME STEEL | 6203 | ISO 15,BEARING,STANDALONE_CANDIDATE,1,1,HPCL,NOS,16630,16630.0,1,Mumbai Refinery
CMM-BEARNG-D835FD-001,BEARING | BALL BEARING | CHROME STEEL | 6206 | ISO 15,BEARING,STANDALONE_CANDIDATE,1,1,CPCL,NOS,15066,15066.0,1,Manali Terminal
CMM-BEARNG-D96367-001,BEARING | BALL BEARING | CHROME STEEL | 6204 | ISO 15,BEARING,STANDALONE_CANDIDATE,1,1,HPCL,NOS,24750,24750.0,1,Mumbai Refinery
CMM-BEARNG-DB7085-001,BEARING | BALL BEARING | CHROME STEEL | 6207 | ISO 15,BEARING,STANDALONE_CANDIDATE,1,1,HPCL,NOS,14998,14998.0,1,Vishakha Terminal
CMM-BEARNG-E7C441-001,BEARING | BALL BEARING | CHROME STEEL | 6208 | ISO 15,BEARING,STANDALONE_CANDIDATE,1,1,CPCL,NOS,14789,14789.0,1,Manali Terminal
CMM-BEARNG-E95E31-001,BEARING | BALL BEARING | CHROME STEEL | 6207 | ISO 15,BEARING,STANDALONE_CANDIDATE,1,1,ONGC,NOS,710,710.0,1,Mehsana Asset
CMM-BEARNG-E9BE6D-001,BEARING | BALL BEARING | CHROME STEEL | 6207 | ISO 15,BEARING,STANDALONE_CANDIDATE,1,1,CPCL,NOS,20968,20968.0,1,Chennai Refinery
CMM-BEARNG-F388A1-001,BEARING | BALL BEARING | CHROME STEEL | 6207 | ISO 15,BEARING,STANDALONE_CANDIDATE,1,1,CPCL,NOS,3454,3454.0,1,Chennai Refinery
CMM-BEARNG-F4FE0E-001,BEARING | BALL BEARING | CHROME STEEL | 6208 | ISO 15,BEARING,STANDALONE_CANDIDATE,1,1,CPCL,NOS,22256,22256.0,1,Manali Terminal
CMM-BEARNG-FB3684-001,BEARING | BALL BEARING | CHROME STEEL | 6208 | ISO 15,BEARING,STANDALONE_CANDIDATE,1,1,IOCL,NOS,4310,4310.0,1,Paradip Refinery
CMM-BEARNG-FE31AA-001,BEARING | BALL BEARING | CHROME STEEL | 6208 | ISO 15,BEARING,STANDALONE_CANDIDATE,1,1,IOCL,NOS,1616,1616.0,1,Mathura Refinery
CMM-ELECTR-030283-001,ELECTRICAL | FUSE | CERAMIC | 16 A | IS 13703,ELECTRICAL,STANDALONE_CANDIDATE,1,1,IOCL,MTR,22539,22539.0,1,Paradip Refinery
CMM-ELECTR-041B28-001,ELECTRICAL | CABLE | XLPE COPPER | 16 SQ MM | IS 7098,ELECTRICAL,STANDALONE_CANDIDATE,1,1,IOCL,MTR,2312,2312.0,1,Paradip Refinery
CMM-ELECTR-048BA5-001,ELECTRICAL | CABLE | XLPE ALUMINIUM | 25 SQ MM | IS 7098,ELECTRICAL,STANDALONE_CANDIDATE,1,1,ONGC,MTR,19259,19259.0,1,Mehsana Asset
CMM-ELECTR-04A554-001,ELECTRICAL | CABLE | XLPE ALUMINIUM | 10 SQ MM | IS 7098,ELECTRICAL,STANDALONE_CANDIDATE,1,1,HPCL,MTR,8821,8821.0,1,Vishakha Terminal
CMM-ELECTR-05CC4D-001,ELECTRICAL | FUSE | CERAMIC | 5 A | IS 13703,ELECTRICAL,STANDALONE_CANDIDATE,1,1,CPCL,MTR,5745,5745.0,1,Chennai Refinery
CMM-ELECTR-060926-001,ELECTRICAL | FUSE | CERAMIC | 16 A | IS 13703,ELECTRICAL,STANDALONE_CANDIDATE,1,1,ONGC,MTR,11364,11364.0,1,Mehsana Asset
CMM-ELECTR-065E97-001,ELECTRICAL | CABLE | XLPE COPPER | 1.5 SQ MM | IS 7098,ELECTRICAL,STANDALONE_CANDIDATE,1,1,IOCL,MTR,5695,5695.0,1,Mathura Refinery
CMM-ELECTR-06655F-001,ELECTRICAL | CABLE | XLPE ALUMINIUM | 25 SQ MM | IS 7098,ELECTRICAL,STANDALONE_CANDIDATE,1,1,CPCL,MTR,19356,19356.0,1,Chennai Refinery
CMM-ELECTR-093B69-001,ELECTRICAL | CABLE | XLPE ALUMINIUM | 25 SQ MM | IS 7098,ELECTRICAL,STANDALONE_CANDIDATE,1,1,ONGC,MTR,10036,10036.0,1,Ahmedabad Asset
CMM-ELECTR-0A833B-001,ELECTRICAL | FUSE | CERAMIC | 16 A | IS 13703,ELECTRICAL,STANDALONE_CANDIDATE,1,1,CPCL,MTR,15267,15267.0,1,Chennai Refinery
CMM-ELECTR-0C0C8A-001,ELECTRICAL | CABLE | XLPE COPPER | 4 SQ MM | IS 7098,ELECTRICAL,STANDALONE_CANDIDATE,1,1,IOCL,MTR,13737,13737.0,1,Panipat Refinery
CMM-ELECTR-0C28B9-001,ELECTRICAL | CABLE | XLPE COPPER | 16 SQ MM | IS 7098,ELECTRICAL,STANDALONE_CANDIDATE,1,1,ONGC,MTR,21310,21310.0,1,Mumbai Offshore
CMM-ELECTR-0C90AB-001,ELECTRICAL | CABLE | XLPE ALUMINIUM | 50 SQ MM | IS 7098,ELECTRICAL,STANDALONE_CANDIDATE,1,1,ONGC,MTR,1606,1606.0,1,Ahmedabad Asset
CMM-ELECTR-0D35A4-001,ELECTRICAL | CABLE | XLPE ALUMINIUM | 16 SQ MM | IS 7098,ELECTRICAL,STANDALONE_CANDIDATE,1,1,ONGC,MTR,1161,1161.0,1,Mumbai Offshore
CMM-ELECTR-0F555C-001,ELECTRICAL | CABLE | XLPE ALUMINIUM | 16 SQ MM | IS 7098,ELECTRICAL,STANDALONE_CANDIDATE,1,1,ONGC,MTR,11917,11917.0,1,Mumbai Offshore
CMM-ELECTR-0FBCEE-001,ELECTRICAL | CABLE | XLPE COPPER | 10 SQ MM | IS 7098,ELECTRICAL,STANDALONE_CANDIDATE,1,1,ONGC,MTR,23675,23675.0,1,Mehsana Asset
CMM-ELECTR-157F61-001,ELECTRICAL | FUSE | CERAMIC | 32 A | IS 13703,ELECTRICAL,STANDALONE_CANDIDATE,1,1,IOCL,MTR,6651,6651.0,1,Paradip Refinery
CMM-ELECTR-16A38D-001,ELECTRICAL | FUSE | CERAMIC | 32 A | IS 13703,ELECTRICAL,STANDALONE_CANDIDATE,1,1,IOCL,MTR,24136,24136.0,1,Paradip Refinery
CMM-ELECTR-173460-001,ELECTRICAL | FUSE | CERAMIC | 5 A | IS 13703,ELECTRICAL,STANDALONE_CANDIDATE,1,1,CPCL,MTR,22659,22659.0,1,Chennai Refinery
CMM-ELECTR-177F37-001,ELECTRICAL | FUSE | CERAMIC | 2 A | IS 13703,ELECTRICAL,STANDALONE_CANDIDATE,1,1,IOCL,MTR,6141,6141.0,1,Mathura Refinery
CMM-ELECTR-183D09-001,ELECTRICAL | CABLE | XLPE ALUMINIUM | 16 SQ MM | IS 7098,ELECTRICAL,STANDALONE_CANDIDATE,1,1,HPCL,MTR,17726,17726.0,1,Visakh Refinery
CMM-ELECTR-19433E-001,ELECTRICAL | CABLE | XLPE ALUMINIUM | 10 SQ MM | IS 7098,ELECTRICAL,STANDALONE_CANDIDATE,1,1,CPCL,MTR,17257,17257.0,1,Manali Terminal
CMM-ELECTR-199232-001,ELECTRICAL | CABLE | XLPE COPPER | 6 SQ MM | IS 7098,ELECTRICAL,STANDALONE_CANDIDATE,1,1,CPCL,MTR,24389,24389.0,1,Manali Terminal
CMM-ELECTR-1A09B1-001,ELECTRICAL | FUSE | CERAMIC | 16 A | IS 13703,ELECTRICAL,STANDALONE_CANDIDATE,1,1,CPCL,MTR,6373,6373.0,1,Manali Terminal
CMM-ELECTR-1A5C41-001,ELECTRICAL | FUSE | CERAMIC | 16 A | IS 13703,ELECTRICAL,STANDALONE_CANDIDATE,1,1,CPCL,MTR,2223,2223.0,1,Manali Terminal
CMM-ELECTR-1A830D-001,ELECTRICAL | FUSE | CERAMIC | 63 A | IS 13703,ELECTRICAL,STANDALONE_CANDIDATE,1,1,HPCL,MTR,6637,6637.0,1,Vishakha Terminal
CMM-ELECTR-1DC359-001,ELECTRICAL | FUSE | CERAMIC | 10 A | IS 13703,ELECTRICAL,STANDALONE_CANDIDATE,1,1,ONGC,MTR,21935,21935.0,1,Mumbai Offshore
CMM-ELECTR-1E0D0E-001,ELECTRICAL | FUSE | CERAMIC | 2 A | IS 13703,ELECTRICAL,STANDALONE_CANDIDATE,1,1,IOCL,MTR,21084,21084.0,1,Panipat Refinery
CMM-ELECTR-1E875E-001,ELECTRICAL | FUSE | CERAMIC | 16 A | IS 13703,ELECTRICAL,STANDALONE_CANDIDATE,1,1,ONGC,MTR,14405,14405.0,1,Mumbai Offshore
CMM-ELECTR-1EB01C-001,ELECTRICAL | FUSE | CERAMIC | 5 A | IS 13703,ELECTRICAL,STANDALONE_CANDIDATE,1,1,IOCL,MTR,199,199.0,1,Paradip Refinery
CMM-ELECTR-1F2EA2-001,ELECTRICAL | CABLE | XLPE ALUMINIUM | 16 SQ MM | IS 7098,ELECTRICAL,STANDALONE_CANDIDATE,1,1,IOCL,MTR,21734,21734.0,1,Mathura Refinery
CMM-ELECTR-24DAFA-001,ELECTRICAL | FUSE | CERAMIC | 2 A | IS 13703,ELECTRICAL,STANDALONE_CANDIDATE,1,1,HPCL,MTR,4540,4540.0,1,Visakh Refinery
CMM-ELECTR-2702E9-001,ELECTRICAL | CABLE | XLPE ALUMINIUM | 10 SQ MM | IS 7098,ELECTRICAL,STANDALONE_CANDIDATE,1,1,IOCL,MTR,2048,2048.0,1,Paradip Refinery
CMM-ELECTR-2741CF-001,ELECTRICAL | CABLE | XLPE ALUMINIUM | 35 SQ MM | IS 7098,ELECTRICAL,STANDALONE_CANDIDATE,1,1,ONGC,MTR,14097,14097.0,1,Ahmedabad Asset
CMM-ELECTR-2766A3-001,ELECTRICAL | FUSE | CERAMIC | 5 A | IS 13703,ELECTRICAL,STANDALONE_CANDIDATE,1,1,IOCL,MTR,19411,19411.0,1,Panipat Refinery
CMM-ELECTR-27BC2F-001,ELECTRICAL | CABLE | XLPE ALUMINIUM | 10 SQ MM | IS 7098,ELECTRICAL,STANDALONE_CANDIDATE,1,1,HPCL,MTR,19427,19427.0,1,Visakh Refinery
CMM-ELECTR-2E0BE5-001,ELECTRICAL | CABLE | XLPE ALUMINIUM | 16 SQ MM | IS 7098,ELECTRICAL,STANDALONE_CANDIDATE,1,1,ONGC,MTR,17384,17384.0,1,Mehsana Asset
CMM-ELECTR-2E6C25-001,ELECTRICAL | FUSE | CERAMIC | 2 A | IS 13703,ELECTRICAL,STANDALONE_CANDIDATE,1,1,CPCL,MTR,12651,12651.0,1,Chennai Refinery
CMM-ELECTR-2F413F-001,ELECTRICAL | CABLE | XLPE ALUMINIUM | 50 SQ MM | IS 7098,ELECTRICAL,STANDALONE_CANDIDATE,1,1,ONGC,MTR,11609,11609.0,1,Mumbai Offshore
CMM-ELECTR-2F449C-001,ELECTRICAL | FUSE | CERAMIC | 63 A | IS 13703,ELECTRICAL,STANDALONE_CANDIDATE,1,1,ONGC,MTR,4873,4873.0,1,Mumbai Offshore
CMM-ELECTR-2F67B8-001,ELECTRICAL | CABLE | XLPE COPPER | 6 SQ MM | IS 7098,ELECTRICAL,STANDALONE_CANDIDATE,1,1,ONGC,MTR,3336,3336.0,1,Ahmedabad Asset
CMM-ELECTR-2FEC54-001,ELECTRICAL | FUSE | CERAMIC | 10 A | IS 13703,ELECTRICAL,STANDALONE_CANDIDATE,1,1,ONGC,MTR,9368,9368.0,1,Mumbai Offshore
CMM-ELECTR-30CB29-001,ELECTRICAL | CABLE | XLPE COPPER | 16 SQ MM | IS 7098,ELECTRICAL,STANDALONE_CANDIDATE,1,1,IOCL,MTR,19391,19391.0,1,Paradip Refinery
CMM-ELECTR-31C333-001,ELECTRICAL | FUSE | CERAMIC | 5 A | IS 13703,ELECTRICAL,STANDALONE_CANDIDATE,1,1,IOCL,MTR,3739,3739.0,1,Paradip Refinery
CMM-ELECTR-33E9B1-001,ELECTRICAL | FUSE | CERAMIC | 16 A | IS 13703,ELECTRICAL,STANDALONE_CANDIDATE,1,1,IOCL,MTR,11181,11181.0,1,Paradip Refinery
CMM-ELECTR-36FBF8-001,ELECTRICAL | FUSE | CERAMIC | 32 A | IS 13703,ELECTRICAL,STANDALONE_CANDIDATE,1,1,IOCL,MTR,12167,12167.0,1,Panipat Refinery
CMM-ELECTR-3735E8-001,ELECTRICAL | FUSE | CERAMIC | 16 A | IS 13703,ELECTRICAL,STANDALONE_CANDIDATE,1,1,CPCL,MTR,24505,24505.0,1,Manali Terminal
CMM-ELECTR-374FB7-001,ELECTRICAL | FUSE | CERAMIC | 10 A | IS 13703,ELECTRICAL,STANDALONE_CANDIDATE,1,1,IOCL,MTR,2963,2963.0,1,Paradip Refinery
CMM-ELECTR-384BDE-001,ELECTRICAL | CABLE | XLPE ALUMINIUM | 50 SQ MM | IS 7098,ELECTRICAL,STANDALONE_CANDIDATE,1,1,IOCL,MTR,5002,5002.0,1,Paradip Refinery
CMM-ELECTR-393648-001,ELECTRICAL | FUSE | CERAMIC | 5 A | IS 13703,ELECTRICAL,STANDALONE_CANDIDATE,1,1,ONGC,MTR,952,952.0,1,Mumbai Offshore
CMM-ELECTR-396403-001,ELECTRICAL | CABLE | XLPE ALUMINIUM | 35 SQ MM | IS 7098,ELECTRICAL,STANDALONE_CANDIDATE,1,1,HPCL,MTR,10447,10447.0,1,Mumbai Refinery
CMM-ELECTR-3A0AFE-001,ELECTRICAL | FUSE | CERAMIC | 10 A | IS 13703,ELECTRICAL,STANDALONE_CANDIDATE,1,1,ONGC,MTR,1955,1955.0,1,Ahmedabad Asset
CMM-ELECTR-3A2969-001,ELECTRICAL | CABLE | XLPE COPPER | 10 SQ MM | IS 7098,ELECTRICAL,STANDALONE_CANDIDATE,1,1,HPCL,MTR,18337,18337.0,1,Vishakha Terminal
CMM-ELECTR-3BB667-001,ELECTRICAL | CABLE | XLPE COPPER | 2.5 SQ MM | IS 7098,ELECTRICAL,STANDALONE_CANDIDATE,1,1,ONGC,MTR,14096,14096.0,1,Mumbai Offshore
CMM-ELECTR-3C3463-001,ELECTRICAL | FUSE | CERAMIC | 2 A | IS 13703,ELECTRICAL,STANDALONE_CANDIDATE,1,1,IOCL,MTR,13181,13181.0,1,Mathura Refinery
CMM-ELECTR-3D60A2-001,ELECTRICAL | CABLE | XLPE ALUMINIUM | 16 SQ MM | IS 7098,ELECTRICAL,STANDALONE_CANDIDATE,1,1,CPCL,MTR,24680,24680.0,1,Chennai Refinery
CMM-ELECTR-3EAFC1-001,ELECTRICAL | FUSE | CERAMIC | 2 A | IS 13703,ELECTRICAL,STANDALONE_CANDIDATE,1,1,CPCL,MTR,18419,18419.0,1,Manali Terminal
CMM-ELECTR-3F482A-001,ELECTRICAL | FUSE | CERAMIC | 5 A | IS 13703,ELECTRICAL,STANDALONE_CANDIDATE,1,1,HPCL,MTR,24848,24848.0,1,Vishakha Terminal
CMM-ELECTR-3F6904-001,ELECTRICAL | FUSE | CERAMIC | 16 A | IS 13703,ELECTRICAL,STANDALONE_CANDIDATE,1,1,ONGC,MTR,20952,20952.0,1,Mumbai Offshore
CMM-ELECTR-3FB63E-001,ELECTRICAL | FUSE | CERAMIC | 32 A | IS 13703,ELECTRICAL,STANDALONE_CANDIDATE,1,1,CPCL,MTR,5486,5486.0,1,Chennai Refinery
CMM-ELECTR-422FA9-001,ELECTRICAL | CABLE | XLPE ALUMINIUM | 16 SQ MM | IS 7098,ELECTRICAL,STANDALONE_CANDIDATE,1,1,ONGC,MTR,19551,19551.0,1,Mumbai Offshore
CMM-ELECTR-434328-001,ELECTRICAL | CABLE | XLPE ALUMINIUM | 35 SQ MM | IS 7098,ELECTRICAL,STANDALONE_CANDIDATE,1,1,HPCL,MTR,20548,20548.0,1,Vishakha Terminal
CMM-ELECTR-4ADAFA-001,ELECTRICAL | FUSE | CERAMIC | 63 A | IS 13703,ELECTRICAL,STANDALONE_CANDIDATE,1,1,HPCL,MTR,1966,1966.0,1,Visakh Refinery
CMM-ELECTR-4B13A7-001,ELECTRICAL | CABLE | XLPE COPPER | 2.5 SQ MM | IS 7098,ELECTRICAL,STANDALONE_CANDIDATE,1,1,HPCL,MTR,12176,12176.0,1,Visakh Refinery
CMM-ELECTR-4C8190-001,ELECTRICAL | CABLE | XLPE COPPER | 16 SQ MM | IS 7098,ELECTRICAL,STANDALONE_CANDIDATE,1,1,ONGC,MTR,10918,10918.0,1,Mehsana Asset
CMM-ELECTR-4DCDA1-001,ELECTRICAL | FUSE | CERAMIC | 16 A | IS 13703,ELECTRICAL,STANDALONE_CANDIDATE,1,1,HPCL,MTR,9112,9112.0,1,Mumbai Refinery
CMM-ELECTR-4F29EB-001,ELECTRICAL | FUSE | CERAMIC | 63 A | IS 13703,ELECTRICAL,STANDALONE_CANDIDATE,1,1,IOCL,MTR,4474,4474.0,1,Paradip Refinery
CMM-ELECTR-527784-001,ELECTRICAL | CABLE | XLPE COPPER | 2.5 SQ MM | IS 7098,ELECTRICAL,STANDALONE_CANDIDATE,1,1,CPCL,MTR,3896,3896.0,1,Manali Terminal
CMM-ELECTR-52F2EF-001,ELECTRICAL | FUSE | CERAMIC | 5 A | IS 13703,ELECTRICAL,STANDALONE_CANDIDATE,1,1,IOCL,MTR,10251,10251.0,1,Mathura Refinery
CMM-ELECTR-54A389-001,ELECTRICAL | CABLE | XLPE COPPER | 6 SQ MM | IS 7098,ELECTRICAL,STANDALONE_CANDIDATE,1,1,HPCL,MTR,20617,20617.0,1,Mumbai Refinery
CMM-ELECTR-54B143-001,ELECTRICAL | CABLE | XLPE COPPER | 2.5 SQ MM | IS 7098,ELECTRICAL,STANDALONE_CANDIDATE,1,1,CPCL,MTR,8935,8935.0,1,Chennai Refinery
CMM-ELECTR-5509C2-001,ELECTRICAL | CABLE | XLPE ALUMINIUM | 50 SQ MM | IS 7098,ELECTRICAL,STANDALONE_CANDIDATE,1,1,IOCL,MTR,15779,15779.0,1,Paradip Refinery
CMM-ELECTR-5599E0-001,ELECTRICAL | CABLE | XLPE ALUMINIUM | 50 SQ MM | IS 7098,ELECTRICAL,STANDALONE_CANDIDATE,1,1,IOCL,MTR,6064,6064.0,1,Paradip Refinery
CMM-ELECTR-56096B-001,ELECTRICAL | FUSE | CERAMIC | 32 A | IS 13703,ELECTRICAL,STANDALONE_CANDIDATE,1,1,CPCL,MTR,4235,4235.0,1,Chennai Refinery
CMM-ELECTR-5738E9-001,ELECTRICAL | FUSE | CERAMIC | 32 A | IS 13703,ELECTRICAL,STANDALONE_CANDIDATE,1,1,ONGC,MTR,16745,16745.0,1,Mumbai Offshore
CMM-ELECTR-57406A-001,ELECTRICAL | CABLE | XLPE ALUMINIUM | 25 SQ MM | IS 7098,ELECTRICAL,STANDALONE_CANDIDATE,1,1,ONGC,MTR,2541,2541.0,1,Ahmedabad Asset
CMM-ELECTR-575FCB-001,ELECTRICAL | FUSE | CERAMIC | 2 A | IS 13703,ELECTRICAL,STANDALONE_CANDIDATE,1,1,CPCL,MTR,20299,20299.0,1,Chennai Refinery
CMM-ELECTR-59DCC4-001,ELECTRICAL | FUSE | CERAMIC | 5 A | IS 13703,ELECTRICAL,STANDALONE_CANDIDATE,1,1,ONGC,MTR,2529,2529.0,1,Ahmedabad Asset
CMM-ELECTR-5A5D8B-001,ELECTRICAL | FUSE | CERAMIC | 63 A | IS 13703,ELECTRICAL,STANDALONE_CANDIDATE,1,1,HPCL,MTR,20740,20740.0,1,Mumbai Refinery
CMM-ELECTR-5A6ED9-001,ELECTRICAL | CABLE | XLPE COPPER | 4 SQ MM | IS 7098,ELECTRICAL,STANDALONE_CANDIDATE,1,1,IOCL,MTR,18864,18864.0,1,Paradip Refinery
CMM-ELECTR-5CF02B-001,ELECTRICAL | CABLE | XLPE COPPER | 16 SQ MM | IS 7098,ELECTRICAL,STANDALONE_CANDIDATE,1,1,IOCL,MTR,276,276.0,1,Mathura Refinery
CMM-ELECTR-5E76D4-001,ELECTRICAL | FUSE | CERAMIC | 2 A | IS 13703,ELECTRICAL,STANDALONE_CANDIDATE,1,1,HPCL,MTR,7685,7685.0,1,Visakh Refinery
CMM-ELECTR-5EFF5A-001,ELECTRICAL | FUSE | CERAMIC | 2 A | IS 13703,ELECTRICAL,STANDALONE_CANDIDATE,1,1,CPCL,MTR,14229,14229.0,1,Chennai Refinery
CMM-ELECTR-5F0B14-001,ELECTRICAL | CABLE | XLPE COPPER | 1.5 SQ MM | IS 7098,ELECTRICAL,STANDALONE_CANDIDATE,1,1,ONGC,MTR,11737,11737.0,1,Ahmedabad Asset
CMM-ELECTR-5F6AFD-001,ELECTRICAL | CABLE | XLPE COPPER | 16 SQ MM | IS 7098,ELECTRICAL,STANDALONE_CANDIDATE,1,1,HPCL,MTR,6853,6853.0,1,Mumbai Refinery
CMM-ELECTR-6195B5-001,ELECTRICAL | CABLE | XLPE ALUMINIUM | 25 SQ MM | IS 7098,ELECTRICAL,STANDALONE_CANDIDATE,1,1,ONGC,MTR,11630,11630.0,1,Mumbai Offshore
CMM-ELECTR-65B349-001,ELECTRICAL | CABLE | XLPE COPPER | 6 SQ MM | IS 7098,ELECTRICAL,STANDALONE_CANDIDATE,1,1,CPCL,MTR,17440,17440.0,1,Manali Terminal
CMM-ELECTR-6876A8-001,ELECTRICAL | CABLE | XLPE ALUMINIUM | 10 SQ MM | IS 7098,ELECTRICAL,STANDALONE_CANDIDATE,1,1,ONGC,MTR,6223,6223.0,1,Ahmedabad Asset
CMM-ELECTR-68E544-001,ELECTRICAL | CABLE | XLPE COPPER | 4 SQ MM | IS 7098,ELECTRICAL,STANDALONE_CANDIDATE,1,1,ONGC,MTR,15682,15682.0,1,Ahmedabad Asset
CMM-ELECTR-6A27AB-001,ELECTRICAL | CABLE | XLPE ALUMINIUM | 50 SQ MM | IS 7098,ELECTRICAL,STANDALONE_CANDIDATE,1,1,CPCL,MTR,23107,23107.0,1,Manali Terminal
CMM-ELECTR-6D22A3-001,ELECTRICAL | CABLE | XLPE ALUMINIUM | 50 SQ MM | IS 7098,ELECTRICAL,STANDALONE_CANDIDATE,1,1,IOCL,MTR,7274,7274.0,1,Panipat Refinery
CMM-ELECTR-729ABF-001,ELECTRICAL | CABLE | XLPE COPPER | 6 SQ MM | IS 7098,ELECTRICAL,STANDALONE_CANDIDATE,1,1,ONGC,MTR,8085,8085.0,1,Mumbai Offshore
CMM-ELECTR-733402-001,ELECTRICAL | CABLE | XLPE COPPER | 2.5 SQ MM | IS 7098,ELECTRICAL,STANDALONE_CANDIDATE,1,1,IOCL,MTR,13675,13675.0,1,Panipat Refinery
CMM-ELECTR-737967-001,ELECTRICAL | FUSE | CERAMIC | 32 A | IS 13703,ELECTRICAL,STANDALONE_CANDIDATE,1,1,IOCL,MTR,10043,10043.0,1,Mathura Refinery
CMM-ELECTR-738211-001,ELECTRICAL | FUSE | CERAMIC | 10 A | IS 13703,ELECTRICAL,STANDALONE_CANDIDATE,1,1,HPCL,MTR,24419,24419.0,1,Visakh Refinery
CMM-ELECTR-751A36-001,ELECTRICAL | CABLE | XLPE COPPER | 1.5 SQ MM | IS 7098,ELECTRICAL,STANDALONE_CANDIDATE,1,1,IOCL,MTR,17489,17489.0,1,Panipat Refinery
CMM-ELECTR-75F911-001,ELECTRICAL | CABLE | XLPE ALUMINIUM | 25 SQ MM | IS 7098,ELECTRICAL,STANDALONE_CANDIDATE,1,1,IOCL,MTR,5469,5469.0,1,Mathura Refinery
CMM-ELECTR-78537F-001,ELECTRICAL | FUSE | CERAMIC | 16 A | IS 13703,ELECTRICAL,STANDALONE_CANDIDATE,1,1,CPCL,MTR,5134,5134.0,1,Chennai Refinery
CMM-ELECTR-78C4EB-001,ELECTRICAL | CABLE | XLPE COPPER | 1.5 SQ MM | IS 7098,ELECTRICAL,STANDALONE_CANDIDATE,1,1,CPCL,MTR,13589,13589.0,1,Chennai Refinery
CMM-ELECTR-792C5E-001,ELECTRICAL | CABLE | XLPE COPPER | 16 SQ MM | IS 7098,ELECTRICAL,STANDALONE_CANDIDATE,1,1,IOCL,MTR,18359,18359.0,1,Panipat Refinery
CMM-ELECTR-7A2D12-001,ELECTRICAL | FUSE | CERAMIC | 2 A | IS 13703,ELECTRICAL,STANDALONE_CANDIDATE,1,1,ONGC,MTR,9453,9453.0,1,Mehsana Asset
CMM-ELECTR-7AAF2F-001,ELECTRICAL | FUSE | CERAMIC | 10 A | IS 13703,ELECTRICAL,STANDALONE_CANDIDATE,1,1,HPCL,MTR,9740,9740.0,1,Visakh Refinery
CMM-ELECTR-7BC3A4-001,ELECTRICAL | FUSE | CERAMIC | 63 A | IS 13703,ELECTRICAL,STANDALONE_CANDIDATE,1,1,CPCL,MTR,15152,15152.0,1,Chennai Refinery
CMM-ELECTR-7C1F36-001,ELECTRICAL | FUSE | CERAMIC | 10 A | IS 13703,ELECTRICAL,STANDALONE_CANDIDATE,1,1,HPCL,MTR,20982,20982.0,1,Visakh Refinery
CMM-ELECTR-7F5105-001,ELECTRICAL | CABLE | XLPE COPPER | 6 SQ MM | IS 7098,ELECTRICAL,STANDALONE_CANDIDATE,1,1,ONGC,MTR,19921,19921.0,1,Mumbai Offshore
CMM-ELECTR-801F5B-001,ELECTRICAL | CABLE | XLPE ALUMINIUM | 10 SQ MM | IS 7098,ELECTRICAL,STANDALONE_CANDIDATE,1,1,ONGC,MTR,4210,4210.0,1,Mumbai Offshore
CMM-ELECTR-835831-001,ELECTRICAL | FUSE | CERAMIC | 32 A | IS 13703,ELECTRICAL,STANDALONE_CANDIDATE,1,1,CPCL,MTR,15022,15022.0,1,Manali Terminal
CMM-ELECTR-84891D-001,ELECTRICAL | CABLE | XLPE ALUMINIUM | 25 SQ MM | IS 7098,ELECTRICAL,STANDALONE_CANDIDATE,1,1,HPCL,MTR,20252,20252.0,1,Visakh Refinery
CMM-ELECTR-8585B1-001,ELECTRICAL | FUSE | CERAMIC | 2 A | IS 13703,ELECTRICAL,STANDALONE_CANDIDATE,1,1,ONGC,MTR,13475,13475.0,1,Mumbai Offshore
CMM-ELECTR-85A812-001,ELECTRICAL | CABLE | XLPE ALUMINIUM | 35 SQ MM | IS 7098,ELECTRICAL,STANDALONE_CANDIDATE,1,1,HPCL,MTR,6872,6872.0,1,Mumbai Refinery
CMM-ELECTR-8619C2-001,ELECTRICAL | FUSE | CERAMIC | 10 A | IS 13703,ELECTRICAL,STANDALONE_CANDIDATE,1,1,ONGC,MTR,1564,1564.0,1,Mehsana Asset
CMM-ELECTR-863BF9-001,ELECTRICAL | CABLE | XLPE COPPER | 2.5 SQ MM | IS 7098,ELECTRICAL,STANDALONE_CANDIDATE,1,1,CPCL,MTR,20324,20324.0,1,Chennai Refinery
CMM-ELECTR-8A13E5-001,ELECTRICAL | CABLE | XLPE ALUMINIUM | 35 SQ MM | IS 7098,ELECTRICAL,STANDALONE_CANDIDATE,1,1,ONGC,MTR,18878,18878.0,1,Ahmedabad Asset
CMM-ELECTR-8A1557-001,ELECTRICAL | FUSE | CERAMIC | 16 A | IS 13703,ELECTRICAL,STANDALONE_CANDIDATE,1,1,ONGC,MTR,6518,6518.0,1,Mehsana Asset
CMM-ELECTR-8AA3A4-001,ELECTRICAL | CABLE | XLPE COPPER | 4 SQ MM | IS 7098,ELECTRICAL,STANDALONE_CANDIDATE,1,1,IOCL,MTR,18182,18182.0,1,Paradip Refinery
CMM-ELECTR-8C9AAD-001,ELECTRICAL | FUSE | CERAMIC | 63 A | IS 13703,ELECTRICAL,STANDALONE_CANDIDATE,1,1,ONGC,MTR,6216,6216.0,1,Mumbai Offshore
CMM-ELECTR-8CE5A0-001,ELECTRICAL | CABLE | XLPE COPPER | 1.5 SQ MM | IS 7098,ELECTRICAL,STANDALONE_CANDIDATE,1,1,HPCL,MTR,15259,15259.0,1,Visakh Refinery
CMM-ELECTR-8F7206-001,ELECTRICAL | FUSE | CERAMIC | 5 A | IS 13703,ELECTRICAL,STANDALONE_CANDIDATE,1,1,ONGC,MTR,7028,7028.0,1,Mumbai Offshore
CMM-ELECTR-8F97E0-001,ELECTRICAL | CABLE | XLPE ALUMINIUM | 10 SQ MM | IS 7098,ELECTRICAL,STANDALONE_CANDIDATE,1,1,CPCL,MTR,19880,19880.0,1,Manali Terminal
CMM-ELECTR-90AD07-001,ELECTRICAL | CABLE | XLPE ALUMINIUM | 25 SQ MM | IS 7098,ELECTRICAL,STANDALONE_CANDIDATE,1,1,HPCL,MTR,5222,5222.0,1,Mumbai Refinery
CMM-ELECTR-916C76-001,ELECTRICAL | FUSE | CERAMIC | 16 A | IS 13703,ELECTRICAL,STANDALONE_CANDIDATE,1,1,IOCL,MTR,20989,20989.0,1,Panipat Refinery
CMM-ELECTR-93B16C-001,ELECTRICAL | CABLE | XLPE COPPER | 2.5 SQ MM | IS 7098,ELECTRICAL,STANDALONE_CANDIDATE,1,1,CPCL,MTR,5080,5080.0,1,Chennai Refinery
CMM-ELECTR-940273-001,ELECTRICAL | FUSE | CERAMIC | 32 A | IS 13703,ELECTRICAL,STANDALONE_CANDIDATE,1,1,HPCL,MTR,20865,20865.0,1,Mumbai Refinery
CMM-ELECTR-955880-001,ELECTRICAL | CABLE | XLPE COPPER | 4 SQ MM | IS 7098,ELECTRICAL,STANDALONE_CANDIDATE,1,1,CPCL,MTR,399,399.0,1,Chennai Refinery
CMM-ELECTR-958BC0-001,ELECTRICAL | FUSE | CERAMIC | 16 A | IS 13703,ELECTRICAL,STANDALONE_CANDIDATE,1,1,ONGC,MTR,18602,18602.0,1,Ahmedabad Asset
CMM-ELECTR-9B83DF-001,ELECTRICAL | FUSE | CERAMIC | 32 A | IS 13703,ELECTRICAL,STANDALONE_CANDIDATE,1,1,HPCL,MTR,2167,2167.0,1,Mumbai Refinery
CMM-ELECTR-9C39CA-001,ELECTRICAL | CABLE | XLPE ALUMINIUM | 25 SQ MM | IS 7098,ELECTRICAL,STANDALONE_CANDIDATE,1,1,ONGC,MTR,24827,24827.0,1,Ahmedabad Asset
CMM-ELECTR-9C62CE-001,ELECTRICAL | CABLE | XLPE ALUMINIUM | 16 SQ MM | IS 7098,ELECTRICAL,STANDALONE_CANDIDATE,1,1,ONGC,MTR,4432,4432.0,1,Ahmedabad Asset
CMM-ELECTR-9C6E89-001,ELECTRICAL | FUSE | CERAMIC | 10 A | IS 13703,ELECTRICAL,STANDALONE_CANDIDATE,1,1,IOCL,MTR,18971,18971.0,1,Paradip Refinery
CMM-ELECTR-9CF4BA-001,ELECTRICAL | CABLE | XLPE COPPER | 1.5 SQ MM | IS 7098,ELECTRICAL,STANDALONE_CANDIDATE,1,1,IOCL,MTR,24286,24286.0,1,Panipat Refinery
CMM-ELECTR-9D2C67-001,ELECTRICAL | CABLE | XLPE ALUMINIUM | 35 SQ MM | IS 7098,ELECTRICAL,STANDALONE_CANDIDATE,1,1,ONGC,MTR,21890,21890.0,1,Mumbai Offshore
CMM-ELECTR-9F4612-001,ELECTRICAL | CABLE | XLPE ALUMINIUM | 25 SQ MM | IS 7098,ELECTRICAL,STANDALONE_CANDIDATE,1,1,HPCL,MTR,5815,5815.0,1,Vishakha Terminal
CMM-ELECTR-9F82D6-001,ELECTRICAL | CABLE | XLPE COPPER | 4 SQ MM | IS 7098,ELECTRICAL,STANDALONE_CANDIDATE,1,1,ONGC,MTR,8122,8122.0,1,Mumbai Offshore
CMM-ELECTR-A355BA-001,ELECTRICAL | FUSE | CERAMIC | 63 A | IS 13703,ELECTRICAL,STANDALONE_CANDIDATE,1,1,ONGC,MTR,14928,14928.0,1,Ahmedabad Asset
CMM-ELECTR-A490D9-001,ELECTRICAL | CABLE | XLPE ALUMINIUM | 50 SQ MM | IS 7098,ELECTRICAL,STANDALONE_CANDIDATE,1,1,CPCL,MTR,1839,1839.0,1,Chennai Refinery
CMM-ELECTR-A4C20C-001,ELECTRICAL | FUSE | CERAMIC | 32 A | IS 13703,ELECTRICAL,STANDALONE_CANDIDATE,1,1,ONGC,MTR,18606,18606.0,1,Mehsana Asset
CMM-ELECTR-A613ED-001,ELECTRICAL | FUSE | CERAMIC | 63 A | IS 13703,ELECTRICAL,STANDALONE_CANDIDATE,1,1,HPCL,MTR,10495,10495.0,1,Mumbai Refinery
CMM-ELECTR-A69CEE-001,ELECTRICAL | CABLE | XLPE COPPER | 10 SQ MM | IS 7098,ELECTRICAL,STANDALONE_CANDIDATE,1,1,HPCL,MTR,12773,12773.0,1,Visakh Refinery
CMM-ELECTR-A85493-001,ELECTRICAL | FUSE | CERAMIC | 2 A | IS 13703,ELECTRICAL,STANDALONE_CANDIDATE,1,1,ONGC,MTR,18091,18091.0,1,Ahmedabad Asset
CMM-ELECTR-A85B3F-001,ELECTRICAL | FUSE | CERAMIC | 2 A | IS 13703,ELECTRICAL,STANDALONE_CANDIDATE,1,1,ONGC,MTR,11646,11646.0,1,Mumbai Offshore
CMM-ELECTR-A89DA1-001,ELECTRICAL | FUSE | CERAMIC | 32 A | IS 13703,ELECTRICAL,STANDALONE_CANDIDATE,1,1,CPCL,MTR,11026,11026.0,1,Chennai Refinery
CMM-ELECTR-A8EEE8-001,ELECTRICAL | FUSE | CERAMIC | 63 A | IS 13703,ELECTRICAL,STANDALONE_CANDIDATE,1,1,HPCL,MTR,2201,2201.0,1,Mumbai Refinery
CMM-ELECTR-A97081-001,ELECTRICAL | CABLE | XLPE ALUMINIUM | 35 SQ MM | IS 7098,ELECTRICAL,STANDALONE_CANDIDATE,1,1,ONGC,MTR,17287,17287.0,1,Mehsana Asset
CMM-ELECTR-A9C737-001,ELECTRICAL | FUSE | CERAMIC | 2 A | IS 13703,ELECTRICAL,STANDALONE_CANDIDATE,1,1,HPCL,MTR,243,243.0,1,Mumbai Refinery
CMM-ELECTR-ABC72D-001,ELECTRICAL | CABLE | XLPE COPPER | 16 SQ MM | IS 7098,ELECTRICAL,STANDALONE_CANDIDATE,1,1,ONGC,MTR,16653,16653.0,1,Ahmedabad Asset
CMM-ELECTR-AC146D-001,ELECTRICAL | CABLE | XLPE COPPER | 16 SQ MM | IS 7098,ELECTRICAL,STANDALONE_CANDIDATE,1,1,ONGC,MTR,21012,21012.0,1,Mehsana Asset
CMM-ELECTR-AE1F68-001,ELECTRICAL | CABLE | XLPE COPPER | 6 SQ MM | IS 7098,ELECTRICAL,STANDALONE_CANDIDATE,1,1,ONGC,MTR,16640,16640.0,1,Ahmedabad Asset
CMM-ELECTR-AEF091-001,ELECTRICAL | CABLE | XLPE COPPER | 10 SQ MM | IS 7098,ELECTRICAL,STANDALONE_CANDIDATE,1,1,ONGC,MTR,16596,16596.0,1,Ahmedabad Asset
CMM-ELECTR-AEFB83-001,ELECTRICAL | CABLE | XLPE ALUMINIUM | 10 SQ MM | IS 7098,ELECTRICAL,STANDALONE_CANDIDATE,1,1,HPCL,MTR,23115,23115.0,1,Mumbai Refinery
CMM-ELECTR-AF1D33-001,ELECTRICAL | CABLE | XLPE ALUMINIUM | 16 SQ MM | IS 7098,ELECTRICAL,STANDALONE_CANDIDATE,1,1,IOCL,MTR,1722,1722.0,1,Paradip Refinery
CMM-ELECTR-B03EFE-001,ELECTRICAL | CABLE | XLPE ALUMINIUM | 10 SQ MM | IS 7098,ELECTRICAL,STANDALONE_CANDIDATE,1,1,CPCL,MTR,12929,12929.0,1,Manali Terminal
CMM-ELECTR-B56819-001,ELECTRICAL | CABLE | XLPE ALUMINIUM | 50 SQ MM | IS 7098,ELECTRICAL,STANDALONE_CANDIDATE,1,1,ONGC,MTR,17185,17185.0,1,Mehsana Asset
CMM-ELECTR-B68C6F-001,ELECTRICAL | CABLE | XLPE ALUMINIUM | 50 SQ MM | IS 7098,ELECTRICAL,STANDALONE_CANDIDATE,1,1,IOCL,MTR,13861,13861.0,1,Paradip Refinery
CMM-ELECTR-B6CFEA-001,ELECTRICAL | FUSE | CERAMIC | 16 A | IS 13703,ELECTRICAL,STANDALONE_CANDIDATE,1,1,CPCL,MTR,9832,9832.0,1,Chennai Refinery
CMM-ELECTR-B85756-001,ELECTRICAL | CABLE | XLPE COPPER | 10 SQ MM | IS 7098,ELECTRICAL,STANDALONE_CANDIDATE,1,1,CPCL,MTR,14239,14239.0,1,Chennai Refinery
CMM-ELECTR-BB20DA-001,ELECTRICAL | CABLE | XLPE COPPER | 4 SQ MM | IS 7098,ELECTRICAL,STANDALONE_CANDIDATE,1,1,HPCL,MTR,5423,5423.0,1,Visakh Refinery
CMM-ELECTR-BDD30B-001,ELECTRICAL | FUSE | CERAMIC | 63 A | IS 13703,ELECTRICAL,STANDALONE_CANDIDATE,1,1,HPCL,MTR,16371,16371.0,1,Vishakha Terminal
CMM-ELECTR-BDE440-001,ELECTRICAL | CABLE | XLPE COPPER | 10 SQ MM | IS 7098,ELECTRICAL,STANDALONE_CANDIDATE,1,1,CPCL,MTR,13865,13865.0,1,Chennai Refinery
CMM-ELECTR-C0206F-001,ELECTRICAL | CABLE | XLPE ALUMINIUM | 50 SQ MM | IS 7098,ELECTRICAL,STANDALONE_CANDIDATE,1,1,IOCL,MTR,2648,2648.0,1,Panipat Refinery
CMM-ELECTR-C108E5-001,ELECTRICAL | CABLE | XLPE ALUMINIUM | 50 SQ MM | IS 7098,ELECTRICAL,STANDALONE_CANDIDATE,1,1,ONGC,MTR,19163,19163.0,1,Ahmedabad Asset
CMM-ELECTR-C152AF-001,ELECTRICAL | CABLE | XLPE ALUMINIUM | 16 SQ MM | IS 7098,ELECTRICAL,STANDALONE_CANDIDATE,1,1,ONGC,MTR,9843,9843.0,1,Ahmedabad Asset
CMM-ELECTR-C20C53-001,ELECTRICAL | CABLE | XLPE ALUMINIUM | 25 SQ MM | IS 7098,ELECTRICAL,STANDALONE_CANDIDATE,1,1,CPCL,MTR,18686,18686.0,1,Chennai Refinery
CMM-ELECTR-C21F38-001,ELECTRICAL | CABLE | XLPE COPPER | 2.5 SQ MM | IS 7098,ELECTRICAL,STANDALONE_CANDIDATE,1,1,ONGC,MTR,10200,10200.0,1,Mehsana Asset
CMM-ELECTR-C33F12-001,ELECTRICAL | CABLE | XLPE COPPER | 2.5 SQ MM | IS 7098,ELECTRICAL,STANDALONE_CANDIDATE,1,1,IOCL,MTR,18132,18132.0,1,Paradip Refinery
CMM-ELECTR-C3717D-001,ELECTRICAL | FUSE | CERAMIC | 2 A | IS 13703,ELECTRICAL,STANDALONE_CANDIDATE,1,1,HPCL,MTR,1970,1970.0,1,Mumbai Refinery
CMM-ELECTR-C51FB7-001,ELECTRICAL | CABLE | XLPE ALUMINIUM | 16 SQ MM | IS 7098,ELECTRICAL,STANDALONE_CANDIDATE,1,1,HPCL,MTR,12229,12229.0,1,Visakh Refinery
CMM-ELECTR-C56673-001,ELECTRICAL | FUSE | CERAMIC | 2 A | IS 13703,ELECTRICAL,STANDALONE_CANDIDATE,1,1,ONGC,MTR,1672,1672.0,1,Mumbai Offshore
CMM-ELECTR-C5A561-001,ELECTRICAL | CABLE | XLPE ALUMINIUM | 35 SQ MM | IS 7098,ELECTRICAL,STANDALONE_CANDIDATE,1,1,ONGC,MTR,417,417.0,1,Mehsana Asset
CMM-ELECTR-C72A26-001,ELECTRICAL | FUSE | CERAMIC | 16 A | IS 13703,ELECTRICAL,STANDALONE_CANDIDATE,1,1,CPCL,MTR,10110,10110.0,1,Manali Terminal
CMM-ELECTR-C8ACD9-001,ELECTRICAL | FUSE | CERAMIC | 5 A | IS 13703,ELECTRICAL,STANDALONE_CANDIDATE,1,1,ONGC,MTR,23392,23392.0,1,Mumbai Offshore
CMM-ELECTR-C97DBC-001,ELECTRICAL | CABLE | XLPE COPPER | 6 SQ MM | IS 7098,ELECTRICAL,STANDALONE_CANDIDATE,1,1,ONGC,MTR,19074,19074.0,1,Mehsana Asset
CMM-ELECTR-D00AFC-001,ELECTRICAL | FUSE | CERAMIC | 32 A | IS 13703,ELECTRICAL,STANDALONE_CANDIDATE,1,1,IOCL,MTR,21745,21745.0,1,Mathura Refinery
CMM-ELECTR-D265E5-001,ELECTRICAL | CABLE | XLPE COPPER | 16 SQ MM | IS 7098,ELECTRICAL,STANDALONE_CANDIDATE,1,1,ONGC,MTR,4409,4409.0,1,Mehsana Asset
CMM-ELECTR-D452D8-001,ELECTRICAL | FUSE | CERAMIC | 16 A | IS 13703,ELECTRICAL,STANDALONE_CANDIDATE,1,1,IOCL,MTR,13964,13964.0,1,Paradip Refinery
CMM-ELECTR-D57F69-001,ELECTRICAL | FUSE | CERAMIC | 63 A | IS 13703,ELECTRICAL,STANDALONE_CANDIDATE,1,1,IOCL,MTR,15702,15702.0,1,Panipat Refinery
CMM-ELECTR-D79E07-001,ELECTRICAL | FUSE | CERAMIC | 32 A | IS 13703,ELECTRICAL,STANDALONE_CANDIDATE,1,1,IOCL,MTR,22907,22907.0,1,Mathura Refinery
CMM-ELECTR-D96B2B-001,ELECTRICAL | CABLE | XLPE ALUMINIUM | 25 SQ MM | IS 7098,ELECTRICAL,STANDALONE_CANDIDATE,1,1,ONGC,MTR,13688,13688.0,1,Mehsana Asset
CMM-ELECTR-DA83CF-001,ELECTRICAL | CABLE | XLPE COPPER | 4 SQ MM | IS 7098,ELECTRICAL,STANDALONE_CANDIDATE,1,1,HPCL,MTR,10731,10731.0,1,Vishakha Terminal
CMM-ELECTR-DB4AE6-001,ELECTRICAL | FUSE | CERAMIC | 5 A | IS 13703,ELECTRICAL,STANDALONE_CANDIDATE,1,1,HPCL,MTR,21554,21554.0,1,Vishakha Terminal
CMM-ELECTR-DD72BD-001,ELECTRICAL | FUSE | CERAMIC | 32 A | IS 13703,ELECTRICAL,STANDALONE_CANDIDATE,1,1,IOCL,MTR,12305,12305.0,1,Panipat Refinery
CMM-ELECTR-DDABB1-001,ELECTRICAL | CABLE | XLPE COPPER | 4 SQ MM | IS 7098,ELECTRICAL,STANDALONE_CANDIDATE,1,1,CPCL,MTR,10253,10253.0,1,Manali Terminal
CMM-ELECTR-E05C7B-001,ELECTRICAL | CABLE | XLPE ALUMINIUM | 35 SQ MM | IS 7098,ELECTRICAL,STANDALONE_CANDIDATE,1,1,CPCL,MTR,9300,9300.0,1,Chennai Refinery
CMM-ELECTR-E09C2E-001,ELECTRICAL | FUSE | CERAMIC | 2 A | IS 13703,ELECTRICAL,STANDALONE_CANDIDATE,1,1,IOCL,MTR,14285,14285.0,1,Paradip Refinery
CMM-ELECTR-E25DEC-001,ELECTRICAL | CABLE | XLPE ALUMINIUM | 25 SQ MM | IS 7098,ELECTRICAL,STANDALONE_CANDIDATE,1,1,IOCL,MTR,11271,11271.0,1,Mathura Refinery
CMM-ELECTR-E30352-001,ELECTRICAL | FUSE | CERAMIC | 63 A | IS 13703,ELECTRICAL,STANDALONE_CANDIDATE,1,1,CPCL,MTR,6646,6646.0,1,Chennai Refinery
CMM-ELECTR-E35147-001,ELECTRICAL | CABLE | XLPE COPPER | 1.5 SQ MM | IS 7098,ELECTRICAL,STANDALONE_CANDIDATE,1,1,CPCL,MTR,22892,22892.0,1,Chennai Refinery
CMM-ELECTR-E3A644-001,ELECTRICAL | FUSE | CERAMIC | 63 A | IS 13703,ELECTRICAL,STANDALONE_CANDIDATE,1,1,CPCL,MTR,18080,18080.0,1,Manali Terminal
CMM-ELECTR-E53B2B-001,ELECTRICAL | CABLE | XLPE COPPER | 4 SQ MM | IS 7098,ELECTRICAL,STANDALONE_CANDIDATE,1,1,IOCL,MTR,16755,16755.0,1,Paradip Refinery
CMM-ELECTR-E5679E-001,ELECTRICAL | CABLE | XLPE COPPER | 4 SQ MM | IS 7098,ELECTRICAL,STANDALONE_CANDIDATE,1,1,IOCL,MTR,12136,12136.0,1,Mathura Refinery
CMM-ELECTR-E6A8B5-001,ELECTRICAL | FUSE | CERAMIC | 10 A | IS 13703,ELECTRICAL,STANDALONE_CANDIDATE,1,1,ONGC,MTR,5079,5079.0,1,Mehsana Asset
CMM-ELECTR-E94CC4-001,ELECTRICAL | CABLE | XLPE ALUMINIUM | 25 SQ MM | IS 7098,ELECTRICAL,STANDALONE_CANDIDATE,1,1,CPCL,MTR,8099,8099.0,1,Chennai Refinery
CMM-ELECTR-E9F1B4-001,ELECTRICAL | FUSE | CERAMIC | 32 A | IS 13703,ELECTRICAL,STANDALONE_CANDIDATE,1,1,IOCL,MTR,20564,20564.0,1,Mathura Refinery
CMM-ELECTR-EA0C1D-001,ELECTRICAL | FUSE | CERAMIC | 5 A | IS 13703,ELECTRICAL,STANDALONE_CANDIDATE,1,1,HPCL,MTR,21279,21279.0,1,Vishakha Terminal
CMM-ELECTR-EAFD54-001,ELECTRICAL | FUSE | CERAMIC | 5 A | IS 13703,ELECTRICAL,STANDALONE_CANDIDATE,1,1,CPCL,MTR,15352,15352.0,1,Manali Terminal
CMM-ELECTR-EB895B-001,ELECTRICAL | FUSE | CERAMIC | 2 A | IS 13703,ELECTRICAL,STANDALONE_CANDIDATE,1,1,IOCL,MTR,15529,15529.0,1,Panipat Refinery
CMM-ELECTR-EB9D16-001,ELECTRICAL | CABLE | XLPE ALUMINIUM | 50 SQ MM | IS 7098,ELECTRICAL,STANDALONE_CANDIDATE,1,1,IOCL,MTR,3848,3848.0,1,Paradip Refinery
CMM-ELECTR-EC7341-001,ELECTRICAL | FUSE | CERAMIC | 32 A | IS 13703,ELECTRICAL,STANDALONE_CANDIDATE,1,1,ONGC,MTR,11765,11765.0,1,Mumbai Offshore
CMM-ELECTR-ED3163-001,ELECTRICAL | FUSE | CERAMIC | 10 A | IS 13703,ELECTRICAL,STANDALONE_CANDIDATE,1,1,ONGC,MTR,11172,11172.0,1,Mehsana Asset
CMM-ELECTR-EF3B45-001,ELECTRICAL | FUSE | CERAMIC | 63 A | IS 13703,ELECTRICAL,STANDALONE_CANDIDATE,1,1,ONGC,MTR,11137,11137.0,1,Mumbai Offshore
CMM-ELECTR-F0DB4B-001,ELECTRICAL | CABLE | XLPE COPPER | 1.5 SQ MM | IS 7098,ELECTRICAL,STANDALONE_CANDIDATE,1,1,HPCL,MTR,14640,14640.0,1,Mumbai Refinery
CMM-ELECTR-F20158-001,ELECTRICAL | CABLE | XLPE COPPER | 10 SQ MM | IS 7098,ELECTRICAL,STANDALONE_CANDIDATE,1,1,CPCL,MTR,349,349.0,1,Manali Terminal
CMM-ELECTR-F25012-001,ELECTRICAL | FUSE | CERAMIC | 63 A | IS 13703,ELECTRICAL,STANDALONE_CANDIDATE,1,1,CPCL,MTR,568,568.0,1,Manali Terminal
CMM-ELECTR-F3913D-001,ELECTRICAL | CABLE | XLPE ALUMINIUM | 16 SQ MM | IS 7098,ELECTRICAL,STANDALONE_CANDIDATE,1,1,CPCL,MTR,5600,5600.0,1,Manali Terminal
CMM-ELECTR-F783EA-001,ELECTRICAL | CABLE | XLPE COPPER | 4 SQ MM | IS 7098,ELECTRICAL,STANDALONE_CANDIDATE,1,1,HPCL,MTR,21895,21895.0,1,Visakh Refinery
CMM-ELECTR-FA63E3-001,ELECTRICAL | CABLE | XLPE ALUMINIUM | 35 SQ MM | IS 7098,ELECTRICAL,STANDALONE_CANDIDATE,1,1,CPCL,MTR,20613,20613.0,1,Chennai Refinery
CMM-ELECTR-FAA800-001,ELECTRICAL | CABLE | XLPE COPPER | 2.5 SQ MM | IS 7098,ELECTRICAL,STANDALONE_CANDIDATE,1,1,HPCL,MTR,4242,4242.0,1,Mumbai Refinery
CMM-ELECTR-FACA20-001,ELECTRICAL | CABLE | XLPE COPPER | 4 SQ MM | IS 7098,ELECTRICAL,STANDALONE_CANDIDATE,1,1,IOCL,MTR,18890,18890.0,1,Paradip Refinery
CMM-ELECTR-FC1907-001,ELECTRICAL | CABLE | XLPE COPPER | 1.5 SQ MM | IS 7098,ELECTRICAL,STANDALONE_CANDIDATE,1,1,ONGC,MTR,15286,15286.0,1,Mumbai Offshore
CMM-ELECTR-FF2C46-001,ELECTRICAL | CABLE | XLPE COPPER | 10 SQ MM | IS 7098,ELECTRICAL,STANDALONE_CANDIDATE,1,1,CPCL,MTR,15322,15322.0,1,Manali Terminal
CMM-ELECTR-FF37B8-001,ELECTRICAL | CABLE | XLPE COPPER | 1.5 SQ MM | IS 7098,ELECTRICAL,STANDALONE_CANDIDATE,1,1,ONGC,MTR,11883,11883.0,1,Mehsana Asset
CMM-FASTNR-019AE5-001,FASTENER | BOLT | CARBON STEEL | M20 | IS 1363,FASTENER,STANDALONE_CANDIDATE,1,1,IOCL,NOS,20876,20876.0,1,Panipat Refinery
CMM-FASTNR-01F9B4-001,FASTENER | NUT | CARBON STEEL | M16 | IS 1364,FASTENER,STANDALONE_CANDIDATE,1,1,ONGC,NOS,15718,15718.0,1,Mumbai Offshore
CMM-FASTNR-0489D0-001,FASTENER | NUT | CARBON STEEL | M10 | IS 1364,FASTENER,STANDALONE_CANDIDATE,1,1,IOCL,NOS,13610,13610.0,1,Paradip Refinery
CMM-FASTNR-0596D6-001,FASTENER | BOLT | CARBON STEEL | M16 | IS 1363,FASTENER,STANDALONE_CANDIDATE,1,1,IOCL,NOS,13270,13270.0,1,Paradip Refinery
CMM-FASTNR-07521E-001,FASTENER | BOLT | CARBON STEEL | M10 | IS 1363,FASTENER,STANDALONE_CANDIDATE,1,1,CPCL,NOS,9716,9716.0,1,Chennai Refinery
CMM-FASTNR-08D95D-001,FASTENER | NUT | CARBON STEEL | M16 | IS 1364,FASTENER,STANDALONE_CANDIDATE,1,1,IOCL,NOS,16788,16788.0,1,Mathura Refinery
CMM-FASTNR-0BBB2B-001,FASTENER | BOLT | CARBON STEEL | M16 | IS 1363,FASTENER,STANDALONE_CANDIDATE,1,1,CPCL,NOS,1166,1166.0,1,Manali Terminal
CMM-FASTNR-0DB70F-001,FASTENER | NUT | CARBON STEEL | M8 | IS 1364,FASTENER,STANDALONE_CANDIDATE,1,1,ONGC,NOS,24293,24293.0,1,Mumbai Offshore
CMM-FASTNR-0E6809-001,FASTENER | BOLT | CARBON STEEL | M20 | IS 1363,FASTENER,STANDALONE_CANDIDATE,1,1,CPCL,NOS,21133,21133.0,1,Manali Terminal
CMM-FASTNR-0EB0C9-001,FASTENER | WASHER | CARBON STEEL | M8 | IS 2016,FASTENER,STANDALONE_CANDIDATE,1,1,ONGC,NOS,24366,24366.0,1,Mumbai Offshore
CMM-FASTNR-0F6CD2-001,FASTENER | BOLT | CARBON STEEL | M12 | IS 1363,FASTENER,STANDALONE_CANDIDATE,1,1,IOCL,NOS,299,299.0,1,Mathura Refinery
CMM-FASTNR-100948-001,FASTENER | NUT | CARBON STEEL | M20 | IS 1364,FASTENER,STANDALONE_CANDIDATE,1,1,CPCL,NOS,23222,23222.0,1,Chennai Refinery
CMM-FASTNR-10807A-001,FASTENER | NUT | CARBON STEEL | M8 | IS 1364,FASTENER,STANDALONE_CANDIDATE,1,1,ONGC,NOS,1974,1974.0,1,Mumbai Offshore
CMM-FASTNR-110BA9-001,FASTENER | NUT | CARBON STEEL | M10 | IS 1364,FASTENER,STANDALONE_CANDIDATE,1,1,IOCL,NOS,1362,1362.0,1,Paradip Refinery
CMM-FASTNR-13B037-001,FASTENER | NUT | CARBON STEEL | M8 | IS 1364,FASTENER,STANDALONE_CANDIDATE,1,1,ONGC,NOS,10332,10332.0,1,Ahmedabad Asset
CMM-FASTNR-140FB1-001,FASTENER | BOLT | CARBON STEEL | M16 | IS 1363,FASTENER,STANDALONE_CANDIDATE,1,1,ONGC,NOS,14868,14868.0,1,Ahmedabad Asset
CMM-FASTNR-15AE09-001,FASTENER | WASHER | CARBON STEEL | M8 | IS 2016,FASTENER,STANDALONE_CANDIDATE,1,1,IOCL,NOS,20301,20301.0,1,Paradip Refinery
CMM-FASTNR-17C95E-001,FASTENER | NUT | CARBON STEEL | M8 | IS 1364,FASTENER,STANDALONE_CANDIDATE,1,1,HPCL,NOS,23278,23278.0,1,Visakh Refinery
CMM-FASTNR-186748-001,FASTENER | WASHER | CARBON STEEL | M20 | IS 2016,FASTENER,STANDALONE_CANDIDATE,1,1,ONGC,NOS,20823,20823.0,1,Ahmedabad Asset
CMM-FASTNR-1958DD-001,FASTENER | WASHER | CARBON STEEL | M20 | IS 2016,FASTENER,STANDALONE_CANDIDATE,1,1,ONGC,NOS,5625,5625.0,1,Ahmedabad Asset
CMM-FASTNR-1B310F-001,FASTENER | BOLT | CARBON STEEL | M12 | IS 1363,FASTENER,STANDALONE_CANDIDATE,1,1,CPCL,NOS,5077,5077.0,1,Manali Terminal
CMM-FASTNR-1BBB44-001,FASTENER | WASHER | CARBON STEEL | M8 | IS 2016,FASTENER,STANDALONE_CANDIDATE,1,1,ONGC,NOS,4171,4171.0,1,Ahmedabad Asset
CMM-FASTNR-1E32A5-001,FASTENER | BOLT | CARBON STEEL | M10 | IS 1363,FASTENER,STANDALONE_CANDIDATE,1,1,HPCL,NOS,9672,9672.0,1,Vishakha Terminal
CMM-FASTNR-1E6830-001,FASTENER | NUT | CARBON STEEL | M20 | IS 1364,FASTENER,STANDALONE_CANDIDATE,1,1,ONGC,NOS,10451,10451.0,1,Ahmedabad Asset
CMM-FASTNR-20DD80-001,FASTENER | WASHER | CARBON STEEL | M16 | IS 2016,FASTENER,STANDALONE_CANDIDATE,1,1,CPCL,NOS,24197,24197.0,1,Chennai Refinery
CMM-FASTNR-25D81A-001,FASTENER | BOLT | CARBON STEEL | M10 | IS 1363,FASTENER,STANDALONE_CANDIDATE,1,1,CPCL,NOS,11617,11617.0,1,Chennai Refinery
CMM-FASTNR-2780CC-001,FASTENER | BOLT | CARBON STEEL | M10 | IS 1363,FASTENER,STANDALONE_CANDIDATE,1,1,IOCL,NOS,3477,3477.0,1,Mathura Refinery
CMM-FASTNR-27F243-001,FASTENER | WASHER | CARBON STEEL | M12 | IS 2016,FASTENER,STANDALONE_CANDIDATE,1,1,CPCL,NOS,21675,21675.0,1,Chennai Refinery
CMM-FASTNR-2A0B34-001,FASTENER | NUT | CARBON STEEL | M20 | IS 1364,FASTENER,STANDALONE_CANDIDATE,1,1,HPCL,NOS,16082,16082.0,1,Mumbai Refinery
CMM-FASTNR-2A3BC8-001,FASTENER | WASHER | CARBON STEEL | M12 | IS 2016,FASTENER,STANDALONE_CANDIDATE,1,1,IOCL,NOS,6512,6512.0,1,Panipat Refinery
CMM-FASTNR-2AADBD-001,FASTENER | WASHER | CARBON STEEL | M12 | IS 2016,FASTENER,STANDALONE_CANDIDATE,1,1,HPCL,NOS,8419,8419.0,1,Visakh Refinery
CMM-FASTNR-2BD389-001,FASTENER | BOLT | CARBON STEEL | M16 | IS 1363,FASTENER,STANDALONE_CANDIDATE,1,1,HPCL,NOS,9086,9086.0,1,Visakh Refinery
CMM-FASTNR-2D0BA0-001,FASTENER | BOLT | CARBON STEEL | M20 | IS 1363,FASTENER,STANDALONE_CANDIDATE,1,1,CPCL,NOS,2675,2675.0,1,Chennai Refinery
CMM-FASTNR-302760-001,FASTENER | BOLT | CARBON STEEL | M16 | IS 1363,FASTENER,STANDALONE_CANDIDATE,1,1,CPCL,NOS,4173,4173.0,1,Manali Terminal
CMM-FASTNR-30C0B8-001,FASTENER | WASHER | CARBON STEEL | M16 | IS 2016,FASTENER,STANDALONE_CANDIDATE,1,1,CPCL,NOS,3453,3453.0,1,Chennai Refinery
CMM-FASTNR-354177-001,FASTENER | NUT | CARBON STEEL | M16 | IS 1364,FASTENER,STANDALONE_CANDIDATE,1,1,HPCL,NOS,23958,23958.0,1,Visakh Refinery
CMM-FASTNR-3710FC-001,FASTENER | NUT | CARBON STEEL | M16 | IS 1364,FASTENER,STANDALONE_CANDIDATE,1,1,ONGC,NOS,16933,16933.0,1,Mumbai Offshore
CMM-FASTNR-3943F8-001,FASTENER | WASHER | CARBON STEEL | M20 | IS 2016,FASTENER,STANDALONE_CANDIDATE,1,1,ONGC,NOS,11224,11224.0,1,Ahmedabad Asset
CMM-FASTNR-3A4D0E-001,FASTENER | BOLT | CARBON STEEL | M12 | IS 1363,FASTENER,STANDALONE_CANDIDATE,1,1,IOCL,NOS,12754,12754.0,1,Mathura Refinery
CMM-FASTNR-3A5416-001,FASTENER | BOLT | CARBON STEEL | M12 | IS 1363,FASTENER,STANDALONE_CANDIDATE,1,1,HPCL,NOS,11334,11334.0,1,Mumbai Refinery
CMM-FASTNR-3C38DF-001,FASTENER | NUT | CARBON STEEL | M8 | IS 1364,FASTENER,STANDALONE_CANDIDATE,1,1,ONGC,NOS,116,116.0,1,Ahmedabad Asset
CMM-FASTNR-411D18-001,FASTENER | NUT | CARBON STEEL | M8 | IS 1364,FASTENER,STANDALONE_CANDIDATE,1,1,CPCL,NOS,10954,10954.0,1,Chennai Refinery
CMM-FASTNR-416B9B-001,FASTENER | NUT | CARBON STEEL | M12 | IS 1364,FASTENER,STANDALONE_CANDIDATE,1,1,ONGC,NOS,19642,19642.0,1,Mehsana Asset
CMM-FASTNR-431D31-001,FASTENER | BOLT | CARBON STEEL | M12 | IS 1363,FASTENER,STANDALONE_CANDIDATE,1,1,CPCL,NOS,7257,7257.0,1,Chennai Refinery
CMM-FASTNR-436506-001,FASTENER | NUT | CARBON STEEL | M10 | IS 1364,FASTENER,STANDALONE_CANDIDATE,1,1,CPCL,NOS,24560,24560.0,1,Manali Terminal
CMM-FASTNR-43AC1A-001,FASTENER | NUT | CARBON STEEL | M20 | IS 1364,FASTENER,STANDALONE_CANDIDATE,1,1,HPCL,NOS,2145,2145.0,1,Vishakha Terminal
CMM-FASTNR-445682-001,FASTENER | WASHER | CARBON STEEL | M8 | IS 2016,FASTENER,STANDALONE_CANDIDATE,1,1,ONGC,NOS,5884,5884.0,1,Mumbai Offshore
CMM-FASTNR-462F7A-001,FASTENER | NUT | CARBON STEEL | M10 | IS 1364,FASTENER,STANDALONE_CANDIDATE,1,1,IOCL,NOS,17799,17799.0,1,Paradip Refinery
CMM-FASTNR-4701E3-001,FASTENER | BOLT | CARBON STEEL | M16 | IS 1363,FASTENER,STANDALONE_CANDIDATE,1,1,IOCL,NOS,20528,20528.0,1,Mathura Refinery
CMM-FASTNR-49EEB3-001,FASTENER | NUT | CARBON STEEL | M20 | IS 1364,FASTENER,STANDALONE_CANDIDATE,1,1,IOCL,NOS,23209,23209.0,1,Mathura Refinery
CMM-FASTNR-4A7169-001,FASTENER | WASHER | CARBON STEEL | M16 | IS 2016,FASTENER,STANDALONE_CANDIDATE,1,1,HPCL,NOS,23891,23891.0,1,Visakh Refinery
CMM-FASTNR-4CB942-001,FASTENER | NUT | CARBON STEEL | M20 | IS 1364,FASTENER,STANDALONE_CANDIDATE,1,1,ONGC,NOS,6016,6016.0,1,Mehsana Asset
CMM-FASTNR-4F39E3-001,FASTENER | BOLT | CARBON STEEL | M8 | IS 1363,FASTENER,STANDALONE_CANDIDATE,1,1,HPCL,NOS,20113,20113.0,1,Vishakha Terminal
CMM-FASTNR-51121A-001,FASTENER | WASHER | CARBON STEEL | M8 | IS 2016,FASTENER,STANDALONE_CANDIDATE,1,1,ONGC,NOS,9179,9179.0,1,Mumbai Offshore
CMM-FASTNR-55B3FB-001,FASTENER | NUT | CARBON STEEL | M16 | IS 1364,FASTENER,STANDALONE_CANDIDATE,1,1,ONGC,NOS,9266,9266.0,1,Mumbai Offshore
CMM-FASTNR-55D934-001,FASTENER | NUT | CARBON STEEL | M20 | IS 1364,FASTENER,STANDALONE_CANDIDATE,1,1,ONGC,NOS,12217,12217.0,1,Mehsana Asset
CMM-FASTNR-5B5E7F-001,FASTENER | NUT | CARBON STEEL | M12 | IS 1364,FASTENER,STANDALONE_CANDIDATE,1,1,IOCL,NOS,1256,1256.0,1,Paradip Refinery
CMM-FASTNR-5C3C32-001,FASTENER | BOLT | CARBON STEEL | M16 | IS 1363,FASTENER,STANDALONE_CANDIDATE,1,1,ONGC,NOS,22607,22607.0,1,Ahmedabad Asset
CMM-FASTNR-5F8C95-001,FASTENER | WASHER | CARBON STEEL | M10 | IS 2016,FASTENER,STANDALONE_CANDIDATE,1,1,HPCL,NOS,9408,9408.0,1,Visakh Refinery
CMM-FASTNR-601ABA-001,FASTENER | WASHER | CARBON STEEL | M10 | IS 2016,FASTENER,STANDALONE_CANDIDATE,1,1,CPCL,NOS,8022,8022.0,1,Chennai Refinery
CMM-FASTNR-624598-001,FASTENER | BOLT | CARBON STEEL | M16 | IS 1363,FASTENER,STANDALONE_CANDIDATE,1,1,ONGC,NOS,15081,15081.0,1,Mumbai Offshore
CMM-FASTNR-629A06-001,FASTENER | NUT | CARBON STEEL | M20 | IS 1364,FASTENER,STANDALONE_CANDIDATE,1,1,IOCL,NOS,7832,7832.0,1,Mathura Refinery
CMM-FASTNR-6340B9-001,FASTENER | BOLT | CARBON STEEL | M16 | IS 1363,FASTENER,STANDALONE_CANDIDATE,1,1,CPCL,NOS,24525,24525.0,1,Manali Terminal
CMM-FASTNR-643E87-001,FASTENER | NUT | CARBON STEEL | M10 | IS 1364,FASTENER,STANDALONE_CANDIDATE,1,1,HPCL,NOS,3299,3299.0,1,Vishakha Terminal
CMM-FASTNR-649A25-001,FASTENER | NUT | CARBON STEEL | M20 | IS 1364,FASTENER,STANDALONE_CANDIDATE,1,1,HPCL,NOS,20190,20190.0,1,Visakh Refinery
CMM-FASTNR-658C4E-001,FASTENER | BOLT | CARBON STEEL | M8 | IS 1363,FASTENER,STANDALONE_CANDIDATE,1,1,ONGC,NOS,3930,3930.0,1,Ahmedabad Asset
CMM-FASTNR-65A374-001,FASTENER | WASHER | CARBON STEEL | M20 | IS 2016,FASTENER,STANDALONE_CANDIDATE,1,1,ONGC,NOS,5129,5129.0,1,Mumbai Offshore
CMM-FASTNR-679381-001,FASTENER | NUT | CARBON STEEL | M16 | IS 1364,FASTENER,STANDALONE_CANDIDATE,1,1,ONGC,NOS,24579,24579.0,1,Mumbai Offshore
CMM-FASTNR-685BF9-001,FASTENER | BOLT | CARBON STEEL | M20 | IS 1363,FASTENER,STANDALONE_CANDIDATE,1,1,ONGC,NOS,10534,10534.0,1,Mehsana Asset
CMM-FASTNR-68672D-001,FASTENER | WASHER | CARBON STEEL | M16 | IS 2016,FASTENER,STANDALONE_CANDIDATE,1,1,ONGC,NOS,4848,4848.0,1,Mehsana Asset
CMM-FASTNR-695AB0-001,FASTENER | WASHER | CARBON STEEL | M12 | IS 2016,FASTENER,STANDALONE_CANDIDATE,1,1,IOCL,NOS,17536,17536.0,1,Panipat Refinery
CMM-FASTNR-69D09D-001,FASTENER | WASHER | CARBON STEEL | M8 | IS 2016,FASTENER,STANDALONE_CANDIDATE,1,1,ONGC,NOS,22059,22059.0,1,Mehsana Asset
CMM-FASTNR-6B2F4A-001,FASTENER | WASHER | CARBON STEEL | M16 | IS 2016,FASTENER,STANDALONE_CANDIDATE,1,1,IOCL,NOS,3320,3320.0,1,Mathura Refinery
CMM-FASTNR-6C6EDD-001,FASTENER | NUT | CARBON STEEL | M8 | IS 1364,FASTENER,STANDALONE_CANDIDATE,1,1,CPCL,NOS,20716,20716.0,1,Chennai Refinery
CMM-FASTNR-6C7B2E-001,FASTENER | WASHER | CARBON STEEL | M10 | IS 2016,FASTENER,STANDALONE_CANDIDATE,1,1,HPCL,NOS,21511,21511.0,1,Vishakha Terminal
CMM-FASTNR-6C8302-001,FASTENER | NUT | CARBON STEEL | M8 | IS 1364,FASTENER,STANDALONE_CANDIDATE,1,1,IOCL,NOS,21882,21882.0,1,Mathura Refinery
CMM-FASTNR-6D5AE8-001,FASTENER | WASHER | CARBON STEEL | M8 | IS 2016,FASTENER,STANDALONE_CANDIDATE,1,1,IOCL,NOS,15594,15594.0,1,Mathura Refinery
CMM-FASTNR-712501-001,FASTENER | NUT | CARBON STEEL | M8 | IS 1364,FASTENER,STANDALONE_CANDIDATE,1,1,ONGC,NOS,13118,13118.0,1,Ahmedabad Asset
CMM-FASTNR-71BE3E-001,FASTENER | BOLT | CARBON STEEL | M8 | IS 1363,FASTENER,STANDALONE_CANDIDATE,1,1,HPCL,NOS,8570,8570.0,1,Mumbai Refinery
CMM-FASTNR-727D98-001,FASTENER | NUT | CARBON STEEL | M20 | IS 1364,FASTENER,STANDALONE_CANDIDATE,1,1,HPCL,NOS,356,356.0,1,Vishakha Terminal
CMM-FASTNR-749D3A-001,FASTENER | NUT | CARBON STEEL | M8 | IS 1364,FASTENER,STANDALONE_CANDIDATE,1,1,HPCL,NOS,156,156.0,1,Visakh Refinery
CMM-FASTNR-758EE0-001,FASTENER | NUT | CARBON STEEL | M10 | IS 1364,FASTENER,STANDALONE_CANDIDATE,1,1,CPCL,NOS,7910,7910.0,1,Chennai Refinery
CMM-FASTNR-75E56C-001,FASTENER | WASHER | CARBON STEEL | M12 | IS 2016,FASTENER,STANDALONE_CANDIDATE,1,1,CPCL,NOS,15589,15589.0,1,Manali Terminal
CMM-FASTNR-77190E-001,FASTENER | BOLT | CARBON STEEL | M12 | IS 1363,FASTENER,STANDALONE_CANDIDATE,1,1,ONGC,NOS,1757,1757.0,1,Mehsana Asset
CMM-FASTNR-788094-001,FASTENER | WASHER | CARBON STEEL | M16 | IS 2016,FASTENER,STANDALONE_CANDIDATE,1,1,IOCL,NOS,19774,19774.0,1,Paradip Refinery
CMM-FASTNR-79665B-001,FASTENER | NUT | CARBON STEEL | M8 | IS 1364,FASTENER,STANDALONE_CANDIDATE,1,1,HPCL,NOS,22324,22324.0,1,Mumbai Refinery
CMM-FASTNR-7C5397-001,FASTENER | NUT | CARBON STEEL | M8 | IS 1364,FASTENER,STANDALONE_CANDIDATE,1,1,IOCL,NOS,15495,15495.0,1,Mathura Refinery
CMM-FASTNR-7DBA2F-001,FASTENER | BOLT | CARBON STEEL | M20 | IS 1363,FASTENER,STANDALONE_CANDIDATE,1,1,IOCL,NOS,7514,7514.0,1,Panipat Refinery
CMM-FASTNR-7E9A3E-001,FASTENER | WASHER | CARBON STEEL | M16 | IS 2016,FASTENER,STANDALONE_CANDIDATE,1,1,ONGC,NOS,19256,19256.0,1,Mehsana Asset
CMM-FASTNR-7EBC7B-001,FASTENER | WASHER | CARBON STEEL | M20 | IS 2016,FASTENER,STANDALONE_CANDIDATE,1,1,HPCL,NOS,5238,5238.0,1,Visakh Refinery
CMM-FASTNR-7EEC8D-001,FASTENER | NUT | CARBON STEEL | M20 | IS 1364,FASTENER,STANDALONE_CANDIDATE,1,1,HPCL,NOS,2148,2148.0,1,Mumbai Refinery
CMM-FASTNR-7FC873-001,FASTENER | NUT | CARBON STEEL | M16 | IS 1364,FASTENER,STANDALONE_CANDIDATE,1,1,CPCL,NOS,14110,14110.0,1,Chennai Refinery
CMM-FASTNR-8018AB-001,FASTENER | NUT | CARBON STEEL | M8 | IS 1364,FASTENER,STANDALONE_CANDIDATE,1,1,IOCL,NOS,16892,16892.0,1,Panipat Refinery
CMM-FASTNR-80C709-001,FASTENER | NUT | CARBON STEEL | M10 | IS 1364,FASTENER,STANDALONE_CANDIDATE,1,1,CPCL,NOS,1102,1102.0,1,Manali Terminal
CMM-FASTNR-815685-001,FASTENER | NUT | CARBON STEEL | M20 | IS 1364,FASTENER,STANDALONE_CANDIDATE,1,1,ONGC,NOS,6839,6839.0,1,Ahmedabad Asset
CMM-FASTNR-8541F6-001,FASTENER | BOLT | CARBON STEEL | M16 | IS 1363,FASTENER,STANDALONE_CANDIDATE,1,1,HPCL,NOS,12757,12757.0,1,Visakh Refinery
CMM-FASTNR-87BB46-001,FASTENER | NUT | CARBON STEEL | M8 | IS 1364,FASTENER,STANDALONE_CANDIDATE,1,1,ONGC,NOS,16595,16595.0,1,Mumbai Offshore
CMM-FASTNR-87F703-001,FASTENER | WASHER | CARBON STEEL | M10 | IS 2016,FASTENER,STANDALONE_CANDIDATE,1,1,ONGC,NOS,5436,5436.0,1,Ahmedabad Asset
CMM-FASTNR-8AF929-001,FASTENER | BOLT | CARBON STEEL | M12 | IS 1363,FASTENER,STANDALONE_CANDIDATE,1,1,CPCL,NOS,24987,24987.0,1,Manali Terminal
CMM-FASTNR-8CCB88-001,FASTENER | NUT | CARBON STEEL | M12 | IS 1364,FASTENER,STANDALONE_CANDIDATE,1,1,IOCL,NOS,5978,5978.0,1,Mathura Refinery
CMM-FASTNR-8CD9EC-001,FASTENER | NUT | CARBON STEEL | M16 | IS 1364,FASTENER,STANDALONE_CANDIDATE,1,1,HPCL,NOS,23000,23000.0,1,Visakh Refinery
CMM-FASTNR-8F01D6-001,FASTENER | WASHER | CARBON STEEL | M10 | IS 2016,FASTENER,STANDALONE_CANDIDATE,1,1,CPCL,NOS,716,716.0,1,Chennai Refinery
CMM-FASTNR-923B97-001,FASTENER | WASHER | CARBON STEEL | M12 | IS 2016,FASTENER,STANDALONE_CANDIDATE,1,1,IOCL,NOS,11582,11582.0,1,Paradip Refinery
CMM-FASTNR-9309E0-001,FASTENER | WASHER | CARBON STEEL | M12 | IS 2016,FASTENER,STANDALONE_CANDIDATE,1,1,CPCL,NOS,358,358.0,1,Manali Terminal
CMM-FASTNR-93F8B3-001,FASTENER | WASHER | CARBON STEEL | M16 | IS 2016,FASTENER,STANDALONE_CANDIDATE,1,1,ONGC,NOS,12162,12162.0,1,Mumbai Offshore
CMM-FASTNR-9594D2-001,FASTENER | BOLT | CARBON STEEL | M12 | IS 1363,FASTENER,STANDALONE_CANDIDATE,1,1,HPCL,NOS,9134,9134.0,1,Mumbai Refinery
CMM-FASTNR-99C2D8-001,FASTENER | WASHER | CARBON STEEL | M10 | IS 2016,FASTENER,STANDALONE_CANDIDATE,1,1,ONGC,NOS,5333,5333.0,1,Ahmedabad Asset
CMM-FASTNR-9AE832-001,FASTENER | NUT | CARBON STEEL | M12 | IS 1364,FASTENER,STANDALONE_CANDIDATE,1,1,IOCL,NOS,22055,22055.0,1,Paradip Refinery
CMM-FASTNR-9BBF00-001,FASTENER | NUT | CARBON STEEL | M10 | IS 1364,FASTENER,STANDALONE_CANDIDATE,1,1,CPCL,NOS,19518,19518.0,1,Manali Terminal
CMM-FASTNR-9C0D85-001,FASTENER | BOLT | CARBON STEEL | M10 | IS 1363,FASTENER,STANDALONE_CANDIDATE,1,1,ONGC,NOS,11920,11920.0,1,Mehsana Asset
CMM-FASTNR-9E4977-001,FASTENER | NUT | CARBON STEEL | M16 | IS 1364,FASTENER,STANDALONE_CANDIDATE,1,1,ONGC,NOS,11861,11861.0,1,Mumbai Offshore
CMM-FASTNR-9EB6FB-001,FASTENER | BOLT | CARBON STEEL | M16 | IS 1363,FASTENER,STANDALONE_CANDIDATE,1,1,HPCL,NOS,4838,4838.0,1,Vishakha Terminal
CMM-FASTNR-9FDDD2-001,FASTENER | NUT | CARBON STEEL | M16 | IS 1364,FASTENER,STANDALONE_CANDIDATE,1,1,IOCL,NOS,21196,21196.0,1,Paradip Refinery
CMM-FASTNR-A1CBAF-001,FASTENER | NUT | CARBON STEEL | M10 | IS 1364,FASTENER,STANDALONE_CANDIDATE,1,1,CPCL,NOS,11243,11243.0,1,Chennai Refinery
CMM-FASTNR-A1E0F5-001,FASTENER | NUT | CARBON STEEL | M8 | IS 1364,FASTENER,STANDALONE_CANDIDATE,1,1,CPCL,NOS,16504,16504.0,1,Chennai Refinery
CMM-FASTNR-A29DDF-001,FASTENER | NUT | CARBON STEEL | M12 | IS 1364,FASTENER,STANDALONE_CANDIDATE,1,1,CPCL,NOS,18361,18361.0,1,Manali Terminal
CMM-FASTNR-A52A0E-001,FASTENER | BOLT | CARBON STEEL | M8 | IS 1363,FASTENER,STANDALONE_CANDIDATE,1,1,ONGC,NOS,7794,7794.0,1,Ahmedabad Asset
CMM-FASTNR-A573AE-001,FASTENER | WASHER | CARBON STEEL | M20 | IS 2016,FASTENER,STANDALONE_CANDIDATE,1,1,IOCL,NOS,21872,21872.0,1,Panipat Refinery
CMM-FASTNR-A934E7-001,FASTENER | BOLT | CARBON STEEL | M16 | IS 1363,FASTENER,STANDALONE_CANDIDATE,1,1,HPCL,NOS,20090,20090.0,1,Vishakha Terminal
CMM-FASTNR-AC6643-001,FASTENER | NUT | CARBON STEEL | M16 | IS 1364,FASTENER,STANDALONE_CANDIDATE,1,1,ONGC,NOS,12566,12566.0,1,Mehsana Asset
CMM-FASTNR-ACFDB1-001,FASTENER | NUT | CARBON STEEL | M8 | IS 1364,FASTENER,STANDALONE_CANDIDATE,1,1,HPCL,NOS,3006,3006.0,1,Vishakha Terminal
CMM-FASTNR-AD2B76-001,FASTENER | BOLT | CARBON STEEL | M16 | IS 1363,FASTENER,STANDALONE_CANDIDATE,1,1,HPCL,NOS,7717,7717.0,1,Visakh Refinery
CMM-FASTNR-AF257E-001,FASTENER | BOLT | CARBON STEEL | M8 | IS 1363,FASTENER,STANDALONE_CANDIDATE,1,1,CPCL,NOS,21756,21756.0,1,Manali Terminal
CMM-FASTNR-B14F1E-001,FASTENER | WASHER | CARBON STEEL | M8 | IS 2016,FASTENER,STANDALONE_CANDIDATE,1,1,ONGC,NOS,682,682.0,1,Mehsana Asset
CMM-FASTNR-B240AA-001,FASTENER | BOLT | CARBON STEEL | M12 | IS 1363,FASTENER,STANDALONE_CANDIDATE,1,1,HPCL,NOS,20237,20237.0,1,Vishakha Terminal
CMM-FASTNR-B2B597-001,FASTENER | BOLT | CARBON STEEL | M8 | IS 1363,FASTENER,STANDALONE_CANDIDATE,1,1,ONGC,NOS,22639,22639.0,1,Ahmedabad Asset
CMM-FASTNR-B4AAE7-001,FASTENER | WASHER | CARBON STEEL | M8 | IS 2016,FASTENER,STANDALONE_CANDIDATE,1,1,CPCL,NOS,13828,13828.0,1,Chennai Refinery
CMM-FASTNR-B4C0D7-001,FASTENER | BOLT | CARBON STEEL | M20 | IS 1363,FASTENER,STANDALONE_CANDIDATE,1,1,IOCL,NOS,12130,12130.0,1,Paradip Refinery
CMM-FASTNR-B4D220-001,FASTENER | NUT | CARBON STEEL | M12 | IS 1364,FASTENER,STANDALONE_CANDIDATE,1,1,CPCL,NOS,15223,15223.0,1,Manali Terminal
CMM-FASTNR-B4DDB8-001,FASTENER | NUT | CARBON STEEL | M8 | IS 1364,FASTENER,STANDALONE_CANDIDATE,1,1,IOCL,NOS,21739,21739.0,1,Panipat Refinery
CMM-FASTNR-B567A5-001,FASTENER | BOLT | CARBON STEEL | M8 | IS 1363,FASTENER,STANDALONE_CANDIDATE,1,1,IOCL,NOS,3248,3248.0,1,Paradip Refinery
CMM-FASTNR-B5B4FB-001,FASTENER | BOLT | CARBON STEEL | M16 | IS 1363,FASTENER,STANDALONE_CANDIDATE,1,1,IOCL,NOS,22618,22618.0,1,Paradip Refinery
CMM-FASTNR-B5D149-001,FASTENER | WASHER | CARBON STEEL | M16 | IS 2016,FASTENER,STANDALONE_CANDIDATE,1,1,CPCL,NOS,14692,14692.0,1,Manali Terminal
CMM-FASTNR-BA7556-001,FASTENER | WASHER | CARBON STEEL | M8 | IS 2016,FASTENER,STANDALONE_CANDIDATE,1,1,HPCL,NOS,6561,6561.0,1,Visakh Refinery
CMM-FASTNR-BBE0C3-001,FASTENER | BOLT | CARBON STEEL | M8 | IS 1363,FASTENER,STANDALONE_CANDIDATE,1,1,ONGC,NOS,8903,8903.0,1,Ahmedabad Asset
CMM-FASTNR-BCCEAD-001,FASTENER | WASHER | CARBON STEEL | M8 | IS 2016,FASTENER,STANDALONE_CANDIDATE,1,1,CPCL,NOS,22436,22436.0,1,Chennai Refinery
CMM-FASTNR-BFBF2D-001,FASTENER | BOLT | CARBON STEEL | M10 | IS 1363,FASTENER,STANDALONE_CANDIDATE,1,1,IOCL,NOS,12255,12255.0,1,Mathura Refinery
CMM-FASTNR-C037FB-001,FASTENER | NUT | CARBON STEEL | M20 | IS 1364,FASTENER,STANDALONE_CANDIDATE,1,1,CPCL,NOS,12814,12814.0,1,Manali Terminal
CMM-FASTNR-C07010-001,FASTENER | BOLT | CARBON STEEL | M20 | IS 1363,FASTENER,STANDALONE_CANDIDATE,1,1,CPCL,NOS,4642,4642.0,1,Manali Terminal
CMM-FASTNR-C0ED49-001,FASTENER | NUT | CARBON STEEL | M8 | IS 1364,FASTENER,STANDALONE_CANDIDATE,1,1,IOCL,NOS,17904,17904.0,1,Paradip Refinery
CMM-FASTNR-C18758-001,FASTENER | NUT | CARBON STEEL | M16 | IS 1364,FASTENER,STANDALONE_CANDIDATE,1,1,HPCL,NOS,20904,20904.0,1,Visakh Refinery
CMM-FASTNR-C1E257-001,FASTENER | NUT | CARBON STEEL | M10 | IS 1364,FASTENER,STANDALONE_CANDIDATE,1,1,CPCL,NOS,6284,6284.0,1,Manali Terminal
CMM-FASTNR-C22099-001,FASTENER | NUT | CARBON STEEL | M8 | IS 1364,FASTENER,STANDALONE_CANDIDATE,1,1,ONGC,NOS,1939,1939.0,1,Mehsana Asset
CMM-FASTNR-C281AB-001,FASTENER | WASHER | CARBON STEEL | M20 | IS 2016,FASTENER,STANDALONE_CANDIDATE,1,1,IOCL,NOS,61,61.0,1,Mathura Refinery
CMM-FASTNR-C2C93F-001,FASTENER | WASHER | CARBON STEEL | M10 | IS 2016,FASTENER,STANDALONE_CANDIDATE,1,1,IOCL,NOS,23820,23820.0,1,Paradip Refinery
CMM-FASTNR-C79B75-001,FASTENER | NUT | CARBON STEEL | M20 | IS 1364,FASTENER,STANDALONE_CANDIDATE,1,1,HPCL,NOS,6411,6411.0,1,Mumbai Refinery
CMM-FASTNR-C96D19-001,FASTENER | WASHER | CARBON STEEL | M20 | IS 2016,FASTENER,STANDALONE_CANDIDATE,1,1,ONGC,NOS,9750,9750.0,1,Ahmedabad Asset
CMM-FASTNR-C9D562-001,FASTENER | NUT | CARBON STEEL | M10 | IS 1364,FASTENER,STANDALONE_CANDIDATE,1,1,ONGC,NOS,24770,24770.0,1,Ahmedabad Asset
CMM-FASTNR-CA988E-001,FASTENER | WASHER | CARBON STEEL | M16 | IS 2016,FASTENER,STANDALONE_CANDIDATE,1,1,HPCL,NOS,17439,17439.0,1,Vishakha Terminal
CMM-FASTNR-CE00AA-001,FASTENER | NUT | CARBON STEEL | M16 | IS 1364,FASTENER,STANDALONE_CANDIDATE,1,1,HPCL,NOS,12057,12057.0,1,Visakh Refinery
CMM-FASTNR-CF1A27-001,FASTENER | WASHER | CARBON STEEL | M8 | IS 2016,FASTENER,STANDALONE_CANDIDATE,1,1,CPCL,NOS,7647,7647.0,1,Manali Terminal
CMM-FASTNR-CF5DFB-001,FASTENER | BOLT | CARBON STEEL | M20 | IS 1363,FASTENER,STANDALONE_CANDIDATE,1,1,IOCL,NOS,18773,18773.0,1,Paradip Refinery
CMM-FASTNR-D038A8-001,FASTENER | BOLT | CARBON STEEL | M16 | IS 1363,FASTENER,STANDALONE_CANDIDATE,1,1,IOCL,NOS,16482,16482.0,1,Paradip Refinery
CMM-FASTNR-D06C70-001,FASTENER | BOLT | CARBON STEEL | M20 | IS 1363,FASTENER,STANDALONE_CANDIDATE,1,1,HPCL,NOS,10855,10855.0,1,Vishakha Terminal
CMM-FASTNR-D1907D-001,FASTENER | WASHER | CARBON STEEL | M12 | IS 2016,FASTENER,STANDALONE_CANDIDATE,1,1,CPCL,NOS,18021,18021.0,1,Chennai Refinery
CMM-FASTNR-D1914E-001,FASTENER | NUT | CARBON STEEL | M20 | IS 1364,FASTENER,STANDALONE_CANDIDATE,1,1,CPCL,NOS,21453,21453.0,1,Manali Terminal
CMM-FASTNR-D1B43A-001,FASTENER | BOLT | CARBON STEEL | M10 | IS 1363,FASTENER,STANDALONE_CANDIDATE,1,1,HPCL,NOS,6002,6002.0,1,Vishakha Terminal
CMM-FASTNR-D3A3F8-001,FASTENER | NUT | CARBON STEEL | M10 | IS 1364,FASTENER,STANDALONE_CANDIDATE,1,1,HPCL,NOS,5322,5322.0,1,Mumbai Refinery
CMM-FASTNR-D5578B-001,FASTENER | BOLT | CARBON STEEL | M8 | IS 1363,FASTENER,STANDALONE_CANDIDATE,1,1,CPCL,NOS,3767,3767.0,1,Chennai Refinery
CMM-FASTNR-D587F2-001,FASTENER | BOLT | CARBON STEEL | M10 | IS 1363,FASTENER,STANDALONE_CANDIDATE,1,1,HPCL,NOS,5747,5747.0,1,Vishakha Terminal
CMM-FASTNR-D6D9F5-001,FASTENER | WASHER | CARBON STEEL | M10 | IS 2016,FASTENER,STANDALONE_CANDIDATE,1,1,ONGC,NOS,5530,5530.0,1,Mehsana Asset
CMM-FASTNR-D720A3-001,FASTENER | WASHER | CARBON STEEL | M10 | IS 2016,FASTENER,STANDALONE_CANDIDATE,1,1,CPCL,NOS,23136,23136.0,1,Chennai Refinery
CMM-FASTNR-DA7F98-001,FASTENER | BOLT | CARBON STEEL | M8 | IS 1363,FASTENER,STANDALONE_CANDIDATE,1,1,ONGC,NOS,17660,17660.0,1,Mehsana Asset
CMM-FASTNR-DB41EA-001,FASTENER | NUT | CARBON STEEL | M8 | IS 1364,FASTENER,STANDALONE_CANDIDATE,1,1,CPCL,NOS,231,231.0,1,Manali Terminal
CMM-FASTNR-DB55E2-001,FASTENER | WASHER | CARBON STEEL | M20 | IS 2016,FASTENER,STANDALONE_CANDIDATE,1,1,HPCL,NOS,11733,11733.0,1,Mumbai Refinery
CMM-FASTNR-DC16BE-001,FASTENER | WASHER | CARBON STEEL | M12 | IS 2016,FASTENER,STANDALONE_CANDIDATE,1,1,ONGC,NOS,6842,6842.0,1,Mehsana Asset
CMM-FASTNR-E0462B-001,FASTENER | WASHER | CARBON STEEL | M12 | IS 2016,FASTENER,STANDALONE_CANDIDATE,1,1,HPCL,NOS,3041,3041.0,1,Visakh Refinery
CMM-FASTNR-E0DD47-001,FASTENER | NUT | CARBON STEEL | M10 | IS 1364,FASTENER,STANDALONE_CANDIDATE,1,1,ONGC,NOS,24221,24221.0,1,Mehsana Asset
CMM-FASTNR-E2E3D5-001,FASTENER | NUT | CARBON STEEL | M16 | IS 1364,FASTENER,STANDALONE_CANDIDATE,1,1,HPCL,NOS,2478,2478.0,1,Vishakha Terminal
CMM-FASTNR-E377FF-001,FASTENER | WASHER | CARBON STEEL | M20 | IS 2016,FASTENER,STANDALONE_CANDIDATE,1,1,IOCL,NOS,7016,7016.0,1,Mathura Refinery
CMM-FASTNR-E545CF-001,FASTENER | BOLT | CARBON STEEL | M20 | IS 1363,FASTENER,STANDALONE_CANDIDATE,1,1,HPCL,NOS,2560,2560.0,1,Vishakha Terminal
CMM-FASTNR-E676CA-001,FASTENER | WASHER | CARBON STEEL | M20 | IS 2016,FASTENER,STANDALONE_CANDIDATE,1,1,ONGC,NOS,17522,17522.0,1,Mumbai Offshore
CMM-FASTNR-E71BD2-001,FASTENER | NUT | CARBON STEEL | M10 | IS 1364,FASTENER,STANDALONE_CANDIDATE,1,1,IOCL,NOS,21211,21211.0,1,Panipat Refinery
CMM-FASTNR-EA058F-001,FASTENER | NUT | CARBON STEEL | M20 | IS 1364,FASTENER,STANDALONE_CANDIDATE,1,1,ONGC,NOS,9678,9678.0,1,Mumbai Offshore
CMM-FASTNR-EB4DCE-001,FASTENER | BOLT | CARBON STEEL | M10 | IS 1363,FASTENER,STANDALONE_CANDIDATE,1,1,IOCL,NOS,24080,24080.0,1,Panipat Refinery
CMM-FASTNR-EF2BB2-001,FASTENER | BOLT | CARBON STEEL | M10 | IS 1363,FASTENER,STANDALONE_CANDIDATE,1,1,CPCL,NOS,5870,5870.0,1,Manali Terminal
CMM-FASTNR-F13A3E-001,FASTENER | BOLT | CARBON STEEL | M10 | IS 1363,FASTENER,STANDALONE_CANDIDATE,1,1,ONGC,NOS,11258,11258.0,1,Mehsana Asset
CMM-FASTNR-F14584-001,FASTENER | WASHER | CARBON STEEL | M8 | IS 2016,FASTENER,STANDALONE_CANDIDATE,1,1,IOCL,NOS,22471,22471.0,1,Panipat Refinery
CMM-FASTNR-F1E2B9-001,FASTENER | WASHER | CARBON STEEL | M10 | IS 2016,FASTENER,STANDALONE_CANDIDATE,1,1,IOCL,NOS,15590,15590.0,1,Mathura Refinery
CMM-FASTNR-F28D7B-001,FASTENER | WASHER | CARBON STEEL | M20 | IS 2016,FASTENER,STANDALONE_CANDIDATE,1,1,HPCL,NOS,8388,8388.0,1,Vishakha Terminal
CMM-FASTNR-F2F303-001,FASTENER | BOLT | CARBON STEEL | M8 | IS 1363,FASTENER,STANDALONE_CANDIDATE,1,1,CPCL,NOS,4014,4014.0,1,Manali Terminal
CMM-FASTNR-F44D47-001,FASTENER | WASHER | CARBON STEEL | M16 | IS 2016,FASTENER,STANDALONE_CANDIDATE,1,1,HPCL,NOS,18223,18223.0,1,Mumbai Refinery
CMM-FASTNR-F457CA-001,FASTENER | NUT | CARBON STEEL | M8 | IS 1364,FASTENER,STANDALONE_CANDIDATE,1,1,ONGC,NOS,343,343.0,1,Ahmedabad Asset
CMM-FASTNR-F5C788-001,FASTENER | BOLT | CARBON STEEL | M20 | IS 1363,FASTENER,STANDALONE_CANDIDATE,1,1,HPCL,NOS,5320,5320.0,1,Vishakha Terminal
CMM-FASTNR-F5D827-001,FASTENER | WASHER | CARBON STEEL | M20 | IS 2016,FASTENER,STANDALONE_CANDIDATE,1,1,IOCL,NOS,14568,14568.0,1,Paradip Refinery
CMM-FASTNR-F8A7C8-001,FASTENER | NUT | CARBON STEEL | M16 | IS 1364,FASTENER,STANDALONE_CANDIDATE,1,1,IOCL,NOS,23180,23180.0,1,Panipat Refinery
CMM-FASTNR-F8C114-001,FASTENER | WASHER | CARBON STEEL | M16 | IS 2016,FASTENER,STANDALONE_CANDIDATE,1,1,IOCL,NOS,9134,9134.0,1,Panipat Refinery
CMM-FASTNR-FA2323-001,FASTENER | WASHER | CARBON STEEL | M10 | IS 2016,FASTENER,STANDALONE_CANDIDATE,1,1,HPCL,NOS,23543,23543.0,1,Vishakha Terminal
CMM-FASTNR-FB8EA4-001,FASTENER | NUT | CARBON STEEL | M10 | IS 1364,FASTENER,STANDALONE_CANDIDATE,1,1,CPCL,NOS,17775,17775.0,1,Manali Terminal
CMM-FASTNR-FC09F6-001,FASTENER | WASHER | CARBON STEEL | M10 | IS 2016,FASTENER,STANDALONE_CANDIDATE,1,1,ONGC,NOS,4640,4640.0,1,Mehsana Asset
CMM-FASTNR-FE6033-001,FASTENER | BOLT | CARBON STEEL | M10 | IS 1363,FASTENER,STANDALONE_CANDIDATE,1,1,ONGC,NOS,12129,12129.0,1,Mumbai Offshore
CMM-FLANGE-004634-001,FLANGE | WELD NECK FLANGE | ASTM A105 | 3 IN | ASME B16.5; ASTM A105 | WELD NECK,FLANGE,STANDALONE_CANDIDATE,1,1,CPCL,MTR,6575,6575.0,1,Chennai Refinery
CMM-FLANGE-039E5B-001,FLANGE | WELD NECK FLANGE | ASTM A105 | 2 IN | ASME B16.5; ASTM A105 | WELD NECK,FLANGE,STANDALONE_CANDIDATE,1,1,ONGC,MTR,24356,24356.0,1,Mehsana Asset
CMM-FLANGE-068F9C-001,FLANGE | WELD NECK FLANGE | ASTM A105 | 1 IN | ASME B16.5; ASTM A105 | WELD NECK,FLANGE,STANDALONE_CANDIDATE,1,1,CPCL,MTR,13820,13820.0,1,Chennai Refinery
CMM-FLANGE-08FF43-001,FLANGE | WELD NECK FLANGE | ASTM A105 | 4 IN | ASME B16.5; ASTM A105 | WELD NECK,FLANGE,STANDALONE_CANDIDATE,1,1,CPCL,MTR,1429,1429.0,1,Chennai Refinery
CMM-FLANGE-0B3429-001,FLANGE | WELD NECK FLANGE | ASTM A105 | 1 IN | ASME B16.5; ASTM A105 | WELD NECK,FLANGE,STANDALONE_CANDIDATE,1,1,ONGC,MTR,3199,3199.0,1,Mumbai Offshore
CMM-FLANGE-0C27A9-001,FLANGE | WELD NECK FLANGE | ASTM A105 | 2 IN | ASME B16.5; ASTM A105 | WELD NECK,FLANGE,STANDALONE_CANDIDATE,1,1,HPCL,MTR,16805,16805.0,1,Mumbai Refinery
CMM-FLANGE-0D4F37-001,FLANGE | WELD NECK FLANGE | ASTM A105 | 4 IN | ASME B16.5; ASTM A105 | WELD NECK,FLANGE,STANDALONE_CANDIDATE,1,1,ONGC,MTR,9481,9481.0,1,Ahmedabad Asset
CMM-FLANGE-137E8E-001,FLANGE | WELD NECK FLANGE | ASTM A105 | 2 IN | ASME B16.5; ASTM A105 | WELD NECK,FLANGE,STANDALONE_CANDIDATE,1,1,CPCL,MTR,11962,11962.0,1,Manali Terminal
CMM-FLANGE-162C2A-001,FLANGE | WELD NECK FLANGE | ASTM A105 | 6 IN | ASME B16.5; ASTM A105 | WELD NECK,FLANGE,STANDALONE_CANDIDATE,1,1,CPCL,MTR,3537,3537.0,1,Manali Terminal
CMM-FLANGE-1F91B4-001,FLANGE | WELD NECK FLANGE | ASTM A105 | 1 IN | ASME B16.5; ASTM A105 | WELD NECK,FLANGE,STANDALONE_CANDIDATE,1,1,CPCL,MTR,1764,1764.0,1,Chennai Refinery
CMM-FLANGE-24792D-001,FLANGE | WELD NECK FLANGE | ASTM A105 | 4 IN | ASME B16.5; ASTM A105 | WELD NECK,FLANGE,STANDALONE_CANDIDATE,1,1,CPCL,MTR,8110,8110.0,1,Chennai Refinery
CMM-FLANGE-263B64-001,FLANGE | WELD NECK FLANGE | ASTM A105 | 2 IN | ASME B16.5; ASTM A105 | WELD NECK,FLANGE,STANDALONE_CANDIDATE,1,1,CPCL,MTR,13260,13260.0,1,Chennai Refinery
CMM-FLANGE-2A59D0-001,FLANGE | WELD NECK FLANGE | ASTM A105 | 2 IN | ASME B16.5; ASTM A105 | WELD NECK,FLANGE,STANDALONE_CANDIDATE,1,1,IOCL,MTR,12847,12847.0,1,Paradip Refinery
CMM-FLANGE-343463-001,FLANGE | WELD NECK FLANGE | ASTM A105 | 2 IN | ASME B16.5; ASTM A105 | WELD NECK,FLANGE,STANDALONE_CANDIDATE,1,1,CPCL,MTR,12040,12040.0,1,Manali Terminal
CMM-FLANGE-3A9B14-001,FLANGE | WELD NECK FLANGE | ASTM A105 | 2 IN | ASME B16.5; ASTM A105 | WELD NECK,FLANGE,STANDALONE_CANDIDATE,1,1,CPCL,MTR,16450,16450.0,1,Manali Terminal
CMM-FLANGE-3B3EB1-001,FLANGE | WELD NECK FLANGE | ASTM A105 | 3 IN | ASME B16.5; ASTM A105 | WELD NECK,FLANGE,STANDALONE_CANDIDATE,1,1,HPCL,MTR,12268,12268.0,1,Mumbai Refinery
CMM-FLANGE-423DBF-001,FLANGE | WELD NECK FLANGE | ASTM A105 | 4 IN | ASME B16.5; ASTM A105 | WELD NECK,FLANGE,STANDALONE_CANDIDATE,1,1,IOCL,MTR,13121,13121.0,1,Mathura Refinery
CMM-FLANGE-529975-001,FLANGE | WELD NECK FLANGE | ASTM A105 | 3 IN | ASME B16.5; ASTM A105 | WELD NECK,FLANGE,STANDALONE_CANDIDATE,1,1,IOCL,MTR,12771,12771.0,1,Paradip Refinery
CMM-FLANGE-542559-001,FLANGE | WELD NECK FLANGE | ASTM A105 | 2 IN | ASME B16.5; ASTM A105 | WELD NECK,FLANGE,STANDALONE_CANDIDATE,1,1,IOCL,MTR,4976,4976.0,1,Panipat Refinery
CMM-FLANGE-549C92-001,FLANGE | WELD NECK FLANGE | ASTM A105 | 4 IN | ASME B16.5; ASTM A105 | WELD NECK,FLANGE,STANDALONE_CANDIDATE,1,1,HPCL,MTR,1616,1616.0,1,Visakh Refinery
CMM-FLANGE-5825B9-001,FLANGE | WELD NECK FLANGE | ASTM A105 | 1 IN | ASME B16.5; ASTM A105 | WELD NECK,FLANGE,STANDALONE_CANDIDATE,1,1,HPCL,MTR,10162,10162.0,1,Visakh Refinery
CMM-FLANGE-5E0680-001,FLANGE | WELD NECK FLANGE | ASTM A105 | 6 IN | ASME B16.5; ASTM A105 | WELD NECK,FLANGE,STANDALONE_CANDIDATE,1,1,HPCL,MTR,24203,24203.0,1,Mumbai Refinery
CMM-FLANGE-606EB1-001,FLANGE | WELD NECK FLANGE | ASTM A105 | 4 IN | ASME B16.5; ASTM A105 | WELD NECK,FLANGE,STANDALONE_CANDIDATE,1,1,CPCL,MTR,12424,12424.0,1,Chennai Refinery
CMM-FLANGE-65928A-001,FLANGE | WELD NECK FLANGE | ASTM A105 | 1 IN | ASME B16.5; ASTM A105 | WELD NECK,FLANGE,STANDALONE_CANDIDATE,1,1,IOCL,MTR,8531,8531.0,1,Panipat Refinery
CMM-FLANGE-679A09-001,FLANGE | WELD NECK FLANGE | ASTM A105 | 4 IN | ASME B16.5; ASTM A105 | WELD NECK,FLANGE,STANDALONE_CANDIDATE,1,1,CPCL,MTR,18437,18437.0,1,Manali Terminal
CMM-FLANGE-6C2349-001,FLANGE | WELD NECK FLANGE | ASTM A105 | 3 IN | ASME B16.5; ASTM A105 | WELD NECK,FLANGE,STANDALONE_CANDIDATE,1,1,CPCL,MTR,13758,13758.0,1,Manali Terminal
CMM-FLANGE-713119-001,FLANGE | WELD NECK FLANGE | ASTM A105 | 6 IN | ASME B16.5; ASTM A105 | WELD NECK,FLANGE,STANDALONE_CANDIDATE,1,1,IOCL,MTR,15818,15818.0,1,Paradip Refinery
CMM-FLANGE-71609A-001,FLANGE | WELD NECK FLANGE | ASTM A105 | 6 IN | ASME B16.5; ASTM A105 | WELD NECK,FLANGE,STANDALONE_CANDIDATE,1,1,HPCL,MTR,23398,23398.0,1,Visakh Refinery
CMM-FLANGE-718F6C-001,FLANGE | WELD NECK FLANGE | ASTM A105 | 4 IN | ASME B16.5; ASTM A105 | WELD NECK,FLANGE,STANDALONE_CANDIDATE,1,1,IOCL,MTR,5140,5140.0,1,Panipat Refinery
CMM-FLANGE-76207F-001,FLANGE | WELD NECK FLANGE | ASTM A105 | 4 IN | ASME B16.5; ASTM A105 | WELD NECK,FLANGE,STANDALONE_CANDIDATE,1,1,IOCL,MTR,16660,16660.0,1,Panipat Refinery
CMM-FLANGE-7A2F8C-001,FLANGE | WELD NECK FLANGE | ASTM A105 | 1 IN | ASME B16.5; ASTM A105 | WELD NECK,FLANGE,STANDALONE_CANDIDATE,1,1,IOCL,MTR,20099,20099.0,1,Panipat Refinery
CMM-FLANGE-835DA3-001,FLANGE | WELD NECK FLANGE | ASTM A105 | 3 IN | ASME B16.5; ASTM A105 | WELD NECK,FLANGE,STANDALONE_CANDIDATE,1,1,HPCL,MTR,18492,18492.0,1,Mumbai Refinery
CMM-FLANGE-92CEBC-001,FLANGE | WELD NECK FLANGE | ASTM A105 | 3 IN | ASME B16.5; ASTM A105 | WELD NECK,FLANGE,STANDALONE_CANDIDATE,1,1,IOCL,MTR,15339,15339.0,1,Paradip Refinery
CMM-FLANGE-946DC5-001,FLANGE | WELD NECK FLANGE | ASTM A105 | 2 IN | ASME B16.5; ASTM A105 | WELD NECK,FLANGE,STANDALONE_CANDIDATE,1,1,HPCL,MTR,3950,3950.0,1,Mumbai Refinery
CMM-FLANGE-A257EF-001,FLANGE | WELD NECK FLANGE | ASTM A105 | 1 IN | ASME B16.5; ASTM A105 | WELD NECK,FLANGE,STANDALONE_CANDIDATE,1,1,IOCL,MTR,7161,7161.0,1,Mathura Refinery
CMM-FLANGE-B9CDFA-001,FLANGE | WELD NECK FLANGE | ASTM A105 | 6 IN | ASME B16.5; ASTM A105 | WELD NECK,FLANGE,STANDALONE_CANDIDATE,1,1,IOCL,MTR,7257,7257.0,1,Mathura Refinery
CMM-FLANGE-BB2770-001,FLANGE | WELD NECK FLANGE | ASTM A105 | 2 IN | ASME B16.5; ASTM A105 | WELD NECK,FLANGE,STANDALONE_CANDIDATE,1,1,CPCL,MTR,23268,23268.0,1,Manali Terminal
CMM-FLANGE-BEBCA2-001,FLANGE | WELD NECK FLANGE | ASTM A105 | 6 IN | ASME B16.5; ASTM A105 | WELD NECK,FLANGE,STANDALONE_CANDIDATE,1,1,HPCL,MTR,11049,11049.0,1,Visakh Refinery
CMM-FLANGE-BF1A6B-001,FLANGE | WELD NECK FLANGE | ASTM A105 | 1 IN | ASME B16.5; ASTM A105 | WELD NECK,FLANGE,STANDALONE_CANDIDATE,1,1,CPCL,MTR,8173,8173.0,1,Manali Terminal
CMM-FLANGE-C244E6-001,FLANGE | WELD NECK FLANGE | ASTM A105 | 2 IN | ASME B16.5; ASTM A105 | WELD NECK,FLANGE,STANDALONE_CANDIDATE,1,1,CPCL,MTR,19297,19297.0,1,Chennai Refinery
CMM-FLANGE-C5AFDE-001,FLANGE | WELD NECK FLANGE | ASTM A105 | 6 IN | ASME B16.5; ASTM A105 | WELD NECK,FLANGE,STANDALONE_CANDIDATE,1,1,ONGC,MTR,4566,4566.0,1,Ahmedabad Asset
CMM-FLANGE-C93335-001,FLANGE | WELD NECK FLANGE | ASTM A105 | 1 IN | ASME B16.5; ASTM A105 | WELD NECK,FLANGE,STANDALONE_CANDIDATE,1,1,ONGC,MTR,12676,12676.0,1,Ahmedabad Asset
CMM-FLANGE-CBFB5E-001,FLANGE | WELD NECK FLANGE | ASTM A105 | 2 IN | ASME B16.5; ASTM A105 | WELD NECK,FLANGE,STANDALONE_CANDIDATE,1,1,CPCL,MTR,21167,21167.0,1,Manali Terminal
CMM-FLANGE-D0145E-001,FLANGE | WELD NECK FLANGE | ASTM A105 | 4 IN | ASME B16.5; ASTM A105 | WELD NECK,FLANGE,STANDALONE_CANDIDATE,1,1,IOCL,MTR,20721,20721.0,1,Paradip Refinery
CMM-FLANGE-D2D3A7-001,FLANGE | WELD NECK FLANGE | ASTM A105 | 1 IN | ASME B16.5; ASTM A105 | WELD NECK,FLANGE,STANDALONE_CANDIDATE,1,1,HPCL,MTR,11542,11542.0,1,Vishakha Terminal
CMM-FLANGE-D92D34-001,FLANGE | WELD NECK FLANGE | ASTM A105 | 3 IN | ASME B16.5; ASTM A105 | WELD NECK,FLANGE,STANDALONE_CANDIDATE,1,1,CPCL,MTR,17663,17663.0,1,Manali Terminal
CMM-FLANGE-DCFE88-001,FLANGE | WELD NECK FLANGE | ASTM A105 | 1 IN | ASME B16.5; ASTM A105 | WELD NECK,FLANGE,STANDALONE_CANDIDATE,1,1,HPCL,MTR,19174,19174.0,1,Vishakha Terminal
CMM-FLANGE-E882B7-001,FLANGE | WELD NECK FLANGE | ASTM A105 | 6 IN | ASME B16.5; ASTM A105 | WELD NECK,FLANGE,STANDALONE_CANDIDATE,1,1,IOCL,MTR,21390,21390.0,1,Mathura Refinery
CMM-FLANGE-EE45D3-001,FLANGE | WELD NECK FLANGE | ASTM A105 | 1 IN | ASME B16.5; ASTM A105 | WELD NECK,FLANGE,STANDALONE_CANDIDATE,1,1,IOCL,MTR,20663,20663.0,1,Mathura Refinery
CMM-FLANGE-FC465A-001,FLANGE | WELD NECK FLANGE | ASTM A105 | 1 IN | ASME B16.5; ASTM A105 | WELD NECK,FLANGE,STANDALONE_CANDIDATE,1,1,IOCL,MTR,8382,8382.0,1,Paradip Refinery
CMM-HOSE-006347-001,HOSE | HYDRAULIC HOSE | SYNTHETIC RUBBER | 1-1/2 IN | SAE 100 R2,HOSE,STANDALONE_CANDIDATE,1,1,ONGC,MTR,8215,8215.0,1,Mumbai Offshore
CMM-HOSE-03C8B1-001,HOSE | HYDRAULIC HOSE | SYNTHETIC RUBBER | 3/4 IN | SAE 100 R2,HOSE,STANDALONE_CANDIDATE,1,1,IOCL,MTR,8247,8247.0,1,Mathura Refinery
CMM-HOSE-040355-001,HOSE | HYDRAULIC HOSE | SYNTHETIC RUBBER | 1 IN | SAE 100 R2,HOSE,STANDALONE_CANDIDATE,1,1,IOCL,MTR,9773,9773.0,1,Panipat Refinery
CMM-HOSE-08FB9B-001,HOSE | HYDRAULIC HOSE | SYNTHETIC RUBBER | 1 IN | SAE 100 R2,HOSE,STANDALONE_CANDIDATE,1,1,ONGC,MTR,23890,23890.0,1,Ahmedabad Asset
CMM-HOSE-0A1F5D-001,HOSE | HYDRAULIC HOSE | SYNTHETIC RUBBER | 1-1/2 IN | SAE 100 R2,HOSE,STANDALONE_CANDIDATE,1,1,CPCL,MTR,14022,14022.0,1,Chennai Refinery
CMM-HOSE-0E5DE7-001,HOSE | HYDRAULIC HOSE | SYNTHETIC RUBBER | 1 IN | SAE 100 R2,HOSE,STANDALONE_CANDIDATE,1,1,ONGC,MTR,644,644.0,1,Ahmedabad Asset
CMM-HOSE-132499-001,HOSE | HYDRAULIC HOSE | SYNTHETIC RUBBER | 1 IN | SAE 100 R2,HOSE,STANDALONE_CANDIDATE,1,1,CPCL,MTR,24559,24559.0,1,Manali Terminal
CMM-HOSE-1BB62E-001,HOSE | HYDRAULIC HOSE | SYNTHETIC RUBBER | 1/2 IN | SAE 100 R2,HOSE,STANDALONE_CANDIDATE,1,1,HPCL,MTR,23261,23261.0,1,Mumbai Refinery
CMM-HOSE-1DFA1D-001,HOSE | HYDRAULIC HOSE | SYNTHETIC RUBBER | 1 IN | SAE 100 R2,HOSE,STANDALONE_CANDIDATE,1,1,HPCL,MTR,3188,3188.0,1,Vishakha Terminal
CMM-HOSE-221130-001,HOSE | HYDRAULIC HOSE | SYNTHETIC RUBBER | 1-1/2 IN | SAE 100 R2,HOSE,STANDALONE_CANDIDATE,1,1,CPCL,MTR,13962,13962.0,1,Manali Terminal
CMM-HOSE-253449-001,HOSE | HYDRAULIC HOSE | SYNTHETIC RUBBER | 1 IN | SAE 100 R2,HOSE,STANDALONE_CANDIDATE,1,1,HPCL,MTR,18505,18505.0,1,Vishakha Terminal
CMM-HOSE-280C3B-001,HOSE | HYDRAULIC HOSE | SYNTHETIC RUBBER | 1-1/2 IN | SAE 100 R2,HOSE,STANDALONE_CANDIDATE,1,1,ONGC,MTR,5334,5334.0,1,Ahmedabad Asset
CMM-HOSE-2A3184-001,HOSE | HYDRAULIC HOSE | SYNTHETIC RUBBER | 1-1/2 IN | SAE 100 R2,HOSE,STANDALONE_CANDIDATE,1,1,CPCL,MTR,9100,9100.0,1,Chennai Refinery
CMM-HOSE-2C0B45-001,HOSE | HYDRAULIC HOSE | SYNTHETIC RUBBER | 1 IN | SAE 100 R2,HOSE,STANDALONE_CANDIDATE,1,1,IOCL,MTR,5797,5797.0,1,Paradip Refinery
CMM-HOSE-302263-001,HOSE | HYDRAULIC HOSE | SYNTHETIC RUBBER | 1-1/2 IN | SAE 100 R2,HOSE,STANDALONE_CANDIDATE,1,1,IOCL,MTR,640,640.0,1,Panipat Refinery
CMM-HOSE-3BE8F1-001,HOSE | HYDRAULIC HOSE | SYNTHETIC RUBBER | 1/2 IN | SAE 100 R2,HOSE,STANDALONE_CANDIDATE,1,1,HPCL,MTR,1197,1197.0,1,Visakh Refinery
CMM-HOSE-416AAE-001,HOSE | HYDRAULIC HOSE | SYNTHETIC RUBBER | 3/4 IN | SAE 100 R2,HOSE,STANDALONE_CANDIDATE,1,1,HPCL,MTR,22253,22253.0,1,Vishakha Terminal
CMM-HOSE-4338C9-001,HOSE | HYDRAULIC HOSE | SYNTHETIC RUBBER | 3/4 IN | SAE 100 R2,HOSE,STANDALONE_CANDIDATE,1,1,HPCL,MTR,22132,22132.0,1,Mumbai Refinery
CMM-HOSE-4BA5B1-001,HOSE | HYDRAULIC HOSE | SYNTHETIC RUBBER | 1 IN | SAE 100 R2,HOSE,STANDALONE_CANDIDATE,1,1,HPCL,MTR,16987,16987.0,1,Mumbai Refinery
CMM-HOSE-4CA262-001,HOSE | HYDRAULIC HOSE | SYNTHETIC RUBBER | 1 IN | SAE 100 R2,HOSE,STANDALONE_CANDIDATE,1,1,HPCL,MTR,15124,15124.0,1,Vishakha Terminal
CMM-HOSE-4E0658-001,HOSE | HYDRAULIC HOSE | SYNTHETIC RUBBER | 1 IN | SAE 100 R2,HOSE,STANDALONE_CANDIDATE,1,1,HPCL,MTR,7324,7324.0,1,Vishakha Terminal
CMM-HOSE-4E6C57-001,HOSE | HYDRAULIC HOSE | SYNTHETIC RUBBER | 1/2 IN | SAE 100 R2,HOSE,STANDALONE_CANDIDATE,1,1,ONGC,MTR,4819,4819.0,1,Mehsana Asset
CMM-HOSE-5150E1-001,HOSE | HYDRAULIC HOSE | SYNTHETIC RUBBER | 1-1/2 IN | SAE 100 R2,HOSE,STANDALONE_CANDIDATE,1,1,IOCL,MTR,6543,6543.0,1,Mathura Refinery
CMM-HOSE-5C486A-001,HOSE | HYDRAULIC HOSE | SYNTHETIC RUBBER | 1/2 IN | SAE 100 R2,HOSE,STANDALONE_CANDIDATE,1,1,IOCL,MTR,520,520.0,1,Panipat Refinery
CMM-HOSE-5CB4F8-001,HOSE | HYDRAULIC HOSE | SYNTHETIC RUBBER | 1/2 IN | SAE 100 R2,HOSE,STANDALONE_CANDIDATE,1,1,HPCL,MTR,13532,13532.0,1,Visakh Refinery
CMM-HOSE-611E3F-001,HOSE | HYDRAULIC HOSE | SYNTHETIC RUBBER | 1/2 IN | SAE 100 R2,HOSE,STANDALONE_CANDIDATE,1,1,CPCL,MTR,18418,18418.0,1,Manali Terminal
CMM-HOSE-6595B7-001,HOSE | HYDRAULIC HOSE | SYNTHETIC RUBBER | 1/2 IN | SAE 100 R2,HOSE,STANDALONE_CANDIDATE,1,1,IOCL,MTR,20395,20395.0,1,Panipat Refinery
CMM-HOSE-677504-001,HOSE | HYDRAULIC HOSE | SYNTHETIC RUBBER | 1-1/2 IN | SAE 100 R2,HOSE,STANDALONE_CANDIDATE,1,1,CPCL,MTR,18392,18392.0,1,Chennai Refinery
CMM-HOSE-69E519-001,HOSE | HYDRAULIC HOSE | SYNTHETIC RUBBER | 1 IN | SAE 100 R2,HOSE,STANDALONE_CANDIDATE,1,1,IOCL,MTR,24830,24830.0,1,Mathura Refinery
CMM-HOSE-73076B-001,HOSE | HYDRAULIC HOSE | SYNTHETIC RUBBER | 1-1/2 IN | SAE 100 R2,HOSE,STANDALONE_CANDIDATE,1,1,CPCL,MTR,2942,2942.0,1,Chennai Refinery
CMM-HOSE-76912E-001,HOSE | HYDRAULIC HOSE | SYNTHETIC RUBBER | 1/2 IN | SAE 100 R2,HOSE,STANDALONE_CANDIDATE,1,1,HPCL,MTR,23021,23021.0,1,Vishakha Terminal
CMM-HOSE-769F51-001,HOSE | HYDRAULIC HOSE | SYNTHETIC RUBBER | 1 IN | SAE 100 R2,HOSE,STANDALONE_CANDIDATE,1,1,ONGC,MTR,16652,16652.0,1,Mumbai Offshore
CMM-HOSE-76AAFF-001,HOSE | HYDRAULIC HOSE | SYNTHETIC RUBBER | 1/2 IN | SAE 100 R2,HOSE,STANDALONE_CANDIDATE,1,1,ONGC,MTR,7405,7405.0,1,Mehsana Asset
CMM-HOSE-8266DA-001,HOSE | HYDRAULIC HOSE | SYNTHETIC RUBBER | 1-1/2 IN | SAE 100 R2,HOSE,STANDALONE_CANDIDATE,1,1,CPCL,MTR,16826,16826.0,1,Chennai Refinery
CMM-HOSE-87083C-001,HOSE | HYDRAULIC HOSE | SYNTHETIC RUBBER | 3/4 IN | SAE 100 R2,HOSE,STANDALONE_CANDIDATE,1,1,CPCL,MTR,9264,9264.0,1,Chennai Refinery
CMM-HOSE-8B5A9F-001,HOSE | HYDRAULIC HOSE | SYNTHETIC RUBBER | 1 IN | SAE 100 R2,HOSE,STANDALONE_CANDIDATE,1,1,ONGC,MTR,21045,21045.0,1,Ahmedabad Asset
CMM-HOSE-900736-001,HOSE | HYDRAULIC HOSE | SYNTHETIC RUBBER | 1 IN | SAE 100 R2,HOSE,STANDALONE_CANDIDATE,1,1,CPCL,MTR,14035,14035.0,1,Chennai Refinery
CMM-HOSE-96F616-001,HOSE | HYDRAULIC HOSE | SYNTHETIC RUBBER | 1-1/2 IN | SAE 100 R2,HOSE,STANDALONE_CANDIDATE,1,1,IOCL,MTR,7840,7840.0,1,Mathura Refinery
CMM-HOSE-9834EE-001,HOSE | HYDRAULIC HOSE | SYNTHETIC RUBBER | 1-1/2 IN | SAE 100 R2,HOSE,STANDALONE_CANDIDATE,1,1,ONGC,MTR,17766,17766.0,1,Mehsana Asset
CMM-HOSE-9932A7-001,HOSE | HYDRAULIC HOSE | SYNTHETIC RUBBER | 3/4 IN | SAE 100 R2,HOSE,STANDALONE_CANDIDATE,1,1,HPCL,MTR,24628,24628.0,1,Visakh Refinery
CMM-HOSE-9F1F6E-001,HOSE | HYDRAULIC HOSE | SYNTHETIC RUBBER | 1 IN | SAE 100 R2,HOSE,STANDALONE_CANDIDATE,1,1,CPCL,MTR,17543,17543.0,1,Chennai Refinery
CMM-HOSE-A1381B-001,HOSE | HYDRAULIC HOSE | SYNTHETIC RUBBER | 1-1/2 IN | SAE 100 R2,HOSE,STANDALONE_CANDIDATE,1,1,IOCL,MTR,9296,9296.0,1,Mathura Refinery
CMM-HOSE-A169B9-001,HOSE | HYDRAULIC HOSE | SYNTHETIC RUBBER | 1-1/2 IN | SAE 100 R2,HOSE,STANDALONE_CANDIDATE,1,1,CPCL,MTR,23239,23239.0,1,Chennai Refinery
CMM-HOSE-AE8180-001,HOSE | HYDRAULIC HOSE | SYNTHETIC RUBBER | 3/4 IN | SAE 100 R2,HOSE,STANDALONE_CANDIDATE,1,1,HPCL,MTR,12619,12619.0,1,Vishakha Terminal
CMM-HOSE-B23092-001,HOSE | HYDRAULIC HOSE | SYNTHETIC RUBBER | 3/4 IN | SAE 100 R2,HOSE,STANDALONE_CANDIDATE,1,1,IOCL,MTR,5020,5020.0,1,Mathura Refinery
CMM-HOSE-B3C8B9-001,HOSE | HYDRAULIC HOSE | SYNTHETIC RUBBER | 1/2 IN | SAE 100 R2,HOSE,STANDALONE_CANDIDATE,1,1,ONGC,MTR,19809,19809.0,1,Ahmedabad Asset
CMM-HOSE-BF1E22-001,HOSE | HYDRAULIC HOSE | SYNTHETIC RUBBER | 3/4 IN | SAE 100 R2,HOSE,STANDALONE_CANDIDATE,1,1,IOCL,MTR,7280,7280.0,1,Panipat Refinery
CMM-HOSE-BF82C8-001,HOSE | HYDRAULIC HOSE | SYNTHETIC RUBBER | 1/2 IN | SAE 100 R2,HOSE,STANDALONE_CANDIDATE,1,1,ONGC,MTR,14166,14166.0,1,Mehsana Asset
CMM-HOSE-C86FF8-001,HOSE | HYDRAULIC HOSE | SYNTHETIC RUBBER | 1-1/2 IN | SAE 100 R2,HOSE,STANDALONE_CANDIDATE,1,1,ONGC,MTR,467,467.0,1,Mumbai Offshore
CMM-HOSE-CC29EE-001,HOSE | HYDRAULIC HOSE | SYNTHETIC RUBBER | 1-1/2 IN | SAE 100 R2,HOSE,STANDALONE_CANDIDATE,1,1,HPCL,MTR,19945,19945.0,1,Mumbai Refinery
CMM-HOSE-CD6C5A-001,HOSE | HYDRAULIC HOSE | SYNTHETIC RUBBER | 1-1/2 IN | SAE 100 R2,HOSE,STANDALONE_CANDIDATE,1,1,HPCL,MTR,8524,8524.0,1,Vishakha Terminal
CMM-HOSE-D15F61-001,HOSE | HYDRAULIC HOSE | SYNTHETIC RUBBER | 1/2 IN | SAE 100 R2,HOSE,STANDALONE_CANDIDATE,1,1,HPCL,MTR,3029,3029.0,1,Mumbai Refinery
CMM-HOSE-D6B120-001,HOSE | HYDRAULIC HOSE | SYNTHETIC RUBBER | 1 IN | SAE 100 R2,HOSE,STANDALONE_CANDIDATE,1,1,CPCL,MTR,7999,7999.0,1,Chennai Refinery
CMM-HOSE-DD188A-001,HOSE | HYDRAULIC HOSE | SYNTHETIC RUBBER | 1 IN | SAE 100 R2,HOSE,STANDALONE_CANDIDATE,1,1,ONGC,MTR,23542,23542.0,1,Mumbai Offshore
CMM-HOSE-DE31A9-001,HOSE | HYDRAULIC HOSE | SYNTHETIC RUBBER | 1/2 IN | SAE 100 R2,HOSE,STANDALONE_CANDIDATE,1,1,IOCL,MTR,2478,2478.0,1,Paradip Refinery
CMM-HOSE-E0099C-001,HOSE | HYDRAULIC HOSE | SYNTHETIC RUBBER | 1 IN | SAE 100 R2,HOSE,STANDALONE_CANDIDATE,1,1,IOCL,MTR,11338,11338.0,1,Panipat Refinery
CMM-HOSE-EA7343-001,HOSE | HYDRAULIC HOSE | SYNTHETIC RUBBER | 1 IN | SAE 100 R2,HOSE,STANDALONE_CANDIDATE,1,1,IOCL,MTR,3542,3542.0,1,Paradip Refinery
CMM-HOSE-EB188C-001,HOSE | HYDRAULIC HOSE | SYNTHETIC RUBBER | 1 IN | SAE 100 R2,HOSE,STANDALONE_CANDIDATE,1,1,IOCL,MTR,21099,21099.0,1,Panipat Refinery
CMM-HOSE-EC049C-001,HOSE | HYDRAULIC HOSE | SYNTHETIC RUBBER | 1 IN | SAE 100 R2,HOSE,STANDALONE_CANDIDATE,1,1,CPCL,MTR,17723,17723.0,1,Chennai Refinery
CMM-HOSE-EDBBB9-001,HOSE | HYDRAULIC HOSE | SYNTHETIC RUBBER | 1-1/2 IN | SAE 100 R2,HOSE,STANDALONE_CANDIDATE,1,1,HPCL,MTR,19422,19422.0,1,Vishakha Terminal
CMM-HOSE-EF81F6-001,HOSE | HYDRAULIC HOSE | SYNTHETIC RUBBER | 1 IN | SAE 100 R2,HOSE,STANDALONE_CANDIDATE,1,1,ONGC,MTR,12566,12566.0,1,Mumbai Offshore
CMM-HOSE-F181BC-001,HOSE | HYDRAULIC HOSE | SYNTHETIC RUBBER | 1/2 IN | SAE 100 R2,HOSE,STANDALONE_CANDIDATE,1,1,ONGC,MTR,11547,11547.0,1,Mehsana Asset
CMM-HOSE-F1D961-001,HOSE | HYDRAULIC HOSE | SYNTHETIC RUBBER | 1/2 IN | SAE 100 R2,HOSE,STANDALONE_CANDIDATE,1,1,CPCL,MTR,21218,21218.0,1,Chennai Refinery
CMM-HOSE-F4227F-001,HOSE | HYDRAULIC HOSE | SYNTHETIC RUBBER | 1 IN | SAE 100 R2,HOSE,STANDALONE_CANDIDATE,1,1,HPCL,MTR,10655,10655.0,1,Mumbai Refinery
CMM-HOSE-F6406E-001,HOSE | HYDRAULIC HOSE | SYNTHETIC RUBBER | 1 IN | SAE 100 R2,HOSE,STANDALONE_CANDIDATE,1,1,HPCL,MTR,17408,17408.0,1,Visakh Refinery
CMM-HOSE-F88D85-001,HOSE | HYDRAULIC HOSE | SYNTHETIC RUBBER | 3/4 IN | SAE 100 R2,HOSE,STANDALONE_CANDIDATE,1,1,IOCL,MTR,12920,12920.0,1,Paradip Refinery
CMM-HOSE-F9E319-001,HOSE | HYDRAULIC HOSE | SYNTHETIC RUBBER | 1/2 IN | SAE 100 R2,HOSE,STANDALONE_CANDIDATE,1,1,HPCL,MTR,534,534.0,1,Visakh Refinery
CMM-HOSE-FE7FCB-001,HOSE | HYDRAULIC HOSE | SYNTHETIC RUBBER | 1 IN | SAE 100 R2,HOSE,STANDALONE_CANDIDATE,1,1,ONGC,MTR,9070,9070.0,1,Ahmedabad Asset
CMM-INSTRU-00507A-001,INSTRUMENTATION | TEMPERATURE SENSOR | PT100 | 4-WIRE | IEC 60751,INSTRUMENTATION,STANDALONE_CANDIDATE,1,1,CPCL,NOS,22506,22506.0,1,Chennai Refinery
CMM-INSTRU-03BD00-001,INSTRUMENTATION | PRESSURE GAUGE | SS 304 | 0-25 BAR | EN 837-1,INSTRUMENTATION,STANDALONE_CANDIDATE,1,1,HPCL,NOS,1691,1691.0,1,Vishakha Terminal
CMM-INSTRU-04ED27-001,INSTRUMENTATION | TEMPERATURE SENSOR | PT100 | 4-WIRE | IEC 60751,INSTRUMENTATION,STANDALONE_CANDIDATE,1,1,HPCL,NOS,12042,12042.0,1,Vishakha Terminal
CMM-INSTRU-06875C-001,INSTRUMENTATION | TEMPERATURE SENSOR | PT100 | 3-WIRE | IEC 60751,INSTRUMENTATION,STANDALONE_CANDIDATE,1,1,CPCL,NOS,20942,20942.0,1,Manali Terminal
CMM-INSTRU-0B654A-001,INSTRUMENTATION | TEMPERATURE SENSOR | PT100 | 3-WIRE | IEC 60751,INSTRUMENTATION,STANDALONE_CANDIDATE,1,1,IOCL,NOS,4827,4827.0,1,Paradip Refinery
CMM-INSTRU-0E0B54-001,INSTRUMENTATION | PRESSURE GAUGE | SS 304 | 0-100 BAR | EN 837-1,INSTRUMENTATION,STANDALONE_CANDIDATE,1,1,ONGC,NOS,16772,16772.0,1,Ahmedabad Asset
CMM-INSTRU-101B19-001,INSTRUMENTATION | TEMPERATURE SENSOR | PT100 | 4-WIRE | IEC 60751,INSTRUMENTATION,STANDALONE_CANDIDATE,1,1,CPCL,NOS,17711,17711.0,1,Manali Terminal
CMM-INSTRU-14736C-001,INSTRUMENTATION | TEMPERATURE SENSOR | PT100 | 4-WIRE | IEC 60751,INSTRUMENTATION,STANDALONE_CANDIDATE,1,1,IOCL,NOS,7399,7399.0,1,Mathura Refinery
CMM-INSTRU-16C4FB-001,INSTRUMENTATION | TEMPERATURE SENSOR | PT100 | 3-WIRE | IEC 60751,INSTRUMENTATION,STANDALONE_CANDIDATE,1,1,IOCL,NOS,6213,6213.0,1,Mathura Refinery
CMM-INSTRU-17B75B-001,INSTRUMENTATION | PRESSURE GAUGE | SS 304 | 0-100 BAR | EN 837-1,INSTRUMENTATION,STANDALONE_CANDIDATE,1,1,IOCL,NOS,21994,21994.0,1,Paradip Refinery
CMM-INSTRU-188FD2-001,INSTRUMENTATION | PRESSURE GAUGE | SS 304 | 0-100 BAR | EN 837-1,INSTRUMENTATION,STANDALONE_CANDIDATE,1,1,ONGC,NOS,15938,15938.0,1,Ahmedabad Asset
CMM-INSTRU-20F93D-001,INSTRUMENTATION | PRESSURE GAUGE | SS 304 | 0-5 BAR | EN 837-1,INSTRUMENTATION,STANDALONE_CANDIDATE,1,1,HPCL,NOS,16199,16199.0,1,Visakh Refinery
CMM-INSTRU-227167-001,INSTRUMENTATION | TEMPERATURE SENSOR | PT100 | 4-WIRE | IEC 60751,INSTRUMENTATION,STANDALONE_CANDIDATE,1,1,IOCL,NOS,3833,3833.0,1,Mathura Refinery
CMM-INSTRU-2375E6-001,INSTRUMENTATION | TEMPERATURE SENSOR | PT100 | 3-WIRE | IEC 60751,INSTRUMENTATION,STANDALONE_CANDIDATE,1,1,CPCL,NOS,21819,21819.0,1,Chennai Refinery
CMM-INSTRU-25066A-001,INSTRUMENTATION | PRESSURE GAUGE | SS 304 | 0-100 BAR | EN 837-1,INSTRUMENTATION,STANDALONE_CANDIDATE,1,1,IOCL,NOS,4654,4654.0,1,Mathura Refinery
CMM-INSTRU-27E1FE-001,INSTRUMENTATION | PRESSURE GAUGE | SS 304 | 0-10 BAR | EN 837-1,INSTRUMENTATION,STANDALONE_CANDIDATE,1,1,CPCL,NOS,15905,15905.0,1,Manali Terminal
CMM-INSTRU-328DBA-001,INSTRUMENTATION | TEMPERATURE SENSOR | PT100 | 4-WIRE | IEC 60751,INSTRUMENTATION,STANDALONE_CANDIDATE,1,1,IOCL,NOS,6237,6237.0,1,Paradip Refinery
CMM-INSTRU-35DE65-001,INSTRUMENTATION | TEMPERATURE SENSOR | PT100 | 3-WIRE | IEC 60751,INSTRUMENTATION,STANDALONE_CANDIDATE,1,1,HPCL,NOS,4779,4779.0,1,Visakh Refinery
CMM-INSTRU-388B85-001,INSTRUMENTATION | TEMPERATURE SENSOR | PT100 | 3-WIRE | IEC 60751,INSTRUMENTATION,STANDALONE_CANDIDATE,1,1,CPCL,NOS,8893,8893.0,1,Chennai Refinery
CMM-INSTRU-39305E-001,INSTRUMENTATION | TEMPERATURE SENSOR | PT100 | 4-WIRE | IEC 60751,INSTRUMENTATION,STANDALONE_CANDIDATE,1,1,CPCL,NOS,14069,14069.0,1,Manali Terminal
CMM-INSTRU-3D2E9D-001,INSTRUMENTATION | PRESSURE GAUGE | SS 304 | 0-100 BAR | EN 837-1,INSTRUMENTATION,STANDALONE_CANDIDATE,1,1,ONGC,NOS,17242,17242.0,1,Mehsana Asset
CMM-INSTRU-406039-001,INSTRUMENTATION | PRESSURE GAUGE | SS 304 | 0-25 BAR | EN 837-1,INSTRUMENTATION,STANDALONE_CANDIDATE,1,1,ONGC,NOS,4804,4804.0,1,Ahmedabad Asset
CMM-INSTRU-433C2D-001,INSTRUMENTATION | TEMPERATURE SENSOR | PT100 | 4-WIRE | IEC 60751,INSTRUMENTATION,STANDALONE_CANDIDATE,1,1,CPCL,NOS,12369,12369.0,1,Manali Terminal
CMM-INSTRU-475B39-001,INSTRUMENTATION | TEMPERATURE SENSOR | PT100 | 4-WIRE | IEC 60751,INSTRUMENTATION,STANDALONE_CANDIDATE,1,1,ONGC,NOS,4249,4249.0,1,Mehsana Asset
CMM-INSTRU-4E28D2-001,INSTRUMENTATION | PRESSURE GAUGE | SS 304 | 0-25 BAR | EN 837-1,INSTRUMENTATION,STANDALONE_CANDIDATE,1,1,ONGC,NOS,12830,12830.0,1,Mumbai Offshore
CMM-INSTRU-503B3E-001,INSTRUMENTATION | TEMPERATURE SENSOR | PT100 | 4-WIRE | IEC 60751,INSTRUMENTATION,STANDALONE_CANDIDATE,1,1,HPCL,NOS,5935,5935.0,1,Visakh Refinery
CMM-INSTRU-504946-001,INSTRUMENTATION | TEMPERATURE SENSOR | PT100 | 3-WIRE | IEC 60751,INSTRUMENTATION,STANDALONE_CANDIDATE,1,1,IOCL,NOS,16376,16376.0,1,Paradip Refinery
CMM-INSTRU-505EDB-001,INSTRUMENTATION | TEMPERATURE SENSOR | PT100 | 3-WIRE | IEC 60751,INSTRUMENTATION,STANDALONE_CANDIDATE,1,1,IOCL,NOS,10305,10305.0,1,Paradip Refinery
CMM-INSTRU-512AF3-001,INSTRUMENTATION | PRESSURE GAUGE | SS 304 | 0-25 BAR | EN 837-1,INSTRUMENTATION,STANDALONE_CANDIDATE,1,1,ONGC,NOS,10558,10558.0,1,Ahmedabad Asset
CMM-INSTRU-533347-001,INSTRUMENTATION | PRESSURE GAUGE | SS 304 | 0-25 BAR | EN 837-1,INSTRUMENTATION,STANDALONE_CANDIDATE,1,1,IOCL,NOS,14085,14085.0,1,Paradip Refinery
CMM-INSTRU-53656D-001,INSTRUMENTATION | TEMPERATURE SENSOR | PT100 | 4-WIRE | IEC 60751,INSTRUMENTATION,STANDALONE_CANDIDATE,1,1,ONGC,NOS,8264,8264.0,1,Ahmedabad Asset
CMM-INSTRU-54B3A3-001,INSTRUMENTATION | PRESSURE GAUGE | SS 304 | 0-5 BAR | EN 837-1,INSTRUMENTATION,STANDALONE_CANDIDATE,1,1,ONGC,NOS,22825,22825.0,1,Ahmedabad Asset
CMM-INSTRU-550B7B-001,INSTRUMENTATION | TEMPERATURE SENSOR | PT100 | 3-WIRE | IEC 60751,INSTRUMENTATION,STANDALONE_CANDIDATE,1,1,CPCL,NOS,16299,16299.0,1,Chennai Refinery
CMM-INSTRU-58D655-001,INSTRUMENTATION | PRESSURE GAUGE | SS 304 | 0-5 BAR | EN 837-1,INSTRUMENTATION,STANDALONE_CANDIDATE,1,1,IOCL,NOS,24079,24079.0,1,Mathura Refinery
CMM-INSTRU-5D7DB1-001,INSTRUMENTATION | PRESSURE GAUGE | SS 304 | 0-25 BAR | EN 837-1,INSTRUMENTATION,STANDALONE_CANDIDATE,1,1,CPCL,NOS,6604,6604.0,1,Chennai Refinery
CMM-INSTRU-5DA2E1-001,INSTRUMENTATION | PRESSURE GAUGE | SS 304 | 0-25 BAR | EN 837-1,INSTRUMENTATION,STANDALONE_CANDIDATE,1,1,ONGC,NOS,7757,7757.0,1,Mumbai Offshore
CMM-INSTRU-5DD67E-001,INSTRUMENTATION | PRESSURE GAUGE | SS 304 | 0-5 BAR | EN 837-1,INSTRUMENTATION,STANDALONE_CANDIDATE,1,1,ONGC,NOS,22820,22820.0,1,Mumbai Offshore
CMM-INSTRU-5F6DB3-001,INSTRUMENTATION | TEMPERATURE SENSOR | PT100 | 4-WIRE | IEC 60751,INSTRUMENTATION,STANDALONE_CANDIDATE,1,1,IOCL,NOS,22999,22999.0,1,Panipat Refinery
CMM-INSTRU-5F9027-001,INSTRUMENTATION | TEMPERATURE SENSOR | PT100 | 3-WIRE | IEC 60751,INSTRUMENTATION,STANDALONE_CANDIDATE,1,1,HPCL,NOS,24037,24037.0,1,Visakh Refinery
CMM-INSTRU-638576-001,INSTRUMENTATION | TEMPERATURE SENSOR | PT100 | 4-WIRE | IEC 60751,INSTRUMENTATION,STANDALONE_CANDIDATE,1,1,IOCL,NOS,12430,12430.0,1,Panipat Refinery
CMM-INSTRU-653441-001,INSTRUMENTATION | TEMPERATURE SENSOR | PT100 | 3-WIRE | IEC 60751,INSTRUMENTATION,STANDALONE_CANDIDATE,1,1,CPCL,NOS,18754,18754.0,1,Manali Terminal
CMM-INSTRU-65DB11-001,INSTRUMENTATION | PRESSURE GAUGE | SS 304 | 0-40 BAR | EN 837-1,INSTRUMENTATION,STANDALONE_CANDIDATE,1,1,IOCL,NOS,1673,1673.0,1,Mathura Refinery
CMM-INSTRU-6640EC-001,INSTRUMENTATION | PRESSURE GAUGE | SS 304 | 0-100 BAR | EN 837-1,INSTRUMENTATION,STANDALONE_CANDIDATE,1,1,ONGC,NOS,16523,16523.0,1,Mumbai Offshore
CMM-INSTRU-68E59A-001,INSTRUMENTATION | PRESSURE GAUGE | SS 304 | 0-100 BAR | EN 837-1,INSTRUMENTATION,STANDALONE_CANDIDATE,1,1,ONGC,NOS,20422,20422.0,1,Mehsana Asset
CMM-INSTRU-699E93-001,INSTRUMENTATION | TEMPERATURE SENSOR | PT100 | 4-WIRE | IEC 60751,INSTRUMENTATION,STANDALONE_CANDIDATE,1,1,ONGC,NOS,3807,3807.0,1,Mumbai Offshore
CMM-INSTRU-700DB9-001,INSTRUMENTATION | TEMPERATURE SENSOR | PT100 | 3-WIRE | IEC 60751,INSTRUMENTATION,STANDALONE_CANDIDATE,1,1,ONGC,NOS,19920,19920.0,1,Mumbai Offshore
CMM-INSTRU-71A22E-001,INSTRUMENTATION | TEMPERATURE SENSOR | PT100 | 4-WIRE | IEC 60751,INSTRUMENTATION,STANDALONE_CANDIDATE,1,1,ONGC,NOS,1626,1626.0,1,Mehsana Asset
CMM-INSTRU-72967A-001,INSTRUMENTATION | TEMPERATURE SENSOR | PT100 | 3-WIRE | IEC 60751,INSTRUMENTATION,STANDALONE_CANDIDATE,1,1,CPCL,NOS,22481,22481.0,1,Manali Terminal
CMM-INSTRU-729F14-001,INSTRUMENTATION | PRESSURE GAUGE | SS 304 | 0-5 BAR | EN 837-1,INSTRUMENTATION,STANDALONE_CANDIDATE,1,1,CPCL,NOS,20065,20065.0,1,Chennai Refinery
CMM-INSTRU-72FC27-001,INSTRUMENTATION | TEMPERATURE SENSOR | PT100 | 3-WIRE | IEC 60751,INSTRUMENTATION,STANDALONE_CANDIDATE,1,1,CPCL,NOS,4758,4758.0,1,Manali Terminal
CMM-INSTRU-7364D1-001,INSTRUMENTATION | PRESSURE GAUGE | SS 304 | 0-10 BAR | EN 837-1,INSTRUMENTATION,STANDALONE_CANDIDATE,1,1,ONGC,NOS,1457,1457.0,1,Ahmedabad Asset
CMM-INSTRU-737006-001,INSTRUMENTATION | TEMPERATURE SENSOR | PT100 | 3-WIRE | IEC 60751,INSTRUMENTATION,STANDALONE_CANDIDATE,1,1,IOCL,NOS,10068,10068.0,1,Panipat Refinery
CMM-INSTRU-76BFE4-001,INSTRUMENTATION | TEMPERATURE SENSOR | PT100 | 4-WIRE | IEC 60751,INSTRUMENTATION,STANDALONE_CANDIDATE,1,1,IOCL,NOS,5821,5821.0,1,Mathura Refinery
CMM-INSTRU-775BAB-001,INSTRUMENTATION | TEMPERATURE SENSOR | PT100 | 3-WIRE | IEC 60751,INSTRUMENTATION,STANDALONE_CANDIDATE,1,1,CPCL,NOS,17043,17043.0,1,Manali Terminal
CMM-INSTRU-7AA204-001,INSTRUMENTATION | TEMPERATURE SENSOR | PT100 | 4-WIRE | IEC 60751,INSTRUMENTATION,STANDALONE_CANDIDATE,1,1,HPCL,NOS,14636,14636.0,1,Mumbai Refinery
CMM-INSTRU-7BBCB5-001,INSTRUMENTATION | PRESSURE GAUGE | SS 304 | 0-10 BAR | EN 837-1,INSTRUMENTATION,STANDALONE_CANDIDATE,1,1,ONGC,NOS,23334,23334.0,1,Ahmedabad Asset
CMM-INSTRU-7BD8D8-001,INSTRUMENTATION | TEMPERATURE SENSOR | PT100 | 3-WIRE | IEC 60751,INSTRUMENTATION,STANDALONE_CANDIDATE,1,1,ONGC,NOS,1558,1558.0,1,Ahmedabad Asset
CMM-INSTRU-808686-001,INSTRUMENTATION | PRESSURE GAUGE | SS 304 | 0-100 BAR | EN 837-1,INSTRUMENTATION,STANDALONE_CANDIDATE,1,1,ONGC,NOS,19746,19746.0,1,Mehsana Asset
CMM-INSTRU-8252D8-001,INSTRUMENTATION | TEMPERATURE SENSOR | PT100 | 4-WIRE | IEC 60751,INSTRUMENTATION,STANDALONE_CANDIDATE,1,1,CPCL,NOS,18642,18642.0,1,Chennai Refinery
CMM-INSTRU-865E13-001,INSTRUMENTATION | PRESSURE GAUGE | SS 304 | 0-10 BAR | EN 837-1,INSTRUMENTATION,STANDALONE_CANDIDATE,1,1,HPCL,NOS,2597,2597.0,1,Mumbai Refinery
CMM-INSTRU-87D3EC-001,INSTRUMENTATION | TEMPERATURE SENSOR | PT100 | 3-WIRE | IEC 60751,INSTRUMENTATION,STANDALONE_CANDIDATE,1,1,IOCL,NOS,1084,1084.0,1,Paradip Refinery
CMM-INSTRU-87F96D-001,INSTRUMENTATION | PRESSURE GAUGE | SS 304 | 0-40 BAR | EN 837-1,INSTRUMENTATION,STANDALONE_CANDIDATE,1,1,HPCL,NOS,4219,4219.0,1,Mumbai Refinery
CMM-INSTRU-8FCBC6-001,INSTRUMENTATION | PRESSURE GAUGE | SS 304 | 0-25 BAR | EN 837-1,INSTRUMENTATION,STANDALONE_CANDIDATE,1,1,IOCL,NOS,9107,9107.0,1,Paradip Refinery
CMM-INSTRU-9151F8-001,INSTRUMENTATION | PRESSURE GAUGE | SS 304 | 0-5 BAR | EN 837-1,INSTRUMENTATION,STANDALONE_CANDIDATE,1,1,ONGC,NOS,338,338.0,1,Mehsana Asset
CMM-INSTRU-969AF0-001,INSTRUMENTATION | PRESSURE GAUGE | SS 304 | 0-5 BAR | EN 837-1,INSTRUMENTATION,STANDALONE_CANDIDATE,1,1,CPCL,NOS,19010,19010.0,1,Chennai Refinery
CMM-INSTRU-99110B-001,INSTRUMENTATION | PRESSURE GAUGE | SS 304 | 0-100 BAR | EN 837-1,INSTRUMENTATION,STANDALONE_CANDIDATE,1,1,IOCL,NOS,13256,13256.0,1,Paradip Refinery
CMM-INSTRU-9A5358-001,INSTRUMENTATION | TEMPERATURE SENSOR | PT100 | 4-WIRE | IEC 60751,INSTRUMENTATION,STANDALONE_CANDIDATE,1,1,ONGC,NOS,4644,4644.0,1,Mehsana Asset
CMM-INSTRU-9C1B2A-001,INSTRUMENTATION | PRESSURE GAUGE | SS 304 | 0-25 BAR | EN 837-1,INSTRUMENTATION,STANDALONE_CANDIDATE,1,1,HPCL,NOS,2333,2333.0,1,Vishakha Terminal
CMM-INSTRU-9F7C3F-001,INSTRUMENTATION | TEMPERATURE SENSOR | PT100 | 3-WIRE | IEC 60751,INSTRUMENTATION,STANDALONE_CANDIDATE,1,1,CPCL,NOS,10945,10945.0,1,Chennai Refinery
CMM-INSTRU-9FF051-001,INSTRUMENTATION | TEMPERATURE SENSOR | PT100 | 4-WIRE | IEC 60751,INSTRUMENTATION,STANDALONE_CANDIDATE,1,1,HPCL,NOS,1005,1005.0,1,Mumbai Refinery
CMM-INSTRU-A23475-001,INSTRUMENTATION | TEMPERATURE SENSOR | PT100 | 4-WIRE | IEC 60751,INSTRUMENTATION,STANDALONE_CANDIDATE,1,1,HPCL,NOS,18037,18037.0,1,Mumbai Refinery
CMM-INSTRU-A75ABA-001,INSTRUMENTATION | TEMPERATURE SENSOR | PT100 | 4-WIRE | IEC 60751,INSTRUMENTATION,STANDALONE_CANDIDATE,1,1,IOCL,NOS,24373,24373.0,1,Panipat Refinery
CMM-INSTRU-A8B3AC-001,INSTRUMENTATION | TEMPERATURE SENSOR | PT100 | 3-WIRE | IEC 60751,INSTRUMENTATION,STANDALONE_CANDIDATE,1,1,ONGC,NOS,17688,17688.0,1,Ahmedabad Asset
CMM-INSTRU-A8CD23-001,INSTRUMENTATION | PRESSURE GAUGE | SS 304 | 0-25 BAR | EN 837-1,INSTRUMENTATION,STANDALONE_CANDIDATE,1,1,ONGC,NOS,5194,5194.0,1,Mumbai Offshore
CMM-INSTRU-A8F4CB-001,INSTRUMENTATION | PRESSURE GAUGE | SS 304 | 0-100 BAR | EN 837-1,INSTRUMENTATION,STANDALONE_CANDIDATE,1,1,IOCL,NOS,12597,12597.0,1,Paradip Refinery
CMM-INSTRU-AB300F-001,INSTRUMENTATION | PRESSURE GAUGE | SS 304 | 0-5 BAR | EN 837-1,INSTRUMENTATION,STANDALONE_CANDIDATE,1,1,CPCL,NOS,4813,4813.0,1,Chennai Refinery
CMM-INSTRU-AD8762-001,INSTRUMENTATION | PRESSURE GAUGE | SS 304 | 0-25 BAR | EN 837-1,INSTRUMENTATION,STANDALONE_CANDIDATE,1,1,IOCL,NOS,21418,21418.0,1,Paradip Refinery
CMM-INSTRU-B2CF8D-001,INSTRUMENTATION | TEMPERATURE SENSOR | PT100 | 4-WIRE | IEC 60751,INSTRUMENTATION,STANDALONE_CANDIDATE,1,1,CPCL,NOS,12538,12538.0,1,Manali Terminal
CMM-INSTRU-B3666D-001,INSTRUMENTATION | TEMPERATURE SENSOR | PT100 | 4-WIRE | IEC 60751,INSTRUMENTATION,STANDALONE_CANDIDATE,1,1,ONGC,NOS,21661,21661.0,1,Mumbai Offshore
CMM-INSTRU-B38286-001,INSTRUMENTATION | PRESSURE GAUGE | SS 304 | 0-40 BAR | EN 837-1,INSTRUMENTATION,STANDALONE_CANDIDATE,1,1,ONGC,NOS,24470,24470.0,1,Mehsana Asset
CMM-INSTRU-B3CD04-001,INSTRUMENTATION | TEMPERATURE SENSOR | PT100 | 3-WIRE | IEC 60751,INSTRUMENTATION,STANDALONE_CANDIDATE,1,1,IOCL,NOS,17857,17857.0,1,Panipat Refinery
CMM-INSTRU-B76421-001,INSTRUMENTATION | TEMPERATURE SENSOR | PT100 | 3-WIRE | IEC 60751,INSTRUMENTATION,STANDALONE_CANDIDATE,1,1,CPCL,NOS,18620,18620.0,1,Manali Terminal
CMM-INSTRU-B7CC3F-001,INSTRUMENTATION | TEMPERATURE SENSOR | PT100 | 3-WIRE | IEC 60751,INSTRUMENTATION,STANDALONE_CANDIDATE,1,1,IOCL,NOS,8247,8247.0,1,Panipat Refinery
CMM-INSTRU-B7E995-001,INSTRUMENTATION | TEMPERATURE SENSOR | PT100 | 4-WIRE | IEC 60751,INSTRUMENTATION,STANDALONE_CANDIDATE,1,1,HPCL,NOS,14544,14544.0,1,Vishakha Terminal
CMM-INSTRU-B9CB0E-001,INSTRUMENTATION | PRESSURE GAUGE | SS 304 | 0-100 BAR | EN 837-1,INSTRUMENTATION,STANDALONE_CANDIDATE,1,1,IOCL,NOS,2583,2583.0,1,Panipat Refinery
CMM-INSTRU-C3664B-001,INSTRUMENTATION | PRESSURE GAUGE | SS 304 | 0-100 BAR | EN 837-1,INSTRUMENTATION,STANDALONE_CANDIDATE,1,1,HPCL,NOS,19037,19037.0,1,Mumbai Refinery
CMM-INSTRU-C404B5-001,INSTRUMENTATION | TEMPERATURE SENSOR | PT100 | 4-WIRE | IEC 60751,INSTRUMENTATION,STANDALONE_CANDIDATE,1,1,IOCL,NOS,7705,7705.0,1,Mathura Refinery
CMM-INSTRU-C725C9-001,INSTRUMENTATION | PRESSURE GAUGE | SS 304 | 0-5 BAR | EN 837-1,INSTRUMENTATION,STANDALONE_CANDIDATE,1,1,CPCL,NOS,9890,9890.0,1,Manali Terminal
CMM-INSTRU-C908CF-001,INSTRUMENTATION | PRESSURE GAUGE | SS 304 | 0-100 BAR | EN 837-1,INSTRUMENTATION,STANDALONE_CANDIDATE,1,1,HPCL,NOS,13413,13413.0,1,Visakh Refinery
CMM-INSTRU-CA7644-001,INSTRUMENTATION | TEMPERATURE SENSOR | PT100 | 3-WIRE | IEC 60751,INSTRUMENTATION,STANDALONE_CANDIDATE,1,1,IOCL,NOS,4053,4053.0,1,Paradip Refinery
CMM-INSTRU-CAE3B3-001,INSTRUMENTATION | TEMPERATURE SENSOR | PT100 | 4-WIRE | IEC 60751,INSTRUMENTATION,STANDALONE_CANDIDATE,1,1,HPCL,NOS,12999,12999.0,1,Vishakha Terminal
CMM-INSTRU-CBBEC0-001,INSTRUMENTATION | TEMPERATURE SENSOR | PT100 | 3-WIRE | IEC 60751,INSTRUMENTATION,STANDALONE_CANDIDATE,1,1,IOCL,NOS,24696,24696.0,1,Paradip Refinery
CMM-INSTRU-CE7A90-001,INSTRUMENTATION | TEMPERATURE SENSOR | PT100 | 3-WIRE | IEC 60751,INSTRUMENTATION,STANDALONE_CANDIDATE,1,1,IOCL,NOS,594,594.0,1,Paradip Refinery
CMM-INSTRU-CFBAF8-001,INSTRUMENTATION | TEMPERATURE SENSOR | PT100 | 4-WIRE | IEC 60751,INSTRUMENTATION,STANDALONE_CANDIDATE,1,1,CPCL,NOS,1153,1153.0,1,Manali Terminal
CMM-INSTRU-CFBC96-001,INSTRUMENTATION | PRESSURE GAUGE | SS 304 | 0-100 BAR | EN 837-1,INSTRUMENTATION,STANDALONE_CANDIDATE,1,1,IOCL,NOS,999,999.0,1,Paradip Refinery
CMM-INSTRU-D4A806-001,INSTRUMENTATION | TEMPERATURE SENSOR | PT100 | 3-WIRE | IEC 60751,INSTRUMENTATION,STANDALONE_CANDIDATE,1,1,HPCL,NOS,12113,12113.0,1,Mumbai Refinery
CMM-INSTRU-D6389C-001,INSTRUMENTATION | TEMPERATURE SENSOR | PT100 | 4-WIRE | IEC 60751,INSTRUMENTATION,STANDALONE_CANDIDATE,1,1,HPCL,NOS,10636,10636.0,1,Mumbai Refinery
CMM-INSTRU-D8D437-001,INSTRUMENTATION | PRESSURE GAUGE | SS 304 | 0-10 BAR | EN 837-1,INSTRUMENTATION,STANDALONE_CANDIDATE,1,1,CPCL,NOS,13782,13782.0,1,Chennai Refinery
CMM-INSTRU-DBF36C-001,INSTRUMENTATION | PRESSURE GAUGE | SS 304 | 0-40 BAR | EN 837-1,INSTRUMENTATION,STANDALONE_CANDIDATE,1,1,CPCL,NOS,3848,3848.0,1,Manali Terminal
CMM-INSTRU-DD3521-001,INSTRUMENTATION | TEMPERATURE SENSOR | PT100 | 4-WIRE | IEC 60751,INSTRUMENTATION,STANDALONE_CANDIDATE,1,1,ONGC,NOS,20321,20321.0,1,Mumbai Offshore
CMM-INSTRU-DDCF6B-001,INSTRUMENTATION | TEMPERATURE SENSOR | PT100 | 3-WIRE | IEC 60751,INSTRUMENTATION,STANDALONE_CANDIDATE,1,1,CPCL,NOS,19003,19003.0,1,Chennai Refinery
CMM-INSTRU-DE3CC2-001,INSTRUMENTATION | PRESSURE GAUGE | SS 304 | 0-25 BAR | EN 837-1,INSTRUMENTATION,STANDALONE_CANDIDATE,1,1,CPCL,NOS,3950,3950.0,1,Manali Terminal
CMM-INSTRU-E00E74-001,INSTRUMENTATION | PRESSURE GAUGE | SS 304 | 0-40 BAR | EN 837-1,INSTRUMENTATION,STANDALONE_CANDIDATE,1,1,CPCL,NOS,9103,9103.0,1,Chennai Refinery
CMM-INSTRU-E02E65-001,INSTRUMENTATION | PRESSURE GAUGE | SS 304 | 0-100 BAR | EN 837-1,INSTRUMENTATION,STANDALONE_CANDIDATE,1,1,ONGC,NOS,7544,7544.0,1,Mehsana Asset
CMM-INSTRU-E18887-001,INSTRUMENTATION | TEMPERATURE SENSOR | PT100 | 4-WIRE | IEC 60751,INSTRUMENTATION,STANDALONE_CANDIDATE,1,1,HPCL,NOS,22943,22943.0,1,Mumbai Refinery
CMM-INSTRU-E24BBE-001,INSTRUMENTATION | PRESSURE GAUGE | SS 304 | 0-40 BAR | EN 837-1,INSTRUMENTATION,STANDALONE_CANDIDATE,1,1,IOCL,NOS,15969,15969.0,1,Mathura Refinery
CMM-INSTRU-E2E922-001,INSTRUMENTATION | TEMPERATURE SENSOR | PT100 | 4-WIRE | IEC 60751,INSTRUMENTATION,STANDALONE_CANDIDATE,1,1,HPCL,NOS,6249,6249.0,1,Mumbai Refinery
CMM-INSTRU-E7B1B9-001,INSTRUMENTATION | TEMPERATURE SENSOR | PT100 | 3-WIRE | IEC 60751,INSTRUMENTATION,STANDALONE_CANDIDATE,1,1,ONGC,NOS,4878,4878.0,1,Ahmedabad Asset
CMM-INSTRU-E89648-001,INSTRUMENTATION | PRESSURE GAUGE | SS 304 | 0-40 BAR | EN 837-1,INSTRUMENTATION,STANDALONE_CANDIDATE,1,1,IOCL,NOS,22757,22757.0,1,Mathura Refinery
CMM-INSTRU-EAF3DA-001,INSTRUMENTATION | PRESSURE GAUGE | SS 304 | 0-25 BAR | EN 837-1,INSTRUMENTATION,STANDALONE_CANDIDATE,1,1,IOCL,NOS,23282,23282.0,1,Mathura Refinery
CMM-INSTRU-EBA620-001,INSTRUMENTATION | TEMPERATURE SENSOR | PT100 | 4-WIRE | IEC 60751,INSTRUMENTATION,STANDALONE_CANDIDATE,1,1,HPCL,NOS,18351,18351.0,1,Mumbai Refinery
CMM-INSTRU-EC692F-001,INSTRUMENTATION | PRESSURE GAUGE | SS 304 | 0-10 BAR | EN 837-1,INSTRUMENTATION,STANDALONE_CANDIDATE,1,1,CPCL,NOS,23669,23669.0,1,Manali Terminal
CMM-INSTRU-F017ED-001,INSTRUMENTATION | TEMPERATURE SENSOR | PT100 | 4-WIRE | IEC 60751,INSTRUMENTATION,STANDALONE_CANDIDATE,1,1,HPCL,NOS,24533,24533.0,1,Vishakha Terminal
CMM-INSTRU-F29EEF-001,INSTRUMENTATION | TEMPERATURE SENSOR | PT100 | 3-WIRE | IEC 60751,INSTRUMENTATION,STANDALONE_CANDIDATE,1,1,CPCL,NOS,13944,13944.0,1,Chennai Refinery
CMM-INSTRU-F3BF61-001,INSTRUMENTATION | PRESSURE GAUGE | SS 304 | 0-5 BAR | EN 837-1,INSTRUMENTATION,STANDALONE_CANDIDATE,1,1,HPCL,NOS,904,904.0,1,Vishakha Terminal
CMM-INSTRU-F3D03A-001,INSTRUMENTATION | TEMPERATURE SENSOR | PT100 | 3-WIRE | IEC 60751,INSTRUMENTATION,STANDALONE_CANDIDATE,1,1,IOCL,NOS,10301,10301.0,1,Panipat Refinery
CMM-INSTRU-F7C70A-001,INSTRUMENTATION | PRESSURE GAUGE | SS 304 | 0-25 BAR | EN 837-1,INSTRUMENTATION,STANDALONE_CANDIDATE,1,1,IOCL,NOS,8977,8977.0,1,Paradip Refinery
CMM-INSTRU-F7C9CB-001,INSTRUMENTATION | TEMPERATURE SENSOR | PT100 | 3-WIRE | IEC 60751,INSTRUMENTATION,STANDALONE_CANDIDATE,1,1,CPCL,NOS,11422,11422.0,1,Chennai Refinery
CMM-INSTRU-F7E4F3-001,INSTRUMENTATION | TEMPERATURE SENSOR | PT100 | 3-WIRE | IEC 60751,INSTRUMENTATION,STANDALONE_CANDIDATE,1,1,CPCL,NOS,2547,2547.0,1,Chennai Refinery
CMM-INSTRU-F89A45-001,INSTRUMENTATION | PRESSURE GAUGE | SS 304 | 0-5 BAR | EN 837-1,INSTRUMENTATION,STANDALONE_CANDIDATE,1,1,ONGC,NOS,17715,17715.0,1,Mumbai Offshore
CMM-INSTRU-FBE5EA-001,INSTRUMENTATION | TEMPERATURE SENSOR | PT100 | 3-WIRE | IEC 60751,INSTRUMENTATION,STANDALONE_CANDIDATE,1,1,IOCL,NOS,23978,23978.0,1,Paradip Refinery
CMM-INSTRU-FC9CAC-001,INSTRUMENTATION | PRESSURE GAUGE | SS 304 | 0-100 BAR | EN 837-1,INSTRUMENTATION,STANDALONE_CANDIDATE,1,1,HPCL,NOS,22544,22544.0,1,Vishakha Terminal
CMM-INSTRU-FE974D-001,INSTRUMENTATION | TEMPERATURE SENSOR | PT100 | 4-WIRE | IEC 60751,INSTRUMENTATION,STANDALONE_CANDIDATE,1,1,HPCL,NOS,17873,17873.0,1,Mumbai Refinery
CMM-LUBRIC-009CEC-001,LUBRICANT | MINERAL OIL | EP 90 | IS 10522,LUBRICANT,STANDALONE_CANDIDATE,1,1,IOCL,LTR,2060,2060.0,1,Paradip Refinery
CMM-LUBRIC-0659F8-001,LUBRICANT | MINERAL OIL | EP 90 | IS 10522,LUBRICANT,STANDALONE_CANDIDATE,1,1,HPCL,LTR,6214,6214.0,1,Vishakha Terminal
CMM-LUBRIC-0B41EA-001,LUBRICANT | MINERAL OIL | EP 140 | IS 10522,LUBRICANT,STANDALONE_CANDIDATE,1,1,CPCL,LTR,4587,4587.0,1,Manali Terminal
CMM-LUBRIC-0C699B-001,LUBRICANT | MINERAL OIL | EP 90 | IS 10522,LUBRICANT,STANDALONE_CANDIDATE,1,1,ONGC,LTR,14913,14913.0,1,Mumbai Offshore
CMM-LUBRIC-0FB662-001,LUBRICANT | MINERAL OIL | ISO VG 220 | IS 10522; ISO VG 220,LUBRICANT,STANDALONE_CANDIDATE,1,1,ONGC,LTR,2455,2455.0,1,Mehsana Asset
CMM-LUBRIC-1A6313-001,LUBRICANT | MINERAL OIL | ISO VG 320 | IS 10522; ISO VG 320,LUBRICANT,STANDALONE_CANDIDATE,1,1,CPCL,LTR,22649,22649.0,1,Manali Terminal
CMM-LUBRIC-2164BC-001,LUBRICANT | MINERAL OIL | ISO VG 320 | IS 10522; ISO VG 320,LUBRICANT,STANDALONE_CANDIDATE,1,1,ONGC,LTR,24434,24434.0,1,Mehsana Asset
CMM-LUBRIC-24839E-001,LUBRICANT | MINERAL OIL | EP 140 | IS 10522,LUBRICANT,STANDALONE_CANDIDATE,1,1,HPCL,LTR,24447,24447.0,1,Mumbai Refinery
CMM-LUBRIC-29FE83-001,LUBRICANT | MINERAL OIL | ISO VG 320 | IS 10522; ISO VG 320,LUBRICANT,STANDALONE_CANDIDATE,1,1,ONGC,LTR,23140,23140.0,1,Mehsana Asset
CMM-LUBRIC-346D81-001,LUBRICANT | MINERAL OIL | ISO VG 320 | IS 10522; ISO VG 320,LUBRICANT,STANDALONE_CANDIDATE,1,1,CPCL,LTR,1172,1172.0,1,Chennai Refinery
CMM-LUBRIC-35FEE4-001,LUBRICANT | MINERAL OIL | ISO VG 320 | IS 10522; ISO VG 320,LUBRICANT,STANDALONE_CANDIDATE,1,1,ONGC,LTR,5361,5361.0,1,Mumbai Offshore
CMM-LUBRIC-378EFA-001,LUBRICANT | MINERAL OIL | EP 90 | IS 10522,LUBRICANT,STANDALONE_CANDIDATE,1,1,HPCL,LTR,21912,21912.0,1,Vishakha Terminal
CMM-LUBRIC-3B7909-001,LUBRICANT | MINERAL OIL | ISO VG 220 | IS 10522; ISO VG 220,LUBRICANT,STANDALONE_CANDIDATE,1,1,HPCL,LTR,11627,11627.0,1,Mumbai Refinery
CMM-LUBRIC-3DB499-001,LUBRICANT | MINERAL OIL | EP 140 | IS 10522,LUBRICANT,STANDALONE_CANDIDATE,1,1,ONGC,LTR,13481,13481.0,1,Mehsana Asset
CMM-LUBRIC-3E0C9E-001,LUBRICANT | MINERAL OIL | ISO VG 320 | IS 10522; ISO VG 320,LUBRICANT,STANDALONE_CANDIDATE,1,1,HPCL,LTR,11927,11927.0,1,Mumbai Refinery
CMM-LUBRIC-41EBE5-001,LUBRICANT | MINERAL OIL | EP 140 | IS 10522,LUBRICANT,STANDALONE_CANDIDATE,1,1,HPCL,LTR,6147,6147.0,1,Vishakha Terminal
CMM-LUBRIC-420730-001,LUBRICANT | MINERAL OIL | ISO VG 320 | IS 10522; ISO VG 320,LUBRICANT,STANDALONE_CANDIDATE,1,1,IOCL,LTR,24861,24861.0,1,Panipat Refinery
CMM-LUBRIC-45D000-001,LUBRICANT | MINERAL OIL | EP 90 | IS 10522,LUBRICANT,STANDALONE_CANDIDATE,1,1,ONGC,LTR,8575,8575.0,1,Mehsana Asset
CMM-LUBRIC-46C6BF-001,LUBRICANT | MINERAL OIL | EP 140 | IS 10522,LUBRICANT,STANDALONE_CANDIDATE,1,1,IOCL,LTR,6337,6337.0,1,Mathura Refinery
CMM-LUBRIC-4896AA-001,LUBRICANT | MINERAL OIL | ISO VG 220 | IS 10522; ISO VG 220,LUBRICANT,STANDALONE_CANDIDATE,1,1,IOCL,LTR,23884,23884.0,1,Panipat Refinery
CMM-LUBRIC-4E182A-001,LUBRICANT | MINERAL OIL | EP 140 | IS 10522,LUBRICANT,STANDALONE_CANDIDATE,1,1,IOCL,LTR,13412,13412.0,1,Mathura Refinery
CMM-LUBRIC-539292-001,LUBRICANT | MINERAL OIL | ISO VG 320 | IS 10522; ISO VG 320,LUBRICANT,STANDALONE_CANDIDATE,1,1,IOCL,LTR,19009,19009.0,1,Mathura Refinery
CMM-LUBRIC-684E48-001,LUBRICANT | MINERAL OIL | ISO VG 220 | IS 10522; ISO VG 220,LUBRICANT,STANDALONE_CANDIDATE,1,1,ONGC,LTR,2897,2897.0,1,Mehsana Asset
CMM-LUBRIC-6B2D5B-001,LUBRICANT | MINERAL OIL | ISO VG 220 | IS 10522; ISO VG 220,LUBRICANT,STANDALONE_CANDIDATE,1,1,CPCL,LTR,24196,24196.0,1,Manali Terminal
CMM-LUBRIC-6E6D60-001,LUBRICANT | MINERAL OIL | EP 140 | IS 10522,LUBRICANT,STANDALONE_CANDIDATE,1,1,ONGC,LTR,10233,10233.0,1,Mumbai Offshore
CMM-LUBRIC-7589B6-001,LUBRICANT | MINERAL OIL | EP 140 | IS 10522,LUBRICANT,STANDALONE_CANDIDATE,1,1,CPCL,LTR,10983,10983.0,1,Manali Terminal
CMM-LUBRIC-759D48-001,LUBRICANT | MINERAL OIL | EP 90 | IS 10522,LUBRICANT,STANDALONE_CANDIDATE,1,1,HPCL,LTR,17934,17934.0,1,Mumbai Refinery
CMM-LUBRIC-77000E-001,LUBRICANT | MINERAL OIL | ISO VG 320 | IS 10522; ISO VG 320,LUBRICANT,STANDALONE_CANDIDATE,1,1,IOCL,LTR,12287,12287.0,1,Paradip Refinery
CMM-LUBRIC-810D59-001,LUBRICANT | MINERAL OIL | ISO VG 320 | IS 10522; ISO VG 320,LUBRICANT,STANDALONE_CANDIDATE,1,1,IOCL,LTR,19812,19812.0,1,Paradip Refinery
CMM-LUBRIC-83FE82-001,LUBRICANT | MINERAL OIL | ISO VG 320 | IS 10522; ISO VG 320,LUBRICANT,STANDALONE_CANDIDATE,1,1,ONGC,LTR,10978,10978.0,1,Mehsana Asset
CMM-LUBRIC-84D919-001,LUBRICANT | MINERAL OIL | ISO VG 320 | IS 10522; ISO VG 320,LUBRICANT,STANDALONE_CANDIDATE,1,1,HPCL,LTR,21908,21908.0,1,Visakh Refinery
CMM-LUBRIC-856CB1-001,LUBRICANT | MINERAL OIL | ISO VG 220 | IS 10522; ISO VG 220,LUBRICANT,STANDALONE_CANDIDATE,1,1,CPCL,LTR,24550,24550.0,1,Chennai Refinery
CMM-LUBRIC-876E7C-001,LUBRICANT | MINERAL OIL | EP 90 | IS 10522,LUBRICANT,STANDALONE_CANDIDATE,1,1,IOCL,LTR,21278,21278.0,1,Mathura Refinery
CMM-LUBRIC-8D41B2-001,LUBRICANT | MINERAL OIL | EP 90 | IS 10522,LUBRICANT,STANDALONE_CANDIDATE,1,1,ONGC,LTR,2721,2721.0,1,Mumbai Offshore
CMM-LUBRIC-90579B-001,LUBRICANT | MINERAL OIL | ISO VG 320 | IS 10522; ISO VG 320,LUBRICANT,STANDALONE_CANDIDATE,1,1,CPCL,LTR,9509,9509.0,1,Manali Terminal
CMM-LUBRIC-9DC95E-001,LUBRICANT | MINERAL OIL | ISO VG 220 | IS 10522; ISO VG 220,LUBRICANT,STANDALONE_CANDIDATE,1,1,IOCL,LTR,22348,22348.0,1,Paradip Refinery
CMM-LUBRIC-AA9B3C-001,LUBRICANT | MINERAL OIL | ISO VG 320 | IS 10522; ISO VG 320,LUBRICANT,STANDALONE_CANDIDATE,1,1,HPCL,LTR,15804,15804.0,1,Visakh Refinery
CMM-LUBRIC-C14CCF-001,LUBRICANT | MINERAL OIL | EP 90 | IS 10522,LUBRICANT,STANDALONE_CANDIDATE,1,1,HPCL,LTR,18286,18286.0,1,Vishakha Terminal
CMM-LUBRIC-C1619A-001,LUBRICANT | MINERAL OIL | ISO VG 220 | IS 10522; ISO VG 220,LUBRICANT,STANDALONE_CANDIDATE,1,1,ONGC,LTR,8663,8663.0,1,Ahmedabad Asset
CMM-LUBRIC-C39474-001,LUBRICANT | MINERAL OIL | ISO VG 320 | IS 10522; ISO VG 320,LUBRICANT,STANDALONE_CANDIDATE,1,1,HPCL,LTR,2364,2364.0,1,Visakh Refinery
CMM-LUBRIC-C68355-001,LUBRICANT | MINERAL OIL | EP 90 | IS 10522,LUBRICANT,STANDALONE_CANDIDATE,1,1,IOCL,LTR,13165,13165.0,1,Panipat Refinery
CMM-LUBRIC-CB5DF6-001,LUBRICANT | MINERAL OIL | EP 140 | IS 10522,LUBRICANT,STANDALONE_CANDIDATE,1,1,ONGC,LTR,10535,10535.0,1,Mumbai Offshore
CMM-LUBRIC-CF1490-001,LUBRICANT | MINERAL OIL | ISO VG 220 | IS 10522; ISO VG 220,LUBRICANT,STANDALONE_CANDIDATE,1,1,ONGC,LTR,1563,1563.0,1,Ahmedabad Asset
CMM-LUBRIC-D88687-001,LUBRICANT | MINERAL OIL | ISO VG 320 | IS 10522; ISO VG 320,LUBRICANT,STANDALONE_CANDIDATE,1,1,HPCL,LTR,11417,11417.0,1,Visakh Refinery
CMM-LUBRIC-D8E578-001,LUBRICANT | MINERAL OIL | ISO VG 220 | IS 10522; ISO VG 220,LUBRICANT,STANDALONE_CANDIDATE,1,1,CPCL,LTR,14355,14355.0,1,Manali Terminal
CMM-LUBRIC-DE0C50-001,LUBRICANT | MINERAL OIL | EP 140 | IS 10522,LUBRICANT,STANDALONE_CANDIDATE,1,1,HPCL,LTR,19035,19035.0,1,Mumbai Refinery
CMM-LUBRIC-E14B22-001,LUBRICANT | MINERAL OIL | ISO VG 220 | IS 10522; ISO VG 220,LUBRICANT,STANDALONE_CANDIDATE,1,1,IOCL,LTR,12726,12726.0,1,Panipat Refinery
CMM-LUBRIC-E39AF2-001,LUBRICANT | MINERAL OIL | EP 90 | IS 10522,LUBRICANT,STANDALONE_CANDIDATE,1,1,ONGC,LTR,16696,16696.0,1,Mehsana Asset
CMM-LUBRIC-E43729-001,LUBRICANT | MINERAL OIL | ISO VG 320 | IS 10522; ISO VG 320,LUBRICANT,STANDALONE_CANDIDATE,1,1,ONGC,LTR,17688,17688.0,1,Ahmedabad Asset
CMM-LUBRIC-E542FF-001,LUBRICANT | MINERAL OIL | ISO VG 320 | IS 10522; ISO VG 320,LUBRICANT,STANDALONE_CANDIDATE,1,1,ONGC,LTR,9765,9765.0,1,Ahmedabad Asset
CMM-LUBRIC-EB24A3-001,LUBRICANT | MINERAL OIL | EP 140 | IS 10522,LUBRICANT,STANDALONE_CANDIDATE,1,1,CPCL,LTR,8020,8020.0,1,Chennai Refinery
CMM-LUBRIC-ED9C2D-001,LUBRICANT | MINERAL OIL | ISO VG 320 | IS 10522; ISO VG 320,LUBRICANT,STANDALONE_CANDIDATE,1,1,HPCL,LTR,16981,16981.0,1,Vishakha Terminal
CMM-LUBRIC-F791EE-001,LUBRICANT | MINERAL OIL | EP 140 | IS 10522,LUBRICANT,STANDALONE_CANDIDATE,1,1,IOCL,LTR,15525,15525.0,1,Mathura Refinery
CMM-LUBRIC-F7DB73-001,LUBRICANT | MINERAL OIL | EP 140 | IS 10522,LUBRICANT,STANDALONE_CANDIDATE,1,1,IOCL,LTR,5311,5311.0,1,Paradip Refinery
CMM-LUBRIC-FD37F4-001,LUBRICANT | MINERAL OIL | ISO VG 220 | IS 10522; ISO VG 220,LUBRICANT,STANDALONE_CANDIDATE,1,1,HPCL,LTR,18491,18491.0,1,Mumbai Refinery
CMM-LUBRIC-FE3EC3-001,LUBRICANT | MINERAL OIL | ISO VG 220 | IS 10522; ISO VG 220,LUBRICANT,STANDALONE_CANDIDATE,1,1,CPCL,LTR,14388,14388.0,1,Chennai Refinery
CMM-LUBRIC-FFD713-001,LUBRICANT | MINERAL OIL | ISO VG 220 | IS 10522; ISO VG 220,LUBRICANT,STANDALONE_CANDIDATE,1,1,CPCL,LTR,9325,9325.0,1,Manali Terminal
CMM-PIPEF-01229B-001,PIPE/FITTING | PIPE | ASTM A106 GR.B | 4 IN | API 5L; ASTM A106 GR.B,PIPE/FITTING,STANDALONE_CANDIDATE,1,1,ONGC,MTR,3864,3864.0,1,Mumbai Offshore
CMM-PIPEF-01BE21-001,PIPE/FITTING | PIPE | ASTM A106 GR.B | 4 IN | API 5L; ASTM A106 GR.B,PIPE/FITTING,STANDALONE_CANDIDATE,1,1,HPCL,MTR,18076,18076.0,1,Visakh Refinery
CMM-PIPEF-048048-001,PIPE/FITTING | FLANGE | ASTM A105 | 4 IN | ASME B16.5; ASTM A105,PIPE/FITTING,STANDALONE_CANDIDATE,1,1,CPCL,MTR,193,193.0,1,Manali Terminal
CMM-PIPEF-04833B-001,PIPE/FITTING | PIPE | ASTM A106 GR.B | 1 IN | API 5L; ASTM A106 GR.B,PIPE/FITTING,STANDALONE_CANDIDATE,1,1,HPCL,MTR,11133,11133.0,1,Vishakha Terminal
CMM-PIPEF-063F43-001,PIPE/FITTING | ELBOW | ASTM A234 WPB | 6 IN | 90 DEG | ASME B16.9; ASTM A234,PIPE/FITTING,STANDALONE_CANDIDATE,1,1,CPCL,MTR,6545,6545.0,1,Manali Terminal
CMM-PIPEF-07A2DB-001,PIPE/FITTING | FLANGE | ASTM A105 | 2 IN | ASME B16.5; ASTM A105,PIPE/FITTING,STANDALONE_CANDIDATE,1,1,CPCL,MTR,6813,6813.0,1,Chennai Refinery
CMM-PIPEF-0A4571-001,PIPE/FITTING | PIPE | ASTM A106 GR.B | 1/2 IN | API 5L; ASTM A106 GR.B,PIPE/FITTING,STANDALONE_CANDIDATE,1,1,ONGC,MTR,10692,10692.0,1,Mumbai Offshore
CMM-PIPEF-0AF6F3-001,PIPE/FITTING | ELBOW | ASTM A234 WPB | 6 IN | 90 DEG | ASME B16.9; ASTM A234,PIPE/FITTING,STANDALONE_CANDIDATE,1,1,IOCL,MTR,18808,18808.0,1,Paradip Refinery
CMM-PIPEF-0F2420-001,PIPE/FITTING | PIPE | ASTM A106 GR.B | 2 IN | API 5L; ASTM A106 GR.B,PIPE/FITTING,STANDALONE_CANDIDATE,1,1,CPCL,MTR,8963,8963.0,1,Chennai Refinery
CMM-PIPEF-13FA99-001,PIPE/FITTING | PIPE | ASTM A106 GR.B | 3 IN | API 5L; ASTM A106 GR.B,PIPE/FITTING,STANDALONE_CANDIDATE,1,1,HPCL,MTR,14642,14642.0,1,Vishakha Terminal
CMM-PIPEF-14C107-001,PIPE/FITTING | FLANGE | ASTM A105 | 6 IN | ASME B16.5; ASTM A105,PIPE/FITTING,STANDALONE_CANDIDATE,1,1,IOCL,MTR,18360,18360.0,1,Mathura Refinery
CMM-PIPEF-1643B7-001,PIPE/FITTING | FLANGE | ASTM A105 | 2 IN | ASME B16.5; ASTM A105,PIPE/FITTING,STANDALONE_CANDIDATE,1,1,CPCL,MTR,14088,14088.0,1,Chennai Refinery
CMM-PIPEF-165842-001,PIPE/FITTING | PIPE | ASTM A106 GR.B | 1/2 IN | API 5L; ASTM A106 GR.B,PIPE/FITTING,STANDALONE_CANDIDATE,1,1,CPCL,MTR,16252,16252.0,1,Manali Terminal
CMM-PIPEF-185D5E-001,PIPE/FITTING | PIPE | ASTM A106 GR.B | 3 IN | API 5L; ASTM A106 GR.B,PIPE/FITTING,STANDALONE_CANDIDATE,1,1,ONGC,MTR,22524,22524.0,1,Mumbai Offshore
CMM-PIPEF-19775B-001,PIPE/FITTING | PIPE | ASTM A106 GR.B | 3 IN | API 5L; ASTM A106 GR.B,PIPE/FITTING,STANDALONE_CANDIDATE,1,1,CPCL,MTR,21897,21897.0,1,Chennai Refinery
CMM-PIPEF-1C5C65-001,PIPE/FITTING | PIPE | ASTM A106 GR.B | 6 IN | API 5L; ASTM A106 GR.B,PIPE/FITTING,STANDALONE_CANDIDATE,1,1,IOCL,MTR,21709,21709.0,1,Mathura Refinery
CMM-PIPEF-1DF9C7-001,PIPE/FITTING | PIPE | ASTM A106 GR.B | 1 IN | API 5L; ASTM A106 GR.B,PIPE/FITTING,STANDALONE_CANDIDATE,1,1,HPCL,MTR,2630,2630.0,1,Visakh Refinery
CMM-PIPEF-1E2C69-001,PIPE/FITTING | PIPE | ASTM A106 GR.B | 2 IN | API 5L; ASTM A106 GR.B,PIPE/FITTING,STANDALONE_CANDIDATE,1,1,CPCL,MTR,11910,11910.0,1,Chennai Refinery
CMM-PIPEF-1E7354-001,PIPE/FITTING | FLANGE | ASTM A105 | 4 IN | ASME B16.5; ASTM A105,PIPE/FITTING,STANDALONE_CANDIDATE,1,1,IOCL,MTR,4117,4117.0,1,Paradip Refinery
CMM-PIPEF-204137-001,PIPE/FITTING | PIPE | ASTM A106 GR.B | 3 IN | API 5L; ASTM A106 GR.B,PIPE/FITTING,STANDALONE_CANDIDATE,1,1,IOCL,MTR,11163,11163.0,1,Paradip Refinery
CMM-PIPEF-228BF5-001,PIPE/FITTING | FLANGE | ASTM A105 | 4 IN | ASME B16.5; ASTM A105,PIPE/FITTING,STANDALONE_CANDIDATE,1,1,HPCL,MTR,9440,9440.0,1,Visakh Refinery
CMM-PIPEF-24CB0A-001,PIPE/FITTING | ELBOW | ASTM A234 WPB | 3 IN | 90 DEG | ASME B16.9; ASTM A234,PIPE/FITTING,STANDALONE_CANDIDATE,1,1,HPCL,MTR,4875,4875.0,1,Mumbai Refinery
CMM-PIPEF-24D2C1-001,PIPE/FITTING | ELBOW | ASTM A234 WPB | 1 IN | 90 DEG | ASME B16.9; ASTM A234,PIPE/FITTING,STANDALONE_CANDIDATE,1,1,ONGC,MTR,20376,20376.0,1,Ahmedabad Asset
CMM-PIPEF-263200-001,PIPE/FITTING | ELBOW | ASTM A234 WPB | 4 IN | ASME B16.9; ASTM A234,PIPE/FITTING,STANDALONE_CANDIDATE,1,1,HPCL,MTR,11907,11907.0,1,Mumbai Refinery
CMM-PIPEF-27245E-001,PIPE/FITTING | PIPE | ASTM A106 GR.B | 1/2 IN | API 5L; ASTM A106 GR.B,PIPE/FITTING,STANDALONE_CANDIDATE,1,1,IOCL,MTR,22130,22130.0,1,Mathura Refinery
CMM-PIPEF-27B1AA-001,PIPE/FITTING | PIPE | ASTM A106 GR.B | 6 IN | API 5L; ASTM A106 GR.B,PIPE/FITTING,STANDALONE_CANDIDATE,1,1,HPCL,MTR,12560,12560.0,1,Vishakha Terminal
CMM-PIPEF-29427B-001,PIPE/FITTING | ELBOW | ASTM A234 WPB | 2 IN | ASME B16.9; ASTM A234,PIPE/FITTING,STANDALONE_CANDIDATE,1,1,CPCL,MTR,22218,22218.0,1,Manali Terminal
CMM-PIPEF-294AEE-001,PIPE/FITTING | FLANGE | ASTM A105 | 4 IN | ASME B16.5; ASTM A105,PIPE/FITTING,STANDALONE_CANDIDATE,1,1,CPCL,MTR,19190,19190.0,1,Manali Terminal
CMM-PIPEF-2A7CFA-001,PIPE/FITTING | ELBOW | ASTM A234 WPB | 6 IN | ASME B16.9; ASTM A234,PIPE/FITTING,STANDALONE_CANDIDATE,1,1,HPCL,MTR,4953,4953.0,1,Visakh Refinery
CMM-PIPEF-2A89BB-001,PIPE/FITTING | PIPE | ASTM A106 GR.B | 1 IN | API 5L; ASTM A106 GR.B,PIPE/FITTING,STANDALONE_CANDIDATE,1,1,IOCL,MTR,19607,19607.0,1,Paradip Refinery
CMM-PIPEF-388E87-001,PIPE/FITTING | ELBOW | ASTM A234 WPB | 3 IN | 90 DEG | ASME B16.9; ASTM A234,PIPE/FITTING,STANDALONE_CANDIDATE,1,1,ONGC,MTR,18873,18873.0,1,Mehsana Asset
CMM-PIPEF-3A7638-001,PIPE/FITTING | PIPE | ASTM A106 GR.B | 1 IN | API 5L; ASTM A106 GR.B,PIPE/FITTING,STANDALONE_CANDIDATE,1,1,IOCL,MTR,410,410.0,1,Paradip Refinery
CMM-PIPEF-3D56A3-001,PIPE/FITTING | ELBOW | ASTM A234 WPB | 6 IN | ASME B16.9; ASTM A234,PIPE/FITTING,STANDALONE_CANDIDATE,1,1,ONGC,MTR,18208,18208.0,1,Ahmedabad Asset
CMM-PIPEF-3E0236-001,PIPE/FITTING | ELBOW | ASTM A234 WPB | 4 IN | 90 DEG | ASME B16.9; ASTM A234,PIPE/FITTING,STANDALONE_CANDIDATE,1,1,HPCL,MTR,20206,20206.0,1,Visakh Refinery
CMM-PIPEF-3F11B0-001,PIPE/FITTING | PIPE | ASTM A106 GR.B | 1 IN | API 5L; ASTM A106 GR.B,PIPE/FITTING,STANDALONE_CANDIDATE,1,1,CPCL,MTR,18173,18173.0,1,Manali Terminal
CMM-PIPEF-3F7199-001,PIPE/FITTING | ELBOW | ASTM A234 WPB | 2 IN | 90 DEG | ASME B16.9; ASTM A234,PIPE/FITTING,STANDALONE_CANDIDATE,1,1,HPCL,MTR,21038,21038.0,1,Visakh Refinery
CMM-PIPEF-42B8CB-001,PIPE/FITTING | ELBOW | ASTM A234 WPB | 4 IN | 90 DEG | ASME B16.9; ASTM A234,PIPE/FITTING,STANDALONE_CANDIDATE,1,1,HPCL,MTR,3772,3772.0,1,Mumbai Refinery
CMM-PIPEF-433B67-001,PIPE/FITTING | PIPE | ASTM A106 GR.B | 1/2 IN | API 5L; ASTM A106 GR.B,PIPE/FITTING,STANDALONE_CANDIDATE,1,1,HPCL,MTR,11950,11950.0,1,Vishakha Terminal
CMM-PIPEF-43B7C6-001,PIPE/FITTING | PIPE | ASTM A106 GR.B | 1/2 IN | API 5L; ASTM A106 GR.B,PIPE/FITTING,STANDALONE_CANDIDATE,1,1,IOCL,MTR,11212,11212.0,1,Paradip Refinery
CMM-PIPEF-4B3059-001,PIPE/FITTING | PIPE | ASTM A106 GR.B | 3 IN | API 5L; ASTM A106 GR.B,PIPE/FITTING,STANDALONE_CANDIDATE,1,1,CPCL,MTR,9363,9363.0,1,Chennai Refinery
CMM-PIPEF-4C18AF-001,PIPE/FITTING | PIPE | ASTM A106 GR.B | 1 IN | API 5L; ASTM A106 GR.B,PIPE/FITTING,STANDALONE_CANDIDATE,1,1,ONGC,MTR,435,435.0,1,Mehsana Asset
CMM-PIPEF-4F6CAB-001,PIPE/FITTING | ELBOW | ASTM A234 WPB | 1 IN | 90 DEG | ASME B16.9; ASTM A234,PIPE/FITTING,STANDALONE_CANDIDATE,1,1,ONGC,MTR,5764,5764.0,1,Mumbai Offshore
CMM-PIPEF-516DD0-001,PIPE/FITTING | PIPE | ASTM A106 GR.B | 6 IN | API 5L; ASTM A106 GR.B,PIPE/FITTING,STANDALONE_CANDIDATE,1,1,IOCL,MTR,8178,8178.0,1,Panipat Refinery
CMM-PIPEF-5250B3-001,PIPE/FITTING | ELBOW | ASTM A234 WPB | 1 IN | 90 DEG | ASME B16.9; ASTM A234,PIPE/FITTING,STANDALONE_CANDIDATE,1,1,CPCL,MTR,196,196.0,1,Manali Terminal
CMM-PIPEF-55BB83-001,PIPE/FITTING | PIPE | ASTM A106 GR.B | 1 IN | API 5L; ASTM A106 GR.B,PIPE/FITTING,STANDALONE_CANDIDATE,1,1,ONGC,MTR,11712,11712.0,1,Mumbai Offshore
CMM-PIPEF-55DECA-001,PIPE/FITTING | FLANGE | ASTM A105 | 6 IN | ASME B16.5; ASTM A105,PIPE/FITTING,STANDALONE_CANDIDATE,1,1,HPCL,MTR,3300,3300.0,1,Visakh Refinery
CMM-PIPEF-564C5E-001,PIPE/FITTING | ELBOW | ASTM A234 WPB | 3 IN | 90 DEG | ASME B16.9; ASTM A234,PIPE/FITTING,STANDALONE_CANDIDATE,1,1,HPCL,MTR,6781,6781.0,1,Visakh Refinery
CMM-PIPEF-5759FA-001,PIPE/FITTING | PIPE | ASTM A106 GR.B | 3 IN | API 5L; ASTM A106 GR.B,PIPE/FITTING,STANDALONE_CANDIDATE,1,1,HPCL,MTR,15622,15622.0,1,Vishakha Terminal
CMM-PIPEF-5813F5-001,PIPE/FITTING | ELBOW | ASTM A234 WPB | 6 IN | 90 DEG | ASME B16.9; ASTM A234,PIPE/FITTING,STANDALONE_CANDIDATE,1,1,IOCL,MTR,21685,21685.0,1,Mathura Refinery
CMM-PIPEF-594AC1-001,PIPE/FITTING | FLANGE | ASTM A105 | 6 IN | ASME B16.5; ASTM A105,PIPE/FITTING,STANDALONE_CANDIDATE,1,1,ONGC,MTR,4136,4136.0,1,Ahmedabad Asset
CMM-PIPEF-595CF1-001,PIPE/FITTING | ELBOW | ASTM A234 WPB | 4 IN | 90 DEG | ASME B16.9; ASTM A234,PIPE/FITTING,STANDALONE_CANDIDATE,1,1,CPCL,MTR,19664,19664.0,1,Chennai Refinery
CMM-PIPEF-59754F-001,PIPE/FITTING | PIPE | ASTM A106 GR.B | 2 IN | API 5L; ASTM A106 GR.B,PIPE/FITTING,STANDALONE_CANDIDATE,1,1,CPCL,MTR,12199,12199.0,1,Manali Terminal
CMM-PIPEF-5C2D7A-001,PIPE/FITTING | PIPE | ASTM A106 GR.B | 1/2 IN | API 5L; ASTM A106 GR.B,PIPE/FITTING,STANDALONE_CANDIDATE,1,1,CPCL,MTR,18914,18914.0,1,Manali Terminal
CMM-PIPEF-5CAE58-001,PIPE/FITTING | FLANGE | ASTM A105 | 1 IN | ASME B16.5; ASTM A105,PIPE/FITTING,STANDALONE_CANDIDATE,1,1,IOCL,MTR,6620,6620.0,1,Mathura Refinery
CMM-PIPEF-5D558F-001,PIPE/FITTING | ELBOW | ASTM A234 WPB | 3 IN | ASME B16.9; ASTM A234,PIPE/FITTING,STANDALONE_CANDIDATE,1,1,IOCL,MTR,400,400.0,1,Mathura Refinery
CMM-PIPEF-60F68E-001,PIPE/FITTING | PIPE | ASTM A106 GR.B | 6 IN | API 5L; ASTM A106 GR.B,PIPE/FITTING,STANDALONE_CANDIDATE,1,1,CPCL,MTR,8148,8148.0,1,Manali Terminal
CMM-PIPEF-627992-001,PIPE/FITTING | ELBOW | ASTM A234 WPB | 4 IN | 90 DEG | ASME B16.9; ASTM A234,PIPE/FITTING,STANDALONE_CANDIDATE,1,1,IOCL,MTR,508,508.0,1,Panipat Refinery
CMM-PIPEF-6308D0-001,PIPE/FITTING | PIPE | ASTM A106 GR.B | 4 IN | API 5L; ASTM A106 GR.B,PIPE/FITTING,STANDALONE_CANDIDATE,1,1,ONGC,MTR,22789,22789.0,1,Mehsana Asset
CMM-PIPEF-66F983-001,PIPE/FITTING | ELBOW | ASTM A234 WPB | 4 IN | ASME B16.9; ASTM A234,PIPE/FITTING,STANDALONE_CANDIDATE,1,1,IOCL,MTR,3650,3650.0,1,Panipat Refinery
CMM-PIPEF-67C824-001,PIPE/FITTING | PIPE | ASTM A106 GR.B | 6 IN | API 5L; ASTM A106 GR.B,PIPE/FITTING,STANDALONE_CANDIDATE,1,1,IOCL,MTR,19131,19131.0,1,Mathura Refinery
CMM-PIPEF-690B75-001,PIPE/FITTING | PIPE | ASTM A106 GR.B | 3 IN | API 5L; ASTM A106 GR.B,PIPE/FITTING,STANDALONE_CANDIDATE,1,1,HPCL,MTR,12809,12809.0,1,Vishakha Terminal
CMM-PIPEF-6ACDB3-001,PIPE/FITTING | ELBOW | ASTM A234 WPB | 6 IN | 90 DEG | ASME B16.9; ASTM A234,PIPE/FITTING,STANDALONE_CANDIDATE,1,1,HPCL,MTR,11492,11492.0,1,Mumbai Refinery
CMM-PIPEF-6B24A5-001,PIPE/FITTING | PIPE | ASTM A106 GR.B | 2 IN | API 5L; ASTM A106 GR.B,PIPE/FITTING,STANDALONE_CANDIDATE,1,1,HPCL,MTR,16799,16799.0,1,Mumbai Refinery
CMM-PIPEF-6F599B-001,PIPE/FITTING | FLANGE | ASTM A105 | 6 IN | ASME B16.5; ASTM A105,PIPE/FITTING,STANDALONE_CANDIDATE,1,1,IOCL,MTR,401,401.0,1,Paradip Refinery
CMM-PIPEF-7191B4-001,PIPE/FITTING | ELBOW | ASTM A234 WPB | 2 IN | 90 DEG | ASME B16.9; ASTM A234,PIPE/FITTING,STANDALONE_CANDIDATE,1,1,CPCL,MTR,17428,17428.0,1,Chennai Refinery
CMM-PIPEF-735DC1-001,PIPE/FITTING | FLANGE | ASTM A105 | 6 IN | ASME B16.5; ASTM A105,PIPE/FITTING,STANDALONE_CANDIDATE,1,1,CPCL,MTR,22314,22314.0,1,Chennai Refinery
CMM-PIPEF-76366C-001,PIPE/FITTING | ELBOW | ASTM A234 WPB | 6 IN | ASME B16.9; ASTM A234,PIPE/FITTING,STANDALONE_CANDIDATE,1,1,ONGC,MTR,3605,3605.0,1,Ahmedabad Asset
CMM-PIPEF-792C24-001,PIPE/FITTING | PIPE | ASTM A106 GR.B | 2 IN | API 5L; ASTM A106 GR.B,PIPE/FITTING,STANDALONE_CANDIDATE,1,1,HPCL,MTR,19581,19581.0,1,Vishakha Terminal
CMM-PIPEF-7C4CD6-001,PIPE/FITTING | ELBOW | ASTM A234 WPB | 6 IN | ASME B16.9; ASTM A234,PIPE/FITTING,STANDALONE_CANDIDATE,1,1,CPCL,MTR,16844,16844.0,1,Chennai Refinery
CMM-PIPEF-7C51BF-001,PIPE/FITTING | PIPE | ASTM A106 GR.B | 3 IN | API 5L; ASTM A106 GR.B,PIPE/FITTING,STANDALONE_CANDIDATE,1,1,IOCL,MTR,23754,23754.0,1,Paradip Refinery
CMM-PIPEF-808159-001,PIPE/FITTING | FLANGE | ASTM A105 | 4 IN | ASME B16.5; ASTM A105,PIPE/FITTING,STANDALONE_CANDIDATE,1,1,CPCL,MTR,6667,6667.0,1,Chennai Refinery
CMM-PIPEF-849C89-001,PIPE/FITTING | FLANGE | ASTM A105 | 4 IN | ASME B16.5; ASTM A105,PIPE/FITTING,STANDALONE_CANDIDATE,1,1,ONGC,MTR,20950,20950.0,1,Ahmedabad Asset
CMM-PIPEF-861608-001,PIPE/FITTING | ELBOW | ASTM A234 WPB | 6 IN | 90 DEG | ASME B16.9; ASTM A234,PIPE/FITTING,STANDALONE_CANDIDATE,1,1,CPCL,MTR,23513,23513.0,1,Chennai Refinery
CMM-PIPEF-884F78-001,PIPE/FITTING | ELBOW | ASTM A234 WPB | 2 IN | 90 DEG | ASME B16.9; ASTM A234,PIPE/FITTING,STANDALONE_CANDIDATE,1,1,HPCL,MTR,10978,10978.0,1,Mumbai Refinery
CMM-PIPEF-886387-001,PIPE/FITTING | PIPE | ASTM A106 GR.B | 1/2 IN | API 5L; ASTM A106 GR.B,PIPE/FITTING,STANDALONE_CANDIDATE,1,1,CPCL,MTR,633,633.0,1,Chennai Refinery
CMM-PIPEF-8A39F2-001,PIPE/FITTING | PIPE | ASTM A106 GR.B | 1 IN | API 5L; ASTM A106 GR.B,PIPE/FITTING,STANDALONE_CANDIDATE,1,1,HPCL,MTR,5718,5718.0,1,Vishakha Terminal
CMM-PIPEF-8A555C-001,PIPE/FITTING | PIPE | ASTM A106 GR.B | 1/2 IN | API 5L; ASTM A106 GR.B,PIPE/FITTING,STANDALONE_CANDIDATE,1,1,CPCL,MTR,2709,2709.0,1,Manali Terminal
CMM-PIPEF-8B1E3B-001,PIPE/FITTING | ELBOW | ASTM A234 WPB | 2 IN | 90 DEG | ASME B16.9; ASTM A234,PIPE/FITTING,STANDALONE_CANDIDATE,1,1,HPCL,MTR,24501,24501.0,1,Visakh Refinery
CMM-PIPEF-8CE10D-001,PIPE/FITTING | ELBOW | ASTM A234 WPB | 4 IN | 90 DEG | ASME B16.9; ASTM A234,PIPE/FITTING,STANDALONE_CANDIDATE,1,1,ONGC,MTR,15142,15142.0,1,Ahmedabad Asset
CMM-PIPEF-9016CF-001,PIPE/FITTING | ELBOW | ASTM A234 WPB | 3 IN | 90 DEG | ASME B16.9; ASTM A234,PIPE/FITTING,STANDALONE_CANDIDATE,1,1,HPCL,MTR,15897,15897.0,1,Mumbai Refinery
CMM-PIPEF-909777-001,PIPE/FITTING | PIPE | ASTM A106 GR.B | 6 IN | API 5L; ASTM A106 GR.B,PIPE/FITTING,STANDALONE_CANDIDATE,1,1,CPCL,MTR,23841,23841.0,1,Chennai Refinery
CMM-PIPEF-90D457-001,PIPE/FITTING | ELBOW | ASTM A234 WPB | 1 IN | ASME B16.9; ASTM A234,PIPE/FITTING,STANDALONE_CANDIDATE,1,1,CPCL,MTR,2303,2303.0,1,Manali Terminal
CMM-PIPEF-920C81-001,PIPE/FITTING | ELBOW | ASTM A234 WPB | 3 IN | 90 DEG | ASME B16.9; ASTM A234,PIPE/FITTING,STANDALONE_CANDIDATE,1,1,ONGC,MTR,5314,5314.0,1,Mumbai Offshore
CMM-PIPEF-926903-001,PIPE/FITTING | PIPE | ASTM A106 GR.B | 4 IN | API 5L; ASTM A106 GR.B,PIPE/FITTING,STANDALONE_CANDIDATE,1,1,CPCL,MTR,23668,23668.0,1,Chennai Refinery
CMM-PIPEF-928B0C-001,PIPE/FITTING | ELBOW | ASTM A234 WPB | 6 IN | 90 DEG | ASME B16.9; ASTM A234,PIPE/FITTING,STANDALONE_CANDIDATE,1,1,IOCL,MTR,13452,13452.0,1,Mathura Refinery
CMM-PIPEF-943389-001,PIPE/FITTING | ELBOW | ASTM A234 WPB | 2 IN | 90 DEG | ASME B16.9; ASTM A234,PIPE/FITTING,STANDALONE_CANDIDATE,1,1,HPCL,MTR,16523,16523.0,1,Visakh Refinery
CMM-PIPEF-97E710-001,PIPE/FITTING | PIPE | ASTM A106 GR.B | 3 IN | API 5L; ASTM A106 GR.B,PIPE/FITTING,STANDALONE_CANDIDATE,1,1,ONGC,MTR,5378,5378.0,1,Mumbai Offshore
CMM-PIPEF-9A302E-001,PIPE/FITTING | ELBOW | ASTM A234 WPB | 2 IN | 90 DEG | ASME B16.9; ASTM A234,PIPE/FITTING,STANDALONE_CANDIDATE,1,1,ONGC,MTR,8176,8176.0,1,Mehsana Asset
CMM-PIPEF-A4D2B5-001,PIPE/FITTING | ELBOW | ASTM A234 WPB | 4 IN | ASME B16.9; ASTM A234,PIPE/FITTING,STANDALONE_CANDIDATE,1,1,CPCL,MTR,20178,20178.0,1,Manali Terminal
CMM-PIPEF-A6EAF7-001,PIPE/FITTING | ELBOW | ASTM A234 WPB | 4 IN | 90 DEG | ASME B16.9; ASTM A234,PIPE/FITTING,STANDALONE_CANDIDATE,1,1,IOCL,MTR,18984,18984.0,1,Panipat Refinery
CMM-PIPEF-AB0E81-001,PIPE/FITTING | PIPE | ASTM A106 GR.B | 1 IN | API 5L; ASTM A106 GR.B,PIPE/FITTING,STANDALONE_CANDIDATE,1,1,IOCL,MTR,7120,7120.0,1,Panipat Refinery
CMM-PIPEF-ABE40C-001,PIPE/FITTING | PIPE | ASTM A106 GR.B | 6 IN | API 5L; ASTM A106 GR.B,PIPE/FITTING,STANDALONE_CANDIDATE,1,1,CPCL,MTR,4446,4446.0,1,Chennai Refinery
CMM-PIPEF-AE2076-001,PIPE/FITTING | PIPE | ASTM A106 GR.B | 1/2 IN | API 5L; ASTM A106 GR.B,PIPE/FITTING,STANDALONE_CANDIDATE,1,1,ONGC,MTR,9439,9439.0,1,Mehsana Asset
CMM-PIPEF-AF29C6-001,PIPE/FITTING | ELBOW | ASTM A234 WPB | 2 IN | 90 DEG | ASME B16.9; ASTM A234,PIPE/FITTING,STANDALONE_CANDIDATE,1,1,ONGC,MTR,23862,23862.0,1,Mehsana Asset
CMM-PIPEF-B1F577-001,PIPE/FITTING | PIPE | ASTM A106 GR.B | 1 IN | API 5L; ASTM A106 GR.B,PIPE/FITTING,STANDALONE_CANDIDATE,1,1,IOCL,MTR,14208,14208.0,1,Mathura Refinery
CMM-PIPEF-B35977-001,PIPE/FITTING | FLANGE | ASTM A105 | 4 IN | ASME B16.5; ASTM A105,PIPE/FITTING,STANDALONE_CANDIDATE,1,1,ONGC,MTR,724,724.0,1,Ahmedabad Asset
CMM-PIPEF-B6512B-001,PIPE/FITTING | ELBOW | ASTM A234 WPB | 3 IN | ASME B16.9; ASTM A234,PIPE/FITTING,STANDALONE_CANDIDATE,1,1,IOCL,MTR,1426,1426.0,1,Panipat Refinery
CMM-PIPEF-B6AC2D-001,PIPE/FITTING | PIPE | ASTM A106 GR.B | 1 IN | API 5L; ASTM A106 GR.B,PIPE/FITTING,STANDALONE_CANDIDATE,1,1,ONGC,MTR,8212,8212.0,1,Mehsana Asset
CMM-PIPEF-B6B1EF-001,PIPE/FITTING | ELBOW | ASTM A234 WPB | 1 IN | 90 DEG | ASME B16.9; ASTM A234,PIPE/FITTING,STANDALONE_CANDIDATE,1,1,HPCL,MTR,2628,2628.0,1,Mumbai Refinery
CMM-PIPEF-B8C2F0-001,PIPE/FITTING | FLANGE | ASTM A105 | 2 IN | ASME B16.5; ASTM A105,PIPE/FITTING,STANDALONE_CANDIDATE,1,1,CPCL,MTR,24724,24724.0,1,Manali Terminal
CMM-PIPEF-B96EC1-001,PIPE/FITTING | ELBOW | ASTM A234 WPB | 6 IN | ASME B16.9; ASTM A234,PIPE/FITTING,STANDALONE_CANDIDATE,1,1,HPCL,MTR,23891,23891.0,1,Visakh Refinery
CMM-PIPEF-BB9B5C-001,PIPE/FITTING | PIPE | ASTM A106 GR.B | 1/2 IN | API 5L; ASTM A106 GR.B,PIPE/FITTING,STANDALONE_CANDIDATE,1,1,IOCL,MTR,21753,21753.0,1,Paradip Refinery
CMM-PIPEF-C21D7F-001,PIPE/FITTING | FLANGE | ASTM A105 | 6 IN | ASME B16.5; ASTM A105,PIPE/FITTING,STANDALONE_CANDIDATE,1,1,IOCL,MTR,20055,20055.0,1,Paradip Refinery
CMM-PIPEF-C31469-001,PIPE/FITTING | FLANGE | ASTM A105 | 3 IN | ASME B16.5; ASTM A105,PIPE/FITTING,STANDALONE_CANDIDATE,1,1,ONGC,MTR,7940,7940.0,1,Ahmedabad Asset
CMM-PIPEF-C450F0-001,PIPE/FITTING | PIPE | ASTM A106 GR.B | 6 IN | API 5L; ASTM A106 GR.B,PIPE/FITTING,STANDALONE_CANDIDATE,1,1,ONGC,MTR,22032,22032.0,1,Mumbai Offshore
CMM-PIPEF-C84F31-001,PIPE/FITTING | FLANGE | ASTM A105 | 2 IN | ASME B16.5; ASTM A105,PIPE/FITTING,STANDALONE_CANDIDATE,1,1,HPCL,MTR,7472,7472.0,1,Mumbai Refinery
CMM-PIPEF-C97AEA-001,PIPE/FITTING | FLANGE | ASTM A105 | 3 IN | ASME B16.5; ASTM A105,PIPE/FITTING,STANDALONE_CANDIDATE,1,1,IOCL,MTR,22430,22430.0,1,Panipat Refinery
CMM-PIPEF-CA021F-001,PIPE/FITTING | ELBOW | ASTM A234 WPB | 1 IN | ASME B16.9; ASTM A234,PIPE/FITTING,STANDALONE_CANDIDATE,1,1,CPCL,MTR,10069,10069.0,1,Chennai Refinery
CMM-PIPEF-CBFB4A-001,PIPE/FITTING | ELBOW | ASTM A234 WPB | 2 IN | 90 DEG | ASME B16.9; ASTM A234,PIPE/FITTING,STANDALONE_CANDIDATE,1,1,IOCL,MTR,16325,16325.0,1,Mathura Refinery
CMM-PIPEF-CC46B9-001,PIPE/FITTING | PIPE | ASTM A106 GR.B | 2 IN | API 5L; ASTM A106 GR.B,PIPE/FITTING,STANDALONE_CANDIDATE,1,1,ONGC,MTR,2609,2609.0,1,Mumbai Offshore
CMM-PIPEF-D0210F-001,PIPE/FITTING | PIPE | ASTM A106 GR.B | 6 IN | API 5L; ASTM A106 GR.B,PIPE/FITTING,STANDALONE_CANDIDATE,1,1,IOCL,MTR,6591,6591.0,1,Paradip Refinery
CMM-PIPEF-D0408A-001,PIPE/FITTING | ELBOW | ASTM A234 WPB | 2 IN | 90 DEG | ASME B16.9; ASTM A234,PIPE/FITTING,STANDALONE_CANDIDATE,1,1,ONGC,MTR,783,783.0,1,Mumbai Offshore
CMM-PIPEF-D21D49-001,PIPE/FITTING | PIPE | ASTM A106 GR.B | 3 IN | API 5L; ASTM A106 GR.B,PIPE/FITTING,STANDALONE_CANDIDATE,1,1,IOCL,MTR,20956,20956.0,1,Mathura Refinery
CMM-PIPEF-D479C6-001,PIPE/FITTING | ELBOW | ASTM A234 WPB | 4 IN | ASME B16.9; ASTM A234,PIPE/FITTING,STANDALONE_CANDIDATE,1,1,IOCL,MTR,48,48.0,1,Panipat Refinery
CMM-PIPEF-DA389F-001,PIPE/FITTING | PIPE | ASTM A106 GR.B | 1/2 IN | API 5L; ASTM A106 GR.B,PIPE/FITTING,STANDALONE_CANDIDATE,1,1,ONGC,MTR,24342,24342.0,1,Ahmedabad Asset
CMM-PIPEF-DAD21B-001,PIPE/FITTING | FLANGE | ASTM A105 | 2 IN | ASME B16.5; ASTM A105,PIPE/FITTING,STANDALONE_CANDIDATE,1,1,ONGC,MTR,12566,12566.0,1,Mehsana Asset
CMM-PIPEF-DE2682-001,PIPE/FITTING | ELBOW | ASTM A234 WPB | 1 IN | 90 DEG | ASME B16.9; ASTM A234,PIPE/FITTING,STANDALONE_CANDIDATE,1,1,HPCL,MTR,10828,10828.0,1,Vishakha Terminal
CMM-PIPEF-DEB4A9-001,PIPE/FITTING | PIPE | ASTM A106 GR.B | 1/2 IN | API 5L; ASTM A106 GR.B,PIPE/FITTING,STANDALONE_CANDIDATE,1,1,CPCL,MTR,20926,20926.0,1,Chennai Refinery
CMM-PIPEF-DF660E-001,PIPE/FITTING | FLANGE | ASTM A105 | 2 IN | ASME B16.5; ASTM A105,PIPE/FITTING,STANDALONE_CANDIDATE,1,1,ONGC,MTR,22047,22047.0,1,Mehsana Asset
CMM-PIPEF-DFB49E-001,PIPE/FITTING | FLANGE | ASTM A105 | 3 IN | ASME B16.5; ASTM A105,PIPE/FITTING,STANDALONE_CANDIDATE,1,1,ONGC,MTR,8064,8064.0,1,Ahmedabad Asset
CMM-PIPEF-E44232-001,PIPE/FITTING | PIPE | ASTM A106 GR.B | 1/2 IN | API 5L; ASTM A106 GR.B,PIPE/FITTING,STANDALONE_CANDIDATE,1,1,IOCL,MTR,4900,4900.0,1,Panipat Refinery
CMM-PIPEF-E5A12D-001,PIPE/FITTING | ELBOW | ASTM A234 WPB | 1 IN | 90 DEG | ASME B16.9; ASTM A234,PIPE/FITTING,STANDALONE_CANDIDATE,1,1,ONGC,MTR,7035,7035.0,1,Ahmedabad Asset
CMM-PIPEF-E75830-001,PIPE/FITTING | PIPE | ASTM A106 GR.B | 1/2 IN | API 5L; ASTM A106 GR.B,PIPE/FITTING,STANDALONE_CANDIDATE,1,1,ONGC,MTR,15678,15678.0,1,Mehsana Asset
CMM-PIPEF-E8A434-001,PIPE/FITTING | PIPE | ASTM A106 GR.B | 1/2 IN | API 5L; ASTM A106 GR.B,PIPE/FITTING,STANDALONE_CANDIDATE,1,1,HPCL,MTR,11770,11770.0,1,Visakh Refinery
CMM-PIPEF-E93C6E-001,PIPE/FITTING | PIPE | ASTM A106 GR.B | 1 IN | API 5L; ASTM A106 GR.B,PIPE/FITTING,STANDALONE_CANDIDATE,1,1,HPCL,MTR,11409,11409.0,1,Vishakha Terminal
CMM-PIPEF-EAB4A8-001,PIPE/FITTING | PIPE | ASTM A106 GR.B | 2 IN | API 5L; ASTM A106 GR.B,PIPE/FITTING,STANDALONE_CANDIDATE,1,1,IOCL,MTR,9280,9280.0,1,Paradip Refinery
CMM-PIPEF-EADA06-001,PIPE/FITTING | PIPE | ASTM A106 GR.B | 2 IN | API 5L; ASTM A106 GR.B,PIPE/FITTING,STANDALONE_CANDIDATE,1,1,CPCL,MTR,23369,23369.0,1,Chennai Refinery
CMM-PIPEF-EB1A4C-001,PIPE/FITTING | PIPE | ASTM A106 GR.B | 2 IN | API 5L; ASTM A106 GR.B,PIPE/FITTING,STANDALONE_CANDIDATE,1,1,CPCL,MTR,13802,13802.0,1,Chennai Refinery
CMM-PIPEF-F12E4D-001,PIPE/FITTING | ELBOW | ASTM A234 WPB | 3 IN | 90 DEG | ASME B16.9; ASTM A234,PIPE/FITTING,STANDALONE_CANDIDATE,1,1,HPCL,MTR,9142,9142.0,1,Vishakha Terminal
CMM-PIPEF-F2EF2C-001,PIPE/FITTING | PIPE | ASTM A106 GR.B | 4 IN | API 5L; ASTM A106 GR.B,PIPE/FITTING,STANDALONE_CANDIDATE,1,1,HPCL,MTR,21868,21868.0,1,Vishakha Terminal
CMM-PIPEF-F46F4E-001,PIPE/FITTING | ELBOW | ASTM A234 WPB | 4 IN | 90 DEG | ASME B16.9; ASTM A234,PIPE/FITTING,STANDALONE_CANDIDATE,1,1,ONGC,MTR,19353,19353.0,1,Ahmedabad Asset
CMM-PIPEF-F48963-001,PIPE/FITTING | PIPE | ASTM A106 GR.B | 6 IN | API 5L; ASTM A106 GR.B,PIPE/FITTING,STANDALONE_CANDIDATE,1,1,HPCL,MTR,17255,17255.0,1,Visakh Refinery
CMM-PIPEF-F877E4-001,PIPE/FITTING | ELBOW | ASTM A234 WPB | 2 IN | 90 DEG | ASME B16.9; ASTM A234,PIPE/FITTING,STANDALONE_CANDIDATE,1,1,CPCL,MTR,24352,24352.0,1,Chennai Refinery
CMM-PIPEF-F8D955-001,PIPE/FITTING | FLANGE | ASTM A105 | 2 IN | ASME B16.5; ASTM A105,PIPE/FITTING,STANDALONE_CANDIDATE,1,1,HPCL,MTR,8001,8001.0,1,Vishakha Terminal
CMM-PIPEF-FA970C-001,PIPE/FITTING | PIPE | ASTM A106 GR.B | 6 IN | API 5L; ASTM A106 GR.B,PIPE/FITTING,STANDALONE_CANDIDATE,1,1,ONGC,MTR,15190,15190.0,1,Ahmedabad Asset
CMM-PUMP-096A6F-001,PUMP | CENTRIFUGAL PUMP | SS 316 | 25 MM | API 610,PUMP,STANDALONE_CANDIDATE,1,1,IOCL,NOS,4511,4511.0,1,Panipat Refinery
CMM-PUMP-0A72AF-001,PUMP | CENTRIFUGAL PUMP | SS 316 | 50 MM | API 610,PUMP,STANDALONE_CANDIDATE,1,1,HPCL,NOS,16569,16569.0,1,Visakh Refinery
CMM-PUMP-0B31F5-001,PUMP | CENTRIFUGAL PUMP | SS 316 | 50 MM | API 610,PUMP,STANDALONE_CANDIDATE,1,1,CPCL,NOS,4358,4358.0,1,Manali Terminal
CMM-PUMP-0F15D7-001,PUMP | CENTRIFUGAL PUMP | SS 316 | 50 MM | API 610,PUMP,STANDALONE_CANDIDATE,1,1,HPCL,NOS,17563,17563.0,1,Vishakha Terminal
CMM-PUMP-166C8B-001,PUMP | CENTRIFUGAL PUMP | SS 316 | 40 MM | API 610,PUMP,STANDALONE_CANDIDATE,1,1,HPCL,NOS,20449,20449.0,1,Visakh Refinery
CMM-PUMP-1DCF22-001,PUMP | CENTRIFUGAL PUMP | SS 316 | 100 MM | API 610,PUMP,STANDALONE_CANDIDATE,1,1,ONGC,NOS,23136,23136.0,1,Mumbai Offshore
CMM-PUMP-227A26-001,PUMP | CENTRIFUGAL PUMP | SS 316 | 80 MM | API 610,PUMP,STANDALONE_CANDIDATE,1,1,IOCL,NOS,11282,11282.0,1,Paradip Refinery
CMM-PUMP-2379A4-001,PUMP | CENTRIFUGAL PUMP | SS 316 | 40 MM | API 610,PUMP,STANDALONE_CANDIDATE,1,1,HPCL,NOS,15115,15115.0,1,Vishakha Terminal
CMM-PUMP-241FE9-001,PUMP | CENTRIFUGAL PUMP | SS 316 | 80 MM | API 610,PUMP,STANDALONE_CANDIDATE,1,1,HPCL,NOS,21639,21639.0,1,Mumbai Refinery
CMM-PUMP-25403B-001,PUMP | CENTRIFUGAL PUMP | SS 316 | 100 MM | API 610,PUMP,STANDALONE_CANDIDATE,1,1,CPCL,NOS,21847,21847.0,1,Manali Terminal
CMM-PUMP-28957E-001,PUMP | CENTRIFUGAL PUMP | SS 316 | 50 MM | API 610,PUMP,STANDALONE_CANDIDATE,1,1,IOCL,NOS,10005,10005.0,1,Paradip Refinery
CMM-PUMP-299E0F-001,PUMP | CENTRIFUGAL PUMP | SS 316 | 100 MM | API 610,PUMP,STANDALONE_CANDIDATE,1,1,CPCL,NOS,17317,17317.0,1,Manali Terminal
CMM-PUMP-2C8F5E-001,PUMP | CENTRIFUGAL PUMP | SS 316 | 25 MM | API 610,PUMP,STANDALONE_CANDIDATE,1,1,ONGC,NOS,21425,21425.0,1,Mumbai Offshore
CMM-PUMP-32AF79-001,PUMP | CENTRIFUGAL PUMP | SS 316 | 100 MM | API 610,PUMP,STANDALONE_CANDIDATE,1,1,ONGC,NOS,1408,1408.0,1,Mehsana Asset
CMM-PUMP-354276-001,PUMP | CENTRIFUGAL PUMP | SS 316 | 50 MM | API 610,PUMP,STANDALONE_CANDIDATE,1,1,IOCL,NOS,19507,19507.0,1,Paradip Refinery
CMM-PUMP-394D24-001,PUMP | CENTRIFUGAL PUMP | SS 316 | 80 MM | API 610,PUMP,STANDALONE_CANDIDATE,1,1,HPCL,NOS,15104,15104.0,1,Mumbai Refinery
CMM-PUMP-3A2F4F-001,PUMP | CENTRIFUGAL PUMP | SS 316 | 80 MM | API 610,PUMP,STANDALONE_CANDIDATE,1,1,IOCL,NOS,14815,14815.0,1,Mathura Refinery
CMM-PUMP-3ACDBD-001,PUMP | CENTRIFUGAL PUMP | SS 316 | 80 MM | API 610,PUMP,STANDALONE_CANDIDATE,1,1,IOCL,NOS,11602,11602.0,1,Panipat Refinery
CMM-PUMP-450BEC-001,PUMP | CENTRIFUGAL PUMP | SS 316 | 80 MM | API 610,PUMP,STANDALONE_CANDIDATE,1,1,IOCL,NOS,19926,19926.0,1,Paradip Refinery
CMM-PUMP-4FA85E-001,PUMP | CENTRIFUGAL PUMP | SS 316 | 25 MM | API 610,PUMP,STANDALONE_CANDIDATE,1,1,HPCL,NOS,1958,1958.0,1,Mumbai Refinery
CMM-PUMP-523BD9-001,PUMP | CENTRIFUGAL PUMP | SS 316 | 100 MM | API 610,PUMP,STANDALONE_CANDIDATE,1,1,CPCL,NOS,24183,24183.0,1,Manali Terminal
CMM-PUMP-54E146-001,PUMP | CENTRIFUGAL PUMP | SS 316 | 100 MM | API 610,PUMP,STANDALONE_CANDIDATE,1,1,IOCL,NOS,21637,21637.0,1,Mathura Refinery
CMM-PUMP-5A9029-001,PUMP | CENTRIFUGAL PUMP | SS 316 | 25 MM | API 610,PUMP,STANDALONE_CANDIDATE,1,1,HPCL,NOS,9556,9556.0,1,Vishakha Terminal
CMM-PUMP-626756-001,PUMP | CENTRIFUGAL PUMP | SS 316 | 40 MM | API 610,PUMP,STANDALONE_CANDIDATE,1,1,HPCL,NOS,16542,16542.0,1,Mumbai Refinery
CMM-PUMP-6B0FA0-001,PUMP | CENTRIFUGAL PUMP | SS 316 | 40 MM | API 610,PUMP,STANDALONE_CANDIDATE,1,1,HPCL,NOS,14335,14335.0,1,Visakh Refinery
CMM-PUMP-6EAF40-001,PUMP | CENTRIFUGAL PUMP | SS 316 | 100 MM | API 610,PUMP,STANDALONE_CANDIDATE,1,1,ONGC,NOS,7477,7477.0,1,Ahmedabad Asset
CMM-PUMP-7C921F-001,PUMP | CENTRIFUGAL PUMP | SS 316 | 100 MM | API 610,PUMP,STANDALONE_CANDIDATE,1,1,ONGC,NOS,4291,4291.0,1,Mehsana Asset
CMM-PUMP-80125D-001,PUMP | CENTRIFUGAL PUMP | SS 316 | 40 MM | API 610,PUMP,STANDALONE_CANDIDATE,1,1,ONGC,NOS,2910,2910.0,1,Mehsana Asset
CMM-PUMP-86FC78-001,PUMP | CENTRIFUGAL PUMP | SS 316 | 25 MM | API 610,PUMP,STANDALONE_CANDIDATE,1,1,HPCL,NOS,18741,18741.0,1,Mumbai Refinery
CMM-PUMP-8F1E36-001,PUMP | CENTRIFUGAL PUMP | SS 316 | 80 MM | API 610,PUMP,STANDALONE_CANDIDATE,1,1,ONGC,NOS,24098,24098.0,1,Mumbai Offshore
CMM-PUMP-8F9A23-001,PUMP | CENTRIFUGAL PUMP | SS 316 | 25 MM | API 610,PUMP,STANDALONE_CANDIDATE,1,1,HPCL,NOS,22744,22744.0,1,Visakh Refinery
CMM-PUMP-90430A-001,PUMP | CENTRIFUGAL PUMP | SS 316 | 40 MM | API 610,PUMP,STANDALONE_CANDIDATE,1,1,HPCL,NOS,10008,10008.0,1,Vishakha Terminal
CMM-PUMP-939CA9-001,PUMP | CENTRIFUGAL PUMP | SS 316 | 40 MM | API 610,PUMP,STANDALONE_CANDIDATE,1,1,IOCL,NOS,9352,9352.0,1,Paradip Refinery
CMM-PUMP-9425C1-001,PUMP | CENTRIFUGAL PUMP | SS 316 | 25 MM | API 610,PUMP,STANDALONE_CANDIDATE,1,1,CPCL,NOS,18535,18535.0,1,Manali Terminal
CMM-PUMP-9AD9AE-001,PUMP | CENTRIFUGAL PUMP | SS 316 | 40 MM | API 610,PUMP,STANDALONE_CANDIDATE,1,1,ONGC,NOS,4846,4846.0,1,Mumbai Offshore
CMM-PUMP-9F0D95-001,PUMP | CENTRIFUGAL PUMP | SS 316 | 50 MM | API 610,PUMP,STANDALONE_CANDIDATE,1,1,HPCL,NOS,2708,2708.0,1,Mumbai Refinery
CMM-PUMP-9FBE16-001,PUMP | CENTRIFUGAL PUMP | SS 316 | 25 MM | API 610,PUMP,STANDALONE_CANDIDATE,1,1,HPCL,NOS,21459,21459.0,1,Visakh Refinery
CMM-PUMP-A74A2E-001,PUMP | CENTRIFUGAL PUMP | SS 316 | 40 MM | API 610,PUMP,STANDALONE_CANDIDATE,1,1,CPCL,NOS,18816,18816.0,1,Chennai Refinery
CMM-PUMP-A7D72D-001,PUMP | CENTRIFUGAL PUMP | SS 316 | 100 MM | API 610,PUMP,STANDALONE_CANDIDATE,1,1,HPCL,NOS,5830,5830.0,1,Mumbai Refinery
CMM-PUMP-B87120-001,PUMP | CENTRIFUGAL PUMP | SS 316 | 80 MM | API 610,PUMP,STANDALONE_CANDIDATE,1,1,IOCL,NOS,12083,12083.0,1,Mathura Refinery
CMM-PUMP-B9692E-001,PUMP | CENTRIFUGAL PUMP | SS 316 | 50 MM | API 610,PUMP,STANDALONE_CANDIDATE,1,1,CPCL,NOS,11518,11518.0,1,Chennai Refinery
CMM-PUMP-BC89CF-001,PUMP | CENTRIFUGAL PUMP | SS 316 | 100 MM | API 610,PUMP,STANDALONE_CANDIDATE,1,1,CPCL,NOS,22484,22484.0,1,Manali Terminal
CMM-PUMP-C3A5DC-001,PUMP | CENTRIFUGAL PUMP | SS 316 | 100 MM | API 610,PUMP,STANDALONE_CANDIDATE,1,1,HPCL,NOS,21344,21344.0,1,Visakh Refinery
CMM-PUMP-C4CFD1-001,PUMP | CENTRIFUGAL PUMP | SS 316 | 25 MM | API 610,PUMP,STANDALONE_CANDIDATE,1,1,CPCL,NOS,23779,23779.0,1,Chennai Refinery
CMM-PUMP-D1BEE9-001,PUMP | CENTRIFUGAL PUMP | SS 316 | 100 MM | API 610,PUMP,STANDALONE_CANDIDATE,1,1,ONGC,NOS,22871,22871.0,1,Mumbai Offshore
CMM-PUMP-D84BC6-001,PUMP | CENTRIFUGAL PUMP | SS 316 | 80 MM | API 610,PUMP,STANDALONE_CANDIDATE,1,1,CPCL,NOS,22509,22509.0,1,Manali Terminal
CMM-PUMP-D8EB2A-001,PUMP | CENTRIFUGAL PUMP | SS 316 | 80 MM | API 610,PUMP,STANDALONE_CANDIDATE,1,1,CPCL,NOS,3110,3110.0,1,Manali Terminal
CMM-PUMP-E85386-001,PUMP | CENTRIFUGAL PUMP | SS 316 | 25 MM | API 610,PUMP,STANDALONE_CANDIDATE,1,1,HPCL,NOS,4414,4414.0,1,Vishakha Terminal
CMM-PUMP-EA8E58-001,PUMP | CENTRIFUGAL PUMP | SS 316 | 100 MM | API 610,PUMP,STANDALONE_CANDIDATE,1,1,IOCL,NOS,9829,9829.0,1,Panipat Refinery
CMM-PUMP-EBD67B-001,PUMP | CENTRIFUGAL PUMP | SS 316 | 50 MM | API 610,PUMP,STANDALONE_CANDIDATE,1,1,HPCL,NOS,17834,17834.0,1,Mumbai Refinery
CMM-PUMP-F9EF54-001,PUMP | CENTRIFUGAL PUMP | SS 316 | 100 MM | API 610,PUMP,STANDALONE_CANDIDATE,1,1,HPCL,NOS,13889,13889.0,1,Mumbai Refinery
CMM-PUMP-FE122C-001,PUMP | CENTRIFUGAL PUMP | SS 316 | 40 MM | API 610,PUMP,STANDALONE_CANDIDATE,1,1,HPCL,NOS,9296,9296.0,1,Vishakha Terminal
CMM-SAFETY-058A0C-001,SAFETY | SAFETY VALVE | SS 316 | 2 IN | API 526,SAFETY,STANDALONE_CANDIDATE,1,1,IOCL,NOS,8781,8781.0,1,Paradip Refinery
CMM-SAFETY-090E9B-001,SAFETY | SAFETY VALVE | SS 316 | 2 IN | API 526,SAFETY,STANDALONE_CANDIDATE,1,1,ONGC,NOS,15751,15751.0,1,Mehsana Asset
CMM-SAFETY-0954E4-001,SAFETY | SAFETY VALVE | SS 316 | 1 IN | API 526,SAFETY,STANDALONE_CANDIDATE,1,1,CPCL,NOS,14374,14374.0,1,Chennai Refinery
CMM-SAFETY-0D715C-001,SAFETY | SAFETY VALVE | SS 316 | 4 IN | API 526,SAFETY,STANDALONE_CANDIDATE,1,1,HPCL,NOS,5408,5408.0,1,Visakh Refinery
CMM-SAFETY-0F7805-001,SAFETY | SAFETY VALVE | SS 316 | 4 IN | API 526,SAFETY,STANDALONE_CANDIDATE,1,1,HPCL,NOS,17140,17140.0,1,Vishakha Terminal
CMM-SAFETY-1101C9-001,SAFETY | SAFETY VALVE | SS 316 | 4 IN | API 526,SAFETY,STANDALONE_CANDIDATE,1,1,CPCL,NOS,6866,6866.0,1,Manali Terminal
CMM-SAFETY-168003-001,SAFETY | SAFETY VALVE | SS 316 | 3 IN | API 526,SAFETY,STANDALONE_CANDIDATE,1,1,CPCL,NOS,4566,4566.0,1,Manali Terminal
CMM-SAFETY-19B51D-001,SAFETY | SAFETY VALVE | SS 316 | 4 IN | API 526,SAFETY,STANDALONE_CANDIDATE,1,1,CPCL,NOS,23890,23890.0,1,Manali Terminal
CMM-SAFETY-23E5BC-001,SAFETY | SAFETY VALVE | SS 316 | 2 IN | API 526,SAFETY,STANDALONE_CANDIDATE,1,1,ONGC,NOS,14004,14004.0,1,Mehsana Asset
CMM-SAFETY-28EC7E-001,SAFETY | SAFETY VALVE | SS 316 | 1 IN | API 526,SAFETY,STANDALONE_CANDIDATE,1,1,HPCL,NOS,4053,4053.0,1,Visakh Refinery
CMM-SAFETY-2BE76F-001,SAFETY | SAFETY VALVE | SS 316 | 2 IN | API 526,SAFETY,STANDALONE_CANDIDATE,1,1,CPCL,NOS,1669,1669.0,1,Chennai Refinery
CMM-SAFETY-2F8FC8-001,SAFETY | SAFETY VALVE | SS 316 | 3 IN | API 526,SAFETY,STANDALONE_CANDIDATE,1,1,ONGC,NOS,14114,14114.0,1,Ahmedabad Asset
CMM-SAFETY-304A7A-001,SAFETY | SAFETY VALVE | SS 316 | 1 IN | API 526,SAFETY,STANDALONE_CANDIDATE,1,1,CPCL,NOS,16623,16623.0,1,Chennai Refinery
CMM-SAFETY-39154F-001,SAFETY | SAFETY VALVE | SS 316 | 3 IN | API 526,SAFETY,STANDALONE_CANDIDATE,1,1,HPCL,NOS,17867,17867.0,1,Visakh Refinery
CMM-SAFETY-39C5D2-001,SAFETY | SAFETY VALVE | SS 316 | 4 IN | API 526,SAFETY,STANDALONE_CANDIDATE,1,1,IOCL,NOS,20827,20827.0,1,Paradip Refinery
CMM-SAFETY-404AE7-001,SAFETY | SAFETY VALVE | SS 316 | 1 IN | API 526,SAFETY,STANDALONE_CANDIDATE,1,1,ONGC,NOS,1615,1615.0,1,Mehsana Asset
CMM-SAFETY-406031-001,SAFETY | SAFETY VALVE | SS 316 | 1 IN | API 526,SAFETY,STANDALONE_CANDIDATE,1,1,CPCL,NOS,15607,15607.0,1,Manali Terminal
CMM-SAFETY-476822-001,SAFETY | SAFETY VALVE | SS 316 | 1 IN | API 526,SAFETY,STANDALONE_CANDIDATE,1,1,IOCL,NOS,6607,6607.0,1,Mathura Refinery
CMM-SAFETY-47A077-001,SAFETY | SAFETY VALVE | SS 316 | 4 IN | API 526,SAFETY,STANDALONE_CANDIDATE,1,1,IOCL,NOS,21432,21432.0,1,Paradip Refinery
CMM-SAFETY-49B633-001,SAFETY | SAFETY VALVE | SS 316 | 1 IN | API 526,SAFETY,STANDALONE_CANDIDATE,1,1,HPCL,NOS,17051,17051.0,1,Visakh Refinery
CMM-SAFETY-4E274B-001,SAFETY | SAFETY VALVE | SS 316 | 3 IN | API 526,SAFETY,STANDALONE_CANDIDATE,1,1,HPCL,NOS,16518,16518.0,1,Vishakha Terminal
CMM-SAFETY-5980C8-001,SAFETY | SAFETY VALVE | SS 316 | 4 IN | API 526,SAFETY,STANDALONE_CANDIDATE,1,1,ONGC,NOS,2074,2074.0,1,Mehsana Asset
CMM-SAFETY-5A6078-001,SAFETY | SAFETY VALVE | SS 316 | 3 IN | API 526,SAFETY,STANDALONE_CANDIDATE,1,1,CPCL,NOS,20542,20542.0,1,Chennai Refinery
CMM-SAFETY-5FCB08-001,SAFETY | SAFETY VALVE | SS 316 | 2 IN | API 526,SAFETY,STANDALONE_CANDIDATE,1,1,IOCL,NOS,20896,20896.0,1,Paradip Refinery
CMM-SAFETY-6F9F14-001,SAFETY | SAFETY VALVE | SS 316 | 3 IN | API 526,SAFETY,STANDALONE_CANDIDATE,1,1,ONGC,NOS,7386,7386.0,1,Mehsana Asset
CMM-SAFETY-77C274-001,SAFETY | SAFETY VALVE | SS 316 | 3 IN | API 526,SAFETY,STANDALONE_CANDIDATE,1,1,ONGC,NOS,919,919.0,1,Mehsana Asset
CMM-SAFETY-80EB64-001,SAFETY | SAFETY VALVE | SS 316 | 3 IN | API 526,SAFETY,STANDALONE_CANDIDATE,1,1,CPCL,NOS,9108,9108.0,1,Chennai Refinery
CMM-SAFETY-819856-001,SAFETY | SAFETY VALVE | SS 316 | 4 IN | API 526,SAFETY,STANDALONE_CANDIDATE,1,1,IOCL,NOS,2754,2754.0,1,Panipat Refinery
CMM-SAFETY-8BD14E-001,SAFETY | SAFETY VALVE | SS 316 | 1 IN | API 526,SAFETY,STANDALONE_CANDIDATE,1,1,IOCL,NOS,19017,19017.0,1,Paradip Refinery
CMM-SAFETY-98A81A-001,SAFETY | SAFETY VALVE | SS 316 | 1 IN | API 526,SAFETY,STANDALONE_CANDIDATE,1,1,CPCL,NOS,6430,6430.0,1,Manali Terminal
CMM-SAFETY-9D2EDA-001,SAFETY | SAFETY VALVE | SS 316 | 3 IN | API 526,SAFETY,STANDALONE_CANDIDATE,1,1,HPCL,NOS,20755,20755.0,1,Vishakha Terminal
CMM-SAFETY-9FCD86-001,SAFETY | SAFETY VALVE | SS 316 | 2 IN | API 526,SAFETY,STANDALONE_CANDIDATE,1,1,CPCL,NOS,19934,19934.0,1,Manali Terminal
CMM-SAFETY-A7BE6C-001,SAFETY | SAFETY VALVE | SS 316 | 4 IN | API 526,SAFETY,STANDALONE_CANDIDATE,1,1,CPCL,NOS,1774,1774.0,1,Manali Terminal
CMM-SAFETY-AA0408-001,SAFETY | SAFETY VALVE | SS 316 | 4 IN | API 526,SAFETY,STANDALONE_CANDIDATE,1,1,ONGC,NOS,19812,19812.0,1,Mumbai Offshore
CMM-SAFETY-AD44E3-001,SAFETY | SAFETY VALVE | SS 316 | 4 IN | API 526,SAFETY,STANDALONE_CANDIDATE,1,1,CPCL,NOS,4055,4055.0,1,Manali Terminal
CMM-SAFETY-B09BC5-001,SAFETY | SAFETY VALVE | SS 316 | 2 IN | API 526,SAFETY,STANDALONE_CANDIDATE,1,1,CPCL,NOS,15088,15088.0,1,Chennai Refinery
CMM-SAFETY-B2C7F7-001,SAFETY | SAFETY VALVE | SS 316 | 2 IN | API 526,SAFETY,STANDALONE_CANDIDATE,1,1,HPCL,NOS,15152,15152.0,1,Visakh Refinery
CMM-SAFETY-B4A93F-001,SAFETY | SAFETY VALVE | SS 316 | 2 IN | API 526,SAFETY,STANDALONE_CANDIDATE,1,1,ONGC,NOS,16725,16725.0,1,Mehsana Asset
CMM-SAFETY-B5CF26-001,SAFETY | SAFETY VALVE | SS 316 | 1 IN | API 526,SAFETY,STANDALONE_CANDIDATE,1,1,ONGC,NOS,22933,22933.0,1,Ahmedabad Asset
CMM-SAFETY-B7F0E9-001,SAFETY | SAFETY VALVE | SS 316 | 3 IN | API 526,SAFETY,STANDALONE_CANDIDATE,1,1,ONGC,NOS,853,853.0,1,Mumbai Offshore
CMM-SAFETY-BAD164-001,SAFETY | SAFETY VALVE | SS 316 | 2 IN | API 526,SAFETY,STANDALONE_CANDIDATE,1,1,HPCL,NOS,10944,10944.0,1,Vishakha Terminal
CMM-SAFETY-C032C7-001,SAFETY | SAFETY VALVE | SS 316 | 3 IN | API 526,SAFETY,STANDALONE_CANDIDATE,1,1,HPCL,NOS,13295,13295.0,1,Vishakha Terminal
CMM-SAFETY-C18256-001,SAFETY | SAFETY VALVE | SS 316 | 1 IN | API 526,SAFETY,STANDALONE_CANDIDATE,1,1,HPCL,NOS,17935,17935.0,1,Visakh Refinery
CMM-SAFETY-C69CF1-001,SAFETY | SAFETY VALVE | SS 316 | 3 IN | API 526,SAFETY,STANDALONE_CANDIDATE,1,1,IOCL,NOS,10659,10659.0,1,Panipat Refinery
CMM-SAFETY-C9064B-001,SAFETY | SAFETY VALVE | SS 316 | 4 IN | API 526,SAFETY,STANDALONE_CANDIDATE,1,1,HPCL,NOS,13102,13102.0,1,Visakh Refinery
CMM-SAFETY-CC36EB-001,SAFETY | SAFETY VALVE | SS 316 | 4 IN | API 526,SAFETY,STANDALONE_CANDIDATE,1,1,CPCL,NOS,9046,9046.0,1,Manali Terminal
CMM-SAFETY-CD6368-001,SAFETY | SAFETY VALVE | SS 316 | 4 IN | API 526,SAFETY,STANDALONE_CANDIDATE,1,1,HPCL,NOS,1905,1905.0,1,Visakh Refinery
CMM-SAFETY-D01D27-001,SAFETY | SAFETY VALVE | SS 316 | 2 IN | API 526,SAFETY,STANDALONE_CANDIDATE,1,1,HPCL,NOS,14055,14055.0,1,Visakh Refinery
CMM-SAFETY-D60BCA-001,SAFETY | SAFETY VALVE | SS 316 | 4 IN | API 526,SAFETY,STANDALONE_CANDIDATE,1,1,IOCL,NOS,16632,16632.0,1,Mathura Refinery
CMM-SAFETY-D7C851-001,SAFETY | SAFETY VALVE | SS 316 | 4 IN | API 526,SAFETY,STANDALONE_CANDIDATE,1,1,CPCL,NOS,20436,20436.0,1,Chennai Refinery
CMM-SAFETY-D8CFDB-001,SAFETY | SAFETY VALVE | SS 316 | 4 IN | API 526,SAFETY,STANDALONE_CANDIDATE,1,1,CPCL,NOS,23450,23450.0,1,Manali Terminal
CMM-SAFETY-D95647-001,SAFETY | SAFETY VALVE | SS 316 | 4 IN | API 526,SAFETY,STANDALONE_CANDIDATE,1,1,HPCL,NOS,8354,8354.0,1,Vishakha Terminal
CMM-SAFETY-DAB0BA-001,SAFETY | SAFETY VALVE | SS 316 | 4 IN | API 526,SAFETY,STANDALONE_CANDIDATE,1,1,IOCL,NOS,5531,5531.0,1,Paradip Refinery
CMM-SAFETY-DD117F-001,SAFETY | SAFETY VALVE | SS 316 | 2 IN | API 526,SAFETY,STANDALONE_CANDIDATE,1,1,HPCL,NOS,21398,21398.0,1,Visakh Refinery
CMM-SAFETY-E5EDF6-001,SAFETY | SAFETY VALVE | SS 316 | 2 IN | API 526,SAFETY,STANDALONE_CANDIDATE,1,1,IOCL,NOS,7955,7955.0,1,Panipat Refinery
CMM-SAFETY-EBDEDF-001,SAFETY | SAFETY VALVE | SS 316 | 1 IN | API 526,SAFETY,STANDALONE_CANDIDATE,1,1,ONGC,NOS,9352,9352.0,1,Ahmedabad Asset
CMM-SAFETY-EC438B-001,SAFETY | SAFETY VALVE | SS 316 | 4 IN | API 526,SAFETY,STANDALONE_CANDIDATE,1,1,CPCL,NOS,12571,12571.0,1,Chennai Refinery
CMM-SAFETY-ECDF16-001,SAFETY | SAFETY VALVE | SS 316 | 2 IN | API 526,SAFETY,STANDALONE_CANDIDATE,1,1,IOCL,NOS,3853,3853.0,1,Panipat Refinery
CMM-SAFETY-F65C04-001,SAFETY | SAFETY VALVE | SS 316 | 1 IN | API 526,SAFETY,STANDALONE_CANDIDATE,1,1,ONGC,NOS,23433,23433.0,1,Ahmedabad Asset
CMM-SAFETY-F6EC07-001,SAFETY | SAFETY VALVE | SS 316 | 4 IN | API 526,SAFETY,STANDALONE_CANDIDATE,1,1,HPCL,NOS,2039,2039.0,1,Visakh Refinery
CMM-SAFETY-F8C515-001,SAFETY | SAFETY VALVE | SS 316 | 4 IN | API 526,SAFETY,STANDALONE_CANDIDATE,1,1,CPCL,NOS,9975,9975.0,1,Manali Terminal
CMM-SAFETY-FF993B-001,SAFETY | SAFETY VALVE | SS 316 | 1 IN | API 526,SAFETY,STANDALONE_CANDIDATE,1,1,HPCL,NOS,12129,12129.0,1,Mumbai Refinery
CMM-SEALG-05993B-001,SEAL/GASKET | GASKET | GRAPHITE/SS 316 | 2 IN | ASME B16.20,SEAL/GASKET,STANDALONE_CANDIDATE,1,1,ONGC,NOS,12542,12542.0,1,Mumbai Offshore
CMM-SEALG-0938F8-001,SEAL/GASKET | GASKET | GRAPHITE/SS 316 | 3 IN | ASME B16.20,SEAL/GASKET,STANDALONE_CANDIDATE,1,1,HPCL,NOS,1114,1114.0,1,Vishakha Terminal
CMM-SEALG-105719-001,SEAL/GASKET | GASKET | GRAPHITE/SS 316 | 1 IN | ASME B16.20,SEAL/GASKET,STANDALONE_CANDIDATE,1,1,IOCL,NOS,515,515.0,1,Panipat Refinery
CMM-SEALG-1C01FA-001,SEAL/GASKET | GASKET | GRAPHITE/SS 316 | 6 IN | ASME B16.20,SEAL/GASKET,STANDALONE_CANDIDATE,1,1,IOCL,NOS,2298,2298.0,1,Paradip Refinery
CMM-SEALG-209B7A-001,SEAL/GASKET | GASKET | GRAPHITE/SS 316 | 2 IN | ASME B16.20,SEAL/GASKET,STANDALONE_CANDIDATE,1,1,HPCL,NOS,23959,23959.0,1,Visakh Refinery
CMM-SEALG-285B2B-001,SEAL/GASKET | GASKET | GRAPHITE/SS 316 | 6 IN | ASME B16.20,SEAL/GASKET,STANDALONE_CANDIDATE,1,1,IOCL,NOS,8461,8461.0,1,Paradip Refinery
CMM-SEALG-291DC8-001,SEAL/GASKET | GASKET | GRAPHITE/SS 316 | 3 IN | ASME B16.20,SEAL/GASKET,STANDALONE_CANDIDATE,1,1,CPCL,NOS,14661,14661.0,1,Chennai Refinery
CMM-SEALG-2A981D-001,SEAL/GASKET | GASKET | GRAPHITE/SS 316 | 3 IN | ASME B16.20,SEAL/GASKET,STANDALONE_CANDIDATE,1,1,HPCL,NOS,8294,8294.0,1,Mumbai Refinery
CMM-SEALG-2AE030-001,SEAL/GASKET | GASKET | GRAPHITE/SS 316 | 6 IN | ASME B16.20,SEAL/GASKET,STANDALONE_CANDIDATE,1,1,HPCL,NOS,20755,20755.0,1,Visakh Refinery
CMM-SEALG-2DB0CE-001,SEAL/GASKET | GASKET | GRAPHITE/SS 316 | 2 IN | ASME B16.20,SEAL/GASKET,STANDALONE_CANDIDATE,1,1,ONGC,NOS,3211,3211.0,1,Mehsana Asset
CMM-SEALG-307BF2-001,SEAL/GASKET | GASKET | GRAPHITE/SS 316 | 6 IN | ASME B16.20,SEAL/GASKET,STANDALONE_CANDIDATE,1,1,CPCL,NOS,21842,21842.0,1,Chennai Refinery
CMM-SEALG-31D27F-001,SEAL/GASKET | GASKET | GRAPHITE/SS 316 | 1 IN | ASME B16.20,SEAL/GASKET,STANDALONE_CANDIDATE,1,1,CPCL,NOS,11778,11778.0,1,Chennai Refinery
CMM-SEALG-361CB4-001,SEAL/GASKET | GASKET | GRAPHITE/SS 316 | 3 IN | ASME B16.20,SEAL/GASKET,STANDALONE_CANDIDATE,1,1,IOCL,NOS,22076,22076.0,1,Paradip Refinery
CMM-SEALG-382C23-001,SEAL/GASKET | GASKET | GRAPHITE/SS 316 | 2 IN | ASME B16.20,SEAL/GASKET,STANDALONE_CANDIDATE,1,1,ONGC,NOS,9394,9394.0,1,Mehsana Asset
CMM-SEALG-40B2F9-001,SEAL/GASKET | GASKET | GRAPHITE/SS 316 | 4 IN | ASME B16.20,SEAL/GASKET,STANDALONE_CANDIDATE,1,1,ONGC,NOS,18552,18552.0,1,Mumbai Offshore
CMM-SEALG-4BF28A-001,SEAL/GASKET | GASKET | GRAPHITE/SS 316 | 3 IN | ASME B16.20,SEAL/GASKET,STANDALONE_CANDIDATE,1,1,HPCL,NOS,5912,5912.0,1,Visakh Refinery
CMM-SEALG-4E7E80-001,SEAL/GASKET | GASKET | GRAPHITE/SS 316 | 4 IN | ASME B16.20,SEAL/GASKET,STANDALONE_CANDIDATE,1,1,CPCL,NOS,24035,24035.0,1,Chennai Refinery
CMM-SEALG-52BC08-001,SEAL/GASKET | GASKET | GRAPHITE/SS 316 | 2 IN | ASME B16.20,SEAL/GASKET,STANDALONE_CANDIDATE,1,1,CPCL,NOS,3493,3493.0,1,Chennai Refinery
CMM-SEALG-53DB68-001,SEAL/GASKET | GASKET | GRAPHITE/SS 316 | 6 IN | ASME B16.20,SEAL/GASKET,STANDALONE_CANDIDATE,1,1,CPCL,NOS,21010,21010.0,1,Manali Terminal
CMM-SEALG-5901CD-001,SEAL/GASKET | GASKET | GRAPHITE/SS 316 | 6 IN | ASME B16.20,SEAL/GASKET,STANDALONE_CANDIDATE,1,1,ONGC,NOS,11489,11489.0,1,Mumbai Offshore
CMM-SEALG-593A45-001,SEAL/GASKET | GASKET | GRAPHITE/SS 316 | 3 IN | ASME B16.20,SEAL/GASKET,STANDALONE_CANDIDATE,1,1,IOCL,NOS,12901,12901.0,1,Paradip Refinery
CMM-SEALG-5B5D5B-001,SEAL/GASKET | GASKET | GRAPHITE/SS 316 | 4 IN | ASME B16.20,SEAL/GASKET,STANDALONE_CANDIDATE,1,1,ONGC,NOS,21360,21360.0,1,Mumbai Offshore
CMM-SEALG-5E4AEF-001,SEAL/GASKET | GASKET | GRAPHITE/SS 316 | 6 IN | ASME B16.20,SEAL/GASKET,STANDALONE_CANDIDATE,1,1,HPCL,NOS,15730,15730.0,1,Visakh Refinery
CMM-SEALG-70C8CB-001,SEAL/GASKET | GASKET | GRAPHITE/SS 316 | 1 IN | ASME B16.20,SEAL/GASKET,STANDALONE_CANDIDATE,1,1,IOCL,NOS,2612,2612.0,1,Mathura Refinery
CMM-SEALG-731107-001,SEAL/GASKET | GASKET | GRAPHITE/SS 316 | 2 IN | ASME B16.20,SEAL/GASKET,STANDALONE_CANDIDATE,1,1,IOCL,NOS,17096,17096.0,1,Panipat Refinery
CMM-SEALG-82D0CA-001,SEAL/GASKET | GASKET | GRAPHITE/SS 316 | 6 IN | ASME B16.20,SEAL/GASKET,STANDALONE_CANDIDATE,1,1,ONGC,NOS,18095,18095.0,1,Mehsana Asset
CMM-SEALG-91F2A9-001,SEAL/GASKET | GASKET | GRAPHITE/SS 316 | 4 IN | ASME B16.20,SEAL/GASKET,STANDALONE_CANDIDATE,1,1,HPCL,NOS,6390,6390.0,1,Mumbai Refinery
CMM-SEALG-97CD54-001,SEAL/GASKET | GASKET | GRAPHITE/SS 316 | 6 IN | ASME B16.20,SEAL/GASKET,STANDALONE_CANDIDATE,1,1,IOCL,NOS,1153,1153.0,1,Panipat Refinery
CMM-SEALG-A8F8BC-001,SEAL/GASKET | GASKET | GRAPHITE/SS 316 | 4 IN | ASME B16.20,SEAL/GASKET,STANDALONE_CANDIDATE,1,1,IOCL,NOS,11465,11465.0,1,Panipat Refinery
CMM-SEALG-B2B814-001,SEAL/GASKET | GASKET | GRAPHITE/SS 316 | 2 IN | ASME B16.20,SEAL/GASKET,STANDALONE_CANDIDATE,1,1,IOCL,NOS,15007,15007.0,1,Paradip Refinery
CMM-SEALG-B8FF5E-001,SEAL/GASKET | GASKET | GRAPHITE/SS 316 | 4 IN | ASME B16.20,SEAL/GASKET,STANDALONE_CANDIDATE,1,1,CPCL,NOS,4173,4173.0,1,Chennai Refinery
CMM-SEALG-BE066F-001,SEAL/GASKET | GASKET | GRAPHITE/SS 316 | 1 IN | ASME B16.20,SEAL/GASKET,STANDALONE_CANDIDATE,1,1,IOCL,NOS,24092,24092.0,1,Mathura Refinery
CMM-SEALG-BF7744-001,SEAL/GASKET | GASKET | GRAPHITE/SS 316 | 1 IN | ASME B16.20,SEAL/GASKET,STANDALONE_CANDIDATE,1,1,CPCL,NOS,17505,17505.0,1,Chennai Refinery
CMM-SEALG-CB6A03-001,SEAL/GASKET | GASKET | GRAPHITE/SS 316 | 2 IN | ASME B16.20,SEAL/GASKET,STANDALONE_CANDIDATE,1,1,HPCL,NOS,16600,16600.0,1,Vishakha Terminal
CMM-SEALG-CCF9EC-001,SEAL/GASKET | GASKET | GRAPHITE/SS 316 | 3 IN | ASME B16.20,SEAL/GASKET,STANDALONE_CANDIDATE,1,1,CPCL,NOS,16934,16934.0,1,Chennai Refinery
CMM-SEALG-CDE28C-001,SEAL/GASKET | GASKET | GRAPHITE/SS 316 | 4 IN | ASME B16.20,SEAL/GASKET,STANDALONE_CANDIDATE,1,1,ONGC,NOS,11207,11207.0,1,Mumbai Offshore
CMM-SEALG-CF0088-001,SEAL/GASKET | GASKET | GRAPHITE/SS 316 | 6 IN | ASME B16.20,SEAL/GASKET,STANDALONE_CANDIDATE,1,1,IOCL,NOS,20271,20271.0,1,Paradip Refinery
CMM-SEALG-D0C2EA-001,SEAL/GASKET | GASKET | GRAPHITE/SS 316 | 3 IN | ASME B16.20,SEAL/GASKET,STANDALONE_CANDIDATE,1,1,IOCL,NOS,7695,7695.0,1,Mathura Refinery
CMM-SEALG-D1BF63-001,SEAL/GASKET | GASKET | GRAPHITE/SS 316 | 4 IN | ASME B16.20,SEAL/GASKET,STANDALONE_CANDIDATE,1,1,IOCL,NOS,1562,1562.0,1,Panipat Refinery
CMM-SEALG-DC99ED-001,SEAL/GASKET | GASKET | GRAPHITE/SS 316 | 4 IN | ASME B16.20,SEAL/GASKET,STANDALONE_CANDIDATE,1,1,IOCL,NOS,15752,15752.0,1,Panipat Refinery
CMM-SEALG-E60BA6-001,SEAL/GASKET | GASKET | GRAPHITE/SS 316 | 2 IN | ASME B16.20,SEAL/GASKET,STANDALONE_CANDIDATE,1,1,ONGC,NOS,14035,14035.0,1,Ahmedabad Asset
CMM-SEALG-E7B6EF-001,SEAL/GASKET | GASKET | GRAPHITE/SS 316 | 6 IN | ASME B16.20,SEAL/GASKET,STANDALONE_CANDIDATE,1,1,IOCL,NOS,9086,9086.0,1,Paradip Refinery
CMM-SEALG-E8529A-001,SEAL/GASKET | GASKET | GRAPHITE/SS 316 | 3 IN | ASME B16.20,SEAL/GASKET,STANDALONE_CANDIDATE,1,1,CPCL,NOS,4430,4430.0,1,Chennai Refinery
CMM-SEALG-FB2E6B-001,SEAL/GASKET | GASKET | GRAPHITE/SS 316 | 6 IN | ASME B16.20,SEAL/GASKET,STANDALONE_CANDIDATE,1,1,ONGC,NOS,143,143.0,1,Ahmedabad Asset
CMM-SEALG-FF979F-001,SEAL/GASKET | GASKET | GRAPHITE/SS 316 | 3 IN | ASME B16.20,SEAL/GASKET,STANDALONE_CANDIDATE,1,1,CPCL,NOS,5638,5638.0,1,Chennai Refinery
CMM-VALVE-01D786-001,VALVE | GATE VALVE | ASTM A216 WCB | 3 IN | API 600; ASTM A216 WCB,VALVE,STANDALONE_CANDIDATE,1,1,HPCL,NOS,17552,17552.0,1,Visakh Refinery
CMM-VALVE-027FA4-001,VALVE | GATE VALVE | ASTM A216 WCB | 3 IN | API 600; ASTM A216 WCB | FLANGED,VALVE,STANDALONE_CANDIDATE,1,1,HPCL,NOS,1062,1062.0,1,Visakh Refinery
CMM-VALVE-029088-001,VALVE | GATE VALVE | ASTM A216 WCB | 1 IN | API 600; ASTM A216 WCB | FLANGED,VALVE,STANDALONE_CANDIDATE,1,1,ONGC,NOS,16932,16932.0,1,Ahmedabad Asset
CMM-VALVE-0D9789-001,VALVE | GATE VALVE | ASTM A216 WCB | 2 IN | API 600; ASTM A216 WCB,VALVE,STANDALONE_CANDIDATE,1,1,HPCL,NOS,12189,12189.0,1,Visakh Refinery
CMM-VALVE-0DA2E3-001,VALVE | GATE VALVE | ASTM A216 WCB | 6 IN | API 600; ASTM A216 WCB | FLANGED,VALVE,STANDALONE_CANDIDATE,1,1,HPCL,NOS,23822,23822.0,1,Mumbai Refinery
CMM-VALVE-0F76AC-001,VALVE | GLOBE VALVE | ASTM A216 WCB | 4 IN | API 623; ASTM A216 WCB | FLANGED,VALVE,STANDALONE_CANDIDATE,1,1,CPCL,NOS,19442,19442.0,1,Manali Terminal
CMM-VALVE-0FD746-001,VALVE | GLOBE VALVE | ASTM A216 WCB | 2 IN | API 623; ASTM A216 WCB,VALVE,STANDALONE_CANDIDATE,1,1,HPCL,NOS,6600,6600.0,1,Mumbai Refinery
CMM-VALVE-1075AD-001,VALVE | GLOBE VALVE | ASTM A216 WCB | 3 IN | API 623; ASTM A216 WCB | FLANGED,VALVE,STANDALONE_CANDIDATE,1,1,ONGC,NOS,6637,6637.0,1,Ahmedabad Asset
CMM-VALVE-133D40-001,VALVE | GLOBE VALVE | ASTM A216 WCB | 3 IN | API 623; ASTM A216 WCB | FLANGED,VALVE,STANDALONE_CANDIDATE,1,1,HPCL,NOS,10281,10281.0,1,Visakh Refinery
CMM-VALVE-13616E-001,VALVE | GLOBE VALVE | ASTM A216 WCB | 4 IN | API 623; ASTM A216 WCB,VALVE,STANDALONE_CANDIDATE,1,1,CPCL,NOS,6681,6681.0,1,Manali Terminal
CMM-VALVE-14A40E-001,VALVE | GLOBE VALVE | ASTM A216 WCB | 1 IN | API 623; ASTM A216 WCB | FLANGED,VALVE,STANDALONE_CANDIDATE,1,1,ONGC,NOS,7112,7112.0,1,Mehsana Asset
CMM-VALVE-14E27D-001,VALVE | BALL VALVE | SS 316 | 1 IN | API 608,VALVE,STANDALONE_CANDIDATE,1,1,ONGC,NOS,7094,7094.0,1,Ahmedabad Asset
CMM-VALVE-1524E9-001,VALVE | BALL VALVE | SS 316 | 1 IN | API 608,VALVE,STANDALONE_CANDIDATE,1,1,HPCL,NOS,9633,9633.0,1,Visakh Refinery
CMM-VALVE-16EE51-001,VALVE | BALL VALVE | SS 316 | 1 IN | API 608,VALVE,STANDALONE_CANDIDATE,1,1,ONGC,NOS,19038,19038.0,1,Mehsana Asset
CMM-VALVE-1732A8-001,VALVE | GLOBE VALVE | ASTM A216 WCB | 1 IN | API 623; ASTM A216 WCB | FLANGED,VALVE,STANDALONE_CANDIDATE,1,1,ONGC,NOS,21631,21631.0,1,Mehsana Asset
CMM-VALVE-191CB0-001,VALVE | BALL VALVE | SS 316 | 4 IN | API 608,VALVE,STANDALONE_CANDIDATE,1,1,CPCL,NOS,14075,14075.0,1,Manali Terminal
CMM-VALVE-1A8720-001,VALVE | BALL VALVE | SS 316 | 2 IN | API 608,VALVE,STANDALONE_CANDIDATE,1,1,IOCL,NOS,10554,10554.0,1,Paradip Refinery
CMM-VALVE-1B4716-001,VALVE | BALL VALVE | SS 316 | 1 IN | API 608,VALVE,STANDALONE_CANDIDATE,1,1,ONGC,NOS,1930,1930.0,1,Ahmedabad Asset
CMM-VALVE-1C5B32-001,VALVE | BALL VALVE | SS 316 | 1 IN | API 608,VALVE,STANDALONE_CANDIDATE,1,1,CPCL,NOS,24105,24105.0,1,Manali Terminal
CMM-VALVE-1FFA65-001,VALVE | GLOBE VALVE | ASTM A216 WCB | 3 IN | API 623; ASTM A216 WCB,VALVE,STANDALONE_CANDIDATE,1,1,CPCL,NOS,9507,9507.0,1,Manali Terminal
CMM-VALVE-222F33-001,VALVE | GATE VALVE | ASTM A216 WCB | 6 IN | API 600; ASTM A216 WCB | FLANGED,VALVE,STANDALONE_CANDIDATE,1,1,HPCL,NOS,2233,2233.0,1,Visakh Refinery
CMM-VALVE-23CDCB-001,VALVE | GATE VALVE | ASTM A216 WCB | 6 IN | API 600; ASTM A216 WCB | FLANGED,VALVE,STANDALONE_CANDIDATE,1,1,IOCL,NOS,10033,10033.0,1,Panipat Refinery
CMM-VALVE-27649C-001,VALVE | GLOBE VALVE | ASTM A216 WCB | 4 IN | API 623; ASTM A216 WCB | FLANGED,VALVE,STANDALONE_CANDIDATE,1,1,ONGC,NOS,11396,11396.0,1,Mumbai Offshore
CMM-VALVE-286DFC-001,VALVE | BALL VALVE | SS 316 | 3 IN | API 608,VALVE,STANDALONE_CANDIDATE,1,1,ONGC,NOS,624,624.0,1,Mumbai Offshore
CMM-VALVE-29791E-001,VALVE | BALL VALVE | SS 316 | 1/2 IN | API 608,VALVE,STANDALONE_CANDIDATE,1,1,ONGC,NOS,2064,2064.0,1,Mumbai Offshore
CMM-VALVE-2A163C-001,VALVE | GATE VALVE | ASTM A216 WCB | 2 IN | API 600; ASTM A216 WCB,VALVE,STANDALONE_CANDIDATE,1,1,CPCL,NOS,24557,24557.0,1,Manali Terminal
CMM-VALVE-2CEE5F-001,VALVE | BALL VALVE | SS 316 | 1/2 IN | API 608,VALVE,STANDALONE_CANDIDATE,1,1,CPCL,NOS,101,101.0,1,Manali Terminal
CMM-VALVE-304E79-001,VALVE | GLOBE VALVE | ASTM A216 WCB | 1 IN | API 623; ASTM A216 WCB | FLANGED,VALVE,STANDALONE_CANDIDATE,1,1,IOCL,NOS,18431,18431.0,1,Paradip Refinery
CMM-VALVE-30823B-001,VALVE | GATE VALVE | ASTM A216 WCB | 6 IN | API 600; ASTM A216 WCB | FLANGED,VALVE,STANDALONE_CANDIDATE,1,1,IOCL,NOS,15035,15035.0,1,Panipat Refinery
CMM-VALVE-309C84-001,VALVE | GATE VALVE | ASTM A216 WCB | 6 IN | API 600; ASTM A216 WCB | FLANGED,VALVE,STANDALONE_CANDIDATE,1,1,ONGC,NOS,16490,16490.0,1,Mumbai Offshore
CMM-VALVE-34F36C-001,VALVE | BALL VALVE | SS 316 | 3 IN | API 608,VALVE,STANDALONE_CANDIDATE,1,1,IOCL,NOS,11265,11265.0,1,Mathura Refinery
CMM-VALVE-361180-001,VALVE | GATE VALVE | ASTM A216 WCB | 6 IN | API 600; ASTM A216 WCB | FLANGED,VALVE,STANDALONE_CANDIDATE,1,1,ONGC,NOS,22901,22901.0,1,Mumbai Offshore
CMM-VALVE-36BC57-001,VALVE | GLOBE VALVE | ASTM A216 WCB | 4 IN | API 623; ASTM A216 WCB,VALVE,STANDALONE_CANDIDATE,1,1,HPCL,NOS,5671,5671.0,1,Vishakha Terminal
CMM-VALVE-36FFF2-001,VALVE | BALL VALVE | SS 316 | 2 IN | API 608,VALVE,STANDALONE_CANDIDATE,1,1,CPCL,NOS,18680,18680.0,1,Chennai Refinery
CMM-VALVE-384305-001,VALVE | BALL VALVE | SS 316 | 1/2 IN | API 608,VALVE,STANDALONE_CANDIDATE,1,1,CPCL,NOS,12519,12519.0,1,Chennai Refinery
CMM-VALVE-3A9F3B-001,VALVE | GATE VALVE | ASTM A216 WCB | 3 IN | API 600; ASTM A216 WCB,VALVE,STANDALONE_CANDIDATE,1,1,ONGC,NOS,20741,20741.0,1,Mehsana Asset
CMM-VALVE-3C1BDA-001,VALVE | BALL VALVE | SS 316 | 4 IN | API 608,VALVE,STANDALONE_CANDIDATE,1,1,CPCL,NOS,13821,13821.0,1,Chennai Refinery
CMM-VALVE-3F2904-001,VALVE | GATE VALVE | ASTM A216 WCB | 1 IN | API 600; ASTM A216 WCB | FLANGED,VALVE,STANDALONE_CANDIDATE,1,1,CPCL,NOS,1984,1984.0,1,Manali Terminal
CMM-VALVE-404F76-001,VALVE | GATE VALVE | ASTM A216 WCB | 6 IN | API 600; ASTM A216 WCB,VALVE,STANDALONE_CANDIDATE,1,1,IOCL,NOS,1145,1145.0,1,Panipat Refinery
CMM-VALVE-4117F3-001,VALVE | GLOBE VALVE | ASTM A216 WCB | 2 IN | API 623; ASTM A216 WCB | FLANGED,VALVE,STANDALONE_CANDIDATE,1,1,HPCL,NOS,8626,8626.0,1,Vishakha Terminal
CMM-VALVE-42DAED-001,VALVE | GATE VALVE | ASTM A216 WCB | 6 IN | API 600; ASTM A216 WCB | FLANGED,VALVE,STANDALONE_CANDIDATE,1,1,ONGC,NOS,8439,8439.0,1,Mumbai Offshore
CMM-VALVE-43497A-001,VALVE | BALL VALVE | SS 316 | 2 IN | API 608,VALVE,STANDALONE_CANDIDATE,1,1,IOCL,NOS,6952,6952.0,1,Paradip Refinery
CMM-VALVE-43E197-001,VALVE | BALL VALVE | SS 316 | 3 IN | API 608,VALVE,STANDALONE_CANDIDATE,1,1,ONGC,NOS,9649,9649.0,1,Mumbai Offshore
CMM-VALVE-460F69-001,VALVE | BALL VALVE | SS 316 | 1/2 IN | API 608,VALVE,STANDALONE_CANDIDATE,1,1,ONGC,NOS,22956,22956.0,1,Mehsana Asset
CMM-VALVE-4633D5-001,VALVE | GLOBE VALVE | ASTM A216 WCB | 4 IN | API 623; ASTM A216 WCB,VALVE,STANDALONE_CANDIDATE,1,1,IOCL,NOS,344,344.0,1,Panipat Refinery
CMM-VALVE-47CFE6-001,VALVE | GATE VALVE | ASTM A216 WCB | 1 IN | API 600; ASTM A216 WCB,VALVE,STANDALONE_CANDIDATE,1,1,IOCL,NOS,9087,9087.0,1,Paradip Refinery
CMM-VALVE-48DB04-001,VALVE | BALL VALVE | SS 316 | 4 IN | API 608,VALVE,STANDALONE_CANDIDATE,1,1,CPCL,NOS,20413,20413.0,1,Chennai Refinery
CMM-VALVE-495F93-001,VALVE | GATE VALVE | ASTM A216 WCB | 4 IN | API 600; ASTM A216 WCB,VALVE,STANDALONE_CANDIDATE,1,1,ONGC,NOS,6253,6253.0,1,Mehsana Asset
CMM-VALVE-4A7EA3-001,VALVE | GATE VALVE | ASTM A216 WCB | 1 IN | API 600; ASTM A216 WCB,VALVE,STANDALONE_CANDIDATE,1,1,HPCL,NOS,15748,15748.0,1,Vishakha Terminal
CMM-VALVE-4BC32C-001,VALVE | BALL VALVE | SS 316 | 1/2 IN | API 608,VALVE,STANDALONE_CANDIDATE,1,1,HPCL,NOS,5541,5541.0,1,Mumbai Refinery
CMM-VALVE-4E66D6-001,VALVE | BALL VALVE | SS 316 | 4 IN | API 608,VALVE,STANDALONE_CANDIDATE,1,1,HPCL,NOS,17912,17912.0,1,Vishakha Terminal
CMM-VALVE-4F8613-001,VALVE | GLOBE VALVE | ASTM A216 WCB | 2 IN | API 623; ASTM A216 WCB | FLANGED,VALVE,STANDALONE_CANDIDATE,1,1,ONGC,NOS,14450,14450.0,1,Mehsana Asset
CMM-VALVE-53717B-001,VALVE | GATE VALVE | ASTM A216 WCB | 1 IN | API 600; ASTM A216 WCB,VALVE,STANDALONE_CANDIDATE,1,1,ONGC,NOS,22213,22213.0,1,Mehsana Asset
CMM-VALVE-54AF36-001,VALVE | BALL VALVE | SS 316 | 3 IN | API 608,VALVE,STANDALONE_CANDIDATE,1,1,IOCL,NOS,22691,22691.0,1,Panipat Refinery
CMM-VALVE-56B6F2-001,VALVE | GLOBE VALVE | ASTM A216 WCB | 2 IN | API 623; ASTM A216 WCB | FLANGED,VALVE,STANDALONE_CANDIDATE,1,1,IOCL,NOS,3664,3664.0,1,Mathura Refinery
CMM-VALVE-57E843-001,VALVE | GATE VALVE | ASTM A216 WCB | 6 IN | API 600; ASTM A216 WCB,VALVE,STANDALONE_CANDIDATE,1,1,IOCL,NOS,14533,14533.0,1,Panipat Refinery
CMM-VALVE-57F5DC-001,VALVE | GLOBE VALVE | ASTM A216 WCB | 2 IN | API 623; ASTM A216 WCB,VALVE,STANDALONE_CANDIDATE,1,1,CPCL,NOS,11368,11368.0,1,Manali Terminal
CMM-VALVE-58F470-001,VALVE | BALL VALVE | SS 316 | 1 IN | API 608,VALVE,STANDALONE_CANDIDATE,1,1,HPCL,NOS,10841,10841.0,1,Mumbai Refinery
CMM-VALVE-593AD7-001,VALVE | BALL VALVE | SS 316 | 1 IN | API 608,VALVE,STANDALONE_CANDIDATE,1,1,HPCL,NOS,17997,17997.0,1,Mumbai Refinery
CMM-VALVE-59EECD-001,VALVE | BALL VALVE | SS 316 | 3 IN | API 608,VALVE,STANDALONE_CANDIDATE,1,1,ONGC,NOS,1070,1070.0,1,Mehsana Asset
CMM-VALVE-5AA90D-001,VALVE | BALL VALVE | SS 316 | 4 IN | API 608,VALVE,STANDALONE_CANDIDATE,1,1,ONGC,NOS,21633,21633.0,1,Ahmedabad Asset
CMM-VALVE-5ABB64-001,VALVE | GATE VALVE | ASTM A216 WCB | 4 IN | API 600; ASTM A216 WCB | FLANGED,VALVE,STANDALONE_CANDIDATE,1,1,ONGC,NOS,22656,22656.0,1,Mehsana Asset
CMM-VALVE-5B413A-001,VALVE | BALL VALVE | SS 316 | 3 IN | API 608,VALVE,STANDALONE_CANDIDATE,1,1,ONGC,NOS,2589,2589.0,1,Mumbai Offshore
CMM-VALVE-5BCCDD-001,VALVE | GATE VALVE | ASTM A216 WCB | 3 IN | API 600; ASTM A216 WCB | FLANGED,VALVE,STANDALONE_CANDIDATE,1,1,ONGC,NOS,6899,6899.0,1,Mumbai Offshore
CMM-VALVE-5E7A1B-001,VALVE | GATE VALVE | ASTM A216 WCB | 4 IN | API 600; ASTM A216 WCB,VALVE,STANDALONE_CANDIDATE,1,1,IOCL,NOS,3908,3908.0,1,Paradip Refinery
CMM-VALVE-5F1C5F-001,VALVE | GLOBE VALVE | ASTM A216 WCB | 4 IN | API 623; ASTM A216 WCB,VALVE,STANDALONE_CANDIDATE,1,1,ONGC,NOS,6534,6534.0,1,Mumbai Offshore
CMM-VALVE-5F4CE5-001,VALVE | BALL VALVE | SS 316 | 2 IN | API 608,VALVE,STANDALONE_CANDIDATE,1,1,IOCL,NOS,18781,18781.0,1,Paradip Refinery
CMM-VALVE-60AAC8-001,VALVE | GATE VALVE | ASTM A216 WCB | 6 IN | API 600; ASTM A216 WCB | FLANGED,VALVE,STANDALONE_CANDIDATE,1,1,ONGC,NOS,1255,1255.0,1,Ahmedabad Asset
CMM-VALVE-60F016-001,VALVE | BALL VALVE | SS 316 | 4 IN | API 608,VALVE,STANDALONE_CANDIDATE,1,1,ONGC,NOS,6958,6958.0,1,Ahmedabad Asset
CMM-VALVE-613932-001,VALVE | GLOBE VALVE | ASTM A216 WCB | 4 IN | API 623; ASTM A216 WCB,VALVE,STANDALONE_CANDIDATE,1,1,ONGC,NOS,9241,9241.0,1,Ahmedabad Asset
CMM-VALVE-62AB9D-001,VALVE | GLOBE VALVE | ASTM A216 WCB | 2 IN | API 623; ASTM A216 WCB | FLANGED,VALVE,STANDALONE_CANDIDATE,1,1,IOCL,NOS,5570,5570.0,1,Paradip Refinery
CMM-VALVE-6542C6-001,VALVE | GATE VALVE | ASTM A216 WCB | 2 IN | API 600; ASTM A216 WCB | FLANGED,VALVE,STANDALONE_CANDIDATE,1,1,ONGC,NOS,16286,16286.0,1,Ahmedabad Asset
CMM-VALVE-65A03C-001,VALVE | GATE VALVE | ASTM A216 WCB | 2 IN | API 600; ASTM A216 WCB,VALVE,STANDALONE_CANDIDATE,1,1,CPCL,NOS,3321,3321.0,1,Chennai Refinery
CMM-VALVE-6654B1-001,VALVE | GATE VALVE | ASTM A216 WCB | 6 IN | API 600; ASTM A216 WCB,VALVE,STANDALONE_CANDIDATE,1,1,ONGC,NOS,17648,17648.0,1,Ahmedabad Asset
CMM-VALVE-67CE62-001,VALVE | GATE VALVE | ASTM A216 WCB | 3 IN | API 600; ASTM A216 WCB | FLANGED,VALVE,STANDALONE_CANDIDATE,1,1,IOCL,NOS,20955,20955.0,1,Panipat Refinery
CMM-VALVE-695BB4-001,VALVE | BALL VALVE | SS 316 | 1 IN | API 608,VALVE,STANDALONE_CANDIDATE,1,1,CPCL,NOS,15044,15044.0,1,Manali Terminal
CMM-VALVE-6962B8-001,VALVE | GATE VALVE | ASTM A216 WCB | 2 IN | API 600; ASTM A216 WCB | FLANGED,VALVE,STANDALONE_CANDIDATE,1,1,IOCL,NOS,19338,19338.0,1,Paradip Refinery
CMM-VALVE-6A3DEE-001,VALVE | GLOBE VALVE | ASTM A216 WCB | 1 IN | API 623; ASTM A216 WCB | FLANGED,VALVE,STANDALONE_CANDIDATE,1,1,CPCL,NOS,15413,15413.0,1,Manali Terminal
CMM-VALVE-6A597D-001,VALVE | GLOBE VALVE | ASTM A216 WCB | 3 IN | API 623; ASTM A216 WCB | FLANGED,VALVE,STANDALONE_CANDIDATE,1,1,HPCL,NOS,11638,11638.0,1,Vishakha Terminal
CMM-VALVE-6A98BB-001,VALVE | GLOBE VALVE | ASTM A216 WCB | 2 IN | API 623; ASTM A216 WCB | FLANGED,VALVE,STANDALONE_CANDIDATE,1,1,CPCL,NOS,12045,12045.0,1,Manali Terminal
CMM-VALVE-6B2018-001,VALVE | GATE VALVE | ASTM A216 WCB | 4 IN | API 600; ASTM A216 WCB,VALVE,STANDALONE_CANDIDATE,1,1,ONGC,NOS,18554,18554.0,1,Mehsana Asset
CMM-VALVE-6F082C-001,VALVE | GLOBE VALVE | ASTM A216 WCB | 2 IN | API 623; ASTM A216 WCB | FLANGED,VALVE,STANDALONE_CANDIDATE,1,1,CPCL,NOS,11988,11988.0,1,Manali Terminal
CMM-VALVE-70362B-001,VALVE | GATE VALVE | ASTM A216 WCB | 4 IN | API 600; ASTM A216 WCB | FLANGED,VALVE,STANDALONE_CANDIDATE,1,1,CPCL,NOS,17641,17641.0,1,Chennai Refinery
CMM-VALVE-70572E-001,VALVE | GLOBE VALVE | ASTM A216 WCB | 3 IN | API 623; ASTM A216 WCB,VALVE,STANDALONE_CANDIDATE,1,1,HPCL,NOS,3381,3381.0,1,Mumbai Refinery
CMM-VALVE-724B6E-001,VALVE | BALL VALVE | SS 316 | 1/2 IN | API 608,VALVE,STANDALONE_CANDIDATE,1,1,CPCL,NOS,15787,15787.0,1,Chennai Refinery
CMM-VALVE-7566AF-001,VALVE | GATE VALVE | ASTM A216 WCB | 2 IN | API 600; ASTM A216 WCB | FLANGED,VALVE,STANDALONE_CANDIDATE,1,1,IOCL,NOS,8820,8820.0,1,Panipat Refinery
CMM-VALVE-757A3B-001,VALVE | BALL VALVE | SS 316 | 3 IN | API 608,VALVE,STANDALONE_CANDIDATE,1,1,ONGC,NOS,5410,5410.0,1,Ahmedabad Asset
CMM-VALVE-787EA5-001,VALVE | GATE VALVE | ASTM A216 WCB | 3 IN | API 600; ASTM A216 WCB,VALVE,STANDALONE_CANDIDATE,1,1,HPCL,NOS,9883,9883.0,1,Vishakha Terminal
CMM-VALVE-79DA0B-001,VALVE | BALL VALVE | SS 316 | 1 IN | API 608,VALVE,STANDALONE_CANDIDATE,1,1,IOCL,NOS,1688,1688.0,1,Paradip Refinery
CMM-VALVE-7B0C8D-001,VALVE | GATE VALVE | ASTM A216 WCB | 4 IN | API 600; ASTM A216 WCB,VALVE,STANDALONE_CANDIDATE,1,1,IOCL,NOS,21255,21255.0,1,Mathura Refinery
CMM-VALVE-7CE31C-001,VALVE | BALL VALVE | SS 316 | 4 IN | API 608,VALVE,STANDALONE_CANDIDATE,1,1,IOCL,NOS,54,54.0,1,Mathura Refinery
CMM-VALVE-81806B-001,VALVE | GATE VALVE | ASTM A216 WCB | 1 IN | API 600; ASTM A216 WCB | FLANGED,VALVE,STANDALONE_CANDIDATE,1,1,HPCL,NOS,1639,1639.0,1,Visakh Refinery
CMM-VALVE-819CA1-001,VALVE | BALL VALVE | SS 316 | 1/2 IN | API 608,VALVE,STANDALONE_CANDIDATE,1,1,IOCL,NOS,13545,13545.0,1,Paradip Refinery
CMM-VALVE-827AB8-001,VALVE | BALL VALVE | SS 316 | 4 IN | API 608,VALVE,STANDALONE_CANDIDATE,1,1,HPCL,NOS,11960,11960.0,1,Visakh Refinery
CMM-VALVE-8308F7-001,VALVE | BALL VALVE | SS 316 | 3 IN | API 608,VALVE,STANDALONE_CANDIDATE,1,1,CPCL,NOS,8321,8321.0,1,Chennai Refinery
CMM-VALVE-83A82B-001,VALVE | BALL VALVE | SS 316 | 2 IN | API 608,VALVE,STANDALONE_CANDIDATE,1,1,HPCL,NOS,10468,10468.0,1,Visakh Refinery
CMM-VALVE-85B444-001,VALVE | BALL VALVE | SS 316 | 4 IN | API 608,VALVE,STANDALONE_CANDIDATE,1,1,CPCL,NOS,19106,19106.0,1,Manali Terminal
CMM-VALVE-882BBD-001,VALVE | GATE VALVE | ASTM A216 WCB | 1 IN | API 600; ASTM A216 WCB,VALVE,STANDALONE_CANDIDATE,1,1,CPCL,NOS,4661,4661.0,1,Manali Terminal
CMM-VALVE-88B64B-001,VALVE | BALL VALVE | SS 316 | 4 IN | API 608,VALVE,STANDALONE_CANDIDATE,1,1,CPCL,NOS,20662,20662.0,1,Manali Terminal
CMM-VALVE-88E9C3-001,VALVE | GLOBE VALVE | ASTM A216 WCB | 3 IN | API 623; ASTM A216 WCB | FLANGED,VALVE,STANDALONE_CANDIDATE,1,1,IOCL,NOS,16140,16140.0,1,Panipat Refinery
CMM-VALVE-8A06C1-001,VALVE | GATE VALVE | ASTM A216 WCB | 1 IN | API 600; ASTM A216 WCB | FLANGED,VALVE,STANDALONE_CANDIDATE,1,1,IOCL,NOS,7632,7632.0,1,Panipat Refinery
CMM-VALVE-8B5929-001,VALVE | BALL VALVE | SS 316 | 1/2 IN | API 608,VALVE,STANDALONE_CANDIDATE,1,1,ONGC,NOS,7679,7679.0,1,Ahmedabad Asset
CMM-VALVE-8C58D5-001,VALVE | GATE VALVE | ASTM A216 WCB | 4 IN | API 600; ASTM A216 WCB | FLANGED,VALVE,STANDALONE_CANDIDATE,1,1,HPCL,NOS,13674,13674.0,1,Vishakha Terminal
CMM-VALVE-8CFA7B-001,VALVE | BALL VALVE | SS 316 | 1/2 IN | API 608,VALVE,STANDALONE_CANDIDATE,1,1,ONGC,NOS,20912,20912.0,1,Ahmedabad Asset
CMM-VALVE-8E0EF8-001,VALVE | BALL VALVE | SS 316 | 1/2 IN | API 608,VALVE,STANDALONE_CANDIDATE,1,1,HPCL,NOS,20222,20222.0,1,Mumbai Refinery
CMM-VALVE-8E394A-001,VALVE | GLOBE VALVE | ASTM A216 WCB | 2 IN | API 623; ASTM A216 WCB | FLANGED,VALVE,STANDALONE_CANDIDATE,1,1,CPCL,NOS,22015,22015.0,1,Chennai Refinery
CMM-VALVE-8ED874-001,VALVE | GLOBE VALVE | ASTM A216 WCB | 4 IN | API 623; ASTM A216 WCB | FLANGED,VALVE,STANDALONE_CANDIDATE,1,1,ONGC,NOS,18497,18497.0,1,Ahmedabad Asset
CMM-VALVE-8F81F7-001,VALVE | GLOBE VALVE | ASTM A216 WCB | 2 IN | API 623; ASTM A216 WCB | FLANGED,VALVE,STANDALONE_CANDIDATE,1,1,HPCL,NOS,13017,13017.0,1,Mumbai Refinery
CMM-VALVE-90B2FC-001,VALVE | GATE VALVE | ASTM A216 WCB | 6 IN | API 600; ASTM A216 WCB | FLANGED,VALVE,STANDALONE_CANDIDATE,1,1,HPCL,NOS,23780,23780.0,1,Visakh Refinery
CMM-VALVE-9232FD-001,VALVE | GATE VALVE | ASTM A216 WCB | 3 IN | API 600; ASTM A216 WCB,VALVE,STANDALONE_CANDIDATE,1,1,CPCL,NOS,10186,10186.0,1,Chennai Refinery
CMM-VALVE-926575-001,VALVE | GATE VALVE | ASTM A216 WCB | 4 IN | API 600; ASTM A216 WCB,VALVE,STANDALONE_CANDIDATE,1,1,IOCL,NOS,14777,14777.0,1,Mathura Refinery
CMM-VALVE-938BED-001,VALVE | BALL VALVE | SS 316 | 1/2 IN | API 608,VALVE,STANDALONE_CANDIDATE,1,1,ONGC,NOS,20019,20019.0,1,Mumbai Offshore
CMM-VALVE-981865-001,VALVE | GATE VALVE | ASTM A216 WCB | 6 IN | API 600; ASTM A216 WCB,VALVE,STANDALONE_CANDIDATE,1,1,ONGC,NOS,3104,3104.0,1,Mehsana Asset
CMM-VALVE-9AC385-001,VALVE | GATE VALVE | ASTM A216 WCB | 6 IN | API 600; ASTM A216 WCB | FLANGED,VALVE,STANDALONE_CANDIDATE,1,1,IOCL,NOS,23431,23431.0,1,Paradip Refinery
CMM-VALVE-9B6295-001,VALVE | GLOBE VALVE | ASTM A216 WCB | 3 IN | API 623; ASTM A216 WCB | FLANGED,VALVE,STANDALONE_CANDIDATE,1,1,HPCL,NOS,15537,15537.0,1,Visakh Refinery
CMM-VALVE-9D3A7F-001,VALVE | GLOBE VALVE | ASTM A216 WCB | 1 IN | API 623; ASTM A216 WCB,VALVE,STANDALONE_CANDIDATE,1,1,IOCL,NOS,23594,23594.0,1,Paradip Refinery
CMM-VALVE-9EA96C-001,VALVE | GATE VALVE | ASTM A216 WCB | 1 IN | API 600; ASTM A216 WCB | FLANGED,VALVE,STANDALONE_CANDIDATE,1,1,ONGC,NOS,22944,22944.0,1,Mehsana Asset
CMM-VALVE-9ECE61-001,VALVE | GATE VALVE | ASTM A216 WCB | 6 IN | API 600; ASTM A216 WCB,VALVE,STANDALONE_CANDIDATE,1,1,CPCL,NOS,21223,21223.0,1,Chennai Refinery
CMM-VALVE-9F52AB-001,VALVE | GATE VALVE | ASTM A216 WCB | 2 IN | API 600; ASTM A216 WCB,VALVE,STANDALONE_CANDIDATE,1,1,ONGC,NOS,17719,17719.0,1,Ahmedabad Asset
CMM-VALVE-A2DC80-001,VALVE | GATE VALVE | ASTM A216 WCB | 6 IN | API 600; ASTM A216 WCB,VALVE,STANDALONE_CANDIDATE,1,1,IOCL,NOS,24937,24937.0,1,Mathura Refinery
CMM-VALVE-A4A563-001,VALVE | GLOBE VALVE | ASTM A216 WCB | 1 IN | API 623; ASTM A216 WCB | FLANGED,VALVE,STANDALONE_CANDIDATE,1,1,ONGC,NOS,16156,16156.0,1,Mehsana Asset
CMM-VALVE-A5AE95-001,VALVE | GLOBE VALVE | ASTM A216 WCB | 4 IN | API 623; ASTM A216 WCB,VALVE,STANDALONE_CANDIDATE,1,1,HPCL,NOS,9912,9912.0,1,Visakh Refinery
CMM-VALVE-A79389-001,VALVE | GATE VALVE | ASTM A216 WCB | 2 IN | API 600; ASTM A216 WCB | FLANGED,VALVE,VERIFIED_HARMONIZED,2,2,IOCL;ONGC,NOS,17647,8823.5,2,Mathura Refinery
CMM-VALVE-ABBD8B-001,VALVE | GLOBE VALVE | ASTM A216 WCB | 2 IN | API 623; ASTM A216 WCB | FLANGED,VALVE,STANDALONE_CANDIDATE,1,1,IOCL,NOS,17305,17305.0,1,Panipat Refinery
CMM-VALVE-ABEB88-001,VALVE | GATE VALVE | ASTM A216 WCB | 2 IN | API 600; ASTM A216 WCB | FLANGED,VALVE,STANDALONE_CANDIDATE,1,1,HPCL,NOS,12699,12699.0,1,Vishakha Terminal
CMM-VALVE-ABFFA2-001,VALVE | BALL VALVE | SS 316 | 1 IN | API 608,VALVE,STANDALONE_CANDIDATE,1,1,IOCL,NOS,19602,19602.0,1,Panipat Refinery
CMM-VALVE-ACDD49-001,VALVE | GLOBE VALVE | ASTM A216 WCB | 1 IN | API 623; ASTM A216 WCB | FLANGED,VALVE,STANDALONE_CANDIDATE,1,1,ONGC,NOS,187,187.0,1,Ahmedabad Asset
CMM-VALVE-AF472A-001,VALVE | GATE VALVE | ASTM A216 WCB | 2 IN | API 600; ASTM A216 WCB | FLANGED,VALVE,STANDALONE_CANDIDATE,1,1,CPCL,NOS,10375,10375.0,1,Chennai Refinery
CMM-VALVE-AF5C97-001,VALVE | GLOBE VALVE | ASTM A216 WCB | 4 IN | API 623; ASTM A216 WCB | FLANGED,VALVE,STANDALONE_CANDIDATE,1,1,IOCL,NOS,9540,9540.0,1,Mathura Refinery
CMM-VALVE-B13B23-001,VALVE | GLOBE VALVE | ASTM A216 WCB | 4 IN | API 623; ASTM A216 WCB | FLANGED,VALVE,STANDALONE_CANDIDATE,1,1,IOCL,NOS,10237,10237.0,1,Mathura Refinery
CMM-VALVE-B14858-001,VALVE | BALL VALVE | SS 316 | 3 IN | API 608,VALVE,STANDALONE_CANDIDATE,1,1,CPCL,NOS,16608,16608.0,1,Manali Terminal
CMM-VALVE-B1845F-001,VALVE | GLOBE VALVE | ASTM A216 WCB | 3 IN | API 623; ASTM A216 WCB | FLANGED,VALVE,STANDALONE_CANDIDATE,1,1,IOCL,NOS,8979,8979.0,1,Paradip Refinery
CMM-VALVE-B41424-001,VALVE | GATE VALVE | ASTM A216 WCB | 6 IN | API 600; ASTM A216 WCB | FLANGED,VALVE,STANDALONE_CANDIDATE,1,1,HPCL,NOS,18191,18191.0,1,Mumbai Refinery
CMM-VALVE-B4C81E-001,VALVE | BALL VALVE | SS 316 | 1 IN | API 608,VALVE,STANDALONE_CANDIDATE,1,1,IOCL,NOS,5834,5834.0,1,Panipat Refinery
CMM-VALVE-B50F4E-001,VALVE | GATE VALVE | ASTM A216 WCB | 2 IN | API 600; ASTM A216 WCB | FLANGED,VALVE,STANDALONE_CANDIDATE,1,1,HPCL,NOS,353,353.0,1,Mumbai Refinery
CMM-VALVE-B93B65-001,VALVE | GATE VALVE | ASTM A216 WCB | 2 IN | API 600; ASTM A216 WCB | FLANGED,VALVE,STANDALONE_CANDIDATE,1,1,ONGC,NOS,6155,6155.0,1,Ahmedabad Asset
CMM-VALVE-BB6230-001,VALVE | GATE VALVE | ASTM A216 WCB | 4 IN | API 600; ASTM A216 WCB | FLANGED,VALVE,STANDALONE_CANDIDATE,1,1,ONGC,NOS,4204,4204.0,1,Mehsana Asset
CMM-VALVE-BB7654-001,VALVE | GLOBE VALVE | ASTM A216 WCB | 2 IN | API 623; ASTM A216 WCB | FLANGED,VALVE,STANDALONE_CANDIDATE,1,1,HPCL,NOS,10215,10215.0,1,Visakh Refinery
CMM-VALVE-BE1D9D-001,VALVE | GLOBE VALVE | ASTM A216 WCB | 4 IN | API 623; ASTM A216 WCB,VALVE,STANDALONE_CANDIDATE,1,1,HPCL,NOS,16388,16388.0,1,Visakh Refinery
CMM-VALVE-BF1754-001,VALVE | GATE VALVE | ASTM A216 WCB | 3 IN | API 600; ASTM A216 WCB | FLANGED,VALVE,STANDALONE_CANDIDATE,1,1,HPCL,NOS,23831,23831.0,1,Vishakha Terminal
CMM-VALVE-C00383-001,VALVE | BALL VALVE | SS 316 | 4 IN | API 608,VALVE,STANDALONE_CANDIDATE,1,1,IOCL,NOS,1810,1810.0,1,Panipat Refinery
CMM-VALVE-C43DEA-001,VALVE | GATE VALVE | ASTM A216 WCB | 3 IN | API 600; ASTM A216 WCB,VALVE,STANDALONE_CANDIDATE,1,1,IOCL,NOS,15641,15641.0,1,Mathura Refinery
CMM-VALVE-C51000-001,VALVE | GATE VALVE | ASTM A216 WCB | 1 IN | API 600; ASTM A216 WCB,VALVE,STANDALONE_CANDIDATE,1,1,ONGC,NOS,6492,6492.0,1,Ahmedabad Asset
CMM-VALVE-C6A14A-001,VALVE | GATE VALVE | ASTM A216 WCB | 4 IN | API 600; ASTM A216 WCB | FLANGED,VALVE,STANDALONE_CANDIDATE,1,1,ONGC,NOS,12328,12328.0,1,Ahmedabad Asset
CMM-VALVE-C7226E-001,VALVE | GLOBE VALVE | ASTM A216 WCB | 1 IN | API 623; ASTM A216 WCB,VALVE,STANDALONE_CANDIDATE,1,1,IOCL,NOS,19277,19277.0,1,Panipat Refinery
CMM-VALVE-CA113F-001,VALVE | BALL VALVE | SS 316 | 2 IN | API 608,VALVE,STANDALONE_CANDIDATE,1,1,HPCL,NOS,24414,24414.0,1,Mumbai Refinery
CMM-VALVE-CA7538-001,VALVE | BALL VALVE | SS 316 | 1 IN | API 608,VALVE,STANDALONE_CANDIDATE,1,1,IOCL,NOS,8637,8637.0,1,Paradip Refinery
CMM-VALVE-CEF76A-001,VALVE | GLOBE VALVE | ASTM A216 WCB | 1 IN | API 623; ASTM A216 WCB | FLANGED,VALVE,STANDALONE_CANDIDATE,1,1,CPCL,NOS,10749,10749.0,1,Chennai Refinery
CMM-VALVE-CFFCE3-001,VALVE | GLOBE VALVE | ASTM A216 WCB | 2 IN | API 623; ASTM A216 WCB | FLANGED,VALVE,STANDALONE_CANDIDATE,1,1,CPCL,NOS,2589,2589.0,1,Chennai Refinery
CMM-VALVE-D2430E-001,VALVE | GATE VALVE | ASTM A216 WCB | 2 IN | API 600; ASTM A216 WCB | FLANGED,VALVE,STANDALONE_CANDIDATE,1,1,HPCL,NOS,6117,6117.0,1,Vishakha Terminal
CMM-VALVE-D31A0B-001,VALVE | GATE VALVE | ASTM A216 WCB | 3 IN | API 600; ASTM A216 WCB | FLANGED,VALVE,STANDALONE_CANDIDATE,1,1,CPCL,NOS,3157,3157.0,1,Chennai Refinery
CMM-VALVE-D44E5E-001,VALVE | GLOBE VALVE | ASTM A216 WCB | 3 IN | API 623; ASTM A216 WCB | FLANGED,VALVE,STANDALONE_CANDIDATE,1,1,ONGC,NOS,4774,4774.0,1,Mehsana Asset
CMM-VALVE-D64775-001,VALVE | GLOBE VALVE | ASTM A216 WCB | 3 IN | API 623; ASTM A216 WCB,VALVE,STANDALONE_CANDIDATE,1,1,CPCL,NOS,18511,18511.0,1,Manali Terminal
CMM-VALVE-D8DB06-001,VALVE | BALL VALVE | SS 316 | 1 IN | API 608,VALVE,STANDALONE_CANDIDATE,1,1,IOCL,NOS,19978,19978.0,1,Paradip Refinery
CMM-VALVE-D99A72-001,VALVE | BALL VALVE | SS 316 | 3 IN | API 608,VALVE,STANDALONE_CANDIDATE,1,1,CPCL,NOS,19698,19698.0,1,Chennai Refinery
CMM-VALVE-DA57B6-001,VALVE | BALL VALVE | SS 316 | 2 IN | API 608,VALVE,STANDALONE_CANDIDATE,1,1,IOCL,NOS,17667,17667.0,1,Paradip Refinery
CMM-VALVE-DAC3C7-001,VALVE | GLOBE VALVE | ASTM A216 WCB | 4 IN | API 623; ASTM A216 WCB | FLANGED,VALVE,STANDALONE_CANDIDATE,1,1,HPCL,NOS,21619,21619.0,1,Vishakha Terminal
CMM-VALVE-DBEB8E-001,VALVE | BALL VALVE | SS 316 | 2 IN | API 608,VALVE,STANDALONE_CANDIDATE,1,1,ONGC,NOS,1241,1241.0,1,Mehsana Asset
CMM-VALVE-DBFDB5-001,VALVE | GLOBE VALVE | ASTM A216 WCB | 1 IN | API 623; ASTM A216 WCB | FLANGED,VALVE,STANDALONE_CANDIDATE,1,1,ONGC,NOS,2432,2432.0,1,Mumbai Offshore
CMM-VALVE-DFF68B-001,VALVE | GLOBE VALVE | ASTM A216 WCB | 3 IN | API 623; ASTM A216 WCB,VALVE,STANDALONE_CANDIDATE,1,1,HPCL,NOS,13460,13460.0,1,Mumbai Refinery
CMM-VALVE-E9B90F-001,VALVE | GLOBE VALVE | ASTM A216 WCB | 4 IN | API 623; ASTM A216 WCB,VALVE,STANDALONE_CANDIDATE,1,1,ONGC,NOS,16668,16668.0,1,Mumbai Offshore
CMM-VALVE-E9F6EA-001,VALVE | GLOBE VALVE | ASTM A216 WCB | 1 IN | API 623; ASTM A216 WCB,VALVE,STANDALONE_CANDIDATE,1,1,HPCL,NOS,13952,13952.0,1,Visakh Refinery
CMM-VALVE-EA8CD3-001,VALVE | GATE VALVE | ASTM A216 WCB | 4 IN | API 600; ASTM A216 WCB | FLANGED,VALVE,STANDALONE_CANDIDATE,1,1,ONGC,NOS,5890,5890.0,1,Ahmedabad Asset
CMM-VALVE-ECF52E-001,VALVE | GLOBE VALVE | ASTM A216 WCB | 3 IN | API 623; ASTM A216 WCB | FLANGED,VALVE,STANDALONE_CANDIDATE,1,1,ONGC,NOS,6456,6456.0,1,Ahmedabad Asset
CMM-VALVE-EE4574-001,VALVE | BALL VALVE | SS 316 | 3 IN | API 608,VALVE,STANDALONE_CANDIDATE,1,1,ONGC,NOS,22824,22824.0,1,Mumbai Offshore
CMM-VALVE-EE8D43-001,VALVE | BALL VALVE | SS 316 | 2 IN | API 608,VALVE,STANDALONE_CANDIDATE,1,1,HPCL,NOS,21026,21026.0,1,Visakh Refinery
CMM-VALVE-F04381-001,VALVE | BALL VALVE | SS 316 | 1 IN | API 608,VALVE,STANDALONE_CANDIDATE,1,1,IOCL,NOS,2302,2302.0,1,Paradip Refinery
CMM-VALVE-F12BC6-001,VALVE | GATE VALVE | ASTM A216 WCB | 2 IN | API 600; ASTM A216 WCB | FLANGED,VALVE,STANDALONE_CANDIDATE,1,1,ONGC,NOS,21954,21954.0,1,Ahmedabad Asset
CMM-VALVE-F1E6B8-001,VALVE | GATE VALVE | ASTM A216 WCB | 6 IN | API 600; ASTM A216 WCB,VALVE,STANDALONE_CANDIDATE,1,1,HPCL,NOS,21744,21744.0,1,Visakh Refinery
CMM-VALVE-F1F38A-001,VALVE | GLOBE VALVE | ASTM A216 WCB | 3 IN | API 623; ASTM A216 WCB,VALVE,STANDALONE_CANDIDATE,1,1,ONGC,NOS,681,681.0,1,Mumbai Offshore
CMM-VALVE-F28E14-001,VALVE | BALL VALVE | SS 316 | 1/2 IN | API 608,VALVE,STANDALONE_CANDIDATE,1,1,CPCL,NOS,24128,24128.0,1,Manali Terminal
CMM-VALVE-F38D98-001,VALVE | BALL VALVE | SS 316 | 2 IN | API 608,VALVE,STANDALONE_CANDIDATE,1,1,IOCL,NOS,13696,13696.0,1,Mathura Refinery
CMM-VALVE-F55EC2-001,VALVE | GLOBE VALVE | ASTM A216 WCB | 1 IN | API 623; ASTM A216 WCB | FLANGED,VALVE,STANDALONE_CANDIDATE,1,1,IOCL,NOS,14359,14359.0,1,Paradip Refinery
CMM-VALVE-F5FC46-001,VALVE | GATE VALVE | ASTM A216 WCB | 1 IN | API 600; ASTM A216 WCB | FLANGED,VALVE,STANDALONE_CANDIDATE,1,1,IOCL,NOS,12354,12354.0,1,Paradip Refinery
CMM-VALVE-F6E668-001,VALVE | GLOBE VALVE | ASTM A216 WCB | 4 IN | API 623; ASTM A216 WCB | FLANGED,VALVE,STANDALONE_CANDIDATE,1,1,IOCL,NOS,10598,10598.0,1,Mathura Refinery
CMM-VALVE-F743C9-001,VALVE | BALL VALVE | SS 316 | 3 IN | API 608,VALVE,STANDALONE_CANDIDATE,1,1,ONGC,NOS,983,983.0,1,Mumbai Offshore
CMM-VALVE-F80E44-001,VALVE | BALL VALVE | SS 316 | 1 IN | API 608,VALVE,STANDALONE_CANDIDATE,1,1,IOCL,NOS,1854,1854.0,1,Mathura Refinery
CMM-VALVE-F88BC7-001,VALVE | GLOBE VALVE | ASTM A216 WCB | 3 IN | API 623; ASTM A216 WCB | FLANGED,VALVE,STANDALONE_CANDIDATE,1,1,ONGC,NOS,6560,6560.0,1,Mehsana Asset
CMM-VALVE-F8CD43-001,VALVE | GATE VALVE | ASTM A216 WCB | 4 IN | API 600; ASTM A216 WCB | FLANGED,VALVE,STANDALONE_CANDIDATE,1,1,ONGC,NOS,12050,12050.0,1,Mumbai Offshore
CMM-VALVE-F8E34A-001,VALVE | BALL VALVE | SS 316 | 1 IN | API 608,VALVE,STANDALONE_CANDIDATE,1,1,IOCL,NOS,24818,24818.0,1,Panipat Refinery
CMM-VALVE-FBB928-001,VALVE | BALL VALVE | SS 316 | 2 IN | API 608,VALVE,STANDALONE_CANDIDATE,1,1,CPCL,NOS,125,125.0,1,Chennai Refinery
CMM-VALVE-FDF4A4-001,VALVE | GLOBE VALVE | ASTM A216 WCB | 3 IN | API 623; ASTM A216 WCB,VALVE,STANDALONE_CANDIDATE,1,1,HPCL,NOS,8257,8257.0,1,Mumbai Refinery
CMM-VALVE-FE27C1-001,VALVE | GATE VALVE | ASTM A216 WCB | 4 IN | API 600; ASTM A216 WCB,VALVE,STANDALONE_CANDIDATE,1,1,HPCL,NOS,7701,7701.0,1,Vishakha Terminal
CMM-VALVE-FE663F-001,VALVE | GLOBE VALVE | ASTM A216 WCB | 1 IN | API 623; ASTM A216 WCB | FLANGED,VALVE,STANDALONE_CANDIDATE,1,1,IOCL,NOS,17006,17006.0,1,Mathura Refinery
CMM-VALVE-FF90B5-001,VALVE | GLOBE VALVE | ASTM A216 WCB | 2 IN | API 623; ASTM A216 WCB | FLANGED,VALVE,STANDALONE_CANDIDATE,1,1,CPCL,NOS,11755,11755.0,1,Manali Terminal
