id,common_material_id,source_material_code,source_cpse,source_description,canonical_material_key,membership_type,accepted_edge_candidate_ids,reviewer_ids,evidence_snapshot_hashes
89b9f03f-4216-5de9-bb05-d6bf84928480,CMM-BEARNG-0669B8-001,IOCL-110088,IOCL,BALL BRG Stainless Steel 6208,BEARING|BALL_BEARING|STAINLESS_STEEL|STAINLESS_STEEL|6208|ISO_15,DIRECT_ACCEPTED,CAN-021421;CAN-021422,NMC-REVIEWER-CHIEF,
1933024e-57cc-55d7-a83f-32c7bdc3cab5,CMM-BEARNG-0669B8-001,NMDC-410094,NMDC,BALL BRG 6208 Stainless Steel,BEARING|BALL_BEARING|STAINLESS_STEEL|STAINLESS_STEEL|6208|ISO_15,DIRECT_ACCEPTED,CAN-021421;CAN-021452,NMC-REVIEWER-CHIEF,
6f883459-68e7-5feb-b1e1-d4e4cc70e9f2,CMM-BEARNG-0669B8-001,NTPC-200086,NTPC,Ball Bearing 6208 Stainless Steel,BEARING|BALL_BEARING|STAINLESS_STEEL|STAINLESS_STEEL|6208|ISO_15,DIRECT_ACCEPTED,CAN-021422;CAN-021452,NMC-REVIEWER-CHIEF,
bfd62f88-182b-5260-9859-b8907f9d2cf9,CMM-BEARNG-0772AD-001,IOCL-110135,IOCL,STORES ITEM THRUST BEARING 30205 Stainless Steel 300#,BEARING|STAINLESS_STEEL|STAINLESS_STEEL|30205|ISO_15,DIRECT_ACCEPTED,CAN-035221,NMC-REVIEWER-CHIEF,
aa3f4907-e589-532e-9bb6-42d3871ddcc7,CMM-BEARNG-0772AD-001,NMDC-410149,NMDC,STORES ITEM Thrust Bearing 30205 Stainless Steel 150#,BEARING|STAINLESS_STEEL|STAINLESS_STEEL|30205|ISO_15,DIRECT_ACCEPTED,CAN-035221,NMC-REVIEWER-CHIEF,
8e3f67f5-65b9-577c-8021-338e10b394c7,CMM-BEARNG-0C2D83-001,HPCL-120117,HPCL,IND.Ball Bearing 300# AISI 52100 6304,BEARING|BALL_BEARING|AISI_52100|6304,DIRECT_ACCEPTED,CAN-026641,NMC-REVIEWER-CHIEF,
4d94c45b-9500-52f8-a56e-0c9bbcc72261,CMM-BEARNG-0C2D83-001,NTPC-200108,NTPC,"STORES ITEM BRG BALL, AISI 52100, SIZE 6304 150#",BEARING|BALL_BEARING|AISI_52100|6304,DIRECT_ACCEPTED,CAN-026641,NMC-REVIEWER-CHIEF,
f04a6c0b-1503-59b9-97f6-06d39f61dae9,CMM-BEARNG-0FD5BF-001,BHEL-500157,BHEL,"BRG BALL, Stainless Steel, SIZE 6208 600#",BEARING|BALL_BEARING|STAINLESS_STEEL|STAINLESS_STEEL|6208,DIRECT_ACCEPTED,CAN-018338;CAN-018367;CAN-018398;CAN-025958;CAN-025987;CAN-026018;CAN-026048;CAN-026078;CAN-036429,NMC-REVIEWER-CHIEF,
dabb6a49-2425-5a67-a70d-93da5f541921,CMM-BEARNG-0FD5BF-001,CIL-400105,Coal India,IND.Ball Bearing Stainless Steel 6208,BEARING|BALL_BEARING|STAINLESS_STEEL|STAINLESS_STEEL|6208,DIRECT_ACCEPTED,CAN-018333;CAN-018363;CAN-018393;CAN-025954;CAN-025955;CAN-025956;CAN-025957;CAN-025958;CAN-025959,NMC-REVIEWER-CHIEF,
555af098-bde2-5029-8977-73348f51b547,CMM-BEARNG-0FD5BF-001,HPCL-120115,HPCL,"SPARE-BRG BALL, Stainless Steel, SIZE 6208",BEARING|BALL_BEARING|STAINLESS_STEEL|STAINLESS_STEEL|6208,DIRECT_ACCEPTED,CAN-018335;CAN-018364;CAN-018395;CAN-025955;CAN-025984;CAN-026016;CAN-026017;CAN-026018;CAN-026019,NMC-REVIEWER-CHIEF,
2590dbce-16b4-5a6c-a34c-96f6860d1f97,CMM-BEARNG-0FD5BF-001,IOCL-110074,IOCL,6208 Ball Bearing - Stainless Steel,BEARING|BALL_BEARING|STAINLESS_STEEL|STAINLESS_STEEL|6208,DIRECT_ACCEPTED,CAN-018332;CAN-018362;CAN-018393;CAN-018394;CAN-018395;CAN-018396;CAN-018397;CAN-018398;CAN-018399,NMC-REVIEWER-CHIEF,
57236548-6f88-5d2d-b3d1-e6276822d04e,CMM-BEARNG-0FD5BF-001,NMDC-410081,NMDC,STORES ITEM BRG BALL Stainless Steel 6208,BEARING|BALL_BEARING|STAINLESS_STEEL|STAINLESS_STEEL|6208,DIRECT_ACCEPTED,CAN-018331;CAN-018332;CAN-018333;CAN-018334;CAN-018335;CAN-018336;CAN-018337;CAN-018338;CAN-018339,NMC-REVIEWER-CHIEF,
f09f96d9-5434-5c25-87f9-801bd4aed54f,CMM-BEARNG-0FD5BF-001,NTPC-200102,NTPC,6208 BALL BRG - Stainless Steel,BEARING|BALL_BEARING|STAINLESS_STEEL|STAINLESS_STEEL|6208,DIRECT_ACCEPTED,CAN-018336;CAN-018365;CAN-018396;CAN-025956;CAN-025985;CAN-026016;CAN-026047;CAN-026048;CAN-026049,NMC-REVIEWER-CHIEF,
948a0b95-a449-55c3-9240-07c6eb909375,CMM-BEARNG-0FD5BF-001,ONGC-100076,ONGC,STORES ITEM Ball Bearing Stainless Steel 6208,BEARING|BALL_BEARING|STAINLESS_STEEL|STAINLESS_STEEL|6208,DIRECT_ACCEPTED,CAN-018331;CAN-018362;CAN-018363;CAN-018364;CAN-018365;CAN-018366;CAN-018367,NMC-REVIEWER-CHIEF,
58dc2e2b-310b-52f8-9af8-a636cadc03db,CMM-BEARNG-0FD5BF-001,ONGC-100112,ONGC,STORES ITEM BRG BALL Stainless Steel 6208,BEARING|BALL_BEARING|STAINLESS_STEEL|STAINLESS_STEEL|6208,DIRECT_ACCEPTED,CAN-018334;CAN-018394;CAN-025954;CAN-025984;CAN-025985;CAN-025986;CAN-025987,NMC-REVIEWER-CHIEF,
94d531a8-b807-505f-9ffd-8ea302faa19e,CMM-BEARNG-0FD5BF-001,ONGC-100159,ONGC,Ball Bearing 6208 Stainless Steel 300#,BEARING|BALL_BEARING|STAINLESS_STEEL|STAINLESS_STEEL|6208,DIRECT_ACCEPTED,CAN-018339;CAN-018399;CAN-025959;CAN-026019;CAN-026049;CAN-026079;CAN-036429,NMC-REVIEWER-CHIEF,
126bc510-72b9-5be2-8ac2-0ff072f5a263,CMM-BEARNG-0FD5BF-001,SAIL-300117,SAIL,Ball Bearing Stainless Steel 6208,BEARING|BALL_BEARING|STAINLESS_STEEL|STAINLESS_STEEL|6208,DIRECT_ACCEPTED,CAN-018337;CAN-018366;CAN-018397;CAN-025957;CAN-025986;CAN-026017;CAN-026047;CAN-026078;CAN-026079,NMC-REVIEWER-CHIEF,
e9922505-a58c-5756-9fe5-2ac127cb34e5,CMM-BEARNG-17B18A-001,BHEL-500102,BHEL,NEEDLE BEARING 6208 Chrome Steel,BEARING|CHROME_STEEL|CHROME_STEEL|6208,DIRECT_ACCEPTED,CAN-023763;CAN-023793;CAN-023823;CAN-023854,NMC-REVIEWER-CHIEF,
de8051cb-d124-529b-b13a-22c746478531,CMM-BEARNG-17B18A-001,HPCL-120104,HPCL,"Needle Bearing, Chrome Steel, SIZE 6208",BEARING|CHROME_STEEL|CHROME_STEEL|6208,DIRECT_ACCEPTED,CAN-023761;CAN-023792;CAN-023793;CAN-023794,NMC-REVIEWER-CHIEF,
f3ab62f2-b022-5501-abfc-5e2ebec55982,CMM-BEARNG-17B18A-001,IOCL-110096,IOCL,STORES ITEM NEEDLE BEARING Chrome Steel 6208,BEARING|CHROME_STEEL|CHROME_STEEL|6208,DIRECT_ACCEPTED,CAN-023761;CAN-023762;CAN-023763;CAN-023764,NMC-REVIEWER-CHIEF,
f3369e56-e7ee-5f80-9eae-c9778db39f6d,CMM-BEARNG-17B18A-001,ONGC-100102,ONGC,IND.NEEDLE BEARING Chrome Steel 6208,BEARING|CHROME_STEEL|CHROME_STEEL|6208,DIRECT_ACCEPTED,CAN-023762;CAN-023792;CAN-023823;CAN-023824,NMC-REVIEWER-CHIEF,
33bd01f0-3b68-58e1-8a8b-c016db3b4728,CMM-BEARNG-17B18A-001,SAIL-300107,SAIL,SPARE-NEEDLE BEARING Chrome Steel 6208,BEARING|CHROME_STEEL|CHROME_STEEL|6208,DIRECT_ACCEPTED,CAN-023764;CAN-023794;CAN-023824;CAN-023854,NMC-REVIEWER-CHIEF,
70925002-842f-5a17-91d0-783148013969,CMM-BEARNG-1E674F-001,BHEL-500118,BHEL,IND.6208 Thrust Bearing - AISI 52100 600#,BEARING|AISI_52100|6208,DIRECT_ACCEPTED,CAN-028081;CAN-028112;CAN-028113,NMC-REVIEWER-CHIEF,
54c3dce8-0fc0-5a4c-868c-045d3b8c186f,CMM-BEARNG-1E674F-001,CIL-400188,Coal India,"SPARE-Thrust Bearing, AISI 52100, SIZE 6208 300#",BEARING|AISI_52100|6208,DIRECT_ACCEPTED,CAN-028082;CAN-028112;CAN-045723,NMC-REVIEWER-CHIEF,
0abd6999-07ba-5f6d-9271-b1bb98057aa5,CMM-BEARNG-1E674F-001,NTPC-200185,NTPC,STORES ITEM Thrust Bearing 150# AISI 52100 6208,BEARING|AISI_52100|6208,DIRECT_ACCEPTED,CAN-028083;CAN-028113;CAN-045723,NMC-REVIEWER-CHIEF,
c839738c-10ff-563a-986f-b4d7e93717cb,CMM-BEARNG-1E674F-001,ONGC-100124,ONGC,"IND.THRUST BEARING, AISI 52100, SIZE 6208 150#",BEARING|AISI_52100|6208,DIRECT_ACCEPTED,CAN-028081;CAN-028082;CAN-028083,NMC-REVIEWER-CHIEF,
5199435c-e2b3-51e6-b812-2e98d63a267c,CMM-BEARNG-200E56-001,NTPC-200144,NTPC,STORES ITEM ROLLER BRG 150# Stainless Steel 6408,BEARING|STAINLESS_STEEL|STAINLESS_STEEL|6408,DIRECT_ACCEPTED,CAN-034921,NMC-REVIEWER-CHIEF,
06cc1d77-81af-5bd2-916f-09d3265e24a0,CMM-BEARNG-200E56-001,ONGC-100152,ONGC,STORES ITEM BRG ROLLER 300# Stainless Steel 6408,BEARING|STAINLESS_STEEL|STAINLESS_STEEL|6408,DIRECT_ACCEPTED,CAN-034921,NMC-REVIEWER-CHIEF,
bf6b7dec-3848-59b7-a757-e93989e38f18,CMM-BEARNG-20EFDA-001,BHEL-500148,BHEL,STORES ITEM ROLLER BRG 6304 Stainless Steel 300#,BEARING|STAINLESS_STEEL|STAINLESS_STEEL|6304|ISO_15,DIRECT_ACCEPTED,CAN-028383;CAN-028413;CAN-033723,NMC-REVIEWER-CHIEF,
37ab8918-b799-5bc6-8ac2-1fca4947426c,CMM-BEARNG-20EFDA-001,IOCL-110108,IOCL,"IND.ROLLER BRG, Stainless Steel, SIZE 6304 300#",BEARING|STAINLESS_STEEL|STAINLESS_STEEL|6304|ISO_15,DIRECT_ACCEPTED,CAN-028381;CAN-028382;CAN-028383,NMC-REVIEWER-CHIEF,
767b8e4d-4ff8-5b47-9a30-25f5ed47200d,CMM-BEARNG-20EFDA-001,NTPC-200139,NTPC,IND.Roller Bearing 600# Stainless Steel 6304,BEARING|STAINLESS_STEEL|STAINLESS_STEEL|6304|ISO_15,DIRECT_ACCEPTED,CAN-028382;CAN-028412;CAN-033723,NMC-REVIEWER-CHIEF,
244f6cd2-c564-5d63-8023-0ab97c68f445,CMM-BEARNG-20EFDA-001,SAIL-300128,SAIL,Roller Bearing 600# Stainless Steel 6304,BEARING|STAINLESS_STEEL|STAINLESS_STEEL|6304|ISO_15,DIRECT_ACCEPTED,CAN-028381;CAN-028412;CAN-028413,NMC-REVIEWER-CHIEF,
d13dece0-3160-540c-96b7-fcd91768f7c9,CMM-BEARNG-300A61-001,BHEL-500080,BHEL,"IND.Roller Bearing, Stainless Steel, SIZE 30205",BEARING|STAINLESS_STEEL|STAINLESS_STEEL|30205,DIRECT_ACCEPTED,CAN-018691;CAN-018722;CAN-018723,NMC-REVIEWER-CHIEF,
ebf6f209-83c1-5e1c-926f-81412e7bd359,CMM-BEARNG-300A61-001,BHEL-500114,BHEL,"Thrust Bearing, Stainless Steel, SIZE 30205 300#",BEARING|STAINLESS_STEEL|STAINLESS_STEEL|30205,DIRECT_ACCEPTED,CAN-018693;CAN-018753;CAN-027243,NMC-REVIEWER-CHIEF,
b4ee19ec-7e6e-5f6b-b266-45094d8d6540,CMM-BEARNG-300A61-001,IOCL-110103,IOCL,THRUST BEARING 30205 Stainless Steel 150#,BEARING|STAINLESS_STEEL|STAINLESS_STEEL|30205,DIRECT_ACCEPTED,CAN-018694;CAN-018723;CAN-018754;CAN-027243,NMC-REVIEWER-CHIEF,
df287e36-c24d-506c-bb30-7f55571e3cf0,CMM-BEARNG-300A61-001,NTPC-200076,NTPC,STORES ITEM Roller Bearing Stainless Steel 30205,BEARING|STAINLESS_STEEL|STAINLESS_STEEL|30205,DIRECT_ACCEPTED,CAN-018692;CAN-018722;CAN-018753;CAN-018754,NMC-REVIEWER-CHIEF,
62d4ca71-9578-5f0c-8b54-183180afc959,CMM-BEARNG-300A61-001,ONGC-100077,ONGC,SPARE-ROLLER BRG Stainless Steel 30205,BEARING|STAINLESS_STEEL|STAINLESS_STEEL|30205,DIRECT_ACCEPTED,CAN-018691;CAN-018692;CAN-018693;CAN-018694,NMC-REVIEWER-CHIEF,
14035dda-a402-56a7-bfa4-3dce7328828d,CMM-BEARNG-39C22B-001,HPCL-120031,HPCL,"ROLLER BRG, Chrome Steel, SIZE 22208",BEARING|CHROME_STEEL|CHROME_STEEL|22208,DIRECT_ACCEPTED,CAN-006331;CAN-006332;CAN-006333;CAN-006334;CAN-006335;CAN-006336;CAN-006337;CAN-006338,NMC-REVIEWER-CHIEF,
230b5b03-e714-556f-b090-f5825c7d5586,CMM-BEARNG-39C22B-001,HPCL-120189,HPCL,IND.NEEDLE BEARING 22208 Chrome Steel 150#,BEARING|CHROME_STEEL|CHROME_STEEL|22208,DIRECT_ACCEPTED,CAN-006366;CAN-006397;CAN-006426;CAN-026586;CAN-026617;CAN-044826;CAN-044857;CAN-044858,NMC-REVIEWER-CHIEF,
c9ea2d22-508b-589a-b429-a1cbb6f18ab6,CMM-BEARNG-39C22B-001,NMDC-410026,NMDC,SPARE-Roller Bearing 22208 Chrome Steel,BEARING|CHROME_STEEL|CHROME_STEEL|22208,DIRECT_ACCEPTED,CAN-006333;CAN-006363;CAN-006393;CAN-006424;CAN-006425;CAN-006426;CAN-006427,NMC-REVIEWER-CHIEF,
059e2378-317f-5370-82e3-34c7daa8f119,CMM-BEARNG-39C22B-001,NMDC-410188,NMDC,SPARE-NEEDLE BEARING 22208 Chrome Steel 300#,BEARING|CHROME_STEEL|CHROME_STEEL|22208,DIRECT_ACCEPTED,CAN-006336;CAN-006365;CAN-006396;CAN-026585;CAN-026616;CAN-044826;CAN-044827,NMC-REVIEWER-CHIEF,
9466574d-8703-521c-a06a-ef49720e4856,CMM-BEARNG-39C22B-001,NMDC-410193,NMDC,22208 TAPER ROLLER BEARING - Chrome Steel 600#,BEARING|CHROME_STEEL|CHROME_STEEL|22208,DIRECT_ACCEPTED,CAN-006338;CAN-006367;CAN-006399;CAN-026587;CAN-026619;CAN-044858;CAN-046027,NMC-REVIEWER-CHIEF,
a6ee2bf9-b064-54e8-894f-87ac1ae1e7c0,CMM-BEARNG-39C22B-001,NTPC-200027,NTPC,Roller Bearing 22208 Chrome Steel,BEARING|CHROME_STEEL|CHROME_STEEL|22208,DIRECT_ACCEPTED,CAN-006331;CAN-006362;CAN-006363;CAN-006364;CAN-006365;CAN-006366;CAN-006367,NMC-REVIEWER-CHIEF,
0c3ec7e1-5db4-574e-a121-3fed4f260bc6,CMM-BEARNG-39C22B-001,NTPC-200107,NTPC,IND.22208 Taper Roller Bearing - Chrome Steel 600#,BEARING|CHROME_STEEL|CHROME_STEEL|22208,DIRECT_ACCEPTED,CAN-006334;CAN-006394;CAN-006424;CAN-026584;CAN-026585;CAN-026586;CAN-026587,NMC-REVIEWER-CHIEF,
11e1c628-f46b-51ee-8771-651ed3e5983e,CMM-BEARNG-39C22B-001,NTPC-200187,NTPC,TAPER ROLLER BEARING 300# Chrome Steel 22208,BEARING|CHROME_STEEL|CHROME_STEEL|22208,DIRECT_ACCEPTED,CAN-006337;CAN-006398;CAN-006427;CAN-026618;CAN-044827;CAN-044857;CAN-046027,NMC-REVIEWER-CHIEF,
b1e3ca65-d978-58db-bf09-9545cf862891,CMM-BEARNG-39C22B-001,ONGC-100115,ONGC,SPARE-Taper Roller Bearing 22208 Chrome Steel 150#,BEARING|CHROME_STEEL|CHROME_STEEL|22208,DIRECT_ACCEPTED,CAN-006335;CAN-006364;CAN-006395;CAN-006425;CAN-026584;CAN-026616;CAN-026617;CAN-026618;CAN-026619,NMC-REVIEWER-CHIEF,
febba054-b248-53fd-b019-53a2b39d0afa,CMM-BEARNG-39C22B-001,SAIL-300030,SAIL,STORES ITEM 22208 BRG ROLLER - Chrome Steel,BEARING|CHROME_STEEL|CHROME_STEEL|22208,DIRECT_ACCEPTED,CAN-006332;CAN-006362;CAN-006393;CAN-006394;CAN-006395;CAN-006396;CAN-006397;CAN-006398;CAN-006399,NMC-REVIEWER-CHIEF,
5aede0aa-adbf-50e7-9b23-1a965cf0151a,CMM-BEARNG-3EC238-001,CIL-400153,Coal India,"Ball Bearing, AISI 52100, SIZE 22208 300#",BEARING|BALL_BEARING|AISI_52100|22208,DIRECT_ACCEPTED,CAN-038101,NMC-REVIEWER-CHIEF,
6b80dafb-8cf3-544c-bd05-3c97b20ab6b2,CMM-BEARNG-3EC238-001,HPCL-120164,HPCL,22208 BRG BALL - AISI 52100 600#,BEARING|BALL_BEARING|AISI_52100|22208,DIRECT_ACCEPTED,CAN-038101,NMC-REVIEWER-CHIEF,
60b535fe-dc6c-5f13-b323-31b5b397bb1a,CMM-BEARNG-491461-001,BHEL-500037,BHEL,BRG BALL Stainless Steel 30205,BEARING|BALL_BEARING|STAINLESS_STEEL|STAINLESS_STEEL|30205|ISO_15,DIRECT_ACCEPTED,CAN-008551;CAN-008552;CAN-008553;CAN-008554;CAN-008555;CAN-008556,NMC-REVIEWER-CHIEF,
1f663659-86ad-5ba1-b0b0-c2d350c42213,CMM-BEARNG-491461-001,BHEL-500072,BHEL,30205 BALL BRG - Stainless Steel,BEARING|BALL_BEARING|STAINLESS_STEEL|STAINLESS_STEEL|30205|ISO_15,DIRECT_ACCEPTED,CAN-008585;CAN-008615;CAN-008645;CAN-016475;CAN-016505;CAN-016506,NMC-REVIEWER-CHIEF,
8de4d993-bccd-5db5-9aaf-ebe298a4f171,CMM-BEARNG-491461-001,IOCL-110040,IOCL,STORES ITEM 30205 BALL BRG - Stainless Steel,BEARING|BALL_BEARING|STAINLESS_STEEL|STAINLESS_STEEL|30205|ISO_15,DIRECT_ACCEPTED,CAN-008553;CAN-008583;CAN-008613;CAN-008644;CAN-008645;CAN-008646;CAN-008647,NMC-REVIEWER-CHIEF,
9d73d76e-850d-562b-ba2f-77cc417f6aea,CMM-BEARNG-491461-001,NTPC-200034,NTPC,SPARE-Ball Bearing Stainless Steel 30205,BEARING|BALL_BEARING|STAINLESS_STEEL|STAINLESS_STEEL|30205|ISO_15,DIRECT_ACCEPTED,CAN-008551;CAN-008582;CAN-008583;CAN-008584;CAN-008585;CAN-008586,NMC-REVIEWER-CHIEF,
d712f1f3-efda-59ba-8247-56fc887f2c0d,CMM-BEARNG-491461-001,NTPC-200064,NTPC,Ball Bearing 30205 Stainless Steel,BEARING|BALL_BEARING|STAINLESS_STEEL|STAINLESS_STEEL|30205|ISO_15,DIRECT_ACCEPTED,CAN-008555;CAN-008616;CAN-008646;CAN-016476;CAN-016505;CAN-016536,NMC-REVIEWER-CHIEF,
4f55a2f8-62c0-59e3-9089-b286a7717cfa,CMM-BEARNG-491461-001,ONGC-100067,ONGC,SPARE-30205 BALL BRG - Stainless Steel,BEARING|BALL_BEARING|STAINLESS_STEEL|STAINLESS_STEEL|30205|ISO_15,DIRECT_ACCEPTED,CAN-008554;CAN-008584;CAN-008614;CAN-008644;CAN-016475;CAN-016476;CAN-016477,NMC-REVIEWER-CHIEF,
df203bba-9fca-5af7-a3d8-b70b7eea49a6,CMM-BEARNG-491461-001,SAIL-300040,SAIL,IND.30205 Ball Bearing - Stainless Steel,BEARING|BALL_BEARING|STAINLESS_STEEL|STAINLESS_STEEL|30205|ISO_15,DIRECT_ACCEPTED,CAN-008552;CAN-008582;CAN-008613;CAN-008614;CAN-008615;CAN-008616,NMC-REVIEWER-CHIEF,
eec2c2cf-362e-5bc5-a899-26fd57fe0e90,CMM-BEARNG-491461-001,SAIL-300077,SAIL,IND.30205 BALL BRG - Stainless Steel,BEARING|BALL_BEARING|STAINLESS_STEEL|STAINLESS_STEEL|30205|ISO_15,DIRECT_ACCEPTED,CAN-008556;CAN-008586;CAN-008647;CAN-016477;CAN-016506;CAN-016536,NMC-REVIEWER-CHIEF,
4d7ed170-e631-5c04-b6b4-7df23b7bda62,CMM-BEARNG-52104E-001,BHEL-500028,BHEL,"Thrust Bearing, Stainless Steel, SIZE 22208",BEARING|STAINLESS_STEEL|STAINLESS_STEEL|22208,DIRECT_ACCEPTED,CAN-006571;CAN-006602;CAN-006603;CAN-006604;CAN-006605;CAN-006606;CAN-006607;CAN-006608;CAN-006609;CAN-006610;CAN-006611;CAN-006612,NMC-REVIEWER-CHIEF,
85ad0ed1-142e-5589-b607-8f90eb9fbcda,CMM-BEARNG-52104E-001,BHEL-500162,BHEL,STORES ITEM Roller Bearing 150# Stainless Steel 22208,BEARING|STAINLESS_STEEL|STAINLESS_STEEL|22208,DIRECT_ACCEPTED,CAN-006580;CAN-006640;CAN-006669;CAN-006699;CAN-006729;CAN-031030;CAN-031059;CAN-033369;CAN-033399;CAN-038590;CAN-038591;CAN-038592,NMC-REVIEWER-CHIEF,
036935bb-d3a4-5e47-a839-df6510b27c52,CMM-BEARNG-52104E-001,CIL-400021,Coal India,STORES ITEM Thrust Bearing Stainless Steel 22208,BEARING|STAINLESS_STEEL|STAINLESS_STEEL|22208,DIRECT_ACCEPTED,CAN-006574;CAN-006604;CAN-006634;CAN-006664;CAN-006695;CAN-006696;CAN-006697;CAN-006698;CAN-006699;CAN-006700;CAN-006701;CAN-006702,NMC-REVIEWER-CHIEF,
99282e0a-b0de-5dbb-8d06-b6a1dbc0305f,CMM-BEARNG-52104E-001,CIL-400129,Coal India,"STORES ITEM THRUST BEARING, Stainless Steel, SIZE 22208 150#",BEARING|STAINLESS_STEEL|STAINLESS_STEEL|22208,DIRECT_ACCEPTED,CAN-006577;CAN-006607;CAN-006637;CAN-006667;CAN-006727;CAN-031027;CAN-031057;CAN-031058;CAN-031059;CAN-031060;CAN-031061;CAN-031062,NMC-REVIEWER-CHIEF,
ec04589f-a09d-524b-baf2-a2e3bcedbef9,CMM-BEARNG-52104E-001,HPCL-120166,HPCL,"IND.ROLLER BRG, Stainless Steel, SIZE 22208 300#",BEARING|STAINLESS_STEEL|STAINLESS_STEEL|22208,DIRECT_ACCEPTED,CAN-006581;CAN-006610;CAN-006641;CAN-006670;CAN-006700;CAN-006730;CAN-031031;CAN-031060;CAN-033370;CAN-033400;CAN-038590;CAN-038622,NMC-REVIEWER-CHIEF,
5f34cd8d-0805-51ec-a8e2-784ce2adc1a5,CMM-BEARNG-52104E-001,HPCL-120173,HPCL,STORES ITEM 22208 Thrust Bearing - Stainless Steel 150#,BEARING|STAINLESS_STEEL|STAINLESS_STEEL|22208,DIRECT_ACCEPTED,CAN-006582;CAN-006612;CAN-006643;CAN-006672;CAN-006702;CAN-006732;CAN-031033;CAN-031062;CAN-033372;CAN-033402;CAN-038592;CAN-041052,NMC-REVIEWER-CHIEF,
db7aaad4-0f3f-539d-bc29-7370a5f3ccea,CMM-BEARNG-52104E-001,IOCL-110031,IOCL,STORES ITEM 22208 Thrust Bearing - Stainless Steel,BEARING|STAINLESS_STEEL|STAINLESS_STEEL|22208,DIRECT_ACCEPTED,CAN-006575;CAN-006605;CAN-006635;CAN-006665;CAN-006695;CAN-006726;CAN-006727;CAN-006728;CAN-006729;CAN-006730;CAN-006731;CAN-006732,NMC-REVIEWER-CHIEF,
dd50dda2-7388-5b3a-aca0-cd55b2fee1a8,CMM-BEARNG-52104E-001,IOCL-110128,IOCL,IND.Thrust Bearing 22208 Stainless Steel 600#,BEARING|STAINLESS_STEEL|STAINLESS_STEEL|22208,DIRECT_ACCEPTED,CAN-006579;CAN-006609;CAN-006639;CAN-006668;CAN-006698;CAN-031029;CAN-031058;CAN-033368;CAN-033399;CAN-033400;CAN-033401;CAN-033402,NMC-REVIEWER-CHIEF,
7b9ce0f5-fde2-5803-b233-f4abfcdcef09,CMM-BEARNG-52104E-001,NMDC-410027,NMDC,22208 THRUST BEARING - Stainless Steel,BEARING|STAINLESS_STEEL|STAINLESS_STEEL|22208,DIRECT_ACCEPTED,CAN-006573;CAN-006603;CAN-006633;CAN-006664;CAN-006665;CAN-006666;CAN-006667;CAN-006668;CAN-006669;CAN-006670;CAN-006671;CAN-006672,NMC-REVIEWER-CHIEF,
7977f4d4-7303-5322-b576-758613a14543,CMM-BEARNG-52104E-001,NMDC-410139,NMDC,STORES ITEM Thrust Bearing 150# Stainless Steel 22208,BEARING|STAINLESS_STEEL|STAINLESS_STEEL|22208,DIRECT_ACCEPTED,CAN-006578;CAN-006608;CAN-006638;CAN-006697;CAN-006728;CAN-031028;CAN-031057;CAN-033368;CAN-033369;CAN-033370;CAN-033371;CAN-033372,NMC-REVIEWER-CHIEF,
c8ffb294-4048-51b0-9cdb-57d5012f7398,CMM-BEARNG-52104E-001,NTPC-200126,NTPC,"SPARE-THRUST BEARING, Stainless Steel, SIZE 22208 300#",BEARING|STAINLESS_STEEL|STAINLESS_STEEL|22208,DIRECT_ACCEPTED,CAN-006576;CAN-006606;CAN-006636;CAN-006666;CAN-006696;CAN-006726;CAN-031027;CAN-031028;CAN-031029;CAN-031030;CAN-031031;CAN-031032;CAN-031033,NMC-REVIEWER-CHIEF,
f844b1b8-0e2f-5e28-9a34-f03a636a8676,CMM-BEARNG-52104E-001,ONGC-100026,ONGC,SPARE-22208 Thrust Bearing - Stainless Steel,BEARING|STAINLESS_STEEL|STAINLESS_STEEL|22208,DIRECT_ACCEPTED,CAN-006572;CAN-006602;CAN-006633;CAN-006634;CAN-006635;CAN-006636;CAN-006637;CAN-006638;CAN-006639;CAN-006640;CAN-006641;CAN-006642;CAN-006643,NMC-REVIEWER-CHIEF,
1bcc9cd4-7ba5-5dc3-bb17-7c73826bb888,CMM-BEARNG-52104E-001,SAIL-300032,SAIL,STORES ITEM Thrust Bearing 22208 Stainless Steel,BEARING|STAINLESS_STEEL|STAINLESS_STEEL|22208,DIRECT_ACCEPTED,CAN-006571;CAN-006572;CAN-006573;CAN-006574;CAN-006575;CAN-006576;CAN-006577;CAN-006578;CAN-006579;CAN-006580;CAN-006581;CAN-006582,NMC-REVIEWER-CHIEF,
d430d373-e736-56f2-ade8-44cccd3c9adc,CMM-BEARNG-52104E-001,SAIL-300178,SAIL,22208 Thrust Bearing - Stainless Steel 600#,BEARING|STAINLESS_STEEL|STAINLESS_STEEL|22208,DIRECT_ACCEPTED,CAN-006611;CAN-006642;CAN-006671;CAN-006701;CAN-006731;CAN-031032;CAN-031061;CAN-033371;CAN-033401;CAN-038591;CAN-038622;CAN-041052,NMC-REVIEWER-CHIEF,
3a09fe3b-4910-5076-9735-5a74aff3fb68,CMM-BEARNG-668968-001,BHEL-500009,BHEL,IND.Needle Bearing AISI 52100 6304,BEARING|AISI_52100|6304|ISO_15,DIRECT_ACCEPTED,CAN-002102;CAN-002132;CAN-002163;CAN-002164;CAN-002165;CAN-002166,NMC-REVIEWER-CHIEF,
ed52f025-0316-5073-9fe1-03d2904f039e,CMM-BEARNG-668968-001,IOCL-110010,IOCL,IND.NEEDLE BEARING AISI 52100 6304,BEARING|AISI_52100|6304|ISO_15,DIRECT_ACCEPTED,CAN-002101;CAN-002132;CAN-002133;CAN-002134;CAN-002135;CAN-002136,NMC-REVIEWER-CHIEF,
92b25a61-5e36-59b7-970f-494acdcae29a,CMM-BEARNG-668968-001,NMDC-410009,NMDC,IND.NEEDLE BEARING AISI 52100 6304,BEARING|AISI_52100|6304|ISO_15,DIRECT_ACCEPTED,CAN-002103;CAN-002133;CAN-002163;CAN-002194;CAN-002195;CAN-002196,NMC-REVIEWER-CHIEF,
8942eee7-7093-5462-bf76-35c0416ac268,CMM-BEARNG-668968-001,ONGC-100011,ONGC,Needle Bearing AISI 52100 6304,BEARING|AISI_52100|6304|ISO_15,DIRECT_ACCEPTED,CAN-002104;CAN-002134;CAN-002164;CAN-002194;CAN-002225,NMC-REVIEWER-CHIEF,
ebbf2b62-586d-50e9-aaf5-2a900c065766,CMM-BEARNG-668968-001,ONGC-100201,ONGC,STORES ITEM THRUST BEARING 6304 AISI 52100 300#,BEARING|AISI_52100|6304|ISO_15,DIRECT_ACCEPTED,CAN-002105;CAN-002136;CAN-002166;CAN-002196;CAN-044105,NMC-REVIEWER-CHIEF,
4e01e450-c528-5a66-b263-a8f9e3354414,CMM-BEARNG-668968-001,SAIL-300012,SAIL,SPARE-Needle Bearing AISI 52100 6304,BEARING|AISI_52100|6304|ISO_15,DIRECT_ACCEPTED,CAN-002101;CAN-002102;CAN-002103;CAN-002104;CAN-002105,NMC-REVIEWER-CHIEF,
cb975714-b241-588e-96ee-28f992707b40,CMM-BEARNG-668968-001,SAIL-300190,SAIL,"SPARE-THRUST BEARING, AISI 52100, SIZE 6304 150#",BEARING|AISI_52100|6304|ISO_15,DIRECT_ACCEPTED,CAN-002135;CAN-002165;CAN-002195;CAN-002225;CAN-044105,NMC-REVIEWER-CHIEF,
ab2cc33c-6860-5936-ada6-ec23af8274bc,CMM-BEARNG-66CBD4-001,CIL-400128,Coal India,"IND.Ball Bearing, Chrome Steel, SIZE 30205 300#",BEARING|BALL_BEARING|CHROME_STEEL|CHROME_STEEL|30205|ISO_15,DIRECT_ACCEPTED,CAN-030721,NMC-REVIEWER-CHIEF,
77d52932-e1b2-5ea0-9e04-d5e25ef85d61,CMM-BEARNG-66CBD4-001,ONGC-100135,ONGC,BRG BALL 30205 Chrome Steel 150#,BEARING|BALL_BEARING|CHROME_STEEL|CHROME_STEEL|30205|ISO_15,DIRECT_ACCEPTED,CAN-030721,NMC-REVIEWER-CHIEF,
90bd2872-7582-5f1d-9e61-37fa236be2a8,CMM-BEARNG-67CA99-001,BHEL-500172,BHEL,Taper Roller Bearing 600# AISI 52100 6304,BEARING|AISI_52100|6304,DIRECT_ACCEPTED,CAN-006850;CAN-006881;CAN-006910;CAN-006940;CAN-006971;CAN-007000;CAN-021101;CAN-021130;CAN-021160;CAN-021190;CAN-021220;CAN-040992;CAN-040993;CAN-040994,NMC-REVIEWER-CHIEF,
644933c1-3cd4-50a2-9dd0-ee6e071a7e50,CMM-BEARNG-67CA99-001,CIL-400022,Coal India,THRUST BEARING 6304 AISI 52100,BEARING|AISI_52100|6304,DIRECT_ACCEPTED,CAN-006841;CAN-006842;CAN-006843;CAN-006844;CAN-006845;CAN-006846;CAN-006847;CAN-006848;CAN-006849;CAN-006850;CAN-006851;CAN-006852,NMC-REVIEWER-CHIEF,
18c287d4-5af8-5057-a3a9-e4c9ad0b5efc,CMM-BEARNG-67CA99-001,CIL-400080,Coal India,STORES ITEM Thrust Bearing AISI 52100 6304,BEARING|AISI_52100|6304,DIRECT_ACCEPTED,CAN-006879;CAN-006909;CAN-006938;CAN-006969;CAN-006998;CAN-021099;CAN-021128;CAN-021158;CAN-021189;CAN-021190;CAN-021191;CAN-021192,NMC-REVIEWER-CHIEF,
d5bafe3c-ecba-5d50-83ec-0af1f13acb34,CMM-BEARNG-67CA99-001,CIL-400181,Coal India,SPARE-6304 NEEDLE BEARING - AISI 52100 150#,BEARING|AISI_52100|6304,DIRECT_ACCEPTED,CAN-006883;CAN-006912;CAN-006942;CAN-006973;CAN-007002;CAN-021102;CAN-021132;CAN-021162;CAN-021222;CAN-040993;CAN-041022;CAN-044412,NMC-REVIEWER-CHIEF,
9c8c2f68-84ec-5eb8-b037-de5ec4ef08c3,CMM-BEARNG-67CA99-001,HPCL-120034,HPCL,IND.Thrust Bearing AISI 52100 6304,BEARING|AISI_52100|6304,DIRECT_ACCEPTED,CAN-006843;CAN-006873;CAN-006903;CAN-006934;CAN-006935;CAN-006936;CAN-006937;CAN-006938;CAN-006939;CAN-006940;CAN-006941;CAN-006942;CAN-006943,NMC-REVIEWER-CHIEF,
24d88ef2-861b-51ee-9599-b0c7259ce438,CMM-BEARNG-67CA99-001,HPCL-120093,HPCL,STORES ITEM 6304 THRUST BEARING - AISI 52100,BEARING|AISI_52100|6304,DIRECT_ACCEPTED,CAN-006847;CAN-006877;CAN-006907;CAN-006967;CAN-006997;CAN-021097;CAN-021127;CAN-021128;CAN-021129;CAN-021130;CAN-021131;CAN-021132;CAN-021133,NMC-REVIEWER-CHIEF,
71cfd886-f9ec-5b36-b434-ac853c519961,CMM-BEARNG-67CA99-001,IOCL-110032,IOCL,"SPARE-Thrust Bearing, AISI 52100, SIZE 6304",BEARING|AISI_52100|6304,DIRECT_ACCEPTED,CAN-006845;CAN-006875;CAN-006905;CAN-006935;CAN-006965;CAN-006996;CAN-006997;CAN-006998;CAN-006999;CAN-007000;CAN-007001;CAN-007002,NMC-REVIEWER-CHIEF,
2fb7c9d2-5703-5f5f-b665-4b5b04982097,CMM-BEARNG-67CA99-001,IOCL-110086,IOCL,IND.Thrust Bearing AISI 52100 6304,BEARING|AISI_52100|6304,DIRECT_ACCEPTED,CAN-006848;CAN-006878;CAN-006908;CAN-006937;CAN-006968;CAN-021098;CAN-021127;CAN-021158;CAN-021159;CAN-021160;CAN-021161;CAN-021162,NMC-REVIEWER-CHIEF,
5d3a78fb-17a6-5d8c-80c2-6e16c4c52956,CMM-BEARNG-67CA99-001,IOCL-110171,IOCL,IND.6304 NEEDLE BEARING - AISI 52100 300#,BEARING|AISI_52100|6304,DIRECT_ACCEPTED,CAN-006852;CAN-006884;CAN-006913;CAN-006943;CAN-006974;CAN-021103;CAN-021133;CAN-021192;CAN-021223;CAN-040994;CAN-041023;CAN-044412,NMC-REVIEWER-CHIEF,
b38f83e2-9774-5581-be56-30b76dd2396b,CMM-BEARNG-67CA99-001,NMDC-410029,NMDC,"THRUST BEARING, AISI 52100, SIZE 6304",BEARING|AISI_52100|6304,DIRECT_ACCEPTED,CAN-006841;CAN-006872;CAN-006873;CAN-006874;CAN-006875;CAN-006876;CAN-006877;CAN-006878;CAN-006879;CAN-006880;CAN-006881;CAN-006882;CAN-006883;CAN-006884,NMC-REVIEWER-CHIEF,
e394559d-2597-5299-94dc-0133d440ab74,CMM-BEARNG-67CA99-001,NTPC-200085,NTPC,Thrust Bearing 6304 AISI 52100,BEARING|AISI_52100|6304,DIRECT_ACCEPTED,CAN-006846;CAN-006876;CAN-006906;CAN-006936;CAN-006966;CAN-006996;CAN-021097;CAN-021098;CAN-021099;CAN-021100;CAN-021101;CAN-021102;CAN-021103,NMC-REVIEWER-CHIEF,
598ad5ff-279b-590c-8809-f578999d6c7c,CMM-BEARNG-67CA99-001,NTPC-200166,NTPC,TAPER ROLLER BEARING 300# AISI 52100 6304,BEARING|AISI_52100|6304,DIRECT_ACCEPTED,CAN-006851;CAN-006882;CAN-006911;CAN-006941;CAN-006972;CAN-007001;CAN-021131;CAN-021161;CAN-021191;CAN-021221;CAN-040992;CAN-041022;CAN-041023,NMC-REVIEWER-CHIEF,
17299730-c6d0-5d83-a4fc-dc03e9907ae2,CMM-BEARNG-67CA99-001,ONGC-100027,ONGC,SPARE-THRUST BEARING AISI 52100 6304,BEARING|AISI_52100|6304,DIRECT_ACCEPTED,CAN-006844;CAN-006874;CAN-006904;CAN-006934;CAN-006965;CAN-006966;CAN-006967;CAN-006968;CAN-006969;CAN-006970;CAN-006971;CAN-006972;CAN-006973;CAN-006974,NMC-REVIEWER-CHIEF,
d3a35980-1992-5b3e-99df-0ff637c412ec,CMM-BEARNG-67CA99-001,SAIL-300033,SAIL,"IND.THRUST BEARING, AISI 52100, SIZE 6304",BEARING|AISI_52100|6304,DIRECT_ACCEPTED,CAN-006842;CAN-006872;CAN-006903;CAN-006904;CAN-006905;CAN-006906;CAN-006907;CAN-006908;CAN-006909;CAN-006910;CAN-006911;CAN-006912;CAN-006913,NMC-REVIEWER-CHIEF,
4ccd46fd-5e68-5b82-b1fd-51e508e17334,CMM-BEARNG-67CA99-001,SAIL-300095,SAIL,SPARE-Thrust Bearing AISI 52100 6304,BEARING|AISI_52100|6304,DIRECT_ACCEPTED,CAN-006849;CAN-006880;CAN-006939;CAN-006970;CAN-006999;CAN-021100;CAN-021129;CAN-021159;CAN-021189;CAN-021220;CAN-021221;CAN-021222;CAN-021223,NMC-REVIEWER-CHIEF,
db408250-fcd6-5adb-982c-639543066c93,CMM-BEARNG-75E845-001,CIL-400070,Coal India,Roller Bearing AISI 52100 22208,BEARING|AISI_52100|22208,DIRECT_ACCEPTED,CAN-018931;CAN-018932;CAN-018933;CAN-018934;CAN-018935,NMC-REVIEWER-CHIEF,
309425c3-fed8-5ec8-b81a-696aabaa2041,CMM-BEARNG-75E845-001,IOCL-110110,IOCL,STORES ITEM Thrust Bearing 300# AISI 52100 22208,BEARING|AISI_52100|22208,DIRECT_ACCEPTED,CAN-018934;CAN-018964;CAN-018994;CAN-019024;CAN-028745,NMC-REVIEWER-CHIEF,
dc3af0c5-3849-5253-99a0-8523c010c286,CMM-BEARNG-75E845-001,NMDC-410084,NMDC,22208 Roller Bearing - AISI 52100,BEARING|AISI_52100|22208,DIRECT_ACCEPTED,CAN-018933;CAN-018963;CAN-018993;CAN-019024;CAN-019025,NMC-REVIEWER-CHIEF,
33076c7f-f7cc-5795-80d3-392b15cca7ed,CMM-BEARNG-75E845-001,NTPC-200078,NTPC,SPARE-Roller Bearing AISI 52100 22208,BEARING|AISI_52100|22208,DIRECT_ACCEPTED,CAN-018931;CAN-018962;CAN-018963;CAN-018964,NMC-REVIEWER-CHIEF,
40824ce4-7dce-5c57-881a-8e2dc56a8ca5,CMM-BEARNG-75E845-001,NTPC-200117,NTPC,"THRUST BEARING, AISI 52100, SIZE 22208 600#",BEARING|AISI_52100|22208,DIRECT_ACCEPTED,CAN-018935;CAN-018995;CAN-019025;CAN-028745,NMC-REVIEWER-CHIEF,
86b188f1-04f9-57a5-9653-ecf4293e5b4c,CMM-BEARNG-75E845-001,ONGC-100079,ONGC,"Roller Bearing, AISI 52100, SIZE 22208",BEARING|AISI_52100|22208,DIRECT_ACCEPTED,CAN-018932;CAN-018962;CAN-018993;CAN-018994;CAN-018995,NMC-REVIEWER-CHIEF,
bc098032-9437-578e-b25f-0efa61172763,CMM-BEARNG-7BE095-001,CIL-400137,Coal India,NEEDLE BEARING 6408 AISI 52100 300#,BEARING|AISI_52100|6408,DIRECT_ACCEPTED,CAN-034501;CAN-034532;CAN-034533,NMC-REVIEWER-CHIEF,
411da096-9a4e-5a95-a227-25275efedee9,CMM-BEARNG-7BE095-001,NMDC-410145,NMDC,Needle Bearing 600# AISI 52100 6408,BEARING|AISI_52100|6408,DIRECT_ACCEPTED,CAN-034501;CAN-034502,NMC-REVIEWER-CHIEF,
9c8a162b-b73f-5352-bcc6-359949d60fb4,CMM-BEARNG-7BE095-001,NMDC-410160,NMDC,THRUST BEARING 6408 AISI 52100 150#,BEARING|AISI_52100|6408,DIRECT_ACCEPTED,CAN-034532;CAN-037322,NMC-REVIEWER-CHIEF,
76af2409-af9f-5586-8a85-0caa6a13bcb5,CMM-BEARNG-7BE095-001,ONGC-100162,ONGC,6408 Thrust Bearing - AISI 52100 600#,BEARING|AISI_52100|6408,DIRECT_ACCEPTED,CAN-034502;CAN-034533;CAN-037322,NMC-REVIEWER-CHIEF,
590b2213-fe17-5b6d-aff9-0eaa101bb614,CMM-BEARNG-87EFE4-001,CIL-400029,Coal India,SPARE-6408 BALL BRG - Chrome Steel,BEARING|BALL_BEARING|CHROME_STEEL|CHROME_STEEL|6408,DIRECT_ACCEPTED,CAN-008371;CAN-008402;CAN-008403;CAN-008404;CAN-008405,NMC-REVIEWER-CHIEF,
dbbbc694-aef4-5d47-9160-7ef439820b26,CMM-BEARNG-87EFE4-001,HPCL-120039,HPCL,STORES ITEM 6408 Ball Bearing - Chrome Steel,BEARING|BALL_BEARING|CHROME_STEEL|CHROME_STEEL|6408,DIRECT_ACCEPTED,CAN-008371;CAN-008372;CAN-008373;CAN-008374;CAN-008375,NMC-REVIEWER-CHIEF,
dfc9e985-847c-528f-96b7-7a5f0f0ccc52,CMM-BEARNG-87EFE4-001,NMDC-410036,NMDC,SPARE-6408 Ball Bearing - Chrome Steel,BEARING|BALL_BEARING|CHROME_STEEL|CHROME_STEEL|6408,DIRECT_ACCEPTED,CAN-008375;CAN-008405;CAN-008435;CAN-008465;CAN-008495,NMC-REVIEWER-CHIEF,
0b337915-9cbe-538e-a145-2070b3f189b9,CMM-BEARNG-87EFE4-001,NTPC-200033,NTPC,6408 BALL BRG - Chrome Steel,BEARING|BALL_BEARING|CHROME_STEEL|CHROME_STEEL|6408,DIRECT_ACCEPTED,CAN-008373;CAN-008403;CAN-008433;CAN-008464;CAN-008465,NMC-REVIEWER-CHIEF,
f518702d-3c16-52e6-8a1f-895548a2d8c8,CMM-BEARNG-87EFE4-001,ONGC-100034,ONGC,"IND.Ball Bearing, Chrome Steel, SIZE 6408",BEARING|BALL_BEARING|CHROME_STEEL|CHROME_STEEL|6408,DIRECT_ACCEPTED,CAN-008374;CAN-008404;CAN-008434;CAN-008464;CAN-008495,NMC-REVIEWER-CHIEF,
1672e692-f184-5aed-83a1-5dc306814db4,CMM-BEARNG-87EFE4-001,SAIL-300039,SAIL,SPARE-6408 BALL BRG - Chrome Steel,BEARING|BALL_BEARING|CHROME_STEEL|CHROME_STEEL|6408,DIRECT_ACCEPTED,CAN-008372;CAN-008402;CAN-008433;CAN-008434;CAN-008435,NMC-REVIEWER-CHIEF,
3bd2a445-a3c8-501f-8203-1daec9f97a80,CMM-BEARNG-89DC5A-001,BHEL-500025,BHEL,IND.Needle Bearing Chrome Steel 6408,BEARING|CHROME_STEEL|CHROME_STEEL|6408|ISO_15,DIRECT_ACCEPTED,CAN-005852;CAN-005882;CAN-005913;CAN-005914,NMC-REVIEWER-CHIEF,
29050a85-2e13-57f5-bc0a-0a6b92d5086d,CMM-BEARNG-89DC5A-001,HPCL-120028,HPCL,SPARE-6408 NEEDLE BEARING - Chrome Steel,BEARING|CHROME_STEEL|CHROME_STEEL|6408|ISO_15,DIRECT_ACCEPTED,CAN-005851;CAN-005882;CAN-005883;CAN-005884,NMC-REVIEWER-CHIEF,
b29f116c-4e20-56c4-9f7b-c16b16703b72,CMM-BEARNG-89DC5A-001,NTPC-200025,NTPC,"STORES ITEM Needle Bearing, Chrome Steel, SIZE 6408",BEARING|CHROME_STEEL|CHROME_STEEL|6408|ISO_15,DIRECT_ACCEPTED,CAN-005854;CAN-005884;CAN-005914;CAN-005944,NMC-REVIEWER-CHIEF,
a9c26df4-941f-589d-8f7a-1d03d99d705e,CMM-BEARNG-89DC5A-001,ONGC-100025,ONGC,6408 Needle Bearing - Chrome Steel,BEARING|CHROME_STEEL|CHROME_STEEL|6408|ISO_15,DIRECT_ACCEPTED,CAN-005851;CAN-005852;CAN-005853;CAN-005854,NMC-REVIEWER-CHIEF,
4cd4c7e8-0476-5741-b7d2-bbc4eb866582,CMM-BEARNG-89DC5A-001,SAIL-300027,SAIL,6408 Needle Bearing - Chrome Steel,BEARING|CHROME_STEEL|CHROME_STEEL|6408|ISO_15,DIRECT_ACCEPTED,CAN-005853;CAN-005883;CAN-005913;CAN-005944,NMC-REVIEWER-CHIEF,
bc688945-24a2-51eb-b809-a2b5d3b4185e,CMM-BEARNG-947C4D-001,CIL-400051,Coal India,"SPARE-BALL BRG, Chrome Steel, SIZE 22208",BEARING|BALL_BEARING|CHROME_STEEL|CHROME_STEEL|22208,DIRECT_ACCEPTED,CAN-013652;CAN-013682;CAN-013713;CAN-013714,NMC-REVIEWER-CHIEF,
b0070b32-9803-5aeb-9a64-f989d97464d7,CMM-BEARNG-947C4D-001,HPCL-120059,HPCL,Ball Bearing Chrome Steel 22208,BEARING|BALL_BEARING|CHROME_STEEL|CHROME_STEEL|22208,DIRECT_ACCEPTED,CAN-013654;CAN-013684;CAN-013714;CAN-013744,NMC-REVIEWER-CHIEF,
9c5ca7fc-5041-572c-ab4b-ddc895601903,CMM-BEARNG-947C4D-001,NMDC-410059,NMDC,BALL BRG Chrome Steel 22208,BEARING|BALL_BEARING|CHROME_STEEL|CHROME_STEEL|22208,DIRECT_ACCEPTED,CAN-013653;CAN-013683;CAN-013713;CAN-013744,NMC-REVIEWER-CHIEF,
796d5aeb-8304-57cf-86f8-e2e178a1b671,CMM-BEARNG-947C4D-001,NTPC-200053,NTPC,"IND.BRG BALL, Chrome Steel, SIZE 22208",BEARING|BALL_BEARING|CHROME_STEEL|CHROME_STEEL|22208,DIRECT_ACCEPTED,CAN-013651;CAN-013652;CAN-013653;CAN-013654,NMC-REVIEWER-CHIEF,
0bad3c2e-bcf9-5585-8ed7-e4e448874b94,CMM-BEARNG-947C4D-001,ONGC-100057,ONGC,SPARE-Ball Bearing 22208 Chrome Steel,BEARING|BALL_BEARING|CHROME_STEEL|CHROME_STEEL|22208,DIRECT_ACCEPTED,CAN-013651;CAN-013682;CAN-013683;CAN-013684,NMC-REVIEWER-CHIEF,
d43f3bc6-5fb6-577a-8565-8a1164007879,CMM-BEARNG-98CF95-001,BHEL-500001,BHEL,6304 BRG BALL - Stainless Steel,BEARING|BALL_BEARING|STAINLESS_STEEL|STAINLESS_STEEL|6304,DIRECT_ACCEPTED,CAN-000002;CAN-000032;CAN-000063,NMC-REVIEWER-CHIEF,
9a70a640-8ef8-5549-8b34-c655a53bcfd5,CMM-BEARNG-98CF95-001,CIL-400001,Coal India,Ball Bearing 6304 Stainless Steel,BEARING|BALL_BEARING|STAINLESS_STEEL|STAINLESS_STEEL|6304,DIRECT_ACCEPTED,CAN-000001;CAN-000002;CAN-000003,NMC-REVIEWER-CHIEF,
579866fd-e471-5db3-86a2-6c65d2ad8d30,CMM-BEARNG-98CF95-001,ONGC-100001,ONGC,6304 BRG BALL - Stainless Steel,BEARING|BALL_BEARING|STAINLESS_STEEL|STAINLESS_STEEL|6304,DIRECT_ACCEPTED,CAN-000003;CAN-000033;CAN-000063,NMC-REVIEWER-CHIEF,
cfc867a5-2c0a-51cf-9d06-d383cd47f47c,CMM-BEARNG-98CF95-001,SAIL-300001,SAIL,"BALL BRG, Stainless Steel, SIZE 6304",BEARING|BALL_BEARING|STAINLESS_STEEL|STAINLESS_STEEL|6304,DIRECT_ACCEPTED,CAN-000001;CAN-000032;CAN-000033,NMC-REVIEWER-CHIEF,
fa97c62c-7631-5b00-813d-6e8fd42f198e,CMM-BEARNG-A0A0E6-001,HPCL-120130,HPCL,SPARE-30205 Roller Bearing - Chrome Steel 600#,BEARING|CHROME_STEEL|CHROME_STEEL|30205|ISO_15,DIRECT_ACCEPTED,CAN-029521,NMC-REVIEWER-CHIEF,
1793ef74-ca7b-56a5-bdb8-150688b15b78,CMM-BEARNG-A0A0E6-001,NMDC-410122,NMDC,STORES ITEM ROLLER BRG 30205 Chrome Steel 150#,BEARING|CHROME_STEEL|CHROME_STEEL|30205|ISO_15,DIRECT_ACCEPTED,CAN-029521,NMC-REVIEWER-CHIEF,
926be93b-674c-5d18-9be5-923ba288dfef,CMM-BEARNG-A2CB3C-001,BHEL-500048,BHEL,Roller Bearing Stainless Steel 6208,BEARING|STAINLESS_STEEL|STAINLESS_STEEL|6208|ISO_15,DIRECT_ACCEPTED,CAN-004356;CAN-004386;CAN-004416;CAN-004446;CAN-004476;CAN-004506;CAN-011497;CAN-011498,NMC-REVIEWER-CHIEF,
136ee207-f1cd-50ce-a9d4-9a9aeebfb27c,CMM-BEARNG-A2CB3C-001,HPCL-120020,HPCL,SPARE-6208 THRUST BEARING - Stainless Steel,BEARING|STAINLESS_STEEL|STAINLESS_STEEL|6208|ISO_15,DIRECT_ACCEPTED,CAN-004355;CAN-004385;CAN-004415;CAN-004445;CAN-004475;CAN-004506;CAN-004507;CAN-004508,NMC-REVIEWER-CHIEF,
2b35b702-031f-598d-9c07-4f5c6a80e8c9,CMM-BEARNG-A2CB3C-001,IOCL-110023,IOCL,IND.Thrust Bearing Stainless Steel 6208,BEARING|STAINLESS_STEEL|STAINLESS_STEEL|6208|ISO_15,DIRECT_ACCEPTED,CAN-004351;CAN-004352;CAN-004353;CAN-004354;CAN-004355;CAN-004356;CAN-004357;CAN-004358,NMC-REVIEWER-CHIEF,
e7c645c7-19ba-5c94-ae0f-a6bbc9c7ef2a,CMM-BEARNG-A2CB3C-001,NMDC-410017,NMDC,6208 THRUST BEARING - Stainless Steel,BEARING|STAINLESS_STEEL|STAINLESS_STEEL|6208|ISO_15,DIRECT_ACCEPTED,CAN-004354;CAN-004384;CAN-004414;CAN-004444;CAN-004475;CAN-004476;CAN-004477;CAN-004478,NMC-REVIEWER-CHIEF,
53fdcc24-c34b-5747-acd1-9a64fce61af6,CMM-BEARNG-A2CB3C-001,NTPC-200018,NTPC,SPARE-THRUST BEARING 6208 Stainless Steel,BEARING|STAINLESS_STEEL|STAINLESS_STEEL|6208|ISO_15,DIRECT_ACCEPTED,CAN-004352;CAN-004382;CAN-004413;CAN-004414;CAN-004415;CAN-004416;CAN-004417,NMC-REVIEWER-CHIEF,
924e3e75-8447-58e2-a05b-c9e9a9d595ab,CMM-BEARNG-A2CB3C-001,NTPC-200045,NTPC,6208 Roller Bearing - Stainless Steel,BEARING|STAINLESS_STEEL|STAINLESS_STEEL|6208|ISO_15,DIRECT_ACCEPTED,CAN-004357;CAN-004387;CAN-004447;CAN-004477;CAN-004507;CAN-011497;CAN-011527,NMC-REVIEWER-CHIEF,
1fd3b630-b1a9-5f5a-b006-319cf7fb632a,CMM-BEARNG-A2CB3C-001,ONGC-100018,ONGC,THRUST BEARING Stainless Steel 6208,BEARING|STAINLESS_STEEL|STAINLESS_STEEL|6208|ISO_15,DIRECT_ACCEPTED,CAN-004351;CAN-004382;CAN-004383;CAN-004384;CAN-004385;CAN-004386;CAN-004387,NMC-REVIEWER-CHIEF,
3e4718d5-7343-5865-94ee-fd7f0abc136f,CMM-BEARNG-A2CB3C-001,ONGC-100046,ONGC,"Roller Bearing, Stainless Steel, SIZE 6208",BEARING|STAINLESS_STEEL|STAINLESS_STEEL|6208|ISO_15,DIRECT_ACCEPTED,CAN-004358;CAN-004417;CAN-004448;CAN-004478;CAN-004508;CAN-011498;CAN-011527,NMC-REVIEWER-CHIEF,
360c1194-0625-5190-845e-c02fe2ccf201,CMM-BEARNG-A2CB3C-001,SAIL-300023,SAIL,THRUST BEARING Stainless Steel 6208,BEARING|STAINLESS_STEEL|STAINLESS_STEEL|6208|ISO_15,DIRECT_ACCEPTED,CAN-004353;CAN-004383;CAN-004413;CAN-004444;CAN-004445;CAN-004446;CAN-004447;CAN-004448,NMC-REVIEWER-CHIEF,
db845681-93a3-5c9b-8f2e-d007ee8d0659,CMM-BEARNG-A353C8-001,HPCL-120155,HPCL,THRUST BEARING 600# Chrome Steel 6304,BEARING|CHROME_STEEL|CHROME_STEEL|6304,DIRECT_ACCEPTED,CAN-036001,NMC-REVIEWER-CHIEF,
6a7ebed0-d0c5-5169-8062-5692797d86cb,CMM-BEARNG-A353C8-001,SAIL-300153,SAIL,SPARE-6304 Thrust Bearing - Chrome Steel 150#,BEARING|CHROME_STEEL|CHROME_STEEL|6304,DIRECT_ACCEPTED,CAN-036001,NMC-REVIEWER-CHIEF,
f16168a5-3c23-551d-89d5-2baf3adab42f,CMM-BEARNG-A74B84-001,BHEL-500101,BHEL,IND.NEEDLE BEARING 6304 Chrome Steel,BEARING|CHROME_STEEL|CHROME_STEEL|6304|ISO_15,DIRECT_ACCEPTED,CAN-023493;CAN-023523;CAN-023553;CAN-023584;CAN-023585,NMC-REVIEWER-CHIEF,
83848daa-25e1-5f16-b493-ba685e2d462c,CMM-BEARNG-A74B84-001,BHEL-500186,BHEL,"TAPER ROLLER BEARING, Chrome Steel, SIZE 6304 300#",BEARING|CHROME_STEEL|CHROME_STEEL|6304|ISO_15,DIRECT_ACCEPTED,CAN-023496;CAN-023526;CAN-023556;CAN-023616;CAN-044706,NMC-REVIEWER-CHIEF,
5b3e0b1f-fe83-5eec-a5b7-9810f0fe8863,CMM-BEARNG-A74B84-001,CIL-400092,Coal India,6304 NEEDLE BEARING - Chrome Steel,BEARING|CHROME_STEEL|CHROME_STEEL|6304|ISO_15,DIRECT_ACCEPTED,CAN-023491;CAN-023522;CAN-023523;CAN-023524;CAN-023525;CAN-023526,NMC-REVIEWER-CHIEF,
f7da63cb-5031-5aac-be8a-888e5606ec17,CMM-BEARNG-A74B84-001,HPCL-120102,HPCL,6304 NEEDLE BEARING - Chrome Steel,BEARING|CHROME_STEEL|CHROME_STEEL|6304|ISO_15,DIRECT_ACCEPTED,CAN-023491;CAN-023492;CAN-023493;CAN-023494;CAN-023495;CAN-023496,NMC-REVIEWER-CHIEF,
3979c765-a3ca-51b9-bdf7-fa0aed4d2d02,CMM-BEARNG-A74B84-001,NMDC-410100,NMDC,STORES ITEM NEEDLE BEARING Chrome Steel 6304,BEARING|CHROME_STEEL|CHROME_STEEL|6304|ISO_15,DIRECT_ACCEPTED,CAN-023494;CAN-023524;CAN-023554;CAN-023584;CAN-023615;CAN-023616,NMC-REVIEWER-CHIEF,
3842a315-0cc3-57f9-b99f-2338d90b84b0,CMM-BEARNG-A74B84-001,NTPC-200182,NTPC,"STORES ITEM TAPER ROLLER BEARING, Chrome Steel, SIZE 6304 600#",BEARING|CHROME_STEEL|CHROME_STEEL|6304|ISO_15,DIRECT_ACCEPTED,CAN-023495;CAN-023525;CAN-023555;CAN-023585;CAN-023615;CAN-044706,NMC-REVIEWER-CHIEF,
ea53a4ea-3739-565b-ab21-1ffe1ba4b59c,CMM-BEARNG-A74B84-001,ONGC-100101,ONGC,"SPARE-Needle Bearing, Chrome Steel, SIZE 6304",BEARING|CHROME_STEEL|CHROME_STEEL|6304|ISO_15,DIRECT_ACCEPTED,CAN-023492;CAN-023522;CAN-023553;CAN-023554;CAN-023555;CAN-023556,NMC-REVIEWER-CHIEF,
c1040965-6ab1-5722-8e62-17c3a38fc685,CMM-BEARNG-BE8172-001,CIL-400160,Coal India,IND.Taper Roller Bearing 6304 Stainless Steel 300#,BEARING|STAINLESS_STEEL|STAINLESS_STEEL|6304,DIRECT_ACCEPTED,CAN-039601,NMC-REVIEWER-CHIEF,
fb93a1fd-c951-5d5d-8eec-18d006c51aa7,CMM-BEARNG-BE8172-001,SAIL-300172,SAIL,SPARE-Taper Roller Bearing 6304 Stainless Steel 600#,BEARING|STAINLESS_STEEL|STAINLESS_STEEL|6304,DIRECT_ACCEPTED,CAN-039601,NMC-REVIEWER-CHIEF,
62248d1e-b7d6-50d1-9040-f7a31d67d397,CMM-BEARNG-D5796C-001,BHEL-500160,BHEL,6408 TAPER ROLLER BEARING - AISI 52100 300#,BEARING|AISI_52100|6408|ISO_15,DIRECT_ACCEPTED,CAN-037261;CAN-037292;CAN-037293,NMC-REVIEWER-CHIEF,
f4c7393c-ade4-5a09-b07c-ff0c70c43d73,CMM-BEARNG-D5796C-001,ONGC-100180,ONGC,IND.6408 Taper Roller Bearing - AISI 52100 600#,BEARING|AISI_52100|6408|ISO_15,DIRECT_ACCEPTED,CAN-037262;CAN-037293;CAN-040742,NMC-REVIEWER-CHIEF,
248e2663-26a2-523a-80e0-f742fc6075b6,CMM-BEARNG-D5796C-001,SAIL-300160,SAIL,"SPARE-Taper Roller Bearing, AISI 52100, SIZE 6408 600#",BEARING|AISI_52100|6408|ISO_15,DIRECT_ACCEPTED,CAN-037261;CAN-037262,NMC-REVIEWER-CHIEF,
b38ac40a-3028-5d9a-8af1-421c4929cd39,CMM-BEARNG-D5796C-001,SAIL-300176,SAIL,IND.6408 TAPER ROLLER BEARING - AISI 52100 300#,BEARING|AISI_52100|6408|ISO_15,DIRECT_ACCEPTED,CAN-037292;CAN-040742,NMC-REVIEWER-CHIEF,
3787ac97-f62d-5e96-aa85-448f79f9f4c3,CMM-BEARNG-D8807A-001,HPCL-120183,HPCL,30205 Roller Bearing - Chrome Steel 600#,BEARING|CHROME_STEEL|CHROME_STEEL|30205,DIRECT_ACCEPTED,CAN-043801,NMC-REVIEWER-CHIEF,
4c9ab5cc-5108-522c-a6ed-fde9289311ed,CMM-BEARNG-D8807A-001,ONGC-100200,ONGC,ROLLER BRG 300# Chrome Steel 30205,BEARING|CHROME_STEEL|CHROME_STEEL|30205,DIRECT_ACCEPTED,CAN-043801,NMC-REVIEWER-CHIEF,
b5e87fbf-3474-5c21-913a-119efb734682,CMM-BEARNG-D93FF3-001,CIL-400120,Coal India,IND.6208 NEEDLE BEARING - Stainless Steel 300#,BEARING|STAINLESS_STEEL|STAINLESS_STEEL|6208,DIRECT_ACCEPTED,CAN-029161,NMC-REVIEWER-CHIEF,
e7a0170d-a113-5227-9044-dc196faf7cac,CMM-BEARNG-D93FF3-001,HPCL-120127,HPCL,"NEEDLE BEARING, Stainless Steel, SIZE 6208 150#",BEARING|STAINLESS_STEEL|STAINLESS_STEEL|6208,DIRECT_ACCEPTED,CAN-029161,NMC-REVIEWER-CHIEF,
56009ef6-be3a-5697-a5d3-04cebfd535b5,CMM-BEARNG-F25509-001,BHEL-500145,BHEL,STORES ITEM Ball Bearing 6304 Chrome Steel 600#,BEARING|BALL_BEARING|CHROME_STEEL|CHROME_STEEL|6304,DIRECT_ACCEPTED,CAN-033421,NMC-REVIEWER-CHIEF,
15e2f362-e1cc-5a94-a617-98bebbe7d7d2,CMM-BEARNG-F25509-001,ONGC-100146,ONGC,SPARE-BALL BRG 300# Chrome Steel 6304,BEARING|BALL_BEARING|CHROME_STEEL|CHROME_STEEL|6304,DIRECT_ACCEPTED,CAN-033421,NMC-REVIEWER-CHIEF,
fd18c3fd-b7bf-5a0a-8d05-26d0a01cfd7c,CMM-BEARNG-F56C70-001,IOCL-110123,IOCL,"IND.THRUST BEARING, AISI 52100, SIZE 22208 600#",BEARING|AISI_52100|22208|ISO_15,DIRECT_ACCEPTED,CAN-032641,NMC-REVIEWER-CHIEF,
9137387d-b553-53f3-b50a-81e2a0cd835f,CMM-BEARNG-F56C70-001,ONGC-100144,ONGC,"STORES ITEM Thrust Bearing, AISI 52100, SIZE 22208 150#",BEARING|AISI_52100|22208|ISO_15,DIRECT_ACCEPTED,CAN-032641,NMC-REVIEWER-CHIEF,
cf12ce87-8b85-5ad1-a035-386ce5767aea,CMM-BEARNG-FBE56C-001,BHEL-500181,BHEL,STORES ITEM 6408 TAPER ROLLER BEARING - Stainless Steel 300#,BEARING|STAINLESS_STEEL|STAINLESS_STEEL|6408|ISO_15,DIRECT_ACCEPTED,CAN-042482;CAN-042513;CAN-043202,NMC-REVIEWER-CHIEF,
fcc707d9-ddbc-58bf-86d5-26dc5e65c47e,CMM-BEARNG-FBE56C-001,NTPC-200174,NTPC,IND.Taper Roller Bearing 6408 Stainless Steel 600#,BEARING|STAINLESS_STEEL|STAINLESS_STEEL|6408|ISO_15,DIRECT_ACCEPTED,CAN-042481;CAN-042512;CAN-042513,NMC-REVIEWER-CHIEF,
a47d949f-5964-5ed1-887a-370d8254a46a,CMM-BEARNG-FBE56C-001,ONGC-100192,ONGC,6408 TAPER ROLLER BEARING - Stainless Steel 150#,BEARING|STAINLESS_STEEL|STAINLESS_STEEL|6408|ISO_15,DIRECT_ACCEPTED,CAN-042481;CAN-042482,NMC-REVIEWER-CHIEF,
a760c01e-e1cc-5db7-b2c7-a4c16a9c91f3,CMM-BEARNG-FBE56C-001,ONGC-100196,ONGC,IND.6408 Taper Roller Bearing - Stainless Steel 600#,BEARING|STAINLESS_STEEL|STAINLESS_STEEL|6408|ISO_15,DIRECT_ACCEPTED,CAN-042512;CAN-043202,NMC-REVIEWER-CHIEF,
9a7b757c-4900-55a4-bc89-b2dd299e068a,CMM-BEARNG-FCEB8C-001,CIL-400131,Coal India,BRG BALL 30205 Chrome Steel 150#,BEARING|BALL_BEARING|CHROME_STEEL|CHROME_STEEL|30205,DIRECT_ACCEPTED,CAN-031921;CAN-031952;CAN-031953,NMC-REVIEWER-CHIEF,
93df3387-7d3b-503f-854a-a51956767149,CMM-BEARNG-FCEB8C-001,HPCL-120138,HPCL,IND.BALL BRG 30205 Chrome Steel 300#,BEARING|BALL_BEARING|CHROME_STEEL|CHROME_STEEL|30205,DIRECT_ACCEPTED,CAN-031921;CAN-031922,NMC-REVIEWER-CHIEF,
5de1ca17-d7c0-5901-bc91-3386eb9acb91,CMM-BEARNG-FCEB8C-001,HPCL-120149,HPCL,STORES ITEM BRG BALL 150# Chrome Steel 30205,BEARING|BALL_BEARING|CHROME_STEEL|CHROME_STEEL|30205,DIRECT_ACCEPTED,CAN-031952;CAN-034982,NMC-REVIEWER-CHIEF,
34e12a3f-01a1-54ac-8867-7ec21b38f2d0,CMM-BEARNG-FCEB8C-001,NMDC-410147,NMDC,SPARE-30205 Ball Bearing - Chrome Steel 300#,BEARING|BALL_BEARING|CHROME_STEEL|CHROME_STEEL|30205,DIRECT_ACCEPTED,CAN-031922;CAN-031953;CAN-034982,NMC-REVIEWER-CHIEF,
aa68a1b1-e702-58e5-94b3-e31dca599266,CMM-BEARNG-FF170C-001,BHEL-500043,BHEL,"Thrust Bearing, Chrome Steel, SIZE 6408",BEARING|CHROME_STEEL|CHROME_STEEL|6408,DIRECT_ACCEPTED,CAN-009424;CAN-009454;CAN-009483;CAN-010113;CAN-010145;CAN-010146;CAN-010147;CAN-010148;CAN-010149;CAN-010150;CAN-010151;CAN-010152;CAN-010153;CAN-010154,NMC-REVIEWER-CHIEF,
ca380511-c1d0-5f05-a7a6-1dfab27182c7,CMM-BEARNG-FF170C-001,CIL-400053,Coal India,STORES ITEM 6408 Needle Bearing - Chrome Steel,BEARING|CHROME_STEEL|CHROME_STEEL|6408,DIRECT_ACCEPTED,CAN-009429;CAN-009458;CAN-009488;CAN-010118;CAN-010150;CAN-010178;CAN-013899;CAN-013928;CAN-013958;CAN-013990;CAN-014021;CAN-014022;CAN-014023;CAN-014024,NMC-REVIEWER-CHIEF,
257709ab-9e16-570b-ab58-c7dbc88c085c,CMM-BEARNG-FF170C-001,HPCL-120043,HPCL,SPARE-6408 NEEDLE BEARING - Chrome Steel,BEARING|CHROME_STEEL|CHROME_STEEL|6408,DIRECT_ACCEPTED,CAN-009422;CAN-009452;CAN-009483;CAN-009484;CAN-009485;CAN-009486;CAN-009487;CAN-009488;CAN-009489;CAN-009490;CAN-009491,NMC-REVIEWER-CHIEF,
e0b610f1-5229-5808-99e9-0889305d35c8,CMM-BEARNG-FF170C-001,HPCL-120047,HPCL,IND.Thrust Bearing Chrome Steel 6408,BEARING|CHROME_STEEL|CHROME_STEEL|6408,DIRECT_ACCEPTED,CAN-009423;CAN-009453;CAN-010113;CAN-010114;CAN-010115;CAN-010116;CAN-010117;CAN-010118;CAN-010119;CAN-010120;CAN-010121,NMC-REVIEWER-CHIEF,
1579da29-610f-528a-acb9-5af64edcd20f,CMM-BEARNG-FF170C-001,HPCL-120061,HPCL,Needle Bearing Chrome Steel 6408,BEARING|CHROME_STEEL|CHROME_STEEL|6408,DIRECT_ACCEPTED,CAN-009426;CAN-009456;CAN-010147;CAN-010176;CAN-013896;CAN-013926;CAN-013927;CAN-013928;CAN-013929;CAN-013930;CAN-013931,NMC-REVIEWER-CHIEF,
94ad00e2-f5c1-5988-a319-ad537c46617b,CMM-BEARNG-FF170C-001,HPCL-120184,HPCL,IND.TAPER ROLLER BEARING 150# Chrome Steel 6408,BEARING|CHROME_STEEL|CHROME_STEEL|6408,DIRECT_ACCEPTED,CAN-009431;CAN-009461;CAN-010153;CAN-010181;CAN-013901;CAN-013961;CAN-013993;CAN-014023;CAN-027853;CAN-027881;CAN-043931,NMC-REVIEWER-CHIEF,
738b8566-38bf-5852-b1da-d1396fc5a391,CMM-BEARNG-FF170C-001,IOCL-110106,IOCL,"IND.Roller Bearing, Chrome Steel, SIZE 6408 600#",BEARING|CHROME_STEEL|CHROME_STEEL|6408,DIRECT_ACCEPTED,CAN-009430;CAN-009459;CAN-009489;CAN-010119;CAN-010151;CAN-010179;CAN-013900;CAN-013929;CAN-013959;CAN-013991;CAN-014021;CAN-027852;CAN-027853;CAN-027854,NMC-REVIEWER-CHIEF,
5adce1bc-77e0-535a-9af5-584d07997e1f,CMM-BEARNG-FF170C-001,NMDC-410060,NMDC,"Needle Bearing, Chrome Steel, SIZE 6408",BEARING|CHROME_STEEL|CHROME_STEEL|6408,DIRECT_ACCEPTED,CAN-009428;CAN-009457;CAN-009487;CAN-010117;CAN-010149;CAN-010177;CAN-013898;CAN-013927;CAN-013957;CAN-013990;CAN-013991;CAN-013992;CAN-013993,NMC-REVIEWER-CHIEF,
ed5ec62b-6eca-52cc-8c09-be9e72698c1b,CMM-BEARNG-FF170C-001,NMDC-410184,NMDC,IND.Taper Roller Bearing 6408 Chrome Steel 300#,BEARING|CHROME_STEEL|CHROME_STEEL|6408,DIRECT_ACCEPTED,CAN-009432;CAN-009462;CAN-009491;CAN-010121;CAN-010154;CAN-010182;CAN-013902;CAN-013931;CAN-013962;CAN-014024;CAN-027854;CAN-027882;CAN-043931,NMC-REVIEWER-CHIEF,
85115258-e7ae-577e-8d50-ae509be29062,CMM-BEARNG-FF170C-001,NTPC-200039,NTPC,NEEDLE BEARING 6408 Chrome Steel,BEARING|CHROME_STEEL|CHROME_STEEL|6408,DIRECT_ACCEPTED,CAN-009421;CAN-009452;CAN-009453;CAN-009454;CAN-009455;CAN-009456;CAN-009457;CAN-009458;CAN-009459;CAN-009460;CAN-009461;CAN-009462,NMC-REVIEWER-CHIEF,
ad2e6e13-e068-538c-b8b5-15328690d005,CMM-BEARNG-FF170C-001,NTPC-200040,NTPC,IND.6408 THRUST BEARING - Chrome Steel,BEARING|CHROME_STEEL|CHROME_STEEL|6408,DIRECT_ACCEPTED,CAN-009425;CAN-009484;CAN-010114;CAN-010145;CAN-010175;CAN-010176;CAN-010177;CAN-010178;CAN-010179;CAN-010180;CAN-010181;CAN-010182,NMC-REVIEWER-CHIEF,
3467c5a4-7c3b-5290-b89a-3c3a38f56ea7,CMM-BEARNG-FF170C-001,NTPC-200054,NTPC,STORES ITEM NEEDLE BEARING 6408 Chrome Steel,BEARING|CHROME_STEEL|CHROME_STEEL|6408,DIRECT_ACCEPTED,CAN-009427;CAN-009486;CAN-010116;CAN-010148;CAN-013897;CAN-013926;CAN-013957;CAN-013958;CAN-013959;CAN-013960;CAN-013961;CAN-013962,NMC-REVIEWER-CHIEF,
7ed1134e-caef-54f1-a6f9-2ca04e1faf16,CMM-BEARNG-FF170C-001,SAIL-300044,SAIL,NEEDLE BEARING Chrome Steel 6408,BEARING|CHROME_STEEL|CHROME_STEEL|6408,DIRECT_ACCEPTED,CAN-009421;CAN-009422;CAN-009423;CAN-009424;CAN-009425;CAN-009426;CAN-009427;CAN-009428;CAN-009429;CAN-009430;CAN-009431;CAN-009432,NMC-REVIEWER-CHIEF,
c3f91f07-f1b7-5622-937e-9985eb0a0f4e,CMM-BEARNG-FF170C-001,SAIL-300067,SAIL,Needle Bearing Chrome Steel 6408,BEARING|CHROME_STEEL|CHROME_STEEL|6408,DIRECT_ACCEPTED,CAN-009455;CAN-009485;CAN-010115;CAN-010146;CAN-010175;CAN-013896;CAN-013897;CAN-013898;CAN-013899;CAN-013900;CAN-013901;CAN-013902,NMC-REVIEWER-CHIEF,
0675459d-b4d8-50cb-8286-2996e869c652,CMM-BEARNG-FF170C-001,SAIL-300125,SAIL,IND.Roller Bearing 300# Chrome Steel 6408,BEARING|CHROME_STEEL|CHROME_STEEL|6408,DIRECT_ACCEPTED,CAN-009460;CAN-009490;CAN-010120;CAN-010152;CAN-010180;CAN-013930;CAN-013960;CAN-013992;CAN-014022;CAN-027852;CAN-027881;CAN-027882,NMC-REVIEWER-CHIEF,
4553a87c-ff5c-57b9-823d-8bebe4c8902a,CMM-ELECTR-05219D-001,SAIL-300225,SAIL,SPARE-Rolling Mill Drive Motor 11 kV Copper Wound,ELECTRICAL|COPPER_WOUND|11_KV|1000_M|IS_12615,STANDALONE,,,
952dc779-773d-5469-9b90-6e85a012fca0,CMM-ELECTR-06EE71-001,SAIL-300203,SAIL,"IND.Rolling Mill Drive Motor, Copper Wound, SIZE 11 kV",ELECTRICAL|COPPER_WOUND|11_KV|100_M|IS_12615,STANDALONE,,,
b6e0684a-2da5-5a33-a608-7770204d600a,CMM-ELECTR-079AD5-001,NTPC-200192,NTPC,Boiler Feed Pump Motor Copper Wound 6.6 kV,ELECTRICAL|COPPER_WOUND|66_KV|1000_M|IS_12615,STANDALONE,,,
b8b89bc8-8986-5697-9879-3885d4ce10a6,CMM-ELECTR-07DFFB-001,NTPC-200153,NTPC,IND.Distribution Transformer 4C x 25 sq mm XLPE Insulated 150#,ELECTRICAL|XLPE|XLPE_INSULATED|4C_X_25_SQ_MM|IEC_60502,DIRECT_ACCEPTED,CAN-038281,NMC-REVIEWER-CHIEF,
fcdc0e5d-6213-54e5-84e6-d5293ed3fe8f,CMM-ELECTR-07DFFB-001,SAIL-300167,SAIL,IND.4C x 25 sq mm DISTRIBUTION TRANSFORMER - XLPE Insulated 300#,ELECTRICAL|XLPE|XLPE_INSULATED|4C_X_25_SQ_MM|IEC_60502,DIRECT_ACCEPTED,CAN-038281,NMC-REVIEWER-CHIEF,
4997d5fb-ed72-5153-a58d-d4fed5dd4924,CMM-ELECTR-097381-001,BHEL-500220,BHEL,STORES ITEM TURBINE GENERATOR STATOR COIL Copper 11 kV,ELECTRICAL|COPPER|11_KV|IS_12066,STANDALONE,,,
d0ad7bfb-0a7c-5e61-a7ed-cc323e36f5ce,CMM-ELECTR-0CDB57-001,BHEL-500033,BHEL,SPARE-Switchgear Panel XLPE Insulated 1C x 300 sq mm,ELECTRICAL|XLPE|XLPE_INSULATED|1C_X_300_SQ_MM|500_M|IS_7098,DIRECT_ACCEPTED,CAN-007802;CAN-007832;CAN-007863,NMC-REVIEWER-CHIEF,
2b1e208c-7bed-5153-aaf3-dcdd17481806,CMM-ELECTR-0CDB57-001,CIL-400026,Coal India,SPARE-Switchgear Panel 1C x 300 sq mm XLPE Insulated,ELECTRICAL|XLPE|XLPE_INSULATED|1C_X_300_SQ_MM|500_M|IS_7098,DIRECT_ACCEPTED,CAN-007801;CAN-007832;CAN-007833,NMC-REVIEWER-CHIEF,
72ea69b0-72fb-517c-abd6-13c736ed1f07,CMM-ELECTR-0CDB57-001,HPCL-120037,HPCL,"SPARE-SWITCHGEAR PANEL, XLPE Insulated, SIZE 1C x 300 sq mm",ELECTRICAL|XLPE|XLPE_INSULATED|1C_X_300_SQ_MM|500_M|IS_7098,DIRECT_ACCEPTED,CAN-007803;CAN-007833;CAN-007863,NMC-REVIEWER-CHIEF,
e056610a-6b95-5200-ba64-4be1a0e117dd,CMM-ELECTR-0CDB57-001,NMDC-410033,NMDC,"Switchgear Panel, XLPE Insulated, SIZE 1C x 300 sq mm",ELECTRICAL|XLPE|XLPE_INSULATED|1C_X_300_SQ_MM|500_M|IS_7098,DIRECT_ACCEPTED,CAN-007801;CAN-007802;CAN-007803,NMC-REVIEWER-CHIEF,
60af00f3-716b-5a10-81fe-238cfe8f64db,CMM-ELECTR-0F8E4F-001,NTPC-200197,NTPC,SPARE-6.6 kV BOILER FEED PUMP MOTOR - Copper Wound,ELECTRICAL|COPPER_WOUND|66_KV|IS_12615,STANDALONE,,,
2a056177-d7d1-598e-8655-875b61727f0f,CMM-ELECTR-11038D-001,BHEL-500224,BHEL,STORES ITEM Turbine Generator Stator Coil Copper 11 kV,ELECTRICAL|COPPER|11_KV|IS_12066,STANDALONE,,,
17066f33-37ce-571b-9f14-ddf8a9e6fddb,CMM-ELECTR-134D89-001,NTPC-200220,NTPC,SPARE-BOILER FEED PUMP MOTOR Copper Wound 6.6 kV,ELECTRICAL|COPPER_WOUND|66_KV|1000_M|IS_12615,STANDALONE,,,
72406599-c9a5-5146-80e4-7166f297147f,CMM-ELECTR-1415A1-001,NTPC-200206,NTPC,IND.6.6 kV Boiler Feed Pump Motor - Copper Wound,ELECTRICAL|COPPER_WOUND|66_KV|IS_12615,STANDALONE,,,
8e0bcb5d-9624-5cdc-bbcc-199e4e1b4eb0,CMM-ELECTR-1643F5-001,CIL-400078,Coal India,"Induction Motor, Aluminium, SIZE 4C x 25 sq mm",ELECTRICAL|ALUMINIUM|4C_X_25_SQ_MM|1000_M|IEC_60502,DIRECT_ACCEPTED,CAN-020851;CAN-020882;CAN-020883;CAN-020884,NMC-REVIEWER-CHIEF,
09e8dff0-55d8-51c9-872f-2e7c4d50751a,CMM-ELECTR-1643F5-001,HPCL-120092,HPCL,IND.Induction Motor 4C x 25 sq mm Aluminium,ELECTRICAL|ALUMINIUM|4C_X_25_SQ_MM|1000_M|IEC_60502,DIRECT_ACCEPTED,CAN-020851;CAN-020852;CAN-020853;CAN-020854,NMC-REVIEWER-CHIEF,
3c23c9fb-8803-5831-8d97-b13fbdad196d,CMM-ELECTR-1643F5-001,NMDC-410189,NMDC,IND.DISTRIBUTION TRANSFORMER 4C x 25 sq mm Aluminium 600#,ELECTRICAL|ALUMINIUM|4C_X_25_SQ_MM|1000_M|IEC_60502,DIRECT_ACCEPTED,CAN-020853;CAN-020883;CAN-020913;CAN-044884,NMC-REVIEWER-CHIEF,
8bb293b5-1816-5db4-a45c-572a6c88f2c5,CMM-ELECTR-1643F5-001,SAIL-300093,SAIL,Induction Motor Aluminium 4C x 25 sq mm,ELECTRICAL|ALUMINIUM|4C_X_25_SQ_MM|1000_M|IEC_60502,DIRECT_ACCEPTED,CAN-020852;CAN-020882;CAN-020913,NMC-REVIEWER-CHIEF,
bd12d64c-ec29-5b50-bd7f-a5fd7307f2e1,CMM-ELECTR-1643F5-001,SAIL-300193,SAIL,"DISTRIBUTION TRANSFORMER, Aluminium, SIZE 4C x 25 sq mm 300#",ELECTRICAL|ALUMINIUM|4C_X_25_SQ_MM|1000_M|IEC_60502,DIRECT_ACCEPTED,CAN-020854;CAN-020884;CAN-044884,NMC-REVIEWER-CHIEF,
13ac8cfa-4175-58ce-891b-14578d5b6c5c,CMM-ELECTR-16A521-001,NTPC-200199,NTPC,Boiler Feed Pump Motor 6.6 kV Copper Wound,ELECTRICAL|COPPER_WOUND|66_KV|IS_12615,STANDALONE,,,
50c4a839-15d3-5f36-ab17-33428c1363d5,CMM-ELECTR-1729E4-001,NTPC-200246,NTPC,SPARE-BOILER FEED PUMP MOTOR 6.6 kV Copper Wound,ELECTRICAL|COPPER_WOUND|66_KV|500_M|IS_12615,STANDALONE,,,
b3372c96-4806-53b5-8ba4-a623cec42825,CMM-ELECTR-175B83-001,SAIL-300205,SAIL,11 kV ROLLING MILL DRIVE MOTOR - Copper Wound,ELECTRICAL|COPPER_WOUND|11_KV|IS_12615,STANDALONE,,,
e3427a4e-8e58-5c9d-a9a0-46fea5893ca7,CMM-ELECTR-19262A-001,BHEL-500012,BHEL,"SPARE-Circuit Breaker, Aluminium, SIZE 4C x 25 sq mm",ELECTRICAL|ALUMINIUM|4C_X_25_SQ_MM|1000_M|IS_2026,DIRECT_ACCEPTED,CAN-002671;CAN-002702;CAN-002703;CAN-002704,NMC-REVIEWER-CHIEF,
8cec3645-23a4-5f85-9880-e7a0abef73a0,CMM-ELECTR-19262A-001,HPCL-120009,HPCL,Circuit Breaker 4C x 25 sq mm Aluminium,ELECTRICAL|ALUMINIUM|4C_X_25_SQ_MM|1000_M|IS_2026,DIRECT_ACCEPTED,CAN-002672;CAN-002702;CAN-002733;CAN-002734,NMC-REVIEWER-CHIEF,
32f85cc9-bf33-5db2-b6fc-05542caa43fb,CMM-ELECTR-19262A-001,NTPC-200012,NTPC,IND.Circuit Breaker Aluminium 4C x 25 sq mm,ELECTRICAL|ALUMINIUM|4C_X_25_SQ_MM|1000_M|IS_2026,DIRECT_ACCEPTED,CAN-002673;CAN-002703;CAN-002733;CAN-002764,NMC-REVIEWER-CHIEF,
9c02a8d4-085d-5f99-b03a-33aa6eccf40a,CMM-ELECTR-19262A-001,ONGC-100013,ONGC,"CIRCUIT BREAKER, Aluminium, SIZE 4C x 25 sq mm",ELECTRICAL|ALUMINIUM|4C_X_25_SQ_MM|1000_M|IS_2026,DIRECT_ACCEPTED,CAN-002674;CAN-002704;CAN-002734;CAN-002764,NMC-REVIEWER-CHIEF,
83641d8a-a98c-5099-a69f-c7e49a9e2956,CMM-ELECTR-19262A-001,SAIL-300016,SAIL,4C x 25 sq mm Circuit Breaker - Aluminium,ELECTRICAL|ALUMINIUM|4C_X_25_SQ_MM|1000_M|IS_2026,DIRECT_ACCEPTED,CAN-002671;CAN-002672;CAN-002673;CAN-002674,NMC-REVIEWER-CHIEF,
d96bf057-a0b3-5af3-ab6e-dfa584ee7928,CMM-ELECTR-1AC0A4-001,CIL-400189,Coal India,"SPARE-CIRCUIT BREAKER, XLPE Insulated, SIZE 4C x 25 sq mm 600#",ELECTRICAL|XLPE|XLPE_INSULATED|4C_X_25_SQ_MM|IS_7098,DIRECT_ACCEPTED,CAN-045841,NMC-REVIEWER-CHIEF,
ac10b396-eb33-5c90-8908-0211fea409af,CMM-ELECTR-1AC0A4-001,ONGC-100207,ONGC,SPARE-4C x 25 sq mm Circuit Breaker - XLPE Insulated 300#,ELECTRICAL|XLPE|XLPE_INSULATED|4C_X_25_SQ_MM|IS_7098,DIRECT_ACCEPTED,CAN-045841,NMC-REVIEWER-CHIEF,
0a5f6343-1594-5eeb-99a7-61b925566550,CMM-ELECTR-1B15DC-001,SAIL-300220,SAIL,STORES ITEM ROLLING MILL DRIVE MOTOR Copper Wound 11 kV,ELECTRICAL|COPPER_WOUND|11_KV|500_M|IS_12615,STANDALONE,,,
905a5935-645a-5532-ab81-c48208e2a3b2,CMM-ELECTR-1B3CEC-001,BHEL-500137,BHEL,CIRCUIT BREAKER 300# Aluminium 415V 100A,ELECTRICAL|ALUMINIUM|415V_100A|100_M|IS_13947,DIRECT_ACCEPTED,CAN-032161,NMC-REVIEWER-CHIEF,
4fa3dd06-ab92-5244-93f0-1cf434ffe30f,CMM-ELECTR-1B3CEC-001,NTPC-200132,NTPC,SPARE-415V 100A Circuit Breaker - Aluminium 150#,ELECTRICAL|ALUMINIUM|415V_100A|100_M|IS_13947,DIRECT_ACCEPTED,CAN-032161,NMC-REVIEWER-CHIEF,
6c897420-fcb2-59dc-b24f-7924fefc23ab,CMM-ELECTR-1B4C8C-001,NTPC-200226,NTPC,STORES ITEM 6.6 kV Boiler Feed Pump Motor - Copper Wound,ELECTRICAL|COPPER_WOUND|66_KV|100_M|IS_12615,STANDALONE,,,
f8249130-a504-573f-8240-d7a8c5912d90,CMM-ELECTR-1C59B4-001,NMDC-410138,NMDC,STORES ITEM Circuit Breaker 300# XLPE Insulated 415V 100A,ELECTRICAL|XLPE|XLPE_INSULATED|415V_100A|100_M|IS_13947,DIRECT_ACCEPTED,CAN-033301,NMC-REVIEWER-CHIEF,
c8b2cbaf-1d84-5520-a372-456154df5b18,CMM-ELECTR-1C59B4-001,ONGC-100145,ONGC,SPARE-CIRCUIT BREAKER 415V 100A XLPE Insulated 150#,ELECTRICAL|XLPE|XLPE_INSULATED|415V_100A|100_M|IS_13947,DIRECT_ACCEPTED,CAN-033301,NMC-REVIEWER-CHIEF,
79d4fcbf-9194-50cb-a08a-4554f0377934,CMM-ELECTR-1CBE78-001,SAIL-300217,SAIL,"ROLLING MILL DRIVE MOTOR, Copper Wound, SIZE 11 kV",ELECTRICAL|COPPER_WOUND|11_KV|IS_12615,STANDALONE,,,
bdfc0b51-815c-5faa-aed5-8dcdb56a4ab7,CMM-ELECTR-1E23AC-001,NTPC-200191,NTPC,STORES ITEM BOILER FEED PUMP MOTOR 6.6 kV Copper Wound,ELECTRICAL|COPPER_WOUND|66_KV|IS_12615,STANDALONE,,,
05e4e8f2-f6e4-5a48-a52d-04ca28c873d3,CMM-ELECTR-1E911F-001,BHEL-500268,BHEL,STORES ITEM 11 kV Turbine Generator Stator Coil - Copper,ELECTRICAL|COPPER|11_KV|IS_12066,STANDALONE,,,
291d8dba-5915-5e2c-be43-701b4a3e6e89,CMM-ELECTR-2093AE-001,NTPC-200253,NTPC,SPARE-Boiler Feed Pump Motor 6.6 kV Copper Wound,ELECTRICAL|COPPER_WOUND|66_KV|IS_12615,STANDALONE,,,
53330f8b-0a46-5259-b17a-9af0b959986b,CMM-ELECTR-219D3D-001,BHEL-500210,BHEL,STORES ITEM Turbine Generator Stator Coil Copper 11 kV,ELECTRICAL|COPPER|11_KV|100_M|IS_12066,STANDALONE,,,
df008887-5932-5393-89fd-7f05e3f6ca42,CMM-ELECTR-23E752-001,BHEL-500249,BHEL,"TURBINE GENERATOR STATOR COIL, Copper, SIZE 11 kV",ELECTRICAL|COPPER|11_KV|500_M|IS_12066,STANDALONE,,,
2943006a-8f7b-5faf-a041-f8509c5f7461,CMM-ELECTR-240377-001,CIL-400150,Coal India,IND.Induction Motor 300# Copper 4C x 25 sq mm,ELECTRICAL|COPPER|4C_X_25_SQ_MM|IS_7098,DIRECT_ACCEPTED,CAN-037021;CAN-037052,NMC-REVIEWER-CHIEF,
1c1b55f3-13ee-5df7-bc54-5ea0d627431f,CMM-ELECTR-240377-001,CIL-400161,Coal India,SPARE-4C x 25 sq mm Distribution Transformer - Copper 150#,ELECTRICAL|COPPER|4C_X_25_SQ_MM|IS_7098,DIRECT_ACCEPTED,CAN-037022;CAN-039962,NMC-REVIEWER-CHIEF,
1e7bf797-c4c7-5dd8-80c7-00e880615206,CMM-ELECTR-240377-001,HPCL-120171,HPCL,"DISTRIBUTION TRANSFORMER, Copper, SIZE 4C x 25 sq mm 600#",ELECTRICAL|COPPER|4C_X_25_SQ_MM|IS_7098,DIRECT_ACCEPTED,CAN-037023;CAN-037052;CAN-039962,NMC-REVIEWER-CHIEF,
9b768a07-ae6b-5ef9-ac8a-cae078f1e2b3,CMM-ELECTR-240377-001,ONGC-100160,ONGC,INDUCTION MOTOR 150# Copper 4C x 25 sq mm,ELECTRICAL|COPPER|4C_X_25_SQ_MM|IS_7098,DIRECT_ACCEPTED,CAN-037021;CAN-037022;CAN-037023,NMC-REVIEWER-CHIEF,
8ae77606-b8d5-5bbf-9cdc-f7ff805ee95b,CMM-ELECTR-253FB4-001,IOCL-110140,IOCL,"IND.Switchgear Panel, Aluminium, SIZE 1C x 300 sq mm 600#",ELECTRICAL|ALUMINIUM|1C_X_300_SQ_MM|500_M|IS_13947,DIRECT_ACCEPTED,CAN-036541,NMC-REVIEWER-CHIEF,
eed2783c-845b-5e5d-b40a-5425283b99b4,CMM-ELECTR-253FB4-001,NMDC-410157,NMDC,Switchgear Panel 150# Aluminium 1C x 300 sq mm,ELECTRICAL|ALUMINIUM|1C_X_300_SQ_MM|500_M|IS_13947,DIRECT_ACCEPTED,CAN-036541,NMC-REVIEWER-CHIEF,
d9280d3a-8e2f-5698-a370-d943bd66a195,CMM-ELECTR-2624B2-001,BHEL-500230,BHEL,TURBINE GENERATOR STATOR COIL 11 kV Copper,ELECTRICAL|COPPER|11_KV|100_M|IS_12066,STANDALONE,,,
0d514f29-2959-5c90-a61d-25eb9726ba82,CMM-ELECTR-266707-001,BHEL-500081,BHEL,IND.XLPE CABLE Copper 3C x 95 sq mm,ELECTRICAL|CABLE|XLPE|COPPER|3C_X_95_SQ_MM|1000_M|IS_2026,DIRECT_ACCEPTED,CAN-018783;CAN-018813;CAN-018843;CAN-018874,NMC-REVIEWER-CHIEF,
a7e32882-ae7d-52a9-8e4b-f8d50325a6fd,CMM-ELECTR-266707-001,HPCL-120082,HPCL,STORES ITEM XLPE Cable Copper 3C x 95 sq mm,ELECTRICAL|CABLE|XLPE|COPPER|3C_X_95_SQ_MM|1000_M|IS_2026,DIRECT_ACCEPTED,CAN-018781;CAN-018812;CAN-018813;CAN-018814,NMC-REVIEWER-CHIEF,
1adfb466-4ec3-54ad-9ffc-b7d0bfb3e7fe,CMM-ELECTR-266707-001,NTPC-200077,NTPC,3C x 95 sq mm XLPE Cable - Copper,ELECTRICAL|CABLE|XLPE|COPPER|3C_X_95_SQ_MM|1000_M|IS_2026,DIRECT_ACCEPTED,CAN-018784;CAN-018814;CAN-018844;CAN-018874,NMC-REVIEWER-CHIEF,
ca768392-9b12-5eeb-a726-c130ac0b1e24,CMM-ELECTR-266707-001,ONGC-100078,ONGC,SPARE-3C x 95 sq mm XLPE Cable - Copper,ELECTRICAL|CABLE|XLPE|COPPER|3C_X_95_SQ_MM|1000_M|IS_2026,DIRECT_ACCEPTED,CAN-018781;CAN-018782;CAN-018783;CAN-018784,NMC-REVIEWER-CHIEF,
7d2c540e-637d-5c21-9717-d2b58c00108f,CMM-ELECTR-266707-001,SAIL-300085,SAIL,XLPE Cable Copper 3C x 95 sq mm,ELECTRICAL|CABLE|XLPE|COPPER|3C_X_95_SQ_MM|1000_M|IS_2026,DIRECT_ACCEPTED,CAN-018782;CAN-018812;CAN-018843;CAN-018844,NMC-REVIEWER-CHIEF,
6451eff0-729b-52bf-a47a-71a930a97136,CMM-ELECTR-27E90F-001,SAIL-300257,SAIL,ROLLING MILL DRIVE MOTOR 11 kV Copper Wound,ELECTRICAL|COPPER_WOUND|11_KV|1000_M|IS_12615,STANDALONE,,,
aa17544a-56a6-59f7-8cf3-acbaaad34d1b,CMM-ELECTR-292F7A-001,SAIL-300237,SAIL,"SPARE-Rolling Mill Drive Motor, Copper Wound, SIZE 11 kV",ELECTRICAL|COPPER_WOUND|11_KV|100_M|IS_12615,STANDALONE,,,
f93fd187-514a-574f-aa71-835860f5a3c9,CMM-ELECTR-2B3848-001,SAIL-300271,SAIL,STORES ITEM Rolling Mill Drive Motor 11 kV Copper Wound,ELECTRICAL|COPPER_WOUND|11_KV|100_M|IS_12615,STANDALONE,,,
94970bb5-d5f6-5d3f-bc70-6230e9da3828,CMM-ELECTR-2BD4BF-001,BHEL-500226,BHEL,"TURBINE GENERATOR STATOR COIL, Copper, SIZE 11 kV",ELECTRICAL|COPPER|11_KV|100_M|IS_12066,STANDALONE,,,
e4497d10-c2e7-5832-a6b3-1d56bf9c5066,CMM-ELECTR-2DA2A7-001,SAIL-300265,SAIL,STORES ITEM ROLLING MILL DRIVE MOTOR Copper Wound 11 kV,ELECTRICAL|COPPER_WOUND|11_KV|500_M|IS_12615,STANDALONE,,,
539512fe-7b9f-5fe7-923f-4839ec150926,CMM-ELECTR-2DB37C-001,BHEL-500039,BHEL,IND.Distribution Transformer Copper 415V 100A,ELECTRICAL|COPPER|415V_100A|IEC_60502,DIRECT_ACCEPTED,CAN-009274;CAN-009304;CAN-009334;CAN-009364,NMC-REVIEWER-CHIEF,
caca851a-dd76-5b49-9493-c135fca98340,CMM-ELECTR-2DB37C-001,HPCL-120042,HPCL,DISTRIBUTION TRANSFORMER 415V 100A Copper,ELECTRICAL|COPPER|415V_100A|IEC_60502,DIRECT_ACCEPTED,CAN-009272;CAN-009302;CAN-009333;CAN-009334,NMC-REVIEWER-CHIEF,
1cc24509-6987-5d98-8f9a-b41fe626cb42,CMM-ELECTR-2DB37C-001,NMDC-410039,NMDC,Distribution Transformer Copper 415V 100A,ELECTRICAL|COPPER|415V_100A|IEC_60502,DIRECT_ACCEPTED,CAN-009271;CAN-009272;CAN-009273;CAN-009274,NMC-REVIEWER-CHIEF,
bec95cd7-1be7-51cd-aef9-f05ec80ca211,CMM-ELECTR-2DB37C-001,NTPC-200038,NTPC,DISTRIBUTION TRANSFORMER 415V 100A Copper,ELECTRICAL|COPPER|415V_100A|IEC_60502,DIRECT_ACCEPTED,CAN-009273;CAN-009303;CAN-009333;CAN-009364,NMC-REVIEWER-CHIEF,
530ed5cc-b2ec-59f2-ac41-225c40e117ad,CMM-ELECTR-2DB37C-001,SAIL-300043,SAIL,DISTRIBUTION TRANSFORMER 415V 100A Copper,ELECTRICAL|COPPER|415V_100A|IEC_60502,DIRECT_ACCEPTED,CAN-009271;CAN-009302;CAN-009303;CAN-009304,NMC-REVIEWER-CHIEF,
6579fcd7-7651-5d5a-aac2-dc3c590c1b3d,CMM-ELECTR-2E2EAB-001,BHEL-500247,BHEL,SPARE-11 kV Turbine Generator Stator Coil - Copper,ELECTRICAL|COPPER|11_KV|500_M|IS_12066,STANDALONE,,,
6cf8030c-32d6-593d-9f7b-8538cb64cdc4,CMM-ELECTR-31D0C0-001,SAIL-300223,SAIL,"Rolling Mill Drive Motor, Copper Wound, SIZE 11 kV",ELECTRICAL|COPPER_WOUND|11_KV|IS_12615,STANDALONE,,,
fd20509b-cffc-5d4a-bd9c-91f125e13827,CMM-ELECTR-329BB9-001,BHEL-500161,BHEL,Distribution Transformer 300# Aluminium 4C x 25 sq mm,ELECTRICAL|ALUMINIUM|4C_X_25_SQ_MM|500_M|IS_2026,DIRECT_ACCEPTED,CAN-037621,NMC-REVIEWER-CHIEF,
f419ed5d-d718-527c-93a8-c518e749f4bb,CMM-ELECTR-329BB9-001,ONGC-100165,ONGC,IND.DISTRIBUTION TRANSFORMER 150# Aluminium 4C x 25 sq mm,ELECTRICAL|ALUMINIUM|4C_X_25_SQ_MM|500_M|IS_2026,DIRECT_ACCEPTED,CAN-037621,NMC-REVIEWER-CHIEF,
f42a7ce6-4472-5b06-b55a-f67a4cb3773b,CMM-ELECTR-388D16-001,SAIL-300230,SAIL,STORES ITEM Rolling Mill Drive Motor 11 kV Copper Wound,ELECTRICAL|COPPER_WOUND|11_KV|IS_12615,STANDALONE,,,
7e3a51a5-9ff1-5897-af37-b958dd7903b9,CMM-ELECTR-38C73C-001,SAIL-300266,SAIL,STORES ITEM 11 kV Rolling Mill Drive Motor - Copper Wound,ELECTRICAL|COPPER_WOUND|11_KV|100_M|IS_12615,STANDALONE,,,
6f5e06ce-f4db-5341-9493-16d6d3175ff6,CMM-ELECTR-3CC9FD-001,NTPC-200268,NTPC,STORES ITEM Boiler Feed Pump Motor 6.6 kV Copper Wound,ELECTRICAL|COPPER_WOUND|66_KV|1000_M|IS_12615,STANDALONE,,,
fd727fa4-4871-5e22-9fc6-61d9578783c4,CMM-ELECTR-3DB83C-001,SAIL-300244,SAIL,Rolling Mill Drive Motor Copper Wound 11 kV,ELECTRICAL|COPPER_WOUND|11_KV|100_M|IS_12615,STANDALONE,,,
14bef9ff-b89c-5dbe-8b20-fdf2257adeb6,CMM-ELECTR-3E612F-001,CIL-400151,Coal India,DISTRIBUTION TRANSFORMER 415V 100A Aluminium 300#,ELECTRICAL|ALUMINIUM|415V_100A|100_M|IS_7098,DIRECT_ACCEPTED,CAN-037381,NMC-REVIEWER-CHIEF,
23bf83a4-12f1-56c7-8624-1ce768d08182,CMM-ELECTR-3E612F-001,ONGC-100163,ONGC,STORES ITEM DISTRIBUTION TRANSFORMER 600# Aluminium 415V 100A,ELECTRICAL|ALUMINIUM|415V_100A|100_M|IS_7098,DIRECT_ACCEPTED,CAN-037381,NMC-REVIEWER-CHIEF,
22f427e2-0cff-50be-9a99-4d6ed3c9b764,CMM-ELECTR-3F0657-001,IOCL-110133,IOCL,IND.Switchgear Panel 600# Copper 3C x 95 sq mm,ELECTRICAL|COPPER|3C_X_95_SQ_MM|IEC_60502,DIRECT_ACCEPTED,CAN-034441,NMC-REVIEWER-CHIEF,
9bf04133-bf79-5533-8597-5c6c47aa4a53,CMM-ELECTR-3F0657-001,NMDC-410144,NMDC,IND.3C x 95 sq mm SWITCHGEAR PANEL - Copper 150#,ELECTRICAL|COPPER|3C_X_95_SQ_MM|IEC_60502,DIRECT_ACCEPTED,CAN-034441,NMC-REVIEWER-CHIEF,
1267f373-d088-5e17-9ce1-f2b4aec6a671,CMM-ELECTR-3F141A-001,CIL-400114,Coal India,STORES ITEM 3C x 95 sq mm Distribution Transformer - Aluminium 150#,ELECTRICAL|ALUMINIUM|3C_X_95_SQ_MM|500_M|IS_2026,DIRECT_ACCEPTED,CAN-028561,NMC-REVIEWER-CHIEF,
5ec6ebb5-5fb1-516a-a06f-9e2df92367da,CMM-ELECTR-3F141A-001,NMDC-410118,NMDC,SPARE-3C x 95 sq mm Distribution Transformer - Aluminium 300#,ELECTRICAL|ALUMINIUM|3C_X_95_SQ_MM|500_M|IS_2026,DIRECT_ACCEPTED,CAN-028561,NMC-REVIEWER-CHIEF,
46c573cc-8a73-5463-9db9-60f1da9104c0,CMM-ELECTR-3FF7C7-001,BHEL-500270,BHEL,IND.Turbine Generator Stator Coil 11 kV Copper,ELECTRICAL|COPPER|11_KV|500_M|IS_12066,STANDALONE,,,
1c9d0ff8-4916-54a0-b6e5-2fa6e7337ae2,CMM-ELECTR-404961-001,BHEL-500213,BHEL,"IND.TURBINE GENERATOR STATOR COIL, Copper, SIZE 11 kV",ELECTRICAL|COPPER|11_KV|1000_M|IS_12066,STANDALONE,,,
95f4deec-da54-525c-b1bb-5ac7134adb28,CMM-ELECTR-40640A-001,CIL-400157,Coal India,"STORES ITEM Distribution Transformer, Aluminium, SIZE 1C x 300 sq mm 300#",ELECTRICAL|ALUMINIUM|1C_X_300_SQ_MM|1000_M|IS_7098,DIRECT_ACCEPTED,CAN-039061,NMC-REVIEWER-CHIEF,
e35f4431-76ec-5cc0-bcae-06df2bcb3119,CMM-ELECTR-40640A-001,NTPC-200157,NTPC,SPARE-1C x 300 sq mm Distribution Transformer - Aluminium 150#,ELECTRICAL|ALUMINIUM|1C_X_300_SQ_MM|1000_M|IS_7098,DIRECT_ACCEPTED,CAN-039061,NMC-REVIEWER-CHIEF,
288f0855-fe64-5a8d-aa56-c0a3da7ec315,CMM-ELECTR-40BE38-001,BHEL-500250,BHEL,"IND.TURBINE GENERATOR STATOR COIL, Copper, SIZE 11 kV",ELECTRICAL|COPPER|11_KV|1000_M|IS_12066,STANDALONE,,,
6d3fba57-9887-5355-b919-65a277c699d2,CMM-ELECTR-42C083-001,NTPC-200250,NTPC,"IND.Boiler Feed Pump Motor, Copper Wound, SIZE 6.6 kV",ELECTRICAL|COPPER_WOUND|66_KV|IS_12615,STANDALONE,,,
082673ce-1bbc-5727-82d2-358fbf14ff33,CMM-ELECTR-42D24C-001,BHEL-500077,BHEL,SPARE-INDUCTION MOTOR 415V 100A Aluminium,ELECTRICAL|ALUMINIUM|415V_100A|500_M|IEC_60502,DIRECT_ACCEPTED,CAN-017585;CAN-017615;CAN-017645;CAN-017675;CAN-017705;CAN-017736;CAN-017737,NMC-REVIEWER-CHIEF,
6231c156-c7fe-5ab6-b7c1-259c3a392502,CMM-ELECTR-42D24C-001,CIL-400065,Coal India,SPARE-Induction Motor 415V 100A Aluminium,ELECTRICAL|ALUMINIUM|415V_100A|500_M|IEC_60502,DIRECT_ACCEPTED,CAN-017584;CAN-017614;CAN-017644;CAN-017674;CAN-017705;CAN-017706;CAN-017707,NMC-REVIEWER-CHIEF,
27ea6c98-afab-5fef-be02-f3b7ce062696,CMM-ELECTR-42D24C-001,HPCL-120078,HPCL,IND.415V 100A Induction Motor - Aluminium,ELECTRICAL|ALUMINIUM|415V_100A|500_M|IEC_60502,DIRECT_ACCEPTED,CAN-017581;CAN-017612;CAN-017613;CAN-017614;CAN-017615;CAN-017616,NMC-REVIEWER-CHIEF,
3f81293e-7a2b-5631-a10b-d72a5a69efef,CMM-ELECTR-42D24C-001,HPCL-120163,HPCL,"Switchgear Panel, Aluminium, SIZE 415V 100A 150#",ELECTRICAL|ALUMINIUM|415V_100A|500_M|IEC_60502,DIRECT_ACCEPTED,CAN-017587;CAN-017647;CAN-017677;CAN-017707;CAN-017737;CAN-037987,NMC-REVIEWER-CHIEF,
5ba178c9-eb3c-5242-b90b-9754863a5f8b,CMM-ELECTR-42D24C-001,IOCL-110071,IOCL,SPARE-INDUCTION MOTOR 415V 100A Aluminium,ELECTRICAL|ALUMINIUM|415V_100A|500_M|IEC_60502,DIRECT_ACCEPTED,CAN-017583;CAN-017613;CAN-017643;CAN-017674;CAN-017675;CAN-017676;CAN-017677,NMC-REVIEWER-CHIEF,
58224c07-1cf4-5a42-86fc-53660b5e13bf,CMM-ELECTR-42D24C-001,NTPC-200070,NTPC,"INDUCTION MOTOR, Aluminium, SIZE 415V 100A",ELECTRICAL|ALUMINIUM|415V_100A|500_M|IEC_60502,DIRECT_ACCEPTED,CAN-017582;CAN-017612;CAN-017643;CAN-017644;CAN-017645;CAN-017646;CAN-017647,NMC-REVIEWER-CHIEF,
b50cd14e-6339-513f-9fce-36adac0621c3,CMM-ELECTR-42D24C-001,ONGC-100072,ONGC,INDUCTION MOTOR Aluminium 415V 100A,ELECTRICAL|ALUMINIUM|415V_100A|500_M|IEC_60502,DIRECT_ACCEPTED,CAN-017581;CAN-017582;CAN-017583;CAN-017584;CAN-017585;CAN-017586;CAN-017587,NMC-REVIEWER-CHIEF,
3066afc3-9d0b-595b-b583-ce0b11aa91df,CMM-ELECTR-42D24C-001,SAIL-300164,SAIL,SWITCHGEAR PANEL 600# Aluminium 415V 100A,ELECTRICAL|ALUMINIUM|415V_100A|500_M|IEC_60502,DIRECT_ACCEPTED,CAN-017586;CAN-017616;CAN-017646;CAN-017676;CAN-017706;CAN-017736;CAN-037987,NMC-REVIEWER-CHIEF,
d07a0ef0-e77b-5512-bb17-1bb5b5349871,CMM-ELECTR-430B1B-001,NTPC-200212,NTPC,STORES ITEM Boiler Feed Pump Motor Copper Wound 6.6 kV,ELECTRICAL|COPPER_WOUND|66_KV|IS_12615,STANDALONE,,,
1337e25b-6d98-5080-8c12-da70e1bf54aa,CMM-ELECTR-43E6A3-001,BHEL-500063,BHEL,Induction Motor 4C x 25 sq mm XLPE Insulated,ELECTRICAL|XLPE|XLPE_INSULATED|4C_X_25_SQ_MM|500_M|IS_7098,DIRECT_ACCEPTED,CAN-015091;CAN-015122,NMC-REVIEWER-CHIEF,
28aaf113-52e9-5da7-8e4c-68c9e0694028,CMM-ELECTR-43E6A3-001,NMDC-410065,NMDC,Induction Motor 4C x 25 sq mm XLPE Insulated,ELECTRICAL|XLPE|XLPE_INSULATED|4C_X_25_SQ_MM|500_M|IS_7098,DIRECT_ACCEPTED,CAN-015092;CAN-015122,NMC-REVIEWER-CHIEF,
298809a0-5c35-55ba-9587-6bf17a939eac,CMM-ELECTR-43E6A3-001,SAIL-300072,SAIL,"INDUCTION MOTOR, XLPE Insulated, SIZE 4C x 25 sq mm",ELECTRICAL|XLPE|XLPE_INSULATED|4C_X_25_SQ_MM|500_M|IS_7098,DIRECT_ACCEPTED,CAN-015091;CAN-015092,NMC-REVIEWER-CHIEF,
5f19a1b0-0299-5c23-b588-d5d30d689ca0,CMM-ELECTR-43ED2A-001,BHEL-500204,BHEL,"SPARE-Turbine Generator Stator Coil, Copper, SIZE 11 kV",ELECTRICAL|COPPER|11_KV|100_M|IS_12066,STANDALONE,,,
55442631-7f75-5060-8424-9f36d0efd527,CMM-ELECTR-45D485-001,NTPC-200257,NTPC,"SPARE-BOILER FEED PUMP MOTOR, Copper Wound, SIZE 6.6 kV",ELECTRICAL|COPPER_WOUND|66_KV|1000_M|IS_12615,STANDALONE,,,
ade68db8-65b5-57f1-b62d-c39303e42f18,CMM-ELECTR-45EFBF-001,BHEL-500069,BHEL,DISTRIBUTION TRANSFORMER XLPE Insulated 3C x 95 sq mm,ELECTRICAL|XLPE|XLPE_INSULATED|3C_X_95_SQ_MM|500_M|IS_2026,DIRECT_ACCEPTED,CAN-015903;CAN-015933;CAN-015963;CAN-015994;CAN-015995,NMC-REVIEWER-CHIEF,
b4489b6d-b5bd-533d-9bf0-8495fbd79ed9,CMM-ELECTR-45EFBF-001,CIL-400062,Coal India,IND.Distribution Transformer XLPE Insulated 3C x 95 sq mm,ELECTRICAL|XLPE|XLPE_INSULATED|3C_X_95_SQ_MM|500_M|IS_2026,DIRECT_ACCEPTED,CAN-015902;CAN-015932;CAN-015963;CAN-015964;CAN-015965,NMC-REVIEWER-CHIEF,
3cb814f4-e46a-571f-92e8-ec2dc3033b56,CMM-ELECTR-45EFBF-001,HPCL-120070,HPCL,Distribution Transformer XLPE Insulated 3C x 95 sq mm,ELECTRICAL|XLPE|XLPE_INSULATED|3C_X_95_SQ_MM|500_M|IS_2026,DIRECT_ACCEPTED,CAN-015901;CAN-015932;CAN-015933;CAN-015934;CAN-015935,NMC-REVIEWER-CHIEF,
f9689f0a-93da-57de-bfd0-2d5af17b2dce,CMM-ELECTR-45EFBF-001,IOCL-110064,IOCL,SPARE-Distribution Transformer XLPE Insulated 3C x 95 sq mm,ELECTRICAL|XLPE|XLPE_INSULATED|3C_X_95_SQ_MM|500_M|IS_2026,DIRECT_ACCEPTED,CAN-015904;CAN-015934;CAN-015964;CAN-015994;CAN-016025,NMC-REVIEWER-CHIEF,
992f103c-8f79-5fe3-8dad-5ade20b6bcf4,CMM-ELECTR-45EFBF-001,NMDC-410070,NMDC,IND.3C x 95 sq mm Distribution Transformer - XLPE Insulated,ELECTRICAL|XLPE|XLPE_INSULATED|3C_X_95_SQ_MM|500_M|IS_2026,DIRECT_ACCEPTED,CAN-015901;CAN-015902;CAN-015903;CAN-015904;CAN-015905,NMC-REVIEWER-CHIEF,
d6073714-81a6-5d5b-b26d-a9aa372f699a,CMM-ELECTR-45EFBF-001,SAIL-300074,SAIL,3C x 95 sq mm DISTRIBUTION TRANSFORMER - XLPE Insulated,ELECTRICAL|XLPE|XLPE_INSULATED|3C_X_95_SQ_MM|500_M|IS_2026,DIRECT_ACCEPTED,CAN-015905;CAN-015935;CAN-015965;CAN-015995;CAN-016025,NMC-REVIEWER-CHIEF,
c4a083db-3dbb-5e25-831c-f4e653438bfe,CMM-ELECTR-47E8A6-001,HPCL-120055,HPCL,Distribution Transformer 4C x 25 sq mm Aluminium,ELECTRICAL|ALUMINIUM|4C_X_25_SQ_MM|100_M|IS_2026,DIRECT_ACCEPTED,CAN-012003;CAN-012033;CAN-012063,NMC-REVIEWER-CHIEF,
8d0817b5-5b76-5532-9c75-dd187f11e8ba,CMM-ELECTR-47E8A6-001,NMDC-410051,NMDC,Distribution Transformer Aluminium 4C x 25 sq mm,ELECTRICAL|ALUMINIUM|4C_X_25_SQ_MM|100_M|IS_2026,DIRECT_ACCEPTED,CAN-012001;CAN-012032;CAN-012033,NMC-REVIEWER-CHIEF,
0ba1cd8f-cec0-5646-9df7-85bc5fa68438,CMM-ELECTR-47E8A6-001,NTPC-200048,NTPC,4C x 25 sq mm Distribution Transformer - Aluminium,ELECTRICAL|ALUMINIUM|4C_X_25_SQ_MM|100_M|IS_2026,DIRECT_ACCEPTED,CAN-012001;CAN-012002;CAN-012003,NMC-REVIEWER-CHIEF,
33f23456-cb14-5e22-884c-9d1be22a3adc,CMM-ELECTR-47E8A6-001,SAIL-300056,SAIL,Distribution Transformer 4C x 25 sq mm Aluminium,ELECTRICAL|ALUMINIUM|4C_X_25_SQ_MM|100_M|IS_2026,DIRECT_ACCEPTED,CAN-012002;CAN-012032;CAN-012063,NMC-REVIEWER-CHIEF,
44eb0fe5-0445-5cb1-bf44-3f4a86d2439f,CMM-ELECTR-48D3C0-001,NTPC-200196,NTPC,SPARE-BOILER FEED PUMP MOTOR Copper Wound 6.6 kV,ELECTRICAL|COPPER_WOUND|66_KV|1000_M|IS_12615,STANDALONE,,,
d4324a82-00e0-5295-b65d-ed6d37d10455,CMM-ELECTR-4AC8DE-001,BHEL-500221,BHEL,SPARE-Turbine Generator Stator Coil Copper 11 kV,ELECTRICAL|COPPER|11_KV|1000_M|IS_12066,STANDALONE,,,
b9a656bf-77fb-50cb-b05f-ee6a547c9b60,CMM-ELECTR-4BEE8D-001,NTPC-200234,NTPC,STORES ITEM BOILER FEED PUMP MOTOR 6.6 kV Copper Wound,ELECTRICAL|COPPER_WOUND|66_KV|100_M|IS_12615,STANDALONE,,,
ae3e29ea-e8a2-5af1-b69e-9fb447ff12dc,CMM-ELECTR-4D158E-001,BHEL-500059,BHEL,STORES ITEM XLPE Cable 415V 100A XLPE Insulated,ELECTRICAL|CABLE|XLPE|XLPE_INSULATED|415V_100A|1000_M|IS_7098,DIRECT_ACCEPTED,CAN-014221;CAN-014222;CAN-014223;CAN-014224;CAN-014225,NMC-REVIEWER-CHIEF,
b844bce1-99c5-5f61-8949-8ae16db6d6e1,CMM-ELECTR-4D158E-001,CIL-400055,Coal India,415V 100A XLPE Cable - XLPE Insulated,ELECTRICAL|CABLE|XLPE|XLPE_INSULATED|415V_100A|1000_M|IS_7098,DIRECT_ACCEPTED,CAN-014222;CAN-014252;CAN-014283;CAN-014284;CAN-014285,NMC-REVIEWER-CHIEF,
84080f03-1232-52a4-afed-61725116be4a,CMM-ELECTR-4D158E-001,NMDC-410062,NMDC,SPARE-415V 100A XLPE CABLE - XLPE Insulated,ELECTRICAL|CABLE|XLPE|XLPE_INSULATED|415V_100A|1000_M|IS_7098,DIRECT_ACCEPTED,CAN-014224;CAN-014254;CAN-014284;CAN-014314;CAN-014345,NMC-REVIEWER-CHIEF,
9127c941-234d-518e-9fae-4b4ba1103dbc,CMM-ELECTR-4D158E-001,NTPC-200056,NTPC,SPARE-XLPE Cable 415V 100A XLPE Insulated,ELECTRICAL|CABLE|XLPE|XLPE_INSULATED|415V_100A|1000_M|IS_7098,DIRECT_ACCEPTED,CAN-014223;CAN-014253;CAN-014283;CAN-014314;CAN-014315,NMC-REVIEWER-CHIEF,
642262f9-f9f9-5c16-aa4d-ae6c221e9408,CMM-ELECTR-4D158E-001,ONGC-100058,ONGC,STORES ITEM XLPE CABLE XLPE Insulated 415V 100A,ELECTRICAL|CABLE|XLPE|XLPE_INSULATED|415V_100A|1000_M|IS_7098,DIRECT_ACCEPTED,CAN-014221;CAN-014252;CAN-014253;CAN-014254;CAN-014255,NMC-REVIEWER-CHIEF,
7b89f3b6-bdb2-5f8e-8735-1e6698931d34,CMM-ELECTR-4D158E-001,SAIL-300068,SAIL,IND.415V 100A XLPE CABLE - XLPE Insulated,ELECTRICAL|CABLE|XLPE|XLPE_INSULATED|415V_100A|1000_M|IS_7098,DIRECT_ACCEPTED,CAN-014225;CAN-014255;CAN-014285;CAN-014315;CAN-014345,NMC-REVIEWER-CHIEF,
68e5a2a0-757a-56bf-9757-5bcc72e76cb2,CMM-ELECTR-4DD7B9-001,NMDC-410133,NMDC,IND.4C x 25 sq mm SWITCHGEAR PANEL - XLPE Insulated 150#,ELECTRICAL|XLPE|XLPE_INSULATED|4C_X_25_SQ_MM|500_M|IS_13947,DIRECT_ACCEPTED,CAN-031501,NMC-REVIEWER-CHIEF,
0e23e38f-cfd7-54b7-accc-229cca6bd7c2,CMM-ELECTR-4DD7B9-001,NTPC-200129,NTPC,SWITCHGEAR PANEL 300# XLPE Insulated 4C x 25 sq mm,ELECTRICAL|XLPE|XLPE_INSULATED|4C_X_25_SQ_MM|500_M|IS_13947,DIRECT_ACCEPTED,CAN-031501,NMC-REVIEWER-CHIEF,
25a8eb32-7afa-5fdd-b3e2-d62e291a28b7,CMM-ELECTR-4E0C90-001,SAIL-300215,SAIL,SPARE-Rolling Mill Drive Motor 11 kV Copper Wound,ELECTRICAL|COPPER_WOUND|11_KV|100_M|IS_12615,STANDALONE,,,
f880591d-7975-53ac-830f-663c7814a7ad,CMM-ELECTR-4F0B42-001,SAIL-300252,SAIL,SPARE-11 kV ROLLING MILL DRIVE MOTOR - Copper Wound,ELECTRICAL|COPPER_WOUND|11_KV|100_M|IS_12615,STANDALONE,,,
d779dbcb-2d19-5a38-afe1-54b3a05138c2,CMM-ELECTR-4F6C14-001,BHEL-500184,BHEL,"STORES ITEM XLPE Cable, Aluminium, SIZE 415V 100A 600#",ELECTRICAL|CABLE|XLPE|ALUMINIUM|415V_100A|500_M|IS_13947,DIRECT_ACCEPTED,CAN-043681,NMC-REVIEWER-CHIEF,
ad5e69ba-7140-554f-9eb6-7850a8d3ceb3,CMM-ELECTR-4F6C14-001,HPCL-120181,HPCL,"SPARE-XLPE Cable, Aluminium, SIZE 415V 100A 300#",ELECTRICAL|CABLE|XLPE|ALUMINIUM|415V_100A|500_M|IS_13947,DIRECT_ACCEPTED,CAN-043681,NMC-REVIEWER-CHIEF,
3c62df65-3b7f-55df-99a7-1baa6ae65979,CMM-ELECTR-5540AC-001,BHEL-500169,BHEL,Induction Motor 300# Copper 3C x 95 sq mm,ELECTRICAL|COPPER|3C_X_95_SQ_MM|IS_13947,DIRECT_ACCEPTED,CAN-039721,NMC-REVIEWER-CHIEF,
aa4c4015-dba0-55d5-9348-45d976288ad9,CMM-ELECTR-5540AC-001,SAIL-300173,SAIL,INDUCTION MOTOR 150# Copper 3C x 95 sq mm,ELECTRICAL|COPPER|3C_X_95_SQ_MM|IS_13947,DIRECT_ACCEPTED,CAN-039721,NMC-REVIEWER-CHIEF,
7c9d817c-47db-524c-a96a-4b630e6f9594,CMM-ELECTR-56D0D9-001,SAIL-300255,SAIL,STORES ITEM 11 kV Rolling Mill Drive Motor - Copper Wound,ELECTRICAL|COPPER_WOUND|11_KV|IS_12615,STANDALONE,,,
d6d60cbd-0fa8-548d-bd57-dc4515c9e2dd,CMM-ELECTR-577BA8-001,SAIL-300263,SAIL,"Rolling Mill Drive Motor, Copper Wound, SIZE 11 kV",ELECTRICAL|COPPER_WOUND|11_KV|1000_M|IS_12615,STANDALONE,,,
1ad6dcae-426e-5bbc-ab63-228880795d4f,CMM-ELECTR-57B37B-001,SAIL-300238,SAIL,IND.ROLLING MILL DRIVE MOTOR 11 kV Copper Wound,ELECTRICAL|COPPER_WOUND|11_KV|1000_M|IS_12615,STANDALONE,,,
932a124e-1212-52c1-ae9a-c76e5f0e5b3f,CMM-ELECTR-57C166-001,BHEL-500119,BHEL,Distribution Transformer 3C x 95 sq mm XLPE Insulated 600#,ELECTRICAL|XLPE|XLPE_INSULATED|3C_X_95_SQ_MM|1000_M|IS_2026,DIRECT_ACCEPTED,CAN-028201,NMC-REVIEWER-CHIEF,
65192fa7-6c94-564c-82c2-70f98c73d982,CMM-ELECTR-57C166-001,CIL-400113,Coal India,STORES ITEM Distribution Transformer 150# XLPE Insulated 3C x 95 sq mm,ELECTRICAL|XLPE|XLPE_INSULATED|3C_X_95_SQ_MM|1000_M|IS_2026,DIRECT_ACCEPTED,CAN-028201,NMC-REVIEWER-CHIEF,
fde1d4c0-74e5-5681-ab6f-f213a5bcfb64,CMM-ELECTR-5803F6-001,NTPC-200194,NTPC,IND.6.6 kV Boiler Feed Pump Motor - Copper Wound,ELECTRICAL|COPPER_WOUND|66_KV|100_M|IS_12615,STANDALONE,,,
8821373f-fb2e-5b31-98a2-6fb8fa041ce8,CMM-ELECTR-5BFEDC-001,BHEL-500265,BHEL,SPARE-11 kV Turbine Generator Stator Coil - Copper,ELECTRICAL|COPPER|11_KV|100_M|IS_12066,STANDALONE,,,
b91c1b94-5932-5f31-97dc-441732a62a68,CMM-ELECTR-5D0DEF-001,NTPC-200265,NTPC,SPARE-6.6 kV Boiler Feed Pump Motor - Copper Wound,ELECTRICAL|COPPER_WOUND|66_KV|1000_M|IS_12615,STANDALONE,,,
2bcedd63-0da5-5050-ba9f-826c3c1ab29a,CMM-ELECTR-5DBC7A-001,SAIL-300248,SAIL,STORES ITEM ROLLING MILL DRIVE MOTOR Copper Wound 11 kV,ELECTRICAL|COPPER_WOUND|11_KV|1000_M|IS_12615,STANDALONE,,,
7193e1fe-fc40-54af-a7ec-4f635fadb061,CMM-ELECTR-5E70EC-001,NTPC-200274,NTPC,STORES ITEM 6.6 kV Boiler Feed Pump Motor - Copper Wound,ELECTRICAL|COPPER_WOUND|66_KV|100_M|IS_12615,STANDALONE,,,
3d5d2f9d-77a3-5b0e-9b4b-49c73e35b6f2,CMM-ELECTR-5E9127-001,CIL-400125,Coal India,IND.3C x 95 sq mm DISTRIBUTION TRANSFORMER - XLPE Insulated 600#,ELECTRICAL|XLPE|XLPE_INSULATED|3C_X_95_SQ_MM|IS_7098,DIRECT_ACCEPTED,CAN-030121,NMC-REVIEWER-CHIEF,
6f07cb7d-b022-5000-bc21-e6b2a9e09808,CMM-ELECTR-5E9127-001,SAIL-300135,SAIL,3C x 95 sq mm Distribution Transformer - XLPE Insulated 300#,ELECTRICAL|XLPE|XLPE_INSULATED|3C_X_95_SQ_MM|IS_7098,DIRECT_ACCEPTED,CAN-030121,NMC-REVIEWER-CHIEF,
da85f7f3-139f-5194-8f9d-85ba17f3421b,CMM-ELECTR-5F5D06-001,NTPC-200230,NTPC,IND.6.6 kV Boiler Feed Pump Motor - Copper Wound,ELECTRICAL|COPPER_WOUND|66_KV|1000_M|IS_12615,STANDALONE,,,
8d62f57e-0767-5a9f-a752-0fb96225a84d,CMM-ELECTR-609134-001,HPCL-120087,HPCL,SPARE-CIRCUIT BREAKER XLPE Insulated 3C x 95 sq mm,ELECTRICAL|XLPE|XLPE_INSULATED|3C_X_95_SQ_MM|100_M|IS_2026,DIRECT_ACCEPTED,CAN-019893;CAN-019923;CAN-019953;CAN-019984;CAN-019985,NMC-REVIEWER-CHIEF,
cc86658d-cfb6-564e-add1-ca87261cc1dc,CMM-ELECTR-609134-001,IOCL-110081,IOCL,Circuit Breaker XLPE Insulated 3C x 95 sq mm,ELECTRICAL|XLPE|XLPE_INSULATED|3C_X_95_SQ_MM|100_M|IS_2026,DIRECT_ACCEPTED,CAN-019891;CAN-019922;CAN-019923;CAN-019924;CAN-019925,NMC-REVIEWER-CHIEF,
f15f725c-2072-5a20-82f1-4c174199c0fc,CMM-ELECTR-609134-001,NMDC-410089,NMDC,3C x 95 sq mm Circuit Breaker - XLPE Insulated,ELECTRICAL|XLPE|XLPE_INSULATED|3C_X_95_SQ_MM|100_M|IS_2026,DIRECT_ACCEPTED,CAN-019891;CAN-019892;CAN-019893;CAN-019894;CAN-019895,NMC-REVIEWER-CHIEF,
6882711e-e7ae-5d3b-aa35-f56d885dd6d0,CMM-ELECTR-609134-001,NTPC-200082,NTPC,CIRCUIT BREAKER XLPE Insulated 3C x 95 sq mm,ELECTRICAL|XLPE|XLPE_INSULATED|3C_X_95_SQ_MM|100_M|IS_2026,DIRECT_ACCEPTED,CAN-019892;CAN-019922;CAN-019953;CAN-019954;CAN-019955,NMC-REVIEWER-CHIEF,
4e075a5b-ffa2-579f-a236-e7e2f91975e5,CMM-ELECTR-609134-001,ONGC-100184,ONGC,Circuit Breaker 3C x 95 sq mm XLPE Insulated 600#,ELECTRICAL|XLPE|XLPE_INSULATED|3C_X_95_SQ_MM|100_M|IS_2026,DIRECT_ACCEPTED,CAN-019895;CAN-019925;CAN-019955;CAN-019985;CAN-041585,NMC-REVIEWER-CHIEF,
385838a4-63c7-58cc-8b10-11a1da619eda,CMM-ELECTR-609134-001,SAIL-300182,SAIL,CIRCUIT BREAKER 3C x 95 sq mm XLPE Insulated 300#,ELECTRICAL|XLPE|XLPE_INSULATED|3C_X_95_SQ_MM|100_M|IS_2026,DIRECT_ACCEPTED,CAN-019894;CAN-019924;CAN-019954;CAN-019984;CAN-041585,NMC-REVIEWER-CHIEF,
010fadd8-cf11-5417-8514-a359fe81a7b9,CMM-ELECTR-62038E-001,BHEL-500111,BHEL,INDUCTION MOTOR 415V 100A Aluminium,ELECTRICAL|ALUMINIUM|415V_100A|IS_13947,DIRECT_ACCEPTED,CAN-026102;CAN-026132;CAN-026163;CAN-026164;CAN-026165;CAN-026166;CAN-026167,NMC-REVIEWER-CHIEF,
30047606-a83f-51d3-86ef-709622322dfa,CMM-ELECTR-62038E-001,CIL-400116,Coal India,SPARE-415V 100A DISTRIBUTION TRANSFORMER - Aluminium 150#,ELECTRICAL|ALUMINIUM|415V_100A|IS_13947,DIRECT_ACCEPTED,CAN-026107;CAN-026137;CAN-026167;CAN-026197;CAN-026227;CAN-026257;CAN-028687,NMC-REVIEWER-CHIEF,
f34fa399-6a26-57eb-8513-72a664c16e3a,CMM-ELECTR-62038E-001,HPCL-120116,HPCL,IND.Induction Motor 415V 100A Aluminium,ELECTRICAL|ALUMINIUM|415V_100A|IS_13947,DIRECT_ACCEPTED,CAN-026105;CAN-026135;CAN-026165;CAN-026195;CAN-026225;CAN-026256;CAN-026257,NMC-REVIEWER-CHIEF,
87c3bbb2-432d-5a9d-bc8f-a77e32326314,CMM-ELECTR-62038E-001,IOCL-110109,IOCL,DISTRIBUTION TRANSFORMER 415V 100A Aluminium 600#,ELECTRICAL|ALUMINIUM|415V_100A|IS_13947,DIRECT_ACCEPTED,CAN-026106;CAN-026136;CAN-026166;CAN-026196;CAN-026226;CAN-026256;CAN-028687,NMC-REVIEWER-CHIEF,
72b37bfc-c128-5847-a47b-040452bfdcdc,CMM-ELECTR-62038E-001,NMDC-410108,NMDC,"STORES ITEM Induction Motor, Aluminium, SIZE 415V 100A",ELECTRICAL|ALUMINIUM|415V_100A|IS_13947,DIRECT_ACCEPTED,CAN-026104;CAN-026134;CAN-026164;CAN-026194;CAN-026225;CAN-026226;CAN-026227,NMC-REVIEWER-CHIEF,
fa194f16-f07a-5fe0-854d-6fd694f6f693,CMM-ELECTR-62038E-001,NTPC-200103,NTPC,Induction Motor Aluminium 415V 100A,ELECTRICAL|ALUMINIUM|415V_100A|IS_13947,DIRECT_ACCEPTED,CAN-026103;CAN-026133;CAN-026163;CAN-026194;CAN-026195;CAN-026196;CAN-026197,NMC-REVIEWER-CHIEF,
d7804612-01a3-5d3c-96c9-2cc40c21db07,CMM-ELECTR-62038E-001,ONGC-100113,ONGC,415V 100A Induction Motor - Aluminium,ELECTRICAL|ALUMINIUM|415V_100A|IS_13947,DIRECT_ACCEPTED,CAN-026101;CAN-026102;CAN-026103;CAN-026104;CAN-026105;CAN-026106;CAN-026107,NMC-REVIEWER-CHIEF,
5e12a570-3557-574b-9287-7ea3b6a7503e,CMM-ELECTR-62038E-001,SAIL-300118,SAIL,Induction Motor 415V 100A Aluminium,ELECTRICAL|ALUMINIUM|415V_100A|IS_13947,DIRECT_ACCEPTED,CAN-026101;CAN-026132;CAN-026133;CAN-026134;CAN-026135;CAN-026136;CAN-026137,NMC-REVIEWER-CHIEF,
9338e209-f740-55ec-a008-95edceb8ea0c,CMM-ELECTR-6358A6-001,SAIL-300258,SAIL,IND.Rolling Mill Drive Motor Copper Wound 11 kV,ELECTRICAL|COPPER_WOUND|11_KV|500_M|IS_12615,STANDALONE,,,
71df1cea-de59-56f4-a989-707a7e94dcd4,CMM-ELECTR-65A8AE-001,BHEL-500076,BHEL,"SPARE-Switchgear Panel, Copper, SIZE 3C x 95 sq mm",ELECTRICAL|COPPER|3C_X_95_SQ_MM|IS_2026,DIRECT_ACCEPTED,CAN-017431;CAN-017432;CAN-017433;CAN-017434,NMC-REVIEWER-CHIEF,
349f01f2-6ed4-58c5-9f45-75e3c91e4f03,CMM-ELECTR-65A8AE-001,HPCL-120077,HPCL,SPARE-Switchgear Panel Copper 3C x 95 sq mm,ELECTRICAL|COPPER|3C_X_95_SQ_MM|IS_2026,DIRECT_ACCEPTED,CAN-017431;CAN-017462;CAN-017463;CAN-017464,NMC-REVIEWER-CHIEF,
9ec3e0f8-606d-5164-865f-a6aaa0798276,CMM-ELECTR-65A8AE-001,IOCL-110070,IOCL,IND.SWITCHGEAR PANEL Copper 3C x 95 sq mm,ELECTRICAL|COPPER|3C_X_95_SQ_MM|IS_2026,DIRECT_ACCEPTED,CAN-017432;CAN-017462;CAN-017493;CAN-017494,NMC-REVIEWER-CHIEF,
845c5b19-2610-5d1f-920c-416003b1c58b,CMM-ELECTR-65A8AE-001,NTPC-200069,NTPC,SPARE-Switchgear Panel 3C x 95 sq mm Copper,ELECTRICAL|COPPER|3C_X_95_SQ_MM|IS_2026,DIRECT_ACCEPTED,CAN-017433;CAN-017463;CAN-017493;CAN-017524,NMC-REVIEWER-CHIEF,
dff9c06a-e319-5a6a-9a32-af73b71b9274,CMM-ELECTR-65A8AE-001,SAIL-300081,SAIL,SPARE-3C x 95 sq mm SWITCHGEAR PANEL - Copper,ELECTRICAL|COPPER|3C_X_95_SQ_MM|IS_2026,DIRECT_ACCEPTED,CAN-017434;CAN-017464;CAN-017494;CAN-017524,NMC-REVIEWER-CHIEF,
5e2865e1-8056-5e8f-ac57-e63a877f366a,CMM-ELECTR-6828F9-001,NTPC-200189,NTPC,"IND.Boiler Feed Pump Motor, Copper Wound, SIZE 6.6 kV",ELECTRICAL|COPPER_WOUND|66_KV|100_M|IS_12615,STANDALONE,,,
9c1f6f0e-59cb-5e13-9775-7c3f977664eb,CMM-ELECTR-699EDB-001,BHEL-500200,BHEL,STORES ITEM TURBINE GENERATOR STATOR COIL Copper 11 kV,ELECTRICAL|COPPER|11_KV|1000_M|IS_12066,STANDALONE,,,
284f603d-f0cb-507c-a111-f9f882fe1d5d,CMM-ELECTR-69B125-001,NTPC-200233,NTPC,BOILER FEED PUMP MOTOR 6.6 kV Copper Wound,ELECTRICAL|COPPER_WOUND|66_KV|IS_12615,STANDALONE,,,
afc0bf92-1691-5b7f-995c-84e933ee9301,CMM-ELECTR-69D882-001,BHEL-500257,BHEL,"STORES ITEM Turbine Generator Stator Coil, Copper, SIZE 11 kV",ELECTRICAL|COPPER|11_KV|IS_12066,STANDALONE,,,
4da85ed3-eb5b-5881-b37e-f02183d5e487,CMM-ELECTR-6BCE45-001,BHEL-500093,BHEL,"Switchgear Panel, XLPE Insulated, SIZE 3C x 95 sq mm",ELECTRICAL|XLPE|XLPE_INSULATED|3C_X_95_SQ_MM|1000_M|IEC_60502,DIRECT_ACCEPTED,CAN-021691;CAN-021692;CAN-021693;CAN-021694,NMC-REVIEWER-CHIEF,
c3d32f1c-cb02-5aaf-81ed-f6bf4190232f,CMM-ELECTR-6BCE45-001,CIL-400083,Coal India,STORES ITEM Switchgear Panel XLPE Insulated 3C x 95 sq mm,ELECTRICAL|XLPE|XLPE_INSULATED|3C_X_95_SQ_MM|1000_M|IEC_60502,DIRECT_ACCEPTED,CAN-021694;CAN-021724;CAN-021754;CAN-021784,NMC-REVIEWER-CHIEF,
98e11037-ee03-5abc-8eb3-613b76b7af8e,CMM-ELECTR-6BCE45-001,IOCL-110090,IOCL,3C x 95 sq mm SWITCHGEAR PANEL - XLPE Insulated,ELECTRICAL|XLPE|XLPE_INSULATED|3C_X_95_SQ_MM|1000_M|IEC_60502,DIRECT_ACCEPTED,CAN-021693;CAN-021723;CAN-021753;CAN-021784,NMC-REVIEWER-CHIEF,
d2f9a0b5-cdcb-5e88-a948-ba0c04c97b0b,CMM-ELECTR-6BCE45-001,ONGC-100091,ONGC,SWITCHGEAR PANEL 3C x 95 sq mm XLPE Insulated,ELECTRICAL|XLPE|XLPE_INSULATED|3C_X_95_SQ_MM|1000_M|IEC_60502,DIRECT_ACCEPTED,CAN-021692;CAN-021722;CAN-021753;CAN-021754,NMC-REVIEWER-CHIEF,
ee042b4b-2b85-53fa-bd8b-5ac3bfe31fe4,CMM-ELECTR-6BCE45-001,SAIL-300097,SAIL,STORES ITEM Switchgear Panel XLPE Insulated 3C x 95 sq mm,ELECTRICAL|XLPE|XLPE_INSULATED|3C_X_95_SQ_MM|1000_M|IEC_60502,DIRECT_ACCEPTED,CAN-021691;CAN-021722;CAN-021723;CAN-021724,NMC-REVIEWER-CHIEF,
bfaffe62-9b06-5b25-82e5-340874dbc8f6,CMM-ELECTR-6CF258-001,NTPC-200245,NTPC,6.6 kV Boiler Feed Pump Motor - Copper Wound,ELECTRICAL|COPPER_WOUND|66_KV|1000_M|IS_12615,STANDALONE,,,
0ee8f483-3f7c-5493-b6a1-5b16e29e0308,CMM-ELECTR-707C05-001,ONGC-100130,ONGC,SPARE-3C x 95 sq mm INDUCTION MOTOR - Aluminium 300#,ELECTRICAL|ALUMINIUM|3C_X_95_SQ_MM|1000_M|IEC_60502,DIRECT_ACCEPTED,CAN-030181,NMC-REVIEWER-CHIEF,
d16741b1-16bb-5fdd-b387-156cd2ac1e84,CMM-ELECTR-707C05-001,SAIL-300136,SAIL,"STORES ITEM Induction Motor, Aluminium, SIZE 3C x 95 sq mm 150#",ELECTRICAL|ALUMINIUM|3C_X_95_SQ_MM|1000_M|IEC_60502,DIRECT_ACCEPTED,CAN-030181,NMC-REVIEWER-CHIEF,
aafca3d3-057e-524f-ab2e-b65c6e44aa80,CMM-ELECTR-72A3B6-001,BHEL-500235,BHEL,11 kV TURBINE GENERATOR STATOR COIL - Copper,ELECTRICAL|COPPER|11_KV|100_M|IS_12066,STANDALONE,,,
4ca86903-1364-5343-b78e-e6d01b59740e,CMM-ELECTR-76536F-001,NTPC-200124,NTPC,Induction Motor 300# Aluminium 3C x 95 sq mm,ELECTRICAL|ALUMINIUM|3C_X_95_SQ_MM|500_M|IS_7098,DIRECT_ACCEPTED,CAN-030781,NMC-REVIEWER-CHIEF,
3ca8da70-6926-5f00-a2ca-f6aecbe1f20f,CMM-ELECTR-76536F-001,SAIL-300137,SAIL,IND.Induction Motor 3C x 95 sq mm Aluminium 150#,ELECTRICAL|ALUMINIUM|3C_X_95_SQ_MM|500_M|IS_7098,DIRECT_ACCEPTED,CAN-030781,NMC-REVIEWER-CHIEF,
abd64171-c1a1-53e4-b83c-b0631971636a,CMM-ELECTR-76A8C2-001,SAIL-300204,SAIL,SPARE-Rolling Mill Drive Motor 11 kV Copper Wound,ELECTRICAL|COPPER_WOUND|11_KV|500_M|IS_12615,STANDALONE,,,
84a66312-8310-5e97-9594-f7640d7d4731,CMM-ELECTR-79689B-001,BHEL-500223,BHEL,11 kV TURBINE GENERATOR STATOR COIL - Copper,ELECTRICAL|COPPER|11_KV|1000_M|IS_12066,STANDALONE,,,
5aff0f79-3017-58a6-80a5-390513b29b72,CMM-ELECTR-79A6DD-001,BHEL-500007,BHEL,STORES ITEM XLPE CABLE Aluminium 3C x 95 sq mm,ELECTRICAL|CABLE|XLPE|ALUMINIUM|3C_X_95_SQ_MM|IS_2026,DIRECT_ACCEPTED,CAN-001503;CAN-001533;CAN-001563;CAN-001594;CAN-001595,NMC-REVIEWER-CHIEF,
07d8480c-8c88-5f06-964b-997ccf7bfd61,CMM-ELECTR-79A6DD-001,CIL-400007,Coal India,"SPARE-XLPE CABLE, Aluminium, SIZE 3C x 95 sq mm",ELECTRICAL|CABLE|XLPE|ALUMINIUM|3C_X_95_SQ_MM|IS_2026,DIRECT_ACCEPTED,CAN-001501;CAN-001502;CAN-001503;CAN-001504;CAN-001505,NMC-REVIEWER-CHIEF,
359e8a2a-3804-5819-8c56-9ee429fa454c,CMM-ELECTR-79A6DD-001,IOCL-110007,IOCL,3C x 95 sq mm XLPE CABLE - Aluminium,ELECTRICAL|CABLE|XLPE|ALUMINIUM|3C_X_95_SQ_MM|IS_2026,DIRECT_ACCEPTED,CAN-001504;CAN-001534;CAN-001564;CAN-001594;CAN-001625,NMC-REVIEWER-CHIEF,
7da34dd3-ae09-55cb-8867-74caf39e8a5b,CMM-ELECTR-79A6DD-001,NMDC-410006,NMDC,3C x 95 sq mm XLPE CABLE - Aluminium,ELECTRICAL|CABLE|XLPE|ALUMINIUM|3C_X_95_SQ_MM|IS_2026,DIRECT_ACCEPTED,CAN-001502;CAN-001532;CAN-001563;CAN-001564;CAN-001565,NMC-REVIEWER-CHIEF,
9e2e9fa8-90b2-51d9-9b15-63a2116f0b55,CMM-ELECTR-79A6DD-001,NTPC-200007,NTPC,SPARE-XLPE CABLE 3C x 95 sq mm Aluminium,ELECTRICAL|CABLE|XLPE|ALUMINIUM|3C_X_95_SQ_MM|IS_2026,DIRECT_ACCEPTED,CAN-001501;CAN-001532;CAN-001533;CAN-001534;CAN-001535,NMC-REVIEWER-CHIEF,
ff16cf20-f03f-5033-ae53-ec641ed1922a,CMM-ELECTR-79A6DD-001,SAIL-300009,SAIL,IND.XLPE CABLE 3C x 95 sq mm Aluminium,ELECTRICAL|CABLE|XLPE|ALUMINIUM|3C_X_95_SQ_MM|IS_2026,DIRECT_ACCEPTED,CAN-001505;CAN-001535;CAN-001565;CAN-001595;CAN-001625,NMC-REVIEWER-CHIEF,
99ae8ea8-4757-5b8d-a046-cee8699645a5,CMM-ELECTR-7A69F2-001,BHEL-500228,BHEL,11 kV Turbine Generator Stator Coil - Copper,ELECTRICAL|COPPER|11_KV|IS_12066,STANDALONE,,,
93863fba-b854-5eca-a57f-46080ae331f0,CMM-ELECTR-7A8291-001,BHEL-500229,BHEL,"IND.Turbine Generator Stator Coil, Copper, SIZE 11 kV",ELECTRICAL|COPPER|11_KV|IS_12066,STANDALONE,,,
01a8a3d5-aa20-5f6d-a22f-d1a012d96459,CMM-ELECTR-7CE3FC-001,SAIL-300209,SAIL,"SPARE-Rolling Mill Drive Motor, Copper Wound, SIZE 11 kV",ELECTRICAL|COPPER_WOUND|11_KV|500_M|IS_12615,STANDALONE,,,
dec87b66-682a-5de3-a6fc-3392d58a8991,CMM-ELECTR-808622-001,SAIL-300259,SAIL,ROLLING MILL DRIVE MOTOR 11 kV Copper Wound,ELECTRICAL|COPPER_WOUND|11_KV|100_M|IS_12615,STANDALONE,,,
bbf85038-1efe-5d8d-b08d-b7f43b657115,CMM-ELECTR-81F171-001,BHEL-500205,BHEL,"STORES ITEM Turbine Generator Stator Coil, Copper, SIZE 11 kV",ELECTRICAL|COPPER|11_KV|100_M|IS_12066,STANDALONE,,,
908abdb1-b0dd-5222-941c-3ac5a34ebce7,CMM-ELECTR-83697B-001,NTPC-200263,NTPC,"STORES ITEM BOILER FEED PUMP MOTOR, Copper Wound, SIZE 6.6 kV",ELECTRICAL|COPPER_WOUND|66_KV|100_M|IS_12615,STANDALONE,,,
dd088e51-0d1a-52c8-bde8-9188bc64f4ae,CMM-ELECTR-8381A7-001,NTPC-200218,NTPC,IND.6.6 kV BOILER FEED PUMP MOTOR - Copper Wound,ELECTRICAL|COPPER_WOUND|66_KV|100_M|IS_12615,STANDALONE,,,
a569860c-a9de-51d7-bf58-2b7d6e877c6b,CMM-ELECTR-8C5683-001,BHEL-500121,BHEL,CIRCUIT BREAKER 1C x 300 sq mm XLPE Insulated 600#,ELECTRICAL|XLPE|XLPE_INSULATED|1C_X_300_SQ_MM|IS_13947,DIRECT_ACCEPTED,CAN-008827;CAN-008856;CAN-008887;CAN-008917;CAN-008947;CAN-008977;CAN-028986,NMC-REVIEWER-CHIEF,
0e03d26f-5554-5c61-9968-cd336dd75a25,CMM-ELECTR-8C5683-001,CIL-400031,Coal India,Distribution Transformer XLPE Insulated 1C x 300 sq mm,ELECTRICAL|XLPE|XLPE_INSULATED|1C_X_300_SQ_MM|IS_13947,DIRECT_ACCEPTED,CAN-008821;CAN-008852;CAN-008853;CAN-008854;CAN-008855;CAN-008856,NMC-REVIEWER-CHIEF,
c5679fe1-91d0-5508-b474-68ac215638a8,CMM-ELECTR-8C5683-001,CIL-400117,Coal India,SPARE-Circuit Breaker 300# XLPE Insulated 1C x 300 sq mm,ELECTRICAL|XLPE|XLPE_INSULATED|1C_X_300_SQ_MM|IS_13947,DIRECT_ACCEPTED,CAN-008826;CAN-008886;CAN-008916;CAN-008946;CAN-008976;CAN-028986,NMC-REVIEWER-CHIEF,
89fbf614-0a17-5721-a40a-8daa69f492a0,CMM-ELECTR-8C5683-001,HPCL-120041,HPCL,Distribution Transformer 1C x 300 sq mm XLPE Insulated,ELECTRICAL|XLPE|XLPE_INSULATED|1C_X_300_SQ_MM|IS_13947,DIRECT_ACCEPTED,CAN-008824;CAN-008854;CAN-008884;CAN-008914;CAN-008945;CAN-008946;CAN-008947,NMC-REVIEWER-CHIEF,
3565ecb6-280e-5183-ad7f-372334168575,CMM-ELECTR-8C5683-001,IOCL-110042,IOCL,STORES ITEM 1C x 300 sq mm Distribution Transformer - XLPE Insulated,ELECTRICAL|XLPE|XLPE_INSULATED|1C_X_300_SQ_MM|IS_13947,DIRECT_ACCEPTED,CAN-008825;CAN-008855;CAN-008885;CAN-008915;CAN-008945;CAN-008976;CAN-008977,NMC-REVIEWER-CHIEF,
09853d83-84ba-56a3-b6a6-368c74e95b79,CMM-ELECTR-8C5683-001,NMDC-410037,NMDC,STORES ITEM DISTRIBUTION TRANSFORMER XLPE Insulated 1C x 300 sq mm,ELECTRICAL|XLPE|XLPE_INSULATED|1C_X_300_SQ_MM|IS_13947,DIRECT_ACCEPTED,CAN-008823;CAN-008853;CAN-008883;CAN-008914;CAN-008915;CAN-008916;CAN-008917,NMC-REVIEWER-CHIEF,
f8fa24cf-4a47-5833-a5ad-eca43ddafd3b,CMM-ELECTR-8C5683-001,ONGC-100035,ONGC,"DISTRIBUTION TRANSFORMER, XLPE Insulated, SIZE 1C x 300 sq mm",ELECTRICAL|XLPE|XLPE_INSULATED|1C_X_300_SQ_MM|IS_13947,DIRECT_ACCEPTED,CAN-008821;CAN-008822;CAN-008823;CAN-008824;CAN-008825;CAN-008826;CAN-008827,NMC-REVIEWER-CHIEF,
d637c49a-960a-505a-b5ba-706f44bac4c6,CMM-ELECTR-8C5683-001,SAIL-300042,SAIL,"IND.Distribution Transformer, XLPE Insulated, SIZE 1C x 300 sq mm",ELECTRICAL|XLPE|XLPE_INSULATED|1C_X_300_SQ_MM|IS_13947,DIRECT_ACCEPTED,CAN-008822;CAN-008852;CAN-008883;CAN-008884;CAN-008885;CAN-008886;CAN-008887,NMC-REVIEWER-CHIEF,
d8ca297a-a876-5e6d-918b-6c6bdc0ca6d8,CMM-ELECTR-8EAEA9-001,CIL-400086,Coal India,XLPE CABLE Aluminium 415V 100A,ELECTRICAL|CABLE|XLPE|ALUMINIUM|415V_100A|500_M|IS_2026,DIRECT_ACCEPTED,CAN-022531;CAN-022562,NMC-REVIEWER-CHIEF,
9cd69392-a72e-5d26-a539-886e10fb09f9,CMM-ELECTR-8EAEA9-001,HPCL-120098,HPCL,SPARE-415V 100A XLPE CABLE - Aluminium,ELECTRICAL|CABLE|XLPE|ALUMINIUM|415V_100A|500_M|IS_2026,DIRECT_ACCEPTED,CAN-022531;CAN-022532,NMC-REVIEWER-CHIEF,
8161ab14-14fa-52f9-a1f1-ab25eed7c1dd,CMM-ELECTR-8EAEA9-001,NMDC-410097,NMDC,"SPARE-XLPE Cable, Aluminium, SIZE 415V 100A",ELECTRICAL|CABLE|XLPE|ALUMINIUM|415V_100A|500_M|IS_2026,DIRECT_ACCEPTED,CAN-022532;CAN-022562,NMC-REVIEWER-CHIEF,
1adc2399-fe28-52d3-b7dd-5e4d7921fd60,CMM-ELECTR-8FE460-001,BHEL-500206,BHEL,SPARE-Turbine Generator Stator Coil Copper 11 kV,ELECTRICAL|COPPER|11_KV|500_M|IS_12066,STANDALONE,,,
b23a1609-9d8e-5175-8a1e-123297414f4a,CMM-ELECTR-8FF92B-001,NTPC-200231,NTPC,STORES ITEM Boiler Feed Pump Motor Copper Wound 6.6 kV,ELECTRICAL|COPPER_WOUND|66_KV|1000_M|IS_12615,STANDALONE,,,
5ddd4309-f0c3-59da-93fe-4bd55ec0ad22,CMM-ELECTR-916CED-001,BHEL-500231,BHEL,11 kV TURBINE GENERATOR STATOR COIL - Copper,ELECTRICAL|COPPER|11_KV|100_M|IS_12066,STANDALONE,,,
b71bdde0-bada-5b5a-ab19-ec1b124f7e7d,CMM-ELECTR-91BE73-001,BHEL-500240,BHEL,SPARE-11 kV TURBINE GENERATOR STATOR COIL - Copper,ELECTRICAL|COPPER|11_KV|1000_M|IS_12066,STANDALONE,,,
c799f6a0-0e54-5532-a2f8-f92ec7db9967,CMM-ELECTR-91F95B-001,SAIL-300260,SAIL,"STORES ITEM Rolling Mill Drive Motor, Copper Wound, SIZE 11 kV",ELECTRICAL|COPPER_WOUND|11_KV|1000_M|IS_12615,STANDALONE,,,
8214a439-40e3-55d4-baf1-c8677ba7ad8a,CMM-ELECTR-925F26-001,HPCL-120125,HPCL,XLPE Cable 300# Copper 1C x 300 sq mm,ELECTRICAL|CABLE|XLPE|COPPER|1C_X_300_SQ_MM|100_M|IS_2026,DIRECT_ACCEPTED,CAN-028321,NMC-REVIEWER-CHIEF,
30e05d23-ca6f-57ef-b154-2ec9fa5478eb,CMM-ELECTR-925F26-001,SAIL-300127,SAIL,STORES ITEM XLPE CABLE 150# Copper 1C x 300 sq mm,ELECTRICAL|CABLE|XLPE|COPPER|1C_X_300_SQ_MM|100_M|IS_2026,DIRECT_ACCEPTED,CAN-028321,NMC-REVIEWER-CHIEF,
b793a144-bef1-58b7-85af-3104575bb8eb,CMM-ELECTR-92CF3A-001,NTPC-200259,NTPC,IND.BOILER FEED PUMP MOTOR Copper Wound 6.6 kV,ELECTRICAL|COPPER_WOUND|66_KV|1000_M|IS_12615,STANDALONE,,,
de0571d4-8496-5f1b-acdb-97f5512875a6,CMM-ELECTR-941023-001,BHEL-500023,BHEL,Distribution Transformer 1C x 300 sq mm Aluminium,ELECTRICAL|ALUMINIUM|1C_X_300_SQ_MM|1000_M|IS_2026,DIRECT_ACCEPTED,CAN-005523;CAN-005553;CAN-005583;CAN-005614;CAN-005615;CAN-005616,NMC-REVIEWER-CHIEF,
a52df1f8-9ae6-5e23-b1b2-a8a5af665622,CMM-ELECTR-941023-001,CIL-400145,Coal India,STORES ITEM Induction Motor 1C x 300 sq mm Aluminium 300#,ELECTRICAL|ALUMINIUM|1C_X_300_SQ_MM|1000_M|IS_2026,DIRECT_ACCEPTED,CAN-005525;CAN-005555;CAN-005585;CAN-005615;CAN-005645;CAN-036126,NMC-REVIEWER-CHIEF,
a2d99e57-1237-5f38-bfdd-620d8743c50e,CMM-ELECTR-941023-001,HPCL-120026,HPCL,IND.Distribution Transformer Aluminium 1C x 300 sq mm,ELECTRICAL|ALUMINIUM|1C_X_300_SQ_MM|1000_M|IS_2026,DIRECT_ACCEPTED,CAN-005524;CAN-005554;CAN-005584;CAN-005614;CAN-005645;CAN-005646,NMC-REVIEWER-CHIEF,
6031d690-a399-50fe-a605-2246d6cbf8de,CMM-ELECTR-941023-001,NTPC-200023,NTPC,"IND.DISTRIBUTION TRANSFORMER, Aluminium, SIZE 1C x 300 sq mm",ELECTRICAL|ALUMINIUM|1C_X_300_SQ_MM|1000_M|IS_2026,DIRECT_ACCEPTED,CAN-005521;CAN-005552;CAN-005553;CAN-005554;CAN-005555,NMC-REVIEWER-CHIEF,
dd751172-88ac-5234-a6cb-d3f712f3d199,CMM-ELECTR-941023-001,NTPC-200147,NTPC,1C x 300 sq mm Induction Motor - Aluminium 150#,ELECTRICAL|ALUMINIUM|1C_X_300_SQ_MM|1000_M|IS_2026,DIRECT_ACCEPTED,CAN-005526;CAN-005586;CAN-005616;CAN-005646;CAN-036126,NMC-REVIEWER-CHIEF,
1afdd536-2096-5148-b728-35493925c728,CMM-ELECTR-941023-001,ONGC-100023,ONGC,STORES ITEM DISTRIBUTION TRANSFORMER Aluminium 1C x 300 sq mm,ELECTRICAL|ALUMINIUM|1C_X_300_SQ_MM|1000_M|IS_2026,DIRECT_ACCEPTED,CAN-005522;CAN-005552;CAN-005583;CAN-005584;CAN-005585;CAN-005586,NMC-REVIEWER-CHIEF,
16ffc6d8-fa31-5a40-973d-53940214cba1,CMM-ELECTR-941023-001,SAIL-300026,SAIL,"DISTRIBUTION TRANSFORMER, Aluminium, SIZE 1C x 300 sq mm",ELECTRICAL|ALUMINIUM|1C_X_300_SQ_MM|1000_M|IS_2026,DIRECT_ACCEPTED,CAN-005521;CAN-005522;CAN-005523;CAN-005524;CAN-005525;CAN-005526,NMC-REVIEWER-CHIEF,
5e761cdf-8b8e-5106-bb14-d4e1e03de8fc,CMM-ELECTR-949379-001,BHEL-500266,BHEL,Turbine Generator Stator Coil 11 kV Copper,ELECTRICAL|COPPER|11_KV|IS_12066,STANDALONE,,,
a6861f64-0a24-58b0-9290-a2a4ad08c02d,CMM-ELECTR-94DDC0-001,CIL-400138,Coal India,IND.Circuit Breaker 1C x 300 sq mm Aluminium 150#,ELECTRICAL|ALUMINIUM|1C_X_300_SQ_MM|500_M|IEC_60502,DIRECT_ACCEPTED,CAN-034741,NMC-REVIEWER-CHIEF,
cf40bf9f-d237-5840-aa86-57e7b6794e69,CMM-ELECTR-94DDC0-001,SAIL-300150,SAIL,1C x 300 sq mm CIRCUIT BREAKER - Aluminium 600#,ELECTRICAL|ALUMINIUM|1C_X_300_SQ_MM|500_M|IEC_60502,DIRECT_ACCEPTED,CAN-034741,NMC-REVIEWER-CHIEF,
9c505bcd-0ef5-5c63-9fe3-17e74435b9e8,CMM-ELECTR-95788A-001,BHEL-500199,BHEL,SPARE-11 kV TURBINE GENERATOR STATOR COIL - Copper,ELECTRICAL|COPPER|11_KV|1000_M|IS_12066,STANDALONE,,,
63808764-638d-555f-b37e-2733f502093d,CMM-ELECTR-95A05F-001,SAIL-300270,SAIL,SPARE-11 kV ROLLING MILL DRIVE MOTOR - Copper Wound,ELECTRICAL|COPPER_WOUND|11_KV|IS_12615,STANDALONE,,,
bab1a5c7-99c0-5381-b816-d3b93d024239,CMM-ELECTR-97B02F-001,HPCL-120153,HPCL,STORES ITEM XLPE Cable 1C x 300 sq mm XLPE Insulated 150#,ELECTRICAL|CABLE|XLPE|XLPE_INSULATED|1C_X_300_SQ_MM|500_M|IS_7098,DIRECT_ACCEPTED,CAN-035881,NMC-REVIEWER-CHIEF,
572fa55c-5923-53e3-843d-3106db230dbc,CMM-ELECTR-97B02F-001,NMDC-410153,NMDC,SPARE-XLPE Cable 600# XLPE Insulated 1C x 300 sq mm,ELECTRICAL|CABLE|XLPE|XLPE_INSULATED|1C_X_300_SQ_MM|500_M|IS_7098,DIRECT_ACCEPTED,CAN-035881,NMC-REVIEWER-CHIEF,
eb33da67-f2ea-5714-b5e7-a5452a494237,CMM-ELECTR-983066-001,BHEL-500255,BHEL,IND.TURBINE GENERATOR STATOR COIL Copper 11 kV,ELECTRICAL|COPPER|11_KV|1000_M|IS_12066,STANDALONE,,,
cb7a2a16-b79b-5f12-af23-1903bd9a25da,CMM-ELECTR-9A21B9-001,CIL-400143,Coal India,SPARE-Induction Motor 600# XLPE Insulated 1C x 300 sq mm,ELECTRICAL|XLPE|XLPE_INSULATED|1C_X_300_SQ_MM|IS_2026,DIRECT_ACCEPTED,CAN-035701,NMC-REVIEWER-CHIEF,
4790662a-f306-5504-8b06-fa99bd8c8a7b,CMM-ELECTR-9A21B9-001,ONGC-100158,ONGC,"IND.INDUCTION MOTOR, XLPE Insulated, SIZE 1C x 300 sq mm 150#",ELECTRICAL|XLPE|XLPE_INSULATED|1C_X_300_SQ_MM|IS_2026,DIRECT_ACCEPTED,CAN-035701,NMC-REVIEWER-CHIEF,
27678aa6-07d7-5dfc-8dd3-7cdadcaa4371,CMM-ELECTR-9B74A3-001,BHEL-500192,BHEL,STORES ITEM Turbine Generator Stator Coil 11 kV Copper,ELECTRICAL|COPPER|11_KV|500_M|IS_12066,STANDALONE,,,
efe2ad7d-1a71-55e9-b265-f2fcdfc0f18a,CMM-ELECTR-9B9571-001,NTPC-200251,NTPC,6.6 kV BOILER FEED PUMP MOTOR - Copper Wound,ELECTRICAL|COPPER_WOUND|66_KV|IS_12615,STANDALONE,,,
e97d687e-2f2e-5a9c-8b27-c99820d064c2,CMM-ELECTR-9BB755-001,NTPC-200267,NTPC,BOILER FEED PUMP MOTOR 6.6 kV Copper Wound,ELECTRICAL|COPPER_WOUND|66_KV|IS_12615,STANDALONE,,,
a93d69f9-3f38-5153-ab24-157eb9a52bf5,CMM-ELECTR-9C93DB-001,CIL-400094,Coal India,"Induction Motor, Aluminium, SIZE 3C x 95 sq mm",ELECTRICAL|ALUMINIUM|3C_X_95_SQ_MM|100_M|IEC_60502,DIRECT_ACCEPTED,CAN-023914;CAN-023944;CAN-023974;CAN-024004,NMC-REVIEWER-CHIEF,
6cd7dd09-1d16-5f0e-90ab-a4636594ca68,CMM-ELECTR-9C93DB-001,HPCL-120105,HPCL,Induction Motor Aluminium 3C x 95 sq mm,ELECTRICAL|ALUMINIUM|3C_X_95_SQ_MM|100_M|IEC_60502,DIRECT_ACCEPTED,CAN-023913;CAN-023943;CAN-023973;CAN-024004,NMC-REVIEWER-CHIEF,
3de952a1-3add-5cfc-9ded-ab37cfe6e28d,CMM-ELECTR-9C93DB-001,NMDC-410101,NMDC,INDUCTION MOTOR 3C x 95 sq mm Aluminium,ELECTRICAL|ALUMINIUM|3C_X_95_SQ_MM|100_M|IEC_60502,DIRECT_ACCEPTED,CAN-023911;CAN-023942;CAN-023943;CAN-023944,NMC-REVIEWER-CHIEF,
367f9e97-2cd0-501f-a1e7-139223af1ed8,CMM-ELECTR-9C93DB-001,ONGC-100103,ONGC,STORES ITEM 3C x 95 sq mm INDUCTION MOTOR - Aluminium,ELECTRICAL|ALUMINIUM|3C_X_95_SQ_MM|100_M|IEC_60502,DIRECT_ACCEPTED,CAN-023912;CAN-023942;CAN-023973;CAN-023974,NMC-REVIEWER-CHIEF,
476e44dd-4483-5af2-a78f-1aa2b75b0fcd,CMM-ELECTR-9C93DB-001,SAIL-300108,SAIL,"Induction Motor, Aluminium, SIZE 3C x 95 sq mm",ELECTRICAL|ALUMINIUM|3C_X_95_SQ_MM|100_M|IEC_60502,DIRECT_ACCEPTED,CAN-023911;CAN-023912;CAN-023913;CAN-023914,NMC-REVIEWER-CHIEF,
5436a1c3-a83d-5ba9-a75c-2ebd7e1e7632,CMM-ELECTR-9CE3F4-001,NTPC-200193,NTPC,6.6 kV Boiler Feed Pump Motor - Copper Wound,ELECTRICAL|COPPER_WOUND|66_KV|IS_12615,STANDALONE,,,
2c5a048b-2ad3-54b1-b166-7de250d18346,CMM-ELECTR-9D604B-001,BHEL-500243,BHEL,11 kV Turbine Generator Stator Coil - Copper,ELECTRICAL|COPPER|11_KV|IS_12066,STANDALONE,,,
ff859927-ea85-58d4-8fab-333db9a3af65,CMM-ELECTR-9D6068-001,NTPC-200209,NTPC,IND.BOILER FEED PUMP MOTOR 6.6 kV Copper Wound,ELECTRICAL|COPPER_WOUND|66_KV|100_M|IS_12615,STANDALONE,,,
37c6f1a5-f4fa-5646-b475-d5f3e7a966a7,CMM-ELECTR-9FD986-001,NTPC-200271,NTPC,6.6 kV BOILER FEED PUMP MOTOR - Copper Wound,ELECTRICAL|COPPER_WOUND|66_KV|500_M|IS_12615,STANDALONE,,,
0b20946c-de36-5117-ab86-26792a16334e,CMM-ELECTR-9FEFD2-001,BHEL-500079,BHEL,IND.CIRCUIT BREAKER XLPE Insulated 415V 100A,ELECTRICAL|XLPE|XLPE_INSULATED|415V_100A|500_M|IEC_60502,DIRECT_ACCEPTED,CAN-018423;CAN-018453;CAN-018483;CAN-018514;CAN-018515,NMC-REVIEWER-CHIEF,
b95b1c28-fcc5-5555-b92e-1e6e3b3e8485,CMM-ELECTR-9FEFD2-001,HPCL-120081,HPCL,Circuit Breaker 415V 100A XLPE Insulated,ELECTRICAL|XLPE|XLPE_INSULATED|415V_100A|500_M|IEC_60502,DIRECT_ACCEPTED,CAN-018421;CAN-018452;CAN-018453;CAN-018454;CAN-018455,NMC-REVIEWER-CHIEF,
0d25d8b2-513d-5619-9482-e76d39bd3745,CMM-ELECTR-9FEFD2-001,IOCL-110075,IOCL,415V 100A Circuit Breaker - XLPE Insulated,ELECTRICAL|XLPE|XLPE_INSULATED|415V_100A|500_M|IEC_60502,DIRECT_ACCEPTED,CAN-018425;CAN-018455;CAN-018485;CAN-018515;CAN-018545,NMC-REVIEWER-CHIEF,
e973ce10-dfec-5bcc-b4cd-f443da212a68,CMM-ELECTR-9FEFD2-001,NMDC-410082,NMDC,415V 100A Circuit Breaker - XLPE Insulated,ELECTRICAL|XLPE|XLPE_INSULATED|415V_100A|500_M|IEC_60502,DIRECT_ACCEPTED,CAN-018424;CAN-018454;CAN-018484;CAN-018514;CAN-018545,NMC-REVIEWER-CHIEF,
73ee173d-450b-5110-93d4-0f9ddb23e888,CMM-ELECTR-9FEFD2-001,NTPC-200075,NTPC,415V 100A Circuit Breaker - XLPE Insulated,ELECTRICAL|XLPE|XLPE_INSULATED|415V_100A|500_M|IEC_60502,DIRECT_ACCEPTED,CAN-018421;CAN-018422;CAN-018423;CAN-018424;CAN-018425,NMC-REVIEWER-CHIEF,
f0b31114-3f5a-530e-85ff-33743d79a457,CMM-ELECTR-9FEFD2-001,SAIL-300084,SAIL,SPARE-415V 100A CIRCUIT BREAKER - XLPE Insulated,ELECTRICAL|XLPE|XLPE_INSULATED|415V_100A|500_M|IEC_60502,DIRECT_ACCEPTED,CAN-018422;CAN-018452;CAN-018483;CAN-018484;CAN-018485,NMC-REVIEWER-CHIEF,
98f2b18d-10fd-59d9-9cb9-7d5f9d9cf11c,CMM-ELECTR-A08A22-001,SAIL-300256,SAIL,Rolling Mill Drive Motor Copper Wound 11 kV,ELECTRICAL|COPPER_WOUND|11_KV|100_M|IS_12615,STANDALONE,,,
7552b1b8-6450-5387-b2a8-c58dae437455,CMM-ELECTR-A1C20A-001,NTPC-200247,NTPC,6.6 kV Boiler Feed Pump Motor - Copper Wound,ELECTRICAL|COPPER_WOUND|66_KV|1000_M|IS_12615,STANDALONE,,,
ee4f96d3-b34c-5a2a-9f53-917dc06783d2,CMM-ELECTR-A21A1A-001,BHEL-500209,BHEL,STORES ITEM 11 kV TURBINE GENERATOR STATOR COIL - Copper,ELECTRICAL|COPPER|11_KV|IS_12066,STANDALONE,,,
2b311ec8-eea6-54da-b325-0d2403fcbb2d,CMM-ELECTR-A4DD01-001,CIL-400169,Coal India,IND.Induction Motor 3C x 95 sq mm XLPE Insulated 300#,ELECTRICAL|XLPE|XLPE_INSULATED|3C_X_95_SQ_MM|500_M|IEC_60502,DIRECT_ACCEPTED,CAN-041641,NMC-REVIEWER-CHIEF,
a4b950c8-95de-5e25-aded-bed9276801a3,CMM-ELECTR-A4DD01-001,IOCL-110160,IOCL,3C x 95 sq mm INDUCTION MOTOR - XLPE Insulated 600#,ELECTRICAL|XLPE|XLPE_INSULATED|3C_X_95_SQ_MM|500_M|IEC_60502,DIRECT_ACCEPTED,CAN-041641,NMC-REVIEWER-CHIEF,
2eb69cbb-5ff5-5950-8f66-8b37fe74058a,CMM-ELECTR-A51F59-001,SAIL-300232,SAIL,ROLLING MILL DRIVE MOTOR Copper Wound 11 kV,ELECTRICAL|COPPER_WOUND|11_KV|100_M|IS_12615,STANDALONE,,,
6e77bd41-719c-57df-9cdb-d7decde0a2ef,CMM-ELECTR-A55AE9-001,NTPC-200227,NTPC,"BOILER FEED PUMP MOTOR, Copper Wound, SIZE 6.6 kV",ELECTRICAL|COPPER_WOUND|66_KV|1000_M|IS_12615,STANDALONE,,,
f080b08a-a0e3-5793-9d0f-f3f24e87943c,CMM-ELECTR-A59129-001,SAIL-300268,SAIL,SPARE-ROLLING MILL DRIVE MOTOR Copper Wound 11 kV,ELECTRICAL|COPPER_WOUND|11_KV|IS_12615,STANDALONE,,,
1fd1b8a5-732f-5bf1-8a9e-8b7e3749a63a,CMM-ELECTR-A88B61-001,BHEL-500211,BHEL,TURBINE GENERATOR STATOR COIL Copper 11 kV,ELECTRICAL|COPPER|11_KV|100_M|IS_12066,STANDALONE,,,
1e1b2b4d-de29-536b-ae5a-60dfef1cde52,CMM-ELECTR-A89663-001,BHEL-500256,BHEL,SPARE-Turbine Generator Stator Coil 11 kV Copper,ELECTRICAL|COPPER|11_KV|100_M|IS_12066,STANDALONE,,,
8c08bfb4-855a-5d1e-bc8e-43f7e08e5211,CMM-ELECTR-AA84A6-001,NTPC-200272,NTPC,6.6 kV Boiler Feed Pump Motor - Copper Wound,ELECTRICAL|COPPER_WOUND|66_KV|100_M|IS_12615,STANDALONE,,,
ccaa8b2a-5e19-52c9-835f-b8d4d1502e97,CMM-ELECTR-AD1990-001,NTPC-200249,NTPC,"BOILER FEED PUMP MOTOR, Copper Wound, SIZE 6.6 kV",ELECTRICAL|COPPER_WOUND|66_KV|500_M|IS_12615,STANDALONE,,,
07460b76-e9e5-5936-baa6-16cbfc739c84,CMM-ELECTR-AD2D59-001,BHEL-500002,BHEL,XLPE Cable 4C x 25 sq mm XLPE Insulated,ELECTRICAL|CABLE|XLPE|XLPE_INSULATED|4C_X_25_SQ_MM|100_M|IEC_60502,DIRECT_ACCEPTED,CAN-000421;CAN-000452,NMC-REVIEWER-CHIEF,
3a7e7d07-60fb-529f-b048-098f79ece690,CMM-ELECTR-AD2D59-001,IOCL-110003,IOCL,"XLPE Cable, XLPE Insulated, SIZE 4C x 25 sq mm",ELECTRICAL|CABLE|XLPE|XLPE_INSULATED|4C_X_25_SQ_MM|100_M|IEC_60502,DIRECT_ACCEPTED,CAN-000421;CAN-000422,NMC-REVIEWER-CHIEF,
344d914a-e199-5f27-8582-e27f09e0b7e9,CMM-ELECTR-AD2D59-001,NMDC-410002,NMDC,STORES ITEM 4C x 25 sq mm XLPE Cable - XLPE Insulated,ELECTRICAL|CABLE|XLPE|XLPE_INSULATED|4C_X_25_SQ_MM|100_M|IEC_60502,DIRECT_ACCEPTED,CAN-000422;CAN-000452,NMC-REVIEWER-CHIEF,
2ef347ae-695e-5376-a75b-d95a126a2954,CMM-ELECTR-AF05F8-001,SAIL-300240,SAIL,SPARE-ROLLING MILL DRIVE MOTOR 11 kV Copper Wound,ELECTRICAL|COPPER_WOUND|11_KV|500_M|IS_12615,STANDALONE,,,
dc5f7497-6b59-56cd-a5d6-3e442cbc3108,CMM-ELECTR-B09160-001,BHEL-500197,BHEL,"TURBINE GENERATOR STATOR COIL, Copper, SIZE 11 kV",ELECTRICAL|COPPER|11_KV|IS_12066,STANDALONE,,,
f7175f01-350e-505b-b77d-7f569626891c,CMM-ELECTR-B5115D-001,NTPC-200237,NTPC,SPARE-BOILER FEED PUMP MOTOR Copper Wound 6.6 kV,ELECTRICAL|COPPER_WOUND|66_KV|1000_M|IS_12615,STANDALONE,,,
37b2ae26-b1bd-5248-856f-206ceb97e6ed,CMM-ELECTR-B6A9F4-001,BHEL-500198,BHEL,SPARE-TURBINE GENERATOR STATOR COIL 11 kV Copper,ELECTRICAL|COPPER|11_KV|100_M|IS_12066,STANDALONE,,,
933bbe9c-6f97-531c-adb3-7785321d9e37,CMM-ELECTR-B8A44C-001,SAIL-300272,SAIL,"STORES ITEM ROLLING MILL DRIVE MOTOR, Copper Wound, SIZE 11 kV",ELECTRICAL|COPPER_WOUND|11_KV|100_M|IS_12615,STANDALONE,,,
2f3f0204-b07f-5be9-b136-7785a9b4b3d1,CMM-ELECTR-BB4F67-001,SAIL-300235,SAIL,STORES ITEM Rolling Mill Drive Motor 11 kV Copper Wound,ELECTRICAL|COPPER_WOUND|11_KV|500_M|IS_12615,STANDALONE,,,
f5ee797d-f58f-5db2-a3b9-f9640c2a6bd6,CMM-ELECTR-BB66D5-001,NMDC-410192,NMDC,SPARE-Circuit Breaker 600# Copper 415V 100A,ELECTRICAL|COPPER|415V_100A|500_M|IS_7098,DIRECT_ACCEPTED,CAN-045961,NMC-REVIEWER-CHIEF,
a6480cd0-be9b-56a7-b826-c0f425be5a23,CMM-ELECTR-BB66D5-001,NTPC-200186,NTPC,415V 100A Circuit Breaker - Copper 300#,ELECTRICAL|COPPER|415V_100A|500_M|IS_7098,DIRECT_ACCEPTED,CAN-045961,NMC-REVIEWER-CHIEF,
9b75a2b6-3180-5b03-a3fa-5b0cb62abdfb,CMM-ELECTR-BBFFB1-001,BHEL-500194,BHEL,STORES ITEM 11 kV TURBINE GENERATOR STATOR COIL - Copper,ELECTRICAL|COPPER|11_KV|1000_M|IS_12066,STANDALONE,,,
5da3dcd4-0e19-51ce-b3cf-6fa1a7fe1ec7,CMM-ELECTR-BC2BE2-001,NTPC-200244,NTPC,Boiler Feed Pump Motor Copper Wound 6.6 kV,ELECTRICAL|COPPER_WOUND|66_KV|IS_12615,STANDALONE,,,
ca5cafab-b468-51ae-982e-2bc72caecb54,CMM-ELECTR-BF7F37-001,HPCL-120168,HPCL,"SPARE-Switchgear Panel, Aluminium, SIZE 3C x 95 sq mm 600#",ELECTRICAL|ALUMINIUM|3C_X_95_SQ_MM|1000_M|IS_2026,DIRECT_ACCEPTED,CAN-039181,NMC-REVIEWER-CHIEF,
39fe353a-d523-5e8f-a4ee-38d35e513eda,CMM-ELECTR-BF7F37-001,SAIL-300171,SAIL,IND.SWITCHGEAR PANEL 3C x 95 sq mm Aluminium 300#,ELECTRICAL|ALUMINIUM|3C_X_95_SQ_MM|1000_M|IS_2026,DIRECT_ACCEPTED,CAN-039181,NMC-REVIEWER-CHIEF,
2eb9bea3-92d7-52d3-8a7a-e56ab4850d52,CMM-ELECTR-C2208E-001,CIL-400041,Coal India,INDUCTION MOTOR 4C x 25 sq mm Aluminium,ELECTRICAL|ALUMINIUM|4C_X_25_SQ_MM|500_M|IS_13947,DIRECT_ACCEPTED,CAN-011281;CAN-011312;CAN-011313,NMC-REVIEWER-CHIEF,
bf439fb7-9ab4-5351-9b3d-07b0181eedb1,CMM-ELECTR-C2208E-001,HPCL-120052,HPCL,4C x 25 sq mm INDUCTION MOTOR - Aluminium,ELECTRICAL|ALUMINIUM|4C_X_25_SQ_MM|500_M|IS_13947,DIRECT_ACCEPTED,CAN-011283;CAN-011313;CAN-011343,NMC-REVIEWER-CHIEF,
3293b194-052f-5dd4-a29e-4ddbf5f3797e,CMM-ELECTR-C2208E-001,NMDC-410048,NMDC,"INDUCTION MOTOR, Aluminium, SIZE 4C x 25 sq mm",ELECTRICAL|ALUMINIUM|4C_X_25_SQ_MM|500_M|IS_13947,DIRECT_ACCEPTED,CAN-011281;CAN-011282;CAN-011283,NMC-REVIEWER-CHIEF,
a7d71878-9872-5137-85a3-b06c2a3176fc,CMM-ELECTR-C2208E-001,SAIL-300054,SAIL,SPARE-4C x 25 sq mm INDUCTION MOTOR - Aluminium,ELECTRICAL|ALUMINIUM|4C_X_25_SQ_MM|500_M|IS_13947,DIRECT_ACCEPTED,CAN-011282;CAN-011312;CAN-011343,NMC-REVIEWER-CHIEF,
f1937b03-7a6c-5c01-bd80-8119185f8394,CMM-ELECTR-C25892-001,NTPC-200208,NTPC,"Boiler Feed Pump Motor, Copper Wound, SIZE 6.6 kV",ELECTRICAL|COPPER_WOUND|66_KV|IS_12615,STANDALONE,,,
60427c50-33c0-57cd-87fd-b2ea7c6fc459,CMM-ELECTR-C32643-001,NTPC-200204,NTPC,"Boiler Feed Pump Motor, Copper Wound, SIZE 6.6 kV",ELECTRICAL|COPPER_WOUND|66_KV|IS_12615,STANDALONE,,,
4d2855ee-6110-5fdc-be8a-7a0a0ae32027,CMM-ELECTR-C3E195-001,BHEL-500129,BHEL,STORES ITEM 415V 100A Switchgear Panel - XLPE Insulated 150#,ELECTRICAL|XLPE|XLPE_INSULATED|415V_100A|IEC_60502,DIRECT_ACCEPTED,CAN-030961,NMC-REVIEWER-CHIEF,
288da42e-2c15-5519-bea9-904e85a2e6e9,CMM-ELECTR-C3E195-001,ONGC-100136,ONGC,IND.415V 100A Switchgear Panel - XLPE Insulated 300#,ELECTRICAL|XLPE|XLPE_INSULATED|415V_100A|IEC_60502,DIRECT_ACCEPTED,CAN-030961,NMC-REVIEWER-CHIEF,
66fa440b-9707-50fb-ace1-8402f8bbf251,CMM-ELECTR-C565E9-001,BHEL-500034,BHEL,1C x 300 sq mm Circuit Breaker - Aluminium,ELECTRICAL|ALUMINIUM|1C_X_300_SQ_MM|1000_M|IEC_60502,DIRECT_ACCEPTED,CAN-007921;CAN-007952;CAN-007953,NMC-REVIEWER-CHIEF,
6ebd7683-c903-56c1-bba1-6ae58da8377c,CMM-ELECTR-C565E9-001,CIL-400027,Coal India,Circuit Breaker 1C x 300 sq mm Aluminium,ELECTRICAL|ALUMINIUM|1C_X_300_SQ_MM|1000_M|IEC_60502,DIRECT_ACCEPTED,CAN-007921;CAN-007922;CAN-007923,NMC-REVIEWER-CHIEF,
a2a93763-9266-533c-90b7-03c105420657,CMM-ELECTR-C565E9-001,IOCL-110037,IOCL,CIRCUIT BREAKER Aluminium 1C x 300 sq mm,ELECTRICAL|ALUMINIUM|1C_X_300_SQ_MM|1000_M|IEC_60502,DIRECT_ACCEPTED,CAN-007923;CAN-007953;CAN-007983,NMC-REVIEWER-CHIEF,
20f98001-f778-55d0-aa83-140c72d10846,CMM-ELECTR-C565E9-001,NMDC-410034,NMDC,Circuit Breaker 1C x 300 sq mm Aluminium,ELECTRICAL|ALUMINIUM|1C_X_300_SQ_MM|1000_M|IEC_60502,DIRECT_ACCEPTED,CAN-007922;CAN-007952;CAN-007983,NMC-REVIEWER-CHIEF,
2ea2b6ca-4682-51fe-9753-27e94bccfd8d,CMM-ELECTR-C6915F-001,SAIL-300226,SAIL,Rolling Mill Drive Motor 11 kV Copper Wound,ELECTRICAL|COPPER_WOUND|11_KV|1000_M|IS_12615,STANDALONE,,,
12bc6d43-a9a8-59d8-9a79-01735f8605af,CMM-ELECTR-C727C7-001,SAIL-300211,SAIL,ROLLING MILL DRIVE MOTOR Copper Wound 11 kV,ELECTRICAL|COPPER_WOUND|11_KV|1000_M|IS_12615,STANDALONE,,,
83e3973c-c865-5786-899d-c59cecbca631,CMM-ELECTR-CB50EA-001,NTPC-200235,NTPC,SPARE-6.6 kV Boiler Feed Pump Motor - Copper Wound,ELECTRICAL|COPPER_WOUND|66_KV|IS_12615,STANDALONE,,,
8a328c9a-a156-5385-b7e5-3d311641f266,CMM-ELECTR-CD68BD-001,NTPC-200273,NTPC,SPARE-6.6 kV BOILER FEED PUMP MOTOR - Copper Wound,ELECTRICAL|COPPER_WOUND|66_KV|IS_12615,STANDALONE,,,
492ee54a-ebc5-57b7-ae0c-f0db8eb983e3,CMM-ELECTR-CE652D-001,NMDC-410058,NMDC,"STORES ITEM SWITCHGEAR PANEL, XLPE Insulated, SIZE 4C x 25 sq mm",ELECTRICAL|XLPE|XLPE_INSULATED|4C_X_25_SQ_MM|500_M|IS_2026,DIRECT_ACCEPTED,CAN-013321;CAN-013352,NMC-REVIEWER-CHIEF,
adaaf288-dd7a-5238-90d3-50961f5da62e,CMM-ELECTR-CE652D-001,ONGC-100055,ONGC,4C x 25 sq mm SWITCHGEAR PANEL - XLPE Insulated,ELECTRICAL|XLPE|XLPE_INSULATED|4C_X_25_SQ_MM|500_M|IS_2026,DIRECT_ACCEPTED,CAN-013321;CAN-013322,NMC-REVIEWER-CHIEF,
62a83757-61c6-59a8-8561-289150a591aa,CMM-ELECTR-CE652D-001,SAIL-300064,SAIL,STORES ITEM Switchgear Panel 4C x 25 sq mm XLPE Insulated,ELECTRICAL|XLPE|XLPE_INSULATED|4C_X_25_SQ_MM|500_M|IS_2026,DIRECT_ACCEPTED,CAN-013322;CAN-013352,NMC-REVIEWER-CHIEF,
beca86c4-57bb-5980-a5e7-c88aa15bcc80,CMM-ELECTR-CFAB35-001,ONGC-100137,ONGC,SPARE-XLPE Cable 415V 100A XLPE Insulated 300#,ELECTRICAL|CABLE|XLPE|XLPE_INSULATED|415V_100A|100_M|IS_13947,DIRECT_ACCEPTED,CAN-031141,NMC-REVIEWER-CHIEF,
bacaa28c-71a8-5cc6-8bc3-bb3fc4a2e379,CMM-ELECTR-CFAB35-001,SAIL-300138,SAIL,SPARE-415V 100A XLPE CABLE - XLPE Insulated 600#,ELECTRICAL|CABLE|XLPE|XLPE_INSULATED|415V_100A|100_M|IS_13947,DIRECT_ACCEPTED,CAN-031141,NMC-REVIEWER-CHIEF,
0bc32598-56fc-591f-ba80-50bc1711ec0b,CMM-ELECTR-D40B8A-001,BHEL-500244,BHEL,SPARE-Turbine Generator Stator Coil Copper 11 kV,ELECTRICAL|COPPER|11_KV|100_M|IS_12066,STANDALONE,,,
0a325b90-a530-508c-a17b-f2780538301e,CMM-ELECTR-D40DD1-001,SAIL-300267,SAIL,ROLLING MILL DRIVE MOTOR 11 kV Copper Wound,ELECTRICAL|COPPER_WOUND|11_KV|IS_12615,STANDALONE,,,
c342a122-87f0-5f05-b664-e840a2aeb5f0,CMM-ELECTR-D852DA-001,CIL-400132,Coal India,SWITCHGEAR PANEL 150# Aluminium 4C x 25 sq mm,ELECTRICAL|ALUMINIUM|4C_X_25_SQ_MM|IS_13947,DIRECT_ACCEPTED,CAN-032941,NMC-REVIEWER-CHIEF,
2262e470-11d5-5a7c-9abb-a61e4a7cc981,CMM-ELECTR-D852DA-001,SAIL-300144,SAIL,SPARE-SWITCHGEAR PANEL 4C x 25 sq mm Aluminium 600#,ELECTRICAL|ALUMINIUM|4C_X_25_SQ_MM|IS_13947,DIRECT_ACCEPTED,CAN-032941,NMC-REVIEWER-CHIEF,
8c14d0a7-136a-5a11-9104-a6727e34f050,CMM-ELECTR-DA06F7-001,SAIL-300208,SAIL,STORES ITEM ROLLING MILL DRIVE MOTOR 11 kV Copper Wound,ELECTRICAL|COPPER_WOUND|11_KV|500_M|IS_12615,STANDALONE,,,
78e10adc-1ef7-5cca-a403-ae0c28f0c24b,CMM-ELECTR-DAC0B1-001,SAIL-300269,SAIL,STORES ITEM Rolling Mill Drive Motor 11 kV Copper Wound,ELECTRICAL|COPPER_WOUND|11_KV|1000_M|IS_12615,STANDALONE,,,
cc36921b-5489-5801-a47b-99b00f1ff546,CMM-ELECTR-E2BC3C-001,NTPC-200211,NTPC,"Boiler Feed Pump Motor, Copper Wound, SIZE 6.6 kV",ELECTRICAL|COPPER_WOUND|66_KV|IS_12615,STANDALONE,,,
d1c16890-eb74-535c-a99b-0d38933c9a72,CMM-ELECTR-E39403-001,NTPC-200224,NTPC,IND.Boiler Feed Pump Motor Copper Wound 6.6 kV,ELECTRICAL|COPPER_WOUND|66_KV|100_M|IS_12615,STANDALONE,,,
f2a116b6-52b4-5ad7-85fc-67e85d310dd5,CMM-ELECTR-E5BD1D-001,BHEL-500269,BHEL,SPARE-TURBINE GENERATOR STATOR COIL Copper 11 kV,ELECTRICAL|COPPER|11_KV|500_M|IS_12066,STANDALONE,,,
d1670d6e-c47a-58a1-9b88-d00511a46bc5,CMM-ELECTR-E728FA-001,BHEL-500036,BHEL,STORES ITEM Induction Motor Copper 415V 100A,ELECTRICAL|COPPER|415V_100A|100_M|IS_13947,DIRECT_ACCEPTED,CAN-008194;CAN-008224;CAN-008254;CAN-008284;CAN-008315;CAN-008316;CAN-008317,NMC-REVIEWER-CHIEF,
f5dc07f7-59da-50eb-820d-9ee6057772f6,CMM-ELECTR-E728FA-001,CIL-400028,Coal India,"STORES ITEM Induction Motor, Copper, SIZE 415V 100A",ELECTRICAL|COPPER|415V_100A|100_M|IS_13947,DIRECT_ACCEPTED,CAN-008195;CAN-008225;CAN-008255;CAN-008285;CAN-008315;CAN-008346;CAN-008347,NMC-REVIEWER-CHIEF,
e2cbe6be-8671-547c-83db-0ed8ec4edd83,CMM-ELECTR-E728FA-001,HPCL-120038,HPCL,"STORES ITEM Induction Motor, Copper, SIZE 415V 100A",ELECTRICAL|COPPER|415V_100A|100_M|IS_13947,DIRECT_ACCEPTED,CAN-008192;CAN-008222;CAN-008253;CAN-008254;CAN-008255;CAN-008256;CAN-008257,NMC-REVIEWER-CHIEF,
dfe64f9b-6b38-5259-8407-82e985e3df23,CMM-ELECTR-E728FA-001,IOCL-110039,IOCL,STORES ITEM 415V 100A Induction Motor - Copper,ELECTRICAL|COPPER|415V_100A|100_M|IS_13947,DIRECT_ACCEPTED,CAN-008191;CAN-008222;CAN-008223;CAN-008224;CAN-008225;CAN-008226;CAN-008227,NMC-REVIEWER-CHIEF,
513a19fe-1831-5916-b5ae-c421764e0e8a,CMM-ELECTR-E728FA-001,NTPC-200032,NTPC,Induction Motor 415V 100A Copper,ELECTRICAL|COPPER|415V_100A|100_M|IS_13947,DIRECT_ACCEPTED,CAN-008191;CAN-008192;CAN-008193;CAN-008194;CAN-008195;CAN-008196;CAN-008197,NMC-REVIEWER-CHIEF,
ae7780b7-26cc-5573-aab5-e2e1e4908892,CMM-ELECTR-E728FA-001,ONGC-100033,ONGC,"STORES ITEM Induction Motor, Copper, SIZE 415V 100A",ELECTRICAL|COPPER|415V_100A|100_M|IS_13947,DIRECT_ACCEPTED,CAN-008193;CAN-008223;CAN-008253;CAN-008284;CAN-008285;CAN-008286,NMC-REVIEWER-CHIEF,
8098d85c-183a-5836-9cc4-d8f20179067d,CMM-ELECTR-E728FA-001,ONGC-100191,ONGC,STORES ITEM SWITCHGEAR PANEL 150# Copper 415V 100A,ELECTRICAL|COPPER|415V_100A|100_M|IS_13947,DIRECT_ACCEPTED,CAN-008196;CAN-008226;CAN-008256;CAN-008316;CAN-008346;CAN-042426,NMC-REVIEWER-CHIEF,
94ca7742-28d1-55c9-9899-6981a0c9887a,CMM-ELECTR-E728FA-001,SAIL-300184,SAIL,SWITCHGEAR PANEL 415V 100A Copper 600#,ELECTRICAL|COPPER|415V_100A|100_M|IS_13947,DIRECT_ACCEPTED,CAN-008197;CAN-008227;CAN-008257;CAN-008286;CAN-008317;CAN-008347;CAN-042426,NMC-REVIEWER-CHIEF,
e3fd0167-8b72-51bf-b716-3c215405fd93,CMM-ELECTR-ECDA08-001,BHEL-500215,BHEL,"IND.Turbine Generator Stator Coil, Copper, SIZE 11 kV",ELECTRICAL|COPPER|11_KV|IS_12066,STANDALONE,,,
4618dca8-f977-5433-b33d-6df463e7abd1,CMM-ELECTR-F33EAC-001,SAIL-300202,SAIL,"IND.ROLLING MILL DRIVE MOTOR, Copper Wound, SIZE 11 kV",ELECTRICAL|COPPER_WOUND|11_KV|100_M|IS_12615,STANDALONE,,,
3be6f1ba-d20c-5dfc-bbec-f51ea5fab5b2,CMM-ELECTR-F3C541-001,NTPC-200254,NTPC,6.6 kV BOILER FEED PUMP MOTOR - Copper Wound,ELECTRICAL|COPPER_WOUND|66_KV|IS_12615,STANDALONE,,,
620ee403-9570-57cd-9a14-6ee42fc3a590,CMM-ELECTR-F75684-001,SAIL-300231,SAIL,11 kV Rolling Mill Drive Motor - Copper Wound,ELECTRICAL|COPPER_WOUND|11_KV|IS_12615,STANDALONE,,,
4e14cd61-efce-508a-91cf-9b5d04f39fb8,CMM-ELECTR-FAAACF-001,BHEL-500219,BHEL,TURBINE GENERATOR STATOR COIL Copper 11 kV,ELECTRICAL|COPPER|11_KV|100_M|IS_12066,STANDALONE,,,
d88cc9c1-06b2-5d9c-9671-846a00aa258f,CMM-ELECTR-FB578D-001,NTPC-200228,NTPC,"IND.Boiler Feed Pump Motor, Copper Wound, SIZE 6.6 kV",ELECTRICAL|COPPER_WOUND|66_KV|500_M|IS_12615,STANDALONE,,,
0e877df4-03a9-56b2-867a-2ca4b14e296e,CMM-ELECTR-FD0485-001,IOCL-110130,IOCL,3C x 95 sq mm Induction Motor - Copper 600#,ELECTRICAL|COPPER|3C_X_95_SQ_MM|100_M|IS_7098,DIRECT_ACCEPTED,CAN-033781,NMC-REVIEWER-CHIEF,
61092930-241a-5f5e-a695-319bc504a8c5,CMM-ELECTR-FD0485-001,SAIL-300148,SAIL,SPARE-INDUCTION MOTOR 150# Copper 3C x 95 sq mm,ELECTRICAL|COPPER|3C_X_95_SQ_MM|100_M|IS_7098,DIRECT_ACCEPTED,CAN-033781,NMC-REVIEWER-CHIEF,
46a76378-dd60-5820-8c3e-cd6db4af82a6,CMM-FASTNR-0169A7-001,NTPC-200170,NTPC,IND.M16 x 65 ANCHOR BOLT - Grade 10.9 300#,FASTENER|BOLT|GRADE_109|M16_X_65|65_MM|ASTM_A193|ZINC_PLATED,STANDALONE,,,
b886d990-8e5a-5e91-bc69-83498e95aa87,CMM-FASTNR-04310E-001,NMDC-410219,NMDC,SPARE-Ore Crusher Hammer Manganese Steel M24 x 100,FASTENER|MANGANESE_STEEL|M24_X_100|100_MM|IS_4772,STANDALONE,,,
c6dbcc73-c63f-541e-93af-6dabbda439f6,CMM-FASTNR-0448D7-001,NMDC-410195,NMDC,"ORE CRUSHER HAMMER, Manganese Steel, SIZE M24 x 100",FASTENER|MANGANESE_STEEL|M24_X_100|100_MM|IS_4772,STANDALONE,,,
3ff067ed-4e2d-509f-b839-c656293d0312,CMM-FASTNR-04A814-001,CIL-400174,Coal India,STORES ITEM Hex Nut 300# Grade 8.8 M10 x 40,FASTENER|NUT|HEX|GRADE_88|M10_X_40|40_MM|ASME_B182,STANDALONE,,,
7e85fe1c-b1a1-5ec1-b1f1-a9bcedaf973f,CMM-FASTNR-0877CE-001,NMDC-410261,NMDC,IND.ORE CRUSHER HAMMER M24 x 100 Manganese Steel,FASTENER|MANGANESE_STEEL|M24_X_100|100_MM|IS_4772,STANDALONE,,,
7d8b9c74-2d3f-5d1f-9804-37d3024ab35b,CMM-FASTNR-08B7CC-001,NMDC-410272,NMDC,"ORE CRUSHER HAMMER, Manganese Steel, SIZE M24 x 100",FASTENER|MANGANESE_STEEL|M24_X_100|100_MM|IS_4772,STANDALONE,,,
d8af1ef0-3b47-5ec1-8105-8efc1e785dfa,CMM-FASTNR-08DB7F-001,IOCL-110136,IOCL,Flat Washer 600# Carbon Steel M24 x 100,FASTENER|WASHER|CARBON_STEEL|CARBON_STEEL|M24_X_100|100_MM|ASME_B182,STANDALONE,,,
5ab8e67a-4056-5eda-b015-f6089af18d66,CMM-FASTNR-0959AF-001,CIL-400109,Coal India,SPARE-ANCHOR BOLT 300# Carbon Steel M24 x 100,FASTENER|BOLT|CARBON_STEEL|CARBON_STEEL|M24_X_100|100_MM|ZINC_PLATED,STANDALONE,,,
fe63928f-e683-58df-b8d2-bb65250fe981,CMM-FASTNR-0B0423-001,HPCL-120094,HPCL,Hex Bolt M20 x 80 Grade B7,FASTENER|BOLT|HEX|GRADE_B7|M20_X_80|80_MM|ASME_B182,DIRECT_ACCEPTED,CAN-021871;CAN-021902,NMC-REVIEWER-CHIEF,
22ef701b-6a73-59fb-91c4-58af17a9267f,CMM-FASTNR-0B0423-001,NMDC-410096,NMDC,M20 x 80 Hex Bolt - Grade B7,FASTENER|BOLT|HEX|GRADE_B7|M20_X_80|80_MM|ASME_B182,DIRECT_ACCEPTED,CAN-021871;CAN-021872,NMC-REVIEWER-CHIEF,
bcb84406-390f-5d88-b83d-b107accfdbf1,CMM-FASTNR-0B0423-001,NTPC-200087,NTPC,Hex Bolt M20 x 80 Grade B7,FASTENER|BOLT|HEX|GRADE_B7|M20_X_80|80_MM|ASME_B182,DIRECT_ACCEPTED,CAN-021872;CAN-021902,NMC-REVIEWER-CHIEF,
d8def8a3-8446-5359-8747-27d02e9f475f,CMM-FASTNR-0B935E-001,CIL-400259,Coal India,IND.M20 COAL CUTTER PICK - Tungsten Carbide,FASTENER|TUNGSTEN_CARBIDE|M20|IS_4772,STANDALONE,,,
77122bf1-35a3-5e9a-b3fd-12b98cfd6915,CMM-FASTNR-0C6EBA-001,BHEL-500168,BHEL,"IND.ANCHOR BOLT, Carbon Steel, SIZE M16 x 65 150#",FASTENER|BOLT|CARBON_STEEL|CARBON_STEEL|M16_X_65|65_MM|ASTM_A193,DIRECT_ACCEPTED,CAN-039481,NMC-REVIEWER-CHIEF,
c624fdfd-2038-52de-97ec-06dc0519d688,CMM-FASTNR-0C6EBA-001,NTPC-200181,NTPC,M16 x 65 Stud Bolt - Carbon Steel 300#,FASTENER|BOLT|CARBON_STEEL|CARBON_STEEL|M16_X_65|65_MM|ASTM_A193,DIRECT_ACCEPTED,CAN-039481,NMC-REVIEWER-CHIEF,
1f5fa646-1265-55e1-9c50-da9d0a58f4af,CMM-FASTNR-0DD604-001,IOCL-110112,IOCL,M20 x 80 STUD BOLT - Grade 10.9 150#,FASTENER|BOLT|GRADE_109|M20_X_80|80_MM|ASME_B182|ZINC_PLATED,STANDALONE,,,
4deb5a5e-8bfc-568b-9444-e99db5e1ef92,CMM-FASTNR-0EFE81-001,CIL-400178,Coal India,STORES ITEM STUD BOLT 300# Alloy Steel M10 x 40,FASTENER|BOLT|ALLOY_STEEL|M10_X_40|40_MM|ASTM_A193|ZINC_PLATED,STANDALONE,,,
c5b7b281-09a4-5200-b852-14322c64bb1c,CMM-FASTNR-134BE7-001,CIL-400244,Coal India,STORES ITEM M20 Coal Cutter Pick - Tungsten Carbide,FASTENER|TUNGSTEN_CARBIDE|M20|IS_4772|ZINC_PLATED,STANDALONE,,,
4e663b5d-3272-5ad5-abd7-2eee6a0674a1,CMM-FASTNR-152A8F-001,NTPC-200123,NTPC,"Hex Bolt, Grade 10.9, SIZE M16 x 65 150#",FASTENER|BOLT|HEX|GRADE_109|M16_X_65|65_MM|ASTM_A193,STANDALONE,,,
a9906e9d-d5d6-54dc-a50a-f454f7b1d972,CMM-FASTNR-15537B-001,HPCL-120118,HPCL,M24 x 100 SOCKET HEAD SCREW - Grade B7 600#,FASTENER|GRADE_B7|M24_X_100|100_MM,DIRECT_ACCEPTED,CAN-026761,NMC-REVIEWER-CHIEF,
f3c6f1e5-6779-5b40-9fe4-5b678370b34a,CMM-FASTNR-15537B-001,ONGC-100117,ONGC,SPARE-Socket Head Screw 300# Grade B7 M24 x 100,FASTENER|GRADE_B7|M24_X_100|100_MM,DIRECT_ACCEPTED,CAN-026761,NMC-REVIEWER-CHIEF,
9b0ed29c-776a-5faf-8c03-f1d56b3c23d3,CMM-FASTNR-1793A5-001,CIL-400270,Coal India,"SPARE-COAL CUTTER PICK, Tungsten Carbide, SIZE M20",FASTENER|TUNGSTEN_CARBIDE|M20|IS_4772,STANDALONE,,,
90dfdd60-af2b-5810-9954-7264173e80f6,CMM-FASTNR-1A9DA1-001,CIL-400214,Coal India,SPARE-COAL CUTTER PICK M20 Tungsten Carbide,FASTENER|TUNGSTEN_CARBIDE|M20|IS_4772|ZINC_PLATED,STANDALONE,,,
8e00594a-198e-5a04-8e0d-532ec421d6ab,CMM-FASTNR-1AF629-001,CIL-400034,Coal India,"FLAT WASHER, Carbon Steel, SIZE M10 x 40",FASTENER|WASHER|CARBON_STEEL|CARBON_STEEL|M10_X_40|40_MM|IS_1367,DIRECT_ACCEPTED,CAN-009601;CAN-009602;CAN-009603,NMC-REVIEWER-CHIEF,
73208249-9386-5384-a969-c428b76a8186,CMM-FASTNR-1AF629-001,IOCL-110044,IOCL,M10 x 40 FLAT WASHER - Carbon Steel,FASTENER|WASHER|CARBON_STEEL|CARBON_STEEL|M10_X_40|40_MM|IS_1367,DIRECT_ACCEPTED,CAN-009601;CAN-009632;CAN-009633,NMC-REVIEWER-CHIEF,
6b513998-8515-50cd-ab27-ab79d00f753c,CMM-FASTNR-1AF629-001,NMDC-410041,NMDC,"IND.FLAT WASHER, Carbon Steel, SIZE M10 x 40",FASTENER|WASHER|CARBON_STEEL|CARBON_STEEL|M10_X_40|40_MM|IS_1367,DIRECT_ACCEPTED,CAN-009602;CAN-009632;CAN-009663,NMC-REVIEWER-CHIEF,
24e8f4e0-f33f-5ce0-b6c8-c8b90128204a,CMM-FASTNR-1AF629-001,ONGC-100038,ONGC,FLAT WASHER Carbon Steel M10 x 40,FASTENER|WASHER|CARBON_STEEL|CARBON_STEEL|M10_X_40|40_MM|IS_1367,DIRECT_ACCEPTED,CAN-009603;CAN-009633;CAN-009663,NMC-REVIEWER-CHIEF,
8b6a4bb7-af6b-5f93-b363-8448a8c999d0,CMM-FASTNR-1B4788-001,NMDC-410121,NMDC,Stud Bolt 600# Grade 8.8 M20 x 80,FASTENER|BOLT|GRADE_88|M20_X_80|80_MM|ASME_B182|ZINC_PLATED,STANDALONE,,,
ace9cc6a-f5bd-5ff7-8b23-a8b822cf4fc8,CMM-FASTNR-1B6461-001,NMDC-410156,NMDC,Anchor Bolt M10 x 40 Grade 10.9 300#,FASTENER|BOLT|GRADE_109|M10_X_40|40_MM|ASTM_A193,STANDALONE,,,
7fad6714-1bcd-5d89-ad1b-30453990b20a,CMM-FASTNR-1C4408-001,NMDC-410252,NMDC,"SPARE-ORE CRUSHER HAMMER, Manganese Steel, SIZE M24 x 100",FASTENER|MANGANESE_STEEL|M24_X_100|100_MM|IS_4772,STANDALONE,,,
23c71483-62b2-5f1f-ad3b-eb77a49fde6f,CMM-FASTNR-1E40EE-001,NMDC-410114,NMDC,STUD BOLT 150# Grade 10.9 M12 x 50,FASTENER|BOLT|GRADE_109|M12_X_50|50_MM|ASTM_A193,STANDALONE,,,
1b23ab35-9fe1-5b99-b64f-3111be6fa34c,CMM-FASTNR-226DB9-001,NMDC-410265,NMDC,SPARE-ORE CRUSHER HAMMER Manganese Steel M24 x 100,FASTENER|MANGANESE_STEEL|M24_X_100|100_MM|IS_4772,STANDALONE,,,
2596d422-4427-5dae-b670-e8ee65e72c24,CMM-FASTNR-22FBDB-001,BHEL-500156,BHEL,"Hex Nut, Carbon Steel, SIZE M24 x 100 600#",FASTENER|NUT|HEX|CARBON_STEEL|CARBON_STEEL|M24_X_100|100_MM|ZINC_PLATED,STANDALONE,,,
a45c4135-8605-5850-b0ce-ac3437bd1952,CMM-FASTNR-235045-001,NMDC-410273,NMDC,Ore Crusher Hammer M24 x 100 Manganese Steel,FASTENER|MANGANESE_STEEL|M24_X_100|100_MM|IS_4772,STANDALONE,,,
b9a0ea64-748a-5ba1-bfac-ccb8ae873b17,CMM-FASTNR-253984-001,BHEL-500173,BHEL,STORES ITEM Socket Head Screw M16 x 65 SS316 600#,FASTENER|STAINLESS_STEEL|SS_316|M16_X_65|65_MM|IS_1367|ZINC_PLATED,STANDALONE,,,
6c983010-4430-5b49-8307-77b9bc27fb84,CMM-FASTNR-26351F-001,BHEL-500017,BHEL,M10 x 40 HEX NUT - Carbon Steel,FASTENER|NUT|HEX|CARBON_STEEL|CARBON_STEEL|M10_X_40|40_MM|ASTM_A193|ZINC_PLATED,DIRECT_ACCEPTED,CAN-004261;CAN-004262,NMC-REVIEWER-CHIEF,
ac30ad3b-ab2a-5853-8a2e-163095d6204a,CMM-FASTNR-26351F-001,CIL-400015,Coal India,"Hex Nut, Carbon Steel, SIZE M10 x 40",FASTENER|NUT|HEX|CARBON_STEEL|CARBON_STEEL|M10_X_40|40_MM|ASTM_A193|ZINC_PLATED,DIRECT_ACCEPTED,CAN-004261;CAN-004292,NMC-REVIEWER-CHIEF,
a1832798-ea75-5cd9-9093-f8ae267af8e6,CMM-FASTNR-26351F-001,IOCL-110022,IOCL,SPARE-HEX NUT Carbon Steel M10 x 40,FASTENER|NUT|HEX|CARBON_STEEL|CARBON_STEEL|M10_X_40|40_MM|ASTM_A193|ZINC_PLATED,DIRECT_ACCEPTED,CAN-004262;CAN-004292,NMC-REVIEWER-CHIEF,
41400e2d-d91c-5090-a0cd-b704616e54c0,CMM-FASTNR-26EF8B-001,NMDC-410164,NMDC,Hex Bolt 600# Grade 10.9 M20 x 80,FASTENER|BOLT|HEX|GRADE_109|M20_X_80|80_MM|IS_1367,STANDALONE,,,
753ada5c-f6c7-5ef5-861d-16fafe68560a,CMM-FASTNR-28A349-001,CIL-400217,Coal India,STORES ITEM Coal Cutter Pick Tungsten Carbide M20,FASTENER|TUNGSTEN_CARBIDE|M20|IS_4772,STANDALONE,,,
0a151591-0c45-551b-9be7-78475f303098,CMM-FASTNR-29F5AF-001,CIL-400211,Coal India,STORES ITEM M20 COAL CUTTER PICK - Tungsten Carbide,FASTENER|TUNGSTEN_CARBIDE|M20|IS_4772|ZINC_PLATED,STANDALONE,,,
3845631a-a269-5be7-a656-00bada43150a,CMM-FASTNR-2B3DDF-001,CIL-400173,Coal India,SPARE-M20 x 80 Stud Bolt - Grade 10.9 600#,FASTENER|BOLT|GRADE_109|M20_X_80|80_MM,STANDALONE,,,
0b63b735-9080-5f7b-bbdb-646a5dcb9da7,CMM-FASTNR-2E518A-001,CIL-400156,Coal India,HEX NUT 600# SS316 M16 x 65,FASTENER|NUT|HEX|STAINLESS_STEEL|SS_316|M16_X_65|65_MM|ASME_B182|ZINC_PLATED,STANDALONE,,,
cf47efd5-4942-5c84-aa1d-cb82ad775b18,CMM-FASTNR-2EA3F9-001,NMDC-410110,NMDC,"Anchor Bolt, SS316, SIZE M10 x 40 600#",FASTENER|BOLT|STAINLESS_STEEL|SS_316|M10_X_40|40_MM|ASME_B182,STANDALONE,,,
8a42a2db-c4fa-5267-a469-31408c85bd2b,CMM-FASTNR-2F69BE-001,CIL-400229,Coal India,SPARE-COAL CUTTER PICK M20 Tungsten Carbide,FASTENER|TUNGSTEN_CARBIDE|M20|IS_4772,STANDALONE,,,
5a89588e-ebcf-586a-a217-aae4635086de,CMM-FASTNR-31709C-001,NTPC-200121,NTPC,SPARE-M12 x 50 Anchor Bolt - Grade 10.9 300#,FASTENER|BOLT|GRADE_109|M12_X_50|50_MM,STANDALONE,,,
4a89ed56-714d-5822-bda4-8d42381713f4,CMM-FASTNR-323585-001,ONGC-100143,ONGC,STORES ITEM HEX NUT 150# SS304 M10 x 40,FASTENER|NUT|HEX|STAINLESS_STEEL|SS_304|M10_X_40|40_MM|ASTM_A193|ZINC_PLATED,STANDALONE,,,
dd18f215-dd7d-5a24-b1d6-b305f58fc515,CMM-FASTNR-35E39D-001,NTPC-200156,NTPC,"IND.ANCHOR BOLT, Grade 8.8, SIZE M10 x 40 150#",FASTENER|BOLT|GRADE_88|M10_X_40|40_MM|ASME_B182,STANDALONE,,,
8e0193a4-c6f1-52d0-9743-ee1def5e07f8,CMM-FASTNR-35F8E7-001,NMDC-410229,NMDC,M24 x 100 Ore Crusher Hammer - Manganese Steel,FASTENER|MANGANESE_STEEL|M24_X_100|100_MM|IS_4772,STANDALONE,,,
260de584-248b-5d9a-8a77-25f22ffece26,CMM-FASTNR-363346-001,NMDC-410230,NMDC,"SPARE-Ore Crusher Hammer, Manganese Steel, SIZE M24 x 100",FASTENER|MANGANESE_STEEL|M24_X_100|100_MM|IS_4772|ZINC_PLATED,STANDALONE,,,
37514840-6b90-51ed-ba05-4d6ddb050e2b,CMM-FASTNR-375FF8-001,BHEL-500116,BHEL,M12 x 50 SOCKET HEAD SCREW - Grade 10.9 600#,FASTENER|GRADE_109|M12_X_50|50_MM|IS_1367|ZINC_PLATED,STANDALONE,,,
4f9f7265-0645-5f38-8b25-7dc0bebe766b,CMM-FASTNR-388BEA-001,NMDC-410244,NMDC,ORE CRUSHER HAMMER Manganese Steel M24 x 100,FASTENER|MANGANESE_STEEL|M24_X_100|100_MM|IS_4772|ZINC_PLATED,STANDALONE,,,
41c4df77-31f8-5b8f-b8b7-0de2ea01ccfb,CMM-FASTNR-39EA95-001,BHEL-500098,BHEL,IND.M10 x 40 Hex Nut - Grade 10.9,FASTENER|NUT|HEX|GRADE_109|M10_X_40|40_MM|ZINC_PLATED,DIRECT_ACCEPTED,CAN-022831;CAN-022832;CAN-022833,NMC-REVIEWER-CHIEF,
6aa98fe9-914b-5e66-8341-d143c7f59e24,CMM-FASTNR-39EA95-001,HPCL-120100,HPCL,SPARE-M10 x 40 HEX NUT - Grade 10.9,FASTENER|NUT|HEX|GRADE_109|M10_X_40|40_MM|ZINC_PLATED,DIRECT_ACCEPTED,CAN-022831;CAN-022862;CAN-022863,NMC-REVIEWER-CHIEF,
c2bbece8-c3e8-56c2-93ae-53d486e1c92e,CMM-FASTNR-39EA95-001,ONGC-100097,ONGC,STORES ITEM M10 x 40 HEX NUT - Grade 10.9,FASTENER|NUT|HEX|GRADE_109|M10_X_40|40_MM|ZINC_PLATED,DIRECT_ACCEPTED,CAN-022833;CAN-022863;CAN-022893,NMC-REVIEWER-CHIEF,
3d2becaf-8218-5219-a48d-2e2a06b71f66,CMM-FASTNR-39EA95-001,SAIL-300102,SAIL,M10 x 40 Hex Nut - Grade 10.9,FASTENER|NUT|HEX|GRADE_109|M10_X_40|40_MM|ZINC_PLATED,DIRECT_ACCEPTED,CAN-022832;CAN-022862;CAN-022893,NMC-REVIEWER-CHIEF,
0666db70-5a90-5343-9c63-7bd807f167d0,CMM-FASTNR-3A0E89-001,NMDC-410209,NMDC,ORE CRUSHER HAMMER M24 x 100 Manganese Steel,FASTENER|MANGANESE_STEEL|M24_X_100|100_MM|IS_4772,STANDALONE,,,
6fc85a39-5e19-5e9d-ac31-292daaba37f0,CMM-FASTNR-3A7DA8-001,CIL-400236,Coal India,SPARE-Coal Cutter Pick Tungsten Carbide M20,FASTENER|TUNGSTEN_CARBIDE|M20|IS_4772,STANDALONE,,,
ce37333a-4e0d-5180-afae-450949172a3d,CMM-FASTNR-3AF121-001,BHEL-500010,BHEL,BOLT HEX M16 x 65 Grade B7,FASTENER|BOLT|GRADE_B7|M16_X_65|65_MM|ASME_B182,DIRECT_ACCEPTED,CAN-002281;CAN-002282,NMC-REVIEWER-CHIEF,
696c08c5-d778-51e6-a767-f22e1c90a7ad,CMM-FASTNR-3AF121-001,HPCL-120007,HPCL,"BOLT HEX, Grade B7, SIZE M16 x 65",FASTENER|BOLT|GRADE_B7|M16_X_65|65_MM|ASME_B182,DIRECT_ACCEPTED,CAN-002281;CAN-002312,NMC-REVIEWER-CHIEF,
006a209d-de68-5cdc-a0b2-6a37ae6663d0,CMM-FASTNR-3AF121-001,IOCL-110011,IOCL,"BOLT HEX, Grade B7, SIZE M16 x 65",FASTENER|BOLT|GRADE_B7|M16_X_65|65_MM|ASME_B182,DIRECT_ACCEPTED,CAN-002282;CAN-002312,NMC-REVIEWER-CHIEF,
c5a0466a-98a2-547b-9143-3eb6aa2b7040,CMM-FASTNR-3B5A1B-001,IOCL-110076,IOCL,"SPARE-Hex Bolt, Carbon Steel, SIZE M24 x 100",FASTENER|BOLT|HEX|CARBON_STEEL|CARBON_STEEL|M24_X_100|100_MM|IS_1367,STANDALONE,,,
9fe004f3-2b14-5ef5-bd68-349c54f26a62,CMM-FASTNR-412B68-001,BHEL-500008,BHEL,"HEX NUT, Grade 8.8, SIZE M12 x 50",FASTENER|NUT|HEX|GRADE_88|M12_X_50|50_MM|ASTM_A193,DIRECT_ACCEPTED,CAN-001772;CAN-001802;CAN-001833;CAN-001834;CAN-001835;CAN-001836;CAN-001837,NMC-REVIEWER-CHIEF,
e638f9b4-9727-5baf-bb5a-6ea32edf33ad,CMM-FASTNR-412B68-001,BHEL-500107,BHEL,IND.Hex Nut M12 x 50 Grade 8.8,FASTENER|NUT|HEX|GRADE_88|M12_X_50|50_MM|ASTM_A193,DIRECT_ACCEPTED,CAN-001776;CAN-001806;CAN-001866;CAN-001896;CAN-001926;CAN-024906;CAN-024907,NMC-REVIEWER-CHIEF,
4d66169c-6aef-5171-bb7a-55c6acc1256a,CMM-FASTNR-412B68-001,HPCL-120006,HPCL,HEX NUT M12 x 50 Grade 8.8,FASTENER|NUT|HEX|GRADE_88|M12_X_50|50_MM|ASTM_A193,DIRECT_ACCEPTED,CAN-001775;CAN-001805;CAN-001835;CAN-001865;CAN-001895;CAN-001926;CAN-001927,NMC-REVIEWER-CHIEF,
ee8b50c2-d24e-53eb-a6cb-678c12b4f21a,CMM-FASTNR-412B68-001,HPCL-120112,HPCL,M12 x 50 Hex Nut - Grade 8.8,FASTENER|NUT|HEX|GRADE_88|M12_X_50|50_MM|ASTM_A193,DIRECT_ACCEPTED,CAN-001778;CAN-001808;CAN-001837;CAN-001867;CAN-001898;CAN-024907;CAN-024937,NMC-REVIEWER-CHIEF,
c137e494-4c6d-58ea-86f4-28139c1a7ccb,CMM-FASTNR-412B68-001,IOCL-110008,IOCL,STORES ITEM M12 x 50 HEX NUT - Grade 8.8,FASTENER|NUT|HEX|GRADE_88|M12_X_50|50_MM|ASTM_A193,DIRECT_ACCEPTED,CAN-001774;CAN-001804;CAN-001834;CAN-001864;CAN-001895;CAN-001896;CAN-001897;CAN-001898,NMC-REVIEWER-CHIEF,
b2a4faf8-e37a-5a82-90fe-8f9a9b26579d,CMM-FASTNR-412B68-001,NMDC-410008,NMDC,IND.M12 x 50 Hex Nut - Grade 8.8,FASTENER|NUT|HEX|GRADE_88|M12_X_50|50_MM|ASTM_A193,DIRECT_ACCEPTED,CAN-001773;CAN-001803;CAN-001833;CAN-001864;CAN-001865;CAN-001866;CAN-001867,NMC-REVIEWER-CHIEF,
f1db8efe-8711-5fbc-bdf2-546c9a70bbd7,CMM-FASTNR-412B68-001,NMDC-410105,NMDC,M12 x 50 Hex Nut - Grade 8.8,FASTENER|NUT|HEX|GRADE_88|M12_X_50|50_MM|ASTM_A193,DIRECT_ACCEPTED,CAN-001777;CAN-001807;CAN-001836;CAN-001897;CAN-001927;CAN-024906;CAN-024937,NMC-REVIEWER-CHIEF,
6cd23f7e-ecf7-5df5-919a-414da30d1496,CMM-FASTNR-412B68-001,NTPC-200009,NTPC,SPARE-Hex Nut M12 x 50 Grade 8.8,FASTENER|NUT|HEX|GRADE_88|M12_X_50|50_MM|ASTM_A193,DIRECT_ACCEPTED,CAN-001771;CAN-001772;CAN-001773;CAN-001774;CAN-001775;CAN-001776;CAN-001777;CAN-001778,NMC-REVIEWER-CHIEF,
b0ab39f5-9745-5ff2-9739-473e0084627d,CMM-FASTNR-412B68-001,SAIL-300010,SAIL,SPARE-HEX NUT M12 x 50 Grade 8.8,FASTENER|NUT|HEX|GRADE_88|M12_X_50|50_MM|ASTM_A193,DIRECT_ACCEPTED,CAN-001771;CAN-001802;CAN-001803;CAN-001804;CAN-001805;CAN-001806;CAN-001807;CAN-001808,NMC-REVIEWER-CHIEF,
ea9d80d9-c3f1-508a-b6ec-f3ac3d8d961d,CMM-FASTNR-4242AE-001,ONGC-100179,ONGC,M16 x 65 SOCKET HEAD SCREW - Grade 10.9 600#,FASTENER|GRADE_109|M16_X_65|65_MM|ZINC_PLATED,STANDALONE,,,
9942fa87-dcef-582b-be62-75ca7347f18a,CMM-FASTNR-42C94D-001,NMDC-410255,NMDC,IND.M24 x 100 Ore Crusher Hammer - Manganese Steel,FASTENER|MANGANESE_STEEL|M24_X_100|100_MM|IS_4772|ZINC_PLATED,STANDALONE,,,
57df166e-9e75-5d1e-b71d-f26111287346,CMM-FASTNR-42CB56-001,BHEL-500103,BHEL,Anchor Bolt Carbon Steel M24 x 100,FASTENER|BOLT|CARBON_STEEL|CARBON_STEEL|M24_X_100|100_MM,DIRECT_ACCEPTED,CAN-024063;CAN-024093;CAN-024123;CAN-024154;CAN-024155,NMC-REVIEWER-CHIEF,
87f9eee2-28b7-50bc-9002-3671127a18bc,CMM-FASTNR-42CB56-001,CIL-400095,Coal India,IND.Anchor Bolt M24 x 100 Carbon Steel,FASTENER|BOLT|CARBON_STEEL|CARBON_STEEL|M24_X_100|100_MM,DIRECT_ACCEPTED,CAN-024065;CAN-024095;CAN-024125;CAN-024155;CAN-024185,NMC-REVIEWER-CHIEF,
d49c6b35-697b-54e7-a8a8-d519582f936e,CMM-FASTNR-42CB56-001,HPCL-120106,HPCL,ANCHOR BOLT Carbon Steel M24 x 100,FASTENER|BOLT|CARBON_STEEL|CARBON_STEEL|M24_X_100|100_MM,DIRECT_ACCEPTED,CAN-024061;CAN-024092;CAN-024093;CAN-024094;CAN-024095,NMC-REVIEWER-CHIEF,
7761300a-a343-58a2-a36a-9aa233c61f1c,CMM-FASTNR-42CB56-001,IOCL-110097,IOCL,SPARE-M24 x 100 ANCHOR BOLT - Carbon Steel,FASTENER|BOLT|CARBON_STEEL|CARBON_STEEL|M24_X_100|100_MM,DIRECT_ACCEPTED,CAN-024064;CAN-024094;CAN-024124;CAN-024154;CAN-024185,NMC-REVIEWER-CHIEF,
d2412034-2dc3-5e0e-b8d6-546effafaabe,CMM-FASTNR-42CB56-001,NMDC-410102,NMDC,IND.Anchor Bolt Carbon Steel M24 x 100,FASTENER|BOLT|CARBON_STEEL|CARBON_STEEL|M24_X_100|100_MM,DIRECT_ACCEPTED,CAN-024061;CAN-024062;CAN-024063;CAN-024064;CAN-024065,NMC-REVIEWER-CHIEF,
7229a791-bf7c-544d-80e3-3b05ec75731e,CMM-FASTNR-42CB56-001,NTPC-200094,NTPC,"Anchor Bolt, Carbon Steel, SIZE M24 x 100",FASTENER|BOLT|CARBON_STEEL|CARBON_STEEL|M24_X_100|100_MM,DIRECT_ACCEPTED,CAN-024062;CAN-024092;CAN-024123;CAN-024124;CAN-024125,NMC-REVIEWER-CHIEF,
820e4420-528a-5955-a344-8677f13f3dea,CMM-FASTNR-459DCA-001,IOCL-110045,IOCL,M10 x 40 Hex Nut - SS304,FASTENER|NUT|HEX|STAINLESS_STEEL|SS_304|M10_X_40|40_MM|IS_1367,DIRECT_ACCEPTED,CAN-009841;CAN-009842;CAN-009843,NMC-REVIEWER-CHIEF,
d5b430f9-2213-5f67-8aba-2835b454768a,CMM-FASTNR-459DCA-001,NMDC-410043,NMDC,Hex Nut M10 x 40 SS304,FASTENER|NUT|HEX|STAINLESS_STEEL|SS_304|M10_X_40|40_MM|IS_1367,DIRECT_ACCEPTED,CAN-009841;CAN-009872;CAN-009873,NMC-REVIEWER-CHIEF,
de071847-6f4a-54e1-9587-161574a4b502,CMM-FASTNR-459DCA-001,ONGC-100039,ONGC,IND.M10 x 40 Hex Nut - SS304,FASTENER|NUT|HEX|STAINLESS_STEEL|SS_304|M10_X_40|40_MM|IS_1367,DIRECT_ACCEPTED,CAN-009842;CAN-009872;CAN-009903,NMC-REVIEWER-CHIEF,
86848008-c738-5509-ac00-0d7cb262f32e,CMM-FASTNR-459DCA-001,SAIL-300046,SAIL,SPARE-Hex Nut SS304 M10 x 40,FASTENER|NUT|HEX|STAINLESS_STEEL|SS_304|M10_X_40|40_MM|IS_1367,DIRECT_ACCEPTED,CAN-009843;CAN-009873;CAN-009903,NMC-REVIEWER-CHIEF,
6ab9153e-7cee-5d5c-8917-e0199055b821,CMM-FASTNR-48248D-001,CIL-400196,Coal India,STORES ITEM COAL CUTTER PICK M20 Tungsten Carbide,FASTENER|TUNGSTEN_CARBIDE|M20|IS_4772,STANDALONE,,,
8cb4ef3e-e848-5585-a150-beb21045b651,CMM-FASTNR-482EC1-001,NMDC-410155,NMDC,STORES ITEM M24 x 100 Hex Nut - Alloy Steel 300#,FASTENER|NUT|HEX|ALLOY_STEEL|M24_X_100|100_MM|ZINC_PLATED,STANDALONE,,,
426aca78-f586-55e7-971b-143b34077688,CMM-FASTNR-4B5921-001,IOCL-110163,IOCL,IND.Stud Bolt 150# Grade 8.8 M20 x 80,FASTENER|BOLT|GRADE_88|M20_X_80|80_MM,STANDALONE,,,
410fa074-d051-5a19-a453-d51549beb7b3,CMM-FASTNR-4B6F96-001,NMDC-410235,NMDC,Ore Crusher Hammer Manganese Steel M24 x 100,FASTENER|MANGANESE_STEEL|M24_X_100|100_MM|IS_4772,STANDALONE,,,
cb4dbefb-3559-5d0e-a69c-3f123deffe0c,CMM-FASTNR-4D72B7-001,CIL-400253,Coal India,STORES ITEM Coal Cutter Pick Tungsten Carbide M20,FASTENER|TUNGSTEN_CARBIDE|M20|IS_4772|ZINC_PLATED,STANDALONE,,,
6f78b2f1-b81c-5675-b987-cd8afbc49e9d,CMM-FASTNR-51DD5C-001,SAIL-300134,SAIL,Anchor Bolt 150# Grade 8.8 M12 x 50,FASTENER|BOLT|GRADE_88|M12_X_50|50_MM,STANDALONE,,,
a21cff68-ff45-559d-88eb-c0a168fbb59d,CMM-FASTNR-528678-001,SAIL-300186,SAIL,M10 x 40 Hex Bolt - Grade 10.9 300#,FASTENER|BOLT|HEX|GRADE_109|M10_X_40|40_MM|ASME_B182|ZINC_PLATED,STANDALONE,,,
622cd370-3135-5a75-bff1-76f29e02fd66,CMM-FASTNR-531DD1-001,NMDC-410135,NMDC,IND.Hex Nut 300# Carbon Steel M12 x 50,FASTENER|NUT|HEX|CARBON_STEEL|CARBON_STEEL|M12_X_50|50_MM|IS_1367|ZINC_PLATED,STANDALONE,,,
d16ed7c5-5757-5763-8831-55e1e2e9453c,CMM-FASTNR-588016-001,CIL-400201,Coal India,M20 Coal Cutter Pick - Tungsten Carbide,FASTENER|TUNGSTEN_CARBIDE|M20|IS_4772,STANDALONE,,,
da27bfcb-7d04-5fd1-a95e-6ee7b0c3e353,CMM-FASTNR-58C523-001,IOCL-110144,IOCL,"STORES ITEM Hex Nut, Grade B7, SIZE M10 x 40 300#",FASTENER|NUT|HEX|GRADE_B7|M10_X_40|40_MM|ASME_B182,DIRECT_ACCEPTED,CAN-036901,NMC-REVIEWER-CHIEF,
798352fc-648f-5b9c-bb64-8f574040e3a2,CMM-FASTNR-58C523-001,NMDC-410158,NMDC,HEX NUT M10 x 40 Grade B7 150#,FASTENER|NUT|HEX|GRADE_B7|M10_X_40|40_MM|ASME_B182,DIRECT_ACCEPTED,CAN-036901,NMC-REVIEWER-CHIEF,
550d48bf-2569-58cd-97a2-2b0f7bed6346,CMM-FASTNR-590D1C-001,NMDC-410203,NMDC,Ore Crusher Hammer M24 x 100 Manganese Steel,FASTENER|MANGANESE_STEEL|M24_X_100|100_MM|IS_4772|ZINC_PLATED,STANDALONE,,,
e0ed2707-550f-59a6-a700-c866a1dbc6df,CMM-FASTNR-599121-001,CIL-400223,Coal India,STORES ITEM Coal Cutter Pick Tungsten Carbide M20,FASTENER|TUNGSTEN_CARBIDE|M20|IS_4772|ZINC_PLATED,STANDALONE,,,
c8433757-2f2b-5e06-9be8-61abdb9df8ab,CMM-FASTNR-59C34E-001,BHEL-500134,BHEL,HEX NUT M12 x 50 Alloy Steel 150#,FASTENER|NUT|HEX|ALLOY_STEEL|M12_X_50|50_MM|IS_1367|ZINC_PLATED,STANDALONE,,,
c738a9da-5bc6-5a16-8ff2-c6705e8dbbf8,CMM-FASTNR-5C0E61-001,CIL-400069,Coal India,SPARE-BOLT HEX M24 x 100 Carbon Steel,FASTENER|BOLT|CARBON_STEEL|CARBON_STEEL|M24_X_100|100_MM|IS_1367,DIRECT_ACCEPTED,CAN-018601,NMC-REVIEWER-CHIEF,
46c0dc89-fc1e-56b5-8194-a5f3d226de97,CMM-FASTNR-5C0E61-001,NMDC-410083,NMDC,SPARE-M24 x 100 BOLT HEX - Carbon Steel,FASTENER|BOLT|CARBON_STEEL|CARBON_STEEL|M24_X_100|100_MM|IS_1367,DIRECT_ACCEPTED,CAN-018601,NMC-REVIEWER-CHIEF,
33597041-9142-59e5-9f0a-92efba64dd7a,CMM-FASTNR-5CF330-001,NMDC-410258,NMDC,M24 x 100 ORE CRUSHER HAMMER - Manganese Steel,FASTENER|MANGANESE_STEEL|M24_X_100|100_MM|IS_4772,STANDALONE,,,
a3f52722-a6ab-52a5-b911-19a4c228089e,CMM-FASTNR-5DBADE-001,CIL-400127,Coal India,SPARE-Socket Head Screw 150# SS304 M24 x 100,FASTENER|STAINLESS_STEEL|SS_304|M24_X_100|100_MM|ASTM_A193,STANDALONE,,,
5934c71e-f3ed-5fdc-8afd-bb008c40a095,CMM-FASTNR-5F1FAF-001,CIL-400147,Coal India,STORES ITEM Anchor Bolt M10 x 40 Grade 8.8 150#,FASTENER|BOLT|GRADE_88|M10_X_40|40_MM|ASTM_A193,STANDALONE,,,
4aa5bb34-343a-5795-9902-c46689e021cd,CMM-FASTNR-62EDAB-001,SAIL-300131,SAIL,"STORES ITEM SOCKET HEAD SCREW, Grade 8.8, SIZE M16 x 65 150#",FASTENER|GRADE_88|M16_X_65|65_MM|ASME_B182,STANDALONE,,,
0e6086d6-9de7-5260-b3d8-0e051a197fd7,CMM-FASTNR-6342F2-001,SAIL-300152,SAIL,"STORES ITEM FLAT WASHER, Alloy Steel, SIZE M24 x 100 300#",FASTENER|WASHER|ALLOY_STEEL|M24_X_100|100_MM|ASME_B182,STANDALONE,,,
3cfe38c5-a7a9-513d-ba6c-ec8f004ca768,CMM-FASTNR-63D01D-001,NMDC-410129,NMDC,"Hex Bolt, Grade 8.8, SIZE M16 x 65 150#",FASTENER|BOLT|HEX|GRADE_88|M16_X_65|65_MM|IS_1367|ZINC_PLATED,STANDALONE,,,
33c8e9ee-fd1d-581e-b8ae-5a3d5bd1b1e7,CMM-FASTNR-64D9FA-001,BHEL-500183,BHEL,IND.Socket Head Screw 150# Grade B7 M16 x 65,FASTENER|GRADE_B7|M16_X_65|65_MM,DIRECT_ACCEPTED,CAN-043501,NMC-REVIEWER-CHIEF,
df92cdb3-4853-5081-9bf6-7e28d36e3275,CMM-FASTNR-64D9FA-001,NMDC-410182,NMDC,IND.Socket Head Screw 300# Grade B7 M16 x 65,FASTENER|GRADE_B7|M16_X_65|65_MM,DIRECT_ACCEPTED,CAN-043501,NMC-REVIEWER-CHIEF,
b9531666-0063-5c16-b551-2b03637e2597,CMM-FASTNR-6661BD-001,ONGC-100114,ONGC,SPARE-Anchor Bolt 300# SS304 M10 x 40,FASTENER|BOLT|STAINLESS_STEEL|SS_304|M10_X_40|40_MM|ASME_B182,STANDALONE,,,
40beb219-ee3b-5b2c-bbad-93d8a701ef66,CMM-FASTNR-677AC8-001,CIL-400190,Coal India,Hex Bolt M12 x 50 Grade 10.9 300#,FASTENER|BOLT|HEX|GRADE_109|M12_X_50|50_MM|ZINC_PLATED,STANDALONE,,,
524dffbe-3c8c-5c35-b844-0017df029654,CMM-FASTNR-684D49-001,NMDC-410236,NMDC,IND.M24 x 100 Ore Crusher Hammer - Manganese Steel,FASTENER|MANGANESE_STEEL|M24_X_100|100_MM|IS_4772|ZINC_PLATED,STANDALONE,,,
e0de6b9b-1f25-584d-93ad-10431e3f1e62,CMM-FASTNR-685EAD-001,CIL-400258,Coal India,IND.COAL CUTTER PICK M20 Tungsten Carbide,FASTENER|TUNGSTEN_CARBIDE|M20|IS_4772,STANDALONE,,,
3452d22b-261d-59e6-907f-3e1d6a35c803,CMM-FASTNR-69B63E-001,CIL-400252,Coal India,STORES ITEM M20 Coal Cutter Pick - Tungsten Carbide,FASTENER|TUNGSTEN_CARBIDE|M20|IS_4772,STANDALONE,,,
987db613-9b6a-5369-a7a7-525d3cb6eecc,CMM-FASTNR-6A90D7-001,NMDC-410216,NMDC,IND.ORE CRUSHER HAMMER Manganese Steel M24 x 100,FASTENER|MANGANESE_STEEL|M24_X_100|100_MM|IS_4772,STANDALONE,,,
48e78110-b791-5f54-a955-0bf13bde4fb7,CMM-FASTNR-6B8218-001,NMDC-410010,NMDC,"SPARE-Hex Bolt, Grade B7, SIZE M16 x 65",FASTENER|BOLT|HEX|GRADE_B7|M16_X_65|65_MM|ASME_B182,DIRECT_ACCEPTED,CAN-002251,NMC-REVIEWER-CHIEF,
a637d67c-6b89-5113-9647-dfeabd58bcf1,CMM-FASTNR-6B8218-001,SAIL-300013,SAIL,Hex Bolt Grade B7 M16 x 65,FASTENER|BOLT|HEX|GRADE_B7|M16_X_65|65_MM|ASME_B182,DIRECT_ACCEPTED,CAN-002251,NMC-REVIEWER-CHIEF,
fc431f32-196f-5e48-955a-3f0521558a5e,CMM-FASTNR-6C0170-001,NMDC-410264,NMDC,SPARE-ORE CRUSHER HAMMER Manganese Steel M24 x 100,FASTENER|MANGANESE_STEEL|M24_X_100|100_MM|IS_4772,STANDALONE,,,
2d0b1076-1317-5d7a-a11e-8f0f9181825e,CMM-FASTNR-6E500C-001,BHEL-500126,BHEL,"STORES ITEM Hex Bolt, Grade 10.9, SIZE M16 x 65 600#",FASTENER|BOLT|HEX|GRADE_109|M16_X_65|65_MM|IS_1367|ZINC_PLATED,STANDALONE,,,
92132c34-b2f9-5e05-b421-86d72b1d104c,CMM-FASTNR-707EC9-001,CIL-400271,Coal India,IND.Coal Cutter Pick Tungsten Carbide M20,FASTENER|TUNGSTEN_CARBIDE|M20|IS_4772|ZINC_PLATED,STANDALONE,,,
325a457e-ae79-5244-a635-46a891595e3a,CMM-FASTNR-70A5EF-001,CIL-400239,Coal India,M20 Coal Cutter Pick - Tungsten Carbide,FASTENER|TUNGSTEN_CARBIDE|M20|IS_4772,STANDALONE,,,
fbaa5e53-f86b-53c3-be07-2274dc7764e0,CMM-FASTNR-70CED1-001,NMDC-410233,NMDC,"ORE CRUSHER HAMMER, Manganese Steel, SIZE M24 x 100",FASTENER|MANGANESE_STEEL|M24_X_100|100_MM|IS_4772,STANDALONE,,,
a20a3352-c31a-5db0-af20-a4ca1c01a0fa,CMM-FASTNR-70F0BA-001,ONGC-100167,ONGC,M24 x 100 Stud Bolt - Grade 8.8 600#,FASTENER|BOLT|GRADE_88|M24_X_100|100_MM|ASME_B182,STANDALONE,,,
107fa91d-a7c1-577d-9f02-193683863282,CMM-FASTNR-72AFE4-001,NMDC-410207,NMDC,IND.M24 x 100 Ore Crusher Hammer - Manganese Steel,FASTENER|MANGANESE_STEEL|M24_X_100|100_MM|IS_4772|ZINC_PLATED,STANDALONE,,,
1c0eb650-44d3-5744-a8ae-444611f5e987,CMM-FASTNR-72C249-001,NMDC-410217,NMDC,"IND.ORE CRUSHER HAMMER, Manganese Steel, SIZE M24 x 100",FASTENER|MANGANESE_STEEL|M24_X_100|100_MM|IS_4772,STANDALONE,,,
ae3aee9c-613a-5d56-84a9-d794f7b5adca,CMM-FASTNR-733884-001,NMDC-410128,NMDC,IND.M16 x 65 Hex Bolt - Grade 8.8 300#,FASTENER|BOLT|HEX|GRADE_88|M16_X_65|65_MM|ASME_B182,STANDALONE,,,
292471ba-22f3-51e1-ba8e-a859c1c0d24f,CMM-FASTNR-7426EC-001,HPCL-120076,HPCL,Hex Nut M20 x 80 Carbon Steel,FASTENER|NUT|HEX|CARBON_STEEL|CARBON_STEEL|M20_X_80|80_MM,DIRECT_ACCEPTED,CAN-017252;CAN-017282;CAN-017313;CAN-017314;CAN-017315,NMC-REVIEWER-CHIEF,
e77185cd-d8f9-55ed-bee7-559b2a11f8b6,CMM-FASTNR-7426EC-001,IOCL-110069,IOCL,SPARE-M20 x 80 Hex Nut - Carbon Steel,FASTENER|NUT|HEX|CARBON_STEEL|CARBON_STEEL|M20_X_80|80_MM,DIRECT_ACCEPTED,CAN-017255;CAN-017285;CAN-017315;CAN-017345;CAN-017375,NMC-REVIEWER-CHIEF,
9f6c46a1-e861-5db9-b48a-7e525af2b209,CMM-FASTNR-7426EC-001,NMDC-410078,NMDC,"HEX NUT, Carbon Steel, SIZE M20 x 80",FASTENER|NUT|HEX|CARBON_STEEL|CARBON_STEEL|M20_X_80|80_MM,DIRECT_ACCEPTED,CAN-017251;CAN-017252;CAN-017253;CAN-017254;CAN-017255,NMC-REVIEWER-CHIEF,
edc41824-6627-5adb-8730-e81280cd2328,CMM-FASTNR-7426EC-001,NTPC-200068,NTPC,"IND.HEX NUT, Carbon Steel, SIZE M20 x 80",FASTENER|NUT|HEX|CARBON_STEEL|CARBON_STEEL|M20_X_80|80_MM,DIRECT_ACCEPTED,CAN-017254;CAN-017284;CAN-017314;CAN-017344;CAN-017375,NMC-REVIEWER-CHIEF,
3aa846f4-835d-5560-bf02-77bf8ac2b5c5,CMM-FASTNR-7426EC-001,ONGC-100071,ONGC,"SPARE-Hex Nut, Carbon Steel, SIZE M20 x 80",FASTENER|NUT|HEX|CARBON_STEEL|CARBON_STEEL|M20_X_80|80_MM,DIRECT_ACCEPTED,CAN-017251;CAN-017282;CAN-017283;CAN-017284;CAN-017285,NMC-REVIEWER-CHIEF,
ae2c147d-8304-5f30-828d-cce9c750fde6,CMM-FASTNR-7426EC-001,SAIL-300080,SAIL,"IND.Hex Nut, Carbon Steel, SIZE M20 x 80",FASTENER|NUT|HEX|CARBON_STEEL|CARBON_STEEL|M20_X_80|80_MM,DIRECT_ACCEPTED,CAN-017253;CAN-017283;CAN-017313;CAN-017344;CAN-017345,NMC-REVIEWER-CHIEF,
72ad6fa4-e581-56f8-a9b0-40529958a01e,CMM-FASTNR-75EF56-001,IOCL-110118,IOCL,"HEX NUT, Alloy Steel, SIZE M20 x 80 150#",FASTENER|NUT|HEX|ALLOY_STEEL|M20_X_80|80_MM|ASTM_A193,STANDALONE,,,
7e67c776-156c-5d4e-8d79-a316e5e6ec2a,CMM-FASTNR-79903B-001,CIL-400093,Coal India,SPARE-M20 x 80 Anchor Bolt - SS304,FASTENER|BOLT|STAINLESS_STEEL|SS_304|M20_X_80|80_MM,DIRECT_ACCEPTED,CAN-023641;CAN-023672;CAN-023673,NMC-REVIEWER-CHIEF,
f3ef0642-36af-5980-a5e5-db0075e71161,CMM-FASTNR-79903B-001,HPCL-120103,HPCL,"IND.Anchor Bolt, SS304, SIZE M20 x 80",FASTENER|BOLT|STAINLESS_STEEL|SS_304|M20_X_80|80_MM,DIRECT_ACCEPTED,CAN-023642;CAN-023672;CAN-023703,NMC-REVIEWER-CHIEF,
3a24829d-0cc7-5bf4-a905-c36369380b29,CMM-FASTNR-79903B-001,NTPC-200093,NTPC,SPARE-Anchor Bolt M20 x 80 SS304,FASTENER|BOLT|STAINLESS_STEEL|SS_304|M20_X_80|80_MM,DIRECT_ACCEPTED,CAN-023641;CAN-023642;CAN-023643,NMC-REVIEWER-CHIEF,
c374ebea-b5a9-52d0-bccd-0bca346a40d2,CMM-FASTNR-79903B-001,SAIL-300106,SAIL,SPARE-ANCHOR BOLT M20 x 80 SS304,FASTENER|BOLT|STAINLESS_STEEL|SS_304|M20_X_80|80_MM,DIRECT_ACCEPTED,CAN-023643;CAN-023673;CAN-023703,NMC-REVIEWER-CHIEF,
affdd67a-e205-58f3-810a-e21bb3f4e385,CMM-FASTNR-79F7B5-001,HPCL-120005,HPCL,STORES ITEM HEX NUT SS304 M16 x 65,FASTENER|NUT|HEX|STAINLESS_STEEL|SS_304|M16_X_65|65_MM,DIRECT_ACCEPTED,CAN-001681;CAN-001712,NMC-REVIEWER-CHIEF,
126f7338-aee0-5f16-8fc6-e788f5d50ec3,CMM-FASTNR-79F7B5-001,NMDC-410007,NMDC,HEX NUT M16 x 65 SS304,FASTENER|NUT|HEX|STAINLESS_STEEL|SS_304|M16_X_65|65_MM,DIRECT_ACCEPTED,CAN-001681;CAN-001682,NMC-REVIEWER-CHIEF,
fa97506d-2121-5c73-bbb4-a772480dacdb,CMM-FASTNR-79F7B5-001,NTPC-200008,NTPC,STORES ITEM HEX NUT M16 x 65 SS304,FASTENER|NUT|HEX|STAINLESS_STEEL|SS_304|M16_X_65|65_MM,DIRECT_ACCEPTED,CAN-001682;CAN-001712,NMC-REVIEWER-CHIEF,
1e87682d-3d67-5462-b28b-e8a7890b9277,CMM-FASTNR-7AC8DE-001,CIL-400166,Coal India,STORES ITEM Hex Bolt 300# SS316 M12 x 50,FASTENER|BOLT|HEX|STAINLESS_STEEL|SS_316|M12_X_50|50_MM|ZINC_PLATED,STANDALONE,,,
b7dbda2a-a054-5582-8cf6-0c232c6fb851,CMM-FASTNR-7B5EA4-001,NMDC-410194,NMDC,IND.Ore Crusher Hammer Manganese Steel M24 x 100,FASTENER|MANGANESE_STEEL|M24_X_100|100_MM|IS_4772,STANDALONE,,,
9f4aaccc-1739-567d-9229-71da269c255b,CMM-FASTNR-7DFD49-001,CIL-400233,Coal India,SPARE-Coal Cutter Pick M20 Tungsten Carbide,FASTENER|TUNGSTEN_CARBIDE|M20|IS_4772,STANDALONE,,,
70766dbe-d7d7-5370-a9bb-dd48fffb158c,CMM-FASTNR-7E743D-001,CIL-400212,Coal India,STORES ITEM M20 COAL CUTTER PICK - Tungsten Carbide,FASTENER|TUNGSTEN_CARBIDE|M20|IS_4772,STANDALONE,,,
1ab64dee-1066-5217-9cef-577d2b604c90,CMM-FASTNR-7E8976-001,CIL-400195,Coal India,SPARE-M20 Coal Cutter Pick - Tungsten Carbide,FASTENER|TUNGSTEN_CARBIDE|M20|IS_4772,STANDALONE,,,
7a254ff1-df69-54f8-973d-8ae34db43bdf,CMM-FASTNR-805C80-001,CIL-400262,Coal India,STORES ITEM COAL CUTTER PICK Tungsten Carbide M20,FASTENER|TUNGSTEN_CARBIDE|M20|IS_4772|ZINC_PLATED,STANDALONE,,,
b890942b-6f7f-5931-a19b-b0ae6f4a7130,CMM-FASTNR-80EC9A-001,NMDC-410202,NMDC,"ORE CRUSHER HAMMER, Manganese Steel, SIZE M24 x 100",FASTENER|MANGANESE_STEEL|M24_X_100|100_MM|IS_4772|ZINC_PLATED,STANDALONE,,,
9c4a798f-08ab-5278-988f-631fc9ade9f9,CMM-FASTNR-867DA9-001,NMDC-410254,NMDC,ORE CRUSHER HAMMER Manganese Steel M24 x 100,FASTENER|MANGANESE_STEEL|M24_X_100|100_MM|IS_4772,STANDALONE,,,
8e411615-43ac-58ae-a5a8-53fed14f0ee9,CMM-FASTNR-874628-001,SAIL-300165,SAIL,"STORES ITEM HX BOLT, Grade 8.8, SIZE M20 x 80 300#",FASTENER|BOLT|GRADE_88|M20_X_80|80_MM|IS_1367,STANDALONE,,,
c2822378-f977-5373-b490-23031e1625ff,CMM-FASTNR-87EE42-001,NMDC-410146,NMDC,IND.BOLT HEX M10 x 40 Grade B7 600#,FASTENER|BOLT|GRADE_B7|M10_X_40|40_MM|IS_1367,DIRECT_ACCEPTED,CAN-034621,NMC-REVIEWER-CHIEF,
d4f25a23-b0a0-5ed1-ad1b-afecf62e39fd,CMM-FASTNR-87EE42-001,ONGC-100150,ONGC,"SPARE-HX BOLT, Grade B7, SIZE M10 x 40 300#",FASTENER|BOLT|GRADE_B7|M10_X_40|40_MM|IS_1367,DIRECT_ACCEPTED,CAN-034621,NMC-REVIEWER-CHIEF,
89f289f3-e2ae-54bc-8647-193a1f4ecac8,CMM-FASTNR-88E4CA-001,ONGC-100174,ONGC,"STORES ITEM Hex Nut, Grade 8.8, SIZE M10 x 40 600#",FASTENER|NUT|HEX|GRADE_88|M10_X_40|40_MM|IS_1367,STANDALONE,,,
9a3cbdc8-f2f5-51dd-be1e-98d943b56200,CMM-FASTNR-8AAAB9-001,CIL-400228,Coal India,IND.COAL CUTTER PICK M20 Tungsten Carbide,FASTENER|TUNGSTEN_CARBIDE|M20|IS_4772,STANDALONE,,,
539edda5-43a8-542a-b0b5-712df43b9610,CMM-FASTNR-8BF2FF-001,NMDC-410268,NMDC,Ore Crusher Hammer M24 x 100 Manganese Steel,FASTENER|MANGANESE_STEEL|M24_X_100|100_MM|IS_4772|ZINC_PLATED,STANDALONE,,,
de8df4cf-26b6-546e-b2bf-c751bfa9cabf,CMM-FASTNR-8FB594-001,CIL-400182,Coal India,"Stud Bolt, Alloy Steel, SIZE M16 x 65 600#",FASTENER|BOLT|ALLOY_STEEL|M16_X_65|65_MM|ASTM_A193,DIRECT_ACCEPTED,CAN-039511,NMC-REVIEWER-CHIEF,
a6074f82-b02c-5c73-9946-ff603cd445db,CMM-FASTNR-8FB594-001,IOCL-110152,IOCL,"Anchor Bolt, Alloy Steel, SIZE M16 x 65 300#",FASTENER|BOLT|ALLOY_STEEL|M16_X_65|65_MM|ASTM_A193,DIRECT_ACCEPTED,CAN-039511,NMC-REVIEWER-CHIEF,
02ceb3c0-d601-503d-88a1-618644379179,CMM-FASTNR-90BA4C-001,NMDC-410175,NMDC,SPARE-BOLT HEX M20 x 80 Alloy Steel 150#,FASTENER|BOLT|ALLOY_STEEL|M20_X_80|80_MM|ASTM_A193,STANDALONE,,,
118e2500-6aaa-5e02-9fa5-5c3966d71545,CMM-FASTNR-912BFD-001,CIL-400185,Coal India,IND.Hex Bolt 300# Grade 10.9 M16 x 65,FASTENER|BOLT|HEX|GRADE_109|M16_X_65|65_MM|ASME_B182,DIRECT_ACCEPTED,CAN-030391,NMC-REVIEWER-CHIEF,
83cc083a-4760-5584-af80-ddcf308d6c0e,CMM-FASTNR-912BFD-001,HPCL-120133,HPCL,SPARE-Hex Bolt M16 x 65 Grade 10.9 600#,FASTENER|BOLT|HEX|GRADE_109|M16_X_65|65_MM|ASME_B182,DIRECT_ACCEPTED,CAN-030391,NMC-REVIEWER-CHIEF,
680bb8f1-9f43-5e91-9a9e-da8feea04ff6,CMM-FASTNR-92FC46-001,ONGC-100195,ONGC,STORES ITEM Hex Bolt M10 x 40 Grade 8.8 600#,FASTENER|BOLT|HEX|GRADE_88|M10_X_40|40_MM|ASME_B182|ZINC_PLATED,STANDALONE,,,
5d7b4f2a-8d78-5050-91b3-31e1618b0dc3,CMM-FASTNR-93C14A-001,ONGC-100131,ONGC,M24 x 100 SOCKET HEAD SCREW - SS316 300#,FASTENER|STAINLESS_STEEL|SS_316|M24_X_100|100_MM|ASTM_A193,STANDALONE,,,
bcebff13-6ca9-565b-b384-afca5f1bdf67,CMM-FASTNR-93E627-001,NMDC-410267,NMDC,SPARE-Ore Crusher Hammer Manganese Steel M24 x 100,FASTENER|MANGANESE_STEEL|M24_X_100|100_MM|IS_4772,STANDALONE,,,
b4121b74-7e55-5637-8fd6-4679583a50c9,CMM-FASTNR-964AC9-001,CIL-400249,Coal India,SPARE-COAL CUTTER PICK Tungsten Carbide M20,FASTENER|TUNGSTEN_CARBIDE|M20|IS_4772,STANDALONE,,,
05af8a59-609b-5853-9871-c7219731753b,CMM-FASTNR-9B1B0A-001,IOCL-110129,IOCL,IND.M24 x 100 Stud Bolt - Grade B7 150#,FASTENER|BOLT|GRADE_B7|M24_X_100|100_MM|ASME_B182|ZINC_PLATED,DIRECT_ACCEPTED,CAN-033481,NMC-REVIEWER-CHIEF,
c7ee9e51-7fd0-5d4e-940a-d048e7f96cd1,CMM-FASTNR-9B1B0A-001,NMDC-410140,NMDC,STORES ITEM Stud Bolt M24 x 100 Grade B7 300#,FASTENER|BOLT|GRADE_B7|M24_X_100|100_MM|ASME_B182|ZINC_PLATED,DIRECT_ACCEPTED,CAN-033481,NMC-REVIEWER-CHIEF,
bc1e1f86-792f-5dbf-a79e-7fd95cfd63ac,CMM-FASTNR-9D9AC4-001,CIL-400202,Coal India,Coal Cutter Pick M20 Tungsten Carbide,FASTENER|TUNGSTEN_CARBIDE|M20|IS_4772,STANDALONE,,,
a9339254-c41c-56d7-9ec5-bcf893ac0f92,CMM-FASTNR-9F40C9-001,NMDC-410186,NMDC,"STORES ITEM HEX NUT, Grade 8.8, SIZE M16 x 65 600#",FASTENER|NUT|HEX|GRADE_88|M16_X_65|65_MM|ASTM_A193|ZINC_PLATED,STANDALONE,,,
5a884b1b-0680-51ee-98c8-2d7c8617d8a6,CMM-FASTNR-A037B5-001,NTPC-200112,NTPC,"SPARE-ANCHOR BOLT, Alloy Steel, SIZE M24 x 100 600#",FASTENER|BOLT|ALLOY_STEEL|M24_X_100|100_MM|ZINC_PLATED,STANDALONE,,,
2842b61f-21a6-5937-926c-fd8d28b9ef6f,CMM-FASTNR-A1A35C-001,BHEL-500167,BHEL,"Stud Bolt, Grade B7, SIZE M10 x 40 300#",FASTENER|BOLT|GRADE_B7|M10_X_40|40_MM|ASTM_A193|ZINC_PLATED,DIRECT_ACCEPTED,CAN-039241,NMC-REVIEWER-CHIEF,
7b35702d-a614-5691-91a6-63193eefbfdf,CMM-FASTNR-A1A35C-001,NMDC-410169,NMDC,"SPARE-Stud Bolt, Grade B7, SIZE M10 x 40 150#",FASTENER|BOLT|GRADE_B7|M10_X_40|40_MM|ASTM_A193|ZINC_PLATED,DIRECT_ACCEPTED,CAN-039241,NMC-REVIEWER-CHIEF,
57f85b9d-bb93-5e1a-8663-1d77a03d42ab,CMM-FASTNR-A2AB0B-001,BHEL-500019,BHEL,IND.M16 x 65 Socket Head Screw - Carbon Steel,FASTENER|CARBON_STEEL|CARBON_STEEL|M16_X_65|65_MM,DIRECT_ACCEPTED,CAN-004681;CAN-004682;CAN-004683;CAN-004684,NMC-REVIEWER-CHIEF,
7c0699e6-296f-5e8d-9f3f-990272a54f29,CMM-FASTNR-A2AB0B-001,CIL-400016,Coal India,"Socket Head Screw, Carbon Steel, SIZE M16 x 65",FASTENER|CARBON_STEEL|CARBON_STEEL|M16_X_65|65_MM,DIRECT_ACCEPTED,CAN-004684;CAN-004714;CAN-004744;CAN-004774,NMC-REVIEWER-CHIEF,
bf77c4bc-2b06-518d-914c-a57b4ac911e8,CMM-FASTNR-A2AB0B-001,HPCL-120021,HPCL,"IND.SOCKET HEAD SCREW, Carbon Steel, SIZE M16 x 65",FASTENER|CARBON_STEEL|CARBON_STEEL|M16_X_65|65_MM,DIRECT_ACCEPTED,CAN-004683;CAN-004713;CAN-004743;CAN-004774,NMC-REVIEWER-CHIEF,
ed81395e-a77b-5477-9ee9-055cc4736118,CMM-FASTNR-A2AB0B-001,NTPC-200020,NTPC,STORES ITEM M16 x 65 SOCKET HEAD SCREW - Carbon Steel,FASTENER|CARBON_STEEL|CARBON_STEEL|M16_X_65|65_MM,DIRECT_ACCEPTED,CAN-004681;CAN-004712;CAN-004713;CAN-004714,NMC-REVIEWER-CHIEF,
71f36299-630d-53ab-a76f-37cacb3284ae,CMM-FASTNR-A2AB0B-001,SAIL-300024,SAIL,SPARE-Socket Head Screw M16 x 65 Carbon Steel,FASTENER|CARBON_STEEL|CARBON_STEEL|M16_X_65|65_MM,DIRECT_ACCEPTED,CAN-004682;CAN-004712;CAN-004743;CAN-004744,NMC-REVIEWER-CHIEF,
de5b1793-4120-5de4-a4ce-9c69b0a36757,CMM-FASTNR-A59C6C-001,CIL-400209,Coal India,IND.Coal Cutter Pick Tungsten Carbide M20,FASTENER|TUNGSTEN_CARBIDE|M20|IS_4772|ZINC_PLATED,STANDALONE,,,
8dd8d2d9-dd14-5b0a-b6b5-78b4362a8214,CMM-FASTNR-A72A9B-001,CIL-400266,Coal India,SPARE-M20 Coal Cutter Pick - Tungsten Carbide,FASTENER|TUNGSTEN_CARBIDE|M20|IS_4772|ZINC_PLATED,STANDALONE,,,
be1ff8a8-b4e0-5822-abbf-3244757d93d5,CMM-FASTNR-A82C5B-001,CIL-400056,Coal India,M10 x 40 SOCKET HEAD SCREW - Grade B7,FASTENER|GRADE_B7|M10_X_40|40_MM|IS_1367,DIRECT_ACCEPTED,CAN-014403;CAN-014433;CAN-014463;CAN-014494;CAN-014495;CAN-014496;CAN-014497,NMC-REVIEWER-CHIEF,
9a430d6b-d089-5448-ad8f-79aa8dc006d2,CMM-FASTNR-A82C5B-001,HPCL-120063,HPCL,STORES ITEM M10 x 40 SOCKET HEAD SCREW - Grade B7,FASTENER|GRADE_B7|M10_X_40|40_MM|IS_1367,DIRECT_ACCEPTED,CAN-014401;CAN-014432;CAN-014433;CAN-014434;CAN-014435;CAN-014436,NMC-REVIEWER-CHIEF,
cede36e9-2a57-525b-a53c-6264e548438d,CMM-FASTNR-A82C5B-001,HPCL-120150,HPCL,M10 x 40 Socket Head Screw - Grade B7 300#,FASTENER|GRADE_B7|M10_X_40|40_MM|IS_1367,DIRECT_ACCEPTED,CAN-014407;CAN-014467;CAN-014497;CAN-014527;CAN-014556;CAN-035346,NMC-REVIEWER-CHIEF,
4aa88cbe-cf41-5d71-bda0-7c2dfa538314,CMM-FASTNR-A82C5B-001,NMDC-410063,NMDC,"Socket Head Screw, Grade B7, SIZE M10 x 40",FASTENER|GRADE_B7|M10_X_40|40_MM|IS_1367,DIRECT_ACCEPTED,CAN-014401;CAN-014402;CAN-014403;CAN-014404;CAN-014405;CAN-014406;CAN-014407,NMC-REVIEWER-CHIEF,
a08d0c90-8acc-5378-ba3e-92b4dbbb50fd,CMM-FASTNR-A82C5B-001,NTPC-200057,NTPC,M10 x 40 Socket Head Screw - Grade B7,FASTENER|GRADE_B7|M10_X_40|40_MM|IS_1367,DIRECT_ACCEPTED,CAN-014402;CAN-014432;CAN-014463;CAN-014464;CAN-014465;CAN-014466;CAN-014467,NMC-REVIEWER-CHIEF,
254c5b51-21ef-5841-a095-8116fcdfa91c,CMM-FASTNR-A82C5B-001,ONGC-100059,ONGC,STORES ITEM M10 x 40 Socket Head Screw - Grade B7,FASTENER|GRADE_B7|M10_X_40|40_MM|IS_1367,DIRECT_ACCEPTED,CAN-014405;CAN-014435;CAN-014465;CAN-014495;CAN-014525;CAN-014556,NMC-REVIEWER-CHIEF,
a000ac84-6114-5fee-9ecc-b55f42d1410f,CMM-FASTNR-A82C5B-001,ONGC-100155,ONGC,STORES ITEM Socket Head Screw M10 x 40 Grade B7 150#,FASTENER|GRADE_B7|M10_X_40|40_MM|IS_1367,DIRECT_ACCEPTED,CAN-014406;CAN-014436;CAN-014466;CAN-014496;CAN-014526;CAN-035346,NMC-REVIEWER-CHIEF,
6115f62e-193e-57a0-aa71-9f7d8d2c56a7,CMM-FASTNR-A82C5B-001,SAIL-300069,SAIL,IND.M10 x 40 SOCKET HEAD SCREW - Grade B7,FASTENER|GRADE_B7|M10_X_40|40_MM|IS_1367,DIRECT_ACCEPTED,CAN-014404;CAN-014434;CAN-014464;CAN-014494;CAN-014525;CAN-014526;CAN-014527,NMC-REVIEWER-CHIEF,
71a5941b-31e9-587d-b6b1-e2fdb56d7c4b,CMM-FASTNR-AB8D46-001,NMDC-410240,NMDC,SPARE-ORE CRUSHER HAMMER M24 x 100 Manganese Steel,FASTENER|MANGANESE_STEEL|M24_X_100|100_MM|IS_4772,STANDALONE,,,
dc0b5837-2ef0-54d5-89aa-577d43ef15ac,CMM-FASTNR-ABBB06-001,CIL-400215,Coal India,"SPARE-Coal Cutter Pick, Tungsten Carbide, SIZE M20",FASTENER|TUNGSTEN_CARBIDE|M20|IS_4772,STANDALONE,,,
3c391cb8-6d4b-5d94-a37c-035bc87588e3,CMM-FASTNR-AE0702-001,BHEL-500155,BHEL,IND.STUD BOLT M12 x 50 Grade B7 600#,FASTENER|BOLT|GRADE_B7|M12_X_50|50_MM|IS_1367,DIRECT_ACCEPTED,CAN-035761,NMC-REVIEWER-CHIEF,
b8b1c4fc-1609-55d9-a94f-4447408b9952,CMM-FASTNR-AE0702-001,IOCL-110137,IOCL,IND.Stud Bolt M12 x 50 Grade B7 300#,FASTENER|BOLT|GRADE_B7|M12_X_50|50_MM|IS_1367,DIRECT_ACCEPTED,CAN-035761,NMC-REVIEWER-CHIEF,
d80a5a10-eef8-5e46-93a5-72dafd80c949,CMM-FASTNR-AE173B-001,SAIL-300169,SAIL,Anchor Bolt M10 x 40 Grade 10.9 600#,FASTENER|BOLT|GRADE_109|M10_X_40|40_MM|ASME_B182,STANDALONE,,,
c4b50be0-3fed-57f2-ac60-83c7b2cd5700,CMM-FASTNR-AE7085-001,SAIL-300175,SAIL,"STORES ITEM Socket Head Screw, Grade 8.8, SIZE M16 x 65 300#",FASTENER|GRADE_88|M16_X_65|65_MM|ZINC_PLATED,STANDALONE,,,
18fa04cc-6508-59c9-b280-f575092796ad,CMM-FASTNR-B017A6-001,BHEL-500082,BHEL,M20 x 80 Hex Nut - Carbon Steel,FASTENER|NUT|HEX|CARBON_STEEL|CARBON_STEEL|M20_X_80|80_MM|ASME_B182,DIRECT_ACCEPTED,CAN-019141;CAN-019172;CAN-019173,NMC-REVIEWER-CHIEF,
cda323b3-53a5-50de-81b7-5c88b6d2bed4,CMM-FASTNR-B017A6-001,CIL-400071,Coal India,Hex Nut Carbon Steel M20 x 80,FASTENER|NUT|HEX|CARBON_STEEL|CARBON_STEEL|M20_X_80|80_MM|ASME_B182,DIRECT_ACCEPTED,CAN-019143;CAN-019173;CAN-019203,NMC-REVIEWER-CHIEF,
43bbf5ef-4df9-5666-9600-9f295cc96317,CMM-FASTNR-B017A6-001,NTPC-200079,NTPC,STORES ITEM M20 x 80 HEX NUT - Carbon Steel,FASTENER|NUT|HEX|CARBON_STEEL|CARBON_STEEL|M20_X_80|80_MM|ASME_B182,DIRECT_ACCEPTED,CAN-019142;CAN-019172;CAN-019203,NMC-REVIEWER-CHIEF,
f1a118cc-2a12-593c-955c-6e7cacd5f116,CMM-FASTNR-B017A6-001,ONGC-100080,ONGC,"HEX NUT, Carbon Steel, SIZE M20 x 80",FASTENER|NUT|HEX|CARBON_STEEL|CARBON_STEEL|M20_X_80|80_MM|ASME_B182,DIRECT_ACCEPTED,CAN-019141;CAN-019142;CAN-019143,NMC-REVIEWER-CHIEF,
5f151e6f-9587-5016-ba10-56984391ef9b,CMM-FASTNR-B0430D-001,NTPC-200134,NTPC,M10 x 40 BOLT HEX - Grade 10.9 300#,FASTENER|BOLT|GRADE_109|M10_X_40|40_MM|IS_1367,STANDALONE,,,
48905e63-8047-51d5-b23c-c66e9e07ff67,CMM-FASTNR-B1846A-001,BHEL-500139,BHEL,STORES ITEM Hex Bolt 150# Grade 8.8 M10 x 40,FASTENER|BOLT|HEX|GRADE_88|M10_X_40|40_MM|IS_1367,DIRECT_ACCEPTED,CAN-032371,NMC-REVIEWER-CHIEF,
d2309630-3379-507f-b4c0-fdb473b30306,CMM-FASTNR-B1846A-001,HPCL-120151,HPCL,STORES ITEM Hex Bolt 300# Grade 8.8 M10 x 40,FASTENER|BOLT|HEX|GRADE_88|M10_X_40|40_MM|IS_1367,DIRECT_ACCEPTED,CAN-032371,NMC-REVIEWER-CHIEF,
f31208d5-321d-5b4c-96dc-2d415d11040c,CMM-FASTNR-B46359-001,BHEL-500177,BHEL,Hex Nut M10 x 40 Grade 10.9 150#,FASTENER|NUT|HEX|GRADE_109|M10_X_40|40_MM|ASME_B182,STANDALONE,,,
ce0b8994-d78c-5617-8664-050b49e4962b,CMM-FASTNR-B4A1EA-001,CIL-400018,Coal India,ANCHOR BOLT Carbon Steel M20 x 80,FASTENER|BOLT|CARBON_STEEL|CARBON_STEEL|M20_X_80|80_MM|ASME_B182,DIRECT_ACCEPTED,CAN-005371;CAN-005372;CAN-005373;CAN-005374,NMC-REVIEWER-CHIEF,
efc50e8b-769b-597a-854c-dde5735343d9,CMM-FASTNR-B4A1EA-001,HPCL-120025,HPCL,ANCHOR BOLT Carbon Steel M20 x 80,FASTENER|BOLT|CARBON_STEEL|CARBON_STEEL|M20_X_80|80_MM|ASME_B182,DIRECT_ACCEPTED,CAN-005371;CAN-005402;CAN-005403;CAN-005404,NMC-REVIEWER-CHIEF,
1ab709bf-61b1-50be-a26b-3df60df52639,CMM-FASTNR-B4A1EA-001,IOCL-110027,IOCL,ANCHOR BOLT M20 x 80 Carbon Steel,FASTENER|BOLT|CARBON_STEEL|CARBON_STEEL|M20_X_80|80_MM|ASME_B182,DIRECT_ACCEPTED,CAN-005372;CAN-005402;CAN-005433;CAN-005434,NMC-REVIEWER-CHIEF,
adcdaab2-b94c-5948-8084-499f8afdc06c,CMM-FASTNR-B4A1EA-001,NMDC-410023,NMDC,"Anchor Bolt, Carbon Steel, SIZE M20 x 80",FASTENER|BOLT|CARBON_STEEL|CARBON_STEEL|M20_X_80|80_MM|ASME_B182,DIRECT_ACCEPTED,CAN-005374;CAN-005404;CAN-005434;CAN-005464,NMC-REVIEWER-CHIEF,
fcaa812f-4793-5220-aa62-f5a2f7c7ff98,CMM-FASTNR-B4A1EA-001,ONGC-100022,ONGC,SPARE-M20 x 80 Anchor Bolt - Carbon Steel,FASTENER|BOLT|CARBON_STEEL|CARBON_STEEL|M20_X_80|80_MM|ASME_B182,DIRECT_ACCEPTED,CAN-005373;CAN-005403;CAN-005433;CAN-005464,NMC-REVIEWER-CHIEF,
95988626-20b5-5972-a196-10d93fd12cbd,CMM-FASTNR-B5D9B4-001,CIL-400269,Coal India,Coal Cutter Pick M20 Tungsten Carbide,FASTENER|TUNGSTEN_CARBIDE|M20|IS_4772,STANDALONE,,,
0cb3b0d9-2026-57fb-b811-ddf9948f2550,CMM-FASTNR-B810F4-001,BHEL-500094,BHEL,IND.HX BOLT Grade B7 M20 x 80,FASTENER|BOLT|GRADE_B7|M20_X_80|80_MM|ASME_B182,DIRECT_ACCEPTED,CAN-021841;CAN-021932,NMC-REVIEWER-CHIEF,
ad0898b0-b720-5d63-bd3f-c6f7e2f8e9ca,CMM-FASTNR-B810F4-001,ONGC-100092,ONGC,"STORES ITEM BOLT HEX, Grade B7, SIZE M20 x 80",FASTENER|BOLT|GRADE_B7|M20_X_80|80_MM|ASME_B182,DIRECT_ACCEPTED,CAN-021841;CAN-021842,NMC-REVIEWER-CHIEF,
5ed54e24-07f1-544c-993e-8c1619bdd034,CMM-FASTNR-B810F4-001,SAIL-300098,SAIL,BOLT HEX Grade B7 M20 x 80,FASTENER|BOLT|GRADE_B7|M20_X_80|80_MM|ASME_B182,DIRECT_ACCEPTED,CAN-021842;CAN-021932,NMC-REVIEWER-CHIEF,
ba7f6686-a557-50e5-9865-ff138a4f74f6,CMM-FASTNR-B982D3-001,ONGC-100178,ONGC,IND.M20 x 80 HX BOLT - Carbon Steel 300#,FASTENER|BOLT|CARBON_STEEL|CARBON_STEEL|M20_X_80|80_MM|ASTM_A193,STANDALONE,,,
6a12bd55-7992-5f17-94e2-1ab1571e35a7,CMM-FASTNR-BA072B-001,BHEL-500182,BHEL,SPARE-STUD BOLT 600# Carbon Steel M10 x 40,FASTENER|BOLT|CARBON_STEEL|CARBON_STEEL|M10_X_40|40_MM|ASTM_A193|ZINC_PLATED,STANDALONE,,,
86fef04f-29f8-5c0d-99f6-08980cc9a57d,CMM-FASTNR-BAA11F-001,NTPC-200114,NTPC,Socket Head Screw 150# Grade 8.8 M12 x 50,FASTENER|GRADE_88|M12_X_50|50_MM|IS_1367|ZINC_PLATED,STANDALONE,,,
4a287b87-8d7f-579c-b682-765a32db41ae,CMM-FASTNR-BCCDD8-001,CIL-400035,Coal India,M24 x 100 HEX NUT - Grade 10.9,FASTENER|NUT|HEX|GRADE_109|M24_X_100|100_MM|ZINC_PLATED,DIRECT_ACCEPTED,CAN-010201;CAN-010202;CAN-010203,NMC-REVIEWER-CHIEF,
26b9b924-69ec-5b2b-9909-36ff13bf7ed9,CMM-FASTNR-BCCDD8-001,NMDC-410045,NMDC,"SPARE-HEX NUT, Grade 10.9, SIZE M24 x 100",FASTENER|NUT|HEX|GRADE_109|M24_X_100|100_MM|ZINC_PLATED,DIRECT_ACCEPTED,CAN-010203;CAN-010233;CAN-010263,NMC-REVIEWER-CHIEF,
8e3cdc40-7ce4-5819-9e3a-9e15326ff2ac,CMM-FASTNR-BCCDD8-001,NTPC-200041,NTPC,M24 x 100 Hex Nut - Grade 10.9,FASTENER|NUT|HEX|GRADE_109|M24_X_100|100_MM|ZINC_PLATED,DIRECT_ACCEPTED,CAN-010201;CAN-010232;CAN-010233,NMC-REVIEWER-CHIEF,
b75beea3-ea9a-5d31-8375-ceb065e6e4f9,CMM-FASTNR-BCCDD8-001,ONGC-100040,ONGC,M24 x 100 Hex Nut - Grade 10.9,FASTENER|NUT|HEX|GRADE_109|M24_X_100|100_MM|ZINC_PLATED,DIRECT_ACCEPTED,CAN-010202;CAN-010232;CAN-010263,NMC-REVIEWER-CHIEF,
ef67a485-b523-5599-9b70-76e7ec5ce297,CMM-FASTNR-BD32DD-001,CIL-400213,Coal India,"STORES ITEM COAL CUTTER PICK, Tungsten Carbide, SIZE M20",FASTENER|TUNGSTEN_CARBIDE|M20|IS_4772,STANDALONE,,,
86ef420b-0731-51fa-ba07-cdcc42c896d6,CMM-FASTNR-BDCB57-001,NMDC-410218,NMDC,ORE CRUSHER HAMMER Manganese Steel M24 x 100,FASTENER|MANGANESE_STEEL|M24_X_100|100_MM|IS_4772,STANDALONE,,,
0da0c66f-48a6-5953-9a00-f0f25e249c6f,CMM-FASTNR-BE26DC-001,CIL-400107,Coal India,STORES ITEM M16 x 65 ANCHOR BOLT - Alloy Steel 150#,FASTENER|BOLT|ALLOY_STEEL|M16_X_65|65_MM|ASME_B182,STANDALONE,,,
93a5ef4b-8e74-511b-8d35-bc3a1b94f2cf,CMM-FASTNR-BF5BE1-001,IOCL-110120,IOCL,SPARE-M10 x 40 HEX NUT - SS316 600#,FASTENER|NUT|HEX|STAINLESS_STEEL|SS_316|M10_X_40|40_MM|ASTM_A193|ZINC_PLATED,STANDALONE,,,
e6ce9a68-de5b-5915-a19f-24dfc6c9fed6,CMM-FASTNR-C119EB-001,ONGC-100161,ONGC,"HEX NUT, Alloy Steel, SIZE M12 x 50 150#",FASTENER|NUT|HEX|ALLOY_STEEL|M12_X_50|50_MM|ASTM_A193,STANDALONE,,,
b58310b0-5af7-5b6c-98ba-6ef727a6180a,CMM-FASTNR-C18604-001,BHEL-500083,BHEL,IND.FLAT WASHER M24 x 100 SS304,FASTENER|WASHER|STAINLESS_STEEL|SS_304|M24_X_100|100_MM|ASME_B182,DIRECT_ACCEPTED,CAN-019261;CAN-019262,NMC-REVIEWER-CHIEF,
757bdccc-a9c4-5e3a-bfb2-f3a9ea9355ad,CMM-FASTNR-C18604-001,CIL-400072,Coal India,"SPARE-FLAT WASHER, SS304, SIZE M24 x 100",FASTENER|WASHER|STAINLESS_STEEL|SS_304|M24_X_100|100_MM|ASME_B182,DIRECT_ACCEPTED,CAN-019261;CAN-019292,NMC-REVIEWER-CHIEF,
41bc9448-2426-5bb6-b5c5-e4ac69541f83,CMM-FASTNR-C18604-001,HPCL-120083,HPCL,SPARE-FLAT WASHER M24 x 100 SS304,FASTENER|WASHER|STAINLESS_STEEL|SS_304|M24_X_100|100_MM|ASME_B182,DIRECT_ACCEPTED,CAN-019262;CAN-019292,NMC-REVIEWER-CHIEF,
698628cd-7e65-53db-a34b-98242f966a00,CMM-FASTNR-C1D96C-001,SAIL-300191,SAIL,"SPARE-Hex Nut, Grade 10.9, SIZE M16 x 65 150#",FASTENER|NUT|HEX|GRADE_109|M16_X_65|65_MM|ASTM_A193|ZINC_PLATED,STANDALONE,,,
ff877c10-c357-5849-8fbf-8c8617e28aa5,CMM-FASTNR-C372D3-001,CIL-400260,Coal India,IND.COAL CUTTER PICK Tungsten Carbide M20,FASTENER|TUNGSTEN_CARBIDE|M20|IS_4772,STANDALONE,,,
3a595ceb-aec0-5187-9920-7eef4d4d8eac,CMM-FASTNR-C56053-001,ONGC-100118,ONGC,Anchor Bolt M16 x 65 Carbon Steel 300#,FASTENER|BOLT|CARBON_STEEL|CARBON_STEEL|M16_X_65|65_MM|ASME_B182,STANDALONE,,,
a3678f63-a88f-57fc-94bf-82bc9d53c619,CMM-FASTNR-C72FA0-001,NMDC-410234,NMDC,M24 x 100 ORE CRUSHER HAMMER - Manganese Steel,FASTENER|MANGANESE_STEEL|M24_X_100|100_MM|IS_4772,STANDALONE,,,
29bbedc2-22bb-5fa9-9935-9be37c8fdc53,CMM-FASTNR-CBFF3D-001,NTPC-200167,NTPC,SPARE-M16 x 65 SOCKET HEAD SCREW - SS304 300#,FASTENER|STAINLESS_STEEL|SS_304|M16_X_65|65_MM|IS_1367|ZINC_PLATED,STANDALONE,,,
30bd0c23-d992-50d0-aff1-f562fed6bc6d,CMM-FASTNR-CF6ED3-001,CIL-400205,Coal India,"Coal Cutter Pick, Tungsten Carbide, SIZE M20",FASTENER|TUNGSTEN_CARBIDE|M20|IS_4772,STANDALONE,,,
095db090-3493-591d-8e22-c3f12fdcffc8,CMM-FASTNR-CFB3CB-001,NTPC-200180,NTPC,HEX NUT 150# Grade B7 M20 x 80,FASTENER|NUT|HEX|GRADE_B7|M20_X_80|80_MM,DIRECT_ACCEPTED,CAN-044341,NMC-REVIEWER-CHIEF,
222b0362-5aa3-5acf-ae31-766e490b7a01,CMM-FASTNR-CFB3CB-001,ONGC-100202,ONGC,SPARE-Hex Nut 600# Grade B7 M20 x 80,FASTENER|NUT|HEX|GRADE_B7|M20_X_80|80_MM,DIRECT_ACCEPTED,CAN-044341,NMC-REVIEWER-CHIEF,
3d32cbf9-340c-5076-93ad-45aebd86ca31,CMM-FASTNR-D24A54-001,CIL-400265,Coal India,M20 COAL CUTTER PICK - Tungsten Carbide,FASTENER|TUNGSTEN_CARBIDE|M20|IS_4772|ZINC_PLATED,STANDALONE,,,
6566093e-cc4d-5d25-b90d-05cc9ee3d359,CMM-FASTNR-D2DC1A-001,CIL-400226,Coal India,"COAL CUTTER PICK, Tungsten Carbide, SIZE M20",FASTENER|TUNGSTEN_CARBIDE|M20|IS_4772,STANDALONE,,,
8180cf99-744e-5eb3-9d6a-f43d70f6fcbb,CMM-FASTNR-D382BF-001,CIL-400207,Coal India,IND.COAL CUTTER PICK Tungsten Carbide M20,FASTENER|TUNGSTEN_CARBIDE|M20|IS_4772|ZINC_PLATED,STANDALONE,,,
fd95e773-1566-5de9-844a-644cd23b97d1,CMM-FASTNR-D3A3E7-001,CIL-400168,Coal India,SPARE-M16 x 65 Anchor Bolt - Grade 8.8 150#,FASTENER|BOLT|GRADE_88|M16_X_65|65_MM|ASTM_A193|ZINC_PLATED,STANDALONE,,,
9a756a11-6fa4-5317-a537-b494c9ce373c,CMM-FASTNR-D4573F-001,CIL-400193,Coal India,IND.Coal Cutter Pick M20 Tungsten Carbide,FASTENER|TUNGSTEN_CARBIDE|M20|IS_4772|ZINC_PLATED,STANDALONE,,,
f7f4b633-9e90-5adc-8e3e-a2c22e268255,CMM-FASTNR-D4C90A-001,HPCL-120170,HPCL,HEX NUT 300# Grade 10.9 M10 x 40,FASTENER|NUT|HEX|GRADE_109|M10_X_40|40_MM|IS_1367,STANDALONE,,,
e314ae8a-58f2-5f12-b670-c7a7058538d6,CMM-FASTNR-DA5EC6-001,ONGC-100181,ONGC,STORES ITEM Hex Bolt 150# SS304 M12 x 50,FASTENER|BOLT|HEX|STAINLESS_STEEL|SS_304|M12_X_50|50_MM|ZINC_PLATED,STANDALONE,,,
6bab4c27-11c8-53f3-b6d9-96f315ee94e8,CMM-FASTNR-DC5D47-001,ONGC-100141,ONGC,STORES ITEM Hex Nut 600# Carbon Steel M20 x 80,FASTENER|NUT|HEX|CARBON_STEEL|CARBON_STEEL|M20_X_80|80_MM|ASTM_A193,STANDALONE,,,
6070d1d7-408c-560b-afc0-fb876bec9e4b,CMM-FASTNR-DD7446-001,ONGC-100156,ONGC,"Hex Bolt, Grade 10.9, SIZE M10 x 40 600#",FASTENER|BOLT|HEX|GRADE_109|M10_X_40|40_MM|IS_1367,STANDALONE,,,
098558a9-5ecb-5339-b156-25660779cdd3,CMM-FASTNR-DD91F0-001,BHEL-500120,BHEL,SOCKET HEAD SCREW 600# Grade 10.9 M16 x 65,FASTENER|GRADE_109|M16_X_65|65_MM|ASME_B182,STANDALONE,,,
63049fe1-6e08-593c-98a0-e7fc7772f15b,CMM-FASTNR-DFEB96-001,NMDC-410239,NMDC,"IND.Ore Crusher Hammer, Manganese Steel, SIZE M24 x 100",FASTENER|MANGANESE_STEEL|M24_X_100|100_MM|IS_4772,STANDALONE,,,
12e3dd2b-a358-56ff-a6a9-9cc6afc8dbb1,CMM-FASTNR-E193F8-001,NTPC-200152,NTPC,M24 x 100 STUD BOLT - Grade 10.9 300#,FASTENER|BOLT|GRADE_109|M24_X_100|100_MM|ASME_B182,STANDALONE,,,
61db2e7e-2be8-590b-aaef-94d7ccdd8a43,CMM-FASTNR-E57005-001,CIL-400042,Coal India,"Stud Bolt, Grade B7, SIZE M24 x 100",FASTENER|BOLT|GRADE_B7|M24_X_100|100_MM|ASTM_A193,DIRECT_ACCEPTED,CAN-011402;CAN-011432,NMC-REVIEWER-CHIEF,
5610e899-a10c-5817-9990-a4ac7f64e1ac,CMM-FASTNR-E57005-001,IOCL-110051,IOCL,SPARE-STUD BOLT Grade B7 M24 x 100,FASTENER|BOLT|GRADE_B7|M24_X_100|100_MM|ASTM_A193,DIRECT_ACCEPTED,CAN-011401;CAN-011432,NMC-REVIEWER-CHIEF,
bd6f84c6-9171-54ef-a58b-aa89b8eb358b,CMM-FASTNR-E57005-001,NTPC-200044,NTPC,STUD BOLT Grade B7 M24 x 100,FASTENER|BOLT|GRADE_B7|M24_X_100|100_MM|ASTM_A193,DIRECT_ACCEPTED,CAN-011401;CAN-011402,NMC-REVIEWER-CHIEF,
dbce16ea-a0b5-5ce5-a8f5-09147eec8b86,CMM-FASTNR-E870A7-001,CIL-400200,Coal India,STORES ITEM Coal Cutter Pick Tungsten Carbide M20,FASTENER|TUNGSTEN_CARBIDE|M20|IS_4772|ZINC_PLATED,STANDALONE,,,
15c90d67-9311-5db0-8cb2-8ec84c5c16db,CMM-FASTNR-EA26E2-001,NMDC-410275,NMDC,STORES ITEM ORE CRUSHER HAMMER M24 x 100 Manganese Steel,FASTENER|MANGANESE_STEEL|M24_X_100|100_MM|IS_4772|ZINC_PLATED,STANDALONE,,,
69bb12da-af5f-5bc1-b149-1163aed634f2,CMM-FASTNR-EB9980-001,CIL-400247,Coal India,"STORES ITEM COAL CUTTER PICK, Tungsten Carbide, SIZE M20",FASTENER|TUNGSTEN_CARBIDE|M20|IS_4772,STANDALONE,,,
10740e77-0ec7-5bcc-a021-7be5cc8ae1cd,CMM-FASTNR-ECEE31-001,IOCL-110156,IOCL,"Flat Washer, Grade B7, SIZE M12 x 50 300#",FASTENER|WASHER|GRADE_B7|M12_X_50|50_MM|ASME_B182,DIRECT_ACCEPTED,CAN-040501,NMC-REVIEWER-CHIEF,
79b6d3fd-e82b-5d2b-b049-77b63bc673fc,CMM-FASTNR-ECEE31-001,NTPC-200164,NTPC,STORES ITEM FLAT WASHER M12 x 50 Grade B7 150#,FASTENER|WASHER|GRADE_B7|M12_X_50|50_MM|ASME_B182,DIRECT_ACCEPTED,CAN-040501,NMC-REVIEWER-CHIEF,
6ffc6f62-5b7b-542b-8d38-e6ec88becccb,CMM-FASTNR-EF8E28-001,CIL-400047,Coal India,SPARE-Flat Washer Grade 10.9 M12 x 50,FASTENER|WASHER|GRADE_109|M12_X_50|50_MM|IS_1367|ZINC_PLATED,DIRECT_ACCEPTED,CAN-012571;CAN-012572,NMC-REVIEWER-CHIEF,
dce352e7-b5aa-594a-ab81-94ba6ceb34d2,CMM-FASTNR-EF8E28-001,IOCL-110056,IOCL,"FLAT WASHER, Grade 10.9, SIZE M12 x 50",FASTENER|WASHER|GRADE_109|M12_X_50|50_MM|IS_1367|ZINC_PLATED,DIRECT_ACCEPTED,CAN-012571;CAN-012602,NMC-REVIEWER-CHIEF,
ef702a3e-f062-5766-af54-4f5a649f90c5,CMM-FASTNR-EF8E28-001,SAIL-300060,SAIL,"SPARE-Flat Washer, Grade 10.9, SIZE M12 x 50",FASTENER|WASHER|GRADE_109|M12_X_50|50_MM|IS_1367|ZINC_PLATED,DIRECT_ACCEPTED,CAN-012572;CAN-012602,NMC-REVIEWER-CHIEF,
9c5d0880-8e78-5950-9c28-a0377c55d9d1,CMM-FASTNR-F10940-001,CIL-400210,Coal India,"COAL CUTTER PICK, Tungsten Carbide, SIZE M20",FASTENER|TUNGSTEN_CARBIDE|M20|IS_4772,STANDALONE,,,
9c2dc121-c7e0-541e-ad3e-f0660df3a8b6,CMM-FASTNR-F1E6CD-001,ONGC-100208,ONGC,HX BOLT M12 x 50 Grade 8.8 600#,FASTENER|BOLT|GRADE_88|M12_X_50|50_MM|ZINC_PLATED,STANDALONE,,,
dfbf2097-e2aa-57ce-a262-1a96f92fb349,CMM-FASTNR-F2986B-001,IOCL-110151,IOCL,"SPARE-Hex Nut, SS304, SIZE M16 x 65 150#",FASTENER|NUT|HEX|STAINLESS_STEEL|SS_304|M16_X_65|65_MM|ASME_B182|ZINC_PLATED,STANDALONE,,,
3e44b22d-f681-5f86-ab90-7b48f6785b89,CMM-FASTNR-F3B45B-001,NMDC-410210,NMDC,STORES ITEM ORE CRUSHER HAMMER Manganese Steel M24 x 100,FASTENER|MANGANESE_STEEL|M24_X_100|100_MM|IS_4772,STANDALONE,,,
b9ba5d42-8a54-51d8-b473-5ebe1c600920,CMM-FASTNR-F4128D-001,NMDC-410225,NMDC,SPARE-Ore Crusher Hammer Manganese Steel M24 x 100,FASTENER|MANGANESE_STEEL|M24_X_100|100_MM|IS_4772|ZINC_PLATED,STANDALONE,,,
f54e974a-c107-5d85-8b33-30efba0b84db,CMM-FASTNR-F4A0EA-001,CIL-400126,Coal India,M16 x 65 Hex Bolt - Grade 8.8 600#,FASTENER|BOLT|HEX|GRADE_88|M16_X_65|65_MM|ASTM_A193,STANDALONE,,,
985fd265-37fc-56eb-94ab-6e8af54ded9e,CMM-FASTNR-F58160-001,CIL-400263,Coal India,STORES ITEM M20 Coal Cutter Pick - Tungsten Carbide,FASTENER|TUNGSTEN_CARBIDE|M20|IS_4772,STANDALONE,,,
088fc261-123a-5342-8487-4e1ee77c2194,CMM-FASTNR-F992A6-001,ONGC-100122,ONGC,"Stud Bolt, Grade 8.8, SIZE M12 x 50 300#",FASTENER|BOLT|GRADE_88|M12_X_50|50_MM|ASTM_A193,STANDALONE,,,
569d9eda-69a5-518a-accd-0557be621451,CMM-FASTNR-F9A509-001,NMDC-410237,NMDC,"IND.Ore Crusher Hammer, Manganese Steel, SIZE M24 x 100",FASTENER|MANGANESE_STEEL|M24_X_100|100_MM|IS_4772,STANDALONE,,,
ccfb4ad6-3eff-5b35-87ba-a83590fb1a5b,CMM-FASTNR-FA7298-001,NMDC-410231,NMDC,M24 x 100 Ore Crusher Hammer - Manganese Steel,FASTENER|MANGANESE_STEEL|M24_X_100|100_MM|IS_4772|ZINC_PLATED,STANDALONE,,,
50d6b107-d8ce-59ed-8b57-61d90abbd79c,CMM-FASTNR-FC2A6B-001,SAIL-300159,SAIL,IND.HEX NUT 600# Carbon Steel M12 x 50,FASTENER|NUT|HEX|CARBON_STEEL|CARBON_STEEL|M12_X_50|50_MM|ASTM_A193,STANDALONE,,,
8989a829-ee75-563f-9c4a-f3c889e3653d,CMM-FASTNR-FCF6F1-001,CIL-400198,Coal India,COAL CUTTER PICK Tungsten Carbide M20,FASTENER|TUNGSTEN_CARBIDE|M20|IS_4772|ZINC_PLATED,STANDALONE,,,
a6dde93c-c3eb-5728-b93a-a8ed81957db8,CMM-FASTNR-FEE036-001,CIL-400218,Coal India,Coal Cutter Pick M20 Tungsten Carbide,FASTENER|TUNGSTEN_CARBIDE|M20|IS_4772|ZINC_PLATED,STANDALONE,,,
877df6f7-cf26-5847-a925-3e3bb19e9e7e,CMM-FASTNR-FF37FE-001,NMDC-410187,NMDC,IND.BOLT HEX M16 x 65 Grade 8.8 600#,FASTENER|BOLT|GRADE_88|M16_X_65|65_MM|ASME_B182,STANDALONE,,,
4c2512ab-d936-520b-9279-813ebb79fa74,CMM-INSTRU-001E9A-001,IOCL-110231,IOCL,"IND.REFINERY FLARE SENSOR, SS316, SIZE 1/2 in NPT",INSTRUMENTATION|STAINLESS_STEEL|SS_316|1_2_IN_NPT|API_537,STANDALONE,,,
166dd0f8-9560-5bac-8fa9-268c5162504d,CMM-INSTRU-014C39-001,HPCL-120053,HPCL,IND.1/2 in NPT RTD SENSOR - Polycarbonate,INSTRUMENTATION|POLYCARBONATE|1_2_IN_NPT|ASME_B40100,DIRECT_ACCEPTED,CAN-011582;CAN-011612;CAN-011643;CAN-011644;CAN-011645,NMC-REVIEWER-CHIEF,
26bd0f88-65e7-5ca0-9172-7fc31e54725a,CMM-INSTRU-014C39-001,IOCL-110052,IOCL,1/2 in NPT RTD SENSOR - Polycarbonate,INSTRUMENTATION|POLYCARBONATE|1_2_IN_NPT|ASME_B40100,DIRECT_ACCEPTED,CAN-011583;CAN-011613;CAN-011643;CAN-011674;CAN-011675,NMC-REVIEWER-CHIEF,
601331a0-a576-5218-a704-71df9e0069ac,CMM-INSTRU-014C39-001,NMDC-410049,NMDC,1/2 in NPT RTD Sensor - Polycarbonate,INSTRUMENTATION|POLYCARBONATE|1_2_IN_NPT|ASME_B40100,DIRECT_ACCEPTED,CAN-011581;CAN-011612;CAN-011613;CAN-011614;CAN-011615,NMC-REVIEWER-CHIEF,
6482ab88-21bc-55a0-9a93-9373aa21c7b8,CMM-INSTRU-014C39-001,NTPC-200046,NTPC,SPARE-RTD SENSOR Polycarbonate 1/2 in NPT,INSTRUMENTATION|POLYCARBONATE|1_2_IN_NPT|ASME_B40100,DIRECT_ACCEPTED,CAN-011584;CAN-011614;CAN-011644;CAN-011674;CAN-011705,NMC-REVIEWER-CHIEF,
20620f80-63ff-5a1b-8d8b-338f0ada39ff,CMM-INSTRU-014C39-001,ONGC-100047,ONGC,SPARE-1/2 in NPT RTD Sensor - Polycarbonate,INSTRUMENTATION|POLYCARBONATE|1_2_IN_NPT|ASME_B40100,DIRECT_ACCEPTED,CAN-011585;CAN-011615;CAN-011645;CAN-011675;CAN-011705,NMC-REVIEWER-CHIEF,
04e5cd99-347a-5a53-89a5-807e525d66f5,CMM-INSTRU-014C39-001,SAIL-300055,SAIL,RTD SENSOR 1/2 in NPT Polycarbonate,INSTRUMENTATION|POLYCARBONATE|1_2_IN_NPT|ASME_B40100,DIRECT_ACCEPTED,CAN-011581;CAN-011582;CAN-011583;CAN-011584;CAN-011585,NMC-REVIEWER-CHIEF,
7a2bb39a-0dc7-551d-b265-888e627fbc21,CMM-INSTRU-027BD0-001,BHEL-500020,BHEL,SPARE-0-100 bar FLOW METER - Brass,INSTRUMENTATION|BRASS|0_100_BAR|ASME_B40100,DIRECT_ACCEPTED,CAN-004831;CAN-004832;CAN-004833;CAN-004834;CAN-004835;CAN-004836;CAN-004837;CAN-004838;CAN-004839;CAN-004840;CAN-004841;CAN-004842,NMC-REVIEWER-CHIEF,
da20b5a5-14b8-5fb1-a0a5-6900091bc10c,CMM-INSTRU-027BD0-001,BHEL-500061,BHEL,0-100 bar Temperature Transmitter - Brass,INSTRUMENTATION|BRASS|0_100_BAR|ASME_B40100,DIRECT_ACCEPTED,CAN-004865;CAN-004895;CAN-014675;CAN-014705;CAN-014735;CAN-014736;CAN-014737;CAN-014738;CAN-014739;CAN-014740;CAN-014741;CAN-014742,NMC-REVIEWER-CHIEF,
e5c91085-c8f3-5d09-b254-8e30de6bc7b1,CMM-INSTRU-027BD0-001,BHEL-500104,BHEL,"IND.TEMPERATURE TRANSMITTER, Brass, SIZE 0-100 bar",INSTRUMENTATION|BRASS|0_100_BAR|ASME_B40100,DIRECT_ACCEPTED,CAN-004873;CAN-004903;CAN-014684;CAN-014713;CAN-014773;CAN-014803;CAN-014833;CAN-024253;CAN-024283;CAN-024313;CAN-024344;CAN-024373,NMC-REVIEWER-CHIEF,
9d515c53-a3b1-5ae6-b7c9-8e74e05cef20,CMM-INSTRU-027BD0-001,CIL-400058,Coal India,STORES ITEM TEMPERATURE TRANSMITTER Brass 0-100 bar,INSTRUMENTATION|BRASS|0_100_BAR|ASME_B40100,DIRECT_ACCEPTED,CAN-004834;CAN-004864;CAN-004894;CAN-014674;CAN-014705;CAN-014706;CAN-014707;CAN-014708;CAN-014709;CAN-014710;CAN-014711;CAN-014712;CAN-014713,NMC-REVIEWER-CHIEF,
53daed6b-8398-54d6-9e66-b781a3f05255,CMM-INSTRU-027BD0-001,CIL-400096,Coal India,"TEMPERATURE TRANSMITTER, Brass, SIZE 0-100 bar",INSTRUMENTATION|BRASS|0_100_BAR|ASME_B40100,DIRECT_ACCEPTED,CAN-004842;CAN-004872;CAN-004902;CAN-014683;CAN-014742;CAN-014772;CAN-014802;CAN-014832;CAN-024252;CAN-024282;CAN-024312;CAN-024343;CAN-024373,NMC-REVIEWER-CHIEF,
63d62216-41f2-5b6f-927e-4dd9193d4fbf,CMM-INSTRU-027BD0-001,HPCL-120064,HPCL,"Temperature Transmitter, Brass, SIZE 0-100 bar",INSTRUMENTATION|BRASS|0_100_BAR|ASME_B40100,DIRECT_ACCEPTED,CAN-004837;CAN-004868;CAN-004897;CAN-014678;CAN-014708;CAN-014737;CAN-014768;CAN-014797;CAN-014829;CAN-014830;CAN-014831;CAN-014832;CAN-014833,NMC-REVIEWER-CHIEF,
1d24330f-92b2-55f5-b2f7-7d2ac9407580,CMM-INSTRU-027BD0-001,HPCL-120107,HPCL,0-100 bar TEMPERATURE TRANSMITTER - Brass,INSTRUMENTATION|BRASS|0_100_BAR|ASME_B40100,DIRECT_ACCEPTED,CAN-004840;CAN-004870;CAN-004900;CAN-014681;CAN-014711;CAN-014740;CAN-014770;CAN-014800;CAN-024250;CAN-024280;CAN-024311;CAN-024312;CAN-024313,NMC-REVIEWER-CHIEF,
d5e388d2-518f-5127-b757-312ed576d1d0,CMM-INSTRU-027BD0-001,IOCL-110061,IOCL,IND.TEMPERATURE TRANSMITTER 0-100 bar Brass,INSTRUMENTATION|BRASS|0_100_BAR|ASME_B40100,DIRECT_ACCEPTED,CAN-004833;CAN-004863;CAN-004893;CAN-014674;CAN-014675;CAN-014676;CAN-014677;CAN-014678;CAN-014679;CAN-014680;CAN-014681;CAN-014682;CAN-014683;CAN-014684,NMC-REVIEWER-CHIEF,
b668d05c-c698-569c-b1e8-6f61940505ea,CMM-INSTRU-027BD0-001,NMDC-410019,NMDC,"STORES ITEM Flow Meter, Brass, SIZE 0-100 bar",INSTRUMENTATION|BRASS|0_100_BAR|ASME_B40100,DIRECT_ACCEPTED,CAN-004831;CAN-004862;CAN-004863;CAN-004864;CAN-004865;CAN-004866;CAN-004867;CAN-004868;CAN-004869;CAN-004870;CAN-004871;CAN-004872;CAN-004873,NMC-REVIEWER-CHIEF,
444a0997-a814-5f47-8d2c-6d4f40a3f675,CMM-INSTRU-027BD0-001,NMDC-410103,NMDC,"STORES ITEM TEMPERATURE TRANSMITTER, Brass, SIZE 0-100 bar",INSTRUMENTATION|BRASS|0_100_BAR|ASME_B40100,DIRECT_ACCEPTED,CAN-004838;CAN-004898;CAN-014679;CAN-014709;CAN-014738;CAN-014769;CAN-014798;CAN-014829;CAN-024249;CAN-024250;CAN-024251;CAN-024252;CAN-024253,NMC-REVIEWER-CHIEF,
44cd6edb-5e9d-5212-82fa-346559602d33,CMM-INSTRU-027BD0-001,NTPC-200095,NTPC,"SPARE-TEMPERATURE TRANSMITTER, Brass, SIZE 0-100 bar",INSTRUMENTATION|BRASS|0_100_BAR|ASME_B40100,DIRECT_ACCEPTED,CAN-004841;CAN-004871;CAN-004901;CAN-014682;CAN-014712;CAN-014741;CAN-014771;CAN-014801;CAN-014831;CAN-024251;CAN-024281;CAN-024311;CAN-024343;CAN-024344,NMC-REVIEWER-CHIEF,
e70e707f-dbaf-58a8-81ab-4e9d0fc86513,CMM-INSTRU-027BD0-001,ONGC-100020,ONGC,0-100 bar Flow Meter - Brass,INSTRUMENTATION|BRASS|0_100_BAR|ASME_B40100,DIRECT_ACCEPTED,CAN-004832;CAN-004862;CAN-004893;CAN-004894;CAN-004895;CAN-004896;CAN-004897;CAN-004898;CAN-004899;CAN-004900;CAN-004901;CAN-004902;CAN-004903,NMC-REVIEWER-CHIEF,
ad727c3e-5f36-56ef-936c-d531d6c9d99c,CMM-INSTRU-027BD0-001,ONGC-100061,ONGC,STORES ITEM TEMPERATURE TRANSMITTER 0-100 bar Brass,INSTRUMENTATION|BRASS|0_100_BAR|ASME_B40100,DIRECT_ACCEPTED,CAN-004836;CAN-004867;CAN-014677;CAN-014707;CAN-014736;CAN-014767;CAN-014797;CAN-014798;CAN-014799;CAN-014800;CAN-014801;CAN-014802;CAN-014803,NMC-REVIEWER-CHIEF,
4ce6160f-ff47-5230-97fe-fca21060f125,CMM-INSTRU-027BD0-001,SAIL-300070,SAIL,STORES ITEM 0-100 bar Temperature Transmitter - Brass,INSTRUMENTATION|BRASS|0_100_BAR|ASME_B40100,DIRECT_ACCEPTED,CAN-004835;CAN-004866;CAN-004896;CAN-014676;CAN-014706;CAN-014735;CAN-014767;CAN-014768;CAN-014769;CAN-014770;CAN-014771;CAN-014772;CAN-014773,NMC-REVIEWER-CHIEF,
ce06d0b5-ef15-5e36-a50b-72d89e0f1774,CMM-INSTRU-027BD0-001,SAIL-300109,SAIL,SPARE-Temperature Transmitter Brass 0-100 bar,INSTRUMENTATION|BRASS|0_100_BAR|ASME_B40100,DIRECT_ACCEPTED,CAN-004839;CAN-004869;CAN-004899;CAN-014680;CAN-014710;CAN-014739;CAN-014799;CAN-014830;CAN-024249;CAN-024280;CAN-024281;CAN-024282;CAN-024283,NMC-REVIEWER-CHIEF,
a113acc1-ebf6-5405-bea4-5bf2ff83dab7,CMM-INSTRU-028F33-001,IOCL-110213,IOCL,SPARE-Refinery Flare Sensor 1/2 in NPT SS316,INSTRUMENTATION|STAINLESS_STEEL|SS_316|1_2_IN_NPT|API_537,STANDALONE,,,
573976fd-1a25-5d46-8480-34156d99a2f8,CMM-INSTRU-028F71-001,NMDC-410181,NMDC,IND.0-100 bar LEVEL TRANSMITTER - SS304 150#,INSTRUMENTATION|STAINLESS_STEEL|SS_304|0_100_BAR|ASME_B40100,STANDALONE,,,
04831ddb-2ae1-56d0-9d44-465de19152c1,CMM-INSTRU-05A689-001,IOCL-110206,IOCL,"REFINERY FLARE SENSOR, SS316, SIZE 1/2 in NPT",INSTRUMENTATION|STAINLESS_STEEL|SS_316|1_2_IN_NPT|API_537,STANDALONE,,,
224e2430-9fdb-5fbe-8aa6-8563a7ae2eb0,CMM-INSTRU-05BCB8-001,HPCL-120219,HPCL,IND.0-20 m Tank Farm Level Gauge - SS304,INSTRUMENTATION|STAINLESS_STEEL|SS_304|0_20_M|API_2350,STANDALONE,,,
56f16786-021d-5e49-8200-3df30221b66c,CMM-INSTRU-07ECAA-001,IOCL-110237,IOCL,STORES ITEM REFINERY FLARE SENSOR 1/2 in NPT SS316,INSTRUMENTATION|STAINLESS_STEEL|SS_316|1_2_IN_NPT|API_537,STANDALONE,,,
076f4672-3940-5845-be11-568d117aa09b,CMM-INSTRU-0A8505-001,HPCL-120198,HPCL,TANK FARM LEVEL GAUGE SS304 0-20 m,INSTRUMENTATION|STAINLESS_STEEL|SS_304|0_20_M|API_2350,STANDALONE,,,
8e99a4e9-069e-5683-892e-62f5c66918ac,CMM-INSTRU-0B19E5-001,HPCL-120200,HPCL,Tank Farm Level Gauge SS304 0-20 m,INSTRUMENTATION|STAINLESS_STEEL|SS_304|0_20_M|API_2350,STANDALONE,,,
1eb41fb7-8a0c-5696-a016-ce29be125ca9,CMM-INSTRU-0B4CE5-001,HPCL-120220,HPCL,0-20 m Tank Farm Level Gauge - SS304,INSTRUMENTATION|STAINLESS_STEEL|SS_304|0_20_M|API_2350,STANDALONE,,,
4103c8a4-d6d1-55bb-8d97-54e15e145012,CMM-INSTRU-0E74F1-001,HPCL-120167,HPCL,"Pressure Gauge, Polycarbonate, SIZE 0-500 Deg C 150#",INSTRUMENTATION|PRESSURE_GAUGE|POLYCARBONATE|0_500_DEG_C|IEC_60529,DIRECT_ACCEPTED,CAN-038821,NMC-REVIEWER-CHIEF,
ffc41d44-35df-5341-b7b6-d9cc52dcf424,CMM-INSTRU-0E74F1-001,SAIL-300168,SAIL,IND.PRESSURE GAUGE 600# Polycarbonate 0-500 Deg C,INSTRUMENTATION|PRESSURE_GAUGE|POLYCARBONATE|0_500_DEG_C|IEC_60529,DIRECT_ACCEPTED,CAN-038821,NMC-REVIEWER-CHIEF,
046def49-4742-5088-9af6-2b0ebae93e5a,CMM-INSTRU-110879-001,IOCL-110234,IOCL,IND.REFINERY FLARE SENSOR 1/2 in NPT SS316,INSTRUMENTATION|STAINLESS_STEEL|SS_316|1_2_IN_NPT|API_537,STANDALONE,,,
addb16b3-c273-53b0-bc62-ec40ef164a4c,CMM-INSTRU-11CE56-001,ONGC-100220,ONGC,"SUBSEA WELLHEAD SENSOR, SS316, SIZE 5000 psi",INSTRUMENTATION|STAINLESS_STEEL|SS_316|5000_PSI|API_6A,STANDALONE,,,
e24156b1-d06a-566c-a294-937659e45b03,CMM-INSTRU-161206-001,HPCL-120227,HPCL,SPARE-TANK FARM LEVEL GAUGE 0-20 m SS304,INSTRUMENTATION|STAINLESS_STEEL|SS_304|0_20_M|API_2350,STANDALONE,,,
afae9e00-2f14-5bb2-9714-6d604cbc782e,CMM-INSTRU-1709F9-001,NMDC-410119,NMDC,"STORES ITEM PRESSURE GAUGE, Brass, SIZE 0-100 bar 300#",INSTRUMENTATION|PRESSURE_GAUGE|BRASS|0_100_BAR,DIRECT_ACCEPTED,CAN-028861,NMC-REVIEWER-CHIEF,
cd936346-9593-5462-b605-6217fdc4d555,CMM-INSTRU-1709F9-001,NTPC-200118,NTPC,PRESSURE GAUGE 0-100 bar Brass 150#,INSTRUMENTATION|PRESSURE_GAUGE|BRASS|0_100_BAR,DIRECT_ACCEPTED,CAN-028861,NMC-REVIEWER-CHIEF,
0ecd4100-fc5a-5ba8-8589-f1ad945c1936,CMM-INSTRU-17D92D-001,NTPC-200238,NTPC,Coal Bunker Level Switch SS316 0-15 m,INSTRUMENTATION|STAINLESS_STEEL|SS_316|0_15_M|IEC_60529,STANDALONE,,,
b639906b-f5c8-5f6f-bb4c-1e1e6a6d08c3,CMM-INSTRU-1860D4-001,IOCL-110148,IOCL,STORES ITEM 0-500 Deg C Pressure Gauge - SS316 300#,INSTRUMENTATION|PRESSURE_GAUGE|STAINLESS_STEEL|SS_316|0_500_DEG_C|IEC_60529,STANDALONE,,,
7546f785-2ec0-5980-ae78-1a96494b22a4,CMM-INSTRU-1887F6-001,IOCL-110248,IOCL,IND.REFINERY FLARE SENSOR 1/2 in NPT SS316,INSTRUMENTATION|STAINLESS_STEEL|SS_316|1_2_IN_NPT|API_537,STANDALONE,,,
18a92bf2-b9aa-5a55-a864-0a1f2cefd8ff,CMM-INSTRU-192BB2-001,NTPC-200260,NTPC,STORES ITEM 0-15 m COAL BUNKER LEVEL SWITCH - SS316,INSTRUMENTATION|STAINLESS_STEEL|SS_316|0_15_M|IEC_60529,STANDALONE,,,
c4156b3c-7ee6-592e-a7aa-9cea97ea88e9,CMM-INSTRU-1A2E94-001,IOCL-110193,IOCL,1/2 in NPT REFINERY FLARE SENSOR - SS316,INSTRUMENTATION|STAINLESS_STEEL|SS_316|1_2_IN_NPT|API_537,STANDALONE,,,
3c928109-8934-5c2f-ab39-c82a796e9a6f,CMM-INSTRU-1A3D47-001,NTPC-200222,NTPC,0-15 m Coal Bunker Level Switch - SS316,INSTRUMENTATION|STAINLESS_STEEL|SS_316|0_15_M|IEC_60529,STANDALONE,,,
ad5717e6-33d1-574d-b2a0-a72fe65548e5,CMM-INSTRU-1E073D-001,BHEL-500030,BHEL,FLOW METER 4-20 mA SS316,INSTRUMENTATION|STAINLESS_STEEL|SS_316|4_20_MA|ASME_B40100,DIRECT_ACCEPTED,CAN-004176;CAN-004206;CAN-004237;CAN-007027;CAN-007057;CAN-007086;CAN-007116;CAN-007148;CAN-007149;CAN-007150;CAN-007151;CAN-007152;CAN-007153;CAN-007154,NMC-REVIEWER-CHIEF,
1902a25c-1fa1-56f2-8030-8ed06cda88d9,CMM-INSTRU-1E073D-001,BHEL-500109,BHEL,IND.4-20 mA FLOW METER - SS316,INSTRUMENTATION|STAINLESS_STEEL|SS_316|4_20_MA|ASME_B40100,DIRECT_ACCEPTED,CAN-004179;CAN-004208;CAN-004240;CAN-007030;CAN-007060;CAN-007088;CAN-007119;CAN-007180;CAN-025148;CAN-025180;CAN-025181;CAN-025182;CAN-025183;CAN-025184,NMC-REVIEWER-CHIEF,
3f70b40e-f060-5b6b-adce-65920a5b7522,CMM-INSTRU-1E073D-001,CIL-400014,Coal India,4-20 mA LEVEL TRANSMITTER - SS316,INSTRUMENTATION|STAINLESS_STEEL|SS_316|4_20_MA|ASME_B40100,DIRECT_ACCEPTED,CAN-004171;CAN-004202;CAN-004203;CAN-004204;CAN-004205;CAN-004206;CAN-004207;CAN-004208;CAN-004209;CAN-004210;CAN-004211;CAN-004212;CAN-004213,NMC-REVIEWER-CHIEF,
0df6add1-790f-55b9-9ef5-55dcc1b7b32f,CMM-INSTRU-1E073D-001,CIL-400023,Coal India,"Flow Meter, SS316, SIZE 4-20 mA",INSTRUMENTATION|STAINLESS_STEEL|SS_316|4_20_MA|ASME_B40100,DIRECT_ACCEPTED,CAN-004175;CAN-004235;CAN-007025;CAN-007055;CAN-007085;CAN-007086;CAN-007087;CAN-007088;CAN-007089;CAN-007090;CAN-007091;CAN-007092;CAN-007093,NMC-REVIEWER-CHIEF,
08bc59b0-a676-5ced-9938-f3928e2a78a8,CMM-INSTRU-1E073D-001,CIL-400100,Coal India,IND.Flow Meter 4-20 mA SS316,INSTRUMENTATION|STAINLESS_STEEL|SS_316|4_20_MA|ASME_B40100,DIRECT_ACCEPTED,CAN-004178;CAN-004239;CAN-007029;CAN-007059;CAN-007118;CAN-007149;CAN-007179;CAN-025148;CAN-025149;CAN-025150;CAN-025151;CAN-025152;CAN-025153,NMC-REVIEWER-CHIEF,
7fc7c7ba-6b85-5447-9462-f76c73f0284c,CMM-INSTRU-1E073D-001,HPCL-120019,HPCL,LEVEL TRANSMITTER 4-20 mA SS316,INSTRUMENTATION|STAINLESS_STEEL|SS_316|4_20_MA|ASME_B40100,DIRECT_ACCEPTED,CAN-004172;CAN-004202;CAN-004233;CAN-004234;CAN-004235;CAN-004236;CAN-004237;CAN-004238;CAN-004239;CAN-004240;CAN-004241;CAN-004242;CAN-004243;CAN-004244,NMC-REVIEWER-CHIEF,
d3998186-1b00-5f95-b422-b88e902129e1,CMM-INSTRU-1E073D-001,HPCL-120113,HPCL,4-20 mA FLOW METER - SS316,INSTRUMENTATION|STAINLESS_STEEL|SS_316|4_20_MA|ASME_B40100,DIRECT_ACCEPTED,CAN-004181;CAN-004211;CAN-007033;CAN-007062;CAN-007091;CAN-007121;CAN-007152;CAN-007183;CAN-025151;CAN-025182;CAN-025212;CAN-025241;CAN-025273;CAN-025274,NMC-REVIEWER-CHIEF,
eed5b339-3f10-503a-9bfa-849855860454,CMM-INSTRU-1E073D-001,IOCL-110113,IOCL,"FLOW METER, SS316, SIZE 4-20 mA 300#",INSTRUMENTATION|STAINLESS_STEEL|SS_316|4_20_MA|ASME_B40100,DIRECT_ACCEPTED,CAN-004182;CAN-004212;CAN-004243;CAN-007034;CAN-007063;CAN-007092;CAN-007122;CAN-007153;CAN-007184;CAN-025152;CAN-025183;CAN-025213;CAN-025242;CAN-025273;CAN-029715,NMC-REVIEWER-CHIEF,
f2f8e9b4-6272-5b2d-baa9-e554fde43879,CMM-INSTRU-1E073D-001,NMDC-410030,NMDC,IND.Flow Meter SS316 4-20 mA,INSTRUMENTATION|STAINLESS_STEEL|SS_316|4_20_MA|ASME_B40100,DIRECT_ACCEPTED,CAN-004177;CAN-004207;CAN-004238;CAN-007028;CAN-007058;CAN-007087;CAN-007117;CAN-007148;CAN-007179;CAN-007180;CAN-007181;CAN-007182;CAN-007183;CAN-007184;CAN-007185,NMC-REVIEWER-CHIEF,
8fc3fb67-aec1-50bc-b007-e7552c647653,CMM-INSTRU-1E073D-001,NTPC-200017,NTPC,STORES ITEM Level Transmitter 4-20 mA SS316,INSTRUMENTATION|STAINLESS_STEEL|SS_316|4_20_MA|ASME_B40100,DIRECT_ACCEPTED,CAN-004171;CAN-004172;CAN-004173;CAN-004174;CAN-004175;CAN-004176;CAN-004177;CAN-004178;CAN-004179;CAN-004180;CAN-004181;CAN-004182;CAN-004183,NMC-REVIEWER-CHIEF,
424df3c4-21e1-5fb7-84e4-c308f31a9aee,CMM-INSTRU-1E073D-001,NTPC-200029,NTPC,FLOW METER 4-20 mA SS316,INSTRUMENTATION|STAINLESS_STEEL|SS_316|4_20_MA|ASME_B40100,DIRECT_ACCEPTED,CAN-004205;CAN-004236;CAN-007026;CAN-007056;CAN-007085;CAN-007116;CAN-007117;CAN-007118;CAN-007119;CAN-007120;CAN-007121;CAN-007122;CAN-007123,NMC-REVIEWER-CHIEF,
9b8bf6e1-3edf-501c-9fde-a0f383d3d308,CMM-INSTRU-1E073D-001,NTPC-200099,NTPC,Flow Meter SS316 4-20 mA,INSTRUMENTATION|STAINLESS_STEEL|SS_316|4_20_MA|ASME_B40100,DIRECT_ACCEPTED,CAN-004210;CAN-004242;CAN-007032;CAN-007061;CAN-007090;CAN-007151;CAN-007182;CAN-025150;CAN-025181;CAN-025211;CAN-025241;CAN-025242;CAN-025243,NMC-REVIEWER-CHIEF,
a6ff59d5-0a04-5451-b762-b733b9f88d82,CMM-INSTRU-1E073D-001,ONGC-100028,ONGC,"FLOW METER, SS316, SIZE 4-20 mA",INSTRUMENTATION|STAINLESS_STEEL|SS_316|4_20_MA|ASME_B40100,DIRECT_ACCEPTED,CAN-004173;CAN-004203;CAN-004233;CAN-007024;CAN-007025;CAN-007026;CAN-007027;CAN-007028;CAN-007029;CAN-007030;CAN-007031;CAN-007032;CAN-007033;CAN-007034,NMC-REVIEWER-CHIEF,
851ffe65-6f80-526a-86fa-f531f2ed8e8c,CMM-INSTRU-1E073D-001,ONGC-100129,ONGC,SPARE-Level Transmitter 150# SS316 4-20 mA,INSTRUMENTATION|STAINLESS_STEEL|SS_316|4_20_MA|ASME_B40100,DIRECT_ACCEPTED,CAN-004183;CAN-004213;CAN-004244;CAN-007064;CAN-007093;CAN-007123;CAN-007154;CAN-007185;CAN-025153;CAN-025184;CAN-025214;CAN-025243;CAN-025274;CAN-029715,NMC-REVIEWER-CHIEF,
339e0de3-60b6-5c76-997e-a88f95f3c511,CMM-INSTRU-1E073D-001,SAIL-300034,SAIL,Flow Meter 4-20 mA SS316,INSTRUMENTATION|STAINLESS_STEEL|SS_316|4_20_MA|ASME_B40100,DIRECT_ACCEPTED,CAN-004174;CAN-004204;CAN-004234;CAN-007024;CAN-007055;CAN-007056;CAN-007057;CAN-007058;CAN-007059;CAN-007060;CAN-007061;CAN-007062;CAN-007063;CAN-007064,NMC-REVIEWER-CHIEF,
33d7cbea-b579-5651-a43b-d7a6aae6c216,CMM-INSTRU-1E073D-001,SAIL-300113,SAIL,"SPARE-FLOW METER, SS316, SIZE 4-20 mA",INSTRUMENTATION|STAINLESS_STEEL|SS_316|4_20_MA|ASME_B40100,DIRECT_ACCEPTED,CAN-004180;CAN-004209;CAN-004241;CAN-007031;CAN-007089;CAN-007120;CAN-007150;CAN-007181;CAN-025149;CAN-025180;CAN-025211;CAN-025212;CAN-025213;CAN-025214,NMC-REVIEWER-CHIEF,
bb49967b-1d12-5ae7-9148-e24b0788866d,CMM-INSTRU-1F0427-001,HPCL-120207,HPCL,Tank Farm Level Gauge SS304 0-20 m,INSTRUMENTATION|STAINLESS_STEEL|SS_304|0_20_M|API_2350,STANDALONE,,,
aa7cf5da-4e4d-5150-becd-3c7838bb03bb,CMM-INSTRU-201B86-001,NTPC-200219,NTPC,Coal Bunker Level Switch SS316 0-15 m,INSTRUMENTATION|STAINLESS_STEEL|SS_316|0_15_M|IEC_60529,STANDALONE,,,
9c211025-309d-5214-9deb-436c15778254,CMM-INSTRU-205218-001,IOCL-110172,IOCL,IND.RTD Sensor 0-100 bar Brass 600#,INSTRUMENTATION|BRASS|0_100_BAR|IEC_60529,DIRECT_ACCEPTED,CAN-045001,NMC-REVIEWER-CHIEF,
20da36c3-b832-5dd1-ad82-59025ba5297d,CMM-INSTRU-205218-001,NMDC-410190,NMDC,IND.0-100 bar RTD SENSOR - Brass 300#,INSTRUMENTATION|BRASS|0_100_BAR|IEC_60529,DIRECT_ACCEPTED,CAN-045001,NMC-REVIEWER-CHIEF,
4fee3603-a55a-5dfe-a8a4-397d486913a5,CMM-INSTRU-206534-001,HPCL-120194,HPCL,IND.TANK FARM LEVEL GAUGE 0-20 m SS304,INSTRUMENTATION|STAINLESS_STEEL|SS_304|0_20_M|API_2350,STANDALONE,,,
4bda7690-abb1-5a96-85e1-f7b8514e64e9,CMM-INSTRU-20EC15-001,IOCL-110226,IOCL,Refinery Flare Sensor SS316 1/2 in NPT,INSTRUMENTATION|STAINLESS_STEEL|SS_316|1_2_IN_NPT|API_537,STANDALONE,,,
b925198d-6899-5725-adb9-9007536fd85f,CMM-INSTRU-21B419-001,IOCL-110223,IOCL,REFINERY FLARE SENSOR SS316 1/2 in NPT,INSTRUMENTATION|STAINLESS_STEEL|SS_316|1_2_IN_NPT|API_537,STANDALONE,,,
fc858d28-7887-53ed-a5bf-28363b138859,CMM-INSTRU-21D516-001,HPCL-120073,HPCL,"FLOW METER, SS316, SIZE 0-500 Deg C",INSTRUMENTATION|STAINLESS_STEEL|SS_316|0_500_DEG_C|ASME_B40100,DIRECT_ACCEPTED,CAN-016771;CAN-016772;CAN-016773,NMC-REVIEWER-CHIEF,
4094f03e-2e90-5014-a91f-911fb0b6acdd,CMM-INSTRU-21D516-001,IOCL-110067,IOCL,"Flow Meter, SS316, SIZE 0-500 Deg C",INSTRUMENTATION|STAINLESS_STEEL|SS_316|0_500_DEG_C|ASME_B40100,DIRECT_ACCEPTED,CAN-016773;CAN-016803;CAN-016833,NMC-REVIEWER-CHIEF,
a411b4ff-0187-5bf6-997d-6ae5487a6141,CMM-INSTRU-21D516-001,NMDC-410075,NMDC,0-500 Deg C FLOW METER - SS316,INSTRUMENTATION|STAINLESS_STEEL|SS_316|0_500_DEG_C|ASME_B40100,DIRECT_ACCEPTED,CAN-016772;CAN-016802;CAN-016833,NMC-REVIEWER-CHIEF,
ef5690f7-8181-56cd-8197-603e52c38370,CMM-INSTRU-21D516-001,SAIL-300079,SAIL,0-500 Deg C Flow Meter - SS316,INSTRUMENTATION|STAINLESS_STEEL|SS_316|0_500_DEG_C|ASME_B40100,DIRECT_ACCEPTED,CAN-016771;CAN-016802;CAN-016803,NMC-REVIEWER-CHIEF,
edaf1903-b958-51e6-8c0d-a26c7244aba2,CMM-INSTRU-22FF74-001,CIL-400098,Coal India,Pressure Gauge Brass 0-100 bar,INSTRUMENTATION|PRESSURE_GAUGE|BRASS|0_100_BAR|IEC_60529,DIRECT_ACCEPTED,CAN-024632;CAN-024662;CAN-024693;CAN-024694;CAN-024695,NMC-REVIEWER-CHIEF,
c7c7d16c-26cc-5a07-8efb-deccfbc5bb97,CMM-INSTRU-22FF74-001,HPCL-120110,HPCL,Pressure Gauge Brass 0-100 bar,INSTRUMENTATION|PRESSURE_GAUGE|BRASS|0_100_BAR|IEC_60529,DIRECT_ACCEPTED,CAN-024635;CAN-024665;CAN-024695;CAN-024725;CAN-024755,NMC-REVIEWER-CHIEF,
de89f3cc-1648-5d6c-ac90-865807bef77f,CMM-INSTRU-22FF74-001,NMDC-410104,NMDC,"SPARE-PRESSURE GAUGE, Brass, SIZE 0-100 bar",INSTRUMENTATION|PRESSURE_GAUGE|BRASS|0_100_BAR|IEC_60529,DIRECT_ACCEPTED,CAN-024631;CAN-024662;CAN-024663;CAN-024664;CAN-024665,NMC-REVIEWER-CHIEF,
b2049916-da28-5446-b3b0-898c9381a3e6,CMM-INSTRU-22FF74-001,NTPC-200097,NTPC,"STORES ITEM PRESSURE GAUGE, Brass, SIZE 0-100 bar",INSTRUMENTATION|PRESSURE_GAUGE|BRASS|0_100_BAR|IEC_60529,DIRECT_ACCEPTED,CAN-024631;CAN-024632;CAN-024633;CAN-024634;CAN-024635,NMC-REVIEWER-CHIEF,
43d73225-a6aa-55bf-a400-7fe806b91d85,CMM-INSTRU-22FF74-001,ONGC-100105,ONGC,"SPARE-Pressure Gauge, Brass, SIZE 0-100 bar",INSTRUMENTATION|PRESSURE_GAUGE|BRASS|0_100_BAR|IEC_60529,DIRECT_ACCEPTED,CAN-024634;CAN-024664;CAN-024694;CAN-024724;CAN-024755,NMC-REVIEWER-CHIEF,
43301f70-9154-56c1-ac84-438d6cb8a930,CMM-INSTRU-22FF74-001,SAIL-300111,SAIL,"STORES ITEM Pressure Gauge, Brass, SIZE 0-100 bar",INSTRUMENTATION|PRESSURE_GAUGE|BRASS|0_100_BAR|IEC_60529,DIRECT_ACCEPTED,CAN-024633;CAN-024663;CAN-024693;CAN-024724;CAN-024725,NMC-REVIEWER-CHIEF,
ee881a27-2cd5-5fa0-8d63-136fc0c3e03f,CMM-INSTRU-26CA5D-001,IOCL-110272,IOCL,STORES ITEM Refinery Flare Sensor 1/2 in NPT SS316,INSTRUMENTATION|STAINLESS_STEEL|SS_316|1_2_IN_NPT|API_537,STANDALONE,,,
13231993-ee5f-5353-a887-8e9375af82eb,CMM-INSTRU-277A84-001,IOCL-110242,IOCL,STORES ITEM Refinery Flare Sensor 1/2 in NPT SS316,INSTRUMENTATION|STAINLESS_STEEL|SS_316|1_2_IN_NPT|API_537,STANDALONE,,,
703986f0-9144-52d6-91d9-e372ce437f3a,CMM-INSTRU-278970-001,ONGC-100221,ONGC,"STORES ITEM SUBSEA WELLHEAD SENSOR, SS316, SIZE 5000 psi",INSTRUMENTATION|STAINLESS_STEEL|SS_316|5000_PSI|API_6A,STANDALONE,,,
c1ffff8e-5ac9-596f-955f-3424072d419a,CMM-INSTRU-27F467-001,IOCL-110225,IOCL,REFINERY FLARE SENSOR SS316 1/2 in NPT,INSTRUMENTATION|STAINLESS_STEEL|SS_316|1_2_IN_NPT|API_537,STANDALONE,,,
ff561854-65fd-53d8-b5e4-dd9a3dd7294f,CMM-INSTRU-28A277-001,IOCL-110251,IOCL,SPARE-REFINERY FLARE SENSOR 1/2 in NPT SS316,INSTRUMENTATION|STAINLESS_STEEL|SS_316|1_2_IN_NPT|API_537,STANDALONE,,,
c7938cfe-5546-5bc1-8671-b2e7a0a240f4,CMM-INSTRU-29D6B2-001,IOCL-110267,IOCL,"IND.Refinery Flare Sensor, SS316, SIZE 1/2 in NPT",INSTRUMENTATION|STAINLESS_STEEL|SS_316|1_2_IN_NPT|API_537,STANDALONE,,,
885b4ceb-4174-5cf4-a99d-863a63b946b8,CMM-INSTRU-2A021A-001,HPCL-120229,HPCL,Tank Farm Level Gauge SS304 0-20 m,INSTRUMENTATION|STAINLESS_STEEL|SS_304|0_20_M|API_2350,STANDALONE,,,
afee741f-d375-5b9a-92c5-dcae931c99df,CMM-INSTRU-2A3760-001,NTPC-200159,NTPC,4-20 mA RTD SENSOR - SS316 300#,INSTRUMENTATION|STAINLESS_STEEL|SS_316|4_20_MA,DIRECT_ACCEPTED,CAN-027601,NMC-REVIEWER-CHIEF,
9521c9ca-38bd-5fce-b891-3df9af35f2a4,CMM-INSTRU-2A3760-001,SAIL-300123,SAIL,Flow Meter 4-20 mA SS316 600#,INSTRUMENTATION|STAINLESS_STEEL|SS_316|4_20_MA,DIRECT_ACCEPTED,CAN-027601,NMC-REVIEWER-CHIEF,
eb140e53-ce82-52c3-9ca0-f3fc412d43d9,CMM-INSTRU-2A4F7B-001,HPCL-120231,HPCL,"SPARE-Tank Farm Level Gauge, SS304, SIZE 0-20 m",INSTRUMENTATION|STAINLESS_STEEL|SS_304|0_20_M|API_2350,STANDALONE,,,
7369f827-3734-5db7-aeb8-d77d73f2bea8,CMM-INSTRU-2B3635-001,ONGC-100212,ONGC,5000 psi Subsea Wellhead Sensor - SS316,INSTRUMENTATION|STAINLESS_STEEL|SS_316|5000_PSI|API_6A,STANDALONE,,,
b7c592de-020f-5665-9397-dc7064b218cc,CMM-INSTRU-2B591E-001,BHEL-500084,BHEL,IND.TEMPERATURE TRANSMITTER 0-100 bar SS316,INSTRUMENTATION|STAINLESS_STEEL|SS_316|0_100_BAR,DIRECT_ACCEPTED,CAN-019471;CAN-019472;CAN-019473;CAN-019474;CAN-019475;CAN-019476;CAN-019477;CAN-019478;CAN-019479,NMC-REVIEWER-CHIEF,
25a67c96-ccae-527f-9d46-4b2dfbcf7bd1,CMM-INSTRU-2B591E-001,CIL-400124,Coal India,Flow Meter 0-100 bar SS316 600#,INSTRUMENTATION|STAINLESS_STEEL|SS_316|0_100_BAR,DIRECT_ACCEPTED,CAN-019479;CAN-019509;CAN-019538;CAN-019568;CAN-019598;CAN-019629;CAN-019808;CAN-019838;CAN-019868,NMC-REVIEWER-CHIEF,
83d5eb05-37c1-5ae4-81ff-18f9ab3ae5c3,CMM-INSTRU-2B591E-001,HPCL-120084,HPCL,SPARE-Temperature Transmitter SS316 0-100 bar,INSTRUMENTATION|STAINLESS_STEEL|SS_316|0_100_BAR,DIRECT_ACCEPTED,CAN-019473;CAN-019503;CAN-019533;CAN-019564;CAN-019565;CAN-019566;CAN-019567;CAN-019568,NMC-REVIEWER-CHIEF,
1bd89521-75c4-54d8-82b7-b30d11441c3e,CMM-INSTRU-2B591E-001,HPCL-120086,HPCL,"SPARE-Temperature Transmitter, SS316, SIZE 0-100 bar",INSTRUMENTATION|STAINLESS_STEEL|SS_316|0_100_BAR,DIRECT_ACCEPTED,CAN-019478;CAN-019508;CAN-019537;CAN-019597;CAN-019628;CAN-019807;CAN-019837;CAN-019868,NMC-REVIEWER-CHIEF,
4499e75e-e23f-5943-b173-0409b44fd50a,CMM-INSTRU-2B591E-001,IOCL-110078,IOCL,Temperature Transmitter SS316 0-100 bar,INSTRUMENTATION|STAINLESS_STEEL|SS_316|0_100_BAR,DIRECT_ACCEPTED,CAN-019472;CAN-019502;CAN-019533;CAN-019534;CAN-019535;CAN-019536;CAN-019537;CAN-019538,NMC-REVIEWER-CHIEF,
0ccbc831-2aa2-5a47-b8f2-4e4b95b74e68,CMM-INSTRU-2B591E-001,IOCL-110080,IOCL,IND.Temperature Transmitter 0-100 bar SS316,INSTRUMENTATION|STAINLESS_STEEL|SS_316|0_100_BAR,DIRECT_ACCEPTED,CAN-019477;CAN-019507;CAN-019567;CAN-019596;CAN-019627;CAN-019806;CAN-019837;CAN-019838,NMC-REVIEWER-CHIEF,
1b31dc03-71c6-58a7-ad44-d0ad967b4412,CMM-INSTRU-2B591E-001,NMDC-410087,NMDC,TEMPERATURE TRANSMITTER SS316 0-100 bar,INSTRUMENTATION|STAINLESS_STEEL|SS_316|0_100_BAR,DIRECT_ACCEPTED,CAN-019471;CAN-019502;CAN-019503;CAN-019504;CAN-019505;CAN-019506;CAN-019507;CAN-019508;CAN-019509,NMC-REVIEWER-CHIEF,
4010f2fc-742f-533a-8f83-f8a5f1d4390f,CMM-INSTRU-2B591E-001,ONGC-100081,ONGC,STORES ITEM TEMPERATURE TRANSMITTER SS316 0-100 bar,INSTRUMENTATION|STAINLESS_STEEL|SS_316|0_100_BAR,DIRECT_ACCEPTED,CAN-019474;CAN-019504;CAN-019534;CAN-019564;CAN-019595;CAN-019596;CAN-019597;CAN-019598,NMC-REVIEWER-CHIEF,
4b5c63e2-d1b6-571e-9c72-57709a51f073,CMM-INSTRU-2B591E-001,ONGC-100082,ONGC,"Temperature Transmitter, SS316, SIZE 0-100 bar",INSTRUMENTATION|STAINLESS_STEEL|SS_316|0_100_BAR,DIRECT_ACCEPTED,CAN-019476;CAN-019506;CAN-019536;CAN-019566;CAN-019626;CAN-019806;CAN-019807;CAN-019808,NMC-REVIEWER-CHIEF,
1b1ada99-1ba2-5a86-909c-bcb2f64c55df,CMM-INSTRU-2B591E-001,SAIL-300088,SAIL,0-100 bar TEMPERATURE TRANSMITTER - SS316,INSTRUMENTATION|STAINLESS_STEEL|SS_316|0_100_BAR,DIRECT_ACCEPTED,CAN-019475;CAN-019505;CAN-019535;CAN-019565;CAN-019595;CAN-019626;CAN-019627;CAN-019628;CAN-019629,NMC-REVIEWER-CHIEF,
b41f6ec5-c909-5bc6-bfe2-55110d93b6a3,CMM-INSTRU-2BA489-001,NTPC-200198,NTPC,IND.0-15 m Coal Bunker Level Switch - SS316,INSTRUMENTATION|STAINLESS_STEEL|SS_316|0_15_M|IEC_60529,STANDALONE,,,
162a1995-646d-5c2c-8ced-6af6ef596dcd,CMM-INSTRU-2CF9D0-001,IOCL-110256,IOCL,"STORES ITEM REFINERY FLARE SENSOR, SS316, SIZE 1/2 in NPT",INSTRUMENTATION|STAINLESS_STEEL|SS_316|1_2_IN_NPT|API_537,STANDALONE,,,
eb661700-eb77-5334-94e4-f2638e724148,CMM-INSTRU-30F87D-001,IOCL-110209,IOCL,SPARE-REFINERY FLARE SENSOR 1/2 in NPT SS316,INSTRUMENTATION|STAINLESS_STEEL|SS_316|1_2_IN_NPT|API_537,STANDALONE,,,
69d9b323-a9f1-5764-a198-6d3fdcea787d,CMM-INSTRU-31164A-001,HPCL-120244,HPCL,"TANK FARM LEVEL GAUGE, SS304, SIZE 0-20 m",INSTRUMENTATION|STAINLESS_STEEL|SS_304|0_20_M|API_2350,STANDALONE,,,
36a3ad1c-3e64-5323-b1a2-50d72b58ee73,CMM-INSTRU-31BA4A-001,IOCL-110257,IOCL,1/2 in NPT Refinery Flare Sensor - SS316,INSTRUMENTATION|STAINLESS_STEEL|SS_316|1_2_IN_NPT|API_537,STANDALONE,,,
eca88333-85cc-5b1d-9fc7-6800125fc432,CMM-INSTRU-325A21-001,BHEL-500190,BHEL,"Level Transmitter, Polycarbonate, SIZE 0-500 Deg C 600#",INSTRUMENTATION|POLYCARBONATE|0_500_DEG_C|IEC_60529,DIRECT_ACCEPTED,CAN-045361,NMC-REVIEWER-CHIEF,
98135eb1-6347-529e-89f2-90f5784c6755,CMM-INSTRU-325A21-001,IOCL-110176,IOCL,STORES ITEM 0-500 Deg C Level Transmitter - Polycarbonate 300#,INSTRUMENTATION|POLYCARBONATE|0_500_DEG_C|IEC_60529,DIRECT_ACCEPTED,CAN-045361,NMC-REVIEWER-CHIEF,
02fc9342-0326-5ca4-8e58-a6cbd820bce1,CMM-INSTRU-34E917-001,IOCL-110255,IOCL,"Refinery Flare Sensor, SS316, SIZE 1/2 in NPT",INSTRUMENTATION|STAINLESS_STEEL|SS_316|1_2_IN_NPT|API_537,STANDALONE,,,
1c13943b-869b-5200-9e2a-6cddcde0cf24,CMM-INSTRU-35893A-001,HPCL-120224,HPCL,"STORES ITEM TANK FARM LEVEL GAUGE, SS304, SIZE 0-20 m",INSTRUMENTATION|STAINLESS_STEEL|SS_304|0_20_M|API_2350,STANDALONE,,,
c20b20aa-0471-5cdb-a5e5-3cdc2e4d9b36,CMM-INSTRU-35F2E5-001,NTPC-200122,NTPC,STORES ITEM FLOW METER 0-100 bar SS304 150#,INSTRUMENTATION|STAINLESS_STEEL|SS_304|0_100_BAR,STANDALONE,,,
a5aeedb7-cca8-5bb3-b35d-f122474a9d42,CMM-INSTRU-361F41-001,ONGC-100218,ONGC,"Subsea Wellhead Sensor, SS316, SIZE 5000 psi",INSTRUMENTATION|STAINLESS_STEEL|SS_316|5000_PSI|API_6A,STANDALONE,,,
bc839022-7b8f-5fbc-bc0b-fa9475395f9f,CMM-INSTRU-3688F6-001,BHEL-500014,BHEL,"Temperature Transmitter, Polycarbonate, SIZE 0-100 bar",INSTRUMENTATION|POLYCARBONATE|0_100_BAR|ASME_B40100,DIRECT_ACCEPTED,CAN-003454;CAN-003484;CAN-003514;CAN-003544;CAN-003575;CAN-003576;CAN-003577,NMC-REVIEWER-CHIEF,
bc2c0844-31e1-577e-8912-05fc6ff00614,CMM-INSTRU-3688F6-001,CIL-400011,Coal India,0-100 bar TEMPERATURE TRANSMITTER - Polycarbonate,INSTRUMENTATION|POLYCARBONATE|0_100_BAR|ASME_B40100,DIRECT_ACCEPTED,CAN-003451;CAN-003452;CAN-003453;CAN-003454;CAN-003455;CAN-003456;CAN-003457,NMC-REVIEWER-CHIEF,
51f10883-91f9-5f26-acb9-2668bb40d005,CMM-INSTRU-3688F6-001,HPCL-120014,HPCL,IND.Temperature Transmitter 0-100 bar Polycarbonate,INSTRUMENTATION|POLYCARBONATE|0_100_BAR|ASME_B40100,DIRECT_ACCEPTED,CAN-003451;CAN-003482;CAN-003483;CAN-003484;CAN-003485;CAN-003486,NMC-REVIEWER-CHIEF,
75f5945c-1c1f-5f10-bfec-dc30653aff15,CMM-INSTRU-3688F6-001,HPCL-120174,HPCL,IND.FLOW METER 600# Polycarbonate 0-100 bar,INSTRUMENTATION|POLYCARBONATE|0_100_BAR|ASME_B40100,DIRECT_ACCEPTED,CAN-003456;CAN-003516;CAN-003546;CAN-003576;CAN-003606;CAN-041166,NMC-REVIEWER-CHIEF,
ce74e70e-18ea-5f54-8c61-5a0cfaf72610,CMM-INSTRU-3688F6-001,NMDC-410015,NMDC,TEMPERATURE TRANSMITTER Polycarbonate 0-100 bar,INSTRUMENTATION|POLYCARBONATE|0_100_BAR|ASME_B40100,DIRECT_ACCEPTED,CAN-003453;CAN-003483;CAN-003513;CAN-003544;CAN-003545;CAN-003546;CAN-003547,NMC-REVIEWER-CHIEF,
b11192b2-741c-5a87-b17e-a8cd4c79bcaa,CMM-INSTRU-3688F6-001,ONGC-100016,ONGC,"TEMPERATURE TRANSMITTER, Polycarbonate, SIZE 0-100 bar",INSTRUMENTATION|POLYCARBONATE|0_100_BAR|ASME_B40100,DIRECT_ACCEPTED,CAN-003452;CAN-003482;CAN-003513;CAN-003514;CAN-003515;CAN-003516,NMC-REVIEWER-CHIEF,
e5b58106-f690-5280-9ecb-a15638cd898a,CMM-INSTRU-3688F6-001,ONGC-100183,ONGC,IND.Flow Meter 0-100 bar Polycarbonate 150#,INSTRUMENTATION|POLYCARBONATE|0_100_BAR|ASME_B40100,DIRECT_ACCEPTED,CAN-003457;CAN-003486;CAN-003547;CAN-003577;CAN-003607;CAN-041166,NMC-REVIEWER-CHIEF,
34c1f2f1-e8f4-56d8-aed1-6c4bdf8dd786,CMM-INSTRU-3688F6-001,SAIL-300020,SAIL,SPARE-TEMPERATURE TRANSMITTER Polycarbonate 0-100 bar,INSTRUMENTATION|POLYCARBONATE|0_100_BAR|ASME_B40100,DIRECT_ACCEPTED,CAN-003455;CAN-003485;CAN-003515;CAN-003545;CAN-003575;CAN-003606;CAN-003607,NMC-REVIEWER-CHIEF,
52b6a1c6-6d23-597c-867d-1b60b4967675,CMM-INSTRU-3717F9-001,NTPC-200221,NTPC,IND.Coal Bunker Level Switch SS316 0-15 m,INSTRUMENTATION|STAINLESS_STEEL|SS_316|0_15_M|IEC_60529,STANDALONE,,,
08e45ea1-5d73-59ec-8cac-24df62e47257,CMM-INSTRU-37E984-001,HPCL-120260,HPCL,IND.0-20 m TANK FARM LEVEL GAUGE - SS304,INSTRUMENTATION|STAINLESS_STEEL|SS_304|0_20_M|API_2350,STANDALONE,,,
2cf127d4-26de-508e-af78-04552c436ea8,CMM-INSTRU-38AF26-001,NTPC-200261,NTPC,IND.COAL BUNKER LEVEL SWITCH 0-15 m SS316,INSTRUMENTATION|STAINLESS_STEEL|SS_316|0_15_M|IEC_60529,STANDALONE,,,
b08477c4-c131-5e65-9ef9-005ed673ad2d,CMM-INSTRU-39CF5A-001,IOCL-110211,IOCL,REFINERY FLARE SENSOR 1/2 in NPT SS316,INSTRUMENTATION|STAINLESS_STEEL|SS_316|1_2_IN_NPT|API_537,STANDALONE,,,
30b1e581-ba59-53b7-8496-4b6ee84313d6,CMM-INSTRU-3A53FA-001,IOCL-110273,IOCL,IND.Refinery Flare Sensor 1/2 in NPT SS316,INSTRUMENTATION|STAINLESS_STEEL|SS_316|1_2_IN_NPT|API_537,STANDALONE,,,
963241af-359c-5f96-aa52-1e46a27ab1bb,CMM-INSTRU-3B81E6-001,ONGC-100209,ONGC,IND.5000 psi SUBSEA WELLHEAD SENSOR - SS316,INSTRUMENTATION|STAINLESS_STEEL|SS_316|5000_PSI|API_6A,STANDALONE,,,
4f90d17e-1339-5cc7-b75e-4a4ce40e28fe,CMM-INSTRU-3CF0AA-001,NTPC-200214,NTPC,STORES ITEM COAL BUNKER LEVEL SWITCH 0-15 m SS316,INSTRUMENTATION|STAINLESS_STEEL|SS_316|0_15_M|IEC_60529,STANDALONE,,,
62ce7065-a6c2-502d-8d95-0b681323ef1a,CMM-INSTRU-3DE2D9-001,HPCL-120197,HPCL,"IND.Tank Farm Level Gauge, SS304, SIZE 0-20 m",INSTRUMENTATION|STAINLESS_STEEL|SS_304|0_20_M|API_2350,STANDALONE,,,
95e212b7-b833-5589-9c3a-f79265a93c0d,CMM-INSTRU-3E1411-001,IOCL-110229,IOCL,STORES ITEM Refinery Flare Sensor SS316 1/2 in NPT,INSTRUMENTATION|STAINLESS_STEEL|SS_316|1_2_IN_NPT|API_537,STANDALONE,,,
8028fc03-8401-591b-a2b0-419ffa71325b,CMM-INSTRU-40C5B3-001,BHEL-500180,BHEL,IND.1/2 in NPT Level Transmitter - Brass 300#,INSTRUMENTATION|BRASS|1_2_IN_NPT|ASME_B40100,DIRECT_ACCEPTED,CAN-027902;CAN-027932;CAN-042903,NMC-REVIEWER-CHIEF,
c01ccdf2-cb4f-58a7-a686-c4a8c404fbc1,CMM-INSTRU-40C5B3-001,CIL-400176,Coal India,1/2 in NPT LEVEL TRANSMITTER - Brass 150#,INSTRUMENTATION|BRASS|1_2_IN_NPT|ASME_B40100,DIRECT_ACCEPTED,CAN-027903;CAN-027933;CAN-042903,NMC-REVIEWER-CHIEF,
47e01381-0a45-5171-910e-f8ccae5b034e,CMM-INSTRU-40C5B3-001,HPCL-120122,HPCL,"SPARE-LEVEL TRANSMITTER, Brass, SIZE 1/2 in NPT 300#",INSTRUMENTATION|BRASS|1_2_IN_NPT|ASME_B40100,DIRECT_ACCEPTED,CAN-027901;CAN-027932;CAN-027933,NMC-REVIEWER-CHIEF,
d357a1ae-f8a0-52b5-bbe9-0cf29c52f077,CMM-INSTRU-40C5B3-001,NMDC-410115,NMDC,"SPARE-LEVEL TRANSMITTER, Brass, SIZE 1/2 in NPT 150#",INSTRUMENTATION|BRASS|1_2_IN_NPT|ASME_B40100,DIRECT_ACCEPTED,CAN-027901;CAN-027902;CAN-027903,NMC-REVIEWER-CHIEF,
82d68b54-ce4e-5bf4-804b-cb31c0db5ff8,CMM-INSTRU-43CEC1-001,IOCL-110243,IOCL,"REFINERY FLARE SENSOR, SS316, SIZE 1/2 in NPT",INSTRUMENTATION|STAINLESS_STEEL|SS_316|1_2_IN_NPT|API_537,STANDALONE,,,
839e1a4c-33f0-5969-8f63-246244e82675,CMM-INSTRU-441159-001,HPCL-120256,HPCL,"Tank Farm Level Gauge, SS304, SIZE 0-20 m",INSTRUMENTATION|STAINLESS_STEEL|SS_304|0_20_M|API_2350,STANDALONE,,,
f401c4dc-7550-59d8-b794-ed441f189592,CMM-INSTRU-450866-001,IOCL-110270,IOCL,SPARE-REFINERY FLARE SENSOR 1/2 in NPT SS316,INSTRUMENTATION|STAINLESS_STEEL|SS_316|1_2_IN_NPT|API_537,STANDALONE,,,
11440a4f-26ef-53c9-b979-71a218f0a82c,CMM-INSTRU-472245-001,IOCL-110145,IOCL,IND.TEMPERATURE TRANSMITTER 600# Polycarbonate 0-100 bar,INSTRUMENTATION|POLYCARBONATE|0_100_BAR,DIRECT_ACCEPTED,CAN-037501;CAN-037532;CAN-037533,NMC-REVIEWER-CHIEF,
c8c5a073-ce4c-55e2-95f9-d9b1c8286c38,CMM-INSTRU-472245-001,NMDC-410171,NMDC,STORES ITEM Flow Meter 300# Polycarbonate 0-100 bar,INSTRUMENTATION|POLYCARBONATE|0_100_BAR,DIRECT_ACCEPTED,CAN-037502;CAN-037532;CAN-039903,NMC-REVIEWER-CHIEF,
192203ac-bcf1-57a8-8b27-eee2045915dd,CMM-INSTRU-472245-001,ONGC-100164,ONGC,STORES ITEM Temperature Transmitter 300# Polycarbonate 0-100 bar,INSTRUMENTATION|POLYCARBONATE|0_100_BAR,DIRECT_ACCEPTED,CAN-037501;CAN-037502,NMC-REVIEWER-CHIEF,
cc417e20-3ebd-5f0b-a2cf-8a7508ff730f,CMM-INSTRU-472245-001,ONGC-100175,ONGC,"FLOW METER, Polycarbonate, SIZE 0-100 bar 150#",INSTRUMENTATION|POLYCARBONATE|0_100_BAR,DIRECT_ACCEPTED,CAN-037533;CAN-039903,NMC-REVIEWER-CHIEF,
a2f331b6-103e-51ee-896a-24bb0b90cdf3,CMM-INSTRU-4981D6-001,NTPC-200256,NTPC,STORES ITEM Coal Bunker Level Switch 0-15 m SS316,INSTRUMENTATION|STAINLESS_STEEL|SS_316|0_15_M|IEC_60529,STANDALONE,,,
1f4f1ece-e9b9-5642-98c3-9e4fa2190301,CMM-INSTRU-4B7871-001,NTPC-200236,NTPC,COAL BUNKER LEVEL SWITCH 0-15 m SS316,INSTRUMENTATION|STAINLESS_STEEL|SS_316|0_15_M|IEC_60529,STANDALONE,,,
15a120d1-adf4-5be2-a9d7-919db1f60185,CMM-INSTRU-4D969D-001,IOCL-110274,IOCL,1/2 in NPT REFINERY FLARE SENSOR - SS316,INSTRUMENTATION|STAINLESS_STEEL|SS_316|1_2_IN_NPT|API_537,STANDALONE,,,
d8e65a77-df9f-52b2-bc90-d3efd0457b29,CMM-INSTRU-506F2A-001,HPCL-120267,HPCL,"TANK FARM LEVEL GAUGE, SS304, SIZE 0-20 m",INSTRUMENTATION|STAINLESS_STEEL|SS_304|0_20_M|API_2350,STANDALONE,,,
c6fd754a-2fe2-5dc2-9c9c-a5c7d6c79b07,CMM-INSTRU-531B25-001,NTPC-200195,NTPC,STORES ITEM 0-15 m COAL BUNKER LEVEL SWITCH - SS316,INSTRUMENTATION|STAINLESS_STEEL|SS_316|0_15_M|IEC_60529,STANDALONE,,,
6fb1c78f-b413-5362-8c72-43bfb3d9003e,CMM-INSTRU-557134-001,NTPC-200270,NTPC,"SPARE-COAL BUNKER LEVEL SWITCH, SS316, SIZE 0-15 m",INSTRUMENTATION|STAINLESS_STEEL|SS_316|0_15_M|IEC_60529,STANDALONE,,,
08371a94-a8ba-5f0a-95fd-45800d656c57,CMM-INSTRU-57243E-001,IOCL-110190,IOCL,STORES ITEM REFINERY FLARE SENSOR 1/2 in NPT SS316,INSTRUMENTATION|STAINLESS_STEEL|SS_316|1_2_IN_NPT|API_537,STANDALONE,,,
ac1ab4e0-3a45-53a0-87bb-12520d0b6157,CMM-INSTRU-58342A-001,BHEL-500027,BHEL,0-500 Deg C PRESSURE GAUGE - Polycarbonate,INSTRUMENTATION|PRESSURE_GAUGE|POLYCARBONATE|0_500_DEG_C,DIRECT_ACCEPTED,CAN-006153;CAN-006183;CAN-006213;CAN-006244;CAN-006245,NMC-REVIEWER-CHIEF,
a4dfaf56-5502-515a-b74b-bd62101ce31b,CMM-INSTRU-58342A-001,HPCL-120030,HPCL,SPARE-PRESSURE GAUGE Polycarbonate 0-500 Deg C,INSTRUMENTATION|PRESSURE_GAUGE|POLYCARBONATE|0_500_DEG_C,DIRECT_ACCEPTED,CAN-006152;CAN-006182;CAN-006213;CAN-006214;CAN-006215,NMC-REVIEWER-CHIEF,
743cfd73-7665-52f4-859c-0511980a7cf1,CMM-INSTRU-58342A-001,IOCL-110030,IOCL,PRESSURE GAUGE 0-500 Deg C Polycarbonate,INSTRUMENTATION|PRESSURE_GAUGE|POLYCARBONATE|0_500_DEG_C,DIRECT_ACCEPTED,CAN-006155;CAN-006185;CAN-006215;CAN-006245;CAN-006275,NMC-REVIEWER-CHIEF,
5442cfe2-4c06-58b2-ba75-dbcdb70b93ea,CMM-INSTRU-58342A-001,NMDC-410025,NMDC,0-500 Deg C Pressure Gauge - Polycarbonate,INSTRUMENTATION|PRESSURE_GAUGE|POLYCARBONATE|0_500_DEG_C,DIRECT_ACCEPTED,CAN-006151;CAN-006182;CAN-006183;CAN-006184;CAN-006185,NMC-REVIEWER-CHIEF,
81e5ed1b-6906-54c5-adc3-d534a1bdfc6c,CMM-INSTRU-58342A-001,NTPC-200026,NTPC,"STORES ITEM PRESSURE GAUGE, Polycarbonate, SIZE 0-500 Deg C",INSTRUMENTATION|PRESSURE_GAUGE|POLYCARBONATE|0_500_DEG_C,DIRECT_ACCEPTED,CAN-006154;CAN-006184;CAN-006214;CAN-006244;CAN-006275,NMC-REVIEWER-CHIEF,
da1b810c-d79c-5e06-b469-e3c06a7c8794,CMM-INSTRU-58342A-001,SAIL-300029,SAIL,Pressure Gauge 0-500 Deg C Polycarbonate,INSTRUMENTATION|PRESSURE_GAUGE|POLYCARBONATE|0_500_DEG_C,DIRECT_ACCEPTED,CAN-006151;CAN-006152;CAN-006153;CAN-006154;CAN-006155,NMC-REVIEWER-CHIEF,
bc64a1c4-e2e8-5d8a-9b1f-d6d27892d921,CMM-INSTRU-58EF54-001,NTPC-200223,NTPC,STORES ITEM COAL BUNKER LEVEL SWITCH 0-15 m SS316,INSTRUMENTATION|STAINLESS_STEEL|SS_316|0_15_M|IEC_60529,STANDALONE,,,
85450148-e22b-55eb-b40c-acc84d84606d,CMM-INSTRU-59A2A6-001,BHEL-500018,BHEL,RTD Sensor 0-100 bar SS316,INSTRUMENTATION|STAINLESS_STEEL|SS_316|0_100_BAR|IEC_60529,DIRECT_ACCEPTED,CAN-004533;CAN-004563;CAN-004593;CAN-004624,NMC-REVIEWER-CHIEF,
099a7ead-bcf8-5ae6-b24b-a2677cda6e37,CMM-INSTRU-59A2A6-001,IOCL-110024,IOCL,RTD SENSOR SS316 0-100 bar,INSTRUMENTATION|STAINLESS_STEEL|SS_316|0_100_BAR|IEC_60529,DIRECT_ACCEPTED,CAN-004534;CAN-004564;CAN-004594;CAN-004624,NMC-REVIEWER-CHIEF,
cab4f96e-3642-5d5d-b72f-1b8d4fc743c5,CMM-INSTRU-59A2A6-001,NMDC-410018,NMDC,0-100 bar RTD SENSOR - SS316,INSTRUMENTATION|STAINLESS_STEEL|SS_316|0_100_BAR|IEC_60529,DIRECT_ACCEPTED,CAN-004531;CAN-004532;CAN-004533;CAN-004534,NMC-REVIEWER-CHIEF,
825aa2c7-5634-56b4-9841-8d7ecb87115b,CMM-INSTRU-59A2A6-001,NTPC-200019,NTPC,SPARE-0-100 bar RTD Sensor - SS316,INSTRUMENTATION|STAINLESS_STEEL|SS_316|0_100_BAR|IEC_60529,DIRECT_ACCEPTED,CAN-004531;CAN-004562;CAN-004563;CAN-004564,NMC-REVIEWER-CHIEF,
f16f2e5b-e8b9-534b-a3bf-cf691bb42cf4,CMM-INSTRU-59A2A6-001,ONGC-100019,ONGC,"RTD SENSOR, SS316, SIZE 0-100 bar",INSTRUMENTATION|STAINLESS_STEEL|SS_316|0_100_BAR|IEC_60529,DIRECT_ACCEPTED,CAN-004532;CAN-004562;CAN-004593;CAN-004594,NMC-REVIEWER-CHIEF,
af6d241c-c763-50ff-abb9-9896280878ec,CMM-INSTRU-5C9385-001,ONGC-100217,ONGC,IND.Subsea Wellhead Sensor 5000 psi SS316,INSTRUMENTATION|STAINLESS_STEEL|SS_316|5000_PSI|API_6A,STANDALONE,,,
d53d6b4d-3573-5f32-bb01-2c1ad27b01a2,CMM-INSTRU-5F3CF8-001,HPCL-120140,HPCL,STORES ITEM RTD Sensor 150# Brass 0-100 bar,INSTRUMENTATION|BRASS|0_100_BAR,DIRECT_ACCEPTED,CAN-032761,NMC-REVIEWER-CHIEF,
bbc88a41-0692-5a23-8070-29e9b1908270,CMM-INSTRU-5F3CF8-001,SAIL-300143,SAIL,IND.0-100 bar RTD SENSOR - Brass 300#,INSTRUMENTATION|BRASS|0_100_BAR,DIRECT_ACCEPTED,CAN-032761,NMC-REVIEWER-CHIEF,
9ce8cc9b-bb91-59e0-ac56-8ecbc97786db,CMM-INSTRU-617080-001,NTPC-200258,NTPC,STORES ITEM COAL BUNKER LEVEL SWITCH 0-15 m SS316,INSTRUMENTATION|STAINLESS_STEEL|SS_316|0_15_M|IEC_60529,STANDALONE,,,
a73be242-5cda-5f59-8ad2-aefd5238249b,CMM-INSTRU-61E856-001,CIL-400050,Coal India,1/2 in NPT Level Transmitter - Brass,INSTRUMENTATION|BRASS|1_2_IN_NPT|IEC_60529,DIRECT_ACCEPTED,CAN-013411;CAN-013412,NMC-REVIEWER-CHIEF,
d2cd3ce6-c799-5099-9083-209b56bd9f99,CMM-INSTRU-61E856-001,IOCL-110059,IOCL,STORES ITEM LEVEL TRANSMITTER Brass 1/2 in NPT,INSTRUMENTATION|BRASS|1_2_IN_NPT|IEC_60529,DIRECT_ACCEPTED,CAN-013412;CAN-013442,NMC-REVIEWER-CHIEF,
f441baf5-39b0-50d9-a90e-44d4794eba6d,CMM-INSTRU-61E856-001,SAIL-300065,SAIL,SPARE-LEVEL TRANSMITTER Brass 1/2 in NPT,INSTRUMENTATION|BRASS|1_2_IN_NPT|IEC_60529,DIRECT_ACCEPTED,CAN-013411;CAN-013442,NMC-REVIEWER-CHIEF,
d828dd2d-7941-5b44-941f-39a6d1f86365,CMM-INSTRU-63802F-001,HPCL-120265,HPCL,IND.TANK FARM LEVEL GAUGE SS304 0-20 m,INSTRUMENTATION|STAINLESS_STEEL|SS_304|0_20_M|API_2350,STANDALONE,,,
7f21b53c-e91d-5d80-bd65-78d9439511e6,CMM-INSTRU-63AE9C-001,IOCL-110191,IOCL,1/2 in NPT REFINERY FLARE SENSOR - SS316,INSTRUMENTATION|STAINLESS_STEEL|SS_316|1_2_IN_NPT|API_537,STANDALONE,,,
ff62adc8-b8e1-508d-9b9c-9a790cbce820,CMM-INSTRU-6B0B6E-001,NTPC-200225,NTPC,"STORES ITEM COAL BUNKER LEVEL SWITCH, SS316, SIZE 0-15 m",INSTRUMENTATION|STAINLESS_STEEL|SS_316|0_15_M|IEC_60529,STANDALONE,,,
515d9506-f99c-51de-ba3a-a9f51b55d947,CMM-INSTRU-6B7F1D-001,IOCL-110221,IOCL,"SPARE-Refinery Flare Sensor, SS316, SIZE 1/2 in NPT",INSTRUMENTATION|STAINLESS_STEEL|SS_316|1_2_IN_NPT|API_537,STANDALONE,,,
3aab3626-cb4d-53fe-961f-57451fbe0bef,CMM-INSTRU-6BA797-001,ONGC-100224,ONGC,"Subsea Wellhead Sensor, SS316, SIZE 5000 psi",INSTRUMENTATION|STAINLESS_STEEL|SS_316|5000_PSI|API_6A,STANDALONE,,,
588ccaff-d25b-5447-bbe4-702fa19c91d6,CMM-INSTRU-6D1EBF-001,ONGC-100219,ONGC,STORES ITEM Subsea Wellhead Sensor 5000 psi SS316,INSTRUMENTATION|STAINLESS_STEEL|SS_316|5000_PSI|API_6A,STANDALONE,,,
597057a2-15e2-5739-9573-c79a570362f9,CMM-INSTRU-6E3A7C-001,NTPC-200248,NTPC,Coal Bunker Level Switch SS316 0-15 m,INSTRUMENTATION|STAINLESS_STEEL|SS_316|0_15_M|IEC_60529,STANDALONE,,,
a858d10a-1436-5e93-a1b0-a4fe09d759c0,CMM-INSTRU-6F22C1-001,IOCL-110252,IOCL,STORES ITEM REFINERY FLARE SENSOR SS316 1/2 in NPT,INSTRUMENTATION|STAINLESS_STEEL|SS_316|1_2_IN_NPT|API_537,STANDALONE,,,
d239303b-47cf-5349-b072-a247e8fe4d4b,CMM-INSTRU-70A392-001,ONGC-100194,ONGC,SPARE-LEVEL TRANSMITTER 0-100 bar SS316 300#,INSTRUMENTATION|STAINLESS_STEEL|SS_316|0_100_BAR|ASME_B40100,STANDALONE,,,
92a7c69a-9437-5ffa-9eac-6db9e990b431,CMM-INSTRU-70AE3A-001,HPCL-120235,HPCL,"Tank Farm Level Gauge, SS304, SIZE 0-20 m",INSTRUMENTATION|STAINLESS_STEEL|SS_304|0_20_M|API_2350,STANDALONE,,,
ab9cb774-4142-552e-b842-6141868fe566,CMM-INSTRU-71B89B-001,HPCL-120249,HPCL,TANK FARM LEVEL GAUGE SS304 0-20 m,INSTRUMENTATION|STAINLESS_STEEL|SS_304|0_20_M|API_2350,STANDALONE,,,
45e50f41-3853-5e80-a4e7-a19f4c4a37e9,CMM-INSTRU-746A35-001,HPCL-120008,HPCL,"IND.Flow Meter, Brass, SIZE 4-20 mA",INSTRUMENTATION|BRASS|4_20_MA,DIRECT_ACCEPTED,CAN-002403;CAN-002433;CAN-002463;CAN-002494;CAN-002495;CAN-002496;CAN-002497,NMC-REVIEWER-CHIEF,
239a96ee-e5bc-54b2-96dc-08ef9309ad64,CMM-INSTRU-746A35-001,IOCL-110012,IOCL,FLOW METER Brass 4-20 mA,INSTRUMENTATION|BRASS|4_20_MA,DIRECT_ACCEPTED,CAN-002405;CAN-002435;CAN-002465;CAN-002495;CAN-002525;CAN-002556,NMC-REVIEWER-CHIEF,
67273458-faf3-5d12-a6fd-f88363019711,CMM-INSTRU-746A35-001,IOCL-110158,IOCL,Temperature Transmitter 150# Brass 4-20 mA,INSTRUMENTATION|BRASS|4_20_MA,DIRECT_ACCEPTED,CAN-002406;CAN-002436;CAN-002466;CAN-002496;CAN-002526;CAN-040926,NMC-REVIEWER-CHIEF,
7fd0115c-1221-58c3-b735-21c2272eae66,CMM-INSTRU-746A35-001,NMDC-410011,NMDC,SPARE-4-20 mA FLOW METER - Brass,INSTRUMENTATION|BRASS|4_20_MA,DIRECT_ACCEPTED,CAN-002404;CAN-002434;CAN-002464;CAN-002494;CAN-002525;CAN-002526;CAN-002527,NMC-REVIEWER-CHIEF,
4c730275-32c3-5e84-bfb8-6364e8179a7e,CMM-INSTRU-746A35-001,NTPC-200011,NTPC,IND.4-20 mA Flow Meter - Brass,INSTRUMENTATION|BRASS|4_20_MA,DIRECT_ACCEPTED,CAN-002401;CAN-002432;CAN-002433;CAN-002434;CAN-002435;CAN-002436;CAN-002437,NMC-REVIEWER-CHIEF,
0da5ebd3-7186-5014-bcb4-b64491d86936,CMM-INSTRU-746A35-001,ONGC-100012,ONGC,Flow Meter Brass 4-20 mA,INSTRUMENTATION|BRASS|4_20_MA,DIRECT_ACCEPTED,CAN-002401;CAN-002402;CAN-002403;CAN-002404;CAN-002405;CAN-002406;CAN-002407,NMC-REVIEWER-CHIEF,
b58a3d58-1b19-5c0c-873b-ed4962d71e00,CMM-INSTRU-746A35-001,SAIL-300014,SAIL,SPARE-Flow Meter Brass 4-20 mA,INSTRUMENTATION|BRASS|4_20_MA,DIRECT_ACCEPTED,CAN-002402;CAN-002432;CAN-002463;CAN-002464;CAN-002465;CAN-002466,NMC-REVIEWER-CHIEF,
1f235450-f775-50c5-8ee5-c3f9cbebe5a7,CMM-INSTRU-746A35-001,SAIL-300177,SAIL,"IND.Temperature Transmitter, Brass, SIZE 4-20 mA 300#",INSTRUMENTATION|BRASS|4_20_MA,DIRECT_ACCEPTED,CAN-002407;CAN-002437;CAN-002497;CAN-002527;CAN-002556;CAN-040926,NMC-REVIEWER-CHIEF,
74ae2ee5-403f-5583-868e-df29e2fc491d,CMM-INSTRU-76250E-001,IOCL-110227,IOCL,Refinery Flare Sensor 1/2 in NPT SS316,INSTRUMENTATION|STAINLESS_STEEL|SS_316|1_2_IN_NPT|API_537,STANDALONE,,,
68e8d045-5af0-5d89-aed7-25b2318ec257,CMM-INSTRU-763724-001,HPCL-120259,HPCL,SPARE-TANK FARM LEVEL GAUGE 0-20 m SS304,INSTRUMENTATION|STAINLESS_STEEL|SS_304|0_20_M|API_2350,STANDALONE,,,
911d1e8f-1d0e-5ffa-a032-ea42d90b83de,CMM-INSTRU-765732-001,IOCL-110217,IOCL,SPARE-REFINERY FLARE SENSOR 1/2 in NPT SS316,INSTRUMENTATION|STAINLESS_STEEL|SS_316|1_2_IN_NPT|API_537,STANDALONE,,,
78a7c647-2b08-58f5-9395-226faa4a0440,CMM-INSTRU-7697FA-001,HPCL-120186,HPCL,"Level Transmitter, Polycarbonate, SIZE 4-20 mA 600#",INSTRUMENTATION|POLYCARBONATE|4_20_MA|IEC_60529,DIRECT_ACCEPTED,CAN-044221,NMC-REVIEWER-CHIEF,
68d94acc-6015-5f9f-8c2f-be2c2bd053c5,CMM-INSTRU-7697FA-001,IOCL-110170,IOCL,"Level Transmitter, Polycarbonate, SIZE 4-20 mA 300#",INSTRUMENTATION|POLYCARBONATE|4_20_MA|IEC_60529,DIRECT_ACCEPTED,CAN-044221,NMC-REVIEWER-CHIEF,
233cc0a9-f355-53ba-935d-bdc46bd92f49,CMM-INSTRU-76A4D1-001,BHEL-500185,BHEL,SPARE-LEVEL TRANSMITTER 4-20 mA Brass 600#,INSTRUMENTATION|BRASS|4_20_MA|ASME_B40100,DIRECT_ACCEPTED,CAN-031982;CAN-032012;CAN-044163,NMC-REVIEWER-CHIEF,
5309f7b5-0906-5c19-a083-cf37d4ed96b2,CMM-INSTRU-76A4D1-001,CIL-400180,Coal India,4-20 mA Level Transmitter - Brass 300#,INSTRUMENTATION|BRASS|4_20_MA|ASME_B40100,DIRECT_ACCEPTED,CAN-031983;CAN-032013;CAN-044163,NMC-REVIEWER-CHIEF,
dd4495b9-252b-5668-931d-c7cf664a4876,CMM-INSTRU-76A4D1-001,HPCL-120139,HPCL,RTD Sensor 300# Brass 4-20 mA,INSTRUMENTATION|BRASS|4_20_MA|ASME_B40100,DIRECT_ACCEPTED,CAN-031981;CAN-031982;CAN-031983,NMC-REVIEWER-CHIEF,
99d4e151-23c6-55b7-9c70-9f3e22851ebc,CMM-INSTRU-76A4D1-001,ONGC-100140,ONGC,SPARE-4-20 mA RTD Sensor - Brass 600#,INSTRUMENTATION|BRASS|4_20_MA|ASME_B40100,DIRECT_ACCEPTED,CAN-031981;CAN-032012;CAN-032013,NMC-REVIEWER-CHIEF,
fd3c8c9b-08fc-5510-963f-f9ece3175a38,CMM-INSTRU-76A779-001,NTPC-200203,NTPC,IND.0-15 m Coal Bunker Level Switch - SS316,INSTRUMENTATION|STAINLESS_STEEL|SS_316|0_15_M|IEC_60529,STANDALONE,,,
a5536306-7b95-5b39-aced-00f13dee8303,CMM-INSTRU-770DEC-001,NTPC-200207,NTPC,Coal Bunker Level Switch 0-15 m SS316,INSTRUMENTATION|STAINLESS_STEEL|SS_316|0_15_M|IEC_60529,STANDALONE,,,
83bb90c8-085d-5bd2-9ffc-f55074b87c45,CMM-INSTRU-77851D-001,NTPC-200113,NTPC,IND.Flow Meter 300# SS304 4-20 mA,INSTRUMENTATION|STAINLESS_STEEL|SS_304|4_20_MA,DIRECT_ACCEPTED,CAN-027631,NMC-REVIEWER-CHIEF,
c4921cc6-c3bb-5d4e-997f-9ec48a61b19f,CMM-INSTRU-77851D-001,ONGC-100172,ONGC,IND.RTD Sensor 4-20 mA SS304 600#,INSTRUMENTATION|STAINLESS_STEEL|SS_304|4_20_MA,DIRECT_ACCEPTED,CAN-027631,NMC-REVIEWER-CHIEF,
0a7d7373-94c6-5eac-902c-6bac01a69a64,CMM-INSTRU-794286-001,IOCL-110196,IOCL,IND.REFINERY FLARE SENSOR SS316 1/2 in NPT,INSTRUMENTATION|STAINLESS_STEEL|SS_316|1_2_IN_NPT|API_537,STANDALONE,,,
7b8b5b37-3def-5066-a8d5-6f7f39ce07f5,CMM-INSTRU-7A3205-001,BHEL-500087,BHEL,SPARE-LEVEL TRANSMITTER SS316 4-20 mA,INSTRUMENTATION|STAINLESS_STEEL|SS_316|4_20_MA|IEC_60529,DIRECT_ACCEPTED,CAN-020372;CAN-020402;CAN-020433;CAN-020434;CAN-020435;CAN-020436;CAN-020437;CAN-020438;CAN-020439;CAN-020440;CAN-020441;CAN-020442,NMC-REVIEWER-CHIEF,
b0033141-fe02-5b5e-b9cc-68e2949b2c90,CMM-INSTRU-7A3205-001,BHEL-500096,BHEL,SPARE-LEVEL TRANSMITTER SS316 4-20 mA,INSTRUMENTATION|STAINLESS_STEEL|SS_316|4_20_MA|IEC_60529,DIRECT_ACCEPTED,CAN-020376;CAN-020406;CAN-020466;CAN-020496;CAN-020526;CAN-022626;CAN-022627;CAN-022628;CAN-022629;CAN-022630;CAN-022631;CAN-022632,NMC-REVIEWER-CHIEF,
fa8f3e8b-c44c-5587-99ef-aa11b175788d,CMM-INSTRU-7A3205-001,BHEL-500100,BHEL,IND.RTD SENSOR 4-20 mA SS316,INSTRUMENTATION|STAINLESS_STEEL|SS_316|4_20_MA|IEC_60529,DIRECT_ACCEPTED,CAN-020379;CAN-020410;CAN-020469;CAN-020500;CAN-020529;CAN-022659;CAN-022689;CAN-023319;CAN-023349;CAN-023350;CAN-023351;CAN-023352,NMC-REVIEWER-CHIEF,
7d8fa650-a0cf-5a89-8528-af4e1a3d9393,CMM-INSTRU-7A3205-001,CIL-400075,Coal India,Level Transmitter SS316 4-20 mA,INSTRUMENTATION|STAINLESS_STEEL|SS_316|4_20_MA|IEC_60529,DIRECT_ACCEPTED,CAN-020371;CAN-020372;CAN-020373;CAN-020374;CAN-020375;CAN-020376;CAN-020377;CAN-020378;CAN-020379;CAN-020380;CAN-020381;CAN-020382,NMC-REVIEWER-CHIEF,
2c1a9774-f5f5-54d5-bb94-a95142df47d9,CMM-INSTRU-7A3205-001,CIL-400087,Coal India,"LEVEL TRANSMITTER, SS316, SIZE 4-20 mA",INSTRUMENTATION|STAINLESS_STEEL|SS_316|4_20_MA|IEC_60529,DIRECT_ACCEPTED,CAN-020408;CAN-020437;CAN-020468;CAN-020498;CAN-020527;CAN-022627;CAN-022657;CAN-022688;CAN-022689;CAN-022690;CAN-022691;CAN-022692,NMC-REVIEWER-CHIEF,
df90886a-9d9d-5002-88a2-11b0bcb4dc72,CMM-INSTRU-7A3205-001,CIL-400091,Coal India,"SPARE-RTD SENSOR, SS316, SIZE 4-20 mA",INSTRUMENTATION|STAINLESS_STEEL|SS_316|4_20_MA|IEC_60529,DIRECT_ACCEPTED,CAN-020414;CAN-020442;CAN-020473;CAN-020503;CAN-020532;CAN-022632;CAN-022662;CAN-023323;CAN-023352;CAN-023383;CAN-023412;CAN-023444,NMC-REVIEWER-CHIEF,
42283957-da9e-521a-9aef-65dd0195da16,CMM-INSTRU-7A3205-001,HPCL-120090,HPCL,LEVEL TRANSMITTER SS316 4-20 mA,INSTRUMENTATION|STAINLESS_STEEL|SS_316|4_20_MA|IEC_60529,DIRECT_ACCEPTED,CAN-020371;CAN-020402;CAN-020403;CAN-020404;CAN-020405;CAN-020406;CAN-020407;CAN-020408;CAN-020409;CAN-020410;CAN-020411;CAN-020412;CAN-020413;CAN-020414,NMC-REVIEWER-CHIEF,
71a7ce79-1aff-5613-b8b6-a0fc615ca1fc,CMM-INSTRU-7A3205-001,IOCL-110084,IOCL,"STORES ITEM LEVEL TRANSMITTER, SS316, SIZE 4-20 mA",INSTRUMENTATION|STAINLESS_STEEL|SS_316|4_20_MA|IEC_60529,DIRECT_ACCEPTED,CAN-020373;CAN-020403;CAN-020433;CAN-020464;CAN-020465;CAN-020466;CAN-020467;CAN-020468;CAN-020469;CAN-020470;CAN-020471;CAN-020472;CAN-020473,NMC-REVIEWER-CHIEF,
9ab5ca76-9648-5784-847a-d79a532f16e9,CMM-INSTRU-7A3205-001,IOCL-110095,IOCL,RTD SENSOR 4-20 mA SS316,INSTRUMENTATION|STAINLESS_STEEL|SS_316|4_20_MA|IEC_60529,DIRECT_ACCEPTED,CAN-020378;CAN-020409;CAN-020438;CAN-020499;CAN-020528;CAN-022628;CAN-022658;CAN-022688;CAN-023319;CAN-023320;CAN-023321;CAN-023322;CAN-023323,NMC-REVIEWER-CHIEF,
faee8d34-2e40-521d-8b7e-ba2827db005d,CMM-INSTRU-7A3205-001,NMDC-410091,NMDC,4-20 mA LEVEL TRANSMITTER - SS316,INSTRUMENTATION|STAINLESS_STEEL|SS_316|4_20_MA|IEC_60529,DIRECT_ACCEPTED,CAN-020374;CAN-020404;CAN-020434;CAN-020464;CAN-020495;CAN-020496;CAN-020497;CAN-020498;CAN-020499;CAN-020500;CAN-020501;CAN-020502;CAN-020503,NMC-REVIEWER-CHIEF,
a591e795-4398-5c05-be63-cd8af441aac5,CMM-INSTRU-7A3205-001,NMDC-410099,NMDC,IND.RTD Sensor SS316 4-20 mA,INSTRUMENTATION|STAINLESS_STEEL|SS_316|4_20_MA|IEC_60529,DIRECT_ACCEPTED,CAN-020380;CAN-020411;CAN-020439;CAN-020470;CAN-020530;CAN-022629;CAN-022660;CAN-022690;CAN-023320;CAN-023349;CAN-023381;CAN-023382;CAN-023383,NMC-REVIEWER-CHIEF,
3ddf687e-ac6a-5268-b81a-e612ebdc7ed3,CMM-INSTRU-7A3205-001,ONGC-100085,ONGC,SPARE-Level Transmitter 4-20 mA SS316,INSTRUMENTATION|STAINLESS_STEEL|SS_316|4_20_MA|IEC_60529,DIRECT_ACCEPTED,CAN-020375;CAN-020405;CAN-020435;CAN-020465;CAN-020495;CAN-020526;CAN-020527;CAN-020528;CAN-020529;CAN-020530;CAN-020531;CAN-020532,NMC-REVIEWER-CHIEF,
aab8c532-e713-51e0-b5b7-1930e1d2fb74,CMM-INSTRU-7A3205-001,ONGC-100096,ONGC,IND.4-20 mA Level Transmitter - SS316,INSTRUMENTATION|STAINLESS_STEEL|SS_316|4_20_MA|IEC_60529,DIRECT_ACCEPTED,CAN-020377;CAN-020407;CAN-020436;CAN-020467;CAN-020497;CAN-022626;CAN-022657;CAN-022658;CAN-022659;CAN-022660;CAN-022661;CAN-022662,NMC-REVIEWER-CHIEF,
f6472e21-b6ed-5844-b224-1f895884d6a4,CMM-INSTRU-7A3205-001,ONGC-100100,ONGC,IND.RTD Sensor 4-20 mA SS316,INSTRUMENTATION|STAINLESS_STEEL|SS_316|4_20_MA|IEC_60529,DIRECT_ACCEPTED,CAN-020381;CAN-020412;CAN-020440;CAN-020471;CAN-020501;CAN-022630;CAN-022691;CAN-023321;CAN-023350;CAN-023381;CAN-023411;CAN-023412,NMC-REVIEWER-CHIEF,
0efde34b-5cfe-5f72-bb1e-2692f6713d5f,CMM-INSTRU-7A3205-001,SAIL-300105,SAIL,RTD SENSOR SS316 4-20 mA,INSTRUMENTATION|STAINLESS_STEEL|SS_316|4_20_MA|IEC_60529,DIRECT_ACCEPTED,CAN-020382;CAN-020413;CAN-020441;CAN-020472;CAN-020502;CAN-020531;CAN-022631;CAN-022661;CAN-022692;CAN-023322;CAN-023351;CAN-023382;CAN-023411;CAN-023444,NMC-REVIEWER-CHIEF,
67ca601c-b1d7-5fb4-a892-20d2fdd8de7e,CMM-INSTRU-7B18F9-001,ONGC-100214,ONGC,"IND.Subsea Wellhead Sensor, SS316, SIZE 5000 psi",INSTRUMENTATION|STAINLESS_STEEL|SS_316|5000_PSI|API_6A,STANDALONE,,,
a42c9253-59ea-5c51-aa32-8227a0dc4c30,CMM-INSTRU-7BB3AA-001,ONGC-100238,ONGC,SPARE-Subsea Wellhead Sensor 5000 psi SS316,INSTRUMENTATION|STAINLESS_STEEL|SS_316|5000_PSI|API_6A,STANDALONE,,,
17fea9ac-5b4c-5bfa-a0d5-348ff5f59900,CMM-INSTRU-7D7EC5-001,IOCL-110245,IOCL,"IND.Refinery Flare Sensor, SS316, SIZE 1/2 in NPT",INSTRUMENTATION|STAINLESS_STEEL|SS_316|1_2_IN_NPT|API_537,STANDALONE,,,
c25ee620-f9fd-5db9-8fed-30e834c579c4,CMM-INSTRU-7F6F9D-001,NTPC-200262,NTPC,IND.0-15 m COAL BUNKER LEVEL SWITCH - SS316,INSTRUMENTATION|STAINLESS_STEEL|SS_316|0_15_M|IEC_60529,STANDALONE,,,
3733fce7-6b96-50d2-b533-76597d5cb31d,CMM-INSTRU-8059CB-001,HPCL-120252,HPCL,SPARE-TANK FARM LEVEL GAUGE SS304 0-20 m,INSTRUMENTATION|STAINLESS_STEEL|SS_304|0_20_M|API_2350,STANDALONE,,,
8acda179-9207-54a1-a3fc-3eaa164ae705,CMM-INSTRU-80EC8A-001,IOCL-110275,IOCL,IND.REFINERY FLARE SENSOR 1/2 in NPT SS316,INSTRUMENTATION|STAINLESS_STEEL|SS_316|1_2_IN_NPT|API_537,STANDALONE,,,
0e0d0b07-4391-539b-b42d-a863bb825779,CMM-INSTRU-81A3AD-001,HPCL-120271,HPCL,STORES ITEM 0-20 m TANK FARM LEVEL GAUGE - SS304,INSTRUMENTATION|STAINLESS_STEEL|SS_304|0_20_M|API_2350,STANDALONE,,,
7d3aa1b2-e55b-5a74-ba6a-b633ec57e996,CMM-INSTRU-8255AD-001,IOCL-110269,IOCL,Refinery Flare Sensor 1/2 in NPT SS316,INSTRUMENTATION|STAINLESS_STEEL|SS_316|1_2_IN_NPT|API_537,STANDALONE,,,
dd75a8ef-653b-52e9-92f6-c805eaeaaf03,CMM-INSTRU-82A6A9-001,IOCL-110222,IOCL,Refinery Flare Sensor SS316 1/2 in NPT,INSTRUMENTATION|STAINLESS_STEEL|SS_316|1_2_IN_NPT|API_537,STANDALONE,,,
bb3d64df-fcb2-5094-a03d-48de37e5bb8a,CMM-INSTRU-8383E5-001,IOCL-110177,IOCL,PRESSURE GAUGE 300# Brass 0-500 Deg C,INSTRUMENTATION|PRESSURE_GAUGE|BRASS|0_500_DEG_C|ASME_B40100,DIRECT_ACCEPTED,CAN-045541,NMC-REVIEWER-CHIEF,
17479404-6cb5-5625-a6bf-a285bae6aff0,CMM-INSTRU-8383E5-001,ONGC-100206,ONGC,Pressure Gauge 0-500 Deg C Brass 150#,INSTRUMENTATION|PRESSURE_GAUGE|BRASS|0_500_DEG_C|ASME_B40100,DIRECT_ACCEPTED,CAN-045541,NMC-REVIEWER-CHIEF,
c517b113-9679-57ca-a722-8287613a6b71,CMM-INSTRU-839017-001,HPCL-120236,HPCL,"TANK FARM LEVEL GAUGE, SS304, SIZE 0-20 m",INSTRUMENTATION|STAINLESS_STEEL|SS_304|0_20_M|API_2350,STANDALONE,,,
c4fafeb8-720d-57fa-a3bd-af2bd33eb870,CMM-INSTRU-83BD2D-001,NTPC-200269,NTPC,IND.COAL BUNKER LEVEL SWITCH SS316 0-15 m,INSTRUMENTATION|STAINLESS_STEEL|SS_316|0_15_M|IEC_60529,STANDALONE,,,
4f08d3e6-9741-594a-867d-184701ab3224,CMM-INSTRU-85D49D-001,SAIL-300163,SAIL,IND.Pressure Gauge 0-500 Deg C SS304 600#,INSTRUMENTATION|PRESSURE_GAUGE|STAINLESS_STEEL|SS_304|0_500_DEG_C|IEC_60529,STANDALONE,,,
e81a610d-153a-59b6-80e6-83e5b1f20d82,CMM-INSTRU-86F6A1-001,NTPC-200264,NTPC,STORES ITEM Coal Bunker Level Switch SS316 0-15 m,INSTRUMENTATION|STAINLESS_STEEL|SS_316|0_15_M|IEC_60529,STANDALONE,,,
b647cc25-30fd-5c63-92d6-52cf124c7633,CMM-INSTRU-8CA6B6-001,ONGC-100242,ONGC,IND.5000 psi Subsea Wellhead Sensor - SS316,INSTRUMENTATION|STAINLESS_STEEL|SS_316|5000_PSI|API_6A,STANDALONE,,,
9d21274f-3590-5933-97f8-d1fb000e184a,CMM-INSTRU-8F40E1-001,NTPC-200229,NTPC,COAL BUNKER LEVEL SWITCH 0-15 m SS316,INSTRUMENTATION|STAINLESS_STEEL|SS_316|0_15_M|IEC_60529,STANDALONE,,,
bb7d604e-5d82-5c25-9fa1-e37c2b4d3994,CMM-INSTRU-9139D9-001,IOCL-110259,IOCL,STORES ITEM 1/2 in NPT REFINERY FLARE SENSOR - SS316,INSTRUMENTATION|STAINLESS_STEEL|SS_316|1_2_IN_NPT|API_537,STANDALONE,,,
658eaf1b-1757-5198-b022-5654b68c8e7a,CMM-INSTRU-91D2D9-001,IOCL-110214,IOCL,STORES ITEM REFINERY FLARE SENSOR SS316 1/2 in NPT,INSTRUMENTATION|STAINLESS_STEEL|SS_316|1_2_IN_NPT|API_537,STANDALONE,,,
dbd551a1-e7c1-5c6d-98df-fd62a6b6aaeb,CMM-INSTRU-921D2D-001,HPCL-120215,HPCL,STORES ITEM 0-20 m TANK FARM LEVEL GAUGE - SS304,INSTRUMENTATION|STAINLESS_STEEL|SS_304|0_20_M|API_2350,STANDALONE,,,
e03e171a-d2db-5bcd-8ddc-6cf115c43146,CMM-INSTRU-9440ED-001,NTPC-200255,NTPC,"Coal Bunker Level Switch, SS316, SIZE 0-15 m",INSTRUMENTATION|STAINLESS_STEEL|SS_316|0_15_M|IEC_60529,STANDALONE,,,
fd18d18e-c6d2-510c-abdb-f0d4375a8388,CMM-INSTRU-98114D-001,NTPC-200266,NTPC,COAL BUNKER LEVEL SWITCH 0-15 m SS316,INSTRUMENTATION|STAINLESS_STEEL|SS_316|0_15_M|IEC_60529,STANDALONE,,,
ac7fdf31-5e46-55c6-9d37-30358c59b6d6,CMM-INSTRU-984885-001,NTPC-200216,NTPC,IND.Coal Bunker Level Switch 0-15 m SS316,INSTRUMENTATION|STAINLESS_STEEL|SS_316|0_15_M|IEC_60529,STANDALONE,,,
b748278d-4b2a-5322-b94f-891b6d5f3395,CMM-INSTRU-9A8BBD-001,HPCL-120234,HPCL,IND.0-20 m Tank Farm Level Gauge - SS304,INSTRUMENTATION|STAINLESS_STEEL|SS_304|0_20_M|API_2350,STANDALONE,,,
d10b2771-2a47-5f18-8a13-491d84dc7b7b,CMM-INSTRU-A1E54E-001,NTPC-200213,NTPC,"Coal Bunker Level Switch, SS316, SIZE 0-15 m",INSTRUMENTATION|STAINLESS_STEEL|SS_316|0_15_M|IEC_60529,STANDALONE,,,
be4fe9c7-55c9-5266-89db-60f121b2a7ca,CMM-INSTRU-A280D1-001,NTPC-200243,NTPC,IND.Coal Bunker Level Switch 0-15 m SS316,INSTRUMENTATION|STAINLESS_STEEL|SS_316|0_15_M|IEC_60529,STANDALONE,,,
2c84bf53-7525-5325-b20b-520651c646ca,CMM-INSTRU-A525E5-001,HPCL-120258,HPCL,Tank Farm Level Gauge SS304 0-20 m,INSTRUMENTATION|STAINLESS_STEEL|SS_304|0_20_M|API_2350,STANDALONE,,,
7e8a795b-276d-50a6-a88e-b48e4bc15444,CMM-INSTRU-A59364-001,IOCL-110244,IOCL,REFINERY FLARE SENSOR SS316 1/2 in NPT,INSTRUMENTATION|STAINLESS_STEEL|SS_316|1_2_IN_NPT|API_537,STANDALONE,,,
eb481623-91b8-5571-b8ff-8cbd93d28c5f,CMM-INSTRU-A60B7A-001,HPCL-120221,HPCL,SPARE-Tank Farm Level Gauge SS304 0-20 m,INSTRUMENTATION|STAINLESS_STEEL|SS_304|0_20_M|API_2350,STANDALONE,,,
aa3c48ee-bd72-5825-be98-45acf104eac2,CMM-INSTRU-A66AB3-001,NTPC-200275,NTPC,SPARE-Coal Bunker Level Switch 0-15 m SS316,INSTRUMENTATION|STAINLESS_STEEL|SS_316|0_15_M|IEC_60529,STANDALONE,,,
f4dc450a-e473-5f85-9ea2-4b326dd184bf,CMM-INSTRU-A68FF3-001,ONGC-100229,ONGC,"SUBSEA WELLHEAD SENSOR, SS316, SIZE 5000 psi",INSTRUMENTATION|STAINLESS_STEEL|SS_316|5000_PSI|API_6A,STANDALONE,,,
c6735a3a-adc2-59d5-acde-3bba916eaab9,CMM-INSTRU-A6D775-001,NTPC-200190,NTPC,0-15 m COAL BUNKER LEVEL SWITCH - SS316,INSTRUMENTATION|STAINLESS_STEEL|SS_316|0_15_M|IEC_60529,STANDALONE,,,
ebfad112-c229-55f3-9e47-0849dd9de070,CMM-INSTRU-A7D80C-001,HPCL-120193,HPCL,SPARE-TANK FARM LEVEL GAUGE 0-20 m SS304,INSTRUMENTATION|STAINLESS_STEEL|SS_304|0_20_M|API_2350,STANDALONE,,,
aabafb20-fec0-5117-8976-0f894fa1929a,CMM-INSTRU-A874B5-001,IOCL-110250,IOCL,"Refinery Flare Sensor, SS316, SIZE 1/2 in NPT",INSTRUMENTATION|STAINLESS_STEEL|SS_316|1_2_IN_NPT|API_537,STANDALONE,,,
21f9b717-b5b9-517c-be80-29c68aa25fb8,CMM-INSTRU-A88132-001,ONGC-100261,ONGC,SPARE-SUBSEA WELLHEAD SENSOR SS316 5000 psi,INSTRUMENTATION|STAINLESS_STEEL|SS_316|5000_PSI|API_6A,STANDALONE,,,
0b9a051c-4609-5801-9d08-a081cd46b97b,CMM-INSTRU-AA1EFB-001,NTPC-200165,NTPC,STORES ITEM Pressure Gauge 300# Polycarbonate 4-20 mA,INSTRUMENTATION|PRESSURE_GAUGE|POLYCARBONATE|4_20_MA|ASME_B40100,DIRECT_ACCEPTED,CAN-040861,NMC-REVIEWER-CHIEF,
ee570631-7f6a-5840-9ad4-263fac2b7954,CMM-INSTRU-AA1EFB-001,ONGC-100182,ONGC,"SPARE-Pressure Gauge, Polycarbonate, SIZE 4-20 mA 150#",INSTRUMENTATION|PRESSURE_GAUGE|POLYCARBONATE|4_20_MA|ASME_B40100,DIRECT_ACCEPTED,CAN-040861,NMC-REVIEWER-CHIEF,
4f16aa84-bdd1-5960-9984-c410de41fbf1,CMM-INSTRU-AAA211-001,HPCL-120251,HPCL,"STORES ITEM TANK FARM LEVEL GAUGE, SS304, SIZE 0-20 m",INSTRUMENTATION|STAINLESS_STEEL|SS_304|0_20_M|API_2350,STANDALONE,,,
e92bf801-6a25-5f41-8527-2805003ad12a,CMM-INSTRU-ABABE6-001,IOCL-110247,IOCL,Refinery Flare Sensor SS316 1/2 in NPT,INSTRUMENTATION|STAINLESS_STEEL|SS_316|1_2_IN_NPT|API_537,STANDALONE,,,
c6931285-960e-54a3-ac1d-6bdbda0430d5,CMM-INSTRU-AC7EC7-001,HPCL-120209,HPCL,SPARE-Tank Farm Level Gauge SS304 0-20 m,INSTRUMENTATION|STAINLESS_STEEL|SS_304|0_20_M|API_2350,STANDALONE,,,
7208207a-71d1-55c6-90fe-844b27e359be,CMM-INSTRU-AE7E4B-001,ONGC-100253,ONGC,SPARE-Subsea Wellhead Sensor SS316 5000 psi,INSTRUMENTATION|STAINLESS_STEEL|SS_316|5000_PSI|API_6A,STANDALONE,,,
17723b16-5b87-5c6b-906a-d59b37ae5563,CMM-INSTRU-AECA78-001,NTPC-200239,NTPC,0-15 m Coal Bunker Level Switch - SS316,INSTRUMENTATION|STAINLESS_STEEL|SS_316|0_15_M|IEC_60529,STANDALONE,,,
5e94d6bf-535a-5a03-bf94-ec0fc6c6fbae,CMM-INSTRU-B12635-001,BHEL-500125,BHEL,"LEVEL TRANSMITTER, SS304, SIZE 4-20 mA 600#",INSTRUMENTATION|STAINLESS_STEEL|SS_304|4_20_MA|ASME_B40100,DIRECT_ACCEPTED,CAN-029731,NMC-REVIEWER-CHIEF,
0fad1979-19be-55f0-81d0-6d9939096d6b,CMM-INSTRU-B12635-001,NMDC-410124,NMDC,Flow Meter 150# SS304 4-20 mA,INSTRUMENTATION|STAINLESS_STEEL|SS_304|4_20_MA|ASME_B40100,DIRECT_ACCEPTED,CAN-029731,NMC-REVIEWER-CHIEF,
bd0584d5-cc16-5a32-a232-729f1ee3bd7e,CMM-INSTRU-B2DA61-001,NTPC-200240,NTPC,"Coal Bunker Level Switch, SS316, SIZE 0-15 m",INSTRUMENTATION|STAINLESS_STEEL|SS_316|0_15_M|IEC_60529,STANDALONE,,,
117a45bb-4055-5e36-81f2-92888a051df4,CMM-INSTRU-B41971-001,NTPC-200252,NTPC,Coal Bunker Level Switch 0-15 m SS316,INSTRUMENTATION|STAINLESS_STEEL|SS_316|0_15_M|IEC_60529,STANDALONE,,,
cc38b958-f7f7-5de7-9e64-110426b007e5,CMM-INSTRU-B6F610-001,CIL-400163,Coal India,IND.Level Transmitter 0-500 Deg C SS316 150#,INSTRUMENTATION|STAINLESS_STEEL|SS_316|0_500_DEG_C,STANDALONE,,,
6e0767c5-546a-5209-9d71-13aa36ae8648,CMM-INSTRU-B87CE6-001,NTPC-200217,NTPC,SPARE-Coal Bunker Level Switch 0-15 m SS316,INSTRUMENTATION|STAINLESS_STEEL|SS_316|0_15_M|IEC_60529,STANDALONE,,,
56e22695-4976-5515-9ed4-1fd7d0b6abff,CMM-INSTRU-B9CBD1-001,NTPC-200241,NTPC,"IND.Coal Bunker Level Switch, SS316, SIZE 0-15 m",INSTRUMENTATION|STAINLESS_STEEL|SS_316|0_15_M|IEC_60529,STANDALONE,,,
7d0ee4ac-078b-55fc-a4d1-a380fe671137,CMM-INSTRU-BB5756-001,HPCL-120238,HPCL,STORES ITEM TANK FARM LEVEL GAUGE SS304 0-20 m,INSTRUMENTATION|STAINLESS_STEEL|SS_304|0_20_M|API_2350,STANDALONE,,,
4fd9cc60-ec5c-51a8-bfde-28640c2baa51,CMM-INSTRU-BC26EA-001,NTPC-200210,NTPC,"STORES ITEM COAL BUNKER LEVEL SWITCH, SS316, SIZE 0-15 m",INSTRUMENTATION|STAINLESS_STEEL|SS_316|0_15_M|IEC_60529,STANDALONE,,,
86aa6c93-0c06-53e4-99b8-3090b81ba5d1,CMM-INSTRU-BD17DE-001,HPCL-120211,HPCL,STORES ITEM 0-20 m Tank Farm Level Gauge - SS304,INSTRUMENTATION|STAINLESS_STEEL|SS_304|0_20_M|API_2350,STANDALONE,,,
bfd5d0dd-b44d-5b54-99e5-662c440eb36e,CMM-INSTRU-C00875-001,IOCL-110271,IOCL,REFINERY FLARE SENSOR SS316 1/2 in NPT,INSTRUMENTATION|STAINLESS_STEEL|SS_316|1_2_IN_NPT|API_537,STANDALONE,,,
ba7312c1-a430-5f26-b6e4-c199bfb83588,CMM-INSTRU-C19E45-001,HPCL-120228,HPCL,SPARE-Tank Farm Level Gauge SS304 0-20 m,INSTRUMENTATION|STAINLESS_STEEL|SS_304|0_20_M|API_2350,STANDALONE,,,
a3154fb6-6c22-5d86-85c8-6674aea17544,CMM-INSTRU-C25520-001,NTPC-200215,NTPC,"COAL BUNKER LEVEL SWITCH, SS316, SIZE 0-15 m",INSTRUMENTATION|STAINLESS_STEEL|SS_316|0_15_M|IEC_60529,STANDALONE,,,
5e9e0988-8daa-5666-a7c3-5bde5b866318,CMM-INSTRU-C368B5-001,HPCL-120124,HPCL,"IND.Level Transmitter, Polycarbonate, SIZE 0-500 Deg C 600#",INSTRUMENTATION|POLYCARBONATE|0_500_DEG_C,DIRECT_ACCEPTED,CAN-028261,NMC-REVIEWER-CHIEF,
a330763f-e9ac-57c4-bef0-3711a880f614,CMM-INSTRU-C368B5-001,IOCL-110107,IOCL,"STORES ITEM LEVEL TRANSMITTER, Polycarbonate, SIZE 0-500 Deg C 300#",INSTRUMENTATION|POLYCARBONATE|0_500_DEG_C,DIRECT_ACCEPTED,CAN-028261,NMC-REVIEWER-CHIEF,
32c2edcd-8c27-52c9-880e-f79f09450413,CMM-INSTRU-C48687-001,ONGC-100231,ONGC,"SUBSEA WELLHEAD SENSOR, SS316, SIZE 5000 psi",INSTRUMENTATION|STAINLESS_STEEL|SS_316|5000_PSI|API_6A,STANDALONE,,,
08f49396-b020-5c3e-ba77-46a9ea00d2d9,CMM-INSTRU-C4873D-001,CIL-400089,Coal India,"RTD SENSOR, Brass, SIZE 1/2 in NPT",INSTRUMENTATION|BRASS|1_2_IN_NPT,DIRECT_ACCEPTED,CAN-023101;CAN-023132;CAN-023133;CAN-023134;CAN-023135,NMC-REVIEWER-CHIEF,
130cf468-a01d-56d8-8ee7-901acbb6e560,CMM-INSTRU-C4873D-001,HPCL-120141,HPCL,"Level Transmitter, Brass, SIZE 1/2 in NPT 150#",INSTRUMENTATION|BRASS|1_2_IN_NPT,DIRECT_ACCEPTED,CAN-023104;CAN-023134;CAN-023164;CAN-023194;CAN-033005,NMC-REVIEWER-CHIEF,
60b82202-e5f2-52cd-9dff-9f6ac0b05226,CMM-INSTRU-C4873D-001,IOCL-110094,IOCL,IND.RTD SENSOR Brass 1/2 in NPT,INSTRUMENTATION|BRASS|1_2_IN_NPT,DIRECT_ACCEPTED,CAN-023103;CAN-023133;CAN-023163;CAN-023194,NMC-REVIEWER-CHIEF,
9393fe8f-1f93-5e1c-a76c-b49c21f865da,CMM-INSTRU-C4873D-001,IOCL-110127,IOCL,SPARE-1/2 in NPT Level Transmitter - Brass 600#,INSTRUMENTATION|BRASS|1_2_IN_NPT,DIRECT_ACCEPTED,CAN-023105;CAN-023135;CAN-023165;CAN-033005,NMC-REVIEWER-CHIEF,
263cbffd-53a4-59a9-8f06-68840c5ed59a,CMM-INSTRU-C4873D-001,ONGC-100099,ONGC,IND.1/2 in NPT RTD SENSOR - Brass,INSTRUMENTATION|BRASS|1_2_IN_NPT,DIRECT_ACCEPTED,CAN-023101;CAN-023102;CAN-023103;CAN-023104;CAN-023105,NMC-REVIEWER-CHIEF,
d45d0b66-41e9-550e-b0d1-a0d6df270d55,CMM-INSTRU-C4873D-001,SAIL-300103,SAIL,RTD Sensor 1/2 in NPT Brass,INSTRUMENTATION|BRASS|1_2_IN_NPT,DIRECT_ACCEPTED,CAN-023102;CAN-023132;CAN-023163;CAN-023164;CAN-023165,NMC-REVIEWER-CHIEF,
fb212120-05dc-5ec1-b372-df004674b7f1,CMM-INSTRU-C5E6DF-001,IOCL-110205,IOCL,IND.REFINERY FLARE SENSOR 1/2 in NPT SS316,INSTRUMENTATION|STAINLESS_STEEL|SS_316|1_2_IN_NPT|API_537,STANDALONE,,,
e762fd1e-53c6-5b67-8427-535affc152dc,CMM-INSTRU-C75E96-001,CIL-400177,Coal India,"Level Transmitter, Brass, SIZE 0-500 Deg C 300#",INSTRUMENTATION|BRASS|0_500_DEG_C|IEC_60529,DIRECT_ACCEPTED,CAN-043261,NMC-REVIEWER-CHIEF,
c90c5380-2745-51ed-974a-6007896dcd87,CMM-INSTRU-C75E96-001,ONGC-100197,ONGC,STORES ITEM Level Transmitter 0-500 Deg C Brass 150#,INSTRUMENTATION|BRASS|0_500_DEG_C|IEC_60529,DIRECT_ACCEPTED,CAN-043261,NMC-REVIEWER-CHIEF,
bc7a73e8-48be-5e77-b7e2-b7af5ec1ae31,CMM-INSTRU-C7F4D5-001,BHEL-500105,BHEL,SPARE-LEVEL TRANSMITTER Brass 0-500 Deg C,INSTRUMENTATION|BRASS|0_500_DEG_C,DIRECT_ACCEPTED,CAN-024541;CAN-024542;CAN-024543;CAN-024544;CAN-024545;CAN-024546,NMC-REVIEWER-CHIEF,
2ea079ef-6bdb-5a8c-ba34-284d8cb2cbf7,CMM-INSTRU-C7F4D5-001,HPCL-120109,HPCL,SPARE-Level Transmitter Brass 0-500 Deg C,INSTRUMENTATION|BRASS|0_500_DEG_C,DIRECT_ACCEPTED,CAN-024542;CAN-024572;CAN-024603;CAN-024604;CAN-024605;CAN-024606,NMC-REVIEWER-CHIEF,
34470860-c41c-57f8-a664-23ec240dfd61,CMM-INSTRU-C7F4D5-001,IOCL-110143,IOCL,TEMPERATURE TRANSMITTER 0-500 Deg C Brass 600#,INSTRUMENTATION|BRASS|0_500_DEG_C,DIRECT_ACCEPTED,CAN-024544;CAN-024573;CAN-024604;CAN-036783;CAN-036815,NMC-REVIEWER-CHIEF,
efaed46f-403a-5a04-86e3-56ea85deae58,CMM-INSTRU-C7F4D5-001,IOCL-110169,IOCL,"Temperature Transmitter, Brass, SIZE 0-500 Deg C 600#",INSTRUMENTATION|BRASS|0_500_DEG_C,DIRECT_ACCEPTED,CAN-024545;CAN-024574;CAN-024605;CAN-036784;CAN-044045,NMC-REVIEWER-CHIEF,
5d241d3a-b1d6-5d57-935d-ee69960531d5,CMM-INSTRU-C7F4D5-001,NMDC-410185,NMDC,0-500 Deg C TEMPERATURE TRANSMITTER - Brass 300#,INSTRUMENTATION|BRASS|0_500_DEG_C,DIRECT_ACCEPTED,CAN-024546;CAN-024575;CAN-024606;CAN-036785;CAN-036815;CAN-044045,NMC-REVIEWER-CHIEF,
d9b9bbfa-7e19-55be-a081-cf15d37878bc,CMM-INSTRU-C7F4D5-001,NTPC-200096,NTPC,Level Transmitter Brass 0-500 Deg C,INSTRUMENTATION|BRASS|0_500_DEG_C,DIRECT_ACCEPTED,CAN-024541;CAN-024572;CAN-024573;CAN-024574;CAN-024575,NMC-REVIEWER-CHIEF,
96563811-97ef-5eee-bb54-1af65bd378a7,CMM-INSTRU-C7F4D5-001,NTPC-200149,NTPC,0-500 Deg C TEMPERATURE TRANSMITTER - Brass 300#,INSTRUMENTATION|BRASS|0_500_DEG_C,DIRECT_ACCEPTED,CAN-024543;CAN-024603;CAN-036783;CAN-036784;CAN-036785,NMC-REVIEWER-CHIEF,
077a3122-fb95-58f7-a8e7-6b051f03433e,CMM-INSTRU-C84B51-001,IOCL-110239,IOCL,IND.Refinery Flare Sensor SS316 1/2 in NPT,INSTRUMENTATION|STAINLESS_STEEL|SS_316|1_2_IN_NPT|API_537,STANDALONE,,,
68e5b7ad-2375-5a42-b550-c4f7698c1494,CMM-INSTRU-C88038-001,NTPC-200205,NTPC,SPARE-0-15 m Coal Bunker Level Switch - SS316,INSTRUMENTATION|STAINLESS_STEEL|SS_316|0_15_M|IEC_60529,STANDALONE,,,
e7a19bfe-7cc3-5ffd-a9ea-142f7f3e85a7,CMM-INSTRU-CA1232-001,IOCL-110189,IOCL,REFINERY FLARE SENSOR SS316 1/2 in NPT,INSTRUMENTATION|STAINLESS_STEEL|SS_316|1_2_IN_NPT|API_537,STANDALONE,,,
dc8c5c2a-2951-58af-862e-ad7a75e6e58d,CMM-INSTRU-CB6E34-001,NTPC-200232,NTPC,"COAL BUNKER LEVEL SWITCH, SS316, SIZE 0-15 m",INSTRUMENTATION|STAINLESS_STEEL|SS_316|0_15_M|IEC_60529,STANDALONE,,,
d6befa82-bc4e-55a8-bcdf-8c356a3693fd,CMM-INSTRU-CC23D7-001,ONGC-100232,ONGC,"SPARE-Subsea Wellhead Sensor, SS316, SIZE 5000 psi",INSTRUMENTATION|STAINLESS_STEEL|SS_316|5000_PSI|API_6A,STANDALONE,,,
1addb5b5-3395-5e82-bc7c-ee32dba605a5,CMM-INSTRU-CC71D0-001,IOCL-110218,IOCL,1/2 in NPT REFINERY FLARE SENSOR - SS316,INSTRUMENTATION|STAINLESS_STEEL|SS_316|1_2_IN_NPT|API_537,STANDALONE,,,
2cea992e-77a9-50e2-9dbb-73da2559529b,CMM-INSTRU-CFC777-001,NTPC-200202,NTPC,SPARE-COAL BUNKER LEVEL SWITCH SS316 0-15 m,INSTRUMENTATION|STAINLESS_STEEL|SS_316|0_15_M|IEC_60529,STANDALONE,,,
f0b0047b-f73a-5ebb-a82d-36ef1522b753,CMM-INSTRU-D11F50-001,HPCL-120203,HPCL,0-20 m Tank Farm Level Gauge - SS304,INSTRUMENTATION|STAINLESS_STEEL|SS_304|0_20_M|API_2350,STANDALONE,,,
0172723e-d04f-5c13-8e1e-3782989e1a7a,CMM-INSTRU-D1B610-001,IOCL-110265,IOCL,SPARE-REFINERY FLARE SENSOR SS316 1/2 in NPT,INSTRUMENTATION|STAINLESS_STEEL|SS_316|1_2_IN_NPT|API_537,STANDALONE,,,
f400edad-a883-5ced-b66f-02879c054de6,CMM-INSTRU-D2336D-001,IOCL-110246,IOCL,1/2 in NPT Refinery Flare Sensor - SS316,INSTRUMENTATION|STAINLESS_STEEL|SS_316|1_2_IN_NPT|API_537,STANDALONE,,,
8c4f0dda-4602-568a-a363-0919c00070ab,CMM-INSTRU-D3E979-001,IOCL-110197,IOCL,SPARE-REFINERY FLARE SENSOR SS316 1/2 in NPT,INSTRUMENTATION|STAINLESS_STEEL|SS_316|1_2_IN_NPT|API_537,STANDALONE,,,
9d679277-13f7-54ea-aec7-fd540c3f2e9e,CMM-INSTRU-D54418-001,ONGC-100271,ONGC,SUBSEA WELLHEAD SENSOR SS316 5000 psi,INSTRUMENTATION|STAINLESS_STEEL|SS_316|5000_PSI|API_6A,STANDALONE,,,
c24cb366-1e3f-58ef-abde-046240d690ef,CMM-INSTRU-DA4CFB-001,IOCL-110266,IOCL,IND.Refinery Flare Sensor SS316 1/2 in NPT,INSTRUMENTATION|STAINLESS_STEEL|SS_316|1_2_IN_NPT|API_537,STANDALONE,,,
bad4655c-9f5a-5824-8465-16101422b4cf,CMM-INSTRU-DD1D73-001,NMDC-410174,NMDC,SPARE-LEVEL TRANSMITTER 0-500 Deg C SS304 300#,INSTRUMENTATION|STAINLESS_STEEL|SS_304|0_500_DEG_C,STANDALONE,,,
5e7b0fc9-7377-5136-9b11-f580dd218144,CMM-INSTRU-DD7A4B-001,IOCL-110224,IOCL,SPARE-1/2 in NPT REFINERY FLARE SENSOR - SS316,INSTRUMENTATION|STAINLESS_STEEL|SS_316|1_2_IN_NPT|API_537,STANDALONE,,,
563d2c38-2164-5304-ae8a-5d90ef5e3245,CMM-INSTRU-DE763E-001,BHEL-500078,BHEL,STORES ITEM PRESSURE GAUGE 4-20 mA Brass,INSTRUMENTATION|PRESSURE_GAUGE|BRASS|4_20_MA,DIRECT_ACCEPTED,CAN-017765;CAN-017795;CAN-017825;CAN-017855;CAN-017885,NMC-REVIEWER-CHIEF,
73998071-1398-5582-a28c-f1fde6e1f5a3,CMM-INSTRU-DE763E-001,CIL-400066,Coal India,STORES ITEM PRESSURE GAUGE Brass 4-20 mA,INSTRUMENTATION|PRESSURE_GAUGE|BRASS|4_20_MA,DIRECT_ACCEPTED,CAN-017763;CAN-017793;CAN-017823;CAN-017854;CAN-017855,NMC-REVIEWER-CHIEF,
72844a71-d46a-59ee-aadd-165032adfd3c,CMM-INSTRU-DE763E-001,IOCL-110072,IOCL,4-20 mA Pressure Gauge - Brass,INSTRUMENTATION|PRESSURE_GAUGE|BRASS|4_20_MA,DIRECT_ACCEPTED,CAN-017762;CAN-017792;CAN-017823;CAN-017824;CAN-017825,NMC-REVIEWER-CHIEF,
37802a91-fdde-5af5-b8fb-8e319ed33232,CMM-INSTRU-DE763E-001,NMDC-410079,NMDC,SPARE-PRESSURE GAUGE Brass 4-20 mA,INSTRUMENTATION|PRESSURE_GAUGE|BRASS|4_20_MA,DIRECT_ACCEPTED,CAN-017761;CAN-017792;CAN-017793;CAN-017794;CAN-017795,NMC-REVIEWER-CHIEF,
4c192430-a28b-563b-9b7f-ad10bd737be7,CMM-INSTRU-DE763E-001,NTPC-200071,NTPC,Pressure Gauge Brass 4-20 mA,INSTRUMENTATION|PRESSURE_GAUGE|BRASS|4_20_MA,DIRECT_ACCEPTED,CAN-017764;CAN-017794;CAN-017824;CAN-017854;CAN-017885,NMC-REVIEWER-CHIEF,
47a548f4-04d6-5979-bd93-5d7428e5d026,CMM-INSTRU-DE763E-001,ONGC-100073,ONGC,"SPARE-PRESSURE GAUGE, Brass, SIZE 4-20 mA",INSTRUMENTATION|PRESSURE_GAUGE|BRASS|4_20_MA,DIRECT_ACCEPTED,CAN-017761;CAN-017762;CAN-017763;CAN-017764;CAN-017765,NMC-REVIEWER-CHIEF,
e5d93bce-3cc9-5d62-b94b-312a6d2f6c00,CMM-INSTRU-DF6A79-001,HPCL-120264,HPCL,SPARE-TANK FARM LEVEL GAUGE SS304 0-20 m,INSTRUMENTATION|STAINLESS_STEEL|SS_304|0_20_M|API_2350,STANDALONE,,,
5763e06e-8caf-5354-9bc2-4cc14130e462,CMM-INSTRU-E031A2-001,IOCL-110233,IOCL,"IND.Refinery Flare Sensor, SS316, SIZE 1/2 in NPT",INSTRUMENTATION|STAINLESS_STEEL|SS_316|1_2_IN_NPT|API_537,STANDALONE,,,
03d3d7da-e8ee-50bb-9623-d5354b382cb6,CMM-INSTRU-E29AB1-001,HPCL-120216,HPCL,STORES ITEM 0-20 m TANK FARM LEVEL GAUGE - SS304,INSTRUMENTATION|STAINLESS_STEEL|SS_304|0_20_M|API_2350,STANDALONE,,,
2e119fb5-10df-5d54-9822-7cab7a4609c0,CMM-INSTRU-E2B610-001,IOCL-110181,IOCL,REFINERY FLARE SENSOR 1/2 in NPT SS316,INSTRUMENTATION|STAINLESS_STEEL|SS_316|1_2_IN_NPT|API_537,STANDALONE,,,
deae3478-8693-5d86-a4fd-baa8ccd9310a,CMM-INSTRU-E2BD75-001,HPCL-120196,HPCL,IND.TANK FARM LEVEL GAUGE SS304 0-20 m,INSTRUMENTATION|STAINLESS_STEEL|SS_304|0_20_M|API_2350,STANDALONE,,,
f8b24e07-bc18-55ba-9e2a-e45fc5a4fe57,CMM-INSTRU-E32D55-001,HPCL-120208,HPCL,SPARE-Tank Farm Level Gauge 0-20 m SS304,INSTRUMENTATION|STAINLESS_STEEL|SS_304|0_20_M|API_2350,STANDALONE,,,
d0843913-4e79-5651-92b7-2420f4bab309,CMM-INSTRU-E4C7BF-001,NTPC-200200,NTPC,SPARE-Coal Bunker Level Switch 0-15 m SS316,INSTRUMENTATION|STAINLESS_STEEL|SS_316|0_15_M|IEC_60529,STANDALONE,,,
34b181b8-4333-57d7-9029-325b5b7bf932,CMM-INSTRU-E503C1-001,HPCL-120239,HPCL,"Tank Farm Level Gauge, SS304, SIZE 0-20 m",INSTRUMENTATION|STAINLESS_STEEL|SS_304|0_20_M|API_2350,STANDALONE,,,
61bbc36d-155c-5239-96cc-ede614147d59,CMM-INSTRU-E60432-001,ONGC-100267,ONGC,"SUBSEA WELLHEAD SENSOR, SS316, SIZE 5000 psi",INSTRUMENTATION|STAINLESS_STEEL|SS_316|5000_PSI|API_6A,STANDALONE,,,
0255a801-f9ab-5714-9885-404a31341f94,CMM-INSTRU-E6A7DD-001,HPCL-120269,HPCL,"SPARE-Tank Farm Level Gauge, SS304, SIZE 0-20 m",INSTRUMENTATION|STAINLESS_STEEL|SS_304|0_20_M|API_2350,STANDALONE,,,
77ed9db0-feba-51f6-a2e9-b0b50bf2c889,CMM-INSTRU-E72497-001,BHEL-500128,BHEL,IND.FLOW METER 300# Polycarbonate 0-500 Deg C,INSTRUMENTATION|POLYCARBONATE|0_500_DEG_C|ASME_B40100,DIRECT_ACCEPTED,CAN-030841,NMC-REVIEWER-CHIEF,
5dd2a8f9-1538-5632-9155-9a12a855a77e,CMM-INSTRU-E72497-001,IOCL-110115,IOCL,IND.0-500 Deg C FLOW METER - Polycarbonate 600#,INSTRUMENTATION|POLYCARBONATE|0_500_DEG_C|ASME_B40100,DIRECT_ACCEPTED,CAN-030841,NMC-REVIEWER-CHIEF,
b91d291e-6eee-5482-a725-53b86c2c1bbe,CMM-INSTRU-E82054-001,CIL-400030,Coal India,RTD Sensor SS316 1/2 in NPT,INSTRUMENTATION|STAINLESS_STEEL|SS_316|1_2_IN_NPT|IEC_60529,DIRECT_ACCEPTED,CAN-008671;CAN-008672;CAN-008673;CAN-008674;CAN-008675,NMC-REVIEWER-CHIEF,
3e845c21-5267-5b06-9335-f365c5a00481,CMM-INSTRU-E82054-001,HPCL-120040,HPCL,SPARE-1/2 in NPT RTD SENSOR - SS316,INSTRUMENTATION|STAINLESS_STEEL|SS_316|1_2_IN_NPT|IEC_60529,DIRECT_ACCEPTED,CAN-008672;CAN-008702;CAN-008733;CAN-008734;CAN-008735,NMC-REVIEWER-CHIEF,
4f4651d9-c29e-55bb-8bdc-d47336b948a7,CMM-INSTRU-E82054-001,IOCL-110041,IOCL,IND.1/2 in NPT RTD SENSOR - SS316,INSTRUMENTATION|STAINLESS_STEEL|SS_316|1_2_IN_NPT|IEC_60529,DIRECT_ACCEPTED,CAN-008673;CAN-008703;CAN-008733;CAN-008764;CAN-008765,NMC-REVIEWER-CHIEF,
974dcd15-4cf2-5f45-9b87-a08b2c178770,CMM-INSTRU-E82054-001,NTPC-200035,NTPC,STORES ITEM RTD SENSOR SS316 1/2 in NPT,INSTRUMENTATION|STAINLESS_STEEL|SS_316|1_2_IN_NPT|IEC_60529,DIRECT_ACCEPTED,CAN-008671;CAN-008702;CAN-008703;CAN-008704;CAN-008705,NMC-REVIEWER-CHIEF,
dd99b848-80a6-5b2e-b5fc-0098f1429be6,CMM-INSTRU-E82054-001,SAIL-300041,SAIL,"SPARE-RTD Sensor, SS316, SIZE 1/2 in NPT",INSTRUMENTATION|STAINLESS_STEEL|SS_316|1_2_IN_NPT|IEC_60529,DIRECT_ACCEPTED,CAN-008674;CAN-008704;CAN-008734;CAN-008764,NMC-REVIEWER-CHIEF,
1d235226-4cf3-52cc-aa6c-d5d46674d133,CMM-INSTRU-E82054-001,SAIL-300180,SAIL,STORES ITEM TEMPERATURE TRANSMITTER 1/2 in NPT SS316 300#,INSTRUMENTATION|STAINLESS_STEEL|SS_316|1_2_IN_NPT|IEC_60529,DIRECT_ACCEPTED,CAN-008675;CAN-008705;CAN-008735;CAN-008765,NMC-REVIEWER-CHIEF,
c859e83a-b070-5b01-8e01-47980f5e2fb8,CMM-INSTRU-EA8D3C-001,NTPC-200201,NTPC,STORES ITEM 0-15 m Coal Bunker Level Switch - SS316,INSTRUMENTATION|STAINLESS_STEEL|SS_316|0_15_M|IEC_60529,STANDALONE,,,
2a9e237a-d21c-5c9d-b8a3-fdbe067b9347,CMM-INSTRU-EAC10E-001,HPCL-120248,HPCL,"TANK FARM LEVEL GAUGE, SS304, SIZE 0-20 m",INSTRUMENTATION|STAINLESS_STEEL|SS_304|0_20_M|API_2350,STANDALONE,,,
9c708e7d-679b-5339-98eb-15b10b0d9d50,CMM-INSTRU-EB6001-001,ONGC-100244,ONGC,"SUBSEA WELLHEAD SENSOR, SS316, SIZE 5000 psi",INSTRUMENTATION|STAINLESS_STEEL|SS_316|5000_PSI|API_6A,STANDALONE,,,
0cdc712b-f00c-55cc-98fb-81eceeac36aa,CMM-INSTRU-EB947D-001,IOCL-110220,IOCL,Refinery Flare Sensor SS316 1/2 in NPT,INSTRUMENTATION|STAINLESS_STEEL|SS_316|1_2_IN_NPT|API_537,STANDALONE,,,
c9208ac8-7f79-5512-a439-f63448010f3c,CMM-INSTRU-EBBC49-001,NTPC-200161,NTPC,0-500 Deg C Pressure Gauge - Polycarbonate 600#,INSTRUMENTATION|PRESSURE_GAUGE|POLYCARBONATE|0_500_DEG_C|ASME_B40100,DIRECT_ACCEPTED,CAN-039781,NMC-REVIEWER-CHIEF,
40c7ff2d-d04d-50ca-bae9-38e4a1401d42,CMM-INSTRU-EBBC49-001,ONGC-100173,ONGC,PRESSURE GAUGE 300# Polycarbonate 0-500 Deg C,INSTRUMENTATION|PRESSURE_GAUGE|POLYCARBONATE|0_500_DEG_C|ASME_B40100,DIRECT_ACCEPTED,CAN-039781,NMC-REVIEWER-CHIEF,
ae78528b-b1c7-57a2-b8b2-76aff551be32,CMM-INSTRU-EC1734-001,IOCL-110264,IOCL,SPARE-1/2 in NPT Refinery Flare Sensor - SS316,INSTRUMENTATION|STAINLESS_STEEL|SS_316|1_2_IN_NPT|API_537,STANDALONE,,,
2dd3e628-6a6b-53d7-939d-2e92e2a6ce8e,CMM-INSTRU-ED66C6-001,IOCL-110249,IOCL,"REFINERY FLARE SENSOR, SS316, SIZE 1/2 in NPT",INSTRUMENTATION|STAINLESS_STEEL|SS_316|1_2_IN_NPT|API_537,STANDALONE,,,
f8e0c3cb-16d1-5b51-99a8-af14e8e08176,CMM-INSTRU-EFA3E9-001,IOCL-110228,IOCL,1/2 in NPT Refinery Flare Sensor - SS316,INSTRUMENTATION|STAINLESS_STEEL|SS_316|1_2_IN_NPT|API_537,STANDALONE,,,
b71865df-41aa-5b9d-b3d0-a29bcf02b451,CMM-INSTRU-F2E1ED-001,ONGC-100260,ONGC,SUBSEA WELLHEAD SENSOR SS316 5000 psi,INSTRUMENTATION|STAINLESS_STEEL|SS_316|5000_PSI|API_6A,STANDALONE,,,
c4d3ffcb-ffff-51b5-947f-a29115f3f816,CMM-INSTRU-F3707C-001,CIL-400076,Coal India,IND.LEVEL TRANSMITTER Brass 4-20 mA,INSTRUMENTATION|BRASS|4_20_MA|IEC_60529,DIRECT_ACCEPTED,CAN-020551;CAN-020582;CAN-020583;CAN-020584;CAN-020585;CAN-020586;CAN-020587,NMC-REVIEWER-CHIEF,
eda7a6ff-60c7-5c9e-8725-dfe3927ec6e3,CMM-INSTRU-F3707C-001,HPCL-120091,HPCL,Level Transmitter 4-20 mA Brass,INSTRUMENTATION|BRASS|4_20_MA|IEC_60529,DIRECT_ACCEPTED,CAN-020554;CAN-020584;CAN-020614;CAN-020644;CAN-020675;CAN-020676;CAN-020677,NMC-REVIEWER-CHIEF,
41b8e8cb-d282-5e6e-9c1c-817edc4bf456,CMM-INSTRU-F3707C-001,IOCL-110161,IOCL,4-20 mA LEVEL TRANSMITTER - Brass 300#,INSTRUMENTATION|BRASS|4_20_MA|IEC_60529,DIRECT_ACCEPTED,CAN-020556;CAN-020586;CAN-020616;CAN-020646;CAN-020676;CAN-020706;CAN-041947,NMC-REVIEWER-CHIEF,
ae86112f-69b7-507c-aee3-fb209102af09,CMM-INSTRU-F3707C-001,NMDC-410092,NMDC,SPARE-Level Transmitter 4-20 mA Brass,INSTRUMENTATION|BRASS|4_20_MA|IEC_60529,DIRECT_ACCEPTED,CAN-020552;CAN-020582;CAN-020613;CAN-020614;CAN-020615;CAN-020616;CAN-020617,NMC-REVIEWER-CHIEF,
b883e905-9c09-5308-8c2e-d80c3a845d30,CMM-INSTRU-F3707C-001,NTPC-200084,NTPC,STORES ITEM 4-20 mA Level Transmitter - Brass,INSTRUMENTATION|BRASS|4_20_MA|IEC_60529,DIRECT_ACCEPTED,CAN-020553;CAN-020583;CAN-020613;CAN-020644;CAN-020645;CAN-020646;CAN-020647,NMC-REVIEWER-CHIEF,
795be3e7-c6f2-59f2-93f6-6b1c08aed472,CMM-INSTRU-F3707C-001,ONGC-100086,ONGC,IND.4-20 mA Level Transmitter - Brass,INSTRUMENTATION|BRASS|4_20_MA|IEC_60529,DIRECT_ACCEPTED,CAN-020551;CAN-020552;CAN-020553;CAN-020554;CAN-020555;CAN-020556,NMC-REVIEWER-CHIEF,
605d6136-4bb5-50ad-8813-b8789c8c0ca7,CMM-INSTRU-F3707C-001,ONGC-100187,ONGC,STORES ITEM Level Transmitter 600# Brass 4-20 mA,INSTRUMENTATION|BRASS|4_20_MA|IEC_60529,DIRECT_ACCEPTED,CAN-020587;CAN-020617;CAN-020647;CAN-020677;CAN-020707;CAN-041947,NMC-REVIEWER-CHIEF,
f7001d01-f2bb-5e77-9926-d1e83a67002b,CMM-INSTRU-F3707C-001,SAIL-300091,SAIL,IND.4-20 mA Level Transmitter - Brass,INSTRUMENTATION|BRASS|4_20_MA|IEC_60529,DIRECT_ACCEPTED,CAN-020555;CAN-020585;CAN-020615;CAN-020645;CAN-020675;CAN-020706;CAN-020707,NMC-REVIEWER-CHIEF,
c258b485-08cd-5d2e-afec-c5dc0d6ccbbb,CMM-INSTRU-F5D31C-001,NTPC-200242,NTPC,IND.0-15 m Coal Bunker Level Switch - SS316,INSTRUMENTATION|STAINLESS_STEEL|SS_316|0_15_M|IEC_60529,STANDALONE,,,
cbc98e98-7d9a-5cd7-bf81-f16a9e1e65f3,CMM-INSTRU-F69E7C-001,NTPC-200169,NTPC,"Temperature Transmitter, SS304, SIZE 1/2 in NPT 600#",INSTRUMENTATION|STAINLESS_STEEL|SS_304|1_2_IN_NPT|IEC_60529,STANDALONE,,,
5261e811-1bc3-5282-9e06-55444f17955d,CMM-INSTRU-F70EB1-001,ONGC-100234,ONGC,Subsea Wellhead Sensor 5000 psi SS316,INSTRUMENTATION|STAINLESS_STEEL|SS_316|5000_PSI|API_6A,STANDALONE,,,
a7fedf95-a041-5914-96a1-e91e89163f73,CMM-INSTRU-F9E8D4-001,HPCL-120247,HPCL,"IND.Tank Farm Level Gauge, SS304, SIZE 0-20 m",INSTRUMENTATION|STAINLESS_STEEL|SS_304|0_20_M|API_2350,STANDALONE,,,
ccef3361-ed9c-58df-a97c-78a97eaf8146,CMM-INSTRU-FA37B9-001,HPCL-120201,HPCL,IND.TANK FARM LEVEL GAUGE 0-20 m SS304,INSTRUMENTATION|STAINLESS_STEEL|SS_304|0_20_M|API_2350,STANDALONE,,,
fb4c83f2-96de-5946-a40e-d60db24b75d8,CMM-INSTRU-FECC9D-001,BHEL-500053,BHEL,STORES ITEM 4-20 mA Pressure Gauge - Brass,INSTRUMENTATION|PRESSURE_GAUGE|BRASS|4_20_MA|ASME_B40100,DIRECT_ACCEPTED,CAN-012751;CAN-012752;CAN-012753;CAN-012754;CAN-012755;CAN-012756;CAN-012757;CAN-012758,NMC-REVIEWER-CHIEF,
5deaf113-744c-5d1f-8576-40f827dea5fb,CMM-INSTRU-FECC9D-001,HPCL-120057,HPCL,STORES ITEM PRESSURE GAUGE Brass 4-20 mA,INSTRUMENTATION|PRESSURE_GAUGE|BRASS|4_20_MA|ASME_B40100,DIRECT_ACCEPTED,CAN-012753;CAN-012783;CAN-012813;CAN-012844;CAN-012845;CAN-012846;CAN-012847;CAN-012848,NMC-REVIEWER-CHIEF,
7bfed474-ff6a-544c-b08f-61b86bdeea19,CMM-INSTRU-FECC9D-001,IOCL-110114,IOCL,STORES ITEM Pressure Gauge 600# Brass 4-20 mA,INSTRUMENTATION|PRESSURE_GAUGE|BRASS|4_20_MA|ASME_B40100,DIRECT_ACCEPTED,CAN-012758;CAN-012788;CAN-012816;CAN-012848;CAN-012878;CAN-029646;CAN-029678;CAN-030666,NMC-REVIEWER-CHIEF,
231d1b8d-257c-5bd4-9cbf-1fcedc4a5462,CMM-INSTRU-FECC9D-001,NMDC-410055,NMDC,"IND.Pressure Gauge, Brass, SIZE 4-20 mA",INSTRUMENTATION|PRESSURE_GAUGE|BRASS|4_20_MA|ASME_B40100,DIRECT_ACCEPTED,CAN-012754;CAN-012784;CAN-012814;CAN-012844;CAN-012875;CAN-012876;CAN-012877;CAN-012878,NMC-REVIEWER-CHIEF,
276f3d28-e5e5-5f0f-a540-6070e1f105fb,CMM-INSTRU-FECC9D-001,NTPC-200120,NTPC,Pressure Gauge 4-20 mA Brass 600#,INSTRUMENTATION|PRESSURE_GAUGE|BRASS|4_20_MA|ASME_B40100,DIRECT_ACCEPTED,CAN-012756;CAN-012786;CAN-012815;CAN-012846;CAN-012876;CAN-029645;CAN-029677;CAN-029678,NMC-REVIEWER-CHIEF,
47243c1e-2c8e-53a3-a355-de8a3ebf5d48,CMM-INSTRU-FECC9D-001,ONGC-100051,ONGC,SPARE-Pressure Gauge 4-20 mA Brass,INSTRUMENTATION|PRESSURE_GAUGE|BRASS|4_20_MA|ASME_B40100,DIRECT_ACCEPTED,CAN-012752;CAN-012782;CAN-012813;CAN-012814;CAN-012815;CAN-012816,NMC-REVIEWER-CHIEF,
d550058e-884e-589f-bfea-266fb4f16b4a,CMM-INSTRU-FECC9D-001,ONGC-100128,ONGC,STORES ITEM PRESSURE GAUGE 150# Brass 4-20 mA,INSTRUMENTATION|PRESSURE_GAUGE|BRASS|4_20_MA|ASME_B40100,DIRECT_ACCEPTED,CAN-012755;CAN-012785;CAN-012845;CAN-012875;CAN-029645;CAN-029646,NMC-REVIEWER-CHIEF,
8c6012ab-4ecc-5fb9-80a6-ca1578555efc,CMM-INSTRU-FECC9D-001,ONGC-100134,ONGC,4-20 mA PRESSURE GAUGE - Brass 150#,INSTRUMENTATION|PRESSURE_GAUGE|BRASS|4_20_MA|ASME_B40100,DIRECT_ACCEPTED,CAN-012757;CAN-012787;CAN-012847;CAN-012877;CAN-029677;CAN-030666,NMC-REVIEWER-CHIEF,
bfaab2a4-cb3c-564c-965c-5a0ac72b628a,CMM-INSTRU-FECC9D-001,SAIL-300062,SAIL,IND.4-20 mA Pressure Gauge - Brass,INSTRUMENTATION|PRESSURE_GAUGE|BRASS|4_20_MA|ASME_B40100,DIRECT_ACCEPTED,CAN-012751;CAN-012782;CAN-012783;CAN-012784;CAN-012785;CAN-012786;CAN-012787;CAN-012788,NMC-REVIEWER-CHIEF,
717e8afd-33db-5ffb-9b34-c8de7ef9fea0,CMM-PIPEF-002995-001,NMDC-410206,NMDC,"IND.Conveyor Idler Roller, Carbon Steel, SIZE DN 100",PIPE_FITTING|CARBON_STEEL|CARBON_STEEL|DN_100|25_MM|IS_8598|GALVANIZED,STANDALONE,,,
42eb7b35-c7cb-58f7-a8b4-2bcc1bb86c25,CMM-PIPEF-019229-001,SAIL-300158,SAIL,"WELDED PIPE, Alloy Steel, SIZE DN 80 600#",PIPE_FITTING|PIPE|ALLOY_STEEL|DN_80|6_M|80_MM|ASME_B169|GALVANIZED|WELDED,STANDALONE,,,
a342b5a7-093b-5ce5-af0d-a37969b73a1d,CMM-PIPEF-02B98F-001,SAIL-300200,SAIL,EQUAL TEE DN 150 Alloy Steel 150#,PIPE_FITTING|ALLOY_STEEL|DN_150|3_M|150_MM|ASME_B165,STANDALONE,,,
5ac6e5d4-0399-559d-90c9-173360dc443a,CMM-PIPEF-03B9C8-001,NMDC-410250,NMDC,STORES ITEM DN 100 Conveyor Idler Roller - Carbon Steel,PIPE_FITTING|CARBON_STEEL|CARBON_STEEL|DN_100|6_M|DN_100|IS_8598|PTFE_LINED,STANDALONE,,,
68809b0d-cab2-5358-83f2-265256929337,CMM-PIPEF-058FDC-001,SAIL-300216,SAIL,BLAST FURNACE TUYERE DN 200 Copper Alloy,PIPE_FITTING|COPPER_ALLOY|DN_200|DN_200|IS_2062|GALVANIZED,STANDALONE,,,
36a6b4a5-eb64-5256-89d3-eba283de9c08,CMM-PIPEF-06300F-001,NMDC-410260,NMDC,SPARE-DN 100 Conveyor Idler Roller - Carbon Steel,PIPE_FITTING|CARBON_STEEL|CARBON_STEEL|DN_100|6_M|DN_100|IS_8598|ZINC_PLATED,STANDALONE,,,
390161dc-b404-5e36-9742-3e4ae62cc305,CMM-PIPEF-0795D9-001,HPCL-120159,HPCL,STORES ITEM REDUCER 2 in Carbon Steel 150#,PIPE_FITTING|CARBON_STEEL|CARBON_STEEL|2_IN|1000_MM|150_MM|IS_1239,STANDALONE,,,
f37aebfc-ceb3-5d2b-9eb4-76ae05a265e2,CMM-PIPEF-08F7AE-001,SAIL-300264,SAIL,"Blast Furnace Tuyere, Copper Alloy, SIZE DN 200",PIPE_FITTING|COPPER_ALLOY|DN_200|3_M|100_MM|IS_2062,STANDALONE,,,
91a8a614-6630-5f9d-b013-31e51fe5131c,CMM-PIPEF-0AE348-001,NMDC-410253,NMDC,STORES ITEM CONVEYOR IDLER ROLLER DN 100 Carbon Steel,PIPE_FITTING|CARBON_STEEL|CARBON_STEEL|DN_100|1000_MM|DN_100|IS_8598|GALVANIZED,STANDALONE,,,
7f8af84b-7507-583d-a5bb-fc61726a9849,CMM-PIPEF-0E4F2B-001,CIL-400159,Coal India,"IND.EQUAL TEE, IS 2062, SIZE DN 50 300#",PIPE_FITTING|IS_2062|DN_50|12_M|DN_50|API_5L|PTFE_LINED,DIRECT_ACCEPTED,CAN-039361,NMC-REVIEWER-CHIEF,
732ae585-dbb6-5220-94bb-2a605507f0d4,CMM-PIPEF-0E4F2B-001,HPCL-120169,HPCL,EQUAL TEE DN 50 IS 2062 600#,PIPE_FITTING|IS_2062|DN_50|12_M|DN_50|API_5L|PTFE_LINED,DIRECT_ACCEPTED,CAN-039361,NMC-REVIEWER-CHIEF,
dd2a1946-8ec3-523a-948e-32fb78246f9d,CMM-PIPEF-100E96-001,BHEL-500089,BHEL,"IND.EQUAL TEE, Alloy Steel, SIZE DN 150",PIPE_FITTING|ALLOY_STEEL|DN_150|6_M|50_MM|ASTM_A106,DIRECT_ACCEPTED,CAN-020942;CAN-020972;CAN-021003;CAN-021004,NMC-REVIEWER-CHIEF,
dd307a37-2409-55d1-aa57-2fee549da73d,CMM-PIPEF-100E96-001,CIL-400079,Coal India,SPARE-Equal Tee Alloy Steel DN 150,PIPE_FITTING|ALLOY_STEEL|DN_150|6_M|50_MM|ASTM_A106,DIRECT_ACCEPTED,CAN-020943;CAN-020973;CAN-021003;CAN-021034,NMC-REVIEWER-CHIEF,
662ef5d7-7d8f-56a1-b3d6-d2b4aeda9932,CMM-PIPEF-100E96-001,IOCL-110085,IOCL,IND.EQUAL TEE Alloy Steel DN 150,PIPE_FITTING|ALLOY_STEEL|DN_150|6_M|50_MM|ASTM_A106,DIRECT_ACCEPTED,CAN-020941;CAN-020942;CAN-020943;CAN-020944,NMC-REVIEWER-CHIEF,
998cfc5b-94aa-5043-818c-1829e9b6f73e,CMM-PIPEF-100E96-001,ONGC-100088,ONGC,IND.EQUAL TEE Alloy Steel DN 150,PIPE_FITTING|ALLOY_STEEL|DN_150|6_M|50_MM|ASTM_A106,DIRECT_ACCEPTED,CAN-020944;CAN-020974;CAN-021004;CAN-021034,NMC-REVIEWER-CHIEF,
1a660fec-1cde-59cd-a0d8-52cd495ef838,CMM-PIPEF-100E96-001,SAIL-300094,SAIL,IND.Equal Tee DN 150 Alloy Steel,PIPE_FITTING|ALLOY_STEEL|DN_150|6_M|50_MM|ASTM_A106,DIRECT_ACCEPTED,CAN-020941;CAN-020972;CAN-020973;CAN-020974,NMC-REVIEWER-CHIEF,
40e66e8d-dbf3-539a-93da-6c270cb1fa5d,CMM-PIPEF-11F53A-001,HPCL-120114,HPCL,Welded Pipe Carbon Steel 6 in,PIPE_FITTING|PIPE|CARBON_STEEL|CARBON_STEEL|6_IN|1000_MM|150_MM|API_5L|GALVANIZED|WELDED,DIRECT_ACCEPTED,CAN-025292;CAN-025322;CAN-025353,NMC-REVIEWER-CHIEF,
0d03f784-356a-580c-a9c6-1a8794d8537b,CMM-PIPEF-11F53A-001,IOCL-110099,IOCL,6 in Welded Pipe - Carbon Steel,PIPE_FITTING|PIPE|CARBON_STEEL|CARBON_STEEL|6_IN|1000_MM|150_MM|API_5L|GALVANIZED|WELDED,DIRECT_ACCEPTED,CAN-025291;CAN-025322;CAN-025323,NMC-REVIEWER-CHIEF,
095eaf6c-19cd-5a9c-9592-916d74bf56f6,CMM-PIPEF-11F53A-001,ONGC-100107,ONGC,IND.6 in Welded Pipe - Carbon Steel,PIPE_FITTING|PIPE|CARBON_STEEL|CARBON_STEEL|6_IN|1000_MM|150_MM|API_5L|GALVANIZED|WELDED,DIRECT_ACCEPTED,CAN-025291;CAN-025292;CAN-025293,NMC-REVIEWER-CHIEF,
c2ee1d6e-398d-5dbd-b7d0-22d7fcf5ae5d,CMM-PIPEF-11F53A-001,SAIL-300114,SAIL,"Welded Pipe, Carbon Steel, SIZE 6 in",PIPE_FITTING|PIPE|CARBON_STEEL|CARBON_STEEL|6_IN|1000_MM|150_MM|API_5L|GALVANIZED|WELDED,DIRECT_ACCEPTED,CAN-025293;CAN-025323;CAN-025353,NMC-REVIEWER-CHIEF,
b4bff332-a323-5ec4-aad3-b7cd5c7830a0,CMM-PIPEF-155E3F-001,HPCL-120178,HPCL,STORES ITEM ELBOW 90 DEG 150# ASTM A106 Gr B 6 in,PIPE_FITTING|ELBOW|ASTM_A106_GRB|6_IN|6_M|200_MM|ASTM_A106|GALVANIZED,DIRECT_ACCEPTED,CAN-042661,NMC-REVIEWER-CHIEF,
71def594-3e92-5fb2-955a-b512ae79795f,CMM-PIPEF-155E3F-001,NTPC-200175,NTPC,IND.Elbow 90 Deg 300# ASTM A106 Gr B 6 in,PIPE_FITTING|ELBOW|ASTM_A106_GRB|6_IN|6_M|200_MM|ASTM_A106|GALVANIZED,DIRECT_ACCEPTED,CAN-042661,NMC-REVIEWER-CHIEF,
67e79de0-282f-526c-adc5-57bc6205951e,CMM-PIPEF-19443B-001,SAIL-300147,SAIL,Flange DN 80 Alloy Steel 150#,PIPE_FITTING|FLANGE|ALLOY_STEEL|DN_80|3_M|DN_80|IS_1239|EPOXY_COATED,STANDALONE,,,
f0aca7ee-f7b7-52bd-bbf9-7ef90ae86d16,CMM-PIPEF-19DF58-001,NMDC-410200,NMDC,STORES ITEM CONVEYOR IDLER ROLLER Carbon Steel DN 100,PIPE_FITTING|CARBON_STEEL|CARBON_STEEL|DN_100|3_M|DN_100|IS_8598,STANDALONE,,,
15287259-fd72-5891-b8e1-3a77d5fef3cb,CMM-PIPEF-1A50F6-001,NMDC-410259,NMDC,"IND.Conveyor Idler Roller, Carbon Steel, SIZE DN 100",PIPE_FITTING|CARBON_STEEL|CARBON_STEEL|DN_100|1000_MM|50_MM|IS_8598|GALVANIZED,STANDALONE,,,
8529ca85-2a18-555d-be46-2825d3dd9ef2,CMM-PIPEF-1AA69E-001,SAIL-300214,SAIL,DN 200 Blast Furnace Tuyere - Copper Alloy,PIPE_FITTING|COPPER_ALLOY|DN_200|DN_200|IS_2062|EPOXY_COATED,STANDALONE,,,
3bce1720-90ae-5212-bb2a-f9b5302f2d91,CMM-PIPEF-2725B7-001,CIL-400148,Coal India,STORES ITEM REDUCER 150# SS316L DN 100,PIPE_FITTING|STAINLESS_STEEL|SS_316L|DN_100|6_M|50_MM|ASTM_A106,DIRECT_ACCEPTED,CAN-036601,NMC-REVIEWER-CHIEF,
b9838973-d3cb-50d7-95c5-517e6c638f10,CMM-PIPEF-2725B7-001,IOCL-110141,IOCL,STORES ITEM DN 100 REDUCER - SS316L 300#,PIPE_FITTING|STAINLESS_STEEL|SS_316L|DN_100|6_M|50_MM|ASTM_A106,DIRECT_ACCEPTED,CAN-036601,NMC-REVIEWER-CHIEF,
a604951d-755d-566f-81e5-e203a480d1bb,CMM-PIPEF-285DD4-001,NMDC-410201,NMDC,"IND.CONVEYOR IDLER ROLLER, Carbon Steel, SIZE DN 100",PIPE_FITTING|CARBON_STEEL|CARBON_STEEL|DN_100|DN_100|IS_8598|GALVANIZED,STANDALONE,,,
2bf7bb14-9565-5738-a54f-3804e4475d45,CMM-PIPEF-295916-001,SAIL-300212,SAIL,STORES ITEM Blast Furnace Tuyere DN 200 Copper Alloy,PIPE_FITTING|COPPER_ALLOY|DN_200|1000_MM|100_MM|IS_2062,STANDALONE,,,
66186be8-d5ca-51fa-ac39-9fc7fd93368d,CMM-PIPEF-2B325D-001,CIL-400061,Coal India,SMLS PIPE Carbon Steel DN 150,PIPE_FITTING|PIPE|CARBON_STEEL|CARBON_STEEL|DN_150|3_M|80_MM|ASTM_A106|PTFE_LINED,DIRECT_ACCEPTED,CAN-015751,NMC-REVIEWER-CHIEF,
4ef8abbe-d635-57d0-a812-edaf8d99cc1b,CMM-PIPEF-2B325D-001,NTPC-200061,NTPC,SPARE-PIPE SMLS Carbon Steel DN 150,PIPE_FITTING|PIPE|CARBON_STEEL|CARBON_STEEL|DN_150|3_M|80_MM|ASTM_A106|PTFE_LINED,DIRECT_ACCEPTED,CAN-015751,NMC-REVIEWER-CHIEF,
9f8caf3b-0878-565a-8494-5778f16d9972,CMM-PIPEF-304077-001,HPCL-120017,HPCL,SPARE-DN 100 PIPE SMLS - SS316L,PIPE_FITTING|PIPE|STAINLESS_STEEL|SS_316L|DN_100|1000_MM|80_MM|IS_1239|EPOXY_COATED,STANDALONE,,,
2c088fee-3846-59a6-a4f2-5381dc5ce189,CMM-PIPEF-31AE63-001,NMDC-410178,NMDC,IND.Elbow 90 Deg 150# Carbon Steel 2 in,PIPE_FITTING|ELBOW|CARBON_STEEL|CARBON_STEEL|2_IN|25_MM|ASTM_A106,STANDALONE,,,
e4e6919d-fa70-540e-8cfc-d42cc860eed9,CMM-PIPEF-3217BF-001,NMDC-410228,NMDC,"Conveyor Idler Roller, Carbon Steel, SIZE DN 100",PIPE_FITTING|CARBON_STEEL|CARBON_STEEL|DN_100|6_M|100_MM|IS_8598,STANDALONE,,,
70e0d3fb-dcb0-56c9-9929-bf3606bdf4d9,CMM-PIPEF-358D39-001,CIL-400067,Coal India,STORES ITEM Equal Tee DN 50 Alloy Steel,PIPE_FITTING|ALLOY_STEEL|DN_50|DN_50|ASME_B165,DIRECT_ACCEPTED,CAN-017941;CAN-017972;CAN-017973,NMC-REVIEWER-CHIEF,
83ba8140-45f1-5791-9143-f2fbb1d1fd06,CMM-PIPEF-358D39-001,NMDC-410080,NMDC,DN 50 EQUAL TEE - Alloy Steel,PIPE_FITTING|ALLOY_STEEL|DN_50|DN_50|ASME_B165,DIRECT_ACCEPTED,CAN-017941;CAN-017942;CAN-017943,NMC-REVIEWER-CHIEF,
e6c28181-cfac-58cb-b018-0b04b48e9a1d,CMM-PIPEF-358D39-001,NTPC-200072,NTPC,"Equal Tee, Alloy Steel, SIZE DN 50",PIPE_FITTING|ALLOY_STEEL|DN_50|DN_50|ASME_B165,DIRECT_ACCEPTED,CAN-017943;CAN-017973;CAN-018003,NMC-REVIEWER-CHIEF,
84bd462f-fca5-5c06-aff0-06a99ee6ad16,CMM-PIPEF-358D39-001,ONGC-100074,ONGC,SPARE-DN 50 EQUAL TEE - Alloy Steel,PIPE_FITTING|ALLOY_STEEL|DN_50|DN_50|ASME_B165,DIRECT_ACCEPTED,CAN-017942;CAN-017972;CAN-018003,NMC-REVIEWER-CHIEF,
b867ff8a-73b1-5888-bd79-4b1fe6a6d19a,CMM-PIPEF-3751A6-001,HPCL-120180,HPCL,STORES ITEM Flange DN 80 Alloy Steel 300#,PIPE_FITTING|FLANGE|ALLOY_STEEL|DN_80|1000_MM|DN_80|API_5L,STANDALONE,,,
5c6eea02-8034-5c48-b90a-0c83032f704a,CMM-PIPEF-37FF2E-001,NMDC-410224,NMDC,DN 100 Conveyor Idler Roller - Carbon Steel,PIPE_FITTING|CARBON_STEEL|CARBON_STEEL|DN_100|12_M|DN_100|IS_8598|PTFE_LINED,STANDALONE,,,
e508c90a-e108-5a1a-b304-6d15e9ee53b7,CMM-PIPEF-3896FB-001,SAIL-300228,SAIL,DN 200 BLAST FURNACE TUYERE - Copper Alloy,PIPE_FITTING|COPPER_ALLOY|DN_200|3_M|200_MM|IS_2062,STANDALONE,,,
b7e0ffc5-d620-5fff-a3ed-3b75f3b3ab24,CMM-PIPEF-3BAF8F-001,BHEL-500055,BHEL,DN 150 Equal Tee - ASTM A106 Gr B,PIPE_FITTING|ASTM_A106_GRB|DN_150|6_M|25_MM|API_5L,DIRECT_ACCEPTED,CAN-013054;CAN-013084;CAN-013114;CAN-013144;CAN-013175,NMC-REVIEWER-CHIEF,
d9e15c37-8b76-5437-8952-af30cc998f11,CMM-PIPEF-3BAF8F-001,CIL-400048,Coal India,STORES ITEM Equal Tee ASTM A106 Gr B DN 150,PIPE_FITTING|ASTM_A106_GRB|DN_150|6_M|25_MM|API_5L,DIRECT_ACCEPTED,CAN-013052;CAN-013082;CAN-013113;CAN-013114;CAN-013115,NMC-REVIEWER-CHIEF,
1a96d9e5-6931-5176-b883-d7349471f44d,CMM-PIPEF-3BAF8F-001,NMDC-410057,NMDC,STORES ITEM EQUAL TEE DN 150 ASTM A106 Gr B,PIPE_FITTING|ASTM_A106_GRB|DN_150|6_M|25_MM|API_5L,DIRECT_ACCEPTED,CAN-013051;CAN-013052;CAN-013053;CAN-013054;CAN-013055,NMC-REVIEWER-CHIEF,
b1c3d1f7-612e-56a0-8015-01d5a3b288c0,CMM-PIPEF-3BAF8F-001,NTPC-200051,NTPC,IND.EQUAL TEE DN 150 ASTM A106 Gr B,PIPE_FITTING|ASTM_A106_GRB|DN_150|6_M|25_MM|API_5L,DIRECT_ACCEPTED,CAN-013051;CAN-013082;CAN-013083;CAN-013084;CAN-013085,NMC-REVIEWER-CHIEF,
8fc500e8-a57c-5b0d-b62e-523f495cde8e,CMM-PIPEF-3BAF8F-001,ONGC-100053,ONGC,Equal Tee ASTM A106 Gr B DN 150,PIPE_FITTING|ASTM_A106_GRB|DN_150|6_M|25_MM|API_5L,DIRECT_ACCEPTED,CAN-013053;CAN-013083;CAN-013113;CAN-013144;CAN-013145,NMC-REVIEWER-CHIEF,
e0e950f6-0d74-5656-8213-e0b0502a5a54,CMM-PIPEF-3BAF8F-001,SAIL-300063,SAIL,IND.Equal Tee ASTM A106 Gr B DN 150,PIPE_FITTING|ASTM_A106_GRB|DN_150|6_M|25_MM|API_5L,DIRECT_ACCEPTED,CAN-013055;CAN-013085;CAN-013115;CAN-013145;CAN-013175,NMC-REVIEWER-CHIEF,
9af85368-3885-55d2-8bba-26cb49f34258,CMM-PIPEF-3C5B7C-001,BHEL-500046,BHEL,SPARE-Reducer SS316L 6 in,PIPE_FITTING|STAINLESS_STEEL|SS_316L|6_IN|12_M|150_MM|ASME_B169,DIRECT_ACCEPTED,CAN-011041;CAN-011042;CAN-011043;CAN-011044,NMC-REVIEWER-CHIEF,
2f25d6cc-c827-582c-81a9-da2af05eaaf7,CMM-PIPEF-3C5B7C-001,HPCL-120050,HPCL,IND.Reducer SS316L 6 in,PIPE_FITTING|STAINLESS_STEEL|SS_316L|6_IN|12_M|150_MM|ASME_B169,DIRECT_ACCEPTED,CAN-011042;CAN-011072;CAN-011103;CAN-011104,NMC-REVIEWER-CHIEF,
515850ae-7d5d-5580-ae55-5c01384d9c30,CMM-PIPEF-3C5B7C-001,NTPC-200043,NTPC,STORES ITEM 6 in Reducer - SS316L,PIPE_FITTING|STAINLESS_STEEL|SS_316L|6_IN|12_M|150_MM|ASME_B169,DIRECT_ACCEPTED,CAN-011041;CAN-011072;CAN-011073;CAN-011074,NMC-REVIEWER-CHIEF,
095a0987-4182-58d7-96d6-d0f048a59d82,CMM-PIPEF-3C5B7C-001,ONGC-100045,ONGC,STORES ITEM 6 in Reducer - SS316L,PIPE_FITTING|STAINLESS_STEEL|SS_316L|6_IN|12_M|150_MM|ASME_B169,DIRECT_ACCEPTED,CAN-011044;CAN-011074;CAN-011104;CAN-011134,NMC-REVIEWER-CHIEF,
60decd61-fadb-5ff6-86fb-807f9ada2331,CMM-PIPEF-3C5B7C-001,SAIL-300052,SAIL,6 in Reducer - SS316L,PIPE_FITTING|STAINLESS_STEEL|SS_316L|6_IN|12_M|150_MM|ASME_B169,DIRECT_ACCEPTED,CAN-011043;CAN-011073;CAN-011103;CAN-011134,NMC-REVIEWER-CHIEF,
88370bb2-3e2a-5aec-9129-68f48ab495b3,CMM-PIPEF-3CB594-001,SAIL-300245,SAIL,"BLAST FURNACE TUYERE, Copper Alloy, SIZE DN 200",PIPE_FITTING|COPPER_ALLOY|DN_200|6_M|DN_200|IS_2062|GALVANIZED,STANDALONE,,,
d7939029-2012-5dad-bb16-49f4b83cf311,CMM-PIPEF-3E8CCB-001,NTPC-200145,NTPC,STORES ITEM SMLS PIPE DN 50 Carbon Steel 300#,PIPE_FITTING|PIPE|CARBON_STEEL|CARBON_STEEL|DN_50|6_M|DN_50|ASME_B165,STANDALONE,,,
dd2fc423-8c16-54e7-aa8e-5f47e6438b42,CMM-PIPEF-3F10E4-001,NMDC-410208,NMDC,STORES ITEM DN 100 CONVEYOR IDLER ROLLER - Carbon Steel,PIPE_FITTING|CARBON_STEEL|CARBON_STEEL|DN_100|6_M|50_MM|IS_8598|PTFE_LINED,STANDALONE,,,
ba61547c-32ad-51a7-9f50-4844fe2237b0,CMM-PIPEF-3FF582-001,CIL-400135,Coal India,"REDUCER, Carbon Steel, SIZE 2 in 300#",PIPE_FITTING|CARBON_STEEL|CARBON_STEEL|2_IN|50_MM|API_5L,STANDALONE,,,
2ee96d2e-36d7-510c-ba6b-df0dd0c350a8,CMM-PIPEF-41F75E-001,SAIL-300224,SAIL,BLAST FURNACE TUYERE Copper Alloy DN 200,PIPE_FITTING|COPPER_ALLOY|DN_200|1000_MM|150_MM|IS_2062|GALVANIZED,STANDALONE,,,
83caf9bc-af13-53b9-946d-5dfc6d37b10e,CMM-PIPEF-42698F-001,HPCL-120075,HPCL,"SMLS PIPE, SS316L, SIZE DN 80",PIPE_FITTING|PIPE|STAINLESS_STEEL|SS_316L|DN_80|3_M|200_MM|IS_1239|EPOXY_COATED,DIRECT_ACCEPTED,CAN-017161;CAN-017162,NMC-REVIEWER-CHIEF,
6c44e9b3-9834-5fcf-9152-73dc120b1d90,CMM-PIPEF-42698F-001,NMDC-410077,NMDC,IND.DN 80 PIPE SMLS - SS316L,PIPE_FITTING|PIPE|STAINLESS_STEEL|SS_316L|DN_80|3_M|200_MM|IS_1239|EPOXY_COATED,DIRECT_ACCEPTED,CAN-017162;CAN-017192,NMC-REVIEWER-CHIEF,
af17630c-0434-5388-bae0-8783d49cb7b9,CMM-PIPEF-42698F-001,ONGC-100070,ONGC,SMLS PIPE DN 80 SS316L,PIPE_FITTING|PIPE|STAINLESS_STEEL|SS_316L|DN_80|3_M|200_MM|IS_1239|EPOXY_COATED,DIRECT_ACCEPTED,CAN-017161;CAN-017192,NMC-REVIEWER-CHIEF,
4b4478d9-06f6-5904-a027-f702267fb625,CMM-PIPEF-42F2AE-001,NMDC-410214,NMDC,IND.CONVEYOR IDLER ROLLER DN 100 Carbon Steel,PIPE_FITTING|CARBON_STEEL|CARBON_STEEL|DN_100|1000_MM|DN_100|IS_8598,STANDALONE,,,
68b839f9-ce4a-52b1-94f3-fb857d3d2ede,CMM-PIPEF-47C93B-001,NMDC-410274,NMDC,DN 100 CONVEYOR IDLER ROLLER - Carbon Steel,PIPE_FITTING|CARBON_STEEL|CARBON_STEEL|DN_100|12_M|100_MM|IS_8598|GALVANIZED,STANDALONE,,,
b9f22454-e5dd-51d0-96b2-fb04da74bd25,CMM-PIPEF-4850B0-001,ONGC-100198,ONGC,STORES ITEM DN 80 Flange - Carbon Steel 600#,PIPE_FITTING|FLANGE|CARBON_STEEL|CARBON_STEEL|DN_80|1000_MM|DN_80|API_5L,STANDALONE,,,
be937432-acb7-5ad1-b643-ffecdbdf1ce5,CMM-PIPEF-49C4F4-001,BHEL-500047,BHEL,"STORES ITEM FLANGE, Alloy Steel, SIZE DN 100",PIPE_FITTING|FLANGE|ALLOY_STEEL|DN_100|12_M|DN_100|IS_1239|ZINC_PLATED,DIRECT_ACCEPTED,CAN-011192;CAN-011222,NMC-REVIEWER-CHIEF,
67cb28a0-7a31-5237-a7ac-dd5bca4b8e9d,CMM-PIPEF-49C4F4-001,HPCL-120051,HPCL,SPARE-DN 100 FLANGE - Alloy Steel,PIPE_FITTING|FLANGE|ALLOY_STEEL|DN_100|12_M|DN_100|IS_1239|ZINC_PLATED,DIRECT_ACCEPTED,CAN-011191;CAN-011222,NMC-REVIEWER-CHIEF,
d39ca1eb-a872-5bf0-a4be-444c079d306a,CMM-PIPEF-49C4F4-001,SAIL-300053,SAIL,FLANGE Alloy Steel DN 100,PIPE_FITTING|FLANGE|ALLOY_STEEL|DN_100|12_M|DN_100|IS_1239|ZINC_PLATED,DIRECT_ACCEPTED,CAN-011191;CAN-011192,NMC-REVIEWER-CHIEF,
f0bc661d-db26-57bd-831b-83fc614728ab,CMM-PIPEF-4A805C-001,SAIL-300253,SAIL,BLAST FURNACE TUYERE DN 200 Copper Alloy,PIPE_FITTING|COPPER_ALLOY|DN_200|200_MM|IS_2062|ZINC_PLATED,STANDALONE,,,
f813e5bb-a46d-5c0d-b4c4-2b90e02d7947,CMM-PIPEF-4AA96E-001,SAIL-300201,SAIL,STORES ITEM DN 200 BLAST FURNACE TUYERE - Copper Alloy,PIPE_FITTING|COPPER_ALLOY|DN_200|12_M|DN_200|IS_2062,STANDALONE,,,
03cfc4a5-6c82-5fdf-a022-f2a24930111e,CMM-PIPEF-4D7A52-001,ONGC-100205,ONGC,IND.DN 150 Elbow 90 Deg - Alloy Steel 150#,PIPE_FITTING|ELBOW|ALLOY_STEEL|DN_150|3_M|DN_150|ASME_B169,STANDALONE,,,
4b44ebee-55f6-5450-b6bb-90e5310a94d4,CMM-PIPEF-4E2A15-001,BHEL-500004,BHEL,"PIPE SMLS, SS316L, SIZE 6 in",PIPE_FITTING|PIPE|STAINLESS_STEEL|SS_316L|6_IN|6_IN|ASME_B165|ZINC_PLATED,DIRECT_ACCEPTED,CAN-000931;CAN-000962,NMC-REVIEWER-CHIEF,
1d6deb33-b250-5be8-9f21-973a2b1e5a1e,CMM-PIPEF-4E2A15-001,HPCL-120002,HPCL,6 in PIPE SMLS - SS316L,PIPE_FITTING|PIPE|STAINLESS_STEEL|SS_316L|6_IN|6_IN|ASME_B165|ZINC_PLATED,DIRECT_ACCEPTED,CAN-000932;CAN-000962,NMC-REVIEWER-CHIEF,
bcaa0951-4413-5306-9126-45865c3b801a,CMM-PIPEF-4E2A15-001,ONGC-100006,ONGC,SPARE-6 in PIPE SMLS - SS316L,PIPE_FITTING|PIPE|STAINLESS_STEEL|SS_316L|6_IN|6_IN|ASME_B165|ZINC_PLATED,DIRECT_ACCEPTED,CAN-000931;CAN-000932,NMC-REVIEWER-CHIEF,
17aa31ee-3101-51cc-9545-4d32ca505738,CMM-PIPEF-5115C2-001,NMDC-410248,NMDC,STORES ITEM Conveyor Idler Roller Carbon Steel DN 100,PIPE_FITTING|CARBON_STEEL|CARBON_STEEL|DN_100|3_M|DN_100|IS_8598,STANDALONE,,,
697d5952-73bd-5495-af10-ebe1cd40bdd5,CMM-PIPEF-52E0BE-001,NMDC-410241,NMDC,Conveyor Idler Roller DN 100 Carbon Steel,PIPE_FITTING|CARBON_STEEL|CARBON_STEEL|DN_100|100_MM|IS_8598,STANDALONE,,,
ea009a4f-256c-50a7-98e8-372e93cfed17,CMM-PIPEF-54E39F-001,NMDC-410227,NMDC,STORES ITEM CONVEYOR IDLER ROLLER DN 100 Carbon Steel,PIPE_FITTING|CARBON_STEEL|CARBON_STEEL|DN_100|1000_MM|DN_100|IS_8598|GALVANIZED,STANDALONE,,,
fabe0cd2-4da2-5b2d-893b-2062f3dfc79f,CMM-PIPEF-567132-001,NTPC-200177,NTPC,SPARE-WELDED PIPE 300# IS 2062 DN 50,PIPE_FITTING|PIPE|IS_2062|DN_50|1000_MM|DN_50|API_5L|PTFE_LINED|WELDED,DIRECT_ACCEPTED,CAN-042781,NMC-REVIEWER-CHIEF,
5cc93eda-cdad-5322-bf88-4e91db75bf16,CMM-PIPEF-567132-001,ONGC-100193,ONGC,Welded Pipe 150# IS 2062 DN 50,PIPE_FITTING|PIPE|IS_2062|DN_50|1000_MM|DN_50|API_5L|PTFE_LINED|WELDED,DIRECT_ACCEPTED,CAN-042781,NMC-REVIEWER-CHIEF,
f98b997c-923c-5c0e-9961-6d87bcdecbde,CMM-PIPEF-577FE7-001,NMDC-410196,NMDC,"STORES ITEM Conveyor Idler Roller, Carbon Steel, SIZE DN 100",PIPE_FITTING|CARBON_STEEL|CARBON_STEEL|DN_100|6_M|25_MM|IS_8598,STANDALONE,,,
3be19654-e25f-573e-ac19-a5c448866c1e,CMM-PIPEF-57AB81-001,SAIL-300234,SAIL,DN 200 Blast Furnace Tuyere - Copper Alloy,PIPE_FITTING|COPPER_ALLOY|DN_200|1000_MM|DN_200|IS_2062,STANDALONE,,,
e6ff3443-5f7f-5fe3-9d8d-17e7612bb7f2,CMM-PIPEF-5A0AFC-001,NMDC-410150,NMDC,STORES ITEM DN 50 SMLS PIPE - Alloy Steel 600#,PIPE_FITTING|PIPE|ALLOY_STEEL|DN_50|6_M|DN_50|ASME_B165,STANDALONE,,,
e85a5619-51da-55e1-86f2-03bd77062f1b,CMM-PIPEF-5A39EE-001,SAIL-300241,SAIL,IND.BLAST FURNACE TUYERE DN 200 Copper Alloy,PIPE_FITTING|COPPER_ALLOY|DN_200|12_M|DN_200|IS_2062,STANDALONE,,,
f9722861-1f31-5890-a9ea-6b6818fea5b9,CMM-PIPEF-5CAA25-001,SAIL-300206,SAIL,BLAST FURNACE TUYERE DN 200 Copper Alloy,PIPE_FITTING|COPPER_ALLOY|DN_200|1000_MM|50_MM|IS_2062,STANDALONE,,,
2bae23c1-f5e3-5824-998d-f30ff506d9ac,CMM-PIPEF-5D7A3B-001,NTPC-200179,NTPC,STORES ITEM 2 in ELBOW 90 DEG - Carbon Steel 300#,PIPE_FITTING|ELBOW|CARBON_STEEL|CARBON_STEEL|2_IN|12_M|25_MM|API_5L|EPOXY_COATED,STANDALONE,,,
8419bd9a-66fd-56ff-af80-d7565e93c42b,CMM-PIPEF-5F29C1-001,SAIL-300243,SAIL,"SPARE-BLAST FURNACE TUYERE, Copper Alloy, SIZE DN 200",PIPE_FITTING|COPPER_ALLOY|DN_200|DN_200|IS_2062,STANDALONE,,,
9c53e4aa-3faf-57bb-b8ec-ea93df6aef52,CMM-PIPEF-5FC852-001,BHEL-500188,BHEL,WELDED PIPE DN 80 SS316L 600#,PIPE_FITTING|PIPE|STAINLESS_STEEL|SS_316L|DN_80|6_M|DN_80|IS_1239|ZINC_PLATED|WELDED,DIRECT_ACCEPTED,CAN-045061,NMC-REVIEWER-CHIEF,
edb7ad09-2e75-54ec-8d8f-c028b6fb8fd8,CMM-PIPEF-5FC852-001,SAIL-300194,SAIL,Welded Pipe 150# SS316L DN 80,PIPE_FITTING|PIPE|STAINLESS_STEEL|SS_316L|DN_80|6_M|DN_80|IS_1239|ZINC_PLATED|WELDED,DIRECT_ACCEPTED,CAN-045061,NMC-REVIEWER-CHIEF,
03c7a833-7af9-5f7d-9681-d00fcf4924de,CMM-PIPEF-600943-001,NMDC-410243,NMDC,"IND.CONVEYOR IDLER ROLLER, Carbon Steel, SIZE DN 100",PIPE_FITTING|CARBON_STEEL|CARBON_STEEL|DN_100|1000_MM|DN_100|IS_8598|EPOXY_COATED,STANDALONE,,,
e4d5bd4b-a1dc-53f5-a198-00b374d01f0e,CMM-PIPEF-636EA0-001,NMDC-410215,NMDC,"SPARE-Conveyor Idler Roller, Carbon Steel, SIZE DN 100",PIPE_FITTING|CARBON_STEEL|CARBON_STEEL|DN_100|6_M|DN_100|IS_8598,STANDALONE,,,
dc1029a6-0522-506c-8a39-c32a2ad3a72f,CMM-PIPEF-67E91A-001,BHEL-500140,BHEL,DN 100 REDUCER - ASTM A106 Gr B 300#,PIPE_FITTING|ASTM_A106_GRB|DN_100|6_M|150_MM|ASME_B169|PTFE_LINED,DIRECT_ACCEPTED,CAN-032521,NMC-REVIEWER-CHIEF,
39aa6050-08a4-5bf3-89c4-bb37a063e89c,CMM-PIPEF-67E91A-001,IOCL-110121,IOCL,STORES ITEM DN 100 Reducer - ASTM A106 Gr B 150#,PIPE_FITTING|ASTM_A106_GRB|DN_100|6_M|150_MM|ASME_B169|PTFE_LINED,DIRECT_ACCEPTED,CAN-032521,NMC-REVIEWER-CHIEF,
05d124c5-ac18-5a0e-a215-52cc38226138,CMM-PIPEF-68A5E4-001,BHEL-500075,BHEL,2 in FLANGE - ASTM A106 Gr B,PIPE_FITTING|FLANGE|ASTM_A106_GRB|2_IN|1000_MM|80_MM|ASTM_A106|EPOXY_COATED,DIRECT_ACCEPTED,CAN-017041;CAN-017042;CAN-017043,NMC-REVIEWER-CHIEF,
77e8273d-32ed-5cd1-be93-25282eaebc43,CMM-PIPEF-68A5E4-001,IOCL-110068,IOCL,IND.2 in FLANGE - ASTM A106 Gr B,PIPE_FITTING|FLANGE|ASTM_A106_GRB|2_IN|1000_MM|80_MM|ASTM_A106|EPOXY_COATED,DIRECT_ACCEPTED,CAN-017041;CAN-017072;CAN-017073,NMC-REVIEWER-CHIEF,
dfcd273e-df66-51cc-bc5a-d426b52c48df,CMM-PIPEF-68A5E4-001,NTPC-200067,NTPC,STORES ITEM FLANGE 2 in ASTM A106 Gr B,PIPE_FITTING|FLANGE|ASTM_A106_GRB|2_IN|1000_MM|80_MM|ASTM_A106|EPOXY_COATED,DIRECT_ACCEPTED,CAN-017043;CAN-017073;CAN-017103,NMC-REVIEWER-CHIEF,
81443938-bc2a-5f91-88b5-419bcd8f24a7,CMM-PIPEF-68A5E4-001,ONGC-100069,ONGC,SPARE-Flange ASTM A106 Gr B 2 in,PIPE_FITTING|FLANGE|ASTM_A106_GRB|2_IN|1000_MM|80_MM|ASTM_A106|EPOXY_COATED,DIRECT_ACCEPTED,CAN-017042;CAN-017072;CAN-017103,NMC-REVIEWER-CHIEF,
e6aaf94d-cb7b-5e4a-bf70-c31f056e3b73,CMM-PIPEF-6980E3-001,NMDC-410197,NMDC,STORES ITEM CONVEYOR IDLER ROLLER Carbon Steel DN 100,PIPE_FITTING|CARBON_STEEL|CARBON_STEEL|DN_100|1000_MM|DN_100|IS_8598,STANDALONE,,,
a273ccae-c0c5-5812-b2d2-921b62828380,CMM-PIPEF-69E890-001,BHEL-500122,BHEL,STORES ITEM Elbow 90 Deg 2 in IS 2062 300#,PIPE_FITTING|ELBOW|IS_2062|2_IN|25_MM|ASTM_A106|PTFE_LINED,DIRECT_ACCEPTED,CAN-029461,NMC-REVIEWER-CHIEF,
c6e4cfb4-3636-5f72-8c1e-18701f39e8ce,CMM-PIPEF-69E890-001,HPCL-120129,HPCL,"Elbow 90 Deg, IS 2062, SIZE 2 in 600#",PIPE_FITTING|ELBOW|IS_2062|2_IN|25_MM|ASTM_A106|PTFE_LINED,DIRECT_ACCEPTED,CAN-029461,NMC-REVIEWER-CHIEF,
65dca916-f770-51da-ba80-c0e738baf290,CMM-PIPEF-6B3D5C-001,NMDC-410211,NMDC,DN 100 Conveyor Idler Roller - Carbon Steel,PIPE_FITTING|CARBON_STEEL|CARBON_STEEL|DN_100|1000_MM|DN_100|IS_8598|PTFE_LINED,STANDALONE,,,
474eb2f1-23c2-5b95-897d-d663f4383d41,CMM-PIPEF-6BB345-001,NMDC-410251,NMDC,IND.CONVEYOR IDLER ROLLER DN 100 Carbon Steel,PIPE_FITTING|CARBON_STEEL|CARBON_STEEL|DN_100|1000_MM|DN_100|IS_8598,STANDALONE,,,
7111a7f1-bfe0-556b-afa2-d5af736cf28f,CMM-PIPEF-6C2AF1-001,NMDC-410266,NMDC,SPARE-DN 100 Conveyor Idler Roller - Carbon Steel,PIPE_FITTING|CARBON_STEEL|CARBON_STEEL|DN_100|12_M|DN_100|IS_8598|PTFE_LINED,STANDALONE,,,
b62cda35-4640-5154-a7d6-351c445093e3,CMM-PIPEF-6ED031-001,NMDC-410246,NMDC,Conveyor Idler Roller DN 100 Carbon Steel,PIPE_FITTING|CARBON_STEEL|CARBON_STEEL|DN_100|3_M|DN_100|IS_8598|GALVANIZED,STANDALONE,,,
d5bb1327-ed0e-50cb-86f8-32b4ff90a57d,CMM-PIPEF-722ED3-001,SAIL-300249,SAIL,IND.Blast Furnace Tuyere DN 200 Copper Alloy,PIPE_FITTING|COPPER_ALLOY|DN_200|12_M|DN_200|IS_2062|PTFE_LINED,STANDALONE,,,
c1a0c8b2-0c1a-5f74-9cbd-fe7d6d122fa9,CMM-PIPEF-7284AD-001,NTPC-200138,NTPC,"STORES ITEM REDUCER, Alloy Steel, SIZE 2 in 600#",PIPE_FITTING|ALLOY_STEEL|2_IN|50_MM|API_5L,STANDALONE,,,
bc76356b-5b1d-5d0c-b370-7cd8023368e5,CMM-PIPEF-7491FE-001,SAIL-300275,SAIL,STORES ITEM DN 200 Blast Furnace Tuyere - Copper Alloy,PIPE_FITTING|COPPER_ALLOY|DN_200|1000_MM|100_MM|IS_2062|PTFE_LINED,STANDALONE,,,
c02a2fca-28c2-5cfd-b38e-692f699a304c,CMM-PIPEF-773DC4-001,BHEL-500147,BHEL,Flange 600# Carbon Steel DN 80,PIPE_FITTING|FLANGE|CARBON_STEEL|CARBON_STEEL|DN_80|3_M|DN_80|IS_1239|EPOXY_COATED,STANDALONE,,,
2b8c12d9-7c18-598d-a090-c19b692db007,CMM-PIPEF-775C7D-001,IOCL-110117,IOCL,IND.FLANGE DN 150 SS316L 300#,PIPE_FITTING|FLANGE|STAINLESS_STEEL|SS_316L|DN_150|1000_MM|DN_150|ASTM_A106,DIRECT_ACCEPTED,CAN-031801,NMC-REVIEWER-CHIEF,
8e0ce89c-e0c1-55ff-b140-b315cddc9848,CMM-PIPEF-775C7D-001,ONGC-100139,ONGC,STORES ITEM DN 150 FLANGE - SS316L 600#,PIPE_FITTING|FLANGE|STAINLESS_STEEL|SS_316L|DN_150|1000_MM|DN_150|ASTM_A106,DIRECT_ACCEPTED,CAN-031801,NMC-REVIEWER-CHIEF,
84827307-0df8-5e6f-89b8-016e718f45e8,CMM-PIPEF-779420-001,IOCL-110005,IOCL,IND.FLANGE IS 2062 DN 50,PIPE_FITTING|FLANGE|IS_2062|DN_50|12_M|150_MM|ASME_B165|GALVANIZED,DIRECT_ACCEPTED,CAN-000693;CAN-000723;CAN-000753,NMC-REVIEWER-CHIEF,
8843fa45-341d-5baf-92dc-b773e254d8a4,CMM-PIPEF-779420-001,NTPC-200003,NTPC,SPARE-FLANGE DN 50 IS 2062,PIPE_FITTING|FLANGE|IS_2062|DN_50|12_M|150_MM|ASME_B165|GALVANIZED,DIRECT_ACCEPTED,CAN-000692;CAN-000722;CAN-000753,NMC-REVIEWER-CHIEF,
76a4228e-7ffd-5133-8953-c74db5ae2d17,CMM-PIPEF-779420-001,ONGC-100004,ONGC,"Flange, IS 2062, SIZE DN 50",PIPE_FITTING|FLANGE|IS_2062|DN_50|12_M|150_MM|ASME_B165|GALVANIZED,DIRECT_ACCEPTED,CAN-000691;CAN-000722;CAN-000723,NMC-REVIEWER-CHIEF,
321a86e2-812d-518d-8a12-db730d7873c0,CMM-PIPEF-779420-001,SAIL-300005,SAIL,FLANGE DN 50 IS 2062,PIPE_FITTING|FLANGE|IS_2062|DN_50|12_M|150_MM|ASME_B165|GALVANIZED,DIRECT_ACCEPTED,CAN-000691;CAN-000692;CAN-000693,NMC-REVIEWER-CHIEF,
e90c9722-d372-5542-b436-d6d710b6dbf2,CMM-PIPEF-78ED74-001,NMDC-410249,NMDC,CONVEYOR IDLER ROLLER Carbon Steel DN 100,PIPE_FITTING|CARBON_STEEL|CARBON_STEEL|DN_100|6_M|DN_100|IS_8598,STANDALONE,,,
a07e6862-0f32-51ef-87e9-fae7230d16e9,CMM-PIPEF-7963C4-001,NMDC-410222,NMDC,CONVEYOR IDLER ROLLER Carbon Steel DN 100,PIPE_FITTING|CARBON_STEEL|CARBON_STEEL|DN_100|100_MM|IS_8598,STANDALONE,,,
177b00a9-6616-5307-bae7-069fde9e6268,CMM-PIPEF-7A5764-001,BHEL-500041,BHEL,"SPARE-Flange, Alloy Steel, SIZE DN 50",PIPE_FITTING|FLANGE|ALLOY_STEEL|DN_50|1000_MM|DN_50|ASTM_A106|GALVANIZED,DIRECT_ACCEPTED,CAN-009722;CAN-009752;CAN-009783,NMC-REVIEWER-CHIEF,
cdb8f41c-9156-5b15-a8f2-630a998dc075,CMM-PIPEF-7A5764-001,HPCL-120045,HPCL,Flange DN 50 Alloy Steel,PIPE_FITTING|FLANGE|ALLOY_STEEL|DN_50|1000_MM|DN_50|ASTM_A106|GALVANIZED,DIRECT_ACCEPTED,CAN-009721;CAN-009722;CAN-009723,NMC-REVIEWER-CHIEF,
a01acece-b16c-5b53-8869-8be0ff2a1191,CMM-PIPEF-7A5764-001,NMDC-410042,NMDC,IND.DN 50 FLANGE - Alloy Steel,PIPE_FITTING|FLANGE|ALLOY_STEEL|DN_50|1000_MM|DN_50|ASTM_A106|GALVANIZED,DIRECT_ACCEPTED,CAN-009721;CAN-009752;CAN-009753,NMC-REVIEWER-CHIEF,
271f5bac-c44d-5a1f-b82d-7acbdfa3f3c1,CMM-PIPEF-7A5764-001,SAIL-300045,SAIL,SPARE-Flange Alloy Steel DN 50,PIPE_FITTING|FLANGE|ALLOY_STEEL|DN_50|1000_MM|DN_50|ASTM_A106|GALVANIZED,DIRECT_ACCEPTED,CAN-009723;CAN-009753;CAN-009783,NMC-REVIEWER-CHIEF,
d5c99bb1-3430-505a-ab32-88a7781bf43b,CMM-PIPEF-7B9DF8-001,NMDC-410198,NMDC,"IND.Conveyor Idler Roller, Carbon Steel, SIZE DN 100",PIPE_FITTING|CARBON_STEEL|CARBON_STEEL|DN_100|12_M|25_MM|IS_8598|PTFE_LINED,STANDALONE,,,
7500c09d-b00d-57f1-aa1e-a0399f528b52,CMM-PIPEF-7DD684-001,NMDC-410245,NMDC,Conveyor Idler Roller DN 100 Carbon Steel,PIPE_FITTING|CARBON_STEEL|CARBON_STEEL|DN_100|12_M|DN_100|IS_8598,STANDALONE,,,
0ab45b21-19de-5b60-9394-57958141bd19,CMM-PIPEF-7F1EC6-001,BHEL-500150,BHEL,STORES ITEM Welded Pipe 300# SS316L 6 in,PIPE_FITTING|PIPE|STAINLESS_STEEL|SS_316L|6_IN|200_MM|ASTM_A106|WELDED,DIRECT_ACCEPTED,CAN-034141,NMC-REVIEWER-CHIEF,
9bff571b-cbfd-57c6-bab8-f3bed2383aea,CMM-PIPEF-7F1EC6-001,ONGC-100147,ONGC,WELDED PIPE 150# SS316L 6 in,PIPE_FITTING|PIPE|STAINLESS_STEEL|SS_316L|6_IN|200_MM|ASTM_A106|WELDED,DIRECT_ACCEPTED,CAN-034141,NMC-REVIEWER-CHIEF,
2dc67339-6200-55e1-a26d-3eaeca447fb0,CMM-PIPEF-7F80EA-001,SAIL-300210,SAIL,SPARE-BLAST FURNACE TUYERE Copper Alloy DN 200,PIPE_FITTING|COPPER_ALLOY|DN_200|6_M|DN_200|IS_2062|EPOXY_COATED,STANDALONE,,,
102716b5-48b4-5b23-a880-a3a2b205ffee,CMM-PIPEF-814451-001,BHEL-500016,BHEL,IND.Seamless Pipe SS316L DN 100,PIPE_FITTING|PIPE|STAINLESS_STEEL|SS_316L|DN_100|1000_MM|80_MM|IS_1239|EPOXY_COATED|SEAMLESS,DIRECT_ACCEPTED,CAN-003902;CAN-003962;CAN-003993,NMC-REVIEWER-CHIEF,
b7242ecf-aaf1-5b6a-b527-cf2b3fd882aa,CMM-PIPEF-814451-001,IOCL-110020,IOCL,"Seamless Pipe, SS316L, SIZE DN 100",PIPE_FITTING|PIPE|STAINLESS_STEEL|SS_316L|DN_100|1000_MM|80_MM|IS_1239|EPOXY_COATED|SEAMLESS,DIRECT_ACCEPTED,CAN-003903;CAN-003963;CAN-003993,NMC-REVIEWER-CHIEF,
1242006a-6f2d-5056-a361-9007d68827c9,CMM-PIPEF-814451-001,NTPC-200016,NTPC,STORES ITEM Seamless Pipe DN 100 SS316L,PIPE_FITTING|PIPE|STAINLESS_STEEL|SS_316L|DN_100|1000_MM|80_MM|IS_1239|EPOXY_COATED|SEAMLESS,DIRECT_ACCEPTED,CAN-003901;CAN-003902;CAN-003903,NMC-REVIEWER-CHIEF,
2d6b6c79-66c6-5220-892a-f5e9e7189693,CMM-PIPEF-814451-001,SAIL-300021,SAIL,SPARE-Seamless Pipe SS316L DN 100,PIPE_FITTING|PIPE|STAINLESS_STEEL|SS_316L|DN_100|1000_MM|80_MM|IS_1239|EPOXY_COATED|SEAMLESS,DIRECT_ACCEPTED,CAN-003901;CAN-003962;CAN-003963,NMC-REVIEWER-CHIEF,
6105c678-842d-5806-910f-3f39d0f8e42c,CMM-PIPEF-814B57-001,CIL-400170,Coal India,DN 50 ELBOW 90 DEG - SS316L 600#,PIPE_FITTING|ELBOW|STAINLESS_STEEL|SS_316L|DN_50|3_M|25_MM|ASME_B165|ZINC_PLATED,DIRECT_ACCEPTED,CAN-041821,NMC-REVIEWER-CHIEF,
e6e78313-7268-5ef5-b244-c2956f898fdd,CMM-PIPEF-814B57-001,HPCL-120177,HPCL,"SPARE-Elbow 90 Deg, SS316L, SIZE DN 50 300#",PIPE_FITTING|ELBOW|STAINLESS_STEEL|SS_316L|DN_50|3_M|25_MM|ASME_B165|ZINC_PLATED,DIRECT_ACCEPTED,CAN-041821,NMC-REVIEWER-CHIEF,
348b1924-c845-5e52-99ef-8c018675b703,CMM-PIPEF-8291FD-001,NMDC-410199,NMDC,SPARE-Conveyor Idler Roller DN 100 Carbon Steel,PIPE_FITTING|CARBON_STEEL|CARBON_STEEL|DN_100|6_M|DN_100|IS_8598|PTFE_LINED,STANDALONE,,,
389a237f-d98b-58f2-b53a-bdea4c90936c,CMM-PIPEF-82D677-001,IOCL-110111,IOCL,"STORES ITEM EQUAL TEE, Alloy Steel, SIZE DN 100 150#",PIPE_FITTING|ALLOY_STEEL|DN_100|12_M|150_MM|ASME_B165|EPOXY_COATED,STANDALONE,,,
42b7eedc-8883-564e-85ac-2072d1e232ed,CMM-PIPEF-85C204-001,SAIL-300156,SAIL,"Seamless Pipe, Carbon Steel, SIZE 6 in 150#",PIPE_FITTING|PIPE|CARBON_STEEL|CARBON_STEEL|6_IN|6_IN|ASME_B169|EPOXY_COATED|SEAMLESS,STANDALONE,,,
56eb617b-af5b-5b28-9e5f-0dd16a46500f,CMM-PIPEF-884E70-001,NMDC-410263,NMDC,"SPARE-CONVEYOR IDLER ROLLER, Carbon Steel, SIZE DN 100",PIPE_FITTING|CARBON_STEEL|CARBON_STEEL|DN_100|3_M|DN_100|IS_8598,STANDALONE,,,
2fcdc09f-21a6-5253-8e2c-299bc8a95dca,CMM-PIPEF-886747-001,CIL-400040,Coal India,Welded Pipe DN 80 IS 2062,PIPE_FITTING|PIPE|IS_2062|DN_80|12_M|DN_80|ASME_B169|PTFE_LINED|WELDED,DIRECT_ACCEPTED,CAN-010921;CAN-010952;CAN-010953,NMC-REVIEWER-CHIEF,
5d9363a8-b7f0-5783-af34-a420c8e34cbd,CMM-PIPEF-886747-001,HPCL-120049,HPCL,DN 80 Welded Pipe - IS 2062,PIPE_FITTING|PIPE|IS_2062|DN_80|12_M|DN_80|ASME_B169|PTFE_LINED|WELDED,DIRECT_ACCEPTED,CAN-010923;CAN-010953;CAN-010983,NMC-REVIEWER-CHIEF,
d5cbdb9b-ead6-5c63-94c1-6b050d519d46,CMM-PIPEF-886747-001,ONGC-100044,ONGC,IND.Welded Pipe DN 80 IS 2062,PIPE_FITTING|PIPE|IS_2062|DN_80|12_M|DN_80|ASME_B169|PTFE_LINED|WELDED,DIRECT_ACCEPTED,CAN-010921;CAN-010922;CAN-010923,NMC-REVIEWER-CHIEF,
3efc10f7-3ce7-5fdd-9bed-e0085a6d2f24,CMM-PIPEF-886747-001,SAIL-300051,SAIL,"Welded Pipe, IS 2062, SIZE DN 80",PIPE_FITTING|PIPE|IS_2062|DN_80|12_M|DN_80|ASME_B169|PTFE_LINED|WELDED,DIRECT_ACCEPTED,CAN-010922;CAN-010952;CAN-010983,NMC-REVIEWER-CHIEF,
0eaf92bd-8ac5-52c1-a740-aded9aedc86b,CMM-PIPEF-887486-001,BHEL-500054,BHEL,STORES ITEM Reducer Alloy Steel DN 80,PIPE_FITTING|ALLOY_STEEL|DN_80|DN_80|ASME_B169,DIRECT_ACCEPTED,CAN-012903;CAN-012933;CAN-012963;CAN-012994,NMC-REVIEWER-CHIEF,
ff97bc5d-777a-5b91-a8aa-92e96cd23877,CMM-PIPEF-887486-001,IOCL-110057,IOCL,STORES ITEM REDUCER DN 80 Alloy Steel,PIPE_FITTING|ALLOY_STEEL|DN_80|DN_80|ASME_B169,DIRECT_ACCEPTED,CAN-012902;CAN-012932;CAN-012963;CAN-012964,NMC-REVIEWER-CHIEF,
6fc837c8-e6d1-5983-a8ad-bef5fbaceba9,CMM-PIPEF-887486-001,NMDC-410056,NMDC,"IND.Reducer, Alloy Steel, SIZE DN 80",PIPE_FITTING|ALLOY_STEEL|DN_80|DN_80|ASME_B169,DIRECT_ACCEPTED,CAN-012901;CAN-012932;CAN-012933;CAN-012934,NMC-REVIEWER-CHIEF,
99585702-320d-57b5-b4a0-16ebd80acc10,CMM-PIPEF-887486-001,NTPC-200050,NTPC,REDUCER DN 80 Alloy Steel,PIPE_FITTING|ALLOY_STEEL|DN_80|DN_80|ASME_B169,DIRECT_ACCEPTED,CAN-012904;CAN-012934;CAN-012964;CAN-012994,NMC-REVIEWER-CHIEF,
95e4aa95-0b8c-5d3b-9d2e-df2afc2a6cc6,CMM-PIPEF-887486-001,ONGC-100052,ONGC,"IND.REDUCER, Alloy Steel, SIZE DN 80",PIPE_FITTING|ALLOY_STEEL|DN_80|DN_80|ASME_B169,DIRECT_ACCEPTED,CAN-012901;CAN-012902;CAN-012903;CAN-012904,NMC-REVIEWER-CHIEF,
474b9922-fa71-5ff4-89e7-c3fcfa01b9d6,CMM-PIPEF-888E21-001,BHEL-500068,BHEL,Seamless Pipe DN 150 Carbon Steel,PIPE_FITTING|PIPE|CARBON_STEEL|CARBON_STEEL|DN_150|3_M|80_MM|ASTM_A106|PTFE_LINED|SEAMLESS,DIRECT_ACCEPTED,CAN-015781;CAN-015812,NMC-REVIEWER-CHIEF,
ad0df117-7683-5751-81c4-607bbee811bf,CMM-PIPEF-888E21-001,HPCL-120069,HPCL,STORES ITEM DN 150 Seamless Pipe - Carbon Steel,PIPE_FITTING|PIPE|CARBON_STEEL|CARBON_STEEL|DN_150|3_M|80_MM|ASTM_A106|PTFE_LINED|SEAMLESS,DIRECT_ACCEPTED,CAN-015781;CAN-015782,NMC-REVIEWER-CHIEF,
068a27fa-2223-506b-812c-ab7396a2123b,CMM-PIPEF-888E21-001,NMDC-410069,NMDC,STORES ITEM DN 150 Seamless Pipe - Carbon Steel,PIPE_FITTING|PIPE|CARBON_STEEL|CARBON_STEEL|DN_150|3_M|80_MM|ASTM_A106|PTFE_LINED|SEAMLESS,DIRECT_ACCEPTED,CAN-015782;CAN-015812,NMC-REVIEWER-CHIEF,
dc415111-002c-580b-9847-97282004a112,CMM-PIPEF-89C3D4-001,NMDC-410220,NMDC,"IND.CONVEYOR IDLER ROLLER, Carbon Steel, SIZE DN 100",PIPE_FITTING|CARBON_STEEL|CARBON_STEEL|DN_100|DN_100|IS_8598|GALVANIZED,STANDALONE,,,
6924e1da-8d68-5678-9053-1250b3460d43,CMM-PIPEF-8A5B63-001,NMDC-410257,NMDC,STORES ITEM Conveyor Idler Roller DN 100 Carbon Steel,PIPE_FITTING|CARBON_STEEL|CARBON_STEEL|DN_100|6_M|DN_100|IS_8598|PTFE_LINED,STANDALONE,,,
b5d47b41-ac4a-5b51-bcff-662c5c3a3f43,CMM-PIPEF-8B6C6B-001,NMDC-410159,NMDC,WELDED PIPE 300# Carbon Steel DN 80,PIPE_FITTING|PIPE|CARBON_STEEL|CARBON_STEEL|DN_80|6_M|80_MM|ASME_B169|GALVANIZED|WELDED,STANDALONE,,,
0ef54ed9-2a64-56d1-a463-c9d83e2498e7,CMM-PIPEF-8BCEEA-001,SAIL-300222,SAIL,IND.DN 200 Blast Furnace Tuyere - Copper Alloy,PIPE_FITTING|COPPER_ALLOY|DN_200|1000_MM|DN_200|IS_2062|GALVANIZED,STANDALONE,,,
c68286b1-83be-5875-92c7-1bffc6ed3061,CMM-PIPEF-8F3A97-001,SAIL-300262,SAIL,DN 200 BLAST FURNACE TUYERE - Copper Alloy,PIPE_FITTING|COPPER_ALLOY|DN_200|3_M|DN_200|IS_2062|PTFE_LINED,STANDALONE,,,
10a59855-dc8a-5294-84c1-5967734f5c82,CMM-PIPEF-8FF216-001,SAIL-300254,SAIL,Blast Furnace Tuyere DN 200 Copper Alloy,PIPE_FITTING|COPPER_ALLOY|DN_200|1000_MM|DN_200|IS_2062|GALVANIZED,STANDALONE,,,
594247f1-861c-508f-b892-182fcaf1c6b1,CMM-PIPEF-900B09-001,SAIL-300236,SAIL,Blast Furnace Tuyere DN 200 Copper Alloy,PIPE_FITTING|COPPER_ALLOY|DN_200|12_M|80_MM|IS_2062,STANDALONE,,,
4ea13bed-4bb3-5dfa-9421-3f4173b605b0,CMM-PIPEF-9073A1-001,SAIL-300247,SAIL,IND.Blast Furnace Tuyere Copper Alloy DN 200,PIPE_FITTING|COPPER_ALLOY|DN_200|12_M|DN_200|IS_2062,STANDALONE,,,
08ad22d2-e5f7-51f4-8704-3081160597b9,CMM-PIPEF-91BBA0-001,NMDC-410213,NMDC,CONVEYOR IDLER ROLLER Carbon Steel DN 100,PIPE_FITTING|CARBON_STEEL|CARBON_STEEL|DN_100|DN_100|IS_8598,STANDALONE,,,
9a9d202f-9a8c-55eb-90dc-ca952fe13660,CMM-PIPEF-91DF1A-001,CIL-400033,Coal India,Reducer 6 in SS316L,PIPE_FITTING|STAINLESS_STEEL|SS_316L|6_IN|12_M|6_IN|IS_1239|GALVANIZED,DIRECT_ACCEPTED,CAN-009151;CAN-009152;CAN-009153,NMC-REVIEWER-CHIEF,
011fcd51-9a30-5f28-ae51-4aa75c970d20,CMM-PIPEF-91DF1A-001,IOCL-110043,IOCL,REDUCER 6 in SS316L,PIPE_FITTING|STAINLESS_STEEL|SS_316L|6_IN|12_M|6_IN|IS_1239|GALVANIZED,DIRECT_ACCEPTED,CAN-009152;CAN-009182;CAN-009213,NMC-REVIEWER-CHIEF,
ee831f8d-f0a3-5e38-a210-c272d5b304b5,CMM-PIPEF-91DF1A-001,NTPC-200037,NTPC,REDUCER 6 in SS316L,PIPE_FITTING|STAINLESS_STEEL|SS_316L|6_IN|12_M|6_IN|IS_1239|GALVANIZED,DIRECT_ACCEPTED,CAN-009151;CAN-009182;CAN-009183,NMC-REVIEWER-CHIEF,
7c461e83-79b2-54a1-99b0-9150c2022a64,CMM-PIPEF-91DF1A-001,ONGC-100037,ONGC,SPARE-REDUCER SS316L 6 in,PIPE_FITTING|STAINLESS_STEEL|SS_316L|6_IN|12_M|6_IN|IS_1239|GALVANIZED,DIRECT_ACCEPTED,CAN-009153;CAN-009183;CAN-009213,NMC-REVIEWER-CHIEF,
a548caab-a882-547b-9cec-316c8e132fed,CMM-PIPEF-9AE949-001,SAIL-300218,SAIL,Blast Furnace Tuyere Copper Alloy DN 200,PIPE_FITTING|COPPER_ALLOY|DN_200|3_M|DN_200|IS_2062,STANDALONE,,,
b8772548-835b-5121-8a32-5f106a0bba3b,CMM-PIPEF-9AEB33-001,NTPC-200116,NTPC,IND.Flange 300# SS316L DN 50,PIPE_FITTING|FLANGE|STAINLESS_STEEL|SS_316L|DN_50|DN_50|ASME_B165|EPOXY_COATED,DIRECT_ACCEPTED,CAN-028501,NMC-REVIEWER-CHIEF,
d9ab2d82-1896-5928-ad77-52b5eb65f8f5,CMM-PIPEF-9AEB33-001,SAIL-300130,SAIL,FLANGE DN 50 SS316L 600#,PIPE_FITTING|FLANGE|STAINLESS_STEEL|SS_316L|DN_50|DN_50|ASME_B165|EPOXY_COATED,DIRECT_ACCEPTED,CAN-028501,NMC-REVIEWER-CHIEF,
e7127476-ef61-53c4-b618-e1901861d1e9,CMM-PIPEF-9DF21B-001,SAIL-300213,SAIL,STORES ITEM DN 200 BLAST FURNACE TUYERE - Copper Alloy,PIPE_FITTING|COPPER_ALLOY|DN_200|3_M|DN_200|IS_2062,STANDALONE,,,
6bd351e7-e9a1-5566-9845-bc9bb1595985,CMM-PIPEF-9F26C6-001,NMDC-410221,NMDC,SPARE-Conveyor Idler Roller Carbon Steel DN 100,PIPE_FITTING|CARBON_STEEL|CARBON_STEEL|DN_100|6_M|DN_100|IS_8598|ZINC_PLATED,STANDALONE,,,
ac2989b6-7faa-5a85-9588-eeaab68182a4,CMM-PIPEF-9F54EF-001,SAIL-300219,SAIL,DN 200 BLAST FURNACE TUYERE - Copper Alloy,PIPE_FITTING|COPPER_ALLOY|DN_200|12_M|80_MM|IS_2062|GALVANIZED,STANDALONE,,,
354d577f-9a40-50f1-8d08-373322a24eb8,CMM-PIPEF-9F93F7-001,BHEL-500038,BHEL,IND.Equal Tee 2 in Alloy Steel,PIPE_FITTING|ALLOY_STEEL|2_IN|2_IN|API_5L,DIRECT_ACCEPTED,CAN-009001;CAN-009002;CAN-009003;CAN-009004,NMC-REVIEWER-CHIEF,
9f50d856-8c6e-5cf3-b4b6-6353f0d2fac1,CMM-PIPEF-9F93F7-001,CIL-400032,Coal India,2 in EQUAL TEE - Alloy Steel,PIPE_FITTING|ALLOY_STEEL|2_IN|2_IN|API_5L,DIRECT_ACCEPTED,CAN-009002;CAN-009032;CAN-009063;CAN-009064,NMC-REVIEWER-CHIEF,
ac1116e7-ad8c-5815-a9d6-8eddeb598541,CMM-PIPEF-9F93F7-001,NMDC-410038,NMDC,EQUAL TEE 2 in Alloy Steel,PIPE_FITTING|ALLOY_STEEL|2_IN|2_IN|API_5L,DIRECT_ACCEPTED,CAN-009004;CAN-009034;CAN-009064;CAN-009094,NMC-REVIEWER-CHIEF,
913d641e-1835-5944-8360-7aab59fdac3b,CMM-PIPEF-9F93F7-001,NTPC-200036,NTPC,Equal Tee 2 in Alloy Steel,PIPE_FITTING|ALLOY_STEEL|2_IN|2_IN|API_5L,DIRECT_ACCEPTED,CAN-009001;CAN-009032;CAN-009033;CAN-009034,NMC-REVIEWER-CHIEF,
c9a40222-9660-5a92-9076-180120cfdf67,CMM-PIPEF-9F93F7-001,ONGC-100036,ONGC,2 in Equal Tee - Alloy Steel,PIPE_FITTING|ALLOY_STEEL|2_IN|2_IN|API_5L,DIRECT_ACCEPTED,CAN-009003;CAN-009033;CAN-009063;CAN-009094,NMC-REVIEWER-CHIEF,
750b6408-dcdf-5b4f-83fa-2551d6269eed,CMM-PIPEF-A260FE-001,SAIL-300157,SAIL,REDUCER 600# Alloy Steel 2 in,PIPE_FITTING|ALLOY_STEEL|2_IN|1000_MM|150_MM|IS_1239,STANDALONE,,,
fe1cd422-1e78-5d11-9e1c-201815fd403b,CMM-PIPEF-A31A67-001,NMDC-410223,NMDC,STORES ITEM Conveyor Idler Roller Carbon Steel DN 100,PIPE_FITTING|CARBON_STEEL|CARBON_STEEL|DN_100|6_M|DN_100|IS_8598|EPOXY_COATED,STANDALONE,,,
524e232f-f596-51db-979d-bc2e38905381,CMM-PIPEF-A3FA45-001,NMDC-410232,NMDC,"STORES ITEM CONVEYOR IDLER ROLLER, Carbon Steel, SIZE DN 100",PIPE_FITTING|CARBON_STEEL|CARBON_STEEL|DN_100|1000_MM|80_MM|IS_8598|ZINC_PLATED,STANDALONE,,,
f7b6e344-c929-5047-a2f0-8339b9c9552c,CMM-PIPEF-A5CF70-001,NTPC-200176,NTPC,DN 80 Seamless Pipe - Carbon Steel 150#,PIPE_FITTING|PIPE|CARBON_STEEL|CARBON_STEEL|DN_80|1000_MM|DN_80|IS_1239|ZINC_PLATED|SEAMLESS,STANDALONE,,,
e9265398-106f-5a0e-96c6-6a4c0bcdb12e,CMM-PIPEF-A6DA56-001,IOCL-110077,IOCL,DN 80 FLANGE - SS316L,PIPE_FITTING|FLANGE|STAINLESS_STEEL|SS_316L|DN_80|12_M|80_MM|ASTM_A106,DIRECT_ACCEPTED,CAN-019051;CAN-019052,NMC-REVIEWER-CHIEF,
874769d2-4aff-56ae-9dbd-32c46c53ee1e,CMM-PIPEF-A6DA56-001,NMDC-410085,NMDC,SPARE-Flange DN 80 SS316L,PIPE_FITTING|FLANGE|STAINLESS_STEEL|SS_316L|DN_80|12_M|80_MM|ASTM_A106,DIRECT_ACCEPTED,CAN-019051;CAN-019082,NMC-REVIEWER-CHIEF,
d2b08577-fb28-5396-a427-b859016928d4,CMM-PIPEF-A6DA56-001,SAIL-300086,SAIL,"FLANGE, SS316L, SIZE DN 80",PIPE_FITTING|FLANGE|STAINLESS_STEEL|SS_316L|DN_80|12_M|80_MM|ASTM_A106,DIRECT_ACCEPTED,CAN-019052;CAN-019082,NMC-REVIEWER-CHIEF,
e95e7565-b0b4-5bed-a731-4d00306302d0,CMM-PIPEF-A71D7A-001,NMDC-410116,NMDC,SPARE-DN 50 Welded Pipe - SS316L 600#,PIPE_FITTING|PIPE|STAINLESS_STEEL|SS_316L|DN_50|12_M|DN_50|API_5L|EPOXY_COATED|WELDED,DIRECT_ACCEPTED,CAN-028141,NMC-REVIEWER-CHIEF,
b22e55c1-588a-5bd5-924f-0681151c6328,CMM-PIPEF-A71D7A-001,NTPC-200115,NTPC,IND.WELDED PIPE 150# SS316L DN 50,PIPE_FITTING|PIPE|STAINLESS_STEEL|SS_316L|DN_50|12_M|DN_50|API_5L|EPOXY_COATED|WELDED,DIRECT_ACCEPTED,CAN-028141,NMC-REVIEWER-CHIEF,
cc08aceb-837a-5652-9c88-e92719113dac,CMM-PIPEF-A7BB01-001,BHEL-500166,BHEL,IND.6 in Welded Pipe - IS 2062 600#,PIPE_FITTING|PIPE|IS_2062|6_IN|200_MM|IS_1239|GALVANIZED|WELDED,DIRECT_ACCEPTED,CAN-039121,NMC-REVIEWER-CHIEF,
c88131cf-cf66-5d9f-b83d-b935dc308407,CMM-PIPEF-A7BB01-001,SAIL-300170,SAIL,Welded Pipe 6 in IS 2062 300#,PIPE_FITTING|PIPE|IS_2062|6_IN|200_MM|IS_1239|GALVANIZED|WELDED,DIRECT_ACCEPTED,CAN-039121,NMC-REVIEWER-CHIEF,
dfa0641f-1eab-5345-bac7-528094af200b,CMM-PIPEF-A8BD86-001,CIL-400005,Coal India,"STORES ITEM Reducer, ASTM A106 Gr B, SIZE DN 150",PIPE_FITTING|ASTM_A106_GRB|DN_150|12_M|50_MM|IS_1239|ZINC_PLATED,DIRECT_ACCEPTED,CAN-001023;CAN-001053;CAN-001083;CAN-001114;CAN-001115,NMC-REVIEWER-CHIEF,
fc4536d7-dfbc-52ff-bb3f-55fe4c47ce47,CMM-PIPEF-A8BD86-001,HPCL-120003,HPCL,"STORES ITEM REDUCER, ASTM A106 Gr B, SIZE DN 150",PIPE_FITTING|ASTM_A106_GRB|DN_150|12_M|50_MM|IS_1239|ZINC_PLATED,DIRECT_ACCEPTED,CAN-001022;CAN-001052;CAN-001083;CAN-001084;CAN-001085,NMC-REVIEWER-CHIEF,
178139dc-f2e4-57b8-9af9-bfbb71052132,CMM-PIPEF-A8BD86-001,NMDC-410004,NMDC,IND.REDUCER ASTM A106 Gr B DN 150,PIPE_FITTING|ASTM_A106_GRB|DN_150|12_M|50_MM|IS_1239|ZINC_PLATED,DIRECT_ACCEPTED,CAN-001024;CAN-001054;CAN-001084;CAN-001114;CAN-001145,NMC-REVIEWER-CHIEF,
eddad3bc-79fd-5d52-90b9-4ddc882fe741,CMM-PIPEF-A8BD86-001,NTPC-200005,NTPC,IND.REDUCER ASTM A106 Gr B DN 150,PIPE_FITTING|ASTM_A106_GRB|DN_150|12_M|50_MM|IS_1239|ZINC_PLATED,DIRECT_ACCEPTED,CAN-001025;CAN-001055;CAN-001085;CAN-001115;CAN-001145,NMC-REVIEWER-CHIEF,
f26d2378-4c9e-5d45-9ad4-0b5f550b751f,CMM-PIPEF-A8BD86-001,ONGC-100007,ONGC,"IND.REDUCER, ASTM A106 Gr B, SIZE DN 150",PIPE_FITTING|ASTM_A106_GRB|DN_150|12_M|50_MM|IS_1239|ZINC_PLATED,DIRECT_ACCEPTED,CAN-001021;CAN-001052;CAN-001053;CAN-001054;CAN-001055,NMC-REVIEWER-CHIEF,
42f93295-c1ca-579e-ad3a-ac1d275e12a7,CMM-PIPEF-A8BD86-001,SAIL-300007,SAIL,IND.REDUCER DN 150 ASTM A106 Gr B,PIPE_FITTING|ASTM_A106_GRB|DN_150|12_M|50_MM|IS_1239|ZINC_PLATED,DIRECT_ACCEPTED,CAN-001021;CAN-001022;CAN-001023;CAN-001024;CAN-001025,NMC-REVIEWER-CHIEF,
7cc1c400-c3da-567e-a145-c9c347789ae1,CMM-PIPEF-A96212-001,IOCL-110174,IOCL,REDUCER 150# IS 2062 2 in,PIPE_FITTING|IS_2062|2_IN|6_M|50_MM|IS_1239|GALVANIZED,DIRECT_ACCEPTED,CAN-045241,NMC-REVIEWER-CHIEF,
9aefd900-42ef-578f-a126-54b156dbfc95,CMM-PIPEF-A96212-001,SAIL-300195,SAIL,"SPARE-REDUCER, IS 2062, SIZE 2 in 600#",PIPE_FITTING|IS_2062|2_IN|6_M|50_MM|IS_1239|GALVANIZED,DIRECT_ACCEPTED,CAN-045241,NMC-REVIEWER-CHIEF,
164d607a-b9dd-5313-b4b0-20f4ff1bb060,CMM-PIPEF-A9D653-001,SAIL-300274,SAIL,STORES ITEM BLAST FURNACE TUYERE DN 200 Copper Alloy,PIPE_FITTING|COPPER_ALLOY|DN_200|6_M|100_MM|IS_2062,STANDALONE,,,
121ae20a-166d-5222-8080-271e373d4446,CMM-PIPEF-AAC4DA-001,HPCL-120022,HPCL,"FLANGE, Alloy Steel, SIZE DN 150",PIPE_FITTING|FLANGE|ALLOY_STEEL|DN_150|3_M|100_MM|ASME_B169|EPOXY_COATED,DIRECT_ACCEPTED,CAN-004921;CAN-004922,NMC-REVIEWER-CHIEF,
7370835a-bcfd-5af6-ac47-2b7cbdbfc5d2,CMM-PIPEF-AAC4DA-001,NMDC-410020,NMDC,STORES ITEM Flange DN 150 Alloy Steel,PIPE_FITTING|FLANGE|ALLOY_STEEL|DN_150|3_M|100_MM|ASME_B169|EPOXY_COATED,DIRECT_ACCEPTED,CAN-004921;CAN-004952,NMC-REVIEWER-CHIEF,
38c34a13-7253-53c4-99a0-8ad1f626d794,CMM-PIPEF-AAC4DA-001,SAIL-300025,SAIL,IND.FLANGE Alloy Steel DN 150,PIPE_FITTING|FLANGE|ALLOY_STEEL|DN_150|3_M|100_MM|ASME_B169|EPOXY_COATED,DIRECT_ACCEPTED,CAN-004922;CAN-004952,NMC-REVIEWER-CHIEF,
cf64a1e2-a2a4-55b0-84cd-73f344c40861,CMM-PIPEF-AAEC9B-001,NMDC-410270,NMDC,SPARE-DN 100 CONVEYOR IDLER ROLLER - Carbon Steel,PIPE_FITTING|CARBON_STEEL|CARBON_STEEL|DN_100|3_M|DN_100|IS_8598|GALVANIZED,STANDALONE,,,
3721166d-ca69-5217-b8c4-12f75d1443b8,CMM-PIPEF-AC8950-001,NMDC-410205,NMDC,"CONVEYOR IDLER ROLLER, Carbon Steel, SIZE DN 100",PIPE_FITTING|CARBON_STEEL|CARBON_STEEL|DN_100|DN_100|IS_8598|ZINC_PLATED,STANDALONE,,,
b8cc9857-7b24-5359-b635-cb6adf3f6fd6,CMM-PIPEF-AC9DDD-001,SAIL-300207,SAIL,IND.BLAST FURNACE TUYERE DN 200 Copper Alloy,PIPE_FITTING|COPPER_ALLOY|DN_200|1000_MM|50_MM|IS_2062|ZINC_PLATED,STANDALONE,,,
8e362414-a2cf-5ca2-be8f-81429d54cedd,CMM-PIPEF-AE5889-001,BHEL-500045,BHEL,STORES ITEM Equal Tee IS 2062 6 in,PIPE_FITTING|IS_2062|6_IN|3_M|6_IN|IS_1239|EPOXY_COATED,DIRECT_ACCEPTED,CAN-010441;CAN-010442;CAN-010443;CAN-010444;CAN-010445,NMC-REVIEWER-CHIEF,
e1f38459-5f22-5321-b2d8-4194642dc6f8,CMM-PIPEF-AE5889-001,CIL-400037,Coal India,IND.6 in Equal Tee - IS 2062,PIPE_FITTING|IS_2062|6_IN|3_M|6_IN|IS_1239|EPOXY_COATED,DIRECT_ACCEPTED,CAN-010445;CAN-010475;CAN-010505;CAN-010535;CAN-010565,NMC-REVIEWER-CHIEF,
26723b07-c977-5141-97bc-5c7988c9d342,CMM-PIPEF-AE5889-001,IOCL-110048,IOCL,IND.Equal Tee 6 in IS 2062,PIPE_FITTING|IS_2062|6_IN|3_M|6_IN|IS_1239|EPOXY_COATED,DIRECT_ACCEPTED,CAN-010444;CAN-010474;CAN-010504;CAN-010534;CAN-010565,NMC-REVIEWER-CHIEF,
7ece8acd-28ef-5e8f-bb36-e518aa874bf1,CMM-PIPEF-AE5889-001,NMDC-410046,NMDC,SPARE-EQUAL TEE IS 2062 6 in,PIPE_FITTING|IS_2062|6_IN|3_M|6_IN|IS_1239|EPOXY_COATED,DIRECT_ACCEPTED,CAN-010441;CAN-010472;CAN-010473;CAN-010474;CAN-010475,NMC-REVIEWER-CHIEF,
b630942d-c5e3-577e-8510-efdd9e8cffd9,CMM-PIPEF-AE5889-001,ONGC-100041,ONGC,6 in Equal Tee - IS 2062,PIPE_FITTING|IS_2062|6_IN|3_M|6_IN|IS_1239|EPOXY_COATED,DIRECT_ACCEPTED,CAN-010442;CAN-010472;CAN-010503;CAN-010504;CAN-010505,NMC-REVIEWER-CHIEF,
c0f799b3-cf3c-51d3-ac57-a8ba5b6cc7b0,CMM-PIPEF-AE5889-001,SAIL-300049,SAIL,SPARE-EQUAL TEE 6 in IS 2062,PIPE_FITTING|IS_2062|6_IN|3_M|6_IN|IS_1239|EPOXY_COATED,DIRECT_ACCEPTED,CAN-010443;CAN-010473;CAN-010503;CAN-010534;CAN-010535,NMC-REVIEWER-CHIEF,
8273f298-efaa-5e0e-87bb-07b0a4a2564b,CMM-PIPEF-B037FD-001,CIL-400172,Coal India,Elbow 90 Deg 600# Alloy Steel 2 in,PIPE_FITTING|ELBOW|ALLOY_STEEL|2_IN|25_MM|ASTM_A106,STANDALONE,,,
be43d957-55e0-5b1f-9287-abe695d52fba,CMM-PIPEF-B10CF8-001,NMDC-410262,NMDC,Conveyor Idler Roller Carbon Steel DN 100,PIPE_FITTING|CARBON_STEEL|CARBON_STEEL|DN_100|3_M|100_MM|IS_8598|ZINC_PLATED,STANDALONE,,,
98e17788-03ba-541e-914c-97f3780daaaf,CMM-PIPEF-B58848-001,SAIL-300221,SAIL,IND.Blast Furnace Tuyere DN 200 Copper Alloy,PIPE_FITTING|COPPER_ALLOY|DN_200|1000_MM|DN_200|IS_2062,STANDALONE,,,
23f4f5c7-95b9-5b9d-9ecc-2fca004e5262,CMM-PIPEF-B67BA6-001,SAIL-300251,SAIL,"Blast Furnace Tuyere, Copper Alloy, SIZE DN 200",PIPE_FITTING|COPPER_ALLOY|DN_200|6_M|DN_200|IS_2062,STANDALONE,,,
39b95c84-2cd3-51aa-85d8-2fb49b50d1af,CMM-PIPEF-B78A58-001,CIL-400165,Coal India,IND.Reducer 6 in IS 2062 600#,PIPE_FITTING|IS_2062|6_IN|6_IN|ASME_B169|PTFE_LINED,DIRECT_ACCEPTED,CAN-040681,NMC-REVIEWER-CHIEF,
6c8313ce-1964-5664-a198-2813ca9ccb4f,CMM-PIPEF-B78A58-001,IOCL-110157,IOCL,SPARE-REDUCER 6 in IS 2062 300#,PIPE_FITTING|IS_2062|6_IN|6_IN|ASME_B169|PTFE_LINED,DIRECT_ACCEPTED,CAN-040681,NMC-REVIEWER-CHIEF,
ac571553-e7b9-5773-bad0-519d8ca59af5,CMM-PIPEF-B8E209-001,NMDC-410204,NMDC,SPARE-DN 100 Conveyor Idler Roller - Carbon Steel,PIPE_FITTING|CARBON_STEEL|CARBON_STEEL|DN_100|12_M|100_MM|IS_8598|EPOXY_COATED,STANDALONE,,,
9969997f-0247-520e-b1ae-d6f677e3fa2a,CMM-PIPEF-B95E69-001,HPCL-120132,HPCL,"FLANGE, SS316L, SIZE DN 80 600#",PIPE_FITTING|FLANGE|STAINLESS_STEEL|SS_316L|DN_80|6_M|DN_80|ASME_B165|GALVANIZED,DIRECT_ACCEPTED,CAN-030241,NMC-REVIEWER-CHIEF,
492230ba-f70b-5278-8036-a14f3c44ad94,CMM-PIPEF-B95E69-001,NMDC-410127,NMDC,SPARE-Flange 300# SS316L DN 80,PIPE_FITTING|FLANGE|STAINLESS_STEEL|SS_316L|DN_80|6_M|DN_80|ASME_B165|GALVANIZED,DIRECT_ACCEPTED,CAN-030241,NMC-REVIEWER-CHIEF,
2d17bc9e-c1a7-5c76-a971-8cb1e58a8918,CMM-PIPEF-BA55E3-001,NMDC-410226,NMDC,"SPARE-CONVEYOR IDLER ROLLER, Carbon Steel, SIZE DN 100",PIPE_FITTING|CARBON_STEEL|CARBON_STEEL|DN_100|DN_100|IS_8598|GALVANIZED,STANDALONE,,,
05d43662-5dbe-5b3a-a84a-0718da2a4e4a,CMM-PIPEF-BB0A61-001,SAIL-300229,SAIL,"Blast Furnace Tuyere, Copper Alloy, SIZE DN 200",PIPE_FITTING|COPPER_ALLOY|DN_200|150_MM|IS_2062|GALVANIZED,STANDALONE,,,
e1ab154f-6853-51fe-b823-355311523223,CMM-PIPEF-BB81D7-001,NMDC-410271,NMDC,DN 100 CONVEYOR IDLER ROLLER - Carbon Steel,PIPE_FITTING|CARBON_STEEL|CARBON_STEEL|DN_100|6_M|200_MM|IS_8598|GALVANIZED,STANDALONE,,,
94adefb0-ddce-568c-8c66-bf02f0a657f5,CMM-PIPEF-BBD3DF-001,CIL-400009,Coal India,SPARE-DN 150 FLANGE - IS 2062,PIPE_FITTING|FLANGE|IS_2062|DN_150|12_M|DN_150|ASTM_A106|GALVANIZED,DIRECT_ACCEPTED,CAN-002822;CAN-002852;CAN-002883;CAN-002884;CAN-002885,NMC-REVIEWER-CHIEF,
183249f4-0aac-5dbb-9ee3-8d95e57de942,CMM-PIPEF-BBD3DF-001,HPCL-120010,HPCL,"SPARE-Flange, IS 2062, SIZE DN 150",PIPE_FITTING|FLANGE|IS_2062|DN_150|12_M|DN_150|ASTM_A106|GALVANIZED,DIRECT_ACCEPTED,CAN-002823;CAN-002853;CAN-002883;CAN-002914;CAN-002915,NMC-REVIEWER-CHIEF,
c1366296-0c0c-55df-88f3-8e1c24fb4b5a,CMM-PIPEF-BBD3DF-001,IOCL-110014,IOCL,"STORES ITEM FLANGE, IS 2062, SIZE DN 150",PIPE_FITTING|FLANGE|IS_2062|DN_150|12_M|DN_150|ASTM_A106|GALVANIZED,DIRECT_ACCEPTED,CAN-002821;CAN-002852;CAN-002853;CAN-002854;CAN-002855,NMC-REVIEWER-CHIEF,
31305c52-8212-5d83-b270-07e2c338a660,CMM-PIPEF-BBD3DF-001,NMDC-410012,NMDC,DN 150 Flange - IS 2062,PIPE_FITTING|FLANGE|IS_2062|DN_150|12_M|DN_150|ASTM_A106|GALVANIZED,DIRECT_ACCEPTED,CAN-002825;CAN-002855;CAN-002885;CAN-002915;CAN-002945,NMC-REVIEWER-CHIEF,
da6abd87-a28f-5bc0-96ea-8a23d62865e2,CMM-PIPEF-BBD3DF-001,ONGC-100014,ONGC,FLANGE IS 2062 DN 150,PIPE_FITTING|FLANGE|IS_2062|DN_150|12_M|DN_150|ASTM_A106|GALVANIZED,DIRECT_ACCEPTED,CAN-002821;CAN-002822;CAN-002823;CAN-002824;CAN-002825,NMC-REVIEWER-CHIEF,
559d4110-2033-57bf-85cb-040e79749129,CMM-PIPEF-BBD3DF-001,SAIL-300017,SAIL,DN 150 FLANGE - IS 2062,PIPE_FITTING|FLANGE|IS_2062|DN_150|12_M|DN_150|ASTM_A106|GALVANIZED,DIRECT_ACCEPTED,CAN-002824;CAN-002854;CAN-002884;CAN-002914;CAN-002945,NMC-REVIEWER-CHIEF,
36253c93-b521-544e-8ec3-3850c8702c5d,CMM-PIPEF-BC9186-001,IOCL-110179,IOCL,EQUAL TEE 300# Carbon Steel DN 150,PIPE_FITTING|CARBON_STEEL|CARBON_STEEL|DN_150|3_M|150_MM|ASME_B165,STANDALONE,,,
3acfc391-27a7-57d0-a268-8d56d55b0d43,CMM-PIPEF-BDCB94-001,SAIL-300250,SAIL,"Blast Furnace Tuyere, Copper Alloy, SIZE DN 200",PIPE_FITTING|COPPER_ALLOY|DN_200|3_M|DN_200|IS_2062,STANDALONE,,,
33fc6577-8314-533c-b80e-8a4954568fa9,CMM-PIPEF-BED3C9-001,NMDC-410120,NMDC,"IND.EQUAL TEE, Carbon Steel, SIZE DN 100 300#",PIPE_FITTING|CARBON_STEEL|CARBON_STEEL|DN_100|12_M|150_MM|ASME_B165|EPOXY_COATED,STANDALONE,,,
af665d04-02a9-563a-85f1-801f961bb81f,CMM-PIPEF-BF141A-001,ONGC-100203,ONGC,SPARE-DN 100 ELBOW 90 DEG - IS 2062 150#,PIPE_FITTING|ELBOW|IS_2062|DN_100|12_M|100_MM|ASME_B169|EPOXY_COATED,DIRECT_ACCEPTED,CAN-044461,NMC-REVIEWER-CHIEF,
75db3fa7-36eb-525d-8914-4219b73cfe42,CMM-PIPEF-BF141A-001,SAIL-300192,SAIL,STORES ITEM ELBOW 90 DEG DN 100 IS 2062 600#,PIPE_FITTING|ELBOW|IS_2062|DN_100|12_M|100_MM|ASME_B169|EPOXY_COATED,DIRECT_ACCEPTED,CAN-044461,NMC-REVIEWER-CHIEF,
4bf8ebf2-7b69-5f55-89b0-4d87b219a44a,CMM-PIPEF-C0AB5E-001,IOCL-110146,IOCL,"ELBOW 90 DEG, IS 2062, SIZE DN 80 300#",PIPE_FITTING|ELBOW|IS_2062|DN_80|1000_MM|25_MM|API_5L|PTFE_LINED,DIRECT_ACCEPTED,CAN-037561,NMC-REVIEWER-CHIEF,
b12edcd0-298d-50c8-b9e9-10d167d99495,CMM-PIPEF-C0AB5E-001,NMDC-410162,NMDC,SPARE-DN 80 ELBOW 90 DEG - IS 2062 600#,PIPE_FITTING|ELBOW|IS_2062|DN_80|1000_MM|25_MM|API_5L|PTFE_LINED,DIRECT_ACCEPTED,CAN-037561,NMC-REVIEWER-CHIEF,
b5a7b0de-c625-55eb-b5c4-48226a793f37,CMM-PIPEF-C0D9F6-001,NMDC-410242,NMDC,SPARE-Conveyor Idler Roller DN 100 Carbon Steel,PIPE_FITTING|CARBON_STEEL|CARBON_STEEL|DN_100|3_M|200_MM|IS_8598,STANDALONE,,,
5cbb501e-bc0a-524f-863c-1a1a279c10eb,CMM-PIPEF-C2B826-001,SAIL-300239,SAIL,DN 200 Blast Furnace Tuyere - Copper Alloy,PIPE_FITTING|COPPER_ALLOY|DN_200|12_M|DN_200|IS_2062,STANDALONE,,,
67e71ee4-982e-5e64-aa48-15bf3ec2efbe,CMM-PIPEF-C49BFE-001,HPCL-120156,HPCL,STORES ITEM 6 in Seamless Pipe - Alloy Steel 600#,PIPE_FITTING|PIPE|ALLOY_STEEL|6_IN|6_IN|ASME_B169|EPOXY_COATED|SEAMLESS,STANDALONE,,,
d314e713-742a-57b9-b46d-3baa2c42da06,CMM-PIPEF-C59503-001,SAIL-300233,SAIL,IND.DN 200 Blast Furnace Tuyere - Copper Alloy,PIPE_FITTING|COPPER_ALLOY|DN_200|12_M|DN_200|IS_2062|PTFE_LINED,STANDALONE,,,
77748035-2dd2-57cb-abb3-2c7e4a3bd1bd,CMM-PIPEF-C9F1AA-001,BHEL-500005,BHEL,DN 100 REDUCER - ASTM A106 Gr B,PIPE_FITTING|ASTM_A106_GRB|DN_100|12_M|DN_100|API_5L|EPOXY_COATED,DIRECT_ACCEPTED,CAN-001201;CAN-001232;CAN-001233;CAN-001234,NMC-REVIEWER-CHIEF,
77ff977e-fbf9-5cf7-8794-1a137b3b8b4a,CMM-PIPEF-C9F1AA-001,HPCL-120004,HPCL,SPARE-REDUCER ASTM A106 Gr B DN 100,PIPE_FITTING|ASTM_A106_GRB|DN_100|12_M|DN_100|API_5L|EPOXY_COATED,DIRECT_ACCEPTED,CAN-001201;CAN-001202;CAN-001203;CAN-001204,NMC-REVIEWER-CHIEF,
0bc82d90-107a-574c-ba96-45a701b4d76e,CMM-PIPEF-C9F1AA-001,IOCL-110006,IOCL,IND.REDUCER DN 100 ASTM A106 Gr B,PIPE_FITTING|ASTM_A106_GRB|DN_100|12_M|DN_100|API_5L|EPOXY_COATED,DIRECT_ACCEPTED,CAN-001203;CAN-001233;CAN-001263;CAN-001294,NMC-REVIEWER-CHIEF,
b7b8d54c-9030-562f-9404-acbf36df7b3d,CMM-PIPEF-C9F1AA-001,ONGC-100008,ONGC,IND.DN 100 REDUCER - ASTM A106 Gr B,PIPE_FITTING|ASTM_A106_GRB|DN_100|12_M|DN_100|API_5L|EPOXY_COATED,DIRECT_ACCEPTED,CAN-001202;CAN-001232;CAN-001263;CAN-001264,NMC-REVIEWER-CHIEF,
386c9bf3-73aa-5890-a1bd-a9db9d5a2a77,CMM-PIPEF-C9F1AA-001,SAIL-300008,SAIL,"STORES ITEM Reducer, ASTM A106 Gr B, SIZE DN 100",PIPE_FITTING|ASTM_A106_GRB|DN_100|12_M|DN_100|API_5L|EPOXY_COATED,DIRECT_ACCEPTED,CAN-001204;CAN-001234;CAN-001264;CAN-001294,NMC-REVIEWER-CHIEF,
199d6df9-f2fc-52d5-bf91-6febd7eed38d,CMM-PIPEF-CA4F29-001,IOCL-110065,IOCL,SPARE-WELDED PIPE DN 100 IS 2062,PIPE_FITTING|PIPE|IS_2062|DN_100|25_MM|API_5L|EPOXY_COATED|WELDED,DIRECT_ACCEPTED,CAN-016081;CAN-016082,NMC-REVIEWER-CHIEF,
19c7ae4a-5ebe-59d5-9d4b-b3e3509b42d8,CMM-PIPEF-CA4F29-001,NMDC-410071,NMDC,DN 100 WELDED PIPE - IS 2062,PIPE_FITTING|PIPE|IS_2062|DN_100|25_MM|API_5L|EPOXY_COATED|WELDED,DIRECT_ACCEPTED,CAN-016082;CAN-016112,NMC-REVIEWER-CHIEF,
488f4628-f253-50e1-afd1-daa9d2b840f7,CMM-PIPEF-CA4F29-001,SAIL-300075,SAIL,"Welded Pipe, IS 2062, SIZE DN 100",PIPE_FITTING|PIPE|IS_2062|DN_100|25_MM|API_5L|EPOXY_COATED|WELDED,DIRECT_ACCEPTED,CAN-016081;CAN-016112,NMC-REVIEWER-CHIEF,
4bdac286-af03-5f3b-81ae-f224e2c664c8,CMM-PIPEF-CBA628-001,NMDC-410212,NMDC,SPARE-CONVEYOR IDLER ROLLER DN 100 Carbon Steel,PIPE_FITTING|CARBON_STEEL|CARBON_STEEL|DN_100|12_M|DN_100|IS_8598|PTFE_LINED,STANDALONE,,,
58946dc8-2a49-56bf-aca3-79647c2a06a6,CMM-PIPEF-CD4628-001,NMDC-410256,NMDC,SPARE-Conveyor Idler Roller DN 100 Carbon Steel,PIPE_FITTING|CARBON_STEEL|CARBON_STEEL|DN_100|1000_MM|DN_100|IS_8598,STANDALONE,,,
957920e7-6bf6-52c3-8795-d4b0cd98894f,CMM-PIPEF-D21766-001,NMDC-410247,NMDC,SPARE-CONVEYOR IDLER ROLLER Carbon Steel DN 100,PIPE_FITTING|CARBON_STEEL|CARBON_STEEL|DN_100|6_M|DN_100|IS_8598|ZINC_PLATED,STANDALONE,,,
1ef5fbf8-b2b2-5073-8ec9-77986974bb5a,CMM-PIPEF-D3CC49-001,CIL-400175,Coal India,SPARE-PIPE SMLS DN 80 Alloy Steel 300#,PIPE_FITTING|PIPE|ALLOY_STEEL|DN_80|1000_MM|DN_80|IS_1239|ZINC_PLATED,STANDALONE,,,
bc48d155-2ad1-546f-894d-a0cc9835dded,CMM-PIPEF-D565F3-001,CIL-400101,Coal India,STORES ITEM Equal Tee ASTM A106 Gr B DN 50,PIPE_FITTING|ASTM_A106_GRB|DN_50|6_M|200_MM|API_5L|GALVANIZED,DIRECT_ACCEPTED,CAN-025411;CAN-025412;CAN-025413,NMC-REVIEWER-CHIEF,
8b76ff59-e954-5a31-807c-3c8afce3ef7b,CMM-PIPEF-D565F3-001,IOCL-110100,IOCL,"STORES ITEM Equal Tee, ASTM A106 Gr B, SIZE DN 50",PIPE_FITTING|ASTM_A106_GRB|DN_50|6_M|200_MM|API_5L|GALVANIZED,DIRECT_ACCEPTED,CAN-025412;CAN-025442;CAN-025473,NMC-REVIEWER-CHIEF,
d0825f30-d14c-555f-80d7-ef2dfd226cdb,CMM-PIPEF-D565F3-001,NMDC-410106,NMDC,"STORES ITEM EQUAL TEE, ASTM A106 Gr B, SIZE DN 50",PIPE_FITTING|ASTM_A106_GRB|DN_50|6_M|200_MM|API_5L|GALVANIZED,DIRECT_ACCEPTED,CAN-025411;CAN-025442;CAN-025443,NMC-REVIEWER-CHIEF,
77d15880-7ee3-5eae-85db-6cd5406dbffd,CMM-PIPEF-D565F3-001,ONGC-100108,ONGC,STORES ITEM Equal Tee DN 50 ASTM A106 Gr B,PIPE_FITTING|ASTM_A106_GRB|DN_50|6_M|200_MM|API_5L|GALVANIZED,DIRECT_ACCEPTED,CAN-025413;CAN-025443;CAN-025473,NMC-REVIEWER-CHIEF,
485e402a-089e-5cf4-a0c0-b841cc8f035b,CMM-PIPEF-D67C66-001,CIL-400085,Coal India,REDUCER IS 2062 DN 80,PIPE_FITTING|IS_2062|DN_80|6_M|100_MM|ASTM_A106|PTFE_LINED,DIRECT_ACCEPTED,CAN-022353;CAN-022383;CAN-022413;CAN-022444;CAN-022445,NMC-REVIEWER-CHIEF,
b9474175-ad40-5cda-8722-5dcdc28e0176,CMM-PIPEF-D67C66-001,HPCL-120097,HPCL,"REDUCER, IS 2062, SIZE DN 80",PIPE_FITTING|IS_2062|DN_80|6_M|100_MM|ASTM_A106|PTFE_LINED,DIRECT_ACCEPTED,CAN-022354;CAN-022384;CAN-022414;CAN-022444;CAN-022475,NMC-REVIEWER-CHIEF,
84a66caf-7d5c-5326-b012-ab826abab753,CMM-PIPEF-D67C66-001,IOCL-110092,IOCL,Reducer DN 80 IS 2062,PIPE_FITTING|IS_2062|DN_80|6_M|100_MM|ASTM_A106|PTFE_LINED,DIRECT_ACCEPTED,CAN-022352;CAN-022382;CAN-022413;CAN-022414;CAN-022415,NMC-REVIEWER-CHIEF,
390d487b-63fb-5d23-94b3-bd159c987705,CMM-PIPEF-D67C66-001,NTPC-200090,NTPC,Reducer IS 2062 DN 80,PIPE_FITTING|IS_2062|DN_80|6_M|100_MM|ASTM_A106|PTFE_LINED,DIRECT_ACCEPTED,CAN-022351;CAN-022352;CAN-022353;CAN-022354;CAN-022355,NMC-REVIEWER-CHIEF,
3baf47d3-434e-5428-8d37-99cc359e70ad,CMM-PIPEF-D67C66-001,ONGC-100095,ONGC,"STORES ITEM REDUCER, IS 2062, SIZE DN 80",PIPE_FITTING|IS_2062|DN_80|6_M|100_MM|ASTM_A106|PTFE_LINED,DIRECT_ACCEPTED,CAN-022351;CAN-022382;CAN-022383;CAN-022384;CAN-022385,NMC-REVIEWER-CHIEF,
99d262f5-4d11-5b64-8dee-bec6995353c3,CMM-PIPEF-D67C66-001,SAIL-300101,SAIL,"IND.REDUCER, IS 2062, SIZE DN 80",PIPE_FITTING|IS_2062|DN_80|6_M|100_MM|ASTM_A106|PTFE_LINED,DIRECT_ACCEPTED,CAN-022355;CAN-022385;CAN-022415;CAN-022445;CAN-022475,NMC-REVIEWER-CHIEF,
218b6b72-3b2e-5840-99eb-7b38195c1c85,CMM-PIPEF-D724AE-001,CIL-400142,Coal India,SPARE-DN 80 Reducer - ASTM A106 Gr B 600#,PIPE_FITTING|ASTM_A106_GRB|DN_80|1000_MM|25_MM|ASTM_A106|ZINC_PLATED,DIRECT_ACCEPTED,CAN-035581,NMC-REVIEWER-CHIEF,
158fc007-5b30-5ddc-8701-94d6c56965c1,CMM-PIPEF-D724AE-001,NTPC-200146,NTPC,STORES ITEM REDUCER 300# ASTM A106 Gr B DN 80,PIPE_FITTING|ASTM_A106_GRB|DN_80|1000_MM|25_MM|ASTM_A106|ZINC_PLATED,DIRECT_ACCEPTED,CAN-035581,NMC-REVIEWER-CHIEF,
a1ad2263-836b-5c75-be59-ebdf66702e7b,CMM-PIPEF-DFE33C-001,SAIL-300242,SAIL,DN 200 Blast Furnace Tuyere - Copper Alloy,PIPE_FITTING|COPPER_ALLOY|DN_200|3_M|DN_200|IS_2062,STANDALONE,,,
995bde8a-416c-5dd0-8f3d-8fe36d74ee7c,CMM-PIPEF-E0FB6D-001,BHEL-500013,BHEL,SPARE-Reducer Carbon Steel 2 in,PIPE_FITTING|CARBON_STEEL|CARBON_STEEL|2_IN|200_MM|IS_1239|ZINC_PLATED,DIRECT_ACCEPTED,CAN-003003;CAN-003033;CAN-003063;CAN-003094,NMC-REVIEWER-CHIEF,
ce3d0046-6003-5691-84cc-c2c3106f6374,CMM-PIPEF-E0FB6D-001,HPCL-120011,HPCL,SPARE-2 in REDUCER - Carbon Steel,PIPE_FITTING|CARBON_STEEL|CARBON_STEEL|2_IN|200_MM|IS_1239|ZINC_PLATED,DIRECT_ACCEPTED,CAN-003001;CAN-003032;CAN-003033;CAN-003034,NMC-REVIEWER-CHIEF,
3fdfbd7c-0bd8-5452-8f4b-5c3565ebcf63,CMM-PIPEF-E0FB6D-001,NMDC-410013,NMDC,2 in Reducer - Carbon Steel,PIPE_FITTING|CARBON_STEEL|CARBON_STEEL|2_IN|200_MM|IS_1239|ZINC_PLATED,DIRECT_ACCEPTED,CAN-003002;CAN-003032;CAN-003063;CAN-003064,NMC-REVIEWER-CHIEF,
171fe893-c339-5118-8b96-245ae573ae91,CMM-PIPEF-E0FB6D-001,NTPC-200013,NTPC,IND.Reducer Carbon Steel 2 in,PIPE_FITTING|CARBON_STEEL|CARBON_STEEL|2_IN|200_MM|IS_1239|ZINC_PLATED,DIRECT_ACCEPTED,CAN-003004;CAN-003034;CAN-003064;CAN-003094,NMC-REVIEWER-CHIEF,
5b1b694b-d196-59df-a89e-e57ae38f1fe8,CMM-PIPEF-E0FB6D-001,ONGC-100015,ONGC,IND.Reducer 2 in Carbon Steel,PIPE_FITTING|CARBON_STEEL|CARBON_STEEL|2_IN|200_MM|IS_1239|ZINC_PLATED,DIRECT_ACCEPTED,CAN-003001;CAN-003002;CAN-003003;CAN-003004,NMC-REVIEWER-CHIEF,
a597868f-4479-5a4d-9027-629045b1dd17,CMM-PIPEF-E34F2C-001,SAIL-300227,SAIL,STORES ITEM BLAST FURNACE TUYERE Copper Alloy DN 200,PIPE_FITTING|COPPER_ALLOY|DN_200|6_M|DN_200|IS_2062,STANDALONE,,,
03e26c4b-0c89-55c7-880b-83bd8cdd3844,CMM-PIPEF-E48498-001,NTPC-200184,NTPC,"ELBOW 90 DEG, Carbon Steel, SIZE DN 150 600#",PIPE_FITTING|ELBOW|CARBON_STEEL|CARBON_STEEL|DN_150|3_M|DN_150|ASME_B169,STANDALONE,,,
839dca54-7092-57ff-9f92-7e3bff88c754,CMM-PIPEF-E61CD1-001,SAIL-300273,SAIL,IND.DN 200 BLAST FURNACE TUYERE - Copper Alloy,PIPE_FITTING|COPPER_ALLOY|DN_200|1000_MM|100_MM|IS_2062|PTFE_LINED,STANDALONE,,,
7ed3968e-36a4-5217-ab2d-c2e6449a54cc,CMM-PIPEF-EB17F7-001,BHEL-500056,BHEL,2 in Reducer - Alloy Steel,PIPE_FITTING|ALLOY_STEEL|2_IN|1000_MM|2_IN|ASME_B165,DIRECT_ACCEPTED,CAN-013502;CAN-013532;CAN-013563;CAN-013564,NMC-REVIEWER-CHIEF,
750e859a-02f9-59ad-8a0f-48f425535e33,CMM-PIPEF-EB17F7-001,HPCL-120058,HPCL,STORES ITEM REDUCER 2 in Alloy Steel,PIPE_FITTING|ALLOY_STEEL|2_IN|1000_MM|2_IN|ASME_B165,DIRECT_ACCEPTED,CAN-013501;CAN-013532;CAN-013533;CAN-013534,NMC-REVIEWER-CHIEF,
aea65241-fd13-5642-b66a-090ff98cfb35,CMM-PIPEF-EB17F7-001,NTPC-200052,NTPC,"REDUCER, Alloy Steel, SIZE 2 in",PIPE_FITTING|ALLOY_STEEL|2_IN|1000_MM|2_IN|ASME_B165,DIRECT_ACCEPTED,CAN-013503;CAN-013533;CAN-013563;CAN-013594,NMC-REVIEWER-CHIEF,
b0cdd31e-ed47-5ba2-a3ef-3329c68aa17d,CMM-PIPEF-EB17F7-001,ONGC-100056,ONGC,Reducer 2 in Alloy Steel,PIPE_FITTING|ALLOY_STEEL|2_IN|1000_MM|2_IN|ASME_B165,DIRECT_ACCEPTED,CAN-013501;CAN-013502;CAN-013503;CAN-013504,NMC-REVIEWER-CHIEF,
54614d3c-4e0c-574d-baeb-e3e264b05f56,CMM-PIPEF-EB17F7-001,SAIL-300066,SAIL,IND.Reducer 2 in Alloy Steel,PIPE_FITTING|ALLOY_STEEL|2_IN|1000_MM|2_IN|ASME_B165,DIRECT_ACCEPTED,CAN-013504;CAN-013534;CAN-013564;CAN-013594,NMC-REVIEWER-CHIEF,
ea3076da-021e-51dd-80b3-9aa3a3c5ba35,CMM-PIPEF-ED1BE7-001,BHEL-500070,BHEL,STORES ITEM EQUAL TEE DN 100 Carbon Steel,PIPE_FITTING|CARBON_STEEL|CARBON_STEEL|DN_100|3_M|DN_100|API_5L|PTFE_LINED,DIRECT_ACCEPTED,CAN-016173;CAN-016203;CAN-016233,NMC-REVIEWER-CHIEF,
89008947-7885-5b01-902c-112547cdd1a6,CMM-PIPEF-ED1BE7-001,CIL-400063,Coal India,IND.DN 100 Equal Tee - Carbon Steel,PIPE_FITTING|CARBON_STEEL|CARBON_STEEL|DN_100|3_M|DN_100|API_5L|PTFE_LINED,DIRECT_ACCEPTED,CAN-016172;CAN-016202;CAN-016233,NMC-REVIEWER-CHIEF,
f06e226c-e902-5600-b88f-295de44018f8,CMM-PIPEF-ED1BE7-001,NMDC-410072,NMDC,STORES ITEM EQUAL TEE DN 100 Carbon Steel,PIPE_FITTING|CARBON_STEEL|CARBON_STEEL|DN_100|3_M|DN_100|API_5L|PTFE_LINED,DIRECT_ACCEPTED,CAN-016171;CAN-016172;CAN-016173,NMC-REVIEWER-CHIEF,
e2042f4c-1469-55a9-867a-b3642af00d4e,CMM-PIPEF-ED1BE7-001,NTPC-200062,NTPC,STORES ITEM DN 100 Equal Tee - Carbon Steel,PIPE_FITTING|CARBON_STEEL|CARBON_STEEL|DN_100|3_M|DN_100|API_5L|PTFE_LINED,DIRECT_ACCEPTED,CAN-016171;CAN-016202;CAN-016203,NMC-REVIEWER-CHIEF,
c427d7e4-d085-52b9-8bee-1f13d3908454,CMM-PIPEF-EE1D45-001,BHEL-500165,BHEL,STORES ITEM FLANGE DN 80 IS 2062 150#,PIPE_FITTING|FLANGE|IS_2062|DN_80|150_MM|ASME_B169|PTFE_LINED,DIRECT_ACCEPTED,CAN-039001,NMC-REVIEWER-CHIEF,
59c3cf76-b179-5581-a93c-085c2bb0a6df,CMM-PIPEF-EE1D45-001,ONGC-100170,ONGC,Flange 300# IS 2062 DN 80,PIPE_FITTING|FLANGE|IS_2062|DN_80|150_MM|ASME_B169|PTFE_LINED,DIRECT_ACCEPTED,CAN-039001,NMC-REVIEWER-CHIEF,
e08579a3-aa12-51d0-ae12-d62c9ee211c3,CMM-PIPEF-F2A7E6-001,NMDC-410269,NMDC,Conveyor Idler Roller Carbon Steel DN 100,PIPE_FITTING|CARBON_STEEL|CARBON_STEEL|DN_100|1000_MM|80_MM|IS_8598|ZINC_PLATED,STANDALONE,,,
9a408163-561f-5f52-8820-47805550f801,CMM-PIPEF-F76C77-001,CIL-400024,Coal India,STORES ITEM 6 in Elbow 90 Deg - ASTM A106 Gr B,PIPE_FITTING|ELBOW|ASTM_A106_GRB|6_IN|6_M|25_MM|ASME_B165|GALVANIZED,DIRECT_ACCEPTED,CAN-007205;CAN-007235;CAN-007265;CAN-007295;CAN-007325,NMC-REVIEWER-CHIEF,
bf79b630-c3c3-5002-9a8a-481981ff5780,CMM-PIPEF-F76C77-001,HPCL-120035,HPCL,IND.6 in ELBOW 90 DEG - ASTM A106 Gr B,PIPE_FITTING|ELBOW|ASTM_A106_GRB|6_IN|6_M|25_MM|ASME_B165|GALVANIZED,DIRECT_ACCEPTED,CAN-007201;CAN-007202;CAN-007203;CAN-007204;CAN-007205,NMC-REVIEWER-CHIEF,
fe3146fd-12fb-5e9a-b7e3-8a38fedc3e25,CMM-PIPEF-F76C77-001,IOCL-110033,IOCL,SPARE-6 in ELBOW 90 DEG - ASTM A106 Gr B,PIPE_FITTING|ELBOW|ASTM_A106_GRB|6_IN|6_M|25_MM|ASME_B165|GALVANIZED,DIRECT_ACCEPTED,CAN-007204;CAN-007234;CAN-007264;CAN-007294;CAN-007325,NMC-REVIEWER-CHIEF,
73b0f208-2216-500a-b340-238dcd81e418,CMM-PIPEF-F76C77-001,NMDC-410031,NMDC,"SPARE-Elbow 90 Deg, ASTM A106 Gr B, SIZE 6 in",PIPE_FITTING|ELBOW|ASTM_A106_GRB|6_IN|6_M|25_MM|ASME_B165|GALVANIZED,DIRECT_ACCEPTED,CAN-007202;CAN-007232;CAN-007263;CAN-007264;CAN-007265,NMC-REVIEWER-CHIEF,
4510e179-6513-535a-a355-3132706c365a,CMM-PIPEF-F76C77-001,ONGC-100029,ONGC,"Elbow 90 Deg, ASTM A106 Gr B, SIZE 6 in",PIPE_FITTING|ELBOW|ASTM_A106_GRB|6_IN|6_M|25_MM|ASME_B165|GALVANIZED,DIRECT_ACCEPTED,CAN-007201;CAN-007232;CAN-007233;CAN-007234;CAN-007235,NMC-REVIEWER-CHIEF,
03657d11-abf0-5db2-ba92-2b3da265bf91,CMM-PIPEF-F76C77-001,SAIL-300035,SAIL,Elbow 90 Deg 6 in ASTM A106 Gr B,PIPE_FITTING|ELBOW|ASTM_A106_GRB|6_IN|6_M|25_MM|ASME_B165|GALVANIZED,DIRECT_ACCEPTED,CAN-007203;CAN-007233;CAN-007263;CAN-007294;CAN-007295,NMC-REVIEWER-CHIEF,
4f175376-649a-5087-a7b0-98a7ec73f687,CMM-PIPEF-F7D030-001,IOCL-110165,IOCL,ELBOW 90 DEG 2 in Alloy Steel 600#,PIPE_FITTING|ELBOW|ALLOY_STEEL|2_IN|12_M|25_MM|API_5L|EPOXY_COATED,STANDALONE,,,
8fc01faa-2ab3-5ab9-baac-751cfd8eca0d,CMM-PIPEF-F80E7A-001,SAIL-300261,SAIL,"SPARE-Blast Furnace Tuyere, Copper Alloy, SIZE DN 200",PIPE_FITTING|COPPER_ALLOY|DN_200|6_M|80_MM|IS_2062|ZINC_PLATED,STANDALONE,,,
bab8d860-c03c-5e98-b213-7a7d85bc3d67,CMM-PIPEF-FAA474-001,SAIL-300246,SAIL,Blast Furnace Tuyere Copper Alloy DN 200,PIPE_FITTING|COPPER_ALLOY|DN_200|6_M|DN_200|IS_2062|EPOXY_COATED,STANDALONE,,,
592c53b1-3a08-5767-9ffe-0c804c3a4b43,CMM-PIPEF-FACAE4-001,NMDC-410238,NMDC,DN 100 CONVEYOR IDLER ROLLER - Carbon Steel,PIPE_FITTING|CARBON_STEEL|CARBON_STEEL|DN_100|12_M|DN_100|IS_8598|ZINC_PLATED,STANDALONE,,,
ee48b077-9782-5a5e-a3d1-e2f3f01366b0,CMM-PIPEF-FEC860-001,BHEL-500176,BHEL,"IND.REDUCER, IS 2062, SIZE 2 in 600#",PIPE_FITTING|IS_2062|2_IN|2_IN|API_5L,DIRECT_ACCEPTED,CAN-042181,NMC-REVIEWER-CHIEF,
33d36905-f114-5a9e-b845-16cb276d015c,CMM-PIPEF-FEC860-001,NMDC-410179,NMDC,Reducer 300# IS 2062 2 in,PIPE_FITTING|IS_2062|2_IN|2_IN|API_5L,DIRECT_ACCEPTED,CAN-042181,NMC-REVIEWER-CHIEF,
54776f64-1295-5c7a-8f36-ee90edea1e9b,CMM-PUMP-012B36-001,ONGC-100213,ONGC,"Mud Pump Liner, Alloy Steel, SIZE 6 in",PUMP|ALLOY_STEEL|6_IN|API_7K,STANDALONE,,,
a79ff778-efac-56fc-84b3-1626bf49c9f0,CMM-PUMP-01669B-001,CIL-400242,Coal India,DN 150 Mine Dewatering Pump - Cast Iron,PUMP|CAST_IRON|DN_150|IS_5120|EPOXY_COATED|CAST,STANDALONE,,,
81486ab5-c5dd-5235-8916-d8440a63c2ec,CMM-PUMP-01C96F-001,SAIL-300199,SAIL,"SPARE-Reciprocating Pump, Carbon Steel, SIZE 2 in x 1.5 in 300#",PUMP|CARBON_STEEL|CARBON_STEEL|2_IN_X_15_IN|2_IN_X_15_IN|ISO_2858,STANDALONE,,,
19f939aa-c390-5952-8053-b4f3c119c440,CMM-PUMP-04A30D-001,CIL-400152,Coal India,SPARE-Vertical Turbine Pump 150# Cast Iron 3 in x 2 in,PUMP|CAST_IRON|3_IN_X_2_IN|ISO_2858|CAST|VERTICAL,DIRECT_ACCEPTED,CAN-037741,NMC-REVIEWER-CHIEF,
8ac37865-1f50-55e4-a81c-732b3cee5000,CMM-PUMP-04A30D-001,ONGC-100166,ONGC,VERTICAL TURBINE PUMP 600# Cast Iron 3 in x 2 in,PUMP|CAST_IRON|3_IN_X_2_IN|ISO_2858|CAST|VERTICAL,DIRECT_ACCEPTED,CAN-037741,NMC-REVIEWER-CHIEF,
27e5540c-ac75-5bba-b619-38b67410a08f,CMM-PUMP-04B5DC-001,HPCL-120272,HPCL,IND.LPG Bottling Pump Carbon Steel DN 80,PUMP|CARBON_STEEL|CARBON_STEEL|DN_80|DN_80|API_675,STANDALONE,,,
0c90015b-2f89-58a2-9147-1b92c333ded5,CMM-PUMP-0645FB-001,CIL-400232,Coal India,SPARE-DN 150 Mine Dewatering Pump - Cast Iron,PUMP|CAST_IRON|DN_150|IS_5120|PTFE_LINED|CAST,STANDALONE,,,
83fa3da2-13ab-5f1c-a832-7f2a75442f97,CMM-PUMP-06B966-001,HPCL-120253,HPCL,LPG Bottling Pump Carbon Steel DN 80,PUMP|CARBON_STEEL|CARBON_STEEL|DN_80|API_675,STANDALONE,,,
14d39040-689a-5fb3-b37a-a5cb19f54666,CMM-PUMP-0804F8-001,CIL-400206,Coal India,Mine Dewatering Pump DN 150 Cast Iron,PUMP|CAST_IRON|DN_150|IS_5120|CAST,STANDALONE,,,
85debb0f-e40e-5d9a-ac45-3f738aef54a3,CMM-PUMP-08A544-001,NTPC-200128,NTPC,STORES ITEM DN 80 Gear Pump - Carbon Steel 150#,PUMP|CARBON_STEEL|CARBON_STEEL|DN_80|DN_80|API_610,STANDALONE,,,
694801b1-865f-5f23-a247-365c52d3b3cc,CMM-PUMP-0920CA-001,CIL-400222,Coal India,"IND.MINE DEWATERING PUMP, Cast Iron, SIZE DN 150",PUMP|CAST_IRON|DN_150|IS_5120|CAST,STANDALONE,,,
9ad14680-c433-59f7-aae8-919238294dd5,CMM-PUMP-0AAE0E-001,ONGC-100255,ONGC,MUD PUMP LINER 6 in Alloy Steel,PUMP|ALLOY_STEEL|6_IN|API_7K,STANDALONE,,,
515ec529-1133-5b03-970d-11076700d530,CMM-PUMP-0F45F6-001,CIL-400010,Coal India,"SPARE-Submersible Pump, SS316, SIZE DN 100",PUMP|STAINLESS_STEEL|SS_316|DN_100|DN_100|API_610,DIRECT_ACCEPTED,CAN-003153;CAN-003183;CAN-003213;CAN-003244,NMC-REVIEWER-CHIEF,
e11ec8fd-61ec-5cb9-a6f2-024ba5a10229,CMM-PUMP-0F45F6-001,HPCL-120012,HPCL,STORES ITEM Submersible Pump DN 100 SS316,PUMP|STAINLESS_STEEL|SS_316|DN_100|DN_100|API_610,DIRECT_ACCEPTED,CAN-003152;CAN-003182;CAN-003213;CAN-003214,NMC-REVIEWER-CHIEF,
9d844226-f9cc-51a0-a21a-928f80fab842,CMM-PUMP-0F45F6-001,IOCL-110015,IOCL,STORES ITEM Submersible Pump DN 100 SS316,PUMP|STAINLESS_STEEL|SS_316|DN_100|DN_100|API_610,DIRECT_ACCEPTED,CAN-003151;CAN-003152;CAN-003153;CAN-003154,NMC-REVIEWER-CHIEF,
5cf2a8bd-fc40-53a8-bd35-9b05a31f2699,CMM-PUMP-0F45F6-001,ONGC-100138,ONGC,DN 100 RECIPROCATING PUMP - SS316 300#,PUMP|STAINLESS_STEEL|SS_316|DN_100|DN_100|API_610,DIRECT_ACCEPTED,CAN-003154;CAN-003184;CAN-003214;CAN-003244,NMC-REVIEWER-CHIEF,
0da0d04d-a065-5659-8433-b03bd4d0059d,CMM-PUMP-0F45F6-001,SAIL-300018,SAIL,SUBMERSIBLE PUMP SS316 DN 100,PUMP|STAINLESS_STEEL|SS_316|DN_100|DN_100|API_610,DIRECT_ACCEPTED,CAN-003151;CAN-003182;CAN-003183;CAN-003184,NMC-REVIEWER-CHIEF,
8aa57dd8-74ab-5139-af19-d538e8eb2ba9,CMM-PUMP-10BBEC-001,HPCL-120190,HPCL,Reciprocating Pump 600# Alloy Steel 2 in x 1.5 in,PUMP|ALLOY_STEEL|2_IN_X_15_IN|2_IN_X_15_IN|ISO_2858,STANDALONE,,,
899031e6-186a-50b5-88b4-bf08275cbb09,CMM-PUMP-12FC7D-001,ONGC-100148,ONGC,STORES ITEM 2 in x 1.5 in Centrifugal Pump - SS316 600#,PUMP|CENTRIFUGAL_PUMP|STAINLESS_STEEL|SS_316|2_IN_X_15_IN|2_IN_X_15_IN|ISO_2858|ZINC_PLATED,STANDALONE,,,
1daebfe2-e152-5304-9b87-3292ff018146,CMM-PUMP-1359D8-001,CIL-400243,Coal India,SPARE-MINE DEWATERING PUMP Cast Iron DN 150,PUMP|CAST_IRON|DN_150|IS_5120|CAST,STANDALONE,,,
7d344f4d-8c21-5999-a5e6-67f7f57d1950,CMM-PUMP-137846-001,BHEL-500153,BHEL,Vertical Turbine Pump 150# Cast Iron DN 100,PUMP|CAST_IRON|DN_100|API_610|CAST|VERTICAL,DIRECT_ACCEPTED,CAN-035161,NMC-REVIEWER-CHIEF,
59563cd7-3128-50f9-9851-34ff29263b90,CMM-PUMP-137846-001,ONGC-100154,ONGC,DN 100 VERTICAL TURBINE PUMP - Cast Iron 600#,PUMP|CAST_IRON|DN_100|API_610|CAST|VERTICAL,DIRECT_ACCEPTED,CAN-035161,NMC-REVIEWER-CHIEF,
a075a89e-180f-59ce-ae53-9778069d91a5,CMM-PUMP-13DAB4-001,BHEL-500095,BHEL,STORES ITEM VERTICAL TURBINE PUMP Duplex Steel DN 80,PUMP|DUPLEX_STEEL|DN_80|ISO_2858|VERTICAL,DIRECT_ACCEPTED,CAN-022201;CAN-022232;CAN-022233;CAN-022234,NMC-REVIEWER-CHIEF,
531daf57-0c34-56ea-bfce-6dae6ed8b8fd,CMM-PUMP-13DAB4-001,HPCL-120096,HPCL,DN 80 VERTICAL TURBINE PUMP - Duplex Steel,PUMP|DUPLEX_STEEL|DN_80|ISO_2858|VERTICAL,DIRECT_ACCEPTED,CAN-022202;CAN-022232;CAN-022263;CAN-022264,NMC-REVIEWER-CHIEF,
b4f16080-9452-59fe-b9e5-8c3c3d2037e7,CMM-PUMP-13DAB4-001,NTPC-200089,NTPC,"SPARE-Vertical Turbine Pump, Duplex Steel, SIZE DN 80",PUMP|DUPLEX_STEEL|DN_80|ISO_2858|VERTICAL,DIRECT_ACCEPTED,CAN-022201;CAN-022202;CAN-022203;CAN-022204,NMC-REVIEWER-CHIEF,
3ffef6af-863d-5ef6-8c78-3beba4227762,CMM-PUMP-13DAB4-001,ONGC-100094,ONGC,Vertical Turbine Pump Duplex Steel DN 80,PUMP|DUPLEX_STEEL|DN_80|ISO_2858|VERTICAL,DIRECT_ACCEPTED,CAN-022203;CAN-022233;CAN-022263;CAN-022294,NMC-REVIEWER-CHIEF,
b3f63440-69f2-5286-bdb7-d3bb3257e9c9,CMM-PUMP-13DAB4-001,SAIL-300100,SAIL,DN 80 VERTICAL TURBINE PUMP - Duplex Steel,PUMP|DUPLEX_STEEL|DN_80|ISO_2858|VERTICAL,DIRECT_ACCEPTED,CAN-022204;CAN-022234;CAN-022264;CAN-022294,NMC-REVIEWER-CHIEF,
76e2868f-7f49-5ac1-90e0-985c83bc731b,CMM-PUMP-165443-001,ONGC-100243,ONGC,STORES ITEM MUD PUMP LINER Alloy Steel 6 in,PUMP|ALLOY_STEEL|6_IN|6_IN|API_7K,STANDALONE,,,
a4045240-1a9d-5873-a5b3-a28124e2f4b2,CMM-PUMP-173478-001,IOCL-110162,IOCL,IND.DN 100 Gear Pump - Cast Iron 150#,PUMP|CAST_IRON|DN_100|API_610|CAST,DIRECT_ACCEPTED,CAN-036302;CAN-036332;CAN-042003,NMC-REVIEWER-CHIEF,
dcebc611-dc9b-597a-acff-54daeda2cad3,CMM-PUMP-173478-001,NMDC-410177,NMDC,GEAR PUMP 600# Cast Iron DN 100,PUMP|CAST_IRON|DN_100|API_610|CAST,DIRECT_ACCEPTED,CAN-036303;CAN-036333;CAN-042003,NMC-REVIEWER-CHIEF,
632e9eb3-d84e-54ff-9775-be658d942397,CMM-PUMP-173478-001,NTPC-200148,NTPC,"Reciprocating Pump, Cast Iron, SIZE DN 100 300#",PUMP|CAST_IRON|DN_100|API_610|CAST,DIRECT_ACCEPTED,CAN-036301;CAN-036332;CAN-036333,NMC-REVIEWER-CHIEF,
d6d3b56c-6cbe-59ef-b582-4b92dfc6f6b3,CMM-PUMP-173478-001,SAIL-300155,SAIL,DN 100 Reciprocating Pump - Cast Iron 600#,PUMP|CAST_IRON|DN_100|API_610|CAST,DIRECT_ACCEPTED,CAN-036301;CAN-036302;CAN-036303,NMC-REVIEWER-CHIEF,
1fe77092-2c8f-51bf-a75f-ca48fe9413c7,CMM-PUMP-17CA42-001,HPCL-120204,HPCL,"SPARE-LPG BOTTLING PUMP, Carbon Steel, SIZE DN 80",PUMP|CARBON_STEEL|CARBON_STEEL|DN_80|DN_80|API_675,STANDALONE,,,
6ef5613f-b6e8-56db-8eba-8993155de2d9,CMM-PUMP-17F830-001,HPCL-120263,HPCL,STORES ITEM LPG Bottling Pump DN 80 Carbon Steel,PUMP|CARBON_STEEL|CARBON_STEEL|DN_80|API_675|GALVANIZED,STANDALONE,,,
0e917727-fc9b-5f60-88f7-b2e44bf7ee72,CMM-PUMP-18DC6B-001,HPCL-120222,HPCL,SPARE-LPG BOTTLING PUMP Carbon Steel DN 80,PUMP|CARBON_STEEL|CARBON_STEEL|DN_80|DN_80|API_675|PTFE_LINED,STANDALONE,,,
eb399bcb-33b5-5c9d-8857-fec5ac57a9da,CMM-PUMP-194977-001,BHEL-500113,BHEL,IND.Submersible Pump 2 in x 1.5 in Alloy Steel 600#,PUMP|ALLOY_STEEL|2_IN_X_15_IN|2_IN_X_15_IN|IS_1520,STANDALONE,,,
e284ddb6-3ce4-53a2-aa79-b46bdda3197d,CMM-PUMP-1ABEEE-001,ONGC-100149,ONGC,"Reciprocating Pump, Carbon Steel, SIZE 2 in x 1.5 in 150#",PUMP|CARBON_STEEL|CARBON_STEEL|2_IN_X_15_IN|ISO_2858|PTFE_LINED,STANDALONE,,,
89d1f7fb-d484-59fe-8872-eab2b7f28524,CMM-PUMP-1E1136-001,BHEL-500158,BHEL,"IND.VERTICAL TURBINE PUMP, Alloy Steel, SIZE 3 in x 2 in 150#",PUMP|ALLOY_STEEL|3_IN_X_2_IN|3_IN_X_2_IN|API_610|VERTICAL,STANDALONE,,,
2330e5d8-31d2-555b-a5de-7bc982b857b9,CMM-PUMP-1E2E39-001,ONGC-100247,ONGC,SPARE-Mud Pump Liner 6 in Alloy Steel,PUMP|ALLOY_STEEL|6_IN|API_7K,STANDALONE,,,
bdeccb8c-30dc-547f-9e7e-1794811519eb,CMM-PUMP-1EB531-001,CIL-400246,Coal India,Mine Dewatering Pump Cast Iron DN 150,PUMP|CAST_IRON|DN_150|DN_150|IS_5120|CAST,STANDALONE,,,
ed5447da-2956-5fa8-80c7-53b7272519b5,CMM-PUMP-1ECC4D-001,HPCL-120255,HPCL,DN 80 LPG Bottling Pump - Carbon Steel,PUMP|CARBON_STEEL|CARBON_STEEL|DN_80|DN_80|API_675,STANDALONE,,,
407a22c5-7f05-5ce8-b01d-1850c8fba5f2,CMM-PUMP-1F3C25-001,SAIL-300122,SAIL,STORES ITEM VERTICAL TURBINE PUMP 2 in x 1.5 in SS304 150#,PUMP|STAINLESS_STEEL|SS_304|2_IN_X_15_IN|API_610|VERTICAL,STANDALONE,,,
0ac039ef-4ceb-5a94-8481-c23d154acf2d,CMM-PUMP-21B057-001,NMDC-410176,NMDC,DN 100 CENT. PUMP - Alloy Steel 150#,PUMP|CENTRIFUGAL_PUMP|ALLOY_STEEL|DN_100|ISO_2858,STANDALONE,,,
e790372f-6b35-5cbd-adc6-d749eb702b65,CMM-PUMP-24EC34-001,ONGC-100265,ONGC,Mud Pump Liner 6 in Alloy Steel,PUMP|ALLOY_STEEL|6_IN|API_7K,STANDALONE,,,
1fe72d9c-35b0-5fb0-8a31-64633d1e8c1e,CMM-PUMP-253D90-001,CIL-400216,Coal India,"STORES ITEM MINE DEWATERING PUMP, Cast Iron, SIZE DN 150",PUMP|CAST_IRON|DN_150|IS_5120|CAST,STANDALONE,,,
4fdfeb66-241b-5dee-9686-069c52302e9e,CMM-PUMP-257C0D-001,CIL-400020,Coal India,STORES ITEM Submersible Pump SS316 DN 100,PUMP|STAINLESS_STEEL|SS_316|DN_100|API_610,DIRECT_ACCEPTED,CAN-006453;CAN-006483;CAN-006513,NMC-REVIEWER-CHIEF,
cf0b0e75-30f3-5f03-8fb6-92a78e6ec0e7,CMM-PUMP-257C0D-001,HPCL-120032,HPCL,IND.Submersible Pump SS316 DN 100,PUMP|STAINLESS_STEEL|SS_316|DN_100|API_610,DIRECT_ACCEPTED,CAN-006451;CAN-006482;CAN-006483,NMC-REVIEWER-CHIEF,
2e3850ab-6426-575d-95c4-1510fddd76e7,CMM-PUMP-257C0D-001,NTPC-200028,NTPC,IND.SUBMERSIBLE PUMP DN 100 SS316,PUMP|STAINLESS_STEEL|SS_316|DN_100|API_610,DIRECT_ACCEPTED,CAN-006452;CAN-006482;CAN-006513,NMC-REVIEWER-CHIEF,
40f76bc0-b5be-5987-8bd4-526e6aaee4b3,CMM-PUMP-257C0D-001,SAIL-300031,SAIL,"SPARE-SUBMERSIBLE PUMP, SS316, SIZE DN 100",PUMP|STAINLESS_STEEL|SS_316|DN_100|API_610,DIRECT_ACCEPTED,CAN-006451;CAN-006452;CAN-006453,NMC-REVIEWER-CHIEF,
d1cd9e4b-29ff-5b1f-a0ff-48bc4bf2a375,CMM-PUMP-28D343-001,ONGC-100250,ONGC,"SPARE-Mud Pump Liner, Alloy Steel, SIZE 6 in",PUMP|ALLOY_STEEL|6_IN|6_IN|API_7K,STANDALONE,,,
17bc18a7-3544-529e-b751-ec7373592434,CMM-PUMP-28DDB3-001,CIL-400158,Coal India,Reciprocating Pump DN 100 Cast Iron 600#,PUMP|CAST_IRON|DN_100|ISO_2858|CAST,DIRECT_ACCEPTED,CAN-039301,NMC-REVIEWER-CHIEF,
8f52d30a-6cde-5a69-86cb-31e1e908db09,CMM-PUMP-28DDB3-001,ONGC-100171,ONGC,RECIPROCATING PUMP 300# Cast Iron DN 100,PUMP|CAST_IRON|DN_100|ISO_2858|CAST,DIRECT_ACCEPTED,CAN-039301,NMC-REVIEWER-CHIEF,
219d4298-1c69-5652-b22d-f8d765365c6b,CMM-PUMP-29649A-001,HPCL-120210,HPCL,LPG Bottling Pump Carbon Steel DN 80,PUMP|CARBON_STEEL|CARBON_STEEL|DN_80|DN_80|API_675,STANDALONE,,,
9282c1ca-4274-575e-a265-c9f932f1d5ef,CMM-PUMP-2970BB-001,CIL-400191,Coal India,SPARE-MINE DEWATERING PUMP Cast Iron DN 150,PUMP|CAST_IRON|DN_150|IS_5120|CAST,STANDALONE,,,
27b2c4b6-b744-57bb-9f86-522de85fda3b,CMM-PUMP-2F3FCE-001,HPCL-120015,HPCL,STORES ITEM 2 in x 1.5 in Vertical Turbine Pump - Duplex Steel,PUMP|DUPLEX_STEEL|2_IN_X_15_IN|API_610|VERTICAL,DIRECT_ACCEPTED,CAN-003631;CAN-003632,NMC-REVIEWER-CHIEF,
0c1f2cb2-80ca-5e0a-a0e0-fed6b0e4d90c,CMM-PUMP-2F3FCE-001,IOCL-110018,IOCL,"STORES ITEM VERTICAL TURBINE PUMP, Duplex Steel, SIZE 2 in x 1.5 in",PUMP|DUPLEX_STEEL|2_IN_X_15_IN|API_610|VERTICAL,DIRECT_ACCEPTED,CAN-003632;CAN-003662,NMC-REVIEWER-CHIEF,
bdd51767-ed11-5f0c-8f60-944fa9b08557,CMM-PUMP-2F3FCE-001,NMDC-410016,NMDC,"SPARE-Vertical Turbine Pump, Duplex Steel, SIZE 2 in x 1.5 in",PUMP|DUPLEX_STEEL|2_IN_X_15_IN|API_610|VERTICAL,DIRECT_ACCEPTED,CAN-003631;CAN-003662,NMC-REVIEWER-CHIEF,
dc54dd81-5d90-5ef6-9ccb-ffa68c5d534c,CMM-PUMP-306AB1-001,CIL-400208,Coal India,SPARE-MINE DEWATERING PUMP DN 150 Cast Iron,PUMP|CAST_IRON|DN_150|DN_150|IS_5120|CAST,STANDALONE,,,
9990d0c0-123d-52d5-b167-feb5dbfa14cb,CMM-PUMP-316E80-001,NTPC-200150,NTPC,STORES ITEM Submersible Pump 300# Alloy Steel DN 80,PUMP|ALLOY_STEEL|DN_80|IS_1520,STANDALONE,,,
83cbeeba-9905-56e3-9e0d-c94c4477898f,CMM-PUMP-326895-001,ONGC-100268,ONGC,MUD PUMP LINER Alloy Steel 6 in,PUMP|ALLOY_STEEL|6_IN|6_IN|API_7K,STANDALONE,,,
9d25dac8-6119-52a4-bb3f-b0cbe8c0c915,CMM-PUMP-329011-001,BHEL-500049,BHEL,SPARE-Centrifugal Pump 3 in x 2 in Cast Iron,PUMP|CENTRIFUGAL_PUMP|CAST_IRON|3_IN_X_2_IN|3_IN_X_2_IN|API_610|CAST,DIRECT_ACCEPTED,CAN-011763;CAN-011793;CAN-011823;CAN-011854,NMC-REVIEWER-CHIEF,
ef251e46-5242-5328-af1b-ddf8d10abfd4,CMM-PUMP-329011-001,CIL-400043,Coal India,SPARE-Centrifugal Pump 3 in x 2 in Cast Iron,PUMP|CENTRIFUGAL_PUMP|CAST_IRON|3_IN_X_2_IN|3_IN_X_2_IN|API_610|CAST,DIRECT_ACCEPTED,CAN-011764;CAN-011794;CAN-011824;CAN-011854,NMC-REVIEWER-CHIEF,
d5f12c82-7706-5251-a458-5df28de9d632,CMM-PUMP-329011-001,IOCL-110053,IOCL,"SPARE-CENT. PUMP, Cast Iron, SIZE 3 in x 2 in",PUMP|CENTRIFUGAL_PUMP|CAST_IRON|3_IN_X_2_IN|3_IN_X_2_IN|API_610|CAST,DIRECT_ACCEPTED,CAN-011762;CAN-011792;CAN-011823;CAN-011824,NMC-REVIEWER-CHIEF,
dcbfc6b8-e18a-5494-857c-ffd631b13ee5,CMM-PUMP-329011-001,NMDC-410050,NMDC,IND.CENT. PUMP 3 in x 2 in Cast Iron,PUMP|CENTRIFUGAL_PUMP|CAST_IRON|3_IN_X_2_IN|3_IN_X_2_IN|API_610|CAST,DIRECT_ACCEPTED,CAN-011761;CAN-011792;CAN-011793;CAN-011794,NMC-REVIEWER-CHIEF,
724baaa7-a558-56ec-b06c-4564278a7f5d,CMM-PUMP-329011-001,NTPC-200047,NTPC,IND.3 in x 2 in Centrifugal Pump - Cast Iron,PUMP|CENTRIFUGAL_PUMP|CAST_IRON|3_IN_X_2_IN|3_IN_X_2_IN|API_610|CAST,DIRECT_ACCEPTED,CAN-011761;CAN-011762;CAN-011763;CAN-011764,NMC-REVIEWER-CHIEF,
84e3ddd8-1478-5ba5-9f9d-572688845193,CMM-PUMP-353345-001,HPCL-120206,HPCL,LPG BOTTLING PUMP DN 80 Carbon Steel,PUMP|CARBON_STEEL|CARBON_STEEL|DN_80|API_675,STANDALONE,,,
72c0e20c-b8b3-51fb-b28b-c09fb86992e8,CMM-PUMP-357758-001,BHEL-500006,BHEL,GEAR PUMP Duplex Steel 3 in x 2 in,PUMP|DUPLEX_STEEL|3_IN_X_2_IN|3_IN_X_2_IN|ISO_2858,DIRECT_ACCEPTED,CAN-001354;CAN-001384;CAN-001414;CAN-001444,NMC-REVIEWER-CHIEF,
ed160c87-aafe-5fb2-afea-5f9319984eef,CMM-PUMP-357758-001,CIL-400006,Coal India,Gear Pump 3 in x 2 in Duplex Steel,PUMP|DUPLEX_STEEL|3_IN_X_2_IN|3_IN_X_2_IN|ISO_2858,DIRECT_ACCEPTED,CAN-001352;CAN-001382;CAN-001413;CAN-001414,NMC-REVIEWER-CHIEF,
f03a4a7f-90c6-5485-ba41-b465a8b8f00d,CMM-PUMP-357758-001,NMDC-410005,NMDC,"IND.Gear Pump, Duplex Steel, SIZE 3 in x 2 in",PUMP|DUPLEX_STEEL|3_IN_X_2_IN|3_IN_X_2_IN|ISO_2858,DIRECT_ACCEPTED,CAN-001351;CAN-001352;CAN-001353;CAN-001354,NMC-REVIEWER-CHIEF,
550dff38-fcd8-5d89-8b9c-e722a80baa5c,CMM-PUMP-357758-001,NTPC-200006,NTPC,STORES ITEM 3 in x 2 in Gear Pump - Duplex Steel,PUMP|DUPLEX_STEEL|3_IN_X_2_IN|3_IN_X_2_IN|ISO_2858,DIRECT_ACCEPTED,CAN-001351;CAN-001382;CAN-001383;CAN-001384,NMC-REVIEWER-CHIEF,
c247be35-65e5-5c30-abab-6994a0ab198d,CMM-PUMP-357758-001,ONGC-100009,ONGC,"Gear Pump, Duplex Steel, SIZE 3 in x 2 in",PUMP|DUPLEX_STEEL|3_IN_X_2_IN|3_IN_X_2_IN|ISO_2858,DIRECT_ACCEPTED,CAN-001353;CAN-001383;CAN-001413;CAN-001444,NMC-REVIEWER-CHIEF,
c15e492a-7861-5ce6-8f49-22d8a4b5142b,CMM-PUMP-36C5BF-001,ONGC-100263,ONGC,MUD PUMP LINER Alloy Steel 6 in,PUMP|ALLOY_STEEL|6_IN|6_IN|API_7K|PTFE_LINED,STANDALONE,,,
6c5bd932-4014-5209-8824-6a108977b41d,CMM-PUMP-36F968-001,BHEL-500133,BHEL,"RECIPROCATING PUMP, Cast Iron, SIZE DN 100 150#",PUMP|CAST_IRON|DN_100|DN_100|IS_1520|CAST,DIRECT_ACCEPTED,CAN-031561,NMC-REVIEWER-CHIEF,
8cbcbf88-32a2-5d3c-b03d-b8f9aca85916,CMM-PUMP-36F968-001,NMDC-410134,NMDC,STORES ITEM Reciprocating Pump 300# Cast Iron DN 100,PUMP|CAST_IRON|DN_100|DN_100|IS_1520|CAST,DIRECT_ACCEPTED,CAN-031561,NMC-REVIEWER-CHIEF,
eeee7a1a-d24f-5034-b3cc-7fbd4589ab1c,CMM-PUMP-372D2E-001,HPCL-120142,HPCL,"IND.RECIPROCATING PUMP, SS304, SIZE 2 in x 1.5 in 600#",PUMP|STAINLESS_STEEL|SS_304|2_IN_X_15_IN|ISO_2858,STANDALONE,,,
8370d6ff-24cc-5cf3-931d-3a3dfe3cdd13,CMM-PUMP-380B77-001,HPCL-120192,HPCL,STORES ITEM DN 80 LPG BOTTLING PUMP - Carbon Steel,PUMP|CARBON_STEEL|CARBON_STEEL|DN_80|DN_80|API_675,STANDALONE,,,
ba7760cb-380b-588b-a96f-7c749889a3ca,CMM-PUMP-385649-001,SAIL-300174,SAIL,SPARE-DN 100 SUBMERSIBLE PUMP - Alloy Steel 150#,PUMP|ALLOY_STEEL|DN_100|DN_100|ISO_2858,STANDALONE,,,
771d1da2-c994-5820-868f-31cb86f5fd71,CMM-PUMP-38A47A-001,NMDC-410172,NMDC,IND.DN 100 Submersible Pump - Carbon Steel 150#,PUMP|CARBON_STEEL|CARBON_STEEL|DN_100|DN_100|IS_1520,STANDALONE,,,
454e4839-7c21-5554-9163-df2730f4caf6,CMM-PUMP-3A295D-001,HPCL-120202,HPCL,STORES ITEM LPG Bottling Pump Carbon Steel DN 80,PUMP|CARBON_STEEL|CARBON_STEEL|DN_80|DN_80|API_675,STANDALONE,,,
c84433d3-59b8-5673-8048-f0b7b7ac9f4a,CMM-PUMP-3A7BBD-001,NTPC-200131,NTPC,SPARE-Gear Pump 2 in x 1.5 in SS316 600#,PUMP|STAINLESS_STEEL|SS_316|2_IN_X_15_IN|API_610,STANDALONE,,,
0c15b0a4-f2d9-5334-8380-79619b978152,CMM-PUMP-3C44B6-001,HPCL-120232,HPCL,IND.LPG Bottling Pump DN 80 Carbon Steel,PUMP|CARBON_STEEL|CARBON_STEEL|DN_80|DN_80|API_675|GALVANIZED,STANDALONE,,,
88812060-1a4c-50e7-acb1-d132929b4c5e,CMM-PUMP-3C7C8B-001,IOCL-110147,IOCL,STORES ITEM PUMP CENTRIF 300# Alloy Steel DN 100,PUMP|CENTRIFUGAL_PUMP|ALLOY_STEEL|DN_100|DN_100|API_610|PTFE_LINED,STANDALONE,,,
5a4d43d2-bdd0-587c-b91f-c19283e1635b,CMM-PUMP-3D5ACE-001,HPCL-120240,HPCL,"IND.LPG BOTTLING PUMP, Carbon Steel, SIZE DN 80",PUMP|CARBON_STEEL|CARBON_STEEL|DN_80|API_675,STANDALONE,,,
ff9d9027-4c1d-57dc-b2b7-1323da4f69c0,CMM-PUMP-3E4DCE-001,HPCL-120217,HPCL,IND.DN 80 LPG Bottling Pump - Carbon Steel,PUMP|CARBON_STEEL|CARBON_STEEL|DN_80|API_675,STANDALONE,,,
cad2c164-4d33-5a7c-a702-aa7b946b6a5b,CMM-PUMP-3EE269-001,SAIL-300179,SAIL,"Centrifugal Pump, Carbon Steel, SIZE DN 100 300#",PUMP|CENTRIFUGAL_PUMP|CARBON_STEEL|CARBON_STEEL|DN_100|ISO_2858,STANDALONE,,,
9d7f0f8d-35ba-5d7f-8091-091655222b40,CMM-PUMP-3F4E20-001,CIL-400194,Coal India,"STORES ITEM Mine Dewatering Pump, Cast Iron, SIZE DN 150",PUMP|CAST_IRON|DN_150|DN_150|IS_5120|CAST,STANDALONE,,,
8d2e1349-e7a2-52f4-bbd9-0856e93c6331,CMM-PUMP-3FA360-001,CIL-400204,Coal India,IND.MINE DEWATERING PUMP DN 150 Cast Iron,PUMP|CAST_IRON|DN_150|IS_5120|CAST,STANDALONE,,,
9b6cf884-47bc-566f-a9e0-1b1ac22befde,CMM-PUMP-3FB8ED-001,BHEL-500149,BHEL,"IND.VERTICAL TURBINE PUMP, Carbon Steel, SIZE DN 80 600#",PUMP|CARBON_STEEL|CARBON_STEEL|DN_80|IS_1520|PTFE_LINED|VERTICAL,STANDALONE,,,
35d3e537-03a5-5c78-a474-8a855054300d,CMM-PUMP-414F8C-001,CIL-400237,Coal India,DN 150 Mine Dewatering Pump - Cast Iron,PUMP|CAST_IRON|DN_150|DN_150|IS_5120|CAST,STANDALONE,,,
f6430d88-be28-550d-89fa-9e67d680c556,CMM-PUMP-4274F0-001,HPCL-120230,HPCL,"STORES ITEM LPG BOTTLING PUMP, Carbon Steel, SIZE DN 80",PUMP|CARBON_STEEL|CARBON_STEEL|DN_80|DN_80|API_675,STANDALONE,,,
f9a73adc-6bde-51ac-8046-fd1aca85a3ea,CMM-PUMP-4393F2-001,BHEL-500124,BHEL,Gear Pump 3 in x 2 in Cast Iron 150#,PUMP|CAST_IRON|3_IN_X_2_IN|3_IN_X_2_IN|ISO_2858|CAST,DIRECT_ACCEPTED,CAN-029941,NMC-REVIEWER-CHIEF,
1f8ba282-4129-5bc9-94ae-9cc3b193dd5c,CMM-PUMP-4393F2-001,NMDC-410126,NMDC,SPARE-3 in x 2 in GEAR PUMP - Cast Iron 300#,PUMP|CAST_IRON|3_IN_X_2_IN|3_IN_X_2_IN|ISO_2858|CAST,DIRECT_ACCEPTED,CAN-029941,NMC-REVIEWER-CHIEF,
255da6c6-bd61-5574-bd1b-ae6238b88a37,CMM-PUMP-464541-001,ONGC-100264,ONGC,6 in MUD PUMP LINER - Alloy Steel,PUMP|ALLOY_STEEL|6_IN|API_7K,STANDALONE,,,
e1d526c9-124f-5f3e-b10e-4d3122ac4471,CMM-PUMP-4753D7-001,CIL-400220,Coal India,MINE DEWATERING PUMP Cast Iron DN 150,PUMP|CAST_IRON|DN_150|IS_5120|CAST,STANDALONE,,,
d3e768a1-36e9-5ca3-93ff-8a09cf71d122,CMM-PUMP-497521-001,HPCL-120175,HPCL,IND.2 in x 1.5 in Submersible Pump - Alloy Steel 150#,PUMP|ALLOY_STEEL|2_IN_X_15_IN|API_610,STANDALONE,,,
178beeeb-2c33-5039-96a9-32613790717e,CMM-PUMP-4DFD46-001,CIL-400248,Coal India,IND.MINE DEWATERING PUMP DN 150 Cast Iron,PUMP|CAST_IRON|DN_150|DN_150|IS_5120|GALVANIZED|CAST,STANDALONE,,,
589f672f-d17d-585d-bd08-083413244a5e,CMM-PUMP-4EB8E3-001,CIL-400256,Coal India,MINE DEWATERING PUMP Cast Iron DN 150,PUMP|CAST_IRON|DN_150|DN_150|IS_5120|CAST,STANDALONE,,,
5817a9e0-7518-5189-b070-a50dc5cfc1f3,CMM-PUMP-5580D4-001,CIL-400136,Coal India,"IND.Centrifugal Pump, SS304, SIZE 2 in x 1.5 in 300#",PUMP|CENTRIFUGAL_PUMP|STAINLESS_STEEL|SS_304|2_IN_X_15_IN|2_IN_X_15_IN|ISO_2858|ZINC_PLATED,STANDALONE,,,
5027051c-a6bf-5b93-86c4-d8ac3a5ed875,CMM-PUMP-5711FC-001,ONGC-100176,ONGC,DN 100 SUBMERSIBLE PUMP - Alloy Steel 300#,PUMP|ALLOY_STEEL|DN_100|DN_100|IS_1520,STANDALONE,,,
0d3144a5-d903-5b0c-a35b-a79ae6b87cc2,CMM-PUMP-5784B2-001,CIL-400141,Coal India,GEAR PUMP 150# SS304 3 in x 2 in,PUMP|STAINLESS_STEEL|SS_304|3_IN_X_2_IN|3_IN_X_2_IN|IS_1520|EPOXY_COATED,STANDALONE,,,
d00311a6-914e-56bb-af26-10193af3f955,CMM-PUMP-5991EB-001,IOCL-110104,IOCL,IND.Vertical Turbine Pump 600# SS316 2 in x 1.5 in,PUMP|STAINLESS_STEEL|SS_316|2_IN_X_15_IN|API_610|VERTICAL,STANDALONE,,,
f6c8aa78-4ff6-55d3-bd92-b503d9c4ae4e,CMM-PUMP-5AE9A6-001,ONGC-100225,ONGC,IND.Mud Pump Liner 6 in Alloy Steel,PUMP|ALLOY_STEEL|6_IN|6_IN|API_7K,STANDALONE,,,
a7876cb2-b67e-5b9d-8fcc-8b962d7f8769,CMM-PUMP-5B4120-001,HPCL-120261,HPCL,IND.LPG Bottling Pump DN 80 Carbon Steel,PUMP|CARBON_STEEL|CARBON_STEEL|DN_80|DN_80|API_675,STANDALONE,,,
f8a72d2e-124c-5949-bcf8-6950a29d6f4f,CMM-PUMP-5EDC22-001,HPCL-120225,HPCL,IND.DN 80 LPG Bottling Pump - Carbon Steel,PUMP|CARBON_STEEL|CARBON_STEEL|DN_80|API_675|ZINC_PLATED,STANDALONE,,,
6286f5f4-9fa0-583b-bb36-362d6496b80e,CMM-PUMP-5F6083-001,CIL-400264,Coal India,STORES ITEM Mine Dewatering Pump DN 150 Cast Iron,PUMP|CAST_IRON|DN_150|IS_5120|EPOXY_COATED|CAST,STANDALONE,,,
faa155b1-e5f3-5e62-a605-1281ff97a938,CMM-PUMP-601ADC-001,CIL-400272,Coal India,Mine Dewatering Pump Cast Iron DN 150,PUMP|CAST_IRON|DN_150|IS_5120|CAST,STANDALONE,,,
003dfdc5-05e0-50c7-9c79-435b080c2571,CMM-PUMP-6061C6-001,NMDC-410167,NMDC,Vertical Turbine Pump DN 100 Duplex Steel 600#,PUMP|DUPLEX_STEEL|DN_100|ISO_2858|VERTICAL,DIRECT_ACCEPTED,CAN-038641,NMC-REVIEWER-CHIEF,
f3be1926-2bf0-59f7-a9a8-d99296af73fa,CMM-PUMP-6061C6-001,NTPC-200155,NTPC,"STORES ITEM Vertical Turbine Pump, Duplex Steel, SIZE DN 100 150#",PUMP|DUPLEX_STEEL|DN_100|ISO_2858|VERTICAL,DIRECT_ACCEPTED,CAN-038641,NMC-REVIEWER-CHIEF,
b0921fe0-54e1-581e-91b9-791bc72fa763,CMM-PUMP-64429F-001,HPCL-120270,HPCL,LPG Bottling Pump Carbon Steel DN 80,PUMP|CARBON_STEEL|CARBON_STEEL|DN_80|DN_80|API_675|ZINC_PLATED,STANDALONE,,,
24a16b01-00a0-5441-a663-fe5d5a8ee66c,CMM-PUMP-648A86-001,CIL-400134,Coal India,STORES ITEM RECIPROCATING PUMP 2 in x 1.5 in SS316 300#,PUMP|STAINLESS_STEEL|SS_316|2_IN_X_15_IN|ISO_2858,STANDALONE,,,
ac9c4b54-08b8-5f4d-9850-e72e8c4b19a8,CMM-PUMP-64CC94-001,CIL-400240,Coal India,Mine Dewatering Pump Cast Iron DN 150,PUMP|CAST_IRON|DN_150|IS_5120|CAST,STANDALONE,,,
a5f259f3-115d-54ce-ba3a-f99d35999364,CMM-PUMP-665015-001,HPCL-120176,HPCL,"SPARE-CENT. PUMP, SS304, SIZE 3 in x 2 in 600#",PUMP|CENTRIFUGAL_PUMP|STAINLESS_STEEL|SS_304|3_IN_X_2_IN|ISO_2858|PTFE_LINED,STANDALONE,,,
a75933a5-7265-5b69-b014-c562e31ad027,CMM-PUMP-67F25D-001,HPCL-120152,HPCL,STORES ITEM Submersible Pump 300# Cast Iron 2 in x 1.5 in,PUMP|CAST_IRON|2_IN_X_15_IN|IS_1520|CAST,DIRECT_ACCEPTED,CAN-035821,NMC-REVIEWER-CHIEF,
6928535f-e821-53e8-82b8-b39a1aaf7147,CMM-PUMP-67F25D-001,IOCL-110138,IOCL,2 in x 1.5 in SUBMERSIBLE PUMP - Cast Iron 600#,PUMP|CAST_IRON|2_IN_X_15_IN|IS_1520|CAST,DIRECT_ACCEPTED,CAN-035821,NMC-REVIEWER-CHIEF,
a48f82dd-dbf6-5fe8-a7c8-b16cf47888be,CMM-PUMP-6BDDAA-001,HPCL-120195,HPCL,LPG BOTTLING PUMP Carbon Steel DN 80,PUMP|CARBON_STEEL|CARBON_STEEL|DN_80|DN_80|API_675,STANDALONE,,,
0ac2bb76-6bdd-5536-8f01-a406b01f15d2,CMM-PUMP-6DD060-001,CIL-400199,Coal India,DN 150 MINE DEWATERING PUMP - Cast Iron,PUMP|CAST_IRON|DN_150|DN_150|IS_5120|CAST,STANDALONE,,,
919bc908-fea6-521a-bf29-0381a689acef,CMM-PUMP-6EE615-001,CIL-400139,Coal India,STORES ITEM 3 in x 2 in Gear Pump - SS304 150#,PUMP|STAINLESS_STEEL|SS_304|3_IN_X_2_IN|API_610,STANDALONE,,,
ecc18154-2e2e-5a79-bc78-e8f02113071f,CMM-PUMP-710588-001,HPCL-120144,HPCL,SPARE-Vertical Turbine Pump DN 80 Alloy Steel 150#,PUMP|ALLOY_STEEL|DN_80|IS_1520|PTFE_LINED|VERTICAL,STANDALONE,,,
0df43f34-1b27-59ba-a980-921c93e3a10d,CMM-PUMP-71A39E-001,BHEL-500031,BHEL,SPARE-2 in x 1.5 in Reciprocating Pump - Carbon Steel,PUMP|CARBON_STEEL|CARBON_STEEL|2_IN_X_15_IN|2_IN_X_15_IN|API_610,DIRECT_ACCEPTED,CAN-007382;CAN-007412;CAN-007443;CAN-007444,NMC-REVIEWER-CHIEF,
8f8185c5-5c52-5809-99fb-87c3605b738c,CMM-PUMP-71A39E-001,CIL-400025,Coal India,"Reciprocating Pump, Carbon Steel, SIZE 2 in x 1.5 in",PUMP|CARBON_STEEL|CARBON_STEEL|2_IN_X_15_IN|2_IN_X_15_IN|API_610,DIRECT_ACCEPTED,CAN-007381;CAN-007412;CAN-007413;CAN-007414,NMC-REVIEWER-CHIEF,
9bbd056b-b5fe-5e25-bf4c-166d7032778e,CMM-PUMP-71A39E-001,IOCL-110034,IOCL,SPARE-RECIPROCATING PUMP Carbon Steel 2 in x 1.5 in,PUMP|CARBON_STEEL|CARBON_STEEL|2_IN_X_15_IN|2_IN_X_15_IN|API_610,DIRECT_ACCEPTED,CAN-007384;CAN-007414;CAN-007444;CAN-007474,NMC-REVIEWER-CHIEF,
2548aa8c-e92a-5b84-8fd3-1354977ee299,CMM-PUMP-71A39E-001,ONGC-100030,ONGC,IND.2 in x 1.5 in Reciprocating Pump - Carbon Steel,PUMP|CARBON_STEEL|CARBON_STEEL|2_IN_X_15_IN|2_IN_X_15_IN|API_610,DIRECT_ACCEPTED,CAN-007381;CAN-007382;CAN-007383;CAN-007384,NMC-REVIEWER-CHIEF,
c49c619b-f007-59ce-812b-5477f0627b3c,CMM-PUMP-71A39E-001,SAIL-300036,SAIL,IND.RECIPROCATING PUMP 2 in x 1.5 in Carbon Steel,PUMP|CARBON_STEEL|CARBON_STEEL|2_IN_X_15_IN|2_IN_X_15_IN|API_610,DIRECT_ACCEPTED,CAN-007383;CAN-007413;CAN-007443;CAN-007474,NMC-REVIEWER-CHIEF,
49437cc5-138f-5ec0-8176-4665d362ff67,CMM-PUMP-725848-001,HPCL-120273,HPCL,"IND.LPG Bottling Pump, Carbon Steel, SIZE DN 80",PUMP|CARBON_STEEL|CARBON_STEEL|DN_80|API_675,STANDALONE,,,
adc10895-3efc-57bb-a8db-0ea5f3164f75,CMM-PUMP-73D55D-001,IOCL-110159,IOCL,STORES ITEM Submersible Pump 600# Carbon Steel 2 in x 1.5 in,PUMP|CARBON_STEEL|CARBON_STEEL|2_IN_X_15_IN|API_610,STANDALONE,,,
1547b17b-93aa-55ea-86a6-ca52f1485891,CMM-PUMP-74714C-001,HPCL-120158,HPCL,Vertical Turbine Pump 300# Carbon Steel 3 in x 2 in,PUMP|CARBON_STEEL|CARBON_STEEL|3_IN_X_2_IN|3_IN_X_2_IN|API_610|VERTICAL,STANDALONE,,,
afe55d7d-2ba5-5061-a797-24c4b3ee50e5,CMM-PUMP-74B50B-001,CIL-400225,Coal India,STORES ITEM MINE DEWATERING PUMP DN 150 Cast Iron,PUMP|CAST_IRON|DN_150|DN_150|IS_5120|EPOXY_COATED|CAST,STANDALONE,,,
e853bc64-30ae-5ec1-be84-bc0790539ba3,CMM-PUMP-74E3B9-001,CIL-400192,Coal India,MINE DEWATERING PUMP Cast Iron DN 150,PUMP|CAST_IRON|DN_150|IS_5120|CAST,STANDALONE,,,
ef3be7f8-333d-577d-ae44-c72e628ec150,CMM-PUMP-775659-001,ONGC-100272,ONGC,SPARE-MUD PUMP LINER Alloy Steel 6 in,PUMP|ALLOY_STEEL|6_IN|6_IN|API_7K|ZINC_PLATED,STANDALONE,,,
f6fb7c29-8d72-52b6-a9e6-f82c01a86121,CMM-PUMP-78BA26-001,HPCL-120237,HPCL,IND.LPG Bottling Pump Carbon Steel DN 80,PUMP|CARBON_STEEL|CARBON_STEEL|DN_80|API_675|ZINC_PLATED,STANDALONE,,,
1637ada8-631d-56a0-ba7c-67e1a7008308,CMM-PUMP-79599A-001,HPCL-120226,HPCL,IND.DN 80 LPG Bottling Pump - Carbon Steel,PUMP|CARBON_STEEL|CARBON_STEEL|DN_80|API_675|PTFE_LINED,STANDALONE,,,
fff4bdb8-87f5-5bd2-b0c2-060cb66e0ffe,CMM-PUMP-7C2D89-001,SAIL-300124,SAIL,IND.PUMP CENTRIF 3 in x 2 in Alloy Steel 600#,PUMP|CENTRIFUGAL_PUMP|ALLOY_STEEL|3_IN_X_2_IN|API_610,STANDALONE,,,
bd888dd6-02a0-5586-849b-834e21333cd3,CMM-PUMP-7D55C9-001,IOCL-110055,IOCL,VERTICAL TURBINE PUMP Carbon Steel 2 in x 1.5 in,PUMP|CARBON_STEEL|CARBON_STEEL|2_IN_X_15_IN|2_IN_X_15_IN|API_610|ZINC_PLATED|VERTICAL,DIRECT_ACCEPTED,CAN-012421;CAN-012452;CAN-012453;CAN-012454,NMC-REVIEWER-CHIEF,
1a57472c-3ab4-56a2-8813-8e8a7d5b15cc,CMM-PUMP-7D55C9-001,NMDC-410054,NMDC,VERTICAL TURBINE PUMP 2 in x 1.5 in Carbon Steel,PUMP|CARBON_STEEL|CARBON_STEEL|2_IN_X_15_IN|2_IN_X_15_IN|API_610|ZINC_PLATED|VERTICAL,DIRECT_ACCEPTED,CAN-012423;CAN-012453;CAN-012483;CAN-012514,NMC-REVIEWER-CHIEF,
2ce6c51a-924e-5683-9431-9f278637fcd9,CMM-PUMP-7D55C9-001,NTPC-200049,NTPC,"SPARE-Vertical Turbine Pump, Carbon Steel, SIZE 2 in x 1.5 in",PUMP|CARBON_STEEL|CARBON_STEEL|2_IN_X_15_IN|2_IN_X_15_IN|API_610|ZINC_PLATED|VERTICAL,DIRECT_ACCEPTED,CAN-012424;CAN-012454;CAN-012484;CAN-012514,NMC-REVIEWER-CHIEF,
cfba0ca7-2108-5b3a-a51f-b8107c4dbbd6,CMM-PUMP-7D55C9-001,ONGC-100049,ONGC,"STORES ITEM VERTICAL TURBINE PUMP, Carbon Steel, SIZE 2 in x 1.5 in",PUMP|CARBON_STEEL|CARBON_STEEL|2_IN_X_15_IN|2_IN_X_15_IN|API_610|ZINC_PLATED|VERTICAL,DIRECT_ACCEPTED,CAN-012422;CAN-012452;CAN-012483;CAN-012484,NMC-REVIEWER-CHIEF,
a5aee0a6-9376-55f8-9725-14ef9963eaa3,CMM-PUMP-7D55C9-001,SAIL-300059,SAIL,"STORES ITEM VERTICAL TURBINE PUMP, Carbon Steel, SIZE 2 in x 1.5 in",PUMP|CARBON_STEEL|CARBON_STEEL|2_IN_X_15_IN|2_IN_X_15_IN|API_610|ZINC_PLATED|VERTICAL,DIRECT_ACCEPTED,CAN-012421;CAN-012422;CAN-012423;CAN-012424,NMC-REVIEWER-CHIEF,
f59e9aae-95f5-50ca-ac3d-4207b34a563a,CMM-PUMP-7E6D57-001,HPCL-120245,HPCL,"LPG BOTTLING PUMP, Carbon Steel, SIZE DN 80",PUMP|CARBON_STEEL|CARBON_STEEL|DN_80|API_675,STANDALONE,,,
82d0d9c0-9a1c-503d-92c8-41d28e7d545a,CMM-PUMP-7F40B3-001,HPCL-120199,HPCL,STORES ITEM DN 80 LPG BOTTLING PUMP - Carbon Steel,PUMP|CARBON_STEEL|CARBON_STEEL|DN_80|API_675|ZINC_PLATED,STANDALONE,,,
063d262d-1b6c-5fa8-ab0b-8a4247c1768e,CMM-PUMP-824C56-001,HPCL-120179,HPCL,IND.Submersible Pump 600# Duplex Steel DN 80,PUMP|DUPLEX_STEEL|DN_80|IS_1520,DIRECT_ACCEPTED,CAN-043021,NMC-REVIEWER-CHIEF,
813a6dc4-0397-588c-be20-38c3b102b121,CMM-PUMP-824C56-001,SAIL-300185,SAIL,"SPARE-SUBMERSIBLE PUMP, Duplex Steel, SIZE DN 80 150#",PUMP|DUPLEX_STEEL|DN_80|IS_1520,DIRECT_ACCEPTED,CAN-043021,NMC-REVIEWER-CHIEF,
6a97c678-3c7e-5911-93be-b45283210a56,CMM-PUMP-82AEB3-001,BHEL-500042,BHEL,Centrifugal Pump Duplex Steel 3 in x 2 in,PUMP|CENTRIFUGAL_PUMP|DUPLEX_STEEL|3_IN_X_2_IN|IS_1520,DIRECT_ACCEPTED,CAN-009962;CAN-009992;CAN-010023;CAN-010024,NMC-REVIEWER-CHIEF,
a3a8d3c1-4b4c-525e-91cd-6a8204c4d77f,CMM-PUMP-82AEB3-001,HPCL-120046,HPCL,Centrifugal Pump 3 in x 2 in Duplex Steel,PUMP|CENTRIFUGAL_PUMP|DUPLEX_STEEL|3_IN_X_2_IN|IS_1520,DIRECT_ACCEPTED,CAN-009964;CAN-009994;CAN-010024;CAN-010054,NMC-REVIEWER-CHIEF,
99088d76-a627-5507-8bd7-1b8ae4e7997a,CMM-PUMP-82AEB3-001,IOCL-110046,IOCL,"IND.Centrifugal Pump, Duplex Steel, SIZE 3 in x 2 in",PUMP|CENTRIFUGAL_PUMP|DUPLEX_STEEL|3_IN_X_2_IN|IS_1520,DIRECT_ACCEPTED,CAN-009961;CAN-009992;CAN-009993;CAN-009994,NMC-REVIEWER-CHIEF,
1c7a2905-0290-5a11-bffc-fadd6e0aa3c1,CMM-PUMP-82AEB3-001,NMDC-410044,NMDC,SPARE-Centrifugal Pump Duplex Steel 3 in x 2 in,PUMP|CENTRIFUGAL_PUMP|DUPLEX_STEEL|3_IN_X_2_IN|IS_1520,DIRECT_ACCEPTED,CAN-009963;CAN-009993;CAN-010023;CAN-010054,NMC-REVIEWER-CHIEF,
ee526e36-b935-5f3b-8fb7-33f9ccad3e7c,CMM-PUMP-82AEB3-001,SAIL-300047,SAIL,IND.3 in x 2 in PUMP CENTRIF - Duplex Steel,PUMP|CENTRIFUGAL_PUMP|DUPLEX_STEEL|3_IN_X_2_IN|IS_1520,DIRECT_ACCEPTED,CAN-009961;CAN-009962;CAN-009963;CAN-009964,NMC-REVIEWER-CHIEF,
127c15af-f253-505f-9fa3-8c860388a184,CMM-PUMP-837FD0-001,BHEL-500060,BHEL,IND.CENT. PUMP Cast Iron 2 in x 1.5 in,PUMP|CENTRIFUGAL_PUMP|CAST_IRON|2_IN_X_15_IN|API_610|CAST,DIRECT_ACCEPTED,CAN-014582;CAN-014612,NMC-REVIEWER-CHIEF,
8cdf5a4d-8dcb-5303-80cb-430330ba31b9,CMM-PUMP-837FD0-001,CIL-400057,Coal India,SPARE-PUMP CENTRIF Cast Iron 2 in x 1.5 in,PUMP|CENTRIFUGAL_PUMP|CAST_IRON|2_IN_X_15_IN|API_610|CAST,DIRECT_ACCEPTED,CAN-014581;CAN-014582,NMC-REVIEWER-CHIEF,
9eb996b4-bc8b-58f2-b848-60af9c5cfbc5,CMM-PUMP-837FD0-001,ONGC-100060,ONGC,"SPARE-CENT. PUMP, Cast Iron, SIZE 2 in x 1.5 in",PUMP|CENTRIFUGAL_PUMP|CAST_IRON|2_IN_X_15_IN|API_610|CAST,DIRECT_ACCEPTED,CAN-014581;CAN-014612,NMC-REVIEWER-CHIEF,
878470b7-9918-588c-8ee8-35d7d43690eb,CMM-PUMP-84E179-001,ONGC-100153,ONGC,STORES ITEM 3 in x 2 in Gear Pump - SS316 300#,PUMP|STAINLESS_STEEL|SS_316|3_IN_X_2_IN|3_IN_X_2_IN|IS_1520|EPOXY_COATED,STANDALONE,,,
2ab83617-bada-5709-abaa-08796dfba48a,CMM-PUMP-853E3B-001,CIL-400241,Coal India,IND.MINE DEWATERING PUMP DN 150 Cast Iron,PUMP|CAST_IRON|DN_150|DN_150|IS_5120|CAST,STANDALONE,,,
e634ea1d-cc9b-5c0c-9d02-2f5900f3a39a,CMM-PUMP-889829-001,ONGC-100251,ONGC,"STORES ITEM MUD PUMP LINER, Alloy Steel, SIZE 6 in",PUMP|ALLOY_STEEL|6_IN|6_IN|API_7K,STANDALONE,,,
bd10b98e-63fe-50f1-924b-94bf5a02f9fe,CMM-PUMP-8B6C40-001,CIL-400254,Coal India,STORES ITEM MINE DEWATERING PUMP DN 150 Cast Iron,PUMP|CAST_IRON|DN_150|IS_5120|GALVANIZED|CAST,STANDALONE,,,
44a5df2e-8b11-5a10-aa2b-90b658bb858e,CMM-PUMP-8B76BE-001,HPCL-120214,HPCL,"STORES ITEM LPG Bottling Pump, Carbon Steel, SIZE DN 80",PUMP|CARBON_STEEL|CARBON_STEEL|DN_80|API_675,STANDALONE,,,
ba90509f-9da0-5c29-9fbf-3fc861c178a5,CMM-PUMP-8BAE9F-001,BHEL-500058,BHEL,STORES ITEM RECIPROCATING PUMP Duplex Steel DN 100,PUMP|DUPLEX_STEEL|DN_100|IS_1520,DIRECT_ACCEPTED,CAN-014041;CAN-014072;CAN-014073;CAN-014074;CAN-014075,NMC-REVIEWER-CHIEF,
a8de6fb5-2d66-5414-87eb-145c05e1969f,CMM-PUMP-8BAE9F-001,CIL-400054,Coal India,DN 100 Reciprocating Pump - Duplex Steel,PUMP|DUPLEX_STEEL|DN_100|IS_1520,DIRECT_ACCEPTED,CAN-014041;CAN-014042;CAN-014043;CAN-014044;CAN-014045,NMC-REVIEWER-CHIEF,
1b6f0eb4-cd2c-5429-8c8a-58bdd0d8147f,CMM-PUMP-8BAE9F-001,HPCL-120062,HPCL,STORES ITEM Reciprocating Pump Duplex Steel DN 100,PUMP|DUPLEX_STEEL|DN_100|IS_1520,DIRECT_ACCEPTED,CAN-014043;CAN-014073;CAN-014103;CAN-014134;CAN-014135,NMC-REVIEWER-CHIEF,
f7eaeeae-1969-517a-989f-ad40876bae57,CMM-PUMP-8BAE9F-001,IOCL-110060,IOCL,IND.DN 100 RECIPROCATING PUMP - Duplex Steel,PUMP|DUPLEX_STEEL|DN_100|IS_1520,DIRECT_ACCEPTED,CAN-014045;CAN-014075;CAN-014105;CAN-014135;CAN-014165,NMC-REVIEWER-CHIEF,
a5cb364b-7ffd-5ec6-b2f5-2bf17fcf33d1,CMM-PUMP-8BAE9F-001,NMDC-410061,NMDC,"STORES ITEM RECIPROCATING PUMP, Duplex Steel, SIZE DN 100",PUMP|DUPLEX_STEEL|DN_100|IS_1520,DIRECT_ACCEPTED,CAN-014042;CAN-014072;CAN-014103;CAN-014104;CAN-014105,NMC-REVIEWER-CHIEF,
b61a28cd-846b-5f29-b904-1e51a81cb5de,CMM-PUMP-8BAE9F-001,NTPC-200055,NTPC,STORES ITEM Reciprocating Pump Duplex Steel DN 100,PUMP|DUPLEX_STEEL|DN_100|IS_1520,DIRECT_ACCEPTED,CAN-014044;CAN-014074;CAN-014104;CAN-014134;CAN-014165,NMC-REVIEWER-CHIEF,
233191a0-1dd5-5d72-9e0e-6465075e936b,CMM-PUMP-8C5B3F-001,CIL-400273,Coal India,"STORES ITEM Mine Dewatering Pump, Cast Iron, SIZE DN 150",PUMP|CAST_IRON|DN_150|DN_150|IS_5120|GALVANIZED|CAST,STANDALONE,,,
a93a4ff2-1eb6-5194-99ca-3cac9abad5b6,CMM-PUMP-8DC0E9-001,ONGC-100236,ONGC,STORES ITEM MUD PUMP LINER Alloy Steel 6 in,PUMP|ALLOY_STEEL|6_IN|API_7K|GALVANIZED,STANDALONE,,,
bbdc09ca-0a45-54fd-b2f4-0bb225377eae,CMM-PUMP-8E1E73-001,ONGC-100248,ONGC,STORES ITEM Mud Pump Liner Alloy Steel 6 in,PUMP|ALLOY_STEEL|6_IN|6_IN|API_7K|EPOXY_COATED,STANDALONE,,,
8634d585-3f42-5409-b018-953ccbb6c9d7,CMM-PUMP-904476-001,BHEL-500142,BHEL,"Centrifugal Pump, Cast Iron, SIZE DN 80 150#",PUMP|CENTRIFUGAL_PUMP|CAST_IRON|DN_80|DN_80|IS_1520|CAST,DIRECT_ACCEPTED,CAN-032881;CAN-032882;CAN-032883,NMC-REVIEWER-CHIEF,
7d3e578c-dcb1-5920-a48d-cefa73d2fa75,CMM-PUMP-904476-001,IOCL-110126,IOCL,"IND.Centrifugal Pump, Cast Iron, SIZE DN 80 300#",PUMP|CENTRIFUGAL_PUMP|CAST_IRON|DN_80|DN_80|IS_1520|CAST,DIRECT_ACCEPTED,CAN-032881;CAN-032912,NMC-REVIEWER-CHIEF,
189d4231-a0a1-55c5-86b7-140783932b31,CMM-PUMP-904476-001,IOCL-110180,IOCL,IND.DN 80 Centrifugal Pump - Cast Iron 300#,PUMP|CENTRIFUGAL_PUMP|CAST_IRON|DN_80|DN_80|IS_1520|CAST,DIRECT_ACCEPTED,CAN-032883;CAN-046083,NMC-REVIEWER-CHIEF,
4a5572d5-cfd5-58b9-912a-28c6a3d1dd10,CMM-PUMP-904476-001,NTPC-200188,NTPC,"CENT. PUMP, Cast Iron, SIZE DN 80 150#",PUMP|CENTRIFUGAL_PUMP|CAST_IRON|DN_80|DN_80|IS_1520|CAST,DIRECT_ACCEPTED,CAN-032882;CAN-032912;CAN-046083,NMC-REVIEWER-CHIEF,
89a74a3a-f264-525b-805f-6611363586fa,CMM-PUMP-9080C7-001,HPCL-120079,HPCL,STORES ITEM CENT. PUMP DN 80 Carbon Steel,PUMP|CENTRIFUGAL_PUMP|CARBON_STEEL|CARBON_STEEL|DN_80|API_610,DIRECT_ACCEPTED,CAN-018061;CAN-018062,NMC-REVIEWER-CHIEF,
17cbb207-f743-54a2-9cc1-94368547f25b,CMM-PUMP-9080C7-001,NTPC-200073,NTPC,STORES ITEM Centrifugal Pump Carbon Steel DN 80,PUMP|CENTRIFUGAL_PUMP|CARBON_STEEL|CARBON_STEEL|DN_80|API_610,DIRECT_ACCEPTED,CAN-018062;CAN-018092,NMC-REVIEWER-CHIEF,
4894114c-7984-590f-9a50-bf3b11ff0fba,CMM-PUMP-9080C7-001,SAIL-300082,SAIL,Centrifugal Pump Carbon Steel DN 80,PUMP|CENTRIFUGAL_PUMP|CARBON_STEEL|CARBON_STEEL|DN_80|API_610,DIRECT_ACCEPTED,CAN-018061;CAN-018092,NMC-REVIEWER-CHIEF,
d514eb57-ff1b-5967-9009-ee1613811b5b,CMM-PUMP-90AAD2-001,ONGC-100252,ONGC,SPARE-Mud Pump Liner Alloy Steel 6 in,PUMP|ALLOY_STEEL|6_IN|API_7K|GALVANIZED,STANDALONE,,,
2b43d9bb-e2af-505e-90f0-02b6db8379c0,CMM-PUMP-91FC08-001,NMDC-410136,NMDC,IND.DN 100 RECIPROCATING PUMP - SS304 150#,PUMP|STAINLESS_STEEL|SS_304|DN_100|DN_100|API_610,STANDALONE,,,
e9852fd9-8698-5445-959f-f1e48bf0e3de,CMM-PUMP-928AFC-001,ONGC-100259,ONGC,MUD PUMP LINER 6 in Alloy Steel,PUMP|ALLOY_STEEL|6_IN|API_7K,STANDALONE,,,
c52f2f56-dfcc-5631-928c-2530b587a51b,CMM-PUMP-967877-001,CIL-400221,Coal India,"SPARE-Mine Dewatering Pump, Cast Iron, SIZE DN 150",PUMP|CAST_IRON|DN_150|IS_5120|CAST,STANDALONE,,,
8fbb496d-98a7-5510-af72-11c335ebef0e,CMM-PUMP-986768-001,CIL-400004,Coal India,SPARE-RECIPROCATING PUMP Carbon Steel DN 80,PUMP|CARBON_STEEL|CARBON_STEEL|DN_80|DN_80|IS_1520|PTFE_LINED,DIRECT_ACCEPTED,CAN-000511;CAN-000542;CAN-000543;CAN-000544;CAN-000545,NMC-REVIEWER-CHIEF,
5b0ac7f7-53b8-5180-badb-25ffd07c8cf5,CMM-PUMP-986768-001,IOCL-110004,IOCL,"SPARE-Reciprocating Pump, Carbon Steel, SIZE DN 80",PUMP|CARBON_STEEL|CARBON_STEEL|DN_80|DN_80|IS_1520|PTFE_LINED,DIRECT_ACCEPTED,CAN-000515;CAN-000545;CAN-000575;CAN-000605;CAN-000635,NMC-REVIEWER-CHIEF,
f4243388-711f-5b7a-8dd5-d9a54a132d5e,CMM-PUMP-986768-001,NMDC-410003,NMDC,"STORES ITEM RECIPROCATING PUMP, Carbon Steel, SIZE DN 80",PUMP|CARBON_STEEL|CARBON_STEEL|DN_80|DN_80|IS_1520|PTFE_LINED,DIRECT_ACCEPTED,CAN-000511;CAN-000512;CAN-000513;CAN-000514;CAN-000515,NMC-REVIEWER-CHIEF,
e83e9447-5ddf-5369-a5c1-e104c20fd809,CMM-PUMP-986768-001,NTPC-200002,NTPC,Reciprocating Pump DN 80 Carbon Steel,PUMP|CARBON_STEEL|CARBON_STEEL|DN_80|DN_80|IS_1520|PTFE_LINED,DIRECT_ACCEPTED,CAN-000514;CAN-000544;CAN-000574;CAN-000604;CAN-000635,NMC-REVIEWER-CHIEF,
9a3f9c5d-fc92-568f-bd09-5a2a165db55c,CMM-PUMP-986768-001,ONGC-100003,ONGC,IND.RECIPROCATING PUMP DN 80 Carbon Steel,PUMP|CARBON_STEEL|CARBON_STEEL|DN_80|DN_80|IS_1520|PTFE_LINED,DIRECT_ACCEPTED,CAN-000512;CAN-000542;CAN-000573;CAN-000574;CAN-000575,NMC-REVIEWER-CHIEF,
16d25031-45af-5991-95ae-d04d8d5d4fcf,CMM-PUMP-986768-001,SAIL-300004,SAIL,Reciprocating Pump DN 80 Carbon Steel,PUMP|CARBON_STEEL|CARBON_STEEL|DN_80|DN_80|IS_1520|PTFE_LINED,DIRECT_ACCEPTED,CAN-000513;CAN-000543;CAN-000573;CAN-000604;CAN-000605,NMC-REVIEWER-CHIEF,
bc6d4fe2-0fc0-51a4-966b-1a7187c443be,CMM-PUMP-9B401B-001,BHEL-500141,BHEL,GEAR PUMP 3 in x 2 in Duplex Steel 150#,PUMP|DUPLEX_STEEL|3_IN_X_2_IN|ISO_2858|ZINC_PLATED,DIRECT_ACCEPTED,CAN-032581,NMC-REVIEWER-CHIEF,
d0ec58b3-c976-585e-b9e9-12d900b95f50,CMM-PUMP-9B401B-001,IOCL-110122,IOCL,IND.3 in x 2 in GEAR PUMP - Duplex Steel 600#,PUMP|DUPLEX_STEEL|3_IN_X_2_IN|ISO_2858|ZINC_PLATED,DIRECT_ACCEPTED,CAN-032581,NMC-REVIEWER-CHIEF,
4364b440-68d1-5e23-a01c-e75649a05476,CMM-PUMP-9C898C-001,HPCL-120257,HPCL,"SPARE-LPG Bottling Pump, Carbon Steel, SIZE DN 80",PUMP|CARBON_STEEL|CARBON_STEEL|DN_80|API_675,STANDALONE,,,
0cdeae69-bb86-5d9c-a85c-cc531d3fe398,CMM-PUMP-9E3831-001,ONGC-100233,ONGC,Mud Pump Liner 6 in Alloy Steel,PUMP|ALLOY_STEEL|6_IN|API_7K,STANDALONE,,,
76d30db6-a887-5b3e-9f28-c19447a9e121,CMM-PUMP-9ED4F4-001,CIL-400074,Coal India,VERTICAL TURBINE PUMP Carbon Steel 3 in x 2 in,PUMP|CARBON_STEEL|CARBON_STEEL|3_IN_X_2_IN|3_IN_X_2_IN|IS_1520|PTFE_LINED|VERTICAL,DIRECT_ACCEPTED,CAN-020192;CAN-020222;CAN-020253;CAN-020254;CAN-020255,NMC-REVIEWER-CHIEF,
4e49ff69-df95-5a26-aa67-33f7747b17ea,CMM-PUMP-9ED4F4-001,HPCL-120089,HPCL,IND.Vertical Turbine Pump 3 in x 2 in Carbon Steel,PUMP|CARBON_STEEL|CARBON_STEEL|3_IN_X_2_IN|3_IN_X_2_IN|IS_1520|PTFE_LINED|VERTICAL,DIRECT_ACCEPTED,CAN-020193;CAN-020223;CAN-020253;CAN-020284;CAN-020285,NMC-REVIEWER-CHIEF,
9baa19ad-5dbb-5d98-a745-71c59cb476a4,CMM-PUMP-9ED4F4-001,IOCL-110083,IOCL,IND.VERTICAL TURBINE PUMP Carbon Steel 3 in x 2 in,PUMP|CARBON_STEEL|CARBON_STEEL|3_IN_X_2_IN|3_IN_X_2_IN|IS_1520|PTFE_LINED|VERTICAL,DIRECT_ACCEPTED,CAN-020191;CAN-020192;CAN-020193;CAN-020194;CAN-020195,NMC-REVIEWER-CHIEF,
f5cc5269-e925-5593-8c60-44c340d3fef7,CMM-PUMP-9ED4F4-001,NMDC-410090,NMDC,IND.Vertical Turbine Pump 3 in x 2 in Carbon Steel,PUMP|CARBON_STEEL|CARBON_STEEL|3_IN_X_2_IN|3_IN_X_2_IN|IS_1520|PTFE_LINED|VERTICAL,DIRECT_ACCEPTED,CAN-020194;CAN-020224;CAN-020254;CAN-020284;CAN-020315,NMC-REVIEWER-CHIEF,
c3dd57cb-3402-5d64-8a95-749abc0ac631,CMM-PUMP-9ED4F4-001,ONGC-100084,ONGC,3 in x 2 in VERTICAL TURBINE PUMP - Carbon Steel,PUMP|CARBON_STEEL|CARBON_STEEL|3_IN_X_2_IN|3_IN_X_2_IN|IS_1520|PTFE_LINED|VERTICAL,DIRECT_ACCEPTED,CAN-020195;CAN-020225;CAN-020255;CAN-020285;CAN-020315,NMC-REVIEWER-CHIEF,
04b1f0e6-4b1f-5cc9-93bf-089fcfd0b7e1,CMM-PUMP-9ED4F4-001,SAIL-300090,SAIL,"IND.Vertical Turbine Pump, Carbon Steel, SIZE 3 in x 2 in",PUMP|CARBON_STEEL|CARBON_STEEL|3_IN_X_2_IN|3_IN_X_2_IN|IS_1520|PTFE_LINED|VERTICAL,DIRECT_ACCEPTED,CAN-020191;CAN-020222;CAN-020223;CAN-020224;CAN-020225,NMC-REVIEWER-CHIEF,
07975cae-2f22-5c1e-ae1a-9c883a2972f1,CMM-PUMP-9FBD52-001,HPCL-120172,HPCL,IND.DN 100 SUBMERSIBLE PUMP - Carbon Steel 600#,PUMP|CARBON_STEEL|CARBON_STEEL|DN_100|DN_100|ISO_2858,STANDALONE,,,
13973911-9b3d-5583-96e7-29ada2fe2642,CMM-PUMP-A17412-001,CIL-400267,Coal India,"IND.MINE DEWATERING PUMP, Cast Iron, SIZE DN 150",PUMP|CAST_IRON|DN_150|DN_150|IS_5120|CAST,STANDALONE,,,
33a2a994-3161-5ea7-810f-c6b6a299ec0c,CMM-PUMP-A2476D-001,CIL-400255,Coal India,"IND.MINE DEWATERING PUMP, Cast Iron, SIZE DN 150",PUMP|CAST_IRON|DN_150|DN_150|IS_5120|PTFE_LINED|CAST,STANDALONE,,,
8d093567-0c0b-55ca-a5c2-937fdb324b13,CMM-PUMP-A2E964-001,SAIL-300181,SAIL,IND.PUMP CENTRIF 150# SS316 3 in x 2 in,PUMP|CENTRIFUGAL_PUMP|STAINLESS_STEEL|SS_316|3_IN_X_2_IN|ISO_2858|PTFE_LINED,STANDALONE,,,
d062b5c6-187e-573d-8c2a-06936409af14,CMM-PUMP-A34FDE-001,ONGC-100210,ONGC,STORES ITEM 6 in MUD PUMP LINER - Alloy Steel,PUMP|ALLOY_STEEL|6_IN|6_IN|API_7K,STANDALONE,,,
f870caf3-302d-5b61-96df-c000b8324fb0,CMM-PUMP-A4C583-001,BHEL-500159,BHEL,STORES ITEM Gear Pump 300# SS304 DN 80,PUMP|STAINLESS_STEEL|SS_304|DN_80|DN_80|API_610,STANDALONE,,,
1589d60a-2336-51d0-925d-8eeea0f65330,CMM-PUMP-A65FFE-001,CIL-400197,Coal India,"STORES ITEM Mine Dewatering Pump, Cast Iron, SIZE DN 150",PUMP|CAST_IRON|DN_150|IS_5120|CAST,STANDALONE,,,
01025a62-fd91-52d9-b013-57cba6b9df0a,CMM-PUMP-A94855-001,BHEL-500151,BHEL,"STORES ITEM RECIPROCATING PUMP, Alloy Steel, SIZE 2 in x 1.5 in 600#",PUMP|ALLOY_STEEL|2_IN_X_15_IN|ISO_2858|PTFE_LINED,STANDALONE,,,
be7eec6f-60c7-51fa-8fd9-f244618b4277,CMM-PUMP-A9BFE8-001,ONGC-100126,ONGC,"IND.Centrifugal Pump, Alloy Steel, SIZE DN 100 300#",PUMP|CENTRIFUGAL_PUMP|ALLOY_STEEL|DN_100|DN_100|IS_1520,STANDALONE,,,
bd6e0346-652f-56e8-82f4-67f673983915,CMM-PUMP-AAD6FC-001,CIL-400238,Coal India,SPARE-MINE DEWATERING PUMP DN 150 Cast Iron,PUMP|CAST_IRON|DN_150|DN_150|IS_5120|CAST,STANDALONE,,,
d3257772-1b2f-5aee-a218-0f4db36d15fd,CMM-PUMP-AB7AFD-001,HPCL-120233,HPCL,"SPARE-LPG Bottling Pump, Carbon Steel, SIZE DN 80",PUMP|CARBON_STEEL|CARBON_STEEL|DN_80|API_675,STANDALONE,,,
9e83f11e-c2bd-5e11-ba94-660df8713466,CMM-PUMP-ABADA7-001,HPCL-120246,HPCL,STORES ITEM LPG BOTTLING PUMP DN 80 Carbon Steel,PUMP|CARBON_STEEL|CARBON_STEEL|DN_80|API_675,STANDALONE,,,
e02eca0d-0252-5d90-931b-e3a81dbe53a2,CMM-PUMP-AEA48C-001,CIL-400251,Coal India,Mine Dewatering Pump Cast Iron DN 150,PUMP|CAST_IRON|DN_150|DN_150|IS_5120|GALVANIZED|CAST,STANDALONE,,,
77cdec0b-961b-5915-9dfa-11fd39e8e33a,CMM-PUMP-B15BF5-001,ONGC-100256,ONGC,"MUD PUMP LINER, Alloy Steel, SIZE 6 in",PUMP|ALLOY_STEEL|6_IN|6_IN|API_7K,STANDALONE,,,
dbf798f1-36fd-51c0-b52f-96644e9b28f7,CMM-PUMP-B641EB-001,HPCL-120218,HPCL,DN 80 LPG BOTTLING PUMP - Carbon Steel,PUMP|CARBON_STEEL|CARBON_STEEL|DN_80|DN_80|API_675|EPOXY_COATED,STANDALONE,,,
ea4c1959-c322-5e06-b236-a88634e5350a,CMM-PUMP-B65FD2-001,CIL-400122,Coal India,IND.DN 100 Centrifugal Pump - Carbon Steel 600#,PUMP|CENTRIFUGAL_PUMP|CARBON_STEEL|CARBON_STEEL|DN_100|DN_100|IS_1520,STANDALONE,,,
9f625319-612a-557d-88e8-5ee22d95b9a0,CMM-PUMP-B74A23-001,HPCL-120275,HPCL,STORES ITEM DN 80 LPG Bottling Pump - Carbon Steel,PUMP|CARBON_STEEL|CARBON_STEEL|DN_80|API_675,STANDALONE,,,
907e3428-bc54-59cb-835f-6138b4b9d923,CMM-PUMP-B7CFA3-001,CIL-400227,Coal India,STORES ITEM DN 150 MINE DEWATERING PUMP - Cast Iron,PUMP|CAST_IRON|DN_150|DN_150|IS_5120|CAST,STANDALONE,,,
e1295dcc-8500-5505-a355-ec0d8730c62b,CMM-PUMP-B81BDC-001,BHEL-500152,BHEL,"IND.Gear Pump, SS316, SIZE 3 in x 2 in 600#",PUMP|STAINLESS_STEEL|SS_316|3_IN_X_2_IN|API_610,STANDALONE,,,
49cad6c5-9c41-598e-a761-e65dd9e1baf9,CMM-PUMP-BA45D5-001,CIL-400084,Coal India,"IND.Centrifugal Pump, Carbon Steel, SIZE DN 100",PUMP|CENTRIFUGAL_PUMP|CARBON_STEEL|CARBON_STEEL|DN_100|IS_1520|ZINC_PLATED,DIRECT_ACCEPTED,CAN-022021;CAN-022052;CAN-022053;CAN-022054;CAN-022055,NMC-REVIEWER-CHIEF,
e8e67f98-6295-596d-90f9-123328b4e59f,CMM-PUMP-BA45D5-001,HPCL-120095,HPCL,DN 100 Centrifugal Pump - Carbon Steel,PUMP|CENTRIFUGAL_PUMP|CARBON_STEEL|CARBON_STEEL|DN_100|IS_1520|ZINC_PLATED,DIRECT_ACCEPTED,CAN-022022;CAN-022052;CAN-022083;CAN-022084;CAN-022085,NMC-REVIEWER-CHIEF,
dc7d9f3b-5cb6-562d-9a49-9ff6ca49f98f,CMM-PUMP-BA45D5-001,IOCL-110091,IOCL,IND.DN 100 Centrifugal Pump - Carbon Steel,PUMP|CENTRIFUGAL_PUMP|CARBON_STEEL|CARBON_STEEL|DN_100|IS_1520|ZINC_PLATED,DIRECT_ACCEPTED,CAN-022025;CAN-022055;CAN-022085;CAN-022115;CAN-022145,NMC-REVIEWER-CHIEF,
bb6829b0-a155-583c-8d5f-7027f027f199,CMM-PUMP-BA45D5-001,NTPC-200088,NTPC,STORES ITEM Centrifugal Pump Carbon Steel DN 100,PUMP|CENTRIFUGAL_PUMP|CARBON_STEEL|CARBON_STEEL|DN_100|IS_1520|ZINC_PLATED,DIRECT_ACCEPTED,CAN-022021;CAN-022022;CAN-022023;CAN-022024;CAN-022025,NMC-REVIEWER-CHIEF,
fbe0bef3-d667-5eb1-924c-e028f715b00c,CMM-PUMP-BA45D5-001,ONGC-100093,ONGC,DN 100 CENT. PUMP - Carbon Steel,PUMP|CENTRIFUGAL_PUMP|CARBON_STEEL|CARBON_STEEL|DN_100|IS_1520|ZINC_PLATED,DIRECT_ACCEPTED,CAN-022024;CAN-022054;CAN-022084;CAN-022114;CAN-022145,NMC-REVIEWER-CHIEF,
5f9817d9-8719-5394-a228-3a1e49067ff8,CMM-PUMP-BA45D5-001,SAIL-300099,SAIL,"PUMP CENTRIF, Carbon Steel, SIZE DN 100",PUMP|CENTRIFUGAL_PUMP|CARBON_STEEL|CARBON_STEEL|DN_100|IS_1520|ZINC_PLATED,DIRECT_ACCEPTED,CAN-022023;CAN-022053;CAN-022083;CAN-022114;CAN-022115,NMC-REVIEWER-CHIEF,
d83c4832-3da1-5ff6-a33d-37381a7a86db,CMM-PUMP-BBD3FB-001,HPCL-120120,HPCL,"GEAR PUMP, Cast Iron, SIZE DN 80 600#",PUMP|CAST_IRON|DN_80|DN_80|ISO_2858|CAST,DIRECT_ACCEPTED,CAN-027061,NMC-REVIEWER-CHIEF,
21e3890a-3b64-512e-9e04-5261b68d359f,CMM-PUMP-BBD3FB-001,NTPC-200111,NTPC,IND.Gear Pump 300# Cast Iron DN 80,PUMP|CAST_IRON|DN_80|DN_80|ISO_2858|CAST,DIRECT_ACCEPTED,CAN-027061,NMC-REVIEWER-CHIEF,
d350f76e-93e4-5764-8262-4e570d06ec0d,CMM-PUMP-BCF65E-001,ONGC-100222,ONGC,SPARE-MUD PUMP LINER Alloy Steel 6 in,PUMP|ALLOY_STEEL|6_IN|6_IN|API_7K,STANDALONE,,,
de965016-77d1-533e-89b3-ca3b067879e8,CMM-PUMP-BE39AD-001,CIL-400219,Coal India,MINE DEWATERING PUMP DN 150 Cast Iron,PUMP|CAST_IRON|DN_150|DN_150|IS_5120|CAST,STANDALONE,,,
a6c10c86-674b-5cba-a160-fff7e5c480ef,CMM-PUMP-BEDFE4-001,CIL-400224,Coal India,SPARE-DN 150 Mine Dewatering Pump - Cast Iron,PUMP|CAST_IRON|DN_150|IS_5120|ZINC_PLATED|CAST,STANDALONE,,,
1dbb02ba-8147-591d-9358-dfadb5119ec7,CMM-PUMP-BF91E1-001,HPCL-120262,HPCL,"IND.LPG BOTTLING PUMP, Carbon Steel, SIZE DN 80",PUMP|CARBON_STEEL|CARBON_STEEL|DN_80|API_675,STANDALONE,,,
67a4b087-8077-5123-bb4e-7cbd39f31186,CMM-PUMP-BFB563-001,SAIL-300139,SAIL,IND.GEAR PUMP DN 80 Alloy Steel 600#,PUMP|ALLOY_STEEL|DN_80|DN_80|API_610,STANDALONE,,,
00311f36-7d48-5d0c-8a73-6c75d383e885,CMM-PUMP-C081C4-001,NTPC-200142,NTPC,SPARE-3 in x 2 in Gear Pump - SS304 150#,PUMP|STAINLESS_STEEL|SS_304|3_IN_X_2_IN|3_IN_X_2_IN|ISO_2858|PTFE_LINED,STANDALONE,,,
c29fdcc2-204b-5932-bab6-850462e772e3,CMM-PUMP-C0B737-001,CIL-400275,Coal India,"SPARE-MINE DEWATERING PUMP, Cast Iron, SIZE DN 150",PUMP|CAST_IRON|DN_150|DN_150|IS_5120|CAST,STANDALONE,,,
2077a99d-d89a-5175-b78e-17261d33c44a,CMM-PUMP-C134B9-001,NTPC-200105,NTPC,SPARE-2 in x 1.5 in Submersible Pump - Carbon Steel 150#,PUMP|CARBON_STEEL|CARBON_STEEL|2_IN_X_15_IN|2_IN_X_15_IN|IS_1520,STANDALONE,,,
d6521b3b-37eb-5229-9e0f-1f7ecf64b40e,CMM-PUMP-C152DF-001,CIL-400274,Coal India,STORES ITEM Mine Dewatering Pump Cast Iron DN 150,PUMP|CAST_IRON|DN_150|IS_5120|CAST,STANDALONE,,,
aadf78a5-9e56-5175-a528-2cf4c373be17,CMM-PUMP-C1B804-001,HPCL-120266,HPCL,LPG Bottling Pump DN 80 Carbon Steel,PUMP|CARBON_STEEL|CARBON_STEEL|DN_80|API_675|EPOXY_COATED,STANDALONE,,,
74767a2a-8aa7-58d5-9c71-6363acb12cf8,CMM-PUMP-C1F38D-001,CIL-400268,Coal India,"STORES ITEM Mine Dewatering Pump, Cast Iron, SIZE DN 150",PUMP|CAST_IRON|DN_150|IS_5120|CAST,STANDALONE,,,
328caeef-332b-55ab-bef5-2b382973858c,CMM-PUMP-C40088-001,HPCL-120162,HPCL,STORES ITEM Centrifugal Pump 150# Duplex Steel DN 80,PUMP|CENTRIFUGAL_PUMP|DUPLEX_STEEL|DN_80|DN_80|ISO_2858,DIRECT_ACCEPTED,CAN-037681,NMC-REVIEWER-CHIEF,
14fdee96-5b8e-576f-bad8-cdc3ce8a9fa7,CMM-PUMP-C40088-001,SAIL-300161,SAIL,STORES ITEM CENT. PUMP DN 80 Duplex Steel 600#,PUMP|CENTRIFUGAL_PUMP|DUPLEX_STEEL|DN_80|DN_80|ISO_2858,DIRECT_ACCEPTED,CAN-037681,NMC-REVIEWER-CHIEF,
20658e02-145b-5a87-96b4-170040ea8d48,CMM-PUMP-C56722-001,CIL-400234,Coal India,"IND.MINE DEWATERING PUMP, Cast Iron, SIZE DN 150",PUMP|CAST_IRON|DN_150|DN_150|IS_5120|CAST,STANDALONE,,,
70a55d2e-7b92-59a2-85fe-d73bd0e41352,CMM-PUMP-C8FAAC-001,IOCL-110132,IOCL,"GEAR PUMP, SS316, SIZE 3 in x 2 in 600#",PUMP|STAINLESS_STEEL|SS_316|3_IN_X_2_IN|3_IN_X_2_IN|ISO_2858|PTFE_LINED,STANDALONE,,,
3083504c-2721-5cf2-8426-17b3fd778558,CMM-PUMP-C9BFA5-001,BHEL-500154,BHEL,SPARE-Vertical Turbine Pump 2 in x 1.5 in SS304 300#,PUMP|STAINLESS_STEEL|SS_304|2_IN_X_15_IN|IS_1520|VERTICAL,STANDALONE,,,
2cdc61ce-9af3-557e-ad78-c6fcd5869a68,CMM-PUMP-CA9276-001,CIL-400203,Coal India,DN 150 MINE DEWATERING PUMP - Cast Iron,PUMP|CAST_IRON|DN_150|IS_5120|CAST,STANDALONE,,,
3d1625bf-e017-5563-8096-37fa966a3b80,CMM-PUMP-CAB76F-001,NMDC-410151,NMDC,IND.GEAR PUMP 300# SS304 2 in x 1.5 in,PUMP|STAINLESS_STEEL|SS_304|2_IN_X_15_IN|2_IN_X_15_IN|IS_1520|ZINC_PLATED,STANDALONE,,,
9bc435a9-ad3c-5f23-9bfa-28b3ec1af446,CMM-PUMP-CAD34F-001,HPCL-120223,HPCL,"LPG Bottling Pump, Carbon Steel, SIZE DN 80",PUMP|CARBON_STEEL|CARBON_STEEL|DN_80|API_675,STANDALONE,,,
aef26317-f315-54d4-b7c3-484a5e806f2d,CMM-PUMP-CBCD97-001,BHEL-500135,BHEL,STORES ITEM PUMP CENTRIF 2 in x 1.5 in Cast Iron 300#,PUMP|CENTRIFUGAL_PUMP|CAST_IRON|2_IN_X_15_IN|IS_1520|CAST,DIRECT_ACCEPTED,CAN-031861,NMC-REVIEWER-CHIEF,
7cad7bf6-7636-54aa-ada4-275bae61611a,CMM-PUMP-CBCD97-001,NMDC-410137,NMDC,IND.PUMP CENTRIF 2 in x 1.5 in Cast Iron 600#,PUMP|CENTRIFUGAL_PUMP|CAST_IRON|2_IN_X_15_IN|IS_1520|CAST,DIRECT_ACCEPTED,CAN-031861,NMC-REVIEWER-CHIEF,
6b4d5b7c-82b4-5c0e-8421-29485adf72d5,CMM-PUMP-CD436E-001,CIL-400146,Coal India,STORES ITEM PUMP CENTRIF DN 100 Duplex Steel 600#,PUMP|CENTRIFUGAL_PUMP|DUPLEX_STEEL|DN_100|IS_1520,DIRECT_ACCEPTED,CAN-036241,NMC-REVIEWER-CHIEF,
de5719e0-dc4f-5625-b2fb-04a4affd3fcd,CMM-PUMP-CD436E-001,SAIL-300154,SAIL,"CENT. PUMP, Duplex Steel, SIZE DN 100 150#",PUMP|CENTRIFUGAL_PUMP|DUPLEX_STEEL|DN_100|IS_1520,DIRECT_ACCEPTED,CAN-036241,NMC-REVIEWER-CHIEF,
23352735-be22-5687-abdc-1f0565de07ff,CMM-PUMP-CDE241-001,CIL-400230,Coal India,SPARE-MINE DEWATERING PUMP DN 150 Cast Iron,PUMP|CAST_IRON|DN_150|DN_150|IS_5120|CAST,STANDALONE,,,
ab5c2970-94fd-52b9-9988-d7d131f02c61,CMM-PUMP-CDEB5A-001,HPCL-120212,HPCL,"LPG BOTTLING PUMP, Carbon Steel, SIZE DN 80",PUMP|CARBON_STEEL|CARBON_STEEL|DN_80|DN_80|API_675,STANDALONE,,,
77ebf285-3dc7-587b-9f7d-3c27b12ca441,CMM-PUMP-CF08C1-001,CIL-400073,Coal India,PUMP CENTRIF Carbon Steel 2 in x 1.5 in,PUMP|CENTRIFUGAL_PUMP|CARBON_STEEL|CARBON_STEEL|2_IN_X_15_IN|API_610,DIRECT_ACCEPTED,CAN-019351;CAN-019382;CAN-019383,NMC-REVIEWER-CHIEF,
70a4a3a6-2c4f-5ab4-9aa3-96958d45989a,CMM-PUMP-CF08C1-001,NMDC-410086,NMDC,SPARE-Centrifugal Pump Carbon Steel 2 in x 1.5 in,PUMP|CENTRIFUGAL_PUMP|CARBON_STEEL|CARBON_STEEL|2_IN_X_15_IN|API_610,DIRECT_ACCEPTED,CAN-019353;CAN-019383;CAN-019413,NMC-REVIEWER-CHIEF,
dc1d3948-1d76-582c-8c49-f00fbdcf7819,CMM-PUMP-CF08C1-001,NTPC-200080,NTPC,SPARE-CENT. PUMP 2 in x 1.5 in Carbon Steel,PUMP|CENTRIFUGAL_PUMP|CARBON_STEEL|CARBON_STEEL|2_IN_X_15_IN|API_610,DIRECT_ACCEPTED,CAN-019352;CAN-019382;CAN-019413,NMC-REVIEWER-CHIEF,
263ca684-3afc-5331-9300-a7fe1460663a,CMM-PUMP-CF08C1-001,SAIL-300087,SAIL,IND.2 in x 1.5 in Centrifugal Pump - Carbon Steel,PUMP|CENTRIFUGAL_PUMP|CARBON_STEEL|CARBON_STEEL|2_IN_X_15_IN|API_610,DIRECT_ACCEPTED,CAN-019351;CAN-019352;CAN-019353,NMC-REVIEWER-CHIEF,
3fcd2123-fc2b-5428-a1ea-ff01af8e0fea,CMM-PUMP-D01AD9-001,HPCL-120241,HPCL,LPG Bottling Pump Carbon Steel DN 80,PUMP|CARBON_STEEL|CARBON_STEEL|DN_80|API_675,STANDALONE,,,
421f7f3a-3987-54bc-940d-62d0ec896c2f,CMM-PUMP-D06965-001,HPCL-120146,HPCL,RECIPROCATING PUMP 150# Cast Iron DN 100,PUMP|CAST_IRON|DN_100|DN_100|ISO_2858|CAST,DIRECT_ACCEPTED,CAN-034201;CAN-034232;CAN-034233,NMC-REVIEWER-CHIEF,
a0819438-e18e-570a-b9c1-367ee986f0c8,CMM-PUMP-D06965-001,NMDC-410148,NMDC,SPARE-DN 100 Reciprocating Pump - Cast Iron 600#,PUMP|CAST_IRON|DN_100|DN_100|ISO_2858|CAST,DIRECT_ACCEPTED,CAN-034203;CAN-034233;CAN-035103,NMC-REVIEWER-CHIEF,
95a3a72a-7cc5-5cee-bed8-ca11fc551ee6,CMM-PUMP-D06965-001,NTPC-200141,NTPC,Reciprocating Pump 600# Cast Iron DN 100,PUMP|CAST_IRON|DN_100|DN_100|ISO_2858|CAST,DIRECT_ACCEPTED,CAN-034201;CAN-034202;CAN-034203,NMC-REVIEWER-CHIEF,
e45a3587-44d7-50c8-b2b7-14b2af75aea5,CMM-PUMP-D06965-001,SAIL-300151,SAIL,RECIPROCATING PUMP DN 100 Cast Iron 150#,PUMP|CAST_IRON|DN_100|DN_100|ISO_2858|CAST,DIRECT_ACCEPTED,CAN-034202;CAN-034232;CAN-035103,NMC-REVIEWER-CHIEF,
2d507f8d-361b-5dc6-b8fc-1d8db66286b5,CMM-PUMP-D0ED1D-001,CIL-400144,Coal India,STORES ITEM DN 80 Centrifugal Pump - SS316 150#,PUMP|CENTRIFUGAL_PUMP|STAINLESS_STEEL|SS_316|DN_80|IS_1520,STANDALONE,,,
78357471-47e5-529d-8761-0132e7348cef,CMM-PUMP-D12801-001,CIL-400257,Coal India,MINE DEWATERING PUMP Cast Iron DN 150,PUMP|CAST_IRON|DN_150|IS_5120|CAST,STANDALONE,,,
7e9cf29f-6dae-5209-8516-ce3526fce73e,CMM-PUMP-D1A263-001,HPCL-120205,HPCL,DN 80 LPG Bottling Pump - Carbon Steel,PUMP|CARBON_STEEL|CARBON_STEEL|DN_80|DN_80|API_675,STANDALONE,,,
1d58aefc-a8af-591d-b36e-52e25e495328,CMM-PUMP-D1CD5C-001,HPCL-120274,HPCL,LPG Bottling Pump DN 80 Carbon Steel,PUMP|CARBON_STEEL|CARBON_STEEL|DN_80|API_675,STANDALONE,,,
54307731-4664-5925-9c8b-e16cc2423df4,CMM-PUMP-D36460-001,ONGC-100241,ONGC,IND.MUD PUMP LINER 6 in Alloy Steel,PUMP|ALLOY_STEEL|6_IN|6_IN|API_7K,STANDALONE,,,
b19f1414-1a4a-5d69-8a9a-8ed59cb16902,CMM-PUMP-D3FA3F-001,CIL-400119,Coal India,SPARE-2 in x 1.5 in VERTICAL TURBINE PUMP - Duplex Steel 600#,PUMP|DUPLEX_STEEL|2_IN_X_15_IN|ISO_2858|VERTICAL,DIRECT_ACCEPTED,CAN-029101,NMC-REVIEWER-CHIEF,
52e09982-0850-5ec3-b14a-6ee2a0172f92,CMM-PUMP-D3FA3F-001,NTPC-200119,NTPC,"IND.VERTICAL TURBINE PUMP, Duplex Steel, SIZE 2 in x 1.5 in 150#",PUMP|DUPLEX_STEEL|2_IN_X_15_IN|ISO_2858|VERTICAL,DIRECT_ACCEPTED,CAN-029101,NMC-REVIEWER-CHIEF,
206db32e-0b9a-5d7f-823e-295581ba22bf,CMM-PUMP-D585B9-001,BHEL-500136,BHEL,SPARE-GEAR PUMP 150# SS304 2 in x 1.5 in,PUMP|STAINLESS_STEEL|SS_304|2_IN_X_15_IN|API_610,STANDALONE,,,
9260ed69-c366-5739-9a13-c5c01dca9896,CMM-PUMP-DB6C55-001,BHEL-500035,BHEL,SPARE-RECIPROCATING PUMP 2 in x 1.5 in Cast Iron,PUMP|CAST_IRON|2_IN_X_15_IN|2_IN_X_15_IN|ISO_2858|GALVANIZED|CAST,DIRECT_ACCEPTED,CAN-008044;CAN-008074;CAN-008104;CAN-008134,NMC-REVIEWER-CHIEF,
280a1724-acb5-5623-9208-8627d1fad0e7,CMM-PUMP-DB6C55-001,IOCL-110038,IOCL,"STORES ITEM Reciprocating Pump, Cast Iron, SIZE 2 in x 1.5 in",PUMP|CAST_IRON|2_IN_X_15_IN|2_IN_X_15_IN|ISO_2858|GALVANIZED|CAST,DIRECT_ACCEPTED,CAN-008041;CAN-008042;CAN-008043;CAN-008044,NMC-REVIEWER-CHIEF,
5dd84861-6e03-5455-89d3-3bec79b9ca9a,CMM-PUMP-DB6C55-001,NMDC-410035,NMDC,2 in x 1.5 in Reciprocating Pump - Cast Iron,PUMP|CAST_IRON|2_IN_X_15_IN|2_IN_X_15_IN|ISO_2858|GALVANIZED|CAST,DIRECT_ACCEPTED,CAN-008042;CAN-008072;CAN-008103;CAN-008104,NMC-REVIEWER-CHIEF,
7dd506cc-e5bd-5f1f-8775-66bb1da39a42,CMM-PUMP-DB6C55-001,NTPC-200031,NTPC,2 in x 1.5 in RECIPROCATING PUMP - Cast Iron,PUMP|CAST_IRON|2_IN_X_15_IN|2_IN_X_15_IN|ISO_2858|GALVANIZED|CAST,DIRECT_ACCEPTED,CAN-008041;CAN-008072;CAN-008073;CAN-008074,NMC-REVIEWER-CHIEF,
81cbac0a-66b1-5037-b9de-04dc5b8bc16d,CMM-PUMP-DB6C55-001,SAIL-300038,SAIL,"IND.Reciprocating Pump, Cast Iron, SIZE 2 in x 1.5 in",PUMP|CAST_IRON|2_IN_X_15_IN|2_IN_X_15_IN|ISO_2858|GALVANIZED|CAST,DIRECT_ACCEPTED,CAN-008043;CAN-008073;CAN-008103;CAN-008134,NMC-REVIEWER-CHIEF,
fd3534e4-fff4-5cc4-bab7-ccc8523656e7,CMM-PUMP-DBFE2C-001,ONGC-100123,ONGC,PUMP CENTRIF 300# Carbon Steel 3 in x 2 in,PUMP|CENTRIFUGAL_PUMP|CARBON_STEEL|CARBON_STEEL|3_IN_X_2_IN|API_610,STANDALONE,,,
173983da-fa89-5797-9c37-5829bd7819e3,CMM-PUMP-DFF5C6-001,HPCL-120268,HPCL,"IND.LPG BOTTLING PUMP, Carbon Steel, SIZE DN 80",PUMP|CARBON_STEEL|CARBON_STEEL|DN_80|API_675|ZINC_PLATED,STANDALONE,,,
f3428681-f2dd-54b1-b9ad-aa7de3aa7bd0,CMM-PUMP-E00533-001,ONGC-100230,ONGC,"SPARE-Mud Pump Liner, Alloy Steel, SIZE 6 in",PUMP|ALLOY_STEEL|6_IN|API_7K|ZINC_PLATED,STANDALONE,,,
5fd61ada-a509-5e88-8f2a-02a026a1a608,CMM-PUMP-E22A9D-001,CIL-400167,Coal India,SPARE-3 in x 2 in GEAR PUMP - Duplex Steel 150#,PUMP|DUPLEX_STEEL|3_IN_X_2_IN|3_IN_X_2_IN|IS_1520,DIRECT_ACCEPTED,CAN-041281,NMC-REVIEWER-CHIEF,
d3bdf8b5-6fbc-5cc6-8b50-65ed06690aa8,CMM-PUMP-E22A9D-001,NTPC-200168,NTPC,SPARE-Gear Pump 3 in x 2 in Duplex Steel 600#,PUMP|DUPLEX_STEEL|3_IN_X_2_IN|3_IN_X_2_IN|IS_1520,DIRECT_ACCEPTED,CAN-041281,NMC-REVIEWER-CHIEF,
d44099c3-6012-5392-a8dd-1a8ad664303d,CMM-PUMP-E31790-001,IOCL-110016,IOCL,IND.SUBMERSIBLE PUMP SS316 DN 80,PUMP|STAINLESS_STEEL|SS_316|DN_80|DN_80|ISO_2858|PTFE_LINED,DIRECT_ACCEPTED,CAN-003271;CAN-003272,NMC-REVIEWER-CHIEF,
6fb1e336-6f9e-5796-9e5f-a67f90e87348,CMM-PUMP-E31790-001,NMDC-410014,NMDC,SUBMERSIBLE PUMP DN 80 SS316,PUMP|STAINLESS_STEEL|SS_316|DN_80|DN_80|ISO_2858|PTFE_LINED,DIRECT_ACCEPTED,CAN-003271;CAN-003302,NMC-REVIEWER-CHIEF,
3f310e99-2ce3-5623-bb6a-ccd67e923fb3,CMM-PUMP-E31790-001,NTPC-200014,NTPC,STORES ITEM SUBMERSIBLE PUMP DN 80 SS316,PUMP|STAINLESS_STEEL|SS_316|DN_80|DN_80|ISO_2858|PTFE_LINED,DIRECT_ACCEPTED,CAN-003272;CAN-003302,NMC-REVIEWER-CHIEF,
e143a094-040f-5d5f-ae65-98833efa8f95,CMM-PUMP-E367B3-001,CIL-400245,Coal India,"SPARE-Mine Dewatering Pump, Cast Iron, SIZE DN 150",PUMP|CAST_IRON|DN_150|IS_5120|CAST,STANDALONE,,,
53b3262c-cfb8-5439-bd43-c7019397f693,CMM-PUMP-E593A0-001,CIL-400231,Coal India,Mine Dewatering Pump Cast Iron DN 150,PUMP|CAST_IRON|DN_150|DN_150|IS_5120|CAST,STANDALONE,,,
6d5fd5a9-9c26-53e5-84db-04c823b5d10b,CMM-PUMP-E5F7C9-001,HPCL-120250,HPCL,SPARE-LPG BOTTLING PUMP Carbon Steel DN 80,PUMP|CARBON_STEEL|CARBON_STEEL|DN_80|DN_80|API_675,STANDALONE,,,
590672d0-dace-5865-8cb8-3cd7d341132b,CMM-PUMP-E68106-001,HPCL-120254,HPCL,IND.DN 80 LPG BOTTLING PUMP - Carbon Steel,PUMP|CARBON_STEEL|CARBON_STEEL|DN_80|API_675,STANDALONE,,,
c104b021-4cd0-55ad-a3a3-14177de820f1,CMM-PUMP-E80267-001,NMDC-410152,NMDC,IND.2 in x 1.5 in Vertical Turbine Pump - SS316 150#,PUMP|STAINLESS_STEEL|SS_316|2_IN_X_15_IN|IS_1520|VERTICAL,STANDALONE,,,
d48cef5d-4638-52b7-aa7b-9abdf793c22b,CMM-PUMP-E8E8DD-001,CIL-400250,Coal India,"Mine Dewatering Pump, Cast Iron, SIZE DN 150",PUMP|CAST_IRON|DN_150|DN_150|IS_5120|GALVANIZED|CAST,STANDALONE,,,
6bd46efb-eee0-565d-878d-b0834ae472ff,CMM-PUMP-E9BB25-001,ONGC-100157,ONGC,SPARE-Gear Pump 150# SS316 2 in x 1.5 in,PUMP|STAINLESS_STEEL|SS_316|2_IN_X_15_IN|2_IN_X_15_IN|IS_1520|ZINC_PLATED,STANDALONE,,,
9a78bea9-a206-58e9-a02a-56427d65a39b,CMM-PUMP-ED0D84-001,BHEL-500062,BHEL,STORES ITEM Centrifugal Pump DN 100 Carbon Steel,PUMP|CENTRIFUGAL_PUMP|CARBON_STEEL|CARBON_STEEL|DN_100|API_610,DIRECT_ACCEPTED,CAN-014944;CAN-014974;CAN-015004;CAN-015034,NMC-REVIEWER-CHIEF,
254545b1-bf64-5a52-8942-0b7ae57c06a0,CMM-PUMP-ED0D84-001,CIL-400059,Coal India,IND.PUMP CENTRIF DN 100 Carbon Steel,PUMP|CENTRIFUGAL_PUMP|CARBON_STEEL|CARBON_STEEL|DN_100|API_610,DIRECT_ACCEPTED,CAN-014941;CAN-014972;CAN-014973;CAN-014974,NMC-REVIEWER-CHIEF,
ebed52e0-b8ed-5cda-838b-a1a5c8b75777,CMM-PUMP-ED0D84-001,HPCL-120066,HPCL,"IND.Centrifugal Pump, Carbon Steel, SIZE DN 100",PUMP|CENTRIFUGAL_PUMP|CARBON_STEEL|CARBON_STEEL|DN_100|API_610,DIRECT_ACCEPTED,CAN-014943;CAN-014973;CAN-015003;CAN-015034,NMC-REVIEWER-CHIEF,
6d123679-adff-5b82-890e-ffd4f2a7a5cb,CMM-PUMP-ED0D84-001,ONGC-100062,ONGC,PUMP CENTRIF DN 100 Carbon Steel,PUMP|CENTRIFUGAL_PUMP|CARBON_STEEL|CARBON_STEEL|DN_100|API_610,DIRECT_ACCEPTED,CAN-014941;CAN-014942;CAN-014943;CAN-014944,NMC-REVIEWER-CHIEF,
7b5a340c-b2d0-5305-ae59-702f1f8a32e4,CMM-PUMP-ED0D84-001,SAIL-300071,SAIL,Centrifugal Pump DN 100 Carbon Steel,PUMP|CENTRIFUGAL_PUMP|CARBON_STEEL|CARBON_STEEL|DN_100|API_610,DIRECT_ACCEPTED,CAN-014942;CAN-014972;CAN-015003;CAN-015004,NMC-REVIEWER-CHIEF,
b7d92b66-95cc-5ffe-bd63-bda262bb9fb4,CMM-PUMP-EE6BE0-001,HPCL-120243,HPCL,"SPARE-LPG Bottling Pump, Carbon Steel, SIZE DN 80",PUMP|CARBON_STEEL|CARBON_STEEL|DN_80|DN_80|API_675,STANDALONE,,,
d68c642d-b1b9-51cd-9d77-fa67438aa3d9,CMM-PUMP-EFB17A-001,CIL-400002,Coal India,DN 100 Centrifugal Pump - SS316,PUMP|CENTRIFUGAL_PUMP|STAINLESS_STEEL|SS_316|DN_100|API_610,DIRECT_ACCEPTED,CAN-000121;CAN-000152;CAN-000153;CAN-000154;CAN-000155,NMC-REVIEWER-CHIEF,
a693a6e4-c99c-571a-9b8d-a7de0013bd77,CMM-PUMP-EFB17A-001,HPCL-120001,HPCL,IND.Centrifugal Pump SS316 DN 100,PUMP|CENTRIFUGAL_PUMP|STAINLESS_STEEL|SS_316|DN_100|API_610,DIRECT_ACCEPTED,CAN-000121;CAN-000122;CAN-000123;CAN-000124;CAN-000125,NMC-REVIEWER-CHIEF,
4b9efa9b-7648-557f-88b9-90d5fbfe2c51,CMM-PUMP-EFB17A-001,IOCL-110001,IOCL,CENT. PUMP SS316 DN 100,PUMP|CENTRIFUGAL_PUMP|STAINLESS_STEEL|SS_316|DN_100|API_610,DIRECT_ACCEPTED,CAN-000123;CAN-000153;CAN-000183;CAN-000214;CAN-000215,NMC-REVIEWER-CHIEF,
59474e42-b013-5c4b-ad9a-ebd2765f8fec,CMM-PUMP-EFB17A-001,NTPC-200001,NTPC,STORES ITEM Centrifugal Pump SS316 DN 100,PUMP|CENTRIFUGAL_PUMP|STAINLESS_STEEL|SS_316|DN_100|API_610,DIRECT_ACCEPTED,CAN-000122;CAN-000152;CAN-000183;CAN-000184;CAN-000185,NMC-REVIEWER-CHIEF,
c9669eb4-cc0a-52aa-b622-3d58ffb9560e,CMM-PUMP-EFB17A-001,ONGC-100002,ONGC,STORES ITEM Centrifugal Pump DN 100 SS316,PUMP|CENTRIFUGAL_PUMP|STAINLESS_STEEL|SS_316|DN_100|API_610,DIRECT_ACCEPTED,CAN-000124;CAN-000154;CAN-000184;CAN-000214;CAN-000245,NMC-REVIEWER-CHIEF,
5a318c01-9163-594c-b930-52faf270dee4,CMM-PUMP-EFB17A-001,SAIL-300002,SAIL,SPARE-PUMP CENTRIF DN 100 SS316,PUMP|CENTRIFUGAL_PUMP|STAINLESS_STEEL|SS_316|DN_100|API_610,DIRECT_ACCEPTED,CAN-000125;CAN-000155;CAN-000185;CAN-000215;CAN-000245,NMC-REVIEWER-CHIEF,
f81a8c7d-d76c-5318-8252-0ffa24b91040,CMM-PUMP-F1363E-001,ONGC-100257,ONGC,6 in MUD PUMP LINER - Alloy Steel,PUMP|ALLOY_STEEL|6_IN|6_IN|API_7K|ZINC_PLATED,STANDALONE,,,
075a6106-ef3f-56a6-aad2-cf7ae18f2ade,CMM-PUMP-F243B1-001,CIL-400235,Coal India,SPARE-DN 150 MINE DEWATERING PUMP - Cast Iron,PUMP|CAST_IRON|DN_150|IS_5120|CAST,STANDALONE,,,
b97ed3cd-cdf7-546d-82e3-0df97749100f,CMM-PUMP-F2C290-001,HPCL-120134,HPCL,"IND.Gear Pump, Alloy Steel, SIZE 3 in x 2 in 300#",PUMP|ALLOY_STEEL|3_IN_X_2_IN|ISO_2858,STANDALONE,,,
6f761be5-3566-5b13-90a2-7a263a8fbfb3,CMM-PUMP-F3916E-001,CIL-400149,Coal India,Submersible Pump 600# Carbon Steel DN 80,PUMP|CARBON_STEEL|CARBON_STEEL|DN_80|IS_1520,DIRECT_ACCEPTED,CAN-003363;CAN-003393;CAN-003423,NMC-REVIEWER-CHIEF,
fd61c70e-4879-5ab5-aad8-94435432fe9b,CMM-PUMP-F3916E-001,HPCL-120013,HPCL,"SUBMERSIBLE PUMP, Carbon Steel, SIZE DN 80",PUMP|CARBON_STEEL|CARBON_STEEL|DN_80|IS_1520,DIRECT_ACCEPTED,CAN-003362;CAN-003392;CAN-003423,NMC-REVIEWER-CHIEF,
fb09ad63-55c0-5658-835e-e1fab00b798e,CMM-PUMP-F3916E-001,IOCL-110017,IOCL,SPARE-Submersible Pump DN 80 Carbon Steel,PUMP|CARBON_STEEL|CARBON_STEEL|DN_80|IS_1520,DIRECT_ACCEPTED,CAN-003361;CAN-003392;CAN-003393,NMC-REVIEWER-CHIEF,
bbdae71d-15ef-5c7f-8e43-185182c9512b,CMM-PUMP-F3916E-001,SAIL-300019,SAIL,SPARE-DN 80 SUBMERSIBLE PUMP - Carbon Steel,PUMP|CARBON_STEEL|CARBON_STEEL|DN_80|IS_1520,DIRECT_ACCEPTED,CAN-003361;CAN-003362;CAN-003363,NMC-REVIEWER-CHIEF,
0aa9df9c-0644-5e1a-905a-5b9234017014,CMM-PUMP-F5C782-001,HPCL-120213,HPCL,"LPG Bottling Pump, Carbon Steel, SIZE DN 80",PUMP|CARBON_STEEL|CARBON_STEEL|DN_80|DN_80|API_675,STANDALONE,,,
d6dcdcf4-c56c-51bd-8ac6-a9d3b8e0bd12,CMM-PUMP-F75603-001,IOCL-110139,IOCL,"IND.PUMP CENTRIF, SS304, SIZE DN 80 600#",PUMP|CENTRIFUGAL_PUMP|STAINLESS_STEEL|SS_304|DN_80|IS_1520,STANDALONE,,,
7775fa3f-95b1-5ed4-8b95-d0df2a5408bf,CMM-PUMP-F7EE1D-001,HPCL-120160,HPCL,IND.DN 80 GEAR PUMP - SS316 150#,PUMP|STAINLESS_STEEL|SS_316|DN_80|DN_80|API_610,STANDALONE,,,
ccfafaaa-b909-5d09-8044-9b6e73eced22,CMM-PUMP-FA44B3-001,BHEL-500127,BHEL,STORES ITEM 2 in x 1.5 in VERTICAL TURBINE PUMP - Cast Iron 150#,PUMP|CAST_IRON|2_IN_X_15_IN|IS_1520|CAST|VERTICAL,DIRECT_ACCEPTED,CAN-029882;CAN-029912;CAN-030603,NMC-REVIEWER-CHIEF,
90a50941-eee4-5665-97e0-e67bb8fa8877,CMM-PUMP-FA44B3-001,CIL-400123,Coal India,Vertical Turbine Pump 300# Cast Iron 2 in x 1.5 in,PUMP|CAST_IRON|2_IN_X_15_IN|IS_1520|CAST|VERTICAL,DIRECT_ACCEPTED,CAN-029881;CAN-029912;CAN-029913,NMC-REVIEWER-CHIEF,
ccec432b-608a-56e3-84e8-2b161390e933,CMM-PUMP-FA44B3-001,NMDC-410125,NMDC,IND.VERTICAL TURBINE PUMP 150# Cast Iron 2 in x 1.5 in,PUMP|CAST_IRON|2_IN_X_15_IN|IS_1520|CAST|VERTICAL,DIRECT_ACCEPTED,CAN-029881;CAN-029882;CAN-029883,NMC-REVIEWER-CHIEF,
8b9af8f8-5b1d-5b48-8259-7f169abb424f,CMM-PUMP-FA44B3-001,ONGC-100133,ONGC,VERTICAL TURBINE PUMP 2 in x 1.5 in Cast Iron 300#,PUMP|CAST_IRON|2_IN_X_15_IN|IS_1520|CAST|VERTICAL,DIRECT_ACCEPTED,CAN-029883;CAN-029913;CAN-030603,NMC-REVIEWER-CHIEF,
82a7edd4-17a7-5e49-a7c9-28b13e713b54,CMM-PUMP-FC6AAF-001,BHEL-500090,BHEL,SPARE-VERTICAL TURBINE PUMP 2 in x 1.5 in SS316,PUMP|STAINLESS_STEEL|SS_316|2_IN_X_15_IN|2_IN_X_15_IN|IS_1520|VERTICAL,DIRECT_ACCEPTED,CAN-021241;CAN-021272;CAN-021273;CAN-021274;CAN-021275,NMC-REVIEWER-CHIEF,
5e1cc9bd-34d4-5840-9fff-80c772764da4,CMM-PUMP-FC6AAF-001,CIL-400081,Coal India,STORES ITEM VERTICAL TURBINE PUMP 2 in x 1.5 in SS316,PUMP|STAINLESS_STEEL|SS_316|2_IN_X_15_IN|2_IN_X_15_IN|IS_1520|VERTICAL,DIRECT_ACCEPTED,CAN-021241;CAN-021242;CAN-021243;CAN-021244;CAN-021245,NMC-REVIEWER-CHIEF,
e57c06a7-6b6c-51c2-a4c2-b798dd996aa4,CMM-PUMP-FC6AAF-001,IOCL-110087,IOCL,SPARE-Vertical Turbine Pump 2 in x 1.5 in SS316,PUMP|STAINLESS_STEEL|SS_316|2_IN_X_15_IN|2_IN_X_15_IN|IS_1520|VERTICAL,DIRECT_ACCEPTED,CAN-021245;CAN-021275;CAN-021305;CAN-021335;CAN-021365,NMC-REVIEWER-CHIEF,
44f72f8d-239a-5bd7-9436-9c867e60e694,CMM-PUMP-FC6AAF-001,NMDC-410093,NMDC,"STORES ITEM Vertical Turbine Pump, SS316, SIZE 2 in x 1.5 in",PUMP|STAINLESS_STEEL|SS_316|2_IN_X_15_IN|2_IN_X_15_IN|IS_1520|VERTICAL,DIRECT_ACCEPTED,CAN-021243;CAN-021273;CAN-021303;CAN-021334;CAN-021335,NMC-REVIEWER-CHIEF,
22355105-7a45-5a6b-a29c-12660e67d754,CMM-PUMP-FC6AAF-001,ONGC-100089,ONGC,SPARE-VERTICAL TURBINE PUMP SS316 2 in x 1.5 in,PUMP|STAINLESS_STEEL|SS_316|2_IN_X_15_IN|2_IN_X_15_IN|IS_1520|VERTICAL,DIRECT_ACCEPTED,CAN-021242;CAN-021272;CAN-021303;CAN-021304;CAN-021305,NMC-REVIEWER-CHIEF,
d8fbba71-638f-5ed5-9c0b-f08d3a6b5b42,CMM-PUMP-FC6AAF-001,SAIL-300096,SAIL,VERTICAL TURBINE PUMP 2 in x 1.5 in SS316,PUMP|STAINLESS_STEEL|SS_316|2_IN_X_15_IN|2_IN_X_15_IN|IS_1520|VERTICAL,DIRECT_ACCEPTED,CAN-021244;CAN-021274;CAN-021304;CAN-021334;CAN-021365,NMC-REVIEWER-CHIEF,
a7aaf48e-3198-5a31-87ab-9a479b386397,CMM-PUMP-FC9A80-001,CIL-400261,Coal India,MINE DEWATERING PUMP Cast Iron DN 150,PUMP|CAST_IRON|DN_150|DN_150|IS_5120|CAST,STANDALONE,,,
15c66b48-f768-5c45-837b-da71288f7317,CMM-PUMP-FEF7B9-001,BHEL-500091,BHEL,"SUBMERSIBLE PUMP, Carbon Steel, SIZE 3 in x 2 in",PUMP|CARBON_STEEL|CARBON_STEEL|3_IN_X_2_IN|ISO_2858,DIRECT_ACCEPTED,CAN-021511;CAN-021542;CAN-021543,NMC-REVIEWER-CHIEF,
17238173-c104-5678-9462-9e7bb4d3252c,CMM-PUMP-FEF7B9-001,CIL-400082,Coal India,SUBMERSIBLE PUMP 3 in x 2 in Carbon Steel,PUMP|CARBON_STEEL|CARBON_STEEL|3_IN_X_2_IN|ISO_2858,DIRECT_ACCEPTED,CAN-021511;CAN-021512;CAN-021513,NMC-REVIEWER-CHIEF,
b61d5b11-c303-59b9-82f6-63f093764515,CMM-PUMP-FEF7B9-001,NMDC-410095,NMDC,STORES ITEM Submersible Pump 3 in x 2 in Carbon Steel,PUMP|CARBON_STEEL|CARBON_STEEL|3_IN_X_2_IN|ISO_2858,DIRECT_ACCEPTED,CAN-021512;CAN-021542;CAN-021573,NMC-REVIEWER-CHIEF,
64d6c07d-930a-571e-9a95-73825382f3eb,CMM-PUMP-FEF7B9-001,NTPC-200125,NTPC,GEAR PUMP 600# Carbon Steel 3 in x 2 in,PUMP|CARBON_STEEL|CARBON_STEEL|3_IN_X_2_IN|ISO_2858,DIRECT_ACCEPTED,CAN-021513;CAN-021543;CAN-021573,NMC-REVIEWER-CHIEF,
252f7c3b-fd09-5d98-ba02-e096ab552740,CMM-PUMP-FFC596-001,HPCL-120242,HPCL,"STORES ITEM LPG Bottling Pump, Carbon Steel, SIZE DN 80",PUMP|CARBON_STEEL|CARBON_STEEL|DN_80|API_675,STANDALONE,,,
a6f76017-ae04-5370-afa4-30b2b15b60b0,CMM-PUMP-FFED79-001,SAIL-300162,SAIL,Centrifugal Pump DN 100 Carbon Steel 150#,PUMP|CENTRIFUGAL_PUMP|CARBON_STEEL|CARBON_STEEL|DN_100|DN_100|API_610|PTFE_LINED,STANDALONE,,,
12b88836-199c-510e-b4c0-e295868507c0,CMM-SEALG-067879-001,BHEL-500073,BHEL,STORES ITEM OIL SEAL NBR 2 in,SEAL_GASKET|LUBRICANT|NBR|2_IN|2_IN|API_682|ZINC_PLATED,DIRECT_ACCEPTED,CAN-016591;CAN-016592,NMC-REVIEWER-CHIEF,
0674a44d-e1cf-5d77-b7e1-6feb8a8a9962,CMM-SEALG-067879-001,NTPC-200065,NTPC,"STORES ITEM OIL SEAL, NBR, SIZE 2 in",SEAL_GASKET|LUBRICANT|NBR|2_IN|2_IN|API_682|ZINC_PLATED,DIRECT_ACCEPTED,CAN-016592;CAN-016622,NMC-REVIEWER-CHIEF,
b7ae138e-b5f5-5104-9802-d74bcc4971a9,CMM-SEALG-067879-001,ONGC-100068,ONGC,"STORES ITEM OIL SEAL, NBR, SIZE 2 in",SEAL_GASKET|LUBRICANT|NBR|2_IN|2_IN|API_682|ZINC_PLATED,DIRECT_ACCEPTED,CAN-016591;CAN-016622,NMC-REVIEWER-CHIEF,
449fcb78-6937-51ca-9665-425fcd5b27eb,CMM-SEALG-091BCF-001,BHEL-500123,BHEL,"SPIRAL WOUND GASKET, NBR, SIZE 2 in 600#",SEAL_GASKET|SPIRAL_WOUND_GASKET|NBR|2_IN|2_IN|ASME_B1620,DIRECT_ACCEPTED,CAN-029761,NMC-REVIEWER-CHIEF,
da9b38de-03ca-5f37-ba9d-09a037b30a94,CMM-SEALG-091BCF-001,HPCL-120131,HPCL,"Spiral Wound Gasket, NBR, SIZE 2 in 300#",SEAL_GASKET|SPIRAL_WOUND_GASKET|NBR|2_IN|2_IN|ASME_B1620,DIRECT_ACCEPTED,CAN-029761,NMC-REVIEWER-CHIEF,
cbcad175-d478-534f-aa08-91c25a56700d,CMM-SEALG-099BED-001,CIL-400115,Coal India,"RUBBER GASKET, NBR, SIZE 50 mm 150#",SEAL_GASKET|NBR|50_MM|50_MM|GALVANIZED,DIRECT_ACCEPTED,CAN-028621,NMC-REVIEWER-CHIEF,
ba635779-c7b7-59cb-97cf-41088a05dd25,CMM-SEALG-099BED-001,HPCL-120126,HPCL,STORES ITEM Rubber Gasket 300# NBR 50 mm,SEAL_GASKET|NBR|50_MM|50_MM|GALVANIZED,DIRECT_ACCEPTED,CAN-028621,NMC-REVIEWER-CHIEF,
024625be-a8dd-530e-a7ab-64f6d4d8e7ad,CMM-SEALG-1331E7-001,HPCL-120135,HPCL,IND.100 mm MECHANICAL SEAL - NBR 150#,SEAL_GASKET|NBR|100_MM|ASME_B1620|PTFE_LINED,DIRECT_ACCEPTED,CAN-031081,NMC-REVIEWER-CHIEF,
0c228850-a6af-5bc4-8fc8-277b4bc99da4,CMM-SEALG-1331E7-001,NTPC-200127,NTPC,STORES ITEM MECHANICAL SEAL 600# NBR 100 mm,SEAL_GASKET|NBR|100_MM|ASME_B1620|PTFE_LINED,DIRECT_ACCEPTED,CAN-031081,NMC-REVIEWER-CHIEF,
13fa067e-bddc-5910-969c-f6480d9460cc,CMM-SEALG-16E5D0-001,CIL-400162,Coal India,IND.50 mm Mechanical Seal - Graphite 150#,SEAL_GASKET|GRAPHITE|50_MM,DIRECT_ACCEPTED,CAN-040141,NMC-REVIEWER-CHIEF,
40639c8a-fd14-5452-9a76-518623e8ddfe,CMM-SEALG-16E5D0-001,NTPC-200162,NTPC,IND.MECHANICAL SEAL 50 mm Graphite 300#,SEAL_GASKET|GRAPHITE|50_MM,DIRECT_ACCEPTED,CAN-040141,NMC-REVIEWER-CHIEF,
f380aae7-2342-5ab8-b145-f22fa1ea048f,CMM-SEALG-18752C-001,CIL-400039,Coal India,"Oil Seal, Viton, SIZE 2 in",SEAL_GASKET|LUBRICANT|VITON|2_IN|2_IN|ASME_B1620|GALVANIZED,DIRECT_ACCEPTED,CAN-010744;CAN-010774;CAN-010804;CAN-010834;CAN-010865,NMC-REVIEWER-CHIEF,
1b5dd997-a3bf-5880-909b-ca73d5bcdf36,CMM-SEALG-18752C-001,HPCL-120048,HPCL,SPARE-OIL SEAL 2 in Viton,SEAL_GASKET|LUBRICANT|VITON|2_IN|2_IN|ASME_B1620|GALVANIZED,DIRECT_ACCEPTED,CAN-010741;CAN-010742;CAN-010743;CAN-010744;CAN-010745,NMC-REVIEWER-CHIEF,
52d73541-024f-586d-aafd-9eeecdd225e1,CMM-SEALG-18752C-001,IOCL-110050,IOCL,IND.OIL SEAL 2 in Viton,SEAL_GASKET|LUBRICANT|VITON|2_IN|2_IN|ASME_B1620|GALVANIZED,DIRECT_ACCEPTED,CAN-010743;CAN-010773;CAN-010803;CAN-010834;CAN-010835,NMC-REVIEWER-CHIEF,
79fa7617-e3f3-5348-9a7a-a5da57ca5233,CMM-SEALG-18752C-001,NMDC-410047,NMDC,SPARE-2 in OIL SEAL - Viton,SEAL_GASKET|LUBRICANT|VITON|2_IN|2_IN|ASME_B1620|GALVANIZED,DIRECT_ACCEPTED,CAN-010742;CAN-010772;CAN-010803;CAN-010804;CAN-010805,NMC-REVIEWER-CHIEF,
3214844d-58a6-5afc-98ee-a96d464cf1f1,CMM-SEALG-18752C-001,ONGC-100043,ONGC,"STORES ITEM OIL SEAL, Viton, SIZE 2 in",SEAL_GASKET|LUBRICANT|VITON|2_IN|2_IN|ASME_B1620|GALVANIZED,DIRECT_ACCEPTED,CAN-010741;CAN-010772;CAN-010773;CAN-010774;CAN-010775,NMC-REVIEWER-CHIEF,
884c930c-fe1c-51ad-bee0-f728373c05d5,CMM-SEALG-18752C-001,SAIL-300050,SAIL,Oil Seal 2 in Viton,SEAL_GASKET|LUBRICANT|VITON|2_IN|2_IN|ASME_B1620|GALVANIZED,DIRECT_ACCEPTED,CAN-010745;CAN-010775;CAN-010805;CAN-010835;CAN-010865,NMC-REVIEWER-CHIEF,
c775cb0b-0602-5838-a920-e1cf6ee649a2,CMM-SEALG-19C018-001,HPCL-120119,HPCL,IND.65 mm O-RING - Viton 150#,SEAL_GASKET|VITON|65_MM|65_MM|ZINC_PLATED,DIRECT_ACCEPTED,CAN-027001,NMC-REVIEWER-CHIEF,
c698e631-7e43-557f-a574-c22b6a5cc97c,CMM-SEALG-19C018-001,ONGC-100119,ONGC,IND.O-Ring 300# Viton 65 mm,SEAL_GASKET|VITON|65_MM|65_MM|ZINC_PLATED,DIRECT_ACCEPTED,CAN-027001,NMC-REVIEWER-CHIEF,
f405397c-74b7-5e5d-bae0-ce12898a8ae7,CMM-SEALG-1EEB61-001,BHEL-500187,BHEL,MECHANICAL SEAL 50 mm Graphite 600#,SEAL_GASKET|GRAPHITE|50_MM|API_682,DIRECT_ACCEPTED,CAN-027423;CAN-027453;CAN-044943,NMC-REVIEWER-CHIEF,
3e70e3cb-6261-5d35-a26d-86d321e6dadd,CMM-SEALG-1EEB61-001,CIL-400111,Coal India,SPARE-50 mm O-RING - Graphite 300#,SEAL_GASKET|GRAPHITE|50_MM|API_682,DIRECT_ACCEPTED,CAN-027421;CAN-027422;CAN-027423,NMC-REVIEWER-CHIEF,
cb85c815-e23e-57ee-9adf-975ddef2797d,CMM-SEALG-1EEB61-001,ONGC-100204,ONGC,SPARE-50 mm Mechanical Seal - Graphite 150#,SEAL_GASKET|GRAPHITE|50_MM|API_682,DIRECT_ACCEPTED,CAN-027422;CAN-027452;CAN-044943,NMC-REVIEWER-CHIEF,
4c0cf506-7bc2-558b-879c-715928014674,CMM-SEALG-1EEB61-001,SAIL-300121,SAIL,STORES ITEM O-RING 600# Graphite 50 mm,SEAL_GASKET|GRAPHITE|50_MM|API_682,DIRECT_ACCEPTED,CAN-027421;CAN-027452;CAN-027453,NMC-REVIEWER-CHIEF,
21143cca-7fe7-5a7d-ae27-6bb23cbe9d05,CMM-SEALG-260F99-001,BHEL-500022,BHEL,MECHANICAL SEAL Graphite 65 mm,SEAL_GASKET|GRAPHITE|65_MM|ASME_B1620,DIRECT_ACCEPTED,CAN-005191;CAN-005222;CAN-005223;CAN-005224;CAN-005225,NMC-REVIEWER-CHIEF,
1de4e173-555d-530d-8ee7-338a71745400,CMM-SEALG-260F99-001,HPCL-120024,HPCL,STORES ITEM Mechanical Seal 65 mm Graphite,SEAL_GASKET|GRAPHITE|65_MM|ASME_B1620,DIRECT_ACCEPTED,CAN-005192;CAN-005222;CAN-005253;CAN-005254;CAN-005255,NMC-REVIEWER-CHIEF,
0fca45a3-5eb7-5cb5-9b1f-4823483b9e6e,CMM-SEALG-260F99-001,IOCL-110026,IOCL,65 mm Mechanical Seal - Graphite,SEAL_GASKET|GRAPHITE|65_MM|ASME_B1620,DIRECT_ACCEPTED,CAN-005194;CAN-005224;CAN-005254;CAN-005284;CAN-005315,NMC-REVIEWER-CHIEF,
1661866d-6442-5013-9e9e-a6bf16a367a2,CMM-SEALG-260F99-001,NMDC-410022,NMDC,Mechanical Seal Graphite 65 mm,SEAL_GASKET|GRAPHITE|65_MM|ASME_B1620,DIRECT_ACCEPTED,CAN-005193;CAN-005223;CAN-005253;CAN-005284;CAN-005285,NMC-REVIEWER-CHIEF,
09bd6ca4-4468-5c02-b98a-64eacc203a33,CMM-SEALG-260F99-001,NTPC-200022,NTPC,IND.Mechanical Seal Graphite 65 mm,SEAL_GASKET|GRAPHITE|65_MM|ASME_B1620,DIRECT_ACCEPTED,CAN-005191;CAN-005192;CAN-005193;CAN-005194;CAN-005195,NMC-REVIEWER-CHIEF,
95b04675-e067-5c72-b0a0-e29440ad9778,CMM-SEALG-260F99-001,ONGC-100021,ONGC,STORES ITEM 65 mm Mechanical Seal - Graphite,SEAL_GASKET|GRAPHITE|65_MM|ASME_B1620,DIRECT_ACCEPTED,CAN-005195;CAN-005225;CAN-005255;CAN-005285;CAN-005315,NMC-REVIEWER-CHIEF,
220a9378-c56c-5174-9861-fb0e56d3cfd7,CMM-SEALG-29423B-001,BHEL-500024,BHEL,STORES ITEM Oil Seal Viton 2 in,SEAL_GASKET|LUBRICANT|VITON|2_IN|API_682|EPOXY_COATED,DIRECT_ACCEPTED,CAN-005671;CAN-005702;CAN-005703;CAN-005704;CAN-005705,NMC-REVIEWER-CHIEF,
0b038c54-21e2-5aa3-90b8-a325b3827644,CMM-SEALG-29423B-001,HPCL-120027,HPCL,STORES ITEM Oil Seal 2 in Viton,SEAL_GASKET|LUBRICANT|VITON|2_IN|API_682|EPOXY_COATED,DIRECT_ACCEPTED,CAN-005674;CAN-005704;CAN-005734;CAN-005764;CAN-005795,NMC-REVIEWER-CHIEF,
825cb84e-2f8c-556f-bc4d-08faee69c478,CMM-SEALG-29423B-001,IOCL-110028,IOCL,2 in Oil Seal - Viton,SEAL_GASKET|LUBRICANT|VITON|2_IN|API_682|EPOXY_COATED,DIRECT_ACCEPTED,CAN-005673;CAN-005703;CAN-005733;CAN-005764;CAN-005765,NMC-REVIEWER-CHIEF,
3e7d6a53-0fcf-5d7c-9782-45bd8d5a36a3,CMM-SEALG-29423B-001,NMDC-410024,NMDC,SPARE-Oil Seal Viton 2 in,SEAL_GASKET|LUBRICANT|VITON|2_IN|API_682|EPOXY_COATED,DIRECT_ACCEPTED,CAN-005671;CAN-005672;CAN-005673;CAN-005674;CAN-005675,NMC-REVIEWER-CHIEF,
4d7496ac-9d8b-554d-bb45-b383ad4afa9f,CMM-SEALG-29423B-001,NTPC-200024,NTPC,IND.OIL SEAL 2 in Viton,SEAL_GASKET|LUBRICANT|VITON|2_IN|API_682|EPOXY_COATED,DIRECT_ACCEPTED,CAN-005675;CAN-005705;CAN-005735;CAN-005765;CAN-005795,NMC-REVIEWER-CHIEF,
d8a7df53-6e7d-5e3d-b620-3658d63c35be,CMM-SEALG-29423B-001,ONGC-100024,ONGC,SPARE-OIL SEAL 2 in Viton,SEAL_GASKET|LUBRICANT|VITON|2_IN|API_682|EPOXY_COATED,DIRECT_ACCEPTED,CAN-005672;CAN-005702;CAN-005733;CAN-005734;CAN-005735,NMC-REVIEWER-CHIEF,
527a8557-410e-54af-ae02-3a5ce84ba210,CMM-SEALG-302F89-001,NMDC-410163,NMDC,OIL SEAL 100 mm Viton 150#,SEAL_GASKET|LUBRICANT|VITON|100_MM|100_MM|API_682,DIRECT_ACCEPTED,CAN-037921,NMC-REVIEWER-CHIEF,
ffc2feea-e319-5749-9282-8ac558dfd1e9,CMM-SEALG-302F89-001,NTPC-200151,NTPC,SPARE-OIL SEAL 100 mm Viton 300#,SEAL_GASKET|LUBRICANT|VITON|100_MM|100_MM|API_682,DIRECT_ACCEPTED,CAN-037921,NMC-REVIEWER-CHIEF,
95768eeb-2b45-5a5c-b26a-0e86d9e86850,CMM-SEALG-31DF73-001,NMDC-410130,NMDC,IND.Rubber Gasket 600# NBR 2 in,SEAL_GASKET|NBR|2_IN|ASME_B1620|RUBBER,DIRECT_ACCEPTED,CAN-030541,NMC-REVIEWER-CHIEF,
75d46a50-7272-5e91-a74a-c520f1e8055f,CMM-SEALG-31DF73-001,ONGC-100132,ONGC,RUBBER GASKET 2 in NBR 150#,SEAL_GASKET|NBR|2_IN|ASME_B1620|RUBBER,DIRECT_ACCEPTED,CAN-030541,NMC-REVIEWER-CHIEF,
b528d0b5-3bb9-5b84-8db7-3e58acf7bbcd,CMM-SEALG-33D848-001,IOCL-110119,IOCL,SPIRAL WOUND GASKET 600# PTFE 2 in,SEAL_GASKET|SPIRAL_WOUND_GASKET|PTFE|2_IN|API_682|PTFE,DIRECT_ACCEPTED,CAN-032401,NMC-REVIEWER-CHIEF,
223e36f5-d396-5690-80b0-18cd36693e4a,CMM-SEALG-33D848-001,ONGC-100142,ONGC,SPIRAL WOUND GASKET 150# PTFE 2 in,SEAL_GASKET|SPIRAL_WOUND_GASKET|PTFE|2_IN|API_682|PTFE,DIRECT_ACCEPTED,CAN-032401,NMC-REVIEWER-CHIEF,
3cb13f42-7fe2-50d4-8772-e669f57cdffe,CMM-SEALG-39168C-001,CIL-400103,Coal India,STORES ITEM O-RING 65 mm PTFE,SEAL_GASKET|PTFE|65_MM|65_MM|PTFE,DIRECT_ACCEPTED,CAN-025681;CAN-025682,NMC-REVIEWER-CHIEF,
9447f987-f918-5d8b-8b35-4d6a79002397,CMM-SEALG-39168C-001,NTPC-200101,NTPC,"O-Ring, PTFE, SIZE 65 mm",SEAL_GASKET|PTFE|65_MM|65_MM|PTFE,DIRECT_ACCEPTED,CAN-025681;CAN-025712,NMC-REVIEWER-CHIEF,
e1952fe6-8c36-5023-84f0-2f9c7ba328bd,CMM-SEALG-39168C-001,ONGC-100110,ONGC,65 mm O-RING - PTFE,SEAL_GASKET|PTFE|65_MM|65_MM|PTFE,DIRECT_ACCEPTED,CAN-025682;CAN-025712,NMC-REVIEWER-CHIEF,
9f529915-77c2-5031-89e6-9351f6dcbbc9,CMM-SEALG-439083-001,BHEL-500174,BHEL,"Rubber Gasket, Viton, SIZE 65 mm 300#",SEAL_GASKET|VITON|65_MM|ASME_B1620|RUBBER,DIRECT_ACCEPTED,CAN-041701,NMC-REVIEWER-CHIEF,
5d875034-84c2-52b2-8ddf-9a9a53247e08,CMM-SEALG-439083-001,NTPC-200171,NTPC,SPARE-65 mm Rubber Gasket - Viton 150#,SEAL_GASKET|VITON|65_MM|ASME_B1620|RUBBER,DIRECT_ACCEPTED,CAN-041701,NMC-REVIEWER-CHIEF,
fc18e8a0-dc72-57d6-afa0-46fc0c447226,CMM-SEALG-61A948-001,NMDC-410117,NMDC,2 in MECHANICAL SEAL - Graphite 600#,SEAL_GASKET|GRAPHITE|2_IN|2_IN|ASME_B1620,DIRECT_ACCEPTED,CAN-028441,NMC-REVIEWER-CHIEF,
681c7edc-26d0-55ef-9306-bceea8050568,CMM-SEALG-61A948-001,SAIL-300129,SAIL,2 in Mechanical Seal - Graphite 300#,SEAL_GASKET|GRAPHITE|2_IN|2_IN|ASME_B1620,DIRECT_ACCEPTED,CAN-028441,NMC-REVIEWER-CHIEF,
adc64083-b4ef-592c-a679-6a3248a0724c,CMM-SEALG-62C5E5-001,NMDC-410113,NMDC,"STORES ITEM SPIRAL WOUND GASKET, Graphite, SIZE 100 mm 150#",SEAL_GASKET|SPIRAL_WOUND_GASKET|GRAPHITE|100_MM|ZINC_PLATED,DIRECT_ACCEPTED,CAN-027361,NMC-REVIEWER-CHIEF,
4b013ce5-c8b4-5a84-8ace-9b00510fea8f,CMM-SEALG-62C5E5-001,ONGC-100121,ONGC,SPARE-Spiral Wound Gasket 600# Graphite 100 mm,SEAL_GASKET|SPIRAL_WOUND_GASKET|GRAPHITE|100_MM|ZINC_PLATED,DIRECT_ACCEPTED,CAN-027361,NMC-REVIEWER-CHIEF,
c0992e45-2dd6-5090-9a03-3982c1acf33b,CMM-SEALG-66D3AC-001,BHEL-500032,BHEL,IND.Spiral Wound Gasket 50 mm NBR,SEAL_GASKET|SPIRAL_WOUND_GASKET|NBR|50_MM|50_MM|API_682|ZINC_PLATED,DIRECT_ACCEPTED,CAN-007624;CAN-007654;CAN-007684;CAN-007714;CAN-007745,NMC-REVIEWER-CHIEF,
c1b4d4a7-d419-5e5b-9673-2baa8323bcf5,CMM-SEALG-66D3AC-001,HPCL-120036,HPCL,"Spiral Wound Gasket, NBR, SIZE 50 mm",SEAL_GASKET|SPIRAL_WOUND_GASKET|NBR|50_MM|50_MM|API_682|ZINC_PLATED,DIRECT_ACCEPTED,CAN-007621;CAN-007652;CAN-007653;CAN-007654;CAN-007655,NMC-REVIEWER-CHIEF,
6c6470d6-f44d-5020-98c9-3f1fcda5e881,CMM-SEALG-66D3AC-001,IOCL-110036,IOCL,"SPIRAL WOUND GASKET, NBR, SIZE 50 mm",SEAL_GASKET|SPIRAL_WOUND_GASKET|NBR|50_MM|50_MM|API_682|ZINC_PLATED,DIRECT_ACCEPTED,CAN-007623;CAN-007653;CAN-007683;CAN-007714;CAN-007715,NMC-REVIEWER-CHIEF,
56e7d3ff-1e7a-5b27-9c91-cd04818457da,CMM-SEALG-66D3AC-001,NTPC-200030,NTPC,STORES ITEM SPIRAL WOUND GASKET NBR 50 mm,SEAL_GASKET|SPIRAL_WOUND_GASKET|NBR|50_MM|50_MM|API_682|ZINC_PLATED,DIRECT_ACCEPTED,CAN-007621;CAN-007622;CAN-007623;CAN-007624;CAN-007625,NMC-REVIEWER-CHIEF,
24e374e0-715a-5485-b302-eeb93d346391,CMM-SEALG-66D3AC-001,ONGC-100032,ONGC,"SPARE-SPIRAL WOUND GASKET, NBR, SIZE 50 mm",SEAL_GASKET|SPIRAL_WOUND_GASKET|NBR|50_MM|50_MM|API_682|ZINC_PLATED,DIRECT_ACCEPTED,CAN-007625;CAN-007655;CAN-007685;CAN-007715;CAN-007745,NMC-REVIEWER-CHIEF,
ea9cad32-b532-5614-9a77-bcae70bf16d6,CMM-SEALG-66D3AC-001,SAIL-300037,SAIL,SPIRAL WOUND GASKET NBR 50 mm,SEAL_GASKET|SPIRAL_WOUND_GASKET|NBR|50_MM|50_MM|API_682|ZINC_PLATED,DIRECT_ACCEPTED,CAN-007622;CAN-007652;CAN-007683;CAN-007684;CAN-007685,NMC-REVIEWER-CHIEF,
dcbec4ef-cb45-53c5-a68b-5c6f02ba0961,CMM-SEALG-66F853-001,CIL-400097,Coal India,RUBBER GASKET 2 in PTFE,SEAL_GASKET|PTFE|2_IN|GALVANIZED,DIRECT_ACCEPTED,CAN-024421;CAN-024452;CAN-024453,NMC-REVIEWER-CHIEF,
eb03af54-b54c-5f1e-9360-bfae2d90f5ec,CMM-SEALG-66F853-001,HPCL-120108,HPCL,SPARE-RUBBER GASKET 2 in PTFE,SEAL_GASKET|PTFE|2_IN|GALVANIZED,DIRECT_ACCEPTED,CAN-024423;CAN-024453;CAN-024483,NMC-REVIEWER-CHIEF,
0283475b-9605-5f6f-bc31-933e2a2f0611,CMM-SEALG-66F853-001,ONGC-100104,ONGC,IND.RUBBER GASKET PTFE 2 in,SEAL_GASKET|PTFE|2_IN|GALVANIZED,DIRECT_ACCEPTED,CAN-024421;CAN-024422;CAN-024423,NMC-REVIEWER-CHIEF,
385aedf9-253b-5a07-8e15-2cfab810da82,CMM-SEALG-66F853-001,SAIL-300110,SAIL,"SPARE-Rubber Gasket, PTFE, SIZE 2 in",SEAL_GASKET|PTFE|2_IN|GALVANIZED,DIRECT_ACCEPTED,CAN-024422;CAN-024452;CAN-024483,NMC-REVIEWER-CHIEF,
2fb26382-8b8d-5601-9f7c-8689486db67a,CMM-SEALG-6ACECF-001,HPCL-120182,HPCL,STORES ITEM 50 mm Mechanical Seal - Viton 600#,SEAL_GASKET|VITON|50_MM|50_MM|ASME_B1620,DIRECT_ACCEPTED,CAN-043741,NMC-REVIEWER-CHIEF,
596cc285-1aba-5ba0-addd-0275613ee860,CMM-SEALG-6ACECF-001,IOCL-110167,IOCL,"STORES ITEM Mechanical Seal, Viton, SIZE 50 mm 300#",SEAL_GASKET|VITON|50_MM|50_MM|ASME_B1620,DIRECT_ACCEPTED,CAN-043741,NMC-REVIEWER-CHIEF,
5efb3603-7961-50e7-8514-529c3f793144,CMM-SEALG-6DA7E7-001,BHEL-500138,BHEL,IND.SPIRAL WOUND GASKET 50 mm Graphite 600#,SEAL_GASKET|SPIRAL_WOUND_GASKET|GRAPHITE|50_MM|50_MM,DIRECT_ACCEPTED,CAN-032221,NMC-REVIEWER-CHIEF,
00af14d0-c073-5817-b103-5076d63d1e5f,CMM-SEALG-6DA7E7-001,NTPC-200133,NTPC,50 mm SPIRAL WOUND GASKET - Graphite 300#,SEAL_GASKET|SPIRAL_WOUND_GASKET|GRAPHITE|50_MM|50_MM,DIRECT_ACCEPTED,CAN-032221,NMC-REVIEWER-CHIEF,
c4d26d07-a013-566a-9f53-49d8344d9a3d,CMM-SEALG-747B98-001,BHEL-500144,BHEL,"Mechanical Seal, Graphite, SIZE 65 mm 600#",SEAL_GASKET|GRAPHITE|65_MM|65_MM|API_682,DIRECT_ACCEPTED,CAN-033181,NMC-REVIEWER-CHIEF,
11daa4c9-36de-560c-a87d-8f78c5c50b6f,CMM-SEALG-747B98-001,SAIL-300145,SAIL,IND.Mechanical Seal 65 mm Graphite 300#,SEAL_GASKET|GRAPHITE|65_MM|65_MM|API_682,DIRECT_ACCEPTED,CAN-033181,NMC-REVIEWER-CHIEF,
a56e330a-851a-5608-8a1f-f39f5aa8291c,CMM-SEALG-7A9F00-001,BHEL-500108,BHEL,65 mm OIL SEAL - Graphite,SEAL_GASKET|LUBRICANT|GRAPHITE|65_MM|65_MM|ASME_B1620,DIRECT_ACCEPTED,CAN-024991;CAN-024992;CAN-024993;CAN-024994,NMC-REVIEWER-CHIEF,
d07c28ca-8057-5949-8727-bf9460097bad,CMM-SEALG-7A9F00-001,CIL-400099,Coal India,OIL SEAL 65 mm Graphite,SEAL_GASKET|LUBRICANT|GRAPHITE|65_MM|65_MM|ASME_B1620,DIRECT_ACCEPTED,CAN-024992;CAN-025022;CAN-025053;CAN-025054,NMC-REVIEWER-CHIEF,
b7d3866a-6e59-5dcc-a1bb-3ba2a5923f14,CMM-SEALG-7A9F00-001,IOCL-110098,IOCL,STORES ITEM 65 mm Oil Seal - Graphite,SEAL_GASKET|LUBRICANT|GRAPHITE|65_MM|65_MM|ASME_B1620,DIRECT_ACCEPTED,CAN-024994;CAN-025024;CAN-025054;CAN-025084,NMC-REVIEWER-CHIEF,
f5868114-7632-57da-ae42-7c7024d42eb7,CMM-SEALG-7A9F00-001,NTPC-200098,NTPC,SPARE-65 mm Oil Seal - Graphite,SEAL_GASKET|LUBRICANT|GRAPHITE|65_MM|65_MM|ASME_B1620,DIRECT_ACCEPTED,CAN-024993;CAN-025023;CAN-025053;CAN-025084,NMC-REVIEWER-CHIEF,
cd99d690-4b8d-5760-9790-4f04296ddd3d,CMM-SEALG-7A9F00-001,ONGC-100106,ONGC,OIL SEAL Graphite 65 mm,SEAL_GASKET|LUBRICANT|GRAPHITE|65_MM|65_MM|ASME_B1620,DIRECT_ACCEPTED,CAN-024991;CAN-025022;CAN-025023;CAN-025024,NMC-REVIEWER-CHIEF,
5096a799-244f-54fc-be1c-4dfd04488367,CMM-SEALG-80EA46-001,BHEL-500074,BHEL,"SPARE-O-RING, Graphite, SIZE 50 mm",SEAL_GASKET|GRAPHITE|50_MM|50_MM|PTFE_LINED,DIRECT_ACCEPTED,CAN-016892;CAN-016922;CAN-016953;CAN-016954,NMC-REVIEWER-CHIEF,
15270cb7-f6ea-569d-9856-ef18d324ee88,CMM-SEALG-80EA46-001,CIL-400064,Coal India,O-RING Graphite 50 mm,SEAL_GASKET|GRAPHITE|50_MM|50_MM|PTFE_LINED,DIRECT_ACCEPTED,CAN-016893;CAN-016923;CAN-016953;CAN-016984,NMC-REVIEWER-CHIEF,
8c75075b-99db-5e88-a652-11275a8daa48,CMM-SEALG-80EA46-001,HPCL-120074,HPCL,O-RING Graphite 50 mm,SEAL_GASKET|GRAPHITE|50_MM|50_MM|PTFE_LINED,DIRECT_ACCEPTED,CAN-016891;CAN-016922;CAN-016923;CAN-016924,NMC-REVIEWER-CHIEF,
3e4943c5-2ada-5abb-a4e6-d2485731c981,CMM-SEALG-80EA46-001,NMDC-410076,NMDC,"O-RING, Graphite, SIZE 50 mm",SEAL_GASKET|GRAPHITE|50_MM|50_MM|PTFE_LINED,DIRECT_ACCEPTED,CAN-016891;CAN-016892;CAN-016893;CAN-016894,NMC-REVIEWER-CHIEF,
6cb2f7de-7985-54c7-9092-939510ff5570,CMM-SEALG-80EA46-001,NTPC-200066,NTPC,O-Ring 50 mm Graphite,SEAL_GASKET|GRAPHITE|50_MM|50_MM|PTFE_LINED,DIRECT_ACCEPTED,CAN-016894;CAN-016924;CAN-016954;CAN-016984,NMC-REVIEWER-CHIEF,
57dde9c7-727a-5168-bd15-42a6a5521219,CMM-SEALG-82045D-001,CIL-400164,Coal India,STORES ITEM 100 mm OIL SEAL - Graphite 600#,SEAL_GASKET|LUBRICANT|GRAPHITE|100_MM|100_MM|API_682,DIRECT_ACCEPTED,CAN-032823;CAN-032852;CAN-040322,NMC-REVIEWER-CHIEF,
5396d833-e3b9-58d1-a716-68cddbe32b9f,CMM-SEALG-82045D-001,IOCL-110125,IOCL,IND.OIL SEAL 100 mm Graphite 300#,SEAL_GASKET|LUBRICANT|GRAPHITE|100_MM|100_MM|API_682,DIRECT_ACCEPTED,CAN-032821;CAN-032852,NMC-REVIEWER-CHIEF,
a47368d4-c2a2-580e-8016-11a2e51dc2b7,CMM-SEALG-82045D-001,IOCL-110154,IOCL,100 mm Oil Seal - Graphite 150#,SEAL_GASKET|LUBRICANT|GRAPHITE|100_MM|100_MM|API_682,DIRECT_ACCEPTED,CAN-032822;CAN-040322,NMC-REVIEWER-CHIEF,
64677622-5a6a-5f07-a3e2-a6e1530054a2,CMM-SEALG-82045D-001,NTPC-200135,NTPC,Oil Seal 100 mm Graphite 600#,SEAL_GASKET|LUBRICANT|GRAPHITE|100_MM|100_MM|API_682,DIRECT_ACCEPTED,CAN-032821;CAN-032822;CAN-032823,NMC-REVIEWER-CHIEF,
8d0c4ad4-db0a-5c49-a42d-3547063d7253,CMM-SEALG-8A8051-001,IOCL-110035,IOCL,"SPARE-O-RING, NBR, SIZE 50 mm",SEAL_GASKET|NBR|50_MM|ASME_B1620,DIRECT_ACCEPTED,CAN-007531;CAN-007532,NMC-REVIEWER-CHIEF,
3776c261-d43b-5371-af2d-4d196a74b839,CMM-SEALG-8A8051-001,NMDC-410032,NMDC,"O-RING, NBR, SIZE 50 mm",SEAL_GASKET|NBR|50_MM|ASME_B1620,DIRECT_ACCEPTED,CAN-007531;CAN-007562,NMC-REVIEWER-CHIEF,
ec0533fe-6d72-5293-8072-7ef3adc6ee7b,CMM-SEALG-8A8051-001,ONGC-100031,ONGC,O-RING 50 mm NBR,SEAL_GASKET|NBR|50_MM|ASME_B1620,DIRECT_ACCEPTED,CAN-007532;CAN-007562,NMC-REVIEWER-CHIEF,
6365820a-7dd2-5131-b585-a1ea58252db9,CMM-SEALG-8BDD10-001,BHEL-500170,BHEL,IND.100 mm Mechanical Seal - Graphite 300#,SEAL_GASKET|GRAPHITE|100_MM|100_MM|ASME_B1620,DIRECT_ACCEPTED,CAN-040381,NMC-REVIEWER-CHIEF,
4370ae88-f4cf-5fac-847f-cd6595d0b7d8,CMM-SEALG-8BDD10-001,IOCL-110155,IOCL,"IND.MECHANICAL SEAL, Graphite, SIZE 100 mm 150#",SEAL_GASKET|GRAPHITE|100_MM|100_MM|ASME_B1620,DIRECT_ACCEPTED,CAN-040381,NMC-REVIEWER-CHIEF,
7dcd5495-f9a1-58d2-93eb-b89fa40ecb5b,CMM-SEALG-8F1270-001,HPCL-120185,HPCL,"SPARE-O-RING, Graphite, SIZE 100 mm 150#",SEAL_GASKET|GRAPHITE|100_MM,DIRECT_ACCEPTED,CAN-043981,NMC-REVIEWER-CHIEF,
e11cefa0-ed28-5bc1-91f7-50fbbf7a9b34,CMM-SEALG-8F1270-001,IOCL-110168,IOCL,100 mm O-Ring - Graphite 300#,SEAL_GASKET|GRAPHITE|100_MM,DIRECT_ACCEPTED,CAN-043981,NMC-REVIEWER-CHIEF,
a4ea2ef0-9487-5f93-be6b-b0db5b23ef7c,CMM-SEALG-928895-001,NTPC-200130,NTPC,STORES ITEM OIL SEAL 50 mm PTFE 150#,SEAL_GASKET|LUBRICANT|PTFE|50_MM|PTFE,DIRECT_ACCEPTED,CAN-032041,NMC-REVIEWER-CHIEF,
829a2894-6483-54d6-b8f6-7d5ae4c9f3fd,CMM-SEALG-928895-001,SAIL-300141,SAIL,"SPARE-Oil Seal, PTFE, SIZE 50 mm 600#",SEAL_GASKET|LUBRICANT|PTFE|50_MM|PTFE,DIRECT_ACCEPTED,CAN-032041,NMC-REVIEWER-CHIEF,
99830cfa-559c-5242-83ea-c9e2815fa376,CMM-SEALG-948B2B-001,ONGC-100190,ONGC,STORES ITEM Mechanical Seal 2 in Viton 150#,SEAL_GASKET|VITON|2_IN|2_IN|API_682,DIRECT_ACCEPTED,CAN-042301,NMC-REVIEWER-CHIEF,
188d1112-6cd4-5c2a-b79f-98df852923a2,CMM-SEALG-948B2B-001,SAIL-300183,SAIL,"SPARE-MECHANICAL SEAL, Viton, SIZE 2 in 300#",SEAL_GASKET|VITON|2_IN|2_IN|API_682,DIRECT_ACCEPTED,CAN-042301,NMC-REVIEWER-CHIEF,
2c56105d-ae83-5a11-9ce3-7f68c8f3bb6c,CMM-SEALG-96ED36-001,BHEL-500112,BHEL,100 mm OIL SEAL - Viton,SEAL_GASKET|LUBRICANT|VITON|100_MM|API_682,DIRECT_ACCEPTED,CAN-026282;CAN-026312;CAN-026343,NMC-REVIEWER-CHIEF,
bda9658d-8524-5712-b4af-2cdeba95d3b2,CMM-SEALG-96ED36-001,NMDC-410109,NMDC,"Oil Seal, Viton, SIZE 100 mm",SEAL_GASKET|LUBRICANT|VITON|100_MM|API_682,DIRECT_ACCEPTED,CAN-026281;CAN-026282;CAN-026283,NMC-REVIEWER-CHIEF,
923c0511-febe-5bf7-b75f-2299f1e0a832,CMM-SEALG-96ED36-001,NTPC-200104,NTPC,STORES ITEM 100 mm OIL SEAL - Viton,SEAL_GASKET|LUBRICANT|VITON|100_MM|API_682,DIRECT_ACCEPTED,CAN-026283;CAN-026313;CAN-026343,NMC-REVIEWER-CHIEF,
80247a83-358a-507e-b28e-85b95b8a6d54,CMM-SEALG-96ED36-001,SAIL-300119,SAIL,STORES ITEM OIL SEAL 100 mm Viton,SEAL_GASKET|LUBRICANT|VITON|100_MM|API_682,DIRECT_ACCEPTED,CAN-026281;CAN-026312;CAN-026313,NMC-REVIEWER-CHIEF,
0fd44efe-07e2-5a9a-8d29-f35e5161df51,CMM-SEALG-99E573-001,IOCL-110166,IOCL,STORES ITEM RUBBER GASKET 50 mm Graphite 300#,SEAL_GASKET|GRAPHITE|50_MM|API_682|RUBBER,DIRECT_ACCEPTED,CAN-043561,NMC-REVIEWER-CHIEF,
d2dc1927-049f-5e20-920f-9801dbcfb73f,CMM-SEALG-99E573-001,SAIL-300188,SAIL,IND.RUBBER GASKET 150# Graphite 50 mm,SEAL_GASKET|GRAPHITE|50_MM|API_682|RUBBER,DIRECT_ACCEPTED,CAN-043561,NMC-REVIEWER-CHIEF,
e9a2322d-3bb4-54fe-a768-e4f229b2368d,CMM-SEALG-9C5882-001,CIL-400112,Coal India,100 mm MECHANICAL SEAL - Viton 600#,SEAL_GASKET|VITON|100_MM|100_MM|ASME_B1620,DIRECT_ACCEPTED,CAN-028021,NMC-REVIEWER-CHIEF,
21990ace-733c-5d94-ab58-c7e638c331b9,CMM-SEALG-9C5882-001,HPCL-120123,HPCL,"Mechanical Seal, Viton, SIZE 100 mm 300#",SEAL_GASKET|VITON|100_MM|100_MM|ASME_B1620,DIRECT_ACCEPTED,CAN-028021,NMC-REVIEWER-CHIEF,
35c95599-8bcb-51a5-8808-6973a0374f71,CMM-SEALG-9F5E86-001,CIL-400013,Coal India,"IND.Mechanical Seal, PTFE, SIZE 100 mm",SEAL_GASKET|PTFE|100_MM|GALVANIZED,DIRECT_ACCEPTED,CAN-004052;CAN-004082;CAN-004113,NMC-REVIEWER-CHIEF,
973b06bd-9abf-5380-aa07-fac5e8ac2649,CMM-SEALG-9F5E86-001,HPCL-120018,HPCL,SPARE-MECHANICAL SEAL 100 mm PTFE,SEAL_GASKET|PTFE|100_MM|GALVANIZED,DIRECT_ACCEPTED,CAN-004051;CAN-004082;CAN-004083,NMC-REVIEWER-CHIEF,
29de2dd8-e202-50b4-b039-2df87409e2e2,CMM-SEALG-9F5E86-001,IOCL-110021,IOCL,Mechanical Seal 100 mm PTFE,SEAL_GASKET|PTFE|100_MM|GALVANIZED,DIRECT_ACCEPTED,CAN-004053;CAN-004083;CAN-004113,NMC-REVIEWER-CHIEF,
4a91c0f6-2df9-5ea9-b83f-4b3a880c60c4,CMM-SEALG-9F5E86-001,SAIL-300022,SAIL,IND.MECHANICAL SEAL 100 mm PTFE,SEAL_GASKET|PTFE|100_MM|GALVANIZED,DIRECT_ACCEPTED,CAN-004051;CAN-004052;CAN-004053,NMC-REVIEWER-CHIEF,
9fe12f8e-1fe0-52a0-b2e3-59d0d93b54eb,CMM-SEALG-A60FBB-001,NMDC-410183,NMDC,SPARE-O-RING 65 mm Viton 600#,SEAL_GASKET|VITON|65_MM|65_MM|ASME_B1620,DIRECT_ACCEPTED,CAN-043861,NMC-REVIEWER-CHIEF,
3f7cd028-6352-5696-8497-134671882472,CMM-SEALG-A60FBB-001,SAIL-300189,SAIL,"IND.O-Ring, Viton, SIZE 65 mm 150#",SEAL_GASKET|VITON|65_MM|65_MM|ASME_B1620,DIRECT_ACCEPTED,CAN-043861,NMC-REVIEWER-CHIEF,
d5b04ad0-f130-583b-8903-536511adbbc0,CMM-SEALG-AB281C-001,CIL-400068,Coal India,STORES ITEM 50 mm SPIRAL WOUND GASKET - Viton,SEAL_GASKET|SPIRAL_WOUND_GASKET|VITON|50_MM|50_MM,DIRECT_ACCEPTED,CAN-018151;CAN-018182;CAN-018183;CAN-018184;CAN-018185,NMC-REVIEWER-CHIEF,
3593c993-2e8f-58b0-9773-1571f2096bc1,CMM-SEALG-AB281C-001,HPCL-120080,HPCL,SPARE-Spiral Wound Gasket Viton 50 mm,SEAL_GASKET|SPIRAL_WOUND_GASKET|VITON|50_MM|50_MM,DIRECT_ACCEPTED,CAN-018154;CAN-018184;CAN-018214;CAN-018244;CAN-018275,NMC-REVIEWER-CHIEF,
4b4626a1-a830-541a-bb88-9b89c35fc079,CMM-SEALG-AB281C-001,IOCL-110073,IOCL,50 mm SPIRAL WOUND GASKET - Viton,SEAL_GASKET|SPIRAL_WOUND_GASKET|VITON|50_MM|50_MM,DIRECT_ACCEPTED,CAN-018155;CAN-018185;CAN-018215;CAN-018245;CAN-018275,NMC-REVIEWER-CHIEF,
25740acf-7ba6-5f87-bbcc-44edde00e06e,CMM-SEALG-AB281C-001,NTPC-200074,NTPC,IND.Spiral Wound Gasket 50 mm Viton,SEAL_GASKET|SPIRAL_WOUND_GASKET|VITON|50_MM|50_MM,DIRECT_ACCEPTED,CAN-018153;CAN-018183;CAN-018213;CAN-018244;CAN-018245,NMC-REVIEWER-CHIEF,
0c7391c7-551d-5552-8080-77f06dc700c4,CMM-SEALG-AB281C-001,ONGC-100075,ONGC,"Spiral Wound Gasket, Viton, SIZE 50 mm",SEAL_GASKET|SPIRAL_WOUND_GASKET|VITON|50_MM|50_MM,DIRECT_ACCEPTED,CAN-018151;CAN-018152;CAN-018153;CAN-018154;CAN-018155,NMC-REVIEWER-CHIEF,
2446ed32-db99-5340-a364-d4777fd63f7f,CMM-SEALG-AB281C-001,SAIL-300083,SAIL,"IND.SPIRAL WOUND GASKET, Viton, SIZE 50 mm",SEAL_GASKET|SPIRAL_WOUND_GASKET|VITON|50_MM|50_MM,DIRECT_ACCEPTED,CAN-018152;CAN-018182;CAN-018213;CAN-018214;CAN-018215,NMC-REVIEWER-CHIEF,
b171ced3-c5b4-5a27-bdbe-e82964e6a7f3,CMM-SEALG-ACB3E9-001,BHEL-500044,BHEL,"OIL SEAL, NBR, SIZE 2 in",SEAL_GASKET|LUBRICANT|NBR|2_IN|2_IN|ASME_B1620,DIRECT_ACCEPTED,CAN-010321;CAN-010322;CAN-010323,NMC-REVIEWER-CHIEF,
8b982629-954e-56ef-a3de-6067ac7bb9f3,CMM-SEALG-ACB3E9-001,CIL-400036,Coal India,"IND.Oil Seal, NBR, SIZE 2 in",SEAL_GASKET|LUBRICANT|NBR|2_IN|2_IN|ASME_B1620,DIRECT_ACCEPTED,CAN-010322;CAN-010352;CAN-010383,NMC-REVIEWER-CHIEF,
24e7c7e2-51e5-5c97-be06-b59aa64bb896,CMM-SEALG-ACB3E9-001,IOCL-110047,IOCL,"STORES ITEM OIL SEAL, NBR, SIZE 2 in",SEAL_GASKET|LUBRICANT|NBR|2_IN|2_IN|ASME_B1620,DIRECT_ACCEPTED,CAN-010321;CAN-010352;CAN-010353,NMC-REVIEWER-CHIEF,
2e81b22c-82ad-5c3d-b0ab-9dd01f4d6858,CMM-SEALG-ACB3E9-001,SAIL-300048,SAIL,"OIL SEAL, NBR, SIZE 2 in",SEAL_GASKET|LUBRICANT|NBR|2_IN|2_IN|ASME_B1620,DIRECT_ACCEPTED,CAN-010323;CAN-010353;CAN-010383,NMC-REVIEWER-CHIEF,
a757207e-b0ae-5310-9764-71bda7f3f078,CMM-SEALG-B639C0-001,BHEL-500065,BHEL,OIL SEAL Viton 2 in,SEAL_GASKET|LUBRICANT|VITON|2_IN|2_IN|ASME_B1620|ZINC_PLATED,DIRECT_ACCEPTED,CAN-015331;CAN-015332;CAN-015333,NMC-REVIEWER-CHIEF,
94fab281-9f7c-5b11-939e-bad357c35748,CMM-SEALG-B639C0-001,HPCL-120067,HPCL,OIL SEAL 2 in Viton,SEAL_GASKET|LUBRICANT|VITON|2_IN|2_IN|ASME_B1620|ZINC_PLATED,DIRECT_ACCEPTED,CAN-015332;CAN-015362;CAN-015393,NMC-REVIEWER-CHIEF,
b1280d14-3c4c-5ef3-a9e1-c4058f091df8,CMM-SEALG-B639C0-001,NMDC-410067,NMDC,IND.2 in Oil Seal - Viton,SEAL_GASKET|LUBRICANT|VITON|2_IN|2_IN|ASME_B1620|ZINC_PLATED,DIRECT_ACCEPTED,CAN-015331;CAN-015362;CAN-015363,NMC-REVIEWER-CHIEF,
b4ebb0d0-9dda-5a4e-896d-b0887f10bf3e,CMM-SEALG-B639C0-001,ONGC-100064,ONGC,OIL SEAL 2 in Viton,SEAL_GASKET|LUBRICANT|VITON|2_IN|2_IN|ASME_B1620|ZINC_PLATED,DIRECT_ACCEPTED,CAN-015333;CAN-015363;CAN-015393,NMC-REVIEWER-CHIEF,
ef128631-1e51-5e6d-8025-a8f19523334c,CMM-SEALG-C4821B-001,BHEL-500011,BHEL,STORES ITEM O-Ring NBR 2 in,SEAL_GASKET|NBR|2_IN|PTFE_LINED,DIRECT_ACCEPTED,CAN-002581;CAN-002612,NMC-REVIEWER-CHIEF,
34a80e81-1494-5ad4-a1da-f1e5e712fa78,CMM-SEALG-C4821B-001,IOCL-110013,IOCL,O-RING NBR 2 in,SEAL_GASKET|NBR|2_IN|PTFE_LINED,DIRECT_ACCEPTED,CAN-002582;CAN-002612,NMC-REVIEWER-CHIEF,
99b917ef-9ac7-5770-a653-f656ba684c82,CMM-SEALG-C4821B-001,SAIL-300015,SAIL,STORES ITEM O-RING 2 in NBR,SEAL_GASKET|NBR|2_IN|PTFE_LINED,DIRECT_ACCEPTED,CAN-002581;CAN-002582,NMC-REVIEWER-CHIEF,
c5ed11aa-9409-5fae-a056-3cbac16f923e,CMM-SEALG-C5D451-001,BHEL-500051,BHEL,RUBBER GASKET 50 mm NBR,SEAL_GASKET|NBR|50_MM|PTFE_LINED,DIRECT_ACCEPTED,CAN-012121;CAN-012122;CAN-012123;CAN-012124;CAN-012125,NMC-REVIEWER-CHIEF,
50ee0ca8-4e2f-51e5-81b9-6a67689c492a,CMM-SEALG-C5D451-001,CIL-400045,Coal India,IND.Rubber Gasket NBR 50 mm,SEAL_GASKET|NBR|50_MM|PTFE_LINED,DIRECT_ACCEPTED,CAN-012121;CAN-012152;CAN-012153;CAN-012154;CAN-012155,NMC-REVIEWER-CHIEF,
1105ec91-62d1-5f5f-88d5-262044c59e49,CMM-SEALG-C5D451-001,HPCL-120056,HPCL,50 mm Rubber Gasket - NBR,SEAL_GASKET|NBR|50_MM|PTFE_LINED,DIRECT_ACCEPTED,CAN-012122;CAN-012152;CAN-012183;CAN-012184;CAN-012185,NMC-REVIEWER-CHIEF,
26cf886b-cee9-50a2-9847-4a627f242f39,CMM-SEALG-C5D451-001,IOCL-110054,IOCL,STORES ITEM RUBBER GASKET NBR 50 mm,SEAL_GASKET|NBR|50_MM|PTFE_LINED,DIRECT_ACCEPTED,CAN-012124;CAN-012154;CAN-012184;CAN-012214;CAN-012245,NMC-REVIEWER-CHIEF,
c0a0bde4-4ff9-518b-a2fe-a0e2329d23fb,CMM-SEALG-C5D451-001,NMDC-410052,NMDC,SPARE-RUBBER GASKET NBR 50 mm,SEAL_GASKET|NBR|50_MM|PTFE_LINED,DIRECT_ACCEPTED,CAN-012125;CAN-012155;CAN-012185;CAN-012215;CAN-012245,NMC-REVIEWER-CHIEF,
e64381d5-5008-580b-9688-a0e1b40bfa98,CMM-SEALG-C5D451-001,SAIL-300057,SAIL,50 mm RUBBER GASKET - NBR,SEAL_GASKET|NBR|50_MM|PTFE_LINED,DIRECT_ACCEPTED,CAN-012123;CAN-012153;CAN-012183;CAN-012214;CAN-012215,NMC-REVIEWER-CHIEF,
25fb8523-b165-5699-afa8-f38b946bb18f,CMM-SEALG-C65128-001,BHEL-500026,BHEL,SPARE-SPIRAL WOUND GASKET PTFE 2 in,SEAL_GASKET|SPIRAL_WOUND_GASKET|PTFE|2_IN|2_IN|API_682|PTFE,DIRECT_ACCEPTED,CAN-006001;CAN-006002;CAN-006003;CAN-006004,NMC-REVIEWER-CHIEF,
4344c1c4-0b29-5b03-96eb-35013a46f6cd,CMM-SEALG-C65128-001,CIL-400019,Coal India,STORES ITEM 2 in Spiral Wound Gasket - PTFE,SEAL_GASKET|SPIRAL_WOUND_GASKET|PTFE|2_IN|2_IN|API_682|PTFE,DIRECT_ACCEPTED,CAN-006001;CAN-006032;CAN-006033;CAN-006034,NMC-REVIEWER-CHIEF,
352701a5-aa99-566d-bb5d-9dc3b96c60fd,CMM-SEALG-C65128-001,HPCL-120029,HPCL,SPARE-Spiral Wound Gasket PTFE 2 in,SEAL_GASKET|SPIRAL_WOUND_GASKET|PTFE|2_IN|2_IN|API_682|PTFE,DIRECT_ACCEPTED,CAN-006002;CAN-006032;CAN-006063;CAN-006064,NMC-REVIEWER-CHIEF,
a3c11908-8246-5416-83ae-53038fe6981f,CMM-SEALG-C65128-001,IOCL-110029,IOCL,"SPARE-Spiral Wound Gasket, PTFE, SIZE 2 in",SEAL_GASKET|SPIRAL_WOUND_GASKET|PTFE|2_IN|2_IN|API_682|PTFE,DIRECT_ACCEPTED,CAN-006004;CAN-006034;CAN-006064;CAN-006094,NMC-REVIEWER-CHIEF,
7d4a63bb-02fe-5e4d-abb1-ded522f46017,CMM-SEALG-C65128-001,SAIL-300028,SAIL,"STORES ITEM Spiral Wound Gasket, PTFE, SIZE 2 in",SEAL_GASKET|SPIRAL_WOUND_GASKET|PTFE|2_IN|2_IN|API_682|PTFE,DIRECT_ACCEPTED,CAN-006003;CAN-006033;CAN-006063;CAN-006094,NMC-REVIEWER-CHIEF,
78de6c9f-29f3-5f91-8448-4fc40b86dbc8,CMM-SEALG-C69426-001,HPCL-120065,HPCL,"Oil Seal, NBR, SIZE 2 in",SEAL_GASKET|LUBRICANT|NBR|2_IN|API_682,DIRECT_ACCEPTED,CAN-014851;CAN-014852,NMC-REVIEWER-CHIEF,
1200d211-b574-502d-be8d-4f05caaec834,CMM-SEALG-C69426-001,NMDC-410064,NMDC,Oil Seal 2 in NBR,SEAL_GASKET|LUBRICANT|NBR|2_IN|API_682,DIRECT_ACCEPTED,CAN-014852;CAN-014882,NMC-REVIEWER-CHIEF,
0d8ba3f4-7b64-5240-a19c-484dd709f06c,CMM-SEALG-C69426-001,NTPC-200058,NTPC,IND.Oil Seal 2 in NBR,SEAL_GASKET|LUBRICANT|NBR|2_IN|API_682,DIRECT_ACCEPTED,CAN-014851;CAN-014882,NMC-REVIEWER-CHIEF,
756d5296-f068-5c5c-9d02-e61e2b9a5d45,CMM-SEALG-C73A59-001,HPCL-120128,HPCL,SPARE-100 mm O-Ring - PTFE 300#,SEAL_GASKET|PTFE|100_MM|100_MM|ASME_B1620|PTFE,DIRECT_ACCEPTED,CAN-029221,NMC-REVIEWER-CHIEF,
04d8ffff-24a5-53ff-af33-6aeab712f7f7,CMM-SEALG-C73A59-001,SAIL-300133,SAIL,SPARE-O-Ring 600# PTFE 100 mm,SEAL_GASKET|PTFE|100_MM|100_MM|ASME_B1620|PTFE,DIRECT_ACCEPTED,CAN-029221,NMC-REVIEWER-CHIEF,
8b974511-7d47-5fde-9b64-e234de7f71a8,CMM-SEALG-C8045E-001,BHEL-500040,BHEL,O-Ring 100 mm Graphite,SEAL_GASKET|GRAPHITE|100_MM|100_MM,DIRECT_ACCEPTED,CAN-009512;CAN-009542,NMC-REVIEWER-CHIEF,
da02049b-b8a3-53bc-9f31-b18b1a64b698,CMM-SEALG-C8045E-001,HPCL-120044,HPCL,IND.O-Ring Graphite 100 mm,SEAL_GASKET|GRAPHITE|100_MM|100_MM,DIRECT_ACCEPTED,CAN-009511;CAN-009512,NMC-REVIEWER-CHIEF,
c88343d4-83a4-5a4a-b314-56be38f00f1c,CMM-SEALG-C8045E-001,NMDC-410040,NMDC,"STORES ITEM O-Ring, Graphite, SIZE 100 mm",SEAL_GASKET|GRAPHITE|100_MM|100_MM,DIRECT_ACCEPTED,CAN-009511;CAN-009542,NMC-REVIEWER-CHIEF,
2d36261d-0ce9-5dc8-84f6-2d5a7fd04f3c,CMM-SEALG-CE2B43-001,NMDC-410143,NMDC,IND.RUBBER GASKET 600# PTFE 2 in,SEAL_GASKET|PTFE|2_IN|2_IN|ASME_B1620|PTFE_LINED,DIRECT_ACCEPTED,CAN-034081,NMC-REVIEWER-CHIEF,
d2610a27-f813-5f17-bad8-412c05ce4ee0,CMM-SEALG-CE2B43-001,NTPC-200140,NTPC,SPARE-2 in Rubber Gasket - PTFE 150#,SEAL_GASKET|PTFE|2_IN|2_IN|ASME_B1620|PTFE_LINED,DIRECT_ACCEPTED,CAN-034081,NMC-REVIEWER-CHIEF,
3c248319-a868-5330-a6b5-97a693f0fc03,CMM-SEALG-D89357-001,HPCL-120136,HPCL,IND.OIL SEAL 150# PTFE 65 mm,SEAL_GASKET|LUBRICANT|PTFE|65_MM|65_MM|ASME_B1620|PTFE,DIRECT_ACCEPTED,CAN-031381,NMC-REVIEWER-CHIEF,
1c4ffa22-5984-57d7-844a-07942f3b610a,CMM-SEALG-D89357-001,NMDC-410132,NMDC,SPARE-65 mm Oil Seal - PTFE 600#,SEAL_GASKET|LUBRICANT|PTFE|65_MM|65_MM|ASME_B1620|PTFE,DIRECT_ACCEPTED,CAN-031381,NMC-REVIEWER-CHIEF,
4cb7ee90-266f-5d52-827b-9b5c42092a30,CMM-SEALG-DB0B11-001,BHEL-500110,BHEL,IND.100 mm MECHANICAL SEAL - NBR,SEAL_GASKET|NBR|100_MM|ASME_B1620,DIRECT_ACCEPTED,CAN-025774;CAN-025804;CAN-025834;CAN-025864;CAN-025895,NMC-REVIEWER-CHIEF,
1dfec70e-b2a2-51ec-b5d4-1abb386b3d4b,CMM-SEALG-DB0B11-001,CIL-400104,Coal India,MECHANICAL SEAL NBR 100 mm,SEAL_GASKET|NBR|100_MM|ASME_B1620,DIRECT_ACCEPTED,CAN-025771;CAN-025802;CAN-025803;CAN-025804;CAN-025805,NMC-REVIEWER-CHIEF,
318c7ce8-cd2e-516c-aaee-99b62a82e08b,CMM-SEALG-DB0B11-001,IOCL-110102,IOCL,STORES ITEM Mechanical Seal NBR 100 mm,SEAL_GASKET|NBR|100_MM|ASME_B1620,DIRECT_ACCEPTED,CAN-025773;CAN-025803;CAN-025833;CAN-025864;CAN-025865,NMC-REVIEWER-CHIEF,
b8392a15-acf7-54e5-b7f9-ec525e80bacf,CMM-SEALG-DB0B11-001,NMDC-410107,NMDC,MECHANICAL SEAL NBR 100 mm,SEAL_GASKET|NBR|100_MM|ASME_B1620,DIRECT_ACCEPTED,CAN-025772;CAN-025802;CAN-025833;CAN-025834;CAN-025835,NMC-REVIEWER-CHIEF,
9eb58171-ab14-5266-9968-b6c364154bf2,CMM-SEALG-DB0B11-001,ONGC-100111,ONGC,IND.Mechanical Seal NBR 100 mm,SEAL_GASKET|NBR|100_MM|ASME_B1620,DIRECT_ACCEPTED,CAN-025771;CAN-025772;CAN-025773;CAN-025774;CAN-025775,NMC-REVIEWER-CHIEF,
15b82591-36f7-5fdb-8017-3f031da0ee4a,CMM-SEALG-DB0B11-001,SAIL-300116,SAIL,STORES ITEM Mechanical Seal 100 mm NBR,SEAL_GASKET|NBR|100_MM|ASME_B1620,DIRECT_ACCEPTED,CAN-025775;CAN-025805;CAN-025835;CAN-025865;CAN-025895,NMC-REVIEWER-CHIEF,
dc4ad53e-2683-5334-ad3a-599e4e76501a,CMM-SEALG-DE85AC-001,HPCL-120161,HPCL,STORES ITEM 65 mm O-RING - PTFE 150#,SEAL_GASKET|PTFE|65_MM|ASME_B1620|PTFE_LINED,DIRECT_ACCEPTED,CAN-037441,NMC-REVIEWER-CHIEF,
c553fbb6-f85a-589f-aab4-b83ba86f0ca4,CMM-SEALG-DE85AC-001,NMDC-410161,NMDC,IND.O-RING 65 mm PTFE 300#,SEAL_GASKET|PTFE|65_MM|ASME_B1620|PTFE_LINED,DIRECT_ACCEPTED,CAN-037441,NMC-REVIEWER-CHIEF,
9fd9b8e5-253d-579f-ab38-a9f207380949,CMM-SEALG-DE8656-001,BHEL-500092,BHEL,Spiral Wound Gasket 2 in Viton,SEAL_GASKET|SPIRAL_WOUND_GASKET|VITON|2_IN|2_IN|ASME_B1620,DIRECT_ACCEPTED,CAN-021601;CAN-021632,NMC-REVIEWER-CHIEF,
35bab5c6-a764-568d-bc5b-c544c9609a55,CMM-SEALG-DE8656-001,IOCL-110089,IOCL,SPARE-Spiral Wound Gasket 2 in Viton,SEAL_GASKET|SPIRAL_WOUND_GASKET|VITON|2_IN|2_IN|ASME_B1620,DIRECT_ACCEPTED,CAN-021602;CAN-021632,NMC-REVIEWER-CHIEF,
cd056400-2340-5558-8cfc-3b1aeb5fa6cb,CMM-SEALG-DE8656-001,ONGC-100090,ONGC,SPARE-Spiral Wound Gasket Viton 2 in,SEAL_GASKET|SPIRAL_WOUND_GASKET|VITON|2_IN|2_IN|ASME_B1620,DIRECT_ACCEPTED,CAN-021601;CAN-021602,NMC-REVIEWER-CHIEF,
f72a389b-6d01-5436-8ea2-40170c448e67,CMM-SEALG-E00177-001,HPCL-120071,HPCL,Mechanical Seal NBR 2 in,SEAL_GASKET|NBR|2_IN|API_682,DIRECT_ACCEPTED,CAN-016382;CAN-016412;CAN-016443;CAN-016444;CAN-016445,NMC-REVIEWER-CHIEF,
d1cc91a6-31e2-5aa5-8693-97cbd87c28d1,CMM-SEALG-E00177-001,HPCL-120137,HPCL,O-RING 2 in NBR 300#,SEAL_GASKET|NBR|2_IN|API_682,DIRECT_ACCEPTED,CAN-016384;CAN-016413;CAN-031623;CAN-031654;CAN-031655,NMC-REVIEWER-CHIEF,
a48f790b-a526-5054-b583-e7ac105e02e2,CMM-SEALG-E00177-001,IOCL-110149,IOCL,STORES ITEM 2 in O-RING - NBR 300#,SEAL_GASKET|NBR|2_IN|API_682,DIRECT_ACCEPTED,CAN-016386;CAN-016415;CAN-016445;CAN-031625;CAN-031655;CAN-038346,NMC-REVIEWER-CHIEF,
918d1757-74c3-5b76-8ac6-68e1dfbdaa4e,CMM-SEALG-E00177-001,NMDC-410165,NMDC,"O-RING, NBR, SIZE 2 in 600#",SEAL_GASKET|NBR|2_IN|API_682,DIRECT_ACCEPTED,CAN-016385;CAN-016414;CAN-016444;CAN-031624;CAN-031654;CAN-038346,NMC-REVIEWER-CHIEF,
1546d207-831e-5307-be40-14b7138b5dca,CMM-SEALG-E00177-001,NTPC-200063,NTPC,SPARE-Mechanical Seal NBR 2 in,SEAL_GASKET|NBR|2_IN|API_682,DIRECT_ACCEPTED,CAN-016381;CAN-016382;CAN-016383;CAN-016384;CAN-016385;CAN-016386,NMC-REVIEWER-CHIEF,
b9f4c911-cce9-5888-9a5e-064249c9b6ea,CMM-SEALG-E00177-001,SAIL-300076,SAIL,Mechanical Seal NBR 2 in,SEAL_GASKET|NBR|2_IN|API_682,DIRECT_ACCEPTED,CAN-016381;CAN-016412;CAN-016413;CAN-016414;CAN-016415,NMC-REVIEWER-CHIEF,
81760d83-4786-5b2a-b6ab-045055bba715,CMM-SEALG-E00177-001,SAIL-300140,SAIL,SPARE-O-RING 150# NBR 2 in,SEAL_GASKET|NBR|2_IN|API_682,DIRECT_ACCEPTED,CAN-016383;CAN-016443;CAN-031623;CAN-031624;CAN-031625,NMC-REVIEWER-CHIEF,
9ba6bcd7-7f8e-59a1-99e5-297bdaf1e017,CMM-SEALG-E0C6E5-001,HPCL-120072,HPCL,RUBBER GASKET NBR 100 mm,SEAL_GASKET|NBR|100_MM|100_MM|ASME_B1620|EPOXY_COATED,DIRECT_ACCEPTED,CAN-016682;CAN-016712,NMC-REVIEWER-CHIEF,
87e68858-9195-5bb2-bb1a-5016782bae24,CMM-SEALG-E0C6E5-001,NMDC-410074,NMDC,"IND.Rubber Gasket, NBR, SIZE 100 mm",SEAL_GASKET|NBR|100_MM|100_MM|ASME_B1620|EPOXY_COATED,DIRECT_ACCEPTED,CAN-016681;CAN-016682,NMC-REVIEWER-CHIEF,
8c9db898-303a-5533-8741-a5d48fa1a61e,CMM-SEALG-E0C6E5-001,SAIL-300078,SAIL,IND.RUBBER GASKET 100 mm NBR,SEAL_GASKET|NBR|100_MM|100_MM|ASME_B1620|EPOXY_COATED,DIRECT_ACCEPTED,CAN-016681;CAN-016712,NMC-REVIEWER-CHIEF,
3ab8272b-af9b-5bd2-822d-64821afa9eb2,CMM-SEALG-E57A9D-001,IOCL-110173,IOCL,O-RING 600# Viton 65 mm,SEAL_GASKET|VITON|65_MM|ASME_B1620|ZINC_PLATED,DIRECT_ACCEPTED,CAN-045121,NMC-REVIEWER-CHIEF,
4ad05d1e-ba1f-57ab-9c49-cd38785d4885,CMM-SEALG-E57A9D-001,NTPC-200183,NTPC,IND.O-Ring 65 mm Viton 300#,SEAL_GASKET|VITON|65_MM|ASME_B1620|ZINC_PLATED,DIRECT_ACCEPTED,CAN-045121,NMC-REVIEWER-CHIEF,
6e9b0edc-df7d-58f2-a6b1-4807d4f15a29,CMM-SEALG-E59C31-001,BHEL-500171,BHEL,"Rubber Gasket, PTFE, SIZE 50 mm 600#",SEAL_GASKET|PTFE|50_MM|50_MM|API_682|ZINC_PLATED,DIRECT_ACCEPTED,CAN-040441,NMC-REVIEWER-CHIEF,
2da6b102-fe86-5207-bc3b-d769ead9d880,CMM-SEALG-E59C31-001,ONGC-100177,ONGC,"IND.Rubber Gasket, PTFE, SIZE 50 mm 300#",SEAL_GASKET|PTFE|50_MM|50_MM|API_682|ZINC_PLATED,DIRECT_ACCEPTED,CAN-040441,NMC-REVIEWER-CHIEF,
f02043e3-8560-5621-9d5d-e1e049fef486,CMM-SEALG-E70970-001,HPCL-120154,HPCL,STORES ITEM 100 mm Rubber Gasket - NBR 600#,SEAL_GASKET|NBR|100_MM|100_MM|ASME_B1620|RUBBER,DIRECT_ACCEPTED,CAN-035941,NMC-REVIEWER-CHIEF,
416e90a2-59ee-51e5-ad1e-343938614935,CMM-SEALG-E70970-001,NMDC-410154,NMDC,"IND.Rubber Gasket, NBR, SIZE 100 mm 150#",SEAL_GASKET|NBR|100_MM|100_MM|ASME_B1620|RUBBER,DIRECT_ACCEPTED,CAN-035941,NMC-REVIEWER-CHIEF,
dd7f8d00-f008-5824-aa2d-fe6326fecfa9,CMM-SEALG-E86469-001,BHEL-500115,BHEL,OIL SEAL 600# NBR 50 mm,SEAL_GASKET|LUBRICANT|NBR|50_MM|ASME_B1620,DIRECT_ACCEPTED,CAN-027301;CAN-027302;CAN-027303,NMC-REVIEWER-CHIEF,
c827a5bc-c1c3-5db0-85b1-71bdc1e7f6cd,CMM-SEALG-E86469-001,CIL-400110,Coal India,"STORES ITEM OIL SEAL, NBR, SIZE 50 mm 150#",SEAL_GASKET|LUBRICANT|NBR|50_MM|ASME_B1620,DIRECT_ACCEPTED,CAN-027301;CAN-027332,NMC-REVIEWER-CHIEF,
aa3178fd-a8f5-50ed-9509-3af195bdd96c,CMM-SEALG-E86469-001,CIL-400140,Coal India,50 mm Oil Seal - NBR 600#,SEAL_GASKET|LUBRICANT|NBR|50_MM|ASME_B1620,DIRECT_ACCEPTED,CAN-027302;CAN-034862,NMC-REVIEWER-CHIEF,
11477dfe-c928-529a-afe7-f935ab310713,CMM-SEALG-E86469-001,HPCL-120148,HPCL,"IND.Oil Seal, NBR, SIZE 50 mm 150#",SEAL_GASKET|LUBRICANT|NBR|50_MM|ASME_B1620,DIRECT_ACCEPTED,CAN-027303;CAN-027332;CAN-034862,NMC-REVIEWER-CHIEF,
219d18a5-a490-599c-962a-360dbe767c47,CMM-SEALG-EA0F9C-001,CIL-400183,Coal India,STORES ITEM 2 in RUBBER GASKET - NBR 300#,SEAL_GASKET|NBR|2_IN|2_IN|API_682|RUBBER,DIRECT_ACCEPTED,CAN-044581,NMC-REVIEWER-CHIEF,
9aefa8ce-6b5f-5077-8a96-8ed919eaef4f,CMM-SEALG-EA0F9C-001,HPCL-120187,HPCL,RUBBER GASKET 2 in NBR 600#,SEAL_GASKET|NBR|2_IN|2_IN|API_682|RUBBER,DIRECT_ACCEPTED,CAN-044581,NMC-REVIEWER-CHIEF,
b98af659-066f-5be0-85bc-f9d7f9934e44,CMM-SEALG-F01715-001,BHEL-500106,BHEL,IND.O-RING PTFE 65 mm,SEAL_GASKET|PTFE|65_MM|API_682|PTFE,DIRECT_ACCEPTED,CAN-024811;CAN-024842,NMC-REVIEWER-CHIEF,
fe689283-98fa-5492-963d-24bb672e1b5a,CMM-SEALG-F01715-001,HPCL-120111,HPCL,O-RING 65 mm PTFE,SEAL_GASKET|PTFE|65_MM|API_682|PTFE,DIRECT_ACCEPTED,CAN-024811;CAN-024812,NMC-REVIEWER-CHIEF,
08a7f597-ce26-5eb4-9ef0-1f07abc00bad,CMM-SEALG-F01715-001,SAIL-300112,SAIL,STORES ITEM O-Ring PTFE 65 mm,SEAL_GASKET|PTFE|65_MM|API_682|PTFE,DIRECT_ACCEPTED,CAN-024812;CAN-024842,NMC-REVIEWER-CHIEF,
6bff509c-297d-5a98-a82c-92c7c504831d,CMM-SEALG-F13686-001,BHEL-500189,BHEL,Spiral Wound Gasket 600# Graphite 100 mm,SEAL_GASKET|SPIRAL_WOUND_GASKET|GRAPHITE|100_MM|100_MM|API_682,DIRECT_ACCEPTED,CAN-045301,NMC-REVIEWER-CHIEF,
395b0d3a-0c51-52f8-bd2a-ac0a180c0808,CMM-SEALG-F13686-001,IOCL-110175,IOCL,100 mm Spiral Wound Gasket - Graphite 300#,SEAL_GASKET|SPIRAL_WOUND_GASKET|GRAPHITE|100_MM|100_MM|API_682,DIRECT_ACCEPTED,CAN-045301,NMC-REVIEWER-CHIEF,
5efd8eb2-397b-5943-8c29-74b55426eab6,CMM-SEALG-F19166-001,CIL-400121,Coal India,"STORES ITEM MECHANICAL SEAL, Graphite, SIZE 2 in 150#",SEAL_GASKET|GRAPHITE|2_IN,DIRECT_ACCEPTED,CAN-029281,NMC-REVIEWER-CHIEF,
d611ae48-9ddb-5281-acf5-9e8d1cf7e6dc,CMM-SEALG-F19166-001,ONGC-100125,ONGC,2 in Mechanical Seal - Graphite 300#,SEAL_GASKET|GRAPHITE|2_IN,DIRECT_ACCEPTED,CAN-029281,NMC-REVIEWER-CHIEF,
a027608b-1d52-5666-ac69-72817e244761,CMM-SEALG-F519D1-001,BHEL-500057,BHEL,STORES ITEM RUBBER GASKET NBR 100 mm,SEAL_GASKET|NBR|100_MM|ASME_B1620|RUBBER,DIRECT_ACCEPTED,CAN-013801;CAN-013802,NMC-REVIEWER-CHIEF,
e047c097-9f34-5f3a-8932-a5dd9b1936d0,CMM-SEALG-F519D1-001,CIL-400052,Coal India,SPARE-100 mm Rubber Gasket - NBR,SEAL_GASKET|NBR|100_MM|ASME_B1620|RUBBER,DIRECT_ACCEPTED,CAN-013801;CAN-013832,NMC-REVIEWER-CHIEF,
33491a01-2f48-5018-8b5a-4600f5d48e6b,CMM-SEALG-F519D1-001,HPCL-120060,HPCL,SPARE-100 mm Rubber Gasket - NBR,SEAL_GASKET|NBR|100_MM|ASME_B1620|RUBBER,DIRECT_ACCEPTED,CAN-013802;CAN-013832,NMC-REVIEWER-CHIEF,
661badbe-571e-54f7-a54f-35ad55b2e097,CMM-SEALG-F69928-001,CIL-400102,Coal India,Spiral Wound Gasket 2 in Viton,SEAL_GASKET|SPIRAL_WOUND_GASKET|VITON|2_IN|2_IN|ASME_B1620|ZINC_PLATED,DIRECT_ACCEPTED,CAN-025532;CAN-025562;CAN-025593;CAN-025594,NMC-REVIEWER-CHIEF,
c6e001f1-f4ac-5b5b-9908-a5d974a7613a,CMM-SEALG-F69928-001,IOCL-110101,IOCL,"Spiral Wound Gasket, Viton, SIZE 2 in",SEAL_GASKET|SPIRAL_WOUND_GASKET|VITON|2_IN|2_IN|ASME_B1620|ZINC_PLATED,DIRECT_ACCEPTED,CAN-025531;CAN-025562;CAN-025563;CAN-025564,NMC-REVIEWER-CHIEF,
49bf822c-44a5-535d-94a8-f07d1c0b79ea,CMM-SEALG-F69928-001,NTPC-200100,NTPC,IND.2 in SPIRAL WOUND GASKET - Viton,SEAL_GASKET|SPIRAL_WOUND_GASKET|VITON|2_IN|2_IN|ASME_B1620|ZINC_PLATED,DIRECT_ACCEPTED,CAN-025531;CAN-025532;CAN-025533;CAN-025534,NMC-REVIEWER-CHIEF,
f572eb47-528c-558a-b211-e66b4af5914c,CMM-SEALG-F69928-001,ONGC-100109,ONGC,"Spiral Wound Gasket, Viton, SIZE 2 in",SEAL_GASKET|SPIRAL_WOUND_GASKET|VITON|2_IN|2_IN|ASME_B1620|ZINC_PLATED,DIRECT_ACCEPTED,CAN-025534;CAN-025564;CAN-025594;CAN-025624,NMC-REVIEWER-CHIEF,
3d24c282-b1f1-5a0d-a599-169f428966a8,CMM-SEALG-F69928-001,SAIL-300115,SAIL,IND.2 in Spiral Wound Gasket - Viton,SEAL_GASKET|SPIRAL_WOUND_GASKET|VITON|2_IN|2_IN|ASME_B1620|ZINC_PLATED,DIRECT_ACCEPTED,CAN-025533;CAN-025563;CAN-025593;CAN-025624,NMC-REVIEWER-CHIEF,
e2b8ac13-a183-504a-a36d-e247d959c16b,CMM-SEALG-F69B1C-001,BHEL-500029,BHEL,IND.50 mm OIL SEAL - Viton,SEAL_GASKET|LUBRICANT|VITON|50_MM|50_MM|ASME_B1620,DIRECT_ACCEPTED,CAN-006752;CAN-006782,NMC-REVIEWER-CHIEF,
ceb8b3fd-1f0e-5f04-8a19-89a03bcff290,CMM-SEALG-F69B1C-001,HPCL-120033,HPCL,OIL SEAL 50 mm Viton,SEAL_GASKET|LUBRICANT|VITON|50_MM|50_MM|ASME_B1620,DIRECT_ACCEPTED,CAN-006751;CAN-006782,NMC-REVIEWER-CHIEF,
1daa9d2a-e9b3-58c8-871a-100153618a0b,CMM-SEALG-F69B1C-001,NMDC-410028,NMDC,"SPARE-OIL SEAL, Viton, SIZE 50 mm",SEAL_GASKET|LUBRICANT|VITON|50_MM|50_MM|ASME_B1620,DIRECT_ACCEPTED,CAN-006751;CAN-006752,NMC-REVIEWER-CHIEF,
d92b22cb-8339-55d6-af53-0474efd1824f,CMM-SEALG-F7AAFE-001,IOCL-110153,IOCL,STORES ITEM O-RING 50 mm NBR 300#,SEAL_GASKET|NBR|50_MM|50_MM|API_682,DIRECT_ACCEPTED,CAN-039661,NMC-REVIEWER-CHIEF,
c2a6acb5-2a3b-5361-aa5a-7db1362b704b,CMM-SEALG-F7AAFE-001,NTPC-200160,NTPC,50 mm O-Ring - NBR 600#,SEAL_GASKET|NBR|50_MM|50_MM|API_682,DIRECT_ACCEPTED,CAN-039661,NMC-REVIEWER-CHIEF,
4e350628-be08-53c2-8035-3f4a18349ea8,CMM-SEALG-F9CB6E-001,IOCL-110164,IOCL,RUBBER GASKET 600# NBR 50 mm,SEAL_GASKET|NBR|50_MM|50_MM|ASME_B1620|RUBBER,DIRECT_ACCEPTED,CAN-043141,NMC-REVIEWER-CHIEF,
8b9ff379-160e-5363-b490-ab6a004b856d,CMM-SEALG-F9CB6E-001,SAIL-300187,SAIL,STORES ITEM RUBBER GASKET 150# NBR 50 mm,SEAL_GASKET|NBR|50_MM|50_MM|ASME_B1620|RUBBER,DIRECT_ACCEPTED,CAN-043141,NMC-REVIEWER-CHIEF,
abe6562b-b6f4-5842-90f1-566e51099ffc,CMM-SEALG-FB7539-001,CIL-400179,Coal India,IND.Rubber Gasket 600# Graphite 2 in,SEAL_GASKET|GRAPHITE|2_IN|2_IN|GALVANIZED,DIRECT_ACCEPTED,CAN-043621,NMC-REVIEWER-CHIEF,
b324a86c-10a3-5bb4-b624-ce7b1e7248e2,CMM-SEALG-FB7539-001,ONGC-100199,ONGC,"SPARE-Rubber Gasket, Graphite, SIZE 2 in 150#",SEAL_GASKET|GRAPHITE|2_IN|2_IN|GALVANIZED,DIRECT_ACCEPTED,CAN-043621,NMC-REVIEWER-CHIEF,
8d6df3b8-7489-5a59-9c51-7e3dfa3fbcd8,CMM-VALVE-004822-001,IOCL-110268,IOCL,4 in Coker Slide Valve - ASTM A217 C5,VALVE|ASTM_A217_C5|4_IN|4_IN|API_599,STANDALONE,,,
b34fcb92-17e0-57ce-8fd8-6e0d9554a2ec,CMM-VALVE-00AA46-001,BHEL-500245,BHEL,STORES ITEM Steam Turbine Control Valve ASTM A217 WC6 6 in,VALVE|ASTM_A217_WC6|6_IN|6_IN|ASME_B1634,STANDALONE,,,
86931b37-7b24-593e-a2f3-4dc2d791f1f7,CMM-VALVE-015BCD-001,HPCL-120145,HPCL,Control Valve 1 in LCB 150#,VALVE|LCB|1_IN|API_602|GALVANIZED,DIRECT_ACCEPTED,CAN-034021,NMC-REVIEWER-CHIEF,
bc9da919-398d-52af-95b1-07212483c83c,CMM-VALVE-015BCD-001,IOCL-110131,IOCL,STORES ITEM 1 in Control Valve - LCB 600#,VALVE|LCB|1_IN|API_602|GALVANIZED,DIRECT_ACCEPTED,CAN-034021,NMC-REVIEWER-CHIEF,
b0eba6d8-50d7-5028-aa9a-e2d831e5a1c5,CMM-VALVE-03FCA1-001,BHEL-500248,BHEL,SPARE-STEAM TURBINE CONTROL VALVE ASTM A217 WC6 6 in,VALVE|ASTM_A217_WC6|6_IN|ASME_B1634,STANDALONE,,,
a34653ff-bba3-5544-afb7-f6416457ee04,CMM-VALVE-04D31B-001,BHEL-500195,BHEL,Steam Turbine Control Valve ASTM A217 WC6 6 in,VALVE|ASTM_A217_WC6|6_IN|6_IN|ASME_B1634,STANDALONE,,,
4940c404-a5bf-572a-9d1a-a1aca74c12d3,CMM-VALVE-05CA31-001,BHEL-500208,BHEL,STORES ITEM STEAM TURBINE CONTROL VALVE ASTM A217 WC6 6 in,VALVE|ASTM_A217_WC6|6_IN|6_IN|ASME_B1634,STANDALONE,,,
8b2cb4f6-751c-596d-aa35-6e048c5170b1,CMM-VALVE-0728B9-001,BHEL-500085,BHEL,"STORES ITEM Butterfly Valve, WCB, SIZE 4 in",VALVE|BUTTERFLY_VALVE|ASTM_A216_WCB|4_IN|API_600|ZINC_PLATED,DIRECT_ACCEPTED,CAN-019654;CAN-019684;CAN-019714;CAN-019744,NMC-REVIEWER-CHIEF,
2220028b-29e1-5144-a806-7fa79fe08b04,CMM-VALVE-0728B9-001,HPCL-120085,HPCL,STORES ITEM Butterfly Valve WCB 4 in,VALVE|BUTTERFLY_VALVE|ASTM_A216_WCB|4_IN|API_600|ZINC_PLATED,DIRECT_ACCEPTED,CAN-019652;CAN-019682;CAN-019713;CAN-019714,NMC-REVIEWER-CHIEF,
118ee4c5-d33b-5cf3-a685-6df8db9c71f4,CMM-VALVE-0728B9-001,IOCL-110079,IOCL,"SPARE-BUTTERFLY VALVE, WCB, SIZE 4 in",VALVE|BUTTERFLY_VALVE|ASTM_A216_WCB|4_IN|API_600|ZINC_PLATED,DIRECT_ACCEPTED,CAN-019653;CAN-019683;CAN-019713;CAN-019744,NMC-REVIEWER-CHIEF,
44b719d9-11da-5ba9-b5db-36498aa44282,CMM-VALVE-0728B9-001,NMDC-410088,NMDC,IND.Butterfly Valve 4 in WCB,VALVE|BUTTERFLY_VALVE|ASTM_A216_WCB|4_IN|API_600|ZINC_PLATED,DIRECT_ACCEPTED,CAN-019651;CAN-019682;CAN-019683;CAN-019684,NMC-REVIEWER-CHIEF,
40e8bc14-efa6-5400-b50f-26292f173b5d,CMM-VALVE-0728B9-001,NTPC-200081,NTPC,"SPARE-BUTTERFLY VALVE, WCB, SIZE 4 in",VALVE|BUTTERFLY_VALVE|ASTM_A216_WCB|4_IN|API_600|ZINC_PLATED,DIRECT_ACCEPTED,CAN-019651;CAN-019652;CAN-019653;CAN-019654,NMC-REVIEWER-CHIEF,
53e8bb0f-bb7c-5591-93ef-d978dd569e8c,CMM-VALVE-0795E4-001,BHEL-500254,BHEL,Steam Turbine Control Valve 6 in ASTM A217 WC6,VALVE|ASTM_A217_WC6|6_IN|6_IN|ASME_B1634|ZINC_PLATED,STANDALONE,,,
9a20f04d-35ea-558d-a9ed-501761b20b98,CMM-VALVE-07E359-001,BHEL-500261,BHEL,STORES ITEM STEAM TURBINE CONTROL VALVE 6 in ASTM A217 WC6,VALVE|ASTM_A217_WC6|6_IN|6_IN|ASME_B1634,STANDALONE,,,
be99bf59-1aa9-50c8-8212-970e0e652ff3,CMM-VALVE-088997-001,BHEL-500232,BHEL,6 in STEAM TURBINE CONTROL VALVE - ASTM A217 WC6,VALVE|ASTM_A217_WC6|6_IN|6_IN|ASME_B1634,STANDALONE,,,
b65087f5-328f-5ce2-bdc9-ce2bda3a4d72,CMM-VALVE-0A2366-001,HPCL-120165,HPCL,"IND.Check Valve, SS316, SIZE DN 50 300#",VALVE|CHECK_VALVE|STAINLESS_STEEL|SS_316|DN_50|DN_50|API_598,STANDALONE,,,
bf9cf4a6-6363-50c5-9ec6-be0de2cfb5b3,CMM-VALVE-0BF561-001,CIL-400088,Coal India,STORES ITEM CONTROL VALVE DN 50 ASTM A351 CF8M,VALVE|ASTM_A351_CF8M|DN_50|DN_50|ASTM_A351,DIRECT_ACCEPTED,CAN-022952;CAN-022982;CAN-023013;CAN-023014,NMC-REVIEWER-CHIEF,
2642f1f3-a5aa-59d9-b4d2-d2b2f8ac0eb8,CMM-VALVE-0BF561-001,HPCL-120101,HPCL,"Control Valve, ASTM A351 CF8M, SIZE DN 50",VALVE|ASTM_A351_CF8M|DN_50|DN_50|ASTM_A351,DIRECT_ACCEPTED,CAN-022951;CAN-022982;CAN-022983;CAN-022984,NMC-REVIEWER-CHIEF,
9dce2983-605f-59f9-9eee-5098aebd9cd6,CMM-VALVE-0BF561-001,IOCL-110093,IOCL,IND.Control Valve ASTM A351 CF8M DN 50,VALVE|ASTM_A351_CF8M|DN_50|DN_50|ASTM_A351,DIRECT_ACCEPTED,CAN-022951;CAN-022952;CAN-022953;CAN-022954,NMC-REVIEWER-CHIEF,
d3803a40-1577-573c-b2b1-7ec254062438,CMM-VALVE-0BF561-001,NTPC-200092,NTPC,CONTROL VALVE DN 50 ASTM A351 CF8M,VALVE|ASTM_A351_CF8M|DN_50|DN_50|ASTM_A351,DIRECT_ACCEPTED,CAN-022954;CAN-022984;CAN-023014;CAN-023044,NMC-REVIEWER-CHIEF,
b1a188fe-74e6-5797-8ab8-0fdeac3e51eb,CMM-VALVE-0BF561-001,ONGC-100098,ONGC,IND.DN 50 CONTROL VALVE - ASTM A351 CF8M,VALVE|ASTM_A351_CF8M|DN_50|DN_50|ASTM_A351,DIRECT_ACCEPTED,CAN-022953;CAN-022983;CAN-023013;CAN-023044,NMC-REVIEWER-CHIEF,
18e149a4-058c-5b9b-82d5-010af7766908,CMM-VALVE-11A303-001,IOCL-110207,IOCL,"STORES ITEM Coker Slide Valve, ASTM A217 C5, SIZE 4 in",VALVE|ASTM_A217_C5|4_IN|API_599,STANDALONE,,,
17fd7e71-a9d0-57ca-bcf1-d1c34d1b9245,CMM-VALVE-11ED70-001,BHEL-500191,BHEL,"SPARE-STEAM TURBINE CONTROL VALVE, ASTM A217 WC6, SIZE 6 in",VALVE|ASTM_A217_WC6|6_IN|ASME_B1634,STANDALONE,,,
63aeba17-eeb7-5c80-b9ba-8ff5a31f2110,CMM-VALVE-11F993-001,BHEL-500015,BHEL,SPARE-GV SS316 4 in,VALVE|GATE_VALVE|STAINLESS_STEEL|SS_316|4_IN|API_600,DIRECT_ACCEPTED,CAN-003725;CAN-003755;CAN-003785;CAN-003815;CAN-003845,NMC-REVIEWER-CHIEF,
4511a11f-e98c-59f3-a436-ae3c6b7db535,CMM-VALVE-11F993-001,CIL-400012,Coal India,IND.Gate Valve 4 in SS316,VALVE|GATE_VALVE|STAINLESS_STEEL|SS_316|4_IN|API_600,DIRECT_ACCEPTED,CAN-003724;CAN-003754;CAN-003784;CAN-003814;CAN-003845,NMC-REVIEWER-CHIEF,
beb9cd0f-e2e7-5497-9865-aa41aab81208,CMM-VALVE-11F993-001,HPCL-120016,HPCL,4 in GV - SS316,VALVE|GATE_VALVE|STAINLESS_STEEL|SS_316|4_IN|API_600,DIRECT_ACCEPTED,CAN-003722;CAN-003752;CAN-003783;CAN-003784;CAN-003785,NMC-REVIEWER-CHIEF,
c21c3912-30f9-59c7-a4dd-d91122e9ec3c,CMM-VALVE-11F993-001,IOCL-110019,IOCL,4 in Gate Valve - SS316,VALVE|GATE_VALVE|STAINLESS_STEEL|SS_316|4_IN|API_600,DIRECT_ACCEPTED,CAN-003723;CAN-003753;CAN-003783;CAN-003814;CAN-003815,NMC-REVIEWER-CHIEF,
e7aefcf8-b41d-51ef-be66-a367362f5d49,CMM-VALVE-11F993-001,NTPC-200015,NTPC,GV 4 in SS316,VALVE|GATE_VALVE|STAINLESS_STEEL|SS_316|4_IN|API_600,DIRECT_ACCEPTED,CAN-003721;CAN-003752;CAN-003753;CAN-003754;CAN-003755,NMC-REVIEWER-CHIEF,
594553c0-507b-5717-b984-f35b15842a13,CMM-VALVE-11F993-001,ONGC-100017,ONGC,IND.4 in Gate Valve - SS316,VALVE|GATE_VALVE|STAINLESS_STEEL|SS_316|4_IN|API_600,DIRECT_ACCEPTED,CAN-003721;CAN-003722;CAN-003723;CAN-003724;CAN-003725,NMC-REVIEWER-CHIEF,
dabff6c4-87ae-58f0-95b1-f6bb356f48a6,CMM-VALVE-130EE9-001,IOCL-110150,IOCL,Check Valve DN 50 SS304 150#,VALVE|CHECK_VALVE|STAINLESS_STEEL|SS_304|DN_50|DN_50|API_598,STANDALONE,,,
698afe70-a935-577b-a74b-24d6e591e735,CMM-VALVE-166070-001,BHEL-500163,BHEL,"STORES ITEM Butterfly Valve, LCB, SIZE DN 100 300#",VALVE|BUTTERFLY_VALVE|LCB|DN_100|API_600|PTFE_LINED,DIRECT_ACCEPTED,CAN-038701,NMC-REVIEWER-CHIEF,
8e28b79e-aa34-55e3-91ed-43576f0dca62,CMM-VALVE-166070-001,CIL-400155,Coal India,SPARE-DN 100 Butterfly Valve - LCB 600#,VALVE|BUTTERFLY_VALVE|LCB|DN_100|API_600|PTFE_LINED,DIRECT_ACCEPTED,CAN-038701,NMC-REVIEWER-CHIEF,
0873e3ff-546b-53a9-b3b3-e90db84bc870,CMM-VALVE-179147-001,BHEL-500264,BHEL,IND.Steam Turbine Control Valve ASTM A217 WC6 6 in,VALVE|ASTM_A217_WC6|6_IN|6_IN|ASME_B1634,STANDALONE,,,
c8a5a7bb-085b-500c-bcc0-d9f7f6af536a,CMM-VALVE-182E2E-001,BHEL-500207,BHEL,"STORES ITEM STEAM TURBINE CONTROL VALVE, ASTM A217 WC6, SIZE 6 in",VALVE|ASTM_A217_WC6|6_IN|6_IN|ASME_B1634,STANDALONE,,,
cd99c74d-9c54-5863-8716-32446eed3c94,CMM-VALVE-1B2E88-001,NMDC-410112,NMDC,STORES ITEM Butterfly Valve 600# SS316 4 in,VALVE|BUTTERFLY_VALVE|STAINLESS_STEEL|SS_316|4_IN|API_598|ZINC_PLATED,STANDALONE,,,
d141385a-d18b-5cca-bbe6-69b1a5c9088c,CMM-VALVE-1B731F-001,BHEL-500117,BHEL,"STORES ITEM BUTTERFLY VALVE, SS316, SIZE 1 in 150#",VALVE|BUTTERFLY_VALVE|STAINLESS_STEEL|SS_316|1_IN|API_598,STANDALONE,,,
5424b688-8af3-5b96-bfe7-6de8d6bafad7,CMM-VALVE-1D219B-001,IOCL-110238,IOCL,COKER SLIDE VALVE ASTM A217 C5 4 in,VALVE|ASTM_A217_C5|4_IN|API_599|GALVANIZED,STANDALONE,,,
87b36e1d-3937-5652-9025-5e05fc076c5a,CMM-VALVE-1D70F9-001,BHEL-500097,BHEL,IND.6 in Ball Valve - SS304,VALVE|BALL_VALVE|STAINLESS_STEEL|SS_304|6_IN|6_IN|API_602,DIRECT_ACCEPTED,CAN-022712;CAN-022742;CAN-022773,NMC-REVIEWER-CHIEF,
a47871fe-cca7-57ba-94ea-3132f3b802e0,CMM-VALVE-1D70F9-001,HPCL-120099,HPCL,"Ball Valve, SS304, SIZE 6 in",VALVE|BALL_VALVE|STAINLESS_STEEL|SS_304|6_IN|6_IN|API_602,DIRECT_ACCEPTED,CAN-022711;CAN-022712;CAN-022713,NMC-REVIEWER-CHIEF,
3ddd19b9-8fcd-5577-8915-11bff5986114,CMM-VALVE-1D70F9-001,NMDC-410098,NMDC,BALL VLV 6 in SS304,VALVE|BALL_VALVE|STAINLESS_STEEL|SS_304|6_IN|6_IN|API_602,DIRECT_ACCEPTED,CAN-022711;CAN-022742;CAN-022743,NMC-REVIEWER-CHIEF,
3a6ad978-a9a1-56cb-95a6-20a782819c0c,CMM-VALVE-1D70F9-001,NTPC-200091,NTPC,STORES ITEM Ball Valve 6 in SS304,VALVE|BALL_VALVE|STAINLESS_STEEL|SS_304|6_IN|6_IN|API_602,DIRECT_ACCEPTED,CAN-022713;CAN-022743;CAN-022773,NMC-REVIEWER-CHIEF,
2fc052d3-c63b-580a-b4e2-a4b76062e23a,CMM-VALVE-1E20BF-001,NTPC-200109,NTPC,"GATE VLV, ASTM A351 CF8M, SIZE 1 in 300#",VALVE|GATE_VALVE|ASTM_A351_CF8M|1_IN|1_IN|API_602,STANDALONE,,,
8881eb95-451f-5140-8176-071a98958d6f,CMM-VALVE-20A119-001,IOCL-110235,IOCL,4 in Coker Slide Valve - ASTM A217 C5,VALVE|ASTM_A217_C5|4_IN|4_IN|API_599,STANDALONE,,,
28fa7926-9df4-5188-9618-a3e77b7a0435,CMM-VALVE-2204A8-001,NTPC-200172,NTPC,Gate Valve 150# LCB 2 in,VALVE|GATE_VALVE|LCB|2_IN,DIRECT_ACCEPTED,CAN-041761,NMC-REVIEWER-CHIEF,
e8c93ed1-1612-5c57-a11b-0e77acd4f6da,CMM-VALVE-2204A8-001,ONGC-100185,ONGC,2 in GV - LCB 600#,VALVE|GATE_VALVE|LCB|2_IN,DIRECT_ACCEPTED,CAN-041761,NMC-REVIEWER-CHIEF,
a1eba8cc-3009-5fc2-be33-308cbf742356,CMM-VALVE-23562D-001,BHEL-500146,BHEL,IND.DN 100 BV - ASTM A216 WCB 150#,VALVE|BALL_VALVE|ASTM_A216_WCB|DN_100|DN_100|ASME_B1634|GALVANIZED,STANDALONE,,,
558d6726-2a60-5384-9c7a-9a3130dfb1c8,CMM-VALVE-239051-001,NMDC-410131,NMDC,"Ball Valve, ASTM A351 CF8M, SIZE 1 in 150#",VALVE|BALL_VALVE|ASTM_A351_CF8M|1_IN|1_IN|API_600|ZINC_PLATED,STANDALONE,,,
14085677-8bc6-54b6-9b41-61016ce664d7,CMM-VALVE-24B4BF-001,CIL-400008,Coal India,SPARE-1/2 in CONTROL VALVE - WCB,VALVE|ASTM_A216_WCB|1_2_IN|API_598|ZINC_PLATED,DIRECT_ACCEPTED,CAN-001951;CAN-001982;CAN-001983;CAN-001984,NMC-REVIEWER-CHIEF,
b1ea3def-d7fc-534d-bb99-0a669226641e,CMM-VALVE-24B4BF-001,IOCL-110009,IOCL,SPARE-Control Valve WCB 1/2 in,VALVE|ASTM_A216_WCB|1_2_IN|API_598|ZINC_PLATED,DIRECT_ACCEPTED,CAN-001951;CAN-001952;CAN-001953;CAN-001954,NMC-REVIEWER-CHIEF,
71272860-b572-5f06-bd2e-8bc790757323,CMM-VALVE-24B4BF-001,NTPC-200010,NTPC,SPARE-Control Valve WCB 1/2 in,VALVE|ASTM_A216_WCB|1_2_IN|API_598|ZINC_PLATED,DIRECT_ACCEPTED,CAN-001953;CAN-001983;CAN-002013;CAN-002044,NMC-REVIEWER-CHIEF,
58b1c5a4-75f4-5a75-9791-1d65877b0b13,CMM-VALVE-24B4BF-001,ONGC-100010,ONGC,CONTROL VALVE 1/2 in WCB,VALVE|ASTM_A216_WCB|1_2_IN|API_598|ZINC_PLATED,DIRECT_ACCEPTED,CAN-001954;CAN-001984;CAN-002014;CAN-002044,NMC-REVIEWER-CHIEF,
dfe3ec7b-8498-58a4-a907-57daef2de275,CMM-VALVE-24B4BF-001,SAIL-300011,SAIL,"CONTROL VALVE, WCB, SIZE 1/2 in",VALVE|ASTM_A216_WCB|1_2_IN|API_598|ZINC_PLATED,DIRECT_ACCEPTED,CAN-001952;CAN-001982;CAN-002013;CAN-002014,NMC-REVIEWER-CHIEF,
72abb491-c952-5883-ad27-810f77e349bc,CMM-VALVE-26431B-001,IOCL-110116,IOCL,"SPARE-GLOBE VALVE, ASTM A216 WCB, SIZE DN 50 150#",VALVE|GLOBE_VALVE|ASTM_A216_WCB|DN_50|API_600,STANDALONE,,,
0082bbf5-9168-5e48-8139-fe7e123c6a27,CMM-VALVE-26DA83-001,IOCL-110262,IOCL,Coker Slide Valve ASTM A217 C5 4 in,VALVE|ASTM_A217_C5|4_IN|API_599,STANDALONE,,,
86c1d010-6971-569a-bc88-4248265cdda0,CMM-VALVE-2872B3-001,BHEL-500262,BHEL,IND.STEAM TURBINE CONTROL VALVE ASTM A217 WC6 6 in,VALVE|ASTM_A217_WC6|6_IN|ASME_B1634,STANDALONE,,,
1ab1818f-1ff0-59ca-9f6c-57bf487151c1,CMM-VALVE-28F35A-001,BHEL-500267,BHEL,Steam Turbine Control Valve 6 in ASTM A217 WC6,VALVE|ASTM_A217_WC6|6_IN|6_IN|ASME_B1634,STANDALONE,,,
cd79b431-3612-5e16-b4d1-01e1a215617a,CMM-VALVE-2C542C-001,IOCL-110178,IOCL,GLOBE VALVE 150# SS316 4 in,VALVE|GLOBE_VALVE|STAINLESS_STEEL|SS_316|4_IN|4_IN|API_600,STANDALONE,,,
4253772d-52cc-5710-8a8b-d98b8ab1335a,CMM-VALVE-2EBF9F-001,IOCL-110105,IOCL,"Globe Valve, ASTM A216 WCB, SIZE 2 in 300#",VALVE|GLOBE_VALVE|ASTM_A216_WCB|2_IN|2_IN|ASME_B1634,STANDALONE,,,
87a7b3de-cd68-56bb-a3d8-4c451588f130,CMM-VALVE-2F6D87-001,ONGC-100116,ONGC,IND.GATE VLV 600# ASTM A216 WCB 1 in,VALVE|GATE_VALVE|ASTM_A216_WCB|1_IN|1_IN|API_602,STANDALONE,,,
5ca7af18-6f50-553e-8f10-3e92c2b05b13,CMM-VALVE-33655F-001,BHEL-500222,BHEL,Steam Turbine Control Valve 6 in ASTM A217 WC6,VALVE|ASTM_A217_WC6|6_IN|ASME_B1634,STANDALONE,,,
e288cbe1-22d4-5e8f-bfa7-c440bc9a740f,CMM-VALVE-33C142-001,BHEL-500214,BHEL,IND.STEAM TURBINE CONTROL VALVE ASTM A217 WC6 6 in,VALVE|ASTM_A217_WC6|6_IN|ASME_B1634,STANDALONE,,,
22457624-8fac-512f-9d21-fb9ecbb9f917,CMM-VALVE-398CB2-001,ONGC-100228,ONGC,CHRISTMAS TREE VALVE ASTM A182 F22 2 in,VALVE|ASTM_A182_F22|2_IN|API_6A,STANDALONE,,,
bdceba94-5834-5159-87f7-3622ab8cda65,CMM-VALVE-3C1BCA-001,HPCL-120157,HPCL,STORES ITEM Gate Valve 1/2 in WCB 150#,VALVE|GATE_VALVE|ASTM_A216_WCB|1_2_IN|API_600,DIRECT_ACCEPTED,CAN-036661,NMC-REVIEWER-CHIEF,
da9e935b-ee5f-517d-acb1-47465e0f3562,CMM-VALVE-3C1BCA-001,IOCL-110142,IOCL,GV 1/2 in WCB 600#,VALVE|GATE_VALVE|ASTM_A216_WCB|1_2_IN|API_600,DIRECT_ACCEPTED,CAN-036661,NMC-REVIEWER-CHIEF,
b23026a5-2392-5b2b-bd6d-1f218a4c27cf,CMM-VALVE-3C3B28-001,BHEL-500071,BHEL,SPARE-1/2 in Check Valve - SS316,VALVE|CHECK_VALVE|STAINLESS_STEEL|SS_316|1_2_IN|1_2_IN|API_600,DIRECT_ACCEPTED,CAN-016291;CAN-016292,NMC-REVIEWER-CHIEF,
f0060b79-ba2b-5df1-883a-ff5f98902eca,CMM-VALVE-3C3B28-001,IOCL-110066,IOCL,Check Valve 1/2 in SS316,VALVE|CHECK_VALVE|STAINLESS_STEEL|SS_316|1_2_IN|1_2_IN|API_600,DIRECT_ACCEPTED,CAN-016291;CAN-016322,NMC-REVIEWER-CHIEF,
86edf1d9-bea6-5896-8f2b-dfd80b9a0bdf,CMM-VALVE-3C3B28-001,NMDC-410073,NMDC,IND.Check Valve SS316 1/2 in,VALVE|CHECK_VALVE|STAINLESS_STEEL|SS_316|1_2_IN|1_2_IN|API_600,DIRECT_ACCEPTED,CAN-016292;CAN-016322,NMC-REVIEWER-CHIEF,
bc666219-ff09-5e9c-8522-9d6c971886a3,CMM-VALVE-3EAE08-001,ONGC-100120,ONGC,SPARE-BALL VLV 600# SS316 6 in,VALVE|BALL_VALVE|STAINLESS_STEEL|SS_316|6_IN|API_600,STANDALONE,,,
0e2d79e5-a711-5180-8e5f-a87b5805dfca,CMM-VALVE-3F77ED-001,SAIL-300197,SAIL,IND.CONTROL VALVE DN 50 SS316 300#,VALVE|STAINLESS_STEEL|SS_316|DN_50|DN_50|ASME_B1634,STANDALONE,,,
68657979-785a-51dd-bd59-8631eeb9ea18,CMM-VALVE-4ADB47-001,SAIL-300196,SAIL,SPARE-Ball Valve 2 in ASTM A351 CF8M 300#,VALVE|BALL_VALVE|ASTM_A351_CF8M|2_IN|ASME_B1634|EPOXY_COATED,STANDALONE,,,
43213800-f79d-5bab-8837-e039e038b11a,CMM-VALVE-4B0806-001,BHEL-500066,BHEL,"SPARE-Globe Valve, SS316, SIZE 4 in",VALVE|GLOBE_VALVE|STAINLESS_STEEL|SS_316|4_IN|ASME_B1634|EPOXY_COATED,DIRECT_ACCEPTED,CAN-015451;CAN-015452;CAN-015453;CAN-015454,NMC-REVIEWER-CHIEF,
eb3277ea-ef34-5a1b-b565-aa2dac56d4e7,CMM-VALVE-4B0806-001,CIL-400060,Coal India,IND.Globe Valve SS316 4 in,VALVE|GLOBE_VALVE|STAINLESS_STEEL|SS_316|4_IN|ASME_B1634|EPOXY_COATED,DIRECT_ACCEPTED,CAN-015453;CAN-015483;CAN-015513;CAN-015544,NMC-REVIEWER-CHIEF,
731de9f1-a1fb-517d-914e-958594993c1a,CMM-VALVE-4B0806-001,HPCL-120068,HPCL,"GLOBE VALVE, SS316, SIZE 4 in",VALVE|GLOBE_VALVE|STAINLESS_STEEL|SS_316|4_IN|ASME_B1634|EPOXY_COATED,DIRECT_ACCEPTED,CAN-015454;CAN-015484;CAN-015514;CAN-015544,NMC-REVIEWER-CHIEF,
132adc1e-5870-5081-8abd-0c7ee6bb6f0b,CMM-VALVE-4B0806-001,NTPC-200060,NTPC,STORES ITEM GLOBE VALVE SS316 4 in,VALVE|GLOBE_VALVE|STAINLESS_STEEL|SS_316|4_IN|ASME_B1634|EPOXY_COATED,DIRECT_ACCEPTED,CAN-015452;CAN-015482;CAN-015513;CAN-015514,NMC-REVIEWER-CHIEF,
1f928f28-58bf-5840-8385-bf27dbfaf754,CMM-VALVE-4B0806-001,ONGC-100065,ONGC,SPARE-4 in Globe Valve - SS316,VALVE|GLOBE_VALVE|STAINLESS_STEEL|SS_316|4_IN|ASME_B1634|EPOXY_COATED,DIRECT_ACCEPTED,CAN-015451;CAN-015482;CAN-015483;CAN-015484,NMC-REVIEWER-CHIEF,
893a2ef4-c011-58ff-a363-21c1ca83f6ed,CMM-VALVE-4BBEE1-001,BHEL-500052,BHEL,SPARE-CHECK VALVE ASTM A216 WCB DN 100,VALVE|CHECK_VALVE|ASTM_A216_WCB|DN_100|API_600,DIRECT_ACCEPTED,CAN-012661;CAN-012692,NMC-REVIEWER-CHIEF,
94436f5b-66eb-581f-ba1d-7081aceb1f82,CMM-VALVE-4BBEE1-001,ONGC-100050,ONGC,STORES ITEM CHECK VALVE DN 100 ASTM A216 WCB,VALVE|CHECK_VALVE|ASTM_A216_WCB|DN_100|API_600,DIRECT_ACCEPTED,CAN-012661;CAN-012662,NMC-REVIEWER-CHIEF,
146b71db-e4db-5199-a0d4-950fc9eac7a0,CMM-VALVE-4BBEE1-001,SAIL-300061,SAIL,DN 100 Check Valve - ASTM A216 WCB,VALVE|CHECK_VALVE|ASTM_A216_WCB|DN_100|API_600,DIRECT_ACCEPTED,CAN-012662;CAN-012692,NMC-REVIEWER-CHIEF,
4a2e9ca4-9cac-569b-bf75-7556beef1f79,CMM-VALVE-4BC61E-001,IOCL-110258,IOCL,STORES ITEM 4 in Coker Slide Valve - ASTM A217 C5,VALVE|ASTM_A217_C5|4_IN|API_599,STANDALONE,,,
f8bbb1a5-5ffa-5545-8f6b-9ed9eea155d1,CMM-VALVE-4BEFDB-001,IOCL-110187,IOCL,"Coker Slide Valve, ASTM A217 C5, SIZE 4 in",VALVE|ASTM_A217_C5|4_IN|4_IN|API_599,STANDALONE,,,
60515675-6e38-51b0-ab45-909c71cbe1d7,CMM-VALVE-4D6188-001,BHEL-500218,BHEL,STORES ITEM Steam Turbine Control Valve ASTM A217 WC6 6 in,VALVE|ASTM_A217_WC6|6_IN|ASME_B1634,STANDALONE,,,
a36dcb1b-9256-5dab-a072-d708da7a5618,CMM-VALVE-50C761-001,ONGC-100227,ONGC,CHRISTMAS TREE VALVE ASTM A182 F22 2 in,VALVE|ASTM_A182_F22|2_IN|API_6A,STANDALONE,,,
f1d6e380-fb4f-5071-9596-ec7cbeaafca8,CMM-VALVE-524070-001,NTPC-200143,NTPC,"STORES ITEM Ball Valve, LCB, SIZE 2 in 300#",VALVE|BALL_VALVE|LCB|2_IN|2_IN|ASME_B1634,DIRECT_ACCEPTED,CAN-034681,NMC-REVIEWER-CHIEF,
6734157c-203a-5532-992f-a9cd2a8fd626,CMM-VALVE-524070-001,ONGC-100151,ONGC,IND.Ball Valve 2 in LCB 600#,VALVE|BALL_VALVE|LCB|2_IN|2_IN|ASME_B1634,DIRECT_ACCEPTED,CAN-034681,NMC-REVIEWER-CHIEF,
77159732-96ff-51e8-9320-69f12e60d39e,CMM-VALVE-52B0D6-001,ONGC-100223,ONGC,"CHRISTMAS TREE VALVE, ASTM A182 F22, SIZE 2 in",VALVE|ASTM_A182_F22|2_IN|2_IN|API_6A,STANDALONE,,,
5aec19cb-1898-5ef2-ba36-957f25b971f5,CMM-VALVE-544738-001,BHEL-500178,BHEL,IND.Check Valve 600# WCB DN 50,VALVE|CHECK_VALVE|ASTM_A216_WCB|DN_50|DN_50|API_600,DIRECT_ACCEPTED,CAN-042601,NMC-REVIEWER-CHIEF,
0b853e1b-1630-5f44-88c5-0c66da86cb7a,CMM-VALVE-544738-001,NMDC-410180,NMDC,"SPARE-CHECK VALVE, WCB, SIZE DN 50 150#",VALVE|CHECK_VALVE|ASTM_A216_WCB|DN_50|DN_50|API_600,DIRECT_ACCEPTED,CAN-042601,NMC-REVIEWER-CHIEF,
fb08f14e-5461-5cc8-b980-bb208f25fa02,CMM-VALVE-54515F-001,BHEL-500217,BHEL,"Steam Turbine Control Valve, ASTM A217 WC6, SIZE 6 in",VALVE|ASTM_A217_WC6|6_IN|ASME_B1634|EPOXY_COATED,STANDALONE,,,
78fc0509-597f-556e-897c-bd79ca0e37a0,CMM-VALVE-5610F0-001,IOCL-110208,IOCL,"STORES ITEM COKER SLIDE VALVE, ASTM A217 C5, SIZE 4 in",VALVE|ASTM_A217_C5|4_IN|API_599|ZINC_PLATED,STANDALONE,,,
65a86557-d9cc-5338-9281-37e6ae8baa12,CMM-VALVE-562AC3-001,CIL-400186,Coal India,SPARE-BALL VLV 600# ASTM A216 WCB 2 in,VALVE|BALL_VALVE|ASTM_A216_WCB|2_IN|ASME_B1634|EPOXY_COATED,STANDALONE,,,
cd243452-d7f7-5f70-a1d2-2f218b36ae21,CMM-VALVE-563FF3-001,BHEL-500216,BHEL,IND.STEAM TURBINE CONTROL VALVE 6 in ASTM A217 WC6,VALVE|ASTM_A217_WC6|6_IN|ASME_B1634,STANDALONE,,,
591dcb5d-8641-586f-a878-577a056e1d5e,CMM-VALVE-56BE43-001,BHEL-500246,BHEL,"SPARE-STEAM TURBINE CONTROL VALVE, ASTM A217 WC6, SIZE 6 in",VALVE|ASTM_A217_WC6|6_IN|6_IN|ASME_B1634,STANDALONE,,,
ac8f5728-6d27-59ee-8a11-93fdd49d5c60,CMM-VALVE-59DBB8-001,CIL-400154,Coal India,"Check Valve, SS316, SIZE 4 in 150#",VALVE|CHECK_VALVE|STAINLESS_STEEL|SS_316|4_IN|4_IN,STANDALONE,,,
6f27b8a8-63dc-5624-9378-19ebb1c8a97e,CMM-VALVE-5A0730-001,ONGC-100169,ONGC,4 in CHECK VALVE - SS304 600#,VALVE|CHECK_VALVE|STAINLESS_STEEL|SS_304|4_IN|4_IN,STANDALONE,,,
e5282027-b057-5a9c-993e-b375c2e14349,CMM-VALVE-5B0612-001,IOCL-110200,IOCL,"SPARE-COKER SLIDE VALVE, ASTM A217 C5, SIZE 4 in",VALVE|ASTM_A217_C5|4_IN|API_599,STANDALONE,,,
6bc117e0-9b23-5cba-bc80-4c358bc7c747,CMM-VALVE-5B12C3-001,BHEL-500225,BHEL,"SPARE-STEAM TURBINE CONTROL VALVE, ASTM A217 WC6, SIZE 6 in",VALVE|ASTM_A217_WC6|6_IN|6_IN|ASME_B1634,STANDALONE,,,
319fd0a9-c22b-5ef0-8efb-b8034c1b7aec,CMM-VALVE-5D3ADC-001,NMDC-410111,NMDC,IND.1 in Globe Valve - WCB 150#,VALVE|GLOBE_VALVE|ASTM_A216_WCB|1_IN|1_IN|ASME_B1634,DIRECT_ACCEPTED,CAN-026521,NMC-REVIEWER-CHIEF,
6cffc33a-8230-5b7e-b4c5-d6ac5e47f7a7,CMM-VALVE-5D3ADC-001,NTPC-200106,NTPC,1 in Globe Valve - WCB 600#,VALVE|GLOBE_VALVE|ASTM_A216_WCB|1_IN|1_IN|ASME_B1634,DIRECT_ACCEPTED,CAN-026521,NMC-REVIEWER-CHIEF,
51d006cd-2d57-5ca2-8c11-2f0cf67606dd,CMM-VALVE-5DCD57-001,NMDC-410173,NMDC,STORES ITEM DN 150 GLOBE VALVE - LCB 150#,VALVE|GLOBE_VALVE|LCB|DN_150|API_602,DIRECT_ACCEPTED,CAN-040201,NMC-REVIEWER-CHIEF,
3d1e1398-b32b-5654-80cb-ca6d473aa1f3,CMM-VALVE-5DCD57-001,NTPC-200163,NTPC,IND.DN 150 Globe Valve - LCB 300#,VALVE|GLOBE_VALVE|LCB|DN_150|API_602,DIRECT_ACCEPTED,CAN-040201,NMC-REVIEWER-CHIEF,
c15a01fb-fa1f-51d4-a818-8f0fbb108a66,CMM-VALVE-5F2785-001,IOCL-110188,IOCL,4 in COKER SLIDE VALVE - ASTM A217 C5,VALVE|ASTM_A217_C5|4_IN|4_IN|API_599,STANDALONE,,,
2e59f0a4-ef53-5ede-8d3f-51f3fc4dd795,CMM-VALVE-609631-001,CIL-400049,Coal India,SPARE-Ball Valve SS316 4 in,VALVE|BALL_VALVE|STAINLESS_STEEL|SS_316|4_IN|4_IN,DIRECT_ACCEPTED,CAN-013232;CAN-013262,NMC-REVIEWER-CHIEF,
7dfbcf44-7a7b-536c-bd6b-e33345e6fb89,CMM-VALVE-609631-001,IOCL-110058,IOCL,"STORES ITEM Ball Valve, SS316, SIZE 4 in",VALVE|BALL_VALVE|STAINLESS_STEEL|SS_316|4_IN|4_IN,DIRECT_ACCEPTED,CAN-013231;CAN-013232,NMC-REVIEWER-CHIEF,
36155c07-9157-585f-854b-42d1abe01627,CMM-VALVE-609631-001,ONGC-100054,ONGC,4 in BV - SS316,VALVE|BALL_VALVE|STAINLESS_STEEL|SS_316|4_IN|4_IN,DIRECT_ACCEPTED,CAN-013231;CAN-013262,NMC-REVIEWER-CHIEF,
81db47e1-d056-5965-8189-9b8eb5448f40,CMM-VALVE-63A8B7-001,NMDC-410170,NMDC,IND.2 in GV - SS316 300#,VALVE|GATE_VALVE|STAINLESS_STEEL|SS_316|2_IN|API_602|PTFE_LINED,STANDALONE,,,
420aad44-c198-55e6-9716-4c177fe15627,CMM-VALVE-63EE87-001,ONGC-100266,ONGC,CHRISTMAS TREE VALVE ASTM A182 F22 2 in,VALVE|ASTM_A182_F22|2_IN|API_6A|EPOXY_COATED,STANDALONE,,,
84769972-23cd-59b6-a6c1-d2c7d90b2276,CMM-VALVE-64A03A-001,SAIL-300146,SAIL,STORES ITEM DN 100 Ball Valve - ASTM A351 CF8M 300#,VALVE|BALL_VALVE|ASTM_A351_CF8M|DN_100|DN_100|ASME_B1634|GALVANIZED,STANDALONE,,,
af6647d3-9539-5891-b265-3c86ba0b9aa4,CMM-VALVE-654368-001,IOCL-110263,IOCL,"Coker Slide Valve, ASTM A217 C5, SIZE 4 in",VALVE|ASTM_A217_C5|4_IN|API_599|PTFE_LINED,STANDALONE,,,
1cadc76a-0cd0-5b2d-baec-ebab8ab7d3cf,CMM-VALVE-669987-001,ONGC-100246,ONGC,IND.Christmas Tree Valve ASTM A182 F22 2 in,VALVE|ASTM_A182_F22|2_IN|2_IN|API_6A,STANDALONE,,,
7d00e725-003b-5ae4-92fa-97736ccc26bd,CMM-VALVE-66AEAC-001,BHEL-500088,BHEL,"SPARE-CHECK VALVE, ASTM A216 WCB, SIZE DN 50",VALVE|CHECK_VALVE|ASTM_A216_WCB|DN_50|API_600,DIRECT_ACCEPTED,CAN-020731;CAN-020732;CAN-020733;CAN-020734,NMC-REVIEWER-CHIEF,
66bec201-b8da-5571-b3c4-d3a5eb317019,CMM-VALVE-66AEAC-001,CIL-400077,Coal India,DN 50 Check Valve - ASTM A216 WCB,VALVE|CHECK_VALVE|ASTM_A216_WCB|DN_50|API_600,DIRECT_ACCEPTED,CAN-020732;CAN-020762;CAN-020793;CAN-020794,NMC-REVIEWER-CHIEF,
b7931297-80d9-52e1-a16e-7da5cfe3467c,CMM-VALVE-66AEAC-001,ONGC-100087,ONGC,SPARE-DN 50 Check Valve - ASTM A216 WCB,VALVE|CHECK_VALVE|ASTM_A216_WCB|DN_50|API_600,DIRECT_ACCEPTED,CAN-020731;CAN-020762;CAN-020763,NMC-REVIEWER-CHIEF,
db2c0549-1d92-5502-86df-95ab19f59cdd,CMM-VALVE-66AEAC-001,ONGC-100168,ONGC,STORES ITEM Check Valve DN 50 ASTM A216 WCB 150#,VALVE|CHECK_VALVE|ASTM_A216_WCB|DN_50|API_600,DIRECT_ACCEPTED,CAN-020734;CAN-020794;CAN-020824,NMC-REVIEWER-CHIEF,
20e7ccca-9f97-5977-8547-e79dc679684e,CMM-VALVE-66AEAC-001,SAIL-300092,SAIL,"CHECK VALVE, ASTM A216 WCB, SIZE DN 50",VALVE|CHECK_VALVE|ASTM_A216_WCB|DN_50|API_600,DIRECT_ACCEPTED,CAN-020733;CAN-020763;CAN-020793;CAN-020824,NMC-REVIEWER-CHIEF,
3e90e687-c7e8-54c2-8937-d72392986746,CMM-VALVE-68C9CD-001,BHEL-500050,BHEL,BUTTERFLY VALVE LCB 2 in,VALVE|BUTTERFLY_VALVE|LCB|2_IN|2_IN|ASME_B1634|PTFE_LINED,DIRECT_ACCEPTED,CAN-011912;CAN-011942,NMC-REVIEWER-CHIEF,
469419ab-2020-555e-9639-e1dcce67c618,CMM-VALVE-68C9CD-001,CIL-400044,Coal India,Butterfly Valve 2 in LCB,VALVE|BUTTERFLY_VALVE|LCB|2_IN|2_IN|ASME_B1634|PTFE_LINED,DIRECT_ACCEPTED,CAN-011911;CAN-011912,NMC-REVIEWER-CHIEF,
2a76f635-6ff7-5f72-a8eb-5eb2bac78401,CMM-VALVE-68C9CD-001,HPCL-120054,HPCL,IND.BUTTERFLY VALVE 2 in LCB,VALVE|BUTTERFLY_VALVE|LCB|2_IN|2_IN|ASME_B1634|PTFE_LINED,DIRECT_ACCEPTED,CAN-011911;CAN-011942,NMC-REVIEWER-CHIEF,
2949e5c4-6a56-5857-99c5-0d094eea31cc,CMM-VALVE-6A29EA-001,CIL-400130,Coal India,SPARE-GATE VLV 300# SS316 1/2 in,VALVE|GATE_VALVE|STAINLESS_STEEL|SS_316|1_2_IN|ASME_B1634,STANDALONE,,,
a41e23a4-3234-59b8-9488-9cfafec724d7,CMM-VALVE-6B0728-001,IOCL-110184,IOCL,"STORES ITEM Coker Slide Valve, ASTM A217 C5, SIZE 4 in",VALVE|ASTM_A217_C5|4_IN|4_IN|API_599|ZINC_PLATED,STANDALONE,,,
2aed7a93-035e-59f1-8390-1797f6a38506,CMM-VALVE-6BCCE1-001,IOCL-110199,IOCL,STORES ITEM 4 in Coker Slide Valve - ASTM A217 C5,VALVE|ASTM_A217_C5|4_IN|4_IN|API_599,STANDALONE,,,
5299494a-88b7-5c3b-9d4f-2e28ce3dba74,CMM-VALVE-6D7FC6-001,BHEL-500086,BHEL,"BALL VLV, ASTM A351 CF8M, SIZE DN 150",VALVE|BALL_VALVE|ASTM_A351_CF8M|DN_150|API_602|EPOXY_COATED,DIRECT_ACCEPTED,CAN-020011;CAN-020042;CAN-020043;CAN-020044;CAN-020045,NMC-REVIEWER-CHIEF,
e7f7e23f-1bb7-5da0-abf5-89550f787570,CMM-VALVE-6D7FC6-001,HPCL-120088,HPCL,IND.BV DN 150 ASTM A351 CF8M,VALVE|BALL_VALVE|ASTM_A351_CF8M|DN_150|API_602|EPOXY_COATED,DIRECT_ACCEPTED,CAN-020012;CAN-020042;CAN-020073;CAN-020074;CAN-020075,NMC-REVIEWER-CHIEF,
4b89060a-e761-5351-88f4-f0407d5bed27,CMM-VALVE-6D7FC6-001,IOCL-110082,IOCL,"IND.BV, ASTM A351 CF8M, SIZE DN 150",VALVE|BALL_VALVE|ASTM_A351_CF8M|DN_150|API_602|EPOXY_COATED,DIRECT_ACCEPTED,CAN-020015;CAN-020045;CAN-020075;CAN-020105;CAN-020135,NMC-REVIEWER-CHIEF,
6c23be00-b1f6-521b-947d-4364da0435dd,CMM-VALVE-6D7FC6-001,NTPC-200083,NTPC,SPARE-DN 150 BALL VLV - ASTM A351 CF8M,VALVE|BALL_VALVE|ASTM_A351_CF8M|DN_150|API_602|EPOXY_COATED,DIRECT_ACCEPTED,CAN-020013;CAN-020043;CAN-020073;CAN-020104;CAN-020105,NMC-REVIEWER-CHIEF,
a732e05a-9b13-56da-be1f-7b2cb9cd4579,CMM-VALVE-6D7FC6-001,ONGC-100083,ONGC,SPARE-DN 150 BV - ASTM A351 CF8M,VALVE|BALL_VALVE|ASTM_A351_CF8M|DN_150|API_602|EPOXY_COATED,DIRECT_ACCEPTED,CAN-020014;CAN-020044;CAN-020074;CAN-020104;CAN-020135,NMC-REVIEWER-CHIEF,
ab2ea4a3-bd4b-5209-bc70-943a0a29b954,CMM-VALVE-6D7FC6-001,SAIL-300089,SAIL,DN 150 BV - ASTM A351 CF8M,VALVE|BALL_VALVE|ASTM_A351_CF8M|DN_150|API_602|EPOXY_COATED,DIRECT_ACCEPTED,CAN-020011;CAN-020012;CAN-020013;CAN-020014;CAN-020015,NMC-REVIEWER-CHIEF,
994abca3-99ce-5186-95cf-d39da02a656c,CMM-VALVE-6EA46A-001,ONGC-100269,ONGC,SPARE-2 in CHRISTMAS TREE VALVE - ASTM A182 F22,VALVE|ASTM_A182_F22|2_IN|API_6A,STANDALONE,,,
bdf62d5c-ea86-5ff1-8c9a-53650f9123d6,CMM-VALVE-6EC00D-001,BHEL-500273,BHEL,"STORES ITEM STEAM TURBINE CONTROL VALVE, ASTM A217 WC6, SIZE 6 in",VALVE|ASTM_A217_WC6|6_IN|6_IN|ASME_B1634,STANDALONE,,,
8021d784-1cba-5e6d-93a4-dd3a98ad598a,CMM-VALVE-706FD0-001,BHEL-500272,BHEL,SPARE-STEAM TURBINE CONTROL VALVE ASTM A217 WC6 6 in,VALVE|ASTM_A217_WC6|6_IN|ASME_B1634,STANDALONE,,,
b733f1c8-23df-524f-8fdc-99dd1924ce00,CMM-VALVE-71DB40-001,HPCL-120121,HPCL,"GLOBE VALVE, ASTM A351 CF8M, SIZE 2 in 600#",VALVE|GLOBE_VALVE|ASTM_A351_CF8M|2_IN|2_IN|ASME_B1634,STANDALONE,,,
66ab87d5-c09b-5679-805e-0dd63c8ac7ff,CMM-VALVE-71F000-001,IOCL-110202,IOCL,SPARE-COKER SLIDE VALVE ASTM A217 C5 4 in,VALVE|ASTM_A217_C5|4_IN|4_IN|API_599|EPOXY_COATED,STANDALONE,,,
dc7f811e-45f6-5d10-a1bb-fd8352155249,CMM-VALVE-72FBEF-001,IOCL-110134,IOCL,"GATE VLV, ASTM A216 WCB, SIZE DN 100 600#",VALVE|GATE_VALVE|ASTM_A216_WCB|DN_100|DN_100|API_598|EPOXY_COATED,STANDALONE,,,
02c8530f-b153-5567-a855-054705a1becd,CMM-VALVE-744EAE-001,IOCL-110185,IOCL,4 in COKER SLIDE VALVE - ASTM A217 C5,VALVE|ASTM_A217_C5|4_IN|API_599|EPOXY_COATED,STANDALONE,,,
29c83823-b892-5f8a-a351-950679358a26,CMM-VALVE-7533D6-001,NTPC-200136,NTPC,"Globe Valve, SS304, SIZE DN 100 300#",VALVE|GLOBE_VALVE|STAINLESS_STEEL|SS_304|DN_100|DN_100|ASME_B1634|ZINC_PLATED,STANDALONE,,,
15afa162-d40e-5db3-aff5-47e46ce7705e,CMM-VALVE-758633-001,BHEL-500003,BHEL,IND.Gate Valve 2 in LCB,VALVE|GATE_VALVE|LCB|2_IN|API_600,DIRECT_ACCEPTED,CAN-000813;CAN-000843;CAN-000873,NMC-REVIEWER-CHIEF,
c556f3c6-da0f-5383-b8a4-78b9e6f38ddb,CMM-VALVE-758633-001,NTPC-200004,NTPC,2 in Gate Valve - LCB,VALVE|GATE_VALVE|LCB|2_IN|API_600,DIRECT_ACCEPTED,CAN-000811;CAN-000812;CAN-000813,NMC-REVIEWER-CHIEF,
8834872e-ea39-53ca-b0ae-72d6a6a31db6,CMM-VALVE-758633-001,ONGC-100005,ONGC,STORES ITEM Gate Valve 2 in LCB,VALVE|GATE_VALVE|LCB|2_IN|API_600,DIRECT_ACCEPTED,CAN-000811;CAN-000842;CAN-000843,NMC-REVIEWER-CHIEF,
6298c359-7149-551a-938d-a58fb08469a7,CMM-VALVE-758633-001,SAIL-300006,SAIL,STORES ITEM Gate Valve 2 in LCB,VALVE|GATE_VALVE|LCB|2_IN|API_600,DIRECT_ACCEPTED,CAN-000812;CAN-000842;CAN-000873,NMC-REVIEWER-CHIEF,
c5edd3c3-7c87-5ea6-ba08-d61c9c3a2766,CMM-VALVE-773A5A-001,IOCL-110254,IOCL,STORES ITEM 4 in COKER SLIDE VALVE - ASTM A217 C5,VALVE|ASTM_A217_C5|4_IN|4_IN|API_599|ZINC_PLATED,STANDALONE,,,
d50b1286-1adb-5b5a-ae5b-e4ab9c1d42a1,CMM-VALVE-781509-001,CIL-400038,Coal India,SPARE-CONTROL VALVE 4 in ASTM A216 WCB,VALVE|ASTM_A216_WCB|4_IN|4_IN|API_598,DIRECT_ACCEPTED,CAN-010623;CAN-010653;CAN-010683,NMC-REVIEWER-CHIEF,
8f214922-ed6e-5a19-ad82-290e6405d9f1,CMM-VALVE-781509-001,IOCL-110049,IOCL,SPARE-Control Valve ASTM A216 WCB 4 in,VALVE|ASTM_A216_WCB|4_IN|4_IN|API_598,DIRECT_ACCEPTED,CAN-010621;CAN-010622;CAN-010623,NMC-REVIEWER-CHIEF,
63d0d7cb-aa7d-5478-a4d5-76629426af6c,CMM-VALVE-781509-001,NTPC-200042,NTPC,Control Valve ASTM A216 WCB 4 in,VALVE|ASTM_A216_WCB|4_IN|4_IN|API_598,DIRECT_ACCEPTED,CAN-010621;CAN-010652;CAN-010653,NMC-REVIEWER-CHIEF,
7c3ce896-a62b-5919-865e-46e43504b2ab,CMM-VALVE-781509-001,ONGC-100042,ONGC,Control Valve ASTM A216 WCB 4 in,VALVE|ASTM_A216_WCB|4_IN|4_IN|API_598,DIRECT_ACCEPTED,CAN-010622;CAN-010652;CAN-010683,NMC-REVIEWER-CHIEF,
83c03c68-27bf-50eb-a8ba-eefa3695f44f,CMM-VALVE-799437-001,IOCL-110195,IOCL,COKER SLIDE VALVE 4 in ASTM A217 C5,VALVE|ASTM_A217_C5|4_IN|API_599,STANDALONE,,,
8a4158ca-ed21-5ffd-8c4e-d263e3b1abc9,CMM-VALVE-7C3924-001,IOCL-110215,IOCL,Coker Slide Valve 4 in ASTM A217 C5,VALVE|ASTM_A217_C5|4_IN|API_599,STANDALONE,,,
a731e721-6569-543f-b761-2a31196af559,CMM-VALVE-7C8BA2-001,BHEL-500236,BHEL,IND.6 in STEAM TURBINE CONTROL VALVE - ASTM A217 WC6,VALVE|ASTM_A217_WC6|6_IN|ASME_B1634,STANDALONE,,,
383ae861-b3f1-5d9b-8f10-a285cf87d12d,CMM-VALVE-846D44-001,BHEL-500179,BHEL,STORES ITEM GLOBE VALVE DN 150 ASTM A216 WCB 600#,VALVE|GLOBE_VALVE|ASTM_A216_WCB|DN_150|DN_150|API_602,STANDALONE,,,
981f970d-605e-563b-a690-6791ac45543f,CMM-VALVE-8913B6-001,NTPC-200110,NTPC,"STORES ITEM Gate Valve, WCB, SIZE DN 50 300#",VALVE|GATE_VALVE|ASTM_A216_WCB|DN_50|API_598,DIRECT_ACCEPTED,CAN-026881,NMC-REVIEWER-CHIEF,
c3f7f38b-904e-5dd5-a372-5ff6afc4fb3b,CMM-VALVE-8913B6-001,SAIL-300120,SAIL,Gate Valve DN 50 WCB 600#,VALVE|GATE_VALVE|ASTM_A216_WCB|DN_50|API_598,DIRECT_ACCEPTED,CAN-026881,NMC-REVIEWER-CHIEF,
a1e8e69a-a520-5235-aecf-906a04611fa6,CMM-VALVE-8C49DE-001,IOCL-110241,IOCL,"COKER SLIDE VALVE, ASTM A217 C5, SIZE 4 in",VALVE|ASTM_A217_C5|4_IN|4_IN|API_599,STANDALONE,,,
7c1e85aa-ff5d-5990-8dae-6bf858f4e25d,CMM-VALVE-8C9CE1-001,BHEL-500259,BHEL,SPARE-STEAM TURBINE CONTROL VALVE 6 in ASTM A217 WC6,VALVE|ASTM_A217_WC6|6_IN|6_IN|ASME_B1634,STANDALONE,,,
cbb9efe5-adfc-59b1-985c-b94f7e0608a4,CMM-VALVE-8D32F6-001,ONGC-100254,ONGC,SPARE-Christmas Tree Valve ASTM A182 F22 2 in,VALVE|ASTM_A182_F22|2_IN|2_IN|API_6A|EPOXY_COATED,STANDALONE,,,
3ebe0a30-398c-5198-a5df-2c8e0807f7e2,CMM-VALVE-8D7456-001,BHEL-500212,BHEL,"Steam Turbine Control Valve, ASTM A217 WC6, SIZE 6 in",VALVE|ASTM_A217_WC6|6_IN|6_IN|ASME_B1634,STANDALONE,,,
5c78604c-d001-5f91-a4c8-052f19ba032c,CMM-VALVE-8ECCB1-001,ONGC-100262,ONGC,SPARE-Christmas Tree Valve ASTM A182 F22 2 in,VALVE|ASTM_A182_F22|2_IN|2_IN|API_6A,STANDALONE,,,
bcb64c89-0874-5a47-a545-6486749e9df5,CMM-VALVE-8F1BFB-001,ONGC-100245,ONGC,Christmas Tree Valve ASTM A182 F22 2 in,VALVE|ASTM_A182_F22|2_IN|2_IN|API_6A|GALVANIZED,STANDALONE,,,
e7a491cb-e11c-54db-b550-ee31f068f4b4,CMM-VALVE-8F3BF9-001,BHEL-500227,BHEL,SPARE-6 in Steam Turbine Control Valve - ASTM A217 WC6,VALVE|ASTM_A217_WC6|6_IN|6_IN|ASME_B1634,STANDALONE,,,
1eb5accb-4de9-5f4c-95c7-30f0a0276966,CMM-VALVE-8F6DAB-001,BHEL-500239,BHEL,6 in Steam Turbine Control Valve - ASTM A217 WC6,VALVE|ASTM_A217_WC6|6_IN|6_IN|ASME_B1634,STANDALONE,,,
1eb48ab8-58e4-54a1-8eb4-a6015717a6ba,CMM-VALVE-93B52B-001,BHEL-500130,BHEL,STORES ITEM 1 in Ball Valve - ASTM A216 WCB 300#,VALVE|BALL_VALVE|ASTM_A216_WCB|1_IN|1_IN|API_600|ZINC_PLATED,STANDALONE,,,
207e088a-3fd7-596e-8d54-93acf95f5b3d,CMM-VALVE-954F72-001,SAIL-300166,SAIL,DN 50 Check Valve - ASTM A351 CF8M 300#,VALVE|CHECK_VALVE|ASTM_A351_CF8M|DN_50|API_600,STANDALONE,,,
1b02bb1e-f4fc-512d-8034-18e1994e7a9b,CMM-VALVE-96BEC8-001,BHEL-500201,BHEL,Steam Turbine Control Valve ASTM A217 WC6 6 in,VALVE|ASTM_A217_WC6|6_IN|6_IN|ASME_B1634,STANDALONE,,,
5fc509b4-3d88-56da-a4f6-2da39668c489,CMM-VALVE-97589B-001,BHEL-500258,BHEL,6 in Steam Turbine Control Valve - ASTM A217 WC6,VALVE|ASTM_A217_WC6|6_IN|ASME_B1634,STANDALONE,,,
6da48254-ae42-5ea1-a89c-d459da91535d,CMM-VALVE-989A61-001,CIL-400046,Coal India,GLOBE VALVE 2 in ASTM A216 WCB,VALVE|GLOBE_VALVE|ASTM_A216_WCB|2_IN|ASTM_A216_WCB|EPOXY_COATED,DIRECT_ACCEPTED,CAN-012302;CAN-012332;CAN-012363,NMC-REVIEWER-CHIEF,
89600ce7-05fd-535e-85a8-0ad1910ddefb,CMM-VALVE-989A61-001,NMDC-410053,NMDC,Globe Valve ASTM A216 WCB 2 in,VALVE|GLOBE_VALVE|ASTM_A216_WCB|2_IN|ASTM_A216_WCB|EPOXY_COATED,DIRECT_ACCEPTED,CAN-012301;CAN-012302;CAN-012303,NMC-REVIEWER-CHIEF,
0dd2b33a-67c7-59f9-bb51-d3d656d493e8,CMM-VALVE-989A61-001,ONGC-100048,ONGC,SPARE-GLOBE VALVE 2 in ASTM A216 WCB,VALVE|GLOBE_VALVE|ASTM_A216_WCB|2_IN|ASTM_A216_WCB|EPOXY_COATED,DIRECT_ACCEPTED,CAN-012301;CAN-012332;CAN-012333,NMC-REVIEWER-CHIEF,
820e592b-7373-53ea-9a0c-c9df1c38bf2f,CMM-VALVE-989A61-001,SAIL-300058,SAIL,SPARE-GLOBE VALVE ASTM A216 WCB 2 in,VALVE|GLOBE_VALVE|ASTM_A216_WCB|2_IN|ASTM_A216_WCB|EPOXY_COATED,DIRECT_ACCEPTED,CAN-012303;CAN-012333;CAN-012363,NMC-REVIEWER-CHIEF,
e5f70809-04f1-5a01-93b9-b21edc7e7123,CMM-VALVE-98AC0B-001,BHEL-500242,BHEL,6 in Steam Turbine Control Valve - ASTM A217 WC6,VALVE|ASTM_A217_WC6|6_IN|ASME_B1634,STANDALONE,,,
d01ad70d-8378-5b96-ad29-066608712da1,CMM-VALVE-98DF47-001,BHEL-500203,BHEL,"IND.STEAM TURBINE CONTROL VALVE, ASTM A217 WC6, SIZE 6 in",VALVE|ASTM_A217_WC6|6_IN|6_IN|ASME_B1634,STANDALONE,,,
1ca19464-f773-5cc5-9bc1-54801d1b0c3f,CMM-VALVE-9903B8-001,BHEL-500021,BHEL,Globe Valve 4 in LCB,VALVE|GLOBE_VALVE|LCB|4_IN|4_IN|API_598|EPOXY_COATED,DIRECT_ACCEPTED,CAN-005011;CAN-005042;CAN-005043;CAN-005044;CAN-005045,NMC-REVIEWER-CHIEF,
0fcb0f86-b24f-53e1-9d13-f12cbed0f886,CMM-VALVE-9903B8-001,CIL-400017,Coal India,IND.Globe Valve LCB 4 in,VALVE|GLOBE_VALVE|LCB|4_IN|4_IN|API_598|EPOXY_COATED,DIRECT_ACCEPTED,CAN-005011;CAN-005012;CAN-005013;CAN-005014;CAN-005015,NMC-REVIEWER-CHIEF,
e6d163b0-45f9-5842-bc27-ce46bacd2808,CMM-VALVE-9903B8-001,HPCL-120023,HPCL,SPARE-GLOBE VALVE 4 in LCB,VALVE|GLOBE_VALVE|LCB|4_IN|4_IN|API_598|EPOXY_COATED,DIRECT_ACCEPTED,CAN-005014;CAN-005044;CAN-005074;CAN-005104;CAN-005135,NMC-REVIEWER-CHIEF,
9303d8fc-b862-5cbb-9883-4095e7546605,CMM-VALVE-9903B8-001,IOCL-110025,IOCL,SPARE-GLOBE VALVE 4 in LCB,VALVE|GLOBE_VALVE|LCB|4_IN|4_IN|API_598|EPOXY_COATED,DIRECT_ACCEPTED,CAN-005015;CAN-005045;CAN-005075;CAN-005105;CAN-005135,NMC-REVIEWER-CHIEF,
5885ec76-a347-5be9-9c53-1434a3a9c4cc,CMM-VALVE-9903B8-001,NMDC-410021,NMDC,"Globe Valve, LCB, SIZE 4 in",VALVE|GLOBE_VALVE|LCB|4_IN|4_IN|API_598|EPOXY_COATED,DIRECT_ACCEPTED,CAN-005012;CAN-005042;CAN-005073;CAN-005074;CAN-005075,NMC-REVIEWER-CHIEF,
1aec61b6-2bf6-5337-a6d3-bf8cc6e8b963,CMM-VALVE-9903B8-001,NTPC-200021,NTPC,Globe Valve LCB 4 in,VALVE|GLOBE_VALVE|LCB|4_IN|4_IN|API_598|EPOXY_COATED,DIRECT_ACCEPTED,CAN-005013;CAN-005043;CAN-005073;CAN-005104;CAN-005105,NMC-REVIEWER-CHIEF,
a67cb2ea-399c-50e5-b87a-b2605e8d4c34,CMM-VALVE-992419-001,CIL-400003,Coal India,CONTROL VALVE WCB 2 in,VALVE|ASTM_A216_WCB|2_IN|API_598,DIRECT_ACCEPTED,CAN-000303;CAN-000333;CAN-000363,NMC-REVIEWER-CHIEF,
a10dd8be-6f70-5484-b276-77866c739cc3,CMM-VALVE-992419-001,IOCL-110002,IOCL,CONTROL VALVE 2 in WCB,VALVE|ASTM_A216_WCB|2_IN|API_598,DIRECT_ACCEPTED,CAN-000301;CAN-000302;CAN-000303,NMC-REVIEWER-CHIEF,
87d0ec3a-fc0a-5086-909f-4cf338985975,CMM-VALVE-992419-001,NMDC-410001,NMDC,STORES ITEM Control Valve 2 in WCB,VALVE|ASTM_A216_WCB|2_IN|API_598,DIRECT_ACCEPTED,CAN-000301;CAN-000332;CAN-000333,NMC-REVIEWER-CHIEF,
0feacfe0-e7d4-5d4e-b9ce-cea4db62248d,CMM-VALVE-992419-001,SAIL-300003,SAIL,CONTROL VALVE WCB 2 in,VALVE|ASTM_A216_WCB|2_IN|API_598,DIRECT_ACCEPTED,CAN-000302;CAN-000332;CAN-000363,NMC-REVIEWER-CHIEF,
bc865137-5edc-5b4d-9547-e4a93af94171,CMM-VALVE-992A07-001,SAIL-300149,SAIL,SPARE-2 in Gate Valve - SS316 300#,VALVE|GATE_VALVE|STAINLESS_STEEL|SS_316|2_IN|API_598,STANDALONE,,,
02b3c040-cb86-57b6-a293-cc089e37dc85,CMM-VALVE-9945D2-001,ONGC-100273,ONGC,"CHRISTMAS TREE VALVE, ASTM A182 F22, SIZE 2 in",VALVE|ASTM_A182_F22|2_IN|API_6A,STANDALONE,,,
6fc9be82-4aad-5ce6-abc7-3efbb72c537d,CMM-VALVE-9B81E1-001,HPCL-120188,HPCL,"BV, SS304, SIZE 2 in 600#",VALVE|BALL_VALVE|STAINLESS_STEEL|SS_304|2_IN|ASME_B1634|ZINC_PLATED,STANDALONE,,,
194deb23-4f1b-5236-a292-4c03f2de3b02,CMM-VALVE-9E9261-001,HPCL-120191,HPCL,IND.Globe Valve 4 in SS304 600#,VALVE|GLOBE_VALVE|STAINLESS_STEEL|SS_304|4_IN|4_IN|API_600,STANDALONE,,,
9a704a4f-b0d4-552f-a9ee-7ff0d8aba9b0,CMM-VALVE-A0A973-001,BHEL-500271,BHEL,"SPARE-Steam Turbine Control Valve, ASTM A217 WC6, SIZE 6 in",VALVE|ASTM_A217_WC6|6_IN|ASME_B1634,STANDALONE,,,
febd1fde-5b73-5e95-ab5b-751ed8d3b2e0,CMM-VALVE-A26987-001,IOCL-110260,IOCL,STORES ITEM 4 in COKER SLIDE VALVE - ASTM A217 C5,VALVE|ASTM_A217_C5|4_IN|API_599,STANDALONE,,,
c8a94d8b-6768-5cd2-90fc-6702883d4c71,CMM-VALVE-A36A77-001,ONGC-100258,ONGC,2 in Christmas Tree Valve - ASTM A182 F22,VALVE|ASTM_A182_F22|2_IN|2_IN|API_6A,STANDALONE,,,
fc40bfa3-bf75-559a-a738-2246f920c002,CMM-VALVE-A4F493-001,BHEL-500263,BHEL,"STORES ITEM STEAM TURBINE CONTROL VALVE, ASTM A217 WC6, SIZE 6 in",VALVE|ASTM_A217_WC6|6_IN|6_IN|ASME_B1634,STANDALONE,,,
1a479339-feed-5aa7-8651-cc42491b92ee,CMM-VALVE-A5A54D-001,CIL-400184,Coal India,STORES ITEM Ball Valve 150# SS316 2 in,VALVE|BALL_VALVE|STAINLESS_STEEL|SS_316|2_IN|ASME_B1634|ZINC_PLATED,STANDALONE,,,
09610fd9-ce01-54e7-8386-6d004b6e2f07,CMM-VALVE-A68979-001,BHEL-500275,BHEL,6 in Steam Turbine Control Valve - ASTM A217 WC6,VALVE|ASTM_A217_WC6|6_IN|6_IN|ASME_B1634,STANDALONE,,,
1dcb7524-a103-52f7-a587-bcce93463e2e,CMM-VALVE-A6F9BA-001,NMDC-410191,NMDC,CONTROL VALVE DN 50 SS304 600#,VALVE|STAINLESS_STEEL|SS_304|DN_50|DN_50|ASME_B1634,STANDALONE,,,
d4038d55-b242-5adc-901a-b71a879954a1,CMM-VALVE-A774FB-001,ONGC-100216,ONGC,2 in Christmas Tree Valve - ASTM A182 F22,VALVE|ASTM_A182_F22|2_IN|API_6A,STANDALONE,,,
0fc68938-8810-57e3-99bb-e200b62af887,CMM-VALVE-A8C18C-001,SAIL-300198,SAIL,Ball Valve 2 in SS304 600#,VALVE|BALL_VALVE|STAINLESS_STEEL|SS_304|2_IN|ASME_B1634,STANDALONE,,,
8ef51555-6b76-523f-80e8-8dd29be1fb7c,CMM-VALVE-A923FC-001,BHEL-500064,BHEL,Check Valve 1 in ASTM A216 WCB,VALVE|CHECK_VALVE|ASTM_A216_WCB|1_IN|ASTM_A216_WCB,DIRECT_ACCEPTED,CAN-015182;CAN-015212;CAN-015243;CAN-015244,NMC-REVIEWER-CHIEF,
22925ffd-9310-50ef-add8-0ccfbd3fef01,CMM-VALVE-A923FC-001,IOCL-110062,IOCL,"SPARE-Check Valve, ASTM A216 WCB, SIZE 1 in",VALVE|CHECK_VALVE|ASTM_A216_WCB|1_IN|ASTM_A216_WCB,DIRECT_ACCEPTED,CAN-015183;CAN-015213;CAN-015243;CAN-015274,NMC-REVIEWER-CHIEF,
58f437f8-f58f-5ba7-99ec-8974b8279db0,CMM-VALVE-A923FC-001,NMDC-410066,NMDC,IND.CHECK VALVE ASTM A216 WCB 1 in,VALVE|CHECK_VALVE|ASTM_A216_WCB|1_IN|ASTM_A216_WCB,DIRECT_ACCEPTED,CAN-015181;CAN-015212;CAN-015213;CAN-015214,NMC-REVIEWER-CHIEF,
5fbe4b92-4bec-593f-8b81-532c5971cdcb,CMM-VALVE-A923FC-001,NTPC-200059,NTPC,"STORES ITEM Check Valve, ASTM A216 WCB, SIZE 1 in",VALVE|CHECK_VALVE|ASTM_A216_WCB|1_IN|ASTM_A216_WCB,DIRECT_ACCEPTED,CAN-015181;CAN-015182;CAN-015183;CAN-015184,NMC-REVIEWER-CHIEF,
5ad91068-b7a1-5606-93da-fa043ad285d9,CMM-VALVE-A923FC-001,ONGC-100063,ONGC,STORES ITEM Check Valve ASTM A216 WCB 1 in,VALVE|CHECK_VALVE|ASTM_A216_WCB|1_IN|ASTM_A216_WCB,DIRECT_ACCEPTED,CAN-015184;CAN-015214;CAN-015244;CAN-015274,NMC-REVIEWER-CHIEF,
e406d116-96b8-5f75-87f6-8bcbbbbd50b7,CMM-VALVE-AD05FF-001,ONGC-100215,ONGC,2 in Christmas Tree Valve - ASTM A182 F22,VALVE|ASTM_A182_F22|2_IN|2_IN|API_6A|PTFE_LINED,STANDALONE,,,
56207cd7-93ce-5970-9507-764e5b1b971a,CMM-VALVE-AD20D3-001,CIL-400187,Coal India,BALL VLV 2 in SS316 150#,VALVE|BALL_VALVE|STAINLESS_STEEL|SS_316|2_IN|ASME_B1634,STANDALONE,,,
794b3f9e-0fe9-5f3c-81c0-39ad45dfeab3,CMM-VALVE-AF51FD-001,HPCL-120143,HPCL,Ball Valve 300# ASTM A351 CF8M 1/2 in,VALVE|BALL_VALVE|ASTM_A351_CF8M|1_2_IN|1_2_IN|API_600,STANDALONE,,,
2f9700e7-7d39-58f8-b988-334181e1d98c,CMM-VALVE-B0E0FA-001,NMDC-410168,NMDC,CONTROL VALVE DN 50 SS316 150#,VALVE|STAINLESS_STEEL|SS_316|DN_50|DN_50|API_602|EPOXY_COATED,STANDALONE,,,
e21a9697-189c-56a8-941b-ff6fc2826971,CMM-VALVE-B0F240-001,NMDC-410141,NMDC,SPARE-2 in Gate Valve - SS304 150#,VALVE|GATE_VALVE|STAINLESS_STEEL|SS_304|2_IN|API_598,STANDALONE,,,
57565aee-d3e4-5079-85d3-01fdca7d2e70,CMM-VALVE-B10C94-001,IOCL-110124,IOCL,"IND.BALL VLV, WCB, SIZE 6 in 150#",VALVE|BALL_VALVE|ASTM_A216_WCB|6_IN|API_600|PTFE_LINED,DIRECT_ACCEPTED,CAN-032701,NMC-REVIEWER-CHIEF,
16fae8e5-3065-5931-803b-c4570519d025,CMM-VALVE-B10C94-001,SAIL-300142,SAIL,IND.BV 300# WCB 6 in,VALVE|BALL_VALVE|ASTM_A216_WCB|6_IN|API_600|PTFE_LINED,DIRECT_ACCEPTED,CAN-032701,NMC-REVIEWER-CHIEF,
7718d7e1-aca4-5c2c-9e98-17a8dde171d4,CMM-VALVE-B1C9CE-001,BHEL-500196,BHEL,Steam Turbine Control Valve ASTM A217 WC6 6 in,VALVE|ASTM_A217_WC6|6_IN|6_IN|ASME_B1634|PTFE_LINED,STANDALONE,,,
b4015612-a60a-532e-bc38-32369efc154c,CMM-VALVE-B1DCF5-001,BHEL-500132,BHEL,STORES ITEM DN 50 GLOBE VALVE - ASTM A351 CF8M 600#,VALVE|GLOBE_VALVE|ASTM_A351_CF8M|DN_50|API_600,STANDALONE,,,
075d4c25-ee0a-5e2e-b055-cd46ce35697b,CMM-VALVE-B1FF82-001,IOCL-110219,IOCL,IND.4 in COKER SLIDE VALVE - ASTM A217 C5,VALVE|ASTM_A217_C5|4_IN|4_IN|API_599,STANDALONE,,,
c1fe6f8c-c19d-561b-a9a7-52cb6be7dbef,CMM-VALVE-B26CE4-001,BHEL-500251,BHEL,SPARE-Steam Turbine Control Valve ASTM A217 WC6 6 in,VALVE|ASTM_A217_WC6|6_IN|ASME_B1634|PTFE_LINED,STANDALONE,,,
ade5a105-de9d-5e60-8ac5-78a7fedf3f19,CMM-VALVE-B3D146-001,BHEL-500143,BHEL,STORES ITEM GLOBE VALVE 600# SS316 DN 100,VALVE|GLOBE_VALVE|STAINLESS_STEEL|SS_316|DN_100|DN_100|ASME_B1634|ZINC_PLATED,STANDALONE,,,
ba112384-c377-5a73-b56f-e221f4c51913,CMM-VALVE-B3E486-001,CIL-400133,Coal India,"CONTROL VALVE, LCB, SIZE 1 in 600#",VALVE|LCB|1_IN,DIRECT_ACCEPTED,CAN-033121,NMC-REVIEWER-CHIEF,
1fd3e5e5-8f01-54b7-8ab6-7744bdc1c69e,CMM-VALVE-B3E486-001,NTPC-200137,NTPC,1 in Control Valve - LCB 150#,VALVE|LCB|1_IN,DIRECT_ACCEPTED,CAN-033121,NMC-REVIEWER-CHIEF,
f07134a6-d7d0-5416-a2db-7346b4271264,CMM-VALVE-B44D4E-001,BHEL-500241,BHEL,STORES ITEM Steam Turbine Control Valve ASTM A217 WC6 6 in,VALVE|ASTM_A217_WC6|6_IN|6_IN|ASME_B1634,STANDALONE,,,
396db9d2-733b-5a1d-8f33-4bcd8c6dd2e2,CMM-VALVE-B4D337-001,BHEL-500164,BHEL,IND.Control Valve 600# SS304 DN 50,VALVE|STAINLESS_STEEL|SS_304|DN_50|DN_50|API_602|EPOXY_COATED,STANDALONE,,,
3d564692-1861-50bf-af86-0611e56a5e00,CMM-VALVE-B55A69-001,ONGC-100249,ONGC,IND.CHRISTMAS TREE VALVE ASTM A182 F22 2 in,VALVE|ASTM_A182_F22|2_IN|API_6A,STANDALONE,,,
24e67d0e-263d-55da-8c77-f4915ad65a7c,CMM-VALVE-B66A8F-001,CIL-400171,Coal India,Control Valve 600# LCB DN 50,VALVE|LCB|DN_50|API_600,DIRECT_ACCEPTED,CAN-041881,NMC-REVIEWER-CHIEF,
0d8ec09f-c0f0-57c9-a7a1-36f2402e4fef,CMM-VALVE-B66A8F-001,ONGC-100186,ONGC,CONTROL VALVE DN 50 LCB 300#,VALVE|LCB|DN_50|API_600,DIRECT_ACCEPTED,CAN-041881,NMC-REVIEWER-CHIEF,
c2be95d6-2caf-525f-8843-6071032b1fe1,CMM-VALVE-B76F3D-001,ONGC-100237,ONGC,IND.2 in CHRISTMAS TREE VALVE - ASTM A182 F22,VALVE|ASTM_A182_F22|2_IN|2_IN|API_6A|ZINC_PLATED,STANDALONE,,,
666d3b93-0cfc-541b-aab5-4ea307ebf8da,CMM-VALVE-B7728C-001,BHEL-500274,BHEL,STORES ITEM STEAM TURBINE CONTROL VALVE 6 in ASTM A217 WC6,VALVE|ASTM_A217_WC6|6_IN|ASME_B1634,STANDALONE,,,
1fcb1b6f-3701-5609-bfe5-d0d3e04cfd29,CMM-VALVE-B79326-001,BHEL-500193,BHEL,STORES ITEM Steam Turbine Control Valve ASTM A217 WC6 6 in,VALVE|ASTM_A217_WC6|6_IN|6_IN|ASME_B1634,STANDALONE,,,
d99bbac1-eb4f-56e8-b69c-ef9886a86e88,CMM-VALVE-B7E63E-001,NTPC-200158,NTPC,IND.GV 2 in SS304 150#,VALVE|GATE_VALVE|STAINLESS_STEEL|SS_304|2_IN|API_602|PTFE_LINED,STANDALONE,,,
f0a68baf-d5f3-56d7-bc2d-c9302f0d560e,CMM-VALVE-B7ED19-001,BHEL-500202,BHEL,"STEAM TURBINE CONTROL VALVE, ASTM A217 WC6, SIZE 6 in",VALVE|ASTM_A217_WC6|6_IN|ASME_B1634,STANDALONE,,,
1a0b1f8b-948e-58c7-baca-cb3136e6ecba,CMM-VALVE-B96D44-001,IOCL-110216,IOCL,STORES ITEM 4 in COKER SLIDE VALVE - ASTM A217 C5,VALVE|ASTM_A217_C5|4_IN|4_IN|API_599|GALVANIZED,STANDALONE,,,
6a11610b-1873-5299-911c-34ba8e827de5,CMM-VALVE-BC53DA-001,BHEL-500252,BHEL,IND.Steam Turbine Control Valve 6 in ASTM A217 WC6,VALVE|ASTM_A217_WC6|6_IN|ASME_B1634,STANDALONE,,,
f926f774-f13e-598d-a682-418e0b0f5bfa,CMM-VALVE-C01430-001,BHEL-500175,BHEL,Ball Valve 150# ASTM A351 CF8M DN 100,VALVE|BALL_VALVE|ASTM_A351_CF8M|DN_100|DN_100|ASTM_A351|PTFE_LINED,STANDALONE,,,
1217b82d-e968-581e-8707-05baa0aeaaf8,CMM-VALVE-C06547-001,ONGC-100270,ONGC,2 in CHRISTMAS TREE VALVE - ASTM A182 F22,VALVE|ASTM_A182_F22|2_IN|API_6A,STANDALONE,,,
938e7eca-8547-524f-b102-e8980d21afa0,CMM-VALVE-C0CF03-001,BHEL-500131,BHEL,SPARE-GATE VLV 600# SS304 1/2 in,VALVE|GATE_VALVE|STAINLESS_STEEL|SS_304|1_2_IN|ASME_B1634,STANDALONE,,,
5d195f67-ae2e-5688-8dc5-e3e1fc930622,CMM-VALVE-C12B9C-001,BHEL-500067,BHEL,2 in Globe Valve - LCB,VALVE|GLOBE_VALVE|LCB|2_IN|2_IN|ASME_B1634,DIRECT_ACCEPTED,CAN-015603;CAN-015633;CAN-015663;CAN-015694,NMC-REVIEWER-CHIEF,
7070fb5d-0a9e-56b1-bf3b-4b73b9daaa6d,CMM-VALVE-C12B9C-001,IOCL-110063,IOCL,GLOBE VALVE LCB 2 in,VALVE|GLOBE_VALVE|LCB|2_IN|2_IN|ASME_B1634,DIRECT_ACCEPTED,CAN-015601;CAN-015602;CAN-015603;CAN-015604,NMC-REVIEWER-CHIEF,
7cd6b6e5-f3d0-5e83-95c5-187e3f5291a0,CMM-VALVE-C12B9C-001,NMDC-410068,NMDC,2 in Globe Valve - LCB,VALVE|GLOBE_VALVE|LCB|2_IN|2_IN|ASME_B1634,DIRECT_ACCEPTED,CAN-015602;CAN-015632;CAN-015663;CAN-015664,NMC-REVIEWER-CHIEF,
a55dca6e-1983-59a4-9262-d32c529e08ba,CMM-VALVE-C12B9C-001,ONGC-100066,ONGC,STORES ITEM 2 in Globe Valve - LCB,VALVE|GLOBE_VALVE|LCB|2_IN|2_IN|ASME_B1634,DIRECT_ACCEPTED,CAN-015601;CAN-015632;CAN-015633;CAN-015634,NMC-REVIEWER-CHIEF,
ba083c4e-892a-5e9b-98bd-efdd486b24e2,CMM-VALVE-C12B9C-001,SAIL-300073,SAIL,"SPARE-GLOBE VALVE, LCB, SIZE 2 in",VALVE|GLOBE_VALVE|LCB|2_IN|2_IN|ASME_B1634,DIRECT_ACCEPTED,CAN-015604;CAN-015634;CAN-015664;CAN-015694,NMC-REVIEWER-CHIEF,
5ceb9eff-0550-59a0-ab29-6cb84776510f,CMM-VALVE-C2C454-001,BHEL-500260,BHEL,IND.Steam Turbine Control Valve ASTM A217 WC6 6 in,VALVE|ASTM_A217_WC6|6_IN|6_IN|ASME_B1634,STANDALONE,,,
c67d19f4-b32c-5c3e-801c-9cc6856d67e0,CMM-VALVE-C4AB63-001,IOCL-110183,IOCL,COKER SLIDE VALVE 4 in ASTM A217 C5,VALVE|ASTM_A217_C5|4_IN|API_599|PTFE_LINED,STANDALONE,,,
8a3cff9e-1b16-5a5d-bea5-44159bf2357f,CMM-VALVE-C79168-001,ONGC-100211,ONGC,"STORES ITEM CHRISTMAS TREE VALVE, ASTM A182 F22, SIZE 2 in",VALVE|ASTM_A182_F22|2_IN|2_IN|API_6A,STANDALONE,,,
0d824769-8f9b-58fd-a8fe-e3e5d43d8061,CMM-VALVE-C7A5F6-001,ONGC-100275,ONGC,CHRISTMAS TREE VALVE ASTM A182 F22 2 in,VALVE|ASTM_A182_F22|2_IN|2_IN|API_6A,STANDALONE,,,
828f8335-b0c9-5226-9db0-7cd669e7b06c,CMM-VALVE-CDF5F5-001,IOCL-110194,IOCL,STORES ITEM Coker Slide Valve ASTM A217 C5 4 in,VALVE|ASTM_A217_C5|4_IN|4_IN|API_599,STANDALONE,,,
6029be96-945e-503f-9ca3-5b51b79f7512,CMM-VALVE-CE16C7-001,ONGC-100189,ONGC,SPARE-Ball Valve 150# SS304 DN 150,VALVE|BALL_VALVE|STAINLESS_STEEL|SS_304|DN_150|PTFE_LINED,STANDALONE,,,
2d6edae0-73f0-5ab1-ab2c-b4f969f5b7c3,CMM-VALVE-D1E7C1-001,ONGC-100239,ONGC,IND.Christmas Tree Valve ASTM A182 F22 2 in,VALVE|ASTM_A182_F22|2_IN|API_6A|PTFE_LINED,STANDALONE,,,
beda3a68-8f50-5a09-87ca-9d58fa32ab43,CMM-VALVE-D1F8A9-001,IOCL-110204,IOCL,"COKER SLIDE VALVE, ASTM A217 C5, SIZE 4 in",VALVE|ASTM_A217_C5|4_IN|4_IN|API_599|EPOXY_COATED,STANDALONE,,,
f1e7f95d-a423-5a16-a1a1-fbc5b513fa23,CMM-VALVE-D21FCF-001,BHEL-500237,BHEL,SPARE-6 in STEAM TURBINE CONTROL VALVE - ASTM A217 WC6,VALVE|ASTM_A217_WC6|6_IN|6_IN|ASME_B1634|EPOXY_COATED,STANDALONE,,,
f9d293a5-40cb-5cd7-a9d6-0367eddc9674,CMM-VALVE-D35F93-001,HPCL-120147,HPCL,"SPARE-GV, ASTM A351 CF8M, SIZE DN 100 300#",VALVE|GATE_VALVE|ASTM_A351_CF8M|DN_100|DN_100|API_598|EPOXY_COATED,STANDALONE,,,
9986a076-19d6-5a82-959c-80cac491227d,CMM-VALVE-D3728A-001,IOCL-110253,IOCL,STORES ITEM Coker Slide Valve 4 in ASTM A217 C5,VALVE|ASTM_A217_C5|4_IN|API_599,STANDALONE,,,
d71d37fc-0cac-5d9c-973f-7ba50be4c4be,CMM-VALVE-D51ED1-001,IOCL-110203,IOCL,"IND.COKER SLIDE VALVE, ASTM A217 C5, SIZE 4 in",VALVE|ASTM_A217_C5|4_IN|4_IN|API_599|GALVANIZED,STANDALONE,,,
bdd0fb89-9860-56d6-9912-66584f49e8cf,CMM-VALVE-D56453-001,BHEL-500233,BHEL,STORES ITEM STEAM TURBINE CONTROL VALVE ASTM A217 WC6 6 in,VALVE|ASTM_A217_WC6|6_IN|ASME_B1634,STANDALONE,,,
690a1af1-161b-5514-97c0-3fbfcc9b93c0,CMM-VALVE-D5BC99-001,BHEL-500253,BHEL,"STEAM TURBINE CONTROL VALVE, ASTM A217 WC6, SIZE 6 in",VALVE|ASTM_A217_WC6|6_IN|ASME_B1634,STANDALONE,,,
152b1be6-898d-5a6f-a66a-985cad759a87,CMM-VALVE-D62059-001,NTPC-200154,NTPC,DN 150 Check Valve - ASTM A351 CF8M 150#,VALVE|CHECK_VALVE|ASTM_A351_CF8M|DN_150|DN_150|API_598,STANDALONE,,,
f252ed0b-0374-5282-959b-23b92d553960,CMM-VALVE-D627F3-001,NMDC-410123,NMDC,"BV, ASTM A351 CF8M, SIZE 1/2 in 150#",VALVE|BALL_VALVE|ASTM_A351_CF8M|1_2_IN|1_2_IN|API_602,STANDALONE,,,
1e45cb37-60af-553b-a73e-d16526b9c64e,CMM-VALVE-DA9120-001,IOCL-110182,IOCL,COKER SLIDE VALVE ASTM A217 C5 4 in,VALVE|ASTM_A217_C5|4_IN|4_IN|API_599,STANDALONE,,,
e094352d-a685-5042-8f10-4f1526edc58d,CMM-VALVE-DBB44B-001,BHEL-500099,BHEL,SPARE-Control Valve 4 in SS316,VALVE|STAINLESS_STEEL|SS_316|4_IN|API_600|EPOXY_COATED,DIRECT_ACCEPTED,CAN-023222;CAN-023252,NMC-REVIEWER-CHIEF,
cdc62126-325e-589a-95bb-0f8997e0e1fb,CMM-VALVE-DBB44B-001,CIL-400090,Coal India,"SPARE-CONTROL VALVE, SS316, SIZE 4 in",VALVE|STAINLESS_STEEL|SS_316|4_IN|API_600|EPOXY_COATED,DIRECT_ACCEPTED,CAN-023221;CAN-023222,NMC-REVIEWER-CHIEF,
03daf18c-bb19-5aa1-b003-0c34890729d1,CMM-VALVE-DBB44B-001,SAIL-300104,SAIL,IND.CONTROL VALVE SS316 4 in,VALVE|STAINLESS_STEEL|SS_316|4_IN|API_600|EPOXY_COATED,DIRECT_ACCEPTED,CAN-023221;CAN-023252,NMC-REVIEWER-CHIEF,
36263930-b139-57c8-8492-57e5324f04a9,CMM-VALVE-DC1731-001,NMDC-410142,NMDC,"STORES ITEM Ball Valve, ASTM A216 WCB, SIZE 1/2 in 150#",VALVE|BALL_VALVE|ASTM_A216_WCB|1_2_IN|1_2_IN|API_600,STANDALONE,,,
ac86d7f4-8b54-57bc-a981-076d60d1d3cf,CMM-VALVE-DC723B-001,IOCL-110261,IOCL,"SPARE-COKER SLIDE VALVE, ASTM A217 C5, SIZE 4 in",VALVE|ASTM_A217_C5|4_IN|API_599,STANDALONE,,,
b52f8dc2-fbca-5ec5-b777-41ce8672a07d,CMM-VALVE-DCDC32-001,ONGC-100188,ONGC,"IND.Ball Valve, ASTM A216 WCB, SIZE DN 100 600#",VALVE|BALL_VALVE|ASTM_A216_WCB|DN_100|DN_100|ASTM_A216_WCB|PTFE_LINED,STANDALONE,,,
9b64fde7-0ad7-5ef0-b655-08b6a954efc0,CMM-VALVE-E1352C-001,NTPC-200173,NTPC,"STORES ITEM Ball Valve, SS316, SIZE DN 150 600#",VALVE|BALL_VALVE|STAINLESS_STEEL|SS_316|DN_150|PTFE_LINED,STANDALONE,,,
5f07ea29-0c65-5b22-84ed-b7f04da31fef,CMM-VALVE-E15EAD-001,IOCL-110192,IOCL,Coker Slide Valve 4 in ASTM A217 C5,VALVE|ASTM_A217_C5|4_IN|API_599,STANDALONE,,,
75aeb01b-71c0-5592-9684-446e4c029998,CMM-VALVE-E26A0B-001,ONGC-100235,ONGC,SPARE-Christmas Tree Valve ASTM A182 F22 2 in,VALVE|ASTM_A182_F22|2_IN|API_6A|PTFE_LINED,STANDALONE,,,
72174da6-738d-53ab-aa70-4e17b076a0da,CMM-VALVE-E59936-001,BHEL-500234,BHEL,STEAM TURBINE CONTROL VALVE ASTM A217 WC6 6 in,VALVE|ASTM_A217_WC6|6_IN|6_IN|ASME_B1634,STANDALONE,,,
fdc1a316-fa2e-502d-8837-62271a0e66f6,CMM-VALVE-E7B3FB-001,IOCL-110236,IOCL,IND.4 in COKER SLIDE VALVE - ASTM A217 C5,VALVE|ASTM_A217_C5|4_IN|API_599,STANDALONE,,,
0e078ce3-c34e-531d-a70f-1bfac9dd4ae6,CMM-VALVE-E8D56B-001,IOCL-110186,IOCL,IND.4 in Coker Slide Valve - ASTM A217 C5,VALVE|ASTM_A217_C5|4_IN|4_IN|API_599,STANDALONE,,,
7930a151-755a-50fb-90ac-e61fde6fb7ef,CMM-VALVE-EA4949-001,IOCL-110198,IOCL,Coker Slide Valve 4 in ASTM A217 C5,VALVE|ASTM_A217_C5|4_IN|4_IN|API_599,STANDALONE,,,
901cb4ea-dd65-5034-b47c-d35347a63399,CMM-VALVE-EAB880-001,IOCL-110210,IOCL,IND.4 in COKER SLIDE VALVE - ASTM A217 C5,VALVE|ASTM_A217_C5|4_IN|4_IN|API_599|ZINC_PLATED,STANDALONE,,,
06d2d313-3f5d-57c0-9787-5fdfc6b65d8f,CMM-VALVE-EBCC19-001,CIL-400118,Coal India,"CHECK VALVE, WCB, SIZE 4 in 150#",VALVE|CHECK_VALVE|ASTM_A216_WCB|4_IN|4_IN,DIRECT_ACCEPTED,CAN-029041,NMC-REVIEWER-CHIEF,
09906762-37c2-53a4-adb6-9116fad377b9,CMM-VALVE-EBCC19-001,SAIL-300132,SAIL,IND.CHECK VALVE 4 in WCB 300#,VALVE|CHECK_VALVE|ASTM_A216_WCB|4_IN|4_IN,DIRECT_ACCEPTED,CAN-029041,NMC-REVIEWER-CHIEF,
b22caf9e-e840-5125-9025-69560aaf2430,CMM-VALVE-EBEB4A-001,CIL-400108,Coal India,SPARE-Ball Valve 6 in SS304 150#,VALVE|BALL_VALVE|STAINLESS_STEEL|SS_304|6_IN|API_600,STANDALONE,,,
d8dc1222-b786-5b3e-a6fb-1317a732fafa,CMM-VALVE-EC01C6-001,IOCL-110212,IOCL,"Coker Slide Valve, ASTM A217 C5, SIZE 4 in",VALVE|ASTM_A217_C5|4_IN|4_IN|API_599,STANDALONE,,,
0c396b94-fa50-56a7-a6c6-74d0cb9a6519,CMM-VALVE-ED28F7-001,NTPC-200178,NTPC,IND.DN 150 GLOBE VALVE - ASTM A351 CF8M 150#,VALVE|GLOBE_VALVE|ASTM_A351_CF8M|DN_150|DN_150|API_602,STANDALONE,,,
bd470c4f-4077-573e-8091-7e5c8e179532,CMM-VALVE-F0B040-001,ONGC-100127,ONGC,"BV, ASTM A216 WCB, SIZE 1/2 in 300#",VALVE|BALL_VALVE|ASTM_A216_WCB|1_2_IN|1_2_IN|API_602,STANDALONE,,,
9fbc293d-175f-53a2-8f5e-873416d6c9e9,CMM-VALVE-F1D1B3-001,ONGC-100226,ONGC,2 in CHRISTMAS TREE VALVE - ASTM A182 F22,VALVE|ASTM_A182_F22|2_IN|2_IN|API_6A|GALVANIZED,STANDALONE,,,
8135a2f3-746b-5e8e-8272-0dcc6b1b6bf7,CMM-VALVE-F44088-001,SAIL-300126,SAIL,BUTTERFLY VALVE 1 in SS304 600#,VALVE|BUTTERFLY_VALVE|STAINLESS_STEEL|SS_304|1_IN|API_598,STANDALONE,,,
b8614cfa-956e-5e6c-a905-2a3c88eae40a,CMM-VALVE-F45F68-001,CIL-400106,Coal India,SPARE-4 in BUTTERFLY VALVE - SS304 150#,VALVE|BUTTERFLY_VALVE|STAINLESS_STEEL|SS_304|4_IN|API_598|ZINC_PLATED,STANDALONE,,,
6135fc24-75e5-5adc-822a-0e96dcf717c3,CMM-VALVE-F60DD7-001,IOCL-110230,IOCL,Coker Slide Valve 4 in ASTM A217 C5,VALVE|ASTM_A217_C5|4_IN|API_599,STANDALONE,,,
2c9a02a6-bb28-5734-8cbf-0603ff0b0f1e,CMM-VALVE-F78F84-001,IOCL-110240,IOCL,Coker Slide Valve ASTM A217 C5 4 in,VALVE|ASTM_A217_C5|4_IN|API_599|ZINC_PLATED,STANDALONE,,,
54403820-de11-5119-83d8-e89169995ca3,CMM-VALVE-FA98E0-001,BHEL-500238,BHEL,STORES ITEM STEAM TURBINE CONTROL VALVE 6 in ASTM A217 WC6,VALVE|ASTM_A217_WC6|6_IN|ASME_B1634,STANDALONE,,,
d4065852-a539-53ad-82b4-3ca21693262d,CMM-VALVE-FAC971-001,ONGC-100240,ONGC,IND.2 in CHRISTMAS TREE VALVE - ASTM A182 F22,VALVE|ASTM_A182_F22|2_IN|API_6A|EPOXY_COATED,STANDALONE,,,
0dad363f-dfa6-5a0a-9493-883a8e69518d,CMM-VALVE-FD2261-001,IOCL-110232,IOCL,SPARE-4 in COKER SLIDE VALVE - ASTM A217 C5,VALVE|ASTM_A217_C5|4_IN|4_IN|API_599|PTFE_LINED,STANDALONE,,,
52de1acd-1aa7-5768-8258-4a53425ef69a,CMM-VALVE-FD973B-001,IOCL-110201,IOCL,COKER SLIDE VALVE ASTM A217 C5 4 in,VALVE|ASTM_A217_C5|4_IN|API_599,STANDALONE,,,
70427e0a-71a6-5a8d-aa15-ea52306cf2bd,CMM-VALVE-FDB76A-001,ONGC-100274,ONGC,"CHRISTMAS TREE VALVE, ASTM A182 F22, SIZE 2 in",VALVE|ASTM_A182_F22|2_IN|2_IN|API_6A,STANDALONE,,,
f8c42843-64aa-5a5e-84c4-44fe5e53420f,CMM-VALVE-FE18AF-001,NMDC-410166,NMDC,"CHECK VALVE, ASTM A216 WCB, SIZE DN 150 600#",VALVE|CHECK_VALVE|ASTM_A216_WCB|DN_150|DN_150|API_598,STANDALONE,,,
