common_material_id,common_code,common_description,material_family,material_type,material_grade,nominal_size,pressure_rating,standard_spec,unit_of_measure,consolidated_attributes,cpse_coverage,member_count,governance_status,group_confidence,group_identity_hash,approved_by,approved_at,approval_rationale
CMM-BEARNG-0669B8-001,CMM-BEARNG-0669B8-001,BEARING | BALL BEARING | STAINLESS STEEL | 6208 | ISO 15,BEARING,BALL BEARING,STAINLESS STEEL,6208,,ISO 15,NOS,"{""connection_type"": """", ""construction"": """", ""end_type"": """", ""material"": ""STAINLESS STEEL"", ""material_family"": ""BEARING"", ""material_grade"": ""STAINLESS STEEL"", ""material_subtype"": """", ""material_type"": ""BALL BEARING"", ""nominal_size"": """", ""orientation"": """", ""pressure_class"": """", ""rating"": """", ""size"": ""6208"", ""specification"": ""ISO 15"", ""standard"": ""ISO 15"", ""unit"": ""NOS""}",IOCL;NMDC;NTPC,3,VERIFIED_HARMONIZED,1.0,0669b83f401a8255523da00e5ffbdb22c8b0787a4f46901cfcc969bb4438c9a6,,,
CMM-BEARNG-0772AD-001,CMM-BEARNG-0772AD-001,BEARING | STAINLESS STEEL | 30205 | ISO 15,BEARING,,STAINLESS STEEL,30205,,ISO 15,NOS,"{""connection_type"": """", ""construction"": """", ""end_type"": """", ""material"": ""STAINLESS STEEL"", ""material_family"": ""BEARING"", ""material_grade"": ""STAINLESS STEEL"", ""material_subtype"": """", ""material_type"": """", ""nominal_size"": """", ""orientation"": """", ""pressure_class"": """", ""rating"": """", ""size"": ""30205"", ""specification"": ""ISO 15"", ""standard"": ""ISO 15"", ""unit"": ""NOS""}",IOCL;NMDC,2,VERIFIED_HARMONIZED,1.0,0772aded7d8e98c73d16b20e944ed9e561dec983e47ca9dd0c442e0e46717288,,,
CMM-BEARNG-0C2D83-001,CMM-BEARNG-0C2D83-001,BEARING | BALL BEARING | AISI 52100 | 6304 | DIN 625,BEARING,BALL BEARING,AISI 52100,6304,,DIN 625,NOS,"{""connection_type"": """", ""construction"": """", ""end_type"": """", ""material"": """", ""material_family"": ""BEARING"", ""material_grade"": ""AISI 52100"", ""material_subtype"": """", ""material_type"": ""BALL BEARING"", ""nominal_size"": """", ""orientation"": """", ""pressure_class"": """", ""rating"": """", ""size"": ""6304"", ""specification"": ""DIN 625"", ""standard"": """", ""unit"": ""NOS""}",HPCL;NTPC,2,VERIFIED_HARMONIZED,1.0,0c2d83237506f0222d2d353fc5283eadb4bc8ac1d671f794f26bbbe6a7c087da,,,
CMM-BEARNG-0FD5BF-001,CMM-BEARNG-0FD5BF-001,BEARING | BALL BEARING | STAINLESS STEEL | 6208 | DIN 625,BEARING,BALL BEARING,STAINLESS STEEL,6208,,DIN 625,NOS,"{""connection_type"": """", ""construction"": """", ""end_type"": """", ""material"": ""STAINLESS STEEL"", ""material_family"": ""BEARING"", ""material_grade"": ""STAINLESS STEEL"", ""material_subtype"": """", ""material_type"": ""BALL BEARING"", ""nominal_size"": """", ""orientation"": """", ""pressure_class"": """", ""rating"": """", ""size"": ""6208"", ""specification"": ""DIN 625"", ""standard"": """", ""unit"": ""NOS""}",BHEL;Coal India;HPCL;IOCL;NMDC;NTPC;ONGC;SAIL,10,AMBIGUOUS_REVIEW_REQUIRED,1.0,0fd5bf701746c0f8bee4bd36c247463cadf0d59527b61c945b68c64c08380ce0,,,
CMM-BEARNG-17B18A-001,CMM-BEARNG-17B18A-001,BEARING | CHROME STEEL | 6208 | ABMA 9,BEARING,,CHROME STEEL,6208,,ABMA 9,NOS,"{""connection_type"": """", ""construction"": """", ""end_type"": """", ""material"": ""CHROME STEEL"", ""material_family"": ""BEARING"", ""material_grade"": ""CHROME STEEL"", ""material_subtype"": """", ""material_type"": """", ""nominal_size"": """", ""orientation"": """", ""pressure_class"": """", ""rating"": """", ""size"": ""6208"", ""specification"": ""ABMA 9"", ""standard"": """", ""unit"": ""NOS""}",BHEL;HPCL;IOCL;ONGC;SAIL,5,VERIFIED_HARMONIZED,1.0,17b18abaf8e4b0927eb12fdd30ebbb9645eb86e6438d7af705d3f1ed52ff1d8f,,,
CMM-BEARNG-1E674F-001,CMM-BEARNG-1E674F-001,BEARING | AISI 52100 | 6208 | DIN 625,BEARING,,AISI 52100,6208,,DIN 625,NOS,"{""connection_type"": """", ""construction"": """", ""end_type"": """", ""material"": """", ""material_family"": ""BEARING"", ""material_grade"": ""AISI 52100"", ""material_subtype"": """", ""material_type"": """", ""nominal_size"": """", ""orientation"": """", ""pressure_class"": """", ""rating"": """", ""size"": ""6208"", ""specification"": ""DIN 625"", ""standard"": """", ""unit"": ""NOS""}",BHEL;Coal India;NTPC;ONGC,4,VERIFIED_HARMONIZED,1.0,1e674f46cb30cc102e61712e36b514851a2c7713480647333e11c5ddf2cfc3c0,,,
CMM-BEARNG-200E56-001,CMM-BEARNG-200E56-001,BEARING | STAINLESS STEEL | 6408 | DIN 625,BEARING,,STAINLESS STEEL,6408,,DIN 625,NOS,"{""connection_type"": """", ""construction"": """", ""end_type"": """", ""material"": ""STAINLESS STEEL"", ""material_family"": ""BEARING"", ""material_grade"": ""STAINLESS STEEL"", ""material_subtype"": """", ""material_type"": """", ""nominal_size"": """", ""orientation"": """", ""pressure_class"": """", ""rating"": """", ""size"": ""6408"", ""specification"": ""DIN 625"", ""standard"": """", ""unit"": ""NOS""}",NTPC;ONGC,2,VERIFIED_HARMONIZED,1.0,200e56bc738cdfd836d728fcbe07ab292af4611f9040808bd6b3a35f4fb02296,,,
CMM-BEARNG-20EFDA-001,CMM-BEARNG-20EFDA-001,BEARING | STAINLESS STEEL | 6304 | ISO 15,BEARING,,STAINLESS STEEL,6304,,ISO 15,NOS,"{""connection_type"": """", ""construction"": """", ""end_type"": """", ""material"": ""STAINLESS STEEL"", ""material_family"": ""BEARING"", ""material_grade"": ""STAINLESS STEEL"", ""material_subtype"": """", ""material_type"": """", ""nominal_size"": """", ""orientation"": """", ""pressure_class"": """", ""rating"": """", ""size"": ""6304"", ""specification"": ""ISO 15"", ""standard"": ""ISO 15"", ""unit"": ""NOS""}",BHEL;IOCL;NTPC;SAIL,4,VERIFIED_HARMONIZED,1.0,20efda2f3d65a95e882a66f68dcb03f22ac869e15dd922a044184aa3921d2324,,,
CMM-BEARNG-300A61-001,CMM-BEARNG-300A61-001,BEARING | STAINLESS STEEL | 30205,BEARING,,STAINLESS STEEL,30205,,UNRESOLVED_CONFLICT (ABMA 9 vs DIN 625),NOS,"{""connection_type"": """", ""construction"": """", ""end_type"": """", ""material"": ""STAINLESS STEEL"", ""material_family"": ""BEARING"", ""material_grade"": ""STAINLESS STEEL"", ""material_subtype"": """", ""material_type"": """", ""nominal_size"": """", ""orientation"": """", ""pressure_class"": """", ""rating"": """", ""size"": ""30205"", ""specification"": ""UNRESOLVED_CONFLICT (ABMA 9 vs DIN 625)"", ""standard"": """", ""unit"": ""NOS""}",BHEL;IOCL;NTPC;ONGC,5,AMBIGUOUS_REVIEW_REQUIRED,0.7,300a61efb6cb4b16e13f2681f1420d529926ea73d8801efb38c3b61d5e8148b9,,,
CMM-BEARNG-39C22B-001,CMM-BEARNG-39C22B-001,BEARING | CHROME STEEL | 22208 | ABMA 9,BEARING,,CHROME STEEL,22208,,ABMA 9,NOS,"{""connection_type"": """", ""construction"": """", ""end_type"": """", ""material"": ""CHROME STEEL"", ""material_family"": ""BEARING"", ""material_grade"": ""CHROME STEEL"", ""material_subtype"": """", ""material_type"": """", ""nominal_size"": """", ""orientation"": """", ""pressure_class"": """", ""rating"": """", ""size"": ""22208"", ""specification"": ""ABMA 9"", ""standard"": """", ""unit"": ""NOS""}",HPCL;NMDC;NTPC;ONGC;SAIL,10,AMBIGUOUS_REVIEW_REQUIRED,1.0,39c22b881ae622f978e2535d45c66d51e966f2847d267850b4cbe32430af4adc,,,
CMM-BEARNG-3EC238-001,CMM-BEARNG-3EC238-001,BEARING | BALL BEARING | AISI 52100 | 22208 | ABMA 9,BEARING,BALL BEARING,AISI 52100,22208,,ABMA 9,NOS,"{""connection_type"": """", ""construction"": """", ""end_type"": """", ""material"": """", ""material_family"": ""BEARING"", ""material_grade"": ""AISI 52100"", ""material_subtype"": """", ""material_type"": ""BALL BEARING"", ""nominal_size"": """", ""orientation"": """", ""pressure_class"": """", ""rating"": """", ""size"": ""22208"", ""specification"": ""ABMA 9"", ""standard"": """", ""unit"": ""NOS""}",Coal India;HPCL,2,VERIFIED_HARMONIZED,1.0,3ec2383b6286cc9bc417f221f8a25ce8dc71f787ffb25c48f0d7060cebe6909f,,,
CMM-BEARNG-491461-001,CMM-BEARNG-491461-001,BEARING | BALL BEARING | STAINLESS STEEL | 30205 | ISO 15,BEARING,BALL BEARING,STAINLESS STEEL,30205,,ISO 15,NOS,"{""connection_type"": """", ""construction"": """", ""end_type"": """", ""material"": ""STAINLESS STEEL"", ""material_family"": ""BEARING"", ""material_grade"": ""STAINLESS STEEL"", ""material_subtype"": """", ""material_type"": ""BALL BEARING"", ""nominal_size"": """", ""orientation"": """", ""pressure_class"": """", ""rating"": """", ""size"": ""30205"", ""specification"": ""ISO 15"", ""standard"": ""ISO 15"", ""unit"": ""NOS""}",BHEL;IOCL;NTPC;ONGC;SAIL,8,AMBIGUOUS_REVIEW_REQUIRED,1.0,491461b1a0414b3cba1a009ed4e33be6ca9fc64ef51944c4c78b6d51e8855bd5,,,
CMM-BEARNG-52104E-001,CMM-BEARNG-52104E-001,BEARING | STAINLESS STEEL | 22208 | ABMA 9,BEARING,,STAINLESS STEEL,22208,,ABMA 9,NOS,"{""connection_type"": """", ""construction"": """", ""end_type"": """", ""material"": ""STAINLESS STEEL"", ""material_family"": ""BEARING"", ""material_grade"": ""STAINLESS STEEL"", ""material_subtype"": """", ""material_type"": """", ""nominal_size"": """", ""orientation"": """", ""pressure_class"": """", ""rating"": """", ""size"": ""22208"", ""specification"": ""ABMA 9"", ""standard"": """", ""unit"": ""NOS""}",BHEL;Coal India;HPCL;IOCL;NMDC;NTPC;ONGC;SAIL,14,AMBIGUOUS_REVIEW_REQUIRED,1.0,52104e2e506a5a02f264f3a76bfd331592cea1a38703be1a7c38c3d2d9d223ef,,,
CMM-BEARNG-668968-001,CMM-BEARNG-668968-001,BEARING | AISI 52100 | 6304 | ISO 15,BEARING,,AISI 52100,6304,,ISO 15,NOS,"{""connection_type"": """", ""construction"": """", ""end_type"": """", ""material"": """", ""material_family"": ""BEARING"", ""material_grade"": ""AISI 52100"", ""material_subtype"": """", ""material_type"": """", ""nominal_size"": """", ""orientation"": """", ""pressure_class"": """", ""rating"": """", ""size"": ""6304"", ""specification"": ""ISO 15"", ""standard"": ""ISO 15"", ""unit"": ""NOS""}",BHEL;IOCL;NMDC;ONGC;SAIL,7,AMBIGUOUS_REVIEW_REQUIRED,1.0,6689681f84338ad6a8e5642ac2ec3b32ee31d86190a9ae7045d60e206fa06418,,,
CMM-BEARNG-66CBD4-001,CMM-BEARNG-66CBD4-001,BEARING | BALL BEARING | CHROME STEEL | 30205 | ISO 15,BEARING,BALL BEARING,CHROME STEEL,30205,,ISO 15,NOS,"{""connection_type"": """", ""construction"": """", ""end_type"": """", ""material"": ""CHROME STEEL"", ""material_family"": ""BEARING"", ""material_grade"": ""CHROME STEEL"", ""material_subtype"": """", ""material_type"": ""BALL BEARING"", ""nominal_size"": """", ""orientation"": """", ""pressure_class"": """", ""rating"": """", ""size"": ""30205"", ""specification"": ""ISO 15"", ""standard"": ""ISO 15"", ""unit"": ""NOS""}",Coal India;ONGC,2,VERIFIED_HARMONIZED,1.0,66cbd48ba857985873fec929605217c776ea4992d44ee18dcf3ab6021376dd25,,,
CMM-BEARNG-67CA99-001,CMM-BEARNG-67CA99-001,BEARING | AISI 52100 | 6304,BEARING,,AISI 52100,6304,,UNRESOLVED_CONFLICT (ABMA 9 vs DIN 625),NOS,"{""connection_type"": """", ""construction"": """", ""end_type"": """", ""material"": """", ""material_family"": ""BEARING"", ""material_grade"": ""AISI 52100"", ""material_subtype"": """", ""material_type"": """", ""nominal_size"": """", ""orientation"": """", ""pressure_class"": """", ""rating"": """", ""size"": ""6304"", ""specification"": ""UNRESOLVED_CONFLICT (ABMA 9 vs DIN 625)"", ""standard"": """", ""unit"": ""NOS""}",BHEL;Coal India;HPCL;IOCL;NMDC;NTPC;ONGC;SAIL,15,AMBIGUOUS_REVIEW_REQUIRED,0.7,67ca9952f1c2c1f535466122a80dd32bc790f59de882f80a101a8015a36883bd,,,
CMM-BEARNG-75E845-001,CMM-BEARNG-75E845-001,BEARING | AISI 52100 | 22208 | ABMA 9,BEARING,,AISI 52100,22208,,ABMA 9,NOS,"{""connection_type"": """", ""construction"": """", ""end_type"": """", ""material"": """", ""material_family"": ""BEARING"", ""material_grade"": ""AISI 52100"", ""material_subtype"": """", ""material_type"": """", ""nominal_size"": """", ""orientation"": """", ""pressure_class"": """", ""rating"": """", ""size"": ""22208"", ""specification"": ""ABMA 9"", ""standard"": """", ""unit"": ""NOS""}",Coal India;IOCL;NMDC;NTPC;ONGC,6,AMBIGUOUS_REVIEW_REQUIRED,1.0,75e845439a55299091d8a8944a6484751a586b66b445c4496dc0874768cdd63d,,,
CMM-BEARNG-7BE095-001,CMM-BEARNG-7BE095-001,BEARING | AISI 52100 | 6408,BEARING,,AISI 52100,6408,,UNRESOLVED_CONFLICT (ABMA 9 vs DIN 625),NOS,"{""connection_type"": """", ""construction"": """", ""end_type"": """", ""material"": """", ""material_family"": ""BEARING"", ""material_grade"": ""AISI 52100"", ""material_subtype"": """", ""material_type"": """", ""nominal_size"": """", ""orientation"": """", ""pressure_class"": """", ""rating"": """", ""size"": ""6408"", ""specification"": ""UNRESOLVED_CONFLICT (ABMA 9 vs DIN 625)"", ""standard"": """", ""unit"": ""NOS""}",Coal India;NMDC;ONGC,4,AMBIGUOUS_REVIEW_REQUIRED,0.7,7be095d241a40b4900a5b5afc04c6bfaa870635094fc70616b965478e20d1739,,,
CMM-BEARNG-87EFE4-001,CMM-BEARNG-87EFE4-001,BEARING | BALL BEARING | CHROME STEEL | 6408 | ABMA 9,BEARING,BALL BEARING,CHROME STEEL,6408,,ABMA 9,NOS,"{""connection_type"": """", ""construction"": """", ""end_type"": """", ""material"": ""CHROME STEEL"", ""material_family"": ""BEARING"", ""material_grade"": ""CHROME STEEL"", ""material_subtype"": """", ""material_type"": ""BALL BEARING"", ""nominal_size"": """", ""orientation"": """", ""pressure_class"": """", ""rating"": """", ""size"": ""6408"", ""specification"": ""ABMA 9"", ""standard"": """", ""unit"": ""NOS""}",Coal India;HPCL;NMDC;NTPC;ONGC;SAIL,6,VERIFIED_HARMONIZED,1.0,87efe444b87512ff5af4cf9000affb266e020047e1b14d119fe89966ab861438,,,
CMM-BEARNG-89DC5A-001,CMM-BEARNG-89DC5A-001,BEARING | CHROME STEEL | 6408 | ISO 15,BEARING,,CHROME STEEL,6408,,ISO 15,NOS,"{""connection_type"": """", ""construction"": """", ""end_type"": """", ""material"": ""CHROME STEEL"", ""material_family"": ""BEARING"", ""material_grade"": ""CHROME STEEL"", ""material_subtype"": """", ""material_type"": """", ""nominal_size"": """", ""orientation"": """", ""pressure_class"": """", ""rating"": """", ""size"": ""6408"", ""specification"": ""ISO 15"", ""standard"": ""ISO 15"", ""unit"": ""NOS""}",BHEL;HPCL;NTPC;ONGC;SAIL,5,VERIFIED_HARMONIZED,1.0,89dc5a989ee316a241cc4b09277393d8dfc4bf75cc657aaa4d5d7184ed8c698b,,,
CMM-BEARNG-947C4D-001,CMM-BEARNG-947C4D-001,BEARING | BALL BEARING | CHROME STEEL | 22208 | DIN 625,BEARING,BALL BEARING,CHROME STEEL,22208,,DIN 625,NOS,"{""connection_type"": """", ""construction"": """", ""end_type"": """", ""material"": ""CHROME STEEL"", ""material_family"": ""BEARING"", ""material_grade"": ""CHROME STEEL"", ""material_subtype"": """", ""material_type"": ""BALL BEARING"", ""nominal_size"": """", ""orientation"": """", ""pressure_class"": """", ""rating"": """", ""size"": ""22208"", ""specification"": ""DIN 625"", ""standard"": """", ""unit"": ""NOS""}",Coal India;HPCL;NMDC;NTPC;ONGC,5,VERIFIED_HARMONIZED,1.0,947c4d37501bedb56fdcfa4c3c48414a48300dfe0bbe1bc02a91919aea74b6b7,,,
CMM-BEARNG-98CF95-001,CMM-BEARNG-98CF95-001,BEARING | BALL BEARING | STAINLESS STEEL | 6304 | ABMA 9,BEARING,BALL BEARING,STAINLESS STEEL,6304,,ABMA 9,NOS,"{""connection_type"": """", ""construction"": """", ""end_type"": """", ""material"": ""STAINLESS STEEL"", ""material_family"": ""BEARING"", ""material_grade"": ""STAINLESS STEEL"", ""material_subtype"": """", ""material_type"": ""BALL BEARING"", ""nominal_size"": """", ""orientation"": """", ""pressure_class"": """", ""rating"": """", ""size"": ""6304"", ""specification"": ""ABMA 9"", ""standard"": """", ""unit"": ""NOS""}",BHEL;Coal India;ONGC;SAIL,4,VERIFIED_HARMONIZED,1.0,98cf95ef7aab5558748a54cb53e29f9045ea41b11b0d7fb9fc14e85f3e487199,,,
CMM-BEARNG-A0A0E6-001,CMM-BEARNG-A0A0E6-001,BEARING | CHROME STEEL | 30205 | ISO 15,BEARING,,CHROME STEEL,30205,,ISO 15,NOS,"{""connection_type"": """", ""construction"": """", ""end_type"": """", ""material"": ""CHROME STEEL"", ""material_family"": ""BEARING"", ""material_grade"": ""CHROME STEEL"", ""material_subtype"": """", ""material_type"": """", ""nominal_size"": """", ""orientation"": """", ""pressure_class"": """", ""rating"": """", ""size"": ""30205"", ""specification"": ""ISO 15"", ""standard"": ""ISO 15"", ""unit"": ""NOS""}",HPCL;NMDC,2,VERIFIED_HARMONIZED,1.0,a0a0e6291ef3db7a8e606e0de184b5e3f18091397d0dae08966df45b3f24a1a4,,,
CMM-BEARNG-A2CB3C-001,CMM-BEARNG-A2CB3C-001,BEARING | STAINLESS STEEL | 6208 | ISO 15,BEARING,,STAINLESS STEEL,6208,,ISO 15,NOS,"{""connection_type"": """", ""construction"": """", ""end_type"": """", ""material"": ""STAINLESS STEEL"", ""material_family"": ""BEARING"", ""material_grade"": ""STAINLESS STEEL"", ""material_subtype"": """", ""material_type"": """", ""nominal_size"": """", ""orientation"": """", ""pressure_class"": """", ""rating"": """", ""size"": ""6208"", ""specification"": ""ISO 15"", ""standard"": ""ISO 15"", ""unit"": ""NOS""}",BHEL;HPCL;IOCL;NMDC;NTPC;ONGC;SAIL,9,AMBIGUOUS_REVIEW_REQUIRED,1.0,a2cb3cf32df6e142bfc88e8fe9b55e8fe8b6bd98e37023efa25607b8db1d2ae7,,,
CMM-BEARNG-A353C8-001,CMM-BEARNG-A353C8-001,BEARING | CHROME STEEL | 6304 | DIN 625,BEARING,,CHROME STEEL,6304,,DIN 625,NOS,"{""connection_type"": """", ""construction"": """", ""end_type"": """", ""material"": ""CHROME STEEL"", ""material_family"": ""BEARING"", ""material_grade"": ""CHROME STEEL"", ""material_subtype"": """", ""material_type"": """", ""nominal_size"": """", ""orientation"": """", ""pressure_class"": """", ""rating"": """", ""size"": ""6304"", ""specification"": ""DIN 625"", ""standard"": """", ""unit"": ""NOS""}",HPCL;SAIL,2,VERIFIED_HARMONIZED,1.0,a353c8bd562c7aab51eec839a74fd2378dae8b78d33b95e5c217fa84f3bcd798,,,
CMM-BEARNG-A74B84-001,CMM-BEARNG-A74B84-001,BEARING | CHROME STEEL | 6304 | ISO 15,BEARING,,CHROME STEEL,6304,,ISO 15,NOS,"{""connection_type"": """", ""construction"": """", ""end_type"": """", ""material"": ""CHROME STEEL"", ""material_family"": ""BEARING"", ""material_grade"": ""CHROME STEEL"", ""material_subtype"": """", ""material_type"": """", ""nominal_size"": """", ""orientation"": """", ""pressure_class"": """", ""rating"": """", ""size"": ""6304"", ""specification"": ""ISO 15"", ""standard"": ""ISO 15"", ""unit"": ""NOS""}",BHEL;Coal India;HPCL;NMDC;NTPC;ONGC,7,AMBIGUOUS_REVIEW_REQUIRED,1.0,a74b8490577227eaac3704b85f2deb6638d3a3a4e05d11e756f00bc3b39b71f9,,,
CMM-BEARNG-BE8172-001,CMM-BEARNG-BE8172-001,BEARING | STAINLESS STEEL | 6304 | DIN 625,BEARING,,STAINLESS STEEL,6304,,DIN 625,NOS,"{""connection_type"": """", ""construction"": """", ""end_type"": """", ""material"": ""STAINLESS STEEL"", ""material_family"": ""BEARING"", ""material_grade"": ""STAINLESS STEEL"", ""material_subtype"": """", ""material_type"": """", ""nominal_size"": """", ""orientation"": """", ""pressure_class"": """", ""rating"": """", ""size"": ""6304"", ""specification"": ""DIN 625"", ""standard"": """", ""unit"": ""NOS""}",Coal India;SAIL,2,VERIFIED_HARMONIZED,1.0,be817242fbfa1849e815ffb00cc26fc661d74e0971c0cd85e7c83556f95b8208,,,
CMM-BEARNG-D5796C-001,CMM-BEARNG-D5796C-001,BEARING | AISI 52100 | 6408 | ISO 15,BEARING,,AISI 52100,6408,,ISO 15,NOS,"{""connection_type"": """", ""construction"": """", ""end_type"": """", ""material"": """", ""material_family"": ""BEARING"", ""material_grade"": ""AISI 52100"", ""material_subtype"": """", ""material_type"": """", ""nominal_size"": """", ""orientation"": """", ""pressure_class"": """", ""rating"": """", ""size"": ""6408"", ""specification"": ""ISO 15"", ""standard"": ""ISO 15"", ""unit"": ""NOS""}",BHEL;ONGC;SAIL,4,AMBIGUOUS_REVIEW_REQUIRED,1.0,d5796cfe07b4a338f3a942581e828471455ae6b404eb54bc71c774c2e0347566,,,
CMM-BEARNG-D8807A-001,CMM-BEARNG-D8807A-001,BEARING | CHROME STEEL | 30205 | ABMA 9,BEARING,,CHROME STEEL,30205,,ABMA 9,NOS,"{""connection_type"": """", ""construction"": """", ""end_type"": """", ""material"": ""CHROME STEEL"", ""material_family"": ""BEARING"", ""material_grade"": ""CHROME STEEL"", ""material_subtype"": """", ""material_type"": """", ""nominal_size"": """", ""orientation"": """", ""pressure_class"": """", ""rating"": """", ""size"": ""30205"", ""specification"": ""ABMA 9"", ""standard"": """", ""unit"": ""NOS""}",HPCL;ONGC,2,VERIFIED_HARMONIZED,1.0,d8807a24182699c2b1abf30e7b650457e4aee2e92b55d99bcedfe309b55d072b,,,
CMM-BEARNG-D93FF3-001,CMM-BEARNG-D93FF3-001,BEARING | STAINLESS STEEL | 6208 | ABMA 9,BEARING,,STAINLESS STEEL,6208,,ABMA 9,NOS,"{""connection_type"": """", ""construction"": """", ""end_type"": """", ""material"": ""STAINLESS STEEL"", ""material_family"": ""BEARING"", ""material_grade"": ""STAINLESS STEEL"", ""material_subtype"": """", ""material_type"": """", ""nominal_size"": """", ""orientation"": """", ""pressure_class"": """", ""rating"": """", ""size"": ""6208"", ""specification"": ""ABMA 9"", ""standard"": """", ""unit"": ""NOS""}",Coal India;HPCL,2,VERIFIED_HARMONIZED,1.0,d93ff373ceb78f8b948aea420f82a2371080ef16c0a02976f2b3d56e9c769606,,,
CMM-BEARNG-F25509-001,CMM-BEARNG-F25509-001,BEARING | BALL BEARING | CHROME STEEL | 6304 | ABMA 9,BEARING,BALL BEARING,CHROME STEEL,6304,,ABMA 9,NOS,"{""connection_type"": """", ""construction"": """", ""end_type"": """", ""material"": ""CHROME STEEL"", ""material_family"": ""BEARING"", ""material_grade"": ""CHROME STEEL"", ""material_subtype"": """", ""material_type"": ""BALL BEARING"", ""nominal_size"": """", ""orientation"": """", ""pressure_class"": """", ""rating"": """", ""size"": ""6304"", ""specification"": ""ABMA 9"", ""standard"": """", ""unit"": ""NOS""}",BHEL;ONGC,2,VERIFIED_HARMONIZED,1.0,f2550910bd4acd94651d133b60954e386795304040268e288d81e5d1ccfedca7,,,
CMM-BEARNG-F56C70-001,CMM-BEARNG-F56C70-001,BEARING | AISI 52100 | 22208 | ISO 15,BEARING,,AISI 52100,22208,,ISO 15,NOS,"{""connection_type"": """", ""construction"": """", ""end_type"": """", ""material"": """", ""material_family"": ""BEARING"", ""material_grade"": ""AISI 52100"", ""material_subtype"": """", ""material_type"": """", ""nominal_size"": """", ""orientation"": """", ""pressure_class"": """", ""rating"": """", ""size"": ""22208"", ""specification"": ""ISO 15"", ""standard"": ""ISO 15"", ""unit"": ""NOS""}",IOCL;ONGC,2,VERIFIED_HARMONIZED,1.0,f56c700bda665978971c7b1e1ea35e322ecb2331f55dce890c7187185217acdc,,,
CMM-BEARNG-FBE56C-001,CMM-BEARNG-FBE56C-001,BEARING | STAINLESS STEEL | 6408 | ISO 15,BEARING,,STAINLESS STEEL,6408,,ISO 15,NOS,"{""connection_type"": """", ""construction"": """", ""end_type"": """", ""material"": ""STAINLESS STEEL"", ""material_family"": ""BEARING"", ""material_grade"": ""STAINLESS STEEL"", ""material_subtype"": """", ""material_type"": """", ""nominal_size"": """", ""orientation"": """", ""pressure_class"": """", ""rating"": """", ""size"": ""6408"", ""specification"": ""ISO 15"", ""standard"": ""ISO 15"", ""unit"": ""NOS""}",BHEL;NTPC;ONGC,4,AMBIGUOUS_REVIEW_REQUIRED,1.0,fbe56cc36840048b5342e8374fcf4dea8e41889141cb12edff09331e0966afac,,,
CMM-BEARNG-FCEB8C-001,CMM-BEARNG-FCEB8C-001,BEARING | BALL BEARING | CHROME STEEL | 30205,BEARING,BALL BEARING,CHROME STEEL,30205,,UNRESOLVED_CONFLICT (ABMA 9 vs DIN 625),NOS,"{""connection_type"": """", ""construction"": """", ""end_type"": """", ""material"": ""CHROME STEEL"", ""material_family"": ""BEARING"", ""material_grade"": ""CHROME STEEL"", ""material_subtype"": """", ""material_type"": ""BALL BEARING"", ""nominal_size"": """", ""orientation"": """", ""pressure_class"": """", ""rating"": """", ""size"": ""30205"", ""specification"": ""UNRESOLVED_CONFLICT (ABMA 9 vs DIN 625)"", ""standard"": """", ""unit"": ""NOS""}",Coal India;HPCL;NMDC,4,AMBIGUOUS_REVIEW_REQUIRED,0.7,fceb8c3ef43c56c418262bd47c30feb63bcddae0eb9ef7705d2fff5321b9cc71,,,
CMM-BEARNG-FF170C-001,CMM-BEARNG-FF170C-001,BEARING | CHROME STEEL | 6408,BEARING,,CHROME STEEL,6408,,UNRESOLVED_CONFLICT (ABMA 9 vs DIN 625),NOS,"{""connection_type"": """", ""construction"": """", ""end_type"": """", ""material"": ""CHROME STEEL"", ""material_family"": ""BEARING"", ""material_grade"": ""CHROME STEEL"", ""material_subtype"": """", ""material_type"": """", ""nominal_size"": """", ""orientation"": """", ""pressure_class"": """", ""rating"": """", ""size"": ""6408"", ""specification"": ""UNRESOLVED_CONFLICT (ABMA 9 vs DIN 625)"", ""standard"": """", ""unit"": ""NOS""}",BHEL;Coal India;HPCL;IOCL;NMDC;NTPC;SAIL,15,AMBIGUOUS_REVIEW_REQUIRED,0.7,ff170c3c1f5dd239d5019415e81ddfec60d871062a921147b7b1678a4557bedc,,,
CMM-ELECTR-05219D-001,CMM-ELECTR-05219D-001,ELECTRICAL | COPPER WOUND | 11 KV | IS 12615,ELECTRICAL,,COPPER WOUND,11 KV,,IS 12615,MTR,"{""connection_type"": """", ""construction"": """", ""end_type"": """", ""material"": """", ""material_family"": ""ELECTRICAL"", ""material_grade"": ""COPPER WOUND"", ""material_subtype"": """", ""material_type"": """", ""nominal_size"": """", ""orientation"": """", ""pressure_class"": """", ""rating"": """", ""size"": ""11 KV"", ""specification"": ""IS 12615"", ""standard"": ""IS 12615"", ""unit"": ""MTR""}",SAIL,1,STANDALONE_CANDIDATE,1.0,05219d430a7347d5822440e19acb20bfa0fedee7f13433996ef2d124721bcfb8,,,
CMM-ELECTR-06EE71-001,CMM-ELECTR-06EE71-001,ELECTRICAL | COPPER WOUND | 11 KV | IS 12615,ELECTRICAL,,COPPER WOUND,11 KV,,IS 12615,MTR,"{""connection_type"": """", ""construction"": """", ""end_type"": """", ""material"": """", ""material_family"": ""ELECTRICAL"", ""material_grade"": ""COPPER WOUND"", ""material_subtype"": """", ""material_type"": """", ""nominal_size"": """", ""orientation"": """", ""pressure_class"": """", ""rating"": """", ""size"": ""11 KV"", ""specification"": ""IS 12615"", ""standard"": ""IS 12615"", ""unit"": ""MTR""}",SAIL,1,STANDALONE_CANDIDATE,1.0,06ee713a87b880d484862d84ae69d9590d554ab3601630bfde5d6c6d0ebc505e,,,
CMM-ELECTR-079AD5-001,CMM-ELECTR-079AD5-001,ELECTRICAL | COPPER WOUND | 6.6 KV | IS 12615,ELECTRICAL,,COPPER WOUND,6.6 KV,,IS 12615,MTR,"{""connection_type"": """", ""construction"": """", ""end_type"": """", ""material"": """", ""material_family"": ""ELECTRICAL"", ""material_grade"": ""COPPER WOUND"", ""material_subtype"": """", ""material_type"": """", ""nominal_size"": """", ""orientation"": """", ""pressure_class"": """", ""rating"": """", ""size"": ""6.6 KV"", ""specification"": ""IS 12615"", ""standard"": ""IS 12615"", ""unit"": ""MTR""}",NTPC,1,STANDALONE_CANDIDATE,1.0,079ad563afbb9940e48c64cdd28e6ac5de443a644ce3329fe5736c1419921812,,,
CMM-ELECTR-07DFFB-001,CMM-ELECTR-07DFFB-001,ELECTRICAL | XLPE INSULATED | 4C X 25 SQ MM | IEC 60502,ELECTRICAL,,XLPE INSULATED,4C X 25 SQ MM,,IEC 60502,MTR,"{""connection_type"": """", ""construction"": """", ""end_type"": """", ""material"": ""XLPE"", ""material_family"": ""ELECTRICAL"", ""material_grade"": ""XLPE INSULATED"", ""material_subtype"": """", ""material_type"": """", ""nominal_size"": """", ""orientation"": """", ""pressure_class"": """", ""rating"": """", ""size"": ""4C X 25 SQ MM"", ""specification"": ""IEC 60502"", ""standard"": ""IEC 60502"", ""unit"": ""MTR""}",NTPC;SAIL,2,VERIFIED_HARMONIZED,1.0,07dffbe315e0504038222bdc34f5f8dcf1543c0ef23d4203554751a5899cc196,,,
CMM-ELECTR-097381-001,CMM-ELECTR-097381-001,ELECTRICAL | COPPER | 11 KV | IS 12066,ELECTRICAL,,COPPER,11 KV,,IS 12066,MTR,"{""connection_type"": """", ""construction"": """", ""end_type"": """", ""material"": """", ""material_family"": ""ELECTRICAL"", ""material_grade"": ""COPPER"", ""material_subtype"": """", ""material_type"": """", ""nominal_size"": """", ""orientation"": """", ""pressure_class"": """", ""rating"": """", ""size"": ""11 KV"", ""specification"": ""IS 12066"", ""standard"": ""IS 12066"", ""unit"": ""MTR""}",BHEL,1,STANDALONE_CANDIDATE,1.0,097381f21642c4cbe68695810677b2e3188d3fde1281e0709119d9695e4b0464,,,
CMM-ELECTR-0CDB57-001,CMM-ELECTR-0CDB57-001,ELECTRICAL | XLPE INSULATED | 1C X 300 SQ MM | IS 7098,ELECTRICAL,,XLPE INSULATED,1C X 300 SQ MM,,IS 7098,MTR,"{""connection_type"": """", ""construction"": """", ""end_type"": """", ""material"": ""XLPE"", ""material_family"": ""ELECTRICAL"", ""material_grade"": ""XLPE INSULATED"", ""material_subtype"": """", ""material_type"": """", ""nominal_size"": """", ""orientation"": """", ""pressure_class"": """", ""rating"": """", ""size"": ""1C X 300 SQ MM"", ""specification"": ""IS 7098"", ""standard"": ""IS 7098"", ""unit"": ""MTR""}",BHEL;Coal India;HPCL;NMDC,4,VERIFIED_HARMONIZED,1.0,0cdb578cb911e723cd48e1d912cada4da028627bf291154da53323b42970f4fe,,,
CMM-ELECTR-0F8E4F-001,CMM-ELECTR-0F8E4F-001,ELECTRICAL | COPPER WOUND | 6.6 KV | IS 12615,ELECTRICAL,,COPPER WOUND,6.6 KV,,IS 12615,MTR,"{""connection_type"": """", ""construction"": """", ""end_type"": """", ""material"": """", ""material_family"": ""ELECTRICAL"", ""material_grade"": ""COPPER WOUND"", ""material_subtype"": """", ""material_type"": """", ""nominal_size"": """", ""orientation"": """", ""pressure_class"": """", ""rating"": """", ""size"": ""6.6 KV"", ""specification"": ""IS 12615"", ""standard"": ""IS 12615"", ""unit"": ""MTR""}",NTPC,1,STANDALONE_CANDIDATE,1.0,0f8e4fa7e451e9c2635294f03636d274a4d28a2e4f8a2f002d30772cf2579d9d,,,
CMM-ELECTR-11038D-001,CMM-ELECTR-11038D-001,ELECTRICAL | COPPER | 11 KV | IS 12066,ELECTRICAL,,COPPER,11 KV,,IS 12066,MTR,"{""connection_type"": """", ""construction"": """", ""end_type"": """", ""material"": """", ""material_family"": ""ELECTRICAL"", ""material_grade"": ""COPPER"", ""material_subtype"": """", ""material_type"": """", ""nominal_size"": """", ""orientation"": """", ""pressure_class"": """", ""rating"": """", ""size"": ""11 KV"", ""specification"": ""IS 12066"", ""standard"": ""IS 12066"", ""unit"": ""MTR""}",BHEL,1,STANDALONE_CANDIDATE,1.0,11038d0d9755ed6a20209ee9e1c66836c84ae4fe27ab7abbeb3581e14eb2f913,,,
CMM-ELECTR-134D89-001,CMM-ELECTR-134D89-001,ELECTRICAL | COPPER WOUND | 6.6 KV | IS 12615,ELECTRICAL,,COPPER WOUND,6.6 KV,,IS 12615,MTR,"{""connection_type"": """", ""construction"": """", ""end_type"": """", ""material"": """", ""material_family"": ""ELECTRICAL"", ""material_grade"": ""COPPER WOUND"", ""material_subtype"": """", ""material_type"": """", ""nominal_size"": """", ""orientation"": """", ""pressure_class"": """", ""rating"": """", ""size"": ""6.6 KV"", ""specification"": ""IS 12615"", ""standard"": ""IS 12615"", ""unit"": ""MTR""}",NTPC,1,STANDALONE_CANDIDATE,1.0,134d8919465a5bb83591ca42aa1e134c404050920d26ac236409c7fea1080c5e,,,
CMM-ELECTR-1415A1-001,CMM-ELECTR-1415A1-001,ELECTRICAL | COPPER WOUND | 6.6 KV | IS 12615,ELECTRICAL,,COPPER WOUND,6.6 KV,,IS 12615,MTR,"{""connection_type"": """", ""construction"": """", ""end_type"": """", ""material"": """", ""material_family"": ""ELECTRICAL"", ""material_grade"": ""COPPER WOUND"", ""material_subtype"": """", ""material_type"": """", ""nominal_size"": """", ""orientation"": """", ""pressure_class"": """", ""rating"": """", ""size"": ""6.6 KV"", ""specification"": ""IS 12615"", ""standard"": ""IS 12615"", ""unit"": ""MTR""}",NTPC,1,STANDALONE_CANDIDATE,1.0,1415a133dcfe6ccdd3cef53c9664ccc22eba9eaa1f749b20666db8bc8120e051,,,
CMM-ELECTR-1643F5-001,CMM-ELECTR-1643F5-001,ELECTRICAL | ALUMINIUM | 4C X 25 SQ MM | IEC 60502,ELECTRICAL,,ALUMINIUM,4C X 25 SQ MM,,IEC 60502,MTR,"{""connection_type"": """", ""construction"": """", ""end_type"": """", ""material"": """", ""material_family"": ""ELECTRICAL"", ""material_grade"": ""ALUMINIUM"", ""material_subtype"": """", ""material_type"": """", ""nominal_size"": """", ""orientation"": """", ""pressure_class"": """", ""rating"": """", ""size"": ""4C X 25 SQ MM"", ""specification"": ""IEC 60502"", ""standard"": ""IEC 60502"", ""unit"": ""MTR""}",Coal India;HPCL;NMDC;SAIL,5,AMBIGUOUS_REVIEW_REQUIRED,1.0,1643f5c8ab67a93dcc0cc5866c2eb87baec5a56d7cc46ce74c5fe8b342c3a6f7,,,
CMM-ELECTR-16A521-001,CMM-ELECTR-16A521-001,ELECTRICAL | COPPER WOUND | 6.6 KV | IS 12615,ELECTRICAL,,COPPER WOUND,6.6 KV,,IS 12615,MTR,"{""connection_type"": """", ""construction"": """", ""end_type"": """", ""material"": """", ""material_family"": ""ELECTRICAL"", ""material_grade"": ""COPPER WOUND"", ""material_subtype"": """", ""material_type"": """", ""nominal_size"": """", ""orientation"": """", ""pressure_class"": """", ""rating"": """", ""size"": ""6.6 KV"", ""specification"": ""IS 12615"", ""standard"": ""IS 12615"", ""unit"": ""MTR""}",NTPC,1,STANDALONE_CANDIDATE,1.0,16a521a5bebc9dc4d2d4dccdeefee931fa0f1fe9e21a7870388d964d7bb7d61d,,,
CMM-ELECTR-1729E4-001,CMM-ELECTR-1729E4-001,ELECTRICAL | COPPER WOUND | 6.6 KV | IS 12615,ELECTRICAL,,COPPER WOUND,6.6 KV,,IS 12615,MTR,"{""connection_type"": """", ""construction"": """", ""end_type"": """", ""material"": """", ""material_family"": ""ELECTRICAL"", ""material_grade"": ""COPPER WOUND"", ""material_subtype"": """", ""material_type"": """", ""nominal_size"": """", ""orientation"": """", ""pressure_class"": """", ""rating"": """", ""size"": ""6.6 KV"", ""specification"": ""IS 12615"", ""standard"": ""IS 12615"", ""unit"": ""MTR""}",NTPC,1,STANDALONE_CANDIDATE,1.0,1729e4c66be6a635287342a99a6bdf7d5639676d95c81c0df02c351595762b40,,,
CMM-ELECTR-175B83-001,CMM-ELECTR-175B83-001,ELECTRICAL | COPPER WOUND | 11 KV | IS 12615,ELECTRICAL,,COPPER WOUND,11 KV,,IS 12615,MTR,"{""connection_type"": """", ""construction"": """", ""end_type"": """", ""material"": """", ""material_family"": ""ELECTRICAL"", ""material_grade"": ""COPPER WOUND"", ""material_subtype"": """", ""material_type"": """", ""nominal_size"": """", ""orientation"": """", ""pressure_class"": """", ""rating"": """", ""size"": ""11 KV"", ""specification"": ""IS 12615"", ""standard"": ""IS 12615"", ""unit"": ""MTR""}",SAIL,1,STANDALONE_CANDIDATE,1.0,175b83c6f8d56e107ab8bdc4cf2c40329a0508dc37fcf0bc3d756a50ca72aa79,,,
CMM-ELECTR-19262A-001,CMM-ELECTR-19262A-001,ELECTRICAL | ALUMINIUM | 4C X 25 SQ MM | IS 2026,ELECTRICAL,,ALUMINIUM,4C X 25 SQ MM,,IS 2026,MTR,"{""connection_type"": """", ""construction"": """", ""end_type"": """", ""material"": """", ""material_family"": ""ELECTRICAL"", ""material_grade"": ""ALUMINIUM"", ""material_subtype"": """", ""material_type"": """", ""nominal_size"": """", ""orientation"": """", ""pressure_class"": """", ""rating"": """", ""size"": ""4C X 25 SQ MM"", ""specification"": ""IS 2026"", ""standard"": ""IS 2026"", ""unit"": ""MTR""}",BHEL;HPCL;NTPC;ONGC;SAIL,5,VERIFIED_HARMONIZED,1.0,19262aeda6660cce98fcb872ef71fa763d2311a3693dcd4ed440af82805671fb,,,
CMM-ELECTR-1AC0A4-001,CMM-ELECTR-1AC0A4-001,ELECTRICAL | XLPE INSULATED | 4C X 25 SQ MM | IS 7098,ELECTRICAL,,XLPE INSULATED,4C X 25 SQ MM,,IS 7098,MTR,"{""connection_type"": """", ""construction"": """", ""end_type"": """", ""material"": ""XLPE"", ""material_family"": ""ELECTRICAL"", ""material_grade"": ""XLPE INSULATED"", ""material_subtype"": """", ""material_type"": """", ""nominal_size"": """", ""orientation"": """", ""pressure_class"": """", ""rating"": """", ""size"": ""4C X 25 SQ MM"", ""specification"": ""IS 7098"", ""standard"": ""IS 7098"", ""unit"": ""MTR""}",Coal India;ONGC,2,VERIFIED_HARMONIZED,1.0,1ac0a4c58dc0210b345f8d18a375234d221ca75d951e14510414023e2b9e2f16,,,
CMM-ELECTR-1B15DC-001,CMM-ELECTR-1B15DC-001,ELECTRICAL | COPPER WOUND | 11 KV | IS 12615,ELECTRICAL,,COPPER WOUND,11 KV,,IS 12615,MTR,"{""connection_type"": """", ""construction"": """", ""end_type"": """", ""material"": """", ""material_family"": ""ELECTRICAL"", ""material_grade"": ""COPPER WOUND"", ""material_subtype"": """", ""material_type"": """", ""nominal_size"": """", ""orientation"": """", ""pressure_class"": """", ""rating"": """", ""size"": ""11 KV"", ""specification"": ""IS 12615"", ""standard"": ""IS 12615"", ""unit"": ""MTR""}",SAIL,1,STANDALONE_CANDIDATE,1.0,1b15dc14e2536a1b93beec696fcbf08cf404577128eb584cfce548c5eee072d8,,,
CMM-ELECTR-1B3CEC-001,CMM-ELECTR-1B3CEC-001,ELECTRICAL | ALUMINIUM | 415V 100A | IS 13947,ELECTRICAL,,ALUMINIUM,415V 100A,,IS 13947,MTR,"{""connection_type"": """", ""construction"": """", ""end_type"": """", ""material"": """", ""material_family"": ""ELECTRICAL"", ""material_grade"": ""ALUMINIUM"", ""material_subtype"": """", ""material_type"": """", ""nominal_size"": """", ""orientation"": """", ""pressure_class"": """", ""rating"": """", ""size"": ""415V 100A"", ""specification"": ""IS 13947"", ""standard"": ""IS 13947"", ""unit"": ""MTR""}",BHEL;NTPC,2,VERIFIED_HARMONIZED,1.0,1b3cecb893c846041d0207f2514a35da8c74abb2ae0d9e77357c9a20b9e72364,,,
CMM-ELECTR-1B4C8C-001,CMM-ELECTR-1B4C8C-001,ELECTRICAL | COPPER WOUND | 6.6 KV | IS 12615,ELECTRICAL,,COPPER WOUND,6.6 KV,,IS 12615,MTR,"{""connection_type"": """", ""construction"": """", ""end_type"": """", ""material"": """", ""material_family"": ""ELECTRICAL"", ""material_grade"": ""COPPER WOUND"", ""material_subtype"": """", ""material_type"": """", ""nominal_size"": """", ""orientation"": """", ""pressure_class"": """", ""rating"": """", ""size"": ""6.6 KV"", ""specification"": ""IS 12615"", ""standard"": ""IS 12615"", ""unit"": ""MTR""}",NTPC,1,STANDALONE_CANDIDATE,1.0,1b4c8cb6362a155ec6f7c2fe73dc24403b065202edcd7854da57d86b9bdb5416,,,
CMM-ELECTR-1C59B4-001,CMM-ELECTR-1C59B4-001,ELECTRICAL | XLPE INSULATED | 415V 100A | IS 13947,ELECTRICAL,,XLPE INSULATED,415V 100A,,IS 13947,MTR,"{""connection_type"": """", ""construction"": """", ""end_type"": """", ""material"": ""XLPE"", ""material_family"": ""ELECTRICAL"", ""material_grade"": ""XLPE INSULATED"", ""material_subtype"": """", ""material_type"": """", ""nominal_size"": """", ""orientation"": """", ""pressure_class"": """", ""rating"": """", ""size"": ""415V 100A"", ""specification"": ""IS 13947"", ""standard"": ""IS 13947"", ""unit"": ""MTR""}",NMDC;ONGC,2,VERIFIED_HARMONIZED,1.0,1c59b4e88e260a14e2597a94b861f3cad4aaf69c3ed672faef62599d81324500,,,
CMM-ELECTR-1CBE78-001,CMM-ELECTR-1CBE78-001,ELECTRICAL | COPPER WOUND | 11 KV | IS 12615,ELECTRICAL,,COPPER WOUND,11 KV,,IS 12615,MTR,"{""connection_type"": """", ""construction"": """", ""end_type"": """", ""material"": """", ""material_family"": ""ELECTRICAL"", ""material_grade"": ""COPPER WOUND"", ""material_subtype"": """", ""material_type"": """", ""nominal_size"": """", ""orientation"": """", ""pressure_class"": """", ""rating"": """", ""size"": ""11 KV"", ""specification"": ""IS 12615"", ""standard"": ""IS 12615"", ""unit"": ""MTR""}",SAIL,1,STANDALONE_CANDIDATE,1.0,1cbe7826d0ad3d41d15ed888fff95ec62e19b69cb412d0a225f0ee89c45f6f87,,,
CMM-ELECTR-1E23AC-001,CMM-ELECTR-1E23AC-001,ELECTRICAL | COPPER WOUND | 6.6 KV | IS 12615,ELECTRICAL,,COPPER WOUND,6.6 KV,,IS 12615,MTR,"{""connection_type"": """", ""construction"": """", ""end_type"": """", ""material"": """", ""material_family"": ""ELECTRICAL"", ""material_grade"": ""COPPER WOUND"", ""material_subtype"": """", ""material_type"": """", ""nominal_size"": """", ""orientation"": """", ""pressure_class"": """", ""rating"": """", ""size"": ""6.6 KV"", ""specification"": ""IS 12615"", ""standard"": ""IS 12615"", ""unit"": ""MTR""}",NTPC,1,STANDALONE_CANDIDATE,1.0,1e23ac7d7770a6c6a4a146dc8d920170e3b6dd4b1a75bbce401871da3d37980d,,,
CMM-ELECTR-1E911F-001,CMM-ELECTR-1E911F-001,ELECTRICAL | COPPER | 11 KV | IS 12066,ELECTRICAL,,COPPER,11 KV,,IS 12066,MTR,"{""connection_type"": """", ""construction"": """", ""end_type"": """", ""material"": """", ""material_family"": ""ELECTRICAL"", ""material_grade"": ""COPPER"", ""material_subtype"": """", ""material_type"": """", ""nominal_size"": """", ""orientation"": """", ""pressure_class"": """", ""rating"": """", ""size"": ""11 KV"", ""specification"": ""IS 12066"", ""standard"": ""IS 12066"", ""unit"": ""MTR""}",BHEL,1,STANDALONE_CANDIDATE,1.0,1e911f03c1d99a539462a45508f888d3f81cb8c5b404a1c1273850e34af0adac,,,
CMM-ELECTR-2093AE-001,CMM-ELECTR-2093AE-001,ELECTRICAL | COPPER WOUND | 6.6 KV | IS 12615,ELECTRICAL,,COPPER WOUND,6.6 KV,,IS 12615,MTR,"{""connection_type"": """", ""construction"": """", ""end_type"": """", ""material"": """", ""material_family"": ""ELECTRICAL"", ""material_grade"": ""COPPER WOUND"", ""material_subtype"": """", ""material_type"": """", ""nominal_size"": """", ""orientation"": """", ""pressure_class"": """", ""rating"": """", ""size"": ""6.6 KV"", ""specification"": ""IS 12615"", ""standard"": ""IS 12615"", ""unit"": ""MTR""}",NTPC,1,STANDALONE_CANDIDATE,1.0,2093ae7d5fbd75abc3a1e7ed09b89c14a3e8d0846a4efa3b9fc95e16079bdaf6,,,
CMM-ELECTR-219D3D-001,CMM-ELECTR-219D3D-001,ELECTRICAL | COPPER | 11 KV | IS 12066,ELECTRICAL,,COPPER,11 KV,,IS 12066,MTR,"{""connection_type"": """", ""construction"": """", ""end_type"": """", ""material"": """", ""material_family"": ""ELECTRICAL"", ""material_grade"": ""COPPER"", ""material_subtype"": """", ""material_type"": """", ""nominal_size"": """", ""orientation"": """", ""pressure_class"": """", ""rating"": """", ""size"": ""11 KV"", ""specification"": ""IS 12066"", ""standard"": ""IS 12066"", ""unit"": ""MTR""}",BHEL,1,STANDALONE_CANDIDATE,1.0,219d3df31ba809b9d183fd268f100323e039951df88f223caa7df0d16e6f9673,,,
CMM-ELECTR-23E752-001,CMM-ELECTR-23E752-001,ELECTRICAL | COPPER | 11 KV | IS 12066,ELECTRICAL,,COPPER,11 KV,,IS 12066,MTR,"{""connection_type"": """", ""construction"": """", ""end_type"": """", ""material"": """", ""material_family"": ""ELECTRICAL"", ""material_grade"": ""COPPER"", ""material_subtype"": """", ""material_type"": """", ""nominal_size"": """", ""orientation"": """", ""pressure_class"": """", ""rating"": """", ""size"": ""11 KV"", ""specification"": ""IS 12066"", ""standard"": ""IS 12066"", ""unit"": ""MTR""}",BHEL,1,STANDALONE_CANDIDATE,1.0,23e752c2b0d4e59c7fe54327b53964f59c391133840cfa58b0197a1ab518dbdb,,,
CMM-ELECTR-240377-001,CMM-ELECTR-240377-001,ELECTRICAL | COPPER | 4C X 25 SQ MM | IS 7098,ELECTRICAL,,COPPER,4C X 25 SQ MM,,IS 7098,MTR,"{""connection_type"": """", ""construction"": """", ""end_type"": """", ""material"": """", ""material_family"": ""ELECTRICAL"", ""material_grade"": ""COPPER"", ""material_subtype"": """", ""material_type"": """", ""nominal_size"": """", ""orientation"": """", ""pressure_class"": """", ""rating"": """", ""size"": ""4C X 25 SQ MM"", ""specification"": ""IS 7098"", ""standard"": ""IS 7098"", ""unit"": ""MTR""}",Coal India;HPCL;ONGC,4,AMBIGUOUS_REVIEW_REQUIRED,1.0,24037749331ccf19c09a49ff75531e4ae7e25a01e1d3b639392dca6f9bc8d160,,,
CMM-ELECTR-253FB4-001,CMM-ELECTR-253FB4-001,ELECTRICAL | ALUMINIUM | 1C X 300 SQ MM | IS 13947,ELECTRICAL,,ALUMINIUM,1C X 300 SQ MM,,IS 13947,MTR,"{""connection_type"": """", ""construction"": """", ""end_type"": """", ""material"": """", ""material_family"": ""ELECTRICAL"", ""material_grade"": ""ALUMINIUM"", ""material_subtype"": """", ""material_type"": """", ""nominal_size"": """", ""orientation"": """", ""pressure_class"": """", ""rating"": """", ""size"": ""1C X 300 SQ MM"", ""specification"": ""IS 13947"", ""standard"": ""IS 13947"", ""unit"": ""MTR""}",IOCL;NMDC,2,VERIFIED_HARMONIZED,1.0,253fb4ad74c75a4767c531bab5cce23b375d2b69012b3ff9690bf4c237cc43f2,,,
CMM-ELECTR-2624B2-001,CMM-ELECTR-2624B2-001,ELECTRICAL | COPPER | 11 KV | IS 12066,ELECTRICAL,,COPPER,11 KV,,IS 12066,MTR,"{""connection_type"": """", ""construction"": """", ""end_type"": """", ""material"": """", ""material_family"": ""ELECTRICAL"", ""material_grade"": ""COPPER"", ""material_subtype"": """", ""material_type"": """", ""nominal_size"": """", ""orientation"": """", ""pressure_class"": """", ""rating"": """", ""size"": ""11 KV"", ""specification"": ""IS 12066"", ""standard"": ""IS 12066"", ""unit"": ""MTR""}",BHEL,1,STANDALONE_CANDIDATE,1.0,2624b2ed078cab3eb716b078e202b1674172064bb8f397401e8ff1bacc1357e5,,,
CMM-ELECTR-266707-001,CMM-ELECTR-266707-001,ELECTRICAL | CABLE | COPPER | 3C X 95 SQ MM | IS 2026,ELECTRICAL,CABLE,COPPER,3C X 95 SQ MM,,IS 2026,MTR,"{""connection_type"": """", ""construction"": """", ""end_type"": """", ""material"": ""XLPE"", ""material_family"": ""ELECTRICAL"", ""material_grade"": ""COPPER"", ""material_subtype"": """", ""material_type"": ""CABLE"", ""nominal_size"": """", ""orientation"": """", ""pressure_class"": """", ""rating"": """", ""size"": ""3C X 95 SQ MM"", ""specification"": ""IS 2026"", ""standard"": ""IS 2026"", ""unit"": ""MTR""}",BHEL;HPCL;NTPC;ONGC;SAIL,5,VERIFIED_HARMONIZED,1.0,26670724650869b220efe57de50fc002300c75c4338e5d95f36ebcb6ff9c0b43,,,
CMM-ELECTR-27E90F-001,CMM-ELECTR-27E90F-001,ELECTRICAL | COPPER WOUND | 11 KV | IS 12615,ELECTRICAL,,COPPER WOUND,11 KV,,IS 12615,MTR,"{""connection_type"": """", ""construction"": """", ""end_type"": """", ""material"": """", ""material_family"": ""ELECTRICAL"", ""material_grade"": ""COPPER WOUND"", ""material_subtype"": """", ""material_type"": """", ""nominal_size"": """", ""orientation"": """", ""pressure_class"": """", ""rating"": """", ""size"": ""11 KV"", ""specification"": ""IS 12615"", ""standard"": ""IS 12615"", ""unit"": ""MTR""}",SAIL,1,STANDALONE_CANDIDATE,1.0,27e90f3040e726a6cbbc17e51e33f1a35ae5d203948dcd80b20c1016285c2227,,,
CMM-ELECTR-292F7A-001,CMM-ELECTR-292F7A-001,ELECTRICAL | COPPER WOUND | 11 KV | IS 12615,ELECTRICAL,,COPPER WOUND,11 KV,,IS 12615,MTR,"{""connection_type"": """", ""construction"": """", ""end_type"": """", ""material"": """", ""material_family"": ""ELECTRICAL"", ""material_grade"": ""COPPER WOUND"", ""material_subtype"": """", ""material_type"": """", ""nominal_size"": """", ""orientation"": """", ""pressure_class"": """", ""rating"": """", ""size"": ""11 KV"", ""specification"": ""IS 12615"", ""standard"": ""IS 12615"", ""unit"": ""MTR""}",SAIL,1,STANDALONE_CANDIDATE,1.0,292f7a6de29f57ddd49376aed67bbdaacebe54fc1540ddf35d31f154eb3a3eda,,,
CMM-ELECTR-2B3848-001,CMM-ELECTR-2B3848-001,ELECTRICAL | COPPER WOUND | 11 KV | IS 12615,ELECTRICAL,,COPPER WOUND,11 KV,,IS 12615,MTR,"{""connection_type"": """", ""construction"": """", ""end_type"": """", ""material"": """", ""material_family"": ""ELECTRICAL"", ""material_grade"": ""COPPER WOUND"", ""material_subtype"": """", ""material_type"": """", ""nominal_size"": """", ""orientation"": """", ""pressure_class"": """", ""rating"": """", ""size"": ""11 KV"", ""specification"": ""IS 12615"", ""standard"": ""IS 12615"", ""unit"": ""MTR""}",SAIL,1,STANDALONE_CANDIDATE,1.0,2b384814537e0f19f4f2c885ddb3a102b192e211e9e3b42e8e4e3367b41201c9,,,
CMM-ELECTR-2BD4BF-001,CMM-ELECTR-2BD4BF-001,ELECTRICAL | COPPER | 11 KV | IS 12066,ELECTRICAL,,COPPER,11 KV,,IS 12066,MTR,"{""connection_type"": """", ""construction"": """", ""end_type"": """", ""material"": """", ""material_family"": ""ELECTRICAL"", ""material_grade"": ""COPPER"", ""material_subtype"": """", ""material_type"": """", ""nominal_size"": """", ""orientation"": """", ""pressure_class"": """", ""rating"": """", ""size"": ""11 KV"", ""specification"": ""IS 12066"", ""standard"": ""IS 12066"", ""unit"": ""MTR""}",BHEL,1,STANDALONE_CANDIDATE,1.0,2bd4bf6bbbc73b429658958052568cc768692a4f54066288e5ab28e8eee8a14c,,,
CMM-ELECTR-2DA2A7-001,CMM-ELECTR-2DA2A7-001,ELECTRICAL | COPPER WOUND | 11 KV | IS 12615,ELECTRICAL,,COPPER WOUND,11 KV,,IS 12615,MTR,"{""connection_type"": """", ""construction"": """", ""end_type"": """", ""material"": """", ""material_family"": ""ELECTRICAL"", ""material_grade"": ""COPPER WOUND"", ""material_subtype"": """", ""material_type"": """", ""nominal_size"": """", ""orientation"": """", ""pressure_class"": """", ""rating"": """", ""size"": ""11 KV"", ""specification"": ""IS 12615"", ""standard"": ""IS 12615"", ""unit"": ""MTR""}",SAIL,1,STANDALONE_CANDIDATE,1.0,2da2a7e77e46979754ade2336f55637e2520639710418a50fba6cbdfe72f5dc6,,,
CMM-ELECTR-2DB37C-001,CMM-ELECTR-2DB37C-001,ELECTRICAL | COPPER | 415V 100A | IEC 60502,ELECTRICAL,,COPPER,415V 100A,,IEC 60502,MTR,"{""connection_type"": """", ""construction"": """", ""end_type"": """", ""material"": """", ""material_family"": ""ELECTRICAL"", ""material_grade"": ""COPPER"", ""material_subtype"": """", ""material_type"": """", ""nominal_size"": """", ""orientation"": """", ""pressure_class"": """", ""rating"": """", ""size"": ""415V 100A"", ""specification"": ""IEC 60502"", ""standard"": ""IEC 60502"", ""unit"": ""MTR""}",BHEL;HPCL;NMDC;NTPC;SAIL,5,VERIFIED_HARMONIZED,1.0,2db37c6513c53cdd37bcbbca62b45df0a800f04b43f772770b4ae83171e6bbf0,,,
CMM-ELECTR-2E2EAB-001,CMM-ELECTR-2E2EAB-001,ELECTRICAL | COPPER | 11 KV | IS 12066,ELECTRICAL,,COPPER,11 KV,,IS 12066,MTR,"{""connection_type"": """", ""construction"": """", ""end_type"": """", ""material"": """", ""material_family"": ""ELECTRICAL"", ""material_grade"": ""COPPER"", ""material_subtype"": """", ""material_type"": """", ""nominal_size"": """", ""orientation"": """", ""pressure_class"": """", ""rating"": """", ""size"": ""11 KV"", ""specification"": ""IS 12066"", ""standard"": ""IS 12066"", ""unit"": ""MTR""}",BHEL,1,STANDALONE_CANDIDATE,1.0,2e2eab5ba7897f932d3f4515afbbb9cea3ce775345e5ea94fc6e3c218a4d0840,,,
CMM-ELECTR-31D0C0-001,CMM-ELECTR-31D0C0-001,ELECTRICAL | COPPER WOUND | 11 KV | IS 12615,ELECTRICAL,,COPPER WOUND,11 KV,,IS 12615,MTR,"{""connection_type"": """", ""construction"": """", ""end_type"": """", ""material"": """", ""material_family"": ""ELECTRICAL"", ""material_grade"": ""COPPER WOUND"", ""material_subtype"": """", ""material_type"": """", ""nominal_size"": """", ""orientation"": """", ""pressure_class"": """", ""rating"": """", ""size"": ""11 KV"", ""specification"": ""IS 12615"", ""standard"": ""IS 12615"", ""unit"": ""MTR""}",SAIL,1,STANDALONE_CANDIDATE,1.0,31d0c0dc09a0731a9a1069507c344cab101a8bc62ab24ed1fa0b9712bb94af23,,,
CMM-ELECTR-329BB9-001,CMM-ELECTR-329BB9-001,ELECTRICAL | ALUMINIUM | 4C X 25 SQ MM | IS 2026,ELECTRICAL,,ALUMINIUM,4C X 25 SQ MM,,IS 2026,MTR,"{""connection_type"": """", ""construction"": """", ""end_type"": """", ""material"": """", ""material_family"": ""ELECTRICAL"", ""material_grade"": ""ALUMINIUM"", ""material_subtype"": """", ""material_type"": """", ""nominal_size"": """", ""orientation"": """", ""pressure_class"": """", ""rating"": """", ""size"": ""4C X 25 SQ MM"", ""specification"": ""IS 2026"", ""standard"": ""IS 2026"", ""unit"": ""MTR""}",BHEL;ONGC,2,VERIFIED_HARMONIZED,1.0,329bb9c71c16a051916dc96e864783c891ed896ce47144a5e86811682cb9c027,,,
CMM-ELECTR-388D16-001,CMM-ELECTR-388D16-001,ELECTRICAL | COPPER WOUND | 11 KV | IS 12615,ELECTRICAL,,COPPER WOUND,11 KV,,IS 12615,MTR,"{""connection_type"": """", ""construction"": """", ""end_type"": """", ""material"": """", ""material_family"": ""ELECTRICAL"", ""material_grade"": ""COPPER WOUND"", ""material_subtype"": """", ""material_type"": """", ""nominal_size"": """", ""orientation"": """", ""pressure_class"": """", ""rating"": """", ""size"": ""11 KV"", ""specification"": ""IS 12615"", ""standard"": ""IS 12615"", ""unit"": ""MTR""}",SAIL,1,STANDALONE_CANDIDATE,1.0,388d165a323411f32f7a9a18bdc51f68bb60d07fff24dfe6ac5cd1ababa9160e,,,
CMM-ELECTR-38C73C-001,CMM-ELECTR-38C73C-001,ELECTRICAL | COPPER WOUND | 11 KV | IS 12615,ELECTRICAL,,COPPER WOUND,11 KV,,IS 12615,MTR,"{""connection_type"": """", ""construction"": """", ""end_type"": """", ""material"": """", ""material_family"": ""ELECTRICAL"", ""material_grade"": ""COPPER WOUND"", ""material_subtype"": """", ""material_type"": """", ""nominal_size"": """", ""orientation"": """", ""pressure_class"": """", ""rating"": """", ""size"": ""11 KV"", ""specification"": ""IS 12615"", ""standard"": ""IS 12615"", ""unit"": ""MTR""}",SAIL,1,STANDALONE_CANDIDATE,1.0,38c73cb8aae71a8bb77979fb8f546f6a03e8af0e73db1aebfcb9442232d2aad7,,,
CMM-ELECTR-3CC9FD-001,CMM-ELECTR-3CC9FD-001,ELECTRICAL | COPPER WOUND | 6.6 KV | IS 12615,ELECTRICAL,,COPPER WOUND,6.6 KV,,IS 12615,MTR,"{""connection_type"": """", ""construction"": """", ""end_type"": """", ""material"": """", ""material_family"": ""ELECTRICAL"", ""material_grade"": ""COPPER WOUND"", ""material_subtype"": """", ""material_type"": """", ""nominal_size"": """", ""orientation"": """", ""pressure_class"": """", ""rating"": """", ""size"": ""6.6 KV"", ""specification"": ""IS 12615"", ""standard"": ""IS 12615"", ""unit"": ""MTR""}",NTPC,1,STANDALONE_CANDIDATE,1.0,3cc9fd0a5b4ec88fee1ae33cefc00635beda59c83bb34e3c987fcf6e9596eeec,,,
CMM-ELECTR-3DB83C-001,CMM-ELECTR-3DB83C-001,ELECTRICAL | COPPER WOUND | 11 KV | IS 12615,ELECTRICAL,,COPPER WOUND,11 KV,,IS 12615,MTR,"{""connection_type"": """", ""construction"": """", ""end_type"": """", ""material"": """", ""material_family"": ""ELECTRICAL"", ""material_grade"": ""COPPER WOUND"", ""material_subtype"": """", ""material_type"": """", ""nominal_size"": """", ""orientation"": """", ""pressure_class"": """", ""rating"": """", ""size"": ""11 KV"", ""specification"": ""IS 12615"", ""standard"": ""IS 12615"", ""unit"": ""MTR""}",SAIL,1,STANDALONE_CANDIDATE,1.0,3db83c84eea26ef8b62be0482434a287281494bc3d692c597fb7364e0a0c5ed7,,,
CMM-ELECTR-3E612F-001,CMM-ELECTR-3E612F-001,ELECTRICAL | ALUMINIUM | 415V 100A | IS 7098,ELECTRICAL,,ALUMINIUM,415V 100A,,IS 7098,MTR,"{""connection_type"": """", ""construction"": """", ""end_type"": """", ""material"": """", ""material_family"": ""ELECTRICAL"", ""material_grade"": ""ALUMINIUM"", ""material_subtype"": """", ""material_type"": """", ""nominal_size"": """", ""orientation"": """", ""pressure_class"": """", ""rating"": """", ""size"": ""415V 100A"", ""specification"": ""IS 7098"", ""standard"": ""IS 7098"", ""unit"": ""MTR""}",Coal India;ONGC,2,VERIFIED_HARMONIZED,1.0,3e612f13efb1afabf925db78edf04bccfc1ecd0f1f8d087f8b63f2f094aa5ddf,,,
CMM-ELECTR-3F0657-001,CMM-ELECTR-3F0657-001,ELECTRICAL | COPPER | 3C X 95 SQ MM | IEC 60502,ELECTRICAL,,COPPER,3C X 95 SQ MM,,IEC 60502,MTR,"{""connection_type"": """", ""construction"": """", ""end_type"": """", ""material"": """", ""material_family"": ""ELECTRICAL"", ""material_grade"": ""COPPER"", ""material_subtype"": """", ""material_type"": """", ""nominal_size"": """", ""orientation"": """", ""pressure_class"": """", ""rating"": """", ""size"": ""3C X 95 SQ MM"", ""specification"": ""IEC 60502"", ""standard"": ""IEC 60502"", ""unit"": ""MTR""}",IOCL;NMDC,2,VERIFIED_HARMONIZED,1.0,3f0657c03c0bb4e1fe648d9ade83200e8f9a46c95700e51f78d6b0cfefbb9727,,,
CMM-ELECTR-3F141A-001,CMM-ELECTR-3F141A-001,ELECTRICAL | ALUMINIUM | 3C X 95 SQ MM | IS 2026,ELECTRICAL,,ALUMINIUM,3C X 95 SQ MM,,IS 2026,MTR,"{""connection_type"": """", ""construction"": """", ""end_type"": """", ""material"": """", ""material_family"": ""ELECTRICAL"", ""material_grade"": ""ALUMINIUM"", ""material_subtype"": """", ""material_type"": """", ""nominal_size"": """", ""orientation"": """", ""pressure_class"": """", ""rating"": """", ""size"": ""3C X 95 SQ MM"", ""specification"": ""IS 2026"", ""standard"": ""IS 2026"", ""unit"": ""MTR""}",Coal India;NMDC,2,VERIFIED_HARMONIZED,1.0,3f141a40a9116714e512e6ab36302cdcb752d6086b5a6088673784aa6944c1d4,,,
CMM-ELECTR-3FF7C7-001,CMM-ELECTR-3FF7C7-001,ELECTRICAL | COPPER | 11 KV | IS 12066,ELECTRICAL,,COPPER,11 KV,,IS 12066,MTR,"{""connection_type"": """", ""construction"": """", ""end_type"": """", ""material"": """", ""material_family"": ""ELECTRICAL"", ""material_grade"": ""COPPER"", ""material_subtype"": """", ""material_type"": """", ""nominal_size"": """", ""orientation"": """", ""pressure_class"": """", ""rating"": """", ""size"": ""11 KV"", ""specification"": ""IS 12066"", ""standard"": ""IS 12066"", ""unit"": ""MTR""}",BHEL,1,STANDALONE_CANDIDATE,1.0,3ff7c7987de4b97380eb1b25d338959eb7557378f708677d8454ef3e72b016f8,,,
CMM-ELECTR-404961-001,CMM-ELECTR-404961-001,ELECTRICAL | COPPER | 11 KV | IS 12066,ELECTRICAL,,COPPER,11 KV,,IS 12066,MTR,"{""connection_type"": """", ""construction"": """", ""end_type"": """", ""material"": """", ""material_family"": ""ELECTRICAL"", ""material_grade"": ""COPPER"", ""material_subtype"": """", ""material_type"": """", ""nominal_size"": """", ""orientation"": """", ""pressure_class"": """", ""rating"": """", ""size"": ""11 KV"", ""specification"": ""IS 12066"", ""standard"": ""IS 12066"", ""unit"": ""MTR""}",BHEL,1,STANDALONE_CANDIDATE,1.0,404961815fd1e7911faa3cce522dddc42a2415970f47bbf9c69d240cbdfde356,,,
CMM-ELECTR-40640A-001,CMM-ELECTR-40640A-001,ELECTRICAL | ALUMINIUM | 1C X 300 SQ MM | IS 7098,ELECTRICAL,,ALUMINIUM,1C X 300 SQ MM,,IS 7098,MTR,"{""connection_type"": """", ""construction"": """", ""end_type"": """", ""material"": """", ""material_family"": ""ELECTRICAL"", ""material_grade"": ""ALUMINIUM"", ""material_subtype"": """", ""material_type"": """", ""nominal_size"": """", ""orientation"": """", ""pressure_class"": """", ""rating"": """", ""size"": ""1C X 300 SQ MM"", ""specification"": ""IS 7098"", ""standard"": ""IS 7098"", ""unit"": ""MTR""}",Coal India;NTPC,2,VERIFIED_HARMONIZED,1.0,40640a7c291c6bf57ef26e233e2a1c9bb8e025be167f9747ec5c9c0f288cb76d,,,
CMM-ELECTR-40BE38-001,CMM-ELECTR-40BE38-001,ELECTRICAL | COPPER | 11 KV | IS 12066,ELECTRICAL,,COPPER,11 KV,,IS 12066,MTR,"{""connection_type"": """", ""construction"": """", ""end_type"": """", ""material"": """", ""material_family"": ""ELECTRICAL"", ""material_grade"": ""COPPER"", ""material_subtype"": """", ""material_type"": """", ""nominal_size"": """", ""orientation"": """", ""pressure_class"": """", ""rating"": """", ""size"": ""11 KV"", ""specification"": ""IS 12066"", ""standard"": ""IS 12066"", ""unit"": ""MTR""}",BHEL,1,STANDALONE_CANDIDATE,1.0,40be389bbc523ce296e1c2c492f979bb59e35251a411e12533cfcc42d7069132,,,
CMM-ELECTR-42C083-001,CMM-ELECTR-42C083-001,ELECTRICAL | COPPER WOUND | 6.6 KV | IS 12615,ELECTRICAL,,COPPER WOUND,6.6 KV,,IS 12615,MTR,"{""connection_type"": """", ""construction"": """", ""end_type"": """", ""material"": """", ""material_family"": ""ELECTRICAL"", ""material_grade"": ""COPPER WOUND"", ""material_subtype"": """", ""material_type"": """", ""nominal_size"": """", ""orientation"": """", ""pressure_class"": """", ""rating"": """", ""size"": ""6.6 KV"", ""specification"": ""IS 12615"", ""standard"": ""IS 12615"", ""unit"": ""MTR""}",NTPC,1,STANDALONE_CANDIDATE,1.0,42c083d3f7c1234765994dbf5cc8b1a4cfe7eb02f509852c82a95cfe7621d044,,,
CMM-ELECTR-42D24C-001,CMM-ELECTR-42D24C-001,ELECTRICAL | ALUMINIUM | 415V 100A | IEC 60502,ELECTRICAL,,ALUMINIUM,415V 100A,,IEC 60502,MTR,"{""connection_type"": """", ""construction"": """", ""end_type"": """", ""material"": """", ""material_family"": ""ELECTRICAL"", ""material_grade"": ""ALUMINIUM"", ""material_subtype"": """", ""material_type"": """", ""nominal_size"": """", ""orientation"": """", ""pressure_class"": """", ""rating"": """", ""size"": ""415V 100A"", ""specification"": ""IEC 60502"", ""standard"": ""IEC 60502"", ""unit"": ""MTR""}",BHEL;Coal India;HPCL;IOCL;NTPC;ONGC;SAIL,8,AMBIGUOUS_REVIEW_REQUIRED,1.0,42d24c4bf220b9407cf9ea9662a53562f3669380991b1532f9adf37f72c46f7f,,,
CMM-ELECTR-430B1B-001,CMM-ELECTR-430B1B-001,ELECTRICAL | COPPER WOUND | 6.6 KV | IS 12615,ELECTRICAL,,COPPER WOUND,6.6 KV,,IS 12615,MTR,"{""connection_type"": """", ""construction"": """", ""end_type"": """", ""material"": """", ""material_family"": ""ELECTRICAL"", ""material_grade"": ""COPPER WOUND"", ""material_subtype"": """", ""material_type"": """", ""nominal_size"": """", ""orientation"": """", ""pressure_class"": """", ""rating"": """", ""size"": ""6.6 KV"", ""specification"": ""IS 12615"", ""standard"": ""IS 12615"", ""unit"": ""MTR""}",NTPC,1,STANDALONE_CANDIDATE,1.0,430b1b35189c2cf44c70dfb666188d2cf7546099df87fdf60add2170d3927f77,,,
CMM-ELECTR-43E6A3-001,CMM-ELECTR-43E6A3-001,ELECTRICAL | XLPE INSULATED | 4C X 25 SQ MM | IS 7098,ELECTRICAL,,XLPE INSULATED,4C X 25 SQ MM,,IS 7098,MTR,"{""connection_type"": """", ""construction"": """", ""end_type"": """", ""material"": ""XLPE"", ""material_family"": ""ELECTRICAL"", ""material_grade"": ""XLPE INSULATED"", ""material_subtype"": """", ""material_type"": """", ""nominal_size"": """", ""orientation"": """", ""pressure_class"": """", ""rating"": """", ""size"": ""4C X 25 SQ MM"", ""specification"": ""IS 7098"", ""standard"": ""IS 7098"", ""unit"": ""MTR""}",BHEL;NMDC;SAIL,3,VERIFIED_HARMONIZED,1.0,43e6a339bbe426fe0b26fbb79df8a416105130b8d16a66200e8cfd048a3293ac,,,
CMM-ELECTR-43ED2A-001,CMM-ELECTR-43ED2A-001,ELECTRICAL | COPPER | 11 KV | IS 12066,ELECTRICAL,,COPPER,11 KV,,IS 12066,MTR,"{""connection_type"": """", ""construction"": """", ""end_type"": """", ""material"": """", ""material_family"": ""ELECTRICAL"", ""material_grade"": ""COPPER"", ""material_subtype"": """", ""material_type"": """", ""nominal_size"": """", ""orientation"": """", ""pressure_class"": """", ""rating"": """", ""size"": ""11 KV"", ""specification"": ""IS 12066"", ""standard"": ""IS 12066"", ""unit"": ""MTR""}",BHEL,1,STANDALONE_CANDIDATE,1.0,43ed2a9c6802af35bd79e04846319564092146e23280048d42e2d7038843105f,,,
CMM-ELECTR-45D485-001,CMM-ELECTR-45D485-001,ELECTRICAL | COPPER WOUND | 6.6 KV | IS 12615,ELECTRICAL,,COPPER WOUND,6.6 KV,,IS 12615,MTR,"{""connection_type"": """", ""construction"": """", ""end_type"": """", ""material"": """", ""material_family"": ""ELECTRICAL"", ""material_grade"": ""COPPER WOUND"", ""material_subtype"": """", ""material_type"": """", ""nominal_size"": """", ""orientation"": """", ""pressure_class"": """", ""rating"": """", ""size"": ""6.6 KV"", ""specification"": ""IS 12615"", ""standard"": ""IS 12615"", ""unit"": ""MTR""}",NTPC,1,STANDALONE_CANDIDATE,1.0,45d4850799aab5f6e5ac0bae5fe0753fbd421c982534e5d97d9a18efef65a086,,,
CMM-ELECTR-45EFBF-001,CMM-ELECTR-45EFBF-001,ELECTRICAL | XLPE INSULATED | 3C X 95 SQ MM | IS 2026,ELECTRICAL,,XLPE INSULATED,3C X 95 SQ MM,,IS 2026,MTR,"{""connection_type"": """", ""construction"": """", ""end_type"": """", ""material"": ""XLPE"", ""material_family"": ""ELECTRICAL"", ""material_grade"": ""XLPE INSULATED"", ""material_subtype"": """", ""material_type"": """", ""nominal_size"": """", ""orientation"": """", ""pressure_class"": """", ""rating"": """", ""size"": ""3C X 95 SQ MM"", ""specification"": ""IS 2026"", ""standard"": ""IS 2026"", ""unit"": ""MTR""}",BHEL;Coal India;HPCL;IOCL;NMDC;SAIL,6,VERIFIED_HARMONIZED,1.0,45efbf4cac33f37859656f097f46d6046d2ca1737e9fcd1703b4f6e943e65506,,,
CMM-ELECTR-47E8A6-001,CMM-ELECTR-47E8A6-001,ELECTRICAL | ALUMINIUM | 4C X 25 SQ MM | IS 2026,ELECTRICAL,,ALUMINIUM,4C X 25 SQ MM,,IS 2026,MTR,"{""connection_type"": """", ""construction"": """", ""end_type"": """", ""material"": """", ""material_family"": ""ELECTRICAL"", ""material_grade"": ""ALUMINIUM"", ""material_subtype"": """", ""material_type"": """", ""nominal_size"": """", ""orientation"": """", ""pressure_class"": """", ""rating"": """", ""size"": ""4C X 25 SQ MM"", ""specification"": ""IS 2026"", ""standard"": ""IS 2026"", ""unit"": ""MTR""}",HPCL;NMDC;NTPC;SAIL,4,VERIFIED_HARMONIZED,1.0,47e8a64f16ebd9b45a79bdee720d17b3c39699d65c4f3338a32110057fb39c88,,,
CMM-ELECTR-48D3C0-001,CMM-ELECTR-48D3C0-001,ELECTRICAL | COPPER WOUND | 6.6 KV | IS 12615,ELECTRICAL,,COPPER WOUND,6.6 KV,,IS 12615,MTR,"{""connection_type"": """", ""construction"": """", ""end_type"": """", ""material"": """", ""material_family"": ""ELECTRICAL"", ""material_grade"": ""COPPER WOUND"", ""material_subtype"": """", ""material_type"": """", ""nominal_size"": """", ""orientation"": """", ""pressure_class"": """", ""rating"": """", ""size"": ""6.6 KV"", ""specification"": ""IS 12615"", ""standard"": ""IS 12615"", ""unit"": ""MTR""}",NTPC,1,STANDALONE_CANDIDATE,1.0,48d3c01f11924a61ea38cba52e4465a93ebb8f070002a3d337fd631f3f6ebd10,,,
CMM-ELECTR-4AC8DE-001,CMM-ELECTR-4AC8DE-001,ELECTRICAL | COPPER | 11 KV | IS 12066,ELECTRICAL,,COPPER,11 KV,,IS 12066,MTR,"{""connection_type"": """", ""construction"": """", ""end_type"": """", ""material"": """", ""material_family"": ""ELECTRICAL"", ""material_grade"": ""COPPER"", ""material_subtype"": """", ""material_type"": """", ""nominal_size"": """", ""orientation"": """", ""pressure_class"": """", ""rating"": """", ""size"": ""11 KV"", ""specification"": ""IS 12066"", ""standard"": ""IS 12066"", ""unit"": ""MTR""}",BHEL,1,STANDALONE_CANDIDATE,1.0,4ac8de35677a1b39e99e627a83512a980097a513a9868341326cc8f6bf9cee9f,,,
CMM-ELECTR-4BEE8D-001,CMM-ELECTR-4BEE8D-001,ELECTRICAL | COPPER WOUND | 6.6 KV | IS 12615,ELECTRICAL,,COPPER WOUND,6.6 KV,,IS 12615,MTR,"{""connection_type"": """", ""construction"": """", ""end_type"": """", ""material"": """", ""material_family"": ""ELECTRICAL"", ""material_grade"": ""COPPER WOUND"", ""material_subtype"": """", ""material_type"": """", ""nominal_size"": """", ""orientation"": """", ""pressure_class"": """", ""rating"": """", ""size"": ""6.6 KV"", ""specification"": ""IS 12615"", ""standard"": ""IS 12615"", ""unit"": ""MTR""}",NTPC,1,STANDALONE_CANDIDATE,1.0,4bee8d4ab08d6417ec0a40eafaae28635a3aa2348949ed353b9d48a60c36a920,,,
CMM-ELECTR-4D158E-001,CMM-ELECTR-4D158E-001,ELECTRICAL | CABLE | XLPE INSULATED | 415V 100A | IS 7098,ELECTRICAL,CABLE,XLPE INSULATED,415V 100A,,IS 7098,MTR,"{""connection_type"": """", ""construction"": """", ""end_type"": """", ""material"": ""XLPE"", ""material_family"": ""ELECTRICAL"", ""material_grade"": ""XLPE INSULATED"", ""material_subtype"": """", ""material_type"": ""CABLE"", ""nominal_size"": """", ""orientation"": """", ""pressure_class"": """", ""rating"": """", ""size"": ""415V 100A"", ""specification"": ""IS 7098"", ""standard"": ""IS 7098"", ""unit"": ""MTR""}",BHEL;Coal India;NMDC;NTPC;ONGC;SAIL,6,VERIFIED_HARMONIZED,1.0,4d158e7cd795c8e94e18b11666bc64a3c3b0ed6a8c9ff1b96c6c27e2aeb6e303,,,
CMM-ELECTR-4DD7B9-001,CMM-ELECTR-4DD7B9-001,ELECTRICAL | XLPE INSULATED | 4C X 25 SQ MM | IS 13947,ELECTRICAL,,XLPE INSULATED,4C X 25 SQ MM,,IS 13947,MTR,"{""connection_type"": """", ""construction"": """", ""end_type"": """", ""material"": ""XLPE"", ""material_family"": ""ELECTRICAL"", ""material_grade"": ""XLPE INSULATED"", ""material_subtype"": """", ""material_type"": """", ""nominal_size"": """", ""orientation"": """", ""pressure_class"": """", ""rating"": """", ""size"": ""4C X 25 SQ MM"", ""specification"": ""IS 13947"", ""standard"": ""IS 13947"", ""unit"": ""MTR""}",NMDC;NTPC,2,VERIFIED_HARMONIZED,1.0,4dd7b945d226152de2c03351ad569e7b1b50c8f22554b31510c3dac54341738e,,,
CMM-ELECTR-4E0C90-001,CMM-ELECTR-4E0C90-001,ELECTRICAL | COPPER WOUND | 11 KV | IS 12615,ELECTRICAL,,COPPER WOUND,11 KV,,IS 12615,MTR,"{""connection_type"": """", ""construction"": """", ""end_type"": """", ""material"": """", ""material_family"": ""ELECTRICAL"", ""material_grade"": ""COPPER WOUND"", ""material_subtype"": """", ""material_type"": """", ""nominal_size"": """", ""orientation"": """", ""pressure_class"": """", ""rating"": """", ""size"": ""11 KV"", ""specification"": ""IS 12615"", ""standard"": ""IS 12615"", ""unit"": ""MTR""}",SAIL,1,STANDALONE_CANDIDATE,1.0,4e0c90a77d3f41429cd48313bd02b1896f9e0fad9afaa94d010dc237eacc5859,,,
CMM-ELECTR-4F0B42-001,CMM-ELECTR-4F0B42-001,ELECTRICAL | COPPER WOUND | 11 KV | IS 12615,ELECTRICAL,,COPPER WOUND,11 KV,,IS 12615,MTR,"{""connection_type"": """", ""construction"": """", ""end_type"": """", ""material"": """", ""material_family"": ""ELECTRICAL"", ""material_grade"": ""COPPER WOUND"", ""material_subtype"": """", ""material_type"": """", ""nominal_size"": """", ""orientation"": """", ""pressure_class"": """", ""rating"": """", ""size"": ""11 KV"", ""specification"": ""IS 12615"", ""standard"": ""IS 12615"", ""unit"": ""MTR""}",SAIL,1,STANDALONE_CANDIDATE,1.0,4f0b42e2cf0c763987d96e86e9e5e940c9ceb46fee8a9e95a80c715e81c6bf37,,,
CMM-ELECTR-4F6C14-001,CMM-ELECTR-4F6C14-001,ELECTRICAL | CABLE | ALUMINIUM | 415V 100A | IS 13947,ELECTRICAL,CABLE,ALUMINIUM,415V 100A,,IS 13947,MTR,"{""connection_type"": """", ""construction"": """", ""end_type"": """", ""material"": ""XLPE"", ""material_family"": ""ELECTRICAL"", ""material_grade"": ""ALUMINIUM"", ""material_subtype"": """", ""material_type"": ""CABLE"", ""nominal_size"": """", ""orientation"": """", ""pressure_class"": """", ""rating"": """", ""size"": ""415V 100A"", ""specification"": ""IS 13947"", ""standard"": ""IS 13947"", ""unit"": ""MTR""}",BHEL;HPCL,2,VERIFIED_HARMONIZED,1.0,4f6c1428c1ae7fdad3d05b21e34cc49898c1622e9428c11cd511eecbcd114410,,,
CMM-ELECTR-5540AC-001,CMM-ELECTR-5540AC-001,ELECTRICAL | COPPER | 3C X 95 SQ MM | IS 13947,ELECTRICAL,,COPPER,3C X 95 SQ MM,,IS 13947,MTR,"{""connection_type"": """", ""construction"": """", ""end_type"": """", ""material"": """", ""material_family"": ""ELECTRICAL"", ""material_grade"": ""COPPER"", ""material_subtype"": """", ""material_type"": """", ""nominal_size"": """", ""orientation"": """", ""pressure_class"": """", ""rating"": """", ""size"": ""3C X 95 SQ MM"", ""specification"": ""IS 13947"", ""standard"": ""IS 13947"", ""unit"": ""MTR""}",BHEL;SAIL,2,VERIFIED_HARMONIZED,1.0,5540ac8eef4301f54cab0d359ec4f08db522d295792df5e00446850ba3b6479a,,,
CMM-ELECTR-56D0D9-001,CMM-ELECTR-56D0D9-001,ELECTRICAL | COPPER WOUND | 11 KV | IS 12615,ELECTRICAL,,COPPER WOUND,11 KV,,IS 12615,MTR,"{""connection_type"": """", ""construction"": """", ""end_type"": """", ""material"": """", ""material_family"": ""ELECTRICAL"", ""material_grade"": ""COPPER WOUND"", ""material_subtype"": """", ""material_type"": """", ""nominal_size"": """", ""orientation"": """", ""pressure_class"": """", ""rating"": """", ""size"": ""11 KV"", ""specification"": ""IS 12615"", ""standard"": ""IS 12615"", ""unit"": ""MTR""}",SAIL,1,STANDALONE_CANDIDATE,1.0,56d0d90c3e867ccd47793c20956bfa18e594ccdf5e8f45f0bc292e9f03e10109,,,
CMM-ELECTR-577BA8-001,CMM-ELECTR-577BA8-001,ELECTRICAL | COPPER WOUND | 11 KV | IS 12615,ELECTRICAL,,COPPER WOUND,11 KV,,IS 12615,MTR,"{""connection_type"": """", ""construction"": """", ""end_type"": """", ""material"": """", ""material_family"": ""ELECTRICAL"", ""material_grade"": ""COPPER WOUND"", ""material_subtype"": """", ""material_type"": """", ""nominal_size"": """", ""orientation"": """", ""pressure_class"": """", ""rating"": """", ""size"": ""11 KV"", ""specification"": ""IS 12615"", ""standard"": ""IS 12615"", ""unit"": ""MTR""}",SAIL,1,STANDALONE_CANDIDATE,1.0,577ba87c68534d6411a51e0ff26408e8299b27fb2e76ad98407f0c1339669ac5,,,
CMM-ELECTR-57B37B-001,CMM-ELECTR-57B37B-001,ELECTRICAL | COPPER WOUND | 11 KV | IS 12615,ELECTRICAL,,COPPER WOUND,11 KV,,IS 12615,MTR,"{""connection_type"": """", ""construction"": """", ""end_type"": """", ""material"": """", ""material_family"": ""ELECTRICAL"", ""material_grade"": ""COPPER WOUND"", ""material_subtype"": """", ""material_type"": """", ""nominal_size"": """", ""orientation"": """", ""pressure_class"": """", ""rating"": """", ""size"": ""11 KV"", ""specification"": ""IS 12615"", ""standard"": ""IS 12615"", ""unit"": ""MTR""}",SAIL,1,STANDALONE_CANDIDATE,1.0,57b37b8f120995b205c8b0c3f782265bcf6754e62ef496a44b96b4617065724e,,,
CMM-ELECTR-57C166-001,CMM-ELECTR-57C166-001,ELECTRICAL | XLPE INSULATED | 3C X 95 SQ MM | IS 2026,ELECTRICAL,,XLPE INSULATED,3C X 95 SQ MM,,IS 2026,MTR,"{""connection_type"": """", ""construction"": """", ""end_type"": """", ""material"": ""XLPE"", ""material_family"": ""ELECTRICAL"", ""material_grade"": ""XLPE INSULATED"", ""material_subtype"": """", ""material_type"": """", ""nominal_size"": """", ""orientation"": """", ""pressure_class"": """", ""rating"": """", ""size"": ""3C X 95 SQ MM"", ""specification"": ""IS 2026"", ""standard"": ""IS 2026"", ""unit"": ""MTR""}",BHEL;Coal India,2,VERIFIED_HARMONIZED,1.0,57c1669d413bdfc2925bb5584183b884d8f2cff86e4cd0d9e62bb01eec76a2df,,,
CMM-ELECTR-5803F6-001,CMM-ELECTR-5803F6-001,ELECTRICAL | COPPER WOUND | 6.6 KV | IS 12615,ELECTRICAL,,COPPER WOUND,6.6 KV,,IS 12615,MTR,"{""connection_type"": """", ""construction"": """", ""end_type"": """", ""material"": """", ""material_family"": ""ELECTRICAL"", ""material_grade"": ""COPPER WOUND"", ""material_subtype"": """", ""material_type"": """", ""nominal_size"": """", ""orientation"": """", ""pressure_class"": """", ""rating"": """", ""size"": ""6.6 KV"", ""specification"": ""IS 12615"", ""standard"": ""IS 12615"", ""unit"": ""MTR""}",NTPC,1,STANDALONE_CANDIDATE,1.0,5803f632a506ce55937a3816d37fb53d3b45d561ab6eef23cde976db409517e1,,,
CMM-ELECTR-5BFEDC-001,CMM-ELECTR-5BFEDC-001,ELECTRICAL | COPPER | 11 KV | IS 12066,ELECTRICAL,,COPPER,11 KV,,IS 12066,MTR,"{""connection_type"": """", ""construction"": """", ""end_type"": """", ""material"": """", ""material_family"": ""ELECTRICAL"", ""material_grade"": ""COPPER"", ""material_subtype"": """", ""material_type"": """", ""nominal_size"": """", ""orientation"": """", ""pressure_class"": """", ""rating"": """", ""size"": ""11 KV"", ""specification"": ""IS 12066"", ""standard"": ""IS 12066"", ""unit"": ""MTR""}",BHEL,1,STANDALONE_CANDIDATE,1.0,5bfedca16fea9070e194ca3e2a994efdebe489cb0d6871155898aa19cc58f214,,,
CMM-ELECTR-5D0DEF-001,CMM-ELECTR-5D0DEF-001,ELECTRICAL | COPPER WOUND | 6.6 KV | IS 12615,ELECTRICAL,,COPPER WOUND,6.6 KV,,IS 12615,MTR,"{""connection_type"": """", ""construction"": """", ""end_type"": """", ""material"": """", ""material_family"": ""ELECTRICAL"", ""material_grade"": ""COPPER WOUND"", ""material_subtype"": """", ""material_type"": """", ""nominal_size"": """", ""orientation"": """", ""pressure_class"": """", ""rating"": """", ""size"": ""6.6 KV"", ""specification"": ""IS 12615"", ""standard"": ""IS 12615"", ""unit"": ""MTR""}",NTPC,1,STANDALONE_CANDIDATE,1.0,5d0defd8d6787da0b567c8c3f09472a89840ea9d62abf2234322072a2b8a818b,,,
CMM-ELECTR-5DBC7A-001,CMM-ELECTR-5DBC7A-001,ELECTRICAL | COPPER WOUND | 11 KV | IS 12615,ELECTRICAL,,COPPER WOUND,11 KV,,IS 12615,MTR,"{""connection_type"": """", ""construction"": """", ""end_type"": """", ""material"": """", ""material_family"": ""ELECTRICAL"", ""material_grade"": ""COPPER WOUND"", ""material_subtype"": """", ""material_type"": """", ""nominal_size"": """", ""orientation"": """", ""pressure_class"": """", ""rating"": """", ""size"": ""11 KV"", ""specification"": ""IS 12615"", ""standard"": ""IS 12615"", ""unit"": ""MTR""}",SAIL,1,STANDALONE_CANDIDATE,1.0,5dbc7acb68cca0cddc9a4e1ba9a47a9f11c6b83ae33a87307a9a6b98ad801f6c,,,
CMM-ELECTR-5E70EC-001,CMM-ELECTR-5E70EC-001,ELECTRICAL | COPPER WOUND | 6.6 KV | IS 12615,ELECTRICAL,,COPPER WOUND,6.6 KV,,IS 12615,MTR,"{""connection_type"": """", ""construction"": """", ""end_type"": """", ""material"": """", ""material_family"": ""ELECTRICAL"", ""material_grade"": ""COPPER WOUND"", ""material_subtype"": """", ""material_type"": """", ""nominal_size"": """", ""orientation"": """", ""pressure_class"": """", ""rating"": """", ""size"": ""6.6 KV"", ""specification"": ""IS 12615"", ""standard"": ""IS 12615"", ""unit"": ""MTR""}",NTPC,1,STANDALONE_CANDIDATE,1.0,5e70ec54ea249ef1c661c2c5ab6d555db998817cd84bffbdcfa8140f6d89a013,,,
CMM-ELECTR-5E9127-001,CMM-ELECTR-5E9127-001,ELECTRICAL | XLPE INSULATED | 3C X 95 SQ MM | IS 7098,ELECTRICAL,,XLPE INSULATED,3C X 95 SQ MM,,IS 7098,MTR,"{""connection_type"": """", ""construction"": """", ""end_type"": """", ""material"": ""XLPE"", ""material_family"": ""ELECTRICAL"", ""material_grade"": ""XLPE INSULATED"", ""material_subtype"": """", ""material_type"": """", ""nominal_size"": """", ""orientation"": """", ""pressure_class"": """", ""rating"": """", ""size"": ""3C X 95 SQ MM"", ""specification"": ""IS 7098"", ""standard"": ""IS 7098"", ""unit"": ""MTR""}",Coal India;SAIL,2,VERIFIED_HARMONIZED,1.0,5e9127a38251d26ce5e727bf1256669a7aea0a414fa8912f74a5d8df17f567ad,,,
CMM-ELECTR-5F5D06-001,CMM-ELECTR-5F5D06-001,ELECTRICAL | COPPER WOUND | 6.6 KV | IS 12615,ELECTRICAL,,COPPER WOUND,6.6 KV,,IS 12615,MTR,"{""connection_type"": """", ""construction"": """", ""end_type"": """", ""material"": """", ""material_family"": ""ELECTRICAL"", ""material_grade"": ""COPPER WOUND"", ""material_subtype"": """", ""material_type"": """", ""nominal_size"": """", ""orientation"": """", ""pressure_class"": """", ""rating"": """", ""size"": ""6.6 KV"", ""specification"": ""IS 12615"", ""standard"": ""IS 12615"", ""unit"": ""MTR""}",NTPC,1,STANDALONE_CANDIDATE,1.0,5f5d06058132aabac09ed2ca5995ca21bc94cbd8589e27486e12a44d40fc4bf0,,,
CMM-ELECTR-609134-001,CMM-ELECTR-609134-001,ELECTRICAL | XLPE INSULATED | 3C X 95 SQ MM | IS 2026,ELECTRICAL,,XLPE INSULATED,3C X 95 SQ MM,,IS 2026,MTR,"{""connection_type"": """", ""construction"": """", ""end_type"": """", ""material"": ""XLPE"", ""material_family"": ""ELECTRICAL"", ""material_grade"": ""XLPE INSULATED"", ""material_subtype"": """", ""material_type"": """", ""nominal_size"": """", ""orientation"": """", ""pressure_class"": """", ""rating"": """", ""size"": ""3C X 95 SQ MM"", ""specification"": ""IS 2026"", ""standard"": ""IS 2026"", ""unit"": ""MTR""}",HPCL;IOCL;NMDC;NTPC;ONGC;SAIL,6,VERIFIED_HARMONIZED,1.0,60913458fa4dfd120ae87b260d6a730cf9fec3dcd994fb81b4f40838b3969f4c,,,
CMM-ELECTR-62038E-001,CMM-ELECTR-62038E-001,ELECTRICAL | ALUMINIUM | 415V 100A | IS 13947,ELECTRICAL,,ALUMINIUM,415V 100A,,IS 13947,MTR,"{""connection_type"": """", ""construction"": """", ""end_type"": """", ""material"": """", ""material_family"": ""ELECTRICAL"", ""material_grade"": ""ALUMINIUM"", ""material_subtype"": """", ""material_type"": """", ""nominal_size"": """", ""orientation"": """", ""pressure_class"": """", ""rating"": """", ""size"": ""415V 100A"", ""specification"": ""IS 13947"", ""standard"": ""IS 13947"", ""unit"": ""MTR""}",BHEL;Coal India;HPCL;IOCL;NMDC;NTPC;ONGC;SAIL,8,VERIFIED_HARMONIZED,1.0,62038effcdcded38ee9fe36c8b59224f15051cf6874cd6828fa0d17d568e985f,,,
CMM-ELECTR-6358A6-001,CMM-ELECTR-6358A6-001,ELECTRICAL | COPPER WOUND | 11 KV | IS 12615,ELECTRICAL,,COPPER WOUND,11 KV,,IS 12615,MTR,"{""connection_type"": """", ""construction"": """", ""end_type"": """", ""material"": """", ""material_family"": ""ELECTRICAL"", ""material_grade"": ""COPPER WOUND"", ""material_subtype"": """", ""material_type"": """", ""nominal_size"": """", ""orientation"": """", ""pressure_class"": """", ""rating"": """", ""size"": ""11 KV"", ""specification"": ""IS 12615"", ""standard"": ""IS 12615"", ""unit"": ""MTR""}",SAIL,1,STANDALONE_CANDIDATE,1.0,6358a6e48286f310ba72bd006cdebc1795f71c6a43669b0280691a0c3a2a0fcb,,,
CMM-ELECTR-65A8AE-001,CMM-ELECTR-65A8AE-001,ELECTRICAL | COPPER | 3C X 95 SQ MM | IS 2026,ELECTRICAL,,COPPER,3C X 95 SQ MM,,IS 2026,MTR,"{""connection_type"": """", ""construction"": """", ""end_type"": """", ""material"": """", ""material_family"": ""ELECTRICAL"", ""material_grade"": ""COPPER"", ""material_subtype"": """", ""material_type"": """", ""nominal_size"": """", ""orientation"": """", ""pressure_class"": """", ""rating"": """", ""size"": ""3C X 95 SQ MM"", ""specification"": ""IS 2026"", ""standard"": ""IS 2026"", ""unit"": ""MTR""}",BHEL;HPCL;IOCL;NTPC;SAIL,5,VERIFIED_HARMONIZED,1.0,65a8ae1ceb7a9675551a45afc2d15dc322e96938a938ac79a22b454c61523b6b,,,
CMM-ELECTR-6828F9-001,CMM-ELECTR-6828F9-001,ELECTRICAL | COPPER WOUND | 6.6 KV | IS 12615,ELECTRICAL,,COPPER WOUND,6.6 KV,,IS 12615,MTR,"{""connection_type"": """", ""construction"": """", ""end_type"": """", ""material"": """", ""material_family"": ""ELECTRICAL"", ""material_grade"": ""COPPER WOUND"", ""material_subtype"": """", ""material_type"": """", ""nominal_size"": """", ""orientation"": """", ""pressure_class"": """", ""rating"": """", ""size"": ""6.6 KV"", ""specification"": ""IS 12615"", ""standard"": ""IS 12615"", ""unit"": ""MTR""}",NTPC,1,STANDALONE_CANDIDATE,1.0,6828f9654c073a2c41704be27e60157b6467a6b1d01eab0d7cfa329c0a358cc0,,,
CMM-ELECTR-699EDB-001,CMM-ELECTR-699EDB-001,ELECTRICAL | COPPER | 11 KV | IS 12066,ELECTRICAL,,COPPER,11 KV,,IS 12066,MTR,"{""connection_type"": """", ""construction"": """", ""end_type"": """", ""material"": """", ""material_family"": ""ELECTRICAL"", ""material_grade"": ""COPPER"", ""material_subtype"": """", ""material_type"": """", ""nominal_size"": """", ""orientation"": """", ""pressure_class"": """", ""rating"": """", ""size"": ""11 KV"", ""specification"": ""IS 12066"", ""standard"": ""IS 12066"", ""unit"": ""MTR""}",BHEL,1,STANDALONE_CANDIDATE,1.0,699edb6497bf5c4a47fa39870a5f96971d028eb0e6c91bd85f8194afc06164c6,,,
CMM-ELECTR-69B125-001,CMM-ELECTR-69B125-001,ELECTRICAL | COPPER WOUND | 6.6 KV | IS 12615,ELECTRICAL,,COPPER WOUND,6.6 KV,,IS 12615,MTR,"{""connection_type"": """", ""construction"": """", ""end_type"": """", ""material"": """", ""material_family"": ""ELECTRICAL"", ""material_grade"": ""COPPER WOUND"", ""material_subtype"": """", ""material_type"": """", ""nominal_size"": """", ""orientation"": """", ""pressure_class"": """", ""rating"": """", ""size"": ""6.6 KV"", ""specification"": ""IS 12615"", ""standard"": ""IS 12615"", ""unit"": ""MTR""}",NTPC,1,STANDALONE_CANDIDATE,1.0,69b125123e5cabd682581532d8871489a0c1ac8d0635e686aea6562bf39c1a08,,,
CMM-ELECTR-69D882-001,CMM-ELECTR-69D882-001,ELECTRICAL | COPPER | 11 KV | IS 12066,ELECTRICAL,,COPPER,11 KV,,IS 12066,MTR,"{""connection_type"": """", ""construction"": """", ""end_type"": """", ""material"": """", ""material_family"": ""ELECTRICAL"", ""material_grade"": ""COPPER"", ""material_subtype"": """", ""material_type"": """", ""nominal_size"": """", ""orientation"": """", ""pressure_class"": """", ""rating"": """", ""size"": ""11 KV"", ""specification"": ""IS 12066"", ""standard"": ""IS 12066"", ""unit"": ""MTR""}",BHEL,1,STANDALONE_CANDIDATE,1.0,69d8828b8a4daa66dd0a638a1d5613eb63ac84d14593651c736b0c8d3e4cb3b6,,,
CMM-ELECTR-6BCE45-001,CMM-ELECTR-6BCE45-001,ELECTRICAL | XLPE INSULATED | 3C X 95 SQ MM | IEC 60502,ELECTRICAL,,XLPE INSULATED,3C X 95 SQ MM,,IEC 60502,MTR,"{""connection_type"": """", ""construction"": """", ""end_type"": """", ""material"": ""XLPE"", ""material_family"": ""ELECTRICAL"", ""material_grade"": ""XLPE INSULATED"", ""material_subtype"": """", ""material_type"": """", ""nominal_size"": """", ""orientation"": """", ""pressure_class"": """", ""rating"": """", ""size"": ""3C X 95 SQ MM"", ""specification"": ""IEC 60502"", ""standard"": ""IEC 60502"", ""unit"": ""MTR""}",BHEL;Coal India;IOCL;ONGC;SAIL,5,VERIFIED_HARMONIZED,1.0,6bce45abfa141b6cfd560ff3070dc2d2f43b84e81f58f3907dc07ae4e347e00f,,,
CMM-ELECTR-6CF258-001,CMM-ELECTR-6CF258-001,ELECTRICAL | COPPER WOUND | 6.6 KV | IS 12615,ELECTRICAL,,COPPER WOUND,6.6 KV,,IS 12615,MTR,"{""connection_type"": """", ""construction"": """", ""end_type"": """", ""material"": """", ""material_family"": ""ELECTRICAL"", ""material_grade"": ""COPPER WOUND"", ""material_subtype"": """", ""material_type"": """", ""nominal_size"": """", ""orientation"": """", ""pressure_class"": """", ""rating"": """", ""size"": ""6.6 KV"", ""specification"": ""IS 12615"", ""standard"": ""IS 12615"", ""unit"": ""MTR""}",NTPC,1,STANDALONE_CANDIDATE,1.0,6cf258a5cb3cadf21ce116f1ead9bc76e2eb77d44a1fcef283db4f959e906d0a,,,
CMM-ELECTR-707C05-001,CMM-ELECTR-707C05-001,ELECTRICAL | ALUMINIUM | 3C X 95 SQ MM | IEC 60502,ELECTRICAL,,ALUMINIUM,3C X 95 SQ MM,,IEC 60502,MTR,"{""connection_type"": """", ""construction"": """", ""end_type"": """", ""material"": """", ""material_family"": ""ELECTRICAL"", ""material_grade"": ""ALUMINIUM"", ""material_subtype"": """", ""material_type"": """", ""nominal_size"": """", ""orientation"": """", ""pressure_class"": """", ""rating"": """", ""size"": ""3C X 95 SQ MM"", ""specification"": ""IEC 60502"", ""standard"": ""IEC 60502"", ""unit"": ""MTR""}",ONGC;SAIL,2,VERIFIED_HARMONIZED,1.0,707c055d0f265622bfcb97c0bbf5290af6f460973477907fa51930d1a8fbcba3,,,
CMM-ELECTR-72A3B6-001,CMM-ELECTR-72A3B6-001,ELECTRICAL | COPPER | 11 KV | IS 12066,ELECTRICAL,,COPPER,11 KV,,IS 12066,MTR,"{""connection_type"": """", ""construction"": """", ""end_type"": """", ""material"": """", ""material_family"": ""ELECTRICAL"", ""material_grade"": ""COPPER"", ""material_subtype"": """", ""material_type"": """", ""nominal_size"": """", ""orientation"": """", ""pressure_class"": """", ""rating"": """", ""size"": ""11 KV"", ""specification"": ""IS 12066"", ""standard"": ""IS 12066"", ""unit"": ""MTR""}",BHEL,1,STANDALONE_CANDIDATE,1.0,72a3b69e0bfc948d7b5e6d013ee9765f71c0eb3ed38002de03a858bf0c264dc1,,,
CMM-ELECTR-76536F-001,CMM-ELECTR-76536F-001,ELECTRICAL | ALUMINIUM | 3C X 95 SQ MM | IS 7098,ELECTRICAL,,ALUMINIUM,3C X 95 SQ MM,,IS 7098,MTR,"{""connection_type"": """", ""construction"": """", ""end_type"": """", ""material"": """", ""material_family"": ""ELECTRICAL"", ""material_grade"": ""ALUMINIUM"", ""material_subtype"": """", ""material_type"": """", ""nominal_size"": """", ""orientation"": """", ""pressure_class"": """", ""rating"": """", ""size"": ""3C X 95 SQ MM"", ""specification"": ""IS 7098"", ""standard"": ""IS 7098"", ""unit"": ""MTR""}",NTPC;SAIL,2,VERIFIED_HARMONIZED,1.0,76536f62c6b86a52c444de87dd67e1d84cd930a9c6450c4d84804f05456c5a3d,,,
CMM-ELECTR-76A8C2-001,CMM-ELECTR-76A8C2-001,ELECTRICAL | COPPER WOUND | 11 KV | IS 12615,ELECTRICAL,,COPPER WOUND,11 KV,,IS 12615,MTR,"{""connection_type"": """", ""construction"": """", ""end_type"": """", ""material"": """", ""material_family"": ""ELECTRICAL"", ""material_grade"": ""COPPER WOUND"", ""material_subtype"": """", ""material_type"": """", ""nominal_size"": """", ""orientation"": """", ""pressure_class"": """", ""rating"": """", ""size"": ""11 KV"", ""specification"": ""IS 12615"", ""standard"": ""IS 12615"", ""unit"": ""MTR""}",SAIL,1,STANDALONE_CANDIDATE,1.0,76a8c28b7b7c9e588be292b8884b17945cb33084a240c1b7f0b7e7bcffb8452f,,,
CMM-ELECTR-79689B-001,CMM-ELECTR-79689B-001,ELECTRICAL | COPPER | 11 KV | IS 12066,ELECTRICAL,,COPPER,11 KV,,IS 12066,MTR,"{""connection_type"": """", ""construction"": """", ""end_type"": """", ""material"": """", ""material_family"": ""ELECTRICAL"", ""material_grade"": ""COPPER"", ""material_subtype"": """", ""material_type"": """", ""nominal_size"": """", ""orientation"": """", ""pressure_class"": """", ""rating"": """", ""size"": ""11 KV"", ""specification"": ""IS 12066"", ""standard"": ""IS 12066"", ""unit"": ""MTR""}",BHEL,1,STANDALONE_CANDIDATE,1.0,79689b0f070e10bafc29330785584a398f85c70c6234018dd6e128e9f3090901,,,
CMM-ELECTR-79A6DD-001,CMM-ELECTR-79A6DD-001,ELECTRICAL | CABLE | ALUMINIUM | 3C X 95 SQ MM | IS 2026,ELECTRICAL,CABLE,ALUMINIUM,3C X 95 SQ MM,,IS 2026,MTR,"{""connection_type"": """", ""construction"": """", ""end_type"": """", ""material"": ""XLPE"", ""material_family"": ""ELECTRICAL"", ""material_grade"": ""ALUMINIUM"", ""material_subtype"": """", ""material_type"": ""CABLE"", ""nominal_size"": """", ""orientation"": """", ""pressure_class"": """", ""rating"": """", ""size"": ""3C X 95 SQ MM"", ""specification"": ""IS 2026"", ""standard"": ""IS 2026"", ""unit"": ""MTR""}",BHEL;Coal India;IOCL;NMDC;NTPC;SAIL,6,VERIFIED_HARMONIZED,1.0,79a6dd21c79c19e1546f3c2ed7c817ede503600e8ddd486ef662152e741ac095,,,
CMM-ELECTR-7A69F2-001,CMM-ELECTR-7A69F2-001,ELECTRICAL | COPPER | 11 KV | IS 12066,ELECTRICAL,,COPPER,11 KV,,IS 12066,MTR,"{""connection_type"": """", ""construction"": """", ""end_type"": """", ""material"": """", ""material_family"": ""ELECTRICAL"", ""material_grade"": ""COPPER"", ""material_subtype"": """", ""material_type"": """", ""nominal_size"": """", ""orientation"": """", ""pressure_class"": """", ""rating"": """", ""size"": ""11 KV"", ""specification"": ""IS 12066"", ""standard"": ""IS 12066"", ""unit"": ""MTR""}",BHEL,1,STANDALONE_CANDIDATE,1.0,7a69f2c7527680cd3a7c50e1ab4b1b59219ff2fd54a948f5a92a20ffae006fd1,,,
CMM-ELECTR-7A8291-001,CMM-ELECTR-7A8291-001,ELECTRICAL | COPPER | 11 KV | IS 12066,ELECTRICAL,,COPPER,11 KV,,IS 12066,MTR,"{""connection_type"": """", ""construction"": """", ""end_type"": """", ""material"": """", ""material_family"": ""ELECTRICAL"", ""material_grade"": ""COPPER"", ""material_subtype"": """", ""material_type"": """", ""nominal_size"": """", ""orientation"": """", ""pressure_class"": """", ""rating"": """", ""size"": ""11 KV"", ""specification"": ""IS 12066"", ""standard"": ""IS 12066"", ""unit"": ""MTR""}",BHEL,1,STANDALONE_CANDIDATE,1.0,7a82916a5a78d7bb3aaecdf71d9e448973f3fe2af694a8f2ca0db640130948bd,,,
CMM-ELECTR-7CE3FC-001,CMM-ELECTR-7CE3FC-001,ELECTRICAL | COPPER WOUND | 11 KV | IS 12615,ELECTRICAL,,COPPER WOUND,11 KV,,IS 12615,MTR,"{""connection_type"": """", ""construction"": """", ""end_type"": """", ""material"": """", ""material_family"": ""ELECTRICAL"", ""material_grade"": ""COPPER WOUND"", ""material_subtype"": """", ""material_type"": """", ""nominal_size"": """", ""orientation"": """", ""pressure_class"": """", ""rating"": """", ""size"": ""11 KV"", ""specification"": ""IS 12615"", ""standard"": ""IS 12615"", ""unit"": ""MTR""}",SAIL,1,STANDALONE_CANDIDATE,1.0,7ce3fc1a62aae423b83d996b491f6e68bbf7c994068e56d1d60f9a35386e83be,,,
CMM-ELECTR-808622-001,CMM-ELECTR-808622-001,ELECTRICAL | COPPER WOUND | 11 KV | IS 12615,ELECTRICAL,,COPPER WOUND,11 KV,,IS 12615,MTR,"{""connection_type"": """", ""construction"": """", ""end_type"": """", ""material"": """", ""material_family"": ""ELECTRICAL"", ""material_grade"": ""COPPER WOUND"", ""material_subtype"": """", ""material_type"": """", ""nominal_size"": """", ""orientation"": """", ""pressure_class"": """", ""rating"": """", ""size"": ""11 KV"", ""specification"": ""IS 12615"", ""standard"": ""IS 12615"", ""unit"": ""MTR""}",SAIL,1,STANDALONE_CANDIDATE,1.0,80862240ad83a2540fc0937fe9a509a8b711872651de8406d59651156b28f946,,,
CMM-ELECTR-81F171-001,CMM-ELECTR-81F171-001,ELECTRICAL | COPPER | 11 KV | IS 12066,ELECTRICAL,,COPPER,11 KV,,IS 12066,MTR,"{""connection_type"": """", ""construction"": """", ""end_type"": """", ""material"": """", ""material_family"": ""ELECTRICAL"", ""material_grade"": ""COPPER"", ""material_subtype"": """", ""material_type"": """", ""nominal_size"": """", ""orientation"": """", ""pressure_class"": """", ""rating"": """", ""size"": ""11 KV"", ""specification"": ""IS 12066"", ""standard"": ""IS 12066"", ""unit"": ""MTR""}",BHEL,1,STANDALONE_CANDIDATE,1.0,81f171442cf1745b0cd61693b79939cd2fda824f6d6d620f44923d092489ab93,,,
CMM-ELECTR-83697B-001,CMM-ELECTR-83697B-001,ELECTRICAL | COPPER WOUND | 6.6 KV | IS 12615,ELECTRICAL,,COPPER WOUND,6.6 KV,,IS 12615,MTR,"{""connection_type"": """", ""construction"": """", ""end_type"": """", ""material"": """", ""material_family"": ""ELECTRICAL"", ""material_grade"": ""COPPER WOUND"", ""material_subtype"": """", ""material_type"": """", ""nominal_size"": """", ""orientation"": """", ""pressure_class"": """", ""rating"": """", ""size"": ""6.6 KV"", ""specification"": ""IS 12615"", ""standard"": ""IS 12615"", ""unit"": ""MTR""}",NTPC,1,STANDALONE_CANDIDATE,1.0,83697bde85cc5c5ada79e4f7cc8dc5d21d7bdd7d0d7076ff8c7749a85a1ec0ef,,,
CMM-ELECTR-8381A7-001,CMM-ELECTR-8381A7-001,ELECTRICAL | COPPER WOUND | 6.6 KV | IS 12615,ELECTRICAL,,COPPER WOUND,6.6 KV,,IS 12615,MTR,"{""connection_type"": """", ""construction"": """", ""end_type"": """", ""material"": """", ""material_family"": ""ELECTRICAL"", ""material_grade"": ""COPPER WOUND"", ""material_subtype"": """", ""material_type"": """", ""nominal_size"": """", ""orientation"": """", ""pressure_class"": """", ""rating"": """", ""size"": ""6.6 KV"", ""specification"": ""IS 12615"", ""standard"": ""IS 12615"", ""unit"": ""MTR""}",NTPC,1,STANDALONE_CANDIDATE,1.0,8381a70aef2a5aa6d7a6bedcd54d8eab1fb02cb2a76f1ef78307efbf6ddb0ca4,,,
CMM-ELECTR-8C5683-001,CMM-ELECTR-8C5683-001,ELECTRICAL | XLPE INSULATED | 1C X 300 SQ MM | IS 13947,ELECTRICAL,,XLPE INSULATED,1C X 300 SQ MM,,IS 13947,MTR,"{""connection_type"": """", ""construction"": """", ""end_type"": """", ""material"": ""XLPE"", ""material_family"": ""ELECTRICAL"", ""material_grade"": ""XLPE INSULATED"", ""material_subtype"": """", ""material_type"": """", ""nominal_size"": """", ""orientation"": """", ""pressure_class"": """", ""rating"": """", ""size"": ""1C X 300 SQ MM"", ""specification"": ""IS 13947"", ""standard"": ""IS 13947"", ""unit"": ""MTR""}",BHEL;Coal India;HPCL;IOCL;NMDC;ONGC;SAIL,8,AMBIGUOUS_REVIEW_REQUIRED,1.0,8c56839392cd8bac4725d3a500bbdd72d5ef49ae58189dd0f67f28f70eb2bdba,,,
CMM-ELECTR-8EAEA9-001,CMM-ELECTR-8EAEA9-001,ELECTRICAL | CABLE | ALUMINIUM | 415V 100A | IS 2026,ELECTRICAL,CABLE,ALUMINIUM,415V 100A,,IS 2026,MTR,"{""connection_type"": """", ""construction"": """", ""end_type"": """", ""material"": ""XLPE"", ""material_family"": ""ELECTRICAL"", ""material_grade"": ""ALUMINIUM"", ""material_subtype"": """", ""material_type"": ""CABLE"", ""nominal_size"": """", ""orientation"": """", ""pressure_class"": """", ""rating"": """", ""size"": ""415V 100A"", ""specification"": ""IS 2026"", ""standard"": ""IS 2026"", ""unit"": ""MTR""}",Coal India;HPCL;NMDC,3,VERIFIED_HARMONIZED,1.0,8eaea9d0fe23301ccc63644731b97565411392775b65dd1660ffaae85bdf69d3,,,
CMM-ELECTR-8FE460-001,CMM-ELECTR-8FE460-001,ELECTRICAL | COPPER | 11 KV | IS 12066,ELECTRICAL,,COPPER,11 KV,,IS 12066,MTR,"{""connection_type"": """", ""construction"": """", ""end_type"": """", ""material"": """", ""material_family"": ""ELECTRICAL"", ""material_grade"": ""COPPER"", ""material_subtype"": """", ""material_type"": """", ""nominal_size"": """", ""orientation"": """", ""pressure_class"": """", ""rating"": """", ""size"": ""11 KV"", ""specification"": ""IS 12066"", ""standard"": ""IS 12066"", ""unit"": ""MTR""}",BHEL,1,STANDALONE_CANDIDATE,1.0,8fe46025ca7176740ed73655ee8503d28192d2553ce1e61caf7ea19f27c485a7,,,
CMM-ELECTR-8FF92B-001,CMM-ELECTR-8FF92B-001,ELECTRICAL | COPPER WOUND | 6.6 KV | IS 12615,ELECTRICAL,,COPPER WOUND,6.6 KV,,IS 12615,MTR,"{""connection_type"": """", ""construction"": """", ""end_type"": """", ""material"": """", ""material_family"": ""ELECTRICAL"", ""material_grade"": ""COPPER WOUND"", ""material_subtype"": """", ""material_type"": """", ""nominal_size"": """", ""orientation"": """", ""pressure_class"": """", ""rating"": """", ""size"": ""6.6 KV"", ""specification"": ""IS 12615"", ""standard"": ""IS 12615"", ""unit"": ""MTR""}",NTPC,1,STANDALONE_CANDIDATE,1.0,8ff92b4cb778580e853a09f6790b1f0163cc1d098d9dfce935ac8e5387a6b1d6,,,
CMM-ELECTR-916CED-001,CMM-ELECTR-916CED-001,ELECTRICAL | COPPER | 11 KV | IS 12066,ELECTRICAL,,COPPER,11 KV,,IS 12066,MTR,"{""connection_type"": """", ""construction"": """", ""end_type"": """", ""material"": """", ""material_family"": ""ELECTRICAL"", ""material_grade"": ""COPPER"", ""material_subtype"": """", ""material_type"": """", ""nominal_size"": """", ""orientation"": """", ""pressure_class"": """", ""rating"": """", ""size"": ""11 KV"", ""specification"": ""IS 12066"", ""standard"": ""IS 12066"", ""unit"": ""MTR""}",BHEL,1,STANDALONE_CANDIDATE,1.0,916ced4766be32a47b96e0754afdfd6e4c0ec8700fced584cbeee1e50b7ee924,,,
CMM-ELECTR-91BE73-001,CMM-ELECTR-91BE73-001,ELECTRICAL | COPPER | 11 KV | IS 12066,ELECTRICAL,,COPPER,11 KV,,IS 12066,MTR,"{""connection_type"": """", ""construction"": """", ""end_type"": """", ""material"": """", ""material_family"": ""ELECTRICAL"", ""material_grade"": ""COPPER"", ""material_subtype"": """", ""material_type"": """", ""nominal_size"": """", ""orientation"": """", ""pressure_class"": """", ""rating"": """", ""size"": ""11 KV"", ""specification"": ""IS 12066"", ""standard"": ""IS 12066"", ""unit"": ""MTR""}",BHEL,1,STANDALONE_CANDIDATE,1.0,91be73b8d7fa6b7f0967e6978ecdb1f5dd0ee851f9084a2f292438bef5684074,,,
CMM-ELECTR-91F95B-001,CMM-ELECTR-91F95B-001,ELECTRICAL | COPPER WOUND | 11 KV | IS 12615,ELECTRICAL,,COPPER WOUND,11 KV,,IS 12615,MTR,"{""connection_type"": """", ""construction"": """", ""end_type"": """", ""material"": """", ""material_family"": ""ELECTRICAL"", ""material_grade"": ""COPPER WOUND"", ""material_subtype"": """", ""material_type"": """", ""nominal_size"": """", ""orientation"": """", ""pressure_class"": """", ""rating"": """", ""size"": ""11 KV"", ""specification"": ""IS 12615"", ""standard"": ""IS 12615"", ""unit"": ""MTR""}",SAIL,1,STANDALONE_CANDIDATE,1.0,91f95bca607e4b24e756724975bbd80247064ee037f753279446e0d0c9a9d6d7,,,
CMM-ELECTR-925F26-001,CMM-ELECTR-925F26-001,ELECTRICAL | CABLE | COPPER | 1C X 300 SQ MM | IS 2026,ELECTRICAL,CABLE,COPPER,1C X 300 SQ MM,,IS 2026,MTR,"{""connection_type"": """", ""construction"": """", ""end_type"": """", ""material"": ""XLPE"", ""material_family"": ""ELECTRICAL"", ""material_grade"": ""COPPER"", ""material_subtype"": """", ""material_type"": ""CABLE"", ""nominal_size"": """", ""orientation"": """", ""pressure_class"": """", ""rating"": """", ""size"": ""1C X 300 SQ MM"", ""specification"": ""IS 2026"", ""standard"": ""IS 2026"", ""unit"": ""MTR""}",HPCL;SAIL,2,VERIFIED_HARMONIZED,1.0,925f267d83a14f5fb9599b1db73b08311baa94f614b56f6187cba749bb4b23b7,,,
CMM-ELECTR-92CF3A-001,CMM-ELECTR-92CF3A-001,ELECTRICAL | COPPER WOUND | 6.6 KV | IS 12615,ELECTRICAL,,COPPER WOUND,6.6 KV,,IS 12615,MTR,"{""connection_type"": """", ""construction"": """", ""end_type"": """", ""material"": """", ""material_family"": ""ELECTRICAL"", ""material_grade"": ""COPPER WOUND"", ""material_subtype"": """", ""material_type"": """", ""nominal_size"": """", ""orientation"": """", ""pressure_class"": """", ""rating"": """", ""size"": ""6.6 KV"", ""specification"": ""IS 12615"", ""standard"": ""IS 12615"", ""unit"": ""MTR""}",NTPC,1,STANDALONE_CANDIDATE,1.0,92cf3a092224837a25a53ece388607a50c7f954a7423e708b8c704dc213ccb58,,,
CMM-ELECTR-941023-001,CMM-ELECTR-941023-001,ELECTRICAL | ALUMINIUM | 1C X 300 SQ MM | IS 2026,ELECTRICAL,,ALUMINIUM,1C X 300 SQ MM,,IS 2026,MTR,"{""connection_type"": """", ""construction"": """", ""end_type"": """", ""material"": """", ""material_family"": ""ELECTRICAL"", ""material_grade"": ""ALUMINIUM"", ""material_subtype"": """", ""material_type"": """", ""nominal_size"": """", ""orientation"": """", ""pressure_class"": """", ""rating"": """", ""size"": ""1C X 300 SQ MM"", ""specification"": ""IS 2026"", ""standard"": ""IS 2026"", ""unit"": ""MTR""}",BHEL;Coal India;HPCL;NTPC;ONGC;SAIL,7,AMBIGUOUS_REVIEW_REQUIRED,1.0,941023cc2730777316181146af2c9ed0b067a701a0eb2c613e4756f881f1ea93,,,
CMM-ELECTR-949379-001,CMM-ELECTR-949379-001,ELECTRICAL | COPPER | 11 KV | IS 12066,ELECTRICAL,,COPPER,11 KV,,IS 12066,MTR,"{""connection_type"": """", ""construction"": """", ""end_type"": """", ""material"": """", ""material_family"": ""ELECTRICAL"", ""material_grade"": ""COPPER"", ""material_subtype"": """", ""material_type"": """", ""nominal_size"": """", ""orientation"": """", ""pressure_class"": """", ""rating"": """", ""size"": ""11 KV"", ""specification"": ""IS 12066"", ""standard"": ""IS 12066"", ""unit"": ""MTR""}",BHEL,1,STANDALONE_CANDIDATE,1.0,9493793ec01f41e26984288999be2010e50d6da7b3f8539433f00ae37cd0e273,,,
CMM-ELECTR-94DDC0-001,CMM-ELECTR-94DDC0-001,ELECTRICAL | ALUMINIUM | 1C X 300 SQ MM | IEC 60502,ELECTRICAL,,ALUMINIUM,1C X 300 SQ MM,,IEC 60502,MTR,"{""connection_type"": """", ""construction"": """", ""end_type"": """", ""material"": """", ""material_family"": ""ELECTRICAL"", ""material_grade"": ""ALUMINIUM"", ""material_subtype"": """", ""material_type"": """", ""nominal_size"": """", ""orientation"": """", ""pressure_class"": """", ""rating"": """", ""size"": ""1C X 300 SQ MM"", ""specification"": ""IEC 60502"", ""standard"": ""IEC 60502"", ""unit"": ""MTR""}",Coal India;SAIL,2,VERIFIED_HARMONIZED,1.0,94ddc0eeca1dba641e949715c3cad7b8450ab5ba981700996a7fa52912891f3a,,,
CMM-ELECTR-95788A-001,CMM-ELECTR-95788A-001,ELECTRICAL | COPPER | 11 KV | IS 12066,ELECTRICAL,,COPPER,11 KV,,IS 12066,MTR,"{""connection_type"": """", ""construction"": """", ""end_type"": """", ""material"": """", ""material_family"": ""ELECTRICAL"", ""material_grade"": ""COPPER"", ""material_subtype"": """", ""material_type"": """", ""nominal_size"": """", ""orientation"": """", ""pressure_class"": """", ""rating"": """", ""size"": ""11 KV"", ""specification"": ""IS 12066"", ""standard"": ""IS 12066"", ""unit"": ""MTR""}",BHEL,1,STANDALONE_CANDIDATE,1.0,95788aea05ffcbea9c7839b3534a03eb5bc98a48a5f5932357d33b27a68de009,,,
CMM-ELECTR-95A05F-001,CMM-ELECTR-95A05F-001,ELECTRICAL | COPPER WOUND | 11 KV | IS 12615,ELECTRICAL,,COPPER WOUND,11 KV,,IS 12615,MTR,"{""connection_type"": """", ""construction"": """", ""end_type"": """", ""material"": """", ""material_family"": ""ELECTRICAL"", ""material_grade"": ""COPPER WOUND"", ""material_subtype"": """", ""material_type"": """", ""nominal_size"": """", ""orientation"": """", ""pressure_class"": """", ""rating"": """", ""size"": ""11 KV"", ""specification"": ""IS 12615"", ""standard"": ""IS 12615"", ""unit"": ""MTR""}",SAIL,1,STANDALONE_CANDIDATE,1.0,95a05fc9c3d9f3733ae24c30a1512ee7a687f5366bbfb159f27ccf1089240040,,,
CMM-ELECTR-97B02F-001,CMM-ELECTR-97B02F-001,ELECTRICAL | CABLE | XLPE INSULATED | 1C X 300 SQ MM | IS 7098,ELECTRICAL,CABLE,XLPE INSULATED,1C X 300 SQ MM,,IS 7098,MTR,"{""connection_type"": """", ""construction"": """", ""end_type"": """", ""material"": ""XLPE"", ""material_family"": ""ELECTRICAL"", ""material_grade"": ""XLPE INSULATED"", ""material_subtype"": """", ""material_type"": ""CABLE"", ""nominal_size"": """", ""orientation"": """", ""pressure_class"": """", ""rating"": """", ""size"": ""1C X 300 SQ MM"", ""specification"": ""IS 7098"", ""standard"": ""IS 7098"", ""unit"": ""MTR""}",HPCL;NMDC,2,VERIFIED_HARMONIZED,1.0,97b02f6de3c6f3fb2f172598e539ac774a71b5544a62c6ae9922d6d8e9a0aba1,,,
CMM-ELECTR-983066-001,CMM-ELECTR-983066-001,ELECTRICAL | COPPER | 11 KV | IS 12066,ELECTRICAL,,COPPER,11 KV,,IS 12066,MTR,"{""connection_type"": """", ""construction"": """", ""end_type"": """", ""material"": """", ""material_family"": ""ELECTRICAL"", ""material_grade"": ""COPPER"", ""material_subtype"": """", ""material_type"": """", ""nominal_size"": """", ""orientation"": """", ""pressure_class"": """", ""rating"": """", ""size"": ""11 KV"", ""specification"": ""IS 12066"", ""standard"": ""IS 12066"", ""unit"": ""MTR""}",BHEL,1,STANDALONE_CANDIDATE,1.0,98306615d4f8b19a8f09426f5cac50e5cd3e79d4e8e2ceebf51a87f2b30780fc,,,
CMM-ELECTR-9A21B9-001,CMM-ELECTR-9A21B9-001,ELECTRICAL | XLPE INSULATED | 1C X 300 SQ MM | IS 2026,ELECTRICAL,,XLPE INSULATED,1C X 300 SQ MM,,IS 2026,MTR,"{""connection_type"": """", ""construction"": """", ""end_type"": """", ""material"": ""XLPE"", ""material_family"": ""ELECTRICAL"", ""material_grade"": ""XLPE INSULATED"", ""material_subtype"": """", ""material_type"": """", ""nominal_size"": """", ""orientation"": """", ""pressure_class"": """", ""rating"": """", ""size"": ""1C X 300 SQ MM"", ""specification"": ""IS 2026"", ""standard"": ""IS 2026"", ""unit"": ""MTR""}",Coal India;ONGC,2,VERIFIED_HARMONIZED,1.0,9a21b929ae39ff4718ee440aa0c3f0f39f0a470c077ed8825a317e5b975866df,,,
CMM-ELECTR-9B74A3-001,CMM-ELECTR-9B74A3-001,ELECTRICAL | COPPER | 11 KV | IS 12066,ELECTRICAL,,COPPER,11 KV,,IS 12066,MTR,"{""connection_type"": """", ""construction"": """", ""end_type"": """", ""material"": """", ""material_family"": ""ELECTRICAL"", ""material_grade"": ""COPPER"", ""material_subtype"": """", ""material_type"": """", ""nominal_size"": """", ""orientation"": """", ""pressure_class"": """", ""rating"": """", ""size"": ""11 KV"", ""specification"": ""IS 12066"", ""standard"": ""IS 12066"", ""unit"": ""MTR""}",BHEL,1,STANDALONE_CANDIDATE,1.0,9b74a3c387ac6cf96343589d454207943b47a8332f0aad550bb93859057e65e5,,,
CMM-ELECTR-9B9571-001,CMM-ELECTR-9B9571-001,ELECTRICAL | COPPER WOUND | 6.6 KV | IS 12615,ELECTRICAL,,COPPER WOUND,6.6 KV,,IS 12615,MTR,"{""connection_type"": """", ""construction"": """", ""end_type"": """", ""material"": """", ""material_family"": ""ELECTRICAL"", ""material_grade"": ""COPPER WOUND"", ""material_subtype"": """", ""material_type"": """", ""nominal_size"": """", ""orientation"": """", ""pressure_class"": """", ""rating"": """", ""size"": ""6.6 KV"", ""specification"": ""IS 12615"", ""standard"": ""IS 12615"", ""unit"": ""MTR""}",NTPC,1,STANDALONE_CANDIDATE,1.0,9b9571a704b4883cf4e0ddd1c73ce6d12fde06f9a4f7b882349d90a6676991d7,,,
CMM-ELECTR-9BB755-001,CMM-ELECTR-9BB755-001,ELECTRICAL | COPPER WOUND | 6.6 KV | IS 12615,ELECTRICAL,,COPPER WOUND,6.6 KV,,IS 12615,MTR,"{""connection_type"": """", ""construction"": """", ""end_type"": """", ""material"": """", ""material_family"": ""ELECTRICAL"", ""material_grade"": ""COPPER WOUND"", ""material_subtype"": """", ""material_type"": """", ""nominal_size"": """", ""orientation"": """", ""pressure_class"": """", ""rating"": """", ""size"": ""6.6 KV"", ""specification"": ""IS 12615"", ""standard"": ""IS 12615"", ""unit"": ""MTR""}",NTPC,1,STANDALONE_CANDIDATE,1.0,9bb7559540b866ad3d20e8265c36adcc5929fd0ddf24da8c2f82ef4bc05ad10f,,,
CMM-ELECTR-9C93DB-001,CMM-ELECTR-9C93DB-001,ELECTRICAL | ALUMINIUM | 3C X 95 SQ MM | IEC 60502,ELECTRICAL,,ALUMINIUM,3C X 95 SQ MM,,IEC 60502,MTR,"{""connection_type"": """", ""construction"": """", ""end_type"": """", ""material"": """", ""material_family"": ""ELECTRICAL"", ""material_grade"": ""ALUMINIUM"", ""material_subtype"": """", ""material_type"": """", ""nominal_size"": """", ""orientation"": """", ""pressure_class"": """", ""rating"": """", ""size"": ""3C X 95 SQ MM"", ""specification"": ""IEC 60502"", ""standard"": ""IEC 60502"", ""unit"": ""MTR""}",Coal India;HPCL;NMDC;ONGC;SAIL,5,VERIFIED_HARMONIZED,1.0,9c93dbebdf1deb571d7129c5c54391bc5d57513a12d0e40fd6417df64b785cdf,,,
CMM-ELECTR-9CE3F4-001,CMM-ELECTR-9CE3F4-001,ELECTRICAL | COPPER WOUND | 6.6 KV | IS 12615,ELECTRICAL,,COPPER WOUND,6.6 KV,,IS 12615,MTR,"{""connection_type"": """", ""construction"": """", ""end_type"": """", ""material"": """", ""material_family"": ""ELECTRICAL"", ""material_grade"": ""COPPER WOUND"", ""material_subtype"": """", ""material_type"": """", ""nominal_size"": """", ""orientation"": """", ""pressure_class"": """", ""rating"": """", ""size"": ""6.6 KV"", ""specification"": ""IS 12615"", ""standard"": ""IS 12615"", ""unit"": ""MTR""}",NTPC,1,STANDALONE_CANDIDATE,1.0,9ce3f4d9a18f1b17e1e9b8b87459cd5f264d246504d53bd1a71122f459bd9a42,,,
CMM-ELECTR-9D604B-001,CMM-ELECTR-9D604B-001,ELECTRICAL | COPPER | 11 KV | IS 12066,ELECTRICAL,,COPPER,11 KV,,IS 12066,MTR,"{""connection_type"": """", ""construction"": """", ""end_type"": """", ""material"": """", ""material_family"": ""ELECTRICAL"", ""material_grade"": ""COPPER"", ""material_subtype"": """", ""material_type"": """", ""nominal_size"": """", ""orientation"": """", ""pressure_class"": """", ""rating"": """", ""size"": ""11 KV"", ""specification"": ""IS 12066"", ""standard"": ""IS 12066"", ""unit"": ""MTR""}",BHEL,1,STANDALONE_CANDIDATE,1.0,9d604bebb9aa79d479d69d9ad54070e88b56d0cd364132932e3fc64d992037db,,,
CMM-ELECTR-9D6068-001,CMM-ELECTR-9D6068-001,ELECTRICAL | COPPER WOUND | 6.6 KV | IS 12615,ELECTRICAL,,COPPER WOUND,6.6 KV,,IS 12615,MTR,"{""connection_type"": """", ""construction"": """", ""end_type"": """", ""material"": """", ""material_family"": ""ELECTRICAL"", ""material_grade"": ""COPPER WOUND"", ""material_subtype"": """", ""material_type"": """", ""nominal_size"": """", ""orientation"": """", ""pressure_class"": """", ""rating"": """", ""size"": ""6.6 KV"", ""specification"": ""IS 12615"", ""standard"": ""IS 12615"", ""unit"": ""MTR""}",NTPC,1,STANDALONE_CANDIDATE,1.0,9d60683042c4a9bc61b6801a227eecf29321576fca3f4d257ae580c14c90313b,,,
CMM-ELECTR-9FD986-001,CMM-ELECTR-9FD986-001,ELECTRICAL | COPPER WOUND | 6.6 KV | IS 12615,ELECTRICAL,,COPPER WOUND,6.6 KV,,IS 12615,MTR,"{""connection_type"": """", ""construction"": """", ""end_type"": """", ""material"": """", ""material_family"": ""ELECTRICAL"", ""material_grade"": ""COPPER WOUND"", ""material_subtype"": """", ""material_type"": """", ""nominal_size"": """", ""orientation"": """", ""pressure_class"": """", ""rating"": """", ""size"": ""6.6 KV"", ""specification"": ""IS 12615"", ""standard"": ""IS 12615"", ""unit"": ""MTR""}",NTPC,1,STANDALONE_CANDIDATE,1.0,9fd98621feae7a85db62d64aae89064acbecb6ace84714f4b8f53acaab1b3f07,,,
CMM-ELECTR-9FEFD2-001,CMM-ELECTR-9FEFD2-001,ELECTRICAL | XLPE INSULATED | 415V 100A | IEC 60502,ELECTRICAL,,XLPE INSULATED,415V 100A,,IEC 60502,MTR,"{""connection_type"": """", ""construction"": """", ""end_type"": """", ""material"": ""XLPE"", ""material_family"": ""ELECTRICAL"", ""material_grade"": ""XLPE INSULATED"", ""material_subtype"": """", ""material_type"": """", ""nominal_size"": """", ""orientation"": """", ""pressure_class"": """", ""rating"": """", ""size"": ""415V 100A"", ""specification"": ""IEC 60502"", ""standard"": ""IEC 60502"", ""unit"": ""MTR""}",BHEL;HPCL;IOCL;NMDC;NTPC;SAIL,6,VERIFIED_HARMONIZED,1.0,9fefd26c787c45f1b5326303a554a4883bb73937a4399dbe0f01249a2376d920,,,
CMM-ELECTR-A08A22-001,CMM-ELECTR-A08A22-001,ELECTRICAL | COPPER WOUND | 11 KV | IS 12615,ELECTRICAL,,COPPER WOUND,11 KV,,IS 12615,MTR,"{""connection_type"": """", ""construction"": """", ""end_type"": """", ""material"": """", ""material_family"": ""ELECTRICAL"", ""material_grade"": ""COPPER WOUND"", ""material_subtype"": """", ""material_type"": """", ""nominal_size"": """", ""orientation"": """", ""pressure_class"": """", ""rating"": """", ""size"": ""11 KV"", ""specification"": ""IS 12615"", ""standard"": ""IS 12615"", ""unit"": ""MTR""}",SAIL,1,STANDALONE_CANDIDATE,1.0,a08a223862d8ad9d19a6c688142f43b730a0c74b542991e696dd9195c89f9188,,,
CMM-ELECTR-A1C20A-001,CMM-ELECTR-A1C20A-001,ELECTRICAL | COPPER WOUND | 6.6 KV | IS 12615,ELECTRICAL,,COPPER WOUND,6.6 KV,,IS 12615,MTR,"{""connection_type"": """", ""construction"": """", ""end_type"": """", ""material"": """", ""material_family"": ""ELECTRICAL"", ""material_grade"": ""COPPER WOUND"", ""material_subtype"": """", ""material_type"": """", ""nominal_size"": """", ""orientation"": """", ""pressure_class"": """", ""rating"": """", ""size"": ""6.6 KV"", ""specification"": ""IS 12615"", ""standard"": ""IS 12615"", ""unit"": ""MTR""}",NTPC,1,STANDALONE_CANDIDATE,1.0,a1c20af1ae69e9cf9cf4fc86d89ecbc171ed9cca91f262d1c1b99b2f762d4668,,,
CMM-ELECTR-A21A1A-001,CMM-ELECTR-A21A1A-001,ELECTRICAL | COPPER | 11 KV | IS 12066,ELECTRICAL,,COPPER,11 KV,,IS 12066,MTR,"{""connection_type"": """", ""construction"": """", ""end_type"": """", ""material"": """", ""material_family"": ""ELECTRICAL"", ""material_grade"": ""COPPER"", ""material_subtype"": """", ""material_type"": """", ""nominal_size"": """", ""orientation"": """", ""pressure_class"": """", ""rating"": """", ""size"": ""11 KV"", ""specification"": ""IS 12066"", ""standard"": ""IS 12066"", ""unit"": ""MTR""}",BHEL,1,STANDALONE_CANDIDATE,1.0,a21a1a29f5625c0391eadf0eacba985207f1a024b40cf37a80dc4bb3067ad153,,,
CMM-ELECTR-A4DD01-001,CMM-ELECTR-A4DD01-001,ELECTRICAL | XLPE INSULATED | 3C X 95 SQ MM | IEC 60502,ELECTRICAL,,XLPE INSULATED,3C X 95 SQ MM,,IEC 60502,MTR,"{""connection_type"": """", ""construction"": """", ""end_type"": """", ""material"": ""XLPE"", ""material_family"": ""ELECTRICAL"", ""material_grade"": ""XLPE INSULATED"", ""material_subtype"": """", ""material_type"": """", ""nominal_size"": """", ""orientation"": """", ""pressure_class"": """", ""rating"": """", ""size"": ""3C X 95 SQ MM"", ""specification"": ""IEC 60502"", ""standard"": ""IEC 60502"", ""unit"": ""MTR""}",Coal India;IOCL,2,VERIFIED_HARMONIZED,1.0,a4dd0118efdece13cc8667186704ef98401eb6f1c0b7843b159d2a0438fffc4e,,,
CMM-ELECTR-A51F59-001,CMM-ELECTR-A51F59-001,ELECTRICAL | COPPER WOUND | 11 KV | IS 12615,ELECTRICAL,,COPPER WOUND,11 KV,,IS 12615,MTR,"{""connection_type"": """", ""construction"": """", ""end_type"": """", ""material"": """", ""material_family"": ""ELECTRICAL"", ""material_grade"": ""COPPER WOUND"", ""material_subtype"": """", ""material_type"": """", ""nominal_size"": """", ""orientation"": """", ""pressure_class"": """", ""rating"": """", ""size"": ""11 KV"", ""specification"": ""IS 12615"", ""standard"": ""IS 12615"", ""unit"": ""MTR""}",SAIL,1,STANDALONE_CANDIDATE,1.0,a51f592ba0206eb11cc59a30994fa1aeaacab42fe88efc7a918a991efee79b3d,,,
CMM-ELECTR-A55AE9-001,CMM-ELECTR-A55AE9-001,ELECTRICAL | COPPER WOUND | 6.6 KV | IS 12615,ELECTRICAL,,COPPER WOUND,6.6 KV,,IS 12615,MTR,"{""connection_type"": """", ""construction"": """", ""end_type"": """", ""material"": """", ""material_family"": ""ELECTRICAL"", ""material_grade"": ""COPPER WOUND"", ""material_subtype"": """", ""material_type"": """", ""nominal_size"": """", ""orientation"": """", ""pressure_class"": """", ""rating"": """", ""size"": ""6.6 KV"", ""specification"": ""IS 12615"", ""standard"": ""IS 12615"", ""unit"": ""MTR""}",NTPC,1,STANDALONE_CANDIDATE,1.0,a55ae91fdd631417ef030125a44def43a8970de9c6295c6dbfda0d425ea041dd,,,
CMM-ELECTR-A59129-001,CMM-ELECTR-A59129-001,ELECTRICAL | COPPER WOUND | 11 KV | IS 12615,ELECTRICAL,,COPPER WOUND,11 KV,,IS 12615,MTR,"{""connection_type"": """", ""construction"": """", ""end_type"": """", ""material"": """", ""material_family"": ""ELECTRICAL"", ""material_grade"": ""COPPER WOUND"", ""material_subtype"": """", ""material_type"": """", ""nominal_size"": """", ""orientation"": """", ""pressure_class"": """", ""rating"": """", ""size"": ""11 KV"", ""specification"": ""IS 12615"", ""standard"": ""IS 12615"", ""unit"": ""MTR""}",SAIL,1,STANDALONE_CANDIDATE,1.0,a591291c2c56f1fe765821f336efd181c48d1466d43d400e450511e43ca41993,,,
CMM-ELECTR-A88B61-001,CMM-ELECTR-A88B61-001,ELECTRICAL | COPPER | 11 KV | IS 12066,ELECTRICAL,,COPPER,11 KV,,IS 12066,MTR,"{""connection_type"": """", ""construction"": """", ""end_type"": """", ""material"": """", ""material_family"": ""ELECTRICAL"", ""material_grade"": ""COPPER"", ""material_subtype"": """", ""material_type"": """", ""nominal_size"": """", ""orientation"": """", ""pressure_class"": """", ""rating"": """", ""size"": ""11 KV"", ""specification"": ""IS 12066"", ""standard"": ""IS 12066"", ""unit"": ""MTR""}",BHEL,1,STANDALONE_CANDIDATE,1.0,a88b6140398b7872a281aa4e8f4d7cf81b6ddfb8dd676a2b408899057b464d27,,,
CMM-ELECTR-A89663-001,CMM-ELECTR-A89663-001,ELECTRICAL | COPPER | 11 KV | IS 12066,ELECTRICAL,,COPPER,11 KV,,IS 12066,MTR,"{""connection_type"": """", ""construction"": """", ""end_type"": """", ""material"": """", ""material_family"": ""ELECTRICAL"", ""material_grade"": ""COPPER"", ""material_subtype"": """", ""material_type"": """", ""nominal_size"": """", ""orientation"": """", ""pressure_class"": """", ""rating"": """", ""size"": ""11 KV"", ""specification"": ""IS 12066"", ""standard"": ""IS 12066"", ""unit"": ""MTR""}",BHEL,1,STANDALONE_CANDIDATE,1.0,a896631b19860e0d8ec0f73f41df5cccc51b02d7aeb4c689b3b2199d855adc3e,,,
CMM-ELECTR-AA84A6-001,CMM-ELECTR-AA84A6-001,ELECTRICAL | COPPER WOUND | 6.6 KV | IS 12615,ELECTRICAL,,COPPER WOUND,6.6 KV,,IS 12615,MTR,"{""connection_type"": """", ""construction"": """", ""end_type"": """", ""material"": """", ""material_family"": ""ELECTRICAL"", ""material_grade"": ""COPPER WOUND"", ""material_subtype"": """", ""material_type"": """", ""nominal_size"": """", ""orientation"": """", ""pressure_class"": """", ""rating"": """", ""size"": ""6.6 KV"", ""specification"": ""IS 12615"", ""standard"": ""IS 12615"", ""unit"": ""MTR""}",NTPC,1,STANDALONE_CANDIDATE,1.0,aa84a675de20b0a6edbde192c9aa8ff6e94da4e2ad6ded66c29851012d695ab3,,,
CMM-ELECTR-AD1990-001,CMM-ELECTR-AD1990-001,ELECTRICAL | COPPER WOUND | 6.6 KV | IS 12615,ELECTRICAL,,COPPER WOUND,6.6 KV,,IS 12615,MTR,"{""connection_type"": """", ""construction"": """", ""end_type"": """", ""material"": """", ""material_family"": ""ELECTRICAL"", ""material_grade"": ""COPPER WOUND"", ""material_subtype"": """", ""material_type"": """", ""nominal_size"": """", ""orientation"": """", ""pressure_class"": """", ""rating"": """", ""size"": ""6.6 KV"", ""specification"": ""IS 12615"", ""standard"": ""IS 12615"", ""unit"": ""MTR""}",NTPC,1,STANDALONE_CANDIDATE,1.0,ad199063f897d49555d5cfc1ef8c173fa30403d4ae1bd97f6c8a8b3a0fe5ecd6,,,
CMM-ELECTR-AD2D59-001,CMM-ELECTR-AD2D59-001,ELECTRICAL | CABLE | XLPE INSULATED | 4C X 25 SQ MM | IEC 60502,ELECTRICAL,CABLE,XLPE INSULATED,4C X 25 SQ MM,,IEC 60502,MTR,"{""connection_type"": """", ""construction"": """", ""end_type"": """", ""material"": ""XLPE"", ""material_family"": ""ELECTRICAL"", ""material_grade"": ""XLPE INSULATED"", ""material_subtype"": """", ""material_type"": ""CABLE"", ""nominal_size"": """", ""orientation"": """", ""pressure_class"": """", ""rating"": """", ""size"": ""4C X 25 SQ MM"", ""specification"": ""IEC 60502"", ""standard"": ""IEC 60502"", ""unit"": ""MTR""}",BHEL;IOCL;NMDC,3,VERIFIED_HARMONIZED,1.0,ad2d59e00f9281a9d84d1a7df611ea830c4d6a0c6e2c71a5f681146bd5684266,,,
CMM-ELECTR-AF05F8-001,CMM-ELECTR-AF05F8-001,ELECTRICAL | COPPER WOUND | 11 KV | IS 12615,ELECTRICAL,,COPPER WOUND,11 KV,,IS 12615,MTR,"{""connection_type"": """", ""construction"": """", ""end_type"": """", ""material"": """", ""material_family"": ""ELECTRICAL"", ""material_grade"": ""COPPER WOUND"", ""material_subtype"": """", ""material_type"": """", ""nominal_size"": """", ""orientation"": """", ""pressure_class"": """", ""rating"": """", ""size"": ""11 KV"", ""specification"": ""IS 12615"", ""standard"": ""IS 12615"", ""unit"": ""MTR""}",SAIL,1,STANDALONE_CANDIDATE,1.0,af05f89027f5d46e7c21ca446395f68bab26248170ca44c6a38519289196c45c,,,
CMM-ELECTR-B09160-001,CMM-ELECTR-B09160-001,ELECTRICAL | COPPER | 11 KV | IS 12066,ELECTRICAL,,COPPER,11 KV,,IS 12066,MTR,"{""connection_type"": """", ""construction"": """", ""end_type"": """", ""material"": """", ""material_family"": ""ELECTRICAL"", ""material_grade"": ""COPPER"", ""material_subtype"": """", ""material_type"": """", ""nominal_size"": """", ""orientation"": """", ""pressure_class"": """", ""rating"": """", ""size"": ""11 KV"", ""specification"": ""IS 12066"", ""standard"": ""IS 12066"", ""unit"": ""MTR""}",BHEL,1,STANDALONE_CANDIDATE,1.0,b09160eed89268db72fa5be88d36e4eaad82a61f3dc1c11f986859ffcb7bc2b4,,,
CMM-ELECTR-B5115D-001,CMM-ELECTR-B5115D-001,ELECTRICAL | COPPER WOUND | 6.6 KV | IS 12615,ELECTRICAL,,COPPER WOUND,6.6 KV,,IS 12615,MTR,"{""connection_type"": """", ""construction"": """", ""end_type"": """", ""material"": """", ""material_family"": ""ELECTRICAL"", ""material_grade"": ""COPPER WOUND"", ""material_subtype"": """", ""material_type"": """", ""nominal_size"": """", ""orientation"": """", ""pressure_class"": """", ""rating"": """", ""size"": ""6.6 KV"", ""specification"": ""IS 12615"", ""standard"": ""IS 12615"", ""unit"": ""MTR""}",NTPC,1,STANDALONE_CANDIDATE,1.0,b5115db03c0ce13e9c215898d6ee2fc4a10c3a4a0d11241eb656a79bd9f2257d,,,
CMM-ELECTR-B6A9F4-001,CMM-ELECTR-B6A9F4-001,ELECTRICAL | COPPER | 11 KV | IS 12066,ELECTRICAL,,COPPER,11 KV,,IS 12066,MTR,"{""connection_type"": """", ""construction"": """", ""end_type"": """", ""material"": """", ""material_family"": ""ELECTRICAL"", ""material_grade"": ""COPPER"", ""material_subtype"": """", ""material_type"": """", ""nominal_size"": """", ""orientation"": """", ""pressure_class"": """", ""rating"": """", ""size"": ""11 KV"", ""specification"": ""IS 12066"", ""standard"": ""IS 12066"", ""unit"": ""MTR""}",BHEL,1,STANDALONE_CANDIDATE,1.0,b6a9f4dc230c75fa80acbdc0875085e8d1cb476085a1f1c78dab3ee8f4d21441,,,
CMM-ELECTR-B8A44C-001,CMM-ELECTR-B8A44C-001,ELECTRICAL | COPPER WOUND | 11 KV | IS 12615,ELECTRICAL,,COPPER WOUND,11 KV,,IS 12615,MTR,"{""connection_type"": """", ""construction"": """", ""end_type"": """", ""material"": """", ""material_family"": ""ELECTRICAL"", ""material_grade"": ""COPPER WOUND"", ""material_subtype"": """", ""material_type"": """", ""nominal_size"": """", ""orientation"": """", ""pressure_class"": """", ""rating"": """", ""size"": ""11 KV"", ""specification"": ""IS 12615"", ""standard"": ""IS 12615"", ""unit"": ""MTR""}",SAIL,1,STANDALONE_CANDIDATE,1.0,b8a44cb223b04abd4bac5da2c05dcc424361232704a708934364127d258c9f52,,,
CMM-ELECTR-BB4F67-001,CMM-ELECTR-BB4F67-001,ELECTRICAL | COPPER WOUND | 11 KV | IS 12615,ELECTRICAL,,COPPER WOUND,11 KV,,IS 12615,MTR,"{""connection_type"": """", ""construction"": """", ""end_type"": """", ""material"": """", ""material_family"": ""ELECTRICAL"", ""material_grade"": ""COPPER WOUND"", ""material_subtype"": """", ""material_type"": """", ""nominal_size"": """", ""orientation"": """", ""pressure_class"": """", ""rating"": """", ""size"": ""11 KV"", ""specification"": ""IS 12615"", ""standard"": ""IS 12615"", ""unit"": ""MTR""}",SAIL,1,STANDALONE_CANDIDATE,1.0,bb4f67da984e6227a1166d4fd8fb4c6d422ef02844353d52ed0e307d6db9d704,,,
CMM-ELECTR-BB66D5-001,CMM-ELECTR-BB66D5-001,ELECTRICAL | COPPER | 415V 100A | IS 7098,ELECTRICAL,,COPPER,415V 100A,,IS 7098,MTR,"{""connection_type"": """", ""construction"": """", ""end_type"": """", ""material"": """", ""material_family"": ""ELECTRICAL"", ""material_grade"": ""COPPER"", ""material_subtype"": """", ""material_type"": """", ""nominal_size"": """", ""orientation"": """", ""pressure_class"": """", ""rating"": """", ""size"": ""415V 100A"", ""specification"": ""IS 7098"", ""standard"": ""IS 7098"", ""unit"": ""MTR""}",NMDC;NTPC,2,VERIFIED_HARMONIZED,1.0,bb66d50e0ae8c4fddf3f369d64745307df3160269090a8926933d56d0c224a16,,,
CMM-ELECTR-BBFFB1-001,CMM-ELECTR-BBFFB1-001,ELECTRICAL | COPPER | 11 KV | IS 12066,ELECTRICAL,,COPPER,11 KV,,IS 12066,MTR,"{""connection_type"": """", ""construction"": """", ""end_type"": """", ""material"": """", ""material_family"": ""ELECTRICAL"", ""material_grade"": ""COPPER"", ""material_subtype"": """", ""material_type"": """", ""nominal_size"": """", ""orientation"": """", ""pressure_class"": """", ""rating"": """", ""size"": ""11 KV"", ""specification"": ""IS 12066"", ""standard"": ""IS 12066"", ""unit"": ""MTR""}",BHEL,1,STANDALONE_CANDIDATE,1.0,bbffb1b3d791551b4de4c2e7f4d2fceca6b060ddc65bc870f6047699470eda96,,,
CMM-ELECTR-BC2BE2-001,CMM-ELECTR-BC2BE2-001,ELECTRICAL | COPPER WOUND | 6.6 KV | IS 12615,ELECTRICAL,,COPPER WOUND,6.6 KV,,IS 12615,MTR,"{""connection_type"": """", ""construction"": """", ""end_type"": """", ""material"": """", ""material_family"": ""ELECTRICAL"", ""material_grade"": ""COPPER WOUND"", ""material_subtype"": """", ""material_type"": """", ""nominal_size"": """", ""orientation"": """", ""pressure_class"": """", ""rating"": """", ""size"": ""6.6 KV"", ""specification"": ""IS 12615"", ""standard"": ""IS 12615"", ""unit"": ""MTR""}",NTPC,1,STANDALONE_CANDIDATE,1.0,bc2be298db2ddb2b6c39fc30a9a0e094a55e5cc1cb43a0c07a773ba27a85faa9,,,
CMM-ELECTR-BF7F37-001,CMM-ELECTR-BF7F37-001,ELECTRICAL | ALUMINIUM | 3C X 95 SQ MM | IS 2026,ELECTRICAL,,ALUMINIUM,3C X 95 SQ MM,,IS 2026,MTR,"{""connection_type"": """", ""construction"": """", ""end_type"": """", ""material"": """", ""material_family"": ""ELECTRICAL"", ""material_grade"": ""ALUMINIUM"", ""material_subtype"": """", ""material_type"": """", ""nominal_size"": """", ""orientation"": """", ""pressure_class"": """", ""rating"": """", ""size"": ""3C X 95 SQ MM"", ""specification"": ""IS 2026"", ""standard"": ""IS 2026"", ""unit"": ""MTR""}",HPCL;SAIL,2,VERIFIED_HARMONIZED,1.0,bf7f3700f756e58ca4845633cc549d00fb780e663b27fc764a6508c35e16e9e1,,,
CMM-ELECTR-C2208E-001,CMM-ELECTR-C2208E-001,ELECTRICAL | ALUMINIUM | 4C X 25 SQ MM | IS 13947,ELECTRICAL,,ALUMINIUM,4C X 25 SQ MM,,IS 13947,MTR,"{""connection_type"": """", ""construction"": """", ""end_type"": """", ""material"": """", ""material_family"": ""ELECTRICAL"", ""material_grade"": ""ALUMINIUM"", ""material_subtype"": """", ""material_type"": """", ""nominal_size"": """", ""orientation"": """", ""pressure_class"": """", ""rating"": """", ""size"": ""4C X 25 SQ MM"", ""specification"": ""IS 13947"", ""standard"": ""IS 13947"", ""unit"": ""MTR""}",Coal India;HPCL;NMDC;SAIL,4,VERIFIED_HARMONIZED,1.0,c2208ed2d477875142a7653b6d1efff09d1dbf655494f62db6fdca265b7ee6c6,,,
CMM-ELECTR-C25892-001,CMM-ELECTR-C25892-001,ELECTRICAL | COPPER WOUND | 6.6 KV | IS 12615,ELECTRICAL,,COPPER WOUND,6.6 KV,,IS 12615,MTR,"{""connection_type"": """", ""construction"": """", ""end_type"": """", ""material"": """", ""material_family"": ""ELECTRICAL"", ""material_grade"": ""COPPER WOUND"", ""material_subtype"": """", ""material_type"": """", ""nominal_size"": """", ""orientation"": """", ""pressure_class"": """", ""rating"": """", ""size"": ""6.6 KV"", ""specification"": ""IS 12615"", ""standard"": ""IS 12615"", ""unit"": ""MTR""}",NTPC,1,STANDALONE_CANDIDATE,1.0,c258926495c82981b4d6614d6b4182370f7afab87959731cb67402f4d50e5e5f,,,
CMM-ELECTR-C32643-001,CMM-ELECTR-C32643-001,ELECTRICAL | COPPER WOUND | 6.6 KV | IS 12615,ELECTRICAL,,COPPER WOUND,6.6 KV,,IS 12615,MTR,"{""connection_type"": """", ""construction"": """", ""end_type"": """", ""material"": """", ""material_family"": ""ELECTRICAL"", ""material_grade"": ""COPPER WOUND"", ""material_subtype"": """", ""material_type"": """", ""nominal_size"": """", ""orientation"": """", ""pressure_class"": """", ""rating"": """", ""size"": ""6.6 KV"", ""specification"": ""IS 12615"", ""standard"": ""IS 12615"", ""unit"": ""MTR""}",NTPC,1,STANDALONE_CANDIDATE,1.0,c32643fe77fd2ae607a0c51ebf4d1e216cefd0dca49aab68b8e732171c69756d,,,
CMM-ELECTR-C3E195-001,CMM-ELECTR-C3E195-001,ELECTRICAL | XLPE INSULATED | 415V 100A | IEC 60502,ELECTRICAL,,XLPE INSULATED,415V 100A,,IEC 60502,MTR,"{""connection_type"": """", ""construction"": """", ""end_type"": """", ""material"": ""XLPE"", ""material_family"": ""ELECTRICAL"", ""material_grade"": ""XLPE INSULATED"", ""material_subtype"": """", ""material_type"": """", ""nominal_size"": """", ""orientation"": """", ""pressure_class"": """", ""rating"": """", ""size"": ""415V 100A"", ""specification"": ""IEC 60502"", ""standard"": ""IEC 60502"", ""unit"": ""MTR""}",BHEL;ONGC,2,VERIFIED_HARMONIZED,1.0,c3e195c85eafbc60e909f93be531f7c7f71765cd8f1c5bb7ef4333cbce2b6d1a,,,
CMM-ELECTR-C565E9-001,CMM-ELECTR-C565E9-001,ELECTRICAL | ALUMINIUM | 1C X 300 SQ MM | IEC 60502,ELECTRICAL,,ALUMINIUM,1C X 300 SQ MM,,IEC 60502,MTR,"{""connection_type"": """", ""construction"": """", ""end_type"": """", ""material"": """", ""material_family"": ""ELECTRICAL"", ""material_grade"": ""ALUMINIUM"", ""material_subtype"": """", ""material_type"": """", ""nominal_size"": """", ""orientation"": """", ""pressure_class"": """", ""rating"": """", ""size"": ""1C X 300 SQ MM"", ""specification"": ""IEC 60502"", ""standard"": ""IEC 60502"", ""unit"": ""MTR""}",BHEL;Coal India;IOCL;NMDC,4,VERIFIED_HARMONIZED,1.0,c565e90580a97a8330260392bd23a3f31fbc561b152035be0530d201dd505f2e,,,
CMM-ELECTR-C6915F-001,CMM-ELECTR-C6915F-001,ELECTRICAL | COPPER WOUND | 11 KV | IS 12615,ELECTRICAL,,COPPER WOUND,11 KV,,IS 12615,MTR,"{""connection_type"": """", ""construction"": """", ""end_type"": """", ""material"": """", ""material_family"": ""ELECTRICAL"", ""material_grade"": ""COPPER WOUND"", ""material_subtype"": """", ""material_type"": """", ""nominal_size"": """", ""orientation"": """", ""pressure_class"": """", ""rating"": """", ""size"": ""11 KV"", ""specification"": ""IS 12615"", ""standard"": ""IS 12615"", ""unit"": ""MTR""}",SAIL,1,STANDALONE_CANDIDATE,1.0,c6915fa1fe3a87c65a65425be5461224f6b77426840dc9972571c9735fe4eab1,,,
CMM-ELECTR-C727C7-001,CMM-ELECTR-C727C7-001,ELECTRICAL | COPPER WOUND | 11 KV | IS 12615,ELECTRICAL,,COPPER WOUND,11 KV,,IS 12615,MTR,"{""connection_type"": """", ""construction"": """", ""end_type"": """", ""material"": """", ""material_family"": ""ELECTRICAL"", ""material_grade"": ""COPPER WOUND"", ""material_subtype"": """", ""material_type"": """", ""nominal_size"": """", ""orientation"": """", ""pressure_class"": """", ""rating"": """", ""size"": ""11 KV"", ""specification"": ""IS 12615"", ""standard"": ""IS 12615"", ""unit"": ""MTR""}",SAIL,1,STANDALONE_CANDIDATE,1.0,c727c7380291d0f9ee957253cad0d05a0e0e74d4938d141e84873f0c9b7c5b7b,,,
CMM-ELECTR-CB50EA-001,CMM-ELECTR-CB50EA-001,ELECTRICAL | COPPER WOUND | 6.6 KV | IS 12615,ELECTRICAL,,COPPER WOUND,6.6 KV,,IS 12615,MTR,"{""connection_type"": """", ""construction"": """", ""end_type"": """", ""material"": """", ""material_family"": ""ELECTRICAL"", ""material_grade"": ""COPPER WOUND"", ""material_subtype"": """", ""material_type"": """", ""nominal_size"": """", ""orientation"": """", ""pressure_class"": """", ""rating"": """", ""size"": ""6.6 KV"", ""specification"": ""IS 12615"", ""standard"": ""IS 12615"", ""unit"": ""MTR""}",NTPC,1,STANDALONE_CANDIDATE,1.0,cb50ea2a715ade0838fd782ddbb22995dad40203f7a2a8e704ac0b0e682ae76b,,,
CMM-ELECTR-CD68BD-001,CMM-ELECTR-CD68BD-001,ELECTRICAL | COPPER WOUND | 6.6 KV | IS 12615,ELECTRICAL,,COPPER WOUND,6.6 KV,,IS 12615,MTR,"{""connection_type"": """", ""construction"": """", ""end_type"": """", ""material"": """", ""material_family"": ""ELECTRICAL"", ""material_grade"": ""COPPER WOUND"", ""material_subtype"": """", ""material_type"": """", ""nominal_size"": """", ""orientation"": """", ""pressure_class"": """", ""rating"": """", ""size"": ""6.6 KV"", ""specification"": ""IS 12615"", ""standard"": ""IS 12615"", ""unit"": ""MTR""}",NTPC,1,STANDALONE_CANDIDATE,1.0,cd68bdff15588ef6a521c4da5d2b3b90b0a9905e4f752337d6ce1c63e5b25148,,,
CMM-ELECTR-CE652D-001,CMM-ELECTR-CE652D-001,ELECTRICAL | XLPE INSULATED | 4C X 25 SQ MM | IS 2026,ELECTRICAL,,XLPE INSULATED,4C X 25 SQ MM,,IS 2026,MTR,"{""connection_type"": """", ""construction"": """", ""end_type"": """", ""material"": ""XLPE"", ""material_family"": ""ELECTRICAL"", ""material_grade"": ""XLPE INSULATED"", ""material_subtype"": """", ""material_type"": """", ""nominal_size"": """", ""orientation"": """", ""pressure_class"": """", ""rating"": """", ""size"": ""4C X 25 SQ MM"", ""specification"": ""IS 2026"", ""standard"": ""IS 2026"", ""unit"": ""MTR""}",NMDC;ONGC;SAIL,3,VERIFIED_HARMONIZED,1.0,ce652d9559cae447a080a951eeae256417f9ad02a3077bcd0fde9cd990427d6e,,,
CMM-ELECTR-CFAB35-001,CMM-ELECTR-CFAB35-001,ELECTRICAL | CABLE | XLPE INSULATED | 415V 100A | IS 13947,ELECTRICAL,CABLE,XLPE INSULATED,415V 100A,,IS 13947,MTR,"{""connection_type"": """", ""construction"": """", ""end_type"": """", ""material"": ""XLPE"", ""material_family"": ""ELECTRICAL"", ""material_grade"": ""XLPE INSULATED"", ""material_subtype"": """", ""material_type"": ""CABLE"", ""nominal_size"": """", ""orientation"": """", ""pressure_class"": """", ""rating"": """", ""size"": ""415V 100A"", ""specification"": ""IS 13947"", ""standard"": ""IS 13947"", ""unit"": ""MTR""}",ONGC;SAIL,2,VERIFIED_HARMONIZED,1.0,cfab355afd9640b3656cfbacd34d05bd7be4d08bb5936720289809a968bd1b20,,,
CMM-ELECTR-D40B8A-001,CMM-ELECTR-D40B8A-001,ELECTRICAL | COPPER | 11 KV | IS 12066,ELECTRICAL,,COPPER,11 KV,,IS 12066,MTR,"{""connection_type"": """", ""construction"": """", ""end_type"": """", ""material"": """", ""material_family"": ""ELECTRICAL"", ""material_grade"": ""COPPER"", ""material_subtype"": """", ""material_type"": """", ""nominal_size"": """", ""orientation"": """", ""pressure_class"": """", ""rating"": """", ""size"": ""11 KV"", ""specification"": ""IS 12066"", ""standard"": ""IS 12066"", ""unit"": ""MTR""}",BHEL,1,STANDALONE_CANDIDATE,1.0,d40b8ad14f44e2e73264443a123a3ce1df1fdaf9cfc60a30499e665159cc0b20,,,
CMM-ELECTR-D40DD1-001,CMM-ELECTR-D40DD1-001,ELECTRICAL | COPPER WOUND | 11 KV | IS 12615,ELECTRICAL,,COPPER WOUND,11 KV,,IS 12615,MTR,"{""connection_type"": """", ""construction"": """", ""end_type"": """", ""material"": """", ""material_family"": ""ELECTRICAL"", ""material_grade"": ""COPPER WOUND"", ""material_subtype"": """", ""material_type"": """", ""nominal_size"": """", ""orientation"": """", ""pressure_class"": """", ""rating"": """", ""size"": ""11 KV"", ""specification"": ""IS 12615"", ""standard"": ""IS 12615"", ""unit"": ""MTR""}",SAIL,1,STANDALONE_CANDIDATE,1.0,d40dd1fd12d643c4c72c0b03ce84d4576bbca9bb704538737f85540ab7ad8e15,,,
CMM-ELECTR-D852DA-001,CMM-ELECTR-D852DA-001,ELECTRICAL | ALUMINIUM | 4C X 25 SQ MM | IS 13947,ELECTRICAL,,ALUMINIUM,4C X 25 SQ MM,,IS 13947,MTR,"{""connection_type"": """", ""construction"": """", ""end_type"": """", ""material"": """", ""material_family"": ""ELECTRICAL"", ""material_grade"": ""ALUMINIUM"", ""material_subtype"": """", ""material_type"": """", ""nominal_size"": """", ""orientation"": """", ""pressure_class"": """", ""rating"": """", ""size"": ""4C X 25 SQ MM"", ""specification"": ""IS 13947"", ""standard"": ""IS 13947"", ""unit"": ""MTR""}",Coal India;SAIL,2,VERIFIED_HARMONIZED,1.0,d852dafa87597b0ae98f829e23d880892cd55e3e9ffff214e1e20736b1d42c61,,,
CMM-ELECTR-DA06F7-001,CMM-ELECTR-DA06F7-001,ELECTRICAL | COPPER WOUND | 11 KV | IS 12615,ELECTRICAL,,COPPER WOUND,11 KV,,IS 12615,MTR,"{""connection_type"": """", ""construction"": """", ""end_type"": """", ""material"": """", ""material_family"": ""ELECTRICAL"", ""material_grade"": ""COPPER WOUND"", ""material_subtype"": """", ""material_type"": """", ""nominal_size"": """", ""orientation"": """", ""pressure_class"": """", ""rating"": """", ""size"": ""11 KV"", ""specification"": ""IS 12615"", ""standard"": ""IS 12615"", ""unit"": ""MTR""}",SAIL,1,STANDALONE_CANDIDATE,1.0,da06f709e00e9fbada12e6053a2092a91eb839b3123daea14ed862e0424d7733,,,
CMM-ELECTR-DAC0B1-001,CMM-ELECTR-DAC0B1-001,ELECTRICAL | COPPER WOUND | 11 KV | IS 12615,ELECTRICAL,,COPPER WOUND,11 KV,,IS 12615,MTR,"{""connection_type"": """", ""construction"": """", ""end_type"": """", ""material"": """", ""material_family"": ""ELECTRICAL"", ""material_grade"": ""COPPER WOUND"", ""material_subtype"": """", ""material_type"": """", ""nominal_size"": """", ""orientation"": """", ""pressure_class"": """", ""rating"": """", ""size"": ""11 KV"", ""specification"": ""IS 12615"", ""standard"": ""IS 12615"", ""unit"": ""MTR""}",SAIL,1,STANDALONE_CANDIDATE,1.0,dac0b1312f53e62eee22fc12f79f1d3428c81be1ce0c7d6c782a1a73ea24ff2f,,,
CMM-ELECTR-E2BC3C-001,CMM-ELECTR-E2BC3C-001,ELECTRICAL | COPPER WOUND | 6.6 KV | IS 12615,ELECTRICAL,,COPPER WOUND,6.6 KV,,IS 12615,MTR,"{""connection_type"": """", ""construction"": """", ""end_type"": """", ""material"": """", ""material_family"": ""ELECTRICAL"", ""material_grade"": ""COPPER WOUND"", ""material_subtype"": """", ""material_type"": """", ""nominal_size"": """", ""orientation"": """", ""pressure_class"": """", ""rating"": """", ""size"": ""6.6 KV"", ""specification"": ""IS 12615"", ""standard"": ""IS 12615"", ""unit"": ""MTR""}",NTPC,1,STANDALONE_CANDIDATE,1.0,e2bc3c02e239fd9f37b3bfca804df5a723941a262212c72e4dbeb77524b5bb63,,,
CMM-ELECTR-E39403-001,CMM-ELECTR-E39403-001,ELECTRICAL | COPPER WOUND | 6.6 KV | IS 12615,ELECTRICAL,,COPPER WOUND,6.6 KV,,IS 12615,MTR,"{""connection_type"": """", ""construction"": """", ""end_type"": """", ""material"": """", ""material_family"": ""ELECTRICAL"", ""material_grade"": ""COPPER WOUND"", ""material_subtype"": """", ""material_type"": """", ""nominal_size"": """", ""orientation"": """", ""pressure_class"": """", ""rating"": """", ""size"": ""6.6 KV"", ""specification"": ""IS 12615"", ""standard"": ""IS 12615"", ""unit"": ""MTR""}",NTPC,1,STANDALONE_CANDIDATE,1.0,e39403d8f8b6d3d34965276611346e9cd4d0f960b63fdfa09c3017d1c5de4d9d,,,
CMM-ELECTR-E5BD1D-001,CMM-ELECTR-E5BD1D-001,ELECTRICAL | COPPER | 11 KV | IS 12066,ELECTRICAL,,COPPER,11 KV,,IS 12066,MTR,"{""connection_type"": """", ""construction"": """", ""end_type"": """", ""material"": """", ""material_family"": ""ELECTRICAL"", ""material_grade"": ""COPPER"", ""material_subtype"": """", ""material_type"": """", ""nominal_size"": """", ""orientation"": """", ""pressure_class"": """", ""rating"": """", ""size"": ""11 KV"", ""specification"": ""IS 12066"", ""standard"": ""IS 12066"", ""unit"": ""MTR""}",BHEL,1,STANDALONE_CANDIDATE,1.0,e5bd1d4d45c81a1563173c948ddc50044355561091398cf3dda491495db9cc3c,,,
CMM-ELECTR-E728FA-001,CMM-ELECTR-E728FA-001,ELECTRICAL | COPPER | 415V 100A | IS 13947,ELECTRICAL,,COPPER,415V 100A,,IS 13947,MTR,"{""connection_type"": """", ""construction"": """", ""end_type"": """", ""material"": """", ""material_family"": ""ELECTRICAL"", ""material_grade"": ""COPPER"", ""material_subtype"": """", ""material_type"": """", ""nominal_size"": """", ""orientation"": """", ""pressure_class"": """", ""rating"": """", ""size"": ""415V 100A"", ""specification"": ""IS 13947"", ""standard"": ""IS 13947"", ""unit"": ""MTR""}",BHEL;Coal India;HPCL;IOCL;NTPC;ONGC;SAIL,8,AMBIGUOUS_REVIEW_REQUIRED,1.0,e728faea34f189fed9cde3a295c9679159f7e9546d49036fbc2e0fbecbd99ba2,,,
CMM-ELECTR-ECDA08-001,CMM-ELECTR-ECDA08-001,ELECTRICAL | COPPER | 11 KV | IS 12066,ELECTRICAL,,COPPER,11 KV,,IS 12066,MTR,"{""connection_type"": """", ""construction"": """", ""end_type"": """", ""material"": """", ""material_family"": ""ELECTRICAL"", ""material_grade"": ""COPPER"", ""material_subtype"": """", ""material_type"": """", ""nominal_size"": """", ""orientation"": """", ""pressure_class"": """", ""rating"": """", ""size"": ""11 KV"", ""specification"": ""IS 12066"", ""standard"": ""IS 12066"", ""unit"": ""MTR""}",BHEL,1,STANDALONE_CANDIDATE,1.0,ecda08ccba3395a53d655cc03aab39d0d32eb56e4d890f5b29ac8078bd37dced,,,
CMM-ELECTR-F33EAC-001,CMM-ELECTR-F33EAC-001,ELECTRICAL | COPPER WOUND | 11 KV | IS 12615,ELECTRICAL,,COPPER WOUND,11 KV,,IS 12615,MTR,"{""connection_type"": """", ""construction"": """", ""end_type"": """", ""material"": """", ""material_family"": ""ELECTRICAL"", ""material_grade"": ""COPPER WOUND"", ""material_subtype"": """", ""material_type"": """", ""nominal_size"": """", ""orientation"": """", ""pressure_class"": """", ""rating"": """", ""size"": ""11 KV"", ""specification"": ""IS 12615"", ""standard"": ""IS 12615"", ""unit"": ""MTR""}",SAIL,1,STANDALONE_CANDIDATE,1.0,f33eac3a8312fe5b056ee9dc93f0895dc7b476cf9d8cc7aaac65a1027750b50c,,,
CMM-ELECTR-F3C541-001,CMM-ELECTR-F3C541-001,ELECTRICAL | COPPER WOUND | 6.6 KV | IS 12615,ELECTRICAL,,COPPER WOUND,6.6 KV,,IS 12615,MTR,"{""connection_type"": """", ""construction"": """", ""end_type"": """", ""material"": """", ""material_family"": ""ELECTRICAL"", ""material_grade"": ""COPPER WOUND"", ""material_subtype"": """", ""material_type"": """", ""nominal_size"": """", ""orientation"": """", ""pressure_class"": """", ""rating"": """", ""size"": ""6.6 KV"", ""specification"": ""IS 12615"", ""standard"": ""IS 12615"", ""unit"": ""MTR""}",NTPC,1,STANDALONE_CANDIDATE,1.0,f3c541824d19278e934b1cda2b0f2b5cf2d435ec5f32cad17bcd17760eb19cac,,,
CMM-ELECTR-F75684-001,CMM-ELECTR-F75684-001,ELECTRICAL | COPPER WOUND | 11 KV | IS 12615,ELECTRICAL,,COPPER WOUND,11 KV,,IS 12615,MTR,"{""connection_type"": """", ""construction"": """", ""end_type"": """", ""material"": """", ""material_family"": ""ELECTRICAL"", ""material_grade"": ""COPPER WOUND"", ""material_subtype"": """", ""material_type"": """", ""nominal_size"": """", ""orientation"": """", ""pressure_class"": """", ""rating"": """", ""size"": ""11 KV"", ""specification"": ""IS 12615"", ""standard"": ""IS 12615"", ""unit"": ""MTR""}",SAIL,1,STANDALONE_CANDIDATE,1.0,f7568402dc72b20754d0e80db212f68baa7e8fc080b15d3d26080e2dee3e4582,,,
CMM-ELECTR-FAAACF-001,CMM-ELECTR-FAAACF-001,ELECTRICAL | COPPER | 11 KV | IS 12066,ELECTRICAL,,COPPER,11 KV,,IS 12066,MTR,"{""connection_type"": """", ""construction"": """", ""end_type"": """", ""material"": """", ""material_family"": ""ELECTRICAL"", ""material_grade"": ""COPPER"", ""material_subtype"": """", ""material_type"": """", ""nominal_size"": """", ""orientation"": """", ""pressure_class"": """", ""rating"": """", ""size"": ""11 KV"", ""specification"": ""IS 12066"", ""standard"": ""IS 12066"", ""unit"": ""MTR""}",BHEL,1,STANDALONE_CANDIDATE,1.0,faaacfc791571af7b09a62717652f3ad0ff984c9180088f9ea46808f42dbb43c,,,
CMM-ELECTR-FB578D-001,CMM-ELECTR-FB578D-001,ELECTRICAL | COPPER WOUND | 6.6 KV | IS 12615,ELECTRICAL,,COPPER WOUND,6.6 KV,,IS 12615,MTR,"{""connection_type"": """", ""construction"": """", ""end_type"": """", ""material"": """", ""material_family"": ""ELECTRICAL"", ""material_grade"": ""COPPER WOUND"", ""material_subtype"": """", ""material_type"": """", ""nominal_size"": """", ""orientation"": """", ""pressure_class"": """", ""rating"": """", ""size"": ""6.6 KV"", ""specification"": ""IS 12615"", ""standard"": ""IS 12615"", ""unit"": ""MTR""}",NTPC,1,STANDALONE_CANDIDATE,1.0,fb578d9ac56aaae8cdfd8b8ac6b6b7de7b2787790e22fb9f6d48ae257158849d,,,
CMM-ELECTR-FD0485-001,CMM-ELECTR-FD0485-001,ELECTRICAL | COPPER | 3C X 95 SQ MM | IS 7098,ELECTRICAL,,COPPER,3C X 95 SQ MM,,IS 7098,MTR,"{""connection_type"": """", ""construction"": """", ""end_type"": """", ""material"": """", ""material_family"": ""ELECTRICAL"", ""material_grade"": ""COPPER"", ""material_subtype"": """", ""material_type"": """", ""nominal_size"": """", ""orientation"": """", ""pressure_class"": """", ""rating"": """", ""size"": ""3C X 95 SQ MM"", ""specification"": ""IS 7098"", ""standard"": ""IS 7098"", ""unit"": ""MTR""}",IOCL;SAIL,2,VERIFIED_HARMONIZED,1.0,fd0485354df349539c1259258849cc12e07286c2c946497539e8b7c52b345243,,,
CMM-FASTNR-0169A7-001,CMM-FASTNR-0169A7-001,FASTENER | BOLT | GRADE 10.9 | M16 X 65 | ASTM A193,FASTENER,BOLT,GRADE 10.9,M16 X 65,,ASTM A193,KG,"{""connection_type"": """", ""construction"": """", ""end_type"": """", ""material"": """", ""material_family"": ""FASTENER"", ""material_grade"": ""GRADE 10.9"", ""material_subtype"": """", ""material_type"": ""BOLT"", ""nominal_size"": """", ""orientation"": """", ""pressure_class"": """", ""rating"": """", ""size"": ""M16 X 65"", ""specification"": ""ASTM A193"", ""standard"": ""ASTM A193"", ""unit"": ""KG""}",NTPC,1,STANDALONE_CANDIDATE,1.0,0169a735d64d0f1378f8350dcfffc0167ed0c76f2ce27fd86daf7371d3d00b06,,,
CMM-FASTNR-04310E-001,CMM-FASTNR-04310E-001,FASTENER | MANGANESE STEEL | M24 X 100 | IS 4772,FASTENER,,MANGANESE STEEL,M24 X 100,,IS 4772,NOS,"{""connection_type"": """", ""construction"": """", ""end_type"": """", ""material"": """", ""material_family"": ""FASTENER"", ""material_grade"": ""MANGANESE STEEL"", ""material_subtype"": """", ""material_type"": """", ""nominal_size"": """", ""orientation"": """", ""pressure_class"": """", ""rating"": """", ""size"": ""M24 X 100"", ""specification"": ""IS 4772"", ""standard"": ""IS 4772"", ""unit"": ""NOS""}",NMDC,1,STANDALONE_CANDIDATE,1.0,04310e4e7d37dd30cc3ca6e2246cbdfa6d4a10bba14f28668fd0f251ca13cf04,,,
CMM-FASTNR-0448D7-001,CMM-FASTNR-0448D7-001,FASTENER | MANGANESE STEEL | M24 X 100 | IS 4772,FASTENER,,MANGANESE STEEL,M24 X 100,,IS 4772,NOS,"{""connection_type"": """", ""construction"": """", ""end_type"": """", ""material"": """", ""material_family"": ""FASTENER"", ""material_grade"": ""MANGANESE STEEL"", ""material_subtype"": """", ""material_type"": """", ""nominal_size"": """", ""orientation"": """", ""pressure_class"": """", ""rating"": """", ""size"": ""M24 X 100"", ""specification"": ""IS 4772"", ""standard"": ""IS 4772"", ""unit"": ""NOS""}",NMDC,1,STANDALONE_CANDIDATE,1.0,0448d7b5b4b35958f54d779fcd5a6fe3c8bdc11b31d73bd5ecb471ac50506a5a,,,
CMM-FASTNR-04A814-001,CMM-FASTNR-04A814-001,FASTENER | NUT | GRADE 8.8 | M10 X 40 | ASME B18.2,FASTENER,NUT,GRADE 8.8,M10 X 40,,ASME B18.2,NOS,"{""connection_type"": """", ""construction"": """", ""end_type"": """", ""material"": """", ""material_family"": ""FASTENER"", ""material_grade"": ""GRADE 8.8"", ""material_subtype"": ""HEX"", ""material_type"": ""NUT"", ""nominal_size"": """", ""orientation"": """", ""pressure_class"": """", ""rating"": """", ""size"": ""M10 X 40"", ""specification"": ""ASME B18.2.1"", ""standard"": ""ASME B18.2"", ""unit"": ""NOS""}",Coal India,1,STANDALONE_CANDIDATE,1.0,04a81427fc36f100815126a1f9ab31c0ad58162f324d92c23017cd52dff847b5,,,
CMM-FASTNR-0877CE-001,CMM-FASTNR-0877CE-001,FASTENER | MANGANESE STEEL | M24 X 100 | IS 4772,FASTENER,,MANGANESE STEEL,M24 X 100,,IS 4772,NOS,"{""connection_type"": """", ""construction"": """", ""end_type"": """", ""material"": """", ""material_family"": ""FASTENER"", ""material_grade"": ""MANGANESE STEEL"", ""material_subtype"": """", ""material_type"": """", ""nominal_size"": """", ""orientation"": """", ""pressure_class"": """", ""rating"": """", ""size"": ""M24 X 100"", ""specification"": ""IS 4772"", ""standard"": ""IS 4772"", ""unit"": ""NOS""}",NMDC,1,STANDALONE_CANDIDATE,1.0,0877ceae83a11dde2938fc3f4eeb95c0037e254f7bd8bafcf5ed7aa53ee3b10a,,,
CMM-FASTNR-08B7CC-001,CMM-FASTNR-08B7CC-001,FASTENER | MANGANESE STEEL | M24 X 100 | IS 4772,FASTENER,,MANGANESE STEEL,M24 X 100,,IS 4772,NOS,"{""connection_type"": """", ""construction"": """", ""end_type"": """", ""material"": """", ""material_family"": ""FASTENER"", ""material_grade"": ""MANGANESE STEEL"", ""material_subtype"": """", ""material_type"": """", ""nominal_size"": """", ""orientation"": """", ""pressure_class"": """", ""rating"": """", ""size"": ""M24 X 100"", ""specification"": ""IS 4772"", ""standard"": ""IS 4772"", ""unit"": ""NOS""}",NMDC,1,STANDALONE_CANDIDATE,1.0,08b7ccee13acff0b1c5d14d8bed19fa226179baa69978dea47fa3a8fc5b65773,,,
CMM-FASTNR-08DB7F-001,CMM-FASTNR-08DB7F-001,FASTENER | WASHER | CARBON STEEL | M24 X 100 | ASME B18.2,FASTENER,WASHER,CARBON STEEL,M24 X 100,,ASME B18.2,NOS,"{""connection_type"": """", ""construction"": """", ""end_type"": """", ""material"": ""CARBON STEEL"", ""material_family"": ""FASTENER"", ""material_grade"": ""CARBON STEEL"", ""material_subtype"": """", ""material_type"": ""WASHER"", ""nominal_size"": """", ""orientation"": """", ""pressure_class"": """", ""rating"": """", ""size"": ""M24 X 100"", ""specification"": ""ASME B18.2.1"", ""standard"": ""ASME B18.2"", ""unit"": ""NOS""}",IOCL,1,STANDALONE_CANDIDATE,1.0,08db7f9ad6e22e2551a66775f7a6da63529691a275552295868c64fe7254c6c3,,,
CMM-FASTNR-0959AF-001,CMM-FASTNR-0959AF-001,FASTENER | BOLT | CARBON STEEL | M24 X 100 | DIN 931,FASTENER,BOLT,CARBON STEEL,M24 X 100,,DIN 931,KG,"{""connection_type"": """", ""construction"": """", ""end_type"": """", ""material"": ""CARBON STEEL"", ""material_family"": ""FASTENER"", ""material_grade"": ""CARBON STEEL"", ""material_subtype"": """", ""material_type"": ""BOLT"", ""nominal_size"": """", ""orientation"": """", ""pressure_class"": """", ""rating"": """", ""size"": ""M24 X 100"", ""specification"": ""DIN 931"", ""standard"": """", ""unit"": ""KG""}",Coal India,1,STANDALONE_CANDIDATE,1.0,0959afd9e8dd7f611528f02d838ae57900377a872d1b4c9f4e6e48c905aef0c8,,,
CMM-FASTNR-0B0423-001,CMM-FASTNR-0B0423-001,FASTENER | BOLT | GRADE B7 | M20 X 80 | ASME B18.2,FASTENER,BOLT,GRADE B7,M20 X 80,,ASME B18.2,NOS,"{""connection_type"": """", ""construction"": """", ""end_type"": """", ""material"": """", ""material_family"": ""FASTENER"", ""material_grade"": ""GRADE B7"", ""material_subtype"": ""HEX"", ""material_type"": ""BOLT"", ""nominal_size"": """", ""orientation"": """", ""pressure_class"": """", ""rating"": """", ""size"": ""M20 X 80"", ""specification"": ""ASME B18.2.1"", ""standard"": ""ASME B18.2"", ""unit"": ""NOS""}",HPCL;NMDC;NTPC,3,VERIFIED_HARMONIZED,1.0,0b04239ebb442eda75479f73bf7a3a8a710621b0e5398fc241a793e8cb38d2a9,,,
CMM-FASTNR-0B935E-001,CMM-FASTNR-0B935E-001,FASTENER | TUNGSTEN CARBIDE | M20 | IS 4772,FASTENER,,TUNGSTEN CARBIDE,M20,,IS 4772,NOS,"{""connection_type"": """", ""construction"": """", ""end_type"": """", ""material"": """", ""material_family"": ""FASTENER"", ""material_grade"": ""TUNGSTEN CARBIDE"", ""material_subtype"": """", ""material_type"": """", ""nominal_size"": """", ""orientation"": """", ""pressure_class"": """", ""rating"": """", ""size"": ""M20"", ""specification"": ""IS 4772"", ""standard"": ""IS 4772"", ""unit"": ""NOS""}",Coal India,1,STANDALONE_CANDIDATE,1.0,0b935ec1ff7285eb1cd4452bdc0c235d39a3725d14daf3c6f4127dc9eabee22a,,,
CMM-FASTNR-0C6EBA-001,CMM-FASTNR-0C6EBA-001,FASTENER | BOLT | CARBON STEEL | M16 X 65 | ASTM A193,FASTENER,BOLT,CARBON STEEL,M16 X 65,,ASTM A193,NOS,"{""connection_type"": """", ""construction"": """", ""end_type"": """", ""material"": ""CARBON STEEL"", ""material_family"": ""FASTENER"", ""material_grade"": ""CARBON STEEL"", ""material_subtype"": """", ""material_type"": ""BOLT"", ""nominal_size"": """", ""orientation"": """", ""pressure_class"": """", ""rating"": """", ""size"": ""M16 X 65"", ""specification"": ""ASTM A193"", ""standard"": ""ASTM A193"", ""unit"": ""NOS""}",BHEL;NTPC,2,VERIFIED_HARMONIZED,1.0,0c6ebafbee5cd1080b202e0422c060afe0e37e75a64bece0086b5fda588f6032,,,
CMM-FASTNR-0DD604-001,CMM-FASTNR-0DD604-001,FASTENER | BOLT | GRADE 10.9 | M20 X 80 | ASME B18.2,FASTENER,BOLT,GRADE 10.9,M20 X 80,,ASME B18.2,NOS,"{""connection_type"": """", ""construction"": """", ""end_type"": """", ""material"": """", ""material_family"": ""FASTENER"", ""material_grade"": ""GRADE 10.9"", ""material_subtype"": """", ""material_type"": ""BOLT"", ""nominal_size"": """", ""orientation"": """", ""pressure_class"": """", ""rating"": """", ""size"": ""M20 X 80"", ""specification"": ""ASME B18.2.1"", ""standard"": ""ASME B18.2"", ""unit"": ""NOS""}",IOCL,1,STANDALONE_CANDIDATE,1.0,0dd604b59af2a952df54a8b26794a99834784d7220ac64383b92f0c108e4e7f2,,,
CMM-FASTNR-0EFE81-001,CMM-FASTNR-0EFE81-001,FASTENER | BOLT | ALLOY STEEL | M10 X 40 | ASTM A193,FASTENER,BOLT,ALLOY STEEL,M10 X 40,,ASTM A193,KG,"{""connection_type"": """", ""construction"": """", ""end_type"": """", ""material"": """", ""material_family"": ""FASTENER"", ""material_grade"": ""ALLOY STEEL"", ""material_subtype"": """", ""material_type"": ""BOLT"", ""nominal_size"": """", ""orientation"": """", ""pressure_class"": """", ""rating"": """", ""size"": ""M10 X 40"", ""specification"": ""ASTM A193"", ""standard"": ""ASTM A193"", ""unit"": ""KG""}",Coal India,1,STANDALONE_CANDIDATE,1.0,0efe81ef86d9c02073b0e74108887ebe74868645243c0bd92153a98dea3dd137,,,
CMM-FASTNR-134BE7-001,CMM-FASTNR-134BE7-001,FASTENER | TUNGSTEN CARBIDE | M20 | IS 4772,FASTENER,,TUNGSTEN CARBIDE,M20,,IS 4772,NOS,"{""connection_type"": """", ""construction"": """", ""end_type"": """", ""material"": """", ""material_family"": ""FASTENER"", ""material_grade"": ""TUNGSTEN CARBIDE"", ""material_subtype"": """", ""material_type"": """", ""nominal_size"": """", ""orientation"": """", ""pressure_class"": """", ""rating"": """", ""size"": ""M20"", ""specification"": ""IS 4772"", ""standard"": ""IS 4772"", ""unit"": ""NOS""}",Coal India,1,STANDALONE_CANDIDATE,1.0,134be7290204bb0c5ab3a60eb77befae13ad9f5d3f592f870c3dc13443127acc,,,
CMM-FASTNR-152A8F-001,CMM-FASTNR-152A8F-001,FASTENER | BOLT | GRADE 10.9 | M16 X 65 | ASTM A193,FASTENER,BOLT,GRADE 10.9,M16 X 65,,ASTM A193,NOS,"{""connection_type"": """", ""construction"": """", ""end_type"": """", ""material"": """", ""material_family"": ""FASTENER"", ""material_grade"": ""GRADE 10.9"", ""material_subtype"": ""HEX"", ""material_type"": ""BOLT"", ""nominal_size"": """", ""orientation"": """", ""pressure_class"": """", ""rating"": """", ""size"": ""M16 X 65"", ""specification"": ""ASTM A193"", ""standard"": ""ASTM A193"", ""unit"": ""NOS""}",NTPC,1,STANDALONE_CANDIDATE,1.0,152a8f8af44e60fb773ffe3ce56e7ce8c760f624d0bb83b3e8d258ebe6aa0115,,,
CMM-FASTNR-15537B-001,CMM-FASTNR-15537B-001,FASTENER | GRADE B7 | M24 X 100 | DIN 931,FASTENER,,GRADE B7,M24 X 100,,DIN 931,KG,"{""connection_type"": """", ""construction"": """", ""end_type"": """", ""material"": """", ""material_family"": ""FASTENER"", ""material_grade"": ""GRADE B7"", ""material_subtype"": """", ""material_type"": """", ""nominal_size"": """", ""orientation"": """", ""pressure_class"": """", ""rating"": """", ""size"": ""M24 X 100"", ""specification"": ""DIN 931"", ""standard"": """", ""unit"": ""KG""}",HPCL;ONGC,2,VERIFIED_HARMONIZED,1.0,15537b17d4515690a4d2284c6b5da00e390168dad5d8d53d412ff15610abd2fb,,,
CMM-FASTNR-1793A5-001,CMM-FASTNR-1793A5-001,FASTENER | TUNGSTEN CARBIDE | M20 | IS 4772,FASTENER,,TUNGSTEN CARBIDE,M20,,IS 4772,NOS,"{""connection_type"": """", ""construction"": """", ""end_type"": """", ""material"": """", ""material_family"": ""FASTENER"", ""material_grade"": ""TUNGSTEN CARBIDE"", ""material_subtype"": """", ""material_type"": """", ""nominal_size"": """", ""orientation"": """", ""pressure_class"": """", ""rating"": """", ""size"": ""M20"", ""specification"": ""IS 4772"", ""standard"": ""IS 4772"", ""unit"": ""NOS""}",Coal India,1,STANDALONE_CANDIDATE,1.0,1793a5f8a5aeed7c0064d0d9bcddeb100b3278126303e1b8c98d8d1a1de3728b,,,
CMM-FASTNR-1A9DA1-001,CMM-FASTNR-1A9DA1-001,FASTENER | TUNGSTEN CARBIDE | M20 | IS 4772,FASTENER,,TUNGSTEN CARBIDE,M20,,IS 4772,NOS,"{""connection_type"": """", ""construction"": """", ""end_type"": """", ""material"": """", ""material_family"": ""FASTENER"", ""material_grade"": ""TUNGSTEN CARBIDE"", ""material_subtype"": """", ""material_type"": """", ""nominal_size"": """", ""orientation"": """", ""pressure_class"": """", ""rating"": """", ""size"": ""M20"", ""specification"": ""IS 4772"", ""standard"": ""IS 4772"", ""unit"": ""NOS""}",Coal India,1,STANDALONE_CANDIDATE,1.0,1a9da1a055d783294928618aca0e1a2a81156a56be6a06c3edd80ebca081634a,,,
CMM-FASTNR-1AF629-001,CMM-FASTNR-1AF629-001,FASTENER | WASHER | CARBON STEEL | M10 X 40 | IS 1367,FASTENER,WASHER,CARBON STEEL,M10 X 40,,IS 1367,NOS,"{""connection_type"": """", ""construction"": """", ""end_type"": """", ""material"": ""CARBON STEEL"", ""material_family"": ""FASTENER"", ""material_grade"": ""CARBON STEEL"", ""material_subtype"": """", ""material_type"": ""WASHER"", ""nominal_size"": """", ""orientation"": """", ""pressure_class"": """", ""rating"": """", ""size"": ""M10 X 40"", ""specification"": ""IS 1367"", ""standard"": ""IS 1367"", ""unit"": ""NOS""}",Coal India;IOCL;NMDC;ONGC,4,VERIFIED_HARMONIZED,1.0,1af629021f2dc89039312b7272e0521e6b31311adfac0896d72539ddc22659e0,,,
CMM-FASTNR-1B4788-001,CMM-FASTNR-1B4788-001,FASTENER | BOLT | GRADE 8.8 | M20 X 80 | ASME B18.2,FASTENER,BOLT,GRADE 8.8,M20 X 80,,ASME B18.2,NOS,"{""connection_type"": """", ""construction"": """", ""end_type"": """", ""material"": """", ""material_family"": ""FASTENER"", ""material_grade"": ""GRADE 8.8"", ""material_subtype"": """", ""material_type"": ""BOLT"", ""nominal_size"": """", ""orientation"": """", ""pressure_class"": """", ""rating"": """", ""size"": ""M20 X 80"", ""specification"": ""ASME B18.2.1"", ""standard"": ""ASME B18.2"", ""unit"": ""NOS""}",NMDC,1,STANDALONE_CANDIDATE,1.0,1b4788bcc9676471fddd702b1ac4d1ef7fa512691f26f12de2f9f885715c63bb,,,
CMM-FASTNR-1B6461-001,CMM-FASTNR-1B6461-001,FASTENER | BOLT | GRADE 10.9 | M10 X 40 | ASTM A193,FASTENER,BOLT,GRADE 10.9,M10 X 40,,ASTM A193,NOS,"{""connection_type"": """", ""construction"": """", ""end_type"": """", ""material"": """", ""material_family"": ""FASTENER"", ""material_grade"": ""GRADE 10.9"", ""material_subtype"": """", ""material_type"": ""BOLT"", ""nominal_size"": """", ""orientation"": """", ""pressure_class"": """", ""rating"": """", ""size"": ""M10 X 40"", ""specification"": ""ASTM A193"", ""standard"": ""ASTM A193"", ""unit"": ""NOS""}",NMDC,1,STANDALONE_CANDIDATE,1.0,1b64612e8bc6b69829cc6934669c26dc048c3701cc8aaac4367e6c0203628d3b,,,
CMM-FASTNR-1C4408-001,CMM-FASTNR-1C4408-001,FASTENER | MANGANESE STEEL | M24 X 100 | IS 4772,FASTENER,,MANGANESE STEEL,M24 X 100,,IS 4772,NOS,"{""connection_type"": """", ""construction"": """", ""end_type"": """", ""material"": """", ""material_family"": ""FASTENER"", ""material_grade"": ""MANGANESE STEEL"", ""material_subtype"": """", ""material_type"": """", ""nominal_size"": """", ""orientation"": """", ""pressure_class"": """", ""rating"": """", ""size"": ""M24 X 100"", ""specification"": ""IS 4772"", ""standard"": ""IS 4772"", ""unit"": ""NOS""}",NMDC,1,STANDALONE_CANDIDATE,1.0,1c44083509626753a0af3be0d0bb26b51ae2da653260168caf492804f1d34558,,,
CMM-FASTNR-1E40EE-001,CMM-FASTNR-1E40EE-001,FASTENER | BOLT | GRADE 10.9 | M12 X 50 | ASTM A193,FASTENER,BOLT,GRADE 10.9,M12 X 50,,ASTM A193,NOS,"{""connection_type"": """", ""construction"": """", ""end_type"": """", ""material"": """", ""material_family"": ""FASTENER"", ""material_grade"": ""GRADE 10.9"", ""material_subtype"": """", ""material_type"": ""BOLT"", ""nominal_size"": """", ""orientation"": """", ""pressure_class"": """", ""rating"": """", ""size"": ""M12 X 50"", ""specification"": ""ASTM A193"", ""standard"": ""ASTM A193"", ""unit"": ""NOS""}",NMDC,1,STANDALONE_CANDIDATE,1.0,1e40eec5e1f40ad6e8f73809fc9ba72733d81fbe309f537f80f33a2f9b70b268,,,
CMM-FASTNR-226DB9-001,CMM-FASTNR-226DB9-001,FASTENER | MANGANESE STEEL | M24 X 100 | IS 4772,FASTENER,,MANGANESE STEEL,M24 X 100,,IS 4772,NOS,"{""connection_type"": """", ""construction"": """", ""end_type"": """", ""material"": """", ""material_family"": ""FASTENER"", ""material_grade"": ""MANGANESE STEEL"", ""material_subtype"": """", ""material_type"": """", ""nominal_size"": """", ""orientation"": """", ""pressure_class"": """", ""rating"": """", ""size"": ""M24 X 100"", ""specification"": ""IS 4772"", ""standard"": ""IS 4772"", ""unit"": ""NOS""}",NMDC,1,STANDALONE_CANDIDATE,1.0,226db99ad3a7b135c5746119f91b960c9de127617d0fbb94c23a2cc5a997845e,,,
CMM-FASTNR-22FBDB-001,CMM-FASTNR-22FBDB-001,FASTENER | NUT | CARBON STEEL | M24 X 100 | DIN 931,FASTENER,NUT,CARBON STEEL,M24 X 100,,DIN 931,NOS,"{""connection_type"": """", ""construction"": """", ""end_type"": """", ""material"": ""CARBON STEEL"", ""material_family"": ""FASTENER"", ""material_grade"": ""CARBON STEEL"", ""material_subtype"": ""HEX"", ""material_type"": ""NUT"", ""nominal_size"": """", ""orientation"": """", ""pressure_class"": """", ""rating"": """", ""size"": ""M24 X 100"", ""specification"": ""DIN 931"", ""standard"": """", ""unit"": ""NOS""}",BHEL,1,STANDALONE_CANDIDATE,1.0,22fbdb010cdbb2818af13147d9a0612fe3291ce2413488923c91546f4692ac92,,,
CMM-FASTNR-235045-001,CMM-FASTNR-235045-001,FASTENER | MANGANESE STEEL | M24 X 100 | IS 4772,FASTENER,,MANGANESE STEEL,M24 X 100,,IS 4772,NOS,"{""connection_type"": """", ""construction"": """", ""end_type"": """", ""material"": """", ""material_family"": ""FASTENER"", ""material_grade"": ""MANGANESE STEEL"", ""material_subtype"": """", ""material_type"": """", ""nominal_size"": """", ""orientation"": """", ""pressure_class"": """", ""rating"": """", ""size"": ""M24 X 100"", ""specification"": ""IS 4772"", ""standard"": ""IS 4772"", ""unit"": ""NOS""}",NMDC,1,STANDALONE_CANDIDATE,1.0,2350450201e07d65313dd8fa6a4549c1a7214d7ed64544ec905ad60fd67c5210,,,
CMM-FASTNR-253984-001,CMM-FASTNR-253984-001,FASTENER | SS 316 | M16 X 65 | IS 1367,FASTENER,,SS 316,M16 X 65,,IS 1367,NOS,"{""connection_type"": """", ""construction"": """", ""end_type"": """", ""material"": ""STAINLESS STEEL"", ""material_family"": ""FASTENER"", ""material_grade"": ""SS 316"", ""material_subtype"": """", ""material_type"": """", ""nominal_size"": """", ""orientation"": """", ""pressure_class"": """", ""rating"": """", ""size"": ""M16 X 65"", ""specification"": ""IS 1367"", ""standard"": ""IS 1367"", ""unit"": ""NOS""}",BHEL,1,STANDALONE_CANDIDATE,1.0,2539841bea5938f2c291e4b32c4566043952a988447041660fa2974f991d6a1f,,,
CMM-FASTNR-26351F-001,CMM-FASTNR-26351F-001,FASTENER | NUT | CARBON STEEL | M10 X 40 | ASTM A193,FASTENER,NUT,CARBON STEEL,M10 X 40,,ASTM A193,NOS,"{""connection_type"": """", ""construction"": """", ""end_type"": """", ""material"": ""CARBON STEEL"", ""material_family"": ""FASTENER"", ""material_grade"": ""CARBON STEEL"", ""material_subtype"": ""HEX"", ""material_type"": ""NUT"", ""nominal_size"": """", ""orientation"": """", ""pressure_class"": """", ""rating"": """", ""size"": ""M10 X 40"", ""specification"": ""ASTM A193"", ""standard"": ""ASTM A193"", ""unit"": ""NOS""}",BHEL;Coal India;IOCL,3,VERIFIED_HARMONIZED,1.0,26351fedc9246860630b0d192f94c856d6d80069e14cf7b749de01ac3d5a8435,,,
CMM-FASTNR-26EF8B-001,CMM-FASTNR-26EF8B-001,FASTENER | BOLT | GRADE 10.9 | M20 X 80 | IS 1367,FASTENER,BOLT,GRADE 10.9,M20 X 80,,IS 1367,NOS,"{""connection_type"": """", ""construction"": """", ""end_type"": """", ""material"": """", ""material_family"": ""FASTENER"", ""material_grade"": ""GRADE 10.9"", ""material_subtype"": ""HEX"", ""material_type"": ""BOLT"", ""nominal_size"": """", ""orientation"": """", ""pressure_class"": """", ""rating"": """", ""size"": ""M20 X 80"", ""specification"": ""IS 1367"", ""standard"": ""IS 1367"", ""unit"": ""NOS""}",NMDC,1,STANDALONE_CANDIDATE,1.0,26ef8b747783bdf3cd806b7428f2b02cc4eb32cb8fc063e4cb564e6552b04b17,,,
CMM-FASTNR-28A349-001,CMM-FASTNR-28A349-001,FASTENER | TUNGSTEN CARBIDE | M20 | IS 4772,FASTENER,,TUNGSTEN CARBIDE,M20,,IS 4772,NOS,"{""connection_type"": """", ""construction"": """", ""end_type"": """", ""material"": """", ""material_family"": ""FASTENER"", ""material_grade"": ""TUNGSTEN CARBIDE"", ""material_subtype"": """", ""material_type"": """", ""nominal_size"": """", ""orientation"": """", ""pressure_class"": """", ""rating"": """", ""size"": ""M20"", ""specification"": ""IS 4772"", ""standard"": ""IS 4772"", ""unit"": ""NOS""}",Coal India,1,STANDALONE_CANDIDATE,1.0,28a3492703fdf0fcd3e0d228db8a2e4a0ddcc85ed2e54abf50079bc195908d90,,,
CMM-FASTNR-29F5AF-001,CMM-FASTNR-29F5AF-001,FASTENER | TUNGSTEN CARBIDE | M20 | IS 4772,FASTENER,,TUNGSTEN CARBIDE,M20,,IS 4772,NOS,"{""connection_type"": """", ""construction"": """", ""end_type"": """", ""material"": """", ""material_family"": ""FASTENER"", ""material_grade"": ""TUNGSTEN CARBIDE"", ""material_subtype"": """", ""material_type"": """", ""nominal_size"": """", ""orientation"": """", ""pressure_class"": """", ""rating"": """", ""size"": ""M20"", ""specification"": ""IS 4772"", ""standard"": ""IS 4772"", ""unit"": ""NOS""}",Coal India,1,STANDALONE_CANDIDATE,1.0,29f5af9c28f3e8021c4ba760c2d3c9f19d20946897cdf53e0cdb2ef706d2ec3a,,,
CMM-FASTNR-2B3DDF-001,CMM-FASTNR-2B3DDF-001,FASTENER | BOLT | GRADE 10.9 | M20 X 80 | DIN 931,FASTENER,BOLT,GRADE 10.9,M20 X 80,,DIN 931,KG,"{""connection_type"": """", ""construction"": """", ""end_type"": """", ""material"": """", ""material_family"": ""FASTENER"", ""material_grade"": ""GRADE 10.9"", ""material_subtype"": """", ""material_type"": ""BOLT"", ""nominal_size"": """", ""orientation"": """", ""pressure_class"": """", ""rating"": """", ""size"": ""M20 X 80"", ""specification"": ""DIN 931"", ""standard"": """", ""unit"": ""KG""}",Coal India,1,STANDALONE_CANDIDATE,1.0,2b3ddf970f2e06d8cfaaa0ea12c78e519664a310c0f07791f6a5e5b620346b88,,,
CMM-FASTNR-2E518A-001,CMM-FASTNR-2E518A-001,FASTENER | NUT | SS 316 | M16 X 65 | ASME B18.2,FASTENER,NUT,SS 316,M16 X 65,,ASME B18.2,NOS,"{""connection_type"": """", ""construction"": """", ""end_type"": """", ""material"": ""STAINLESS STEEL"", ""material_family"": ""FASTENER"", ""material_grade"": ""SS 316"", ""material_subtype"": ""HEX"", ""material_type"": ""NUT"", ""nominal_size"": """", ""orientation"": """", ""pressure_class"": """", ""rating"": """", ""size"": ""M16 X 65"", ""specification"": ""ASME B18.2.1"", ""standard"": ""ASME B18.2"", ""unit"": ""NOS""}",Coal India,1,STANDALONE_CANDIDATE,1.0,2e518a6cd85cdd01a5f6df42528b3dea46e79c99ad9df578f3de1f5d5ba8b004,,,
CMM-FASTNR-2EA3F9-001,CMM-FASTNR-2EA3F9-001,FASTENER | BOLT | SS 316 | M10 X 40 | ASME B18.2,FASTENER,BOLT,SS 316,M10 X 40,,ASME B18.2,KG,"{""connection_type"": """", ""construction"": """", ""end_type"": """", ""material"": ""STAINLESS STEEL"", ""material_family"": ""FASTENER"", ""material_grade"": ""SS 316"", ""material_subtype"": """", ""material_type"": ""BOLT"", ""nominal_size"": """", ""orientation"": """", ""pressure_class"": """", ""rating"": """", ""size"": ""M10 X 40"", ""specification"": ""ASME B18.2.1"", ""standard"": ""ASME B18.2"", ""unit"": ""KG""}",NMDC,1,STANDALONE_CANDIDATE,1.0,2ea3f954a460e7bcf0ac3512d62113316dda9776b9a67f5ee5cfb6e34008f731,,,
CMM-FASTNR-2F69BE-001,CMM-FASTNR-2F69BE-001,FASTENER | TUNGSTEN CARBIDE | M20 | IS 4772,FASTENER,,TUNGSTEN CARBIDE,M20,,IS 4772,NOS,"{""connection_type"": """", ""construction"": """", ""end_type"": """", ""material"": """", ""material_family"": ""FASTENER"", ""material_grade"": ""TUNGSTEN CARBIDE"", ""material_subtype"": """", ""material_type"": """", ""nominal_size"": """", ""orientation"": """", ""pressure_class"": """", ""rating"": """", ""size"": ""M20"", ""specification"": ""IS 4772"", ""standard"": ""IS 4772"", ""unit"": ""NOS""}",Coal India,1,STANDALONE_CANDIDATE,1.0,2f69be0ac6889df0711f9cf2ba3f6119ca679003bac401573c9b25ea596bbbd7,,,
CMM-FASTNR-31709C-001,CMM-FASTNR-31709C-001,FASTENER | BOLT | GRADE 10.9 | M12 X 50 | DIN 931,FASTENER,BOLT,GRADE 10.9,M12 X 50,,DIN 931,NOS,"{""connection_type"": """", ""construction"": """", ""end_type"": """", ""material"": """", ""material_family"": ""FASTENER"", ""material_grade"": ""GRADE 10.9"", ""material_subtype"": """", ""material_type"": ""BOLT"", ""nominal_size"": """", ""orientation"": """", ""pressure_class"": """", ""rating"": """", ""size"": ""M12 X 50"", ""specification"": ""DIN 931"", ""standard"": """", ""unit"": ""NOS""}",NTPC,1,STANDALONE_CANDIDATE,1.0,31709c3736f13d0060e9927c26bc0083de1cfa118621f3389c88f32a69b0ffc8,,,
CMM-FASTNR-323585-001,CMM-FASTNR-323585-001,FASTENER | NUT | SS 304 | M10 X 40 | ASTM A193,FASTENER,NUT,SS 304,M10 X 40,,ASTM A193,NOS,"{""connection_type"": """", ""construction"": """", ""end_type"": """", ""material"": ""STAINLESS STEEL"", ""material_family"": ""FASTENER"", ""material_grade"": ""SS 304"", ""material_subtype"": ""HEX"", ""material_type"": ""NUT"", ""nominal_size"": """", ""orientation"": """", ""pressure_class"": """", ""rating"": """", ""size"": ""M10 X 40"", ""specification"": ""ASTM A193"", ""standard"": ""ASTM A193"", ""unit"": ""NOS""}",ONGC,1,STANDALONE_CANDIDATE,1.0,3235855ce7528b578845af5a82c5f8fcf1546f4056d3ccf7ec5d5ef73e847d99,,,
CMM-FASTNR-35E39D-001,CMM-FASTNR-35E39D-001,FASTENER | BOLT | GRADE 8.8 | M10 X 40 | ASME B18.2,FASTENER,BOLT,GRADE 8.8,M10 X 40,,ASME B18.2,KG,"{""connection_type"": """", ""construction"": """", ""end_type"": """", ""material"": """", ""material_family"": ""FASTENER"", ""material_grade"": ""GRADE 8.8"", ""material_subtype"": """", ""material_type"": ""BOLT"", ""nominal_size"": """", ""orientation"": """", ""pressure_class"": """", ""rating"": """", ""size"": ""M10 X 40"", ""specification"": ""ASME B18.2.1"", ""standard"": ""ASME B18.2"", ""unit"": ""KG""}",NTPC,1,STANDALONE_CANDIDATE,1.0,35e39dbf62db182461d624b1561176672be351d848bdd62574d7aca39ec86fae,,,
CMM-FASTNR-35F8E7-001,CMM-FASTNR-35F8E7-001,FASTENER | MANGANESE STEEL | M24 X 100 | IS 4772,FASTENER,,MANGANESE STEEL,M24 X 100,,IS 4772,NOS,"{""connection_type"": """", ""construction"": """", ""end_type"": """", ""material"": """", ""material_family"": ""FASTENER"", ""material_grade"": ""MANGANESE STEEL"", ""material_subtype"": """", ""material_type"": """", ""nominal_size"": """", ""orientation"": """", ""pressure_class"": """", ""rating"": """", ""size"": ""M24 X 100"", ""specification"": ""IS 4772"", ""standard"": ""IS 4772"", ""unit"": ""NOS""}",NMDC,1,STANDALONE_CANDIDATE,1.0,35f8e71cd155336d241719e185ed2797b65372b3d07eecce4222bd1fa3f3039b,,,
CMM-FASTNR-363346-001,CMM-FASTNR-363346-001,FASTENER | MANGANESE STEEL | M24 X 100 | IS 4772,FASTENER,,MANGANESE STEEL,M24 X 100,,IS 4772,NOS,"{""connection_type"": """", ""construction"": """", ""end_type"": """", ""material"": """", ""material_family"": ""FASTENER"", ""material_grade"": ""MANGANESE STEEL"", ""material_subtype"": """", ""material_type"": """", ""nominal_size"": """", ""orientation"": """", ""pressure_class"": """", ""rating"": """", ""size"": ""M24 X 100"", ""specification"": ""IS 4772"", ""standard"": ""IS 4772"", ""unit"": ""NOS""}",NMDC,1,STANDALONE_CANDIDATE,1.0,363346c996430ed5c3604435f715cde4b9baf3f1977e79a1e5ba300d5d70ae2f,,,
CMM-FASTNR-375FF8-001,CMM-FASTNR-375FF8-001,FASTENER | GRADE 10.9 | M12 X 50 | IS 1367,FASTENER,,GRADE 10.9,M12 X 50,,IS 1367,NOS,"{""connection_type"": """", ""construction"": """", ""end_type"": """", ""material"": """", ""material_family"": ""FASTENER"", ""material_grade"": ""GRADE 10.9"", ""material_subtype"": """", ""material_type"": """", ""nominal_size"": """", ""orientation"": """", ""pressure_class"": """", ""rating"": """", ""size"": ""M12 X 50"", ""specification"": ""IS 1367"", ""standard"": ""IS 1367"", ""unit"": ""NOS""}",BHEL,1,STANDALONE_CANDIDATE,1.0,375ff870408e95c2239aafc10e97757e160c0748f74026585293cef15ccf68df,,,
CMM-FASTNR-388BEA-001,CMM-FASTNR-388BEA-001,FASTENER | MANGANESE STEEL | M24 X 100 | IS 4772,FASTENER,,MANGANESE STEEL,M24 X 100,,IS 4772,NOS,"{""connection_type"": """", ""construction"": """", ""end_type"": """", ""material"": """", ""material_family"": ""FASTENER"", ""material_grade"": ""MANGANESE STEEL"", ""material_subtype"": """", ""material_type"": """", ""nominal_size"": """", ""orientation"": """", ""pressure_class"": """", ""rating"": """", ""size"": ""M24 X 100"", ""specification"": ""IS 4772"", ""standard"": ""IS 4772"", ""unit"": ""NOS""}",NMDC,1,STANDALONE_CANDIDATE,1.0,388bea0aeea7d7254ea394e36d4f651c4315c2e52f8e78c5268137cd3f7b7f57,,,
CMM-FASTNR-39EA95-001,CMM-FASTNR-39EA95-001,FASTENER | NUT | GRADE 10.9 | M10 X 40 | DIN 931,FASTENER,NUT,GRADE 10.9,M10 X 40,,DIN 931,KG,"{""connection_type"": """", ""construction"": """", ""end_type"": """", ""material"": """", ""material_family"": ""FASTENER"", ""material_grade"": ""GRADE 10.9"", ""material_subtype"": ""HEX"", ""material_type"": ""NUT"", ""nominal_size"": """", ""orientation"": """", ""pressure_class"": """", ""rating"": """", ""size"": ""M10 X 40"", ""specification"": ""DIN 931"", ""standard"": """", ""unit"": ""KG""}",BHEL;HPCL;ONGC;SAIL,4,VERIFIED_HARMONIZED,1.0,39ea952398f7ae22a4330fe72adb18017bb190cd0d2525773a7079bf350279c3,,,
CMM-FASTNR-3A0E89-001,CMM-FASTNR-3A0E89-001,FASTENER | MANGANESE STEEL | M24 X 100 | IS 4772,FASTENER,,MANGANESE STEEL,M24 X 100,,IS 4772,NOS,"{""connection_type"": """", ""construction"": """", ""end_type"": """", ""material"": """", ""material_family"": ""FASTENER"", ""material_grade"": ""MANGANESE STEEL"", ""material_subtype"": """", ""material_type"": """", ""nominal_size"": """", ""orientation"": """", ""pressure_class"": """", ""rating"": """", ""size"": ""M24 X 100"", ""specification"": ""IS 4772"", ""standard"": ""IS 4772"", ""unit"": ""NOS""}",NMDC,1,STANDALONE_CANDIDATE,1.0,3a0e895a19c75366c45ca582a87b8a307d10efd79b0ae628f44107da7b129ced,,,
CMM-FASTNR-3A7DA8-001,CMM-FASTNR-3A7DA8-001,FASTENER | TUNGSTEN CARBIDE | M20 | IS 4772,FASTENER,,TUNGSTEN CARBIDE,M20,,IS 4772,NOS,"{""connection_type"": """", ""construction"": """", ""end_type"": """", ""material"": """", ""material_family"": ""FASTENER"", ""material_grade"": ""TUNGSTEN CARBIDE"", ""material_subtype"": """", ""material_type"": """", ""nominal_size"": """", ""orientation"": """", ""pressure_class"": """", ""rating"": """", ""size"": ""M20"", ""specification"": ""IS 4772"", ""standard"": ""IS 4772"", ""unit"": ""NOS""}",Coal India,1,STANDALONE_CANDIDATE,1.0,3a7da8cea6bb81aaa2e1e07dd8b9265685065624e705bc493123ddd7405d3195,,,
CMM-FASTNR-3AF121-001,CMM-FASTNR-3AF121-001,FASTENER | BOLT | GRADE B7 | M16 X 65 | ASME B18.2,FASTENER,BOLT,GRADE B7,M16 X 65,,ASME B18.2,NOS,"{""connection_type"": """", ""construction"": """", ""end_type"": """", ""material"": """", ""material_family"": ""FASTENER"", ""material_grade"": ""GRADE B7"", ""material_subtype"": """", ""material_type"": ""BOLT"", ""nominal_size"": """", ""orientation"": """", ""pressure_class"": """", ""rating"": """", ""size"": ""M16 X 65"", ""specification"": ""ASME B18.2.1"", ""standard"": ""ASME B18.2"", ""unit"": ""NOS""}",BHEL;HPCL;IOCL,3,VERIFIED_HARMONIZED,1.0,3af121c802094302ab96737b74f27af4f4c73ff01c6c818233358616d753d5e9,,,
CMM-FASTNR-3B5A1B-001,CMM-FASTNR-3B5A1B-001,FASTENER | BOLT | CARBON STEEL | M24 X 100 | IS 1367,FASTENER,BOLT,CARBON STEEL,M24 X 100,,IS 1367,NOS,"{""connection_type"": """", ""construction"": """", ""end_type"": """", ""material"": ""CARBON STEEL"", ""material_family"": ""FASTENER"", ""material_grade"": ""CARBON STEEL"", ""material_subtype"": ""HEX"", ""material_type"": ""BOLT"", ""nominal_size"": """", ""orientation"": """", ""pressure_class"": """", ""rating"": """", ""size"": ""M24 X 100"", ""specification"": ""IS 1367"", ""standard"": ""IS 1367"", ""unit"": ""NOS""}",IOCL,1,STANDALONE_CANDIDATE,1.0,3b5a1b37d9d4ddfff6307991a0ef892948824239f5465626bbec930d43f0e040,,,
CMM-FASTNR-412B68-001,CMM-FASTNR-412B68-001,FASTENER | NUT | GRADE 8.8 | M12 X 50 | ASTM A193,FASTENER,NUT,GRADE 8.8,M12 X 50,,ASTM A193,UNRESOLVED_CONFLICT (KG vs NOS),"{""connection_type"": """", ""construction"": """", ""end_type"": """", ""material"": """", ""material_family"": ""FASTENER"", ""material_grade"": ""GRADE 8.8"", ""material_subtype"": ""HEX"", ""material_type"": ""NUT"", ""nominal_size"": """", ""orientation"": """", ""pressure_class"": """", ""rating"": """", ""size"": ""M12 X 50"", ""specification"": ""ASTM A193"", ""standard"": ""ASTM A193"", ""unit"": ""UNRESOLVED_CONFLICT (KG vs NOS)""}",BHEL;HPCL;IOCL;NMDC;NTPC;SAIL,9,AMBIGUOUS_REVIEW_REQUIRED,0.7,412b68c6b22e5a2eab4c11121a85c18a1ecac83750dc31ead03dcd7963e3bb71,,,
CMM-FASTNR-4242AE-001,CMM-FASTNR-4242AE-001,FASTENER | GRADE 10.9 | M16 X 65 | DIN 931,FASTENER,,GRADE 10.9,M16 X 65,,DIN 931,NOS,"{""connection_type"": """", ""construction"": """", ""end_type"": """", ""material"": """", ""material_family"": ""FASTENER"", ""material_grade"": ""GRADE 10.9"", ""material_subtype"": """", ""material_type"": """", ""nominal_size"": """", ""orientation"": """", ""pressure_class"": """", ""rating"": """", ""size"": ""M16 X 65"", ""specification"": ""DIN 931"", ""standard"": """", ""unit"": ""NOS""}",ONGC,1,STANDALONE_CANDIDATE,1.0,4242aef87a43361d15e347fb036c3396a2f8c482ac147c68bd1071d2baa8bca0,,,
CMM-FASTNR-42C94D-001,CMM-FASTNR-42C94D-001,FASTENER | MANGANESE STEEL | M24 X 100 | IS 4772,FASTENER,,MANGANESE STEEL,M24 X 100,,IS 4772,NOS,"{""connection_type"": """", ""construction"": """", ""end_type"": """", ""material"": """", ""material_family"": ""FASTENER"", ""material_grade"": ""MANGANESE STEEL"", ""material_subtype"": """", ""material_type"": """", ""nominal_size"": """", ""orientation"": """", ""pressure_class"": """", ""rating"": """", ""size"": ""M24 X 100"", ""specification"": ""IS 4772"", ""standard"": ""IS 4772"", ""unit"": ""NOS""}",NMDC,1,STANDALONE_CANDIDATE,1.0,42c94dd7a8f01dc6be2af5c1cfdf7cbf71ac3ecefca98301a7f3abbf0bd66352,,,
CMM-FASTNR-42CB56-001,CMM-FASTNR-42CB56-001,FASTENER | BOLT | CARBON STEEL | M24 X 100 | DIN 931,FASTENER,BOLT,CARBON STEEL,M24 X 100,,DIN 931,NOS,"{""connection_type"": """", ""construction"": """", ""end_type"": """", ""material"": ""CARBON STEEL"", ""material_family"": ""FASTENER"", ""material_grade"": ""CARBON STEEL"", ""material_subtype"": """", ""material_type"": ""BOLT"", ""nominal_size"": """", ""orientation"": """", ""pressure_class"": """", ""rating"": """", ""size"": ""M24 X 100"", ""specification"": ""DIN 931"", ""standard"": """", ""unit"": ""NOS""}",BHEL;Coal India;HPCL;IOCL;NMDC;NTPC,6,VERIFIED_HARMONIZED,1.0,42cb568fcbd3810f592dc4c500d248c5e4d74afcc5f49b1655fb6c339942afae,,,
CMM-FASTNR-459DCA-001,CMM-FASTNR-459DCA-001,FASTENER | NUT | SS 304 | M10 X 40 | IS 1367,FASTENER,NUT,SS 304,M10 X 40,,IS 1367,NOS,"{""connection_type"": """", ""construction"": """", ""end_type"": """", ""material"": ""STAINLESS STEEL"", ""material_family"": ""FASTENER"", ""material_grade"": ""SS 304"", ""material_subtype"": ""HEX"", ""material_type"": ""NUT"", ""nominal_size"": """", ""orientation"": """", ""pressure_class"": """", ""rating"": """", ""size"": ""M10 X 40"", ""specification"": ""IS 1367"", ""standard"": ""IS 1367"", ""unit"": ""NOS""}",IOCL;NMDC;ONGC;SAIL,4,VERIFIED_HARMONIZED,1.0,459dca4003373dd665902aa39851b6d37ea7478a80cc7698ffb2ea54ef706945,,,
CMM-FASTNR-48248D-001,CMM-FASTNR-48248D-001,FASTENER | TUNGSTEN CARBIDE | M20 | IS 4772,FASTENER,,TUNGSTEN CARBIDE,M20,,IS 4772,NOS,"{""connection_type"": """", ""construction"": """", ""end_type"": """", ""material"": """", ""material_family"": ""FASTENER"", ""material_grade"": ""TUNGSTEN CARBIDE"", ""material_subtype"": """", ""material_type"": """", ""nominal_size"": """", ""orientation"": """", ""pressure_class"": """", ""rating"": """", ""size"": ""M20"", ""specification"": ""IS 4772"", ""standard"": ""IS 4772"", ""unit"": ""NOS""}",Coal India,1,STANDALONE_CANDIDATE,1.0,48248d9194539dfa8e0c1d59bdac3138003bbe245c2a52e521562cd49cb1d675,,,
CMM-FASTNR-482EC1-001,CMM-FASTNR-482EC1-001,FASTENER | NUT | ALLOY STEEL | M24 X 100 | DIN 931,FASTENER,NUT,ALLOY STEEL,M24 X 100,,DIN 931,NOS,"{""connection_type"": """", ""construction"": """", ""end_type"": """", ""material"": """", ""material_family"": ""FASTENER"", ""material_grade"": ""ALLOY STEEL"", ""material_subtype"": ""HEX"", ""material_type"": ""NUT"", ""nominal_size"": """", ""orientation"": """", ""pressure_class"": """", ""rating"": """", ""size"": ""M24 X 100"", ""specification"": ""DIN 931"", ""standard"": """", ""unit"": ""NOS""}",NMDC,1,STANDALONE_CANDIDATE,1.0,482ec1c7e78a1a8108238a02408ad98f5567625b582c4729038589014fa8f2ae,,,
CMM-FASTNR-4B5921-001,CMM-FASTNR-4B5921-001,FASTENER | BOLT | GRADE 8.8 | M20 X 80 | DIN 931,FASTENER,BOLT,GRADE 8.8,M20 X 80,,DIN 931,KG,"{""connection_type"": """", ""construction"": """", ""end_type"": """", ""material"": """", ""material_family"": ""FASTENER"", ""material_grade"": ""GRADE 8.8"", ""material_subtype"": """", ""material_type"": ""BOLT"", ""nominal_size"": """", ""orientation"": """", ""pressure_class"": """", ""rating"": """", ""size"": ""M20 X 80"", ""specification"": ""DIN 931"", ""standard"": """", ""unit"": ""KG""}",IOCL,1,STANDALONE_CANDIDATE,1.0,4b5921ff1dc612dc7bf1d009767274ec355784258cd036f446f68422ce1576e2,,,
CMM-FASTNR-4B6F96-001,CMM-FASTNR-4B6F96-001,FASTENER | MANGANESE STEEL | M24 X 100 | IS 4772,FASTENER,,MANGANESE STEEL,M24 X 100,,IS 4772,NOS,"{""connection_type"": """", ""construction"": """", ""end_type"": """", ""material"": """", ""material_family"": ""FASTENER"", ""material_grade"": ""MANGANESE STEEL"", ""material_subtype"": """", ""material_type"": """", ""nominal_size"": """", ""orientation"": """", ""pressure_class"": """", ""rating"": """", ""size"": ""M24 X 100"", ""specification"": ""IS 4772"", ""standard"": ""IS 4772"", ""unit"": ""NOS""}",NMDC,1,STANDALONE_CANDIDATE,1.0,4b6f963212ef87cce8d82ada5cff62b74b1eec973d697fa8ce2ff2af6fa28579,,,
CMM-FASTNR-4D72B7-001,CMM-FASTNR-4D72B7-001,FASTENER | TUNGSTEN CARBIDE | M20 | IS 4772,FASTENER,,TUNGSTEN CARBIDE,M20,,IS 4772,NOS,"{""connection_type"": """", ""construction"": """", ""end_type"": """", ""material"": """", ""material_family"": ""FASTENER"", ""material_grade"": ""TUNGSTEN CARBIDE"", ""material_subtype"": """", ""material_type"": """", ""nominal_size"": """", ""orientation"": """", ""pressure_class"": """", ""rating"": """", ""size"": ""M20"", ""specification"": ""IS 4772"", ""standard"": ""IS 4772"", ""unit"": ""NOS""}",Coal India,1,STANDALONE_CANDIDATE,1.0,4d72b7c94ba12cace79e8ffbba735c075604647705b7395ecd0bdfab673c322b,,,
CMM-FASTNR-51DD5C-001,CMM-FASTNR-51DD5C-001,FASTENER | BOLT | GRADE 8.8 | M12 X 50 | DIN 931,FASTENER,BOLT,GRADE 8.8,M12 X 50,,DIN 931,NOS,"{""connection_type"": """", ""construction"": """", ""end_type"": """", ""material"": """", ""material_family"": ""FASTENER"", ""material_grade"": ""GRADE 8.8"", ""material_subtype"": """", ""material_type"": ""BOLT"", ""nominal_size"": """", ""orientation"": """", ""pressure_class"": """", ""rating"": """", ""size"": ""M12 X 50"", ""specification"": ""DIN 931"", ""standard"": """", ""unit"": ""NOS""}",SAIL,1,STANDALONE_CANDIDATE,1.0,51dd5cc5f8db606c9e25c280d4beda23fc4f0d7961d91cb648c4483f4106fa4d,,,
CMM-FASTNR-528678-001,CMM-FASTNR-528678-001,FASTENER | BOLT | GRADE 10.9 | M10 X 40 | ASME B18.2,FASTENER,BOLT,GRADE 10.9,M10 X 40,,ASME B18.2,KG,"{""connection_type"": """", ""construction"": """", ""end_type"": """", ""material"": """", ""material_family"": ""FASTENER"", ""material_grade"": ""GRADE 10.9"", ""material_subtype"": ""HEX"", ""material_type"": ""BOLT"", ""nominal_size"": """", ""orientation"": """", ""pressure_class"": """", ""rating"": """", ""size"": ""M10 X 40"", ""specification"": ""ASME B18.2.1"", ""standard"": ""ASME B18.2"", ""unit"": ""KG""}",SAIL,1,STANDALONE_CANDIDATE,1.0,52867871480dac79a4f44fae0e3fb7fc0508d247ad2ed9f719600e69bbb69d4d,,,
CMM-FASTNR-531DD1-001,CMM-FASTNR-531DD1-001,FASTENER | NUT | CARBON STEEL | M12 X 50 | IS 1367,FASTENER,NUT,CARBON STEEL,M12 X 50,,IS 1367,NOS,"{""connection_type"": """", ""construction"": """", ""end_type"": """", ""material"": ""CARBON STEEL"", ""material_family"": ""FASTENER"", ""material_grade"": ""CARBON STEEL"", ""material_subtype"": ""HEX"", ""material_type"": ""NUT"", ""nominal_size"": """", ""orientation"": """", ""pressure_class"": """", ""rating"": """", ""size"": ""M12 X 50"", ""specification"": ""IS 1367"", ""standard"": ""IS 1367"", ""unit"": ""NOS""}",NMDC,1,STANDALONE_CANDIDATE,1.0,531dd126bd617aca7e05f65e28cca8255ad4a820bd57fa37d8c9cfaf04a93bc8,,,
CMM-FASTNR-588016-001,CMM-FASTNR-588016-001,FASTENER | TUNGSTEN CARBIDE | M20 | IS 4772,FASTENER,,TUNGSTEN CARBIDE,M20,,IS 4772,NOS,"{""connection_type"": """", ""construction"": """", ""end_type"": """", ""material"": """", ""material_family"": ""FASTENER"", ""material_grade"": ""TUNGSTEN CARBIDE"", ""material_subtype"": """", ""material_type"": """", ""nominal_size"": """", ""orientation"": """", ""pressure_class"": """", ""rating"": """", ""size"": ""M20"", ""specification"": ""IS 4772"", ""standard"": ""IS 4772"", ""unit"": ""NOS""}",Coal India,1,STANDALONE_CANDIDATE,1.0,588016d9b6833c2ca0520ab7cbff1412f91e82127ddc0e92dbd02d1e77415c19,,,
CMM-FASTNR-58C523-001,CMM-FASTNR-58C523-001,FASTENER | NUT | GRADE B7 | M10 X 40 | ASME B18.2,FASTENER,NUT,GRADE B7,M10 X 40,,ASME B18.2,NOS,"{""connection_type"": """", ""construction"": """", ""end_type"": """", ""material"": """", ""material_family"": ""FASTENER"", ""material_grade"": ""GRADE B7"", ""material_subtype"": ""HEX"", ""material_type"": ""NUT"", ""nominal_size"": """", ""orientation"": """", ""pressure_class"": """", ""rating"": """", ""size"": ""M10 X 40"", ""specification"": ""ASME B18.2.1"", ""standard"": ""ASME B18.2"", ""unit"": ""NOS""}",IOCL;NMDC,2,VERIFIED_HARMONIZED,1.0,58c52334c3c08048143612dcdc22f0b44da8886ca3bf53a295624225d0e25725,,,
CMM-FASTNR-590D1C-001,CMM-FASTNR-590D1C-001,FASTENER | MANGANESE STEEL | M24 X 100 | IS 4772,FASTENER,,MANGANESE STEEL,M24 X 100,,IS 4772,NOS,"{""connection_type"": """", ""construction"": """", ""end_type"": """", ""material"": """", ""material_family"": ""FASTENER"", ""material_grade"": ""MANGANESE STEEL"", ""material_subtype"": """", ""material_type"": """", ""nominal_size"": """", ""orientation"": """", ""pressure_class"": """", ""rating"": """", ""size"": ""M24 X 100"", ""specification"": ""IS 4772"", ""standard"": ""IS 4772"", ""unit"": ""NOS""}",NMDC,1,STANDALONE_CANDIDATE,1.0,590d1cc856c685aac44f44f05a52f4426df9ec4ebd8373957a0ff69099e56852,,,
CMM-FASTNR-599121-001,CMM-FASTNR-599121-001,FASTENER | TUNGSTEN CARBIDE | M20 | IS 4772,FASTENER,,TUNGSTEN CARBIDE,M20,,IS 4772,NOS,"{""connection_type"": """", ""construction"": """", ""end_type"": """", ""material"": """", ""material_family"": ""FASTENER"", ""material_grade"": ""TUNGSTEN CARBIDE"", ""material_subtype"": """", ""material_type"": """", ""nominal_size"": """", ""orientation"": """", ""pressure_class"": """", ""rating"": """", ""size"": ""M20"", ""specification"": ""IS 4772"", ""standard"": ""IS 4772"", ""unit"": ""NOS""}",Coal India,1,STANDALONE_CANDIDATE,1.0,5991215bfeaff6684090f72724d41031fe2fee16752a69f12185e3ad90f73453,,,
CMM-FASTNR-59C34E-001,CMM-FASTNR-59C34E-001,FASTENER | NUT | ALLOY STEEL | M12 X 50 | IS 1367,FASTENER,NUT,ALLOY STEEL,M12 X 50,,IS 1367,NOS,"{""connection_type"": """", ""construction"": """", ""end_type"": """", ""material"": """", ""material_family"": ""FASTENER"", ""material_grade"": ""ALLOY STEEL"", ""material_subtype"": ""HEX"", ""material_type"": ""NUT"", ""nominal_size"": """", ""orientation"": """", ""pressure_class"": """", ""rating"": """", ""size"": ""M12 X 50"", ""specification"": ""IS 1367"", ""standard"": ""IS 1367"", ""unit"": ""NOS""}",BHEL,1,STANDALONE_CANDIDATE,1.0,59c34e911c2425137556d925069b5e70787782a779f47cb85b52e3705a296bba,,,
CMM-FASTNR-5C0E61-001,CMM-FASTNR-5C0E61-001,FASTENER | BOLT | CARBON STEEL | M24 X 100 | IS 1367,FASTENER,BOLT,CARBON STEEL,M24 X 100,,IS 1367,NOS,"{""connection_type"": """", ""construction"": """", ""end_type"": """", ""material"": ""CARBON STEEL"", ""material_family"": ""FASTENER"", ""material_grade"": ""CARBON STEEL"", ""material_subtype"": """", ""material_type"": ""BOLT"", ""nominal_size"": """", ""orientation"": """", ""pressure_class"": """", ""rating"": """", ""size"": ""M24 X 100"", ""specification"": ""IS 1367"", ""standard"": ""IS 1367"", ""unit"": ""NOS""}",Coal India;NMDC,2,VERIFIED_HARMONIZED,1.0,5c0e61e9d3f10eef7777075fbc16123766ffb5e38a2e6dcafdea066207cc01a9,,,
CMM-FASTNR-5CF330-001,CMM-FASTNR-5CF330-001,FASTENER | MANGANESE STEEL | M24 X 100 | IS 4772,FASTENER,,MANGANESE STEEL,M24 X 100,,IS 4772,NOS,"{""connection_type"": """", ""construction"": """", ""end_type"": """", ""material"": """", ""material_family"": ""FASTENER"", ""material_grade"": ""MANGANESE STEEL"", ""material_subtype"": """", ""material_type"": """", ""nominal_size"": """", ""orientation"": """", ""pressure_class"": """", ""rating"": """", ""size"": ""M24 X 100"", ""specification"": ""IS 4772"", ""standard"": ""IS 4772"", ""unit"": ""NOS""}",NMDC,1,STANDALONE_CANDIDATE,1.0,5cf3303b04b16bdd4203107fd5f141dc55c0ec650ca87f3ac39f0760a850f5db,,,
CMM-FASTNR-5DBADE-001,CMM-FASTNR-5DBADE-001,FASTENER | SS 304 | M24 X 100 | ASTM A193,FASTENER,,SS 304,M24 X 100,,ASTM A193,NOS,"{""connection_type"": """", ""construction"": """", ""end_type"": """", ""material"": ""STAINLESS STEEL"", ""material_family"": ""FASTENER"", ""material_grade"": ""SS 304"", ""material_subtype"": """", ""material_type"": """", ""nominal_size"": """", ""orientation"": """", ""pressure_class"": """", ""rating"": """", ""size"": ""M24 X 100"", ""specification"": ""ASTM A193"", ""standard"": ""ASTM A193"", ""unit"": ""NOS""}",Coal India,1,STANDALONE_CANDIDATE,1.0,5dbaded1560b58f7c71c4fc913ecfef0dba4003f94d4e5cbdb5c849f8354aaa1,,,
CMM-FASTNR-5F1FAF-001,CMM-FASTNR-5F1FAF-001,FASTENER | BOLT | GRADE 8.8 | M10 X 40 | ASTM A193,FASTENER,BOLT,GRADE 8.8,M10 X 40,,ASTM A193,NOS,"{""connection_type"": """", ""construction"": """", ""end_type"": """", ""material"": """", ""material_family"": ""FASTENER"", ""material_grade"": ""GRADE 8.8"", ""material_subtype"": """", ""material_type"": ""BOLT"", ""nominal_size"": """", ""orientation"": """", ""pressure_class"": """", ""rating"": """", ""size"": ""M10 X 40"", ""specification"": ""ASTM A193"", ""standard"": ""ASTM A193"", ""unit"": ""NOS""}",Coal India,1,STANDALONE_CANDIDATE,1.0,5f1fafca06285240ee820f45b5c12ed0bd59b79b2568a55cc68b9e6ab427ca96,,,
CMM-FASTNR-62EDAB-001,CMM-FASTNR-62EDAB-001,FASTENER | GRADE 8.8 | M16 X 65 | ASME B18.2,FASTENER,,GRADE 8.8,M16 X 65,,ASME B18.2,KG,"{""connection_type"": """", ""construction"": """", ""end_type"": """", ""material"": """", ""material_family"": ""FASTENER"", ""material_grade"": ""GRADE 8.8"", ""material_subtype"": """", ""material_type"": """", ""nominal_size"": """", ""orientation"": """", ""pressure_class"": """", ""rating"": """", ""size"": ""M16 X 65"", ""specification"": ""ASME B18.2.1"", ""standard"": ""ASME B18.2"", ""unit"": ""KG""}",SAIL,1,STANDALONE_CANDIDATE,1.0,62edabcbb0e50261a039b4343ec5b28dddbe7a95cd00b5b8210b79776f426503,,,
CMM-FASTNR-6342F2-001,CMM-FASTNR-6342F2-001,FASTENER | WASHER | ALLOY STEEL | M24 X 100 | ASME B18.2,FASTENER,WASHER,ALLOY STEEL,M24 X 100,,ASME B18.2,NOS,"{""connection_type"": """", ""construction"": """", ""end_type"": """", ""material"": """", ""material_family"": ""FASTENER"", ""material_grade"": ""ALLOY STEEL"", ""material_subtype"": """", ""material_type"": ""WASHER"", ""nominal_size"": """", ""orientation"": """", ""pressure_class"": """", ""rating"": """", ""size"": ""M24 X 100"", ""specification"": ""ASME B18.2.1"", ""standard"": ""ASME B18.2"", ""unit"": ""NOS""}",SAIL,1,STANDALONE_CANDIDATE,1.0,6342f2770abd340a21665e3da4b8d102574d627cb2cf5dae016d741a5485f153,,,
CMM-FASTNR-63D01D-001,CMM-FASTNR-63D01D-001,FASTENER | BOLT | GRADE 8.8 | M16 X 65 | IS 1367,FASTENER,BOLT,GRADE 8.8,M16 X 65,,IS 1367,NOS,"{""connection_type"": """", ""construction"": """", ""end_type"": """", ""material"": """", ""material_family"": ""FASTENER"", ""material_grade"": ""GRADE 8.8"", ""material_subtype"": ""HEX"", ""material_type"": ""BOLT"", ""nominal_size"": """", ""orientation"": """", ""pressure_class"": """", ""rating"": """", ""size"": ""M16 X 65"", ""specification"": ""IS 1367"", ""standard"": ""IS 1367"", ""unit"": ""NOS""}",NMDC,1,STANDALONE_CANDIDATE,1.0,63d01deffb3be5e4db70ae0ce0f1dfaac30d320437d659cd546f344c57b1e1a5,,,
CMM-FASTNR-64D9FA-001,CMM-FASTNR-64D9FA-001,FASTENER | GRADE B7 | M16 X 65 | DIN 931,FASTENER,,GRADE B7,M16 X 65,,DIN 931,NOS,"{""connection_type"": """", ""construction"": """", ""end_type"": """", ""material"": """", ""material_family"": ""FASTENER"", ""material_grade"": ""GRADE B7"", ""material_subtype"": """", ""material_type"": """", ""nominal_size"": """", ""orientation"": """", ""pressure_class"": """", ""rating"": """", ""size"": ""M16 X 65"", ""specification"": ""DIN 931"", ""standard"": """", ""unit"": ""NOS""}",BHEL;NMDC,2,VERIFIED_HARMONIZED,1.0,64d9fa53802db6a034178ddb53dac130428a4a48c34654e0ae60dec0e9f2b012,,,
CMM-FASTNR-6661BD-001,CMM-FASTNR-6661BD-001,FASTENER | BOLT | SS 304 | M10 X 40 | ASME B18.2,FASTENER,BOLT,SS 304,M10 X 40,,ASME B18.2,KG,"{""connection_type"": """", ""construction"": """", ""end_type"": """", ""material"": ""STAINLESS STEEL"", ""material_family"": ""FASTENER"", ""material_grade"": ""SS 304"", ""material_subtype"": """", ""material_type"": ""BOLT"", ""nominal_size"": """", ""orientation"": """", ""pressure_class"": """", ""rating"": """", ""size"": ""M10 X 40"", ""specification"": ""ASME B18.2.1"", ""standard"": ""ASME B18.2"", ""unit"": ""KG""}",ONGC,1,STANDALONE_CANDIDATE,1.0,6661bd2117e7e06c6b88c9f26828d09ce24648c0d6c739ef4c59f68badca0c70,,,
CMM-FASTNR-677AC8-001,CMM-FASTNR-677AC8-001,FASTENER | BOLT | GRADE 10.9 | M12 X 50 | DIN 931,FASTENER,BOLT,GRADE 10.9,M12 X 50,,DIN 931,KG,"{""connection_type"": """", ""construction"": """", ""end_type"": """", ""material"": """", ""material_family"": ""FASTENER"", ""material_grade"": ""GRADE 10.9"", ""material_subtype"": ""HEX"", ""material_type"": ""BOLT"", ""nominal_size"": """", ""orientation"": """", ""pressure_class"": """", ""rating"": """", ""size"": ""M12 X 50"", ""specification"": ""DIN 931"", ""standard"": """", ""unit"": ""KG""}",Coal India,1,STANDALONE_CANDIDATE,1.0,677ac827a7a1a931b2c7dc83c7dcf1e6a9ede885bc58ae7d5a0571c987bbd791,,,
CMM-FASTNR-684D49-001,CMM-FASTNR-684D49-001,FASTENER | MANGANESE STEEL | M24 X 100 | IS 4772,FASTENER,,MANGANESE STEEL,M24 X 100,,IS 4772,NOS,"{""connection_type"": """", ""construction"": """", ""end_type"": """", ""material"": """", ""material_family"": ""FASTENER"", ""material_grade"": ""MANGANESE STEEL"", ""material_subtype"": """", ""material_type"": """", ""nominal_size"": """", ""orientation"": """", ""pressure_class"": """", ""rating"": """", ""size"": ""M24 X 100"", ""specification"": ""IS 4772"", ""standard"": ""IS 4772"", ""unit"": ""NOS""}",NMDC,1,STANDALONE_CANDIDATE,1.0,684d49a6f455dd34c6a26827e9babc1febbc5744067473a7572b4345c9f7cfd7,,,
CMM-FASTNR-685EAD-001,CMM-FASTNR-685EAD-001,FASTENER | TUNGSTEN CARBIDE | M20 | IS 4772,FASTENER,,TUNGSTEN CARBIDE,M20,,IS 4772,NOS,"{""connection_type"": """", ""construction"": """", ""end_type"": """", ""material"": """", ""material_family"": ""FASTENER"", ""material_grade"": ""TUNGSTEN CARBIDE"", ""material_subtype"": """", ""material_type"": """", ""nominal_size"": """", ""orientation"": """", ""pressure_class"": """", ""rating"": """", ""size"": ""M20"", ""specification"": ""IS 4772"", ""standard"": ""IS 4772"", ""unit"": ""NOS""}",Coal India,1,STANDALONE_CANDIDATE,1.0,685ead284d5b5712ed7304c39ddaf7193170c531e3b1ef523f8f0de13eb36f03,,,
CMM-FASTNR-69B63E-001,CMM-FASTNR-69B63E-001,FASTENER | TUNGSTEN CARBIDE | M20 | IS 4772,FASTENER,,TUNGSTEN CARBIDE,M20,,IS 4772,NOS,"{""connection_type"": """", ""construction"": """", ""end_type"": """", ""material"": """", ""material_family"": ""FASTENER"", ""material_grade"": ""TUNGSTEN CARBIDE"", ""material_subtype"": """", ""material_type"": """", ""nominal_size"": """", ""orientation"": """", ""pressure_class"": """", ""rating"": """", ""size"": ""M20"", ""specification"": ""IS 4772"", ""standard"": ""IS 4772"", ""unit"": ""NOS""}",Coal India,1,STANDALONE_CANDIDATE,1.0,69b63eea2eb59ddb81efd35c646e359026fbb0e3a5bd9665ad28ed9ee8358232,,,
CMM-FASTNR-6A90D7-001,CMM-FASTNR-6A90D7-001,FASTENER | MANGANESE STEEL | M24 X 100 | IS 4772,FASTENER,,MANGANESE STEEL,M24 X 100,,IS 4772,NOS,"{""connection_type"": """", ""construction"": """", ""end_type"": """", ""material"": """", ""material_family"": ""FASTENER"", ""material_grade"": ""MANGANESE STEEL"", ""material_subtype"": """", ""material_type"": """", ""nominal_size"": """", ""orientation"": """", ""pressure_class"": """", ""rating"": """", ""size"": ""M24 X 100"", ""specification"": ""IS 4772"", ""standard"": ""IS 4772"", ""unit"": ""NOS""}",NMDC,1,STANDALONE_CANDIDATE,1.0,6a90d7f329e75269b4175e6098bbdcba978f0aa5f14619e2c6d943d5ce7d9dd1,,,
CMM-FASTNR-6B8218-001,CMM-FASTNR-6B8218-001,FASTENER | BOLT | GRADE B7 | M16 X 65 | ASME B18.2,FASTENER,BOLT,GRADE B7,M16 X 65,,ASME B18.2,NOS,"{""connection_type"": """", ""construction"": """", ""end_type"": """", ""material"": """", ""material_family"": ""FASTENER"", ""material_grade"": ""GRADE B7"", ""material_subtype"": ""HEX"", ""material_type"": ""BOLT"", ""nominal_size"": """", ""orientation"": """", ""pressure_class"": """", ""rating"": """", ""size"": ""M16 X 65"", ""specification"": ""ASME B18.2.1"", ""standard"": ""ASME B18.2"", ""unit"": ""NOS""}",NMDC;SAIL,2,VERIFIED_HARMONIZED,1.0,6b8218190b74810df3d15b0606af96ef2ed2038c7b19c77ea7e384010e556ff1,,,
CMM-FASTNR-6C0170-001,CMM-FASTNR-6C0170-001,FASTENER | MANGANESE STEEL | M24 X 100 | IS 4772,FASTENER,,MANGANESE STEEL,M24 X 100,,IS 4772,NOS,"{""connection_type"": """", ""construction"": """", ""end_type"": """", ""material"": """", ""material_family"": ""FASTENER"", ""material_grade"": ""MANGANESE STEEL"", ""material_subtype"": """", ""material_type"": """", ""nominal_size"": """", ""orientation"": """", ""pressure_class"": """", ""rating"": """", ""size"": ""M24 X 100"", ""specification"": ""IS 4772"", ""standard"": ""IS 4772"", ""unit"": ""NOS""}",NMDC,1,STANDALONE_CANDIDATE,1.0,6c0170dcf3547c96f4e90b20bbf97a57112771784ded4e5a01730f853d27a43c,,,
CMM-FASTNR-6E500C-001,CMM-FASTNR-6E500C-001,FASTENER | BOLT | GRADE 10.9 | M16 X 65 | IS 1367,FASTENER,BOLT,GRADE 10.9,M16 X 65,,IS 1367,NOS,"{""connection_type"": """", ""construction"": """", ""end_type"": """", ""material"": """", ""material_family"": ""FASTENER"", ""material_grade"": ""GRADE 10.9"", ""material_subtype"": ""HEX"", ""material_type"": ""BOLT"", ""nominal_size"": """", ""orientation"": """", ""pressure_class"": """", ""rating"": """", ""size"": ""M16 X 65"", ""specification"": ""IS 1367"", ""standard"": ""IS 1367"", ""unit"": ""NOS""}",BHEL,1,STANDALONE_CANDIDATE,1.0,6e500c014a96bdcdd6626c34a510d6253d0eea63ae7662410190385704901254,,,
CMM-FASTNR-707EC9-001,CMM-FASTNR-707EC9-001,FASTENER | TUNGSTEN CARBIDE | M20 | IS 4772,FASTENER,,TUNGSTEN CARBIDE,M20,,IS 4772,NOS,"{""connection_type"": """", ""construction"": """", ""end_type"": """", ""material"": """", ""material_family"": ""FASTENER"", ""material_grade"": ""TUNGSTEN CARBIDE"", ""material_subtype"": """", ""material_type"": """", ""nominal_size"": """", ""orientation"": """", ""pressure_class"": """", ""rating"": """", ""size"": ""M20"", ""specification"": ""IS 4772"", ""standard"": ""IS 4772"", ""unit"": ""NOS""}",Coal India,1,STANDALONE_CANDIDATE,1.0,707ec93c3e579af14070520c4e59b24e9fa087cc9de714fa5aba0c67995ce661,,,
CMM-FASTNR-70A5EF-001,CMM-FASTNR-70A5EF-001,FASTENER | TUNGSTEN CARBIDE | M20 | IS 4772,FASTENER,,TUNGSTEN CARBIDE,M20,,IS 4772,NOS,"{""connection_type"": """", ""construction"": """", ""end_type"": """", ""material"": """", ""material_family"": ""FASTENER"", ""material_grade"": ""TUNGSTEN CARBIDE"", ""material_subtype"": """", ""material_type"": """", ""nominal_size"": """", ""orientation"": """", ""pressure_class"": """", ""rating"": """", ""size"": ""M20"", ""specification"": ""IS 4772"", ""standard"": ""IS 4772"", ""unit"": ""NOS""}",Coal India,1,STANDALONE_CANDIDATE,1.0,70a5efa30abd9317f0ebb84a98429450cd573824ffeda5e3ccf8076e9b354583,,,
CMM-FASTNR-70CED1-001,CMM-FASTNR-70CED1-001,FASTENER | MANGANESE STEEL | M24 X 100 | IS 4772,FASTENER,,MANGANESE STEEL,M24 X 100,,IS 4772,NOS,"{""connection_type"": """", ""construction"": """", ""end_type"": """", ""material"": """", ""material_family"": ""FASTENER"", ""material_grade"": ""MANGANESE STEEL"", ""material_subtype"": """", ""material_type"": """", ""nominal_size"": """", ""orientation"": """", ""pressure_class"": """", ""rating"": """", ""size"": ""M24 X 100"", ""specification"": ""IS 4772"", ""standard"": ""IS 4772"", ""unit"": ""NOS""}",NMDC,1,STANDALONE_CANDIDATE,1.0,70ced147baca3ec3d45f1c7e99ef5472a7f8ca914c03f022b1a74659f13ca2cd,,,
CMM-FASTNR-70F0BA-001,CMM-FASTNR-70F0BA-001,FASTENER | BOLT | GRADE 8.8 | M24 X 100 | ASME B18.2,FASTENER,BOLT,GRADE 8.8,M24 X 100,,ASME B18.2,KG,"{""connection_type"": """", ""construction"": """", ""end_type"": """", ""material"": """", ""material_family"": ""FASTENER"", ""material_grade"": ""GRADE 8.8"", ""material_subtype"": """", ""material_type"": ""BOLT"", ""nominal_size"": """", ""orientation"": """", ""pressure_class"": """", ""rating"": """", ""size"": ""M24 X 100"", ""specification"": ""ASME B18.2.1"", ""standard"": ""ASME B18.2"", ""unit"": ""KG""}",ONGC,1,STANDALONE_CANDIDATE,1.0,70f0ba7d3effa16f35d7c038104753e56ac653bbe6ee3c711f1ab812d500c164,,,
CMM-FASTNR-72AFE4-001,CMM-FASTNR-72AFE4-001,FASTENER | MANGANESE STEEL | M24 X 100 | IS 4772,FASTENER,,MANGANESE STEEL,M24 X 100,,IS 4772,NOS,"{""connection_type"": """", ""construction"": """", ""end_type"": """", ""material"": """", ""material_family"": ""FASTENER"", ""material_grade"": ""MANGANESE STEEL"", ""material_subtype"": """", ""material_type"": """", ""nominal_size"": """", ""orientation"": """", ""pressure_class"": """", ""rating"": """", ""size"": ""M24 X 100"", ""specification"": ""IS 4772"", ""standard"": ""IS 4772"", ""unit"": ""NOS""}",NMDC,1,STANDALONE_CANDIDATE,1.0,72afe4c72e114b94a3cd8b367b6c3cf92749bb228b825d521b4b106ff6f8b2c0,,,
CMM-FASTNR-72C249-001,CMM-FASTNR-72C249-001,FASTENER | MANGANESE STEEL | M24 X 100 | IS 4772,FASTENER,,MANGANESE STEEL,M24 X 100,,IS 4772,NOS,"{""connection_type"": """", ""construction"": """", ""end_type"": """", ""material"": """", ""material_family"": ""FASTENER"", ""material_grade"": ""MANGANESE STEEL"", ""material_subtype"": """", ""material_type"": """", ""nominal_size"": """", ""orientation"": """", ""pressure_class"": """", ""rating"": """", ""size"": ""M24 X 100"", ""specification"": ""IS 4772"", ""standard"": ""IS 4772"", ""unit"": ""NOS""}",NMDC,1,STANDALONE_CANDIDATE,1.0,72c249fdb837646caab29b9607f05e9b111e45e6cf2a76bb40b2081f6b0d2aaf,,,
CMM-FASTNR-733884-001,CMM-FASTNR-733884-001,FASTENER | BOLT | GRADE 8.8 | M16 X 65 | ASME B18.2,FASTENER,BOLT,GRADE 8.8,M16 X 65,,ASME B18.2,KG,"{""connection_type"": """", ""construction"": """", ""end_type"": """", ""material"": """", ""material_family"": ""FASTENER"", ""material_grade"": ""GRADE 8.8"", ""material_subtype"": ""HEX"", ""material_type"": ""BOLT"", ""nominal_size"": """", ""orientation"": """", ""pressure_class"": """", ""rating"": """", ""size"": ""M16 X 65"", ""specification"": ""ASME B18.2.1"", ""standard"": ""ASME B18.2"", ""unit"": ""KG""}",NMDC,1,STANDALONE_CANDIDATE,1.0,733884ab0457ad9250c74a3a2590a2ed212fcf09d16d93aa684c298998ac8b4d,,,
CMM-FASTNR-7426EC-001,CMM-FASTNR-7426EC-001,FASTENER | NUT | CARBON STEEL | M20 X 80 | DIN 931,FASTENER,NUT,CARBON STEEL,M20 X 80,,DIN 931,NOS,"{""connection_type"": """", ""construction"": """", ""end_type"": """", ""material"": ""CARBON STEEL"", ""material_family"": ""FASTENER"", ""material_grade"": ""CARBON STEEL"", ""material_subtype"": ""HEX"", ""material_type"": ""NUT"", ""nominal_size"": """", ""orientation"": """", ""pressure_class"": """", ""rating"": """", ""size"": ""M20 X 80"", ""specification"": ""DIN 931"", ""standard"": """", ""unit"": ""NOS""}",HPCL;IOCL;NMDC;NTPC;ONGC;SAIL,6,VERIFIED_HARMONIZED,1.0,7426ec0923c63a3f6d5c0156b7ba36fc3cc95b8b65818838acf9ffff2897bcb8,,,
CMM-FASTNR-75EF56-001,CMM-FASTNR-75EF56-001,FASTENER | NUT | ALLOY STEEL | M20 X 80 | ASTM A193,FASTENER,NUT,ALLOY STEEL,M20 X 80,,ASTM A193,KG,"{""connection_type"": """", ""construction"": """", ""end_type"": """", ""material"": """", ""material_family"": ""FASTENER"", ""material_grade"": ""ALLOY STEEL"", ""material_subtype"": ""HEX"", ""material_type"": ""NUT"", ""nominal_size"": """", ""orientation"": """", ""pressure_class"": """", ""rating"": """", ""size"": ""M20 X 80"", ""specification"": ""ASTM A193"", ""standard"": ""ASTM A193"", ""unit"": ""KG""}",IOCL,1,STANDALONE_CANDIDATE,1.0,75ef56b7a7d849fd1d4fce21296e8d4a261e08129b4eb718550124bd7f6894dc,,,
CMM-FASTNR-79903B-001,CMM-FASTNR-79903B-001,FASTENER | BOLT | SS 304 | M20 X 80 | DIN 931,FASTENER,BOLT,SS 304,M20 X 80,,DIN 931,NOS,"{""connection_type"": """", ""construction"": """", ""end_type"": """", ""material"": ""STAINLESS STEEL"", ""material_family"": ""FASTENER"", ""material_grade"": ""SS 304"", ""material_subtype"": """", ""material_type"": ""BOLT"", ""nominal_size"": """", ""orientation"": """", ""pressure_class"": """", ""rating"": """", ""size"": ""M20 X 80"", ""specification"": ""DIN 931"", ""standard"": """", ""unit"": ""NOS""}",Coal India;HPCL;NTPC;SAIL,4,VERIFIED_HARMONIZED,1.0,79903bf3bfdbbaabca3d374d88202dedfb8cce1d13c1b88ca0c277d6bfa226da,,,
CMM-FASTNR-79F7B5-001,CMM-FASTNR-79F7B5-001,FASTENER | NUT | SS 304 | M16 X 65 | DIN 931,FASTENER,NUT,SS 304,M16 X 65,,DIN 931,NOS,"{""connection_type"": """", ""construction"": """", ""end_type"": """", ""material"": ""STAINLESS STEEL"", ""material_family"": ""FASTENER"", ""material_grade"": ""SS 304"", ""material_subtype"": ""HEX"", ""material_type"": ""NUT"", ""nominal_size"": """", ""orientation"": """", ""pressure_class"": """", ""rating"": """", ""size"": ""M16 X 65"", ""specification"": ""DIN 931"", ""standard"": """", ""unit"": ""NOS""}",HPCL;NMDC;NTPC,3,VERIFIED_HARMONIZED,1.0,79f7b558af18cbe1d532bcd27ff6c6a021b5df462ae3cc8ff2c2b22e38562ded,,,
CMM-FASTNR-7AC8DE-001,CMM-FASTNR-7AC8DE-001,FASTENER | BOLT | SS 316 | M12 X 50 | DIN 931,FASTENER,BOLT,SS 316,M12 X 50,,DIN 931,KG,"{""connection_type"": """", ""construction"": """", ""end_type"": """", ""material"": ""STAINLESS STEEL"", ""material_family"": ""FASTENER"", ""material_grade"": ""SS 316"", ""material_subtype"": ""HEX"", ""material_type"": ""BOLT"", ""nominal_size"": """", ""orientation"": """", ""pressure_class"": """", ""rating"": """", ""size"": ""M12 X 50"", ""specification"": ""DIN 931"", ""standard"": """", ""unit"": ""KG""}",Coal India,1,STANDALONE_CANDIDATE,1.0,7ac8def7c5894eff5acb25dcd2b386afc7a0301a2b51f4841860a1ff5cbfc9c8,,,
CMM-FASTNR-7B5EA4-001,CMM-FASTNR-7B5EA4-001,FASTENER | MANGANESE STEEL | M24 X 100 | IS 4772,FASTENER,,MANGANESE STEEL,M24 X 100,,IS 4772,NOS,"{""connection_type"": """", ""construction"": """", ""end_type"": """", ""material"": """", ""material_family"": ""FASTENER"", ""material_grade"": ""MANGANESE STEEL"", ""material_subtype"": """", ""material_type"": """", ""nominal_size"": """", ""orientation"": """", ""pressure_class"": """", ""rating"": """", ""size"": ""M24 X 100"", ""specification"": ""IS 4772"", ""standard"": ""IS 4772"", ""unit"": ""NOS""}",NMDC,1,STANDALONE_CANDIDATE,1.0,7b5ea4e8c2bd28ce3247073eae558cb6c2a26518895d7d80b729796b53450cff,,,
CMM-FASTNR-7DFD49-001,CMM-FASTNR-7DFD49-001,FASTENER | TUNGSTEN CARBIDE | M20 | IS 4772,FASTENER,,TUNGSTEN CARBIDE,M20,,IS 4772,NOS,"{""connection_type"": """", ""construction"": """", ""end_type"": """", ""material"": """", ""material_family"": ""FASTENER"", ""material_grade"": ""TUNGSTEN CARBIDE"", ""material_subtype"": """", ""material_type"": """", ""nominal_size"": """", ""orientation"": """", ""pressure_class"": """", ""rating"": """", ""size"": ""M20"", ""specification"": ""IS 4772"", ""standard"": ""IS 4772"", ""unit"": ""NOS""}",Coal India,1,STANDALONE_CANDIDATE,1.0,7dfd49949342cd09adde8de20a3961fe971d218bb75886924a137099b2516458,,,
CMM-FASTNR-7E743D-001,CMM-FASTNR-7E743D-001,FASTENER | TUNGSTEN CARBIDE | M20 | IS 4772,FASTENER,,TUNGSTEN CARBIDE,M20,,IS 4772,NOS,"{""connection_type"": """", ""construction"": """", ""end_type"": """", ""material"": """", ""material_family"": ""FASTENER"", ""material_grade"": ""TUNGSTEN CARBIDE"", ""material_subtype"": """", ""material_type"": """", ""nominal_size"": """", ""orientation"": """", ""pressure_class"": """", ""rating"": """", ""size"": ""M20"", ""specification"": ""IS 4772"", ""standard"": ""IS 4772"", ""unit"": ""NOS""}",Coal India,1,STANDALONE_CANDIDATE,1.0,7e743d281446a819dd5e49c1e594aeddbfeb83e9319fe634cb45cd2892ce3f65,,,
CMM-FASTNR-7E8976-001,CMM-FASTNR-7E8976-001,FASTENER | TUNGSTEN CARBIDE | M20 | IS 4772,FASTENER,,TUNGSTEN CARBIDE,M20,,IS 4772,NOS,"{""connection_type"": """", ""construction"": """", ""end_type"": """", ""material"": """", ""material_family"": ""FASTENER"", ""material_grade"": ""TUNGSTEN CARBIDE"", ""material_subtype"": """", ""material_type"": """", ""nominal_size"": """", ""orientation"": """", ""pressure_class"": """", ""rating"": """", ""size"": ""M20"", ""specification"": ""IS 4772"", ""standard"": ""IS 4772"", ""unit"": ""NOS""}",Coal India,1,STANDALONE_CANDIDATE,1.0,7e89764fbdc952b50afb0868148e4d148e57c46ec12879d72c63e2be8226ccca,,,
CMM-FASTNR-805C80-001,CMM-FASTNR-805C80-001,FASTENER | TUNGSTEN CARBIDE | M20 | IS 4772,FASTENER,,TUNGSTEN CARBIDE,M20,,IS 4772,NOS,"{""connection_type"": """", ""construction"": """", ""end_type"": """", ""material"": """", ""material_family"": ""FASTENER"", ""material_grade"": ""TUNGSTEN CARBIDE"", ""material_subtype"": """", ""material_type"": """", ""nominal_size"": """", ""orientation"": """", ""pressure_class"": """", ""rating"": """", ""size"": ""M20"", ""specification"": ""IS 4772"", ""standard"": ""IS 4772"", ""unit"": ""NOS""}",Coal India,1,STANDALONE_CANDIDATE,1.0,805c8007ac80d6ad6177f19d8003ccd7d71fd42cf9ca082ffe218fded907ba8a,,,
CMM-FASTNR-80EC9A-001,CMM-FASTNR-80EC9A-001,FASTENER | MANGANESE STEEL | M24 X 100 | IS 4772,FASTENER,,MANGANESE STEEL,M24 X 100,,IS 4772,NOS,"{""connection_type"": """", ""construction"": """", ""end_type"": """", ""material"": """", ""material_family"": ""FASTENER"", ""material_grade"": ""MANGANESE STEEL"", ""material_subtype"": """", ""material_type"": """", ""nominal_size"": """", ""orientation"": """", ""pressure_class"": """", ""rating"": """", ""size"": ""M24 X 100"", ""specification"": ""IS 4772"", ""standard"": ""IS 4772"", ""unit"": ""NOS""}",NMDC,1,STANDALONE_CANDIDATE,1.0,80ec9ad3c23067090893ee2f86b6e65423f1faf560383da858d8be78e21cd511,,,
CMM-FASTNR-867DA9-001,CMM-FASTNR-867DA9-001,FASTENER | MANGANESE STEEL | M24 X 100 | IS 4772,FASTENER,,MANGANESE STEEL,M24 X 100,,IS 4772,NOS,"{""connection_type"": """", ""construction"": """", ""end_type"": """", ""material"": """", ""material_family"": ""FASTENER"", ""material_grade"": ""MANGANESE STEEL"", ""material_subtype"": """", ""material_type"": """", ""nominal_size"": """", ""orientation"": """", ""pressure_class"": """", ""rating"": """", ""size"": ""M24 X 100"", ""specification"": ""IS 4772"", ""standard"": ""IS 4772"", ""unit"": ""NOS""}",NMDC,1,STANDALONE_CANDIDATE,1.0,867da9d5623fce52de2761abd8a0ece368906b202639d765d29c104481106d0c,,,
CMM-FASTNR-874628-001,CMM-FASTNR-874628-001,FASTENER | BOLT | GRADE 8.8 | M20 X 80 | IS 1367,FASTENER,BOLT,GRADE 8.8,M20 X 80,,IS 1367,NOS,"{""connection_type"": """", ""construction"": """", ""end_type"": """", ""material"": """", ""material_family"": ""FASTENER"", ""material_grade"": ""GRADE 8.8"", ""material_subtype"": """", ""material_type"": ""BOLT"", ""nominal_size"": """", ""orientation"": """", ""pressure_class"": """", ""rating"": """", ""size"": ""M20 X 80"", ""specification"": ""IS 1367"", ""standard"": ""IS 1367"", ""unit"": ""NOS""}",SAIL,1,STANDALONE_CANDIDATE,1.0,874628cf9d60e8ddbbeeb859df52e959de6be9d028aea5ce8147c599fb1ee908,,,
CMM-FASTNR-87EE42-001,CMM-FASTNR-87EE42-001,FASTENER | BOLT | GRADE B7 | M10 X 40 | IS 1367,FASTENER,BOLT,GRADE B7,M10 X 40,,IS 1367,NOS,"{""connection_type"": """", ""construction"": """", ""end_type"": """", ""material"": """", ""material_family"": ""FASTENER"", ""material_grade"": ""GRADE B7"", ""material_subtype"": """", ""material_type"": ""BOLT"", ""nominal_size"": """", ""orientation"": """", ""pressure_class"": """", ""rating"": """", ""size"": ""M10 X 40"", ""specification"": ""IS 1367"", ""standard"": ""IS 1367"", ""unit"": ""NOS""}",NMDC;ONGC,2,VERIFIED_HARMONIZED,1.0,87ee42e85bf126aae6fbf705d5d17bdace84311fa5d7575c3c9e165599a06e95,,,
CMM-FASTNR-88E4CA-001,CMM-FASTNR-88E4CA-001,FASTENER | NUT | GRADE 8.8 | M10 X 40 | IS 1367,FASTENER,NUT,GRADE 8.8,M10 X 40,,IS 1367,KG,"{""connection_type"": """", ""construction"": """", ""end_type"": """", ""material"": """", ""material_family"": ""FASTENER"", ""material_grade"": ""GRADE 8.8"", ""material_subtype"": ""HEX"", ""material_type"": ""NUT"", ""nominal_size"": """", ""orientation"": """", ""pressure_class"": """", ""rating"": """", ""size"": ""M10 X 40"", ""specification"": ""IS 1367"", ""standard"": ""IS 1367"", ""unit"": ""KG""}",ONGC,1,STANDALONE_CANDIDATE,1.0,88e4ca07ce64cff3c24792d9edcf61889b6bbec147c8e8e5866a203e45cbaed8,,,
CMM-FASTNR-8AAAB9-001,CMM-FASTNR-8AAAB9-001,FASTENER | TUNGSTEN CARBIDE | M20 | IS 4772,FASTENER,,TUNGSTEN CARBIDE,M20,,IS 4772,NOS,"{""connection_type"": """", ""construction"": """", ""end_type"": """", ""material"": """", ""material_family"": ""FASTENER"", ""material_grade"": ""TUNGSTEN CARBIDE"", ""material_subtype"": """", ""material_type"": """", ""nominal_size"": """", ""orientation"": """", ""pressure_class"": """", ""rating"": """", ""size"": ""M20"", ""specification"": ""IS 4772"", ""standard"": ""IS 4772"", ""unit"": ""NOS""}",Coal India,1,STANDALONE_CANDIDATE,1.0,8aaab9d4c1bc47e23f20b830844f04c8673fb00ff0bd0828227c4a92627e2ed4,,,
CMM-FASTNR-8BF2FF-001,CMM-FASTNR-8BF2FF-001,FASTENER | MANGANESE STEEL | M24 X 100 | IS 4772,FASTENER,,MANGANESE STEEL,M24 X 100,,IS 4772,NOS,"{""connection_type"": """", ""construction"": """", ""end_type"": """", ""material"": """", ""material_family"": ""FASTENER"", ""material_grade"": ""MANGANESE STEEL"", ""material_subtype"": """", ""material_type"": """", ""nominal_size"": """", ""orientation"": """", ""pressure_class"": """", ""rating"": """", ""size"": ""M24 X 100"", ""specification"": ""IS 4772"", ""standard"": ""IS 4772"", ""unit"": ""NOS""}",NMDC,1,STANDALONE_CANDIDATE,1.0,8bf2ff08e2ace1cf219332247670cbf4a8d14c51105f5df31ba85774f0f82134,,,
CMM-FASTNR-8FB594-001,CMM-FASTNR-8FB594-001,FASTENER | BOLT | ALLOY STEEL | M16 X 65 | ASTM A193,FASTENER,BOLT,ALLOY STEEL,M16 X 65,,ASTM A193,NOS,"{""connection_type"": """", ""construction"": """", ""end_type"": """", ""material"": """", ""material_family"": ""FASTENER"", ""material_grade"": ""ALLOY STEEL"", ""material_subtype"": """", ""material_type"": ""BOLT"", ""nominal_size"": """", ""orientation"": """", ""pressure_class"": """", ""rating"": """", ""size"": ""M16 X 65"", ""specification"": ""ASTM A193"", ""standard"": ""ASTM A193"", ""unit"": ""NOS""}",Coal India;IOCL,2,VERIFIED_HARMONIZED,1.0,8fb5943536004a5f8223d8a7240c69f4cc4b97833b8976de5cae0c864845ff69,,,
CMM-FASTNR-90BA4C-001,CMM-FASTNR-90BA4C-001,FASTENER | BOLT | ALLOY STEEL | M20 X 80 | ASTM A193,FASTENER,BOLT,ALLOY STEEL,M20 X 80,,ASTM A193,NOS,"{""connection_type"": """", ""construction"": """", ""end_type"": """", ""material"": """", ""material_family"": ""FASTENER"", ""material_grade"": ""ALLOY STEEL"", ""material_subtype"": """", ""material_type"": ""BOLT"", ""nominal_size"": """", ""orientation"": """", ""pressure_class"": """", ""rating"": """", ""size"": ""M20 X 80"", ""specification"": ""ASTM A193"", ""standard"": ""ASTM A193"", ""unit"": ""NOS""}",NMDC,1,STANDALONE_CANDIDATE,1.0,90ba4cbb69b3e4a2eb3416c3e80d17197e1ec041b4c812e6edad6bec1bb53fb5,,,
CMM-FASTNR-912BFD-001,CMM-FASTNR-912BFD-001,FASTENER | BOLT | GRADE 10.9 | M16 X 65 | ASME B18.2,FASTENER,BOLT,GRADE 10.9,M16 X 65,,ASME B18.2,UNRESOLVED_CONFLICT (KG vs NOS),"{""connection_type"": """", ""construction"": """", ""end_type"": """", ""material"": """", ""material_family"": ""FASTENER"", ""material_grade"": ""GRADE 10.9"", ""material_subtype"": ""HEX"", ""material_type"": ""BOLT"", ""nominal_size"": """", ""orientation"": """", ""pressure_class"": """", ""rating"": """", ""size"": ""M16 X 65"", ""specification"": ""ASME B18.2.1"", ""standard"": ""ASME B18.2"", ""unit"": ""UNRESOLVED_CONFLICT (KG vs NOS)""}",Coal India;HPCL,2,AMBIGUOUS_REVIEW_REQUIRED,0.7,912bfd69d8c947906a27e720ac227c1a994116a2a956020968fd68bb4dd5e7f3,,,
CMM-FASTNR-92FC46-001,CMM-FASTNR-92FC46-001,FASTENER | BOLT | GRADE 8.8 | M10 X 40 | ASME B18.2,FASTENER,BOLT,GRADE 8.8,M10 X 40,,ASME B18.2,KG,"{""connection_type"": """", ""construction"": """", ""end_type"": """", ""material"": """", ""material_family"": ""FASTENER"", ""material_grade"": ""GRADE 8.8"", ""material_subtype"": ""HEX"", ""material_type"": ""BOLT"", ""nominal_size"": """", ""orientation"": """", ""pressure_class"": """", ""rating"": """", ""size"": ""M10 X 40"", ""specification"": ""ASME B18.2.1"", ""standard"": ""ASME B18.2"", ""unit"": ""KG""}",ONGC,1,STANDALONE_CANDIDATE,1.0,92fc463a50f667409ffe2bd1379f811cd4111cfadba6e916ac2541e20fa33b74,,,
CMM-FASTNR-93C14A-001,CMM-FASTNR-93C14A-001,FASTENER | SS 316 | M24 X 100 | ASTM A193,FASTENER,,SS 316,M24 X 100,,ASTM A193,NOS,"{""connection_type"": """", ""construction"": """", ""end_type"": """", ""material"": ""STAINLESS STEEL"", ""material_family"": ""FASTENER"", ""material_grade"": ""SS 316"", ""material_subtype"": """", ""material_type"": """", ""nominal_size"": """", ""orientation"": """", ""pressure_class"": """", ""rating"": """", ""size"": ""M24 X 100"", ""specification"": ""ASTM A193"", ""standard"": ""ASTM A193"", ""unit"": ""NOS""}",ONGC,1,STANDALONE_CANDIDATE,1.0,93c14a3acb542a46a099efd17bff773799f590db537f2df156269f84e50961b6,,,
CMM-FASTNR-93E627-001,CMM-FASTNR-93E627-001,FASTENER | MANGANESE STEEL | M24 X 100 | IS 4772,FASTENER,,MANGANESE STEEL,M24 X 100,,IS 4772,NOS,"{""connection_type"": """", ""construction"": """", ""end_type"": """", ""material"": """", ""material_family"": ""FASTENER"", ""material_grade"": ""MANGANESE STEEL"", ""material_subtype"": """", ""material_type"": """", ""nominal_size"": """", ""orientation"": """", ""pressure_class"": """", ""rating"": """", ""size"": ""M24 X 100"", ""specification"": ""IS 4772"", ""standard"": ""IS 4772"", ""unit"": ""NOS""}",NMDC,1,STANDALONE_CANDIDATE,1.0,93e627d59f97dc78ccb91489edc5a8e637733bd5957118237d0236ffacf0569e,,,
CMM-FASTNR-964AC9-001,CMM-FASTNR-964AC9-001,FASTENER | TUNGSTEN CARBIDE | M20 | IS 4772,FASTENER,,TUNGSTEN CARBIDE,M20,,IS 4772,NOS,"{""connection_type"": """", ""construction"": """", ""end_type"": """", ""material"": """", ""material_family"": ""FASTENER"", ""material_grade"": ""TUNGSTEN CARBIDE"", ""material_subtype"": """", ""material_type"": """", ""nominal_size"": """", ""orientation"": """", ""pressure_class"": """", ""rating"": """", ""size"": ""M20"", ""specification"": ""IS 4772"", ""standard"": ""IS 4772"", ""unit"": ""NOS""}",Coal India,1,STANDALONE_CANDIDATE,1.0,964ac9bc36f74818ba5f3b11c80f37a60daf965164b82bbc4dcf86666a6b3cf8,,,
CMM-FASTNR-9B1B0A-001,CMM-FASTNR-9B1B0A-001,FASTENER | BOLT | GRADE B7 | M24 X 100 | ASME B18.2,FASTENER,BOLT,GRADE B7,M24 X 100,,ASME B18.2,NOS,"{""connection_type"": """", ""construction"": """", ""end_type"": """", ""material"": """", ""material_family"": ""FASTENER"", ""material_grade"": ""GRADE B7"", ""material_subtype"": """", ""material_type"": ""BOLT"", ""nominal_size"": """", ""orientation"": """", ""pressure_class"": """", ""rating"": """", ""size"": ""M24 X 100"", ""specification"": ""ASME B18.2.1"", ""standard"": ""ASME B18.2"", ""unit"": ""NOS""}",IOCL;NMDC,2,VERIFIED_HARMONIZED,1.0,9b1b0aaae07b1e206fb085192efb76eac253c4d73ad259e0272f6238725ad1be,,,
CMM-FASTNR-9D9AC4-001,CMM-FASTNR-9D9AC4-001,FASTENER | TUNGSTEN CARBIDE | M20 | IS 4772,FASTENER,,TUNGSTEN CARBIDE,M20,,IS 4772,NOS,"{""connection_type"": """", ""construction"": """", ""end_type"": """", ""material"": """", ""material_family"": ""FASTENER"", ""material_grade"": ""TUNGSTEN CARBIDE"", ""material_subtype"": """", ""material_type"": """", ""nominal_size"": """", ""orientation"": """", ""pressure_class"": """", ""rating"": """", ""size"": ""M20"", ""specification"": ""IS 4772"", ""standard"": ""IS 4772"", ""unit"": ""NOS""}",Coal India,1,STANDALONE_CANDIDATE,1.0,9d9ac46141643cad63eb03773fbb5808cae501b606158137e23c3fcbee3d88c3,,,
CMM-FASTNR-9F40C9-001,CMM-FASTNR-9F40C9-001,FASTENER | NUT | GRADE 8.8 | M16 X 65 | ASTM A193,FASTENER,NUT,GRADE 8.8,M16 X 65,,ASTM A193,NOS,"{""connection_type"": """", ""construction"": """", ""end_type"": """", ""material"": """", ""material_family"": ""FASTENER"", ""material_grade"": ""GRADE 8.8"", ""material_subtype"": ""HEX"", ""material_type"": ""NUT"", ""nominal_size"": """", ""orientation"": """", ""pressure_class"": """", ""rating"": """", ""size"": ""M16 X 65"", ""specification"": ""ASTM A193"", ""standard"": ""ASTM A193"", ""unit"": ""NOS""}",NMDC,1,STANDALONE_CANDIDATE,1.0,9f40c9a745342a172b99851ed8621209527bdb8708ca2fa709b239ac3794120d,,,
CMM-FASTNR-A037B5-001,CMM-FASTNR-A037B5-001,FASTENER | BOLT | ALLOY STEEL | M24 X 100 | DIN 931,FASTENER,BOLT,ALLOY STEEL,M24 X 100,,DIN 931,KG,"{""connection_type"": """", ""construction"": """", ""end_type"": """", ""material"": """", ""material_family"": ""FASTENER"", ""material_grade"": ""ALLOY STEEL"", ""material_subtype"": """", ""material_type"": ""BOLT"", ""nominal_size"": """", ""orientation"": """", ""pressure_class"": """", ""rating"": """", ""size"": ""M24 X 100"", ""specification"": ""DIN 931"", ""standard"": """", ""unit"": ""KG""}",NTPC,1,STANDALONE_CANDIDATE,1.0,a037b5518af1ef9ace93e81d30a02772a442292569dcef3d4685cf1230ec3d40,,,
CMM-FASTNR-A1A35C-001,CMM-FASTNR-A1A35C-001,FASTENER | BOLT | GRADE B7 | M10 X 40 | ASTM A193,FASTENER,BOLT,GRADE B7,M10 X 40,,ASTM A193,NOS,"{""connection_type"": """", ""construction"": """", ""end_type"": """", ""material"": """", ""material_family"": ""FASTENER"", ""material_grade"": ""GRADE B7"", ""material_subtype"": """", ""material_type"": ""BOLT"", ""nominal_size"": """", ""orientation"": """", ""pressure_class"": """", ""rating"": """", ""size"": ""M10 X 40"", ""specification"": ""ASTM A193"", ""standard"": ""ASTM A193"", ""unit"": ""NOS""}",BHEL;NMDC,2,VERIFIED_HARMONIZED,1.0,a1a35ce5a1fa847244c12fcb310d0d72dffc7810aa6f497060fa9027a196339b,,,
CMM-FASTNR-A2AB0B-001,CMM-FASTNR-A2AB0B-001,FASTENER | CARBON STEEL | M16 X 65 | DIN 931,FASTENER,,CARBON STEEL,M16 X 65,,DIN 931,NOS,"{""connection_type"": """", ""construction"": """", ""end_type"": """", ""material"": ""CARBON STEEL"", ""material_family"": ""FASTENER"", ""material_grade"": ""CARBON STEEL"", ""material_subtype"": """", ""material_type"": """", ""nominal_size"": """", ""orientation"": """", ""pressure_class"": """", ""rating"": """", ""size"": ""M16 X 65"", ""specification"": ""DIN 931"", ""standard"": """", ""unit"": ""NOS""}",BHEL;Coal India;HPCL;NTPC;SAIL,5,VERIFIED_HARMONIZED,1.0,a2ab0b23b6e46499f270fff0d0b5658de4a61300623037beb35a9d23961b1981,,,
CMM-FASTNR-A59C6C-001,CMM-FASTNR-A59C6C-001,FASTENER | TUNGSTEN CARBIDE | M20 | IS 4772,FASTENER,,TUNGSTEN CARBIDE,M20,,IS 4772,NOS,"{""connection_type"": """", ""construction"": """", ""end_type"": """", ""material"": """", ""material_family"": ""FASTENER"", ""material_grade"": ""TUNGSTEN CARBIDE"", ""material_subtype"": """", ""material_type"": """", ""nominal_size"": """", ""orientation"": """", ""pressure_class"": """", ""rating"": """", ""size"": ""M20"", ""specification"": ""IS 4772"", ""standard"": ""IS 4772"", ""unit"": ""NOS""}",Coal India,1,STANDALONE_CANDIDATE,1.0,a59c6c2e7099987bb87f12e708457a7e22cea9f279c5eb926fe8c8bcd030ffd0,,,
CMM-FASTNR-A72A9B-001,CMM-FASTNR-A72A9B-001,FASTENER | TUNGSTEN CARBIDE | M20 | IS 4772,FASTENER,,TUNGSTEN CARBIDE,M20,,IS 4772,NOS,"{""connection_type"": """", ""construction"": """", ""end_type"": """", ""material"": """", ""material_family"": ""FASTENER"", ""material_grade"": ""TUNGSTEN CARBIDE"", ""material_subtype"": """", ""material_type"": """", ""nominal_size"": """", ""orientation"": """", ""pressure_class"": """", ""rating"": """", ""size"": ""M20"", ""specification"": ""IS 4772"", ""standard"": ""IS 4772"", ""unit"": ""NOS""}",Coal India,1,STANDALONE_CANDIDATE,1.0,a72a9bfcd83b6573ca061daf0f2829ccc44d13e5dadc3c14ee3ef135b063ba06,,,
CMM-FASTNR-A82C5B-001,CMM-FASTNR-A82C5B-001,FASTENER | GRADE B7 | M10 X 40 | IS 1367,FASTENER,,GRADE B7,M10 X 40,,IS 1367,NOS,"{""connection_type"": """", ""construction"": """", ""end_type"": """", ""material"": """", ""material_family"": ""FASTENER"", ""material_grade"": ""GRADE B7"", ""material_subtype"": """", ""material_type"": """", ""nominal_size"": """", ""orientation"": """", ""pressure_class"": """", ""rating"": """", ""size"": ""M10 X 40"", ""specification"": ""IS 1367"", ""standard"": ""IS 1367"", ""unit"": ""NOS""}",Coal India;HPCL;NMDC;NTPC;ONGC;SAIL,8,AMBIGUOUS_REVIEW_REQUIRED,1.0,a82c5b6ef4a0cfa8d3e2b7a3b0cd0a35ae6d43846646899d3736666edc9e9d8f,,,
CMM-FASTNR-AB8D46-001,CMM-FASTNR-AB8D46-001,FASTENER | MANGANESE STEEL | M24 X 100 | IS 4772,FASTENER,,MANGANESE STEEL,M24 X 100,,IS 4772,NOS,"{""connection_type"": """", ""construction"": """", ""end_type"": """", ""material"": """", ""material_family"": ""FASTENER"", ""material_grade"": ""MANGANESE STEEL"", ""material_subtype"": """", ""material_type"": """", ""nominal_size"": """", ""orientation"": """", ""pressure_class"": """", ""rating"": """", ""size"": ""M24 X 100"", ""specification"": ""IS 4772"", ""standard"": ""IS 4772"", ""unit"": ""NOS""}",NMDC,1,STANDALONE_CANDIDATE,1.0,ab8d4637caf8473cc338c58f11abebd25ac916fae6d373b0760b33cf99657752,,,
CMM-FASTNR-ABBB06-001,CMM-FASTNR-ABBB06-001,FASTENER | TUNGSTEN CARBIDE | M20 | IS 4772,FASTENER,,TUNGSTEN CARBIDE,M20,,IS 4772,NOS,"{""connection_type"": """", ""construction"": """", ""end_type"": """", ""material"": """", ""material_family"": ""FASTENER"", ""material_grade"": ""TUNGSTEN CARBIDE"", ""material_subtype"": """", ""material_type"": """", ""nominal_size"": """", ""orientation"": """", ""pressure_class"": """", ""rating"": """", ""size"": ""M20"", ""specification"": ""IS 4772"", ""standard"": ""IS 4772"", ""unit"": ""NOS""}",Coal India,1,STANDALONE_CANDIDATE,1.0,abbb06e89b390ab42bec3e1bcbf3a8e24b764d5fe6f205ae647640d89ac8a612,,,
CMM-FASTNR-AE0702-001,CMM-FASTNR-AE0702-001,FASTENER | BOLT | GRADE B7 | M12 X 50 | IS 1367,FASTENER,BOLT,GRADE B7,M12 X 50,,IS 1367,NOS,"{""connection_type"": """", ""construction"": """", ""end_type"": """", ""material"": """", ""material_family"": ""FASTENER"", ""material_grade"": ""GRADE B7"", ""material_subtype"": """", ""material_type"": ""BOLT"", ""nominal_size"": """", ""orientation"": """", ""pressure_class"": """", ""rating"": """", ""size"": ""M12 X 50"", ""specification"": ""IS 1367"", ""standard"": ""IS 1367"", ""unit"": ""NOS""}",BHEL;IOCL,2,VERIFIED_HARMONIZED,1.0,ae070252993fea017d63607847ddbb4a516c7cb0db5066ce4a61c518ccfa408b,,,
CMM-FASTNR-AE173B-001,CMM-FASTNR-AE173B-001,FASTENER | BOLT | GRADE 10.9 | M10 X 40 | ASME B18.2,FASTENER,BOLT,GRADE 10.9,M10 X 40,,ASME B18.2,KG,"{""connection_type"": """", ""construction"": """", ""end_type"": """", ""material"": """", ""material_family"": ""FASTENER"", ""material_grade"": ""GRADE 10.9"", ""material_subtype"": """", ""material_type"": ""BOLT"", ""nominal_size"": """", ""orientation"": """", ""pressure_class"": """", ""rating"": """", ""size"": ""M10 X 40"", ""specification"": ""ASME B18.2.1"", ""standard"": ""ASME B18.2"", ""unit"": ""KG""}",SAIL,1,STANDALONE_CANDIDATE,1.0,ae173b1d50c3d9127e20d5bcfc91166bba0a9f0df3910059d4412e26ceec4b74,,,
CMM-FASTNR-AE7085-001,CMM-FASTNR-AE7085-001,FASTENER | GRADE 8.8 | M16 X 65 | DIN 931,FASTENER,,GRADE 8.8,M16 X 65,,DIN 931,NOS,"{""connection_type"": """", ""construction"": """", ""end_type"": """", ""material"": """", ""material_family"": ""FASTENER"", ""material_grade"": ""GRADE 8.8"", ""material_subtype"": """", ""material_type"": """", ""nominal_size"": """", ""orientation"": """", ""pressure_class"": """", ""rating"": """", ""size"": ""M16 X 65"", ""specification"": ""DIN 931"", ""standard"": """", ""unit"": ""NOS""}",SAIL,1,STANDALONE_CANDIDATE,1.0,ae708517b6c886cd31e0288a72bd478a11b9df85f092a1eb3b5d925d17133d1f,,,
CMM-FASTNR-B017A6-001,CMM-FASTNR-B017A6-001,FASTENER | NUT | CARBON STEEL | M20 X 80 | ASME B18.2,FASTENER,NUT,CARBON STEEL,M20 X 80,,ASME B18.2,KG,"{""connection_type"": """", ""construction"": """", ""end_type"": """", ""material"": ""CARBON STEEL"", ""material_family"": ""FASTENER"", ""material_grade"": ""CARBON STEEL"", ""material_subtype"": ""HEX"", ""material_type"": ""NUT"", ""nominal_size"": """", ""orientation"": """", ""pressure_class"": """", ""rating"": """", ""size"": ""M20 X 80"", ""specification"": ""ASME B18.2.1"", ""standard"": ""ASME B18.2"", ""unit"": ""KG""}",BHEL;Coal India;NTPC;ONGC,4,VERIFIED_HARMONIZED,1.0,b017a661fca8678012af8bf06c19c128080d13028fb380ca9e8b9ba93dd09db4,,,
CMM-FASTNR-B0430D-001,CMM-FASTNR-B0430D-001,FASTENER | BOLT | GRADE 10.9 | M10 X 40 | IS 1367,FASTENER,BOLT,GRADE 10.9,M10 X 40,,IS 1367,NOS,"{""connection_type"": """", ""construction"": """", ""end_type"": """", ""material"": """", ""material_family"": ""FASTENER"", ""material_grade"": ""GRADE 10.9"", ""material_subtype"": """", ""material_type"": ""BOLT"", ""nominal_size"": """", ""orientation"": """", ""pressure_class"": """", ""rating"": """", ""size"": ""M10 X 40"", ""specification"": ""IS 1367"", ""standard"": ""IS 1367"", ""unit"": ""NOS""}",NTPC,1,STANDALONE_CANDIDATE,1.0,b0430db72109cf71f28ca723ae3175a5fe85777ab7b6be2cdc69d2875348b3eb,,,
CMM-FASTNR-B1846A-001,CMM-FASTNR-B1846A-001,FASTENER | BOLT | GRADE 8.8 | M10 X 40 | IS 1367,FASTENER,BOLT,GRADE 8.8,M10 X 40,,IS 1367,NOS,"{""connection_type"": """", ""construction"": """", ""end_type"": """", ""material"": """", ""material_family"": ""FASTENER"", ""material_grade"": ""GRADE 8.8"", ""material_subtype"": ""HEX"", ""material_type"": ""BOLT"", ""nominal_size"": """", ""orientation"": """", ""pressure_class"": """", ""rating"": """", ""size"": ""M10 X 40"", ""specification"": ""IS 1367"", ""standard"": ""IS 1367"", ""unit"": ""NOS""}",BHEL;HPCL,2,VERIFIED_HARMONIZED,1.0,b1846ac6a86f6b06c6b24a2aa460dfef0175ce05ed61132720e39cfc9518cfa5,,,
CMM-FASTNR-B46359-001,CMM-FASTNR-B46359-001,FASTENER | NUT | GRADE 10.9 | M10 X 40 | ASME B18.2,FASTENER,NUT,GRADE 10.9,M10 X 40,,ASME B18.2,NOS,"{""connection_type"": """", ""construction"": """", ""end_type"": """", ""material"": """", ""material_family"": ""FASTENER"", ""material_grade"": ""GRADE 10.9"", ""material_subtype"": ""HEX"", ""material_type"": ""NUT"", ""nominal_size"": """", ""orientation"": """", ""pressure_class"": """", ""rating"": """", ""size"": ""M10 X 40"", ""specification"": ""ASME B18.2.1"", ""standard"": ""ASME B18.2"", ""unit"": ""NOS""}",BHEL,1,STANDALONE_CANDIDATE,1.0,b46359b0022b537babc154ec16bf48b68faa60663394de1a0e77b3670045e360,,,
CMM-FASTNR-B4A1EA-001,CMM-FASTNR-B4A1EA-001,FASTENER | BOLT | CARBON STEEL | M20 X 80 | ASME B18.2,FASTENER,BOLT,CARBON STEEL,M20 X 80,,ASME B18.2,KG,"{""connection_type"": """", ""construction"": """", ""end_type"": """", ""material"": ""CARBON STEEL"", ""material_family"": ""FASTENER"", ""material_grade"": ""CARBON STEEL"", ""material_subtype"": """", ""material_type"": ""BOLT"", ""nominal_size"": """", ""orientation"": """", ""pressure_class"": """", ""rating"": """", ""size"": ""M20 X 80"", ""specification"": ""ASME B18.2.1"", ""standard"": ""ASME B18.2"", ""unit"": ""KG""}",Coal India;HPCL;IOCL;NMDC;ONGC,5,VERIFIED_HARMONIZED,1.0,b4a1ea7fd8d1b5de827d3d9d1cafe9fdfed9aa7b1dc86d865b5f30acb422f75e,,,
CMM-FASTNR-B5D9B4-001,CMM-FASTNR-B5D9B4-001,FASTENER | TUNGSTEN CARBIDE | M20 | IS 4772,FASTENER,,TUNGSTEN CARBIDE,M20,,IS 4772,NOS,"{""connection_type"": """", ""construction"": """", ""end_type"": """", ""material"": """", ""material_family"": ""FASTENER"", ""material_grade"": ""TUNGSTEN CARBIDE"", ""material_subtype"": """", ""material_type"": """", ""nominal_size"": """", ""orientation"": """", ""pressure_class"": """", ""rating"": """", ""size"": ""M20"", ""specification"": ""IS 4772"", ""standard"": ""IS 4772"", ""unit"": ""NOS""}",Coal India,1,STANDALONE_CANDIDATE,1.0,b5d9b458b3942e98eca0e0b031332a7c7bf08aca0ec9d731b71f79a55022b4e7,,,
CMM-FASTNR-B810F4-001,CMM-FASTNR-B810F4-001,FASTENER | BOLT | GRADE B7 | M20 X 80 | ASME B18.2,FASTENER,BOLT,GRADE B7,M20 X 80,,ASME B18.2,NOS,"{""connection_type"": """", ""construction"": """", ""end_type"": """", ""material"": """", ""material_family"": ""FASTENER"", ""material_grade"": ""GRADE B7"", ""material_subtype"": """", ""material_type"": ""BOLT"", ""nominal_size"": """", ""orientation"": """", ""pressure_class"": """", ""rating"": """", ""size"": ""M20 X 80"", ""specification"": ""ASME B18.2.1"", ""standard"": ""ASME B18.2"", ""unit"": ""NOS""}",BHEL;ONGC;SAIL,3,VERIFIED_HARMONIZED,1.0,b810f41268f85f8f896ada1ea0ba33ce8fba70841b3c089fda31b63c395651fa,,,
CMM-FASTNR-B982D3-001,CMM-FASTNR-B982D3-001,FASTENER | BOLT | CARBON STEEL | M20 X 80 | ASTM A193,FASTENER,BOLT,CARBON STEEL,M20 X 80,,ASTM A193,NOS,"{""connection_type"": """", ""construction"": """", ""end_type"": """", ""material"": ""CARBON STEEL"", ""material_family"": ""FASTENER"", ""material_grade"": ""CARBON STEEL"", ""material_subtype"": """", ""material_type"": ""BOLT"", ""nominal_size"": """", ""orientation"": """", ""pressure_class"": """", ""rating"": """", ""size"": ""M20 X 80"", ""specification"": ""ASTM A193"", ""standard"": ""ASTM A193"", ""unit"": ""NOS""}",ONGC,1,STANDALONE_CANDIDATE,1.0,b982d3621fd3f1f6921405423e5356cfd99a0cafad7008e93a5267add1ad3c5a,,,
CMM-FASTNR-BA072B-001,CMM-FASTNR-BA072B-001,FASTENER | BOLT | CARBON STEEL | M10 X 40 | ASTM A193,FASTENER,BOLT,CARBON STEEL,M10 X 40,,ASTM A193,KG,"{""connection_type"": """", ""construction"": """", ""end_type"": """", ""material"": ""CARBON STEEL"", ""material_family"": ""FASTENER"", ""material_grade"": ""CARBON STEEL"", ""material_subtype"": """", ""material_type"": ""BOLT"", ""nominal_size"": """", ""orientation"": """", ""pressure_class"": """", ""rating"": """", ""size"": ""M10 X 40"", ""specification"": ""ASTM A193"", ""standard"": ""ASTM A193"", ""unit"": ""KG""}",BHEL,1,STANDALONE_CANDIDATE,1.0,ba072b7a72e34111db11f03811e76e500a021d0477853f20a65b235c6e5c3fec,,,
CMM-FASTNR-BAA11F-001,CMM-FASTNR-BAA11F-001,FASTENER | GRADE 8.8 | M12 X 50 | IS 1367,FASTENER,,GRADE 8.8,M12 X 50,,IS 1367,NOS,"{""connection_type"": """", ""construction"": """", ""end_type"": """", ""material"": """", ""material_family"": ""FASTENER"", ""material_grade"": ""GRADE 8.8"", ""material_subtype"": """", ""material_type"": """", ""nominal_size"": """", ""orientation"": """", ""pressure_class"": """", ""rating"": """", ""size"": ""M12 X 50"", ""specification"": ""IS 1367"", ""standard"": ""IS 1367"", ""unit"": ""NOS""}",NTPC,1,STANDALONE_CANDIDATE,1.0,baa11f8bad54ca037aceeddfcd945d672df323bfea1d3724bbc41f0ce152d2d3,,,
CMM-FASTNR-BCCDD8-001,CMM-FASTNR-BCCDD8-001,FASTENER | NUT | GRADE 10.9 | M24 X 100 | DIN 931,FASTENER,NUT,GRADE 10.9,M24 X 100,,DIN 931,NOS,"{""connection_type"": """", ""construction"": """", ""end_type"": """", ""material"": """", ""material_family"": ""FASTENER"", ""material_grade"": ""GRADE 10.9"", ""material_subtype"": ""HEX"", ""material_type"": ""NUT"", ""nominal_size"": """", ""orientation"": """", ""pressure_class"": """", ""rating"": """", ""size"": ""M24 X 100"", ""specification"": ""DIN 931"", ""standard"": """", ""unit"": ""NOS""}",Coal India;NMDC;NTPC;ONGC,4,VERIFIED_HARMONIZED,1.0,bccdd868df6ee39935e09aa26a84a192e3d8773efe4037f749d745b651e417a9,,,
CMM-FASTNR-BD32DD-001,CMM-FASTNR-BD32DD-001,FASTENER | TUNGSTEN CARBIDE | M20 | IS 4772,FASTENER,,TUNGSTEN CARBIDE,M20,,IS 4772,NOS,"{""connection_type"": """", ""construction"": """", ""end_type"": """", ""material"": """", ""material_family"": ""FASTENER"", ""material_grade"": ""TUNGSTEN CARBIDE"", ""material_subtype"": """", ""material_type"": """", ""nominal_size"": """", ""orientation"": """", ""pressure_class"": """", ""rating"": """", ""size"": ""M20"", ""specification"": ""IS 4772"", ""standard"": ""IS 4772"", ""unit"": ""NOS""}",Coal India,1,STANDALONE_CANDIDATE,1.0,bd32dddef27e8599d6f868915964bfc7b286486846077cc00af9e2b01f28cf54,,,
CMM-FASTNR-BDCB57-001,CMM-FASTNR-BDCB57-001,FASTENER | MANGANESE STEEL | M24 X 100 | IS 4772,FASTENER,,MANGANESE STEEL,M24 X 100,,IS 4772,NOS,"{""connection_type"": """", ""construction"": """", ""end_type"": """", ""material"": """", ""material_family"": ""FASTENER"", ""material_grade"": ""MANGANESE STEEL"", ""material_subtype"": """", ""material_type"": """", ""nominal_size"": """", ""orientation"": """", ""pressure_class"": """", ""rating"": """", ""size"": ""M24 X 100"", ""specification"": ""IS 4772"", ""standard"": ""IS 4772"", ""unit"": ""NOS""}",NMDC,1,STANDALONE_CANDIDATE,1.0,bdcb5754e71603b603cdb01e2b4d8037a7d1c0edf005e654d9ee05564cfc2480,,,
CMM-FASTNR-BE26DC-001,CMM-FASTNR-BE26DC-001,FASTENER | BOLT | ALLOY STEEL | M16 X 65 | ASME B18.2,FASTENER,BOLT,ALLOY STEEL,M16 X 65,,ASME B18.2,KG,"{""connection_type"": """", ""construction"": """", ""end_type"": """", ""material"": """", ""material_family"": ""FASTENER"", ""material_grade"": ""ALLOY STEEL"", ""material_subtype"": """", ""material_type"": ""BOLT"", ""nominal_size"": """", ""orientation"": """", ""pressure_class"": """", ""rating"": """", ""size"": ""M16 X 65"", ""specification"": ""ASME B18.2.1"", ""standard"": ""ASME B18.2"", ""unit"": ""KG""}",Coal India,1,STANDALONE_CANDIDATE,1.0,be26dcc5e6eaa7277e76179963f8588fd6ca1ba99cccc89cb1f65e3b22febf7c,,,
CMM-FASTNR-BF5BE1-001,CMM-FASTNR-BF5BE1-001,FASTENER | NUT | SS 316 | M10 X 40 | ASTM A193,FASTENER,NUT,SS 316,M10 X 40,,ASTM A193,NOS,"{""connection_type"": """", ""construction"": """", ""end_type"": """", ""material"": ""STAINLESS STEEL"", ""material_family"": ""FASTENER"", ""material_grade"": ""SS 316"", ""material_subtype"": ""HEX"", ""material_type"": ""NUT"", ""nominal_size"": """", ""orientation"": """", ""pressure_class"": """", ""rating"": """", ""size"": ""M10 X 40"", ""specification"": ""ASTM A193"", ""standard"": ""ASTM A193"", ""unit"": ""NOS""}",IOCL,1,STANDALONE_CANDIDATE,1.0,bf5be1791dc24d051568ba83e8d5ec5f683d425f2120e733b134883cc503029d,,,
CMM-FASTNR-C119EB-001,CMM-FASTNR-C119EB-001,FASTENER | NUT | ALLOY STEEL | M12 X 50 | ASTM A193,FASTENER,NUT,ALLOY STEEL,M12 X 50,,ASTM A193,NOS,"{""connection_type"": """", ""construction"": """", ""end_type"": """", ""material"": """", ""material_family"": ""FASTENER"", ""material_grade"": ""ALLOY STEEL"", ""material_subtype"": ""HEX"", ""material_type"": ""NUT"", ""nominal_size"": """", ""orientation"": """", ""pressure_class"": """", ""rating"": """", ""size"": ""M12 X 50"", ""specification"": ""ASTM A193"", ""standard"": ""ASTM A193"", ""unit"": ""NOS""}",ONGC,1,STANDALONE_CANDIDATE,1.0,c119eb916c5d8003772335ddb4c976bada88078594bfc4c956581f8db06bc5c5,,,
CMM-FASTNR-C18604-001,CMM-FASTNR-C18604-001,FASTENER | WASHER | SS 304 | M24 X 100 | ASME B18.2,FASTENER,WASHER,SS 304,M24 X 100,,ASME B18.2,KG,"{""connection_type"": """", ""construction"": """", ""end_type"": """", ""material"": ""STAINLESS STEEL"", ""material_family"": ""FASTENER"", ""material_grade"": ""SS 304"", ""material_subtype"": """", ""material_type"": ""WASHER"", ""nominal_size"": """", ""orientation"": """", ""pressure_class"": """", ""rating"": """", ""size"": ""M24 X 100"", ""specification"": ""ASME B18.2.1"", ""standard"": ""ASME B18.2"", ""unit"": ""KG""}",BHEL;Coal India;HPCL,3,VERIFIED_HARMONIZED,1.0,c1860441c07c87adab62c912eb10c5b414cce0950730abbc718c2391b2a18d6f,,,
CMM-FASTNR-C1D96C-001,CMM-FASTNR-C1D96C-001,FASTENER | NUT | GRADE 10.9 | M16 X 65 | ASTM A193,FASTENER,NUT,GRADE 10.9,M16 X 65,,ASTM A193,NOS,"{""connection_type"": """", ""construction"": """", ""end_type"": """", ""material"": """", ""material_family"": ""FASTENER"", ""material_grade"": ""GRADE 10.9"", ""material_subtype"": ""HEX"", ""material_type"": ""NUT"", ""nominal_size"": """", ""orientation"": """", ""pressure_class"": """", ""rating"": """", ""size"": ""M16 X 65"", ""specification"": ""ASTM A193"", ""standard"": ""ASTM A193"", ""unit"": ""NOS""}",SAIL,1,STANDALONE_CANDIDATE,1.0,c1d96ccf75c5faafb324e2346f852f0b0e1fd6ef5ef42e9fdd6bd0d2ac7c7851,,,
CMM-FASTNR-C372D3-001,CMM-FASTNR-C372D3-001,FASTENER | TUNGSTEN CARBIDE | M20 | IS 4772,FASTENER,,TUNGSTEN CARBIDE,M20,,IS 4772,NOS,"{""connection_type"": """", ""construction"": """", ""end_type"": """", ""material"": """", ""material_family"": ""FASTENER"", ""material_grade"": ""TUNGSTEN CARBIDE"", ""material_subtype"": """", ""material_type"": """", ""nominal_size"": """", ""orientation"": """", ""pressure_class"": """", ""rating"": """", ""size"": ""M20"", ""specification"": ""IS 4772"", ""standard"": ""IS 4772"", ""unit"": ""NOS""}",Coal India,1,STANDALONE_CANDIDATE,1.0,c372d31120647cfdd91144e0326af73b1b691990eb81a45907f3eebaa4e7d582,,,
CMM-FASTNR-C56053-001,CMM-FASTNR-C56053-001,FASTENER | BOLT | CARBON STEEL | M16 X 65 | ASME B18.2,FASTENER,BOLT,CARBON STEEL,M16 X 65,,ASME B18.2,KG,"{""connection_type"": """", ""construction"": """", ""end_type"": """", ""material"": ""CARBON STEEL"", ""material_family"": ""FASTENER"", ""material_grade"": ""CARBON STEEL"", ""material_subtype"": """", ""material_type"": ""BOLT"", ""nominal_size"": """", ""orientation"": """", ""pressure_class"": """", ""rating"": """", ""size"": ""M16 X 65"", ""specification"": ""ASME B18.2.1"", ""standard"": ""ASME B18.2"", ""unit"": ""KG""}",ONGC,1,STANDALONE_CANDIDATE,1.0,c56053027e983b6bc467f09825e52703283d040a72dc963f52bbfeac37dbbd33,,,
CMM-FASTNR-C72FA0-001,CMM-FASTNR-C72FA0-001,FASTENER | MANGANESE STEEL | M24 X 100 | IS 4772,FASTENER,,MANGANESE STEEL,M24 X 100,,IS 4772,NOS,"{""connection_type"": """", ""construction"": """", ""end_type"": """", ""material"": """", ""material_family"": ""FASTENER"", ""material_grade"": ""MANGANESE STEEL"", ""material_subtype"": """", ""material_type"": """", ""nominal_size"": """", ""orientation"": """", ""pressure_class"": """", ""rating"": """", ""size"": ""M24 X 100"", ""specification"": ""IS 4772"", ""standard"": ""IS 4772"", ""unit"": ""NOS""}",NMDC,1,STANDALONE_CANDIDATE,1.0,c72fa023acd481efb9816197ade1d4eef50e44c285f1e983af46fc5a8759f901,,,
CMM-FASTNR-CBFF3D-001,CMM-FASTNR-CBFF3D-001,FASTENER | SS 304 | M16 X 65 | IS 1367,FASTENER,,SS 304,M16 X 65,,IS 1367,NOS,"{""connection_type"": """", ""construction"": """", ""end_type"": """", ""material"": ""STAINLESS STEEL"", ""material_family"": ""FASTENER"", ""material_grade"": ""SS 304"", ""material_subtype"": """", ""material_type"": """", ""nominal_size"": """", ""orientation"": """", ""pressure_class"": """", ""rating"": """", ""size"": ""M16 X 65"", ""specification"": ""IS 1367"", ""standard"": ""IS 1367"", ""unit"": ""NOS""}",NTPC,1,STANDALONE_CANDIDATE,1.0,cbff3d9a0ece907f73413d91111bcac901cc3e2808a70d3b0d2ec26060c7e798,,,
CMM-FASTNR-CF6ED3-001,CMM-FASTNR-CF6ED3-001,FASTENER | TUNGSTEN CARBIDE | M20 | IS 4772,FASTENER,,TUNGSTEN CARBIDE,M20,,IS 4772,NOS,"{""connection_type"": """", ""construction"": """", ""end_type"": """", ""material"": """", ""material_family"": ""FASTENER"", ""material_grade"": ""TUNGSTEN CARBIDE"", ""material_subtype"": """", ""material_type"": """", ""nominal_size"": """", ""orientation"": """", ""pressure_class"": """", ""rating"": """", ""size"": ""M20"", ""specification"": ""IS 4772"", ""standard"": ""IS 4772"", ""unit"": ""NOS""}",Coal India,1,STANDALONE_CANDIDATE,1.0,cf6ed37c2072ec9abe6c999479043ee8383b3a825c987a2ebf47f6b24a94d1a0,,,
CMM-FASTNR-CFB3CB-001,CMM-FASTNR-CFB3CB-001,FASTENER | NUT | GRADE B7 | M20 X 80 | DIN 931,FASTENER,NUT,GRADE B7,M20 X 80,,DIN 931,KG,"{""connection_type"": """", ""construction"": """", ""end_type"": """", ""material"": """", ""material_family"": ""FASTENER"", ""material_grade"": ""GRADE B7"", ""material_subtype"": ""HEX"", ""material_type"": ""NUT"", ""nominal_size"": """", ""orientation"": """", ""pressure_class"": """", ""rating"": """", ""size"": ""M20 X 80"", ""specification"": ""DIN 931"", ""standard"": """", ""unit"": ""KG""}",NTPC;ONGC,2,VERIFIED_HARMONIZED,1.0,cfb3cb5e3035ba216c940118c44650c26a5caa331e8a6d35677669b12ada6967,,,
CMM-FASTNR-D24A54-001,CMM-FASTNR-D24A54-001,FASTENER | TUNGSTEN CARBIDE | M20 | IS 4772,FASTENER,,TUNGSTEN CARBIDE,M20,,IS 4772,NOS,"{""connection_type"": """", ""construction"": """", ""end_type"": """", ""material"": """", ""material_family"": ""FASTENER"", ""material_grade"": ""TUNGSTEN CARBIDE"", ""material_subtype"": """", ""material_type"": """", ""nominal_size"": """", ""orientation"": """", ""pressure_class"": """", ""rating"": """", ""size"": ""M20"", ""specification"": ""IS 4772"", ""standard"": ""IS 4772"", ""unit"": ""NOS""}",Coal India,1,STANDALONE_CANDIDATE,1.0,d24a54aa8922447fb91be25db5f274a1c8d3504a08dbbd948dea0cfd606d0ff8,,,
CMM-FASTNR-D2DC1A-001,CMM-FASTNR-D2DC1A-001,FASTENER | TUNGSTEN CARBIDE | M20 | IS 4772,FASTENER,,TUNGSTEN CARBIDE,M20,,IS 4772,NOS,"{""connection_type"": """", ""construction"": """", ""end_type"": """", ""material"": """", ""material_family"": ""FASTENER"", ""material_grade"": ""TUNGSTEN CARBIDE"", ""material_subtype"": """", ""material_type"": """", ""nominal_size"": """", ""orientation"": """", ""pressure_class"": """", ""rating"": """", ""size"": ""M20"", ""specification"": ""IS 4772"", ""standard"": ""IS 4772"", ""unit"": ""NOS""}",Coal India,1,STANDALONE_CANDIDATE,1.0,d2dc1a6d360bdc8c7c72dc93c92c10d71c1d1eb9dcac63f45894bcc9b83ccc88,,,
CMM-FASTNR-D382BF-001,CMM-FASTNR-D382BF-001,FASTENER | TUNGSTEN CARBIDE | M20 | IS 4772,FASTENER,,TUNGSTEN CARBIDE,M20,,IS 4772,NOS,"{""connection_type"": """", ""construction"": """", ""end_type"": """", ""material"": """", ""material_family"": ""FASTENER"", ""material_grade"": ""TUNGSTEN CARBIDE"", ""material_subtype"": """", ""material_type"": """", ""nominal_size"": """", ""orientation"": """", ""pressure_class"": """", ""rating"": """", ""size"": ""M20"", ""specification"": ""IS 4772"", ""standard"": ""IS 4772"", ""unit"": ""NOS""}",Coal India,1,STANDALONE_CANDIDATE,1.0,d382bf56fd9b45b453124ff8dc1b2e168b722adecfebb1c21553d3968ef76d23,,,
CMM-FASTNR-D3A3E7-001,CMM-FASTNR-D3A3E7-001,FASTENER | BOLT | GRADE 8.8 | M16 X 65 | ASTM A193,FASTENER,BOLT,GRADE 8.8,M16 X 65,,ASTM A193,KG,"{""connection_type"": """", ""construction"": """", ""end_type"": """", ""material"": """", ""material_family"": ""FASTENER"", ""material_grade"": ""GRADE 8.8"", ""material_subtype"": """", ""material_type"": ""BOLT"", ""nominal_size"": """", ""orientation"": """", ""pressure_class"": """", ""rating"": """", ""size"": ""M16 X 65"", ""specification"": ""ASTM A193"", ""standard"": ""ASTM A193"", ""unit"": ""KG""}",Coal India,1,STANDALONE_CANDIDATE,1.0,d3a3e70e650e08c28ddd6c7cf9567a393e26a1fdb9995a6f90ec4a1afa8146f4,,,
CMM-FASTNR-D4573F-001,CMM-FASTNR-D4573F-001,FASTENER | TUNGSTEN CARBIDE | M20 | IS 4772,FASTENER,,TUNGSTEN CARBIDE,M20,,IS 4772,NOS,"{""connection_type"": """", ""construction"": """", ""end_type"": """", ""material"": """", ""material_family"": ""FASTENER"", ""material_grade"": ""TUNGSTEN CARBIDE"", ""material_subtype"": """", ""material_type"": """", ""nominal_size"": """", ""orientation"": """", ""pressure_class"": """", ""rating"": """", ""size"": ""M20"", ""specification"": ""IS 4772"", ""standard"": ""IS 4772"", ""unit"": ""NOS""}",Coal India,1,STANDALONE_CANDIDATE,1.0,d4573f2c4746726dc40c462c6de48a31c5da2b5124857a27715a748728eb82d4,,,
CMM-FASTNR-D4C90A-001,CMM-FASTNR-D4C90A-001,FASTENER | NUT | GRADE 10.9 | M10 X 40 | IS 1367,FASTENER,NUT,GRADE 10.9,M10 X 40,,IS 1367,KG,"{""connection_type"": """", ""construction"": """", ""end_type"": """", ""material"": """", ""material_family"": ""FASTENER"", ""material_grade"": ""GRADE 10.9"", ""material_subtype"": ""HEX"", ""material_type"": ""NUT"", ""nominal_size"": """", ""orientation"": """", ""pressure_class"": """", ""rating"": """", ""size"": ""M10 X 40"", ""specification"": ""IS 1367"", ""standard"": ""IS 1367"", ""unit"": ""KG""}",HPCL,1,STANDALONE_CANDIDATE,1.0,d4c90a3f6d0dcd17986d503c68e92acc1d070bb60228206f6c84f57d425036fd,,,
CMM-FASTNR-DA5EC6-001,CMM-FASTNR-DA5EC6-001,FASTENER | BOLT | SS 304 | M12 X 50 | DIN 931,FASTENER,BOLT,SS 304,M12 X 50,,DIN 931,KG,"{""connection_type"": """", ""construction"": """", ""end_type"": """", ""material"": ""STAINLESS STEEL"", ""material_family"": ""FASTENER"", ""material_grade"": ""SS 304"", ""material_subtype"": ""HEX"", ""material_type"": ""BOLT"", ""nominal_size"": """", ""orientation"": """", ""pressure_class"": """", ""rating"": """", ""size"": ""M12 X 50"", ""specification"": ""DIN 931"", ""standard"": """", ""unit"": ""KG""}",ONGC,1,STANDALONE_CANDIDATE,1.0,da5ec6a25e562b84c379ff2db6434d0f165d8a87f270825081a5075c6b8a6082,,,
CMM-FASTNR-DC5D47-001,CMM-FASTNR-DC5D47-001,FASTENER | NUT | CARBON STEEL | M20 X 80 | ASTM A193,FASTENER,NUT,CARBON STEEL,M20 X 80,,ASTM A193,KG,"{""connection_type"": """", ""construction"": """", ""end_type"": """", ""material"": ""CARBON STEEL"", ""material_family"": ""FASTENER"", ""material_grade"": ""CARBON STEEL"", ""material_subtype"": ""HEX"", ""material_type"": ""NUT"", ""nominal_size"": """", ""orientation"": """", ""pressure_class"": """", ""rating"": """", ""size"": ""M20 X 80"", ""specification"": ""ASTM A193"", ""standard"": ""ASTM A193"", ""unit"": ""KG""}",ONGC,1,STANDALONE_CANDIDATE,1.0,dc5d47938737178ae8db3c1f5c3a8dc5fcd9e411b018122aefc2ddb6767f7253,,,
CMM-FASTNR-DD7446-001,CMM-FASTNR-DD7446-001,FASTENER | BOLT | GRADE 10.9 | M10 X 40 | IS 1367,FASTENER,BOLT,GRADE 10.9,M10 X 40,,IS 1367,NOS,"{""connection_type"": """", ""construction"": """", ""end_type"": """", ""material"": """", ""material_family"": ""FASTENER"", ""material_grade"": ""GRADE 10.9"", ""material_subtype"": ""HEX"", ""material_type"": ""BOLT"", ""nominal_size"": """", ""orientation"": """", ""pressure_class"": """", ""rating"": """", ""size"": ""M10 X 40"", ""specification"": ""IS 1367"", ""standard"": ""IS 1367"", ""unit"": ""NOS""}",ONGC,1,STANDALONE_CANDIDATE,1.0,dd744657a401396caca4395fb128084f61c84620a6438a258ea2581fed94e8df,,,
CMM-FASTNR-DD91F0-001,CMM-FASTNR-DD91F0-001,FASTENER | GRADE 10.9 | M16 X 65 | ASME B18.2,FASTENER,,GRADE 10.9,M16 X 65,,ASME B18.2,KG,"{""connection_type"": """", ""construction"": """", ""end_type"": """", ""material"": """", ""material_family"": ""FASTENER"", ""material_grade"": ""GRADE 10.9"", ""material_subtype"": """", ""material_type"": """", ""nominal_size"": """", ""orientation"": """", ""pressure_class"": """", ""rating"": """", ""size"": ""M16 X 65"", ""specification"": ""ASME B18.2.1"", ""standard"": ""ASME B18.2"", ""unit"": ""KG""}",BHEL,1,STANDALONE_CANDIDATE,1.0,dd91f0feb3b426b99848b0e16989431cf864cbb1669eca1a02c25b8275bd4302,,,
CMM-FASTNR-DFEB96-001,CMM-FASTNR-DFEB96-001,FASTENER | MANGANESE STEEL | M24 X 100 | IS 4772,FASTENER,,MANGANESE STEEL,M24 X 100,,IS 4772,NOS,"{""connection_type"": """", ""construction"": """", ""end_type"": """", ""material"": """", ""material_family"": ""FASTENER"", ""material_grade"": ""MANGANESE STEEL"", ""material_subtype"": """", ""material_type"": """", ""nominal_size"": """", ""orientation"": """", ""pressure_class"": """", ""rating"": """", ""size"": ""M24 X 100"", ""specification"": ""IS 4772"", ""standard"": ""IS 4772"", ""unit"": ""NOS""}",NMDC,1,STANDALONE_CANDIDATE,1.0,dfeb964ecd4421bd3366f49f11544b3d06db84a7a81d4e8c37aa7c6e0216771b,,,
CMM-FASTNR-E193F8-001,CMM-FASTNR-E193F8-001,FASTENER | BOLT | GRADE 10.9 | M24 X 100 | ASME B18.2,FASTENER,BOLT,GRADE 10.9,M24 X 100,,ASME B18.2,KG,"{""connection_type"": """", ""construction"": """", ""end_type"": """", ""material"": """", ""material_family"": ""FASTENER"", ""material_grade"": ""GRADE 10.9"", ""material_subtype"": """", ""material_type"": ""BOLT"", ""nominal_size"": """", ""orientation"": """", ""pressure_class"": """", ""rating"": """", ""size"": ""M24 X 100"", ""specification"": ""ASME B18.2.1"", ""standard"": ""ASME B18.2"", ""unit"": ""KG""}",NTPC,1,STANDALONE_CANDIDATE,1.0,e193f8530688c97b8b57ac7055fedff0034b20d771a79cfc0f67e9ddc0e7c212,,,
CMM-FASTNR-E57005-001,CMM-FASTNR-E57005-001,FASTENER | BOLT | GRADE B7 | M24 X 100 | ASTM A193,FASTENER,BOLT,GRADE B7,M24 X 100,,ASTM A193,NOS,"{""connection_type"": """", ""construction"": """", ""end_type"": """", ""material"": """", ""material_family"": ""FASTENER"", ""material_grade"": ""GRADE B7"", ""material_subtype"": """", ""material_type"": ""BOLT"", ""nominal_size"": """", ""orientation"": """", ""pressure_class"": """", ""rating"": """", ""size"": ""M24 X 100"", ""specification"": ""ASTM A193"", ""standard"": ""ASTM A193"", ""unit"": ""NOS""}",Coal India;IOCL;NTPC,3,VERIFIED_HARMONIZED,1.0,e5700529500907f608191fc39609e2c37c12740201e9df223259f95d045966c6,,,
CMM-FASTNR-E870A7-001,CMM-FASTNR-E870A7-001,FASTENER | TUNGSTEN CARBIDE | M20 | IS 4772,FASTENER,,TUNGSTEN CARBIDE,M20,,IS 4772,NOS,"{""connection_type"": """", ""construction"": """", ""end_type"": """", ""material"": """", ""material_family"": ""FASTENER"", ""material_grade"": ""TUNGSTEN CARBIDE"", ""material_subtype"": """", ""material_type"": """", ""nominal_size"": """", ""orientation"": """", ""pressure_class"": """", ""rating"": """", ""size"": ""M20"", ""specification"": ""IS 4772"", ""standard"": ""IS 4772"", ""unit"": ""NOS""}",Coal India,1,STANDALONE_CANDIDATE,1.0,e870a781198d48a3a76876a9690b822be0a8b2b6927132d5335deaf76bb71728,,,
CMM-FASTNR-EA26E2-001,CMM-FASTNR-EA26E2-001,FASTENER | MANGANESE STEEL | M24 X 100 | IS 4772,FASTENER,,MANGANESE STEEL,M24 X 100,,IS 4772,NOS,"{""connection_type"": """", ""construction"": """", ""end_type"": """", ""material"": """", ""material_family"": ""FASTENER"", ""material_grade"": ""MANGANESE STEEL"", ""material_subtype"": """", ""material_type"": """", ""nominal_size"": """", ""orientation"": """", ""pressure_class"": """", ""rating"": """", ""size"": ""M24 X 100"", ""specification"": ""IS 4772"", ""standard"": ""IS 4772"", ""unit"": ""NOS""}",NMDC,1,STANDALONE_CANDIDATE,1.0,ea26e2c1f5fa7488771543e512db48e8a4cc1353e0e15fb150906a27b0525439,,,
CMM-FASTNR-EB9980-001,CMM-FASTNR-EB9980-001,FASTENER | TUNGSTEN CARBIDE | M20 | IS 4772,FASTENER,,TUNGSTEN CARBIDE,M20,,IS 4772,NOS,"{""connection_type"": """", ""construction"": """", ""end_type"": """", ""material"": """", ""material_family"": ""FASTENER"", ""material_grade"": ""TUNGSTEN CARBIDE"", ""material_subtype"": """", ""material_type"": """", ""nominal_size"": """", ""orientation"": """", ""pressure_class"": """", ""rating"": """", ""size"": ""M20"", ""specification"": ""IS 4772"", ""standard"": ""IS 4772"", ""unit"": ""NOS""}",Coal India,1,STANDALONE_CANDIDATE,1.0,eb9980c57d21f00075d5655279e72751d969962d1318f2a48f5a3c98565ab629,,,
CMM-FASTNR-ECEE31-001,CMM-FASTNR-ECEE31-001,FASTENER | WASHER | GRADE B7 | M12 X 50 | ASME B18.2,FASTENER,WASHER,GRADE B7,M12 X 50,,ASME B18.2,KG,"{""connection_type"": """", ""construction"": """", ""end_type"": """", ""material"": """", ""material_family"": ""FASTENER"", ""material_grade"": ""GRADE B7"", ""material_subtype"": """", ""material_type"": ""WASHER"", ""nominal_size"": """", ""orientation"": """", ""pressure_class"": """", ""rating"": """", ""size"": ""M12 X 50"", ""specification"": ""ASME B18.2.1"", ""standard"": ""ASME B18.2"", ""unit"": ""KG""}",IOCL;NTPC,2,VERIFIED_HARMONIZED,1.0,ecee312ecc75223d41766ba48284ee5c0af692f28fe6e0a0320372c7e8fbfe2b,,,
CMM-FASTNR-EF8E28-001,CMM-FASTNR-EF8E28-001,FASTENER | WASHER | GRADE 10.9 | M12 X 50 | IS 1367,FASTENER,WASHER,GRADE 10.9,M12 X 50,,IS 1367,NOS,"{""connection_type"": """", ""construction"": """", ""end_type"": """", ""material"": """", ""material_family"": ""FASTENER"", ""material_grade"": ""GRADE 10.9"", ""material_subtype"": """", ""material_type"": ""WASHER"", ""nominal_size"": """", ""orientation"": """", ""pressure_class"": """", ""rating"": """", ""size"": ""M12 X 50"", ""specification"": ""IS 1367"", ""standard"": ""IS 1367"", ""unit"": ""NOS""}",Coal India;IOCL;SAIL,3,VERIFIED_HARMONIZED,1.0,ef8e2812b8af689febb3e0b1ba1b3b06c5aa6d9efae9325e579d8b0fabf2d9b7,,,
CMM-FASTNR-F10940-001,CMM-FASTNR-F10940-001,FASTENER | TUNGSTEN CARBIDE | M20 | IS 4772,FASTENER,,TUNGSTEN CARBIDE,M20,,IS 4772,NOS,"{""connection_type"": """", ""construction"": """", ""end_type"": """", ""material"": """", ""material_family"": ""FASTENER"", ""material_grade"": ""TUNGSTEN CARBIDE"", ""material_subtype"": """", ""material_type"": """", ""nominal_size"": """", ""orientation"": """", ""pressure_class"": """", ""rating"": """", ""size"": ""M20"", ""specification"": ""IS 4772"", ""standard"": ""IS 4772"", ""unit"": ""NOS""}",Coal India,1,STANDALONE_CANDIDATE,1.0,f10940c835f7a43b7b6e9590571958889bf18d19b1e9e5119394efd4d0c9816c,,,
CMM-FASTNR-F1E6CD-001,CMM-FASTNR-F1E6CD-001,FASTENER | BOLT | GRADE 8.8 | M12 X 50 | DIN 931,FASTENER,BOLT,GRADE 8.8,M12 X 50,,DIN 931,KG,"{""connection_type"": """", ""construction"": """", ""end_type"": """", ""material"": """", ""material_family"": ""FASTENER"", ""material_grade"": ""GRADE 8.8"", ""material_subtype"": """", ""material_type"": ""BOLT"", ""nominal_size"": """", ""orientation"": """", ""pressure_class"": """", ""rating"": """", ""size"": ""M12 X 50"", ""specification"": ""DIN 931"", ""standard"": """", ""unit"": ""KG""}",ONGC,1,STANDALONE_CANDIDATE,1.0,f1e6cdca3a872c4fa7e1b5a8fd1b27718c822e53c47371f316ec81d9cd767bf6,,,
CMM-FASTNR-F2986B-001,CMM-FASTNR-F2986B-001,FASTENER | NUT | SS 304 | M16 X 65 | ASME B18.2,FASTENER,NUT,SS 304,M16 X 65,,ASME B18.2,NOS,"{""connection_type"": """", ""construction"": """", ""end_type"": """", ""material"": ""STAINLESS STEEL"", ""material_family"": ""FASTENER"", ""material_grade"": ""SS 304"", ""material_subtype"": ""HEX"", ""material_type"": ""NUT"", ""nominal_size"": """", ""orientation"": """", ""pressure_class"": """", ""rating"": """", ""size"": ""M16 X 65"", ""specification"": ""ASME B18.2.1"", ""standard"": ""ASME B18.2"", ""unit"": ""NOS""}",IOCL,1,STANDALONE_CANDIDATE,1.0,f2986b14edf708e369043960dd6f03201ca658a9796f63b88940db0bc664cc25,,,
CMM-FASTNR-F3B45B-001,CMM-FASTNR-F3B45B-001,FASTENER | MANGANESE STEEL | M24 X 100 | IS 4772,FASTENER,,MANGANESE STEEL,M24 X 100,,IS 4772,NOS,"{""connection_type"": """", ""construction"": """", ""end_type"": """", ""material"": """", ""material_family"": ""FASTENER"", ""material_grade"": ""MANGANESE STEEL"", ""material_subtype"": """", ""material_type"": """", ""nominal_size"": """", ""orientation"": """", ""pressure_class"": """", ""rating"": """", ""size"": ""M24 X 100"", ""specification"": ""IS 4772"", ""standard"": ""IS 4772"", ""unit"": ""NOS""}",NMDC,1,STANDALONE_CANDIDATE,1.0,f3b45b3f90fb1c7675583868b663cafc4a4ab04b1a30cf4f9eae9309bf86c102,,,
CMM-FASTNR-F4128D-001,CMM-FASTNR-F4128D-001,FASTENER | MANGANESE STEEL | M24 X 100 | IS 4772,FASTENER,,MANGANESE STEEL,M24 X 100,,IS 4772,NOS,"{""connection_type"": """", ""construction"": """", ""end_type"": """", ""material"": """", ""material_family"": ""FASTENER"", ""material_grade"": ""MANGANESE STEEL"", ""material_subtype"": """", ""material_type"": """", ""nominal_size"": """", ""orientation"": """", ""pressure_class"": """", ""rating"": """", ""size"": ""M24 X 100"", ""specification"": ""IS 4772"", ""standard"": ""IS 4772"", ""unit"": ""NOS""}",NMDC,1,STANDALONE_CANDIDATE,1.0,f4128d2eadf7e91877dd97f0d213f5f3e6639ee07fefbd4c7bc946654f42f937,,,
CMM-FASTNR-F4A0EA-001,CMM-FASTNR-F4A0EA-001,FASTENER | BOLT | GRADE 8.8 | M16 X 65 | ASTM A193,FASTENER,BOLT,GRADE 8.8,M16 X 65,,ASTM A193,NOS,"{""connection_type"": """", ""construction"": """", ""end_type"": """", ""material"": """", ""material_family"": ""FASTENER"", ""material_grade"": ""GRADE 8.8"", ""material_subtype"": ""HEX"", ""material_type"": ""BOLT"", ""nominal_size"": """", ""orientation"": """", ""pressure_class"": """", ""rating"": """", ""size"": ""M16 X 65"", ""specification"": ""ASTM A193"", ""standard"": ""ASTM A193"", ""unit"": ""NOS""}",Coal India,1,STANDALONE_CANDIDATE,1.0,f4a0ea7dfe433d5a36b3289e709885af6aa40b4021715906e37756808d1e3614,,,
CMM-FASTNR-F58160-001,CMM-FASTNR-F58160-001,FASTENER | TUNGSTEN CARBIDE | M20 | IS 4772,FASTENER,,TUNGSTEN CARBIDE,M20,,IS 4772,NOS,"{""connection_type"": """", ""construction"": """", ""end_type"": """", ""material"": """", ""material_family"": ""FASTENER"", ""material_grade"": ""TUNGSTEN CARBIDE"", ""material_subtype"": """", ""material_type"": """", ""nominal_size"": """", ""orientation"": """", ""pressure_class"": """", ""rating"": """", ""size"": ""M20"", ""specification"": ""IS 4772"", ""standard"": ""IS 4772"", ""unit"": ""NOS""}",Coal India,1,STANDALONE_CANDIDATE,1.0,f58160f7c28032fa5842041d8484554744e91759be84c4d8f96290e69b2043fa,,,
CMM-FASTNR-F992A6-001,CMM-FASTNR-F992A6-001,FASTENER | BOLT | GRADE 8.8 | M12 X 50 | ASTM A193,FASTENER,BOLT,GRADE 8.8,M12 X 50,,ASTM A193,NOS,"{""connection_type"": """", ""construction"": """", ""end_type"": """", ""material"": """", ""material_family"": ""FASTENER"", ""material_grade"": ""GRADE 8.8"", ""material_subtype"": """", ""material_type"": ""BOLT"", ""nominal_size"": """", ""orientation"": """", ""pressure_class"": """", ""rating"": """", ""size"": ""M12 X 50"", ""specification"": ""ASTM A193"", ""standard"": ""ASTM A193"", ""unit"": ""NOS""}",ONGC,1,STANDALONE_CANDIDATE,1.0,f992a62e503dec20ea37c458867bea3cc64f48d25527349935de717ecfbe6416,,,
CMM-FASTNR-F9A509-001,CMM-FASTNR-F9A509-001,FASTENER | MANGANESE STEEL | M24 X 100 | IS 4772,FASTENER,,MANGANESE STEEL,M24 X 100,,IS 4772,NOS,"{""connection_type"": """", ""construction"": """", ""end_type"": """", ""material"": """", ""material_family"": ""FASTENER"", ""material_grade"": ""MANGANESE STEEL"", ""material_subtype"": """", ""material_type"": """", ""nominal_size"": """", ""orientation"": """", ""pressure_class"": """", ""rating"": """", ""size"": ""M24 X 100"", ""specification"": ""IS 4772"", ""standard"": ""IS 4772"", ""unit"": ""NOS""}",NMDC,1,STANDALONE_CANDIDATE,1.0,f9a509674d343b4291ee186fdf8010277a925c3c9045ed2379aa7bf2f4d35f3f,,,
CMM-FASTNR-FA7298-001,CMM-FASTNR-FA7298-001,FASTENER | MANGANESE STEEL | M24 X 100 | IS 4772,FASTENER,,MANGANESE STEEL,M24 X 100,,IS 4772,NOS,"{""connection_type"": """", ""construction"": """", ""end_type"": """", ""material"": """", ""material_family"": ""FASTENER"", ""material_grade"": ""MANGANESE STEEL"", ""material_subtype"": """", ""material_type"": """", ""nominal_size"": """", ""orientation"": """", ""pressure_class"": """", ""rating"": """", ""size"": ""M24 X 100"", ""specification"": ""IS 4772"", ""standard"": ""IS 4772"", ""unit"": ""NOS""}",NMDC,1,STANDALONE_CANDIDATE,1.0,fa7298c67f8baa2a74a45f982b00458c6e2c0d83d17ab7e360368cf88412bdd8,,,
CMM-FASTNR-FC2A6B-001,CMM-FASTNR-FC2A6B-001,FASTENER | NUT | CARBON STEEL | M12 X 50 | ASTM A193,FASTENER,NUT,CARBON STEEL,M12 X 50,,ASTM A193,NOS,"{""connection_type"": """", ""construction"": """", ""end_type"": """", ""material"": ""CARBON STEEL"", ""material_family"": ""FASTENER"", ""material_grade"": ""CARBON STEEL"", ""material_subtype"": ""HEX"", ""material_type"": ""NUT"", ""nominal_size"": """", ""orientation"": """", ""pressure_class"": """", ""rating"": """", ""size"": ""M12 X 50"", ""specification"": ""ASTM A193"", ""standard"": ""ASTM A193"", ""unit"": ""NOS""}",SAIL,1,STANDALONE_CANDIDATE,1.0,fc2a6bae1aea99681067c74b299f4953a01804ee70932cec504dbbbe5eebfb42,,,
CMM-FASTNR-FCF6F1-001,CMM-FASTNR-FCF6F1-001,FASTENER | TUNGSTEN CARBIDE | M20 | IS 4772,FASTENER,,TUNGSTEN CARBIDE,M20,,IS 4772,NOS,"{""connection_type"": """", ""construction"": """", ""end_type"": """", ""material"": """", ""material_family"": ""FASTENER"", ""material_grade"": ""TUNGSTEN CARBIDE"", ""material_subtype"": """", ""material_type"": """", ""nominal_size"": """", ""orientation"": """", ""pressure_class"": """", ""rating"": """", ""size"": ""M20"", ""specification"": ""IS 4772"", ""standard"": ""IS 4772"", ""unit"": ""NOS""}",Coal India,1,STANDALONE_CANDIDATE,1.0,fcf6f1765de6325b5a19142a0bbc1370642a89715a55a0f349e59c5e1e419f0b,,,
CMM-FASTNR-FEE036-001,CMM-FASTNR-FEE036-001,FASTENER | TUNGSTEN CARBIDE | M20 | IS 4772,FASTENER,,TUNGSTEN CARBIDE,M20,,IS 4772,NOS,"{""connection_type"": """", ""construction"": """", ""end_type"": """", ""material"": """", ""material_family"": ""FASTENER"", ""material_grade"": ""TUNGSTEN CARBIDE"", ""material_subtype"": """", ""material_type"": """", ""nominal_size"": """", ""orientation"": """", ""pressure_class"": """", ""rating"": """", ""size"": ""M20"", ""specification"": ""IS 4772"", ""standard"": ""IS 4772"", ""unit"": ""NOS""}",Coal India,1,STANDALONE_CANDIDATE,1.0,fee03632aa8ba85cb45537fb30fadf0520a9d1e55616a3be06f4971d44efce30,,,
CMM-FASTNR-FF37FE-001,CMM-FASTNR-FF37FE-001,FASTENER | BOLT | GRADE 8.8 | M16 X 65 | ASME B18.2,FASTENER,BOLT,GRADE 8.8,M16 X 65,,ASME B18.2,NOS,"{""connection_type"": """", ""construction"": """", ""end_type"": """", ""material"": """", ""material_family"": ""FASTENER"", ""material_grade"": ""GRADE 8.8"", ""material_subtype"": """", ""material_type"": ""BOLT"", ""nominal_size"": """", ""orientation"": """", ""pressure_class"": """", ""rating"": """", ""size"": ""M16 X 65"", ""specification"": ""ASME B18.2.1"", ""standard"": ""ASME B18.2"", ""unit"": ""NOS""}",NMDC,1,STANDALONE_CANDIDATE,1.0,ff37fe4cbe9ef5dd46a7d1938c5a236570a02bda34f2fa389d71d0695f9b2654,,,
CMM-INSTRU-001E9A-001,CMM-INSTRU-001E9A-001,INSTRUMENTATION | SS 316 | 1/2 IN NPT | API 537,INSTRUMENTATION,,SS 316,1/2 IN NPT,,API 537,NOS,"{""connection_type"": """", ""construction"": """", ""end_type"": """", ""material"": ""STAINLESS STEEL"", ""material_family"": ""INSTRUMENTATION"", ""material_grade"": ""SS 316"", ""material_subtype"": """", ""material_type"": """", ""nominal_size"": """", ""orientation"": """", ""pressure_class"": """", ""rating"": """", ""size"": ""1/2 IN NPT"", ""specification"": ""API 537"", ""standard"": ""API 537"", ""unit"": ""NOS""}",IOCL,1,STANDALONE_CANDIDATE,1.0,001e9a27565eaf8e252832654b39f87852889c9fad430fac79be4c184fe91003,,,
CMM-INSTRU-014C39-001,CMM-INSTRU-014C39-001,INSTRUMENTATION | POLYCARBONATE | 1/2 IN NPT | ASME B40.100,INSTRUMENTATION,,POLYCARBONATE,1/2 IN NPT,,ASME B40.100,NOS,"{""connection_type"": """", ""construction"": """", ""end_type"": """", ""material"": """", ""material_family"": ""INSTRUMENTATION"", ""material_grade"": ""POLYCARBONATE"", ""material_subtype"": """", ""material_type"": """", ""nominal_size"": """", ""orientation"": """", ""pressure_class"": """", ""rating"": """", ""size"": ""1/2 IN NPT"", ""specification"": ""ASME B40.100"", ""standard"": ""ASME B40.100"", ""unit"": ""NOS""}",HPCL;IOCL;NMDC;NTPC;ONGC;SAIL,6,VERIFIED_HARMONIZED,1.0,014c39c59b8a95076024d48782df842cbe4de3c590ae5ad32da417ad73c4a998,,,
CMM-INSTRU-027BD0-001,CMM-INSTRU-027BD0-001,INSTRUMENTATION | BRASS | 0-100 BAR | ASME B40.100,INSTRUMENTATION,,BRASS,0-100 BAR,,ASME B40.100,NOS,"{""connection_type"": """", ""construction"": """", ""end_type"": """", ""material"": """", ""material_family"": ""INSTRUMENTATION"", ""material_grade"": ""BRASS"", ""material_subtype"": """", ""material_type"": """", ""nominal_size"": """", ""orientation"": """", ""pressure_class"": """", ""rating"": """", ""size"": ""0-100 BAR"", ""specification"": ""ASME B40.100"", ""standard"": ""ASME B40.100"", ""unit"": ""NOS""}",BHEL;Coal India;HPCL;IOCL;NMDC;NTPC;ONGC;SAIL,15,AMBIGUOUS_REVIEW_REQUIRED,1.0,027bd0d40693c85d63795ce4862e76eafa5ad8b6ac7519cf9c4f39a73e50a383,,,
CMM-INSTRU-028F33-001,CMM-INSTRU-028F33-001,INSTRUMENTATION | SS 316 | 1/2 IN NPT | API 537,INSTRUMENTATION,,SS 316,1/2 IN NPT,,API 537,NOS,"{""connection_type"": """", ""construction"": """", ""end_type"": """", ""material"": ""STAINLESS STEEL"", ""material_family"": ""INSTRUMENTATION"", ""material_grade"": ""SS 316"", ""material_subtype"": """", ""material_type"": """", ""nominal_size"": """", ""orientation"": """", ""pressure_class"": """", ""rating"": """", ""size"": ""1/2 IN NPT"", ""specification"": ""API 537"", ""standard"": ""API 537"", ""unit"": ""NOS""}",IOCL,1,STANDALONE_CANDIDATE,1.0,028f331f566d632308ea0afab1c752f83181124eaf269d1828a5b0c7f2f2be9d,,,
CMM-INSTRU-028F71-001,CMM-INSTRU-028F71-001,INSTRUMENTATION | SS 304 | 0-100 BAR | ASME B40.100,INSTRUMENTATION,,SS 304,0-100 BAR,,ASME B40.100,NOS,"{""connection_type"": """", ""construction"": """", ""end_type"": """", ""material"": ""STAINLESS STEEL"", ""material_family"": ""INSTRUMENTATION"", ""material_grade"": ""SS 304"", ""material_subtype"": """", ""material_type"": """", ""nominal_size"": """", ""orientation"": """", ""pressure_class"": """", ""rating"": """", ""size"": ""0-100 BAR"", ""specification"": ""ASME B40.100"", ""standard"": ""ASME B40.100"", ""unit"": ""NOS""}",NMDC,1,STANDALONE_CANDIDATE,1.0,028f7118e3ec6b5429116c05762b5c85aa1f57a1132abd09cacfd8dd94508886,,,
CMM-INSTRU-05A689-001,CMM-INSTRU-05A689-001,INSTRUMENTATION | SS 316 | 1/2 IN NPT | API 537,INSTRUMENTATION,,SS 316,1/2 IN NPT,,API 537,NOS,"{""connection_type"": """", ""construction"": """", ""end_type"": """", ""material"": ""STAINLESS STEEL"", ""material_family"": ""INSTRUMENTATION"", ""material_grade"": ""SS 316"", ""material_subtype"": """", ""material_type"": """", ""nominal_size"": """", ""orientation"": """", ""pressure_class"": """", ""rating"": """", ""size"": ""1/2 IN NPT"", ""specification"": ""API 537"", ""standard"": ""API 537"", ""unit"": ""NOS""}",IOCL,1,STANDALONE_CANDIDATE,1.0,05a689952048924af003f3e24a00a87695d6c613133f80a290ea66af4bddc801,,,
CMM-INSTRU-05BCB8-001,CMM-INSTRU-05BCB8-001,INSTRUMENTATION | SS 304 | 0-20 M | API 2350,INSTRUMENTATION,,SS 304,0-20 M,,API 2350,NOS,"{""connection_type"": """", ""construction"": """", ""end_type"": """", ""material"": ""STAINLESS STEEL"", ""material_family"": ""INSTRUMENTATION"", ""material_grade"": ""SS 304"", ""material_subtype"": """", ""material_type"": """", ""nominal_size"": """", ""orientation"": """", ""pressure_class"": """", ""rating"": """", ""size"": ""0-20 M"", ""specification"": ""API 2350"", ""standard"": ""API 2350"", ""unit"": ""NOS""}",HPCL,1,STANDALONE_CANDIDATE,1.0,05bcb819dd2efb1272baaae4d06a4bc25a705c1480dbe5e8c35011890f0c9913,,,
CMM-INSTRU-07ECAA-001,CMM-INSTRU-07ECAA-001,INSTRUMENTATION | SS 316 | 1/2 IN NPT | API 537,INSTRUMENTATION,,SS 316,1/2 IN NPT,,API 537,NOS,"{""connection_type"": """", ""construction"": """", ""end_type"": """", ""material"": ""STAINLESS STEEL"", ""material_family"": ""INSTRUMENTATION"", ""material_grade"": ""SS 316"", ""material_subtype"": """", ""material_type"": """", ""nominal_size"": """", ""orientation"": """", ""pressure_class"": """", ""rating"": """", ""size"": ""1/2 IN NPT"", ""specification"": ""API 537"", ""standard"": ""API 537"", ""unit"": ""NOS""}",IOCL,1,STANDALONE_CANDIDATE,1.0,07ecaac69b108ba6a797690e3fee2451da3fdd2b272ce3c5aa8d5c00d802061e,,,
CMM-INSTRU-0A8505-001,CMM-INSTRU-0A8505-001,INSTRUMENTATION | SS 304 | 0-20 M | API 2350,INSTRUMENTATION,,SS 304,0-20 M,,API 2350,NOS,"{""connection_type"": """", ""construction"": """", ""end_type"": """", ""material"": ""STAINLESS STEEL"", ""material_family"": ""INSTRUMENTATION"", ""material_grade"": ""SS 304"", ""material_subtype"": """", ""material_type"": """", ""nominal_size"": """", ""orientation"": """", ""pressure_class"": """", ""rating"": """", ""size"": ""0-20 M"", ""specification"": ""API 2350"", ""standard"": ""API 2350"", ""unit"": ""NOS""}",HPCL,1,STANDALONE_CANDIDATE,1.0,0a8505c85b039700b1085e02e674b292264912b4312dd343c960e925ceadfd9a,,,
CMM-INSTRU-0B19E5-001,CMM-INSTRU-0B19E5-001,INSTRUMENTATION | SS 304 | 0-20 M | API 2350,INSTRUMENTATION,,SS 304,0-20 M,,API 2350,NOS,"{""connection_type"": """", ""construction"": """", ""end_type"": """", ""material"": ""STAINLESS STEEL"", ""material_family"": ""INSTRUMENTATION"", ""material_grade"": ""SS 304"", ""material_subtype"": """", ""material_type"": """", ""nominal_size"": """", ""orientation"": """", ""pressure_class"": """", ""rating"": """", ""size"": ""0-20 M"", ""specification"": ""API 2350"", ""standard"": ""API 2350"", ""unit"": ""NOS""}",HPCL,1,STANDALONE_CANDIDATE,1.0,0b19e57ca0919aa9b3394a03f7bee3072e2ebbac9a9b6bd95e5787f7818d1b90,,,
CMM-INSTRU-0B4CE5-001,CMM-INSTRU-0B4CE5-001,INSTRUMENTATION | SS 304 | 0-20 M | API 2350,INSTRUMENTATION,,SS 304,0-20 M,,API 2350,NOS,"{""connection_type"": """", ""construction"": """", ""end_type"": """", ""material"": ""STAINLESS STEEL"", ""material_family"": ""INSTRUMENTATION"", ""material_grade"": ""SS 304"", ""material_subtype"": """", ""material_type"": """", ""nominal_size"": """", ""orientation"": """", ""pressure_class"": """", ""rating"": """", ""size"": ""0-20 M"", ""specification"": ""API 2350"", ""standard"": ""API 2350"", ""unit"": ""NOS""}",HPCL,1,STANDALONE_CANDIDATE,1.0,0b4ce56c99ad4d7df498a5ddcfdd5cc4fba3437846ea72caed0dfd31732fc5c7,,,
CMM-INSTRU-0E74F1-001,CMM-INSTRU-0E74F1-001,INSTRUMENTATION | PRESSURE GAUGE | POLYCARBONATE | 0-500 DEG C | IEC 60529,INSTRUMENTATION,PRESSURE GAUGE,POLYCARBONATE,0-500 DEG C,,IEC 60529,NOS,"{""connection_type"": """", ""construction"": """", ""end_type"": """", ""material"": """", ""material_family"": ""INSTRUMENTATION"", ""material_grade"": ""POLYCARBONATE"", ""material_subtype"": """", ""material_type"": ""PRESSURE GAUGE"", ""nominal_size"": """", ""orientation"": """", ""pressure_class"": """", ""rating"": """", ""size"": ""0-500 DEG C"", ""specification"": ""IEC 60529"", ""standard"": ""IEC 60529"", ""unit"": ""NOS""}",HPCL;SAIL,2,VERIFIED_HARMONIZED,1.0,0e74f1f53524e3c3e9db4e674be813d3b07d6a593c36417090148bbab52eddaa,,,
CMM-INSTRU-110879-001,CMM-INSTRU-110879-001,INSTRUMENTATION | SS 316 | 1/2 IN NPT | API 537,INSTRUMENTATION,,SS 316,1/2 IN NPT,,API 537,NOS,"{""connection_type"": """", ""construction"": """", ""end_type"": """", ""material"": ""STAINLESS STEEL"", ""material_family"": ""INSTRUMENTATION"", ""material_grade"": ""SS 316"", ""material_subtype"": """", ""material_type"": """", ""nominal_size"": """", ""orientation"": """", ""pressure_class"": """", ""rating"": """", ""size"": ""1/2 IN NPT"", ""specification"": ""API 537"", ""standard"": ""API 537"", ""unit"": ""NOS""}",IOCL,1,STANDALONE_CANDIDATE,1.0,110879ae7d4137a3588b0fa16b74b48bb4aa4325ddc251edbae7f624269b4aa3,,,
CMM-INSTRU-11CE56-001,CMM-INSTRU-11CE56-001,INSTRUMENTATION | SS 316 | 5000 PSI | API 6A,INSTRUMENTATION,,SS 316,5000 PSI,,API 6A,NOS,"{""connection_type"": """", ""construction"": """", ""end_type"": """", ""material"": ""STAINLESS STEEL"", ""material_family"": ""INSTRUMENTATION"", ""material_grade"": ""SS 316"", ""material_subtype"": """", ""material_type"": """", ""nominal_size"": """", ""orientation"": """", ""pressure_class"": """", ""rating"": """", ""size"": ""5000 PSI"", ""specification"": ""API 6A"", ""standard"": ""API 6A"", ""unit"": ""NOS""}",ONGC,1,STANDALONE_CANDIDATE,1.0,11ce5648553043cf018b127d5e71abd001b1fcdbd9b2dfd8126ecafb105baf7b,,,
CMM-INSTRU-161206-001,CMM-INSTRU-161206-001,INSTRUMENTATION | SS 304 | 0-20 M | API 2350,INSTRUMENTATION,,SS 304,0-20 M,,API 2350,NOS,"{""connection_type"": """", ""construction"": """", ""end_type"": """", ""material"": ""STAINLESS STEEL"", ""material_family"": ""INSTRUMENTATION"", ""material_grade"": ""SS 304"", ""material_subtype"": """", ""material_type"": """", ""nominal_size"": """", ""orientation"": """", ""pressure_class"": """", ""rating"": """", ""size"": ""0-20 M"", ""specification"": ""API 2350"", ""standard"": ""API 2350"", ""unit"": ""NOS""}",HPCL,1,STANDALONE_CANDIDATE,1.0,1612064f245235826cdaba6d47ca978a0bd1292c997945ab492f42a26e4686d6,,,
CMM-INSTRU-1709F9-001,CMM-INSTRU-1709F9-001,INSTRUMENTATION | PRESSURE GAUGE | BRASS | 0-100 BAR | ISA 75.01,INSTRUMENTATION,PRESSURE GAUGE,BRASS,0-100 BAR,,ISA 75.01,NOS,"{""connection_type"": """", ""construction"": """", ""end_type"": """", ""material"": """", ""material_family"": ""INSTRUMENTATION"", ""material_grade"": ""BRASS"", ""material_subtype"": """", ""material_type"": ""PRESSURE GAUGE"", ""nominal_size"": """", ""orientation"": """", ""pressure_class"": """", ""rating"": """", ""size"": ""0-100 BAR"", ""specification"": ""ISA 75.01"", ""standard"": """", ""unit"": ""NOS""}",NMDC;NTPC,2,VERIFIED_HARMONIZED,1.0,1709f902a883f2cbb0b57013dfcafc773f317b7ad87e0f4026e22e293e7b5f8c,,,
CMM-INSTRU-17D92D-001,CMM-INSTRU-17D92D-001,INSTRUMENTATION | SS 316 | 0-15 M | IEC 60529,INSTRUMENTATION,,SS 316,0-15 M,,IEC 60529,NOS,"{""connection_type"": """", ""construction"": """", ""end_type"": """", ""material"": ""STAINLESS STEEL"", ""material_family"": ""INSTRUMENTATION"", ""material_grade"": ""SS 316"", ""material_subtype"": """", ""material_type"": """", ""nominal_size"": """", ""orientation"": """", ""pressure_class"": """", ""rating"": """", ""size"": ""0-15 M"", ""specification"": ""IEC 60529"", ""standard"": ""IEC 60529"", ""unit"": ""NOS""}",NTPC,1,STANDALONE_CANDIDATE,1.0,17d92d8f47b4025b51a1b8195b3eac10eee4cf0eac0dd86e205470a8b65b729c,,,
CMM-INSTRU-1860D4-001,CMM-INSTRU-1860D4-001,INSTRUMENTATION | PRESSURE GAUGE | SS 316 | 0-500 DEG C | IEC 60529,INSTRUMENTATION,PRESSURE GAUGE,SS 316,0-500 DEG C,,IEC 60529,NOS,"{""connection_type"": """", ""construction"": """", ""end_type"": """", ""material"": ""STAINLESS STEEL"", ""material_family"": ""INSTRUMENTATION"", ""material_grade"": ""SS 316"", ""material_subtype"": """", ""material_type"": ""PRESSURE GAUGE"", ""nominal_size"": """", ""orientation"": """", ""pressure_class"": """", ""rating"": """", ""size"": ""0-500 DEG C"", ""specification"": ""IEC 60529"", ""standard"": ""IEC 60529"", ""unit"": ""NOS""}",IOCL,1,STANDALONE_CANDIDATE,1.0,1860d492219725c349e2feedbcdc6e1ae9bad626b9e99f16326da4b6ee767074,,,
CMM-INSTRU-1887F6-001,CMM-INSTRU-1887F6-001,INSTRUMENTATION | SS 316 | 1/2 IN NPT | API 537,INSTRUMENTATION,,SS 316,1/2 IN NPT,,API 537,NOS,"{""connection_type"": """", ""construction"": """", ""end_type"": """", ""material"": ""STAINLESS STEEL"", ""material_family"": ""INSTRUMENTATION"", ""material_grade"": ""SS 316"", ""material_subtype"": """", ""material_type"": """", ""nominal_size"": """", ""orientation"": """", ""pressure_class"": """", ""rating"": """", ""size"": ""1/2 IN NPT"", ""specification"": ""API 537"", ""standard"": ""API 537"", ""unit"": ""NOS""}",IOCL,1,STANDALONE_CANDIDATE,1.0,1887f603753e5a7777eddef27cba07a69892e4c4fc7e49a41cb929f79b9ed94e,,,
CMM-INSTRU-192BB2-001,CMM-INSTRU-192BB2-001,INSTRUMENTATION | SS 316 | 0-15 M | IEC 60529,INSTRUMENTATION,,SS 316,0-15 M,,IEC 60529,NOS,"{""connection_type"": """", ""construction"": """", ""end_type"": """", ""material"": ""STAINLESS STEEL"", ""material_family"": ""INSTRUMENTATION"", ""material_grade"": ""SS 316"", ""material_subtype"": """", ""material_type"": """", ""nominal_size"": """", ""orientation"": """", ""pressure_class"": """", ""rating"": """", ""size"": ""0-15 M"", ""specification"": ""IEC 60529"", ""standard"": ""IEC 60529"", ""unit"": ""NOS""}",NTPC,1,STANDALONE_CANDIDATE,1.0,192bb243dfc9590d2f49c3a371bae86dcaf01a0cc2214b70295ac064396ee6df,,,
CMM-INSTRU-1A2E94-001,CMM-INSTRU-1A2E94-001,INSTRUMENTATION | SS 316 | 1/2 IN NPT | API 537,INSTRUMENTATION,,SS 316,1/2 IN NPT,,API 537,NOS,"{""connection_type"": """", ""construction"": """", ""end_type"": """", ""material"": ""STAINLESS STEEL"", ""material_family"": ""INSTRUMENTATION"", ""material_grade"": ""SS 316"", ""material_subtype"": """", ""material_type"": """", ""nominal_size"": """", ""orientation"": """", ""pressure_class"": """", ""rating"": """", ""size"": ""1/2 IN NPT"", ""specification"": ""API 537"", ""standard"": ""API 537"", ""unit"": ""NOS""}",IOCL,1,STANDALONE_CANDIDATE,1.0,1a2e948e8c60dc94de21762ec1f45e97fa73012d6a62379f2593b20902e8dba2,,,
CMM-INSTRU-1A3D47-001,CMM-INSTRU-1A3D47-001,INSTRUMENTATION | SS 316 | 0-15 M | IEC 60529,INSTRUMENTATION,,SS 316,0-15 M,,IEC 60529,NOS,"{""connection_type"": """", ""construction"": """", ""end_type"": """", ""material"": ""STAINLESS STEEL"", ""material_family"": ""INSTRUMENTATION"", ""material_grade"": ""SS 316"", ""material_subtype"": """", ""material_type"": """", ""nominal_size"": """", ""orientation"": """", ""pressure_class"": """", ""rating"": """", ""size"": ""0-15 M"", ""specification"": ""IEC 60529"", ""standard"": ""IEC 60529"", ""unit"": ""NOS""}",NTPC,1,STANDALONE_CANDIDATE,1.0,1a3d4715cecc2c9ea3f343edc3f62f0d7a25858185ca5a00ffbebaa18c23ab28,,,
CMM-INSTRU-1E073D-001,CMM-INSTRU-1E073D-001,INSTRUMENTATION | SS 316 | 4-20 MA | ASME B40.100,INSTRUMENTATION,,SS 316,4-20 MA,,ASME B40.100,NOS,"{""connection_type"": """", ""construction"": """", ""end_type"": """", ""material"": ""STAINLESS STEEL"", ""material_family"": ""INSTRUMENTATION"", ""material_grade"": ""SS 316"", ""material_subtype"": """", ""material_type"": """", ""nominal_size"": """", ""orientation"": """", ""pressure_class"": """", ""rating"": """", ""size"": ""4-20 MA"", ""specification"": ""ASME B40.100"", ""standard"": ""ASME B40.100"", ""unit"": ""NOS""}",BHEL;Coal India;HPCL;IOCL;NMDC;NTPC;ONGC;SAIL,16,AMBIGUOUS_REVIEW_REQUIRED,1.0,1e073de1f91fe8a1fdb367a51f2a6e16a927dcbdef83956e0d4ffa9450ac0982,,,
CMM-INSTRU-1F0427-001,CMM-INSTRU-1F0427-001,INSTRUMENTATION | SS 304 | 0-20 M | API 2350,INSTRUMENTATION,,SS 304,0-20 M,,API 2350,NOS,"{""connection_type"": """", ""construction"": """", ""end_type"": """", ""material"": ""STAINLESS STEEL"", ""material_family"": ""INSTRUMENTATION"", ""material_grade"": ""SS 304"", ""material_subtype"": """", ""material_type"": """", ""nominal_size"": """", ""orientation"": """", ""pressure_class"": """", ""rating"": """", ""size"": ""0-20 M"", ""specification"": ""API 2350"", ""standard"": ""API 2350"", ""unit"": ""NOS""}",HPCL,1,STANDALONE_CANDIDATE,1.0,1f04274c77452c78f56fbd72168ae17043cbccf7f698b533222ad800aa169ecf,,,
CMM-INSTRU-201B86-001,CMM-INSTRU-201B86-001,INSTRUMENTATION | SS 316 | 0-15 M | IEC 60529,INSTRUMENTATION,,SS 316,0-15 M,,IEC 60529,NOS,"{""connection_type"": """", ""construction"": """", ""end_type"": """", ""material"": ""STAINLESS STEEL"", ""material_family"": ""INSTRUMENTATION"", ""material_grade"": ""SS 316"", ""material_subtype"": """", ""material_type"": """", ""nominal_size"": """", ""orientation"": """", ""pressure_class"": """", ""rating"": """", ""size"": ""0-15 M"", ""specification"": ""IEC 60529"", ""standard"": ""IEC 60529"", ""unit"": ""NOS""}",NTPC,1,STANDALONE_CANDIDATE,1.0,201b8685d05fc7f0d6a2459289ab104655af1ae67abb959591e9859c56bb5cd6,,,
CMM-INSTRU-205218-001,CMM-INSTRU-205218-001,INSTRUMENTATION | BRASS | 0-100 BAR | IEC 60529,INSTRUMENTATION,,BRASS,0-100 BAR,,IEC 60529,NOS,"{""connection_type"": """", ""construction"": """", ""end_type"": """", ""material"": """", ""material_family"": ""INSTRUMENTATION"", ""material_grade"": ""BRASS"", ""material_subtype"": """", ""material_type"": """", ""nominal_size"": """", ""orientation"": """", ""pressure_class"": """", ""rating"": """", ""size"": ""0-100 BAR"", ""specification"": ""IEC 60529"", ""standard"": ""IEC 60529"", ""unit"": ""NOS""}",IOCL;NMDC,2,VERIFIED_HARMONIZED,1.0,2052186128f4e8142843dee82db39b9fa76e5e84885a5769f8ecceac712f6a57,,,
CMM-INSTRU-206534-001,CMM-INSTRU-206534-001,INSTRUMENTATION | SS 304 | 0-20 M | API 2350,INSTRUMENTATION,,SS 304,0-20 M,,API 2350,NOS,"{""connection_type"": """", ""construction"": """", ""end_type"": """", ""material"": ""STAINLESS STEEL"", ""material_family"": ""INSTRUMENTATION"", ""material_grade"": ""SS 304"", ""material_subtype"": """", ""material_type"": """", ""nominal_size"": """", ""orientation"": """", ""pressure_class"": """", ""rating"": """", ""size"": ""0-20 M"", ""specification"": ""API 2350"", ""standard"": ""API 2350"", ""unit"": ""NOS""}",HPCL,1,STANDALONE_CANDIDATE,1.0,20653428a2938c4433bda1218317ce4c2f496f2f985aa74b7e04dbc13fcfd241,,,
CMM-INSTRU-20EC15-001,CMM-INSTRU-20EC15-001,INSTRUMENTATION | SS 316 | 1/2 IN NPT | API 537,INSTRUMENTATION,,SS 316,1/2 IN NPT,,API 537,NOS,"{""connection_type"": """", ""construction"": """", ""end_type"": """", ""material"": ""STAINLESS STEEL"", ""material_family"": ""INSTRUMENTATION"", ""material_grade"": ""SS 316"", ""material_subtype"": """", ""material_type"": """", ""nominal_size"": """", ""orientation"": """", ""pressure_class"": """", ""rating"": """", ""size"": ""1/2 IN NPT"", ""specification"": ""API 537"", ""standard"": ""API 537"", ""unit"": ""NOS""}",IOCL,1,STANDALONE_CANDIDATE,1.0,20ec151a99295baf71358625c17df24b21aeeb118c7e407049aeb138aa5bd091,,,
CMM-INSTRU-21B419-001,CMM-INSTRU-21B419-001,INSTRUMENTATION | SS 316 | 1/2 IN NPT | API 537,INSTRUMENTATION,,SS 316,1/2 IN NPT,,API 537,NOS,"{""connection_type"": """", ""construction"": """", ""end_type"": """", ""material"": ""STAINLESS STEEL"", ""material_family"": ""INSTRUMENTATION"", ""material_grade"": ""SS 316"", ""material_subtype"": """", ""material_type"": """", ""nominal_size"": """", ""orientation"": """", ""pressure_class"": """", ""rating"": """", ""size"": ""1/2 IN NPT"", ""specification"": ""API 537"", ""standard"": ""API 537"", ""unit"": ""NOS""}",IOCL,1,STANDALONE_CANDIDATE,1.0,21b41950f1eef45b1a7b5232dd29ff765a284a5769c86280e146d45852b7e5dc,,,
CMM-INSTRU-21D516-001,CMM-INSTRU-21D516-001,INSTRUMENTATION | SS 316 | 0-500 DEG C | ASME B40.100,INSTRUMENTATION,,SS 316,0-500 DEG C,,ASME B40.100,NOS,"{""connection_type"": """", ""construction"": """", ""end_type"": """", ""material"": ""STAINLESS STEEL"", ""material_family"": ""INSTRUMENTATION"", ""material_grade"": ""SS 316"", ""material_subtype"": """", ""material_type"": """", ""nominal_size"": """", ""orientation"": """", ""pressure_class"": """", ""rating"": """", ""size"": ""0-500 DEG C"", ""specification"": ""ASME B40.100"", ""standard"": ""ASME B40.100"", ""unit"": ""NOS""}",HPCL;IOCL;NMDC;SAIL,4,VERIFIED_HARMONIZED,1.0,21d5164d4ac5b7774b0814df3d083d888a52dcf579303a8b64cb1c38fd6f3593,,,
CMM-INSTRU-22FF74-001,CMM-INSTRU-22FF74-001,INSTRUMENTATION | PRESSURE GAUGE | BRASS | 0-100 BAR | IEC 60529,INSTRUMENTATION,PRESSURE GAUGE,BRASS,0-100 BAR,,IEC 60529,NOS,"{""connection_type"": """", ""construction"": """", ""end_type"": """", ""material"": """", ""material_family"": ""INSTRUMENTATION"", ""material_grade"": ""BRASS"", ""material_subtype"": """", ""material_type"": ""PRESSURE GAUGE"", ""nominal_size"": """", ""orientation"": """", ""pressure_class"": """", ""rating"": """", ""size"": ""0-100 BAR"", ""specification"": ""IEC 60529"", ""standard"": ""IEC 60529"", ""unit"": ""NOS""}",Coal India;HPCL;NMDC;NTPC;ONGC;SAIL,6,VERIFIED_HARMONIZED,1.0,22ff74f6f5725a7b7970b3ca59d7879e17eff326eb3350b8967cdc1098c16984,,,
CMM-INSTRU-26CA5D-001,CMM-INSTRU-26CA5D-001,INSTRUMENTATION | SS 316 | 1/2 IN NPT | API 537,INSTRUMENTATION,,SS 316,1/2 IN NPT,,API 537,NOS,"{""connection_type"": """", ""construction"": """", ""end_type"": """", ""material"": ""STAINLESS STEEL"", ""material_family"": ""INSTRUMENTATION"", ""material_grade"": ""SS 316"", ""material_subtype"": """", ""material_type"": """", ""nominal_size"": """", ""orientation"": """", ""pressure_class"": """", ""rating"": """", ""size"": ""1/2 IN NPT"", ""specification"": ""API 537"", ""standard"": ""API 537"", ""unit"": ""NOS""}",IOCL,1,STANDALONE_CANDIDATE,1.0,26ca5d2a67c20eeb49907be1c9613ea5efe1db69d7a744116a2aa4b5168b47e1,,,
CMM-INSTRU-277A84-001,CMM-INSTRU-277A84-001,INSTRUMENTATION | SS 316 | 1/2 IN NPT | API 537,INSTRUMENTATION,,SS 316,1/2 IN NPT,,API 537,NOS,"{""connection_type"": """", ""construction"": """", ""end_type"": """", ""material"": ""STAINLESS STEEL"", ""material_family"": ""INSTRUMENTATION"", ""material_grade"": ""SS 316"", ""material_subtype"": """", ""material_type"": """", ""nominal_size"": """", ""orientation"": """", ""pressure_class"": """", ""rating"": """", ""size"": ""1/2 IN NPT"", ""specification"": ""API 537"", ""standard"": ""API 537"", ""unit"": ""NOS""}",IOCL,1,STANDALONE_CANDIDATE,1.0,277a8430b02c0818386f6bcbf73098ae85ff2a8cba533afad9e472032eacb4ba,,,
CMM-INSTRU-278970-001,CMM-INSTRU-278970-001,INSTRUMENTATION | SS 316 | 5000 PSI | API 6A,INSTRUMENTATION,,SS 316,5000 PSI,,API 6A,NOS,"{""connection_type"": """", ""construction"": """", ""end_type"": """", ""material"": ""STAINLESS STEEL"", ""material_family"": ""INSTRUMENTATION"", ""material_grade"": ""SS 316"", ""material_subtype"": """", ""material_type"": """", ""nominal_size"": """", ""orientation"": """", ""pressure_class"": """", ""rating"": """", ""size"": ""5000 PSI"", ""specification"": ""API 6A"", ""standard"": ""API 6A"", ""unit"": ""NOS""}",ONGC,1,STANDALONE_CANDIDATE,1.0,27897044051786cf47807d9e7de8dd6eccd44214eb479cd86689ac02b7d0d9fb,,,
CMM-INSTRU-27F467-001,CMM-INSTRU-27F467-001,INSTRUMENTATION | SS 316 | 1/2 IN NPT | API 537,INSTRUMENTATION,,SS 316,1/2 IN NPT,,API 537,NOS,"{""connection_type"": """", ""construction"": """", ""end_type"": """", ""material"": ""STAINLESS STEEL"", ""material_family"": ""INSTRUMENTATION"", ""material_grade"": ""SS 316"", ""material_subtype"": """", ""material_type"": """", ""nominal_size"": """", ""orientation"": """", ""pressure_class"": """", ""rating"": """", ""size"": ""1/2 IN NPT"", ""specification"": ""API 537"", ""standard"": ""API 537"", ""unit"": ""NOS""}",IOCL,1,STANDALONE_CANDIDATE,1.0,27f4670b4c34d1141ce3ebd15cd404156fc36f25f434d936691e6c00791e3baa,,,
CMM-INSTRU-28A277-001,CMM-INSTRU-28A277-001,INSTRUMENTATION | SS 316 | 1/2 IN NPT | API 537,INSTRUMENTATION,,SS 316,1/2 IN NPT,,API 537,NOS,"{""connection_type"": """", ""construction"": """", ""end_type"": """", ""material"": ""STAINLESS STEEL"", ""material_family"": ""INSTRUMENTATION"", ""material_grade"": ""SS 316"", ""material_subtype"": """", ""material_type"": """", ""nominal_size"": """", ""orientation"": """", ""pressure_class"": """", ""rating"": """", ""size"": ""1/2 IN NPT"", ""specification"": ""API 537"", ""standard"": ""API 537"", ""unit"": ""NOS""}",IOCL,1,STANDALONE_CANDIDATE,1.0,28a277f894ff4d765a7a2abaab284a9f5df649e5d4f34c33303fd5d2b3eccf53,,,
CMM-INSTRU-29D6B2-001,CMM-INSTRU-29D6B2-001,INSTRUMENTATION | SS 316 | 1/2 IN NPT | API 537,INSTRUMENTATION,,SS 316,1/2 IN NPT,,API 537,NOS,"{""connection_type"": """", ""construction"": """", ""end_type"": """", ""material"": ""STAINLESS STEEL"", ""material_family"": ""INSTRUMENTATION"", ""material_grade"": ""SS 316"", ""material_subtype"": """", ""material_type"": """", ""nominal_size"": """", ""orientation"": """", ""pressure_class"": """", ""rating"": """", ""size"": ""1/2 IN NPT"", ""specification"": ""API 537"", ""standard"": ""API 537"", ""unit"": ""NOS""}",IOCL,1,STANDALONE_CANDIDATE,1.0,29d6b219b30ee748504868f84d81d8ccb5e542f25d147ba37e8aab8d786f5412,,,
CMM-INSTRU-2A021A-001,CMM-INSTRU-2A021A-001,INSTRUMENTATION | SS 304 | 0-20 M | API 2350,INSTRUMENTATION,,SS 304,0-20 M,,API 2350,NOS,"{""connection_type"": """", ""construction"": """", ""end_type"": """", ""material"": ""STAINLESS STEEL"", ""material_family"": ""INSTRUMENTATION"", ""material_grade"": ""SS 304"", ""material_subtype"": """", ""material_type"": """", ""nominal_size"": """", ""orientation"": """", ""pressure_class"": """", ""rating"": """", ""size"": ""0-20 M"", ""specification"": ""API 2350"", ""standard"": ""API 2350"", ""unit"": ""NOS""}",HPCL,1,STANDALONE_CANDIDATE,1.0,2a021aeaa9aa2746449e3a618a195dd1fcd36d067630e8b5f7db994c499b3002,,,
CMM-INSTRU-2A3760-001,CMM-INSTRU-2A3760-001,INSTRUMENTATION | SS 316 | 4-20 MA | ISA 75.01,INSTRUMENTATION,,SS 316,4-20 MA,,ISA 75.01,NOS,"{""connection_type"": """", ""construction"": """", ""end_type"": """", ""material"": ""STAINLESS STEEL"", ""material_family"": ""INSTRUMENTATION"", ""material_grade"": ""SS 316"", ""material_subtype"": """", ""material_type"": """", ""nominal_size"": """", ""orientation"": """", ""pressure_class"": """", ""rating"": """", ""size"": ""4-20 MA"", ""specification"": ""ISA 75.01"", ""standard"": """", ""unit"": ""NOS""}",NTPC;SAIL,2,VERIFIED_HARMONIZED,1.0,2a3760ed649b2a4b40c3aeeafcd6d87b7f5350613666340fd13013706d53344b,,,
CMM-INSTRU-2A4F7B-001,CMM-INSTRU-2A4F7B-001,INSTRUMENTATION | SS 304 | 0-20 M | API 2350,INSTRUMENTATION,,SS 304,0-20 M,,API 2350,NOS,"{""connection_type"": """", ""construction"": """", ""end_type"": """", ""material"": ""STAINLESS STEEL"", ""material_family"": ""INSTRUMENTATION"", ""material_grade"": ""SS 304"", ""material_subtype"": """", ""material_type"": """", ""nominal_size"": """", ""orientation"": """", ""pressure_class"": """", ""rating"": """", ""size"": ""0-20 M"", ""specification"": ""API 2350"", ""standard"": ""API 2350"", ""unit"": ""NOS""}",HPCL,1,STANDALONE_CANDIDATE,1.0,2a4f7b4f4e23575d9aad3e635440d53fcaf998bbc29f0fff74d2a664839bab8b,,,
CMM-INSTRU-2B3635-001,CMM-INSTRU-2B3635-001,INSTRUMENTATION | SS 316 | 5000 PSI | API 6A,INSTRUMENTATION,,SS 316,5000 PSI,,API 6A,NOS,"{""connection_type"": """", ""construction"": """", ""end_type"": """", ""material"": ""STAINLESS STEEL"", ""material_family"": ""INSTRUMENTATION"", ""material_grade"": ""SS 316"", ""material_subtype"": """", ""material_type"": """", ""nominal_size"": """", ""orientation"": """", ""pressure_class"": """", ""rating"": """", ""size"": ""5000 PSI"", ""specification"": ""API 6A"", ""standard"": ""API 6A"", ""unit"": ""NOS""}",ONGC,1,STANDALONE_CANDIDATE,1.0,2b3635a67d0e8bb2c731d7db880a2f27fb77fac02b5ca85401f16cad520073ea,,,
CMM-INSTRU-2B591E-001,CMM-INSTRU-2B591E-001,INSTRUMENTATION | SS 316 | 0-100 BAR | ISA 75.01,INSTRUMENTATION,,SS 316,0-100 BAR,,ISA 75.01,NOS,"{""connection_type"": """", ""construction"": """", ""end_type"": """", ""material"": ""STAINLESS STEEL"", ""material_family"": ""INSTRUMENTATION"", ""material_grade"": ""SS 316"", ""material_subtype"": """", ""material_type"": """", ""nominal_size"": """", ""orientation"": """", ""pressure_class"": """", ""rating"": """", ""size"": ""0-100 BAR"", ""specification"": ""ISA 75.01"", ""standard"": """", ""unit"": ""NOS""}",BHEL;Coal India;HPCL;IOCL;NMDC;ONGC;SAIL,10,AMBIGUOUS_REVIEW_REQUIRED,1.0,2b591ee7b1c1df2c9298a26bd19ae61d49498420175d33a295682735af78fce7,,,
CMM-INSTRU-2BA489-001,CMM-INSTRU-2BA489-001,INSTRUMENTATION | SS 316 | 0-15 M | IEC 60529,INSTRUMENTATION,,SS 316,0-15 M,,IEC 60529,NOS,"{""connection_type"": """", ""construction"": """", ""end_type"": """", ""material"": ""STAINLESS STEEL"", ""material_family"": ""INSTRUMENTATION"", ""material_grade"": ""SS 316"", ""material_subtype"": """", ""material_type"": """", ""nominal_size"": """", ""orientation"": """", ""pressure_class"": """", ""rating"": """", ""size"": ""0-15 M"", ""specification"": ""IEC 60529"", ""standard"": ""IEC 60529"", ""unit"": ""NOS""}",NTPC,1,STANDALONE_CANDIDATE,1.0,2ba489efa8a852af2c3f6918d29935aed0dc6601188284f5bd5aab34c6c5fb49,,,
CMM-INSTRU-2CF9D0-001,CMM-INSTRU-2CF9D0-001,INSTRUMENTATION | SS 316 | 1/2 IN NPT | API 537,INSTRUMENTATION,,SS 316,1/2 IN NPT,,API 537,NOS,"{""connection_type"": """", ""construction"": """", ""end_type"": """", ""material"": ""STAINLESS STEEL"", ""material_family"": ""INSTRUMENTATION"", ""material_grade"": ""SS 316"", ""material_subtype"": """", ""material_type"": """", ""nominal_size"": """", ""orientation"": """", ""pressure_class"": """", ""rating"": """", ""size"": ""1/2 IN NPT"", ""specification"": ""API 537"", ""standard"": ""API 537"", ""unit"": ""NOS""}",IOCL,1,STANDALONE_CANDIDATE,1.0,2cf9d0d41ae3eeb896fd459ee7e3dbf7a84a4dc060c8c3acb52f657a8bbcf165,,,
CMM-INSTRU-30F87D-001,CMM-INSTRU-30F87D-001,INSTRUMENTATION | SS 316 | 1/2 IN NPT | API 537,INSTRUMENTATION,,SS 316,1/2 IN NPT,,API 537,NOS,"{""connection_type"": """", ""construction"": """", ""end_type"": """", ""material"": ""STAINLESS STEEL"", ""material_family"": ""INSTRUMENTATION"", ""material_grade"": ""SS 316"", ""material_subtype"": """", ""material_type"": """", ""nominal_size"": """", ""orientation"": """", ""pressure_class"": """", ""rating"": """", ""size"": ""1/2 IN NPT"", ""specification"": ""API 537"", ""standard"": ""API 537"", ""unit"": ""NOS""}",IOCL,1,STANDALONE_CANDIDATE,1.0,30f87d10b499e68516cd17499a38953c5bb4150b9895b0245411b7ecc60dc66c,,,
CMM-INSTRU-31164A-001,CMM-INSTRU-31164A-001,INSTRUMENTATION | SS 304 | 0-20 M | API 2350,INSTRUMENTATION,,SS 304,0-20 M,,API 2350,NOS,"{""connection_type"": """", ""construction"": """", ""end_type"": """", ""material"": ""STAINLESS STEEL"", ""material_family"": ""INSTRUMENTATION"", ""material_grade"": ""SS 304"", ""material_subtype"": """", ""material_type"": """", ""nominal_size"": """", ""orientation"": """", ""pressure_class"": """", ""rating"": """", ""size"": ""0-20 M"", ""specification"": ""API 2350"", ""standard"": ""API 2350"", ""unit"": ""NOS""}",HPCL,1,STANDALONE_CANDIDATE,1.0,31164a4c32b76d0d59892c539dd85bac35bcacfdc0896babc6098d5262b7da9b,,,
CMM-INSTRU-31BA4A-001,CMM-INSTRU-31BA4A-001,INSTRUMENTATION | SS 316 | 1/2 IN NPT | API 537,INSTRUMENTATION,,SS 316,1/2 IN NPT,,API 537,NOS,"{""connection_type"": """", ""construction"": """", ""end_type"": """", ""material"": ""STAINLESS STEEL"", ""material_family"": ""INSTRUMENTATION"", ""material_grade"": ""SS 316"", ""material_subtype"": """", ""material_type"": """", ""nominal_size"": """", ""orientation"": """", ""pressure_class"": """", ""rating"": """", ""size"": ""1/2 IN NPT"", ""specification"": ""API 537"", ""standard"": ""API 537"", ""unit"": ""NOS""}",IOCL,1,STANDALONE_CANDIDATE,1.0,31ba4ac4afa4fae96382d703df4ee0021d6ef8c2646878e018986dd8a09cf8fe,,,
CMM-INSTRU-325A21-001,CMM-INSTRU-325A21-001,INSTRUMENTATION | POLYCARBONATE | 0-500 DEG C | IEC 60529,INSTRUMENTATION,,POLYCARBONATE,0-500 DEG C,,IEC 60529,NOS,"{""connection_type"": """", ""construction"": """", ""end_type"": """", ""material"": """", ""material_family"": ""INSTRUMENTATION"", ""material_grade"": ""POLYCARBONATE"", ""material_subtype"": """", ""material_type"": """", ""nominal_size"": """", ""orientation"": """", ""pressure_class"": """", ""rating"": """", ""size"": ""0-500 DEG C"", ""specification"": ""IEC 60529"", ""standard"": ""IEC 60529"", ""unit"": ""NOS""}",BHEL;IOCL,2,VERIFIED_HARMONIZED,1.0,325a217570635ece8a7e24e295bcd1517c4ee40c3f34ac5d43f4b9f8f7eb8dbf,,,
CMM-INSTRU-34E917-001,CMM-INSTRU-34E917-001,INSTRUMENTATION | SS 316 | 1/2 IN NPT | API 537,INSTRUMENTATION,,SS 316,1/2 IN NPT,,API 537,NOS,"{""connection_type"": """", ""construction"": """", ""end_type"": """", ""material"": ""STAINLESS STEEL"", ""material_family"": ""INSTRUMENTATION"", ""material_grade"": ""SS 316"", ""material_subtype"": """", ""material_type"": """", ""nominal_size"": """", ""orientation"": """", ""pressure_class"": """", ""rating"": """", ""size"": ""1/2 IN NPT"", ""specification"": ""API 537"", ""standard"": ""API 537"", ""unit"": ""NOS""}",IOCL,1,STANDALONE_CANDIDATE,1.0,34e9179c8a8fcd39c2e1477e8aff7fe17be5f1b66bcdb42dbd46969d7c1a0ed3,,,
CMM-INSTRU-35893A-001,CMM-INSTRU-35893A-001,INSTRUMENTATION | SS 304 | 0-20 M | API 2350,INSTRUMENTATION,,SS 304,0-20 M,,API 2350,NOS,"{""connection_type"": """", ""construction"": """", ""end_type"": """", ""material"": ""STAINLESS STEEL"", ""material_family"": ""INSTRUMENTATION"", ""material_grade"": ""SS 304"", ""material_subtype"": """", ""material_type"": """", ""nominal_size"": """", ""orientation"": """", ""pressure_class"": """", ""rating"": """", ""size"": ""0-20 M"", ""specification"": ""API 2350"", ""standard"": ""API 2350"", ""unit"": ""NOS""}",HPCL,1,STANDALONE_CANDIDATE,1.0,35893ab342795cab6ffb43080b99a1840c6ad7648ceb4f1a7bf2fc82d58ad712,,,
CMM-INSTRU-35F2E5-001,CMM-INSTRU-35F2E5-001,INSTRUMENTATION | SS 304 | 0-100 BAR | ISA 75.01,INSTRUMENTATION,,SS 304,0-100 BAR,,ISA 75.01,NOS,"{""connection_type"": """", ""construction"": """", ""end_type"": """", ""material"": ""STAINLESS STEEL"", ""material_family"": ""INSTRUMENTATION"", ""material_grade"": ""SS 304"", ""material_subtype"": """", ""material_type"": """", ""nominal_size"": """", ""orientation"": """", ""pressure_class"": """", ""rating"": """", ""size"": ""0-100 BAR"", ""specification"": ""ISA 75.01"", ""standard"": """", ""unit"": ""NOS""}",NTPC,1,STANDALONE_CANDIDATE,1.0,35f2e534ca34934b6054abf1236ce9aa473493fe2fa63661a9b741847e5cc4dc,,,
CMM-INSTRU-361F41-001,CMM-INSTRU-361F41-001,INSTRUMENTATION | SS 316 | 5000 PSI | API 6A,INSTRUMENTATION,,SS 316,5000 PSI,,API 6A,NOS,"{""connection_type"": """", ""construction"": """", ""end_type"": """", ""material"": ""STAINLESS STEEL"", ""material_family"": ""INSTRUMENTATION"", ""material_grade"": ""SS 316"", ""material_subtype"": """", ""material_type"": """", ""nominal_size"": """", ""orientation"": """", ""pressure_class"": """", ""rating"": """", ""size"": ""5000 PSI"", ""specification"": ""API 6A"", ""standard"": ""API 6A"", ""unit"": ""NOS""}",ONGC,1,STANDALONE_CANDIDATE,1.0,361f41e7a4cfbac65d82cf7ba379df95f898105a789b4a064b187f90eba8146a,,,
CMM-INSTRU-3688F6-001,CMM-INSTRU-3688F6-001,INSTRUMENTATION | POLYCARBONATE | 0-100 BAR | ASME B40.100,INSTRUMENTATION,,POLYCARBONATE,0-100 BAR,,ASME B40.100,NOS,"{""connection_type"": """", ""construction"": """", ""end_type"": """", ""material"": """", ""material_family"": ""INSTRUMENTATION"", ""material_grade"": ""POLYCARBONATE"", ""material_subtype"": """", ""material_type"": """", ""nominal_size"": """", ""orientation"": """", ""pressure_class"": """", ""rating"": """", ""size"": ""0-100 BAR"", ""specification"": ""ASME B40.100"", ""standard"": ""ASME B40.100"", ""unit"": ""NOS""}",BHEL;Coal India;HPCL;NMDC;ONGC;SAIL,8,AMBIGUOUS_REVIEW_REQUIRED,1.0,3688f6fc224f311b52cb271c3201b5e990b6eaad736a305a95391ba768dbf67a,,,
CMM-INSTRU-3717F9-001,CMM-INSTRU-3717F9-001,INSTRUMENTATION | SS 316 | 0-15 M | IEC 60529,INSTRUMENTATION,,SS 316,0-15 M,,IEC 60529,NOS,"{""connection_type"": """", ""construction"": """", ""end_type"": """", ""material"": ""STAINLESS STEEL"", ""material_family"": ""INSTRUMENTATION"", ""material_grade"": ""SS 316"", ""material_subtype"": """", ""material_type"": """", ""nominal_size"": """", ""orientation"": """", ""pressure_class"": """", ""rating"": """", ""size"": ""0-15 M"", ""specification"": ""IEC 60529"", ""standard"": ""IEC 60529"", ""unit"": ""NOS""}",NTPC,1,STANDALONE_CANDIDATE,1.0,3717f9ac384ee1443c733d1fc8368e29c6f92503e62f30969015e1b50fc113c5,,,
CMM-INSTRU-37E984-001,CMM-INSTRU-37E984-001,INSTRUMENTATION | SS 304 | 0-20 M | API 2350,INSTRUMENTATION,,SS 304,0-20 M,,API 2350,NOS,"{""connection_type"": """", ""construction"": """", ""end_type"": """", ""material"": ""STAINLESS STEEL"", ""material_family"": ""INSTRUMENTATION"", ""material_grade"": ""SS 304"", ""material_subtype"": """", ""material_type"": """", ""nominal_size"": """", ""orientation"": """", ""pressure_class"": """", ""rating"": """", ""size"": ""0-20 M"", ""specification"": ""API 2350"", ""standard"": ""API 2350"", ""unit"": ""NOS""}",HPCL,1,STANDALONE_CANDIDATE,1.0,37e984e831eda0a8910432cf015048783a333edb6ebf946264f3b8ce17cbe36d,,,
CMM-INSTRU-38AF26-001,CMM-INSTRU-38AF26-001,INSTRUMENTATION | SS 316 | 0-15 M | IEC 60529,INSTRUMENTATION,,SS 316,0-15 M,,IEC 60529,NOS,"{""connection_type"": """", ""construction"": """", ""end_type"": """", ""material"": ""STAINLESS STEEL"", ""material_family"": ""INSTRUMENTATION"", ""material_grade"": ""SS 316"", ""material_subtype"": """", ""material_type"": """", ""nominal_size"": """", ""orientation"": """", ""pressure_class"": """", ""rating"": """", ""size"": ""0-15 M"", ""specification"": ""IEC 60529"", ""standard"": ""IEC 60529"", ""unit"": ""NOS""}",NTPC,1,STANDALONE_CANDIDATE,1.0,38af2697db809fa7c6aacbcae7f279b1efb84e78d2231b92fd4ed923bcc89da6,,,
CMM-INSTRU-39CF5A-001,CMM-INSTRU-39CF5A-001,INSTRUMENTATION | SS 316 | 1/2 IN NPT | API 537,INSTRUMENTATION,,SS 316,1/2 IN NPT,,API 537,NOS,"{""connection_type"": """", ""construction"": """", ""end_type"": """", ""material"": ""STAINLESS STEEL"", ""material_family"": ""INSTRUMENTATION"", ""material_grade"": ""SS 316"", ""material_subtype"": """", ""material_type"": """", ""nominal_size"": """", ""orientation"": """", ""pressure_class"": """", ""rating"": """", ""size"": ""1/2 IN NPT"", ""specification"": ""API 537"", ""standard"": ""API 537"", ""unit"": ""NOS""}",IOCL,1,STANDALONE_CANDIDATE,1.0,39cf5a3061404d91356537b4bcbff253ec24ae5a987939f2d58581b2fff47efd,,,
CMM-INSTRU-3A53FA-001,CMM-INSTRU-3A53FA-001,INSTRUMENTATION | SS 316 | 1/2 IN NPT | API 537,INSTRUMENTATION,,SS 316,1/2 IN NPT,,API 537,NOS,"{""connection_type"": """", ""construction"": """", ""end_type"": """", ""material"": ""STAINLESS STEEL"", ""material_family"": ""INSTRUMENTATION"", ""material_grade"": ""SS 316"", ""material_subtype"": """", ""material_type"": """", ""nominal_size"": """", ""orientation"": """", ""pressure_class"": """", ""rating"": """", ""size"": ""1/2 IN NPT"", ""specification"": ""API 537"", ""standard"": ""API 537"", ""unit"": ""NOS""}",IOCL,1,STANDALONE_CANDIDATE,1.0,3a53fac7c5cfcf232e2ac5588a85717f50db7fb57c12bda7b8c28ee4162b4ad6,,,
CMM-INSTRU-3B81E6-001,CMM-INSTRU-3B81E6-001,INSTRUMENTATION | SS 316 | 5000 PSI | API 6A,INSTRUMENTATION,,SS 316,5000 PSI,,API 6A,NOS,"{""connection_type"": """", ""construction"": """", ""end_type"": """", ""material"": ""STAINLESS STEEL"", ""material_family"": ""INSTRUMENTATION"", ""material_grade"": ""SS 316"", ""material_subtype"": """", ""material_type"": """", ""nominal_size"": """", ""orientation"": """", ""pressure_class"": """", ""rating"": """", ""size"": ""5000 PSI"", ""specification"": ""API 6A"", ""standard"": ""API 6A"", ""unit"": ""NOS""}",ONGC,1,STANDALONE_CANDIDATE,1.0,3b81e66816fc6f1e0c27417051820036577819d1762e6ce530ba62bee9d2101e,,,
CMM-INSTRU-3CF0AA-001,CMM-INSTRU-3CF0AA-001,INSTRUMENTATION | SS 316 | 0-15 M | IEC 60529,INSTRUMENTATION,,SS 316,0-15 M,,IEC 60529,NOS,"{""connection_type"": """", ""construction"": """", ""end_type"": """", ""material"": ""STAINLESS STEEL"", ""material_family"": ""INSTRUMENTATION"", ""material_grade"": ""SS 316"", ""material_subtype"": """", ""material_type"": """", ""nominal_size"": """", ""orientation"": """", ""pressure_class"": """", ""rating"": """", ""size"": ""0-15 M"", ""specification"": ""IEC 60529"", ""standard"": ""IEC 60529"", ""unit"": ""NOS""}",NTPC,1,STANDALONE_CANDIDATE,1.0,3cf0aa2d830c6bf309ff24ff3228c99f7484a44f9747bbce20008cb14ef50548,,,
CMM-INSTRU-3DE2D9-001,CMM-INSTRU-3DE2D9-001,INSTRUMENTATION | SS 304 | 0-20 M | API 2350,INSTRUMENTATION,,SS 304,0-20 M,,API 2350,NOS,"{""connection_type"": """", ""construction"": """", ""end_type"": """", ""material"": ""STAINLESS STEEL"", ""material_family"": ""INSTRUMENTATION"", ""material_grade"": ""SS 304"", ""material_subtype"": """", ""material_type"": """", ""nominal_size"": """", ""orientation"": """", ""pressure_class"": """", ""rating"": """", ""size"": ""0-20 M"", ""specification"": ""API 2350"", ""standard"": ""API 2350"", ""unit"": ""NOS""}",HPCL,1,STANDALONE_CANDIDATE,1.0,3de2d9cf8b57af3d73b0e1a00f7c40b0cc6db182c445b08bcefbb3d10ea58ab5,,,
CMM-INSTRU-3E1411-001,CMM-INSTRU-3E1411-001,INSTRUMENTATION | SS 316 | 1/2 IN NPT | API 537,INSTRUMENTATION,,SS 316,1/2 IN NPT,,API 537,NOS,"{""connection_type"": """", ""construction"": """", ""end_type"": """", ""material"": ""STAINLESS STEEL"", ""material_family"": ""INSTRUMENTATION"", ""material_grade"": ""SS 316"", ""material_subtype"": """", ""material_type"": """", ""nominal_size"": """", ""orientation"": """", ""pressure_class"": """", ""rating"": """", ""size"": ""1/2 IN NPT"", ""specification"": ""API 537"", ""standard"": ""API 537"", ""unit"": ""NOS""}",IOCL,1,STANDALONE_CANDIDATE,1.0,3e1411ac18bfff334b5251c50c4fc5a3b897cdd6621fad2eabd34e10d92cb00f,,,
CMM-INSTRU-40C5B3-001,CMM-INSTRU-40C5B3-001,INSTRUMENTATION | BRASS | 1/2 IN NPT | ASME B40.100,INSTRUMENTATION,,BRASS,1/2 IN NPT,,ASME B40.100,NOS,"{""connection_type"": """", ""construction"": """", ""end_type"": """", ""material"": """", ""material_family"": ""INSTRUMENTATION"", ""material_grade"": ""BRASS"", ""material_subtype"": """", ""material_type"": """", ""nominal_size"": """", ""orientation"": """", ""pressure_class"": """", ""rating"": """", ""size"": ""1/2 IN NPT"", ""specification"": ""ASME B40.100"", ""standard"": ""ASME B40.100"", ""unit"": ""NOS""}",BHEL;Coal India;HPCL;NMDC,4,VERIFIED_HARMONIZED,1.0,40c5b3e99f45ab477e4d37fe1c7e6169f543ec1b2b19267f2fd984d081631d1a,,,
CMM-INSTRU-43CEC1-001,CMM-INSTRU-43CEC1-001,INSTRUMENTATION | SS 316 | 1/2 IN NPT | API 537,INSTRUMENTATION,,SS 316,1/2 IN NPT,,API 537,NOS,"{""connection_type"": """", ""construction"": """", ""end_type"": """", ""material"": ""STAINLESS STEEL"", ""material_family"": ""INSTRUMENTATION"", ""material_grade"": ""SS 316"", ""material_subtype"": """", ""material_type"": """", ""nominal_size"": """", ""orientation"": """", ""pressure_class"": """", ""rating"": """", ""size"": ""1/2 IN NPT"", ""specification"": ""API 537"", ""standard"": ""API 537"", ""unit"": ""NOS""}",IOCL,1,STANDALONE_CANDIDATE,1.0,43cec1f15a314677148358778225c0961ff0163afcef8673bb297c04a24839eb,,,
CMM-INSTRU-441159-001,CMM-INSTRU-441159-001,INSTRUMENTATION | SS 304 | 0-20 M | API 2350,INSTRUMENTATION,,SS 304,0-20 M,,API 2350,NOS,"{""connection_type"": """", ""construction"": """", ""end_type"": """", ""material"": ""STAINLESS STEEL"", ""material_family"": ""INSTRUMENTATION"", ""material_grade"": ""SS 304"", ""material_subtype"": """", ""material_type"": """", ""nominal_size"": """", ""orientation"": """", ""pressure_class"": """", ""rating"": """", ""size"": ""0-20 M"", ""specification"": ""API 2350"", ""standard"": ""API 2350"", ""unit"": ""NOS""}",HPCL,1,STANDALONE_CANDIDATE,1.0,4411598c66b018a35a8d4654d437a802b680d4a0c1e44deb3e77002be0b1159b,,,
CMM-INSTRU-450866-001,CMM-INSTRU-450866-001,INSTRUMENTATION | SS 316 | 1/2 IN NPT | API 537,INSTRUMENTATION,,SS 316,1/2 IN NPT,,API 537,NOS,"{""connection_type"": """", ""construction"": """", ""end_type"": """", ""material"": ""STAINLESS STEEL"", ""material_family"": ""INSTRUMENTATION"", ""material_grade"": ""SS 316"", ""material_subtype"": """", ""material_type"": """", ""nominal_size"": """", ""orientation"": """", ""pressure_class"": """", ""rating"": """", ""size"": ""1/2 IN NPT"", ""specification"": ""API 537"", ""standard"": ""API 537"", ""unit"": ""NOS""}",IOCL,1,STANDALONE_CANDIDATE,1.0,4508662a7c6a01911ef1afad80c3299353dd778738af01b1a6c9a823a8a3dc7e,,,
CMM-INSTRU-472245-001,CMM-INSTRU-472245-001,INSTRUMENTATION | POLYCARBONATE | 0-100 BAR | ISA 75.01,INSTRUMENTATION,,POLYCARBONATE,0-100 BAR,,ISA 75.01,NOS,"{""connection_type"": """", ""construction"": """", ""end_type"": """", ""material"": """", ""material_family"": ""INSTRUMENTATION"", ""material_grade"": ""POLYCARBONATE"", ""material_subtype"": """", ""material_type"": """", ""nominal_size"": """", ""orientation"": """", ""pressure_class"": """", ""rating"": """", ""size"": ""0-100 BAR"", ""specification"": ""ISA 75.01"", ""standard"": """", ""unit"": ""NOS""}",IOCL;NMDC;ONGC,4,AMBIGUOUS_REVIEW_REQUIRED,1.0,472245d9505d55bc29b1455b9b43dd8de455d96116431c40d7a07ee7a778d4a4,,,
CMM-INSTRU-4981D6-001,CMM-INSTRU-4981D6-001,INSTRUMENTATION | SS 316 | 0-15 M | IEC 60529,INSTRUMENTATION,,SS 316,0-15 M,,IEC 60529,NOS,"{""connection_type"": """", ""construction"": """", ""end_type"": """", ""material"": ""STAINLESS STEEL"", ""material_family"": ""INSTRUMENTATION"", ""material_grade"": ""SS 316"", ""material_subtype"": """", ""material_type"": """", ""nominal_size"": """", ""orientation"": """", ""pressure_class"": """", ""rating"": """", ""size"": ""0-15 M"", ""specification"": ""IEC 60529"", ""standard"": ""IEC 60529"", ""unit"": ""NOS""}",NTPC,1,STANDALONE_CANDIDATE,1.0,4981d627ab38116f88881d4f4d1050efcfb356be9b066e1550c6f9d95f2f063d,,,
CMM-INSTRU-4B7871-001,CMM-INSTRU-4B7871-001,INSTRUMENTATION | SS 316 | 0-15 M | IEC 60529,INSTRUMENTATION,,SS 316,0-15 M,,IEC 60529,NOS,"{""connection_type"": """", ""construction"": """", ""end_type"": """", ""material"": ""STAINLESS STEEL"", ""material_family"": ""INSTRUMENTATION"", ""material_grade"": ""SS 316"", ""material_subtype"": """", ""material_type"": """", ""nominal_size"": """", ""orientation"": """", ""pressure_class"": """", ""rating"": """", ""size"": ""0-15 M"", ""specification"": ""IEC 60529"", ""standard"": ""IEC 60529"", ""unit"": ""NOS""}",NTPC,1,STANDALONE_CANDIDATE,1.0,4b7871941293a95ee850168d7ff8c96c7068c727d59463dfadb2042b2ec8ffe4,,,
CMM-INSTRU-4D969D-001,CMM-INSTRU-4D969D-001,INSTRUMENTATION | SS 316 | 1/2 IN NPT | API 537,INSTRUMENTATION,,SS 316,1/2 IN NPT,,API 537,NOS,"{""connection_type"": """", ""construction"": """", ""end_type"": """", ""material"": ""STAINLESS STEEL"", ""material_family"": ""INSTRUMENTATION"", ""material_grade"": ""SS 316"", ""material_subtype"": """", ""material_type"": """", ""nominal_size"": """", ""orientation"": """", ""pressure_class"": """", ""rating"": """", ""size"": ""1/2 IN NPT"", ""specification"": ""API 537"", ""standard"": ""API 537"", ""unit"": ""NOS""}",IOCL,1,STANDALONE_CANDIDATE,1.0,4d969d3f4dad16f106e16366acbdfb34215dfb42a13bf200bb8fe988235b5088,,,
CMM-INSTRU-506F2A-001,CMM-INSTRU-506F2A-001,INSTRUMENTATION | SS 304 | 0-20 M | API 2350,INSTRUMENTATION,,SS 304,0-20 M,,API 2350,NOS,"{""connection_type"": """", ""construction"": """", ""end_type"": """", ""material"": ""STAINLESS STEEL"", ""material_family"": ""INSTRUMENTATION"", ""material_grade"": ""SS 304"", ""material_subtype"": """", ""material_type"": """", ""nominal_size"": """", ""orientation"": """", ""pressure_class"": """", ""rating"": """", ""size"": ""0-20 M"", ""specification"": ""API 2350"", ""standard"": ""API 2350"", ""unit"": ""NOS""}",HPCL,1,STANDALONE_CANDIDATE,1.0,506f2aa6b56f524ed7e5eb39926ddc4ac7310d0e0809d192a6c51e652f489771,,,
CMM-INSTRU-531B25-001,CMM-INSTRU-531B25-001,INSTRUMENTATION | SS 316 | 0-15 M | IEC 60529,INSTRUMENTATION,,SS 316,0-15 M,,IEC 60529,NOS,"{""connection_type"": """", ""construction"": """", ""end_type"": """", ""material"": ""STAINLESS STEEL"", ""material_family"": ""INSTRUMENTATION"", ""material_grade"": ""SS 316"", ""material_subtype"": """", ""material_type"": """", ""nominal_size"": """", ""orientation"": """", ""pressure_class"": """", ""rating"": """", ""size"": ""0-15 M"", ""specification"": ""IEC 60529"", ""standard"": ""IEC 60529"", ""unit"": ""NOS""}",NTPC,1,STANDALONE_CANDIDATE,1.0,531b25d94976939045da61ec12e78427ddd4379652289ac916127850911eb0e9,,,
CMM-INSTRU-557134-001,CMM-INSTRU-557134-001,INSTRUMENTATION | SS 316 | 0-15 M | IEC 60529,INSTRUMENTATION,,SS 316,0-15 M,,IEC 60529,NOS,"{""connection_type"": """", ""construction"": """", ""end_type"": """", ""material"": ""STAINLESS STEEL"", ""material_family"": ""INSTRUMENTATION"", ""material_grade"": ""SS 316"", ""material_subtype"": """", ""material_type"": """", ""nominal_size"": """", ""orientation"": """", ""pressure_class"": """", ""rating"": """", ""size"": ""0-15 M"", ""specification"": ""IEC 60529"", ""standard"": ""IEC 60529"", ""unit"": ""NOS""}",NTPC,1,STANDALONE_CANDIDATE,1.0,55713447c2a53e2c33b3c0a3a3ddbc9e5559fa2e335be3904cfc13340a095a68,,,
CMM-INSTRU-57243E-001,CMM-INSTRU-57243E-001,INSTRUMENTATION | SS 316 | 1/2 IN NPT | API 537,INSTRUMENTATION,,SS 316,1/2 IN NPT,,API 537,NOS,"{""connection_type"": """", ""construction"": """", ""end_type"": """", ""material"": ""STAINLESS STEEL"", ""material_family"": ""INSTRUMENTATION"", ""material_grade"": ""SS 316"", ""material_subtype"": """", ""material_type"": """", ""nominal_size"": """", ""orientation"": """", ""pressure_class"": """", ""rating"": """", ""size"": ""1/2 IN NPT"", ""specification"": ""API 537"", ""standard"": ""API 537"", ""unit"": ""NOS""}",IOCL,1,STANDALONE_CANDIDATE,1.0,57243e20c77c43b2c27091a9001ced89eaaccadbb33972aff99092f429cd7a19,,,
CMM-INSTRU-58342A-001,CMM-INSTRU-58342A-001,INSTRUMENTATION | PRESSURE GAUGE | POLYCARBONATE | 0-500 DEG C | ISA 75.01,INSTRUMENTATION,PRESSURE GAUGE,POLYCARBONATE,0-500 DEG C,,ISA 75.01,NOS,"{""connection_type"": """", ""construction"": """", ""end_type"": """", ""material"": """", ""material_family"": ""INSTRUMENTATION"", ""material_grade"": ""POLYCARBONATE"", ""material_subtype"": """", ""material_type"": ""PRESSURE GAUGE"", ""nominal_size"": """", ""orientation"": """", ""pressure_class"": """", ""rating"": """", ""size"": ""0-500 DEG C"", ""specification"": ""ISA 75.01"", ""standard"": """", ""unit"": ""NOS""}",BHEL;HPCL;IOCL;NMDC;NTPC;SAIL,6,VERIFIED_HARMONIZED,1.0,58342ac75223e7e762f8a348ff12d19947b9c764c33666583a0ebf91ddca111b,,,
CMM-INSTRU-58EF54-001,CMM-INSTRU-58EF54-001,INSTRUMENTATION | SS 316 | 0-15 M | IEC 60529,INSTRUMENTATION,,SS 316,0-15 M,,IEC 60529,NOS,"{""connection_type"": """", ""construction"": """", ""end_type"": """", ""material"": ""STAINLESS STEEL"", ""material_family"": ""INSTRUMENTATION"", ""material_grade"": ""SS 316"", ""material_subtype"": """", ""material_type"": """", ""nominal_size"": """", ""orientation"": """", ""pressure_class"": """", ""rating"": """", ""size"": ""0-15 M"", ""specification"": ""IEC 60529"", ""standard"": ""IEC 60529"", ""unit"": ""NOS""}",NTPC,1,STANDALONE_CANDIDATE,1.0,58ef54604bdc93cecdebc62227500df6318a0035dd0b1ac2f252a2bfc9081c9e,,,
CMM-INSTRU-59A2A6-001,CMM-INSTRU-59A2A6-001,INSTRUMENTATION | SS 316 | 0-100 BAR | IEC 60529,INSTRUMENTATION,,SS 316,0-100 BAR,,IEC 60529,NOS,"{""connection_type"": """", ""construction"": """", ""end_type"": """", ""material"": ""STAINLESS STEEL"", ""material_family"": ""INSTRUMENTATION"", ""material_grade"": ""SS 316"", ""material_subtype"": """", ""material_type"": """", ""nominal_size"": """", ""orientation"": """", ""pressure_class"": """", ""rating"": """", ""size"": ""0-100 BAR"", ""specification"": ""IEC 60529"", ""standard"": ""IEC 60529"", ""unit"": ""NOS""}",BHEL;IOCL;NMDC;NTPC;ONGC,5,VERIFIED_HARMONIZED,1.0,59a2a67b6e4b275a8516243c77911c2df41bdd99cf47b17ba941ef9e94111316,,,
CMM-INSTRU-5C9385-001,CMM-INSTRU-5C9385-001,INSTRUMENTATION | SS 316 | 5000 PSI | API 6A,INSTRUMENTATION,,SS 316,5000 PSI,,API 6A,NOS,"{""connection_type"": """", ""construction"": """", ""end_type"": """", ""material"": ""STAINLESS STEEL"", ""material_family"": ""INSTRUMENTATION"", ""material_grade"": ""SS 316"", ""material_subtype"": """", ""material_type"": """", ""nominal_size"": """", ""orientation"": """", ""pressure_class"": """", ""rating"": """", ""size"": ""5000 PSI"", ""specification"": ""API 6A"", ""standard"": ""API 6A"", ""unit"": ""NOS""}",ONGC,1,STANDALONE_CANDIDATE,1.0,5c9385f0f2d1a160777ac54f92af70492224487e77fe9d67cc64ab0d7743398a,,,
CMM-INSTRU-5F3CF8-001,CMM-INSTRU-5F3CF8-001,INSTRUMENTATION | BRASS | 0-100 BAR | ISA 75.01,INSTRUMENTATION,,BRASS,0-100 BAR,,ISA 75.01,NOS,"{""connection_type"": """", ""construction"": """", ""end_type"": """", ""material"": """", ""material_family"": ""INSTRUMENTATION"", ""material_grade"": ""BRASS"", ""material_subtype"": """", ""material_type"": """", ""nominal_size"": """", ""orientation"": """", ""pressure_class"": """", ""rating"": """", ""size"": ""0-100 BAR"", ""specification"": ""ISA 75.01"", ""standard"": """", ""unit"": ""NOS""}",HPCL;SAIL,2,VERIFIED_HARMONIZED,1.0,5f3cf8f43c6ccb37547f2d8b38b16f98aac2f6f230753b37befd3cec2a266aca,,,
CMM-INSTRU-617080-001,CMM-INSTRU-617080-001,INSTRUMENTATION | SS 316 | 0-15 M | IEC 60529,INSTRUMENTATION,,SS 316,0-15 M,,IEC 60529,NOS,"{""connection_type"": """", ""construction"": """", ""end_type"": """", ""material"": ""STAINLESS STEEL"", ""material_family"": ""INSTRUMENTATION"", ""material_grade"": ""SS 316"", ""material_subtype"": """", ""material_type"": """", ""nominal_size"": """", ""orientation"": """", ""pressure_class"": """", ""rating"": """", ""size"": ""0-15 M"", ""specification"": ""IEC 60529"", ""standard"": ""IEC 60529"", ""unit"": ""NOS""}",NTPC,1,STANDALONE_CANDIDATE,1.0,617080e42d9066d689b3c470c8dd336e9e9273d158d3e8a6ab8a0deeda35aa39,,,
CMM-INSTRU-61E856-001,CMM-INSTRU-61E856-001,INSTRUMENTATION | BRASS | 1/2 IN NPT | IEC 60529,INSTRUMENTATION,,BRASS,1/2 IN NPT,,IEC 60529,NOS,"{""connection_type"": """", ""construction"": """", ""end_type"": """", ""material"": """", ""material_family"": ""INSTRUMENTATION"", ""material_grade"": ""BRASS"", ""material_subtype"": """", ""material_type"": """", ""nominal_size"": """", ""orientation"": """", ""pressure_class"": """", ""rating"": """", ""size"": ""1/2 IN NPT"", ""specification"": ""IEC 60529"", ""standard"": ""IEC 60529"", ""unit"": ""NOS""}",Coal India;IOCL;SAIL,3,VERIFIED_HARMONIZED,1.0,61e856d1a1ba8f7f11e4b1446dcdd85a8e069e69396a76cc8aaaf0773bbb1e43,,,
CMM-INSTRU-63802F-001,CMM-INSTRU-63802F-001,INSTRUMENTATION | SS 304 | 0-20 M | API 2350,INSTRUMENTATION,,SS 304,0-20 M,,API 2350,NOS,"{""connection_type"": """", ""construction"": """", ""end_type"": """", ""material"": ""STAINLESS STEEL"", ""material_family"": ""INSTRUMENTATION"", ""material_grade"": ""SS 304"", ""material_subtype"": """", ""material_type"": """", ""nominal_size"": """", ""orientation"": """", ""pressure_class"": """", ""rating"": """", ""size"": ""0-20 M"", ""specification"": ""API 2350"", ""standard"": ""API 2350"", ""unit"": ""NOS""}",HPCL,1,STANDALONE_CANDIDATE,1.0,63802f8647700d791e494dfe31cb7aadab712de7b9156ba530f6858296a91752,,,
CMM-INSTRU-63AE9C-001,CMM-INSTRU-63AE9C-001,INSTRUMENTATION | SS 316 | 1/2 IN NPT | API 537,INSTRUMENTATION,,SS 316,1/2 IN NPT,,API 537,NOS,"{""connection_type"": """", ""construction"": """", ""end_type"": """", ""material"": ""STAINLESS STEEL"", ""material_family"": ""INSTRUMENTATION"", ""material_grade"": ""SS 316"", ""material_subtype"": """", ""material_type"": """", ""nominal_size"": """", ""orientation"": """", ""pressure_class"": """", ""rating"": """", ""size"": ""1/2 IN NPT"", ""specification"": ""API 537"", ""standard"": ""API 537"", ""unit"": ""NOS""}",IOCL,1,STANDALONE_CANDIDATE,1.0,63ae9c70e887bbda1f850b2b5b7195e1bd6775743aa40926cdcb108dfbac2e1e,,,
CMM-INSTRU-6B0B6E-001,CMM-INSTRU-6B0B6E-001,INSTRUMENTATION | SS 316 | 0-15 M | IEC 60529,INSTRUMENTATION,,SS 316,0-15 M,,IEC 60529,NOS,"{""connection_type"": """", ""construction"": """", ""end_type"": """", ""material"": ""STAINLESS STEEL"", ""material_family"": ""INSTRUMENTATION"", ""material_grade"": ""SS 316"", ""material_subtype"": """", ""material_type"": """", ""nominal_size"": """", ""orientation"": """", ""pressure_class"": """", ""rating"": """", ""size"": ""0-15 M"", ""specification"": ""IEC 60529"", ""standard"": ""IEC 60529"", ""unit"": ""NOS""}",NTPC,1,STANDALONE_CANDIDATE,1.0,6b0b6e04f62cb67b29fa5b6209e72c749d6aea20f051526930104322fbf3c1e4,,,
CMM-INSTRU-6B7F1D-001,CMM-INSTRU-6B7F1D-001,INSTRUMENTATION | SS 316 | 1/2 IN NPT | API 537,INSTRUMENTATION,,SS 316,1/2 IN NPT,,API 537,NOS,"{""connection_type"": """", ""construction"": """", ""end_type"": """", ""material"": ""STAINLESS STEEL"", ""material_family"": ""INSTRUMENTATION"", ""material_grade"": ""SS 316"", ""material_subtype"": """", ""material_type"": """", ""nominal_size"": """", ""orientation"": """", ""pressure_class"": """", ""rating"": """", ""size"": ""1/2 IN NPT"", ""specification"": ""API 537"", ""standard"": ""API 537"", ""unit"": ""NOS""}",IOCL,1,STANDALONE_CANDIDATE,1.0,6b7f1d774a4adbed00d411f6f3eeb5c046cf0e0cb6a91b694ec618c4e1ff656f,,,
CMM-INSTRU-6BA797-001,CMM-INSTRU-6BA797-001,INSTRUMENTATION | SS 316 | 5000 PSI | API 6A,INSTRUMENTATION,,SS 316,5000 PSI,,API 6A,NOS,"{""connection_type"": """", ""construction"": """", ""end_type"": """", ""material"": ""STAINLESS STEEL"", ""material_family"": ""INSTRUMENTATION"", ""material_grade"": ""SS 316"", ""material_subtype"": """", ""material_type"": """", ""nominal_size"": """", ""orientation"": """", ""pressure_class"": """", ""rating"": """", ""size"": ""5000 PSI"", ""specification"": ""API 6A"", ""standard"": ""API 6A"", ""unit"": ""NOS""}",ONGC,1,STANDALONE_CANDIDATE,1.0,6ba7977853c300e6be717ba2e8c755c74867fed126ed3a0ad9df5665d03c0e5c,,,
CMM-INSTRU-6D1EBF-001,CMM-INSTRU-6D1EBF-001,INSTRUMENTATION | SS 316 | 5000 PSI | API 6A,INSTRUMENTATION,,SS 316,5000 PSI,,API 6A,NOS,"{""connection_type"": """", ""construction"": """", ""end_type"": """", ""material"": ""STAINLESS STEEL"", ""material_family"": ""INSTRUMENTATION"", ""material_grade"": ""SS 316"", ""material_subtype"": """", ""material_type"": """", ""nominal_size"": """", ""orientation"": """", ""pressure_class"": """", ""rating"": """", ""size"": ""5000 PSI"", ""specification"": ""API 6A"", ""standard"": ""API 6A"", ""unit"": ""NOS""}",ONGC,1,STANDALONE_CANDIDATE,1.0,6d1ebfff4301b15282af2a316b576bafec7dd169e7d4c8bda17090884a375499,,,
CMM-INSTRU-6E3A7C-001,CMM-INSTRU-6E3A7C-001,INSTRUMENTATION | SS 316 | 0-15 M | IEC 60529,INSTRUMENTATION,,SS 316,0-15 M,,IEC 60529,NOS,"{""connection_type"": """", ""construction"": """", ""end_type"": """", ""material"": ""STAINLESS STEEL"", ""material_family"": ""INSTRUMENTATION"", ""material_grade"": ""SS 316"", ""material_subtype"": """", ""material_type"": """", ""nominal_size"": """", ""orientation"": """", ""pressure_class"": """", ""rating"": """", ""size"": ""0-15 M"", ""specification"": ""IEC 60529"", ""standard"": ""IEC 60529"", ""unit"": ""NOS""}",NTPC,1,STANDALONE_CANDIDATE,1.0,6e3a7c108d6c247a61adad243a8dd8a677af96910ca5cf0755435582eba89332,,,
CMM-INSTRU-6F22C1-001,CMM-INSTRU-6F22C1-001,INSTRUMENTATION | SS 316 | 1/2 IN NPT | API 537,INSTRUMENTATION,,SS 316,1/2 IN NPT,,API 537,NOS,"{""connection_type"": """", ""construction"": """", ""end_type"": """", ""material"": ""STAINLESS STEEL"", ""material_family"": ""INSTRUMENTATION"", ""material_grade"": ""SS 316"", ""material_subtype"": """", ""material_type"": """", ""nominal_size"": """", ""orientation"": """", ""pressure_class"": """", ""rating"": """", ""size"": ""1/2 IN NPT"", ""specification"": ""API 537"", ""standard"": ""API 537"", ""unit"": ""NOS""}",IOCL,1,STANDALONE_CANDIDATE,1.0,6f22c104b0291e662539bbb0ef57e9f54890a5b97045c3ffbf1e4a65d077ce94,,,
CMM-INSTRU-70A392-001,CMM-INSTRU-70A392-001,INSTRUMENTATION | SS 316 | 0-100 BAR | ASME B40.100,INSTRUMENTATION,,SS 316,0-100 BAR,,ASME B40.100,NOS,"{""connection_type"": """", ""construction"": """", ""end_type"": """", ""material"": ""STAINLESS STEEL"", ""material_family"": ""INSTRUMENTATION"", ""material_grade"": ""SS 316"", ""material_subtype"": """", ""material_type"": """", ""nominal_size"": """", ""orientation"": """", ""pressure_class"": """", ""rating"": """", ""size"": ""0-100 BAR"", ""specification"": ""ASME B40.100"", ""standard"": ""ASME B40.100"", ""unit"": ""NOS""}",ONGC,1,STANDALONE_CANDIDATE,1.0,70a392f43e63854afbe7e46c2818d6a1261047e92cd7e2446a31d05a908be080,,,
CMM-INSTRU-70AE3A-001,CMM-INSTRU-70AE3A-001,INSTRUMENTATION | SS 304 | 0-20 M | API 2350,INSTRUMENTATION,,SS 304,0-20 M,,API 2350,NOS,"{""connection_type"": """", ""construction"": """", ""end_type"": """", ""material"": ""STAINLESS STEEL"", ""material_family"": ""INSTRUMENTATION"", ""material_grade"": ""SS 304"", ""material_subtype"": """", ""material_type"": """", ""nominal_size"": """", ""orientation"": """", ""pressure_class"": """", ""rating"": """", ""size"": ""0-20 M"", ""specification"": ""API 2350"", ""standard"": ""API 2350"", ""unit"": ""NOS""}",HPCL,1,STANDALONE_CANDIDATE,1.0,70ae3a11ac3c74d0eab2d0ec598b5ceb79893ea7a88232fb7c2a44a5f02ef04f,,,
CMM-INSTRU-71B89B-001,CMM-INSTRU-71B89B-001,INSTRUMENTATION | SS 304 | 0-20 M | API 2350,INSTRUMENTATION,,SS 304,0-20 M,,API 2350,NOS,"{""connection_type"": """", ""construction"": """", ""end_type"": """", ""material"": ""STAINLESS STEEL"", ""material_family"": ""INSTRUMENTATION"", ""material_grade"": ""SS 304"", ""material_subtype"": """", ""material_type"": """", ""nominal_size"": """", ""orientation"": """", ""pressure_class"": """", ""rating"": """", ""size"": ""0-20 M"", ""specification"": ""API 2350"", ""standard"": ""API 2350"", ""unit"": ""NOS""}",HPCL,1,STANDALONE_CANDIDATE,1.0,71b89b0636aa75552746c718768821ac091541925088e2330b244f115151f6cb,,,
CMM-INSTRU-746A35-001,CMM-INSTRU-746A35-001,INSTRUMENTATION | BRASS | 4-20 MA | ISA 75.01,INSTRUMENTATION,,BRASS,4-20 MA,,ISA 75.01,NOS,"{""connection_type"": """", ""construction"": """", ""end_type"": """", ""material"": """", ""material_family"": ""INSTRUMENTATION"", ""material_grade"": ""BRASS"", ""material_subtype"": """", ""material_type"": """", ""nominal_size"": """", ""orientation"": """", ""pressure_class"": """", ""rating"": """", ""size"": ""4-20 MA"", ""specification"": ""ISA 75.01"", ""standard"": """", ""unit"": ""NOS""}",HPCL;IOCL;NMDC;NTPC;ONGC;SAIL,8,AMBIGUOUS_REVIEW_REQUIRED,1.0,746a35f76d4b0fa796963b5e869d7530b6129427560923fbe559793b08761fcd,,,
CMM-INSTRU-76250E-001,CMM-INSTRU-76250E-001,INSTRUMENTATION | SS 316 | 1/2 IN NPT | API 537,INSTRUMENTATION,,SS 316,1/2 IN NPT,,API 537,NOS,"{""connection_type"": """", ""construction"": """", ""end_type"": """", ""material"": ""STAINLESS STEEL"", ""material_family"": ""INSTRUMENTATION"", ""material_grade"": ""SS 316"", ""material_subtype"": """", ""material_type"": """", ""nominal_size"": """", ""orientation"": """", ""pressure_class"": """", ""rating"": """", ""size"": ""1/2 IN NPT"", ""specification"": ""API 537"", ""standard"": ""API 537"", ""unit"": ""NOS""}",IOCL,1,STANDALONE_CANDIDATE,1.0,76250e54cef54801e9553bbbc09c34e3fc3c6bc80bfdc0d50602b6c299d0d1ef,,,
CMM-INSTRU-763724-001,CMM-INSTRU-763724-001,INSTRUMENTATION | SS 304 | 0-20 M | API 2350,INSTRUMENTATION,,SS 304,0-20 M,,API 2350,NOS,"{""connection_type"": """", ""construction"": """", ""end_type"": """", ""material"": ""STAINLESS STEEL"", ""material_family"": ""INSTRUMENTATION"", ""material_grade"": ""SS 304"", ""material_subtype"": """", ""material_type"": """", ""nominal_size"": """", ""orientation"": """", ""pressure_class"": """", ""rating"": """", ""size"": ""0-20 M"", ""specification"": ""API 2350"", ""standard"": ""API 2350"", ""unit"": ""NOS""}",HPCL,1,STANDALONE_CANDIDATE,1.0,76372467e2aca5d413a1174baa9a972f4ec8b5ca6c2c7c3cd69fe07d044d2a45,,,
CMM-INSTRU-765732-001,CMM-INSTRU-765732-001,INSTRUMENTATION | SS 316 | 1/2 IN NPT | API 537,INSTRUMENTATION,,SS 316,1/2 IN NPT,,API 537,NOS,"{""connection_type"": """", ""construction"": """", ""end_type"": """", ""material"": ""STAINLESS STEEL"", ""material_family"": ""INSTRUMENTATION"", ""material_grade"": ""SS 316"", ""material_subtype"": """", ""material_type"": """", ""nominal_size"": """", ""orientation"": """", ""pressure_class"": """", ""rating"": """", ""size"": ""1/2 IN NPT"", ""specification"": ""API 537"", ""standard"": ""API 537"", ""unit"": ""NOS""}",IOCL,1,STANDALONE_CANDIDATE,1.0,76573286e3d6d1e5318c59e5e87b7c1a8b7c4be5291589bece8514ea0c9c7db8,,,
CMM-INSTRU-7697FA-001,CMM-INSTRU-7697FA-001,INSTRUMENTATION | POLYCARBONATE | 4-20 MA | IEC 60529,INSTRUMENTATION,,POLYCARBONATE,4-20 MA,,IEC 60529,NOS,"{""connection_type"": """", ""construction"": """", ""end_type"": """", ""material"": """", ""material_family"": ""INSTRUMENTATION"", ""material_grade"": ""POLYCARBONATE"", ""material_subtype"": """", ""material_type"": """", ""nominal_size"": """", ""orientation"": """", ""pressure_class"": """", ""rating"": """", ""size"": ""4-20 MA"", ""specification"": ""IEC 60529"", ""standard"": ""IEC 60529"", ""unit"": ""NOS""}",HPCL;IOCL,2,VERIFIED_HARMONIZED,1.0,7697fa0d3456e668658bd5f0e8a8f71eb6c083d8d04e528a2c02b022a7711067,,,
CMM-INSTRU-76A4D1-001,CMM-INSTRU-76A4D1-001,INSTRUMENTATION | BRASS | 4-20 MA | ASME B40.100,INSTRUMENTATION,,BRASS,4-20 MA,,ASME B40.100,NOS,"{""connection_type"": """", ""construction"": """", ""end_type"": """", ""material"": """", ""material_family"": ""INSTRUMENTATION"", ""material_grade"": ""BRASS"", ""material_subtype"": """", ""material_type"": """", ""nominal_size"": """", ""orientation"": """", ""pressure_class"": """", ""rating"": """", ""size"": ""4-20 MA"", ""specification"": ""ASME B40.100"", ""standard"": ""ASME B40.100"", ""unit"": ""NOS""}",BHEL;Coal India;HPCL;ONGC,4,VERIFIED_HARMONIZED,1.0,76a4d177426b1f49695c776e87f9da9c6de62f24720beb6d00b705ba06ac59cb,,,
CMM-INSTRU-76A779-001,CMM-INSTRU-76A779-001,INSTRUMENTATION | SS 316 | 0-15 M | IEC 60529,INSTRUMENTATION,,SS 316,0-15 M,,IEC 60529,NOS,"{""connection_type"": """", ""construction"": """", ""end_type"": """", ""material"": ""STAINLESS STEEL"", ""material_family"": ""INSTRUMENTATION"", ""material_grade"": ""SS 316"", ""material_subtype"": """", ""material_type"": """", ""nominal_size"": """", ""orientation"": """", ""pressure_class"": """", ""rating"": """", ""size"": ""0-15 M"", ""specification"": ""IEC 60529"", ""standard"": ""IEC 60529"", ""unit"": ""NOS""}",NTPC,1,STANDALONE_CANDIDATE,1.0,76a7794404bc6af1ef94fe1e6120ded5fde6be1fa2c63da2284d7c2bbf657104,,,
CMM-INSTRU-770DEC-001,CMM-INSTRU-770DEC-001,INSTRUMENTATION | SS 316 | 0-15 M | IEC 60529,INSTRUMENTATION,,SS 316,0-15 M,,IEC 60529,NOS,"{""connection_type"": """", ""construction"": """", ""end_type"": """", ""material"": ""STAINLESS STEEL"", ""material_family"": ""INSTRUMENTATION"", ""material_grade"": ""SS 316"", ""material_subtype"": """", ""material_type"": """", ""nominal_size"": """", ""orientation"": """", ""pressure_class"": """", ""rating"": """", ""size"": ""0-15 M"", ""specification"": ""IEC 60529"", ""standard"": ""IEC 60529"", ""unit"": ""NOS""}",NTPC,1,STANDALONE_CANDIDATE,1.0,770decdc9d16e9e76a39a1e099b17b49c261dd0fdbcae78bf90806f9ea17fd8c,,,
CMM-INSTRU-77851D-001,CMM-INSTRU-77851D-001,INSTRUMENTATION | SS 304 | 4-20 MA | ISA 75.01,INSTRUMENTATION,,SS 304,4-20 MA,,ISA 75.01,NOS,"{""connection_type"": """", ""construction"": """", ""end_type"": """", ""material"": ""STAINLESS STEEL"", ""material_family"": ""INSTRUMENTATION"", ""material_grade"": ""SS 304"", ""material_subtype"": """", ""material_type"": """", ""nominal_size"": """", ""orientation"": """", ""pressure_class"": """", ""rating"": """", ""size"": ""4-20 MA"", ""specification"": ""ISA 75.01"", ""standard"": """", ""unit"": ""NOS""}",NTPC;ONGC,2,VERIFIED_HARMONIZED,1.0,77851d9971abc1c27d4f44688c262b1305c8a5d1609fc483138a27b28fda092e,,,
CMM-INSTRU-794286-001,CMM-INSTRU-794286-001,INSTRUMENTATION | SS 316 | 1/2 IN NPT | API 537,INSTRUMENTATION,,SS 316,1/2 IN NPT,,API 537,NOS,"{""connection_type"": """", ""construction"": """", ""end_type"": """", ""material"": ""STAINLESS STEEL"", ""material_family"": ""INSTRUMENTATION"", ""material_grade"": ""SS 316"", ""material_subtype"": """", ""material_type"": """", ""nominal_size"": """", ""orientation"": """", ""pressure_class"": """", ""rating"": """", ""size"": ""1/2 IN NPT"", ""specification"": ""API 537"", ""standard"": ""API 537"", ""unit"": ""NOS""}",IOCL,1,STANDALONE_CANDIDATE,1.0,7942861e0ebb483d73108c9645f756e1453daba30a76e31d4f6482b94ac40f60,,,
CMM-INSTRU-7A3205-001,CMM-INSTRU-7A3205-001,INSTRUMENTATION | SS 316 | 4-20 MA | IEC 60529,INSTRUMENTATION,,SS 316,4-20 MA,,IEC 60529,NOS,"{""connection_type"": """", ""construction"": """", ""end_type"": """", ""material"": ""STAINLESS STEEL"", ""material_family"": ""INSTRUMENTATION"", ""material_grade"": ""SS 316"", ""material_subtype"": """", ""material_type"": """", ""nominal_size"": """", ""orientation"": """", ""pressure_class"": """", ""rating"": """", ""size"": ""4-20 MA"", ""specification"": ""IEC 60529"", ""standard"": ""IEC 60529"", ""unit"": ""NOS""}",BHEL;Coal India;HPCL;IOCL;NMDC;ONGC;SAIL,15,AMBIGUOUS_REVIEW_REQUIRED,1.0,7a3205391c87c064e8c9dd52931a2025ca5ee2bf2bd49128457dd08d6507bdd6,,,
CMM-INSTRU-7B18F9-001,CMM-INSTRU-7B18F9-001,INSTRUMENTATION | SS 316 | 5000 PSI | API 6A,INSTRUMENTATION,,SS 316,5000 PSI,,API 6A,NOS,"{""connection_type"": """", ""construction"": """", ""end_type"": """", ""material"": ""STAINLESS STEEL"", ""material_family"": ""INSTRUMENTATION"", ""material_grade"": ""SS 316"", ""material_subtype"": """", ""material_type"": """", ""nominal_size"": """", ""orientation"": """", ""pressure_class"": """", ""rating"": """", ""size"": ""5000 PSI"", ""specification"": ""API 6A"", ""standard"": ""API 6A"", ""unit"": ""NOS""}",ONGC,1,STANDALONE_CANDIDATE,1.0,7b18f9c3a2fc063ad30c3ad33e52900c7ab276c85ae9918162c8d307ba899bc7,,,
CMM-INSTRU-7BB3AA-001,CMM-INSTRU-7BB3AA-001,INSTRUMENTATION | SS 316 | 5000 PSI | API 6A,INSTRUMENTATION,,SS 316,5000 PSI,,API 6A,NOS,"{""connection_type"": """", ""construction"": """", ""end_type"": """", ""material"": ""STAINLESS STEEL"", ""material_family"": ""INSTRUMENTATION"", ""material_grade"": ""SS 316"", ""material_subtype"": """", ""material_type"": """", ""nominal_size"": """", ""orientation"": """", ""pressure_class"": """", ""rating"": """", ""size"": ""5000 PSI"", ""specification"": ""API 6A"", ""standard"": ""API 6A"", ""unit"": ""NOS""}",ONGC,1,STANDALONE_CANDIDATE,1.0,7bb3aa4fae5e8cda63227e3dee9e85900f203904d36649a9d68ec1c60b37ecfd,,,
CMM-INSTRU-7D7EC5-001,CMM-INSTRU-7D7EC5-001,INSTRUMENTATION | SS 316 | 1/2 IN NPT | API 537,INSTRUMENTATION,,SS 316,1/2 IN NPT,,API 537,NOS,"{""connection_type"": """", ""construction"": """", ""end_type"": """", ""material"": ""STAINLESS STEEL"", ""material_family"": ""INSTRUMENTATION"", ""material_grade"": ""SS 316"", ""material_subtype"": """", ""material_type"": """", ""nominal_size"": """", ""orientation"": """", ""pressure_class"": """", ""rating"": """", ""size"": ""1/2 IN NPT"", ""specification"": ""API 537"", ""standard"": ""API 537"", ""unit"": ""NOS""}",IOCL,1,STANDALONE_CANDIDATE,1.0,7d7ec53f64c5f1c6d97edce2f044a1cc0d7796683b1cf0d8432a6a6266749da0,,,
CMM-INSTRU-7F6F9D-001,CMM-INSTRU-7F6F9D-001,INSTRUMENTATION | SS 316 | 0-15 M | IEC 60529,INSTRUMENTATION,,SS 316,0-15 M,,IEC 60529,NOS,"{""connection_type"": """", ""construction"": """", ""end_type"": """", ""material"": ""STAINLESS STEEL"", ""material_family"": ""INSTRUMENTATION"", ""material_grade"": ""SS 316"", ""material_subtype"": """", ""material_type"": """", ""nominal_size"": """", ""orientation"": """", ""pressure_class"": """", ""rating"": """", ""size"": ""0-15 M"", ""specification"": ""IEC 60529"", ""standard"": ""IEC 60529"", ""unit"": ""NOS""}",NTPC,1,STANDALONE_CANDIDATE,1.0,7f6f9d1c3c07ef0bf07b261fd3c6c6e9c7a632b4db766fb42d86186fefa824cc,,,
CMM-INSTRU-8059CB-001,CMM-INSTRU-8059CB-001,INSTRUMENTATION | SS 304 | 0-20 M | API 2350,INSTRUMENTATION,,SS 304,0-20 M,,API 2350,NOS,"{""connection_type"": """", ""construction"": """", ""end_type"": """", ""material"": ""STAINLESS STEEL"", ""material_family"": ""INSTRUMENTATION"", ""material_grade"": ""SS 304"", ""material_subtype"": """", ""material_type"": """", ""nominal_size"": """", ""orientation"": """", ""pressure_class"": """", ""rating"": """", ""size"": ""0-20 M"", ""specification"": ""API 2350"", ""standard"": ""API 2350"", ""unit"": ""NOS""}",HPCL,1,STANDALONE_CANDIDATE,1.0,8059cb8a329acbcbb1f6a1826b0a2282c3bd674384291e2e2898abe66f2002cc,,,
CMM-INSTRU-80EC8A-001,CMM-INSTRU-80EC8A-001,INSTRUMENTATION | SS 316 | 1/2 IN NPT | API 537,INSTRUMENTATION,,SS 316,1/2 IN NPT,,API 537,NOS,"{""connection_type"": """", ""construction"": """", ""end_type"": """", ""material"": ""STAINLESS STEEL"", ""material_family"": ""INSTRUMENTATION"", ""material_grade"": ""SS 316"", ""material_subtype"": """", ""material_type"": """", ""nominal_size"": """", ""orientation"": """", ""pressure_class"": """", ""rating"": """", ""size"": ""1/2 IN NPT"", ""specification"": ""API 537"", ""standard"": ""API 537"", ""unit"": ""NOS""}",IOCL,1,STANDALONE_CANDIDATE,1.0,80ec8a32f8d0e95d1b74ae6a8bc001bf303cc7a64ad48755fbd7d3c492926544,,,
CMM-INSTRU-81A3AD-001,CMM-INSTRU-81A3AD-001,INSTRUMENTATION | SS 304 | 0-20 M | API 2350,INSTRUMENTATION,,SS 304,0-20 M,,API 2350,NOS,"{""connection_type"": """", ""construction"": """", ""end_type"": """", ""material"": ""STAINLESS STEEL"", ""material_family"": ""INSTRUMENTATION"", ""material_grade"": ""SS 304"", ""material_subtype"": """", ""material_type"": """", ""nominal_size"": """", ""orientation"": """", ""pressure_class"": """", ""rating"": """", ""size"": ""0-20 M"", ""specification"": ""API 2350"", ""standard"": ""API 2350"", ""unit"": ""NOS""}",HPCL,1,STANDALONE_CANDIDATE,1.0,81a3adc5f0e6168711afababb25006787b7ba029d308cb87c42a4d5a884989e4,,,
CMM-INSTRU-8255AD-001,CMM-INSTRU-8255AD-001,INSTRUMENTATION | SS 316 | 1/2 IN NPT | API 537,INSTRUMENTATION,,SS 316,1/2 IN NPT,,API 537,NOS,"{""connection_type"": """", ""construction"": """", ""end_type"": """", ""material"": ""STAINLESS STEEL"", ""material_family"": ""INSTRUMENTATION"", ""material_grade"": ""SS 316"", ""material_subtype"": """", ""material_type"": """", ""nominal_size"": """", ""orientation"": """", ""pressure_class"": """", ""rating"": """", ""size"": ""1/2 IN NPT"", ""specification"": ""API 537"", ""standard"": ""API 537"", ""unit"": ""NOS""}",IOCL,1,STANDALONE_CANDIDATE,1.0,8255adaf4d2fbf5baa8ecd68a385929a8853d5f8e7a8dfddcea7041bc63940ec,,,
CMM-INSTRU-82A6A9-001,CMM-INSTRU-82A6A9-001,INSTRUMENTATION | SS 316 | 1/2 IN NPT | API 537,INSTRUMENTATION,,SS 316,1/2 IN NPT,,API 537,NOS,"{""connection_type"": """", ""construction"": """", ""end_type"": """", ""material"": ""STAINLESS STEEL"", ""material_family"": ""INSTRUMENTATION"", ""material_grade"": ""SS 316"", ""material_subtype"": """", ""material_type"": """", ""nominal_size"": """", ""orientation"": """", ""pressure_class"": """", ""rating"": """", ""size"": ""1/2 IN NPT"", ""specification"": ""API 537"", ""standard"": ""API 537"", ""unit"": ""NOS""}",IOCL,1,STANDALONE_CANDIDATE,1.0,82a6a943b9f79ef3208e29ce3bf9d62099238f35f6eb24dec91b5c030ba71cc0,,,
CMM-INSTRU-8383E5-001,CMM-INSTRU-8383E5-001,INSTRUMENTATION | PRESSURE GAUGE | BRASS | 0-500 DEG C | ASME B40.100,INSTRUMENTATION,PRESSURE GAUGE,BRASS,0-500 DEG C,,ASME B40.100,NOS,"{""connection_type"": """", ""construction"": """", ""end_type"": """", ""material"": """", ""material_family"": ""INSTRUMENTATION"", ""material_grade"": ""BRASS"", ""material_subtype"": """", ""material_type"": ""PRESSURE GAUGE"", ""nominal_size"": """", ""orientation"": """", ""pressure_class"": """", ""rating"": """", ""size"": ""0-500 DEG C"", ""specification"": ""ASME B40.100"", ""standard"": ""ASME B40.100"", ""unit"": ""NOS""}",IOCL;ONGC,2,VERIFIED_HARMONIZED,1.0,8383e5c1258134f40e2aac6404032ec3ccb3d0348a338812bbe760966cffca24,,,
CMM-INSTRU-839017-001,CMM-INSTRU-839017-001,INSTRUMENTATION | SS 304 | 0-20 M | API 2350,INSTRUMENTATION,,SS 304,0-20 M,,API 2350,NOS,"{""connection_type"": """", ""construction"": """", ""end_type"": """", ""material"": ""STAINLESS STEEL"", ""material_family"": ""INSTRUMENTATION"", ""material_grade"": ""SS 304"", ""material_subtype"": """", ""material_type"": """", ""nominal_size"": """", ""orientation"": """", ""pressure_class"": """", ""rating"": """", ""size"": ""0-20 M"", ""specification"": ""API 2350"", ""standard"": ""API 2350"", ""unit"": ""NOS""}",HPCL,1,STANDALONE_CANDIDATE,1.0,83901779745ef4de75e15dd9defa59b68749971b01a3ab4386d11e10ed96d7b6,,,
CMM-INSTRU-83BD2D-001,CMM-INSTRU-83BD2D-001,INSTRUMENTATION | SS 316 | 0-15 M | IEC 60529,INSTRUMENTATION,,SS 316,0-15 M,,IEC 60529,NOS,"{""connection_type"": """", ""construction"": """", ""end_type"": """", ""material"": ""STAINLESS STEEL"", ""material_family"": ""INSTRUMENTATION"", ""material_grade"": ""SS 316"", ""material_subtype"": """", ""material_type"": """", ""nominal_size"": """", ""orientation"": """", ""pressure_class"": """", ""rating"": """", ""size"": ""0-15 M"", ""specification"": ""IEC 60529"", ""standard"": ""IEC 60529"", ""unit"": ""NOS""}",NTPC,1,STANDALONE_CANDIDATE,1.0,83bd2d71d71a53d1068b530068e604c3e049f663f7be4e88fb9761104004a447,,,
CMM-INSTRU-85D49D-001,CMM-INSTRU-85D49D-001,INSTRUMENTATION | PRESSURE GAUGE | SS 304 | 0-500 DEG C | IEC 60529,INSTRUMENTATION,PRESSURE GAUGE,SS 304,0-500 DEG C,,IEC 60529,NOS,"{""connection_type"": """", ""construction"": """", ""end_type"": """", ""material"": ""STAINLESS STEEL"", ""material_family"": ""INSTRUMENTATION"", ""material_grade"": ""SS 304"", ""material_subtype"": """", ""material_type"": ""PRESSURE GAUGE"", ""nominal_size"": """", ""orientation"": """", ""pressure_class"": """", ""rating"": """", ""size"": ""0-500 DEG C"", ""specification"": ""IEC 60529"", ""standard"": ""IEC 60529"", ""unit"": ""NOS""}",SAIL,1,STANDALONE_CANDIDATE,1.0,85d49dcc10b91eae74ef6a774533c53154ca830c726df0b36c70e5cb76e646c7,,,
CMM-INSTRU-86F6A1-001,CMM-INSTRU-86F6A1-001,INSTRUMENTATION | SS 316 | 0-15 M | IEC 60529,INSTRUMENTATION,,SS 316,0-15 M,,IEC 60529,NOS,"{""connection_type"": """", ""construction"": """", ""end_type"": """", ""material"": ""STAINLESS STEEL"", ""material_family"": ""INSTRUMENTATION"", ""material_grade"": ""SS 316"", ""material_subtype"": """", ""material_type"": """", ""nominal_size"": """", ""orientation"": """", ""pressure_class"": """", ""rating"": """", ""size"": ""0-15 M"", ""specification"": ""IEC 60529"", ""standard"": ""IEC 60529"", ""unit"": ""NOS""}",NTPC,1,STANDALONE_CANDIDATE,1.0,86f6a1800e9e8ebe99d43aeb06d00b53d8653d09cbb1dafcdc1c8147fcf2478a,,,
CMM-INSTRU-8CA6B6-001,CMM-INSTRU-8CA6B6-001,INSTRUMENTATION | SS 316 | 5000 PSI | API 6A,INSTRUMENTATION,,SS 316,5000 PSI,,API 6A,NOS,"{""connection_type"": """", ""construction"": """", ""end_type"": """", ""material"": ""STAINLESS STEEL"", ""material_family"": ""INSTRUMENTATION"", ""material_grade"": ""SS 316"", ""material_subtype"": """", ""material_type"": """", ""nominal_size"": """", ""orientation"": """", ""pressure_class"": """", ""rating"": """", ""size"": ""5000 PSI"", ""specification"": ""API 6A"", ""standard"": ""API 6A"", ""unit"": ""NOS""}",ONGC,1,STANDALONE_CANDIDATE,1.0,8ca6b6c0fcb377d5f6e785537e6771bb1ede64b1f72fba4c97eb8f67e82d2fb6,,,
CMM-INSTRU-8F40E1-001,CMM-INSTRU-8F40E1-001,INSTRUMENTATION | SS 316 | 0-15 M | IEC 60529,INSTRUMENTATION,,SS 316,0-15 M,,IEC 60529,NOS,"{""connection_type"": """", ""construction"": """", ""end_type"": """", ""material"": ""STAINLESS STEEL"", ""material_family"": ""INSTRUMENTATION"", ""material_grade"": ""SS 316"", ""material_subtype"": """", ""material_type"": """", ""nominal_size"": """", ""orientation"": """", ""pressure_class"": """", ""rating"": """", ""size"": ""0-15 M"", ""specification"": ""IEC 60529"", ""standard"": ""IEC 60529"", ""unit"": ""NOS""}",NTPC,1,STANDALONE_CANDIDATE,1.0,8f40e1e4a7237c9d1df703a052930aaf829a149ddecfdb011d69ddceae1b2ff5,,,
CMM-INSTRU-9139D9-001,CMM-INSTRU-9139D9-001,INSTRUMENTATION | SS 316 | 1/2 IN NPT | API 537,INSTRUMENTATION,,SS 316,1/2 IN NPT,,API 537,NOS,"{""connection_type"": """", ""construction"": """", ""end_type"": """", ""material"": ""STAINLESS STEEL"", ""material_family"": ""INSTRUMENTATION"", ""material_grade"": ""SS 316"", ""material_subtype"": """", ""material_type"": """", ""nominal_size"": """", ""orientation"": """", ""pressure_class"": """", ""rating"": """", ""size"": ""1/2 IN NPT"", ""specification"": ""API 537"", ""standard"": ""API 537"", ""unit"": ""NOS""}",IOCL,1,STANDALONE_CANDIDATE,1.0,9139d9b99d0ce338c446ec41f8334474c1eb46aafc0cdb4deb4933f236f8b128,,,
CMM-INSTRU-91D2D9-001,CMM-INSTRU-91D2D9-001,INSTRUMENTATION | SS 316 | 1/2 IN NPT | API 537,INSTRUMENTATION,,SS 316,1/2 IN NPT,,API 537,NOS,"{""connection_type"": """", ""construction"": """", ""end_type"": """", ""material"": ""STAINLESS STEEL"", ""material_family"": ""INSTRUMENTATION"", ""material_grade"": ""SS 316"", ""material_subtype"": """", ""material_type"": """", ""nominal_size"": """", ""orientation"": """", ""pressure_class"": """", ""rating"": """", ""size"": ""1/2 IN NPT"", ""specification"": ""API 537"", ""standard"": ""API 537"", ""unit"": ""NOS""}",IOCL,1,STANDALONE_CANDIDATE,1.0,91d2d9ecff159f63bb346a73b792e6b1af14e2af9838f70b9a39cf5b0241febb,,,
CMM-INSTRU-921D2D-001,CMM-INSTRU-921D2D-001,INSTRUMENTATION | SS 304 | 0-20 M | API 2350,INSTRUMENTATION,,SS 304,0-20 M,,API 2350,NOS,"{""connection_type"": """", ""construction"": """", ""end_type"": """", ""material"": ""STAINLESS STEEL"", ""material_family"": ""INSTRUMENTATION"", ""material_grade"": ""SS 304"", ""material_subtype"": """", ""material_type"": """", ""nominal_size"": """", ""orientation"": """", ""pressure_class"": """", ""rating"": """", ""size"": ""0-20 M"", ""specification"": ""API 2350"", ""standard"": ""API 2350"", ""unit"": ""NOS""}",HPCL,1,STANDALONE_CANDIDATE,1.0,921d2d31daf9b75e29306b8712b0c932ee482a17ae093b562d642cf7c1608d79,,,
CMM-INSTRU-9440ED-001,CMM-INSTRU-9440ED-001,INSTRUMENTATION | SS 316 | 0-15 M | IEC 60529,INSTRUMENTATION,,SS 316,0-15 M,,IEC 60529,NOS,"{""connection_type"": """", ""construction"": """", ""end_type"": """", ""material"": ""STAINLESS STEEL"", ""material_family"": ""INSTRUMENTATION"", ""material_grade"": ""SS 316"", ""material_subtype"": """", ""material_type"": """", ""nominal_size"": """", ""orientation"": """", ""pressure_class"": """", ""rating"": """", ""size"": ""0-15 M"", ""specification"": ""IEC 60529"", ""standard"": ""IEC 60529"", ""unit"": ""NOS""}",NTPC,1,STANDALONE_CANDIDATE,1.0,9440edf775afce0ed194aa87442e1dc0e5456eaeb4c5465370d6d3d2b84a057a,,,
CMM-INSTRU-98114D-001,CMM-INSTRU-98114D-001,INSTRUMENTATION | SS 316 | 0-15 M | IEC 60529,INSTRUMENTATION,,SS 316,0-15 M,,IEC 60529,NOS,"{""connection_type"": """", ""construction"": """", ""end_type"": """", ""material"": ""STAINLESS STEEL"", ""material_family"": ""INSTRUMENTATION"", ""material_grade"": ""SS 316"", ""material_subtype"": """", ""material_type"": """", ""nominal_size"": """", ""orientation"": """", ""pressure_class"": """", ""rating"": """", ""size"": ""0-15 M"", ""specification"": ""IEC 60529"", ""standard"": ""IEC 60529"", ""unit"": ""NOS""}",NTPC,1,STANDALONE_CANDIDATE,1.0,98114dc195428d1d378c27dd493571d4cbf499409ff9c264cfb38aa0c9cbe9e7,,,
CMM-INSTRU-984885-001,CMM-INSTRU-984885-001,INSTRUMENTATION | SS 316 | 0-15 M | IEC 60529,INSTRUMENTATION,,SS 316,0-15 M,,IEC 60529,NOS,"{""connection_type"": """", ""construction"": """", ""end_type"": """", ""material"": ""STAINLESS STEEL"", ""material_family"": ""INSTRUMENTATION"", ""material_grade"": ""SS 316"", ""material_subtype"": """", ""material_type"": """", ""nominal_size"": """", ""orientation"": """", ""pressure_class"": """", ""rating"": """", ""size"": ""0-15 M"", ""specification"": ""IEC 60529"", ""standard"": ""IEC 60529"", ""unit"": ""NOS""}",NTPC,1,STANDALONE_CANDIDATE,1.0,984885af3c75d18cb0c89e6d50608581d8c5fe0580e84918676f569fc4776a5a,,,
CMM-INSTRU-9A8BBD-001,CMM-INSTRU-9A8BBD-001,INSTRUMENTATION | SS 304 | 0-20 M | API 2350,INSTRUMENTATION,,SS 304,0-20 M,,API 2350,NOS,"{""connection_type"": """", ""construction"": """", ""end_type"": """", ""material"": ""STAINLESS STEEL"", ""material_family"": ""INSTRUMENTATION"", ""material_grade"": ""SS 304"", ""material_subtype"": """", ""material_type"": """", ""nominal_size"": """", ""orientation"": """", ""pressure_class"": """", ""rating"": """", ""size"": ""0-20 M"", ""specification"": ""API 2350"", ""standard"": ""API 2350"", ""unit"": ""NOS""}",HPCL,1,STANDALONE_CANDIDATE,1.0,9a8bbdd10d9639e036229448fda434fccaaf31124df4dc9b7fb44dc1c0839659,,,
CMM-INSTRU-A1E54E-001,CMM-INSTRU-A1E54E-001,INSTRUMENTATION | SS 316 | 0-15 M | IEC 60529,INSTRUMENTATION,,SS 316,0-15 M,,IEC 60529,NOS,"{""connection_type"": """", ""construction"": """", ""end_type"": """", ""material"": ""STAINLESS STEEL"", ""material_family"": ""INSTRUMENTATION"", ""material_grade"": ""SS 316"", ""material_subtype"": """", ""material_type"": """", ""nominal_size"": """", ""orientation"": """", ""pressure_class"": """", ""rating"": """", ""size"": ""0-15 M"", ""specification"": ""IEC 60529"", ""standard"": ""IEC 60529"", ""unit"": ""NOS""}",NTPC,1,STANDALONE_CANDIDATE,1.0,a1e54e26a20f589687bd7909284d3b287def2529259d1157b7fd97f950ce40bd,,,
CMM-INSTRU-A280D1-001,CMM-INSTRU-A280D1-001,INSTRUMENTATION | SS 316 | 0-15 M | IEC 60529,INSTRUMENTATION,,SS 316,0-15 M,,IEC 60529,NOS,"{""connection_type"": """", ""construction"": """", ""end_type"": """", ""material"": ""STAINLESS STEEL"", ""material_family"": ""INSTRUMENTATION"", ""material_grade"": ""SS 316"", ""material_subtype"": """", ""material_type"": """", ""nominal_size"": """", ""orientation"": """", ""pressure_class"": """", ""rating"": """", ""size"": ""0-15 M"", ""specification"": ""IEC 60529"", ""standard"": ""IEC 60529"", ""unit"": ""NOS""}",NTPC,1,STANDALONE_CANDIDATE,1.0,a280d18fb2eebab1b21bd6a48c1216731eef9391c78151eefdaf32623846ed0d,,,
CMM-INSTRU-A525E5-001,CMM-INSTRU-A525E5-001,INSTRUMENTATION | SS 304 | 0-20 M | API 2350,INSTRUMENTATION,,SS 304,0-20 M,,API 2350,NOS,"{""connection_type"": """", ""construction"": """", ""end_type"": """", ""material"": ""STAINLESS STEEL"", ""material_family"": ""INSTRUMENTATION"", ""material_grade"": ""SS 304"", ""material_subtype"": """", ""material_type"": """", ""nominal_size"": """", ""orientation"": """", ""pressure_class"": """", ""rating"": """", ""size"": ""0-20 M"", ""specification"": ""API 2350"", ""standard"": ""API 2350"", ""unit"": ""NOS""}",HPCL,1,STANDALONE_CANDIDATE,1.0,a525e51f210aaadde2d91095a4915fd8658d9d1de7e50fdda297439eb3228cc6,,,
CMM-INSTRU-A59364-001,CMM-INSTRU-A59364-001,INSTRUMENTATION | SS 316 | 1/2 IN NPT | API 537,INSTRUMENTATION,,SS 316,1/2 IN NPT,,API 537,NOS,"{""connection_type"": """", ""construction"": """", ""end_type"": """", ""material"": ""STAINLESS STEEL"", ""material_family"": ""INSTRUMENTATION"", ""material_grade"": ""SS 316"", ""material_subtype"": """", ""material_type"": """", ""nominal_size"": """", ""orientation"": """", ""pressure_class"": """", ""rating"": """", ""size"": ""1/2 IN NPT"", ""specification"": ""API 537"", ""standard"": ""API 537"", ""unit"": ""NOS""}",IOCL,1,STANDALONE_CANDIDATE,1.0,a59364a9275a223a3636e7ef4c40d3460878161e3e36ec0e7b392f998aa5b80e,,,
CMM-INSTRU-A60B7A-001,CMM-INSTRU-A60B7A-001,INSTRUMENTATION | SS 304 | 0-20 M | API 2350,INSTRUMENTATION,,SS 304,0-20 M,,API 2350,NOS,"{""connection_type"": """", ""construction"": """", ""end_type"": """", ""material"": ""STAINLESS STEEL"", ""material_family"": ""INSTRUMENTATION"", ""material_grade"": ""SS 304"", ""material_subtype"": """", ""material_type"": """", ""nominal_size"": """", ""orientation"": """", ""pressure_class"": """", ""rating"": """", ""size"": ""0-20 M"", ""specification"": ""API 2350"", ""standard"": ""API 2350"", ""unit"": ""NOS""}",HPCL,1,STANDALONE_CANDIDATE,1.0,a60b7a327b3e98e92bb29597bb638cb686dc419539601bcbe6daa322fcd9d27f,,,
CMM-INSTRU-A66AB3-001,CMM-INSTRU-A66AB3-001,INSTRUMENTATION | SS 316 | 0-15 M | IEC 60529,INSTRUMENTATION,,SS 316,0-15 M,,IEC 60529,NOS,"{""connection_type"": """", ""construction"": """", ""end_type"": """", ""material"": ""STAINLESS STEEL"", ""material_family"": ""INSTRUMENTATION"", ""material_grade"": ""SS 316"", ""material_subtype"": """", ""material_type"": """", ""nominal_size"": """", ""orientation"": """", ""pressure_class"": """", ""rating"": """", ""size"": ""0-15 M"", ""specification"": ""IEC 60529"", ""standard"": ""IEC 60529"", ""unit"": ""NOS""}",NTPC,1,STANDALONE_CANDIDATE,1.0,a66ab3a16e45ebb5db88c3a6118c38136c7d8b107c736fb1f17600e1127b6098,,,
CMM-INSTRU-A68FF3-001,CMM-INSTRU-A68FF3-001,INSTRUMENTATION | SS 316 | 5000 PSI | API 6A,INSTRUMENTATION,,SS 316,5000 PSI,,API 6A,NOS,"{""connection_type"": """", ""construction"": """", ""end_type"": """", ""material"": ""STAINLESS STEEL"", ""material_family"": ""INSTRUMENTATION"", ""material_grade"": ""SS 316"", ""material_subtype"": """", ""material_type"": """", ""nominal_size"": """", ""orientation"": """", ""pressure_class"": """", ""rating"": """", ""size"": ""5000 PSI"", ""specification"": ""API 6A"", ""standard"": ""API 6A"", ""unit"": ""NOS""}",ONGC,1,STANDALONE_CANDIDATE,1.0,a68ff3a84f8e8b622069e940bc6422346f20ddaca460c682242cfea5caf0e85a,,,
CMM-INSTRU-A6D775-001,CMM-INSTRU-A6D775-001,INSTRUMENTATION | SS 316 | 0-15 M | IEC 60529,INSTRUMENTATION,,SS 316,0-15 M,,IEC 60529,NOS,"{""connection_type"": """", ""construction"": """", ""end_type"": """", ""material"": ""STAINLESS STEEL"", ""material_family"": ""INSTRUMENTATION"", ""material_grade"": ""SS 316"", ""material_subtype"": """", ""material_type"": """", ""nominal_size"": """", ""orientation"": """", ""pressure_class"": """", ""rating"": """", ""size"": ""0-15 M"", ""specification"": ""IEC 60529"", ""standard"": ""IEC 60529"", ""unit"": ""NOS""}",NTPC,1,STANDALONE_CANDIDATE,1.0,a6d775ff65daa074411803bd18067ea9e3014451d3538df099d227ef3680ee37,,,
CMM-INSTRU-A7D80C-001,CMM-INSTRU-A7D80C-001,INSTRUMENTATION | SS 304 | 0-20 M | API 2350,INSTRUMENTATION,,SS 304,0-20 M,,API 2350,NOS,"{""connection_type"": """", ""construction"": """", ""end_type"": """", ""material"": ""STAINLESS STEEL"", ""material_family"": ""INSTRUMENTATION"", ""material_grade"": ""SS 304"", ""material_subtype"": """", ""material_type"": """", ""nominal_size"": """", ""orientation"": """", ""pressure_class"": """", ""rating"": """", ""size"": ""0-20 M"", ""specification"": ""API 2350"", ""standard"": ""API 2350"", ""unit"": ""NOS""}",HPCL,1,STANDALONE_CANDIDATE,1.0,a7d80cb78f49cd442b95f681ecc016cbbca6db7fdb30f76563974f822af094b1,,,
CMM-INSTRU-A874B5-001,CMM-INSTRU-A874B5-001,INSTRUMENTATION | SS 316 | 1/2 IN NPT | API 537,INSTRUMENTATION,,SS 316,1/2 IN NPT,,API 537,NOS,"{""connection_type"": """", ""construction"": """", ""end_type"": """", ""material"": ""STAINLESS STEEL"", ""material_family"": ""INSTRUMENTATION"", ""material_grade"": ""SS 316"", ""material_subtype"": """", ""material_type"": """", ""nominal_size"": """", ""orientation"": """", ""pressure_class"": """", ""rating"": """", ""size"": ""1/2 IN NPT"", ""specification"": ""API 537"", ""standard"": ""API 537"", ""unit"": ""NOS""}",IOCL,1,STANDALONE_CANDIDATE,1.0,a874b5c2d044a1d9bb8df902f16268a9fd9bcad62835d08813d8f2736857b75f,,,
CMM-INSTRU-A88132-001,CMM-INSTRU-A88132-001,INSTRUMENTATION | SS 316 | 5000 PSI | API 6A,INSTRUMENTATION,,SS 316,5000 PSI,,API 6A,NOS,"{""connection_type"": """", ""construction"": """", ""end_type"": """", ""material"": ""STAINLESS STEEL"", ""material_family"": ""INSTRUMENTATION"", ""material_grade"": ""SS 316"", ""material_subtype"": """", ""material_type"": """", ""nominal_size"": """", ""orientation"": """", ""pressure_class"": """", ""rating"": """", ""size"": ""5000 PSI"", ""specification"": ""API 6A"", ""standard"": ""API 6A"", ""unit"": ""NOS""}",ONGC,1,STANDALONE_CANDIDATE,1.0,a88132a439227312d8a743f4b3ca3303c457e0cc2ce1240a8c1bf691c3ffd30a,,,
CMM-INSTRU-AA1EFB-001,CMM-INSTRU-AA1EFB-001,INSTRUMENTATION | PRESSURE GAUGE | POLYCARBONATE | 4-20 MA | ASME B40.100,INSTRUMENTATION,PRESSURE GAUGE,POLYCARBONATE,4-20 MA,,ASME B40.100,NOS,"{""connection_type"": """", ""construction"": """", ""end_type"": """", ""material"": """", ""material_family"": ""INSTRUMENTATION"", ""material_grade"": ""POLYCARBONATE"", ""material_subtype"": """", ""material_type"": ""PRESSURE GAUGE"", ""nominal_size"": """", ""orientation"": """", ""pressure_class"": """", ""rating"": """", ""size"": ""4-20 MA"", ""specification"": ""ASME B40.100"", ""standard"": ""ASME B40.100"", ""unit"": ""NOS""}",NTPC;ONGC,2,VERIFIED_HARMONIZED,1.0,aa1efb1ab350e4bdc04a285109a15d0fc85bb6608ee41de04c8a71de7bd800e9,,,
CMM-INSTRU-AAA211-001,CMM-INSTRU-AAA211-001,INSTRUMENTATION | SS 304 | 0-20 M | API 2350,INSTRUMENTATION,,SS 304,0-20 M,,API 2350,NOS,"{""connection_type"": """", ""construction"": """", ""end_type"": """", ""material"": ""STAINLESS STEEL"", ""material_family"": ""INSTRUMENTATION"", ""material_grade"": ""SS 304"", ""material_subtype"": """", ""material_type"": """", ""nominal_size"": """", ""orientation"": """", ""pressure_class"": """", ""rating"": """", ""size"": ""0-20 M"", ""specification"": ""API 2350"", ""standard"": ""API 2350"", ""unit"": ""NOS""}",HPCL,1,STANDALONE_CANDIDATE,1.0,aaa21109019bde28ed7cf1d94ce017f0e7c71058ea00d3215cfbb86ed5e9be6e,,,
CMM-INSTRU-ABABE6-001,CMM-INSTRU-ABABE6-001,INSTRUMENTATION | SS 316 | 1/2 IN NPT | API 537,INSTRUMENTATION,,SS 316,1/2 IN NPT,,API 537,NOS,"{""connection_type"": """", ""construction"": """", ""end_type"": """", ""material"": ""STAINLESS STEEL"", ""material_family"": ""INSTRUMENTATION"", ""material_grade"": ""SS 316"", ""material_subtype"": """", ""material_type"": """", ""nominal_size"": """", ""orientation"": """", ""pressure_class"": """", ""rating"": """", ""size"": ""1/2 IN NPT"", ""specification"": ""API 537"", ""standard"": ""API 537"", ""unit"": ""NOS""}",IOCL,1,STANDALONE_CANDIDATE,1.0,ababe6da21c0bbb8e3e651182fcfb3230dc92bf1ca4f48e40d679894db115b1a,,,
CMM-INSTRU-AC7EC7-001,CMM-INSTRU-AC7EC7-001,INSTRUMENTATION | SS 304 | 0-20 M | API 2350,INSTRUMENTATION,,SS 304,0-20 M,,API 2350,NOS,"{""connection_type"": """", ""construction"": """", ""end_type"": """", ""material"": ""STAINLESS STEEL"", ""material_family"": ""INSTRUMENTATION"", ""material_grade"": ""SS 304"", ""material_subtype"": """", ""material_type"": """", ""nominal_size"": """", ""orientation"": """", ""pressure_class"": """", ""rating"": """", ""size"": ""0-20 M"", ""specification"": ""API 2350"", ""standard"": ""API 2350"", ""unit"": ""NOS""}",HPCL,1,STANDALONE_CANDIDATE,1.0,ac7ec7c690e4717b12235f5fa43e13b7e7a2c9d25aa84d601426c527d9ecb2ad,,,
CMM-INSTRU-AE7E4B-001,CMM-INSTRU-AE7E4B-001,INSTRUMENTATION | SS 316 | 5000 PSI | API 6A,INSTRUMENTATION,,SS 316,5000 PSI,,API 6A,NOS,"{""connection_type"": """", ""construction"": """", ""end_type"": """", ""material"": ""STAINLESS STEEL"", ""material_family"": ""INSTRUMENTATION"", ""material_grade"": ""SS 316"", ""material_subtype"": """", ""material_type"": """", ""nominal_size"": """", ""orientation"": """", ""pressure_class"": """", ""rating"": """", ""size"": ""5000 PSI"", ""specification"": ""API 6A"", ""standard"": ""API 6A"", ""unit"": ""NOS""}",ONGC,1,STANDALONE_CANDIDATE,1.0,ae7e4bf90b601d443b1dea542c078c60cb0038dd81c9c48f2e0bec7943c01f73,,,
CMM-INSTRU-AECA78-001,CMM-INSTRU-AECA78-001,INSTRUMENTATION | SS 316 | 0-15 M | IEC 60529,INSTRUMENTATION,,SS 316,0-15 M,,IEC 60529,NOS,"{""connection_type"": """", ""construction"": """", ""end_type"": """", ""material"": ""STAINLESS STEEL"", ""material_family"": ""INSTRUMENTATION"", ""material_grade"": ""SS 316"", ""material_subtype"": """", ""material_type"": """", ""nominal_size"": """", ""orientation"": """", ""pressure_class"": """", ""rating"": """", ""size"": ""0-15 M"", ""specification"": ""IEC 60529"", ""standard"": ""IEC 60529"", ""unit"": ""NOS""}",NTPC,1,STANDALONE_CANDIDATE,1.0,aeca7848662ea36d44ea344e7fbc09c509d04286f837c9e34fb656e5fe5054e4,,,
CMM-INSTRU-B12635-001,CMM-INSTRU-B12635-001,INSTRUMENTATION | SS 304 | 4-20 MA | ASME B40.100,INSTRUMENTATION,,SS 304,4-20 MA,,ASME B40.100,NOS,"{""connection_type"": """", ""construction"": """", ""end_type"": """", ""material"": ""STAINLESS STEEL"", ""material_family"": ""INSTRUMENTATION"", ""material_grade"": ""SS 304"", ""material_subtype"": """", ""material_type"": """", ""nominal_size"": """", ""orientation"": """", ""pressure_class"": """", ""rating"": """", ""size"": ""4-20 MA"", ""specification"": ""ASME B40.100"", ""standard"": ""ASME B40.100"", ""unit"": ""NOS""}",BHEL;NMDC,2,VERIFIED_HARMONIZED,1.0,b1263510738317b55be2e6483e3fa120c81582fb581a43aed29489a3184eacb2,,,
CMM-INSTRU-B2DA61-001,CMM-INSTRU-B2DA61-001,INSTRUMENTATION | SS 316 | 0-15 M | IEC 60529,INSTRUMENTATION,,SS 316,0-15 M,,IEC 60529,NOS,"{""connection_type"": """", ""construction"": """", ""end_type"": """", ""material"": ""STAINLESS STEEL"", ""material_family"": ""INSTRUMENTATION"", ""material_grade"": ""SS 316"", ""material_subtype"": """", ""material_type"": """", ""nominal_size"": """", ""orientation"": """", ""pressure_class"": """", ""rating"": """", ""size"": ""0-15 M"", ""specification"": ""IEC 60529"", ""standard"": ""IEC 60529"", ""unit"": ""NOS""}",NTPC,1,STANDALONE_CANDIDATE,1.0,b2da6122b034c6b1cc2fbc872815de9f87bf07cb90fff61db0876b9e43156ede,,,
CMM-INSTRU-B41971-001,CMM-INSTRU-B41971-001,INSTRUMENTATION | SS 316 | 0-15 M | IEC 60529,INSTRUMENTATION,,SS 316,0-15 M,,IEC 60529,NOS,"{""connection_type"": """", ""construction"": """", ""end_type"": """", ""material"": ""STAINLESS STEEL"", ""material_family"": ""INSTRUMENTATION"", ""material_grade"": ""SS 316"", ""material_subtype"": """", ""material_type"": """", ""nominal_size"": """", ""orientation"": """", ""pressure_class"": """", ""rating"": """", ""size"": ""0-15 M"", ""specification"": ""IEC 60529"", ""standard"": ""IEC 60529"", ""unit"": ""NOS""}",NTPC,1,STANDALONE_CANDIDATE,1.0,b419718690fdfc52d7e83f233c8a995975be9027085e43d68e4aab2abe2c4c2d,,,
CMM-INSTRU-B6F610-001,CMM-INSTRU-B6F610-001,INSTRUMENTATION | SS 316 | 0-500 DEG C | ISA 75.01,INSTRUMENTATION,,SS 316,0-500 DEG C,,ISA 75.01,NOS,"{""connection_type"": """", ""construction"": """", ""end_type"": """", ""material"": ""STAINLESS STEEL"", ""material_family"": ""INSTRUMENTATION"", ""material_grade"": ""SS 316"", ""material_subtype"": """", ""material_type"": """", ""nominal_size"": """", ""orientation"": """", ""pressure_class"": """", ""rating"": """", ""size"": ""0-500 DEG C"", ""specification"": ""ISA 75.01"", ""standard"": """", ""unit"": ""NOS""}",Coal India,1,STANDALONE_CANDIDATE,1.0,b6f61067ac509c8c797bddc6ea81758d02100561024fe0635f6d4a996e17bf21,,,
CMM-INSTRU-B87CE6-001,CMM-INSTRU-B87CE6-001,INSTRUMENTATION | SS 316 | 0-15 M | IEC 60529,INSTRUMENTATION,,SS 316,0-15 M,,IEC 60529,NOS,"{""connection_type"": """", ""construction"": """", ""end_type"": """", ""material"": ""STAINLESS STEEL"", ""material_family"": ""INSTRUMENTATION"", ""material_grade"": ""SS 316"", ""material_subtype"": """", ""material_type"": """", ""nominal_size"": """", ""orientation"": """", ""pressure_class"": """", ""rating"": """", ""size"": ""0-15 M"", ""specification"": ""IEC 60529"", ""standard"": ""IEC 60529"", ""unit"": ""NOS""}",NTPC,1,STANDALONE_CANDIDATE,1.0,b87ce6f86035e6d006a9a82f78ad508ed5dd262da0329dad11bbc4ab9cbcd8d5,,,
CMM-INSTRU-B9CBD1-001,CMM-INSTRU-B9CBD1-001,INSTRUMENTATION | SS 316 | 0-15 M | IEC 60529,INSTRUMENTATION,,SS 316,0-15 M,,IEC 60529,NOS,"{""connection_type"": """", ""construction"": """", ""end_type"": """", ""material"": ""STAINLESS STEEL"", ""material_family"": ""INSTRUMENTATION"", ""material_grade"": ""SS 316"", ""material_subtype"": """", ""material_type"": """", ""nominal_size"": """", ""orientation"": """", ""pressure_class"": """", ""rating"": """", ""size"": ""0-15 M"", ""specification"": ""IEC 60529"", ""standard"": ""IEC 60529"", ""unit"": ""NOS""}",NTPC,1,STANDALONE_CANDIDATE,1.0,b9cbd12106b7a5e079bf9f7fc1c34647e2c738dbdd5ea5b015a9f0f3c973d739,,,
CMM-INSTRU-BB5756-001,CMM-INSTRU-BB5756-001,INSTRUMENTATION | SS 304 | 0-20 M | API 2350,INSTRUMENTATION,,SS 304,0-20 M,,API 2350,NOS,"{""connection_type"": """", ""construction"": """", ""end_type"": """", ""material"": ""STAINLESS STEEL"", ""material_family"": ""INSTRUMENTATION"", ""material_grade"": ""SS 304"", ""material_subtype"": """", ""material_type"": """", ""nominal_size"": """", ""orientation"": """", ""pressure_class"": """", ""rating"": """", ""size"": ""0-20 M"", ""specification"": ""API 2350"", ""standard"": ""API 2350"", ""unit"": ""NOS""}",HPCL,1,STANDALONE_CANDIDATE,1.0,bb5756899c60734e032066b0ab8e0b1e6fded9e61c084ef4aea3db050dfcfcd7,,,
CMM-INSTRU-BC26EA-001,CMM-INSTRU-BC26EA-001,INSTRUMENTATION | SS 316 | 0-15 M | IEC 60529,INSTRUMENTATION,,SS 316,0-15 M,,IEC 60529,NOS,"{""connection_type"": """", ""construction"": """", ""end_type"": """", ""material"": ""STAINLESS STEEL"", ""material_family"": ""INSTRUMENTATION"", ""material_grade"": ""SS 316"", ""material_subtype"": """", ""material_type"": """", ""nominal_size"": """", ""orientation"": """", ""pressure_class"": """", ""rating"": """", ""size"": ""0-15 M"", ""specification"": ""IEC 60529"", ""standard"": ""IEC 60529"", ""unit"": ""NOS""}",NTPC,1,STANDALONE_CANDIDATE,1.0,bc26ea94f20de69f2dd06a581be4a9766c507bc8c1e276a9b9a800557fd0ae05,,,
CMM-INSTRU-BD17DE-001,CMM-INSTRU-BD17DE-001,INSTRUMENTATION | SS 304 | 0-20 M | API 2350,INSTRUMENTATION,,SS 304,0-20 M,,API 2350,NOS,"{""connection_type"": """", ""construction"": """", ""end_type"": """", ""material"": ""STAINLESS STEEL"", ""material_family"": ""INSTRUMENTATION"", ""material_grade"": ""SS 304"", ""material_subtype"": """", ""material_type"": """", ""nominal_size"": """", ""orientation"": """", ""pressure_class"": """", ""rating"": """", ""size"": ""0-20 M"", ""specification"": ""API 2350"", ""standard"": ""API 2350"", ""unit"": ""NOS""}",HPCL,1,STANDALONE_CANDIDATE,1.0,bd17deeeb8dede7c57af527c59fcb1a751d41a968ea92892fb42e164168014ae,,,
CMM-INSTRU-C00875-001,CMM-INSTRU-C00875-001,INSTRUMENTATION | SS 316 | 1/2 IN NPT | API 537,INSTRUMENTATION,,SS 316,1/2 IN NPT,,API 537,NOS,"{""connection_type"": """", ""construction"": """", ""end_type"": """", ""material"": ""STAINLESS STEEL"", ""material_family"": ""INSTRUMENTATION"", ""material_grade"": ""SS 316"", ""material_subtype"": """", ""material_type"": """", ""nominal_size"": """", ""orientation"": """", ""pressure_class"": """", ""rating"": """", ""size"": ""1/2 IN NPT"", ""specification"": ""API 537"", ""standard"": ""API 537"", ""unit"": ""NOS""}",IOCL,1,STANDALONE_CANDIDATE,1.0,c0087584a111dcf0a19e0046a78f999972ee5f2381fcae00a71b49f323d45026,,,
CMM-INSTRU-C19E45-001,CMM-INSTRU-C19E45-001,INSTRUMENTATION | SS 304 | 0-20 M | API 2350,INSTRUMENTATION,,SS 304,0-20 M,,API 2350,NOS,"{""connection_type"": """", ""construction"": """", ""end_type"": """", ""material"": ""STAINLESS STEEL"", ""material_family"": ""INSTRUMENTATION"", ""material_grade"": ""SS 304"", ""material_subtype"": """", ""material_type"": """", ""nominal_size"": """", ""orientation"": """", ""pressure_class"": """", ""rating"": """", ""size"": ""0-20 M"", ""specification"": ""API 2350"", ""standard"": ""API 2350"", ""unit"": ""NOS""}",HPCL,1,STANDALONE_CANDIDATE,1.0,c19e457fe61a3590bd8fbd85dc8a9543893c7e95c644089896c01960c1fab821,,,
CMM-INSTRU-C25520-001,CMM-INSTRU-C25520-001,INSTRUMENTATION | SS 316 | 0-15 M | IEC 60529,INSTRUMENTATION,,SS 316,0-15 M,,IEC 60529,NOS,"{""connection_type"": """", ""construction"": """", ""end_type"": """", ""material"": ""STAINLESS STEEL"", ""material_family"": ""INSTRUMENTATION"", ""material_grade"": ""SS 316"", ""material_subtype"": """", ""material_type"": """", ""nominal_size"": """", ""orientation"": """", ""pressure_class"": """", ""rating"": """", ""size"": ""0-15 M"", ""specification"": ""IEC 60529"", ""standard"": ""IEC 60529"", ""unit"": ""NOS""}",NTPC,1,STANDALONE_CANDIDATE,1.0,c255200a4c225ca706222abc63f45ff0ba04ac6074b1a9050eaeb4126d517b69,,,
CMM-INSTRU-C368B5-001,CMM-INSTRU-C368B5-001,INSTRUMENTATION | POLYCARBONATE | 0-500 DEG C | ISA 75.01,INSTRUMENTATION,,POLYCARBONATE,0-500 DEG C,,ISA 75.01,NOS,"{""connection_type"": """", ""construction"": """", ""end_type"": """", ""material"": """", ""material_family"": ""INSTRUMENTATION"", ""material_grade"": ""POLYCARBONATE"", ""material_subtype"": """", ""material_type"": """", ""nominal_size"": """", ""orientation"": """", ""pressure_class"": """", ""rating"": """", ""size"": ""0-500 DEG C"", ""specification"": ""ISA 75.01"", ""standard"": """", ""unit"": ""NOS""}",HPCL;IOCL,2,VERIFIED_HARMONIZED,1.0,c368b5dbb5ba5244e10b85146e19c31449b03cba8df5fb7c5f2a548b083b27cc,,,
CMM-INSTRU-C48687-001,CMM-INSTRU-C48687-001,INSTRUMENTATION | SS 316 | 5000 PSI | API 6A,INSTRUMENTATION,,SS 316,5000 PSI,,API 6A,NOS,"{""connection_type"": """", ""construction"": """", ""end_type"": """", ""material"": ""STAINLESS STEEL"", ""material_family"": ""INSTRUMENTATION"", ""material_grade"": ""SS 316"", ""material_subtype"": """", ""material_type"": """", ""nominal_size"": """", ""orientation"": """", ""pressure_class"": """", ""rating"": """", ""size"": ""5000 PSI"", ""specification"": ""API 6A"", ""standard"": ""API 6A"", ""unit"": ""NOS""}",ONGC,1,STANDALONE_CANDIDATE,1.0,c486870688f37cc9eb4f35eccd21f7009ae787dc3cfa9862c9f5a0e84e10b6cf,,,
CMM-INSTRU-C4873D-001,CMM-INSTRU-C4873D-001,INSTRUMENTATION | BRASS | 1/2 IN NPT | ISA 75.01,INSTRUMENTATION,,BRASS,1/2 IN NPT,,ISA 75.01,NOS,"{""connection_type"": """", ""construction"": """", ""end_type"": """", ""material"": """", ""material_family"": ""INSTRUMENTATION"", ""material_grade"": ""BRASS"", ""material_subtype"": """", ""material_type"": """", ""nominal_size"": """", ""orientation"": """", ""pressure_class"": """", ""rating"": """", ""size"": ""1/2 IN NPT"", ""specification"": ""ISA 75.01"", ""standard"": """", ""unit"": ""NOS""}",Coal India;HPCL;IOCL;ONGC;SAIL,6,AMBIGUOUS_REVIEW_REQUIRED,1.0,c4873d8845a7ab6542c027ccfb39e4721d065c78d5974f9cb5f7dc2e8ce5949d,,,
CMM-INSTRU-C5E6DF-001,CMM-INSTRU-C5E6DF-001,INSTRUMENTATION | SS 316 | 1/2 IN NPT | API 537,INSTRUMENTATION,,SS 316,1/2 IN NPT,,API 537,NOS,"{""connection_type"": """", ""construction"": """", ""end_type"": """", ""material"": ""STAINLESS STEEL"", ""material_family"": ""INSTRUMENTATION"", ""material_grade"": ""SS 316"", ""material_subtype"": """", ""material_type"": """", ""nominal_size"": """", ""orientation"": """", ""pressure_class"": """", ""rating"": """", ""size"": ""1/2 IN NPT"", ""specification"": ""API 537"", ""standard"": ""API 537"", ""unit"": ""NOS""}",IOCL,1,STANDALONE_CANDIDATE,1.0,c5e6df8e873a86f30e1ccdcd600c3a3d0843bc829433e3a66bc87c0523bdfe1c,,,
CMM-INSTRU-C75E96-001,CMM-INSTRU-C75E96-001,INSTRUMENTATION | BRASS | 0-500 DEG C | IEC 60529,INSTRUMENTATION,,BRASS,0-500 DEG C,,IEC 60529,NOS,"{""connection_type"": """", ""construction"": """", ""end_type"": """", ""material"": """", ""material_family"": ""INSTRUMENTATION"", ""material_grade"": ""BRASS"", ""material_subtype"": """", ""material_type"": """", ""nominal_size"": """", ""orientation"": """", ""pressure_class"": """", ""rating"": """", ""size"": ""0-500 DEG C"", ""specification"": ""IEC 60529"", ""standard"": ""IEC 60529"", ""unit"": ""NOS""}",Coal India;ONGC,2,VERIFIED_HARMONIZED,1.0,c75e96c2f7b14333ecf3c4b4ea653ae335d44da46dea7398aa1c495936f1de7c,,,
CMM-INSTRU-C7F4D5-001,CMM-INSTRU-C7F4D5-001,INSTRUMENTATION | BRASS | 0-500 DEG C | ISA 75.01,INSTRUMENTATION,,BRASS,0-500 DEG C,,ISA 75.01,NOS,"{""connection_type"": """", ""construction"": """", ""end_type"": """", ""material"": """", ""material_family"": ""INSTRUMENTATION"", ""material_grade"": ""BRASS"", ""material_subtype"": """", ""material_type"": """", ""nominal_size"": """", ""orientation"": """", ""pressure_class"": """", ""rating"": """", ""size"": ""0-500 DEG C"", ""specification"": ""ISA 75.01"", ""standard"": """", ""unit"": ""NOS""}",BHEL;HPCL;IOCL;NMDC;NTPC,7,AMBIGUOUS_REVIEW_REQUIRED,1.0,c7f4d5979c20d366d6fbeb7fb826955dcd9b4913cf50bb8ef2cb52e38a9e41cf,,,
CMM-INSTRU-C84B51-001,CMM-INSTRU-C84B51-001,INSTRUMENTATION | SS 316 | 1/2 IN NPT | API 537,INSTRUMENTATION,,SS 316,1/2 IN NPT,,API 537,NOS,"{""connection_type"": """", ""construction"": """", ""end_type"": """", ""material"": ""STAINLESS STEEL"", ""material_family"": ""INSTRUMENTATION"", ""material_grade"": ""SS 316"", ""material_subtype"": """", ""material_type"": """", ""nominal_size"": """", ""orientation"": """", ""pressure_class"": """", ""rating"": """", ""size"": ""1/2 IN NPT"", ""specification"": ""API 537"", ""standard"": ""API 537"", ""unit"": ""NOS""}",IOCL,1,STANDALONE_CANDIDATE,1.0,c84b5139ecf81ce01fc0b34ba108ac9a3b9b10f8e3a95082e87b87e3f83375af,,,
CMM-INSTRU-C88038-001,CMM-INSTRU-C88038-001,INSTRUMENTATION | SS 316 | 0-15 M | IEC 60529,INSTRUMENTATION,,SS 316,0-15 M,,IEC 60529,NOS,"{""connection_type"": """", ""construction"": """", ""end_type"": """", ""material"": ""STAINLESS STEEL"", ""material_family"": ""INSTRUMENTATION"", ""material_grade"": ""SS 316"", ""material_subtype"": """", ""material_type"": """", ""nominal_size"": """", ""orientation"": """", ""pressure_class"": """", ""rating"": """", ""size"": ""0-15 M"", ""specification"": ""IEC 60529"", ""standard"": ""IEC 60529"", ""unit"": ""NOS""}",NTPC,1,STANDALONE_CANDIDATE,1.0,c88038a0d672a9f9cd1a89e29e344b8e6e0f13b8e9e535764351f1b8ebb244d0,,,
CMM-INSTRU-CA1232-001,CMM-INSTRU-CA1232-001,INSTRUMENTATION | SS 316 | 1/2 IN NPT | API 537,INSTRUMENTATION,,SS 316,1/2 IN NPT,,API 537,NOS,"{""connection_type"": """", ""construction"": """", ""end_type"": """", ""material"": ""STAINLESS STEEL"", ""material_family"": ""INSTRUMENTATION"", ""material_grade"": ""SS 316"", ""material_subtype"": """", ""material_type"": """", ""nominal_size"": """", ""orientation"": """", ""pressure_class"": """", ""rating"": """", ""size"": ""1/2 IN NPT"", ""specification"": ""API 537"", ""standard"": ""API 537"", ""unit"": ""NOS""}",IOCL,1,STANDALONE_CANDIDATE,1.0,ca1232f3f00550088070d963a50ab7bb038818076408cb798f28fc46f1c5ea68,,,
CMM-INSTRU-CB6E34-001,CMM-INSTRU-CB6E34-001,INSTRUMENTATION | SS 316 | 0-15 M | IEC 60529,INSTRUMENTATION,,SS 316,0-15 M,,IEC 60529,NOS,"{""connection_type"": """", ""construction"": """", ""end_type"": """", ""material"": ""STAINLESS STEEL"", ""material_family"": ""INSTRUMENTATION"", ""material_grade"": ""SS 316"", ""material_subtype"": """", ""material_type"": """", ""nominal_size"": """", ""orientation"": """", ""pressure_class"": """", ""rating"": """", ""size"": ""0-15 M"", ""specification"": ""IEC 60529"", ""standard"": ""IEC 60529"", ""unit"": ""NOS""}",NTPC,1,STANDALONE_CANDIDATE,1.0,cb6e3477139a9f215047c23c798ffb7412e010c001cb03aa52a84d316dbd3a07,,,
CMM-INSTRU-CC23D7-001,CMM-INSTRU-CC23D7-001,INSTRUMENTATION | SS 316 | 5000 PSI | API 6A,INSTRUMENTATION,,SS 316,5000 PSI,,API 6A,NOS,"{""connection_type"": """", ""construction"": """", ""end_type"": """", ""material"": ""STAINLESS STEEL"", ""material_family"": ""INSTRUMENTATION"", ""material_grade"": ""SS 316"", ""material_subtype"": """", ""material_type"": """", ""nominal_size"": """", ""orientation"": """", ""pressure_class"": """", ""rating"": """", ""size"": ""5000 PSI"", ""specification"": ""API 6A"", ""standard"": ""API 6A"", ""unit"": ""NOS""}",ONGC,1,STANDALONE_CANDIDATE,1.0,cc23d7792bfa909c115e55c2dbbe5218860236b09d97a4611645f9b095e496cd,,,
CMM-INSTRU-CC71D0-001,CMM-INSTRU-CC71D0-001,INSTRUMENTATION | SS 316 | 1/2 IN NPT | API 537,INSTRUMENTATION,,SS 316,1/2 IN NPT,,API 537,NOS,"{""connection_type"": """", ""construction"": """", ""end_type"": """", ""material"": ""STAINLESS STEEL"", ""material_family"": ""INSTRUMENTATION"", ""material_grade"": ""SS 316"", ""material_subtype"": """", ""material_type"": """", ""nominal_size"": """", ""orientation"": """", ""pressure_class"": """", ""rating"": """", ""size"": ""1/2 IN NPT"", ""specification"": ""API 537"", ""standard"": ""API 537"", ""unit"": ""NOS""}",IOCL,1,STANDALONE_CANDIDATE,1.0,cc71d034b13b7faff5f974917eef62d940a6db14c4f0805369be5bf9624e2c46,,,
CMM-INSTRU-CFC777-001,CMM-INSTRU-CFC777-001,INSTRUMENTATION | SS 316 | 0-15 M | IEC 60529,INSTRUMENTATION,,SS 316,0-15 M,,IEC 60529,NOS,"{""connection_type"": """", ""construction"": """", ""end_type"": """", ""material"": ""STAINLESS STEEL"", ""material_family"": ""INSTRUMENTATION"", ""material_grade"": ""SS 316"", ""material_subtype"": """", ""material_type"": """", ""nominal_size"": """", ""orientation"": """", ""pressure_class"": """", ""rating"": """", ""size"": ""0-15 M"", ""specification"": ""IEC 60529"", ""standard"": ""IEC 60529"", ""unit"": ""NOS""}",NTPC,1,STANDALONE_CANDIDATE,1.0,cfc777d04e499b7c7ff83d2e8fe6a1f136e59a12f1779beca765b89399ac169a,,,
CMM-INSTRU-D11F50-001,CMM-INSTRU-D11F50-001,INSTRUMENTATION | SS 304 | 0-20 M | API 2350,INSTRUMENTATION,,SS 304,0-20 M,,API 2350,NOS,"{""connection_type"": """", ""construction"": """", ""end_type"": """", ""material"": ""STAINLESS STEEL"", ""material_family"": ""INSTRUMENTATION"", ""material_grade"": ""SS 304"", ""material_subtype"": """", ""material_type"": """", ""nominal_size"": """", ""orientation"": """", ""pressure_class"": """", ""rating"": """", ""size"": ""0-20 M"", ""specification"": ""API 2350"", ""standard"": ""API 2350"", ""unit"": ""NOS""}",HPCL,1,STANDALONE_CANDIDATE,1.0,d11f509b689c629684c094d5dc0e7aaac20eb31782612a5e22d717454fa0bc69,,,
CMM-INSTRU-D1B610-001,CMM-INSTRU-D1B610-001,INSTRUMENTATION | SS 316 | 1/2 IN NPT | API 537,INSTRUMENTATION,,SS 316,1/2 IN NPT,,API 537,NOS,"{""connection_type"": """", ""construction"": """", ""end_type"": """", ""material"": ""STAINLESS STEEL"", ""material_family"": ""INSTRUMENTATION"", ""material_grade"": ""SS 316"", ""material_subtype"": """", ""material_type"": """", ""nominal_size"": """", ""orientation"": """", ""pressure_class"": """", ""rating"": """", ""size"": ""1/2 IN NPT"", ""specification"": ""API 537"", ""standard"": ""API 537"", ""unit"": ""NOS""}",IOCL,1,STANDALONE_CANDIDATE,1.0,d1b610053c1dd87d2695f84782c323ed8bdcb04d26fe4a854e3bda3d6c5b1e04,,,
CMM-INSTRU-D2336D-001,CMM-INSTRU-D2336D-001,INSTRUMENTATION | SS 316 | 1/2 IN NPT | API 537,INSTRUMENTATION,,SS 316,1/2 IN NPT,,API 537,NOS,"{""connection_type"": """", ""construction"": """", ""end_type"": """", ""material"": ""STAINLESS STEEL"", ""material_family"": ""INSTRUMENTATION"", ""material_grade"": ""SS 316"", ""material_subtype"": """", ""material_type"": """", ""nominal_size"": """", ""orientation"": """", ""pressure_class"": """", ""rating"": """", ""size"": ""1/2 IN NPT"", ""specification"": ""API 537"", ""standard"": ""API 537"", ""unit"": ""NOS""}",IOCL,1,STANDALONE_CANDIDATE,1.0,d2336d41a215a2223ef15162d62283b7c35a1073eb9b59f37e1f037fa03dd6b0,,,
CMM-INSTRU-D3E979-001,CMM-INSTRU-D3E979-001,INSTRUMENTATION | SS 316 | 1/2 IN NPT | API 537,INSTRUMENTATION,,SS 316,1/2 IN NPT,,API 537,NOS,"{""connection_type"": """", ""construction"": """", ""end_type"": """", ""material"": ""STAINLESS STEEL"", ""material_family"": ""INSTRUMENTATION"", ""material_grade"": ""SS 316"", ""material_subtype"": """", ""material_type"": """", ""nominal_size"": """", ""orientation"": """", ""pressure_class"": """", ""rating"": """", ""size"": ""1/2 IN NPT"", ""specification"": ""API 537"", ""standard"": ""API 537"", ""unit"": ""NOS""}",IOCL,1,STANDALONE_CANDIDATE,1.0,d3e9793404c4162e2b2a5f9c40f45d81214184b3a26208296e6f2a2ee34d3d6b,,,
CMM-INSTRU-D54418-001,CMM-INSTRU-D54418-001,INSTRUMENTATION | SS 316 | 5000 PSI | API 6A,INSTRUMENTATION,,SS 316,5000 PSI,,API 6A,NOS,"{""connection_type"": """", ""construction"": """", ""end_type"": """", ""material"": ""STAINLESS STEEL"", ""material_family"": ""INSTRUMENTATION"", ""material_grade"": ""SS 316"", ""material_subtype"": """", ""material_type"": """", ""nominal_size"": """", ""orientation"": """", ""pressure_class"": """", ""rating"": """", ""size"": ""5000 PSI"", ""specification"": ""API 6A"", ""standard"": ""API 6A"", ""unit"": ""NOS""}",ONGC,1,STANDALONE_CANDIDATE,1.0,d544186a6e70fe9acbbfb9f3f5924583637b3b5a0830e3dc20fbc33eb6209226,,,
CMM-INSTRU-DA4CFB-001,CMM-INSTRU-DA4CFB-001,INSTRUMENTATION | SS 316 | 1/2 IN NPT | API 537,INSTRUMENTATION,,SS 316,1/2 IN NPT,,API 537,NOS,"{""connection_type"": """", ""construction"": """", ""end_type"": """", ""material"": ""STAINLESS STEEL"", ""material_family"": ""INSTRUMENTATION"", ""material_grade"": ""SS 316"", ""material_subtype"": """", ""material_type"": """", ""nominal_size"": """", ""orientation"": """", ""pressure_class"": """", ""rating"": """", ""size"": ""1/2 IN NPT"", ""specification"": ""API 537"", ""standard"": ""API 537"", ""unit"": ""NOS""}",IOCL,1,STANDALONE_CANDIDATE,1.0,da4cfb1d5e341fd1d23236a9c045b48f39d7340d55c7781ab871dbc2c657f06f,,,
CMM-INSTRU-DD1D73-001,CMM-INSTRU-DD1D73-001,INSTRUMENTATION | SS 304 | 0-500 DEG C | ISA 75.01,INSTRUMENTATION,,SS 304,0-500 DEG C,,ISA 75.01,NOS,"{""connection_type"": """", ""construction"": """", ""end_type"": """", ""material"": ""STAINLESS STEEL"", ""material_family"": ""INSTRUMENTATION"", ""material_grade"": ""SS 304"", ""material_subtype"": """", ""material_type"": """", ""nominal_size"": """", ""orientation"": """", ""pressure_class"": """", ""rating"": """", ""size"": ""0-500 DEG C"", ""specification"": ""ISA 75.01"", ""standard"": """", ""unit"": ""NOS""}",NMDC,1,STANDALONE_CANDIDATE,1.0,dd1d73beebed32c024a09f4f0971dbb5029318f94f71368a8338aed3d80c5795,,,
CMM-INSTRU-DD7A4B-001,CMM-INSTRU-DD7A4B-001,INSTRUMENTATION | SS 316 | 1/2 IN NPT | API 537,INSTRUMENTATION,,SS 316,1/2 IN NPT,,API 537,NOS,"{""connection_type"": """", ""construction"": """", ""end_type"": """", ""material"": ""STAINLESS STEEL"", ""material_family"": ""INSTRUMENTATION"", ""material_grade"": ""SS 316"", ""material_subtype"": """", ""material_type"": """", ""nominal_size"": """", ""orientation"": """", ""pressure_class"": """", ""rating"": """", ""size"": ""1/2 IN NPT"", ""specification"": ""API 537"", ""standard"": ""API 537"", ""unit"": ""NOS""}",IOCL,1,STANDALONE_CANDIDATE,1.0,dd7a4bfde9dd377a5e32d65a8a06049f5cef47ea19151434117f3ee15e9b0f6a,,,
CMM-INSTRU-DE763E-001,CMM-INSTRU-DE763E-001,INSTRUMENTATION | PRESSURE GAUGE | BRASS | 4-20 MA | ISA 75.01,INSTRUMENTATION,PRESSURE GAUGE,BRASS,4-20 MA,,ISA 75.01,NOS,"{""connection_type"": """", ""construction"": """", ""end_type"": """", ""material"": """", ""material_family"": ""INSTRUMENTATION"", ""material_grade"": ""BRASS"", ""material_subtype"": """", ""material_type"": ""PRESSURE GAUGE"", ""nominal_size"": """", ""orientation"": """", ""pressure_class"": """", ""rating"": """", ""size"": ""4-20 MA"", ""specification"": ""ISA 75.01"", ""standard"": """", ""unit"": ""NOS""}",BHEL;Coal India;IOCL;NMDC;NTPC;ONGC,6,VERIFIED_HARMONIZED,1.0,de763e0b0ed4f5ea53bea5c94e789321a0fd1291d513df501bee60d51d138cad,,,
CMM-INSTRU-DF6A79-001,CMM-INSTRU-DF6A79-001,INSTRUMENTATION | SS 304 | 0-20 M | API 2350,INSTRUMENTATION,,SS 304,0-20 M,,API 2350,NOS,"{""connection_type"": """", ""construction"": """", ""end_type"": """", ""material"": ""STAINLESS STEEL"", ""material_family"": ""INSTRUMENTATION"", ""material_grade"": ""SS 304"", ""material_subtype"": """", ""material_type"": """", ""nominal_size"": """", ""orientation"": """", ""pressure_class"": """", ""rating"": """", ""size"": ""0-20 M"", ""specification"": ""API 2350"", ""standard"": ""API 2350"", ""unit"": ""NOS""}",HPCL,1,STANDALONE_CANDIDATE,1.0,df6a795bfad197298b32f0bf2f6e51f8d5f67294549779574feef9ea858ede02,,,
CMM-INSTRU-E031A2-001,CMM-INSTRU-E031A2-001,INSTRUMENTATION | SS 316 | 1/2 IN NPT | API 537,INSTRUMENTATION,,SS 316,1/2 IN NPT,,API 537,NOS,"{""connection_type"": """", ""construction"": """", ""end_type"": """", ""material"": ""STAINLESS STEEL"", ""material_family"": ""INSTRUMENTATION"", ""material_grade"": ""SS 316"", ""material_subtype"": """", ""material_type"": """", ""nominal_size"": """", ""orientation"": """", ""pressure_class"": """", ""rating"": """", ""size"": ""1/2 IN NPT"", ""specification"": ""API 537"", ""standard"": ""API 537"", ""unit"": ""NOS""}",IOCL,1,STANDALONE_CANDIDATE,1.0,e031a2914cef3b9a3c59a07a32406e2f9ce7141a3770c0331963297c26ee2110,,,
CMM-INSTRU-E29AB1-001,CMM-INSTRU-E29AB1-001,INSTRUMENTATION | SS 304 | 0-20 M | API 2350,INSTRUMENTATION,,SS 304,0-20 M,,API 2350,NOS,"{""connection_type"": """", ""construction"": """", ""end_type"": """", ""material"": ""STAINLESS STEEL"", ""material_family"": ""INSTRUMENTATION"", ""material_grade"": ""SS 304"", ""material_subtype"": """", ""material_type"": """", ""nominal_size"": """", ""orientation"": """", ""pressure_class"": """", ""rating"": """", ""size"": ""0-20 M"", ""specification"": ""API 2350"", ""standard"": ""API 2350"", ""unit"": ""NOS""}",HPCL,1,STANDALONE_CANDIDATE,1.0,e29ab1a18b8a1423c323dea3104e669ee51a6bd65201fdd901dc6dfdbdd99dd8,,,
CMM-INSTRU-E2B610-001,CMM-INSTRU-E2B610-001,INSTRUMENTATION | SS 316 | 1/2 IN NPT | API 537,INSTRUMENTATION,,SS 316,1/2 IN NPT,,API 537,NOS,"{""connection_type"": """", ""construction"": """", ""end_type"": """", ""material"": ""STAINLESS STEEL"", ""material_family"": ""INSTRUMENTATION"", ""material_grade"": ""SS 316"", ""material_subtype"": """", ""material_type"": """", ""nominal_size"": """", ""orientation"": """", ""pressure_class"": """", ""rating"": """", ""size"": ""1/2 IN NPT"", ""specification"": ""API 537"", ""standard"": ""API 537"", ""unit"": ""NOS""}",IOCL,1,STANDALONE_CANDIDATE,1.0,e2b610898082f968e24a92ffd29c09acc15febd01ba5c0ad3a0842ea99b22b3f,,,
CMM-INSTRU-E2BD75-001,CMM-INSTRU-E2BD75-001,INSTRUMENTATION | SS 304 | 0-20 M | API 2350,INSTRUMENTATION,,SS 304,0-20 M,,API 2350,NOS,"{""connection_type"": """", ""construction"": """", ""end_type"": """", ""material"": ""STAINLESS STEEL"", ""material_family"": ""INSTRUMENTATION"", ""material_grade"": ""SS 304"", ""material_subtype"": """", ""material_type"": """", ""nominal_size"": """", ""orientation"": """", ""pressure_class"": """", ""rating"": """", ""size"": ""0-20 M"", ""specification"": ""API 2350"", ""standard"": ""API 2350"", ""unit"": ""NOS""}",HPCL,1,STANDALONE_CANDIDATE,1.0,e2bd7502abb41c495ebcccd410ebec147f17f8bdccef40c189df4aecd985c03e,,,
CMM-INSTRU-E32D55-001,CMM-INSTRU-E32D55-001,INSTRUMENTATION | SS 304 | 0-20 M | API 2350,INSTRUMENTATION,,SS 304,0-20 M,,API 2350,NOS,"{""connection_type"": """", ""construction"": """", ""end_type"": """", ""material"": ""STAINLESS STEEL"", ""material_family"": ""INSTRUMENTATION"", ""material_grade"": ""SS 304"", ""material_subtype"": """", ""material_type"": """", ""nominal_size"": """", ""orientation"": """", ""pressure_class"": """", ""rating"": """", ""size"": ""0-20 M"", ""specification"": ""API 2350"", ""standard"": ""API 2350"", ""unit"": ""NOS""}",HPCL,1,STANDALONE_CANDIDATE,1.0,e32d55cf9d6880d89f380b41e61bec1b5546ae04fc80bcb349d954012779fbaa,,,
CMM-INSTRU-E4C7BF-001,CMM-INSTRU-E4C7BF-001,INSTRUMENTATION | SS 316 | 0-15 M | IEC 60529,INSTRUMENTATION,,SS 316,0-15 M,,IEC 60529,NOS,"{""connection_type"": """", ""construction"": """", ""end_type"": """", ""material"": ""STAINLESS STEEL"", ""material_family"": ""INSTRUMENTATION"", ""material_grade"": ""SS 316"", ""material_subtype"": """", ""material_type"": """", ""nominal_size"": """", ""orientation"": """", ""pressure_class"": """", ""rating"": """", ""size"": ""0-15 M"", ""specification"": ""IEC 60529"", ""standard"": ""IEC 60529"", ""unit"": ""NOS""}",NTPC,1,STANDALONE_CANDIDATE,1.0,e4c7bf8997ad4352f80ad5bbefeaf02e126c4da008a95ce4635300a0fbc9115c,,,
CMM-INSTRU-E503C1-001,CMM-INSTRU-E503C1-001,INSTRUMENTATION | SS 304 | 0-20 M | API 2350,INSTRUMENTATION,,SS 304,0-20 M,,API 2350,NOS,"{""connection_type"": """", ""construction"": """", ""end_type"": """", ""material"": ""STAINLESS STEEL"", ""material_family"": ""INSTRUMENTATION"", ""material_grade"": ""SS 304"", ""material_subtype"": """", ""material_type"": """", ""nominal_size"": """", ""orientation"": """", ""pressure_class"": """", ""rating"": """", ""size"": ""0-20 M"", ""specification"": ""API 2350"", ""standard"": ""API 2350"", ""unit"": ""NOS""}",HPCL,1,STANDALONE_CANDIDATE,1.0,e503c182d2e45819608ad122c9149dd7b953900884f3d5a0b52b500811625f79,,,
CMM-INSTRU-E60432-001,CMM-INSTRU-E60432-001,INSTRUMENTATION | SS 316 | 5000 PSI | API 6A,INSTRUMENTATION,,SS 316,5000 PSI,,API 6A,NOS,"{""connection_type"": """", ""construction"": """", ""end_type"": """", ""material"": ""STAINLESS STEEL"", ""material_family"": ""INSTRUMENTATION"", ""material_grade"": ""SS 316"", ""material_subtype"": """", ""material_type"": """", ""nominal_size"": """", ""orientation"": """", ""pressure_class"": """", ""rating"": """", ""size"": ""5000 PSI"", ""specification"": ""API 6A"", ""standard"": ""API 6A"", ""unit"": ""NOS""}",ONGC,1,STANDALONE_CANDIDATE,1.0,e604321b063fa85d7a26819af3bd29d72f670b8814675d401096b7cf6efddb43,,,
CMM-INSTRU-E6A7DD-001,CMM-INSTRU-E6A7DD-001,INSTRUMENTATION | SS 304 | 0-20 M | API 2350,INSTRUMENTATION,,SS 304,0-20 M,,API 2350,NOS,"{""connection_type"": """", ""construction"": """", ""end_type"": """", ""material"": ""STAINLESS STEEL"", ""material_family"": ""INSTRUMENTATION"", ""material_grade"": ""SS 304"", ""material_subtype"": """", ""material_type"": """", ""nominal_size"": """", ""orientation"": """", ""pressure_class"": """", ""rating"": """", ""size"": ""0-20 M"", ""specification"": ""API 2350"", ""standard"": ""API 2350"", ""unit"": ""NOS""}",HPCL,1,STANDALONE_CANDIDATE,1.0,e6a7dd265481cc5ff926b750ef68287e11837ac84a848c50b0643f9a872f2c11,,,
CMM-INSTRU-E72497-001,CMM-INSTRU-E72497-001,INSTRUMENTATION | POLYCARBONATE | 0-500 DEG C | ASME B40.100,INSTRUMENTATION,,POLYCARBONATE,0-500 DEG C,,ASME B40.100,NOS,"{""connection_type"": """", ""construction"": """", ""end_type"": """", ""material"": """", ""material_family"": ""INSTRUMENTATION"", ""material_grade"": ""POLYCARBONATE"", ""material_subtype"": """", ""material_type"": """", ""nominal_size"": """", ""orientation"": """", ""pressure_class"": """", ""rating"": """", ""size"": ""0-500 DEG C"", ""specification"": ""ASME B40.100"", ""standard"": ""ASME B40.100"", ""unit"": ""NOS""}",BHEL;IOCL,2,VERIFIED_HARMONIZED,1.0,e72497ccb2712df737a00df12be806b939f697a6a8032101171b4b43b6aead4e,,,
CMM-INSTRU-E82054-001,CMM-INSTRU-E82054-001,INSTRUMENTATION | SS 316 | 1/2 IN NPT | IEC 60529,INSTRUMENTATION,,SS 316,1/2 IN NPT,,IEC 60529,NOS,"{""connection_type"": """", ""construction"": """", ""end_type"": """", ""material"": ""STAINLESS STEEL"", ""material_family"": ""INSTRUMENTATION"", ""material_grade"": ""SS 316"", ""material_subtype"": """", ""material_type"": """", ""nominal_size"": """", ""orientation"": """", ""pressure_class"": """", ""rating"": """", ""size"": ""1/2 IN NPT"", ""specification"": ""IEC 60529"", ""standard"": ""IEC 60529"", ""unit"": ""NOS""}",Coal India;HPCL;IOCL;NTPC;SAIL,6,AMBIGUOUS_REVIEW_REQUIRED,1.0,e82054e42bdc0d031076c042cbc75d82debd67db7b86b127b44470e079a7cd63,,,
CMM-INSTRU-EA8D3C-001,CMM-INSTRU-EA8D3C-001,INSTRUMENTATION | SS 316 | 0-15 M | IEC 60529,INSTRUMENTATION,,SS 316,0-15 M,,IEC 60529,NOS,"{""connection_type"": """", ""construction"": """", ""end_type"": """", ""material"": ""STAINLESS STEEL"", ""material_family"": ""INSTRUMENTATION"", ""material_grade"": ""SS 316"", ""material_subtype"": """", ""material_type"": """", ""nominal_size"": """", ""orientation"": """", ""pressure_class"": """", ""rating"": """", ""size"": ""0-15 M"", ""specification"": ""IEC 60529"", ""standard"": ""IEC 60529"", ""unit"": ""NOS""}",NTPC,1,STANDALONE_CANDIDATE,1.0,ea8d3c9b2098fb02079f9ae497e7d49d73dc9f47ae713fcfd656c37b2af8af27,,,
CMM-INSTRU-EAC10E-001,CMM-INSTRU-EAC10E-001,INSTRUMENTATION | SS 304 | 0-20 M | API 2350,INSTRUMENTATION,,SS 304,0-20 M,,API 2350,NOS,"{""connection_type"": """", ""construction"": """", ""end_type"": """", ""material"": ""STAINLESS STEEL"", ""material_family"": ""INSTRUMENTATION"", ""material_grade"": ""SS 304"", ""material_subtype"": """", ""material_type"": """", ""nominal_size"": """", ""orientation"": """", ""pressure_class"": """", ""rating"": """", ""size"": ""0-20 M"", ""specification"": ""API 2350"", ""standard"": ""API 2350"", ""unit"": ""NOS""}",HPCL,1,STANDALONE_CANDIDATE,1.0,eac10ea03723b0275ebc0f3e2e2c3de23469d0d408d0b59d33a3ba8368465d03,,,
CMM-INSTRU-EB6001-001,CMM-INSTRU-EB6001-001,INSTRUMENTATION | SS 316 | 5000 PSI | API 6A,INSTRUMENTATION,,SS 316,5000 PSI,,API 6A,NOS,"{""connection_type"": """", ""construction"": """", ""end_type"": """", ""material"": ""STAINLESS STEEL"", ""material_family"": ""INSTRUMENTATION"", ""material_grade"": ""SS 316"", ""material_subtype"": """", ""material_type"": """", ""nominal_size"": """", ""orientation"": """", ""pressure_class"": """", ""rating"": """", ""size"": ""5000 PSI"", ""specification"": ""API 6A"", ""standard"": ""API 6A"", ""unit"": ""NOS""}",ONGC,1,STANDALONE_CANDIDATE,1.0,eb60012b23ca3cfa0dc995504a5d3d442a36ebb6e833125cd4353d56c9505eff,,,
CMM-INSTRU-EB947D-001,CMM-INSTRU-EB947D-001,INSTRUMENTATION | SS 316 | 1/2 IN NPT | API 537,INSTRUMENTATION,,SS 316,1/2 IN NPT,,API 537,NOS,"{""connection_type"": """", ""construction"": """", ""end_type"": """", ""material"": ""STAINLESS STEEL"", ""material_family"": ""INSTRUMENTATION"", ""material_grade"": ""SS 316"", ""material_subtype"": """", ""material_type"": """", ""nominal_size"": """", ""orientation"": """", ""pressure_class"": """", ""rating"": """", ""size"": ""1/2 IN NPT"", ""specification"": ""API 537"", ""standard"": ""API 537"", ""unit"": ""NOS""}",IOCL,1,STANDALONE_CANDIDATE,1.0,eb947d1d0d2b850056e6f2758ec08bc8321ac8ed35ae20563f385b13821d7091,,,
CMM-INSTRU-EBBC49-001,CMM-INSTRU-EBBC49-001,INSTRUMENTATION | PRESSURE GAUGE | POLYCARBONATE | 0-500 DEG C | ASME B40.100,INSTRUMENTATION,PRESSURE GAUGE,POLYCARBONATE,0-500 DEG C,,ASME B40.100,NOS,"{""connection_type"": """", ""construction"": """", ""end_type"": """", ""material"": """", ""material_family"": ""INSTRUMENTATION"", ""material_grade"": ""POLYCARBONATE"", ""material_subtype"": """", ""material_type"": ""PRESSURE GAUGE"", ""nominal_size"": """", ""orientation"": """", ""pressure_class"": """", ""rating"": """", ""size"": ""0-500 DEG C"", ""specification"": ""ASME B40.100"", ""standard"": ""ASME B40.100"", ""unit"": ""NOS""}",NTPC;ONGC,2,VERIFIED_HARMONIZED,1.0,ebbc49885f1c8220c279a28bd8c6932ffb6fa20d0031782cfbeb3a6cc5c1b046,,,
CMM-INSTRU-EC1734-001,CMM-INSTRU-EC1734-001,INSTRUMENTATION | SS 316 | 1/2 IN NPT | API 537,INSTRUMENTATION,,SS 316,1/2 IN NPT,,API 537,NOS,"{""connection_type"": """", ""construction"": """", ""end_type"": """", ""material"": ""STAINLESS STEEL"", ""material_family"": ""INSTRUMENTATION"", ""material_grade"": ""SS 316"", ""material_subtype"": """", ""material_type"": """", ""nominal_size"": """", ""orientation"": """", ""pressure_class"": """", ""rating"": """", ""size"": ""1/2 IN NPT"", ""specification"": ""API 537"", ""standard"": ""API 537"", ""unit"": ""NOS""}",IOCL,1,STANDALONE_CANDIDATE,1.0,ec17347e3cd7cd90ae6dc17c43db8612254083cbef0b0df1c5a0b517e341e117,,,
CMM-INSTRU-ED66C6-001,CMM-INSTRU-ED66C6-001,INSTRUMENTATION | SS 316 | 1/2 IN NPT | API 537,INSTRUMENTATION,,SS 316,1/2 IN NPT,,API 537,NOS,"{""connection_type"": """", ""construction"": """", ""end_type"": """", ""material"": ""STAINLESS STEEL"", ""material_family"": ""INSTRUMENTATION"", ""material_grade"": ""SS 316"", ""material_subtype"": """", ""material_type"": """", ""nominal_size"": """", ""orientation"": """", ""pressure_class"": """", ""rating"": """", ""size"": ""1/2 IN NPT"", ""specification"": ""API 537"", ""standard"": ""API 537"", ""unit"": ""NOS""}",IOCL,1,STANDALONE_CANDIDATE,1.0,ed66c6e333b6e79c47af46e3b355477e03c9da29aea146a949e4d05bebb2a923,,,
CMM-INSTRU-EFA3E9-001,CMM-INSTRU-EFA3E9-001,INSTRUMENTATION | SS 316 | 1/2 IN NPT | API 537,INSTRUMENTATION,,SS 316,1/2 IN NPT,,API 537,NOS,"{""connection_type"": """", ""construction"": """", ""end_type"": """", ""material"": ""STAINLESS STEEL"", ""material_family"": ""INSTRUMENTATION"", ""material_grade"": ""SS 316"", ""material_subtype"": """", ""material_type"": """", ""nominal_size"": """", ""orientation"": """", ""pressure_class"": """", ""rating"": """", ""size"": ""1/2 IN NPT"", ""specification"": ""API 537"", ""standard"": ""API 537"", ""unit"": ""NOS""}",IOCL,1,STANDALONE_CANDIDATE,1.0,efa3e96e1a4dd12460ed5a8c55f68fdf4cfbf76e71fb7143dd6e9561d59c1efc,,,
CMM-INSTRU-F2E1ED-001,CMM-INSTRU-F2E1ED-001,INSTRUMENTATION | SS 316 | 5000 PSI | API 6A,INSTRUMENTATION,,SS 316,5000 PSI,,API 6A,NOS,"{""connection_type"": """", ""construction"": """", ""end_type"": """", ""material"": ""STAINLESS STEEL"", ""material_family"": ""INSTRUMENTATION"", ""material_grade"": ""SS 316"", ""material_subtype"": """", ""material_type"": """", ""nominal_size"": """", ""orientation"": """", ""pressure_class"": """", ""rating"": """", ""size"": ""5000 PSI"", ""specification"": ""API 6A"", ""standard"": ""API 6A"", ""unit"": ""NOS""}",ONGC,1,STANDALONE_CANDIDATE,1.0,f2e1ed3b20ce218a0d99d8c472e6fe1287cc3af9ef3b1e91fecf9c262e33f893,,,
CMM-INSTRU-F3707C-001,CMM-INSTRU-F3707C-001,INSTRUMENTATION | BRASS | 4-20 MA | IEC 60529,INSTRUMENTATION,,BRASS,4-20 MA,,IEC 60529,NOS,"{""connection_type"": """", ""construction"": """", ""end_type"": """", ""material"": """", ""material_family"": ""INSTRUMENTATION"", ""material_grade"": ""BRASS"", ""material_subtype"": """", ""material_type"": """", ""nominal_size"": """", ""orientation"": """", ""pressure_class"": """", ""rating"": """", ""size"": ""4-20 MA"", ""specification"": ""IEC 60529"", ""standard"": ""IEC 60529"", ""unit"": ""NOS""}",Coal India;HPCL;IOCL;NMDC;NTPC;ONGC;SAIL,8,AMBIGUOUS_REVIEW_REQUIRED,1.0,f3707c3df8cfbe4c176eceeaf98940d6cf5aeabff30a8916b00ec1ecf53b0c47,,,
CMM-INSTRU-F5D31C-001,CMM-INSTRU-F5D31C-001,INSTRUMENTATION | SS 316 | 0-15 M | IEC 60529,INSTRUMENTATION,,SS 316,0-15 M,,IEC 60529,NOS,"{""connection_type"": """", ""construction"": """", ""end_type"": """", ""material"": ""STAINLESS STEEL"", ""material_family"": ""INSTRUMENTATION"", ""material_grade"": ""SS 316"", ""material_subtype"": """", ""material_type"": """", ""nominal_size"": """", ""orientation"": """", ""pressure_class"": """", ""rating"": """", ""size"": ""0-15 M"", ""specification"": ""IEC 60529"", ""standard"": ""IEC 60529"", ""unit"": ""NOS""}",NTPC,1,STANDALONE_CANDIDATE,1.0,f5d31c83a086cfacdb0a7d4126affe72bbcb57c65cb2cd2ae4cf8288ec9c516b,,,
CMM-INSTRU-F69E7C-001,CMM-INSTRU-F69E7C-001,INSTRUMENTATION | SS 304 | 1/2 IN NPT | IEC 60529,INSTRUMENTATION,,SS 304,1/2 IN NPT,,IEC 60529,NOS,"{""connection_type"": """", ""construction"": """", ""end_type"": """", ""material"": ""STAINLESS STEEL"", ""material_family"": ""INSTRUMENTATION"", ""material_grade"": ""SS 304"", ""material_subtype"": """", ""material_type"": """", ""nominal_size"": """", ""orientation"": """", ""pressure_class"": """", ""rating"": """", ""size"": ""1/2 IN NPT"", ""specification"": ""IEC 60529"", ""standard"": ""IEC 60529"", ""unit"": ""NOS""}",NTPC,1,STANDALONE_CANDIDATE,1.0,f69e7c8de71fce12fe05c8d7ba1a610d7b468ccb1aa911084d0a0ec3a9c30688,,,
CMM-INSTRU-F70EB1-001,CMM-INSTRU-F70EB1-001,INSTRUMENTATION | SS 316 | 5000 PSI | API 6A,INSTRUMENTATION,,SS 316,5000 PSI,,API 6A,NOS,"{""connection_type"": """", ""construction"": """", ""end_type"": """", ""material"": ""STAINLESS STEEL"", ""material_family"": ""INSTRUMENTATION"", ""material_grade"": ""SS 316"", ""material_subtype"": """", ""material_type"": """", ""nominal_size"": """", ""orientation"": """", ""pressure_class"": """", ""rating"": """", ""size"": ""5000 PSI"", ""specification"": ""API 6A"", ""standard"": ""API 6A"", ""unit"": ""NOS""}",ONGC,1,STANDALONE_CANDIDATE,1.0,f70eb14f5cb54046a200f7c1a363cdc78a8768bef4145b8059e6a4808f12cb3a,,,
CMM-INSTRU-F9E8D4-001,CMM-INSTRU-F9E8D4-001,INSTRUMENTATION | SS 304 | 0-20 M | API 2350,INSTRUMENTATION,,SS 304,0-20 M,,API 2350,NOS,"{""connection_type"": """", ""construction"": """", ""end_type"": """", ""material"": ""STAINLESS STEEL"", ""material_family"": ""INSTRUMENTATION"", ""material_grade"": ""SS 304"", ""material_subtype"": """", ""material_type"": """", ""nominal_size"": """", ""orientation"": """", ""pressure_class"": """", ""rating"": """", ""size"": ""0-20 M"", ""specification"": ""API 2350"", ""standard"": ""API 2350"", ""unit"": ""NOS""}",HPCL,1,STANDALONE_CANDIDATE,1.0,f9e8d410459614e127ab3136ad3fbdbaca70ae8ee104cf3b6f7b1cd76e5ff7bc,,,
CMM-INSTRU-FA37B9-001,CMM-INSTRU-FA37B9-001,INSTRUMENTATION | SS 304 | 0-20 M | API 2350,INSTRUMENTATION,,SS 304,0-20 M,,API 2350,NOS,"{""connection_type"": """", ""construction"": """", ""end_type"": """", ""material"": ""STAINLESS STEEL"", ""material_family"": ""INSTRUMENTATION"", ""material_grade"": ""SS 304"", ""material_subtype"": """", ""material_type"": """", ""nominal_size"": """", ""orientation"": """", ""pressure_class"": """", ""rating"": """", ""size"": ""0-20 M"", ""specification"": ""API 2350"", ""standard"": ""API 2350"", ""unit"": ""NOS""}",HPCL,1,STANDALONE_CANDIDATE,1.0,fa37b9b24cb984accf2d68f88a1c098d808b6609755932a533a5667388fe726e,,,
CMM-INSTRU-FECC9D-001,CMM-INSTRU-FECC9D-001,INSTRUMENTATION | PRESSURE GAUGE | BRASS | 4-20 MA | ASME B40.100,INSTRUMENTATION,PRESSURE GAUGE,BRASS,4-20 MA,,ASME B40.100,NOS,"{""connection_type"": """", ""construction"": """", ""end_type"": """", ""material"": """", ""material_family"": ""INSTRUMENTATION"", ""material_grade"": ""BRASS"", ""material_subtype"": """", ""material_type"": ""PRESSURE GAUGE"", ""nominal_size"": """", ""orientation"": """", ""pressure_class"": """", ""rating"": """", ""size"": ""4-20 MA"", ""specification"": ""ASME B40.100"", ""standard"": ""ASME B40.100"", ""unit"": ""NOS""}",BHEL;HPCL;IOCL;NMDC;NTPC;ONGC;SAIL,9,AMBIGUOUS_REVIEW_REQUIRED,1.0,fecc9d29f1aff485fa6dfdfd577f1e38db3a7f244984fe42f507d376bff310e5,,,
CMM-PIPEF-002995-001,CMM-PIPEF-002995-001,PIPE/FITTING | CARBON STEEL | DN 100 | IS 8598,PIPE/FITTING,,CARBON STEEL,DN 100,,IS 8598,MTR,"{""connection_type"": """", ""construction"": """", ""end_type"": """", ""material"": ""CARBON STEEL"", ""material_family"": ""PIPE/FITTING"", ""material_grade"": ""CARBON STEEL"", ""material_subtype"": """", ""material_type"": """", ""nominal_size"": """", ""orientation"": """", ""pressure_class"": """", ""rating"": """", ""size"": ""DN 100"", ""specification"": ""IS 8598"", ""standard"": ""IS 8598"", ""unit"": ""MTR""}",NMDC,1,STANDALONE_CANDIDATE,1.0,0029952c8fea0e0bec325e04419984d11b0df4fa8ffb35ac80ea60da7b814d57,,,
CMM-PIPEF-019229-001,CMM-PIPEF-019229-001,PIPE/FITTING | PIPE | ALLOY STEEL | DN 80 | ASME B16.9,PIPE/FITTING,PIPE,ALLOY STEEL,DN 80,,ASME B16.9,MTR,"{""connection_type"": """", ""construction"": ""WELDED"", ""end_type"": """", ""material"": """", ""material_family"": ""PIPE/FITTING"", ""material_grade"": ""ALLOY STEEL"", ""material_subtype"": """", ""material_type"": ""PIPE"", ""nominal_size"": """", ""orientation"": """", ""pressure_class"": """", ""rating"": """", ""size"": ""DN 80"", ""specification"": ""ASME B16.9"", ""standard"": ""ASME B16.9"", ""unit"": ""MTR""}",SAIL,1,STANDALONE_CANDIDATE,1.0,0192299df473f9e414787a224974b650f3818bae942f5fb13a2b98c7323b1927,,,
CMM-PIPEF-02B98F-001,CMM-PIPEF-02B98F-001,PIPE/FITTING | ALLOY STEEL | DN 150 | ASME B16.5,PIPE/FITTING,,ALLOY STEEL,DN 150,,ASME B16.5,MTR,"{""connection_type"": """", ""construction"": """", ""end_type"": """", ""material"": """", ""material_family"": ""PIPE/FITTING"", ""material_grade"": ""ALLOY STEEL"", ""material_subtype"": """", ""material_type"": """", ""nominal_size"": """", ""orientation"": """", ""pressure_class"": """", ""rating"": """", ""size"": ""DN 150"", ""specification"": ""ASME B16.5"", ""standard"": ""ASME B16.5"", ""unit"": ""MTR""}",SAIL,1,STANDALONE_CANDIDATE,1.0,02b98f9d5c3281f20861636a75df651f76913b89b60844169289d1d330632d9d,,,
CMM-PIPEF-03B9C8-001,CMM-PIPEF-03B9C8-001,PIPE/FITTING | CARBON STEEL | DN 100 | IS 8598,PIPE/FITTING,,CARBON STEEL,DN 100,,IS 8598,MTR,"{""connection_type"": """", ""construction"": """", ""end_type"": """", ""material"": ""CARBON STEEL"", ""material_family"": ""PIPE/FITTING"", ""material_grade"": ""CARBON STEEL"", ""material_subtype"": """", ""material_type"": """", ""nominal_size"": """", ""orientation"": """", ""pressure_class"": """", ""rating"": """", ""size"": ""DN 100"", ""specification"": ""IS 8598"", ""standard"": ""IS 8598"", ""unit"": ""MTR""}",NMDC,1,STANDALONE_CANDIDATE,1.0,03b9c88ff7007ad67ffd9aaf0358c0d45ab6be6574533fffc8cb40cc05b665af,,,
CMM-PIPEF-058FDC-001,CMM-PIPEF-058FDC-001,PIPE/FITTING | COPPER ALLOY | DN 200 | IS 2062,PIPE/FITTING,,COPPER ALLOY,DN 200,,IS 2062,MTR,"{""connection_type"": """", ""construction"": """", ""end_type"": """", ""material"": """", ""material_family"": ""PIPE/FITTING"", ""material_grade"": ""COPPER ALLOY"", ""material_subtype"": """", ""material_type"": """", ""nominal_size"": """", ""orientation"": """", ""pressure_class"": """", ""rating"": """", ""size"": ""DN 200"", ""specification"": ""IS 2062"", ""standard"": ""IS 2062"", ""unit"": ""MTR""}",SAIL,1,STANDALONE_CANDIDATE,1.0,058fdc3a01965397725a5687c6c44b9fe25497dc2ad3c39cc8ce12f34c3e50c0,,,
CMM-PIPEF-06300F-001,CMM-PIPEF-06300F-001,PIPE/FITTING | CARBON STEEL | DN 100 | IS 8598,PIPE/FITTING,,CARBON STEEL,DN 100,,IS 8598,MTR,"{""connection_type"": """", ""construction"": """", ""end_type"": """", ""material"": ""CARBON STEEL"", ""material_family"": ""PIPE/FITTING"", ""material_grade"": ""CARBON STEEL"", ""material_subtype"": """", ""material_type"": """", ""nominal_size"": """", ""orientation"": """", ""pressure_class"": """", ""rating"": """", ""size"": ""DN 100"", ""specification"": ""IS 8598"", ""standard"": ""IS 8598"", ""unit"": ""MTR""}",NMDC,1,STANDALONE_CANDIDATE,1.0,06300f2dffa227936ffc25e21e7e4ad54e6d5e36ca6104964aee92aa51e3f5ec,,,
CMM-PIPEF-0795D9-001,CMM-PIPEF-0795D9-001,PIPE/FITTING | CARBON STEEL | 2 IN | IS 1239,PIPE/FITTING,,CARBON STEEL,2 IN,,IS 1239,MTR,"{""connection_type"": """", ""construction"": """", ""end_type"": """", ""material"": ""CARBON STEEL"", ""material_family"": ""PIPE/FITTING"", ""material_grade"": ""CARBON STEEL"", ""material_subtype"": """", ""material_type"": """", ""nominal_size"": """", ""orientation"": """", ""pressure_class"": """", ""rating"": """", ""size"": ""2 IN"", ""specification"": ""IS 1239"", ""standard"": ""IS 1239"", ""unit"": ""MTR""}",HPCL,1,STANDALONE_CANDIDATE,1.0,0795d975eeb2cc82d98fad5e3d9d09ab81346b7bf02ce397b46dc7212363f5d1,,,
CMM-PIPEF-08F7AE-001,CMM-PIPEF-08F7AE-001,PIPE/FITTING | COPPER ALLOY | DN 200 | IS 2062,PIPE/FITTING,,COPPER ALLOY,DN 200,,IS 2062,MTR,"{""connection_type"": """", ""construction"": """", ""end_type"": """", ""material"": """", ""material_family"": ""PIPE/FITTING"", ""material_grade"": ""COPPER ALLOY"", ""material_subtype"": """", ""material_type"": """", ""nominal_size"": """", ""orientation"": """", ""pressure_class"": """", ""rating"": """", ""size"": ""DN 200"", ""specification"": ""IS 2062"", ""standard"": ""IS 2062"", ""unit"": ""MTR""}",SAIL,1,STANDALONE_CANDIDATE,1.0,08f7ae9a0abe2d5731dd9178fb7c58841a12e52df491dc229dbb29087d790c39,,,
CMM-PIPEF-0AE348-001,CMM-PIPEF-0AE348-001,PIPE/FITTING | CARBON STEEL | DN 100 | IS 8598,PIPE/FITTING,,CARBON STEEL,DN 100,,IS 8598,MTR,"{""connection_type"": """", ""construction"": """", ""end_type"": """", ""material"": ""CARBON STEEL"", ""material_family"": ""PIPE/FITTING"", ""material_grade"": ""CARBON STEEL"", ""material_subtype"": """", ""material_type"": """", ""nominal_size"": """", ""orientation"": """", ""pressure_class"": """", ""rating"": """", ""size"": ""DN 100"", ""specification"": ""IS 8598"", ""standard"": ""IS 8598"", ""unit"": ""MTR""}",NMDC,1,STANDALONE_CANDIDATE,1.0,0ae348767b35d74ddce4f62f633decd33d414f849f861d90db7423d510ede585,,,
CMM-PIPEF-0E4F2B-001,CMM-PIPEF-0E4F2B-001,PIPE/FITTING | IS 2062 | DN 50 | API 5L,PIPE/FITTING,,IS 2062,DN 50,,API 5L,MTR,"{""connection_type"": """", ""construction"": """", ""end_type"": """", ""material"": """", ""material_family"": ""PIPE/FITTING"", ""material_grade"": ""IS 2062"", ""material_subtype"": """", ""material_type"": """", ""nominal_size"": """", ""orientation"": """", ""pressure_class"": """", ""rating"": """", ""size"": ""DN 50"", ""specification"": ""API 5L"", ""standard"": ""API 5L"", ""unit"": ""MTR""}",Coal India;HPCL,2,VERIFIED_HARMONIZED,1.0,0e4f2b3099356ac10af2e7b7a92d6232a32cc5f88d568cd6f554a72ec4a1a344,,,
CMM-PIPEF-100E96-001,CMM-PIPEF-100E96-001,PIPE/FITTING | ALLOY STEEL | DN 150 | ASTM A106,PIPE/FITTING,,ALLOY STEEL,DN 150,,ASTM A106,MTR,"{""connection_type"": """", ""construction"": """", ""end_type"": """", ""material"": """", ""material_family"": ""PIPE/FITTING"", ""material_grade"": ""ALLOY STEEL"", ""material_subtype"": """", ""material_type"": """", ""nominal_size"": """", ""orientation"": """", ""pressure_class"": """", ""rating"": """", ""size"": ""DN 150"", ""specification"": ""ASTM A106"", ""standard"": ""ASTM A106"", ""unit"": ""MTR""}",BHEL;Coal India;IOCL;ONGC;SAIL,5,VERIFIED_HARMONIZED,1.0,100e96232ac7703c718c22224e6d3a0aa6715f3b8156c70093a3e6a597a66431,,,
CMM-PIPEF-11F53A-001,CMM-PIPEF-11F53A-001,PIPE/FITTING | PIPE | CARBON STEEL | 6 IN | API 5L,PIPE/FITTING,PIPE,CARBON STEEL,6 IN,,API 5L,MTR,"{""connection_type"": """", ""construction"": ""WELDED"", ""end_type"": """", ""material"": ""CARBON STEEL"", ""material_family"": ""PIPE/FITTING"", ""material_grade"": ""CARBON STEEL"", ""material_subtype"": """", ""material_type"": ""PIPE"", ""nominal_size"": """", ""orientation"": """", ""pressure_class"": """", ""rating"": """", ""size"": ""6 IN"", ""specification"": ""API 5L"", ""standard"": ""API 5L"", ""unit"": ""MTR""}",HPCL;IOCL;ONGC;SAIL,4,VERIFIED_HARMONIZED,1.0,11f53afad7e8d91416b79373e45e0b9d747a2779229005c317bf988fb2bf369d,,,
CMM-PIPEF-155E3F-001,CMM-PIPEF-155E3F-001,PIPE/FITTING | ELBOW | ASTM A106 GR.B | 6 IN | ASTM A106,PIPE/FITTING,ELBOW,ASTM A106 GR.B,6 IN,,ASTM A106,MTR,"{""connection_type"": """", ""construction"": """", ""end_type"": """", ""material"": """", ""material_family"": ""PIPE/FITTING"", ""material_grade"": ""ASTM A106 GR.B"", ""material_subtype"": """", ""material_type"": ""ELBOW"", ""nominal_size"": """", ""orientation"": """", ""pressure_class"": """", ""rating"": """", ""size"": ""6 IN"", ""specification"": ""ASTM A106"", ""standard"": ""ASTM A106"", ""unit"": ""MTR""}",HPCL;NTPC,2,VERIFIED_HARMONIZED,1.0,155e3f7fad9187947ac08a0d9d4cf66c19982942081abbd174930685cf5b9f2c,,,
CMM-PIPEF-19443B-001,CMM-PIPEF-19443B-001,PIPE/FITTING | FLANGE | ALLOY STEEL | DN 80 | IS 1239,PIPE/FITTING,FLANGE,ALLOY STEEL,DN 80,,IS 1239,MTR,"{""connection_type"": """", ""construction"": """", ""end_type"": """", ""material"": """", ""material_family"": ""PIPE/FITTING"", ""material_grade"": ""ALLOY STEEL"", ""material_subtype"": """", ""material_type"": ""FLANGE"", ""nominal_size"": """", ""orientation"": """", ""pressure_class"": """", ""rating"": """", ""size"": ""DN 80"", ""specification"": ""IS 1239"", ""standard"": ""IS 1239"", ""unit"": ""MTR""}",SAIL,1,STANDALONE_CANDIDATE,1.0,19443b8bc7e4ce96e8d683c944518aedd4133331e8b0386d44ceac3845e4c142,,,
CMM-PIPEF-19DF58-001,CMM-PIPEF-19DF58-001,PIPE/FITTING | CARBON STEEL | DN 100 | IS 8598,PIPE/FITTING,,CARBON STEEL,DN 100,,IS 8598,MTR,"{""connection_type"": """", ""construction"": """", ""end_type"": """", ""material"": ""CARBON STEEL"", ""material_family"": ""PIPE/FITTING"", ""material_grade"": ""CARBON STEEL"", ""material_subtype"": """", ""material_type"": """", ""nominal_size"": """", ""orientation"": """", ""pressure_class"": """", ""rating"": """", ""size"": ""DN 100"", ""specification"": ""IS 8598"", ""standard"": ""IS 8598"", ""unit"": ""MTR""}",NMDC,1,STANDALONE_CANDIDATE,1.0,19df58da5d7865806ab281101956cf45c68fa40bcaaaa244e79a84ea2a84f70c,,,
CMM-PIPEF-1A50F6-001,CMM-PIPEF-1A50F6-001,PIPE/FITTING | CARBON STEEL | DN 100 | IS 8598,PIPE/FITTING,,CARBON STEEL,DN 100,,IS 8598,MTR,"{""connection_type"": """", ""construction"": """", ""end_type"": """", ""material"": ""CARBON STEEL"", ""material_family"": ""PIPE/FITTING"", ""material_grade"": ""CARBON STEEL"", ""material_subtype"": """", ""material_type"": """", ""nominal_size"": """", ""orientation"": """", ""pressure_class"": """", ""rating"": """", ""size"": ""DN 100"", ""specification"": ""IS 8598"", ""standard"": ""IS 8598"", ""unit"": ""MTR""}",NMDC,1,STANDALONE_CANDIDATE,1.0,1a50f66452b4f4d652a6f49a767775d50cb560bfc26368aeed7f258b48f0f2ea,,,
CMM-PIPEF-1AA69E-001,CMM-PIPEF-1AA69E-001,PIPE/FITTING | COPPER ALLOY | DN 200 | IS 2062,PIPE/FITTING,,COPPER ALLOY,DN 200,,IS 2062,MTR,"{""connection_type"": """", ""construction"": """", ""end_type"": """", ""material"": """", ""material_family"": ""PIPE/FITTING"", ""material_grade"": ""COPPER ALLOY"", ""material_subtype"": """", ""material_type"": """", ""nominal_size"": """", ""orientation"": """", ""pressure_class"": """", ""rating"": """", ""size"": ""DN 200"", ""specification"": ""IS 2062"", ""standard"": ""IS 2062"", ""unit"": ""MTR""}",SAIL,1,STANDALONE_CANDIDATE,1.0,1aa69e401f09b3346d8d99ecc4da6a9755f63e33e05d8298e79a32781ee91ff4,,,
CMM-PIPEF-2725B7-001,CMM-PIPEF-2725B7-001,PIPE/FITTING | SS 316L | DN 100 | ASTM A106,PIPE/FITTING,,SS 316L,DN 100,,ASTM A106,MTR,"{""connection_type"": """", ""construction"": """", ""end_type"": """", ""material"": ""STAINLESS STEEL"", ""material_family"": ""PIPE/FITTING"", ""material_grade"": ""SS 316L"", ""material_subtype"": """", ""material_type"": """", ""nominal_size"": """", ""orientation"": """", ""pressure_class"": """", ""rating"": """", ""size"": ""DN 100"", ""specification"": ""ASTM A106"", ""standard"": ""ASTM A106"", ""unit"": ""MTR""}",Coal India;IOCL,2,VERIFIED_HARMONIZED,1.0,2725b75bd6f8e210d514bc9c1222747eed61252c3181e2017f9b6f1e8f915daa,,,
CMM-PIPEF-285DD4-001,CMM-PIPEF-285DD4-001,PIPE/FITTING | CARBON STEEL | DN 100 | IS 8598,PIPE/FITTING,,CARBON STEEL,DN 100,,IS 8598,MTR,"{""connection_type"": """", ""construction"": """", ""end_type"": """", ""material"": ""CARBON STEEL"", ""material_family"": ""PIPE/FITTING"", ""material_grade"": ""CARBON STEEL"", ""material_subtype"": """", ""material_type"": """", ""nominal_size"": """", ""orientation"": """", ""pressure_class"": """", ""rating"": """", ""size"": ""DN 100"", ""specification"": ""IS 8598"", ""standard"": ""IS 8598"", ""unit"": ""MTR""}",NMDC,1,STANDALONE_CANDIDATE,1.0,285dd4b5665218de57cc3034bf3557b5d9b77d9e0e088162a09d7930e899a379,,,
CMM-PIPEF-295916-001,CMM-PIPEF-295916-001,PIPE/FITTING | COPPER ALLOY | DN 200 | IS 2062,PIPE/FITTING,,COPPER ALLOY,DN 200,,IS 2062,MTR,"{""connection_type"": """", ""construction"": """", ""end_type"": """", ""material"": """", ""material_family"": ""PIPE/FITTING"", ""material_grade"": ""COPPER ALLOY"", ""material_subtype"": """", ""material_type"": """", ""nominal_size"": """", ""orientation"": """", ""pressure_class"": """", ""rating"": """", ""size"": ""DN 200"", ""specification"": ""IS 2062"", ""standard"": ""IS 2062"", ""unit"": ""MTR""}",SAIL,1,STANDALONE_CANDIDATE,1.0,295916077734ff5dbfc5f2c25300ec2f412f87c0181b8c9932346b1770df0a7d,,,
CMM-PIPEF-2B325D-001,CMM-PIPEF-2B325D-001,PIPE/FITTING | PIPE | CARBON STEEL | DN 150 | ASTM A106,PIPE/FITTING,PIPE,CARBON STEEL,DN 150,,ASTM A106,MTR,"{""connection_type"": """", ""construction"": """", ""end_type"": """", ""material"": ""CARBON STEEL"", ""material_family"": ""PIPE/FITTING"", ""material_grade"": ""CARBON STEEL"", ""material_subtype"": """", ""material_type"": ""PIPE"", ""nominal_size"": """", ""orientation"": """", ""pressure_class"": """", ""rating"": """", ""size"": ""DN 150"", ""specification"": ""ASTM A106"", ""standard"": ""ASTM A106"", ""unit"": ""MTR""}",Coal India;NTPC,2,VERIFIED_HARMONIZED,1.0,2b325d0695f22f040ecc6fe362d15be7ced091d9c63445b13ba4b3f438b784bc,,,
CMM-PIPEF-304077-001,CMM-PIPEF-304077-001,PIPE/FITTING | PIPE | SS 316L | DN 100 | IS 1239,PIPE/FITTING,PIPE,SS 316L,DN 100,,IS 1239,MTR,"{""connection_type"": """", ""construction"": """", ""end_type"": """", ""material"": ""STAINLESS STEEL"", ""material_family"": ""PIPE/FITTING"", ""material_grade"": ""SS 316L"", ""material_subtype"": """", ""material_type"": ""PIPE"", ""nominal_size"": """", ""orientation"": """", ""pressure_class"": """", ""rating"": """", ""size"": ""DN 100"", ""specification"": ""IS 1239"", ""standard"": ""IS 1239"", ""unit"": ""MTR""}",HPCL,1,STANDALONE_CANDIDATE,1.0,30407742f18c502cb16bd12a4fdb62e10e4e60db833efd81d4ba41f7cebe6f6c,,,
CMM-PIPEF-31AE63-001,CMM-PIPEF-31AE63-001,PIPE/FITTING | ELBOW | CARBON STEEL | 2 IN | ASTM A106,PIPE/FITTING,ELBOW,CARBON STEEL,2 IN,,ASTM A106,MTR,"{""connection_type"": """", ""construction"": """", ""end_type"": """", ""material"": ""CARBON STEEL"", ""material_family"": ""PIPE/FITTING"", ""material_grade"": ""CARBON STEEL"", ""material_subtype"": """", ""material_type"": ""ELBOW"", ""nominal_size"": """", ""orientation"": """", ""pressure_class"": """", ""rating"": """", ""size"": ""2 IN"", ""specification"": ""ASTM A106"", ""standard"": ""ASTM A106"", ""unit"": ""MTR""}",NMDC,1,STANDALONE_CANDIDATE,1.0,31ae6347269a84004ea7a90645caf934a348e1f66d56fa0c0b4de02e2a930ae7,,,
CMM-PIPEF-3217BF-001,CMM-PIPEF-3217BF-001,PIPE/FITTING | CARBON STEEL | DN 100 | IS 8598,PIPE/FITTING,,CARBON STEEL,DN 100,,IS 8598,MTR,"{""connection_type"": """", ""construction"": """", ""end_type"": """", ""material"": ""CARBON STEEL"", ""material_family"": ""PIPE/FITTING"", ""material_grade"": ""CARBON STEEL"", ""material_subtype"": """", ""material_type"": """", ""nominal_size"": """", ""orientation"": """", ""pressure_class"": """", ""rating"": """", ""size"": ""DN 100"", ""specification"": ""IS 8598"", ""standard"": ""IS 8598"", ""unit"": ""MTR""}",NMDC,1,STANDALONE_CANDIDATE,1.0,3217bf34e7239cedc98dd8b5fed6456619c25c2f1194415801ca999b7dd6ed2f,,,
CMM-PIPEF-358D39-001,CMM-PIPEF-358D39-001,PIPE/FITTING | ALLOY STEEL | DN 50 | ASME B16.5,PIPE/FITTING,,ALLOY STEEL,DN 50,,ASME B16.5,MTR,"{""connection_type"": """", ""construction"": """", ""end_type"": """", ""material"": """", ""material_family"": ""PIPE/FITTING"", ""material_grade"": ""ALLOY STEEL"", ""material_subtype"": """", ""material_type"": """", ""nominal_size"": """", ""orientation"": """", ""pressure_class"": """", ""rating"": """", ""size"": ""DN 50"", ""specification"": ""ASME B16.5"", ""standard"": ""ASME B16.5"", ""unit"": ""MTR""}",Coal India;NMDC;NTPC;ONGC,4,VERIFIED_HARMONIZED,1.0,358d397952eb9e1faa4331cc1cb083e568f9459343bb23dc73969a15fb7862c8,,,
CMM-PIPEF-3751A6-001,CMM-PIPEF-3751A6-001,PIPE/FITTING | FLANGE | ALLOY STEEL | DN 80 | API 5L,PIPE/FITTING,FLANGE,ALLOY STEEL,DN 80,,API 5L,MTR,"{""connection_type"": """", ""construction"": """", ""end_type"": """", ""material"": """", ""material_family"": ""PIPE/FITTING"", ""material_grade"": ""ALLOY STEEL"", ""material_subtype"": """", ""material_type"": ""FLANGE"", ""nominal_size"": """", ""orientation"": """", ""pressure_class"": """", ""rating"": """", ""size"": ""DN 80"", ""specification"": ""API 5L"", ""standard"": ""API 5L"", ""unit"": ""MTR""}",HPCL,1,STANDALONE_CANDIDATE,1.0,3751a62f7ffd3eba1385c2874411ef5c284c50494c1f2ae90e8cec7a06b16d02,,,
CMM-PIPEF-37FF2E-001,CMM-PIPEF-37FF2E-001,PIPE/FITTING | CARBON STEEL | DN 100 | IS 8598,PIPE/FITTING,,CARBON STEEL,DN 100,,IS 8598,MTR,"{""connection_type"": """", ""construction"": """", ""end_type"": """", ""material"": ""CARBON STEEL"", ""material_family"": ""PIPE/FITTING"", ""material_grade"": ""CARBON STEEL"", ""material_subtype"": """", ""material_type"": """", ""nominal_size"": """", ""orientation"": """", ""pressure_class"": """", ""rating"": """", ""size"": ""DN 100"", ""specification"": ""IS 8598"", ""standard"": ""IS 8598"", ""unit"": ""MTR""}",NMDC,1,STANDALONE_CANDIDATE,1.0,37ff2e58adc4570523497a95f52985e451ab069f1ad94a84d8049a5172dbca8b,,,
CMM-PIPEF-3896FB-001,CMM-PIPEF-3896FB-001,PIPE/FITTING | COPPER ALLOY | DN 200 | IS 2062,PIPE/FITTING,,COPPER ALLOY,DN 200,,IS 2062,MTR,"{""connection_type"": """", ""construction"": """", ""end_type"": """", ""material"": """", ""material_family"": ""PIPE/FITTING"", ""material_grade"": ""COPPER ALLOY"", ""material_subtype"": """", ""material_type"": """", ""nominal_size"": """", ""orientation"": """", ""pressure_class"": """", ""rating"": """", ""size"": ""DN 200"", ""specification"": ""IS 2062"", ""standard"": ""IS 2062"", ""unit"": ""MTR""}",SAIL,1,STANDALONE_CANDIDATE,1.0,3896fb0d8a8d74679f5d2c48f9efa43d073287438a8b00fdf3413bb34448cca6,,,
CMM-PIPEF-3BAF8F-001,CMM-PIPEF-3BAF8F-001,PIPE/FITTING | ASTM A106 GR.B | DN 150 | API 5L,PIPE/FITTING,,ASTM A106 GR.B,DN 150,,API 5L,MTR,"{""connection_type"": """", ""construction"": """", ""end_type"": """", ""material"": """", ""material_family"": ""PIPE/FITTING"", ""material_grade"": ""ASTM A106 GR.B"", ""material_subtype"": """", ""material_type"": """", ""nominal_size"": """", ""orientation"": """", ""pressure_class"": """", ""rating"": """", ""size"": ""DN 150"", ""specification"": ""API 5L"", ""standard"": ""API 5L"", ""unit"": ""MTR""}",BHEL;Coal India;NMDC;NTPC;ONGC;SAIL,6,VERIFIED_HARMONIZED,1.0,3baf8ffde1fc66c430b2629d0b1823ac30da52975bb16ba179fe93244539a13b,,,
CMM-PIPEF-3C5B7C-001,CMM-PIPEF-3C5B7C-001,PIPE/FITTING | SS 316L | 6 IN | ASME B16.9,PIPE/FITTING,,SS 316L,6 IN,,ASME B16.9,MTR,"{""connection_type"": """", ""construction"": """", ""end_type"": """", ""material"": ""STAINLESS STEEL"", ""material_family"": ""PIPE/FITTING"", ""material_grade"": ""SS 316L"", ""material_subtype"": """", ""material_type"": """", ""nominal_size"": """", ""orientation"": """", ""pressure_class"": """", ""rating"": """", ""size"": ""6 IN"", ""specification"": ""ASME B16.9"", ""standard"": ""ASME B16.9"", ""unit"": ""MTR""}",BHEL;HPCL;NTPC;ONGC;SAIL,5,VERIFIED_HARMONIZED,1.0,3c5b7cf8d921d081a59f039d1074b10df46d211b16e77e806a74aa7e3cbb56a3,,,
CMM-PIPEF-3CB594-001,CMM-PIPEF-3CB594-001,PIPE/FITTING | COPPER ALLOY | DN 200 | IS 2062,PIPE/FITTING,,COPPER ALLOY,DN 200,,IS 2062,MTR,"{""connection_type"": """", ""construction"": """", ""end_type"": """", ""material"": """", ""material_family"": ""PIPE/FITTING"", ""material_grade"": ""COPPER ALLOY"", ""material_subtype"": """", ""material_type"": """", ""nominal_size"": """", ""orientation"": """", ""pressure_class"": """", ""rating"": """", ""size"": ""DN 200"", ""specification"": ""IS 2062"", ""standard"": ""IS 2062"", ""unit"": ""MTR""}",SAIL,1,STANDALONE_CANDIDATE,1.0,3cb594dcd4e148348285c72a862c85dba844a98be7580a225d973498c64041a4,,,
CMM-PIPEF-3E8CCB-001,CMM-PIPEF-3E8CCB-001,PIPE/FITTING | PIPE | CARBON STEEL | DN 50 | ASME B16.5,PIPE/FITTING,PIPE,CARBON STEEL,DN 50,,ASME B16.5,MTR,"{""connection_type"": """", ""construction"": """", ""end_type"": """", ""material"": ""CARBON STEEL"", ""material_family"": ""PIPE/FITTING"", ""material_grade"": ""CARBON STEEL"", ""material_subtype"": """", ""material_type"": ""PIPE"", ""nominal_size"": """", ""orientation"": """", ""pressure_class"": """", ""rating"": """", ""size"": ""DN 50"", ""specification"": ""ASME B16.5"", ""standard"": ""ASME B16.5"", ""unit"": ""MTR""}",NTPC,1,STANDALONE_CANDIDATE,1.0,3e8ccb384f5c5a77896e8fd069c8c82ed386cdf11e0c37ff08a3a43d9b91f918,,,
CMM-PIPEF-3F10E4-001,CMM-PIPEF-3F10E4-001,PIPE/FITTING | CARBON STEEL | DN 100 | IS 8598,PIPE/FITTING,,CARBON STEEL,DN 100,,IS 8598,MTR,"{""connection_type"": """", ""construction"": """", ""end_type"": """", ""material"": ""CARBON STEEL"", ""material_family"": ""PIPE/FITTING"", ""material_grade"": ""CARBON STEEL"", ""material_subtype"": """", ""material_type"": """", ""nominal_size"": """", ""orientation"": """", ""pressure_class"": """", ""rating"": """", ""size"": ""DN 100"", ""specification"": ""IS 8598"", ""standard"": ""IS 8598"", ""unit"": ""MTR""}",NMDC,1,STANDALONE_CANDIDATE,1.0,3f10e4b42ad5c5d3e6506704a36fa8775f7bc4458bd98504447a94d1a4035556,,,
CMM-PIPEF-3FF582-001,CMM-PIPEF-3FF582-001,PIPE/FITTING | CARBON STEEL | 2 IN | API 5L,PIPE/FITTING,,CARBON STEEL,2 IN,,API 5L,MTR,"{""connection_type"": """", ""construction"": """", ""end_type"": """", ""material"": ""CARBON STEEL"", ""material_family"": ""PIPE/FITTING"", ""material_grade"": ""CARBON STEEL"", ""material_subtype"": """", ""material_type"": """", ""nominal_size"": """", ""orientation"": """", ""pressure_class"": """", ""rating"": """", ""size"": ""2 IN"", ""specification"": ""API 5L"", ""standard"": ""API 5L"", ""unit"": ""MTR""}",Coal India,1,STANDALONE_CANDIDATE,1.0,3ff58233d9161c29f087f193a5f6053d879fdc0fd38fb0017b302265cad7020c,,,
CMM-PIPEF-41F75E-001,CMM-PIPEF-41F75E-001,PIPE/FITTING | COPPER ALLOY | DN 200 | IS 2062,PIPE/FITTING,,COPPER ALLOY,DN 200,,IS 2062,MTR,"{""connection_type"": """", ""construction"": """", ""end_type"": """", ""material"": """", ""material_family"": ""PIPE/FITTING"", ""material_grade"": ""COPPER ALLOY"", ""material_subtype"": """", ""material_type"": """", ""nominal_size"": """", ""orientation"": """", ""pressure_class"": """", ""rating"": """", ""size"": ""DN 200"", ""specification"": ""IS 2062"", ""standard"": ""IS 2062"", ""unit"": ""MTR""}",SAIL,1,STANDALONE_CANDIDATE,1.0,41f75e330bfba0332ebe6c1b72b9dd50f4649f7936b3d8ff8c84c6137bd904c4,,,
CMM-PIPEF-42698F-001,CMM-PIPEF-42698F-001,PIPE/FITTING | PIPE | SS 316L | DN 80 | IS 1239,PIPE/FITTING,PIPE,SS 316L,DN 80,,IS 1239,MTR,"{""connection_type"": """", ""construction"": """", ""end_type"": """", ""material"": ""STAINLESS STEEL"", ""material_family"": ""PIPE/FITTING"", ""material_grade"": ""SS 316L"", ""material_subtype"": """", ""material_type"": ""PIPE"", ""nominal_size"": """", ""orientation"": """", ""pressure_class"": """", ""rating"": """", ""size"": ""DN 80"", ""specification"": ""IS 1239"", ""standard"": ""IS 1239"", ""unit"": ""MTR""}",HPCL;NMDC;ONGC,3,VERIFIED_HARMONIZED,1.0,42698f7b592cdd5c3d46f91d0077b79e1a28f7b49a055f390a48cbe24ce7d14f,,,
CMM-PIPEF-42F2AE-001,CMM-PIPEF-42F2AE-001,PIPE/FITTING | CARBON STEEL | DN 100 | IS 8598,PIPE/FITTING,,CARBON STEEL,DN 100,,IS 8598,MTR,"{""connection_type"": """", ""construction"": """", ""end_type"": """", ""material"": ""CARBON STEEL"", ""material_family"": ""PIPE/FITTING"", ""material_grade"": ""CARBON STEEL"", ""material_subtype"": """", ""material_type"": """", ""nominal_size"": """", ""orientation"": """", ""pressure_class"": """", ""rating"": """", ""size"": ""DN 100"", ""specification"": ""IS 8598"", ""standard"": ""IS 8598"", ""unit"": ""MTR""}",NMDC,1,STANDALONE_CANDIDATE,1.0,42f2aee7c294b99054c329990df869b6a6e59217b54acf18a79c46ec1c2f14b0,,,
CMM-PIPEF-47C93B-001,CMM-PIPEF-47C93B-001,PIPE/FITTING | CARBON STEEL | DN 100 | IS 8598,PIPE/FITTING,,CARBON STEEL,DN 100,,IS 8598,MTR,"{""connection_type"": """", ""construction"": """", ""end_type"": """", ""material"": ""CARBON STEEL"", ""material_family"": ""PIPE/FITTING"", ""material_grade"": ""CARBON STEEL"", ""material_subtype"": """", ""material_type"": """", ""nominal_size"": """", ""orientation"": """", ""pressure_class"": """", ""rating"": """", ""size"": ""DN 100"", ""specification"": ""IS 8598"", ""standard"": ""IS 8598"", ""unit"": ""MTR""}",NMDC,1,STANDALONE_CANDIDATE,1.0,47c93bc4b122a724fc1384159967f53bd0a01b2f4e809b68e8dd0bf7dc218d81,,,
CMM-PIPEF-4850B0-001,CMM-PIPEF-4850B0-001,PIPE/FITTING | FLANGE | CARBON STEEL | DN 80 | API 5L,PIPE/FITTING,FLANGE,CARBON STEEL,DN 80,,API 5L,MTR,"{""connection_type"": """", ""construction"": """", ""end_type"": """", ""material"": ""CARBON STEEL"", ""material_family"": ""PIPE/FITTING"", ""material_grade"": ""CARBON STEEL"", ""material_subtype"": """", ""material_type"": ""FLANGE"", ""nominal_size"": """", ""orientation"": """", ""pressure_class"": """", ""rating"": """", ""size"": ""DN 80"", ""specification"": ""API 5L"", ""standard"": ""API 5L"", ""unit"": ""MTR""}",ONGC,1,STANDALONE_CANDIDATE,1.0,4850b06b1fd33f280284a1c27a34eb06df223a9a1341b1e3864e40ee25b0e442,,,
CMM-PIPEF-49C4F4-001,CMM-PIPEF-49C4F4-001,PIPE/FITTING | FLANGE | ALLOY STEEL | DN 100 | IS 1239,PIPE/FITTING,FLANGE,ALLOY STEEL,DN 100,,IS 1239,MTR,"{""connection_type"": """", ""construction"": """", ""end_type"": """", ""material"": """", ""material_family"": ""PIPE/FITTING"", ""material_grade"": ""ALLOY STEEL"", ""material_subtype"": """", ""material_type"": ""FLANGE"", ""nominal_size"": """", ""orientation"": """", ""pressure_class"": """", ""rating"": """", ""size"": ""DN 100"", ""specification"": ""IS 1239"", ""standard"": ""IS 1239"", ""unit"": ""MTR""}",BHEL;HPCL;SAIL,3,VERIFIED_HARMONIZED,1.0,49c4f4c8367b5e89fda95cc9f075db521ba6418aff2b9be1deb642b7175407a7,,,
CMM-PIPEF-4A805C-001,CMM-PIPEF-4A805C-001,PIPE/FITTING | COPPER ALLOY | DN 200 | IS 2062,PIPE/FITTING,,COPPER ALLOY,DN 200,,IS 2062,MTR,"{""connection_type"": """", ""construction"": """", ""end_type"": """", ""material"": """", ""material_family"": ""PIPE/FITTING"", ""material_grade"": ""COPPER ALLOY"", ""material_subtype"": """", ""material_type"": """", ""nominal_size"": """", ""orientation"": """", ""pressure_class"": """", ""rating"": """", ""size"": ""DN 200"", ""specification"": ""IS 2062"", ""standard"": ""IS 2062"", ""unit"": ""MTR""}",SAIL,1,STANDALONE_CANDIDATE,1.0,4a805cc1ecbc6f372d2b96d84e852c8adfde8dc58a5c88593e2a43a4c986d813,,,
CMM-PIPEF-4AA96E-001,CMM-PIPEF-4AA96E-001,PIPE/FITTING | COPPER ALLOY | DN 200 | IS 2062,PIPE/FITTING,,COPPER ALLOY,DN 200,,IS 2062,MTR,"{""connection_type"": """", ""construction"": """", ""end_type"": """", ""material"": """", ""material_family"": ""PIPE/FITTING"", ""material_grade"": ""COPPER ALLOY"", ""material_subtype"": """", ""material_type"": """", ""nominal_size"": """", ""orientation"": """", ""pressure_class"": """", ""rating"": """", ""size"": ""DN 200"", ""specification"": ""IS 2062"", ""standard"": ""IS 2062"", ""unit"": ""MTR""}",SAIL,1,STANDALONE_CANDIDATE,1.0,4aa96efe52c8aa254ffbf5b0919fbbe5d3dde8be4cd70e76c89f0ea25fe8551b,,,
CMM-PIPEF-4D7A52-001,CMM-PIPEF-4D7A52-001,PIPE/FITTING | ELBOW | ALLOY STEEL | DN 150 | ASME B16.9,PIPE/FITTING,ELBOW,ALLOY STEEL,DN 150,,ASME B16.9,MTR,"{""connection_type"": """", ""construction"": """", ""end_type"": """", ""material"": """", ""material_family"": ""PIPE/FITTING"", ""material_grade"": ""ALLOY STEEL"", ""material_subtype"": """", ""material_type"": ""ELBOW"", ""nominal_size"": """", ""orientation"": """", ""pressure_class"": """", ""rating"": """", ""size"": ""DN 150"", ""specification"": ""ASME B16.9"", ""standard"": ""ASME B16.9"", ""unit"": ""MTR""}",ONGC,1,STANDALONE_CANDIDATE,1.0,4d7a520e55e148bbf2240d8cf4ecb28a66e6828ae706bd11520e1ee2f6f7df01,,,
CMM-PIPEF-4E2A15-001,CMM-PIPEF-4E2A15-001,PIPE/FITTING | PIPE | SS 316L | 6 IN | ASME B16.5,PIPE/FITTING,PIPE,SS 316L,6 IN,,ASME B16.5,MTR,"{""connection_type"": """", ""construction"": """", ""end_type"": """", ""material"": ""STAINLESS STEEL"", ""material_family"": ""PIPE/FITTING"", ""material_grade"": ""SS 316L"", ""material_subtype"": """", ""material_type"": ""PIPE"", ""nominal_size"": """", ""orientation"": """", ""pressure_class"": """", ""rating"": """", ""size"": ""6 IN"", ""specification"": ""ASME B16.5"", ""standard"": ""ASME B16.5"", ""unit"": ""MTR""}",BHEL;HPCL;ONGC,3,VERIFIED_HARMONIZED,1.0,4e2a159890350f82b216b3f409ae0e22335a8ef0327f4839c293a4876764da01,,,
CMM-PIPEF-5115C2-001,CMM-PIPEF-5115C2-001,PIPE/FITTING | CARBON STEEL | DN 100 | IS 8598,PIPE/FITTING,,CARBON STEEL,DN 100,,IS 8598,MTR,"{""connection_type"": """", ""construction"": """", ""end_type"": """", ""material"": ""CARBON STEEL"", ""material_family"": ""PIPE/FITTING"", ""material_grade"": ""CARBON STEEL"", ""material_subtype"": """", ""material_type"": """", ""nominal_size"": """", ""orientation"": """", ""pressure_class"": """", ""rating"": """", ""size"": ""DN 100"", ""specification"": ""IS 8598"", ""standard"": ""IS 8598"", ""unit"": ""MTR""}",NMDC,1,STANDALONE_CANDIDATE,1.0,5115c2014dec4378d15aba6a1fe024e6a7cae08faa73f074e6ae2dad3e8817f6,,,
CMM-PIPEF-52E0BE-001,CMM-PIPEF-52E0BE-001,PIPE/FITTING | CARBON STEEL | DN 100 | IS 8598,PIPE/FITTING,,CARBON STEEL,DN 100,,IS 8598,MTR,"{""connection_type"": """", ""construction"": """", ""end_type"": """", ""material"": ""CARBON STEEL"", ""material_family"": ""PIPE/FITTING"", ""material_grade"": ""CARBON STEEL"", ""material_subtype"": """", ""material_type"": """", ""nominal_size"": """", ""orientation"": """", ""pressure_class"": """", ""rating"": """", ""size"": ""DN 100"", ""specification"": ""IS 8598"", ""standard"": ""IS 8598"", ""unit"": ""MTR""}",NMDC,1,STANDALONE_CANDIDATE,1.0,52e0be4171de563c97c9773dfd4e7799d433c2f120a8f99255a1cfc958e600bc,,,
CMM-PIPEF-54E39F-001,CMM-PIPEF-54E39F-001,PIPE/FITTING | CARBON STEEL | DN 100 | IS 8598,PIPE/FITTING,,CARBON STEEL,DN 100,,IS 8598,MTR,"{""connection_type"": """", ""construction"": """", ""end_type"": """", ""material"": ""CARBON STEEL"", ""material_family"": ""PIPE/FITTING"", ""material_grade"": ""CARBON STEEL"", ""material_subtype"": """", ""material_type"": """", ""nominal_size"": """", ""orientation"": """", ""pressure_class"": """", ""rating"": """", ""size"": ""DN 100"", ""specification"": ""IS 8598"", ""standard"": ""IS 8598"", ""unit"": ""MTR""}",NMDC,1,STANDALONE_CANDIDATE,1.0,54e39f91e1c7fd128f3d5f8d6f5051dab5bacdd3620c4296ff7fd1df254c6f31,,,
CMM-PIPEF-567132-001,CMM-PIPEF-567132-001,PIPE/FITTING | PIPE | IS 2062 | DN 50 | API 5L,PIPE/FITTING,PIPE,IS 2062,DN 50,,API 5L,MTR,"{""connection_type"": """", ""construction"": ""WELDED"", ""end_type"": """", ""material"": """", ""material_family"": ""PIPE/FITTING"", ""material_grade"": ""IS 2062"", ""material_subtype"": """", ""material_type"": ""PIPE"", ""nominal_size"": """", ""orientation"": """", ""pressure_class"": """", ""rating"": """", ""size"": ""DN 50"", ""specification"": ""API 5L"", ""standard"": ""API 5L"", ""unit"": ""MTR""}",NTPC;ONGC,2,VERIFIED_HARMONIZED,1.0,5671329462b07101248712d3dda3931dbed20ca61bddebfa551d147f044ee5c1,,,
CMM-PIPEF-577FE7-001,CMM-PIPEF-577FE7-001,PIPE/FITTING | CARBON STEEL | DN 100 | IS 8598,PIPE/FITTING,,CARBON STEEL,DN 100,,IS 8598,MTR,"{""connection_type"": """", ""construction"": """", ""end_type"": """", ""material"": ""CARBON STEEL"", ""material_family"": ""PIPE/FITTING"", ""material_grade"": ""CARBON STEEL"", ""material_subtype"": """", ""material_type"": """", ""nominal_size"": """", ""orientation"": """", ""pressure_class"": """", ""rating"": """", ""size"": ""DN 100"", ""specification"": ""IS 8598"", ""standard"": ""IS 8598"", ""unit"": ""MTR""}",NMDC,1,STANDALONE_CANDIDATE,1.0,577fe77836e215a4a4fa53660c106bf127b0bf0f3c015d7e516660c64b3754c2,,,
CMM-PIPEF-57AB81-001,CMM-PIPEF-57AB81-001,PIPE/FITTING | COPPER ALLOY | DN 200 | IS 2062,PIPE/FITTING,,COPPER ALLOY,DN 200,,IS 2062,MTR,"{""connection_type"": """", ""construction"": """", ""end_type"": """", ""material"": """", ""material_family"": ""PIPE/FITTING"", ""material_grade"": ""COPPER ALLOY"", ""material_subtype"": """", ""material_type"": """", ""nominal_size"": """", ""orientation"": """", ""pressure_class"": """", ""rating"": """", ""size"": ""DN 200"", ""specification"": ""IS 2062"", ""standard"": ""IS 2062"", ""unit"": ""MTR""}",SAIL,1,STANDALONE_CANDIDATE,1.0,57ab813a6f5527d64e79ad3ba73c4fd7bd8230a27b99faef1a2a73476364b056,,,
CMM-PIPEF-5A0AFC-001,CMM-PIPEF-5A0AFC-001,PIPE/FITTING | PIPE | ALLOY STEEL | DN 50 | ASME B16.5,PIPE/FITTING,PIPE,ALLOY STEEL,DN 50,,ASME B16.5,MTR,"{""connection_type"": """", ""construction"": """", ""end_type"": """", ""material"": """", ""material_family"": ""PIPE/FITTING"", ""material_grade"": ""ALLOY STEEL"", ""material_subtype"": """", ""material_type"": ""PIPE"", ""nominal_size"": """", ""orientation"": """", ""pressure_class"": """", ""rating"": """", ""size"": ""DN 50"", ""specification"": ""ASME B16.5"", ""standard"": ""ASME B16.5"", ""unit"": ""MTR""}",NMDC,1,STANDALONE_CANDIDATE,1.0,5a0afc505e69b91cc5d03cfbe12287f029b767ad8053f377ddff35410f6818ae,,,
CMM-PIPEF-5A39EE-001,CMM-PIPEF-5A39EE-001,PIPE/FITTING | COPPER ALLOY | DN 200 | IS 2062,PIPE/FITTING,,COPPER ALLOY,DN 200,,IS 2062,MTR,"{""connection_type"": """", ""construction"": """", ""end_type"": """", ""material"": """", ""material_family"": ""PIPE/FITTING"", ""material_grade"": ""COPPER ALLOY"", ""material_subtype"": """", ""material_type"": """", ""nominal_size"": """", ""orientation"": """", ""pressure_class"": """", ""rating"": """", ""size"": ""DN 200"", ""specification"": ""IS 2062"", ""standard"": ""IS 2062"", ""unit"": ""MTR""}",SAIL,1,STANDALONE_CANDIDATE,1.0,5a39ee5cb8600924be02e03dee67685a9ea8c9d9cc134904715300d7db074700,,,
CMM-PIPEF-5CAA25-001,CMM-PIPEF-5CAA25-001,PIPE/FITTING | COPPER ALLOY | DN 200 | IS 2062,PIPE/FITTING,,COPPER ALLOY,DN 200,,IS 2062,MTR,"{""connection_type"": """", ""construction"": """", ""end_type"": """", ""material"": """", ""material_family"": ""PIPE/FITTING"", ""material_grade"": ""COPPER ALLOY"", ""material_subtype"": """", ""material_type"": """", ""nominal_size"": """", ""orientation"": """", ""pressure_class"": """", ""rating"": """", ""size"": ""DN 200"", ""specification"": ""IS 2062"", ""standard"": ""IS 2062"", ""unit"": ""MTR""}",SAIL,1,STANDALONE_CANDIDATE,1.0,5caa25519e41df15a847f466336743ad7c8671c61736d5dcdb080dcff8c59683,,,
CMM-PIPEF-5D7A3B-001,CMM-PIPEF-5D7A3B-001,PIPE/FITTING | ELBOW | CARBON STEEL | 2 IN | API 5L,PIPE/FITTING,ELBOW,CARBON STEEL,2 IN,,API 5L,MTR,"{""connection_type"": """", ""construction"": """", ""end_type"": """", ""material"": ""CARBON STEEL"", ""material_family"": ""PIPE/FITTING"", ""material_grade"": ""CARBON STEEL"", ""material_subtype"": """", ""material_type"": ""ELBOW"", ""nominal_size"": """", ""orientation"": """", ""pressure_class"": """", ""rating"": """", ""size"": ""2 IN"", ""specification"": ""API 5L"", ""standard"": ""API 5L"", ""unit"": ""MTR""}",NTPC,1,STANDALONE_CANDIDATE,1.0,5d7a3bfcd77f42ae1d8ad15e21e72e5ff4a934f689040624a1637192a2effd47,,,
CMM-PIPEF-5F29C1-001,CMM-PIPEF-5F29C1-001,PIPE/FITTING | COPPER ALLOY | DN 200 | IS 2062,PIPE/FITTING,,COPPER ALLOY,DN 200,,IS 2062,MTR,"{""connection_type"": """", ""construction"": """", ""end_type"": """", ""material"": """", ""material_family"": ""PIPE/FITTING"", ""material_grade"": ""COPPER ALLOY"", ""material_subtype"": """", ""material_type"": """", ""nominal_size"": """", ""orientation"": """", ""pressure_class"": """", ""rating"": """", ""size"": ""DN 200"", ""specification"": ""IS 2062"", ""standard"": ""IS 2062"", ""unit"": ""MTR""}",SAIL,1,STANDALONE_CANDIDATE,1.0,5f29c17f837c37c1c64a41476b320530bfd3ad724f263e9476c85dca3dc7cd0e,,,
CMM-PIPEF-5FC852-001,CMM-PIPEF-5FC852-001,PIPE/FITTING | PIPE | SS 316L | DN 80 | IS 1239,PIPE/FITTING,PIPE,SS 316L,DN 80,,IS 1239,MTR,"{""connection_type"": """", ""construction"": ""WELDED"", ""end_type"": """", ""material"": ""STAINLESS STEEL"", ""material_family"": ""PIPE/FITTING"", ""material_grade"": ""SS 316L"", ""material_subtype"": """", ""material_type"": ""PIPE"", ""nominal_size"": """", ""orientation"": """", ""pressure_class"": """", ""rating"": """", ""size"": ""DN 80"", ""specification"": ""IS 1239"", ""standard"": ""IS 1239"", ""unit"": ""MTR""}",BHEL;SAIL,2,VERIFIED_HARMONIZED,1.0,5fc852a5d564df4254b89bac08fdd59b384ece6b5a2e6b822f6347ab826f51dc,,,
CMM-PIPEF-600943-001,CMM-PIPEF-600943-001,PIPE/FITTING | CARBON STEEL | DN 100 | IS 8598,PIPE/FITTING,,CARBON STEEL,DN 100,,IS 8598,MTR,"{""connection_type"": """", ""construction"": """", ""end_type"": """", ""material"": ""CARBON STEEL"", ""material_family"": ""PIPE/FITTING"", ""material_grade"": ""CARBON STEEL"", ""material_subtype"": """", ""material_type"": """", ""nominal_size"": """", ""orientation"": """", ""pressure_class"": """", ""rating"": """", ""size"": ""DN 100"", ""specification"": ""IS 8598"", ""standard"": ""IS 8598"", ""unit"": ""MTR""}",NMDC,1,STANDALONE_CANDIDATE,1.0,600943642fd486f28ff39b42dd980dd9212e8a5602e6a7f9fb77e5f17a5b993c,,,
CMM-PIPEF-636EA0-001,CMM-PIPEF-636EA0-001,PIPE/FITTING | CARBON STEEL | DN 100 | IS 8598,PIPE/FITTING,,CARBON STEEL,DN 100,,IS 8598,MTR,"{""connection_type"": """", ""construction"": """", ""end_type"": """", ""material"": ""CARBON STEEL"", ""material_family"": ""PIPE/FITTING"", ""material_grade"": ""CARBON STEEL"", ""material_subtype"": """", ""material_type"": """", ""nominal_size"": """", ""orientation"": """", ""pressure_class"": """", ""rating"": """", ""size"": ""DN 100"", ""specification"": ""IS 8598"", ""standard"": ""IS 8598"", ""unit"": ""MTR""}",NMDC,1,STANDALONE_CANDIDATE,1.0,636ea002602c12ed37bef78833ab770f88f9c7c25d15a68290d999075ac101c8,,,
CMM-PIPEF-67E91A-001,CMM-PIPEF-67E91A-001,PIPE/FITTING | ASTM A106 GR.B | DN 100 | ASME B16.9,PIPE/FITTING,,ASTM A106 GR.B,DN 100,,ASME B16.9,MTR,"{""connection_type"": """", ""construction"": """", ""end_type"": """", ""material"": """", ""material_family"": ""PIPE/FITTING"", ""material_grade"": ""ASTM A106 GR.B"", ""material_subtype"": """", ""material_type"": """", ""nominal_size"": """", ""orientation"": """", ""pressure_class"": """", ""rating"": """", ""size"": ""DN 100"", ""specification"": ""ASME B16.9"", ""standard"": ""ASME B16.9"", ""unit"": ""MTR""}",BHEL;IOCL,2,VERIFIED_HARMONIZED,1.0,67e91af4f45bbda69ebb97811f597d4e40b1a56f53c83a4750dec199d73b47a0,,,
CMM-PIPEF-68A5E4-001,CMM-PIPEF-68A5E4-001,PIPE/FITTING | FLANGE | ASTM A106 GR.B | 2 IN | ASTM A106,PIPE/FITTING,FLANGE,ASTM A106 GR.B,2 IN,,ASTM A106,MTR,"{""connection_type"": """", ""construction"": """", ""end_type"": """", ""material"": """", ""material_family"": ""PIPE/FITTING"", ""material_grade"": ""ASTM A106 GR.B"", ""material_subtype"": """", ""material_type"": ""FLANGE"", ""nominal_size"": """", ""orientation"": """", ""pressure_class"": """", ""rating"": """", ""size"": ""2 IN"", ""specification"": ""ASTM A106"", ""standard"": ""ASTM A106"", ""unit"": ""MTR""}",BHEL;IOCL;NTPC;ONGC,4,VERIFIED_HARMONIZED,1.0,68a5e45b81e13796967b810b734a2c291858c14482c49d47f82e484b9505a25a,,,
CMM-PIPEF-6980E3-001,CMM-PIPEF-6980E3-001,PIPE/FITTING | CARBON STEEL | DN 100 | IS 8598,PIPE/FITTING,,CARBON STEEL,DN 100,,IS 8598,MTR,"{""connection_type"": """", ""construction"": """", ""end_type"": """", ""material"": ""CARBON STEEL"", ""material_family"": ""PIPE/FITTING"", ""material_grade"": ""CARBON STEEL"", ""material_subtype"": """", ""material_type"": """", ""nominal_size"": """", ""orientation"": """", ""pressure_class"": """", ""rating"": """", ""size"": ""DN 100"", ""specification"": ""IS 8598"", ""standard"": ""IS 8598"", ""unit"": ""MTR""}",NMDC,1,STANDALONE_CANDIDATE,1.0,6980e3c366b337d7c8ac05d4ebee674868c207124af9c9211a986e10a50ce7df,,,
CMM-PIPEF-69E890-001,CMM-PIPEF-69E890-001,PIPE/FITTING | ELBOW | IS 2062 | 2 IN | ASTM A106,PIPE/FITTING,ELBOW,IS 2062,2 IN,,ASTM A106,MTR,"{""connection_type"": """", ""construction"": """", ""end_type"": """", ""material"": """", ""material_family"": ""PIPE/FITTING"", ""material_grade"": ""IS 2062"", ""material_subtype"": """", ""material_type"": ""ELBOW"", ""nominal_size"": """", ""orientation"": """", ""pressure_class"": """", ""rating"": """", ""size"": ""2 IN"", ""specification"": ""ASTM A106"", ""standard"": ""ASTM A106"", ""unit"": ""MTR""}",BHEL;HPCL,2,VERIFIED_HARMONIZED,1.0,69e890645789bd4c0942dc330d4ce69ba0acff76a07e19b96785e569bb5e5e6e,,,
CMM-PIPEF-6B3D5C-001,CMM-PIPEF-6B3D5C-001,PIPE/FITTING | CARBON STEEL | DN 100 | IS 8598,PIPE/FITTING,,CARBON STEEL,DN 100,,IS 8598,MTR,"{""connection_type"": """", ""construction"": """", ""end_type"": """", ""material"": ""CARBON STEEL"", ""material_family"": ""PIPE/FITTING"", ""material_grade"": ""CARBON STEEL"", ""material_subtype"": """", ""material_type"": """", ""nominal_size"": """", ""orientation"": """", ""pressure_class"": """", ""rating"": """", ""size"": ""DN 100"", ""specification"": ""IS 8598"", ""standard"": ""IS 8598"", ""unit"": ""MTR""}",NMDC,1,STANDALONE_CANDIDATE,1.0,6b3d5c9a307260020e3e234aadf4300d8e69ea6aa34c005f8923bd3701dec036,,,
CMM-PIPEF-6BB345-001,CMM-PIPEF-6BB345-001,PIPE/FITTING | CARBON STEEL | DN 100 | IS 8598,PIPE/FITTING,,CARBON STEEL,DN 100,,IS 8598,MTR,"{""connection_type"": """", ""construction"": """", ""end_type"": """", ""material"": ""CARBON STEEL"", ""material_family"": ""PIPE/FITTING"", ""material_grade"": ""CARBON STEEL"", ""material_subtype"": """", ""material_type"": """", ""nominal_size"": """", ""orientation"": """", ""pressure_class"": """", ""rating"": """", ""size"": ""DN 100"", ""specification"": ""IS 8598"", ""standard"": ""IS 8598"", ""unit"": ""MTR""}",NMDC,1,STANDALONE_CANDIDATE,1.0,6bb3458c9e80bb59b3decb0434e2c5c8dfd2091a7ab890cd0869e4d3bab96751,,,
CMM-PIPEF-6C2AF1-001,CMM-PIPEF-6C2AF1-001,PIPE/FITTING | CARBON STEEL | DN 100 | IS 8598,PIPE/FITTING,,CARBON STEEL,DN 100,,IS 8598,MTR,"{""connection_type"": """", ""construction"": """", ""end_type"": """", ""material"": ""CARBON STEEL"", ""material_family"": ""PIPE/FITTING"", ""material_grade"": ""CARBON STEEL"", ""material_subtype"": """", ""material_type"": """", ""nominal_size"": """", ""orientation"": """", ""pressure_class"": """", ""rating"": """", ""size"": ""DN 100"", ""specification"": ""IS 8598"", ""standard"": ""IS 8598"", ""unit"": ""MTR""}",NMDC,1,STANDALONE_CANDIDATE,1.0,6c2af174a6128897188f0edcff99945d741e53f533ccefbe2bc733f43b9f2ee0,,,
CMM-PIPEF-6ED031-001,CMM-PIPEF-6ED031-001,PIPE/FITTING | CARBON STEEL | DN 100 | IS 8598,PIPE/FITTING,,CARBON STEEL,DN 100,,IS 8598,MTR,"{""connection_type"": """", ""construction"": """", ""end_type"": """", ""material"": ""CARBON STEEL"", ""material_family"": ""PIPE/FITTING"", ""material_grade"": ""CARBON STEEL"", ""material_subtype"": """", ""material_type"": """", ""nominal_size"": """", ""orientation"": """", ""pressure_class"": """", ""rating"": """", ""size"": ""DN 100"", ""specification"": ""IS 8598"", ""standard"": ""IS 8598"", ""unit"": ""MTR""}",NMDC,1,STANDALONE_CANDIDATE,1.0,6ed03161d3743df23ae13cc9a0d50042c6a6d6fded15f389d4259671bd16638a,,,
CMM-PIPEF-722ED3-001,CMM-PIPEF-722ED3-001,PIPE/FITTING | COPPER ALLOY | DN 200 | IS 2062,PIPE/FITTING,,COPPER ALLOY,DN 200,,IS 2062,MTR,"{""connection_type"": """", ""construction"": """", ""end_type"": """", ""material"": """", ""material_family"": ""PIPE/FITTING"", ""material_grade"": ""COPPER ALLOY"", ""material_subtype"": """", ""material_type"": """", ""nominal_size"": """", ""orientation"": """", ""pressure_class"": """", ""rating"": """", ""size"": ""DN 200"", ""specification"": ""IS 2062"", ""standard"": ""IS 2062"", ""unit"": ""MTR""}",SAIL,1,STANDALONE_CANDIDATE,1.0,722ed3878df56121a9715b4a6c47949f84762eb08b9393de513988f1ed519bae,,,
CMM-PIPEF-7284AD-001,CMM-PIPEF-7284AD-001,PIPE/FITTING | ALLOY STEEL | 2 IN | API 5L,PIPE/FITTING,,ALLOY STEEL,2 IN,,API 5L,MTR,"{""connection_type"": """", ""construction"": """", ""end_type"": """", ""material"": """", ""material_family"": ""PIPE/FITTING"", ""material_grade"": ""ALLOY STEEL"", ""material_subtype"": """", ""material_type"": """", ""nominal_size"": """", ""orientation"": """", ""pressure_class"": """", ""rating"": """", ""size"": ""2 IN"", ""specification"": ""API 5L"", ""standard"": ""API 5L"", ""unit"": ""MTR""}",NTPC,1,STANDALONE_CANDIDATE,1.0,7284ad073dd3647e524145ffe62e18574562fb03abfb460868b17f3858850ea1,,,
CMM-PIPEF-7491FE-001,CMM-PIPEF-7491FE-001,PIPE/FITTING | COPPER ALLOY | DN 200 | IS 2062,PIPE/FITTING,,COPPER ALLOY,DN 200,,IS 2062,MTR,"{""connection_type"": """", ""construction"": """", ""end_type"": """", ""material"": """", ""material_family"": ""PIPE/FITTING"", ""material_grade"": ""COPPER ALLOY"", ""material_subtype"": """", ""material_type"": """", ""nominal_size"": """", ""orientation"": """", ""pressure_class"": """", ""rating"": """", ""size"": ""DN 200"", ""specification"": ""IS 2062"", ""standard"": ""IS 2062"", ""unit"": ""MTR""}",SAIL,1,STANDALONE_CANDIDATE,1.0,7491fe8421dd8226b18489951ff91775e35fa6f1a0751e9e687af9aae35e3f69,,,
CMM-PIPEF-773DC4-001,CMM-PIPEF-773DC4-001,PIPE/FITTING | FLANGE | CARBON STEEL | DN 80 | IS 1239,PIPE/FITTING,FLANGE,CARBON STEEL,DN 80,,IS 1239,MTR,"{""connection_type"": """", ""construction"": """", ""end_type"": """", ""material"": ""CARBON STEEL"", ""material_family"": ""PIPE/FITTING"", ""material_grade"": ""CARBON STEEL"", ""material_subtype"": """", ""material_type"": ""FLANGE"", ""nominal_size"": """", ""orientation"": """", ""pressure_class"": """", ""rating"": """", ""size"": ""DN 80"", ""specification"": ""IS 1239"", ""standard"": ""IS 1239"", ""unit"": ""MTR""}",BHEL,1,STANDALONE_CANDIDATE,1.0,773dc4146c6ceae133cae134d3c6fbdec56bff92268cadc43fff399924802125,,,
CMM-PIPEF-775C7D-001,CMM-PIPEF-775C7D-001,PIPE/FITTING | FLANGE | SS 316L | DN 150 | ASTM A106,PIPE/FITTING,FLANGE,SS 316L,DN 150,,ASTM A106,MTR,"{""connection_type"": """", ""construction"": """", ""end_type"": """", ""material"": ""STAINLESS STEEL"", ""material_family"": ""PIPE/FITTING"", ""material_grade"": ""SS 316L"", ""material_subtype"": """", ""material_type"": ""FLANGE"", ""nominal_size"": """", ""orientation"": """", ""pressure_class"": """", ""rating"": """", ""size"": ""DN 150"", ""specification"": ""ASTM A106"", ""standard"": ""ASTM A106"", ""unit"": ""MTR""}",IOCL;ONGC,2,VERIFIED_HARMONIZED,1.0,775c7d94a9d674be9d8be5b92d166f3805f2ccbd03f517d372474d0d52882910,,,
CMM-PIPEF-779420-001,CMM-PIPEF-779420-001,PIPE/FITTING | FLANGE | IS 2062 | DN 50 | ASME B16.5,PIPE/FITTING,FLANGE,IS 2062,DN 50,,ASME B16.5,MTR,"{""connection_type"": """", ""construction"": """", ""end_type"": """", ""material"": """", ""material_family"": ""PIPE/FITTING"", ""material_grade"": ""IS 2062"", ""material_subtype"": """", ""material_type"": ""FLANGE"", ""nominal_size"": """", ""orientation"": """", ""pressure_class"": """", ""rating"": """", ""size"": ""DN 50"", ""specification"": ""ASME B16.5"", ""standard"": ""ASME B16.5"", ""unit"": ""MTR""}",IOCL;NTPC;ONGC;SAIL,4,VERIFIED_HARMONIZED,1.0,7794202be85cedd3caec7edbe6b27229007b4d4dd5c85356b1cb7d5fbfe6f614,,,
CMM-PIPEF-78ED74-001,CMM-PIPEF-78ED74-001,PIPE/FITTING | CARBON STEEL | DN 100 | IS 8598,PIPE/FITTING,,CARBON STEEL,DN 100,,IS 8598,MTR,"{""connection_type"": """", ""construction"": """", ""end_type"": """", ""material"": ""CARBON STEEL"", ""material_family"": ""PIPE/FITTING"", ""material_grade"": ""CARBON STEEL"", ""material_subtype"": """", ""material_type"": """", ""nominal_size"": """", ""orientation"": """", ""pressure_class"": """", ""rating"": """", ""size"": ""DN 100"", ""specification"": ""IS 8598"", ""standard"": ""IS 8598"", ""unit"": ""MTR""}",NMDC,1,STANDALONE_CANDIDATE,1.0,78ed744d1f4de505fd35920b77de32d4a6a94ee59b198356958465fd0859de2a,,,
CMM-PIPEF-7963C4-001,CMM-PIPEF-7963C4-001,PIPE/FITTING | CARBON STEEL | DN 100 | IS 8598,PIPE/FITTING,,CARBON STEEL,DN 100,,IS 8598,MTR,"{""connection_type"": """", ""construction"": """", ""end_type"": """", ""material"": ""CARBON STEEL"", ""material_family"": ""PIPE/FITTING"", ""material_grade"": ""CARBON STEEL"", ""material_subtype"": """", ""material_type"": """", ""nominal_size"": """", ""orientation"": """", ""pressure_class"": """", ""rating"": """", ""size"": ""DN 100"", ""specification"": ""IS 8598"", ""standard"": ""IS 8598"", ""unit"": ""MTR""}",NMDC,1,STANDALONE_CANDIDATE,1.0,7963c4dec651a94506a00abdc66c019a516296889ffb43043e2016d2da295205,,,
CMM-PIPEF-7A5764-001,CMM-PIPEF-7A5764-001,PIPE/FITTING | FLANGE | ALLOY STEEL | DN 50 | ASTM A106,PIPE/FITTING,FLANGE,ALLOY STEEL,DN 50,,ASTM A106,MTR,"{""connection_type"": """", ""construction"": """", ""end_type"": """", ""material"": """", ""material_family"": ""PIPE/FITTING"", ""material_grade"": ""ALLOY STEEL"", ""material_subtype"": """", ""material_type"": ""FLANGE"", ""nominal_size"": """", ""orientation"": """", ""pressure_class"": """", ""rating"": """", ""size"": ""DN 50"", ""specification"": ""ASTM A106"", ""standard"": ""ASTM A106"", ""unit"": ""MTR""}",BHEL;HPCL;NMDC;SAIL,4,VERIFIED_HARMONIZED,1.0,7a576450edb1e6b629925ecaff85a5b45593a7e582c98b8a44456fea1a9a6334,,,
CMM-PIPEF-7B9DF8-001,CMM-PIPEF-7B9DF8-001,PIPE/FITTING | CARBON STEEL | DN 100 | IS 8598,PIPE/FITTING,,CARBON STEEL,DN 100,,IS 8598,MTR,"{""connection_type"": """", ""construction"": """", ""end_type"": """", ""material"": ""CARBON STEEL"", ""material_family"": ""PIPE/FITTING"", ""material_grade"": ""CARBON STEEL"", ""material_subtype"": """", ""material_type"": """", ""nominal_size"": """", ""orientation"": """", ""pressure_class"": """", ""rating"": """", ""size"": ""DN 100"", ""specification"": ""IS 8598"", ""standard"": ""IS 8598"", ""unit"": ""MTR""}",NMDC,1,STANDALONE_CANDIDATE,1.0,7b9df8940b4312ecfd0ae22016c675712665542fbcaf18dc23a9baaa3bc25a1b,,,
CMM-PIPEF-7DD684-001,CMM-PIPEF-7DD684-001,PIPE/FITTING | CARBON STEEL | DN 100 | IS 8598,PIPE/FITTING,,CARBON STEEL,DN 100,,IS 8598,MTR,"{""connection_type"": """", ""construction"": """", ""end_type"": """", ""material"": ""CARBON STEEL"", ""material_family"": ""PIPE/FITTING"", ""material_grade"": ""CARBON STEEL"", ""material_subtype"": """", ""material_type"": """", ""nominal_size"": """", ""orientation"": """", ""pressure_class"": """", ""rating"": """", ""size"": ""DN 100"", ""specification"": ""IS 8598"", ""standard"": ""IS 8598"", ""unit"": ""MTR""}",NMDC,1,STANDALONE_CANDIDATE,1.0,7dd6849a0aed87acb98c3e108df97713969e3e6d3b2dffa9cbb36a8f57438480,,,
CMM-PIPEF-7F1EC6-001,CMM-PIPEF-7F1EC6-001,PIPE/FITTING | PIPE | SS 316L | 6 IN | ASTM A106,PIPE/FITTING,PIPE,SS 316L,6 IN,,ASTM A106,MTR,"{""connection_type"": """", ""construction"": ""WELDED"", ""end_type"": """", ""material"": ""STAINLESS STEEL"", ""material_family"": ""PIPE/FITTING"", ""material_grade"": ""SS 316L"", ""material_subtype"": """", ""material_type"": ""PIPE"", ""nominal_size"": """", ""orientation"": """", ""pressure_class"": """", ""rating"": """", ""size"": ""6 IN"", ""specification"": ""ASTM A106"", ""standard"": ""ASTM A106"", ""unit"": ""MTR""}",BHEL;ONGC,2,VERIFIED_HARMONIZED,1.0,7f1ec6b4b385007713eae62d104580b21b2402baa2957388715a5f3235b02872,,,
CMM-PIPEF-7F80EA-001,CMM-PIPEF-7F80EA-001,PIPE/FITTING | COPPER ALLOY | DN 200 | IS 2062,PIPE/FITTING,,COPPER ALLOY,DN 200,,IS 2062,MTR,"{""connection_type"": """", ""construction"": """", ""end_type"": """", ""material"": """", ""material_family"": ""PIPE/FITTING"", ""material_grade"": ""COPPER ALLOY"", ""material_subtype"": """", ""material_type"": """", ""nominal_size"": """", ""orientation"": """", ""pressure_class"": """", ""rating"": """", ""size"": ""DN 200"", ""specification"": ""IS 2062"", ""standard"": ""IS 2062"", ""unit"": ""MTR""}",SAIL,1,STANDALONE_CANDIDATE,1.0,7f80ea9d8a2049b111e618d7aa491228a4975d12fc421a6d1a967038ef98118e,,,
CMM-PIPEF-814451-001,CMM-PIPEF-814451-001,PIPE/FITTING | PIPE | SS 316L | DN 100 | IS 1239,PIPE/FITTING,PIPE,SS 316L,DN 100,,IS 1239,MTR,"{""connection_type"": """", ""construction"": ""SEAMLESS"", ""end_type"": """", ""material"": ""STAINLESS STEEL"", ""material_family"": ""PIPE/FITTING"", ""material_grade"": ""SS 316L"", ""material_subtype"": """", ""material_type"": ""PIPE"", ""nominal_size"": """", ""orientation"": """", ""pressure_class"": """", ""rating"": """", ""size"": ""DN 100"", ""specification"": ""IS 1239"", ""standard"": ""IS 1239"", ""unit"": ""MTR""}",BHEL;IOCL;NTPC;SAIL,4,VERIFIED_HARMONIZED,1.0,814451b0aa0bb942a50c722d720ca97d00732313dde4ca10ff3963364ad6b15a,,,
CMM-PIPEF-814B57-001,CMM-PIPEF-814B57-001,PIPE/FITTING | ELBOW | SS 316L | DN 50 | ASME B16.5,PIPE/FITTING,ELBOW,SS 316L,DN 50,,ASME B16.5,MTR,"{""connection_type"": """", ""construction"": """", ""end_type"": """", ""material"": ""STAINLESS STEEL"", ""material_family"": ""PIPE/FITTING"", ""material_grade"": ""SS 316L"", ""material_subtype"": """", ""material_type"": ""ELBOW"", ""nominal_size"": """", ""orientation"": """", ""pressure_class"": """", ""rating"": """", ""size"": ""DN 50"", ""specification"": ""ASME B16.5"", ""standard"": ""ASME B16.5"", ""unit"": ""MTR""}",Coal India;HPCL,2,VERIFIED_HARMONIZED,1.0,814b579a43cda5e1934cd7caf286e8918ceec64b31e7217b1560063d4e3b1562,,,
CMM-PIPEF-8291FD-001,CMM-PIPEF-8291FD-001,PIPE/FITTING | CARBON STEEL | DN 100 | IS 8598,PIPE/FITTING,,CARBON STEEL,DN 100,,IS 8598,MTR,"{""connection_type"": """", ""construction"": """", ""end_type"": """", ""material"": ""CARBON STEEL"", ""material_family"": ""PIPE/FITTING"", ""material_grade"": ""CARBON STEEL"", ""material_subtype"": """", ""material_type"": """", ""nominal_size"": """", ""orientation"": """", ""pressure_class"": """", ""rating"": """", ""size"": ""DN 100"", ""specification"": ""IS 8598"", ""standard"": ""IS 8598"", ""unit"": ""MTR""}",NMDC,1,STANDALONE_CANDIDATE,1.0,8291fde6b27b9c52cd8ff970bb0621f7325cab398f17f46325042e0ca08ce633,,,
CMM-PIPEF-82D677-001,CMM-PIPEF-82D677-001,PIPE/FITTING | ALLOY STEEL | DN 100 | ASME B16.5,PIPE/FITTING,,ALLOY STEEL,DN 100,,ASME B16.5,MTR,"{""connection_type"": """", ""construction"": """", ""end_type"": """", ""material"": """", ""material_family"": ""PIPE/FITTING"", ""material_grade"": ""ALLOY STEEL"", ""material_subtype"": """", ""material_type"": """", ""nominal_size"": """", ""orientation"": """", ""pressure_class"": """", ""rating"": """", ""size"": ""DN 100"", ""specification"": ""ASME B16.5"", ""standard"": ""ASME B16.5"", ""unit"": ""MTR""}",IOCL,1,STANDALONE_CANDIDATE,1.0,82d677db1d8cbdf8e12c6897e53aefe2dea1b2cafe577bd5b0954fde9f18794b,,,
CMM-PIPEF-85C204-001,CMM-PIPEF-85C204-001,PIPE/FITTING | PIPE | CARBON STEEL | 6 IN | ASME B16.9,PIPE/FITTING,PIPE,CARBON STEEL,6 IN,,ASME B16.9,MTR,"{""connection_type"": """", ""construction"": ""SEAMLESS"", ""end_type"": """", ""material"": ""CARBON STEEL"", ""material_family"": ""PIPE/FITTING"", ""material_grade"": ""CARBON STEEL"", ""material_subtype"": """", ""material_type"": ""PIPE"", ""nominal_size"": """", ""orientation"": """", ""pressure_class"": """", ""rating"": """", ""size"": ""6 IN"", ""specification"": ""ASME B16.9"", ""standard"": ""ASME B16.9"", ""unit"": ""MTR""}",SAIL,1,STANDALONE_CANDIDATE,1.0,85c204d81d93b0e64a21de462afa3f365eab08abf73599f7f6582fcae7572844,,,
CMM-PIPEF-884E70-001,CMM-PIPEF-884E70-001,PIPE/FITTING | CARBON STEEL | DN 100 | IS 8598,PIPE/FITTING,,CARBON STEEL,DN 100,,IS 8598,MTR,"{""connection_type"": """", ""construction"": """", ""end_type"": """", ""material"": ""CARBON STEEL"", ""material_family"": ""PIPE/FITTING"", ""material_grade"": ""CARBON STEEL"", ""material_subtype"": """", ""material_type"": """", ""nominal_size"": """", ""orientation"": """", ""pressure_class"": """", ""rating"": """", ""size"": ""DN 100"", ""specification"": ""IS 8598"", ""standard"": ""IS 8598"", ""unit"": ""MTR""}",NMDC,1,STANDALONE_CANDIDATE,1.0,884e707fb3b6dd8adb85e66304b95ed34d882cbd4ac39cffca6efba795fee26d,,,
CMM-PIPEF-886747-001,CMM-PIPEF-886747-001,PIPE/FITTING | PIPE | IS 2062 | DN 80 | ASME B16.9,PIPE/FITTING,PIPE,IS 2062,DN 80,,ASME B16.9,MTR,"{""connection_type"": """", ""construction"": ""WELDED"", ""end_type"": """", ""material"": """", ""material_family"": ""PIPE/FITTING"", ""material_grade"": ""IS 2062"", ""material_subtype"": """", ""material_type"": ""PIPE"", ""nominal_size"": """", ""orientation"": """", ""pressure_class"": """", ""rating"": """", ""size"": ""DN 80"", ""specification"": ""ASME B16.9"", ""standard"": ""ASME B16.9"", ""unit"": ""MTR""}",Coal India;HPCL;ONGC;SAIL,4,VERIFIED_HARMONIZED,1.0,8867475bcfbc4b7248735d0adf343caad50ae4adb584ccd1bcf553b70a2c9c5c,,,
CMM-PIPEF-887486-001,CMM-PIPEF-887486-001,PIPE/FITTING | ALLOY STEEL | DN 80 | ASME B16.9,PIPE/FITTING,,ALLOY STEEL,DN 80,,ASME B16.9,MTR,"{""connection_type"": """", ""construction"": """", ""end_type"": """", ""material"": """", ""material_family"": ""PIPE/FITTING"", ""material_grade"": ""ALLOY STEEL"", ""material_subtype"": """", ""material_type"": """", ""nominal_size"": """", ""orientation"": """", ""pressure_class"": """", ""rating"": """", ""size"": ""DN 80"", ""specification"": ""ASME B16.9"", ""standard"": ""ASME B16.9"", ""unit"": ""MTR""}",BHEL;IOCL;NMDC;NTPC;ONGC,5,VERIFIED_HARMONIZED,1.0,887486289b00007d7c6e421745788a0c91bd619e73dedae9cc539b75cd07f863,,,
CMM-PIPEF-888E21-001,CMM-PIPEF-888E21-001,PIPE/FITTING | PIPE | CARBON STEEL | DN 150 | ASTM A106,PIPE/FITTING,PIPE,CARBON STEEL,DN 150,,ASTM A106,MTR,"{""connection_type"": """", ""construction"": ""SEAMLESS"", ""end_type"": """", ""material"": ""CARBON STEEL"", ""material_family"": ""PIPE/FITTING"", ""material_grade"": ""CARBON STEEL"", ""material_subtype"": """", ""material_type"": ""PIPE"", ""nominal_size"": """", ""orientation"": """", ""pressure_class"": """", ""rating"": """", ""size"": ""DN 150"", ""specification"": ""ASTM A106"", ""standard"": ""ASTM A106"", ""unit"": ""MTR""}",BHEL;HPCL;NMDC,3,VERIFIED_HARMONIZED,1.0,888e219c0c18ff982d51d72b09c46a22ba6e81b7b7df843a6ca76405793b9ba0,,,
CMM-PIPEF-89C3D4-001,CMM-PIPEF-89C3D4-001,PIPE/FITTING | CARBON STEEL | DN 100 | IS 8598,PIPE/FITTING,,CARBON STEEL,DN 100,,IS 8598,MTR,"{""connection_type"": """", ""construction"": """", ""end_type"": """", ""material"": ""CARBON STEEL"", ""material_family"": ""PIPE/FITTING"", ""material_grade"": ""CARBON STEEL"", ""material_subtype"": """", ""material_type"": """", ""nominal_size"": """", ""orientation"": """", ""pressure_class"": """", ""rating"": """", ""size"": ""DN 100"", ""specification"": ""IS 8598"", ""standard"": ""IS 8598"", ""unit"": ""MTR""}",NMDC,1,STANDALONE_CANDIDATE,1.0,89c3d49467a4b31312e7ea22bf036b89bbd827c144386183af14534753ce69af,,,
CMM-PIPEF-8A5B63-001,CMM-PIPEF-8A5B63-001,PIPE/FITTING | CARBON STEEL | DN 100 | IS 8598,PIPE/FITTING,,CARBON STEEL,DN 100,,IS 8598,MTR,"{""connection_type"": """", ""construction"": """", ""end_type"": """", ""material"": ""CARBON STEEL"", ""material_family"": ""PIPE/FITTING"", ""material_grade"": ""CARBON STEEL"", ""material_subtype"": """", ""material_type"": """", ""nominal_size"": """", ""orientation"": """", ""pressure_class"": """", ""rating"": """", ""size"": ""DN 100"", ""specification"": ""IS 8598"", ""standard"": ""IS 8598"", ""unit"": ""MTR""}",NMDC,1,STANDALONE_CANDIDATE,1.0,8a5b6311f606b0b3a1e7b64c323d53f197ff556cc21f73f76163bc03be2327c8,,,
CMM-PIPEF-8B6C6B-001,CMM-PIPEF-8B6C6B-001,PIPE/FITTING | PIPE | CARBON STEEL | DN 80 | ASME B16.9,PIPE/FITTING,PIPE,CARBON STEEL,DN 80,,ASME B16.9,MTR,"{""connection_type"": """", ""construction"": ""WELDED"", ""end_type"": """", ""material"": ""CARBON STEEL"", ""material_family"": ""PIPE/FITTING"", ""material_grade"": ""CARBON STEEL"", ""material_subtype"": """", ""material_type"": ""PIPE"", ""nominal_size"": """", ""orientation"": """", ""pressure_class"": """", ""rating"": """", ""size"": ""DN 80"", ""specification"": ""ASME B16.9"", ""standard"": ""ASME B16.9"", ""unit"": ""MTR""}",NMDC,1,STANDALONE_CANDIDATE,1.0,8b6c6b4744c7811019492d0fd29e0d92e2595cf32f0c0260cff5ef4bf35c48b8,,,
CMM-PIPEF-8BCEEA-001,CMM-PIPEF-8BCEEA-001,PIPE/FITTING | COPPER ALLOY | DN 200 | IS 2062,PIPE/FITTING,,COPPER ALLOY,DN 200,,IS 2062,MTR,"{""connection_type"": """", ""construction"": """", ""end_type"": """", ""material"": """", ""material_family"": ""PIPE/FITTING"", ""material_grade"": ""COPPER ALLOY"", ""material_subtype"": """", ""material_type"": """", ""nominal_size"": """", ""orientation"": """", ""pressure_class"": """", ""rating"": """", ""size"": ""DN 200"", ""specification"": ""IS 2062"", ""standard"": ""IS 2062"", ""unit"": ""MTR""}",SAIL,1,STANDALONE_CANDIDATE,1.0,8bceea2fe638c08dfecc633b0dea917288803bcf9f38a8378d2eb326f115b54c,,,
CMM-PIPEF-8F3A97-001,CMM-PIPEF-8F3A97-001,PIPE/FITTING | COPPER ALLOY | DN 200 | IS 2062,PIPE/FITTING,,COPPER ALLOY,DN 200,,IS 2062,MTR,"{""connection_type"": """", ""construction"": """", ""end_type"": """", ""material"": """", ""material_family"": ""PIPE/FITTING"", ""material_grade"": ""COPPER ALLOY"", ""material_subtype"": """", ""material_type"": """", ""nominal_size"": """", ""orientation"": """", ""pressure_class"": """", ""rating"": """", ""size"": ""DN 200"", ""specification"": ""IS 2062"", ""standard"": ""IS 2062"", ""unit"": ""MTR""}",SAIL,1,STANDALONE_CANDIDATE,1.0,8f3a971cf9ec11891df5da9bb79b095fcfb4648e00da5607e52eb2acb36333b1,,,
CMM-PIPEF-8FF216-001,CMM-PIPEF-8FF216-001,PIPE/FITTING | COPPER ALLOY | DN 200 | IS 2062,PIPE/FITTING,,COPPER ALLOY,DN 200,,IS 2062,MTR,"{""connection_type"": """", ""construction"": """", ""end_type"": """", ""material"": """", ""material_family"": ""PIPE/FITTING"", ""material_grade"": ""COPPER ALLOY"", ""material_subtype"": """", ""material_type"": """", ""nominal_size"": """", ""orientation"": """", ""pressure_class"": """", ""rating"": """", ""size"": ""DN 200"", ""specification"": ""IS 2062"", ""standard"": ""IS 2062"", ""unit"": ""MTR""}",SAIL,1,STANDALONE_CANDIDATE,1.0,8ff216276959ec77332bf81ea33bc5f67cdb4a7a40a469cd396a0870a1971e5a,,,
CMM-PIPEF-900B09-001,CMM-PIPEF-900B09-001,PIPE/FITTING | COPPER ALLOY | DN 200 | IS 2062,PIPE/FITTING,,COPPER ALLOY,DN 200,,IS 2062,MTR,"{""connection_type"": """", ""construction"": """", ""end_type"": """", ""material"": """", ""material_family"": ""PIPE/FITTING"", ""material_grade"": ""COPPER ALLOY"", ""material_subtype"": """", ""material_type"": """", ""nominal_size"": """", ""orientation"": """", ""pressure_class"": """", ""rating"": """", ""size"": ""DN 200"", ""specification"": ""IS 2062"", ""standard"": ""IS 2062"", ""unit"": ""MTR""}",SAIL,1,STANDALONE_CANDIDATE,1.0,900b09b08b250ac71333fad1fd87b6b808afce9139ece3b39db5cf085d3d4acd,,,
CMM-PIPEF-9073A1-001,CMM-PIPEF-9073A1-001,PIPE/FITTING | COPPER ALLOY | DN 200 | IS 2062,PIPE/FITTING,,COPPER ALLOY,DN 200,,IS 2062,MTR,"{""connection_type"": """", ""construction"": """", ""end_type"": """", ""material"": """", ""material_family"": ""PIPE/FITTING"", ""material_grade"": ""COPPER ALLOY"", ""material_subtype"": """", ""material_type"": """", ""nominal_size"": """", ""orientation"": """", ""pressure_class"": """", ""rating"": """", ""size"": ""DN 200"", ""specification"": ""IS 2062"", ""standard"": ""IS 2062"", ""unit"": ""MTR""}",SAIL,1,STANDALONE_CANDIDATE,1.0,9073a176dd429f3e5e512772ca1c1c3238b83b06e2942ea5a898bbdf13b17970,,,
CMM-PIPEF-91BBA0-001,CMM-PIPEF-91BBA0-001,PIPE/FITTING | CARBON STEEL | DN 100 | IS 8598,PIPE/FITTING,,CARBON STEEL,DN 100,,IS 8598,MTR,"{""connection_type"": """", ""construction"": """", ""end_type"": """", ""material"": ""CARBON STEEL"", ""material_family"": ""PIPE/FITTING"", ""material_grade"": ""CARBON STEEL"", ""material_subtype"": """", ""material_type"": """", ""nominal_size"": """", ""orientation"": """", ""pressure_class"": """", ""rating"": """", ""size"": ""DN 100"", ""specification"": ""IS 8598"", ""standard"": ""IS 8598"", ""unit"": ""MTR""}",NMDC,1,STANDALONE_CANDIDATE,1.0,91bba00ae2f05b128ca8c6354bbad24f360906e2b117aa34569a660c3d064162,,,
CMM-PIPEF-91DF1A-001,CMM-PIPEF-91DF1A-001,PIPE/FITTING | SS 316L | 6 IN | IS 1239,PIPE/FITTING,,SS 316L,6 IN,,IS 1239,MTR,"{""connection_type"": """", ""construction"": """", ""end_type"": """", ""material"": ""STAINLESS STEEL"", ""material_family"": ""PIPE/FITTING"", ""material_grade"": ""SS 316L"", ""material_subtype"": """", ""material_type"": """", ""nominal_size"": """", ""orientation"": """", ""pressure_class"": """", ""rating"": """", ""size"": ""6 IN"", ""specification"": ""IS 1239"", ""standard"": ""IS 1239"", ""unit"": ""MTR""}",Coal India;IOCL;NTPC;ONGC,4,VERIFIED_HARMONIZED,1.0,91df1aee3f6fc53065bbb32a7b4ef31e16fc858676a32f9894f961f9d347c7c5,,,
CMM-PIPEF-9AE949-001,CMM-PIPEF-9AE949-001,PIPE/FITTING | COPPER ALLOY | DN 200 | IS 2062,PIPE/FITTING,,COPPER ALLOY,DN 200,,IS 2062,MTR,"{""connection_type"": """", ""construction"": """", ""end_type"": """", ""material"": """", ""material_family"": ""PIPE/FITTING"", ""material_grade"": ""COPPER ALLOY"", ""material_subtype"": """", ""material_type"": """", ""nominal_size"": """", ""orientation"": """", ""pressure_class"": """", ""rating"": """", ""size"": ""DN 200"", ""specification"": ""IS 2062"", ""standard"": ""IS 2062"", ""unit"": ""MTR""}",SAIL,1,STANDALONE_CANDIDATE,1.0,9ae949ed5355725a4b83c0f120a2421f3723eaec71ad0ca43a8f56266a2a5398,,,
CMM-PIPEF-9AEB33-001,CMM-PIPEF-9AEB33-001,PIPE/FITTING | FLANGE | SS 316L | DN 50 | ASME B16.5,PIPE/FITTING,FLANGE,SS 316L,DN 50,,ASME B16.5,MTR,"{""connection_type"": """", ""construction"": """", ""end_type"": """", ""material"": ""STAINLESS STEEL"", ""material_family"": ""PIPE/FITTING"", ""material_grade"": ""SS 316L"", ""material_subtype"": """", ""material_type"": ""FLANGE"", ""nominal_size"": """", ""orientation"": """", ""pressure_class"": """", ""rating"": """", ""size"": ""DN 50"", ""specification"": ""ASME B16.5"", ""standard"": ""ASME B16.5"", ""unit"": ""MTR""}",NTPC;SAIL,2,VERIFIED_HARMONIZED,1.0,9aeb33af9bf0289d0a0e27219730be56a33390756f27d78970bb206a7dd8a08b,,,
CMM-PIPEF-9DF21B-001,CMM-PIPEF-9DF21B-001,PIPE/FITTING | COPPER ALLOY | DN 200 | IS 2062,PIPE/FITTING,,COPPER ALLOY,DN 200,,IS 2062,MTR,"{""connection_type"": """", ""construction"": """", ""end_type"": """", ""material"": """", ""material_family"": ""PIPE/FITTING"", ""material_grade"": ""COPPER ALLOY"", ""material_subtype"": """", ""material_type"": """", ""nominal_size"": """", ""orientation"": """", ""pressure_class"": """", ""rating"": """", ""size"": ""DN 200"", ""specification"": ""IS 2062"", ""standard"": ""IS 2062"", ""unit"": ""MTR""}",SAIL,1,STANDALONE_CANDIDATE,1.0,9df21bce17623df451772f9d83617bcdfab5caed57f6515b30770a64bc68bf2e,,,
CMM-PIPEF-9F26C6-001,CMM-PIPEF-9F26C6-001,PIPE/FITTING | CARBON STEEL | DN 100 | IS 8598,PIPE/FITTING,,CARBON STEEL,DN 100,,IS 8598,MTR,"{""connection_type"": """", ""construction"": """", ""end_type"": """", ""material"": ""CARBON STEEL"", ""material_family"": ""PIPE/FITTING"", ""material_grade"": ""CARBON STEEL"", ""material_subtype"": """", ""material_type"": """", ""nominal_size"": """", ""orientation"": """", ""pressure_class"": """", ""rating"": """", ""size"": ""DN 100"", ""specification"": ""IS 8598"", ""standard"": ""IS 8598"", ""unit"": ""MTR""}",NMDC,1,STANDALONE_CANDIDATE,1.0,9f26c6840b3c4c8350de4777cc5d8e6daa94fc7cfb2b4c9fe52f37563c7f9bae,,,
CMM-PIPEF-9F54EF-001,CMM-PIPEF-9F54EF-001,PIPE/FITTING | COPPER ALLOY | DN 200 | IS 2062,PIPE/FITTING,,COPPER ALLOY,DN 200,,IS 2062,MTR,"{""connection_type"": """", ""construction"": """", ""end_type"": """", ""material"": """", ""material_family"": ""PIPE/FITTING"", ""material_grade"": ""COPPER ALLOY"", ""material_subtype"": """", ""material_type"": """", ""nominal_size"": """", ""orientation"": """", ""pressure_class"": """", ""rating"": """", ""size"": ""DN 200"", ""specification"": ""IS 2062"", ""standard"": ""IS 2062"", ""unit"": ""MTR""}",SAIL,1,STANDALONE_CANDIDATE,1.0,9f54ef17e84bd74c61115c55fe8f4c8f036f540a3ea674616ad334f153609e86,,,
CMM-PIPEF-9F93F7-001,CMM-PIPEF-9F93F7-001,PIPE/FITTING | ALLOY STEEL | 2 IN | API 5L,PIPE/FITTING,,ALLOY STEEL,2 IN,,API 5L,MTR,"{""connection_type"": """", ""construction"": """", ""end_type"": """", ""material"": """", ""material_family"": ""PIPE/FITTING"", ""material_grade"": ""ALLOY STEEL"", ""material_subtype"": """", ""material_type"": """", ""nominal_size"": """", ""orientation"": """", ""pressure_class"": """", ""rating"": """", ""size"": ""2 IN"", ""specification"": ""API 5L"", ""standard"": ""API 5L"", ""unit"": ""MTR""}",BHEL;Coal India;NMDC;NTPC;ONGC,5,VERIFIED_HARMONIZED,1.0,9f93f7d44fe5fc5906ed81f935c24e889dd6973f5df3f1ef509a5b5ec2870fed,,,
CMM-PIPEF-A260FE-001,CMM-PIPEF-A260FE-001,PIPE/FITTING | ALLOY STEEL | 2 IN | IS 1239,PIPE/FITTING,,ALLOY STEEL,2 IN,,IS 1239,MTR,"{""connection_type"": """", ""construction"": """", ""end_type"": """", ""material"": """", ""material_family"": ""PIPE/FITTING"", ""material_grade"": ""ALLOY STEEL"", ""material_subtype"": """", ""material_type"": """", ""nominal_size"": """", ""orientation"": """", ""pressure_class"": """", ""rating"": """", ""size"": ""2 IN"", ""specification"": ""IS 1239"", ""standard"": ""IS 1239"", ""unit"": ""MTR""}",SAIL,1,STANDALONE_CANDIDATE,1.0,a260fe7db21f4356389f57114810be49960648d3e8e2e70133ce73d722f15375,,,
CMM-PIPEF-A31A67-001,CMM-PIPEF-A31A67-001,PIPE/FITTING | CARBON STEEL | DN 100 | IS 8598,PIPE/FITTING,,CARBON STEEL,DN 100,,IS 8598,MTR,"{""connection_type"": """", ""construction"": """", ""end_type"": """", ""material"": ""CARBON STEEL"", ""material_family"": ""PIPE/FITTING"", ""material_grade"": ""CARBON STEEL"", ""material_subtype"": """", ""material_type"": """", ""nominal_size"": """", ""orientation"": """", ""pressure_class"": """", ""rating"": """", ""size"": ""DN 100"", ""specification"": ""IS 8598"", ""standard"": ""IS 8598"", ""unit"": ""MTR""}",NMDC,1,STANDALONE_CANDIDATE,1.0,a31a67b42b176a03ef3d9d19652feb33c03027b020251f1a3da1ccd4f30a1793,,,
CMM-PIPEF-A3FA45-001,CMM-PIPEF-A3FA45-001,PIPE/FITTING | CARBON STEEL | DN 100 | IS 8598,PIPE/FITTING,,CARBON STEEL,DN 100,,IS 8598,MTR,"{""connection_type"": """", ""construction"": """", ""end_type"": """", ""material"": ""CARBON STEEL"", ""material_family"": ""PIPE/FITTING"", ""material_grade"": ""CARBON STEEL"", ""material_subtype"": """", ""material_type"": """", ""nominal_size"": """", ""orientation"": """", ""pressure_class"": """", ""rating"": """", ""size"": ""DN 100"", ""specification"": ""IS 8598"", ""standard"": ""IS 8598"", ""unit"": ""MTR""}",NMDC,1,STANDALONE_CANDIDATE,1.0,a3fa45c4401bb4484dc2fb299d5db724329334ed917b0e81eb338d539f712383,,,
CMM-PIPEF-A5CF70-001,CMM-PIPEF-A5CF70-001,PIPE/FITTING | PIPE | CARBON STEEL | DN 80 | IS 1239,PIPE/FITTING,PIPE,CARBON STEEL,DN 80,,IS 1239,MTR,"{""connection_type"": """", ""construction"": ""SEAMLESS"", ""end_type"": """", ""material"": ""CARBON STEEL"", ""material_family"": ""PIPE/FITTING"", ""material_grade"": ""CARBON STEEL"", ""material_subtype"": """", ""material_type"": ""PIPE"", ""nominal_size"": """", ""orientation"": """", ""pressure_class"": """", ""rating"": """", ""size"": ""DN 80"", ""specification"": ""IS 1239"", ""standard"": ""IS 1239"", ""unit"": ""MTR""}",NTPC,1,STANDALONE_CANDIDATE,1.0,a5cf70b27557bd32f6cf0ee6946f0852b4ccc45d8ef103e42e77a99ad5628a91,,,
CMM-PIPEF-A6DA56-001,CMM-PIPEF-A6DA56-001,PIPE/FITTING | FLANGE | SS 316L | DN 80 | ASTM A106,PIPE/FITTING,FLANGE,SS 316L,DN 80,,ASTM A106,MTR,"{""connection_type"": """", ""construction"": """", ""end_type"": """", ""material"": ""STAINLESS STEEL"", ""material_family"": ""PIPE/FITTING"", ""material_grade"": ""SS 316L"", ""material_subtype"": """", ""material_type"": ""FLANGE"", ""nominal_size"": """", ""orientation"": """", ""pressure_class"": """", ""rating"": """", ""size"": ""DN 80"", ""specification"": ""ASTM A106"", ""standard"": ""ASTM A106"", ""unit"": ""MTR""}",IOCL;NMDC;SAIL,3,VERIFIED_HARMONIZED,1.0,a6da561cb093ff3155f20db4fbcc82b79755b32422081e29f982624563e825cf,,,
CMM-PIPEF-A71D7A-001,CMM-PIPEF-A71D7A-001,PIPE/FITTING | PIPE | SS 316L | DN 50 | API 5L,PIPE/FITTING,PIPE,SS 316L,DN 50,,API 5L,MTR,"{""connection_type"": """", ""construction"": ""WELDED"", ""end_type"": """", ""material"": ""STAINLESS STEEL"", ""material_family"": ""PIPE/FITTING"", ""material_grade"": ""SS 316L"", ""material_subtype"": """", ""material_type"": ""PIPE"", ""nominal_size"": """", ""orientation"": """", ""pressure_class"": """", ""rating"": """", ""size"": ""DN 50"", ""specification"": ""API 5L"", ""standard"": ""API 5L"", ""unit"": ""MTR""}",NMDC;NTPC,2,VERIFIED_HARMONIZED,1.0,a71d7a0d6f3143fea127f0e74260a1ab9b2b39daa0e9ab8921529600214ad945,,,
CMM-PIPEF-A7BB01-001,CMM-PIPEF-A7BB01-001,PIPE/FITTING | PIPE | IS 2062 | 6 IN | IS 1239,PIPE/FITTING,PIPE,IS 2062,6 IN,,IS 1239,MTR,"{""connection_type"": """", ""construction"": ""WELDED"", ""end_type"": """", ""material"": """", ""material_family"": ""PIPE/FITTING"", ""material_grade"": ""IS 2062"", ""material_subtype"": """", ""material_type"": ""PIPE"", ""nominal_size"": """", ""orientation"": """", ""pressure_class"": """", ""rating"": """", ""size"": ""6 IN"", ""specification"": ""IS 1239"", ""standard"": ""IS 1239"", ""unit"": ""MTR""}",BHEL;SAIL,2,VERIFIED_HARMONIZED,1.0,a7bb010920c9f6087a853690f7c073c6bf45ac164706eccdb2dc732a5b9155f8,,,
CMM-PIPEF-A8BD86-001,CMM-PIPEF-A8BD86-001,PIPE/FITTING | ASTM A106 GR.B | DN 150 | IS 1239,PIPE/FITTING,,ASTM A106 GR.B,DN 150,,IS 1239,MTR,"{""connection_type"": """", ""construction"": """", ""end_type"": """", ""material"": """", ""material_family"": ""PIPE/FITTING"", ""material_grade"": ""ASTM A106 GR.B"", ""material_subtype"": """", ""material_type"": """", ""nominal_size"": """", ""orientation"": """", ""pressure_class"": """", ""rating"": """", ""size"": ""DN 150"", ""specification"": ""IS 1239"", ""standard"": ""IS 1239"", ""unit"": ""MTR""}",Coal India;HPCL;NMDC;NTPC;ONGC;SAIL,6,VERIFIED_HARMONIZED,1.0,a8bd869a4ba54ec02f8c81044825a951023211f634965ea827b7aaab3111d0e0,,,
CMM-PIPEF-A96212-001,CMM-PIPEF-A96212-001,PIPE/FITTING | IS 2062 | 2 IN | IS 1239,PIPE/FITTING,,IS 2062,2 IN,,IS 1239,MTR,"{""connection_type"": """", ""construction"": """", ""end_type"": """", ""material"": """", ""material_family"": ""PIPE/FITTING"", ""material_grade"": ""IS 2062"", ""material_subtype"": """", ""material_type"": """", ""nominal_size"": """", ""orientation"": """", ""pressure_class"": """", ""rating"": """", ""size"": ""2 IN"", ""specification"": ""IS 1239"", ""standard"": ""IS 1239"", ""unit"": ""MTR""}",IOCL;SAIL,2,VERIFIED_HARMONIZED,1.0,a96212bc7cd21f079df9305e3e69aa6040ea8b6bbc32f184e597e82aa850eb7b,,,
CMM-PIPEF-A9D653-001,CMM-PIPEF-A9D653-001,PIPE/FITTING | COPPER ALLOY | DN 200 | IS 2062,PIPE/FITTING,,COPPER ALLOY,DN 200,,IS 2062,MTR,"{""connection_type"": """", ""construction"": """", ""end_type"": """", ""material"": """", ""material_family"": ""PIPE/FITTING"", ""material_grade"": ""COPPER ALLOY"", ""material_subtype"": """", ""material_type"": """", ""nominal_size"": """", ""orientation"": """", ""pressure_class"": """", ""rating"": """", ""size"": ""DN 200"", ""specification"": ""IS 2062"", ""standard"": ""IS 2062"", ""unit"": ""MTR""}",SAIL,1,STANDALONE_CANDIDATE,1.0,a9d653df1b664962261d08151c689c2894997a2604b213eef7f87979eabfc941,,,
CMM-PIPEF-AAC4DA-001,CMM-PIPEF-AAC4DA-001,PIPE/FITTING | FLANGE | ALLOY STEEL | DN 150 | ASME B16.9,PIPE/FITTING,FLANGE,ALLOY STEEL,DN 150,,ASME B16.9,MTR,"{""connection_type"": """", ""construction"": """", ""end_type"": """", ""material"": """", ""material_family"": ""PIPE/FITTING"", ""material_grade"": ""ALLOY STEEL"", ""material_subtype"": """", ""material_type"": ""FLANGE"", ""nominal_size"": """", ""orientation"": """", ""pressure_class"": """", ""rating"": """", ""size"": ""DN 150"", ""specification"": ""ASME B16.9"", ""standard"": ""ASME B16.9"", ""unit"": ""MTR""}",HPCL;NMDC;SAIL,3,VERIFIED_HARMONIZED,1.0,aac4da5981a44d3f92c893d4e9cd6cfbcbf922345a84d9b185258276face2c12,,,
CMM-PIPEF-AAEC9B-001,CMM-PIPEF-AAEC9B-001,PIPE/FITTING | CARBON STEEL | DN 100 | IS 8598,PIPE/FITTING,,CARBON STEEL,DN 100,,IS 8598,MTR,"{""connection_type"": """", ""construction"": """", ""end_type"": """", ""material"": ""CARBON STEEL"", ""material_family"": ""PIPE/FITTING"", ""material_grade"": ""CARBON STEEL"", ""material_subtype"": """", ""material_type"": """", ""nominal_size"": """", ""orientation"": """", ""pressure_class"": """", ""rating"": """", ""size"": ""DN 100"", ""specification"": ""IS 8598"", ""standard"": ""IS 8598"", ""unit"": ""MTR""}",NMDC,1,STANDALONE_CANDIDATE,1.0,aaec9b00aef71b51a41b3dac665e9c4e6a44472bc93114beee88d764ac5c0e4e,,,
CMM-PIPEF-AC8950-001,CMM-PIPEF-AC8950-001,PIPE/FITTING | CARBON STEEL | DN 100 | IS 8598,PIPE/FITTING,,CARBON STEEL,DN 100,,IS 8598,MTR,"{""connection_type"": """", ""construction"": """", ""end_type"": """", ""material"": ""CARBON STEEL"", ""material_family"": ""PIPE/FITTING"", ""material_grade"": ""CARBON STEEL"", ""material_subtype"": """", ""material_type"": """", ""nominal_size"": """", ""orientation"": """", ""pressure_class"": """", ""rating"": """", ""size"": ""DN 100"", ""specification"": ""IS 8598"", ""standard"": ""IS 8598"", ""unit"": ""MTR""}",NMDC,1,STANDALONE_CANDIDATE,1.0,ac895020258f9df9f73fbb042937dcfe4ac0907871c1cd5c6d1e18ff5a28723d,,,
CMM-PIPEF-AC9DDD-001,CMM-PIPEF-AC9DDD-001,PIPE/FITTING | COPPER ALLOY | DN 200 | IS 2062,PIPE/FITTING,,COPPER ALLOY,DN 200,,IS 2062,MTR,"{""connection_type"": """", ""construction"": """", ""end_type"": """", ""material"": """", ""material_family"": ""PIPE/FITTING"", ""material_grade"": ""COPPER ALLOY"", ""material_subtype"": """", ""material_type"": """", ""nominal_size"": """", ""orientation"": """", ""pressure_class"": """", ""rating"": """", ""size"": ""DN 200"", ""specification"": ""IS 2062"", ""standard"": ""IS 2062"", ""unit"": ""MTR""}",SAIL,1,STANDALONE_CANDIDATE,1.0,ac9ddd1dd1a22bd36fe52e44eaa6e8cc2c7bcb6f131a34698fef9ab6fef8deec,,,
CMM-PIPEF-AE5889-001,CMM-PIPEF-AE5889-001,PIPE/FITTING | IS 2062 | 6 IN | IS 1239,PIPE/FITTING,,IS 2062,6 IN,,IS 1239,MTR,"{""connection_type"": """", ""construction"": """", ""end_type"": """", ""material"": """", ""material_family"": ""PIPE/FITTING"", ""material_grade"": ""IS 2062"", ""material_subtype"": """", ""material_type"": """", ""nominal_size"": """", ""orientation"": """", ""pressure_class"": """", ""rating"": """", ""size"": ""6 IN"", ""specification"": ""IS 1239"", ""standard"": ""IS 1239"", ""unit"": ""MTR""}",BHEL;Coal India;IOCL;NMDC;ONGC;SAIL,6,VERIFIED_HARMONIZED,1.0,ae58896c7f48964e3e5a91803a0d7fd413c4797fe30560901729fd43f0b94a96,,,
CMM-PIPEF-B037FD-001,CMM-PIPEF-B037FD-001,PIPE/FITTING | ELBOW | ALLOY STEEL | 2 IN | ASTM A106,PIPE/FITTING,ELBOW,ALLOY STEEL,2 IN,,ASTM A106,MTR,"{""connection_type"": """", ""construction"": """", ""end_type"": """", ""material"": """", ""material_family"": ""PIPE/FITTING"", ""material_grade"": ""ALLOY STEEL"", ""material_subtype"": """", ""material_type"": ""ELBOW"", ""nominal_size"": """", ""orientation"": """", ""pressure_class"": """", ""rating"": """", ""size"": ""2 IN"", ""specification"": ""ASTM A106"", ""standard"": ""ASTM A106"", ""unit"": ""MTR""}",Coal India,1,STANDALONE_CANDIDATE,1.0,b037fd70e89d83c8e48de0fd9d5fd457ba199d57f44ea295f8aa903c1f9c3ad4,,,
CMM-PIPEF-B10CF8-001,CMM-PIPEF-B10CF8-001,PIPE/FITTING | CARBON STEEL | DN 100 | IS 8598,PIPE/FITTING,,CARBON STEEL,DN 100,,IS 8598,MTR,"{""connection_type"": """", ""construction"": """", ""end_type"": """", ""material"": ""CARBON STEEL"", ""material_family"": ""PIPE/FITTING"", ""material_grade"": ""CARBON STEEL"", ""material_subtype"": """", ""material_type"": """", ""nominal_size"": """", ""orientation"": """", ""pressure_class"": """", ""rating"": """", ""size"": ""DN 100"", ""specification"": ""IS 8598"", ""standard"": ""IS 8598"", ""unit"": ""MTR""}",NMDC,1,STANDALONE_CANDIDATE,1.0,b10cf8617ab96fbf285a6ddd37dfa9c3b87f43831b2edc932e74bf62acef2a03,,,
CMM-PIPEF-B58848-001,CMM-PIPEF-B58848-001,PIPE/FITTING | COPPER ALLOY | DN 200 | IS 2062,PIPE/FITTING,,COPPER ALLOY,DN 200,,IS 2062,MTR,"{""connection_type"": """", ""construction"": """", ""end_type"": """", ""material"": """", ""material_family"": ""PIPE/FITTING"", ""material_grade"": ""COPPER ALLOY"", ""material_subtype"": """", ""material_type"": """", ""nominal_size"": """", ""orientation"": """", ""pressure_class"": """", ""rating"": """", ""size"": ""DN 200"", ""specification"": ""IS 2062"", ""standard"": ""IS 2062"", ""unit"": ""MTR""}",SAIL,1,STANDALONE_CANDIDATE,1.0,b58848ab368a295685ca0a902a9813208d8d7e8dae1abf54b7d223b7f24dad96,,,
CMM-PIPEF-B67BA6-001,CMM-PIPEF-B67BA6-001,PIPE/FITTING | COPPER ALLOY | DN 200 | IS 2062,PIPE/FITTING,,COPPER ALLOY,DN 200,,IS 2062,MTR,"{""connection_type"": """", ""construction"": """", ""end_type"": """", ""material"": """", ""material_family"": ""PIPE/FITTING"", ""material_grade"": ""COPPER ALLOY"", ""material_subtype"": """", ""material_type"": """", ""nominal_size"": """", ""orientation"": """", ""pressure_class"": """", ""rating"": """", ""size"": ""DN 200"", ""specification"": ""IS 2062"", ""standard"": ""IS 2062"", ""unit"": ""MTR""}",SAIL,1,STANDALONE_CANDIDATE,1.0,b67ba6342ea0c5f9d885fc5d522c41cbc9f3d0ba269adc1a8cbcab52ca312022,,,
CMM-PIPEF-B78A58-001,CMM-PIPEF-B78A58-001,PIPE/FITTING | IS 2062 | 6 IN | ASME B16.9,PIPE/FITTING,,IS 2062,6 IN,,ASME B16.9,MTR,"{""connection_type"": """", ""construction"": """", ""end_type"": """", ""material"": """", ""material_family"": ""PIPE/FITTING"", ""material_grade"": ""IS 2062"", ""material_subtype"": """", ""material_type"": """", ""nominal_size"": """", ""orientation"": """", ""pressure_class"": """", ""rating"": """", ""size"": ""6 IN"", ""specification"": ""ASME B16.9"", ""standard"": ""ASME B16.9"", ""unit"": ""MTR""}",Coal India;IOCL,2,VERIFIED_HARMONIZED,1.0,b78a58f8864cc7c7ca82784f956e2de4b0f9da954e1f428f080b3abe2b9f44f9,,,
CMM-PIPEF-B8E209-001,CMM-PIPEF-B8E209-001,PIPE/FITTING | CARBON STEEL | DN 100 | IS 8598,PIPE/FITTING,,CARBON STEEL,DN 100,,IS 8598,MTR,"{""connection_type"": """", ""construction"": """", ""end_type"": """", ""material"": ""CARBON STEEL"", ""material_family"": ""PIPE/FITTING"", ""material_grade"": ""CARBON STEEL"", ""material_subtype"": """", ""material_type"": """", ""nominal_size"": """", ""orientation"": """", ""pressure_class"": """", ""rating"": """", ""size"": ""DN 100"", ""specification"": ""IS 8598"", ""standard"": ""IS 8598"", ""unit"": ""MTR""}",NMDC,1,STANDALONE_CANDIDATE,1.0,b8e2095f9cc0a7840d9dedf82f15361a0d549335b4cd0470d6789b6cf98f5fe5,,,
CMM-PIPEF-B95E69-001,CMM-PIPEF-B95E69-001,PIPE/FITTING | FLANGE | SS 316L | DN 80 | ASME B16.5,PIPE/FITTING,FLANGE,SS 316L,DN 80,,ASME B16.5,MTR,"{""connection_type"": """", ""construction"": """", ""end_type"": """", ""material"": ""STAINLESS STEEL"", ""material_family"": ""PIPE/FITTING"", ""material_grade"": ""SS 316L"", ""material_subtype"": """", ""material_type"": ""FLANGE"", ""nominal_size"": """", ""orientation"": """", ""pressure_class"": """", ""rating"": """", ""size"": ""DN 80"", ""specification"": ""ASME B16.5"", ""standard"": ""ASME B16.5"", ""unit"": ""MTR""}",HPCL;NMDC,2,VERIFIED_HARMONIZED,1.0,b95e69ff99e4673a29ccb4b08c344169a5bd3bc2563e18ae0afed22e9248befe,,,
CMM-PIPEF-BA55E3-001,CMM-PIPEF-BA55E3-001,PIPE/FITTING | CARBON STEEL | DN 100 | IS 8598,PIPE/FITTING,,CARBON STEEL,DN 100,,IS 8598,MTR,"{""connection_type"": """", ""construction"": """", ""end_type"": """", ""material"": ""CARBON STEEL"", ""material_family"": ""PIPE/FITTING"", ""material_grade"": ""CARBON STEEL"", ""material_subtype"": """", ""material_type"": """", ""nominal_size"": """", ""orientation"": """", ""pressure_class"": """", ""rating"": """", ""size"": ""DN 100"", ""specification"": ""IS 8598"", ""standard"": ""IS 8598"", ""unit"": ""MTR""}",NMDC,1,STANDALONE_CANDIDATE,1.0,ba55e37ffaf891703b6f770c1d8c008a603fcc8e4c77419b18277fbf0b3a029e,,,
CMM-PIPEF-BB0A61-001,CMM-PIPEF-BB0A61-001,PIPE/FITTING | COPPER ALLOY | DN 200 | IS 2062,PIPE/FITTING,,COPPER ALLOY,DN 200,,IS 2062,MTR,"{""connection_type"": """", ""construction"": """", ""end_type"": """", ""material"": """", ""material_family"": ""PIPE/FITTING"", ""material_grade"": ""COPPER ALLOY"", ""material_subtype"": """", ""material_type"": """", ""nominal_size"": """", ""orientation"": """", ""pressure_class"": """", ""rating"": """", ""size"": ""DN 200"", ""specification"": ""IS 2062"", ""standard"": ""IS 2062"", ""unit"": ""MTR""}",SAIL,1,STANDALONE_CANDIDATE,1.0,bb0a6169e1b2d1bdcd883ef0ed25ced00151c4d4b1918b35ea6a407e8a2aaf5b,,,
CMM-PIPEF-BB81D7-001,CMM-PIPEF-BB81D7-001,PIPE/FITTING | CARBON STEEL | DN 100 | IS 8598,PIPE/FITTING,,CARBON STEEL,DN 100,,IS 8598,MTR,"{""connection_type"": """", ""construction"": """", ""end_type"": """", ""material"": ""CARBON STEEL"", ""material_family"": ""PIPE/FITTING"", ""material_grade"": ""CARBON STEEL"", ""material_subtype"": """", ""material_type"": """", ""nominal_size"": """", ""orientation"": """", ""pressure_class"": """", ""rating"": """", ""size"": ""DN 100"", ""specification"": ""IS 8598"", ""standard"": ""IS 8598"", ""unit"": ""MTR""}",NMDC,1,STANDALONE_CANDIDATE,1.0,bb81d7c318856026962b145b603998f71536df509b9a883ac8b4b300113da7ed,,,
CMM-PIPEF-BBD3DF-001,CMM-PIPEF-BBD3DF-001,PIPE/FITTING | FLANGE | IS 2062 | DN 150 | ASTM A106,PIPE/FITTING,FLANGE,IS 2062,DN 150,,ASTM A106,MTR,"{""connection_type"": """", ""construction"": """", ""end_type"": """", ""material"": """", ""material_family"": ""PIPE/FITTING"", ""material_grade"": ""IS 2062"", ""material_subtype"": """", ""material_type"": ""FLANGE"", ""nominal_size"": """", ""orientation"": """", ""pressure_class"": """", ""rating"": """", ""size"": ""DN 150"", ""specification"": ""ASTM A106"", ""standard"": ""ASTM A106"", ""unit"": ""MTR""}",Coal India;HPCL;IOCL;NMDC;ONGC;SAIL,6,VERIFIED_HARMONIZED,1.0,bbd3dff2bda5e8b67dc6d75b3565511ff5c47290e2dc8a44a298d807ad3ff5ac,,,
CMM-PIPEF-BC9186-001,CMM-PIPEF-BC9186-001,PIPE/FITTING | CARBON STEEL | DN 150 | ASME B16.5,PIPE/FITTING,,CARBON STEEL,DN 150,,ASME B16.5,MTR,"{""connection_type"": """", ""construction"": """", ""end_type"": """", ""material"": ""CARBON STEEL"", ""material_family"": ""PIPE/FITTING"", ""material_grade"": ""CARBON STEEL"", ""material_subtype"": """", ""material_type"": """", ""nominal_size"": """", ""orientation"": """", ""pressure_class"": """", ""rating"": """", ""size"": ""DN 150"", ""specification"": ""ASME B16.5"", ""standard"": ""ASME B16.5"", ""unit"": ""MTR""}",IOCL,1,STANDALONE_CANDIDATE,1.0,bc9186bef384e4972f5040df2c8a861eb56c2272b511542374d17665e2a2f64e,,,
CMM-PIPEF-BDCB94-001,CMM-PIPEF-BDCB94-001,PIPE/FITTING | COPPER ALLOY | DN 200 | IS 2062,PIPE/FITTING,,COPPER ALLOY,DN 200,,IS 2062,MTR,"{""connection_type"": """", ""construction"": """", ""end_type"": """", ""material"": """", ""material_family"": ""PIPE/FITTING"", ""material_grade"": ""COPPER ALLOY"", ""material_subtype"": """", ""material_type"": """", ""nominal_size"": """", ""orientation"": """", ""pressure_class"": """", ""rating"": """", ""size"": ""DN 200"", ""specification"": ""IS 2062"", ""standard"": ""IS 2062"", ""unit"": ""MTR""}",SAIL,1,STANDALONE_CANDIDATE,1.0,bdcb94e260cc5682b3745d78e82ad16f0be48d9e7617cf40efcf4db605abe3f6,,,
CMM-PIPEF-BED3C9-001,CMM-PIPEF-BED3C9-001,PIPE/FITTING | CARBON STEEL | DN 100 | ASME B16.5,PIPE/FITTING,,CARBON STEEL,DN 100,,ASME B16.5,MTR,"{""connection_type"": """", ""construction"": """", ""end_type"": """", ""material"": ""CARBON STEEL"", ""material_family"": ""PIPE/FITTING"", ""material_grade"": ""CARBON STEEL"", ""material_subtype"": """", ""material_type"": """", ""nominal_size"": """", ""orientation"": """", ""pressure_class"": """", ""rating"": """", ""size"": ""DN 100"", ""specification"": ""ASME B16.5"", ""standard"": ""ASME B16.5"", ""unit"": ""MTR""}",NMDC,1,STANDALONE_CANDIDATE,1.0,bed3c99b36a4080f99df077a142197c983c2d69eaa3cdc9948613f2616f7e6ee,,,
CMM-PIPEF-BF141A-001,CMM-PIPEF-BF141A-001,PIPE/FITTING | ELBOW | IS 2062 | DN 100 | ASME B16.9,PIPE/FITTING,ELBOW,IS 2062,DN 100,,ASME B16.9,MTR,"{""connection_type"": """", ""construction"": """", ""end_type"": """", ""material"": """", ""material_family"": ""PIPE/FITTING"", ""material_grade"": ""IS 2062"", ""material_subtype"": """", ""material_type"": ""ELBOW"", ""nominal_size"": """", ""orientation"": """", ""pressure_class"": """", ""rating"": """", ""size"": ""DN 100"", ""specification"": ""ASME B16.9"", ""standard"": ""ASME B16.9"", ""unit"": ""MTR""}",ONGC;SAIL,2,VERIFIED_HARMONIZED,1.0,bf141a480b6572cff15c3109d4e53d7c57fadec1f02acad6a7d87d3d03f263a8,,,
CMM-PIPEF-C0AB5E-001,CMM-PIPEF-C0AB5E-001,PIPE/FITTING | ELBOW | IS 2062 | DN 80 | API 5L,PIPE/FITTING,ELBOW,IS 2062,DN 80,,API 5L,MTR,"{""connection_type"": """", ""construction"": """", ""end_type"": """", ""material"": """", ""material_family"": ""PIPE/FITTING"", ""material_grade"": ""IS 2062"", ""material_subtype"": """", ""material_type"": ""ELBOW"", ""nominal_size"": """", ""orientation"": """", ""pressure_class"": """", ""rating"": """", ""size"": ""DN 80"", ""specification"": ""API 5L"", ""standard"": ""API 5L"", ""unit"": ""MTR""}",IOCL;NMDC,2,VERIFIED_HARMONIZED,1.0,c0ab5ec72be40b8fe86b6f52a2ddd74c14a0fb73e9a4724e99deb57d56697768,,,
CMM-PIPEF-C0D9F6-001,CMM-PIPEF-C0D9F6-001,PIPE/FITTING | CARBON STEEL | DN 100 | IS 8598,PIPE/FITTING,,CARBON STEEL,DN 100,,IS 8598,MTR,"{""connection_type"": """", ""construction"": """", ""end_type"": """", ""material"": ""CARBON STEEL"", ""material_family"": ""PIPE/FITTING"", ""material_grade"": ""CARBON STEEL"", ""material_subtype"": """", ""material_type"": """", ""nominal_size"": """", ""orientation"": """", ""pressure_class"": """", ""rating"": """", ""size"": ""DN 100"", ""specification"": ""IS 8598"", ""standard"": ""IS 8598"", ""unit"": ""MTR""}",NMDC,1,STANDALONE_CANDIDATE,1.0,c0d9f68fd211f7be9ea5a7e17dac582a6243947b5640ffe6a80cd9f9ef97343f,,,
CMM-PIPEF-C2B826-001,CMM-PIPEF-C2B826-001,PIPE/FITTING | COPPER ALLOY | DN 200 | IS 2062,PIPE/FITTING,,COPPER ALLOY,DN 200,,IS 2062,MTR,"{""connection_type"": """", ""construction"": """", ""end_type"": """", ""material"": """", ""material_family"": ""PIPE/FITTING"", ""material_grade"": ""COPPER ALLOY"", ""material_subtype"": """", ""material_type"": """", ""nominal_size"": """", ""orientation"": """", ""pressure_class"": """", ""rating"": """", ""size"": ""DN 200"", ""specification"": ""IS 2062"", ""standard"": ""IS 2062"", ""unit"": ""MTR""}",SAIL,1,STANDALONE_CANDIDATE,1.0,c2b82623e62563046accf8b9b6288cf01bef991a604beb8af20b41d670ad2c19,,,
CMM-PIPEF-C49BFE-001,CMM-PIPEF-C49BFE-001,PIPE/FITTING | PIPE | ALLOY STEEL | 6 IN | ASME B16.9,PIPE/FITTING,PIPE,ALLOY STEEL,6 IN,,ASME B16.9,MTR,"{""connection_type"": """", ""construction"": ""SEAMLESS"", ""end_type"": """", ""material"": """", ""material_family"": ""PIPE/FITTING"", ""material_grade"": ""ALLOY STEEL"", ""material_subtype"": """", ""material_type"": ""PIPE"", ""nominal_size"": """", ""orientation"": """", ""pressure_class"": """", ""rating"": """", ""size"": ""6 IN"", ""specification"": ""ASME B16.9"", ""standard"": ""ASME B16.9"", ""unit"": ""MTR""}",HPCL,1,STANDALONE_CANDIDATE,1.0,c49bfee92e497e09103f2ff633475aa2fa8bfe7aa1f2580a4307b498f0a7833f,,,
CMM-PIPEF-C59503-001,CMM-PIPEF-C59503-001,PIPE/FITTING | COPPER ALLOY | DN 200 | IS 2062,PIPE/FITTING,,COPPER ALLOY,DN 200,,IS 2062,MTR,"{""connection_type"": """", ""construction"": """", ""end_type"": """", ""material"": """", ""material_family"": ""PIPE/FITTING"", ""material_grade"": ""COPPER ALLOY"", ""material_subtype"": """", ""material_type"": """", ""nominal_size"": """", ""orientation"": """", ""pressure_class"": """", ""rating"": """", ""size"": ""DN 200"", ""specification"": ""IS 2062"", ""standard"": ""IS 2062"", ""unit"": ""MTR""}",SAIL,1,STANDALONE_CANDIDATE,1.0,c595039475ac03e5e28bbca42834bdbcbc4e41d0ef860495b94e9e107c746927,,,
CMM-PIPEF-C9F1AA-001,CMM-PIPEF-C9F1AA-001,PIPE/FITTING | ASTM A106 GR.B | DN 100 | API 5L,PIPE/FITTING,,ASTM A106 GR.B,DN 100,,API 5L,MTR,"{""connection_type"": """", ""construction"": """", ""end_type"": """", ""material"": """", ""material_family"": ""PIPE/FITTING"", ""material_grade"": ""ASTM A106 GR.B"", ""material_subtype"": """", ""material_type"": """", ""nominal_size"": """", ""orientation"": """", ""pressure_class"": """", ""rating"": """", ""size"": ""DN 100"", ""specification"": ""API 5L"", ""standard"": ""API 5L"", ""unit"": ""MTR""}",BHEL;HPCL;IOCL;ONGC;SAIL,5,VERIFIED_HARMONIZED,1.0,c9f1aa3afb930e6cec92c5163e56b066bbe08fa953c51c1edc65ac631ee4ed2c,,,
CMM-PIPEF-CA4F29-001,CMM-PIPEF-CA4F29-001,PIPE/FITTING | PIPE | IS 2062 | DN 100 | API 5L,PIPE/FITTING,PIPE,IS 2062,DN 100,,API 5L,MTR,"{""connection_type"": """", ""construction"": ""WELDED"", ""end_type"": """", ""material"": """", ""material_family"": ""PIPE/FITTING"", ""material_grade"": ""IS 2062"", ""material_subtype"": """", ""material_type"": ""PIPE"", ""nominal_size"": """", ""orientation"": """", ""pressure_class"": """", ""rating"": """", ""size"": ""DN 100"", ""specification"": ""API 5L"", ""standard"": ""API 5L"", ""unit"": ""MTR""}",IOCL;NMDC;SAIL,3,VERIFIED_HARMONIZED,1.0,ca4f299c8362c8e6e5dcfd65ff3d8241a226be91599040604add2917878aa344,,,
CMM-PIPEF-CBA628-001,CMM-PIPEF-CBA628-001,PIPE/FITTING | CARBON STEEL | DN 100 | IS 8598,PIPE/FITTING,,CARBON STEEL,DN 100,,IS 8598,MTR,"{""connection_type"": """", ""construction"": """", ""end_type"": """", ""material"": ""CARBON STEEL"", ""material_family"": ""PIPE/FITTING"", ""material_grade"": ""CARBON STEEL"", ""material_subtype"": """", ""material_type"": """", ""nominal_size"": """", ""orientation"": """", ""pressure_class"": """", ""rating"": """", ""size"": ""DN 100"", ""specification"": ""IS 8598"", ""standard"": ""IS 8598"", ""unit"": ""MTR""}",NMDC,1,STANDALONE_CANDIDATE,1.0,cba6289c8e3d4c077e3573a543c610b59d1213c4a30048e52e2656073212cbbb,,,
CMM-PIPEF-CD4628-001,CMM-PIPEF-CD4628-001,PIPE/FITTING | CARBON STEEL | DN 100 | IS 8598,PIPE/FITTING,,CARBON STEEL,DN 100,,IS 8598,MTR,"{""connection_type"": """", ""construction"": """", ""end_type"": """", ""material"": ""CARBON STEEL"", ""material_family"": ""PIPE/FITTING"", ""material_grade"": ""CARBON STEEL"", ""material_subtype"": """", ""material_type"": """", ""nominal_size"": """", ""orientation"": """", ""pressure_class"": """", ""rating"": """", ""size"": ""DN 100"", ""specification"": ""IS 8598"", ""standard"": ""IS 8598"", ""unit"": ""MTR""}",NMDC,1,STANDALONE_CANDIDATE,1.0,cd4628d3a3155cce9c892451c31c159b138dca4285c8f416a4d72415126651bb,,,
CMM-PIPEF-D21766-001,CMM-PIPEF-D21766-001,PIPE/FITTING | CARBON STEEL | DN 100 | IS 8598,PIPE/FITTING,,CARBON STEEL,DN 100,,IS 8598,MTR,"{""connection_type"": """", ""construction"": """", ""end_type"": """", ""material"": ""CARBON STEEL"", ""material_family"": ""PIPE/FITTING"", ""material_grade"": ""CARBON STEEL"", ""material_subtype"": """", ""material_type"": """", ""nominal_size"": """", ""orientation"": """", ""pressure_class"": """", ""rating"": """", ""size"": ""DN 100"", ""specification"": ""IS 8598"", ""standard"": ""IS 8598"", ""unit"": ""MTR""}",NMDC,1,STANDALONE_CANDIDATE,1.0,d2176678333addd6e91d5bdaeb123325eab4f286ef49d3425579350b578b46e0,,,
CMM-PIPEF-D3CC49-001,CMM-PIPEF-D3CC49-001,PIPE/FITTING | PIPE | ALLOY STEEL | DN 80 | IS 1239,PIPE/FITTING,PIPE,ALLOY STEEL,DN 80,,IS 1239,MTR,"{""connection_type"": """", ""construction"": """", ""end_type"": """", ""material"": """", ""material_family"": ""PIPE/FITTING"", ""material_grade"": ""ALLOY STEEL"", ""material_subtype"": """", ""material_type"": ""PIPE"", ""nominal_size"": """", ""orientation"": """", ""pressure_class"": """", ""rating"": """", ""size"": ""DN 80"", ""specification"": ""IS 1239"", ""standard"": ""IS 1239"", ""unit"": ""MTR""}",Coal India,1,STANDALONE_CANDIDATE,1.0,d3cc494863d4fbf7cf1133e56889cba7370a91fd7a5495efc67ae898d7116f24,,,
CMM-PIPEF-D565F3-001,CMM-PIPEF-D565F3-001,PIPE/FITTING | ASTM A106 GR.B | DN 50 | API 5L,PIPE/FITTING,,ASTM A106 GR.B,DN 50,,API 5L,MTR,"{""connection_type"": """", ""construction"": """", ""end_type"": """", ""material"": """", ""material_family"": ""PIPE/FITTING"", ""material_grade"": ""ASTM A106 GR.B"", ""material_subtype"": """", ""material_type"": """", ""nominal_size"": """", ""orientation"": """", ""pressure_class"": """", ""rating"": """", ""size"": ""DN 50"", ""specification"": ""API 5L"", ""standard"": ""API 5L"", ""unit"": ""MTR""}",Coal India;IOCL;NMDC;ONGC,4,VERIFIED_HARMONIZED,1.0,d565f3ef440ca8d789317d8d50e94b6705940624007f480b832ba3086d98f133,,,
CMM-PIPEF-D67C66-001,CMM-PIPEF-D67C66-001,PIPE/FITTING | IS 2062 | DN 80 | ASTM A106,PIPE/FITTING,,IS 2062,DN 80,,ASTM A106,MTR,"{""connection_type"": """", ""construction"": """", ""end_type"": """", ""material"": """", ""material_family"": ""PIPE/FITTING"", ""material_grade"": ""IS 2062"", ""material_subtype"": """", ""material_type"": """", ""nominal_size"": """", ""orientation"": """", ""pressure_class"": """", ""rating"": """", ""size"": ""DN 80"", ""specification"": ""ASTM A106"", ""standard"": ""ASTM A106"", ""unit"": ""MTR""}",Coal India;HPCL;IOCL;NTPC;ONGC;SAIL,6,VERIFIED_HARMONIZED,1.0,d67c66aaccccb8b5859030e2cdb09af0e35d6ce23e318ef98ae41b93675c1622,,,
CMM-PIPEF-D724AE-001,CMM-PIPEF-D724AE-001,PIPE/FITTING | ASTM A106 GR.B | DN 80 | ASTM A106,PIPE/FITTING,,ASTM A106 GR.B,DN 80,,ASTM A106,MTR,"{""connection_type"": """", ""construction"": """", ""end_type"": """", ""material"": """", ""material_family"": ""PIPE/FITTING"", ""material_grade"": ""ASTM A106 GR.B"", ""material_subtype"": """", ""material_type"": """", ""nominal_size"": """", ""orientation"": """", ""pressure_class"": """", ""rating"": """", ""size"": ""DN 80"", ""specification"": ""ASTM A106"", ""standard"": ""ASTM A106"", ""unit"": ""MTR""}",Coal India;NTPC,2,VERIFIED_HARMONIZED,1.0,d724ae3bc204e1051c444dcb6f2d82f4dec68a19126409f004e3dfd68e49adb9,,,
CMM-PIPEF-DFE33C-001,CMM-PIPEF-DFE33C-001,PIPE/FITTING | COPPER ALLOY | DN 200 | IS 2062,PIPE/FITTING,,COPPER ALLOY,DN 200,,IS 2062,MTR,"{""connection_type"": """", ""construction"": """", ""end_type"": """", ""material"": """", ""material_family"": ""PIPE/FITTING"", ""material_grade"": ""COPPER ALLOY"", ""material_subtype"": """", ""material_type"": """", ""nominal_size"": """", ""orientation"": """", ""pressure_class"": """", ""rating"": """", ""size"": ""DN 200"", ""specification"": ""IS 2062"", ""standard"": ""IS 2062"", ""unit"": ""MTR""}",SAIL,1,STANDALONE_CANDIDATE,1.0,dfe33cb92c920ba8130e02fe14b70904d0704cb82d07490bb4e0dd18b0120850,,,
CMM-PIPEF-E0FB6D-001,CMM-PIPEF-E0FB6D-001,PIPE/FITTING | CARBON STEEL | 2 IN | IS 1239,PIPE/FITTING,,CARBON STEEL,2 IN,,IS 1239,MTR,"{""connection_type"": """", ""construction"": """", ""end_type"": """", ""material"": ""CARBON STEEL"", ""material_family"": ""PIPE/FITTING"", ""material_grade"": ""CARBON STEEL"", ""material_subtype"": """", ""material_type"": """", ""nominal_size"": """", ""orientation"": """", ""pressure_class"": """", ""rating"": """", ""size"": ""2 IN"", ""specification"": ""IS 1239"", ""standard"": ""IS 1239"", ""unit"": ""MTR""}",BHEL;HPCL;NMDC;NTPC;ONGC,5,VERIFIED_HARMONIZED,1.0,e0fb6dcd7a99333a1329578442e29b659a65ab644a17e0923b97780122527b01,,,
CMM-PIPEF-E34F2C-001,CMM-PIPEF-E34F2C-001,PIPE/FITTING | COPPER ALLOY | DN 200 | IS 2062,PIPE/FITTING,,COPPER ALLOY,DN 200,,IS 2062,MTR,"{""connection_type"": """", ""construction"": """", ""end_type"": """", ""material"": """", ""material_family"": ""PIPE/FITTING"", ""material_grade"": ""COPPER ALLOY"", ""material_subtype"": """", ""material_type"": """", ""nominal_size"": """", ""orientation"": """", ""pressure_class"": """", ""rating"": """", ""size"": ""DN 200"", ""specification"": ""IS 2062"", ""standard"": ""IS 2062"", ""unit"": ""MTR""}",SAIL,1,STANDALONE_CANDIDATE,1.0,e34f2c30159737dd7ed159e9a538381c82d19f0f86e28f907b60c6cc3de2a399,,,
CMM-PIPEF-E48498-001,CMM-PIPEF-E48498-001,PIPE/FITTING | ELBOW | CARBON STEEL | DN 150 | ASME B16.9,PIPE/FITTING,ELBOW,CARBON STEEL,DN 150,,ASME B16.9,MTR,"{""connection_type"": """", ""construction"": """", ""end_type"": """", ""material"": ""CARBON STEEL"", ""material_family"": ""PIPE/FITTING"", ""material_grade"": ""CARBON STEEL"", ""material_subtype"": """", ""material_type"": ""ELBOW"", ""nominal_size"": """", ""orientation"": """", ""pressure_class"": """", ""rating"": """", ""size"": ""DN 150"", ""specification"": ""ASME B16.9"", ""standard"": ""ASME B16.9"", ""unit"": ""MTR""}",NTPC,1,STANDALONE_CANDIDATE,1.0,e484982ecc47d6524f563c2c38e0fd50ac44e20a08ec599cea8397b12b9a417a,,,
CMM-PIPEF-E61CD1-001,CMM-PIPEF-E61CD1-001,PIPE/FITTING | COPPER ALLOY | DN 200 | IS 2062,PIPE/FITTING,,COPPER ALLOY,DN 200,,IS 2062,MTR,"{""connection_type"": """", ""construction"": """", ""end_type"": """", ""material"": """", ""material_family"": ""PIPE/FITTING"", ""material_grade"": ""COPPER ALLOY"", ""material_subtype"": """", ""material_type"": """", ""nominal_size"": """", ""orientation"": """", ""pressure_class"": """", ""rating"": """", ""size"": ""DN 200"", ""specification"": ""IS 2062"", ""standard"": ""IS 2062"", ""unit"": ""MTR""}",SAIL,1,STANDALONE_CANDIDATE,1.0,e61cd1dbb4db866183105c3df54b773b27c118a59c2532f3b4891f35daebfbfd,,,
CMM-PIPEF-EB17F7-001,CMM-PIPEF-EB17F7-001,PIPE/FITTING | ALLOY STEEL | 2 IN | ASME B16.5,PIPE/FITTING,,ALLOY STEEL,2 IN,,ASME B16.5,MTR,"{""connection_type"": """", ""construction"": """", ""end_type"": """", ""material"": """", ""material_family"": ""PIPE/FITTING"", ""material_grade"": ""ALLOY STEEL"", ""material_subtype"": """", ""material_type"": """", ""nominal_size"": """", ""orientation"": """", ""pressure_class"": """", ""rating"": """", ""size"": ""2 IN"", ""specification"": ""ASME B16.5"", ""standard"": ""ASME B16.5"", ""unit"": ""MTR""}",BHEL;HPCL;NTPC;ONGC;SAIL,5,VERIFIED_HARMONIZED,1.0,eb17f741ea8f1fd7f7eadbccb55825cd27a879699cf6a917dc734785a00afaaa,,,
CMM-PIPEF-ED1BE7-001,CMM-PIPEF-ED1BE7-001,PIPE/FITTING | CARBON STEEL | DN 100 | API 5L,PIPE/FITTING,,CARBON STEEL,DN 100,,API 5L,MTR,"{""connection_type"": """", ""construction"": """", ""end_type"": """", ""material"": ""CARBON STEEL"", ""material_family"": ""PIPE/FITTING"", ""material_grade"": ""CARBON STEEL"", ""material_subtype"": """", ""material_type"": """", ""nominal_size"": """", ""orientation"": """", ""pressure_class"": """", ""rating"": """", ""size"": ""DN 100"", ""specification"": ""API 5L"", ""standard"": ""API 5L"", ""unit"": ""MTR""}",BHEL;Coal India;NMDC;NTPC,4,VERIFIED_HARMONIZED,1.0,ed1be744bfcfddb0074482f20bbcb99c03a4b6212b210d7d7b4d45f0f349e898,,,
CMM-PIPEF-EE1D45-001,CMM-PIPEF-EE1D45-001,PIPE/FITTING | FLANGE | IS 2062 | DN 80 | ASME B16.9,PIPE/FITTING,FLANGE,IS 2062,DN 80,,ASME B16.9,MTR,"{""connection_type"": """", ""construction"": """", ""end_type"": """", ""material"": """", ""material_family"": ""PIPE/FITTING"", ""material_grade"": ""IS 2062"", ""material_subtype"": """", ""material_type"": ""FLANGE"", ""nominal_size"": """", ""orientation"": """", ""pressure_class"": """", ""rating"": """", ""size"": ""DN 80"", ""specification"": ""ASME B16.9"", ""standard"": ""ASME B16.9"", ""unit"": ""MTR""}",BHEL;ONGC,2,VERIFIED_HARMONIZED,1.0,ee1d45057f93f7a5d4fafe1b7b07314ce01c2613602462211a23140f5209fde0,,,
CMM-PIPEF-F2A7E6-001,CMM-PIPEF-F2A7E6-001,PIPE/FITTING | CARBON STEEL | DN 100 | IS 8598,PIPE/FITTING,,CARBON STEEL,DN 100,,IS 8598,MTR,"{""connection_type"": """", ""construction"": """", ""end_type"": """", ""material"": ""CARBON STEEL"", ""material_family"": ""PIPE/FITTING"", ""material_grade"": ""CARBON STEEL"", ""material_subtype"": """", ""material_type"": """", ""nominal_size"": """", ""orientation"": """", ""pressure_class"": """", ""rating"": """", ""size"": ""DN 100"", ""specification"": ""IS 8598"", ""standard"": ""IS 8598"", ""unit"": ""MTR""}",NMDC,1,STANDALONE_CANDIDATE,1.0,f2a7e62aeff5a58eda99e6ced2709e5e8e45a2d9d2d6c861954971e3ed8712d8,,,
CMM-PIPEF-F76C77-001,CMM-PIPEF-F76C77-001,PIPE/FITTING | ELBOW | ASTM A106 GR.B | 6 IN | ASME B16.5,PIPE/FITTING,ELBOW,ASTM A106 GR.B,6 IN,,ASME B16.5,MTR,"{""connection_type"": """", ""construction"": """", ""end_type"": """", ""material"": """", ""material_family"": ""PIPE/FITTING"", ""material_grade"": ""ASTM A106 GR.B"", ""material_subtype"": """", ""material_type"": ""ELBOW"", ""nominal_size"": """", ""orientation"": """", ""pressure_class"": """", ""rating"": """", ""size"": ""6 IN"", ""specification"": ""ASME B16.5"", ""standard"": ""ASME B16.5"", ""unit"": ""MTR""}",Coal India;HPCL;IOCL;NMDC;ONGC;SAIL,6,VERIFIED_HARMONIZED,1.0,f76c771da15fcb186fcbfa60921fc308e680d80fe080d2a4a0fbf869dbf34ec8,,,
CMM-PIPEF-F7D030-001,CMM-PIPEF-F7D030-001,PIPE/FITTING | ELBOW | ALLOY STEEL | 2 IN | API 5L,PIPE/FITTING,ELBOW,ALLOY STEEL,2 IN,,API 5L,MTR,"{""connection_type"": """", ""construction"": """", ""end_type"": """", ""material"": """", ""material_family"": ""PIPE/FITTING"", ""material_grade"": ""ALLOY STEEL"", ""material_subtype"": """", ""material_type"": ""ELBOW"", ""nominal_size"": """", ""orientation"": """", ""pressure_class"": """", ""rating"": """", ""size"": ""2 IN"", ""specification"": ""API 5L"", ""standard"": ""API 5L"", ""unit"": ""MTR""}",IOCL,1,STANDALONE_CANDIDATE,1.0,f7d0308767907ca9aaee17ab52a3035bf988b64307efd099f01c3c984acee479,,,
CMM-PIPEF-F80E7A-001,CMM-PIPEF-F80E7A-001,PIPE/FITTING | COPPER ALLOY | DN 200 | IS 2062,PIPE/FITTING,,COPPER ALLOY,DN 200,,IS 2062,MTR,"{""connection_type"": """", ""construction"": """", ""end_type"": """", ""material"": """", ""material_family"": ""PIPE/FITTING"", ""material_grade"": ""COPPER ALLOY"", ""material_subtype"": """", ""material_type"": """", ""nominal_size"": """", ""orientation"": """", ""pressure_class"": """", ""rating"": """", ""size"": ""DN 200"", ""specification"": ""IS 2062"", ""standard"": ""IS 2062"", ""unit"": ""MTR""}",SAIL,1,STANDALONE_CANDIDATE,1.0,f80e7a9cee4145f753283e6f16e3df06734a554aa4f8457dc7f1b423c041252b,,,
CMM-PIPEF-FAA474-001,CMM-PIPEF-FAA474-001,PIPE/FITTING | COPPER ALLOY | DN 200 | IS 2062,PIPE/FITTING,,COPPER ALLOY,DN 200,,IS 2062,MTR,"{""connection_type"": """", ""construction"": """", ""end_type"": """", ""material"": """", ""material_family"": ""PIPE/FITTING"", ""material_grade"": ""COPPER ALLOY"", ""material_subtype"": """", ""material_type"": """", ""nominal_size"": """", ""orientation"": """", ""pressure_class"": """", ""rating"": """", ""size"": ""DN 200"", ""specification"": ""IS 2062"", ""standard"": ""IS 2062"", ""unit"": ""MTR""}",SAIL,1,STANDALONE_CANDIDATE,1.0,faa474326427c18b9f01c73e7c7e3adc3bc5f1f41d82ff03086f7d52bc5f312f,,,
CMM-PIPEF-FACAE4-001,CMM-PIPEF-FACAE4-001,PIPE/FITTING | CARBON STEEL | DN 100 | IS 8598,PIPE/FITTING,,CARBON STEEL,DN 100,,IS 8598,MTR,"{""connection_type"": """", ""construction"": """", ""end_type"": """", ""material"": ""CARBON STEEL"", ""material_family"": ""PIPE/FITTING"", ""material_grade"": ""CARBON STEEL"", ""material_subtype"": """", ""material_type"": """", ""nominal_size"": """", ""orientation"": """", ""pressure_class"": """", ""rating"": """", ""size"": ""DN 100"", ""specification"": ""IS 8598"", ""standard"": ""IS 8598"", ""unit"": ""MTR""}",NMDC,1,STANDALONE_CANDIDATE,1.0,facae4b383157f97ad42b63f6244e3779810c9d7e091f374e18d238fb27688c1,,,
CMM-PIPEF-FEC860-001,CMM-PIPEF-FEC860-001,PIPE/FITTING | IS 2062 | 2 IN | API 5L,PIPE/FITTING,,IS 2062,2 IN,,API 5L,MTR,"{""connection_type"": """", ""construction"": """", ""end_type"": """", ""material"": """", ""material_family"": ""PIPE/FITTING"", ""material_grade"": ""IS 2062"", ""material_subtype"": """", ""material_type"": """", ""nominal_size"": """", ""orientation"": """", ""pressure_class"": """", ""rating"": """", ""size"": ""2 IN"", ""specification"": ""API 5L"", ""standard"": ""API 5L"", ""unit"": ""MTR""}",BHEL;NMDC,2,VERIFIED_HARMONIZED,1.0,fec8604dd67bf7be582ff75478e43bb8d6d8a5e48e65a1ed3553235e86bb6565,,,
CMM-PUMP-012B36-001,CMM-PUMP-012B36-001,PUMP | ALLOY STEEL | 6 IN | API 7K,PUMP,,ALLOY STEEL,6 IN,,API 7K,SET,"{""connection_type"": """", ""construction"": """", ""end_type"": """", ""material"": """", ""material_family"": ""PUMP"", ""material_grade"": ""ALLOY STEEL"", ""material_subtype"": """", ""material_type"": """", ""nominal_size"": """", ""orientation"": """", ""pressure_class"": """", ""rating"": """", ""size"": ""6 IN"", ""specification"": ""API 7K"", ""standard"": ""API 7K"", ""unit"": ""SET""}",ONGC,1,STANDALONE_CANDIDATE,1.0,012b368ea283602b92cb69f3be10831f8e54d6dcbe332c99914b81bdd59b5db6,,,
CMM-PUMP-01669B-001,CMM-PUMP-01669B-001,PUMP | CAST IRON | DN 150 | IS 5120,PUMP,,CAST IRON,DN 150,,IS 5120,SET,"{""connection_type"": """", ""construction"": ""CAST"", ""end_type"": """", ""material"": """", ""material_family"": ""PUMP"", ""material_grade"": ""CAST IRON"", ""material_subtype"": """", ""material_type"": """", ""nominal_size"": """", ""orientation"": """", ""pressure_class"": """", ""rating"": """", ""size"": ""DN 150"", ""specification"": ""IS 5120"", ""standard"": ""IS 5120"", ""unit"": ""SET""}",Coal India,1,STANDALONE_CANDIDATE,1.0,01669bb8b02b2d36321f5fba02005172c2206f62f78943bd4d693eeb668ad714,,,
CMM-PUMP-01C96F-001,CMM-PUMP-01C96F-001,PUMP | CARBON STEEL | 2 IN X 1.5 IN | ISO 2858,PUMP,,CARBON STEEL,2 IN X 1.5 IN,,ISO 2858,SET,"{""connection_type"": """", ""construction"": """", ""end_type"": """", ""material"": ""CARBON STEEL"", ""material_family"": ""PUMP"", ""material_grade"": ""CARBON STEEL"", ""material_subtype"": """", ""material_type"": """", ""nominal_size"": """", ""orientation"": """", ""pressure_class"": """", ""rating"": """", ""size"": ""2 IN X 1.5 IN"", ""specification"": ""ISO 2858"", ""standard"": ""ISO 2858"", ""unit"": ""SET""}",SAIL,1,STANDALONE_CANDIDATE,1.0,01c96f3846a02ebdd0ea21d9e9717cd25c41f1fe5d0cb3dc55e89ca6ef69c774,,,
CMM-PUMP-04A30D-001,CMM-PUMP-04A30D-001,PUMP | CAST IRON | 3 IN X 2 IN | ISO 2858,PUMP,,CAST IRON,3 IN X 2 IN,,ISO 2858,SET,"{""connection_type"": """", ""construction"": ""CAST"", ""end_type"": """", ""material"": """", ""material_family"": ""PUMP"", ""material_grade"": ""CAST IRON"", ""material_subtype"": """", ""material_type"": """", ""nominal_size"": """", ""orientation"": ""VERTICAL"", ""pressure_class"": """", ""rating"": """", ""size"": ""3 IN X 2 IN"", ""specification"": ""ISO 2858"", ""standard"": ""ISO 2858"", ""unit"": ""SET""}",Coal India;ONGC,2,VERIFIED_HARMONIZED,1.0,04a30db9734a2f7acfd65b9ca408f5de18e1be881345bd5581df5faacb381fb3,,,
CMM-PUMP-04B5DC-001,CMM-PUMP-04B5DC-001,PUMP | CARBON STEEL | DN 80 | API 675,PUMP,,CARBON STEEL,DN 80,,API 675,SET,"{""connection_type"": """", ""construction"": """", ""end_type"": """", ""material"": ""CARBON STEEL"", ""material_family"": ""PUMP"", ""material_grade"": ""CARBON STEEL"", ""material_subtype"": """", ""material_type"": """", ""nominal_size"": """", ""orientation"": """", ""pressure_class"": """", ""rating"": """", ""size"": ""DN 80"", ""specification"": ""API 675"", ""standard"": ""API 675"", ""unit"": ""SET""}",HPCL,1,STANDALONE_CANDIDATE,1.0,04b5dcf6d7376108109d6e6ea061b28f442a1282ec448e7069a0d8fdf9cb42cf,,,
CMM-PUMP-0645FB-001,CMM-PUMP-0645FB-001,PUMP | CAST IRON | DN 150 | IS 5120,PUMP,,CAST IRON,DN 150,,IS 5120,SET,"{""connection_type"": """", ""construction"": ""CAST"", ""end_type"": """", ""material"": """", ""material_family"": ""PUMP"", ""material_grade"": ""CAST IRON"", ""material_subtype"": """", ""material_type"": """", ""nominal_size"": """", ""orientation"": """", ""pressure_class"": """", ""rating"": """", ""size"": ""DN 150"", ""specification"": ""IS 5120"", ""standard"": ""IS 5120"", ""unit"": ""SET""}",Coal India,1,STANDALONE_CANDIDATE,1.0,0645fbd2cc82353a4442e8ea1a2d61af2c97427eae854a8798973bbe64f33988,,,
CMM-PUMP-06B966-001,CMM-PUMP-06B966-001,PUMP | CARBON STEEL | DN 80 | API 675,PUMP,,CARBON STEEL,DN 80,,API 675,SET,"{""connection_type"": """", ""construction"": """", ""end_type"": """", ""material"": ""CARBON STEEL"", ""material_family"": ""PUMP"", ""material_grade"": ""CARBON STEEL"", ""material_subtype"": """", ""material_type"": """", ""nominal_size"": """", ""orientation"": """", ""pressure_class"": """", ""rating"": """", ""size"": ""DN 80"", ""specification"": ""API 675"", ""standard"": ""API 675"", ""unit"": ""SET""}",HPCL,1,STANDALONE_CANDIDATE,1.0,06b966bb70db6a11f7c00463bf04b7965ef19e0a7aa41ee6287c6d58fb7ea990,,,
CMM-PUMP-0804F8-001,CMM-PUMP-0804F8-001,PUMP | CAST IRON | DN 150 | IS 5120,PUMP,,CAST IRON,DN 150,,IS 5120,SET,"{""connection_type"": """", ""construction"": ""CAST"", ""end_type"": """", ""material"": """", ""material_family"": ""PUMP"", ""material_grade"": ""CAST IRON"", ""material_subtype"": """", ""material_type"": """", ""nominal_size"": """", ""orientation"": """", ""pressure_class"": """", ""rating"": """", ""size"": ""DN 150"", ""specification"": ""IS 5120"", ""standard"": ""IS 5120"", ""unit"": ""SET""}",Coal India,1,STANDALONE_CANDIDATE,1.0,0804f8dfe53eeca4ecb3f48d5bffcfffd6799d543fb45639cdf2185929c28e1b,,,
CMM-PUMP-08A544-001,CMM-PUMP-08A544-001,PUMP | CARBON STEEL | DN 80 | API 610,PUMP,,CARBON STEEL,DN 80,,API 610,SET,"{""connection_type"": """", ""construction"": """", ""end_type"": """", ""material"": ""CARBON STEEL"", ""material_family"": ""PUMP"", ""material_grade"": ""CARBON STEEL"", ""material_subtype"": """", ""material_type"": """", ""nominal_size"": """", ""orientation"": """", ""pressure_class"": """", ""rating"": """", ""size"": ""DN 80"", ""specification"": ""API 610"", ""standard"": ""API 610"", ""unit"": ""SET""}",NTPC,1,STANDALONE_CANDIDATE,1.0,08a544aef3ff4f9bdd016009ccdfb0a167be12c909a0229c947d89ab59488dd0,,,
CMM-PUMP-0920CA-001,CMM-PUMP-0920CA-001,PUMP | CAST IRON | DN 150 | IS 5120,PUMP,,CAST IRON,DN 150,,IS 5120,SET,"{""connection_type"": """", ""construction"": ""CAST"", ""end_type"": """", ""material"": """", ""material_family"": ""PUMP"", ""material_grade"": ""CAST IRON"", ""material_subtype"": """", ""material_type"": """", ""nominal_size"": """", ""orientation"": """", ""pressure_class"": """", ""rating"": """", ""size"": ""DN 150"", ""specification"": ""IS 5120"", ""standard"": ""IS 5120"", ""unit"": ""SET""}",Coal India,1,STANDALONE_CANDIDATE,1.0,0920cae8fc6e054defeca0c524a00cd93da283bd3332f5da918c0238a6da9af2,,,
CMM-PUMP-0AAE0E-001,CMM-PUMP-0AAE0E-001,PUMP | ALLOY STEEL | 6 IN | API 7K,PUMP,,ALLOY STEEL,6 IN,,API 7K,SET,"{""connection_type"": """", ""construction"": """", ""end_type"": """", ""material"": """", ""material_family"": ""PUMP"", ""material_grade"": ""ALLOY STEEL"", ""material_subtype"": """", ""material_type"": """", ""nominal_size"": """", ""orientation"": """", ""pressure_class"": """", ""rating"": """", ""size"": ""6 IN"", ""specification"": ""API 7K"", ""standard"": ""API 7K"", ""unit"": ""SET""}",ONGC,1,STANDALONE_CANDIDATE,1.0,0aae0e3c548b9c5496b1ef5f3bfabd99c0fd6805928cfc7674312f5a2dbc1b83,,,
CMM-PUMP-0F45F6-001,CMM-PUMP-0F45F6-001,PUMP | SS 316 | DN 100 | API 610,PUMP,,SS 316,DN 100,,API 610,SET,"{""connection_type"": """", ""construction"": """", ""end_type"": """", ""material"": ""STAINLESS STEEL"", ""material_family"": ""PUMP"", ""material_grade"": ""SS 316"", ""material_subtype"": """", ""material_type"": """", ""nominal_size"": """", ""orientation"": """", ""pressure_class"": """", ""rating"": """", ""size"": ""DN 100"", ""specification"": ""API 610"", ""standard"": ""API 610"", ""unit"": ""SET""}",Coal India;HPCL;IOCL;ONGC;SAIL,5,VERIFIED_HARMONIZED,1.0,0f45f62a4af1f6e53911fd90c99a80d1e4154de3225b21eeaf4036eb09264f46,,,
CMM-PUMP-10BBEC-001,CMM-PUMP-10BBEC-001,PUMP | ALLOY STEEL | 2 IN X 1.5 IN | ISO 2858,PUMP,,ALLOY STEEL,2 IN X 1.5 IN,,ISO 2858,SET,"{""connection_type"": """", ""construction"": """", ""end_type"": """", ""material"": """", ""material_family"": ""PUMP"", ""material_grade"": ""ALLOY STEEL"", ""material_subtype"": """", ""material_type"": """", ""nominal_size"": """", ""orientation"": """", ""pressure_class"": """", ""rating"": """", ""size"": ""2 IN X 1.5 IN"", ""specification"": ""ISO 2858"", ""standard"": ""ISO 2858"", ""unit"": ""SET""}",HPCL,1,STANDALONE_CANDIDATE,1.0,10bbecd56fc9ab5d08a321eacb0e58df0150ddcc12f951e6bdb04b9bc9c2cd64,,,
CMM-PUMP-12FC7D-001,CMM-PUMP-12FC7D-001,PUMP | CENTRIFUGAL PUMP | SS 316 | 2 IN X 1.5 IN | ISO 2858,PUMP,CENTRIFUGAL PUMP,SS 316,2 IN X 1.5 IN,,ISO 2858,SET,"{""connection_type"": """", ""construction"": """", ""end_type"": """", ""material"": ""STAINLESS STEEL"", ""material_family"": ""PUMP"", ""material_grade"": ""SS 316"", ""material_subtype"": """", ""material_type"": ""CENTRIFUGAL PUMP"", ""nominal_size"": """", ""orientation"": """", ""pressure_class"": """", ""rating"": """", ""size"": ""2 IN X 1.5 IN"", ""specification"": ""ISO 2858"", ""standard"": ""ISO 2858"", ""unit"": ""SET""}",ONGC,1,STANDALONE_CANDIDATE,1.0,12fc7de02dbed680aed84680fa1195190a502334d80e06c007473018c951e70a,,,
CMM-PUMP-1359D8-001,CMM-PUMP-1359D8-001,PUMP | CAST IRON | DN 150 | IS 5120,PUMP,,CAST IRON,DN 150,,IS 5120,SET,"{""connection_type"": """", ""construction"": ""CAST"", ""end_type"": """", ""material"": """", ""material_family"": ""PUMP"", ""material_grade"": ""CAST IRON"", ""material_subtype"": """", ""material_type"": """", ""nominal_size"": """", ""orientation"": """", ""pressure_class"": """", ""rating"": """", ""size"": ""DN 150"", ""specification"": ""IS 5120"", ""standard"": ""IS 5120"", ""unit"": ""SET""}",Coal India,1,STANDALONE_CANDIDATE,1.0,1359d83c78e91517c87e9305433210ebfd47ff0dd39b95051591b9c6df290cf3,,,
CMM-PUMP-137846-001,CMM-PUMP-137846-001,PUMP | CAST IRON | DN 100 | API 610,PUMP,,CAST IRON,DN 100,,API 610,SET,"{""connection_type"": """", ""construction"": ""CAST"", ""end_type"": """", ""material"": """", ""material_family"": ""PUMP"", ""material_grade"": ""CAST IRON"", ""material_subtype"": """", ""material_type"": """", ""nominal_size"": """", ""orientation"": ""VERTICAL"", ""pressure_class"": """", ""rating"": """", ""size"": ""DN 100"", ""specification"": ""API 610"", ""standard"": ""API 610"", ""unit"": ""SET""}",BHEL;ONGC,2,VERIFIED_HARMONIZED,1.0,137846e19edd40cb3da02eaf58a18dc835f9c3f5ddf68ae9397c08c161c77402,,,
CMM-PUMP-13DAB4-001,CMM-PUMP-13DAB4-001,PUMP | DUPLEX STEEL | DN 80 | ISO 2858,PUMP,,DUPLEX STEEL,DN 80,,ISO 2858,SET,"{""connection_type"": """", ""construction"": """", ""end_type"": """", ""material"": """", ""material_family"": ""PUMP"", ""material_grade"": ""DUPLEX STEEL"", ""material_subtype"": """", ""material_type"": """", ""nominal_size"": """", ""orientation"": ""VERTICAL"", ""pressure_class"": """", ""rating"": """", ""size"": ""DN 80"", ""specification"": ""ISO 2858"", ""standard"": ""ISO 2858"", ""unit"": ""SET""}",BHEL;HPCL;NTPC;ONGC;SAIL,5,VERIFIED_HARMONIZED,1.0,13dab41f516bd29e5fcc2e4162fa4cc5a9a1e8f51586e54bd767c9f7117a2302,,,
CMM-PUMP-165443-001,CMM-PUMP-165443-001,PUMP | ALLOY STEEL | 6 IN | API 7K,PUMP,,ALLOY STEEL,6 IN,,API 7K,SET,"{""connection_type"": """", ""construction"": """", ""end_type"": """", ""material"": """", ""material_family"": ""PUMP"", ""material_grade"": ""ALLOY STEEL"", ""material_subtype"": """", ""material_type"": """", ""nominal_size"": """", ""orientation"": """", ""pressure_class"": """", ""rating"": """", ""size"": ""6 IN"", ""specification"": ""API 7K"", ""standard"": ""API 7K"", ""unit"": ""SET""}",ONGC,1,STANDALONE_CANDIDATE,1.0,1654436a0f873c14f3c06a0819e4aa371b644867e8d766c00ec8951233fd2141,,,
CMM-PUMP-173478-001,CMM-PUMP-173478-001,PUMP | CAST IRON | DN 100 | API 610,PUMP,,CAST IRON,DN 100,,API 610,SET,"{""connection_type"": """", ""construction"": ""CAST"", ""end_type"": """", ""material"": """", ""material_family"": ""PUMP"", ""material_grade"": ""CAST IRON"", ""material_subtype"": """", ""material_type"": """", ""nominal_size"": """", ""orientation"": """", ""pressure_class"": """", ""rating"": """", ""size"": ""DN 100"", ""specification"": ""API 610"", ""standard"": ""API 610"", ""unit"": ""SET""}",IOCL;NMDC;NTPC;SAIL,4,VERIFIED_HARMONIZED,1.0,173478adb664593a118c8fbaa0ed5be73c2a73cb47c345596f41dd04c4e88ccb,,,
CMM-PUMP-17CA42-001,CMM-PUMP-17CA42-001,PUMP | CARBON STEEL | DN 80 | API 675,PUMP,,CARBON STEEL,DN 80,,API 675,SET,"{""connection_type"": """", ""construction"": """", ""end_type"": """", ""material"": ""CARBON STEEL"", ""material_family"": ""PUMP"", ""material_grade"": ""CARBON STEEL"", ""material_subtype"": """", ""material_type"": """", ""nominal_size"": """", ""orientation"": """", ""pressure_class"": """", ""rating"": """", ""size"": ""DN 80"", ""specification"": ""API 675"", ""standard"": ""API 675"", ""unit"": ""SET""}",HPCL,1,STANDALONE_CANDIDATE,1.0,17ca42d2c203ac1b4abcca3ffa01f829a77c6f9ab6e54f45a448e20cd55c8148,,,
CMM-PUMP-17F830-001,CMM-PUMP-17F830-001,PUMP | CARBON STEEL | DN 80 | API 675,PUMP,,CARBON STEEL,DN 80,,API 675,SET,"{""connection_type"": """", ""construction"": """", ""end_type"": """", ""material"": ""CARBON STEEL"", ""material_family"": ""PUMP"", ""material_grade"": ""CARBON STEEL"", ""material_subtype"": """", ""material_type"": """", ""nominal_size"": """", ""orientation"": """", ""pressure_class"": """", ""rating"": """", ""size"": ""DN 80"", ""specification"": ""API 675"", ""standard"": ""API 675"", ""unit"": ""SET""}",HPCL,1,STANDALONE_CANDIDATE,1.0,17f830704e8f096e537aa3fddcb16906b94bbfd3cef0f6d631fab340b3c79e2a,,,
CMM-PUMP-18DC6B-001,CMM-PUMP-18DC6B-001,PUMP | CARBON STEEL | DN 80 | API 675,PUMP,,CARBON STEEL,DN 80,,API 675,SET,"{""connection_type"": """", ""construction"": """", ""end_type"": """", ""material"": ""CARBON STEEL"", ""material_family"": ""PUMP"", ""material_grade"": ""CARBON STEEL"", ""material_subtype"": """", ""material_type"": """", ""nominal_size"": """", ""orientation"": """", ""pressure_class"": """", ""rating"": """", ""size"": ""DN 80"", ""specification"": ""API 675"", ""standard"": ""API 675"", ""unit"": ""SET""}",HPCL,1,STANDALONE_CANDIDATE,1.0,18dc6be144beef0a17d5a4d030d8baf15a7f483cb53254e4a8037ee8c9d31a36,,,
CMM-PUMP-194977-001,CMM-PUMP-194977-001,PUMP | ALLOY STEEL | 2 IN X 1.5 IN | IS 1520,PUMP,,ALLOY STEEL,2 IN X 1.5 IN,,IS 1520,SET,"{""connection_type"": """", ""construction"": """", ""end_type"": """", ""material"": """", ""material_family"": ""PUMP"", ""material_grade"": ""ALLOY STEEL"", ""material_subtype"": """", ""material_type"": """", ""nominal_size"": """", ""orientation"": """", ""pressure_class"": """", ""rating"": """", ""size"": ""2 IN X 1.5 IN"", ""specification"": ""IS 1520"", ""standard"": ""IS 1520"", ""unit"": ""SET""}",BHEL,1,STANDALONE_CANDIDATE,1.0,194977d5385d0c67e8409bb2769880d25c99c5d5955d774053ac41c897f67ac8,,,
CMM-PUMP-1ABEEE-001,CMM-PUMP-1ABEEE-001,PUMP | CARBON STEEL | 2 IN X 1.5 IN | ISO 2858,PUMP,,CARBON STEEL,2 IN X 1.5 IN,,ISO 2858,SET,"{""connection_type"": """", ""construction"": """", ""end_type"": """", ""material"": ""CARBON STEEL"", ""material_family"": ""PUMP"", ""material_grade"": ""CARBON STEEL"", ""material_subtype"": """", ""material_type"": """", ""nominal_size"": """", ""orientation"": """", ""pressure_class"": """", ""rating"": """", ""size"": ""2 IN X 1.5 IN"", ""specification"": ""ISO 2858"", ""standard"": ""ISO 2858"", ""unit"": ""SET""}",ONGC,1,STANDALONE_CANDIDATE,1.0,1abeee5834d9339ef6833762fb4268ef9b52a60b8af0d7e1d4936d7a126e16d2,,,
CMM-PUMP-1E1136-001,CMM-PUMP-1E1136-001,PUMP | ALLOY STEEL | 3 IN X 2 IN | API 610,PUMP,,ALLOY STEEL,3 IN X 2 IN,,API 610,SET,"{""connection_type"": """", ""construction"": """", ""end_type"": """", ""material"": """", ""material_family"": ""PUMP"", ""material_grade"": ""ALLOY STEEL"", ""material_subtype"": """", ""material_type"": """", ""nominal_size"": """", ""orientation"": ""VERTICAL"", ""pressure_class"": """", ""rating"": """", ""size"": ""3 IN X 2 IN"", ""specification"": ""API 610"", ""standard"": ""API 610"", ""unit"": ""SET""}",BHEL,1,STANDALONE_CANDIDATE,1.0,1e11361c43d31139c634c58fafbcdb5b79dc96ad8795784310e870cc6b4cf73c,,,
CMM-PUMP-1E2E39-001,CMM-PUMP-1E2E39-001,PUMP | ALLOY STEEL | 6 IN | API 7K,PUMP,,ALLOY STEEL,6 IN,,API 7K,SET,"{""connection_type"": """", ""construction"": """", ""end_type"": """", ""material"": """", ""material_family"": ""PUMP"", ""material_grade"": ""ALLOY STEEL"", ""material_subtype"": """", ""material_type"": """", ""nominal_size"": """", ""orientation"": """", ""pressure_class"": """", ""rating"": """", ""size"": ""6 IN"", ""specification"": ""API 7K"", ""standard"": ""API 7K"", ""unit"": ""SET""}",ONGC,1,STANDALONE_CANDIDATE,1.0,1e2e390f58f7ab0d9a0667872d500238820af71d33e4ae0c9c9163e60a875d79,,,
CMM-PUMP-1EB531-001,CMM-PUMP-1EB531-001,PUMP | CAST IRON | DN 150 | IS 5120,PUMP,,CAST IRON,DN 150,,IS 5120,SET,"{""connection_type"": """", ""construction"": ""CAST"", ""end_type"": """", ""material"": """", ""material_family"": ""PUMP"", ""material_grade"": ""CAST IRON"", ""material_subtype"": """", ""material_type"": """", ""nominal_size"": """", ""orientation"": """", ""pressure_class"": """", ""rating"": """", ""size"": ""DN 150"", ""specification"": ""IS 5120"", ""standard"": ""IS 5120"", ""unit"": ""SET""}",Coal India,1,STANDALONE_CANDIDATE,1.0,1eb531ec9661b7201ce4263417fd4f272e8d61296256dba2523938bc3f7dcd05,,,
CMM-PUMP-1ECC4D-001,CMM-PUMP-1ECC4D-001,PUMP | CARBON STEEL | DN 80 | API 675,PUMP,,CARBON STEEL,DN 80,,API 675,SET,"{""connection_type"": """", ""construction"": """", ""end_type"": """", ""material"": ""CARBON STEEL"", ""material_family"": ""PUMP"", ""material_grade"": ""CARBON STEEL"", ""material_subtype"": """", ""material_type"": """", ""nominal_size"": """", ""orientation"": """", ""pressure_class"": """", ""rating"": """", ""size"": ""DN 80"", ""specification"": ""API 675"", ""standard"": ""API 675"", ""unit"": ""SET""}",HPCL,1,STANDALONE_CANDIDATE,1.0,1ecc4da62c4dfb4fc9957b837bd15bfda237c62b12078a11730edf20ceaab3ab,,,
CMM-PUMP-1F3C25-001,CMM-PUMP-1F3C25-001,PUMP | SS 304 | 2 IN X 1.5 IN | API 610,PUMP,,SS 304,2 IN X 1.5 IN,,API 610,SET,"{""connection_type"": """", ""construction"": """", ""end_type"": """", ""material"": ""STAINLESS STEEL"", ""material_family"": ""PUMP"", ""material_grade"": ""SS 304"", ""material_subtype"": """", ""material_type"": """", ""nominal_size"": """", ""orientation"": ""VERTICAL"", ""pressure_class"": """", ""rating"": """", ""size"": ""2 IN X 1.5 IN"", ""specification"": ""API 610"", ""standard"": ""API 610"", ""unit"": ""SET""}",SAIL,1,STANDALONE_CANDIDATE,1.0,1f3c25d9a13ad664cea8a9c9231ea19c693bd0263044fb62da0524e8d4fe4b78,,,
CMM-PUMP-21B057-001,CMM-PUMP-21B057-001,PUMP | CENTRIFUGAL PUMP | ALLOY STEEL | DN 100 | ISO 2858,PUMP,CENTRIFUGAL PUMP,ALLOY STEEL,DN 100,,ISO 2858,SET,"{""connection_type"": """", ""construction"": """", ""end_type"": """", ""material"": """", ""material_family"": ""PUMP"", ""material_grade"": ""ALLOY STEEL"", ""material_subtype"": """", ""material_type"": ""CENTRIFUGAL PUMP"", ""nominal_size"": """", ""orientation"": """", ""pressure_class"": """", ""rating"": """", ""size"": ""DN 100"", ""specification"": ""ISO 2858"", ""standard"": ""ISO 2858"", ""unit"": ""SET""}",NMDC,1,STANDALONE_CANDIDATE,1.0,21b057fcc51e8cafa1ca5b2aaf88964c62bab666a992e481127596a3a61c9876,,,
CMM-PUMP-24EC34-001,CMM-PUMP-24EC34-001,PUMP | ALLOY STEEL | 6 IN | API 7K,PUMP,,ALLOY STEEL,6 IN,,API 7K,SET,"{""connection_type"": """", ""construction"": """", ""end_type"": """", ""material"": """", ""material_family"": ""PUMP"", ""material_grade"": ""ALLOY STEEL"", ""material_subtype"": """", ""material_type"": """", ""nominal_size"": """", ""orientation"": """", ""pressure_class"": """", ""rating"": """", ""size"": ""6 IN"", ""specification"": ""API 7K"", ""standard"": ""API 7K"", ""unit"": ""SET""}",ONGC,1,STANDALONE_CANDIDATE,1.0,24ec343e35e3a6e0c6a236146bb6d71a97bbd059e74cafa4f0684ed5eb8be3c1,,,
CMM-PUMP-253D90-001,CMM-PUMP-253D90-001,PUMP | CAST IRON | DN 150 | IS 5120,PUMP,,CAST IRON,DN 150,,IS 5120,SET,"{""connection_type"": """", ""construction"": ""CAST"", ""end_type"": """", ""material"": """", ""material_family"": ""PUMP"", ""material_grade"": ""CAST IRON"", ""material_subtype"": """", ""material_type"": """", ""nominal_size"": """", ""orientation"": """", ""pressure_class"": """", ""rating"": """", ""size"": ""DN 150"", ""specification"": ""IS 5120"", ""standard"": ""IS 5120"", ""unit"": ""SET""}",Coal India,1,STANDALONE_CANDIDATE,1.0,253d9086f9f74dd2b9d0c06e69911da5a6f1cb7b23f93045263cf80c25263afa,,,
CMM-PUMP-257C0D-001,CMM-PUMP-257C0D-001,PUMP | SS 316 | DN 100 | API 610,PUMP,,SS 316,DN 100,,API 610,SET,"{""connection_type"": """", ""construction"": """", ""end_type"": """", ""material"": ""STAINLESS STEEL"", ""material_family"": ""PUMP"", ""material_grade"": ""SS 316"", ""material_subtype"": """", ""material_type"": """", ""nominal_size"": """", ""orientation"": """", ""pressure_class"": """", ""rating"": """", ""size"": ""DN 100"", ""specification"": ""API 610"", ""standard"": ""API 610"", ""unit"": ""SET""}",Coal India;HPCL;NTPC;SAIL,4,VERIFIED_HARMONIZED,1.0,257c0db924c052f0e222bc06752da597ac77e21f80dc99427f304965870c703e,,,
CMM-PUMP-28D343-001,CMM-PUMP-28D343-001,PUMP | ALLOY STEEL | 6 IN | API 7K,PUMP,,ALLOY STEEL,6 IN,,API 7K,SET,"{""connection_type"": """", ""construction"": """", ""end_type"": """", ""material"": """", ""material_family"": ""PUMP"", ""material_grade"": ""ALLOY STEEL"", ""material_subtype"": """", ""material_type"": """", ""nominal_size"": """", ""orientation"": """", ""pressure_class"": """", ""rating"": """", ""size"": ""6 IN"", ""specification"": ""API 7K"", ""standard"": ""API 7K"", ""unit"": ""SET""}",ONGC,1,STANDALONE_CANDIDATE,1.0,28d343641164b70e4d671ab5bb73d6acf24164d6b25abb0d0148301a8f9f2d24,,,
CMM-PUMP-28DDB3-001,CMM-PUMP-28DDB3-001,PUMP | CAST IRON | DN 100 | ISO 2858,PUMP,,CAST IRON,DN 100,,ISO 2858,SET,"{""connection_type"": """", ""construction"": ""CAST"", ""end_type"": """", ""material"": """", ""material_family"": ""PUMP"", ""material_grade"": ""CAST IRON"", ""material_subtype"": """", ""material_type"": """", ""nominal_size"": """", ""orientation"": """", ""pressure_class"": """", ""rating"": """", ""size"": ""DN 100"", ""specification"": ""ISO 2858"", ""standard"": ""ISO 2858"", ""unit"": ""SET""}",Coal India;ONGC,2,VERIFIED_HARMONIZED,1.0,28ddb34c17ba1b1e36aeb9dc3aa844ec2c8cf4147b98d068204c5d2aac2743e6,,,
CMM-PUMP-29649A-001,CMM-PUMP-29649A-001,PUMP | CARBON STEEL | DN 80 | API 675,PUMP,,CARBON STEEL,DN 80,,API 675,SET,"{""connection_type"": """", ""construction"": """", ""end_type"": """", ""material"": ""CARBON STEEL"", ""material_family"": ""PUMP"", ""material_grade"": ""CARBON STEEL"", ""material_subtype"": """", ""material_type"": """", ""nominal_size"": """", ""orientation"": """", ""pressure_class"": """", ""rating"": """", ""size"": ""DN 80"", ""specification"": ""API 675"", ""standard"": ""API 675"", ""unit"": ""SET""}",HPCL,1,STANDALONE_CANDIDATE,1.0,29649ac14831d2eb753cc2a00da76b4cb9ff9e8423812228dd11ce3576e4e3e9,,,
CMM-PUMP-2970BB-001,CMM-PUMP-2970BB-001,PUMP | CAST IRON | DN 150 | IS 5120,PUMP,,CAST IRON,DN 150,,IS 5120,SET,"{""connection_type"": """", ""construction"": ""CAST"", ""end_type"": """", ""material"": """", ""material_family"": ""PUMP"", ""material_grade"": ""CAST IRON"", ""material_subtype"": """", ""material_type"": """", ""nominal_size"": """", ""orientation"": """", ""pressure_class"": """", ""rating"": """", ""size"": ""DN 150"", ""specification"": ""IS 5120"", ""standard"": ""IS 5120"", ""unit"": ""SET""}",Coal India,1,STANDALONE_CANDIDATE,1.0,2970bbe004b61a6b07c4980f5348d286beeb33c72889b1c1c69e10b620fd665e,,,
CMM-PUMP-2F3FCE-001,CMM-PUMP-2F3FCE-001,PUMP | DUPLEX STEEL | 2 IN X 1.5 IN | API 610,PUMP,,DUPLEX STEEL,2 IN X 1.5 IN,,API 610,SET,"{""connection_type"": """", ""construction"": """", ""end_type"": """", ""material"": """", ""material_family"": ""PUMP"", ""material_grade"": ""DUPLEX STEEL"", ""material_subtype"": """", ""material_type"": """", ""nominal_size"": """", ""orientation"": ""VERTICAL"", ""pressure_class"": """", ""rating"": """", ""size"": ""2 IN X 1.5 IN"", ""specification"": ""API 610"", ""standard"": ""API 610"", ""unit"": ""SET""}",HPCL;IOCL;NMDC,3,VERIFIED_HARMONIZED,1.0,2f3fce5bc5b408891ae0ade70cdb33dce068f5cab9ec8ea8b82dcc5b56b4c3d5,,,
CMM-PUMP-306AB1-001,CMM-PUMP-306AB1-001,PUMP | CAST IRON | DN 150 | IS 5120,PUMP,,CAST IRON,DN 150,,IS 5120,SET,"{""connection_type"": """", ""construction"": ""CAST"", ""end_type"": """", ""material"": """", ""material_family"": ""PUMP"", ""material_grade"": ""CAST IRON"", ""material_subtype"": """", ""material_type"": """", ""nominal_size"": """", ""orientation"": """", ""pressure_class"": """", ""rating"": """", ""size"": ""DN 150"", ""specification"": ""IS 5120"", ""standard"": ""IS 5120"", ""unit"": ""SET""}",Coal India,1,STANDALONE_CANDIDATE,1.0,306ab1c1e7275bfc090bcf241dd0b4e25561c54afac62bce860aea95964c7e31,,,
CMM-PUMP-316E80-001,CMM-PUMP-316E80-001,PUMP | ALLOY STEEL | DN 80 | IS 1520,PUMP,,ALLOY STEEL,DN 80,,IS 1520,SET,"{""connection_type"": """", ""construction"": """", ""end_type"": """", ""material"": """", ""material_family"": ""PUMP"", ""material_grade"": ""ALLOY STEEL"", ""material_subtype"": """", ""material_type"": """", ""nominal_size"": """", ""orientation"": """", ""pressure_class"": """", ""rating"": """", ""size"": ""DN 80"", ""specification"": ""IS 1520"", ""standard"": ""IS 1520"", ""unit"": ""SET""}",NTPC,1,STANDALONE_CANDIDATE,1.0,316e803daf24e49e079cf723c3b902de5c3ac620247c066187894a34cb7979d5,,,
CMM-PUMP-326895-001,CMM-PUMP-326895-001,PUMP | ALLOY STEEL | 6 IN | API 7K,PUMP,,ALLOY STEEL,6 IN,,API 7K,SET,"{""connection_type"": """", ""construction"": """", ""end_type"": """", ""material"": """", ""material_family"": ""PUMP"", ""material_grade"": ""ALLOY STEEL"", ""material_subtype"": """", ""material_type"": """", ""nominal_size"": """", ""orientation"": """", ""pressure_class"": """", ""rating"": """", ""size"": ""6 IN"", ""specification"": ""API 7K"", ""standard"": ""API 7K"", ""unit"": ""SET""}",ONGC,1,STANDALONE_CANDIDATE,1.0,326895f37a2d56aacc15d387caf74e8ebf4725da687738328db3da83c05c433e,,,
CMM-PUMP-329011-001,CMM-PUMP-329011-001,PUMP | CENTRIFUGAL PUMP | CAST IRON | 3 IN X 2 IN | API 610,PUMP,CENTRIFUGAL PUMP,CAST IRON,3 IN X 2 IN,,API 610,SET,"{""connection_type"": """", ""construction"": ""CAST"", ""end_type"": """", ""material"": """", ""material_family"": ""PUMP"", ""material_grade"": ""CAST IRON"", ""material_subtype"": """", ""material_type"": ""CENTRIFUGAL PUMP"", ""nominal_size"": """", ""orientation"": """", ""pressure_class"": """", ""rating"": """", ""size"": ""3 IN X 2 IN"", ""specification"": ""API 610"", ""standard"": ""API 610"", ""unit"": ""SET""}",BHEL;Coal India;IOCL;NMDC;NTPC,5,VERIFIED_HARMONIZED,1.0,329011b770bc51a2b2efa93344618f63b15418c55ce1e6a6f0ddafc609992284,,,
CMM-PUMP-353345-001,CMM-PUMP-353345-001,PUMP | CARBON STEEL | DN 80 | API 675,PUMP,,CARBON STEEL,DN 80,,API 675,SET,"{""connection_type"": """", ""construction"": """", ""end_type"": """", ""material"": ""CARBON STEEL"", ""material_family"": ""PUMP"", ""material_grade"": ""CARBON STEEL"", ""material_subtype"": """", ""material_type"": """", ""nominal_size"": """", ""orientation"": """", ""pressure_class"": """", ""rating"": """", ""size"": ""DN 80"", ""specification"": ""API 675"", ""standard"": ""API 675"", ""unit"": ""SET""}",HPCL,1,STANDALONE_CANDIDATE,1.0,353345a52181c17aa00c2e80bbacf0e68f94ffc3254aee69bcb14fb54ccca022,,,
CMM-PUMP-357758-001,CMM-PUMP-357758-001,PUMP | DUPLEX STEEL | 3 IN X 2 IN | ISO 2858,PUMP,,DUPLEX STEEL,3 IN X 2 IN,,ISO 2858,SET,"{""connection_type"": """", ""construction"": """", ""end_type"": """", ""material"": """", ""material_family"": ""PUMP"", ""material_grade"": ""DUPLEX STEEL"", ""material_subtype"": """", ""material_type"": """", ""nominal_size"": """", ""orientation"": """", ""pressure_class"": """", ""rating"": """", ""size"": ""3 IN X 2 IN"", ""specification"": ""ISO 2858"", ""standard"": ""ISO 2858"", ""unit"": ""SET""}",BHEL;Coal India;NMDC;NTPC;ONGC,5,VERIFIED_HARMONIZED,1.0,3577587a9665be61940843cf45bd47ec985916c08337f76218e174f96f17f376,,,
CMM-PUMP-36C5BF-001,CMM-PUMP-36C5BF-001,PUMP | ALLOY STEEL | 6 IN | API 7K,PUMP,,ALLOY STEEL,6 IN,,API 7K,SET,"{""connection_type"": """", ""construction"": """", ""end_type"": """", ""material"": """", ""material_family"": ""PUMP"", ""material_grade"": ""ALLOY STEEL"", ""material_subtype"": """", ""material_type"": """", ""nominal_size"": """", ""orientation"": """", ""pressure_class"": """", ""rating"": """", ""size"": ""6 IN"", ""specification"": ""API 7K"", ""standard"": ""API 7K"", ""unit"": ""SET""}",ONGC,1,STANDALONE_CANDIDATE,1.0,36c5bf4b4261aaa1b6502b537e57ede1ca5c44265c61041c29105408cfd79573,,,
CMM-PUMP-36F968-001,CMM-PUMP-36F968-001,PUMP | CAST IRON | DN 100 | IS 1520,PUMP,,CAST IRON,DN 100,,IS 1520,SET,"{""connection_type"": """", ""construction"": ""CAST"", ""end_type"": """", ""material"": """", ""material_family"": ""PUMP"", ""material_grade"": ""CAST IRON"", ""material_subtype"": """", ""material_type"": """", ""nominal_size"": """", ""orientation"": """", ""pressure_class"": """", ""rating"": """", ""size"": ""DN 100"", ""specification"": ""IS 1520"", ""standard"": ""IS 1520"", ""unit"": ""SET""}",BHEL;NMDC,2,VERIFIED_HARMONIZED,1.0,36f9684601b00b5130a40d416ec180f82d1538a5008cda8c68cf003c1f58145b,,,
CMM-PUMP-372D2E-001,CMM-PUMP-372D2E-001,PUMP | SS 304 | 2 IN X 1.5 IN | ISO 2858,PUMP,,SS 304,2 IN X 1.5 IN,,ISO 2858,SET,"{""connection_type"": """", ""construction"": """", ""end_type"": """", ""material"": ""STAINLESS STEEL"", ""material_family"": ""PUMP"", ""material_grade"": ""SS 304"", ""material_subtype"": """", ""material_type"": """", ""nominal_size"": """", ""orientation"": """", ""pressure_class"": """", ""rating"": """", ""size"": ""2 IN X 1.5 IN"", ""specification"": ""ISO 2858"", ""standard"": ""ISO 2858"", ""unit"": ""SET""}",HPCL,1,STANDALONE_CANDIDATE,1.0,372d2e2193548da6a5d87ac316e23d9e4c12c3c2db5ae9e1390557f9bd5481fd,,,
CMM-PUMP-380B77-001,CMM-PUMP-380B77-001,PUMP | CARBON STEEL | DN 80 | API 675,PUMP,,CARBON STEEL,DN 80,,API 675,SET,"{""connection_type"": """", ""construction"": """", ""end_type"": """", ""material"": ""CARBON STEEL"", ""material_family"": ""PUMP"", ""material_grade"": ""CARBON STEEL"", ""material_subtype"": """", ""material_type"": """", ""nominal_size"": """", ""orientation"": """", ""pressure_class"": """", ""rating"": """", ""size"": ""DN 80"", ""specification"": ""API 675"", ""standard"": ""API 675"", ""unit"": ""SET""}",HPCL,1,STANDALONE_CANDIDATE,1.0,380b777cccca1750aeff884b735491d5fdcede7e5ac3b16095ac1293d61d8704,,,
CMM-PUMP-385649-001,CMM-PUMP-385649-001,PUMP | ALLOY STEEL | DN 100 | ISO 2858,PUMP,,ALLOY STEEL,DN 100,,ISO 2858,SET,"{""connection_type"": """", ""construction"": """", ""end_type"": """", ""material"": """", ""material_family"": ""PUMP"", ""material_grade"": ""ALLOY STEEL"", ""material_subtype"": """", ""material_type"": """", ""nominal_size"": """", ""orientation"": """", ""pressure_class"": """", ""rating"": """", ""size"": ""DN 100"", ""specification"": ""ISO 2858"", ""standard"": ""ISO 2858"", ""unit"": ""SET""}",SAIL,1,STANDALONE_CANDIDATE,1.0,38564970254c34b1f049dc4011d5b53c649f54e607e9812f72ff9d657f0439af,,,
CMM-PUMP-38A47A-001,CMM-PUMP-38A47A-001,PUMP | CARBON STEEL | DN 100 | IS 1520,PUMP,,CARBON STEEL,DN 100,,IS 1520,SET,"{""connection_type"": """", ""construction"": """", ""end_type"": """", ""material"": ""CARBON STEEL"", ""material_family"": ""PUMP"", ""material_grade"": ""CARBON STEEL"", ""material_subtype"": """", ""material_type"": """", ""nominal_size"": """", ""orientation"": """", ""pressure_class"": """", ""rating"": """", ""size"": ""DN 100"", ""specification"": ""IS 1520"", ""standard"": ""IS 1520"", ""unit"": ""SET""}",NMDC,1,STANDALONE_CANDIDATE,1.0,38a47acf5f6716ecaa872913fe918ae43c56cefc90267fd82f276ad3dc512722,,,
CMM-PUMP-3A295D-001,CMM-PUMP-3A295D-001,PUMP | CARBON STEEL | DN 80 | API 675,PUMP,,CARBON STEEL,DN 80,,API 675,SET,"{""connection_type"": """", ""construction"": """", ""end_type"": """", ""material"": ""CARBON STEEL"", ""material_family"": ""PUMP"", ""material_grade"": ""CARBON STEEL"", ""material_subtype"": """", ""material_type"": """", ""nominal_size"": """", ""orientation"": """", ""pressure_class"": """", ""rating"": """", ""size"": ""DN 80"", ""specification"": ""API 675"", ""standard"": ""API 675"", ""unit"": ""SET""}",HPCL,1,STANDALONE_CANDIDATE,1.0,3a295daa23ea937c3be32ca64df681ec84aa446816ba89f3e1f7dc2914ff0c4c,,,
CMM-PUMP-3A7BBD-001,CMM-PUMP-3A7BBD-001,PUMP | SS 316 | 2 IN X 1.5 IN | API 610,PUMP,,SS 316,2 IN X 1.5 IN,,API 610,SET,"{""connection_type"": """", ""construction"": """", ""end_type"": """", ""material"": ""STAINLESS STEEL"", ""material_family"": ""PUMP"", ""material_grade"": ""SS 316"", ""material_subtype"": """", ""material_type"": """", ""nominal_size"": """", ""orientation"": """", ""pressure_class"": """", ""rating"": """", ""size"": ""2 IN X 1.5 IN"", ""specification"": ""API 610"", ""standard"": ""API 610"", ""unit"": ""SET""}",NTPC,1,STANDALONE_CANDIDATE,1.0,3a7bbd1a59fd27e26ce48a3465fb0efe4fe4e45d5215e5e23c64da88e1e687b8,,,
CMM-PUMP-3C44B6-001,CMM-PUMP-3C44B6-001,PUMP | CARBON STEEL | DN 80 | API 675,PUMP,,CARBON STEEL,DN 80,,API 675,SET,"{""connection_type"": """", ""construction"": """", ""end_type"": """", ""material"": ""CARBON STEEL"", ""material_family"": ""PUMP"", ""material_grade"": ""CARBON STEEL"", ""material_subtype"": """", ""material_type"": """", ""nominal_size"": """", ""orientation"": """", ""pressure_class"": """", ""rating"": """", ""size"": ""DN 80"", ""specification"": ""API 675"", ""standard"": ""API 675"", ""unit"": ""SET""}",HPCL,1,STANDALONE_CANDIDATE,1.0,3c44b6619271ab1ea750813fc811dcb237d3a2d45c2fa9e710904b06f490face,,,
CMM-PUMP-3C7C8B-001,CMM-PUMP-3C7C8B-001,PUMP | CENTRIFUGAL PUMP | ALLOY STEEL | DN 100 | API 610,PUMP,CENTRIFUGAL PUMP,ALLOY STEEL,DN 100,,API 610,SET,"{""connection_type"": """", ""construction"": """", ""end_type"": """", ""material"": """", ""material_family"": ""PUMP"", ""material_grade"": ""ALLOY STEEL"", ""material_subtype"": """", ""material_type"": ""CENTRIFUGAL PUMP"", ""nominal_size"": """", ""orientation"": """", ""pressure_class"": """", ""rating"": """", ""size"": ""DN 100"", ""specification"": ""API 610"", ""standard"": ""API 610"", ""unit"": ""SET""}",IOCL,1,STANDALONE_CANDIDATE,1.0,3c7c8b4f2e9f73e1fe002de29b1ed08e488de2b628e342150cee25e5d8e038fa,,,
CMM-PUMP-3D5ACE-001,CMM-PUMP-3D5ACE-001,PUMP | CARBON STEEL | DN 80 | API 675,PUMP,,CARBON STEEL,DN 80,,API 675,SET,"{""connection_type"": """", ""construction"": """", ""end_type"": """", ""material"": ""CARBON STEEL"", ""material_family"": ""PUMP"", ""material_grade"": ""CARBON STEEL"", ""material_subtype"": """", ""material_type"": """", ""nominal_size"": """", ""orientation"": """", ""pressure_class"": """", ""rating"": """", ""size"": ""DN 80"", ""specification"": ""API 675"", ""standard"": ""API 675"", ""unit"": ""SET""}",HPCL,1,STANDALONE_CANDIDATE,1.0,3d5aceb54f760781960f4bcc0779f4b8f01a673659adcdb82f4fd482ed69723e,,,
CMM-PUMP-3E4DCE-001,CMM-PUMP-3E4DCE-001,PUMP | CARBON STEEL | DN 80 | API 675,PUMP,,CARBON STEEL,DN 80,,API 675,SET,"{""connection_type"": """", ""construction"": """", ""end_type"": """", ""material"": ""CARBON STEEL"", ""material_family"": ""PUMP"", ""material_grade"": ""CARBON STEEL"", ""material_subtype"": """", ""material_type"": """", ""nominal_size"": """", ""orientation"": """", ""pressure_class"": """", ""rating"": """", ""size"": ""DN 80"", ""specification"": ""API 675"", ""standard"": ""API 675"", ""unit"": ""SET""}",HPCL,1,STANDALONE_CANDIDATE,1.0,3e4dce033b50b819394747e439676aecf64937ab510fd840f315ac531dcdb27b,,,
CMM-PUMP-3EE269-001,CMM-PUMP-3EE269-001,PUMP | CENTRIFUGAL PUMP | CARBON STEEL | DN 100 | ISO 2858,PUMP,CENTRIFUGAL PUMP,CARBON STEEL,DN 100,,ISO 2858,SET,"{""connection_type"": """", ""construction"": """", ""end_type"": """", ""material"": ""CARBON STEEL"", ""material_family"": ""PUMP"", ""material_grade"": ""CARBON STEEL"", ""material_subtype"": """", ""material_type"": ""CENTRIFUGAL PUMP"", ""nominal_size"": """", ""orientation"": """", ""pressure_class"": """", ""rating"": """", ""size"": ""DN 100"", ""specification"": ""ISO 2858"", ""standard"": ""ISO 2858"", ""unit"": ""SET""}",SAIL,1,STANDALONE_CANDIDATE,1.0,3ee2692ec4c22e1bc5629b245daa16cc30e37c7298580bb0ec96fa2953993e03,,,
CMM-PUMP-3F4E20-001,CMM-PUMP-3F4E20-001,PUMP | CAST IRON | DN 150 | IS 5120,PUMP,,CAST IRON,DN 150,,IS 5120,SET,"{""connection_type"": """", ""construction"": ""CAST"", ""end_type"": """", ""material"": """", ""material_family"": ""PUMP"", ""material_grade"": ""CAST IRON"", ""material_subtype"": """", ""material_type"": """", ""nominal_size"": """", ""orientation"": """", ""pressure_class"": """", ""rating"": """", ""size"": ""DN 150"", ""specification"": ""IS 5120"", ""standard"": ""IS 5120"", ""unit"": ""SET""}",Coal India,1,STANDALONE_CANDIDATE,1.0,3f4e20520ea708bcc550c2317b771c6d62aabe7ee25578c3f41c9aadf84a27f4,,,
CMM-PUMP-3FA360-001,CMM-PUMP-3FA360-001,PUMP | CAST IRON | DN 150 | IS 5120,PUMP,,CAST IRON,DN 150,,IS 5120,SET,"{""connection_type"": """", ""construction"": ""CAST"", ""end_type"": """", ""material"": """", ""material_family"": ""PUMP"", ""material_grade"": ""CAST IRON"", ""material_subtype"": """", ""material_type"": """", ""nominal_size"": """", ""orientation"": """", ""pressure_class"": """", ""rating"": """", ""size"": ""DN 150"", ""specification"": ""IS 5120"", ""standard"": ""IS 5120"", ""unit"": ""SET""}",Coal India,1,STANDALONE_CANDIDATE,1.0,3fa36077d0a47d0835e265455c5afa3b6893308f09309021b205890267342050,,,
CMM-PUMP-3FB8ED-001,CMM-PUMP-3FB8ED-001,PUMP | CARBON STEEL | DN 80 | IS 1520,PUMP,,CARBON STEEL,DN 80,,IS 1520,SET,"{""connection_type"": """", ""construction"": """", ""end_type"": """", ""material"": ""CARBON STEEL"", ""material_family"": ""PUMP"", ""material_grade"": ""CARBON STEEL"", ""material_subtype"": """", ""material_type"": """", ""nominal_size"": """", ""orientation"": ""VERTICAL"", ""pressure_class"": """", ""rating"": """", ""size"": ""DN 80"", ""specification"": ""IS 1520"", ""standard"": ""IS 1520"", ""unit"": ""SET""}",BHEL,1,STANDALONE_CANDIDATE,1.0,3fb8ed1f37374911ef66eeaaa727a078d470a89b45cb5a49a731d8f973fb4afa,,,
CMM-PUMP-414F8C-001,CMM-PUMP-414F8C-001,PUMP | CAST IRON | DN 150 | IS 5120,PUMP,,CAST IRON,DN 150,,IS 5120,SET,"{""connection_type"": """", ""construction"": ""CAST"", ""end_type"": """", ""material"": """", ""material_family"": ""PUMP"", ""material_grade"": ""CAST IRON"", ""material_subtype"": """", ""material_type"": """", ""nominal_size"": """", ""orientation"": """", ""pressure_class"": """", ""rating"": """", ""size"": ""DN 150"", ""specification"": ""IS 5120"", ""standard"": ""IS 5120"", ""unit"": ""SET""}",Coal India,1,STANDALONE_CANDIDATE,1.0,414f8c446517790cd89a346ab2920e1acb61c490e8ca4023a36f0f7954492fe5,,,
CMM-PUMP-4274F0-001,CMM-PUMP-4274F0-001,PUMP | CARBON STEEL | DN 80 | API 675,PUMP,,CARBON STEEL,DN 80,,API 675,SET,"{""connection_type"": """", ""construction"": """", ""end_type"": """", ""material"": ""CARBON STEEL"", ""material_family"": ""PUMP"", ""material_grade"": ""CARBON STEEL"", ""material_subtype"": """", ""material_type"": """", ""nominal_size"": """", ""orientation"": """", ""pressure_class"": """", ""rating"": """", ""size"": ""DN 80"", ""specification"": ""API 675"", ""standard"": ""API 675"", ""unit"": ""SET""}",HPCL,1,STANDALONE_CANDIDATE,1.0,4274f09e208cb4341d4d023e6ce900ef9b648f7a94c77f1711e4436ad3eed249,,,
CMM-PUMP-4393F2-001,CMM-PUMP-4393F2-001,PUMP | CAST IRON | 3 IN X 2 IN | ISO 2858,PUMP,,CAST IRON,3 IN X 2 IN,,ISO 2858,SET,"{""connection_type"": """", ""construction"": ""CAST"", ""end_type"": """", ""material"": """", ""material_family"": ""PUMP"", ""material_grade"": ""CAST IRON"", ""material_subtype"": """", ""material_type"": """", ""nominal_size"": """", ""orientation"": """", ""pressure_class"": """", ""rating"": """", ""size"": ""3 IN X 2 IN"", ""specification"": ""ISO 2858"", ""standard"": ""ISO 2858"", ""unit"": ""SET""}",BHEL;NMDC,2,VERIFIED_HARMONIZED,1.0,4393f239ddc23f3c87040b03e199c72a7f7e8e1daac4d9795686c9cbc29e4e75,,,
CMM-PUMP-464541-001,CMM-PUMP-464541-001,PUMP | ALLOY STEEL | 6 IN | API 7K,PUMP,,ALLOY STEEL,6 IN,,API 7K,SET,"{""connection_type"": """", ""construction"": """", ""end_type"": """", ""material"": """", ""material_family"": ""PUMP"", ""material_grade"": ""ALLOY STEEL"", ""material_subtype"": """", ""material_type"": """", ""nominal_size"": """", ""orientation"": """", ""pressure_class"": """", ""rating"": """", ""size"": ""6 IN"", ""specification"": ""API 7K"", ""standard"": ""API 7K"", ""unit"": ""SET""}",ONGC,1,STANDALONE_CANDIDATE,1.0,464541ca526867936bb0c6adcc962e80121c99f3b22fcfffccf2b6996413c231,,,
CMM-PUMP-4753D7-001,CMM-PUMP-4753D7-001,PUMP | CAST IRON | DN 150 | IS 5120,PUMP,,CAST IRON,DN 150,,IS 5120,SET,"{""connection_type"": """", ""construction"": ""CAST"", ""end_type"": """", ""material"": """", ""material_family"": ""PUMP"", ""material_grade"": ""CAST IRON"", ""material_subtype"": """", ""material_type"": """", ""nominal_size"": """", ""orientation"": """", ""pressure_class"": """", ""rating"": """", ""size"": ""DN 150"", ""specification"": ""IS 5120"", ""standard"": ""IS 5120"", ""unit"": ""SET""}",Coal India,1,STANDALONE_CANDIDATE,1.0,4753d747cef4d91bf777d707c2f16cd7180c03d9b6a911ec3cbc1259690a9301,,,
CMM-PUMP-497521-001,CMM-PUMP-497521-001,PUMP | ALLOY STEEL | 2 IN X 1.5 IN | API 610,PUMP,,ALLOY STEEL,2 IN X 1.5 IN,,API 610,SET,"{""connection_type"": """", ""construction"": """", ""end_type"": """", ""material"": """", ""material_family"": ""PUMP"", ""material_grade"": ""ALLOY STEEL"", ""material_subtype"": """", ""material_type"": """", ""nominal_size"": """", ""orientation"": """", ""pressure_class"": """", ""rating"": """", ""size"": ""2 IN X 1.5 IN"", ""specification"": ""API 610"", ""standard"": ""API 610"", ""unit"": ""SET""}",HPCL,1,STANDALONE_CANDIDATE,1.0,497521f9549a3204f55ec7ca7db13ea633a90e5e6641e5f7a07cf28a146af017,,,
CMM-PUMP-4DFD46-001,CMM-PUMP-4DFD46-001,PUMP | CAST IRON | DN 150 | IS 5120,PUMP,,CAST IRON,DN 150,,IS 5120,SET,"{""connection_type"": """", ""construction"": ""CAST"", ""end_type"": """", ""material"": """", ""material_family"": ""PUMP"", ""material_grade"": ""CAST IRON"", ""material_subtype"": """", ""material_type"": """", ""nominal_size"": """", ""orientation"": """", ""pressure_class"": """", ""rating"": """", ""size"": ""DN 150"", ""specification"": ""IS 5120"", ""standard"": ""IS 5120"", ""unit"": ""SET""}",Coal India,1,STANDALONE_CANDIDATE,1.0,4dfd46ff3670561cb5a43b2d413da2e71fd567b98669911ec06da671fae314ef,,,
CMM-PUMP-4EB8E3-001,CMM-PUMP-4EB8E3-001,PUMP | CAST IRON | DN 150 | IS 5120,PUMP,,CAST IRON,DN 150,,IS 5120,SET,"{""connection_type"": """", ""construction"": ""CAST"", ""end_type"": """", ""material"": """", ""material_family"": ""PUMP"", ""material_grade"": ""CAST IRON"", ""material_subtype"": """", ""material_type"": """", ""nominal_size"": """", ""orientation"": """", ""pressure_class"": """", ""rating"": """", ""size"": ""DN 150"", ""specification"": ""IS 5120"", ""standard"": ""IS 5120"", ""unit"": ""SET""}",Coal India,1,STANDALONE_CANDIDATE,1.0,4eb8e3b6df157d4888b808539206e8ccf3bd671ce08c751ac5c97ef17a1b8dd8,,,
CMM-PUMP-5580D4-001,CMM-PUMP-5580D4-001,PUMP | CENTRIFUGAL PUMP | SS 304 | 2 IN X 1.5 IN | ISO 2858,PUMP,CENTRIFUGAL PUMP,SS 304,2 IN X 1.5 IN,,ISO 2858,SET,"{""connection_type"": """", ""construction"": """", ""end_type"": """", ""material"": ""STAINLESS STEEL"", ""material_family"": ""PUMP"", ""material_grade"": ""SS 304"", ""material_subtype"": """", ""material_type"": ""CENTRIFUGAL PUMP"", ""nominal_size"": """", ""orientation"": """", ""pressure_class"": """", ""rating"": """", ""size"": ""2 IN X 1.5 IN"", ""specification"": ""ISO 2858"", ""standard"": ""ISO 2858"", ""unit"": ""SET""}",Coal India,1,STANDALONE_CANDIDATE,1.0,5580d454fc0256d18fbd7720a3380f8161177af922f0f90640e6a547d95fda49,,,
CMM-PUMP-5711FC-001,CMM-PUMP-5711FC-001,PUMP | ALLOY STEEL | DN 100 | IS 1520,PUMP,,ALLOY STEEL,DN 100,,IS 1520,SET,"{""connection_type"": """", ""construction"": """", ""end_type"": """", ""material"": """", ""material_family"": ""PUMP"", ""material_grade"": ""ALLOY STEEL"", ""material_subtype"": """", ""material_type"": """", ""nominal_size"": """", ""orientation"": """", ""pressure_class"": """", ""rating"": """", ""size"": ""DN 100"", ""specification"": ""IS 1520"", ""standard"": ""IS 1520"", ""unit"": ""SET""}",ONGC,1,STANDALONE_CANDIDATE,1.0,5711fc88594d7142f5e2cea595a0300e48d241e75f36e67d5e2fda791d7228e4,,,
CMM-PUMP-5784B2-001,CMM-PUMP-5784B2-001,PUMP | SS 304 | 3 IN X 2 IN | IS 1520,PUMP,,SS 304,3 IN X 2 IN,,IS 1520,SET,"{""connection_type"": """", ""construction"": """", ""end_type"": """", ""material"": ""STAINLESS STEEL"", ""material_family"": ""PUMP"", ""material_grade"": ""SS 304"", ""material_subtype"": """", ""material_type"": """", ""nominal_size"": """", ""orientation"": """", ""pressure_class"": """", ""rating"": """", ""size"": ""3 IN X 2 IN"", ""specification"": ""IS 1520"", ""standard"": ""IS 1520"", ""unit"": ""SET""}",Coal India,1,STANDALONE_CANDIDATE,1.0,5784b2a0cc0d7a5b19ed8ae8eebe78dd637bd7846dd87ad023752f0a5d76e020,,,
CMM-PUMP-5991EB-001,CMM-PUMP-5991EB-001,PUMP | SS 316 | 2 IN X 1.5 IN | API 610,PUMP,,SS 316,2 IN X 1.5 IN,,API 610,SET,"{""connection_type"": """", ""construction"": """", ""end_type"": """", ""material"": ""STAINLESS STEEL"", ""material_family"": ""PUMP"", ""material_grade"": ""SS 316"", ""material_subtype"": """", ""material_type"": """", ""nominal_size"": """", ""orientation"": ""VERTICAL"", ""pressure_class"": """", ""rating"": """", ""size"": ""2 IN X 1.5 IN"", ""specification"": ""API 610"", ""standard"": ""API 610"", ""unit"": ""SET""}",IOCL,1,STANDALONE_CANDIDATE,1.0,5991eb9ece32859ab3c1781f3254b8bc519b0a9f2b9b353bfab3db262c0b3a2e,,,
CMM-PUMP-5AE9A6-001,CMM-PUMP-5AE9A6-001,PUMP | ALLOY STEEL | 6 IN | API 7K,PUMP,,ALLOY STEEL,6 IN,,API 7K,SET,"{""connection_type"": """", ""construction"": """", ""end_type"": """", ""material"": """", ""material_family"": ""PUMP"", ""material_grade"": ""ALLOY STEEL"", ""material_subtype"": """", ""material_type"": """", ""nominal_size"": """", ""orientation"": """", ""pressure_class"": """", ""rating"": """", ""size"": ""6 IN"", ""specification"": ""API 7K"", ""standard"": ""API 7K"", ""unit"": ""SET""}",ONGC,1,STANDALONE_CANDIDATE,1.0,5ae9a6220d3797508b144dc2e5814ba7fb03c2f9db05fbb040f98372798c7888,,,
CMM-PUMP-5B4120-001,CMM-PUMP-5B4120-001,PUMP | CARBON STEEL | DN 80 | API 675,PUMP,,CARBON STEEL,DN 80,,API 675,SET,"{""connection_type"": """", ""construction"": """", ""end_type"": """", ""material"": ""CARBON STEEL"", ""material_family"": ""PUMP"", ""material_grade"": ""CARBON STEEL"", ""material_subtype"": """", ""material_type"": """", ""nominal_size"": """", ""orientation"": """", ""pressure_class"": """", ""rating"": """", ""size"": ""DN 80"", ""specification"": ""API 675"", ""standard"": ""API 675"", ""unit"": ""SET""}",HPCL,1,STANDALONE_CANDIDATE,1.0,5b4120e30c9e73a80101bb6253179f4f42712166a20121493000abec8060aa9b,,,
CMM-PUMP-5EDC22-001,CMM-PUMP-5EDC22-001,PUMP | CARBON STEEL | DN 80 | API 675,PUMP,,CARBON STEEL,DN 80,,API 675,SET,"{""connection_type"": """", ""construction"": """", ""end_type"": """", ""material"": ""CARBON STEEL"", ""material_family"": ""PUMP"", ""material_grade"": ""CARBON STEEL"", ""material_subtype"": """", ""material_type"": """", ""nominal_size"": """", ""orientation"": """", ""pressure_class"": """", ""rating"": """", ""size"": ""DN 80"", ""specification"": ""API 675"", ""standard"": ""API 675"", ""unit"": ""SET""}",HPCL,1,STANDALONE_CANDIDATE,1.0,5edc22c0a3633c69dc4b50acd213056cad8f85307ae423e8e50fec938c4584d6,,,
CMM-PUMP-5F6083-001,CMM-PUMP-5F6083-001,PUMP | CAST IRON | DN 150 | IS 5120,PUMP,,CAST IRON,DN 150,,IS 5120,SET,"{""connection_type"": """", ""construction"": ""CAST"", ""end_type"": """", ""material"": """", ""material_family"": ""PUMP"", ""material_grade"": ""CAST IRON"", ""material_subtype"": """", ""material_type"": """", ""nominal_size"": """", ""orientation"": """", ""pressure_class"": """", ""rating"": """", ""size"": ""DN 150"", ""specification"": ""IS 5120"", ""standard"": ""IS 5120"", ""unit"": ""SET""}",Coal India,1,STANDALONE_CANDIDATE,1.0,5f6083c662a1e9facc812cc9d091cc72eebe0da98e0c3200e1ffecf7be567acf,,,
CMM-PUMP-601ADC-001,CMM-PUMP-601ADC-001,PUMP | CAST IRON | DN 150 | IS 5120,PUMP,,CAST IRON,DN 150,,IS 5120,SET,"{""connection_type"": """", ""construction"": ""CAST"", ""end_type"": """", ""material"": """", ""material_family"": ""PUMP"", ""material_grade"": ""CAST IRON"", ""material_subtype"": """", ""material_type"": """", ""nominal_size"": """", ""orientation"": """", ""pressure_class"": """", ""rating"": """", ""size"": ""DN 150"", ""specification"": ""IS 5120"", ""standard"": ""IS 5120"", ""unit"": ""SET""}",Coal India,1,STANDALONE_CANDIDATE,1.0,601adc0de755ac6c55dd2df67fc352f632238d7f871db204af84c6308d56ea1c,,,
CMM-PUMP-6061C6-001,CMM-PUMP-6061C6-001,PUMP | DUPLEX STEEL | DN 100 | ISO 2858,PUMP,,DUPLEX STEEL,DN 100,,ISO 2858,SET,"{""connection_type"": """", ""construction"": """", ""end_type"": """", ""material"": """", ""material_family"": ""PUMP"", ""material_grade"": ""DUPLEX STEEL"", ""material_subtype"": """", ""material_type"": """", ""nominal_size"": """", ""orientation"": ""VERTICAL"", ""pressure_class"": """", ""rating"": """", ""size"": ""DN 100"", ""specification"": ""ISO 2858"", ""standard"": ""ISO 2858"", ""unit"": ""SET""}",NMDC;NTPC,2,VERIFIED_HARMONIZED,1.0,6061c6671a8c2e13abdb3a7438e20cc802bddfeda3b3f395f180ddd338bbcbf8,,,
CMM-PUMP-64429F-001,CMM-PUMP-64429F-001,PUMP | CARBON STEEL | DN 80 | API 675,PUMP,,CARBON STEEL,DN 80,,API 675,SET,"{""connection_type"": """", ""construction"": """", ""end_type"": """", ""material"": ""CARBON STEEL"", ""material_family"": ""PUMP"", ""material_grade"": ""CARBON STEEL"", ""material_subtype"": """", ""material_type"": """", ""nominal_size"": """", ""orientation"": """", ""pressure_class"": """", ""rating"": """", ""size"": ""DN 80"", ""specification"": ""API 675"", ""standard"": ""API 675"", ""unit"": ""SET""}",HPCL,1,STANDALONE_CANDIDATE,1.0,64429fbcadc4848d6eace9a9c71dd288c9d6d44f177b2bb586169c5538078bfd,,,
CMM-PUMP-648A86-001,CMM-PUMP-648A86-001,PUMP | SS 316 | 2 IN X 1.5 IN | ISO 2858,PUMP,,SS 316,2 IN X 1.5 IN,,ISO 2858,SET,"{""connection_type"": """", ""construction"": """", ""end_type"": """", ""material"": ""STAINLESS STEEL"", ""material_family"": ""PUMP"", ""material_grade"": ""SS 316"", ""material_subtype"": """", ""material_type"": """", ""nominal_size"": """", ""orientation"": """", ""pressure_class"": """", ""rating"": """", ""size"": ""2 IN X 1.5 IN"", ""specification"": ""ISO 2858"", ""standard"": ""ISO 2858"", ""unit"": ""SET""}",Coal India,1,STANDALONE_CANDIDATE,1.0,648a861c5bf5ea9a716d60b009336af49f1444c5c477baa5e23324e139c5a26d,,,
CMM-PUMP-64CC94-001,CMM-PUMP-64CC94-001,PUMP | CAST IRON | DN 150 | IS 5120,PUMP,,CAST IRON,DN 150,,IS 5120,SET,"{""connection_type"": """", ""construction"": ""CAST"", ""end_type"": """", ""material"": """", ""material_family"": ""PUMP"", ""material_grade"": ""CAST IRON"", ""material_subtype"": """", ""material_type"": """", ""nominal_size"": """", ""orientation"": """", ""pressure_class"": """", ""rating"": """", ""size"": ""DN 150"", ""specification"": ""IS 5120"", ""standard"": ""IS 5120"", ""unit"": ""SET""}",Coal India,1,STANDALONE_CANDIDATE,1.0,64cc94526137d34307b89804a15c9b824aa808363aba615d419ee3ca7b037743,,,
CMM-PUMP-665015-001,CMM-PUMP-665015-001,PUMP | CENTRIFUGAL PUMP | SS 304 | 3 IN X 2 IN | ISO 2858,PUMP,CENTRIFUGAL PUMP,SS 304,3 IN X 2 IN,,ISO 2858,SET,"{""connection_type"": """", ""construction"": """", ""end_type"": """", ""material"": ""STAINLESS STEEL"", ""material_family"": ""PUMP"", ""material_grade"": ""SS 304"", ""material_subtype"": """", ""material_type"": ""CENTRIFUGAL PUMP"", ""nominal_size"": """", ""orientation"": """", ""pressure_class"": """", ""rating"": """", ""size"": ""3 IN X 2 IN"", ""specification"": ""ISO 2858"", ""standard"": ""ISO 2858"", ""unit"": ""SET""}",HPCL,1,STANDALONE_CANDIDATE,1.0,6650150dc0073d5d431200c1315861b379e1d1eaa3cb0f9771c713059dbbfdcc,,,
CMM-PUMP-67F25D-001,CMM-PUMP-67F25D-001,PUMP | CAST IRON | 2 IN X 1.5 IN | IS 1520,PUMP,,CAST IRON,2 IN X 1.5 IN,,IS 1520,SET,"{""connection_type"": """", ""construction"": ""CAST"", ""end_type"": """", ""material"": """", ""material_family"": ""PUMP"", ""material_grade"": ""CAST IRON"", ""material_subtype"": """", ""material_type"": """", ""nominal_size"": """", ""orientation"": """", ""pressure_class"": """", ""rating"": """", ""size"": ""2 IN X 1.5 IN"", ""specification"": ""IS 1520"", ""standard"": ""IS 1520"", ""unit"": ""SET""}",HPCL;IOCL,2,VERIFIED_HARMONIZED,1.0,67f25df5ef4daca30311dbd2dbc85b8317a0a2fe5b1150c89f63031c77dc4b62,,,
CMM-PUMP-6BDDAA-001,CMM-PUMP-6BDDAA-001,PUMP | CARBON STEEL | DN 80 | API 675,PUMP,,CARBON STEEL,DN 80,,API 675,SET,"{""connection_type"": """", ""construction"": """", ""end_type"": """", ""material"": ""CARBON STEEL"", ""material_family"": ""PUMP"", ""material_grade"": ""CARBON STEEL"", ""material_subtype"": """", ""material_type"": """", ""nominal_size"": """", ""orientation"": """", ""pressure_class"": """", ""rating"": """", ""size"": ""DN 80"", ""specification"": ""API 675"", ""standard"": ""API 675"", ""unit"": ""SET""}",HPCL,1,STANDALONE_CANDIDATE,1.0,6bddaaaf6544988d3f5b130e7e364ed1ee75518393cce958eb4021db5b397084,,,
CMM-PUMP-6DD060-001,CMM-PUMP-6DD060-001,PUMP | CAST IRON | DN 150 | IS 5120,PUMP,,CAST IRON,DN 150,,IS 5120,SET,"{""connection_type"": """", ""construction"": ""CAST"", ""end_type"": """", ""material"": """", ""material_family"": ""PUMP"", ""material_grade"": ""CAST IRON"", ""material_subtype"": """", ""material_type"": """", ""nominal_size"": """", ""orientation"": """", ""pressure_class"": """", ""rating"": """", ""size"": ""DN 150"", ""specification"": ""IS 5120"", ""standard"": ""IS 5120"", ""unit"": ""SET""}",Coal India,1,STANDALONE_CANDIDATE,1.0,6dd060996840c7b77ba059e6164fe3aa4ed814ddbf8b1bea292f4e6eda455d93,,,
CMM-PUMP-6EE615-001,CMM-PUMP-6EE615-001,PUMP | SS 304 | 3 IN X 2 IN | API 610,PUMP,,SS 304,3 IN X 2 IN,,API 610,SET,"{""connection_type"": """", ""construction"": """", ""end_type"": """", ""material"": ""STAINLESS STEEL"", ""material_family"": ""PUMP"", ""material_grade"": ""SS 304"", ""material_subtype"": """", ""material_type"": """", ""nominal_size"": """", ""orientation"": """", ""pressure_class"": """", ""rating"": """", ""size"": ""3 IN X 2 IN"", ""specification"": ""API 610"", ""standard"": ""API 610"", ""unit"": ""SET""}",Coal India,1,STANDALONE_CANDIDATE,1.0,6ee615574811b8b8a10de234a32cf9a445fd2367d5a5e190978493b61307affe,,,
CMM-PUMP-710588-001,CMM-PUMP-710588-001,PUMP | ALLOY STEEL | DN 80 | IS 1520,PUMP,,ALLOY STEEL,DN 80,,IS 1520,SET,"{""connection_type"": """", ""construction"": """", ""end_type"": """", ""material"": """", ""material_family"": ""PUMP"", ""material_grade"": ""ALLOY STEEL"", ""material_subtype"": """", ""material_type"": """", ""nominal_size"": """", ""orientation"": ""VERTICAL"", ""pressure_class"": """", ""rating"": """", ""size"": ""DN 80"", ""specification"": ""IS 1520"", ""standard"": ""IS 1520"", ""unit"": ""SET""}",HPCL,1,STANDALONE_CANDIDATE,1.0,710588930938ebefd48fcde838f02da19546b65b2834a45c0bd9a3bea1501dce,,,
CMM-PUMP-71A39E-001,CMM-PUMP-71A39E-001,PUMP | CARBON STEEL | 2 IN X 1.5 IN | API 610,PUMP,,CARBON STEEL,2 IN X 1.5 IN,,API 610,SET,"{""connection_type"": """", ""construction"": """", ""end_type"": """", ""material"": ""CARBON STEEL"", ""material_family"": ""PUMP"", ""material_grade"": ""CARBON STEEL"", ""material_subtype"": """", ""material_type"": """", ""nominal_size"": """", ""orientation"": """", ""pressure_class"": """", ""rating"": """", ""size"": ""2 IN X 1.5 IN"", ""specification"": ""API 610"", ""standard"": ""API 610"", ""unit"": ""SET""}",BHEL;Coal India;IOCL;ONGC;SAIL,5,VERIFIED_HARMONIZED,1.0,71a39ea84c62eb3c1816f66d751cbc89ca1d68fee406cb85887d78aab3273e07,,,
CMM-PUMP-725848-001,CMM-PUMP-725848-001,PUMP | CARBON STEEL | DN 80 | API 675,PUMP,,CARBON STEEL,DN 80,,API 675,SET,"{""connection_type"": """", ""construction"": """", ""end_type"": """", ""material"": ""CARBON STEEL"", ""material_family"": ""PUMP"", ""material_grade"": ""CARBON STEEL"", ""material_subtype"": """", ""material_type"": """", ""nominal_size"": """", ""orientation"": """", ""pressure_class"": """", ""rating"": """", ""size"": ""DN 80"", ""specification"": ""API 675"", ""standard"": ""API 675"", ""unit"": ""SET""}",HPCL,1,STANDALONE_CANDIDATE,1.0,72584872324bed7e3e16df34abf17d06dedc1256af1004fb665682218aac4047,,,
CMM-PUMP-73D55D-001,CMM-PUMP-73D55D-001,PUMP | CARBON STEEL | 2 IN X 1.5 IN | API 610,PUMP,,CARBON STEEL,2 IN X 1.5 IN,,API 610,SET,"{""connection_type"": """", ""construction"": """", ""end_type"": """", ""material"": ""CARBON STEEL"", ""material_family"": ""PUMP"", ""material_grade"": ""CARBON STEEL"", ""material_subtype"": """", ""material_type"": """", ""nominal_size"": """", ""orientation"": """", ""pressure_class"": """", ""rating"": """", ""size"": ""2 IN X 1.5 IN"", ""specification"": ""API 610"", ""standard"": ""API 610"", ""unit"": ""SET""}",IOCL,1,STANDALONE_CANDIDATE,1.0,73d55dc3fc9465b9bb93761f1738c0e2f58dbbeb795a5a13516fc189dc18d660,,,
CMM-PUMP-74714C-001,CMM-PUMP-74714C-001,PUMP | CARBON STEEL | 3 IN X 2 IN | API 610,PUMP,,CARBON STEEL,3 IN X 2 IN,,API 610,SET,"{""connection_type"": """", ""construction"": """", ""end_type"": """", ""material"": ""CARBON STEEL"", ""material_family"": ""PUMP"", ""material_grade"": ""CARBON STEEL"", ""material_subtype"": """", ""material_type"": """", ""nominal_size"": """", ""orientation"": ""VERTICAL"", ""pressure_class"": """", ""rating"": """", ""size"": ""3 IN X 2 IN"", ""specification"": ""API 610"", ""standard"": ""API 610"", ""unit"": ""SET""}",HPCL,1,STANDALONE_CANDIDATE,1.0,74714c68b3b749c7af4578dddd158aa4569366bc74dc26a66b7f654e62633da7,,,
CMM-PUMP-74B50B-001,CMM-PUMP-74B50B-001,PUMP | CAST IRON | DN 150 | IS 5120,PUMP,,CAST IRON,DN 150,,IS 5120,SET,"{""connection_type"": """", ""construction"": ""CAST"", ""end_type"": """", ""material"": """", ""material_family"": ""PUMP"", ""material_grade"": ""CAST IRON"", ""material_subtype"": """", ""material_type"": """", ""nominal_size"": """", ""orientation"": """", ""pressure_class"": """", ""rating"": """", ""size"": ""DN 150"", ""specification"": ""IS 5120"", ""standard"": ""IS 5120"", ""unit"": ""SET""}",Coal India,1,STANDALONE_CANDIDATE,1.0,74b50badd53080eb47cf5e65342227da88dbc735615466e098db79e09eaa50f3,,,
CMM-PUMP-74E3B9-001,CMM-PUMP-74E3B9-001,PUMP | CAST IRON | DN 150 | IS 5120,PUMP,,CAST IRON,DN 150,,IS 5120,SET,"{""connection_type"": """", ""construction"": ""CAST"", ""end_type"": """", ""material"": """", ""material_family"": ""PUMP"", ""material_grade"": ""CAST IRON"", ""material_subtype"": """", ""material_type"": """", ""nominal_size"": """", ""orientation"": """", ""pressure_class"": """", ""rating"": """", ""size"": ""DN 150"", ""specification"": ""IS 5120"", ""standard"": ""IS 5120"", ""unit"": ""SET""}",Coal India,1,STANDALONE_CANDIDATE,1.0,74e3b980f4f312f3b200ea8d370f23540c57ea258e7f26988ed5407873fbae79,,,
CMM-PUMP-775659-001,CMM-PUMP-775659-001,PUMP | ALLOY STEEL | 6 IN | API 7K,PUMP,,ALLOY STEEL,6 IN,,API 7K,SET,"{""connection_type"": """", ""construction"": """", ""end_type"": """", ""material"": """", ""material_family"": ""PUMP"", ""material_grade"": ""ALLOY STEEL"", ""material_subtype"": """", ""material_type"": """", ""nominal_size"": """", ""orientation"": """", ""pressure_class"": """", ""rating"": """", ""size"": ""6 IN"", ""specification"": ""API 7K"", ""standard"": ""API 7K"", ""unit"": ""SET""}",ONGC,1,STANDALONE_CANDIDATE,1.0,7756597b9d8497a65d37bc656ff6f97b8523add442fcd0bf26984878b6b08187,,,
CMM-PUMP-78BA26-001,CMM-PUMP-78BA26-001,PUMP | CARBON STEEL | DN 80 | API 675,PUMP,,CARBON STEEL,DN 80,,API 675,SET,"{""connection_type"": """", ""construction"": """", ""end_type"": """", ""material"": ""CARBON STEEL"", ""material_family"": ""PUMP"", ""material_grade"": ""CARBON STEEL"", ""material_subtype"": """", ""material_type"": """", ""nominal_size"": """", ""orientation"": """", ""pressure_class"": """", ""rating"": """", ""size"": ""DN 80"", ""specification"": ""API 675"", ""standard"": ""API 675"", ""unit"": ""SET""}",HPCL,1,STANDALONE_CANDIDATE,1.0,78ba26c5cc4a390298196af4501e08e64582bb09a1b20041d430837f41aacf20,,,
CMM-PUMP-79599A-001,CMM-PUMP-79599A-001,PUMP | CARBON STEEL | DN 80 | API 675,PUMP,,CARBON STEEL,DN 80,,API 675,SET,"{""connection_type"": """", ""construction"": """", ""end_type"": """", ""material"": ""CARBON STEEL"", ""material_family"": ""PUMP"", ""material_grade"": ""CARBON STEEL"", ""material_subtype"": """", ""material_type"": """", ""nominal_size"": """", ""orientation"": """", ""pressure_class"": """", ""rating"": """", ""size"": ""DN 80"", ""specification"": ""API 675"", ""standard"": ""API 675"", ""unit"": ""SET""}",HPCL,1,STANDALONE_CANDIDATE,1.0,79599a4477bfee64c41c9520a5bcd5b0087f2f71bbc41ce2cea8b44801fd1848,,,
CMM-PUMP-7C2D89-001,CMM-PUMP-7C2D89-001,PUMP | CENTRIFUGAL PUMP | ALLOY STEEL | 3 IN X 2 IN | API 610,PUMP,CENTRIFUGAL PUMP,ALLOY STEEL,3 IN X 2 IN,,API 610,SET,"{""connection_type"": """", ""construction"": """", ""end_type"": """", ""material"": """", ""material_family"": ""PUMP"", ""material_grade"": ""ALLOY STEEL"", ""material_subtype"": """", ""material_type"": ""CENTRIFUGAL PUMP"", ""nominal_size"": """", ""orientation"": """", ""pressure_class"": """", ""rating"": """", ""size"": ""3 IN X 2 IN"", ""specification"": ""API 610"", ""standard"": ""API 610"", ""unit"": ""SET""}",SAIL,1,STANDALONE_CANDIDATE,1.0,7c2d89ac32c4d69f1e64a5b4330c80fec60d1754d1d338f80bba667f0649e87f,,,
CMM-PUMP-7D55C9-001,CMM-PUMP-7D55C9-001,PUMP | CARBON STEEL | 2 IN X 1.5 IN | API 610,PUMP,,CARBON STEEL,2 IN X 1.5 IN,,API 610,SET,"{""connection_type"": """", ""construction"": """", ""end_type"": """", ""material"": ""CARBON STEEL"", ""material_family"": ""PUMP"", ""material_grade"": ""CARBON STEEL"", ""material_subtype"": """", ""material_type"": """", ""nominal_size"": """", ""orientation"": ""VERTICAL"", ""pressure_class"": """", ""rating"": """", ""size"": ""2 IN X 1.5 IN"", ""specification"": ""API 610"", ""standard"": ""API 610"", ""unit"": ""SET""}",IOCL;NMDC;NTPC;ONGC;SAIL,5,VERIFIED_HARMONIZED,1.0,7d55c97d3be1caf033e4e12604982811c9c09bf30cf91631ddb0c3f477e09617,,,
CMM-PUMP-7E6D57-001,CMM-PUMP-7E6D57-001,PUMP | CARBON STEEL | DN 80 | API 675,PUMP,,CARBON STEEL,DN 80,,API 675,SET,"{""connection_type"": """", ""construction"": """", ""end_type"": """", ""material"": ""CARBON STEEL"", ""material_family"": ""PUMP"", ""material_grade"": ""CARBON STEEL"", ""material_subtype"": """", ""material_type"": """", ""nominal_size"": """", ""orientation"": """", ""pressure_class"": """", ""rating"": """", ""size"": ""DN 80"", ""specification"": ""API 675"", ""standard"": ""API 675"", ""unit"": ""SET""}",HPCL,1,STANDALONE_CANDIDATE,1.0,7e6d57db0772edd629970823f5dd0202ae7b6efbcb08e195e6fdd15d777d5c87,,,
CMM-PUMP-7F40B3-001,CMM-PUMP-7F40B3-001,PUMP | CARBON STEEL | DN 80 | API 675,PUMP,,CARBON STEEL,DN 80,,API 675,SET,"{""connection_type"": """", ""construction"": """", ""end_type"": """", ""material"": ""CARBON STEEL"", ""material_family"": ""PUMP"", ""material_grade"": ""CARBON STEEL"", ""material_subtype"": """", ""material_type"": """", ""nominal_size"": """", ""orientation"": """", ""pressure_class"": """", ""rating"": """", ""size"": ""DN 80"", ""specification"": ""API 675"", ""standard"": ""API 675"", ""unit"": ""SET""}",HPCL,1,STANDALONE_CANDIDATE,1.0,7f40b33e129a5908357118a6a4c23239209e7bcadd9130b6988c4ea9d7092881,,,
CMM-PUMP-824C56-001,CMM-PUMP-824C56-001,PUMP | DUPLEX STEEL | DN 80 | IS 1520,PUMP,,DUPLEX STEEL,DN 80,,IS 1520,SET,"{""connection_type"": """", ""construction"": """", ""end_type"": """", ""material"": """", ""material_family"": ""PUMP"", ""material_grade"": ""DUPLEX STEEL"", ""material_subtype"": """", ""material_type"": """", ""nominal_size"": """", ""orientation"": """", ""pressure_class"": """", ""rating"": """", ""size"": ""DN 80"", ""specification"": ""IS 1520"", ""standard"": ""IS 1520"", ""unit"": ""SET""}",HPCL;SAIL,2,VERIFIED_HARMONIZED,1.0,824c567bb82dabf77da4c4d0f860a8b38cfe588a2ec1435fa8252e9364609a0b,,,
CMM-PUMP-82AEB3-001,CMM-PUMP-82AEB3-001,PUMP | CENTRIFUGAL PUMP | DUPLEX STEEL | 3 IN X 2 IN | IS 1520,PUMP,CENTRIFUGAL PUMP,DUPLEX STEEL,3 IN X 2 IN,,IS 1520,SET,"{""connection_type"": """", ""construction"": """", ""end_type"": """", ""material"": """", ""material_family"": ""PUMP"", ""material_grade"": ""DUPLEX STEEL"", ""material_subtype"": """", ""material_type"": ""CENTRIFUGAL PUMP"", ""nominal_size"": """", ""orientation"": """", ""pressure_class"": """", ""rating"": """", ""size"": ""3 IN X 2 IN"", ""specification"": ""IS 1520"", ""standard"": ""IS 1520"", ""unit"": ""SET""}",BHEL;HPCL;IOCL;NMDC;SAIL,5,VERIFIED_HARMONIZED,1.0,82aeb3c72b6d506900c2fc7f6b5d652811f94a50f8eeb2ec12d510f5f3f5991c,,,
CMM-PUMP-837FD0-001,CMM-PUMP-837FD0-001,PUMP | CENTRIFUGAL PUMP | CAST IRON | 2 IN X 1.5 IN | API 610,PUMP,CENTRIFUGAL PUMP,CAST IRON,2 IN X 1.5 IN,,API 610,SET,"{""connection_type"": """", ""construction"": ""CAST"", ""end_type"": """", ""material"": """", ""material_family"": ""PUMP"", ""material_grade"": ""CAST IRON"", ""material_subtype"": """", ""material_type"": ""CENTRIFUGAL PUMP"", ""nominal_size"": """", ""orientation"": """", ""pressure_class"": """", ""rating"": """", ""size"": ""2 IN X 1.5 IN"", ""specification"": ""API 610"", ""standard"": ""API 610"", ""unit"": ""SET""}",BHEL;Coal India;ONGC,3,VERIFIED_HARMONIZED,1.0,837fd0f2490736a5e7ae8753d9235dc0e15547c0e9b0bf669b3120a66861e13b,,,
CMM-PUMP-84E179-001,CMM-PUMP-84E179-001,PUMP | SS 316 | 3 IN X 2 IN | IS 1520,PUMP,,SS 316,3 IN X 2 IN,,IS 1520,SET,"{""connection_type"": """", ""construction"": """", ""end_type"": """", ""material"": ""STAINLESS STEEL"", ""material_family"": ""PUMP"", ""material_grade"": ""SS 316"", ""material_subtype"": """", ""material_type"": """", ""nominal_size"": """", ""orientation"": """", ""pressure_class"": """", ""rating"": """", ""size"": ""3 IN X 2 IN"", ""specification"": ""IS 1520"", ""standard"": ""IS 1520"", ""unit"": ""SET""}",ONGC,1,STANDALONE_CANDIDATE,1.0,84e179403a88f682e899438b57011c69e6b5d3be8ba6e693da3ed2df14f6b604,,,
CMM-PUMP-853E3B-001,CMM-PUMP-853E3B-001,PUMP | CAST IRON | DN 150 | IS 5120,PUMP,,CAST IRON,DN 150,,IS 5120,SET,"{""connection_type"": """", ""construction"": ""CAST"", ""end_type"": """", ""material"": """", ""material_family"": ""PUMP"", ""material_grade"": ""CAST IRON"", ""material_subtype"": """", ""material_type"": """", ""nominal_size"": """", ""orientation"": """", ""pressure_class"": """", ""rating"": """", ""size"": ""DN 150"", ""specification"": ""IS 5120"", ""standard"": ""IS 5120"", ""unit"": ""SET""}",Coal India,1,STANDALONE_CANDIDATE,1.0,853e3bba0112fd929ddbd3b8caea2794750e989c44dd4a66dbbe109079a8de57,,,
CMM-PUMP-889829-001,CMM-PUMP-889829-001,PUMP | ALLOY STEEL | 6 IN | API 7K,PUMP,,ALLOY STEEL,6 IN,,API 7K,SET,"{""connection_type"": """", ""construction"": """", ""end_type"": """", ""material"": """", ""material_family"": ""PUMP"", ""material_grade"": ""ALLOY STEEL"", ""material_subtype"": """", ""material_type"": """", ""nominal_size"": """", ""orientation"": """", ""pressure_class"": """", ""rating"": """", ""size"": ""6 IN"", ""specification"": ""API 7K"", ""standard"": ""API 7K"", ""unit"": ""SET""}",ONGC,1,STANDALONE_CANDIDATE,1.0,889829d0032525b66792ec4ef0c9967e4b1ce0702223439037860a956b24e0d6,,,
CMM-PUMP-8B6C40-001,CMM-PUMP-8B6C40-001,PUMP | CAST IRON | DN 150 | IS 5120,PUMP,,CAST IRON,DN 150,,IS 5120,SET,"{""connection_type"": """", ""construction"": ""CAST"", ""end_type"": """", ""material"": """", ""material_family"": ""PUMP"", ""material_grade"": ""CAST IRON"", ""material_subtype"": """", ""material_type"": """", ""nominal_size"": """", ""orientation"": """", ""pressure_class"": """", ""rating"": """", ""size"": ""DN 150"", ""specification"": ""IS 5120"", ""standard"": ""IS 5120"", ""unit"": ""SET""}",Coal India,1,STANDALONE_CANDIDATE,1.0,8b6c4067c75426667e98e7ddd928f2e2b344c7ccfaa50240c62e45dc26fccfbe,,,
CMM-PUMP-8B76BE-001,CMM-PUMP-8B76BE-001,PUMP | CARBON STEEL | DN 80 | API 675,PUMP,,CARBON STEEL,DN 80,,API 675,SET,"{""connection_type"": """", ""construction"": """", ""end_type"": """", ""material"": ""CARBON STEEL"", ""material_family"": ""PUMP"", ""material_grade"": ""CARBON STEEL"", ""material_subtype"": """", ""material_type"": """", ""nominal_size"": """", ""orientation"": """", ""pressure_class"": """", ""rating"": """", ""size"": ""DN 80"", ""specification"": ""API 675"", ""standard"": ""API 675"", ""unit"": ""SET""}",HPCL,1,STANDALONE_CANDIDATE,1.0,8b76be7363a2863d7a5504976535eef6e06788072bf3d21bfef9d3dcc4c52627,,,
CMM-PUMP-8BAE9F-001,CMM-PUMP-8BAE9F-001,PUMP | DUPLEX STEEL | DN 100 | IS 1520,PUMP,,DUPLEX STEEL,DN 100,,IS 1520,SET,"{""connection_type"": """", ""construction"": """", ""end_type"": """", ""material"": """", ""material_family"": ""PUMP"", ""material_grade"": ""DUPLEX STEEL"", ""material_subtype"": """", ""material_type"": """", ""nominal_size"": """", ""orientation"": """", ""pressure_class"": """", ""rating"": """", ""size"": ""DN 100"", ""specification"": ""IS 1520"", ""standard"": ""IS 1520"", ""unit"": ""SET""}",BHEL;Coal India;HPCL;IOCL;NMDC;NTPC,6,VERIFIED_HARMONIZED,1.0,8bae9f413756718b7f6580882d99e2d1d96404c8360b94a225b38f6b8ecaaa98,,,
CMM-PUMP-8C5B3F-001,CMM-PUMP-8C5B3F-001,PUMP | CAST IRON | DN 150 | IS 5120,PUMP,,CAST IRON,DN 150,,IS 5120,SET,"{""connection_type"": """", ""construction"": ""CAST"", ""end_type"": """", ""material"": """", ""material_family"": ""PUMP"", ""material_grade"": ""CAST IRON"", ""material_subtype"": """", ""material_type"": """", ""nominal_size"": """", ""orientation"": """", ""pressure_class"": """", ""rating"": """", ""size"": ""DN 150"", ""specification"": ""IS 5120"", ""standard"": ""IS 5120"", ""unit"": ""SET""}",Coal India,1,STANDALONE_CANDIDATE,1.0,8c5b3fc82647aeddc8bb07fbe47c93a4b01616f6d68d37dc74b88a96f73aefe9,,,
CMM-PUMP-8DC0E9-001,CMM-PUMP-8DC0E9-001,PUMP | ALLOY STEEL | 6 IN | API 7K,PUMP,,ALLOY STEEL,6 IN,,API 7K,SET,"{""connection_type"": """", ""construction"": """", ""end_type"": """", ""material"": """", ""material_family"": ""PUMP"", ""material_grade"": ""ALLOY STEEL"", ""material_subtype"": """", ""material_type"": """", ""nominal_size"": """", ""orientation"": """", ""pressure_class"": """", ""rating"": """", ""size"": ""6 IN"", ""specification"": ""API 7K"", ""standard"": ""API 7K"", ""unit"": ""SET""}",ONGC,1,STANDALONE_CANDIDATE,1.0,8dc0e9e02df1c4d836ec9b72955a5e1bd37225951c27c826cdcdf868eb3f96e1,,,
CMM-PUMP-8E1E73-001,CMM-PUMP-8E1E73-001,PUMP | ALLOY STEEL | 6 IN | API 7K,PUMP,,ALLOY STEEL,6 IN,,API 7K,SET,"{""connection_type"": """", ""construction"": """", ""end_type"": """", ""material"": """", ""material_family"": ""PUMP"", ""material_grade"": ""ALLOY STEEL"", ""material_subtype"": """", ""material_type"": """", ""nominal_size"": """", ""orientation"": """", ""pressure_class"": """", ""rating"": """", ""size"": ""6 IN"", ""specification"": ""API 7K"", ""standard"": ""API 7K"", ""unit"": ""SET""}",ONGC,1,STANDALONE_CANDIDATE,1.0,8e1e73f9da6da4519398a860876032adcae0037535a9d32bef99670bc1d535e7,,,
CMM-PUMP-904476-001,CMM-PUMP-904476-001,PUMP | CENTRIFUGAL PUMP | CAST IRON | DN 80 | IS 1520,PUMP,CENTRIFUGAL PUMP,CAST IRON,DN 80,,IS 1520,SET,"{""connection_type"": """", ""construction"": ""CAST"", ""end_type"": """", ""material"": """", ""material_family"": ""PUMP"", ""material_grade"": ""CAST IRON"", ""material_subtype"": """", ""material_type"": ""CENTRIFUGAL PUMP"", ""nominal_size"": """", ""orientation"": """", ""pressure_class"": """", ""rating"": """", ""size"": ""DN 80"", ""specification"": ""IS 1520"", ""standard"": ""IS 1520"", ""unit"": ""SET""}",BHEL;IOCL;NTPC,4,AMBIGUOUS_REVIEW_REQUIRED,1.0,904476ba2d9f32e5cb430c328592477ec041a16f64ab2e4ca90d7bde0687fee0,,,
CMM-PUMP-9080C7-001,CMM-PUMP-9080C7-001,PUMP | CENTRIFUGAL PUMP | CARBON STEEL | DN 80 | API 610,PUMP,CENTRIFUGAL PUMP,CARBON STEEL,DN 80,,API 610,SET,"{""connection_type"": """", ""construction"": """", ""end_type"": """", ""material"": ""CARBON STEEL"", ""material_family"": ""PUMP"", ""material_grade"": ""CARBON STEEL"", ""material_subtype"": """", ""material_type"": ""CENTRIFUGAL PUMP"", ""nominal_size"": """", ""orientation"": """", ""pressure_class"": """", ""rating"": """", ""size"": ""DN 80"", ""specification"": ""API 610"", ""standard"": ""API 610"", ""unit"": ""SET""}",HPCL;NTPC;SAIL,3,VERIFIED_HARMONIZED,1.0,9080c70382f7769b85ad492604d72ce695a58c08e7db1b878c1ad28e2c5707a4,,,
CMM-PUMP-90AAD2-001,CMM-PUMP-90AAD2-001,PUMP | ALLOY STEEL | 6 IN | API 7K,PUMP,,ALLOY STEEL,6 IN,,API 7K,SET,"{""connection_type"": """", ""construction"": """", ""end_type"": """", ""material"": """", ""material_family"": ""PUMP"", ""material_grade"": ""ALLOY STEEL"", ""material_subtype"": """", ""material_type"": """", ""nominal_size"": """", ""orientation"": """", ""pressure_class"": """", ""rating"": """", ""size"": ""6 IN"", ""specification"": ""API 7K"", ""standard"": ""API 7K"", ""unit"": ""SET""}",ONGC,1,STANDALONE_CANDIDATE,1.0,90aad2c24323a1bf80974c9c90368dcbbaff455dae1e33ca50e49e778f740ae0,,,
CMM-PUMP-91FC08-001,CMM-PUMP-91FC08-001,PUMP | SS 304 | DN 100 | API 610,PUMP,,SS 304,DN 100,,API 610,SET,"{""connection_type"": """", ""construction"": """", ""end_type"": """", ""material"": ""STAINLESS STEEL"", ""material_family"": ""PUMP"", ""material_grade"": ""SS 304"", ""material_subtype"": """", ""material_type"": """", ""nominal_size"": """", ""orientation"": """", ""pressure_class"": """", ""rating"": """", ""size"": ""DN 100"", ""specification"": ""API 610"", ""standard"": ""API 610"", ""unit"": ""SET""}",NMDC,1,STANDALONE_CANDIDATE,1.0,91fc0838829eac9ca266401d5adac687ef4b5f1e3423c2403247509a32a456d4,,,
CMM-PUMP-928AFC-001,CMM-PUMP-928AFC-001,PUMP | ALLOY STEEL | 6 IN | API 7K,PUMP,,ALLOY STEEL,6 IN,,API 7K,SET,"{""connection_type"": """", ""construction"": """", ""end_type"": """", ""material"": """", ""material_family"": ""PUMP"", ""material_grade"": ""ALLOY STEEL"", ""material_subtype"": """", ""material_type"": """", ""nominal_size"": """", ""orientation"": """", ""pressure_class"": """", ""rating"": """", ""size"": ""6 IN"", ""specification"": ""API 7K"", ""standard"": ""API 7K"", ""unit"": ""SET""}",ONGC,1,STANDALONE_CANDIDATE,1.0,928afce9b8c997e888a968d4f3f287c1486c89bc2e808cb78fd7249bc2caaf38,,,
CMM-PUMP-967877-001,CMM-PUMP-967877-001,PUMP | CAST IRON | DN 150 | IS 5120,PUMP,,CAST IRON,DN 150,,IS 5120,SET,"{""connection_type"": """", ""construction"": ""CAST"", ""end_type"": """", ""material"": """", ""material_family"": ""PUMP"", ""material_grade"": ""CAST IRON"", ""material_subtype"": """", ""material_type"": """", ""nominal_size"": """", ""orientation"": """", ""pressure_class"": """", ""rating"": """", ""size"": ""DN 150"", ""specification"": ""IS 5120"", ""standard"": ""IS 5120"", ""unit"": ""SET""}",Coal India,1,STANDALONE_CANDIDATE,1.0,967877546178226bc24c3c47e9a3702bbb63be237ee6bd6c5eafeb5acd5beeae,,,
CMM-PUMP-986768-001,CMM-PUMP-986768-001,PUMP | CARBON STEEL | DN 80 | IS 1520,PUMP,,CARBON STEEL,DN 80,,IS 1520,SET,"{""connection_type"": """", ""construction"": """", ""end_type"": """", ""material"": ""CARBON STEEL"", ""material_family"": ""PUMP"", ""material_grade"": ""CARBON STEEL"", ""material_subtype"": """", ""material_type"": """", ""nominal_size"": """", ""orientation"": """", ""pressure_class"": """", ""rating"": """", ""size"": ""DN 80"", ""specification"": ""IS 1520"", ""standard"": ""IS 1520"", ""unit"": ""SET""}",Coal India;IOCL;NMDC;NTPC;ONGC;SAIL,6,VERIFIED_HARMONIZED,1.0,986768a1775004ce7497c6e111fdfb0212c65e5cd20ee00eefdb66c892977522,,,
CMM-PUMP-9B401B-001,CMM-PUMP-9B401B-001,PUMP | DUPLEX STEEL | 3 IN X 2 IN | ISO 2858,PUMP,,DUPLEX STEEL,3 IN X 2 IN,,ISO 2858,SET,"{""connection_type"": """", ""construction"": """", ""end_type"": """", ""material"": """", ""material_family"": ""PUMP"", ""material_grade"": ""DUPLEX STEEL"", ""material_subtype"": """", ""material_type"": """", ""nominal_size"": """", ""orientation"": """", ""pressure_class"": """", ""rating"": """", ""size"": ""3 IN X 2 IN"", ""specification"": ""ISO 2858"", ""standard"": ""ISO 2858"", ""unit"": ""SET""}",BHEL;IOCL,2,VERIFIED_HARMONIZED,1.0,9b401b0067f2b43ff7d437d96fa9a94a5d1679b8cf10bf366819c4b3df588190,,,
CMM-PUMP-9C898C-001,CMM-PUMP-9C898C-001,PUMP | CARBON STEEL | DN 80 | API 675,PUMP,,CARBON STEEL,DN 80,,API 675,SET,"{""connection_type"": """", ""construction"": """", ""end_type"": """", ""material"": ""CARBON STEEL"", ""material_family"": ""PUMP"", ""material_grade"": ""CARBON STEEL"", ""material_subtype"": """", ""material_type"": """", ""nominal_size"": """", ""orientation"": """", ""pressure_class"": """", ""rating"": """", ""size"": ""DN 80"", ""specification"": ""API 675"", ""standard"": ""API 675"", ""unit"": ""SET""}",HPCL,1,STANDALONE_CANDIDATE,1.0,9c898c1b3c49232856809f1ba10829f6106c6e2a57b419cba247853a1c0eef5f,,,
CMM-PUMP-9E3831-001,CMM-PUMP-9E3831-001,PUMP | ALLOY STEEL | 6 IN | API 7K,PUMP,,ALLOY STEEL,6 IN,,API 7K,SET,"{""connection_type"": """", ""construction"": """", ""end_type"": """", ""material"": """", ""material_family"": ""PUMP"", ""material_grade"": ""ALLOY STEEL"", ""material_subtype"": """", ""material_type"": """", ""nominal_size"": """", ""orientation"": """", ""pressure_class"": """", ""rating"": """", ""size"": ""6 IN"", ""specification"": ""API 7K"", ""standard"": ""API 7K"", ""unit"": ""SET""}",ONGC,1,STANDALONE_CANDIDATE,1.0,9e3831e3074c016f3447926e3632836321b416ea23c341e8041c3811a4a0e656,,,
CMM-PUMP-9ED4F4-001,CMM-PUMP-9ED4F4-001,PUMP | CARBON STEEL | 3 IN X 2 IN | IS 1520,PUMP,,CARBON STEEL,3 IN X 2 IN,,IS 1520,SET,"{""connection_type"": """", ""construction"": """", ""end_type"": """", ""material"": ""CARBON STEEL"", ""material_family"": ""PUMP"", ""material_grade"": ""CARBON STEEL"", ""material_subtype"": """", ""material_type"": """", ""nominal_size"": """", ""orientation"": ""VERTICAL"", ""pressure_class"": """", ""rating"": """", ""size"": ""3 IN X 2 IN"", ""specification"": ""IS 1520"", ""standard"": ""IS 1520"", ""unit"": ""SET""}",Coal India;HPCL;IOCL;NMDC;ONGC;SAIL,6,VERIFIED_HARMONIZED,1.0,9ed4f4162a27e38c243bf0f0096dd285394409ed7cf2f5606770bdcdb110ee9f,,,
CMM-PUMP-9FBD52-001,CMM-PUMP-9FBD52-001,PUMP | CARBON STEEL | DN 100 | ISO 2858,PUMP,,CARBON STEEL,DN 100,,ISO 2858,SET,"{""connection_type"": """", ""construction"": """", ""end_type"": """", ""material"": ""CARBON STEEL"", ""material_family"": ""PUMP"", ""material_grade"": ""CARBON STEEL"", ""material_subtype"": """", ""material_type"": """", ""nominal_size"": """", ""orientation"": """", ""pressure_class"": """", ""rating"": """", ""size"": ""DN 100"", ""specification"": ""ISO 2858"", ""standard"": ""ISO 2858"", ""unit"": ""SET""}",HPCL,1,STANDALONE_CANDIDATE,1.0,9fbd523efa9d8a1752b7f1f32d6ebd4eff73ea572f20fd8c177ff4a9f85cc505,,,
CMM-PUMP-A17412-001,CMM-PUMP-A17412-001,PUMP | CAST IRON | DN 150 | IS 5120,PUMP,,CAST IRON,DN 150,,IS 5120,SET,"{""connection_type"": """", ""construction"": ""CAST"", ""end_type"": """", ""material"": """", ""material_family"": ""PUMP"", ""material_grade"": ""CAST IRON"", ""material_subtype"": """", ""material_type"": """", ""nominal_size"": """", ""orientation"": """", ""pressure_class"": """", ""rating"": """", ""size"": ""DN 150"", ""specification"": ""IS 5120"", ""standard"": ""IS 5120"", ""unit"": ""SET""}",Coal India,1,STANDALONE_CANDIDATE,1.0,a17412e0b39bed3c6a5e62bfe4d8929e2a4f38f2adaf6706344f7a25b38f9a5d,,,
CMM-PUMP-A2476D-001,CMM-PUMP-A2476D-001,PUMP | CAST IRON | DN 150 | IS 5120,PUMP,,CAST IRON,DN 150,,IS 5120,SET,"{""connection_type"": """", ""construction"": ""CAST"", ""end_type"": """", ""material"": """", ""material_family"": ""PUMP"", ""material_grade"": ""CAST IRON"", ""material_subtype"": """", ""material_type"": """", ""nominal_size"": """", ""orientation"": """", ""pressure_class"": """", ""rating"": """", ""size"": ""DN 150"", ""specification"": ""IS 5120"", ""standard"": ""IS 5120"", ""unit"": ""SET""}",Coal India,1,STANDALONE_CANDIDATE,1.0,a2476dc8080f79b8bbd262f8d4b228d551cf4320f70685e812c68823bfec9456,,,
CMM-PUMP-A2E964-001,CMM-PUMP-A2E964-001,PUMP | CENTRIFUGAL PUMP | SS 316 | 3 IN X 2 IN | ISO 2858,PUMP,CENTRIFUGAL PUMP,SS 316,3 IN X 2 IN,,ISO 2858,SET,"{""connection_type"": """", ""construction"": """", ""end_type"": """", ""material"": ""STAINLESS STEEL"", ""material_family"": ""PUMP"", ""material_grade"": ""SS 316"", ""material_subtype"": """", ""material_type"": ""CENTRIFUGAL PUMP"", ""nominal_size"": """", ""orientation"": """", ""pressure_class"": """", ""rating"": """", ""size"": ""3 IN X 2 IN"", ""specification"": ""ISO 2858"", ""standard"": ""ISO 2858"", ""unit"": ""SET""}",SAIL,1,STANDALONE_CANDIDATE,1.0,a2e964cec373b3cebf92a63fa40aecc757d957a1d05d234a345ec130245a5df6,,,
CMM-PUMP-A34FDE-001,CMM-PUMP-A34FDE-001,PUMP | ALLOY STEEL | 6 IN | API 7K,PUMP,,ALLOY STEEL,6 IN,,API 7K,SET,"{""connection_type"": """", ""construction"": """", ""end_type"": """", ""material"": """", ""material_family"": ""PUMP"", ""material_grade"": ""ALLOY STEEL"", ""material_subtype"": """", ""material_type"": """", ""nominal_size"": """", ""orientation"": """", ""pressure_class"": """", ""rating"": """", ""size"": ""6 IN"", ""specification"": ""API 7K"", ""standard"": ""API 7K"", ""unit"": ""SET""}",ONGC,1,STANDALONE_CANDIDATE,1.0,a34fdee57f17e5d37ff68bdc6fc9611f54c1614ece912435a9aa3d0c9bb6d56a,,,
CMM-PUMP-A4C583-001,CMM-PUMP-A4C583-001,PUMP | SS 304 | DN 80 | API 610,PUMP,,SS 304,DN 80,,API 610,SET,"{""connection_type"": """", ""construction"": """", ""end_type"": """", ""material"": ""STAINLESS STEEL"", ""material_family"": ""PUMP"", ""material_grade"": ""SS 304"", ""material_subtype"": """", ""material_type"": """", ""nominal_size"": """", ""orientation"": """", ""pressure_class"": """", ""rating"": """", ""size"": ""DN 80"", ""specification"": ""API 610"", ""standard"": ""API 610"", ""unit"": ""SET""}",BHEL,1,STANDALONE_CANDIDATE,1.0,a4c5835134e81a89c621397ccf9535e5402c4d404047a407d3c2bf8013e5ecfa,,,
CMM-PUMP-A65FFE-001,CMM-PUMP-A65FFE-001,PUMP | CAST IRON | DN 150 | IS 5120,PUMP,,CAST IRON,DN 150,,IS 5120,SET,"{""connection_type"": """", ""construction"": ""CAST"", ""end_type"": """", ""material"": """", ""material_family"": ""PUMP"", ""material_grade"": ""CAST IRON"", ""material_subtype"": """", ""material_type"": """", ""nominal_size"": """", ""orientation"": """", ""pressure_class"": """", ""rating"": """", ""size"": ""DN 150"", ""specification"": ""IS 5120"", ""standard"": ""IS 5120"", ""unit"": ""SET""}",Coal India,1,STANDALONE_CANDIDATE,1.0,a65ffe9faf120f39c9ded56ba1cef72f39cc018d9a777cd627987a1692860b46,,,
CMM-PUMP-A94855-001,CMM-PUMP-A94855-001,PUMP | ALLOY STEEL | 2 IN X 1.5 IN | ISO 2858,PUMP,,ALLOY STEEL,2 IN X 1.5 IN,,ISO 2858,SET,"{""connection_type"": """", ""construction"": """", ""end_type"": """", ""material"": """", ""material_family"": ""PUMP"", ""material_grade"": ""ALLOY STEEL"", ""material_subtype"": """", ""material_type"": """", ""nominal_size"": """", ""orientation"": """", ""pressure_class"": """", ""rating"": """", ""size"": ""2 IN X 1.5 IN"", ""specification"": ""ISO 2858"", ""standard"": ""ISO 2858"", ""unit"": ""SET""}",BHEL,1,STANDALONE_CANDIDATE,1.0,a94855d6d9fdbb0f8f7ebee8194b61a80ce1c95ac0026f98795678c8524d9d55,,,
CMM-PUMP-A9BFE8-001,CMM-PUMP-A9BFE8-001,PUMP | CENTRIFUGAL PUMP | ALLOY STEEL | DN 100 | IS 1520,PUMP,CENTRIFUGAL PUMP,ALLOY STEEL,DN 100,,IS 1520,SET,"{""connection_type"": """", ""construction"": """", ""end_type"": """", ""material"": """", ""material_family"": ""PUMP"", ""material_grade"": ""ALLOY STEEL"", ""material_subtype"": """", ""material_type"": ""CENTRIFUGAL PUMP"", ""nominal_size"": """", ""orientation"": """", ""pressure_class"": """", ""rating"": """", ""size"": ""DN 100"", ""specification"": ""IS 1520"", ""standard"": ""IS 1520"", ""unit"": ""SET""}",ONGC,1,STANDALONE_CANDIDATE,1.0,a9bfe8c2caf1e40bfc5568f79ec6557a2d0b38f8f43529ca0f7a015eb8e8a329,,,
CMM-PUMP-AAD6FC-001,CMM-PUMP-AAD6FC-001,PUMP | CAST IRON | DN 150 | IS 5120,PUMP,,CAST IRON,DN 150,,IS 5120,SET,"{""connection_type"": """", ""construction"": ""CAST"", ""end_type"": """", ""material"": """", ""material_family"": ""PUMP"", ""material_grade"": ""CAST IRON"", ""material_subtype"": """", ""material_type"": """", ""nominal_size"": """", ""orientation"": """", ""pressure_class"": """", ""rating"": """", ""size"": ""DN 150"", ""specification"": ""IS 5120"", ""standard"": ""IS 5120"", ""unit"": ""SET""}",Coal India,1,STANDALONE_CANDIDATE,1.0,aad6fcad1459426faf2156c7acbf9e562f9713dbd01b38aff594191b3557ea80,,,
CMM-PUMP-AB7AFD-001,CMM-PUMP-AB7AFD-001,PUMP | CARBON STEEL | DN 80 | API 675,PUMP,,CARBON STEEL,DN 80,,API 675,SET,"{""connection_type"": """", ""construction"": """", ""end_type"": """", ""material"": ""CARBON STEEL"", ""material_family"": ""PUMP"", ""material_grade"": ""CARBON STEEL"", ""material_subtype"": """", ""material_type"": """", ""nominal_size"": """", ""orientation"": """", ""pressure_class"": """", ""rating"": """", ""size"": ""DN 80"", ""specification"": ""API 675"", ""standard"": ""API 675"", ""unit"": ""SET""}",HPCL,1,STANDALONE_CANDIDATE,1.0,ab7afd5adee53b7dd7eab1c7c9498e9ca2f2d863374e02060835ff52c7d76ac1,,,
CMM-PUMP-ABADA7-001,CMM-PUMP-ABADA7-001,PUMP | CARBON STEEL | DN 80 | API 675,PUMP,,CARBON STEEL,DN 80,,API 675,SET,"{""connection_type"": """", ""construction"": """", ""end_type"": """", ""material"": ""CARBON STEEL"", ""material_family"": ""PUMP"", ""material_grade"": ""CARBON STEEL"", ""material_subtype"": """", ""material_type"": """", ""nominal_size"": """", ""orientation"": """", ""pressure_class"": """", ""rating"": """", ""size"": ""DN 80"", ""specification"": ""API 675"", ""standard"": ""API 675"", ""unit"": ""SET""}",HPCL,1,STANDALONE_CANDIDATE,1.0,abada79a2ed8fe3272db586b642924e790c1673b41d9bf6f10e880ce0a33d9ac,,,
CMM-PUMP-AEA48C-001,CMM-PUMP-AEA48C-001,PUMP | CAST IRON | DN 150 | IS 5120,PUMP,,CAST IRON,DN 150,,IS 5120,SET,"{""connection_type"": """", ""construction"": ""CAST"", ""end_type"": """", ""material"": """", ""material_family"": ""PUMP"", ""material_grade"": ""CAST IRON"", ""material_subtype"": """", ""material_type"": """", ""nominal_size"": """", ""orientation"": """", ""pressure_class"": """", ""rating"": """", ""size"": ""DN 150"", ""specification"": ""IS 5120"", ""standard"": ""IS 5120"", ""unit"": ""SET""}",Coal India,1,STANDALONE_CANDIDATE,1.0,aea48ce044065ff26776f68af492b04f3a31550eaf859add4ac419ab1a755037,,,
CMM-PUMP-B15BF5-001,CMM-PUMP-B15BF5-001,PUMP | ALLOY STEEL | 6 IN | API 7K,PUMP,,ALLOY STEEL,6 IN,,API 7K,SET,"{""connection_type"": """", ""construction"": """", ""end_type"": """", ""material"": """", ""material_family"": ""PUMP"", ""material_grade"": ""ALLOY STEEL"", ""material_subtype"": """", ""material_type"": """", ""nominal_size"": """", ""orientation"": """", ""pressure_class"": """", ""rating"": """", ""size"": ""6 IN"", ""specification"": ""API 7K"", ""standard"": ""API 7K"", ""unit"": ""SET""}",ONGC,1,STANDALONE_CANDIDATE,1.0,b15bf5b25027b7e3b98f69ed5f2f1b3694181cdfd6f6bb9430ba96af0ba259f9,,,
CMM-PUMP-B641EB-001,CMM-PUMP-B641EB-001,PUMP | CARBON STEEL | DN 80 | API 675,PUMP,,CARBON STEEL,DN 80,,API 675,SET,"{""connection_type"": """", ""construction"": """", ""end_type"": """", ""material"": ""CARBON STEEL"", ""material_family"": ""PUMP"", ""material_grade"": ""CARBON STEEL"", ""material_subtype"": """", ""material_type"": """", ""nominal_size"": """", ""orientation"": """", ""pressure_class"": """", ""rating"": """", ""size"": ""DN 80"", ""specification"": ""API 675"", ""standard"": ""API 675"", ""unit"": ""SET""}",HPCL,1,STANDALONE_CANDIDATE,1.0,b641eb78a82436de3011e1020c8d7b51db1bb8ce4ccecd53927ab66965f9f185,,,
CMM-PUMP-B65FD2-001,CMM-PUMP-B65FD2-001,PUMP | CENTRIFUGAL PUMP | CARBON STEEL | DN 100 | IS 1520,PUMP,CENTRIFUGAL PUMP,CARBON STEEL,DN 100,,IS 1520,SET,"{""connection_type"": """", ""construction"": """", ""end_type"": """", ""material"": ""CARBON STEEL"", ""material_family"": ""PUMP"", ""material_grade"": ""CARBON STEEL"", ""material_subtype"": """", ""material_type"": ""CENTRIFUGAL PUMP"", ""nominal_size"": """", ""orientation"": """", ""pressure_class"": """", ""rating"": """", ""size"": ""DN 100"", ""specification"": ""IS 1520"", ""standard"": ""IS 1520"", ""unit"": ""SET""}",Coal India,1,STANDALONE_CANDIDATE,1.0,b65fd29643894e4a8338a2b1996e28cb374be2bd03453f72950961d55f882884,,,
CMM-PUMP-B74A23-001,CMM-PUMP-B74A23-001,PUMP | CARBON STEEL | DN 80 | API 675,PUMP,,CARBON STEEL,DN 80,,API 675,SET,"{""connection_type"": """", ""construction"": """", ""end_type"": """", ""material"": ""CARBON STEEL"", ""material_family"": ""PUMP"", ""material_grade"": ""CARBON STEEL"", ""material_subtype"": """", ""material_type"": """", ""nominal_size"": """", ""orientation"": """", ""pressure_class"": """", ""rating"": """", ""size"": ""DN 80"", ""specification"": ""API 675"", ""standard"": ""API 675"", ""unit"": ""SET""}",HPCL,1,STANDALONE_CANDIDATE,1.0,b74a23faa467aa02b5835ab013fd48132a7f4f4c526bc5acfe58e8c9e94a8089,,,
CMM-PUMP-B7CFA3-001,CMM-PUMP-B7CFA3-001,PUMP | CAST IRON | DN 150 | IS 5120,PUMP,,CAST IRON,DN 150,,IS 5120,SET,"{""connection_type"": """", ""construction"": ""CAST"", ""end_type"": """", ""material"": """", ""material_family"": ""PUMP"", ""material_grade"": ""CAST IRON"", ""material_subtype"": """", ""material_type"": """", ""nominal_size"": """", ""orientation"": """", ""pressure_class"": """", ""rating"": """", ""size"": ""DN 150"", ""specification"": ""IS 5120"", ""standard"": ""IS 5120"", ""unit"": ""SET""}",Coal India,1,STANDALONE_CANDIDATE,1.0,b7cfa3a11b210c7ab50e5c0ffc5392ee832af645947ede9219418a7334d1efec,,,
CMM-PUMP-B81BDC-001,CMM-PUMP-B81BDC-001,PUMP | SS 316 | 3 IN X 2 IN | API 610,PUMP,,SS 316,3 IN X 2 IN,,API 610,SET,"{""connection_type"": """", ""construction"": """", ""end_type"": """", ""material"": ""STAINLESS STEEL"", ""material_family"": ""PUMP"", ""material_grade"": ""SS 316"", ""material_subtype"": """", ""material_type"": """", ""nominal_size"": """", ""orientation"": """", ""pressure_class"": """", ""rating"": """", ""size"": ""3 IN X 2 IN"", ""specification"": ""API 610"", ""standard"": ""API 610"", ""unit"": ""SET""}",BHEL,1,STANDALONE_CANDIDATE,1.0,b81bdcec28907140302937916d21a36f893cd9471f06a3e772a7094b2033793f,,,
CMM-PUMP-BA45D5-001,CMM-PUMP-BA45D5-001,PUMP | CENTRIFUGAL PUMP | CARBON STEEL | DN 100 | IS 1520,PUMP,CENTRIFUGAL PUMP,CARBON STEEL,DN 100,,IS 1520,SET,"{""connection_type"": """", ""construction"": """", ""end_type"": """", ""material"": ""CARBON STEEL"", ""material_family"": ""PUMP"", ""material_grade"": ""CARBON STEEL"", ""material_subtype"": """", ""material_type"": ""CENTRIFUGAL PUMP"", ""nominal_size"": """", ""orientation"": """", ""pressure_class"": """", ""rating"": """", ""size"": ""DN 100"", ""specification"": ""IS 1520"", ""standard"": ""IS 1520"", ""unit"": ""SET""}",Coal India;HPCL;IOCL;NTPC;ONGC;SAIL,6,VERIFIED_HARMONIZED,1.0,ba45d5e4f43bca04945ba80e8314ffc74f8010f1c0e2904856def7b2e1376585,,,
CMM-PUMP-BBD3FB-001,CMM-PUMP-BBD3FB-001,PUMP | CAST IRON | DN 80 | ISO 2858,PUMP,,CAST IRON,DN 80,,ISO 2858,SET,"{""connection_type"": """", ""construction"": ""CAST"", ""end_type"": """", ""material"": """", ""material_family"": ""PUMP"", ""material_grade"": ""CAST IRON"", ""material_subtype"": """", ""material_type"": """", ""nominal_size"": """", ""orientation"": """", ""pressure_class"": """", ""rating"": """", ""size"": ""DN 80"", ""specification"": ""ISO 2858"", ""standard"": ""ISO 2858"", ""unit"": ""SET""}",HPCL;NTPC,2,VERIFIED_HARMONIZED,1.0,bbd3fb096a0c45a8c05e69eb212d04b8c42b3775b4e91cec5bf3c166b07cae2a,,,
CMM-PUMP-BCF65E-001,CMM-PUMP-BCF65E-001,PUMP | ALLOY STEEL | 6 IN | API 7K,PUMP,,ALLOY STEEL,6 IN,,API 7K,SET,"{""connection_type"": """", ""construction"": """", ""end_type"": """", ""material"": """", ""material_family"": ""PUMP"", ""material_grade"": ""ALLOY STEEL"", ""material_subtype"": """", ""material_type"": """", ""nominal_size"": """", ""orientation"": """", ""pressure_class"": """", ""rating"": """", ""size"": ""6 IN"", ""specification"": ""API 7K"", ""standard"": ""API 7K"", ""unit"": ""SET""}",ONGC,1,STANDALONE_CANDIDATE,1.0,bcf65ef01a58fe3dea63d42873aaa03d336bff80889f10220386fc4c08274d63,,,
CMM-PUMP-BE39AD-001,CMM-PUMP-BE39AD-001,PUMP | CAST IRON | DN 150 | IS 5120,PUMP,,CAST IRON,DN 150,,IS 5120,SET,"{""connection_type"": """", ""construction"": ""CAST"", ""end_type"": """", ""material"": """", ""material_family"": ""PUMP"", ""material_grade"": ""CAST IRON"", ""material_subtype"": """", ""material_type"": """", ""nominal_size"": """", ""orientation"": """", ""pressure_class"": """", ""rating"": """", ""size"": ""DN 150"", ""specification"": ""IS 5120"", ""standard"": ""IS 5120"", ""unit"": ""SET""}",Coal India,1,STANDALONE_CANDIDATE,1.0,be39ad674d6030e34fdc2901a4bb00feb47ce3a3115544d238f78e5ea71a8c9b,,,
CMM-PUMP-BEDFE4-001,CMM-PUMP-BEDFE4-001,PUMP | CAST IRON | DN 150 | IS 5120,PUMP,,CAST IRON,DN 150,,IS 5120,SET,"{""connection_type"": """", ""construction"": ""CAST"", ""end_type"": """", ""material"": """", ""material_family"": ""PUMP"", ""material_grade"": ""CAST IRON"", ""material_subtype"": """", ""material_type"": """", ""nominal_size"": """", ""orientation"": """", ""pressure_class"": """", ""rating"": """", ""size"": ""DN 150"", ""specification"": ""IS 5120"", ""standard"": ""IS 5120"", ""unit"": ""SET""}",Coal India,1,STANDALONE_CANDIDATE,1.0,bedfe4ac33bdc52c6bea7d00fe4c30b0b486ef753d983f7d413702f814ff3e28,,,
CMM-PUMP-BF91E1-001,CMM-PUMP-BF91E1-001,PUMP | CARBON STEEL | DN 80 | API 675,PUMP,,CARBON STEEL,DN 80,,API 675,SET,"{""connection_type"": """", ""construction"": """", ""end_type"": """", ""material"": ""CARBON STEEL"", ""material_family"": ""PUMP"", ""material_grade"": ""CARBON STEEL"", ""material_subtype"": """", ""material_type"": """", ""nominal_size"": """", ""orientation"": """", ""pressure_class"": """", ""rating"": """", ""size"": ""DN 80"", ""specification"": ""API 675"", ""standard"": ""API 675"", ""unit"": ""SET""}",HPCL,1,STANDALONE_CANDIDATE,1.0,bf91e1435f24eb2e99dd85cb8f49f984d3448f121f86e5cf18dbec3d4b968cc2,,,
CMM-PUMP-BFB563-001,CMM-PUMP-BFB563-001,PUMP | ALLOY STEEL | DN 80 | API 610,PUMP,,ALLOY STEEL,DN 80,,API 610,SET,"{""connection_type"": """", ""construction"": """", ""end_type"": """", ""material"": """", ""material_family"": ""PUMP"", ""material_grade"": ""ALLOY STEEL"", ""material_subtype"": """", ""material_type"": """", ""nominal_size"": """", ""orientation"": """", ""pressure_class"": """", ""rating"": """", ""size"": ""DN 80"", ""specification"": ""API 610"", ""standard"": ""API 610"", ""unit"": ""SET""}",SAIL,1,STANDALONE_CANDIDATE,1.0,bfb563ed993754a142b2ac8756fde766f51c868bec41681f511066781e960219,,,
CMM-PUMP-C081C4-001,CMM-PUMP-C081C4-001,PUMP | SS 304 | 3 IN X 2 IN | ISO 2858,PUMP,,SS 304,3 IN X 2 IN,,ISO 2858,SET,"{""connection_type"": """", ""construction"": """", ""end_type"": """", ""material"": ""STAINLESS STEEL"", ""material_family"": ""PUMP"", ""material_grade"": ""SS 304"", ""material_subtype"": """", ""material_type"": """", ""nominal_size"": """", ""orientation"": """", ""pressure_class"": """", ""rating"": """", ""size"": ""3 IN X 2 IN"", ""specification"": ""ISO 2858"", ""standard"": ""ISO 2858"", ""unit"": ""SET""}",NTPC,1,STANDALONE_CANDIDATE,1.0,c081c439d4774497014cb004c3939e91da5330ebe5e5d24750d85c55b6615411,,,
CMM-PUMP-C0B737-001,CMM-PUMP-C0B737-001,PUMP | CAST IRON | DN 150 | IS 5120,PUMP,,CAST IRON,DN 150,,IS 5120,SET,"{""connection_type"": """", ""construction"": ""CAST"", ""end_type"": """", ""material"": """", ""material_family"": ""PUMP"", ""material_grade"": ""CAST IRON"", ""material_subtype"": """", ""material_type"": """", ""nominal_size"": """", ""orientation"": """", ""pressure_class"": """", ""rating"": """", ""size"": ""DN 150"", ""specification"": ""IS 5120"", ""standard"": ""IS 5120"", ""unit"": ""SET""}",Coal India,1,STANDALONE_CANDIDATE,1.0,c0b737b6c7ef51d89797a32866224f4404aaeabc578b2602bab911984cb686b7,,,
CMM-PUMP-C134B9-001,CMM-PUMP-C134B9-001,PUMP | CARBON STEEL | 2 IN X 1.5 IN | IS 1520,PUMP,,CARBON STEEL,2 IN X 1.5 IN,,IS 1520,SET,"{""connection_type"": """", ""construction"": """", ""end_type"": """", ""material"": ""CARBON STEEL"", ""material_family"": ""PUMP"", ""material_grade"": ""CARBON STEEL"", ""material_subtype"": """", ""material_type"": """", ""nominal_size"": """", ""orientation"": """", ""pressure_class"": """", ""rating"": """", ""size"": ""2 IN X 1.5 IN"", ""specification"": ""IS 1520"", ""standard"": ""IS 1520"", ""unit"": ""SET""}",NTPC,1,STANDALONE_CANDIDATE,1.0,c134b9cba7923000d1586f4c61c0820a6c3c07cbcf541d34b2d74b2ac7f263c6,,,
CMM-PUMP-C152DF-001,CMM-PUMP-C152DF-001,PUMP | CAST IRON | DN 150 | IS 5120,PUMP,,CAST IRON,DN 150,,IS 5120,SET,"{""connection_type"": """", ""construction"": ""CAST"", ""end_type"": """", ""material"": """", ""material_family"": ""PUMP"", ""material_grade"": ""CAST IRON"", ""material_subtype"": """", ""material_type"": """", ""nominal_size"": """", ""orientation"": """", ""pressure_class"": """", ""rating"": """", ""size"": ""DN 150"", ""specification"": ""IS 5120"", ""standard"": ""IS 5120"", ""unit"": ""SET""}",Coal India,1,STANDALONE_CANDIDATE,1.0,c152dfc831d17c729468507c6504581b6b88c6b7f85d163fff2b818508fd65bd,,,
CMM-PUMP-C1B804-001,CMM-PUMP-C1B804-001,PUMP | CARBON STEEL | DN 80 | API 675,PUMP,,CARBON STEEL,DN 80,,API 675,SET,"{""connection_type"": """", ""construction"": """", ""end_type"": """", ""material"": ""CARBON STEEL"", ""material_family"": ""PUMP"", ""material_grade"": ""CARBON STEEL"", ""material_subtype"": """", ""material_type"": """", ""nominal_size"": """", ""orientation"": """", ""pressure_class"": """", ""rating"": """", ""size"": ""DN 80"", ""specification"": ""API 675"", ""standard"": ""API 675"", ""unit"": ""SET""}",HPCL,1,STANDALONE_CANDIDATE,1.0,c1b804ab4398fed705933af7c5050c884c773a8799b2204e9a80b83717034efd,,,
CMM-PUMP-C1F38D-001,CMM-PUMP-C1F38D-001,PUMP | CAST IRON | DN 150 | IS 5120,PUMP,,CAST IRON,DN 150,,IS 5120,SET,"{""connection_type"": """", ""construction"": ""CAST"", ""end_type"": """", ""material"": """", ""material_family"": ""PUMP"", ""material_grade"": ""CAST IRON"", ""material_subtype"": """", ""material_type"": """", ""nominal_size"": """", ""orientation"": """", ""pressure_class"": """", ""rating"": """", ""size"": ""DN 150"", ""specification"": ""IS 5120"", ""standard"": ""IS 5120"", ""unit"": ""SET""}",Coal India,1,STANDALONE_CANDIDATE,1.0,c1f38d8ea29dc1cf0b093498b00fa3b7e270ee01ec6a2e299e9eeb58dcc17cde,,,
CMM-PUMP-C40088-001,CMM-PUMP-C40088-001,PUMP | CENTRIFUGAL PUMP | DUPLEX STEEL | DN 80 | ISO 2858,PUMP,CENTRIFUGAL PUMP,DUPLEX STEEL,DN 80,,ISO 2858,SET,"{""connection_type"": """", ""construction"": """", ""end_type"": """", ""material"": """", ""material_family"": ""PUMP"", ""material_grade"": ""DUPLEX STEEL"", ""material_subtype"": """", ""material_type"": ""CENTRIFUGAL PUMP"", ""nominal_size"": """", ""orientation"": """", ""pressure_class"": """", ""rating"": """", ""size"": ""DN 80"", ""specification"": ""ISO 2858"", ""standard"": ""ISO 2858"", ""unit"": ""SET""}",HPCL;SAIL,2,VERIFIED_HARMONIZED,1.0,c400882f3328a01495c73834e81568cc7014cf6649418004c3bd2a41a3e30d3a,,,
CMM-PUMP-C56722-001,CMM-PUMP-C56722-001,PUMP | CAST IRON | DN 150 | IS 5120,PUMP,,CAST IRON,DN 150,,IS 5120,SET,"{""connection_type"": """", ""construction"": ""CAST"", ""end_type"": """", ""material"": """", ""material_family"": ""PUMP"", ""material_grade"": ""CAST IRON"", ""material_subtype"": """", ""material_type"": """", ""nominal_size"": """", ""orientation"": """", ""pressure_class"": """", ""rating"": """", ""size"": ""DN 150"", ""specification"": ""IS 5120"", ""standard"": ""IS 5120"", ""unit"": ""SET""}",Coal India,1,STANDALONE_CANDIDATE,1.0,c567223442fe45267cc8e3a879a69a9bcf9e262cf6897339c4cf49dc41e2a3e5,,,
CMM-PUMP-C8FAAC-001,CMM-PUMP-C8FAAC-001,PUMP | SS 316 | 3 IN X 2 IN | ISO 2858,PUMP,,SS 316,3 IN X 2 IN,,ISO 2858,SET,"{""connection_type"": """", ""construction"": """", ""end_type"": """", ""material"": ""STAINLESS STEEL"", ""material_family"": ""PUMP"", ""material_grade"": ""SS 316"", ""material_subtype"": """", ""material_type"": """", ""nominal_size"": """", ""orientation"": """", ""pressure_class"": """", ""rating"": """", ""size"": ""3 IN X 2 IN"", ""specification"": ""ISO 2858"", ""standard"": ""ISO 2858"", ""unit"": ""SET""}",IOCL,1,STANDALONE_CANDIDATE,1.0,c8faacd584e0020cdfbdb6da75f7a0bdabfb1f8459aec4cabe07e9aa32e6a48d,,,
CMM-PUMP-C9BFA5-001,CMM-PUMP-C9BFA5-001,PUMP | SS 304 | 2 IN X 1.5 IN | IS 1520,PUMP,,SS 304,2 IN X 1.5 IN,,IS 1520,SET,"{""connection_type"": """", ""construction"": """", ""end_type"": """", ""material"": ""STAINLESS STEEL"", ""material_family"": ""PUMP"", ""material_grade"": ""SS 304"", ""material_subtype"": """", ""material_type"": """", ""nominal_size"": """", ""orientation"": ""VERTICAL"", ""pressure_class"": """", ""rating"": """", ""size"": ""2 IN X 1.5 IN"", ""specification"": ""IS 1520"", ""standard"": ""IS 1520"", ""unit"": ""SET""}",BHEL,1,STANDALONE_CANDIDATE,1.0,c9bfa5a7f245d3a1662b6e962634701038ec59c0d77b3cd8266c024366cb4bcd,,,
CMM-PUMP-CA9276-001,CMM-PUMP-CA9276-001,PUMP | CAST IRON | DN 150 | IS 5120,PUMP,,CAST IRON,DN 150,,IS 5120,SET,"{""connection_type"": """", ""construction"": ""CAST"", ""end_type"": """", ""material"": """", ""material_family"": ""PUMP"", ""material_grade"": ""CAST IRON"", ""material_subtype"": """", ""material_type"": """", ""nominal_size"": """", ""orientation"": """", ""pressure_class"": """", ""rating"": """", ""size"": ""DN 150"", ""specification"": ""IS 5120"", ""standard"": ""IS 5120"", ""unit"": ""SET""}",Coal India,1,STANDALONE_CANDIDATE,1.0,ca927619c4979c1e635412f3d01d47bf43acc74bc6a4780192f6b931df1e3be7,,,
CMM-PUMP-CAB76F-001,CMM-PUMP-CAB76F-001,PUMP | SS 304 | 2 IN X 1.5 IN | IS 1520,PUMP,,SS 304,2 IN X 1.5 IN,,IS 1520,SET,"{""connection_type"": """", ""construction"": """", ""end_type"": """", ""material"": ""STAINLESS STEEL"", ""material_family"": ""PUMP"", ""material_grade"": ""SS 304"", ""material_subtype"": """", ""material_type"": """", ""nominal_size"": """", ""orientation"": """", ""pressure_class"": """", ""rating"": """", ""size"": ""2 IN X 1.5 IN"", ""specification"": ""IS 1520"", ""standard"": ""IS 1520"", ""unit"": ""SET""}",NMDC,1,STANDALONE_CANDIDATE,1.0,cab76f74dc229786b923a941109dd200b31b5b1a88069e8ed505cfd4ee211b4f,,,
CMM-PUMP-CAD34F-001,CMM-PUMP-CAD34F-001,PUMP | CARBON STEEL | DN 80 | API 675,PUMP,,CARBON STEEL,DN 80,,API 675,SET,"{""connection_type"": """", ""construction"": """", ""end_type"": """", ""material"": ""CARBON STEEL"", ""material_family"": ""PUMP"", ""material_grade"": ""CARBON STEEL"", ""material_subtype"": """", ""material_type"": """", ""nominal_size"": """", ""orientation"": """", ""pressure_class"": """", ""rating"": """", ""size"": ""DN 80"", ""specification"": ""API 675"", ""standard"": ""API 675"", ""unit"": ""SET""}",HPCL,1,STANDALONE_CANDIDATE,1.0,cad34f001241c14bbecb0873bc5034f7d2e29ed668c712f1b9e1e3837e03f630,,,
CMM-PUMP-CBCD97-001,CMM-PUMP-CBCD97-001,PUMP | CENTRIFUGAL PUMP | CAST IRON | 2 IN X 1.5 IN | IS 1520,PUMP,CENTRIFUGAL PUMP,CAST IRON,2 IN X 1.5 IN,,IS 1520,SET,"{""connection_type"": """", ""construction"": ""CAST"", ""end_type"": """", ""material"": """", ""material_family"": ""PUMP"", ""material_grade"": ""CAST IRON"", ""material_subtype"": """", ""material_type"": ""CENTRIFUGAL PUMP"", ""nominal_size"": """", ""orientation"": """", ""pressure_class"": """", ""rating"": """", ""size"": ""2 IN X 1.5 IN"", ""specification"": ""IS 1520"", ""standard"": ""IS 1520"", ""unit"": ""SET""}",BHEL;NMDC,2,VERIFIED_HARMONIZED,1.0,cbcd977e73c2ff551b61f2cc26c8f2db7f39136cccf537c37cfdb1b5bd245876,,,
CMM-PUMP-CD436E-001,CMM-PUMP-CD436E-001,PUMP | CENTRIFUGAL PUMP | DUPLEX STEEL | DN 100 | IS 1520,PUMP,CENTRIFUGAL PUMP,DUPLEX STEEL,DN 100,,IS 1520,SET,"{""connection_type"": """", ""construction"": """", ""end_type"": """", ""material"": """", ""material_family"": ""PUMP"", ""material_grade"": ""DUPLEX STEEL"", ""material_subtype"": """", ""material_type"": ""CENTRIFUGAL PUMP"", ""nominal_size"": """", ""orientation"": """", ""pressure_class"": """", ""rating"": """", ""size"": ""DN 100"", ""specification"": ""IS 1520"", ""standard"": ""IS 1520"", ""unit"": ""SET""}",Coal India;SAIL,2,VERIFIED_HARMONIZED,1.0,cd436e0e37cc27e5b11b3b0821f66243bd556c8a342e2096949ef576146c6c0d,,,
CMM-PUMP-CDE241-001,CMM-PUMP-CDE241-001,PUMP | CAST IRON | DN 150 | IS 5120,PUMP,,CAST IRON,DN 150,,IS 5120,SET,"{""connection_type"": """", ""construction"": ""CAST"", ""end_type"": """", ""material"": """", ""material_family"": ""PUMP"", ""material_grade"": ""CAST IRON"", ""material_subtype"": """", ""material_type"": """", ""nominal_size"": """", ""orientation"": """", ""pressure_class"": """", ""rating"": """", ""size"": ""DN 150"", ""specification"": ""IS 5120"", ""standard"": ""IS 5120"", ""unit"": ""SET""}",Coal India,1,STANDALONE_CANDIDATE,1.0,cde241a4095067cff32173f2f755c907c512a105a5f2f2f45836c3917a238e70,,,
CMM-PUMP-CDEB5A-001,CMM-PUMP-CDEB5A-001,PUMP | CARBON STEEL | DN 80 | API 675,PUMP,,CARBON STEEL,DN 80,,API 675,SET,"{""connection_type"": """", ""construction"": """", ""end_type"": """", ""material"": ""CARBON STEEL"", ""material_family"": ""PUMP"", ""material_grade"": ""CARBON STEEL"", ""material_subtype"": """", ""material_type"": """", ""nominal_size"": """", ""orientation"": """", ""pressure_class"": """", ""rating"": """", ""size"": ""DN 80"", ""specification"": ""API 675"", ""standard"": ""API 675"", ""unit"": ""SET""}",HPCL,1,STANDALONE_CANDIDATE,1.0,cdeb5a75e9cee884f9da522715437d1140ec03b1d12100a92b20571a7d663c42,,,
CMM-PUMP-CF08C1-001,CMM-PUMP-CF08C1-001,PUMP | CENTRIFUGAL PUMP | CARBON STEEL | 2 IN X 1.5 IN | API 610,PUMP,CENTRIFUGAL PUMP,CARBON STEEL,2 IN X 1.5 IN,,API 610,SET,"{""connection_type"": """", ""construction"": """", ""end_type"": """", ""material"": ""CARBON STEEL"", ""material_family"": ""PUMP"", ""material_grade"": ""CARBON STEEL"", ""material_subtype"": """", ""material_type"": ""CENTRIFUGAL PUMP"", ""nominal_size"": """", ""orientation"": """", ""pressure_class"": """", ""rating"": """", ""size"": ""2 IN X 1.5 IN"", ""specification"": ""API 610"", ""standard"": ""API 610"", ""unit"": ""SET""}",Coal India;NMDC;NTPC;SAIL,4,VERIFIED_HARMONIZED,1.0,cf08c1238322f2e43ea631ece89757d0545bc1c85e5cccc07df076b6b0afe08f,,,
CMM-PUMP-D01AD9-001,CMM-PUMP-D01AD9-001,PUMP | CARBON STEEL | DN 80 | API 675,PUMP,,CARBON STEEL,DN 80,,API 675,SET,"{""connection_type"": """", ""construction"": """", ""end_type"": """", ""material"": ""CARBON STEEL"", ""material_family"": ""PUMP"", ""material_grade"": ""CARBON STEEL"", ""material_subtype"": """", ""material_type"": """", ""nominal_size"": """", ""orientation"": """", ""pressure_class"": """", ""rating"": """", ""size"": ""DN 80"", ""specification"": ""API 675"", ""standard"": ""API 675"", ""unit"": ""SET""}",HPCL,1,STANDALONE_CANDIDATE,1.0,d01ad96a03bce5e94f3563cce2bc0e7f6875fa005680f60f0c7e98f3eaab50dd,,,
CMM-PUMP-D06965-001,CMM-PUMP-D06965-001,PUMP | CAST IRON | DN 100 | ISO 2858,PUMP,,CAST IRON,DN 100,,ISO 2858,SET,"{""connection_type"": """", ""construction"": ""CAST"", ""end_type"": """", ""material"": """", ""material_family"": ""PUMP"", ""material_grade"": ""CAST IRON"", ""material_subtype"": """", ""material_type"": """", ""nominal_size"": """", ""orientation"": """", ""pressure_class"": """", ""rating"": """", ""size"": ""DN 100"", ""specification"": ""ISO 2858"", ""standard"": ""ISO 2858"", ""unit"": ""SET""}",HPCL;NMDC;NTPC;SAIL,4,VERIFIED_HARMONIZED,1.0,d06965ba607ef041fb54e29218ed75731a4b09ba8fcbff87945c6bec2f56b918,,,
CMM-PUMP-D0ED1D-001,CMM-PUMP-D0ED1D-001,PUMP | CENTRIFUGAL PUMP | SS 316 | DN 80 | IS 1520,PUMP,CENTRIFUGAL PUMP,SS 316,DN 80,,IS 1520,SET,"{""connection_type"": """", ""construction"": """", ""end_type"": """", ""material"": ""STAINLESS STEEL"", ""material_family"": ""PUMP"", ""material_grade"": ""SS 316"", ""material_subtype"": """", ""material_type"": ""CENTRIFUGAL PUMP"", ""nominal_size"": """", ""orientation"": """", ""pressure_class"": """", ""rating"": """", ""size"": ""DN 80"", ""specification"": ""IS 1520"", ""standard"": ""IS 1520"", ""unit"": ""SET""}",Coal India,1,STANDALONE_CANDIDATE,1.0,d0ed1dc9b4817187bd73c124474b744e70a48a4d7a5f517abf9d97571e5675c9,,,
CMM-PUMP-D12801-001,CMM-PUMP-D12801-001,PUMP | CAST IRON | DN 150 | IS 5120,PUMP,,CAST IRON,DN 150,,IS 5120,SET,"{""connection_type"": """", ""construction"": ""CAST"", ""end_type"": """", ""material"": """", ""material_family"": ""PUMP"", ""material_grade"": ""CAST IRON"", ""material_subtype"": """", ""material_type"": """", ""nominal_size"": """", ""orientation"": """", ""pressure_class"": """", ""rating"": """", ""size"": ""DN 150"", ""specification"": ""IS 5120"", ""standard"": ""IS 5120"", ""unit"": ""SET""}",Coal India,1,STANDALONE_CANDIDATE,1.0,d128010d3b6eff2fa90f12ee8c994dc0de3ddd447261410e74ad122ac525c5b4,,,
CMM-PUMP-D1A263-001,CMM-PUMP-D1A263-001,PUMP | CARBON STEEL | DN 80 | API 675,PUMP,,CARBON STEEL,DN 80,,API 675,SET,"{""connection_type"": """", ""construction"": """", ""end_type"": """", ""material"": ""CARBON STEEL"", ""material_family"": ""PUMP"", ""material_grade"": ""CARBON STEEL"", ""material_subtype"": """", ""material_type"": """", ""nominal_size"": """", ""orientation"": """", ""pressure_class"": """", ""rating"": """", ""size"": ""DN 80"", ""specification"": ""API 675"", ""standard"": ""API 675"", ""unit"": ""SET""}",HPCL,1,STANDALONE_CANDIDATE,1.0,d1a263bf00ef71e853d047ab3c95158f37c552b4390b3f5fcb5545196400704b,,,
CMM-PUMP-D1CD5C-001,CMM-PUMP-D1CD5C-001,PUMP | CARBON STEEL | DN 80 | API 675,PUMP,,CARBON STEEL,DN 80,,API 675,SET,"{""connection_type"": """", ""construction"": """", ""end_type"": """", ""material"": ""CARBON STEEL"", ""material_family"": ""PUMP"", ""material_grade"": ""CARBON STEEL"", ""material_subtype"": """", ""material_type"": """", ""nominal_size"": """", ""orientation"": """", ""pressure_class"": """", ""rating"": """", ""size"": ""DN 80"", ""specification"": ""API 675"", ""standard"": ""API 675"", ""unit"": ""SET""}",HPCL,1,STANDALONE_CANDIDATE,1.0,d1cd5c44980833b513da7186ebbfa20860903af99a179b27675fca873337c208,,,
CMM-PUMP-D36460-001,CMM-PUMP-D36460-001,PUMP | ALLOY STEEL | 6 IN | API 7K,PUMP,,ALLOY STEEL,6 IN,,API 7K,SET,"{""connection_type"": """", ""construction"": """", ""end_type"": """", ""material"": """", ""material_family"": ""PUMP"", ""material_grade"": ""ALLOY STEEL"", ""material_subtype"": """", ""material_type"": """", ""nominal_size"": """", ""orientation"": """", ""pressure_class"": """", ""rating"": """", ""size"": ""6 IN"", ""specification"": ""API 7K"", ""standard"": ""API 7K"", ""unit"": ""SET""}",ONGC,1,STANDALONE_CANDIDATE,1.0,d3646019c523edc1c4da9ebfdd860a3a60620f45336601135700f76a52482fd7,,,
CMM-PUMP-D3FA3F-001,CMM-PUMP-D3FA3F-001,PUMP | DUPLEX STEEL | 2 IN X 1.5 IN | ISO 2858,PUMP,,DUPLEX STEEL,2 IN X 1.5 IN,,ISO 2858,SET,"{""connection_type"": """", ""construction"": """", ""end_type"": """", ""material"": """", ""material_family"": ""PUMP"", ""material_grade"": ""DUPLEX STEEL"", ""material_subtype"": """", ""material_type"": """", ""nominal_size"": """", ""orientation"": ""VERTICAL"", ""pressure_class"": """", ""rating"": """", ""size"": ""2 IN X 1.5 IN"", ""specification"": ""ISO 2858"", ""standard"": ""ISO 2858"", ""unit"": ""SET""}",Coal India;NTPC,2,VERIFIED_HARMONIZED,1.0,d3fa3f52a66db73b595a8c91d98ed47892832d8b8aa0eddb6aa0696e0354b68d,,,
CMM-PUMP-D585B9-001,CMM-PUMP-D585B9-001,PUMP | SS 304 | 2 IN X 1.5 IN | API 610,PUMP,,SS 304,2 IN X 1.5 IN,,API 610,SET,"{""connection_type"": """", ""construction"": """", ""end_type"": """", ""material"": ""STAINLESS STEEL"", ""material_family"": ""PUMP"", ""material_grade"": ""SS 304"", ""material_subtype"": """", ""material_type"": """", ""nominal_size"": """", ""orientation"": """", ""pressure_class"": """", ""rating"": """", ""size"": ""2 IN X 1.5 IN"", ""specification"": ""API 610"", ""standard"": ""API 610"", ""unit"": ""SET""}",BHEL,1,STANDALONE_CANDIDATE,1.0,d585b9d34cdd01e22cd14241952013e029abb9fb603b528bc4aca16bd4f8a171,,,
CMM-PUMP-DB6C55-001,CMM-PUMP-DB6C55-001,PUMP | CAST IRON | 2 IN X 1.5 IN | ISO 2858,PUMP,,CAST IRON,2 IN X 1.5 IN,,ISO 2858,SET,"{""connection_type"": """", ""construction"": ""CAST"", ""end_type"": """", ""material"": """", ""material_family"": ""PUMP"", ""material_grade"": ""CAST IRON"", ""material_subtype"": """", ""material_type"": """", ""nominal_size"": """", ""orientation"": """", ""pressure_class"": """", ""rating"": """", ""size"": ""2 IN X 1.5 IN"", ""specification"": ""ISO 2858"", ""standard"": ""ISO 2858"", ""unit"": ""SET""}",BHEL;IOCL;NMDC;NTPC;SAIL,5,VERIFIED_HARMONIZED,1.0,db6c55e997a65b8bd9811dd96dc9e8f7398abe072946c218ec7058b0a755784c,,,
CMM-PUMP-DBFE2C-001,CMM-PUMP-DBFE2C-001,PUMP | CENTRIFUGAL PUMP | CARBON STEEL | 3 IN X 2 IN | API 610,PUMP,CENTRIFUGAL PUMP,CARBON STEEL,3 IN X 2 IN,,API 610,SET,"{""connection_type"": """", ""construction"": """", ""end_type"": """", ""material"": ""CARBON STEEL"", ""material_family"": ""PUMP"", ""material_grade"": ""CARBON STEEL"", ""material_subtype"": """", ""material_type"": ""CENTRIFUGAL PUMP"", ""nominal_size"": """", ""orientation"": """", ""pressure_class"": """", ""rating"": """", ""size"": ""3 IN X 2 IN"", ""specification"": ""API 610"", ""standard"": ""API 610"", ""unit"": ""SET""}",ONGC,1,STANDALONE_CANDIDATE,1.0,dbfe2c76d84880d0d6e39c7b93c9782c9753dfc6a7b3599b6c57eb5b652e1f7f,,,
CMM-PUMP-DFF5C6-001,CMM-PUMP-DFF5C6-001,PUMP | CARBON STEEL | DN 80 | API 675,PUMP,,CARBON STEEL,DN 80,,API 675,SET,"{""connection_type"": """", ""construction"": """", ""end_type"": """", ""material"": ""CARBON STEEL"", ""material_family"": ""PUMP"", ""material_grade"": ""CARBON STEEL"", ""material_subtype"": """", ""material_type"": """", ""nominal_size"": """", ""orientation"": """", ""pressure_class"": """", ""rating"": """", ""size"": ""DN 80"", ""specification"": ""API 675"", ""standard"": ""API 675"", ""unit"": ""SET""}",HPCL,1,STANDALONE_CANDIDATE,1.0,dff5c665d185aa71b83ff64e141828f8f6a816848c0f0da4d182905364211783,,,
CMM-PUMP-E00533-001,CMM-PUMP-E00533-001,PUMP | ALLOY STEEL | 6 IN | API 7K,PUMP,,ALLOY STEEL,6 IN,,API 7K,SET,"{""connection_type"": """", ""construction"": """", ""end_type"": """", ""material"": """", ""material_family"": ""PUMP"", ""material_grade"": ""ALLOY STEEL"", ""material_subtype"": """", ""material_type"": """", ""nominal_size"": """", ""orientation"": """", ""pressure_class"": """", ""rating"": """", ""size"": ""6 IN"", ""specification"": ""API 7K"", ""standard"": ""API 7K"", ""unit"": ""SET""}",ONGC,1,STANDALONE_CANDIDATE,1.0,e005334703d4e3e7ba25f2a8525307889f5b28d772b0dcb7863c42fddb4d0643,,,
CMM-PUMP-E22A9D-001,CMM-PUMP-E22A9D-001,PUMP | DUPLEX STEEL | 3 IN X 2 IN | IS 1520,PUMP,,DUPLEX STEEL,3 IN X 2 IN,,IS 1520,SET,"{""connection_type"": """", ""construction"": """", ""end_type"": """", ""material"": """", ""material_family"": ""PUMP"", ""material_grade"": ""DUPLEX STEEL"", ""material_subtype"": """", ""material_type"": """", ""nominal_size"": """", ""orientation"": """", ""pressure_class"": """", ""rating"": """", ""size"": ""3 IN X 2 IN"", ""specification"": ""IS 1520"", ""standard"": ""IS 1520"", ""unit"": ""SET""}",Coal India;NTPC,2,VERIFIED_HARMONIZED,1.0,e22a9d69b994af10ba9382b4d3e3695e7deba345f3bee302857c15b2d6a61b51,,,
CMM-PUMP-E31790-001,CMM-PUMP-E31790-001,PUMP | SS 316 | DN 80 | ISO 2858,PUMP,,SS 316,DN 80,,ISO 2858,SET,"{""connection_type"": """", ""construction"": """", ""end_type"": """", ""material"": ""STAINLESS STEEL"", ""material_family"": ""PUMP"", ""material_grade"": ""SS 316"", ""material_subtype"": """", ""material_type"": """", ""nominal_size"": """", ""orientation"": """", ""pressure_class"": """", ""rating"": """", ""size"": ""DN 80"", ""specification"": ""ISO 2858"", ""standard"": ""ISO 2858"", ""unit"": ""SET""}",IOCL;NMDC;NTPC,3,VERIFIED_HARMONIZED,1.0,e3179078c1802e93d75c258ad77fc8a4bc8ed18c86df63eb50edd209c7bee954,,,
CMM-PUMP-E367B3-001,CMM-PUMP-E367B3-001,PUMP | CAST IRON | DN 150 | IS 5120,PUMP,,CAST IRON,DN 150,,IS 5120,SET,"{""connection_type"": """", ""construction"": ""CAST"", ""end_type"": """", ""material"": """", ""material_family"": ""PUMP"", ""material_grade"": ""CAST IRON"", ""material_subtype"": """", ""material_type"": """", ""nominal_size"": """", ""orientation"": """", ""pressure_class"": """", ""rating"": """", ""size"": ""DN 150"", ""specification"": ""IS 5120"", ""standard"": ""IS 5120"", ""unit"": ""SET""}",Coal India,1,STANDALONE_CANDIDATE,1.0,e367b32638f744735551d28e493802ca5023365540132127cd325ee48f0562ad,,,
CMM-PUMP-E593A0-001,CMM-PUMP-E593A0-001,PUMP | CAST IRON | DN 150 | IS 5120,PUMP,,CAST IRON,DN 150,,IS 5120,SET,"{""connection_type"": """", ""construction"": ""CAST"", ""end_type"": """", ""material"": """", ""material_family"": ""PUMP"", ""material_grade"": ""CAST IRON"", ""material_subtype"": """", ""material_type"": """", ""nominal_size"": """", ""orientation"": """", ""pressure_class"": """", ""rating"": """", ""size"": ""DN 150"", ""specification"": ""IS 5120"", ""standard"": ""IS 5120"", ""unit"": ""SET""}",Coal India,1,STANDALONE_CANDIDATE,1.0,e593a01006f2108334d643b8e4bbc84c07e555366d079002cfa8ca8392c384d5,,,
CMM-PUMP-E5F7C9-001,CMM-PUMP-E5F7C9-001,PUMP | CARBON STEEL | DN 80 | API 675,PUMP,,CARBON STEEL,DN 80,,API 675,SET,"{""connection_type"": """", ""construction"": """", ""end_type"": """", ""material"": ""CARBON STEEL"", ""material_family"": ""PUMP"", ""material_grade"": ""CARBON STEEL"", ""material_subtype"": """", ""material_type"": """", ""nominal_size"": """", ""orientation"": """", ""pressure_class"": """", ""rating"": """", ""size"": ""DN 80"", ""specification"": ""API 675"", ""standard"": ""API 675"", ""unit"": ""SET""}",HPCL,1,STANDALONE_CANDIDATE,1.0,e5f7c9057561688648065ce79a77d11cb3f7356d4adf129742d691d08f981230,,,
CMM-PUMP-E68106-001,CMM-PUMP-E68106-001,PUMP | CARBON STEEL | DN 80 | API 675,PUMP,,CARBON STEEL,DN 80,,API 675,SET,"{""connection_type"": """", ""construction"": """", ""end_type"": """", ""material"": ""CARBON STEEL"", ""material_family"": ""PUMP"", ""material_grade"": ""CARBON STEEL"", ""material_subtype"": """", ""material_type"": """", ""nominal_size"": """", ""orientation"": """", ""pressure_class"": """", ""rating"": """", ""size"": ""DN 80"", ""specification"": ""API 675"", ""standard"": ""API 675"", ""unit"": ""SET""}",HPCL,1,STANDALONE_CANDIDATE,1.0,e68106b995715ad561bd195873d82a98219cf03ea2620ceaf9b234ee4380ee7f,,,
CMM-PUMP-E80267-001,CMM-PUMP-E80267-001,PUMP | SS 316 | 2 IN X 1.5 IN | IS 1520,PUMP,,SS 316,2 IN X 1.5 IN,,IS 1520,SET,"{""connection_type"": """", ""construction"": """", ""end_type"": """", ""material"": ""STAINLESS STEEL"", ""material_family"": ""PUMP"", ""material_grade"": ""SS 316"", ""material_subtype"": """", ""material_type"": """", ""nominal_size"": """", ""orientation"": ""VERTICAL"", ""pressure_class"": """", ""rating"": """", ""size"": ""2 IN X 1.5 IN"", ""specification"": ""IS 1520"", ""standard"": ""IS 1520"", ""unit"": ""SET""}",NMDC,1,STANDALONE_CANDIDATE,1.0,e80267f1020fa4a37669c4782940a3cafcead1ab37870879021ad10886dfb66c,,,
CMM-PUMP-E8E8DD-001,CMM-PUMP-E8E8DD-001,PUMP | CAST IRON | DN 150 | IS 5120,PUMP,,CAST IRON,DN 150,,IS 5120,SET,"{""connection_type"": """", ""construction"": ""CAST"", ""end_type"": """", ""material"": """", ""material_family"": ""PUMP"", ""material_grade"": ""CAST IRON"", ""material_subtype"": """", ""material_type"": """", ""nominal_size"": """", ""orientation"": """", ""pressure_class"": """", ""rating"": """", ""size"": ""DN 150"", ""specification"": ""IS 5120"", ""standard"": ""IS 5120"", ""unit"": ""SET""}",Coal India,1,STANDALONE_CANDIDATE,1.0,e8e8dd82c1f96f069f923f130739994ad5a36986656e7d08bbffe73ab46226c3,,,
CMM-PUMP-E9BB25-001,CMM-PUMP-E9BB25-001,PUMP | SS 316 | 2 IN X 1.5 IN | IS 1520,PUMP,,SS 316,2 IN X 1.5 IN,,IS 1520,SET,"{""connection_type"": """", ""construction"": """", ""end_type"": """", ""material"": ""STAINLESS STEEL"", ""material_family"": ""PUMP"", ""material_grade"": ""SS 316"", ""material_subtype"": """", ""material_type"": """", ""nominal_size"": """", ""orientation"": """", ""pressure_class"": """", ""rating"": """", ""size"": ""2 IN X 1.5 IN"", ""specification"": ""IS 1520"", ""standard"": ""IS 1520"", ""unit"": ""SET""}",ONGC,1,STANDALONE_CANDIDATE,1.0,e9bb256030f490cbeecb5248a05c4a056a29c2e841be9d3059770001821f9440,,,
CMM-PUMP-ED0D84-001,CMM-PUMP-ED0D84-001,PUMP | CENTRIFUGAL PUMP | CARBON STEEL | DN 100 | API 610,PUMP,CENTRIFUGAL PUMP,CARBON STEEL,DN 100,,API 610,SET,"{""connection_type"": """", ""construction"": """", ""end_type"": """", ""material"": ""CARBON STEEL"", ""material_family"": ""PUMP"", ""material_grade"": ""CARBON STEEL"", ""material_subtype"": """", ""material_type"": ""CENTRIFUGAL PUMP"", ""nominal_size"": """", ""orientation"": """", ""pressure_class"": """", ""rating"": """", ""size"": ""DN 100"", ""specification"": ""API 610"", ""standard"": ""API 610"", ""unit"": ""SET""}",BHEL;Coal India;HPCL;ONGC;SAIL,5,VERIFIED_HARMONIZED,1.0,ed0d8408319a20ede3a1fd3ae05b50f3d388776c49bff57aa58fa04e8da04e3c,,,
CMM-PUMP-EE6BE0-001,CMM-PUMP-EE6BE0-001,PUMP | CARBON STEEL | DN 80 | API 675,PUMP,,CARBON STEEL,DN 80,,API 675,SET,"{""connection_type"": """", ""construction"": """", ""end_type"": """", ""material"": ""CARBON STEEL"", ""material_family"": ""PUMP"", ""material_grade"": ""CARBON STEEL"", ""material_subtype"": """", ""material_type"": """", ""nominal_size"": """", ""orientation"": """", ""pressure_class"": """", ""rating"": """", ""size"": ""DN 80"", ""specification"": ""API 675"", ""standard"": ""API 675"", ""unit"": ""SET""}",HPCL,1,STANDALONE_CANDIDATE,1.0,ee6be01896e81c3db08f926552e64264c8afa3a4c464a105be83c69129c879d9,,,
CMM-PUMP-EFB17A-001,CMM-PUMP-EFB17A-001,PUMP | CENTRIFUGAL PUMP | SS 316 | DN 100 | API 610,PUMP,CENTRIFUGAL PUMP,SS 316,DN 100,,API 610,SET,"{""connection_type"": """", ""construction"": """", ""end_type"": """", ""material"": ""STAINLESS STEEL"", ""material_family"": ""PUMP"", ""material_grade"": ""SS 316"", ""material_subtype"": """", ""material_type"": ""CENTRIFUGAL PUMP"", ""nominal_size"": """", ""orientation"": """", ""pressure_class"": """", ""rating"": """", ""size"": ""DN 100"", ""specification"": ""API 610"", ""standard"": ""API 610"", ""unit"": ""SET""}",Coal India;HPCL;IOCL;NTPC;ONGC;SAIL,6,VERIFIED_HARMONIZED,1.0,efb17ac21963c2ee2a3eabb24ffc0bbb0e124a491dd8dfa6bafa8037654e8cb4,,,
CMM-PUMP-F1363E-001,CMM-PUMP-F1363E-001,PUMP | ALLOY STEEL | 6 IN | API 7K,PUMP,,ALLOY STEEL,6 IN,,API 7K,SET,"{""connection_type"": """", ""construction"": """", ""end_type"": """", ""material"": """", ""material_family"": ""PUMP"", ""material_grade"": ""ALLOY STEEL"", ""material_subtype"": """", ""material_type"": """", ""nominal_size"": """", ""orientation"": """", ""pressure_class"": """", ""rating"": """", ""size"": ""6 IN"", ""specification"": ""API 7K"", ""standard"": ""API 7K"", ""unit"": ""SET""}",ONGC,1,STANDALONE_CANDIDATE,1.0,f1363e62162902807231d79896c1664a227856e16a1426aa77e0634ae3a9ac6b,,,
CMM-PUMP-F243B1-001,CMM-PUMP-F243B1-001,PUMP | CAST IRON | DN 150 | IS 5120,PUMP,,CAST IRON,DN 150,,IS 5120,SET,"{""connection_type"": """", ""construction"": ""CAST"", ""end_type"": """", ""material"": """", ""material_family"": ""PUMP"", ""material_grade"": ""CAST IRON"", ""material_subtype"": """", ""material_type"": """", ""nominal_size"": """", ""orientation"": """", ""pressure_class"": """", ""rating"": """", ""size"": ""DN 150"", ""specification"": ""IS 5120"", ""standard"": ""IS 5120"", ""unit"": ""SET""}",Coal India,1,STANDALONE_CANDIDATE,1.0,f243b15aea33cc10d771453b28c79b8adfcdc82430bd64ddee68fd2e3b777005,,,
CMM-PUMP-F2C290-001,CMM-PUMP-F2C290-001,PUMP | ALLOY STEEL | 3 IN X 2 IN | ISO 2858,PUMP,,ALLOY STEEL,3 IN X 2 IN,,ISO 2858,SET,"{""connection_type"": """", ""construction"": """", ""end_type"": """", ""material"": """", ""material_family"": ""PUMP"", ""material_grade"": ""ALLOY STEEL"", ""material_subtype"": """", ""material_type"": """", ""nominal_size"": """", ""orientation"": """", ""pressure_class"": """", ""rating"": """", ""size"": ""3 IN X 2 IN"", ""specification"": ""ISO 2858"", ""standard"": ""ISO 2858"", ""unit"": ""SET""}",HPCL,1,STANDALONE_CANDIDATE,1.0,f2c2905c29e7c0dfc2119b2e0f7a46b9cbabb91ecf4b4309225eb248b191b048,,,
CMM-PUMP-F3916E-001,CMM-PUMP-F3916E-001,PUMP | CARBON STEEL | DN 80 | IS 1520,PUMP,,CARBON STEEL,DN 80,,IS 1520,SET,"{""connection_type"": """", ""construction"": """", ""end_type"": """", ""material"": ""CARBON STEEL"", ""material_family"": ""PUMP"", ""material_grade"": ""CARBON STEEL"", ""material_subtype"": """", ""material_type"": """", ""nominal_size"": """", ""orientation"": """", ""pressure_class"": """", ""rating"": """", ""size"": ""DN 80"", ""specification"": ""IS 1520"", ""standard"": ""IS 1520"", ""unit"": ""SET""}",Coal India;HPCL;IOCL;SAIL,4,VERIFIED_HARMONIZED,1.0,f3916e2109b7bb05dcb61dd683c482f6ef34b917f26db109e3ca0b0da0417de4,,,
CMM-PUMP-F5C782-001,CMM-PUMP-F5C782-001,PUMP | CARBON STEEL | DN 80 | API 675,PUMP,,CARBON STEEL,DN 80,,API 675,SET,"{""connection_type"": """", ""construction"": """", ""end_type"": """", ""material"": ""CARBON STEEL"", ""material_family"": ""PUMP"", ""material_grade"": ""CARBON STEEL"", ""material_subtype"": """", ""material_type"": """", ""nominal_size"": """", ""orientation"": """", ""pressure_class"": """", ""rating"": """", ""size"": ""DN 80"", ""specification"": ""API 675"", ""standard"": ""API 675"", ""unit"": ""SET""}",HPCL,1,STANDALONE_CANDIDATE,1.0,f5c782bcca5694e4698441753977867fb96042e9bbaae15a8190f8cea738b96d,,,
CMM-PUMP-F75603-001,CMM-PUMP-F75603-001,PUMP | CENTRIFUGAL PUMP | SS 304 | DN 80 | IS 1520,PUMP,CENTRIFUGAL PUMP,SS 304,DN 80,,IS 1520,SET,"{""connection_type"": """", ""construction"": """", ""end_type"": """", ""material"": ""STAINLESS STEEL"", ""material_family"": ""PUMP"", ""material_grade"": ""SS 304"", ""material_subtype"": """", ""material_type"": ""CENTRIFUGAL PUMP"", ""nominal_size"": """", ""orientation"": """", ""pressure_class"": """", ""rating"": """", ""size"": ""DN 80"", ""specification"": ""IS 1520"", ""standard"": ""IS 1520"", ""unit"": ""SET""}",IOCL,1,STANDALONE_CANDIDATE,1.0,f756038f18d8ad0dad282f8ee043c6427eed6eb435b91768049aee4f7fc1008d,,,
CMM-PUMP-F7EE1D-001,CMM-PUMP-F7EE1D-001,PUMP | SS 316 | DN 80 | API 610,PUMP,,SS 316,DN 80,,API 610,SET,"{""connection_type"": """", ""construction"": """", ""end_type"": """", ""material"": ""STAINLESS STEEL"", ""material_family"": ""PUMP"", ""material_grade"": ""SS 316"", ""material_subtype"": """", ""material_type"": """", ""nominal_size"": """", ""orientation"": """", ""pressure_class"": """", ""rating"": """", ""size"": ""DN 80"", ""specification"": ""API 610"", ""standard"": ""API 610"", ""unit"": ""SET""}",HPCL,1,STANDALONE_CANDIDATE,1.0,f7ee1d46040c2958cf1b6cd52bdaf0164705b7f81dd64bd9c1adccdf55ebe416,,,
CMM-PUMP-FA44B3-001,CMM-PUMP-FA44B3-001,PUMP | CAST IRON | 2 IN X 1.5 IN | IS 1520,PUMP,,CAST IRON,2 IN X 1.5 IN,,IS 1520,SET,"{""connection_type"": """", ""construction"": ""CAST"", ""end_type"": """", ""material"": """", ""material_family"": ""PUMP"", ""material_grade"": ""CAST IRON"", ""material_subtype"": """", ""material_type"": """", ""nominal_size"": """", ""orientation"": ""VERTICAL"", ""pressure_class"": """", ""rating"": """", ""size"": ""2 IN X 1.5 IN"", ""specification"": ""IS 1520"", ""standard"": ""IS 1520"", ""unit"": ""SET""}",BHEL;Coal India;NMDC;ONGC,4,VERIFIED_HARMONIZED,1.0,fa44b3382bd56e1f26f67473cb877bfed33a448675678de748cbb47854ad851a,,,
CMM-PUMP-FC6AAF-001,CMM-PUMP-FC6AAF-001,PUMP | SS 316 | 2 IN X 1.5 IN | IS 1520,PUMP,,SS 316,2 IN X 1.5 IN,,IS 1520,SET,"{""connection_type"": """", ""construction"": """", ""end_type"": """", ""material"": ""STAINLESS STEEL"", ""material_family"": ""PUMP"", ""material_grade"": ""SS 316"", ""material_subtype"": """", ""material_type"": """", ""nominal_size"": """", ""orientation"": ""VERTICAL"", ""pressure_class"": """", ""rating"": """", ""size"": ""2 IN X 1.5 IN"", ""specification"": ""IS 1520"", ""standard"": ""IS 1520"", ""unit"": ""SET""}",BHEL;Coal India;IOCL;NMDC;ONGC;SAIL,6,VERIFIED_HARMONIZED,1.0,fc6aafc3c70651d0b6b4809b5fc5a5406665f7b2ba50b7e11e4f93e267ac22c8,,,
CMM-PUMP-FC9A80-001,CMM-PUMP-FC9A80-001,PUMP | CAST IRON | DN 150 | IS 5120,PUMP,,CAST IRON,DN 150,,IS 5120,SET,"{""connection_type"": """", ""construction"": ""CAST"", ""end_type"": """", ""material"": """", ""material_family"": ""PUMP"", ""material_grade"": ""CAST IRON"", ""material_subtype"": """", ""material_type"": """", ""nominal_size"": """", ""orientation"": """", ""pressure_class"": """", ""rating"": """", ""size"": ""DN 150"", ""specification"": ""IS 5120"", ""standard"": ""IS 5120"", ""unit"": ""SET""}",Coal India,1,STANDALONE_CANDIDATE,1.0,fc9a8025985426e4d2ad3c550e0da4532150725bf2ef477e3cf39eb8e13b9149,,,
CMM-PUMP-FEF7B9-001,CMM-PUMP-FEF7B9-001,PUMP | CARBON STEEL | 3 IN X 2 IN | ISO 2858,PUMP,,CARBON STEEL,3 IN X 2 IN,,ISO 2858,SET,"{""connection_type"": """", ""construction"": """", ""end_type"": """", ""material"": ""CARBON STEEL"", ""material_family"": ""PUMP"", ""material_grade"": ""CARBON STEEL"", ""material_subtype"": """", ""material_type"": """", ""nominal_size"": """", ""orientation"": """", ""pressure_class"": """", ""rating"": """", ""size"": ""3 IN X 2 IN"", ""specification"": ""ISO 2858"", ""standard"": ""ISO 2858"", ""unit"": ""SET""}",BHEL;Coal India;NMDC;NTPC,4,VERIFIED_HARMONIZED,1.0,fef7b9b4479b3cb87ed7210079b68d98a57736ae76d52d3976f27f1da83a22f9,,,
CMM-PUMP-FFC596-001,CMM-PUMP-FFC596-001,PUMP | CARBON STEEL | DN 80 | API 675,PUMP,,CARBON STEEL,DN 80,,API 675,SET,"{""connection_type"": """", ""construction"": """", ""end_type"": """", ""material"": ""CARBON STEEL"", ""material_family"": ""PUMP"", ""material_grade"": ""CARBON STEEL"", ""material_subtype"": """", ""material_type"": """", ""nominal_size"": """", ""orientation"": """", ""pressure_class"": """", ""rating"": """", ""size"": ""DN 80"", ""specification"": ""API 675"", ""standard"": ""API 675"", ""unit"": ""SET""}",HPCL,1,STANDALONE_CANDIDATE,1.0,ffc59627120d668a2dd81170595d86a46ec32381c6cce4ce29dcbcdccbc23946,,,
CMM-PUMP-FFED79-001,CMM-PUMP-FFED79-001,PUMP | CENTRIFUGAL PUMP | CARBON STEEL | DN 100 | API 610,PUMP,CENTRIFUGAL PUMP,CARBON STEEL,DN 100,,API 610,SET,"{""connection_type"": """", ""construction"": """", ""end_type"": """", ""material"": ""CARBON STEEL"", ""material_family"": ""PUMP"", ""material_grade"": ""CARBON STEEL"", ""material_subtype"": """", ""material_type"": ""CENTRIFUGAL PUMP"", ""nominal_size"": """", ""orientation"": """", ""pressure_class"": """", ""rating"": """", ""size"": ""DN 100"", ""specification"": ""API 610"", ""standard"": ""API 610"", ""unit"": ""SET""}",SAIL,1,STANDALONE_CANDIDATE,1.0,ffed7948c4aa49ce10c8a7314a8f15174f06cd0a2f86d0bde8909cb3de048963,,,
CMM-SEALG-067879-001,CMM-SEALG-067879-001,SEAL/GASKET | LUBRICANT | NBR | 2 IN | API 682,SEAL/GASKET,LUBRICANT,NBR,2 IN,,API 682,NOS,"{""connection_type"": """", ""construction"": """", ""end_type"": """", ""material"": """", ""material_family"": ""SEAL/GASKET"", ""material_grade"": ""NBR"", ""material_subtype"": """", ""material_type"": ""LUBRICANT"", ""nominal_size"": """", ""orientation"": """", ""pressure_class"": """", ""rating"": """", ""size"": ""2 IN"", ""specification"": ""API 682"", ""standard"": ""API 682"", ""unit"": ""NOS""}",BHEL;NTPC;ONGC,3,VERIFIED_HARMONIZED,1.0,06787961388cf54240be2b701224af2079329bc698cc8246d999b6b60c148050,,,
CMM-SEALG-091BCF-001,CMM-SEALG-091BCF-001,SEAL/GASKET | SPIRAL WOUND GASKET | NBR | 2 IN | ASME B16.20,SEAL/GASKET,SPIRAL WOUND GASKET,NBR,2 IN,,ASME B16.20,KG,"{""connection_type"": """", ""construction"": """", ""end_type"": """", ""material"": """", ""material_family"": ""SEAL/GASKET"", ""material_grade"": ""NBR"", ""material_subtype"": """", ""material_type"": ""SPIRAL WOUND GASKET"", ""nominal_size"": """", ""orientation"": """", ""pressure_class"": """", ""rating"": """", ""size"": ""2 IN"", ""specification"": ""ASME B16.20"", ""standard"": ""ASME B16.20"", ""unit"": ""KG""}",BHEL;HPCL,2,VERIFIED_HARMONIZED,1.0,091bcfc062caea23970938b597cbe2c05864100045f6c97fde39cdacdada02cd,,,
CMM-SEALG-099BED-001,CMM-SEALG-099BED-001,SEAL/GASKET | NBR | 50 MM | DIN 3760,SEAL/GASKET,,NBR,50 MM,,DIN 3760,KG,"{""connection_type"": """", ""construction"": """", ""end_type"": """", ""material"": """", ""material_family"": ""SEAL/GASKET"", ""material_grade"": ""NBR"", ""material_subtype"": """", ""material_type"": """", ""nominal_size"": """", ""orientation"": """", ""pressure_class"": """", ""rating"": """", ""size"": ""50 MM"", ""specification"": ""DIN 3760"", ""standard"": """", ""unit"": ""KG""}",Coal India;HPCL,2,VERIFIED_HARMONIZED,1.0,099bed974d2e0e42a211d7a78eb04def780d4966c6da7a64540e9a89bee7ede2,,,
CMM-SEALG-1331E7-001,CMM-SEALG-1331E7-001,SEAL/GASKET | NBR | 100 MM | ASME B16.20,SEAL/GASKET,,NBR,100 MM,,ASME B16.20,NOS,"{""connection_type"": """", ""construction"": """", ""end_type"": """", ""material"": """", ""material_family"": ""SEAL/GASKET"", ""material_grade"": ""NBR"", ""material_subtype"": """", ""material_type"": """", ""nominal_size"": """", ""orientation"": """", ""pressure_class"": """", ""rating"": """", ""size"": ""100 MM"", ""specification"": ""ASME B16.20"", ""standard"": ""ASME B16.20"", ""unit"": ""NOS""}",HPCL;NTPC,2,VERIFIED_HARMONIZED,1.0,1331e78f409c41490a044e03ded8d5c87fbce05ad93c81860e819fdbf843e974,,,
CMM-SEALG-16E5D0-001,CMM-SEALG-16E5D0-001,SEAL/GASKET | GRAPHITE | 50 MM | DIN 3760,SEAL/GASKET,,GRAPHITE,50 MM,,DIN 3760,NOS,"{""connection_type"": """", ""construction"": """", ""end_type"": """", ""material"": """", ""material_family"": ""SEAL/GASKET"", ""material_grade"": ""GRAPHITE"", ""material_subtype"": """", ""material_type"": """", ""nominal_size"": """", ""orientation"": """", ""pressure_class"": """", ""rating"": """", ""size"": ""50 MM"", ""specification"": ""DIN 3760"", ""standard"": """", ""unit"": ""NOS""}",Coal India;NTPC,2,VERIFIED_HARMONIZED,1.0,16e5d081b83ce8927bb4a61aed09dd4e9867068be0714ac712f3a27198056bf2,,,
CMM-SEALG-18752C-001,CMM-SEALG-18752C-001,SEAL/GASKET | LUBRICANT | VITON | 2 IN | ASME B16.20,SEAL/GASKET,LUBRICANT,VITON,2 IN,,ASME B16.20,KG,"{""connection_type"": """", ""construction"": """", ""end_type"": """", ""material"": """", ""material_family"": ""SEAL/GASKET"", ""material_grade"": ""VITON"", ""material_subtype"": """", ""material_type"": ""LUBRICANT"", ""nominal_size"": """", ""orientation"": """", ""pressure_class"": """", ""rating"": """", ""size"": ""2 IN"", ""specification"": ""ASME B16.20"", ""standard"": ""ASME B16.20"", ""unit"": ""KG""}",Coal India;HPCL;IOCL;NMDC;ONGC;SAIL,6,VERIFIED_HARMONIZED,1.0,18752c184dd7e2173ffdd9598dcdc2ccd70c9a437713839f5e2638412974ad62,,,
CMM-SEALG-19C018-001,CMM-SEALG-19C018-001,SEAL/GASKET | VITON | 65 MM | DIN 3760,SEAL/GASKET,,VITON,65 MM,,DIN 3760,NOS,"{""connection_type"": """", ""construction"": """", ""end_type"": """", ""material"": """", ""material_family"": ""SEAL/GASKET"", ""material_grade"": ""VITON"", ""material_subtype"": """", ""material_type"": """", ""nominal_size"": """", ""orientation"": """", ""pressure_class"": """", ""rating"": """", ""size"": ""65 MM"", ""specification"": ""DIN 3760"", ""standard"": """", ""unit"": ""NOS""}",HPCL;ONGC,2,VERIFIED_HARMONIZED,1.0,19c01852110c55faceffdc1b96255113a055f490628ba6b31c3e17ed1c3584f3,,,
CMM-SEALG-1EEB61-001,CMM-SEALG-1EEB61-001,SEAL/GASKET | GRAPHITE | 50 MM | API 682,SEAL/GASKET,,GRAPHITE,50 MM,,API 682,UNRESOLVED_CONFLICT (KG vs NOS),"{""connection_type"": """", ""construction"": """", ""end_type"": """", ""material"": """", ""material_family"": ""SEAL/GASKET"", ""material_grade"": ""GRAPHITE"", ""material_subtype"": """", ""material_type"": """", ""nominal_size"": """", ""orientation"": """", ""pressure_class"": """", ""rating"": """", ""size"": ""50 MM"", ""specification"": ""API 682"", ""standard"": ""API 682"", ""unit"": ""UNRESOLVED_CONFLICT (KG vs NOS)""}",BHEL;Coal India;ONGC;SAIL,4,AMBIGUOUS_REVIEW_REQUIRED,0.7,1eeb611b64ba1d38b191764a9ecd3f19c34bea8df41a30052643093025fc0197,,,
CMM-SEALG-260F99-001,CMM-SEALG-260F99-001,SEAL/GASKET | GRAPHITE | 65 MM | ASME B16.20,SEAL/GASKET,,GRAPHITE,65 MM,,ASME B16.20,NOS,"{""connection_type"": """", ""construction"": """", ""end_type"": """", ""material"": """", ""material_family"": ""SEAL/GASKET"", ""material_grade"": ""GRAPHITE"", ""material_subtype"": """", ""material_type"": """", ""nominal_size"": """", ""orientation"": """", ""pressure_class"": """", ""rating"": """", ""size"": ""65 MM"", ""specification"": ""ASME B16.20"", ""standard"": ""ASME B16.20"", ""unit"": ""NOS""}",BHEL;HPCL;IOCL;NMDC;NTPC;ONGC,6,VERIFIED_HARMONIZED,1.0,260f99ef6c7191a19c93d6fa796e3e77454852559e6d96c496e1eb8a0af5ede2,,,
CMM-SEALG-29423B-001,CMM-SEALG-29423B-001,SEAL/GASKET | LUBRICANT | VITON | 2 IN | API 682,SEAL/GASKET,LUBRICANT,VITON,2 IN,,API 682,KG,"{""connection_type"": """", ""construction"": """", ""end_type"": """", ""material"": """", ""material_family"": ""SEAL/GASKET"", ""material_grade"": ""VITON"", ""material_subtype"": """", ""material_type"": ""LUBRICANT"", ""nominal_size"": """", ""orientation"": """", ""pressure_class"": """", ""rating"": """", ""size"": ""2 IN"", ""specification"": ""API 682"", ""standard"": ""API 682"", ""unit"": ""KG""}",BHEL;HPCL;IOCL;NMDC;NTPC;ONGC,6,VERIFIED_HARMONIZED,1.0,29423b463bc9856d0b3d13e01682e26abd7198db7eff67ce29b7d5f654a9f0dc,,,
CMM-SEALG-302F89-001,CMM-SEALG-302F89-001,SEAL/GASKET | LUBRICANT | VITON | 100 MM | API 682,SEAL/GASKET,LUBRICANT,VITON,100 MM,,API 682,NOS,"{""connection_type"": """", ""construction"": """", ""end_type"": """", ""material"": """", ""material_family"": ""SEAL/GASKET"", ""material_grade"": ""VITON"", ""material_subtype"": """", ""material_type"": ""LUBRICANT"", ""nominal_size"": """", ""orientation"": """", ""pressure_class"": """", ""rating"": """", ""size"": ""100 MM"", ""specification"": ""API 682"", ""standard"": ""API 682"", ""unit"": ""NOS""}",NMDC;NTPC,2,VERIFIED_HARMONIZED,1.0,302f89f2e4457e55ccfe65ffbe9ee30403cbf24a6ef65b30b7618554690c3f1d,,,
CMM-SEALG-31DF73-001,CMM-SEALG-31DF73-001,SEAL/GASKET | NBR | 2 IN | ASME B16.20,SEAL/GASKET,,NBR,2 IN,,ASME B16.20,NOS,"{""connection_type"": """", ""construction"": """", ""end_type"": """", ""material"": """", ""material_family"": ""SEAL/GASKET"", ""material_grade"": ""NBR"", ""material_subtype"": """", ""material_type"": """", ""nominal_size"": """", ""orientation"": """", ""pressure_class"": """", ""rating"": """", ""size"": ""2 IN"", ""specification"": ""ASME B16.20"", ""standard"": ""ASME B16.20"", ""unit"": ""NOS""}",NMDC;ONGC,2,VERIFIED_HARMONIZED,1.0,31df73676146349135e6b7b40cf8caf1144a7e686a0b57d9d0ffb9fb4390ac0b,,,
CMM-SEALG-33D848-001,CMM-SEALG-33D848-001,SEAL/GASKET | SPIRAL WOUND GASKET | PTFE | 2 IN | API 682,SEAL/GASKET,SPIRAL WOUND GASKET,PTFE,2 IN,,API 682,NOS,"{""connection_type"": """", ""construction"": """", ""end_type"": """", ""material"": """", ""material_family"": ""SEAL/GASKET"", ""material_grade"": ""PTFE"", ""material_subtype"": """", ""material_type"": ""SPIRAL WOUND GASKET"", ""nominal_size"": """", ""orientation"": """", ""pressure_class"": """", ""rating"": """", ""size"": ""2 IN"", ""specification"": ""API 682"", ""standard"": ""API 682"", ""unit"": ""NOS""}",IOCL;ONGC,2,VERIFIED_HARMONIZED,1.0,33d848653c36562c4fec75d9f5b60720106b8d63c3771e223d4764b432e5087c,,,
CMM-SEALG-39168C-001,CMM-SEALG-39168C-001,SEAL/GASKET | PTFE | 65 MM | DIN 3760,SEAL/GASKET,,PTFE,65 MM,,DIN 3760,NOS,"{""connection_type"": """", ""construction"": """", ""end_type"": """", ""material"": """", ""material_family"": ""SEAL/GASKET"", ""material_grade"": ""PTFE"", ""material_subtype"": """", ""material_type"": """", ""nominal_size"": """", ""orientation"": """", ""pressure_class"": """", ""rating"": """", ""size"": ""65 MM"", ""specification"": ""DIN 3760"", ""standard"": """", ""unit"": ""NOS""}",Coal India;NTPC;ONGC,3,VERIFIED_HARMONIZED,1.0,39168cb706ad3d88d30d378dfcc4f68976997f71abbcd8360c04786306590273,,,
CMM-SEALG-439083-001,CMM-SEALG-439083-001,SEAL/GASKET | VITON | 65 MM | ASME B16.20,SEAL/GASKET,,VITON,65 MM,,ASME B16.20,NOS,"{""connection_type"": """", ""construction"": """", ""end_type"": """", ""material"": """", ""material_family"": ""SEAL/GASKET"", ""material_grade"": ""VITON"", ""material_subtype"": """", ""material_type"": """", ""nominal_size"": """", ""orientation"": """", ""pressure_class"": """", ""rating"": """", ""size"": ""65 MM"", ""specification"": ""ASME B16.20"", ""standard"": ""ASME B16.20"", ""unit"": ""NOS""}",BHEL;NTPC,2,VERIFIED_HARMONIZED,1.0,43908394f6604921ba4f4adc80e79b52bef17fbed0445d5bdf3771e673b87075,,,
CMM-SEALG-61A948-001,CMM-SEALG-61A948-001,SEAL/GASKET | GRAPHITE | 2 IN | ASME B16.20,SEAL/GASKET,,GRAPHITE,2 IN,,ASME B16.20,NOS,"{""connection_type"": """", ""construction"": """", ""end_type"": """", ""material"": """", ""material_family"": ""SEAL/GASKET"", ""material_grade"": ""GRAPHITE"", ""material_subtype"": """", ""material_type"": """", ""nominal_size"": """", ""orientation"": """", ""pressure_class"": """", ""rating"": """", ""size"": ""2 IN"", ""specification"": ""ASME B16.20"", ""standard"": ""ASME B16.20"", ""unit"": ""NOS""}",NMDC;SAIL,2,VERIFIED_HARMONIZED,1.0,61a9484b57e015a18cff2a419f7b665d6ff882e286f3e053a98c2c7fc2183966,,,
CMM-SEALG-62C5E5-001,CMM-SEALG-62C5E5-001,SEAL/GASKET | SPIRAL WOUND GASKET | GRAPHITE | 100 MM | DIN 3760,SEAL/GASKET,SPIRAL WOUND GASKET,GRAPHITE,100 MM,,DIN 3760,KG,"{""connection_type"": """", ""construction"": """", ""end_type"": """", ""material"": """", ""material_family"": ""SEAL/GASKET"", ""material_grade"": ""GRAPHITE"", ""material_subtype"": """", ""material_type"": ""SPIRAL WOUND GASKET"", ""nominal_size"": """", ""orientation"": """", ""pressure_class"": """", ""rating"": """", ""size"": ""100 MM"", ""specification"": ""DIN 3760"", ""standard"": """", ""unit"": ""KG""}",NMDC;ONGC,2,VERIFIED_HARMONIZED,1.0,62c5e53fce72d2e8c4452fa71e5471633d23318921501f673f4e7c01c9a30674,,,
CMM-SEALG-66D3AC-001,CMM-SEALG-66D3AC-001,SEAL/GASKET | SPIRAL WOUND GASKET | NBR | 50 MM | API 682,SEAL/GASKET,SPIRAL WOUND GASKET,NBR,50 MM,,API 682,KG,"{""connection_type"": """", ""construction"": """", ""end_type"": """", ""material"": """", ""material_family"": ""SEAL/GASKET"", ""material_grade"": ""NBR"", ""material_subtype"": """", ""material_type"": ""SPIRAL WOUND GASKET"", ""nominal_size"": """", ""orientation"": """", ""pressure_class"": """", ""rating"": """", ""size"": ""50 MM"", ""specification"": ""API 682"", ""standard"": ""API 682"", ""unit"": ""KG""}",BHEL;HPCL;IOCL;NTPC;ONGC;SAIL,6,VERIFIED_HARMONIZED,1.0,66d3acde5999ac9a64f0578ae42d14f0cc0621062d69e48f457f5aa2b2f6bfbf,,,
CMM-SEALG-66F853-001,CMM-SEALG-66F853-001,SEAL/GASKET | PTFE | 2 IN | DIN 3760,SEAL/GASKET,,PTFE,2 IN,,DIN 3760,NOS,"{""connection_type"": """", ""construction"": """", ""end_type"": """", ""material"": """", ""material_family"": ""SEAL/GASKET"", ""material_grade"": ""PTFE"", ""material_subtype"": """", ""material_type"": """", ""nominal_size"": """", ""orientation"": """", ""pressure_class"": """", ""rating"": """", ""size"": ""2 IN"", ""specification"": ""DIN 3760"", ""standard"": """", ""unit"": ""NOS""}",Coal India;HPCL;ONGC;SAIL,4,VERIFIED_HARMONIZED,1.0,66f8531d38eb169ee2d432160b5af21557ea7a617e8429fcc6ab70c34bc8d34b,,,
CMM-SEALG-6ACECF-001,CMM-SEALG-6ACECF-001,SEAL/GASKET | VITON | 50 MM | ASME B16.20,SEAL/GASKET,,VITON,50 MM,,ASME B16.20,NOS,"{""connection_type"": """", ""construction"": """", ""end_type"": """", ""material"": """", ""material_family"": ""SEAL/GASKET"", ""material_grade"": ""VITON"", ""material_subtype"": """", ""material_type"": """", ""nominal_size"": """", ""orientation"": """", ""pressure_class"": """", ""rating"": """", ""size"": ""50 MM"", ""specification"": ""ASME B16.20"", ""standard"": ""ASME B16.20"", ""unit"": ""NOS""}",HPCL;IOCL,2,VERIFIED_HARMONIZED,1.0,6acecf0913f08b942f2594ac02d59090cbf2a922954cf58f4af28fd441c0e42b,,,
CMM-SEALG-6DA7E7-001,CMM-SEALG-6DA7E7-001,SEAL/GASKET | SPIRAL WOUND GASKET | GRAPHITE | 50 MM | DIN 3760,SEAL/GASKET,SPIRAL WOUND GASKET,GRAPHITE,50 MM,,DIN 3760,KG,"{""connection_type"": """", ""construction"": """", ""end_type"": """", ""material"": """", ""material_family"": ""SEAL/GASKET"", ""material_grade"": ""GRAPHITE"", ""material_subtype"": """", ""material_type"": ""SPIRAL WOUND GASKET"", ""nominal_size"": """", ""orientation"": """", ""pressure_class"": """", ""rating"": """", ""size"": ""50 MM"", ""specification"": ""DIN 3760"", ""standard"": """", ""unit"": ""KG""}",BHEL;NTPC,2,VERIFIED_HARMONIZED,1.0,6da7e761c7850307a6481c9b21062c59d2478ecba147615af0baa774bcdafd58,,,
CMM-SEALG-747B98-001,CMM-SEALG-747B98-001,SEAL/GASKET | GRAPHITE | 65 MM | API 682,SEAL/GASKET,,GRAPHITE,65 MM,,API 682,NOS,"{""connection_type"": """", ""construction"": """", ""end_type"": """", ""material"": """", ""material_family"": ""SEAL/GASKET"", ""material_grade"": ""GRAPHITE"", ""material_subtype"": """", ""material_type"": """", ""nominal_size"": """", ""orientation"": """", ""pressure_class"": """", ""rating"": """", ""size"": ""65 MM"", ""specification"": ""API 682"", ""standard"": ""API 682"", ""unit"": ""NOS""}",BHEL;SAIL,2,VERIFIED_HARMONIZED,1.0,747b981e892e076281c58a126e8890503f2ed16d117d3d189e2c766d16b52e74,,,
CMM-SEALG-7A9F00-001,CMM-SEALG-7A9F00-001,SEAL/GASKET | LUBRICANT | GRAPHITE | 65 MM | ASME B16.20,SEAL/GASKET,LUBRICANT,GRAPHITE,65 MM,,ASME B16.20,NOS,"{""connection_type"": """", ""construction"": """", ""end_type"": """", ""material"": """", ""material_family"": ""SEAL/GASKET"", ""material_grade"": ""GRAPHITE"", ""material_subtype"": """", ""material_type"": ""LUBRICANT"", ""nominal_size"": """", ""orientation"": """", ""pressure_class"": """", ""rating"": """", ""size"": ""65 MM"", ""specification"": ""ASME B16.20"", ""standard"": ""ASME B16.20"", ""unit"": ""NOS""}",BHEL;Coal India;IOCL;NTPC;ONGC,5,VERIFIED_HARMONIZED,1.0,7a9f006d4b089de49e64df3b9e4ec2c79c71c0cc024bc2f1bde796cf27cbbca7,,,
CMM-SEALG-80EA46-001,CMM-SEALG-80EA46-001,SEAL/GASKET | GRAPHITE | 50 MM | DIN 3760,SEAL/GASKET,,GRAPHITE,50 MM,,DIN 3760,NOS,"{""connection_type"": """", ""construction"": """", ""end_type"": """", ""material"": """", ""material_family"": ""SEAL/GASKET"", ""material_grade"": ""GRAPHITE"", ""material_subtype"": """", ""material_type"": """", ""nominal_size"": """", ""orientation"": """", ""pressure_class"": """", ""rating"": """", ""size"": ""50 MM"", ""specification"": ""DIN 3760"", ""standard"": """", ""unit"": ""NOS""}",BHEL;Coal India;HPCL;NMDC;NTPC,5,VERIFIED_HARMONIZED,1.0,80ea46e9918692a376dcbacb805e85bee30f7e010701f08ed269116204e840b5,,,
CMM-SEALG-82045D-001,CMM-SEALG-82045D-001,SEAL/GASKET | LUBRICANT | GRAPHITE | 100 MM | API 682,SEAL/GASKET,LUBRICANT,GRAPHITE,100 MM,,API 682,NOS,"{""connection_type"": """", ""construction"": """", ""end_type"": """", ""material"": """", ""material_family"": ""SEAL/GASKET"", ""material_grade"": ""GRAPHITE"", ""material_subtype"": """", ""material_type"": ""LUBRICANT"", ""nominal_size"": """", ""orientation"": """", ""pressure_class"": """", ""rating"": """", ""size"": ""100 MM"", ""specification"": ""API 682"", ""standard"": ""API 682"", ""unit"": ""NOS""}",Coal India;IOCL;NTPC,4,AMBIGUOUS_REVIEW_REQUIRED,1.0,82045dccfe51101affa2c8b60c881b80744089ca47eb4ef5e550a3611113f981,,,
CMM-SEALG-8A8051-001,CMM-SEALG-8A8051-001,SEAL/GASKET | NBR | 50 MM | ASME B16.20,SEAL/GASKET,,NBR,50 MM,,ASME B16.20,KG,"{""connection_type"": """", ""construction"": """", ""end_type"": """", ""material"": """", ""material_family"": ""SEAL/GASKET"", ""material_grade"": ""NBR"", ""material_subtype"": """", ""material_type"": """", ""nominal_size"": """", ""orientation"": """", ""pressure_class"": """", ""rating"": """", ""size"": ""50 MM"", ""specification"": ""ASME B16.20"", ""standard"": ""ASME B16.20"", ""unit"": ""KG""}",IOCL;NMDC;ONGC,3,VERIFIED_HARMONIZED,1.0,8a8051bf5b271174a62fc54650e384241c767d6afbf91948f64470ae0d40bad8,,,
CMM-SEALG-8BDD10-001,CMM-SEALG-8BDD10-001,SEAL/GASKET | GRAPHITE | 100 MM | ASME B16.20,SEAL/GASKET,,GRAPHITE,100 MM,,ASME B16.20,NOS,"{""connection_type"": """", ""construction"": """", ""end_type"": """", ""material"": """", ""material_family"": ""SEAL/GASKET"", ""material_grade"": ""GRAPHITE"", ""material_subtype"": """", ""material_type"": """", ""nominal_size"": """", ""orientation"": """", ""pressure_class"": """", ""rating"": """", ""size"": ""100 MM"", ""specification"": ""ASME B16.20"", ""standard"": ""ASME B16.20"", ""unit"": ""NOS""}",BHEL;IOCL,2,VERIFIED_HARMONIZED,1.0,8bdd10447e07d870d46de460f36c3066da2f58feb08b4aff6080a24c39d7aa72,,,
CMM-SEALG-8F1270-001,CMM-SEALG-8F1270-001,SEAL/GASKET | GRAPHITE | 100 MM | DIN 3760,SEAL/GASKET,,GRAPHITE,100 MM,,DIN 3760,NOS,"{""connection_type"": """", ""construction"": """", ""end_type"": """", ""material"": """", ""material_family"": ""SEAL/GASKET"", ""material_grade"": ""GRAPHITE"", ""material_subtype"": """", ""material_type"": """", ""nominal_size"": """", ""orientation"": """", ""pressure_class"": """", ""rating"": """", ""size"": ""100 MM"", ""specification"": ""DIN 3760"", ""standard"": """", ""unit"": ""NOS""}",HPCL;IOCL,2,VERIFIED_HARMONIZED,1.0,8f1270e041029c4cd9b65dc3b03e105658e75ae2de4c6a8faed54a07d9ed800c,,,
CMM-SEALG-928895-001,CMM-SEALG-928895-001,SEAL/GASKET | LUBRICANT | PTFE | 50 MM | DIN 3760,SEAL/GASKET,LUBRICANT,PTFE,50 MM,,DIN 3760,NOS,"{""connection_type"": """", ""construction"": """", ""end_type"": """", ""material"": """", ""material_family"": ""SEAL/GASKET"", ""material_grade"": ""PTFE"", ""material_subtype"": """", ""material_type"": ""LUBRICANT"", ""nominal_size"": """", ""orientation"": """", ""pressure_class"": """", ""rating"": """", ""size"": ""50 MM"", ""specification"": ""DIN 3760"", ""standard"": """", ""unit"": ""NOS""}",NTPC;SAIL,2,VERIFIED_HARMONIZED,1.0,92889549b71773ef507e9009b7937cee45066115bec6d41851c6cbfcde8d300a,,,
CMM-SEALG-948B2B-001,CMM-SEALG-948B2B-001,SEAL/GASKET | VITON | 2 IN | API 682,SEAL/GASKET,,VITON,2 IN,,API 682,KG,"{""connection_type"": """", ""construction"": """", ""end_type"": """", ""material"": """", ""material_family"": ""SEAL/GASKET"", ""material_grade"": ""VITON"", ""material_subtype"": """", ""material_type"": """", ""nominal_size"": """", ""orientation"": """", ""pressure_class"": """", ""rating"": """", ""size"": ""2 IN"", ""specification"": ""API 682"", ""standard"": ""API 682"", ""unit"": ""KG""}",ONGC;SAIL,2,VERIFIED_HARMONIZED,1.0,948b2b2efb9e19da12414eb2d1be5157f70753071265cb6ceacc10d17d5991c4,,,
CMM-SEALG-96ED36-001,CMM-SEALG-96ED36-001,SEAL/GASKET | LUBRICANT | VITON | 100 MM | API 682,SEAL/GASKET,LUBRICANT,VITON,100 MM,,API 682,NOS,"{""connection_type"": """", ""construction"": """", ""end_type"": """", ""material"": """", ""material_family"": ""SEAL/GASKET"", ""material_grade"": ""VITON"", ""material_subtype"": """", ""material_type"": ""LUBRICANT"", ""nominal_size"": """", ""orientation"": """", ""pressure_class"": """", ""rating"": """", ""size"": ""100 MM"", ""specification"": ""API 682"", ""standard"": ""API 682"", ""unit"": ""NOS""}",BHEL;NMDC;NTPC;SAIL,4,VERIFIED_HARMONIZED,1.0,96ed36e12ff46a94e4e4851baaf346f2053a9a34ecb4e2d1db8fa864e4404b06,,,
CMM-SEALG-99E573-001,CMM-SEALG-99E573-001,SEAL/GASKET | GRAPHITE | 50 MM | API 682,SEAL/GASKET,,GRAPHITE,50 MM,,API 682,NOS,"{""connection_type"": """", ""construction"": """", ""end_type"": """", ""material"": """", ""material_family"": ""SEAL/GASKET"", ""material_grade"": ""GRAPHITE"", ""material_subtype"": """", ""material_type"": """", ""nominal_size"": """", ""orientation"": """", ""pressure_class"": """", ""rating"": """", ""size"": ""50 MM"", ""specification"": ""API 682"", ""standard"": ""API 682"", ""unit"": ""NOS""}",IOCL;SAIL,2,VERIFIED_HARMONIZED,1.0,99e57307ce891d29a52a4071f859563232c4b867ab97c80c4c8e2554518cf502,,,
CMM-SEALG-9C5882-001,CMM-SEALG-9C5882-001,SEAL/GASKET | VITON | 100 MM | ASME B16.20,SEAL/GASKET,,VITON,100 MM,,ASME B16.20,NOS,"{""connection_type"": """", ""construction"": """", ""end_type"": """", ""material"": """", ""material_family"": ""SEAL/GASKET"", ""material_grade"": ""VITON"", ""material_subtype"": """", ""material_type"": """", ""nominal_size"": """", ""orientation"": """", ""pressure_class"": """", ""rating"": """", ""size"": ""100 MM"", ""specification"": ""ASME B16.20"", ""standard"": ""ASME B16.20"", ""unit"": ""NOS""}",Coal India;HPCL,2,VERIFIED_HARMONIZED,1.0,9c58823f9951c0d2135873c820a60240acf20cd06c24042d1eae241aab55bb3d,,,
CMM-SEALG-9F5E86-001,CMM-SEALG-9F5E86-001,SEAL/GASKET | PTFE | 100 MM | DIN 3760,SEAL/GASKET,,PTFE,100 MM,,DIN 3760,NOS,"{""connection_type"": """", ""construction"": """", ""end_type"": """", ""material"": """", ""material_family"": ""SEAL/GASKET"", ""material_grade"": ""PTFE"", ""material_subtype"": """", ""material_type"": """", ""nominal_size"": """", ""orientation"": """", ""pressure_class"": """", ""rating"": """", ""size"": ""100 MM"", ""specification"": ""DIN 3760"", ""standard"": """", ""unit"": ""NOS""}",Coal India;HPCL;IOCL;SAIL,4,VERIFIED_HARMONIZED,1.0,9f5e86c6199ed7572525c1eb48ba1b28598bd84be3349cde247be13ad1eec787,,,
CMM-SEALG-A60FBB-001,CMM-SEALG-A60FBB-001,SEAL/GASKET | VITON | 65 MM | ASME B16.20,SEAL/GASKET,,VITON,65 MM,,ASME B16.20,KG,"{""connection_type"": """", ""construction"": """", ""end_type"": """", ""material"": """", ""material_family"": ""SEAL/GASKET"", ""material_grade"": ""VITON"", ""material_subtype"": """", ""material_type"": """", ""nominal_size"": """", ""orientation"": """", ""pressure_class"": """", ""rating"": """", ""size"": ""65 MM"", ""specification"": ""ASME B16.20"", ""standard"": ""ASME B16.20"", ""unit"": ""KG""}",NMDC;SAIL,2,VERIFIED_HARMONIZED,1.0,a60fbb6ffa707466d0b5f0fe356efe7414fa7649b800220a9e4d19c2385b40fa,,,
CMM-SEALG-AB281C-001,CMM-SEALG-AB281C-001,SEAL/GASKET | SPIRAL WOUND GASKET | VITON | 50 MM | DIN 3760,SEAL/GASKET,SPIRAL WOUND GASKET,VITON,50 MM,,DIN 3760,NOS,"{""connection_type"": """", ""construction"": """", ""end_type"": """", ""material"": """", ""material_family"": ""SEAL/GASKET"", ""material_grade"": ""VITON"", ""material_subtype"": """", ""material_type"": ""SPIRAL WOUND GASKET"", ""nominal_size"": """", ""orientation"": """", ""pressure_class"": """", ""rating"": """", ""size"": ""50 MM"", ""specification"": ""DIN 3760"", ""standard"": """", ""unit"": ""NOS""}",Coal India;HPCL;IOCL;NTPC;ONGC;SAIL,6,VERIFIED_HARMONIZED,1.0,ab281c80945c6aa7fee00789dce4705e9a4b271bb32521a842529ee362ff7134,,,
CMM-SEALG-ACB3E9-001,CMM-SEALG-ACB3E9-001,SEAL/GASKET | LUBRICANT | NBR | 2 IN | ASME B16.20,SEAL/GASKET,LUBRICANT,NBR,2 IN,,ASME B16.20,NOS,"{""connection_type"": """", ""construction"": """", ""end_type"": """", ""material"": """", ""material_family"": ""SEAL/GASKET"", ""material_grade"": ""NBR"", ""material_subtype"": """", ""material_type"": ""LUBRICANT"", ""nominal_size"": """", ""orientation"": """", ""pressure_class"": """", ""rating"": """", ""size"": ""2 IN"", ""specification"": ""ASME B16.20"", ""standard"": ""ASME B16.20"", ""unit"": ""NOS""}",BHEL;Coal India;IOCL;SAIL,4,VERIFIED_HARMONIZED,1.0,acb3e9ce1e73aeca4b6c8b75e01320928795902b637c7ce62df7cbd570d1e7b2,,,
CMM-SEALG-B639C0-001,CMM-SEALG-B639C0-001,SEAL/GASKET | LUBRICANT | VITON | 2 IN | ASME B16.20,SEAL/GASKET,LUBRICANT,VITON,2 IN,,ASME B16.20,NOS,"{""connection_type"": """", ""construction"": """", ""end_type"": """", ""material"": """", ""material_family"": ""SEAL/GASKET"", ""material_grade"": ""VITON"", ""material_subtype"": """", ""material_type"": ""LUBRICANT"", ""nominal_size"": """", ""orientation"": """", ""pressure_class"": """", ""rating"": """", ""size"": ""2 IN"", ""specification"": ""ASME B16.20"", ""standard"": ""ASME B16.20"", ""unit"": ""NOS""}",BHEL;HPCL;NMDC;ONGC,4,VERIFIED_HARMONIZED,1.0,b639c0db16b711f52998b23ca8c5627929b642ddc93ca5dbf3c78cb46bb26b02,,,
CMM-SEALG-C4821B-001,CMM-SEALG-C4821B-001,SEAL/GASKET | NBR | 2 IN | DIN 3760,SEAL/GASKET,,NBR,2 IN,,DIN 3760,NOS,"{""connection_type"": """", ""construction"": """", ""end_type"": """", ""material"": """", ""material_family"": ""SEAL/GASKET"", ""material_grade"": ""NBR"", ""material_subtype"": """", ""material_type"": """", ""nominal_size"": """", ""orientation"": """", ""pressure_class"": """", ""rating"": """", ""size"": ""2 IN"", ""specification"": ""DIN 3760"", ""standard"": """", ""unit"": ""NOS""}",BHEL;IOCL;SAIL,3,VERIFIED_HARMONIZED,1.0,c4821b7c2d07ad22602a32b3931bd41a9423d3a58cf15fb3cf41e3b29b4e4138,,,
CMM-SEALG-C5D451-001,CMM-SEALG-C5D451-001,SEAL/GASKET | NBR | 50 MM | DIN 3760,SEAL/GASKET,,NBR,50 MM,,DIN 3760,NOS,"{""connection_type"": """", ""construction"": """", ""end_type"": """", ""material"": """", ""material_family"": ""SEAL/GASKET"", ""material_grade"": ""NBR"", ""material_subtype"": """", ""material_type"": """", ""nominal_size"": """", ""orientation"": """", ""pressure_class"": """", ""rating"": """", ""size"": ""50 MM"", ""specification"": ""DIN 3760"", ""standard"": """", ""unit"": ""NOS""}",BHEL;Coal India;HPCL;IOCL;NMDC;SAIL,6,VERIFIED_HARMONIZED,1.0,c5d4510d2ae6b547cbd1d115855995dfce98ecbe843471280ee72688f7f05e6a,,,
CMM-SEALG-C65128-001,CMM-SEALG-C65128-001,SEAL/GASKET | SPIRAL WOUND GASKET | PTFE | 2 IN | API 682,SEAL/GASKET,SPIRAL WOUND GASKET,PTFE,2 IN,,API 682,NOS,"{""connection_type"": """", ""construction"": """", ""end_type"": """", ""material"": """", ""material_family"": ""SEAL/GASKET"", ""material_grade"": ""PTFE"", ""material_subtype"": """", ""material_type"": ""SPIRAL WOUND GASKET"", ""nominal_size"": """", ""orientation"": """", ""pressure_class"": """", ""rating"": """", ""size"": ""2 IN"", ""specification"": ""API 682"", ""standard"": ""API 682"", ""unit"": ""NOS""}",BHEL;Coal India;HPCL;IOCL;SAIL,5,VERIFIED_HARMONIZED,1.0,c651288ff98f832779fe89b48f8702d65f24c2ef6ea86ac1f921cb1353f87155,,,
CMM-SEALG-C69426-001,CMM-SEALG-C69426-001,SEAL/GASKET | LUBRICANT | NBR | 2 IN | API 682,SEAL/GASKET,LUBRICANT,NBR,2 IN,,API 682,NOS,"{""connection_type"": """", ""construction"": """", ""end_type"": """", ""material"": """", ""material_family"": ""SEAL/GASKET"", ""material_grade"": ""NBR"", ""material_subtype"": """", ""material_type"": ""LUBRICANT"", ""nominal_size"": """", ""orientation"": """", ""pressure_class"": """", ""rating"": """", ""size"": ""2 IN"", ""specification"": ""API 682"", ""standard"": ""API 682"", ""unit"": ""NOS""}",HPCL;NMDC;NTPC,3,VERIFIED_HARMONIZED,1.0,c6942626c461903066b3db688ba8e8e6694546283929b9dcf6ccb635e4f51546,,,
CMM-SEALG-C73A59-001,CMM-SEALG-C73A59-001,SEAL/GASKET | PTFE | 100 MM | ASME B16.20,SEAL/GASKET,,PTFE,100 MM,,ASME B16.20,NOS,"{""connection_type"": """", ""construction"": """", ""end_type"": """", ""material"": """", ""material_family"": ""SEAL/GASKET"", ""material_grade"": ""PTFE"", ""material_subtype"": """", ""material_type"": """", ""nominal_size"": """", ""orientation"": """", ""pressure_class"": """", ""rating"": """", ""size"": ""100 MM"", ""specification"": ""ASME B16.20"", ""standard"": ""ASME B16.20"", ""unit"": ""NOS""}",HPCL;SAIL,2,VERIFIED_HARMONIZED,1.0,c73a591ed0500e465f70729a121e8ee25c33fe6d0b7b5980f349a21ecdf5cb5b,,,
CMM-SEALG-C8045E-001,CMM-SEALG-C8045E-001,SEAL/GASKET | GRAPHITE | 100 MM | DIN 3760,SEAL/GASKET,,GRAPHITE,100 MM,,DIN 3760,NOS,"{""connection_type"": """", ""construction"": """", ""end_type"": """", ""material"": """", ""material_family"": ""SEAL/GASKET"", ""material_grade"": ""GRAPHITE"", ""material_subtype"": """", ""material_type"": """", ""nominal_size"": """", ""orientation"": """", ""pressure_class"": """", ""rating"": """", ""size"": ""100 MM"", ""specification"": ""DIN 3760"", ""standard"": """", ""unit"": ""NOS""}",BHEL;HPCL;NMDC,3,VERIFIED_HARMONIZED,1.0,c8045ea303a396c38dab4a1f3c885031a0730760d428019357157cd7ebd2e066,,,
CMM-SEALG-CE2B43-001,CMM-SEALG-CE2B43-001,SEAL/GASKET | PTFE | 2 IN | ASME B16.20,SEAL/GASKET,,PTFE,2 IN,,ASME B16.20,KG,"{""connection_type"": """", ""construction"": """", ""end_type"": """", ""material"": """", ""material_family"": ""SEAL/GASKET"", ""material_grade"": ""PTFE"", ""material_subtype"": """", ""material_type"": """", ""nominal_size"": """", ""orientation"": """", ""pressure_class"": """", ""rating"": """", ""size"": ""2 IN"", ""specification"": ""ASME B16.20"", ""standard"": ""ASME B16.20"", ""unit"": ""KG""}",NMDC;NTPC,2,VERIFIED_HARMONIZED,1.0,ce2b4361eedf58191d99b148dedf31af7ada4126e2a7336315eb3f6f80ae1d57,,,
CMM-SEALG-D89357-001,CMM-SEALG-D89357-001,SEAL/GASKET | LUBRICANT | PTFE | 65 MM | ASME B16.20,SEAL/GASKET,LUBRICANT,PTFE,65 MM,,ASME B16.20,NOS,"{""connection_type"": """", ""construction"": """", ""end_type"": """", ""material"": """", ""material_family"": ""SEAL/GASKET"", ""material_grade"": ""PTFE"", ""material_subtype"": """", ""material_type"": ""LUBRICANT"", ""nominal_size"": """", ""orientation"": """", ""pressure_class"": """", ""rating"": """", ""size"": ""65 MM"", ""specification"": ""ASME B16.20"", ""standard"": ""ASME B16.20"", ""unit"": ""NOS""}",HPCL;NMDC,2,VERIFIED_HARMONIZED,1.0,d893576081317ffb93629bdc45b49a8b53d8b3e0a989ec2574de73ebdda2208b,,,
CMM-SEALG-DB0B11-001,CMM-SEALG-DB0B11-001,SEAL/GASKET | NBR | 100 MM | ASME B16.20,SEAL/GASKET,,NBR,100 MM,,ASME B16.20,NOS,"{""connection_type"": """", ""construction"": """", ""end_type"": """", ""material"": """", ""material_family"": ""SEAL/GASKET"", ""material_grade"": ""NBR"", ""material_subtype"": """", ""material_type"": """", ""nominal_size"": """", ""orientation"": """", ""pressure_class"": """", ""rating"": """", ""size"": ""100 MM"", ""specification"": ""ASME B16.20"", ""standard"": ""ASME B16.20"", ""unit"": ""NOS""}",BHEL;Coal India;IOCL;NMDC;ONGC;SAIL,6,VERIFIED_HARMONIZED,1.0,db0b1124c64141dda5f68ce41691320545f0f1357186060b5d692c2d1f6b8c96,,,
CMM-SEALG-DE85AC-001,CMM-SEALG-DE85AC-001,SEAL/GASKET | PTFE | 65 MM | ASME B16.20,SEAL/GASKET,,PTFE,65 MM,,ASME B16.20,NOS,"{""connection_type"": """", ""construction"": """", ""end_type"": """", ""material"": """", ""material_family"": ""SEAL/GASKET"", ""material_grade"": ""PTFE"", ""material_subtype"": """", ""material_type"": """", ""nominal_size"": """", ""orientation"": """", ""pressure_class"": """", ""rating"": """", ""size"": ""65 MM"", ""specification"": ""ASME B16.20"", ""standard"": ""ASME B16.20"", ""unit"": ""NOS""}",HPCL;NMDC,2,VERIFIED_HARMONIZED,1.0,de85ac5f40ea57ab15dc356b6058f3fb55c943b9beba2befbd6db2c537b99a9c,,,
CMM-SEALG-DE8656-001,CMM-SEALG-DE8656-001,SEAL/GASKET | SPIRAL WOUND GASKET | VITON | 2 IN | ASME B16.20,SEAL/GASKET,SPIRAL WOUND GASKET,VITON,2 IN,,ASME B16.20,NOS,"{""connection_type"": """", ""construction"": """", ""end_type"": """", ""material"": """", ""material_family"": ""SEAL/GASKET"", ""material_grade"": ""VITON"", ""material_subtype"": """", ""material_type"": ""SPIRAL WOUND GASKET"", ""nominal_size"": """", ""orientation"": """", ""pressure_class"": """", ""rating"": """", ""size"": ""2 IN"", ""specification"": ""ASME B16.20"", ""standard"": ""ASME B16.20"", ""unit"": ""NOS""}",BHEL;IOCL;ONGC,3,VERIFIED_HARMONIZED,1.0,de8656b6fa47c3224a979de28acb20669155234413a8e41fa68e11689d73ba2e,,,
CMM-SEALG-E00177-001,CMM-SEALG-E00177-001,SEAL/GASKET | NBR | 2 IN | API 682,SEAL/GASKET,,NBR,2 IN,,API 682,NOS,"{""connection_type"": """", ""construction"": """", ""end_type"": """", ""material"": """", ""material_family"": ""SEAL/GASKET"", ""material_grade"": ""NBR"", ""material_subtype"": """", ""material_type"": """", ""nominal_size"": """", ""orientation"": """", ""pressure_class"": """", ""rating"": """", ""size"": ""2 IN"", ""specification"": ""API 682"", ""standard"": ""API 682"", ""unit"": ""NOS""}",HPCL;IOCL;NMDC;NTPC;SAIL,7,AMBIGUOUS_REVIEW_REQUIRED,1.0,e00177253e8f50634bf54daaf5d2bc0806dd6674bb181fc24b2c145681073907,,,
CMM-SEALG-E0C6E5-001,CMM-SEALG-E0C6E5-001,SEAL/GASKET | NBR | 100 MM | ASME B16.20,SEAL/GASKET,,NBR,100 MM,,ASME B16.20,NOS,"{""connection_type"": """", ""construction"": """", ""end_type"": """", ""material"": """", ""material_family"": ""SEAL/GASKET"", ""material_grade"": ""NBR"", ""material_subtype"": """", ""material_type"": """", ""nominal_size"": """", ""orientation"": """", ""pressure_class"": """", ""rating"": """", ""size"": ""100 MM"", ""specification"": ""ASME B16.20"", ""standard"": ""ASME B16.20"", ""unit"": ""NOS""}",HPCL;NMDC;SAIL,3,VERIFIED_HARMONIZED,1.0,e0c6e51e6af7ce93074c368bcb2d706a5590c606521df30e542d0db44f2408d7,,,
CMM-SEALG-E57A9D-001,CMM-SEALG-E57A9D-001,SEAL/GASKET | VITON | 65 MM | ASME B16.20,SEAL/GASKET,,VITON,65 MM,,ASME B16.20,NOS,"{""connection_type"": """", ""construction"": """", ""end_type"": """", ""material"": """", ""material_family"": ""SEAL/GASKET"", ""material_grade"": ""VITON"", ""material_subtype"": """", ""material_type"": """", ""nominal_size"": """", ""orientation"": """", ""pressure_class"": """", ""rating"": """", ""size"": ""65 MM"", ""specification"": ""ASME B16.20"", ""standard"": ""ASME B16.20"", ""unit"": ""NOS""}",IOCL;NTPC,2,VERIFIED_HARMONIZED,1.0,e57a9d9588dcf1de505c5086b65dacf4c582c732598b4f2ef29d3e31dfc8757c,,,
CMM-SEALG-E59C31-001,CMM-SEALG-E59C31-001,SEAL/GASKET | PTFE | 50 MM | API 682,SEAL/GASKET,,PTFE,50 MM,,API 682,KG,"{""connection_type"": """", ""construction"": """", ""end_type"": """", ""material"": """", ""material_family"": ""SEAL/GASKET"", ""material_grade"": ""PTFE"", ""material_subtype"": """", ""material_type"": """", ""nominal_size"": """", ""orientation"": """", ""pressure_class"": """", ""rating"": """", ""size"": ""50 MM"", ""specification"": ""API 682"", ""standard"": ""API 682"", ""unit"": ""KG""}",BHEL;ONGC,2,VERIFIED_HARMONIZED,1.0,e59c3159abf5aa867687c79fafa24749253cbdea18610815d8ef2c062d1ac658,,,
CMM-SEALG-E70970-001,CMM-SEALG-E70970-001,SEAL/GASKET | NBR | 100 MM | ASME B16.20,SEAL/GASKET,,NBR,100 MM,,ASME B16.20,NOS,"{""connection_type"": """", ""construction"": """", ""end_type"": """", ""material"": """", ""material_family"": ""SEAL/GASKET"", ""material_grade"": ""NBR"", ""material_subtype"": """", ""material_type"": """", ""nominal_size"": """", ""orientation"": """", ""pressure_class"": """", ""rating"": """", ""size"": ""100 MM"", ""specification"": ""ASME B16.20"", ""standard"": ""ASME B16.20"", ""unit"": ""NOS""}",HPCL;NMDC,2,VERIFIED_HARMONIZED,1.0,e70970e062022a5c0c30cff9f894eccd0aad399a5d25ace4836dbd56288f4ed1,,,
CMM-SEALG-E86469-001,CMM-SEALG-E86469-001,SEAL/GASKET | LUBRICANT | NBR | 50 MM | ASME B16.20,SEAL/GASKET,LUBRICANT,NBR,50 MM,,ASME B16.20,NOS,"{""connection_type"": """", ""construction"": """", ""end_type"": """", ""material"": """", ""material_family"": ""SEAL/GASKET"", ""material_grade"": ""NBR"", ""material_subtype"": """", ""material_type"": ""LUBRICANT"", ""nominal_size"": """", ""orientation"": """", ""pressure_class"": """", ""rating"": """", ""size"": ""50 MM"", ""specification"": ""ASME B16.20"", ""standard"": ""ASME B16.20"", ""unit"": ""NOS""}",BHEL;Coal India;HPCL,4,AMBIGUOUS_REVIEW_REQUIRED,1.0,e86469120e998d4a345d8a9ae9bb0a096067e96f280285d5d31a0789b1e1533b,,,
CMM-SEALG-EA0F9C-001,CMM-SEALG-EA0F9C-001,SEAL/GASKET | NBR | 2 IN | API 682,SEAL/GASKET,,NBR,2 IN,,API 682,KG,"{""connection_type"": """", ""construction"": """", ""end_type"": """", ""material"": """", ""material_family"": ""SEAL/GASKET"", ""material_grade"": ""NBR"", ""material_subtype"": """", ""material_type"": """", ""nominal_size"": """", ""orientation"": """", ""pressure_class"": """", ""rating"": """", ""size"": ""2 IN"", ""specification"": ""API 682"", ""standard"": ""API 682"", ""unit"": ""KG""}",Coal India;HPCL,2,VERIFIED_HARMONIZED,1.0,ea0f9c1e180d496fc6285ba6539ae05832e42ae4b374faed168ddaa4fc328e95,,,
CMM-SEALG-F01715-001,CMM-SEALG-F01715-001,SEAL/GASKET | PTFE | 65 MM | API 682,SEAL/GASKET,,PTFE,65 MM,,API 682,NOS,"{""connection_type"": """", ""construction"": """", ""end_type"": """", ""material"": """", ""material_family"": ""SEAL/GASKET"", ""material_grade"": ""PTFE"", ""material_subtype"": """", ""material_type"": """", ""nominal_size"": """", ""orientation"": """", ""pressure_class"": """", ""rating"": """", ""size"": ""65 MM"", ""specification"": ""API 682"", ""standard"": ""API 682"", ""unit"": ""NOS""}",BHEL;HPCL;SAIL,3,VERIFIED_HARMONIZED,1.0,f017159773cfcf9de17ba836993e3963c3998abf6077b4e39cfa3826040d2e2f,,,
CMM-SEALG-F13686-001,CMM-SEALG-F13686-001,SEAL/GASKET | SPIRAL WOUND GASKET | GRAPHITE | 100 MM | API 682,SEAL/GASKET,SPIRAL WOUND GASKET,GRAPHITE,100 MM,,API 682,NOS,"{""connection_type"": """", ""construction"": """", ""end_type"": """", ""material"": """", ""material_family"": ""SEAL/GASKET"", ""material_grade"": ""GRAPHITE"", ""material_subtype"": """", ""material_type"": ""SPIRAL WOUND GASKET"", ""nominal_size"": """", ""orientation"": """", ""pressure_class"": """", ""rating"": """", ""size"": ""100 MM"", ""specification"": ""API 682"", ""standard"": ""API 682"", ""unit"": ""NOS""}",BHEL;IOCL,2,VERIFIED_HARMONIZED,1.0,f1368671a741f383dac12ea006c1063bd62506270e9f6a556e65150833ec5a20,,,
CMM-SEALG-F19166-001,CMM-SEALG-F19166-001,SEAL/GASKET | GRAPHITE | 2 IN | DIN 3760,SEAL/GASKET,,GRAPHITE,2 IN,,DIN 3760,KG,"{""connection_type"": """", ""construction"": """", ""end_type"": """", ""material"": """", ""material_family"": ""SEAL/GASKET"", ""material_grade"": ""GRAPHITE"", ""material_subtype"": """", ""material_type"": """", ""nominal_size"": """", ""orientation"": """", ""pressure_class"": """", ""rating"": """", ""size"": ""2 IN"", ""specification"": ""DIN 3760"", ""standard"": """", ""unit"": ""KG""}",Coal India;ONGC,2,VERIFIED_HARMONIZED,1.0,f19166150f3bc09af39bf550c3d6cac73b3b21b3fe560df736531ab03506d1d6,,,
CMM-SEALG-F519D1-001,CMM-SEALG-F519D1-001,SEAL/GASKET | NBR | 100 MM | ASME B16.20,SEAL/GASKET,,NBR,100 MM,,ASME B16.20,NOS,"{""connection_type"": """", ""construction"": """", ""end_type"": """", ""material"": """", ""material_family"": ""SEAL/GASKET"", ""material_grade"": ""NBR"", ""material_subtype"": """", ""material_type"": """", ""nominal_size"": """", ""orientation"": """", ""pressure_class"": """", ""rating"": """", ""size"": ""100 MM"", ""specification"": ""ASME B16.20"", ""standard"": ""ASME B16.20"", ""unit"": ""NOS""}",BHEL;Coal India;HPCL,3,VERIFIED_HARMONIZED,1.0,f519d18dc64de85c2f3f518ffff2b47d6f13b17fb9634866c4f7c6dacda1f406,,,
CMM-SEALG-F69928-001,CMM-SEALG-F69928-001,SEAL/GASKET | SPIRAL WOUND GASKET | VITON | 2 IN | ASME B16.20,SEAL/GASKET,SPIRAL WOUND GASKET,VITON,2 IN,,ASME B16.20,NOS,"{""connection_type"": """", ""construction"": """", ""end_type"": """", ""material"": """", ""material_family"": ""SEAL/GASKET"", ""material_grade"": ""VITON"", ""material_subtype"": """", ""material_type"": ""SPIRAL WOUND GASKET"", ""nominal_size"": """", ""orientation"": """", ""pressure_class"": """", ""rating"": """", ""size"": ""2 IN"", ""specification"": ""ASME B16.20"", ""standard"": ""ASME B16.20"", ""unit"": ""NOS""}",Coal India;IOCL;NTPC;ONGC;SAIL,5,VERIFIED_HARMONIZED,1.0,f699280e6b25f0803395e433f0fa73a65b55025b3dd6663970407bf184770521,,,
CMM-SEALG-F69B1C-001,CMM-SEALG-F69B1C-001,SEAL/GASKET | LUBRICANT | VITON | 50 MM | ASME B16.20,SEAL/GASKET,LUBRICANT,VITON,50 MM,,ASME B16.20,NOS,"{""connection_type"": """", ""construction"": """", ""end_type"": """", ""material"": """", ""material_family"": ""SEAL/GASKET"", ""material_grade"": ""VITON"", ""material_subtype"": """", ""material_type"": ""LUBRICANT"", ""nominal_size"": """", ""orientation"": """", ""pressure_class"": """", ""rating"": """", ""size"": ""50 MM"", ""specification"": ""ASME B16.20"", ""standard"": ""ASME B16.20"", ""unit"": ""NOS""}",BHEL;HPCL;NMDC,3,VERIFIED_HARMONIZED,1.0,f69b1ca9be3db69922ef54b3057d9a98a4c0d59d877ccb982b7584b8af40d333,,,
CMM-SEALG-F7AAFE-001,CMM-SEALG-F7AAFE-001,SEAL/GASKET | NBR | 50 MM | API 682,SEAL/GASKET,,NBR,50 MM,,API 682,NOS,"{""connection_type"": """", ""construction"": """", ""end_type"": """", ""material"": """", ""material_family"": ""SEAL/GASKET"", ""material_grade"": ""NBR"", ""material_subtype"": """", ""material_type"": """", ""nominal_size"": """", ""orientation"": """", ""pressure_class"": """", ""rating"": """", ""size"": ""50 MM"", ""specification"": ""API 682"", ""standard"": ""API 682"", ""unit"": ""NOS""}",IOCL;NTPC,2,VERIFIED_HARMONIZED,1.0,f7aafe3806eaaedf68bcaca49c53105fe4c5c731ecc9d8a2311c07b03a557a6d,,,
CMM-SEALG-F9CB6E-001,CMM-SEALG-F9CB6E-001,SEAL/GASKET | NBR | 50 MM | ASME B16.20,SEAL/GASKET,,NBR,50 MM,,ASME B16.20,NOS,"{""connection_type"": """", ""construction"": """", ""end_type"": """", ""material"": """", ""material_family"": ""SEAL/GASKET"", ""material_grade"": ""NBR"", ""material_subtype"": """", ""material_type"": """", ""nominal_size"": """", ""orientation"": """", ""pressure_class"": """", ""rating"": """", ""size"": ""50 MM"", ""specification"": ""ASME B16.20"", ""standard"": ""ASME B16.20"", ""unit"": ""NOS""}",IOCL;SAIL,2,VERIFIED_HARMONIZED,1.0,f9cb6eb1a3be97b7545fb7f6bc5fbb1484e3cbb1adcef436c5f8d7dcbc891077,,,
CMM-SEALG-FB7539-001,CMM-SEALG-FB7539-001,SEAL/GASKET | GRAPHITE | 2 IN | DIN 3760,SEAL/GASKET,,GRAPHITE,2 IN,,DIN 3760,NOS,"{""connection_type"": """", ""construction"": """", ""end_type"": """", ""material"": """", ""material_family"": ""SEAL/GASKET"", ""material_grade"": ""GRAPHITE"", ""material_subtype"": """", ""material_type"": """", ""nominal_size"": """", ""orientation"": """", ""pressure_class"": """", ""rating"": """", ""size"": ""2 IN"", ""specification"": ""DIN 3760"", ""standard"": """", ""unit"": ""NOS""}",Coal India;ONGC,2,VERIFIED_HARMONIZED,1.0,fb75390ba4f19a5044240f91c0175f377a468512bf9956170b5636783e039b41,,,
CMM-VALVE-004822-001,CMM-VALVE-004822-001,VALVE | ASTM A217 C5 | 4 IN | API 599,VALVE,,ASTM A217 C5,4 IN,,API 599,NOS,"{""connection_type"": """", ""construction"": """", ""end_type"": """", ""material"": """", ""material_family"": ""VALVE"", ""material_grade"": ""ASTM A217 C5"", ""material_subtype"": """", ""material_type"": """", ""nominal_size"": """", ""orientation"": """", ""pressure_class"": """", ""rating"": """", ""size"": ""4 IN"", ""specification"": ""API 599"", ""standard"": ""API 599"", ""unit"": ""NOS""}",IOCL,1,STANDALONE_CANDIDATE,1.0,004822946b8501b7ed670e9c712cfab0bf796577afa084ac7bcb67d2b84ae8d9,,,
CMM-VALVE-00AA46-001,CMM-VALVE-00AA46-001,VALVE | ASTM A217 WC6 | 6 IN | ASME B16.34,VALVE,,ASTM A217 WC6,6 IN,,ASME B16.34,NOS,"{""connection_type"": """", ""construction"": """", ""end_type"": """", ""material"": """", ""material_family"": ""VALVE"", ""material_grade"": ""ASTM A217 WC6"", ""material_subtype"": """", ""material_type"": """", ""nominal_size"": """", ""orientation"": """", ""pressure_class"": """", ""rating"": """", ""size"": ""6 IN"", ""specification"": ""ASME B16.34"", ""standard"": ""ASME B16.34"", ""unit"": ""NOS""}",BHEL,1,STANDALONE_CANDIDATE,1.0,00aa4692d1d19d02a1225d3b58dbd9fc2e2354f52d2637eac4e4ae289ea96ab2,,,
CMM-VALVE-015BCD-001,CMM-VALVE-015BCD-001,VALVE | LCB | 1 IN | API 602,VALVE,,LCB,1 IN,,API 602,NOS,"{""connection_type"": """", ""construction"": """", ""end_type"": """", ""material"": """", ""material_family"": ""VALVE"", ""material_grade"": ""LCB"", ""material_subtype"": """", ""material_type"": """", ""nominal_size"": """", ""orientation"": """", ""pressure_class"": """", ""rating"": """", ""size"": ""1 IN"", ""specification"": ""API 602"", ""standard"": ""API 602"", ""unit"": ""NOS""}",HPCL;IOCL,2,VERIFIED_HARMONIZED,1.0,015bcdabe65e70202768fc7753ff0f4e540614a3eb94220c1f68839f6ff1632a,,,
CMM-VALVE-03FCA1-001,CMM-VALVE-03FCA1-001,VALVE | ASTM A217 WC6 | 6 IN | ASME B16.34,VALVE,,ASTM A217 WC6,6 IN,,ASME B16.34,NOS,"{""connection_type"": """", ""construction"": """", ""end_type"": """", ""material"": """", ""material_family"": ""VALVE"", ""material_grade"": ""ASTM A217 WC6"", ""material_subtype"": """", ""material_type"": """", ""nominal_size"": """", ""orientation"": """", ""pressure_class"": """", ""rating"": """", ""size"": ""6 IN"", ""specification"": ""ASME B16.34"", ""standard"": ""ASME B16.34"", ""unit"": ""NOS""}",BHEL,1,STANDALONE_CANDIDATE,1.0,03fca108fc9494fd4edfb7fc53bc2de9af5dd26655aa9f9fd4644024d99683fe,,,
CMM-VALVE-04D31B-001,CMM-VALVE-04D31B-001,VALVE | ASTM A217 WC6 | 6 IN | ASME B16.34,VALVE,,ASTM A217 WC6,6 IN,,ASME B16.34,NOS,"{""connection_type"": """", ""construction"": """", ""end_type"": """", ""material"": """", ""material_family"": ""VALVE"", ""material_grade"": ""ASTM A217 WC6"", ""material_subtype"": """", ""material_type"": """", ""nominal_size"": """", ""orientation"": """", ""pressure_class"": """", ""rating"": """", ""size"": ""6 IN"", ""specification"": ""ASME B16.34"", ""standard"": ""ASME B16.34"", ""unit"": ""NOS""}",BHEL,1,STANDALONE_CANDIDATE,1.0,04d31bd2d7289ee6e6f599ae0f267aef3142cf28cafbe13cc85278977dbf9567,,,
CMM-VALVE-05CA31-001,CMM-VALVE-05CA31-001,VALVE | ASTM A217 WC6 | 6 IN | ASME B16.34,VALVE,,ASTM A217 WC6,6 IN,,ASME B16.34,NOS,"{""connection_type"": """", ""construction"": """", ""end_type"": """", ""material"": """", ""material_family"": ""VALVE"", ""material_grade"": ""ASTM A217 WC6"", ""material_subtype"": """", ""material_type"": """", ""nominal_size"": """", ""orientation"": """", ""pressure_class"": """", ""rating"": """", ""size"": ""6 IN"", ""specification"": ""ASME B16.34"", ""standard"": ""ASME B16.34"", ""unit"": ""NOS""}",BHEL,1,STANDALONE_CANDIDATE,1.0,05ca31e06981beb3a279d2742a3e828105150e6fd07b7878f48ca98c2b597c1a,,,
CMM-VALVE-0728B9-001,CMM-VALVE-0728B9-001,VALVE | BUTTERFLY VALVE | ASTM A216 WCB | 4 IN | API 600,VALVE,BUTTERFLY VALVE,ASTM A216 WCB,4 IN,,API 600,NOS,"{""connection_type"": """", ""construction"": """", ""end_type"": """", ""material"": """", ""material_family"": ""VALVE"", ""material_grade"": ""ASTM A216 WCB"", ""material_subtype"": """", ""material_type"": ""BUTTERFLY VALVE"", ""nominal_size"": """", ""orientation"": """", ""pressure_class"": """", ""rating"": """", ""size"": ""4 IN"", ""specification"": ""API 600"", ""standard"": ""API 600"", ""unit"": ""NOS""}",BHEL;HPCL;IOCL;NMDC;NTPC,5,VERIFIED_HARMONIZED,1.0,0728b9822d100a8571e7e62c6080bf5af3b42bde9c6d33cb6f4b5a663f692463,,,
CMM-VALVE-0795E4-001,CMM-VALVE-0795E4-001,VALVE | ASTM A217 WC6 | 6 IN | ASME B16.34,VALVE,,ASTM A217 WC6,6 IN,,ASME B16.34,NOS,"{""connection_type"": """", ""construction"": """", ""end_type"": """", ""material"": """", ""material_family"": ""VALVE"", ""material_grade"": ""ASTM A217 WC6"", ""material_subtype"": """", ""material_type"": """", ""nominal_size"": """", ""orientation"": """", ""pressure_class"": """", ""rating"": """", ""size"": ""6 IN"", ""specification"": ""ASME B16.34"", ""standard"": ""ASME B16.34"", ""unit"": ""NOS""}",BHEL,1,STANDALONE_CANDIDATE,1.0,0795e4f496939682d2c64c2370384a282f805e0f61b2e0cc24fd916e067a9f63,,,
CMM-VALVE-07E359-001,CMM-VALVE-07E359-001,VALVE | ASTM A217 WC6 | 6 IN | ASME B16.34,VALVE,,ASTM A217 WC6,6 IN,,ASME B16.34,NOS,"{""connection_type"": """", ""construction"": """", ""end_type"": """", ""material"": """", ""material_family"": ""VALVE"", ""material_grade"": ""ASTM A217 WC6"", ""material_subtype"": """", ""material_type"": """", ""nominal_size"": """", ""orientation"": """", ""pressure_class"": """", ""rating"": """", ""size"": ""6 IN"", ""specification"": ""ASME B16.34"", ""standard"": ""ASME B16.34"", ""unit"": ""NOS""}",BHEL,1,STANDALONE_CANDIDATE,1.0,07e35994715dc57028a0c2db9be4d30631dd3f6c14a3abd7151f7b20ea8ae396,,,
CMM-VALVE-088997-001,CMM-VALVE-088997-001,VALVE | ASTM A217 WC6 | 6 IN | ASME B16.34,VALVE,,ASTM A217 WC6,6 IN,,ASME B16.34,NOS,"{""connection_type"": """", ""construction"": """", ""end_type"": """", ""material"": """", ""material_family"": ""VALVE"", ""material_grade"": ""ASTM A217 WC6"", ""material_subtype"": """", ""material_type"": """", ""nominal_size"": """", ""orientation"": """", ""pressure_class"": """", ""rating"": """", ""size"": ""6 IN"", ""specification"": ""ASME B16.34"", ""standard"": ""ASME B16.34"", ""unit"": ""NOS""}",BHEL,1,STANDALONE_CANDIDATE,1.0,088997d2bcbb7067664268ca999e60fa14d6fa585c4d1da343fabae1eb5ca2d5,,,
CMM-VALVE-0A2366-001,CMM-VALVE-0A2366-001,VALVE | CHECK VALVE | SS 316 | DN 50 | API 598,VALVE,CHECK VALVE,SS 316,DN 50,,API 598,NOS,"{""connection_type"": """", ""construction"": """", ""end_type"": """", ""material"": ""STAINLESS STEEL"", ""material_family"": ""VALVE"", ""material_grade"": ""SS 316"", ""material_subtype"": """", ""material_type"": ""CHECK VALVE"", ""nominal_size"": """", ""orientation"": """", ""pressure_class"": """", ""rating"": """", ""size"": ""DN 50"", ""specification"": ""API 598"", ""standard"": ""API 598"", ""unit"": ""NOS""}",HPCL,1,STANDALONE_CANDIDATE,1.0,0a236691b182c5f894dad36239e1a83ac3524d91dc02eb76595e6c06fac83572,,,
CMM-VALVE-0BF561-001,CMM-VALVE-0BF561-001,VALVE | ASTM A351 CF8M | DN 50 | ASTM A351,VALVE,,ASTM A351 CF8M,DN 50,,ASTM A351,NOS,"{""connection_type"": """", ""construction"": """", ""end_type"": """", ""material"": """", ""material_family"": ""VALVE"", ""material_grade"": ""ASTM A351 CF8M"", ""material_subtype"": """", ""material_type"": """", ""nominal_size"": """", ""orientation"": """", ""pressure_class"": """", ""rating"": """", ""size"": ""DN 50"", ""specification"": ""BS 1873"", ""standard"": ""ASTM A351"", ""unit"": ""NOS""}",Coal India;HPCL;IOCL;NTPC;ONGC,5,VERIFIED_HARMONIZED,1.0,0bf561a610ec69db18e242b878ece52907977ad7063de521093e69564430169b,,,
CMM-VALVE-11A303-001,CMM-VALVE-11A303-001,VALVE | ASTM A217 C5 | 4 IN | API 599,VALVE,,ASTM A217 C5,4 IN,,API 599,NOS,"{""connection_type"": """", ""construction"": """", ""end_type"": """", ""material"": """", ""material_family"": ""VALVE"", ""material_grade"": ""ASTM A217 C5"", ""material_subtype"": """", ""material_type"": """", ""nominal_size"": """", ""orientation"": """", ""pressure_class"": """", ""rating"": """", ""size"": ""4 IN"", ""specification"": ""API 599"", ""standard"": ""API 599"", ""unit"": ""NOS""}",IOCL,1,STANDALONE_CANDIDATE,1.0,11a303f4204268b7a89ad977ed44b89f88d376f55fc9b4b1f821201b5a51bd28,,,
CMM-VALVE-11ED70-001,CMM-VALVE-11ED70-001,VALVE | ASTM A217 WC6 | 6 IN | ASME B16.34,VALVE,,ASTM A217 WC6,6 IN,,ASME B16.34,NOS,"{""connection_type"": """", ""construction"": """", ""end_type"": """", ""material"": """", ""material_family"": ""VALVE"", ""material_grade"": ""ASTM A217 WC6"", ""material_subtype"": """", ""material_type"": """", ""nominal_size"": """", ""orientation"": """", ""pressure_class"": """", ""rating"": """", ""size"": ""6 IN"", ""specification"": ""ASME B16.34"", ""standard"": ""ASME B16.34"", ""unit"": ""NOS""}",BHEL,1,STANDALONE_CANDIDATE,1.0,11ed706974e700d7ca9d94b3c17d1db113e17bdb104b8565b2221e0a1ba7f406,,,
CMM-VALVE-11F993-001,CMM-VALVE-11F993-001,VALVE | GATE VALVE | SS 316 | 4 IN | API 600,VALVE,GATE VALVE,SS 316,4 IN,,API 600,NOS,"{""connection_type"": """", ""construction"": """", ""end_type"": """", ""material"": ""STAINLESS STEEL"", ""material_family"": ""VALVE"", ""material_grade"": ""SS 316"", ""material_subtype"": """", ""material_type"": ""GATE VALVE"", ""nominal_size"": """", ""orientation"": """", ""pressure_class"": """", ""rating"": """", ""size"": ""4 IN"", ""specification"": ""API 600"", ""standard"": ""API 600"", ""unit"": ""NOS""}",BHEL;Coal India;HPCL;IOCL;NTPC;ONGC,6,VERIFIED_HARMONIZED,1.0,11f99378dab0d0602688137366a95f4489ec8a47ea63ef0f3c2752c74841c89f,,,
CMM-VALVE-130EE9-001,CMM-VALVE-130EE9-001,VALVE | CHECK VALVE | SS 304 | DN 50 | API 598,VALVE,CHECK VALVE,SS 304,DN 50,,API 598,NOS,"{""connection_type"": """", ""construction"": """", ""end_type"": """", ""material"": ""STAINLESS STEEL"", ""material_family"": ""VALVE"", ""material_grade"": ""SS 304"", ""material_subtype"": """", ""material_type"": ""CHECK VALVE"", ""nominal_size"": """", ""orientation"": """", ""pressure_class"": """", ""rating"": """", ""size"": ""DN 50"", ""specification"": ""API 598"", ""standard"": ""API 598"", ""unit"": ""NOS""}",IOCL,1,STANDALONE_CANDIDATE,1.0,130ee9dd03ad2725b13e3ec1fd385c1b4b5b0a46a5774d445da23a719c14c1bd,,,
CMM-VALVE-166070-001,CMM-VALVE-166070-001,VALVE | BUTTERFLY VALVE | LCB | DN 100 | API 600,VALVE,BUTTERFLY VALVE,LCB,DN 100,,API 600,NOS,"{""connection_type"": """", ""construction"": """", ""end_type"": """", ""material"": """", ""material_family"": ""VALVE"", ""material_grade"": ""LCB"", ""material_subtype"": """", ""material_type"": ""BUTTERFLY VALVE"", ""nominal_size"": """", ""orientation"": """", ""pressure_class"": """", ""rating"": """", ""size"": ""DN 100"", ""specification"": ""API 600"", ""standard"": ""API 600"", ""unit"": ""NOS""}",BHEL;Coal India,2,VERIFIED_HARMONIZED,1.0,166070eb39f8b4da43618dac8b2b436ddbff413a4e5f9f872649aaec24365e35,,,
CMM-VALVE-179147-001,CMM-VALVE-179147-001,VALVE | ASTM A217 WC6 | 6 IN | ASME B16.34,VALVE,,ASTM A217 WC6,6 IN,,ASME B16.34,NOS,"{""connection_type"": """", ""construction"": """", ""end_type"": """", ""material"": """", ""material_family"": ""VALVE"", ""material_grade"": ""ASTM A217 WC6"", ""material_subtype"": """", ""material_type"": """", ""nominal_size"": """", ""orientation"": """", ""pressure_class"": """", ""rating"": """", ""size"": ""6 IN"", ""specification"": ""ASME B16.34"", ""standard"": ""ASME B16.34"", ""unit"": ""NOS""}",BHEL,1,STANDALONE_CANDIDATE,1.0,179147d2f9271d33404a7806ca7a3d14c3520953e87234bbf196b69d533d1cba,,,
CMM-VALVE-182E2E-001,CMM-VALVE-182E2E-001,VALVE | ASTM A217 WC6 | 6 IN | ASME B16.34,VALVE,,ASTM A217 WC6,6 IN,,ASME B16.34,NOS,"{""connection_type"": """", ""construction"": """", ""end_type"": """", ""material"": """", ""material_family"": ""VALVE"", ""material_grade"": ""ASTM A217 WC6"", ""material_subtype"": """", ""material_type"": """", ""nominal_size"": """", ""orientation"": """", ""pressure_class"": """", ""rating"": """", ""size"": ""6 IN"", ""specification"": ""ASME B16.34"", ""standard"": ""ASME B16.34"", ""unit"": ""NOS""}",BHEL,1,STANDALONE_CANDIDATE,1.0,182e2e86338fc58b8fa45e75d961b2cfab385472821ad75a5c8dc7f1a88a7afc,,,
CMM-VALVE-1B2E88-001,CMM-VALVE-1B2E88-001,VALVE | BUTTERFLY VALVE | SS 316 | 4 IN | API 598,VALVE,BUTTERFLY VALVE,SS 316,4 IN,,API 598,NOS,"{""connection_type"": """", ""construction"": """", ""end_type"": """", ""material"": ""STAINLESS STEEL"", ""material_family"": ""VALVE"", ""material_grade"": ""SS 316"", ""material_subtype"": """", ""material_type"": ""BUTTERFLY VALVE"", ""nominal_size"": """", ""orientation"": """", ""pressure_class"": """", ""rating"": """", ""size"": ""4 IN"", ""specification"": ""API 598"", ""standard"": ""API 598"", ""unit"": ""NOS""}",NMDC,1,STANDALONE_CANDIDATE,1.0,1b2e8895b980c0238813824b7c54423ca7cd3eed452d937055ced3ffc3caa2e6,,,
CMM-VALVE-1B731F-001,CMM-VALVE-1B731F-001,VALVE | BUTTERFLY VALVE | SS 316 | 1 IN | API 598,VALVE,BUTTERFLY VALVE,SS 316,1 IN,,API 598,NOS,"{""connection_type"": """", ""construction"": """", ""end_type"": """", ""material"": ""STAINLESS STEEL"", ""material_family"": ""VALVE"", ""material_grade"": ""SS 316"", ""material_subtype"": """", ""material_type"": ""BUTTERFLY VALVE"", ""nominal_size"": """", ""orientation"": """", ""pressure_class"": """", ""rating"": """", ""size"": ""1 IN"", ""specification"": ""API 598"", ""standard"": ""API 598"", ""unit"": ""NOS""}",BHEL,1,STANDALONE_CANDIDATE,1.0,1b731fd4d9a15eb84636ba7e82ccfa0eca734f180f74f9cd98d722bb592d7849,,,
CMM-VALVE-1D219B-001,CMM-VALVE-1D219B-001,VALVE | ASTM A217 C5 | 4 IN | API 599,VALVE,,ASTM A217 C5,4 IN,,API 599,NOS,"{""connection_type"": """", ""construction"": """", ""end_type"": """", ""material"": """", ""material_family"": ""VALVE"", ""material_grade"": ""ASTM A217 C5"", ""material_subtype"": """", ""material_type"": """", ""nominal_size"": """", ""orientation"": """", ""pressure_class"": """", ""rating"": """", ""size"": ""4 IN"", ""specification"": ""API 599"", ""standard"": ""API 599"", ""unit"": ""NOS""}",IOCL,1,STANDALONE_CANDIDATE,1.0,1d219bd1b6e7b8108785190b501f05832abb166f83f2bc23ebbaec48858e3f22,,,
CMM-VALVE-1D70F9-001,CMM-VALVE-1D70F9-001,VALVE | BALL VALVE | SS 304 | 6 IN | API 602,VALVE,BALL VALVE,SS 304,6 IN,,API 602,NOS,"{""connection_type"": """", ""construction"": """", ""end_type"": """", ""material"": ""STAINLESS STEEL"", ""material_family"": ""VALVE"", ""material_grade"": ""SS 304"", ""material_subtype"": """", ""material_type"": ""BALL VALVE"", ""nominal_size"": """", ""orientation"": """", ""pressure_class"": """", ""rating"": """", ""size"": ""6 IN"", ""specification"": ""API 602"", ""standard"": ""API 602"", ""unit"": ""NOS""}",BHEL;HPCL;NMDC;NTPC,4,VERIFIED_HARMONIZED,1.0,1d70f9cff0f8ef57a4f391bb1231254206aa631de670d0aa85e9e0020d01d709,,,
CMM-VALVE-1E20BF-001,CMM-VALVE-1E20BF-001,VALVE | GATE VALVE | ASTM A351 CF8M | 1 IN | API 602,VALVE,GATE VALVE,ASTM A351 CF8M,1 IN,,API 602,NOS,"{""connection_type"": """", ""construction"": """", ""end_type"": """", ""material"": """", ""material_family"": ""VALVE"", ""material_grade"": ""ASTM A351 CF8M"", ""material_subtype"": """", ""material_type"": ""GATE VALVE"", ""nominal_size"": """", ""orientation"": """", ""pressure_class"": """", ""rating"": """", ""size"": ""1 IN"", ""specification"": ""API 602"", ""standard"": ""API 602"", ""unit"": ""NOS""}",NTPC,1,STANDALONE_CANDIDATE,1.0,1e20bf2001fd99ff523f25089104d7692443cddaf23eb3a511a872320fe6567c,,,
CMM-VALVE-20A119-001,CMM-VALVE-20A119-001,VALVE | ASTM A217 C5 | 4 IN | API 599,VALVE,,ASTM A217 C5,4 IN,,API 599,NOS,"{""connection_type"": """", ""construction"": """", ""end_type"": """", ""material"": """", ""material_family"": ""VALVE"", ""material_grade"": ""ASTM A217 C5"", ""material_subtype"": """", ""material_type"": """", ""nominal_size"": """", ""orientation"": """", ""pressure_class"": """", ""rating"": """", ""size"": ""4 IN"", ""specification"": ""API 599"", ""standard"": ""API 599"", ""unit"": ""NOS""}",IOCL,1,STANDALONE_CANDIDATE,1.0,20a1198fabd822a2f918bae3b4cf1b7d5e60269ad716e92ca8fd2c22b10108a5,,,
CMM-VALVE-2204A8-001,CMM-VALVE-2204A8-001,VALVE | GATE VALVE | LCB | 2 IN | BS 1873,VALVE,GATE VALVE,LCB,2 IN,,BS 1873,NOS,"{""connection_type"": """", ""construction"": """", ""end_type"": """", ""material"": """", ""material_family"": ""VALVE"", ""material_grade"": ""LCB"", ""material_subtype"": """", ""material_type"": ""GATE VALVE"", ""nominal_size"": """", ""orientation"": """", ""pressure_class"": """", ""rating"": """", ""size"": ""2 IN"", ""specification"": ""BS 1873"", ""standard"": """", ""unit"": ""NOS""}",NTPC;ONGC,2,VERIFIED_HARMONIZED,1.0,2204a84dfe62212c6e6700573caa4393bc094c168da3d53e91bac194cf20f991,,,
CMM-VALVE-23562D-001,CMM-VALVE-23562D-001,VALVE | BALL VALVE | ASTM A216 WCB | DN 100 | ASME B16.34,VALVE,BALL VALVE,ASTM A216 WCB,DN 100,,ASME B16.34,NOS,"{""connection_type"": """", ""construction"": """", ""end_type"": """", ""material"": """", ""material_family"": ""VALVE"", ""material_grade"": ""ASTM A216 WCB"", ""material_subtype"": """", ""material_type"": ""BALL VALVE"", ""nominal_size"": """", ""orientation"": """", ""pressure_class"": """", ""rating"": """", ""size"": ""DN 100"", ""specification"": ""ASME B16.34"", ""standard"": ""ASME B16.34"", ""unit"": ""NOS""}",BHEL,1,STANDALONE_CANDIDATE,1.0,23562d246a63b5e5575338f825b5f2eda5029432df64cdb7c04945ef6b877d93,,,
CMM-VALVE-239051-001,CMM-VALVE-239051-001,VALVE | BALL VALVE | ASTM A351 CF8M | 1 IN | API 600,VALVE,BALL VALVE,ASTM A351 CF8M,1 IN,,API 600,NOS,"{""connection_type"": """", ""construction"": """", ""end_type"": """", ""material"": """", ""material_family"": ""VALVE"", ""material_grade"": ""ASTM A351 CF8M"", ""material_subtype"": """", ""material_type"": ""BALL VALVE"", ""nominal_size"": """", ""orientation"": """", ""pressure_class"": """", ""rating"": """", ""size"": ""1 IN"", ""specification"": ""API 600"", ""standard"": ""API 600"", ""unit"": ""NOS""}",NMDC,1,STANDALONE_CANDIDATE,1.0,2390515db87b505ef5bb8628ff1f2530cab52470b8d004b1a363f65fd2459e57,,,
CMM-VALVE-24B4BF-001,CMM-VALVE-24B4BF-001,VALVE | ASTM A216 WCB | 1/2 IN | API 598,VALVE,,ASTM A216 WCB,1/2 IN,,API 598,NOS,"{""connection_type"": """", ""construction"": """", ""end_type"": """", ""material"": """", ""material_family"": ""VALVE"", ""material_grade"": ""ASTM A216 WCB"", ""material_subtype"": """", ""material_type"": """", ""nominal_size"": """", ""orientation"": """", ""pressure_class"": """", ""rating"": """", ""size"": ""1/2 IN"", ""specification"": ""API 598"", ""standard"": ""API 598"", ""unit"": ""NOS""}",Coal India;IOCL;NTPC;ONGC;SAIL,5,VERIFIED_HARMONIZED,1.0,24b4bfbd374d572fd609b34ca510283d79a1840fdeeb78addedf4049cc489584,,,
CMM-VALVE-26431B-001,CMM-VALVE-26431B-001,VALVE | GLOBE VALVE | ASTM A216 WCB | DN 50 | API 600,VALVE,GLOBE VALVE,ASTM A216 WCB,DN 50,,API 600,NOS,"{""connection_type"": """", ""construction"": """", ""end_type"": """", ""material"": """", ""material_family"": ""VALVE"", ""material_grade"": ""ASTM A216 WCB"", ""material_subtype"": """", ""material_type"": ""GLOBE VALVE"", ""nominal_size"": """", ""orientation"": """", ""pressure_class"": """", ""rating"": """", ""size"": ""DN 50"", ""specification"": ""API 600"", ""standard"": ""API 600"", ""unit"": ""NOS""}",IOCL,1,STANDALONE_CANDIDATE,1.0,26431b3786bfe77c31f3dab6b7c5b3ce6c12b97c258c482e7130c0293d63fb58,,,
CMM-VALVE-26DA83-001,CMM-VALVE-26DA83-001,VALVE | ASTM A217 C5 | 4 IN | API 599,VALVE,,ASTM A217 C5,4 IN,,API 599,NOS,"{""connection_type"": """", ""construction"": """", ""end_type"": """", ""material"": """", ""material_family"": ""VALVE"", ""material_grade"": ""ASTM A217 C5"", ""material_subtype"": """", ""material_type"": """", ""nominal_size"": """", ""orientation"": """", ""pressure_class"": """", ""rating"": """", ""size"": ""4 IN"", ""specification"": ""API 599"", ""standard"": ""API 599"", ""unit"": ""NOS""}",IOCL,1,STANDALONE_CANDIDATE,1.0,26da83ad53b6f989beab89fa4d4359d7db845f29102d9396ef897202c2204648,,,
CMM-VALVE-2872B3-001,CMM-VALVE-2872B3-001,VALVE | ASTM A217 WC6 | 6 IN | ASME B16.34,VALVE,,ASTM A217 WC6,6 IN,,ASME B16.34,NOS,"{""connection_type"": """", ""construction"": """", ""end_type"": """", ""material"": """", ""material_family"": ""VALVE"", ""material_grade"": ""ASTM A217 WC6"", ""material_subtype"": """", ""material_type"": """", ""nominal_size"": """", ""orientation"": """", ""pressure_class"": """", ""rating"": """", ""size"": ""6 IN"", ""specification"": ""ASME B16.34"", ""standard"": ""ASME B16.34"", ""unit"": ""NOS""}",BHEL,1,STANDALONE_CANDIDATE,1.0,2872b360a7e6144065b2d0c813ee0c004141c4a211d4115588089e86f54eacb3,,,
CMM-VALVE-28F35A-001,CMM-VALVE-28F35A-001,VALVE | ASTM A217 WC6 | 6 IN | ASME B16.34,VALVE,,ASTM A217 WC6,6 IN,,ASME B16.34,NOS,"{""connection_type"": """", ""construction"": """", ""end_type"": """", ""material"": """", ""material_family"": ""VALVE"", ""material_grade"": ""ASTM A217 WC6"", ""material_subtype"": """", ""material_type"": """", ""nominal_size"": """", ""orientation"": """", ""pressure_class"": """", ""rating"": """", ""size"": ""6 IN"", ""specification"": ""ASME B16.34"", ""standard"": ""ASME B16.34"", ""unit"": ""NOS""}",BHEL,1,STANDALONE_CANDIDATE,1.0,28f35ac81f2e23266832fa046d5f453cfcfa7dee0595b008d5095bc5500301f7,,,
CMM-VALVE-2C542C-001,CMM-VALVE-2C542C-001,VALVE | GLOBE VALVE | SS 316 | 4 IN | API 600,VALVE,GLOBE VALVE,SS 316,4 IN,,API 600,NOS,"{""connection_type"": """", ""construction"": """", ""end_type"": """", ""material"": ""STAINLESS STEEL"", ""material_family"": ""VALVE"", ""material_grade"": ""SS 316"", ""material_subtype"": """", ""material_type"": ""GLOBE VALVE"", ""nominal_size"": """", ""orientation"": """", ""pressure_class"": """", ""rating"": """", ""size"": ""4 IN"", ""specification"": ""API 600"", ""standard"": ""API 600"", ""unit"": ""NOS""}",IOCL,1,STANDALONE_CANDIDATE,1.0,2c542cba06631c07db43f51d7e7e46f1143d6506d4a69a1765287ae045eb25c1,,,
CMM-VALVE-2EBF9F-001,CMM-VALVE-2EBF9F-001,VALVE | GLOBE VALVE | ASTM A216 WCB | 2 IN | ASME B16.34,VALVE,GLOBE VALVE,ASTM A216 WCB,2 IN,,ASME B16.34,NOS,"{""connection_type"": """", ""construction"": """", ""end_type"": """", ""material"": """", ""material_family"": ""VALVE"", ""material_grade"": ""ASTM A216 WCB"", ""material_subtype"": """", ""material_type"": ""GLOBE VALVE"", ""nominal_size"": """", ""orientation"": """", ""pressure_class"": """", ""rating"": """", ""size"": ""2 IN"", ""specification"": ""ASME B16.34"", ""standard"": ""ASME B16.34"", ""unit"": ""NOS""}",IOCL,1,STANDALONE_CANDIDATE,1.0,2ebf9f89331a6f4feec85ac341b23d561f541d658cfc9297a78f7c9374f81ac1,,,
CMM-VALVE-2F6D87-001,CMM-VALVE-2F6D87-001,VALVE | GATE VALVE | ASTM A216 WCB | 1 IN | API 602,VALVE,GATE VALVE,ASTM A216 WCB,1 IN,,API 602,NOS,"{""connection_type"": """", ""construction"": """", ""end_type"": """", ""material"": """", ""material_family"": ""VALVE"", ""material_grade"": ""ASTM A216 WCB"", ""material_subtype"": """", ""material_type"": ""GATE VALVE"", ""nominal_size"": """", ""orientation"": """", ""pressure_class"": """", ""rating"": """", ""size"": ""1 IN"", ""specification"": ""API 602"", ""standard"": ""API 602"", ""unit"": ""NOS""}",ONGC,1,STANDALONE_CANDIDATE,1.0,2f6d8728d3aee9252b3e6a3c7c7fa3f61b387ddd7691c50ad62a4bd633ff09b0,,,
CMM-VALVE-33655F-001,CMM-VALVE-33655F-001,VALVE | ASTM A217 WC6 | 6 IN | ASME B16.34,VALVE,,ASTM A217 WC6,6 IN,,ASME B16.34,NOS,"{""connection_type"": """", ""construction"": """", ""end_type"": """", ""material"": """", ""material_family"": ""VALVE"", ""material_grade"": ""ASTM A217 WC6"", ""material_subtype"": """", ""material_type"": """", ""nominal_size"": """", ""orientation"": """", ""pressure_class"": """", ""rating"": """", ""size"": ""6 IN"", ""specification"": ""ASME B16.34"", ""standard"": ""ASME B16.34"", ""unit"": ""NOS""}",BHEL,1,STANDALONE_CANDIDATE,1.0,33655f7c02474e34094a85df750ff3a84d05e74d341c0fc7bb4068b3accd87a0,,,
CMM-VALVE-33C142-001,CMM-VALVE-33C142-001,VALVE | ASTM A217 WC6 | 6 IN | ASME B16.34,VALVE,,ASTM A217 WC6,6 IN,,ASME B16.34,NOS,"{""connection_type"": """", ""construction"": """", ""end_type"": """", ""material"": """", ""material_family"": ""VALVE"", ""material_grade"": ""ASTM A217 WC6"", ""material_subtype"": """", ""material_type"": """", ""nominal_size"": """", ""orientation"": """", ""pressure_class"": """", ""rating"": """", ""size"": ""6 IN"", ""specification"": ""ASME B16.34"", ""standard"": ""ASME B16.34"", ""unit"": ""NOS""}",BHEL,1,STANDALONE_CANDIDATE,1.0,33c142934dd3ec413a45e4984add2b6e6c20695c67ab6c54522f81913f0738a5,,,
CMM-VALVE-398CB2-001,CMM-VALVE-398CB2-001,VALVE | ASTM A182 F22 | 2 IN | API 6A,VALVE,,ASTM A182 F22,2 IN,,API 6A,NOS,"{""connection_type"": """", ""construction"": """", ""end_type"": """", ""material"": """", ""material_family"": ""VALVE"", ""material_grade"": ""ASTM A182 F22"", ""material_subtype"": """", ""material_type"": """", ""nominal_size"": """", ""orientation"": """", ""pressure_class"": """", ""rating"": """", ""size"": ""2 IN"", ""specification"": ""API 6A"", ""standard"": ""API 6A"", ""unit"": ""NOS""}",ONGC,1,STANDALONE_CANDIDATE,1.0,398cb23a0c5c9c8f4072e62b01292720788d1e2cc487323da7a3725302ae4f35,,,
CMM-VALVE-3C1BCA-001,CMM-VALVE-3C1BCA-001,VALVE | GATE VALVE | ASTM A216 WCB | 1/2 IN | API 600,VALVE,GATE VALVE,ASTM A216 WCB,1/2 IN,,API 600,NOS,"{""connection_type"": """", ""construction"": """", ""end_type"": """", ""material"": """", ""material_family"": ""VALVE"", ""material_grade"": ""ASTM A216 WCB"", ""material_subtype"": """", ""material_type"": ""GATE VALVE"", ""nominal_size"": """", ""orientation"": """", ""pressure_class"": """", ""rating"": """", ""size"": ""1/2 IN"", ""specification"": ""API 600"", ""standard"": ""API 600"", ""unit"": ""NOS""}",HPCL;IOCL,2,VERIFIED_HARMONIZED,1.0,3c1bca6f88957b1114c23deeb411bba56d5123637d5ea295e13a2a894e276074,,,
CMM-VALVE-3C3B28-001,CMM-VALVE-3C3B28-001,VALVE | CHECK VALVE | SS 316 | 1/2 IN | API 600,VALVE,CHECK VALVE,SS 316,1/2 IN,,API 600,NOS,"{""connection_type"": """", ""construction"": """", ""end_type"": """", ""material"": ""STAINLESS STEEL"", ""material_family"": ""VALVE"", ""material_grade"": ""SS 316"", ""material_subtype"": """", ""material_type"": ""CHECK VALVE"", ""nominal_size"": """", ""orientation"": """", ""pressure_class"": """", ""rating"": """", ""size"": ""1/2 IN"", ""specification"": ""API 600"", ""standard"": ""API 600"", ""unit"": ""NOS""}",BHEL;IOCL;NMDC,3,VERIFIED_HARMONIZED,1.0,3c3b2870a1d256b9e87f59f56c91760882a129857b92ceafee02576c9f4673c4,,,
CMM-VALVE-3EAE08-001,CMM-VALVE-3EAE08-001,VALVE | BALL VALVE | SS 316 | 6 IN | API 600,VALVE,BALL VALVE,SS 316,6 IN,,API 600,NOS,"{""connection_type"": """", ""construction"": """", ""end_type"": """", ""material"": ""STAINLESS STEEL"", ""material_family"": ""VALVE"", ""material_grade"": ""SS 316"", ""material_subtype"": """", ""material_type"": ""BALL VALVE"", ""nominal_size"": """", ""orientation"": """", ""pressure_class"": """", ""rating"": """", ""size"": ""6 IN"", ""specification"": ""API 600"", ""standard"": ""API 600"", ""unit"": ""NOS""}",ONGC,1,STANDALONE_CANDIDATE,1.0,3eae0871a51f459e7b6ae3bc3a3290d5cfbbc4224579e6a8c9edb020f883dfa4,,,
CMM-VALVE-3F77ED-001,CMM-VALVE-3F77ED-001,VALVE | SS 316 | DN 50 | ASME B16.34,VALVE,,SS 316,DN 50,,ASME B16.34,NOS,"{""connection_type"": """", ""construction"": """", ""end_type"": """", ""material"": ""STAINLESS STEEL"", ""material_family"": ""VALVE"", ""material_grade"": ""SS 316"", ""material_subtype"": """", ""material_type"": """", ""nominal_size"": """", ""orientation"": """", ""pressure_class"": """", ""rating"": """", ""size"": ""DN 50"", ""specification"": ""ASME B16.34"", ""standard"": ""ASME B16.34"", ""unit"": ""NOS""}",SAIL,1,STANDALONE_CANDIDATE,1.0,3f77ed449931e164e43d05735505cbe11eee7a12c488eeb65a42954014adc393,,,
CMM-VALVE-4ADB47-001,CMM-VALVE-4ADB47-001,VALVE | BALL VALVE | ASTM A351 CF8M | 2 IN | ASME B16.34,VALVE,BALL VALVE,ASTM A351 CF8M,2 IN,,ASME B16.34,NOS,"{""connection_type"": """", ""construction"": """", ""end_type"": """", ""material"": """", ""material_family"": ""VALVE"", ""material_grade"": ""ASTM A351 CF8M"", ""material_subtype"": """", ""material_type"": ""BALL VALVE"", ""nominal_size"": """", ""orientation"": """", ""pressure_class"": """", ""rating"": """", ""size"": ""2 IN"", ""specification"": ""ASME B16.34"", ""standard"": ""ASME B16.34"", ""unit"": ""NOS""}",SAIL,1,STANDALONE_CANDIDATE,1.0,4adb47488c86349c23cfb0965159e546da19faa7a9b05a50a9e2471235bb1a03,,,
CMM-VALVE-4B0806-001,CMM-VALVE-4B0806-001,VALVE | GLOBE VALVE | SS 316 | 4 IN | ASME B16.34,VALVE,GLOBE VALVE,SS 316,4 IN,,ASME B16.34,NOS,"{""connection_type"": """", ""construction"": """", ""end_type"": """", ""material"": ""STAINLESS STEEL"", ""material_family"": ""VALVE"", ""material_grade"": ""SS 316"", ""material_subtype"": """", ""material_type"": ""GLOBE VALVE"", ""nominal_size"": """", ""orientation"": """", ""pressure_class"": """", ""rating"": """", ""size"": ""4 IN"", ""specification"": ""ASME B16.34"", ""standard"": ""ASME B16.34"", ""unit"": ""NOS""}",BHEL;Coal India;HPCL;NTPC;ONGC,5,VERIFIED_HARMONIZED,1.0,4b08065a54268d5e71c81814b175c7a4a1047e648e5647c12a687039788a0cfa,,,
CMM-VALVE-4BBEE1-001,CMM-VALVE-4BBEE1-001,VALVE | CHECK VALVE | ASTM A216 WCB | DN 100 | API 600,VALVE,CHECK VALVE,ASTM A216 WCB,DN 100,,API 600,NOS,"{""connection_type"": """", ""construction"": """", ""end_type"": """", ""material"": """", ""material_family"": ""VALVE"", ""material_grade"": ""ASTM A216 WCB"", ""material_subtype"": """", ""material_type"": ""CHECK VALVE"", ""nominal_size"": """", ""orientation"": """", ""pressure_class"": """", ""rating"": """", ""size"": ""DN 100"", ""specification"": ""API 600"", ""standard"": ""API 600"", ""unit"": ""NOS""}",BHEL;ONGC;SAIL,3,VERIFIED_HARMONIZED,1.0,4bbee19dcaec9bd79321a41b8944fbbff89d8bec5631ca5d4e6bad2258ac29b8,,,
CMM-VALVE-4BC61E-001,CMM-VALVE-4BC61E-001,VALVE | ASTM A217 C5 | 4 IN | API 599,VALVE,,ASTM A217 C5,4 IN,,API 599,NOS,"{""connection_type"": """", ""construction"": """", ""end_type"": """", ""material"": """", ""material_family"": ""VALVE"", ""material_grade"": ""ASTM A217 C5"", ""material_subtype"": """", ""material_type"": """", ""nominal_size"": """", ""orientation"": """", ""pressure_class"": """", ""rating"": """", ""size"": ""4 IN"", ""specification"": ""API 599"", ""standard"": ""API 599"", ""unit"": ""NOS""}",IOCL,1,STANDALONE_CANDIDATE,1.0,4bc61e68461bc7d835b2e062426fa1e829fdd38e62295003372f95e922097450,,,
CMM-VALVE-4BEFDB-001,CMM-VALVE-4BEFDB-001,VALVE | ASTM A217 C5 | 4 IN | API 599,VALVE,,ASTM A217 C5,4 IN,,API 599,NOS,"{""connection_type"": """", ""construction"": """", ""end_type"": """", ""material"": """", ""material_family"": ""VALVE"", ""material_grade"": ""ASTM A217 C5"", ""material_subtype"": """", ""material_type"": """", ""nominal_size"": """", ""orientation"": """", ""pressure_class"": """", ""rating"": """", ""size"": ""4 IN"", ""specification"": ""API 599"", ""standard"": ""API 599"", ""unit"": ""NOS""}",IOCL,1,STANDALONE_CANDIDATE,1.0,4befdbc050a0081fdc6772bebcaa94826957ddb1f88cee7b97eaff949beab47f,,,
CMM-VALVE-4D6188-001,CMM-VALVE-4D6188-001,VALVE | ASTM A217 WC6 | 6 IN | ASME B16.34,VALVE,,ASTM A217 WC6,6 IN,,ASME B16.34,NOS,"{""connection_type"": """", ""construction"": """", ""end_type"": """", ""material"": """", ""material_family"": ""VALVE"", ""material_grade"": ""ASTM A217 WC6"", ""material_subtype"": """", ""material_type"": """", ""nominal_size"": """", ""orientation"": """", ""pressure_class"": """", ""rating"": """", ""size"": ""6 IN"", ""specification"": ""ASME B16.34"", ""standard"": ""ASME B16.34"", ""unit"": ""NOS""}",BHEL,1,STANDALONE_CANDIDATE,1.0,4d6188d585f13a067279f6d1d6372381fe5934b16c08f385637d2cdc3be36a23,,,
CMM-VALVE-50C761-001,CMM-VALVE-50C761-001,VALVE | ASTM A182 F22 | 2 IN | API 6A,VALVE,,ASTM A182 F22,2 IN,,API 6A,NOS,"{""connection_type"": """", ""construction"": """", ""end_type"": """", ""material"": """", ""material_family"": ""VALVE"", ""material_grade"": ""ASTM A182 F22"", ""material_subtype"": """", ""material_type"": """", ""nominal_size"": """", ""orientation"": """", ""pressure_class"": """", ""rating"": """", ""size"": ""2 IN"", ""specification"": ""API 6A"", ""standard"": ""API 6A"", ""unit"": ""NOS""}",ONGC,1,STANDALONE_CANDIDATE,1.0,50c76119c318bf3f119a795b6562145186c2a47dc765546250534fd6b178c248,,,
CMM-VALVE-524070-001,CMM-VALVE-524070-001,VALVE | BALL VALVE | LCB | 2 IN | ASME B16.34,VALVE,BALL VALVE,LCB,2 IN,,ASME B16.34,NOS,"{""connection_type"": """", ""construction"": """", ""end_type"": """", ""material"": """", ""material_family"": ""VALVE"", ""material_grade"": ""LCB"", ""material_subtype"": """", ""material_type"": ""BALL VALVE"", ""nominal_size"": """", ""orientation"": """", ""pressure_class"": """", ""rating"": """", ""size"": ""2 IN"", ""specification"": ""ASME B16.34"", ""standard"": ""ASME B16.34"", ""unit"": ""NOS""}",NTPC;ONGC,2,VERIFIED_HARMONIZED,1.0,524070575e977a6b35fd1ba05586aff20f8dae558e285b01bb45767d8bd5c7bf,,,
CMM-VALVE-52B0D6-001,CMM-VALVE-52B0D6-001,VALVE | ASTM A182 F22 | 2 IN | API 6A,VALVE,,ASTM A182 F22,2 IN,,API 6A,NOS,"{""connection_type"": """", ""construction"": """", ""end_type"": """", ""material"": """", ""material_family"": ""VALVE"", ""material_grade"": ""ASTM A182 F22"", ""material_subtype"": """", ""material_type"": """", ""nominal_size"": """", ""orientation"": """", ""pressure_class"": """", ""rating"": """", ""size"": ""2 IN"", ""specification"": ""API 6A"", ""standard"": ""API 6A"", ""unit"": ""NOS""}",ONGC,1,STANDALONE_CANDIDATE,1.0,52b0d6f6e21a98d9cdb083fffa6bc3ad3441d8df8b472ec35524fd564d34f628,,,
CMM-VALVE-544738-001,CMM-VALVE-544738-001,VALVE | CHECK VALVE | ASTM A216 WCB | DN 50 | API 600,VALVE,CHECK VALVE,ASTM A216 WCB,DN 50,,API 600,NOS,"{""connection_type"": """", ""construction"": """", ""end_type"": """", ""material"": """", ""material_family"": ""VALVE"", ""material_grade"": ""ASTM A216 WCB"", ""material_subtype"": """", ""material_type"": ""CHECK VALVE"", ""nominal_size"": """", ""orientation"": """", ""pressure_class"": """", ""rating"": """", ""size"": ""DN 50"", ""specification"": ""API 600"", ""standard"": ""API 600"", ""unit"": ""NOS""}",BHEL;NMDC,2,VERIFIED_HARMONIZED,1.0,5447384063cb2f24a09fe62bb0fe6fa66bcb282dbb9963111e94db38975cbb37,,,
CMM-VALVE-54515F-001,CMM-VALVE-54515F-001,VALVE | ASTM A217 WC6 | 6 IN | ASME B16.34,VALVE,,ASTM A217 WC6,6 IN,,ASME B16.34,NOS,"{""connection_type"": """", ""construction"": """", ""end_type"": """", ""material"": """", ""material_family"": ""VALVE"", ""material_grade"": ""ASTM A217 WC6"", ""material_subtype"": """", ""material_type"": """", ""nominal_size"": """", ""orientation"": """", ""pressure_class"": """", ""rating"": """", ""size"": ""6 IN"", ""specification"": ""ASME B16.34"", ""standard"": ""ASME B16.34"", ""unit"": ""NOS""}",BHEL,1,STANDALONE_CANDIDATE,1.0,54515f1f329bfaa47eb3403e344efb2adad4b831f95c70a9a92260d2ef3e08ca,,,
CMM-VALVE-5610F0-001,CMM-VALVE-5610F0-001,VALVE | ASTM A217 C5 | 4 IN | API 599,VALVE,,ASTM A217 C5,4 IN,,API 599,NOS,"{""connection_type"": """", ""construction"": """", ""end_type"": """", ""material"": """", ""material_family"": ""VALVE"", ""material_grade"": ""ASTM A217 C5"", ""material_subtype"": """", ""material_type"": """", ""nominal_size"": """", ""orientation"": """", ""pressure_class"": """", ""rating"": """", ""size"": ""4 IN"", ""specification"": ""API 599"", ""standard"": ""API 599"", ""unit"": ""NOS""}",IOCL,1,STANDALONE_CANDIDATE,1.0,5610f088e8df4892bee10eb18d9188ab72ceab95fad8e23439661e26a22d9508,,,
CMM-VALVE-562AC3-001,CMM-VALVE-562AC3-001,VALVE | BALL VALVE | ASTM A216 WCB | 2 IN | ASME B16.34,VALVE,BALL VALVE,ASTM A216 WCB,2 IN,,ASME B16.34,NOS,"{""connection_type"": """", ""construction"": """", ""end_type"": """", ""material"": """", ""material_family"": ""VALVE"", ""material_grade"": ""ASTM A216 WCB"", ""material_subtype"": """", ""material_type"": ""BALL VALVE"", ""nominal_size"": """", ""orientation"": """", ""pressure_class"": """", ""rating"": """", ""size"": ""2 IN"", ""specification"": ""ASME B16.34"", ""standard"": ""ASME B16.34"", ""unit"": ""NOS""}",Coal India,1,STANDALONE_CANDIDATE,1.0,562ac3e04d2d4a0d1816911f9d7fd206e15225533d41cb9cb98f068d7ef908c9,,,
CMM-VALVE-563FF3-001,CMM-VALVE-563FF3-001,VALVE | ASTM A217 WC6 | 6 IN | ASME B16.34,VALVE,,ASTM A217 WC6,6 IN,,ASME B16.34,NOS,"{""connection_type"": """", ""construction"": """", ""end_type"": """", ""material"": """", ""material_family"": ""VALVE"", ""material_grade"": ""ASTM A217 WC6"", ""material_subtype"": """", ""material_type"": """", ""nominal_size"": """", ""orientation"": """", ""pressure_class"": """", ""rating"": """", ""size"": ""6 IN"", ""specification"": ""ASME B16.34"", ""standard"": ""ASME B16.34"", ""unit"": ""NOS""}",BHEL,1,STANDALONE_CANDIDATE,1.0,563ff3843414d5ecba44d4aa6d6ed3c21b510b20cd24de5a38083c4c3ae6e44b,,,
CMM-VALVE-56BE43-001,CMM-VALVE-56BE43-001,VALVE | ASTM A217 WC6 | 6 IN | ASME B16.34,VALVE,,ASTM A217 WC6,6 IN,,ASME B16.34,NOS,"{""connection_type"": """", ""construction"": """", ""end_type"": """", ""material"": """", ""material_family"": ""VALVE"", ""material_grade"": ""ASTM A217 WC6"", ""material_subtype"": """", ""material_type"": """", ""nominal_size"": """", ""orientation"": """", ""pressure_class"": """", ""rating"": """", ""size"": ""6 IN"", ""specification"": ""ASME B16.34"", ""standard"": ""ASME B16.34"", ""unit"": ""NOS""}",BHEL,1,STANDALONE_CANDIDATE,1.0,56be430682f079f6f35fc82d39608af7ed0e481b9a2b10474bc129e2a557acd4,,,
CMM-VALVE-59DBB8-001,CMM-VALVE-59DBB8-001,VALVE | CHECK VALVE | SS 316 | 4 IN | BS 1873,VALVE,CHECK VALVE,SS 316,4 IN,,BS 1873,NOS,"{""connection_type"": """", ""construction"": """", ""end_type"": """", ""material"": ""STAINLESS STEEL"", ""material_family"": ""VALVE"", ""material_grade"": ""SS 316"", ""material_subtype"": """", ""material_type"": ""CHECK VALVE"", ""nominal_size"": """", ""orientation"": """", ""pressure_class"": """", ""rating"": """", ""size"": ""4 IN"", ""specification"": ""BS 1873"", ""standard"": """", ""unit"": ""NOS""}",Coal India,1,STANDALONE_CANDIDATE,1.0,59dbb85f3fcb05dd964ebaa50c481d104fe1926119be9b46528b03316656db1a,,,
CMM-VALVE-5A0730-001,CMM-VALVE-5A0730-001,VALVE | CHECK VALVE | SS 304 | 4 IN | BS 1873,VALVE,CHECK VALVE,SS 304,4 IN,,BS 1873,NOS,"{""connection_type"": """", ""construction"": """", ""end_type"": """", ""material"": ""STAINLESS STEEL"", ""material_family"": ""VALVE"", ""material_grade"": ""SS 304"", ""material_subtype"": """", ""material_type"": ""CHECK VALVE"", ""nominal_size"": """", ""orientation"": """", ""pressure_class"": """", ""rating"": """", ""size"": ""4 IN"", ""specification"": ""BS 1873"", ""standard"": """", ""unit"": ""NOS""}",ONGC,1,STANDALONE_CANDIDATE,1.0,5a073082285bcd2ffac908d1f14366abedabc952b85868ab1a145fddcdc5b886,,,
CMM-VALVE-5B0612-001,CMM-VALVE-5B0612-001,VALVE | ASTM A217 C5 | 4 IN | API 599,VALVE,,ASTM A217 C5,4 IN,,API 599,NOS,"{""connection_type"": """", ""construction"": """", ""end_type"": """", ""material"": """", ""material_family"": ""VALVE"", ""material_grade"": ""ASTM A217 C5"", ""material_subtype"": """", ""material_type"": """", ""nominal_size"": """", ""orientation"": """", ""pressure_class"": """", ""rating"": """", ""size"": ""4 IN"", ""specification"": ""API 599"", ""standard"": ""API 599"", ""unit"": ""NOS""}",IOCL,1,STANDALONE_CANDIDATE,1.0,5b06125cd37f491bf66df06033d0638327c47967a518c838b0d86a95aade1953,,,
CMM-VALVE-5B12C3-001,CMM-VALVE-5B12C3-001,VALVE | ASTM A217 WC6 | 6 IN | ASME B16.34,VALVE,,ASTM A217 WC6,6 IN,,ASME B16.34,NOS,"{""connection_type"": """", ""construction"": """", ""end_type"": """", ""material"": """", ""material_family"": ""VALVE"", ""material_grade"": ""ASTM A217 WC6"", ""material_subtype"": """", ""material_type"": """", ""nominal_size"": """", ""orientation"": """", ""pressure_class"": """", ""rating"": """", ""size"": ""6 IN"", ""specification"": ""ASME B16.34"", ""standard"": ""ASME B16.34"", ""unit"": ""NOS""}",BHEL,1,STANDALONE_CANDIDATE,1.0,5b12c310b8d32901443341f892e5b66496ddb09c35d5bb26c685fe2bb01c1ad8,,,
CMM-VALVE-5D3ADC-001,CMM-VALVE-5D3ADC-001,VALVE | GLOBE VALVE | ASTM A216 WCB | 1 IN | ASME B16.34,VALVE,GLOBE VALVE,ASTM A216 WCB,1 IN,,ASME B16.34,NOS,"{""connection_type"": """", ""construction"": """", ""end_type"": """", ""material"": """", ""material_family"": ""VALVE"", ""material_grade"": ""ASTM A216 WCB"", ""material_subtype"": """", ""material_type"": ""GLOBE VALVE"", ""nominal_size"": """", ""orientation"": """", ""pressure_class"": """", ""rating"": """", ""size"": ""1 IN"", ""specification"": ""ASME B16.34"", ""standard"": ""ASME B16.34"", ""unit"": ""NOS""}",NMDC;NTPC,2,VERIFIED_HARMONIZED,1.0,5d3adca8056676204559d714ba2f2bc7d69e0ab579735bcffbdc93c05ae4d1af,,,
CMM-VALVE-5DCD57-001,CMM-VALVE-5DCD57-001,VALVE | GLOBE VALVE | LCB | DN 150 | API 602,VALVE,GLOBE VALVE,LCB,DN 150,,API 602,NOS,"{""connection_type"": """", ""construction"": """", ""end_type"": """", ""material"": """", ""material_family"": ""VALVE"", ""material_grade"": ""LCB"", ""material_subtype"": """", ""material_type"": ""GLOBE VALVE"", ""nominal_size"": """", ""orientation"": """", ""pressure_class"": """", ""rating"": """", ""size"": ""DN 150"", ""specification"": ""API 602"", ""standard"": ""API 602"", ""unit"": ""NOS""}",NMDC;NTPC,2,VERIFIED_HARMONIZED,1.0,5dcd57fa470faebb06a0a4dc2443c69a886ff02355f18213a45a2325fc59ffae,,,
CMM-VALVE-5F2785-001,CMM-VALVE-5F2785-001,VALVE | ASTM A217 C5 | 4 IN | API 599,VALVE,,ASTM A217 C5,4 IN,,API 599,NOS,"{""connection_type"": """", ""construction"": """", ""end_type"": """", ""material"": """", ""material_family"": ""VALVE"", ""material_grade"": ""ASTM A217 C5"", ""material_subtype"": """", ""material_type"": """", ""nominal_size"": """", ""orientation"": """", ""pressure_class"": """", ""rating"": """", ""size"": ""4 IN"", ""specification"": ""API 599"", ""standard"": ""API 599"", ""unit"": ""NOS""}",IOCL,1,STANDALONE_CANDIDATE,1.0,5f27852cba798779a14c1a0e1311257e68538864d9015772acf45840343c206d,,,
CMM-VALVE-609631-001,CMM-VALVE-609631-001,VALVE | BALL VALVE | SS 316 | 4 IN | BS 1873,VALVE,BALL VALVE,SS 316,4 IN,,BS 1873,NOS,"{""connection_type"": """", ""construction"": """", ""end_type"": """", ""material"": ""STAINLESS STEEL"", ""material_family"": ""VALVE"", ""material_grade"": ""SS 316"", ""material_subtype"": """", ""material_type"": ""BALL VALVE"", ""nominal_size"": """", ""orientation"": """", ""pressure_class"": """", ""rating"": """", ""size"": ""4 IN"", ""specification"": ""BS 1873"", ""standard"": """", ""unit"": ""NOS""}",Coal India;IOCL;ONGC,3,VERIFIED_HARMONIZED,1.0,60963182cb27ee8895daddecad62b17037f308c6685490bb12146b7d70f63884,,,
CMM-VALVE-63A8B7-001,CMM-VALVE-63A8B7-001,VALVE | GATE VALVE | SS 316 | 2 IN | API 602,VALVE,GATE VALVE,SS 316,2 IN,,API 602,NOS,"{""connection_type"": """", ""construction"": """", ""end_type"": """", ""material"": ""STAINLESS STEEL"", ""material_family"": ""VALVE"", ""material_grade"": ""SS 316"", ""material_subtype"": """", ""material_type"": ""GATE VALVE"", ""nominal_size"": """", ""orientation"": """", ""pressure_class"": """", ""rating"": """", ""size"": ""2 IN"", ""specification"": ""API 602"", ""standard"": ""API 602"", ""unit"": ""NOS""}",NMDC,1,STANDALONE_CANDIDATE,1.0,63a8b7d526d5c7f100551ab25fcddaf89639b9c87383d9e24c6a94edeb532fb0,,,
CMM-VALVE-63EE87-001,CMM-VALVE-63EE87-001,VALVE | ASTM A182 F22 | 2 IN | API 6A,VALVE,,ASTM A182 F22,2 IN,,API 6A,NOS,"{""connection_type"": """", ""construction"": """", ""end_type"": """", ""material"": """", ""material_family"": ""VALVE"", ""material_grade"": ""ASTM A182 F22"", ""material_subtype"": """", ""material_type"": """", ""nominal_size"": """", ""orientation"": """", ""pressure_class"": """", ""rating"": """", ""size"": ""2 IN"", ""specification"": ""API 6A"", ""standard"": ""API 6A"", ""unit"": ""NOS""}",ONGC,1,STANDALONE_CANDIDATE,1.0,63ee87648f5b27ca88c06a3c16c7fca472ccc30d505ff1e817e0c40a7fda67aa,,,
CMM-VALVE-64A03A-001,CMM-VALVE-64A03A-001,VALVE | BALL VALVE | ASTM A351 CF8M | DN 100 | ASME B16.34,VALVE,BALL VALVE,ASTM A351 CF8M,DN 100,,ASME B16.34,NOS,"{""connection_type"": """", ""construction"": """", ""end_type"": """", ""material"": """", ""material_family"": ""VALVE"", ""material_grade"": ""ASTM A351 CF8M"", ""material_subtype"": """", ""material_type"": ""BALL VALVE"", ""nominal_size"": """", ""orientation"": """", ""pressure_class"": """", ""rating"": """", ""size"": ""DN 100"", ""specification"": ""ASME B16.34"", ""standard"": ""ASME B16.34"", ""unit"": ""NOS""}",SAIL,1,STANDALONE_CANDIDATE,1.0,64a03a6177033886b13e602b63937451258225163fa2a2d43a14dcd017e9afca,,,
CMM-VALVE-654368-001,CMM-VALVE-654368-001,VALVE | ASTM A217 C5 | 4 IN | API 599,VALVE,,ASTM A217 C5,4 IN,,API 599,NOS,"{""connection_type"": """", ""construction"": """", ""end_type"": """", ""material"": """", ""material_family"": ""VALVE"", ""material_grade"": ""ASTM A217 C5"", ""material_subtype"": """", ""material_type"": """", ""nominal_size"": """", ""orientation"": """", ""pressure_class"": """", ""rating"": """", ""size"": ""4 IN"", ""specification"": ""API 599"", ""standard"": ""API 599"", ""unit"": ""NOS""}",IOCL,1,STANDALONE_CANDIDATE,1.0,654368ceaa2296128164d19e607a9becd0dc2632d804ba02234725d348f3e01a,,,
CMM-VALVE-669987-001,CMM-VALVE-669987-001,VALVE | ASTM A182 F22 | 2 IN | API 6A,VALVE,,ASTM A182 F22,2 IN,,API 6A,NOS,"{""connection_type"": """", ""construction"": """", ""end_type"": """", ""material"": """", ""material_family"": ""VALVE"", ""material_grade"": ""ASTM A182 F22"", ""material_subtype"": """", ""material_type"": """", ""nominal_size"": """", ""orientation"": """", ""pressure_class"": """", ""rating"": """", ""size"": ""2 IN"", ""specification"": ""API 6A"", ""standard"": ""API 6A"", ""unit"": ""NOS""}",ONGC,1,STANDALONE_CANDIDATE,1.0,669987f0bef45fd80087d586aba8beb83f228e4a9b5863acfdb6a67c16edb49c,,,
CMM-VALVE-66AEAC-001,CMM-VALVE-66AEAC-001,VALVE | CHECK VALVE | ASTM A216 WCB | DN 50 | API 600,VALVE,CHECK VALVE,ASTM A216 WCB,DN 50,,API 600,NOS,"{""connection_type"": """", ""construction"": """", ""end_type"": """", ""material"": """", ""material_family"": ""VALVE"", ""material_grade"": ""ASTM A216 WCB"", ""material_subtype"": """", ""material_type"": ""CHECK VALVE"", ""nominal_size"": """", ""orientation"": """", ""pressure_class"": """", ""rating"": """", ""size"": ""DN 50"", ""specification"": ""API 600"", ""standard"": ""API 600"", ""unit"": ""NOS""}",BHEL;Coal India;ONGC;SAIL,5,AMBIGUOUS_REVIEW_REQUIRED,1.0,66aeac57aaaa0517e200b42751c4ea86d37aa2b97f1d09bf13806302a3a3fc62,,,
CMM-VALVE-68C9CD-001,CMM-VALVE-68C9CD-001,VALVE | BUTTERFLY VALVE | LCB | 2 IN | ASME B16.34,VALVE,BUTTERFLY VALVE,LCB,2 IN,,ASME B16.34,NOS,"{""connection_type"": """", ""construction"": """", ""end_type"": """", ""material"": """", ""material_family"": ""VALVE"", ""material_grade"": ""LCB"", ""material_subtype"": """", ""material_type"": ""BUTTERFLY VALVE"", ""nominal_size"": """", ""orientation"": """", ""pressure_class"": """", ""rating"": """", ""size"": ""2 IN"", ""specification"": ""ASME B16.34"", ""standard"": ""ASME B16.34"", ""unit"": ""NOS""}",BHEL;Coal India;HPCL,3,VERIFIED_HARMONIZED,1.0,68c9cd21ba6a205f93f1012a5256f20c9c98002d10bca96dadeeab76783d75b4,,,
CMM-VALVE-6A29EA-001,CMM-VALVE-6A29EA-001,VALVE | GATE VALVE | SS 316 | 1/2 IN | ASME B16.34,VALVE,GATE VALVE,SS 316,1/2 IN,,ASME B16.34,NOS,"{""connection_type"": """", ""construction"": """", ""end_type"": """", ""material"": ""STAINLESS STEEL"", ""material_family"": ""VALVE"", ""material_grade"": ""SS 316"", ""material_subtype"": """", ""material_type"": ""GATE VALVE"", ""nominal_size"": """", ""orientation"": """", ""pressure_class"": """", ""rating"": """", ""size"": ""1/2 IN"", ""specification"": ""ASME B16.34"", ""standard"": ""ASME B16.34"", ""unit"": ""NOS""}",Coal India,1,STANDALONE_CANDIDATE,1.0,6a29ea0a53d234b5b3869d903a71af63cf150874920e40aac12259e12774e2a0,,,
CMM-VALVE-6B0728-001,CMM-VALVE-6B0728-001,VALVE | ASTM A217 C5 | 4 IN | API 599,VALVE,,ASTM A217 C5,4 IN,,API 599,NOS,"{""connection_type"": """", ""construction"": """", ""end_type"": """", ""material"": """", ""material_family"": ""VALVE"", ""material_grade"": ""ASTM A217 C5"", ""material_subtype"": """", ""material_type"": """", ""nominal_size"": """", ""orientation"": """", ""pressure_class"": """", ""rating"": """", ""size"": ""4 IN"", ""specification"": ""API 599"", ""standard"": ""API 599"", ""unit"": ""NOS""}",IOCL,1,STANDALONE_CANDIDATE,1.0,6b072816c4d52afdd91ea5a240960ac336bd8eff60afdc3ab2deb00c4cf802ed,,,
CMM-VALVE-6BCCE1-001,CMM-VALVE-6BCCE1-001,VALVE | ASTM A217 C5 | 4 IN | API 599,VALVE,,ASTM A217 C5,4 IN,,API 599,NOS,"{""connection_type"": """", ""construction"": """", ""end_type"": """", ""material"": """", ""material_family"": ""VALVE"", ""material_grade"": ""ASTM A217 C5"", ""material_subtype"": """", ""material_type"": """", ""nominal_size"": """", ""orientation"": """", ""pressure_class"": """", ""rating"": """", ""size"": ""4 IN"", ""specification"": ""API 599"", ""standard"": ""API 599"", ""unit"": ""NOS""}",IOCL,1,STANDALONE_CANDIDATE,1.0,6bcce162a9821c4a06afdb4b064eafcde4496b131cada6071a941b447a21d625,,,
CMM-VALVE-6D7FC6-001,CMM-VALVE-6D7FC6-001,VALVE | BALL VALVE | ASTM A351 CF8M | DN 150 | API 602,VALVE,BALL VALVE,ASTM A351 CF8M,DN 150,,API 602,NOS,"{""connection_type"": """", ""construction"": """", ""end_type"": """", ""material"": """", ""material_family"": ""VALVE"", ""material_grade"": ""ASTM A351 CF8M"", ""material_subtype"": """", ""material_type"": ""BALL VALVE"", ""nominal_size"": """", ""orientation"": """", ""pressure_class"": """", ""rating"": """", ""size"": ""DN 150"", ""specification"": ""API 602"", ""standard"": ""API 602"", ""unit"": ""NOS""}",BHEL;HPCL;IOCL;NTPC;ONGC;SAIL,6,VERIFIED_HARMONIZED,1.0,6d7fc67604e743e3e049b79b49f6c95b38d29035cce1348aa036f349016db17b,,,
CMM-VALVE-6EA46A-001,CMM-VALVE-6EA46A-001,VALVE | ASTM A182 F22 | 2 IN | API 6A,VALVE,,ASTM A182 F22,2 IN,,API 6A,NOS,"{""connection_type"": """", ""construction"": """", ""end_type"": """", ""material"": """", ""material_family"": ""VALVE"", ""material_grade"": ""ASTM A182 F22"", ""material_subtype"": """", ""material_type"": """", ""nominal_size"": """", ""orientation"": """", ""pressure_class"": """", ""rating"": """", ""size"": ""2 IN"", ""specification"": ""API 6A"", ""standard"": ""API 6A"", ""unit"": ""NOS""}",ONGC,1,STANDALONE_CANDIDATE,1.0,6ea46a33465a763382b02f312a165a473b19f6d3be6ed1c6c985f1c486e8da27,,,
CMM-VALVE-6EC00D-001,CMM-VALVE-6EC00D-001,VALVE | ASTM A217 WC6 | 6 IN | ASME B16.34,VALVE,,ASTM A217 WC6,6 IN,,ASME B16.34,NOS,"{""connection_type"": """", ""construction"": """", ""end_type"": """", ""material"": """", ""material_family"": ""VALVE"", ""material_grade"": ""ASTM A217 WC6"", ""material_subtype"": """", ""material_type"": """", ""nominal_size"": """", ""orientation"": """", ""pressure_class"": """", ""rating"": """", ""size"": ""6 IN"", ""specification"": ""ASME B16.34"", ""standard"": ""ASME B16.34"", ""unit"": ""NOS""}",BHEL,1,STANDALONE_CANDIDATE,1.0,6ec00d99e12ce1062cbd7da8889f6a701aeff2c61c1b998133c1aa1505edfa5c,,,
CMM-VALVE-706FD0-001,CMM-VALVE-706FD0-001,VALVE | ASTM A217 WC6 | 6 IN | ASME B16.34,VALVE,,ASTM A217 WC6,6 IN,,ASME B16.34,NOS,"{""connection_type"": """", ""construction"": """", ""end_type"": """", ""material"": """", ""material_family"": ""VALVE"", ""material_grade"": ""ASTM A217 WC6"", ""material_subtype"": """", ""material_type"": """", ""nominal_size"": """", ""orientation"": """", ""pressure_class"": """", ""rating"": """", ""size"": ""6 IN"", ""specification"": ""ASME B16.34"", ""standard"": ""ASME B16.34"", ""unit"": ""NOS""}",BHEL,1,STANDALONE_CANDIDATE,1.0,706fd030d2f78a02b33d01c4a6b7c444e6c8e908485d0aa35b75cf46910714da,,,
CMM-VALVE-71DB40-001,CMM-VALVE-71DB40-001,VALVE | GLOBE VALVE | ASTM A351 CF8M | 2 IN | ASME B16.34,VALVE,GLOBE VALVE,ASTM A351 CF8M,2 IN,,ASME B16.34,NOS,"{""connection_type"": """", ""construction"": """", ""end_type"": """", ""material"": """", ""material_family"": ""VALVE"", ""material_grade"": ""ASTM A351 CF8M"", ""material_subtype"": """", ""material_type"": ""GLOBE VALVE"", ""nominal_size"": """", ""orientation"": """", ""pressure_class"": """", ""rating"": """", ""size"": ""2 IN"", ""specification"": ""ASME B16.34"", ""standard"": ""ASME B16.34"", ""unit"": ""NOS""}",HPCL,1,STANDALONE_CANDIDATE,1.0,71db40383a004370c1ff40e91e61120544a75542c698ffd544f18523dfbe8e42,,,
CMM-VALVE-71F000-001,CMM-VALVE-71F000-001,VALVE | ASTM A217 C5 | 4 IN | API 599,VALVE,,ASTM A217 C5,4 IN,,API 599,NOS,"{""connection_type"": """", ""construction"": """", ""end_type"": """", ""material"": """", ""material_family"": ""VALVE"", ""material_grade"": ""ASTM A217 C5"", ""material_subtype"": """", ""material_type"": """", ""nominal_size"": """", ""orientation"": """", ""pressure_class"": """", ""rating"": """", ""size"": ""4 IN"", ""specification"": ""API 599"", ""standard"": ""API 599"", ""unit"": ""NOS""}",IOCL,1,STANDALONE_CANDIDATE,1.0,71f000c9948db1e3cc40ac2dd83224db8788d3a14b555a282159cf22895fce6b,,,
CMM-VALVE-72FBEF-001,CMM-VALVE-72FBEF-001,VALVE | GATE VALVE | ASTM A216 WCB | DN 100 | API 598,VALVE,GATE VALVE,ASTM A216 WCB,DN 100,,API 598,NOS,"{""connection_type"": """", ""construction"": """", ""end_type"": """", ""material"": """", ""material_family"": ""VALVE"", ""material_grade"": ""ASTM A216 WCB"", ""material_subtype"": """", ""material_type"": ""GATE VALVE"", ""nominal_size"": """", ""orientation"": """", ""pressure_class"": """", ""rating"": """", ""size"": ""DN 100"", ""specification"": ""API 598"", ""standard"": ""API 598"", ""unit"": ""NOS""}",IOCL,1,STANDALONE_CANDIDATE,1.0,72fbef39c2ea0b39a2531fdadb4f3501e1670aac478d29c11ee411291e6eb6ec,,,
CMM-VALVE-744EAE-001,CMM-VALVE-744EAE-001,VALVE | ASTM A217 C5 | 4 IN | API 599,VALVE,,ASTM A217 C5,4 IN,,API 599,NOS,"{""connection_type"": """", ""construction"": """", ""end_type"": """", ""material"": """", ""material_family"": ""VALVE"", ""material_grade"": ""ASTM A217 C5"", ""material_subtype"": """", ""material_type"": """", ""nominal_size"": """", ""orientation"": """", ""pressure_class"": """", ""rating"": """", ""size"": ""4 IN"", ""specification"": ""API 599"", ""standard"": ""API 599"", ""unit"": ""NOS""}",IOCL,1,STANDALONE_CANDIDATE,1.0,744eaed337617661b6940ff53c5955d0bc964dc80d5f12ea69f3ff7959b8d9ec,,,
CMM-VALVE-7533D6-001,CMM-VALVE-7533D6-001,VALVE | GLOBE VALVE | SS 304 | DN 100 | ASME B16.34,VALVE,GLOBE VALVE,SS 304,DN 100,,ASME B16.34,NOS,"{""connection_type"": """", ""construction"": """", ""end_type"": """", ""material"": ""STAINLESS STEEL"", ""material_family"": ""VALVE"", ""material_grade"": ""SS 304"", ""material_subtype"": """", ""material_type"": ""GLOBE VALVE"", ""nominal_size"": """", ""orientation"": """", ""pressure_class"": """", ""rating"": """", ""size"": ""DN 100"", ""specification"": ""ASME B16.34"", ""standard"": ""ASME B16.34"", ""unit"": ""NOS""}",NTPC,1,STANDALONE_CANDIDATE,1.0,7533d678f83f355da47d55eb7727c7e28a0ce232bbd8616554a00a1a241d2ed4,,,
CMM-VALVE-758633-001,CMM-VALVE-758633-001,VALVE | GATE VALVE | LCB | 2 IN | API 600,VALVE,GATE VALVE,LCB,2 IN,,API 600,NOS,"{""connection_type"": """", ""construction"": """", ""end_type"": """", ""material"": """", ""material_family"": ""VALVE"", ""material_grade"": ""LCB"", ""material_subtype"": """", ""material_type"": ""GATE VALVE"", ""nominal_size"": """", ""orientation"": """", ""pressure_class"": """", ""rating"": """", ""size"": ""2 IN"", ""specification"": ""API 600"", ""standard"": ""API 600"", ""unit"": ""NOS""}",BHEL;NTPC;ONGC;SAIL,4,VERIFIED_HARMONIZED,1.0,7586334737a4f3a15a99186dabab916eaf45eea4c4da38c05155b9c079500589,,,
CMM-VALVE-773A5A-001,CMM-VALVE-773A5A-001,VALVE | ASTM A217 C5 | 4 IN | API 599,VALVE,,ASTM A217 C5,4 IN,,API 599,NOS,"{""connection_type"": """", ""construction"": """", ""end_type"": """", ""material"": """", ""material_family"": ""VALVE"", ""material_grade"": ""ASTM A217 C5"", ""material_subtype"": """", ""material_type"": """", ""nominal_size"": """", ""orientation"": """", ""pressure_class"": """", ""rating"": """", ""size"": ""4 IN"", ""specification"": ""API 599"", ""standard"": ""API 599"", ""unit"": ""NOS""}",IOCL,1,STANDALONE_CANDIDATE,1.0,773a5a435de3aba73b81f61aef6af19204c8cb431243a280795c238cb2e330ea,,,
CMM-VALVE-781509-001,CMM-VALVE-781509-001,VALVE | ASTM A216 WCB | 4 IN | API 598,VALVE,,ASTM A216 WCB,4 IN,,API 598,NOS,"{""connection_type"": """", ""construction"": """", ""end_type"": """", ""material"": """", ""material_family"": ""VALVE"", ""material_grade"": ""ASTM A216 WCB"", ""material_subtype"": """", ""material_type"": """", ""nominal_size"": """", ""orientation"": """", ""pressure_class"": """", ""rating"": """", ""size"": ""4 IN"", ""specification"": ""API 598"", ""standard"": ""API 598"", ""unit"": ""NOS""}",Coal India;IOCL;NTPC;ONGC,4,VERIFIED_HARMONIZED,1.0,781509defd4653064706ec5a657c967a89a67f4ee14b8b6df820d28af8e21eab,,,
CMM-VALVE-799437-001,CMM-VALVE-799437-001,VALVE | ASTM A217 C5 | 4 IN | API 599,VALVE,,ASTM A217 C5,4 IN,,API 599,NOS,"{""connection_type"": """", ""construction"": """", ""end_type"": """", ""material"": """", ""material_family"": ""VALVE"", ""material_grade"": ""ASTM A217 C5"", ""material_subtype"": """", ""material_type"": """", ""nominal_size"": """", ""orientation"": """", ""pressure_class"": """", ""rating"": """", ""size"": ""4 IN"", ""specification"": ""API 599"", ""standard"": ""API 599"", ""unit"": ""NOS""}",IOCL,1,STANDALONE_CANDIDATE,1.0,799437a2010a00ce9267277919b71a138059859d28e620411b24736706fdb3fe,,,
CMM-VALVE-7C3924-001,CMM-VALVE-7C3924-001,VALVE | ASTM A217 C5 | 4 IN | API 599,VALVE,,ASTM A217 C5,4 IN,,API 599,NOS,"{""connection_type"": """", ""construction"": """", ""end_type"": """", ""material"": """", ""material_family"": ""VALVE"", ""material_grade"": ""ASTM A217 C5"", ""material_subtype"": """", ""material_type"": """", ""nominal_size"": """", ""orientation"": """", ""pressure_class"": """", ""rating"": """", ""size"": ""4 IN"", ""specification"": ""API 599"", ""standard"": ""API 599"", ""unit"": ""NOS""}",IOCL,1,STANDALONE_CANDIDATE,1.0,7c3924d6c94d6dfd528962e8a20dc02272bceb5c950d5de152a6311902e59844,,,
CMM-VALVE-7C8BA2-001,CMM-VALVE-7C8BA2-001,VALVE | ASTM A217 WC6 | 6 IN | ASME B16.34,VALVE,,ASTM A217 WC6,6 IN,,ASME B16.34,NOS,"{""connection_type"": """", ""construction"": """", ""end_type"": """", ""material"": """", ""material_family"": ""VALVE"", ""material_grade"": ""ASTM A217 WC6"", ""material_subtype"": """", ""material_type"": """", ""nominal_size"": """", ""orientation"": """", ""pressure_class"": """", ""rating"": """", ""size"": ""6 IN"", ""specification"": ""ASME B16.34"", ""standard"": ""ASME B16.34"", ""unit"": ""NOS""}",BHEL,1,STANDALONE_CANDIDATE,1.0,7c8ba2689f83013d950003052b768f2b0fdf96197bb68c85a5e70c167afc7487,,,
CMM-VALVE-846D44-001,CMM-VALVE-846D44-001,VALVE | GLOBE VALVE | ASTM A216 WCB | DN 150 | API 602,VALVE,GLOBE VALVE,ASTM A216 WCB,DN 150,,API 602,NOS,"{""connection_type"": """", ""construction"": """", ""end_type"": """", ""material"": """", ""material_family"": ""VALVE"", ""material_grade"": ""ASTM A216 WCB"", ""material_subtype"": """", ""material_type"": ""GLOBE VALVE"", ""nominal_size"": """", ""orientation"": """", ""pressure_class"": """", ""rating"": """", ""size"": ""DN 150"", ""specification"": ""API 602"", ""standard"": ""API 602"", ""unit"": ""NOS""}",BHEL,1,STANDALONE_CANDIDATE,1.0,846d44d21f3789b36872759caee921e9c5d853396aaedc54b2aa7d923149e373,,,
CMM-VALVE-8913B6-001,CMM-VALVE-8913B6-001,VALVE | GATE VALVE | ASTM A216 WCB | DN 50 | API 598,VALVE,GATE VALVE,ASTM A216 WCB,DN 50,,API 598,NOS,"{""connection_type"": """", ""construction"": """", ""end_type"": """", ""material"": """", ""material_family"": ""VALVE"", ""material_grade"": ""ASTM A216 WCB"", ""material_subtype"": """", ""material_type"": ""GATE VALVE"", ""nominal_size"": """", ""orientation"": """", ""pressure_class"": """", ""rating"": """", ""size"": ""DN 50"", ""specification"": ""API 598"", ""standard"": ""API 598"", ""unit"": ""NOS""}",NTPC;SAIL,2,VERIFIED_HARMONIZED,1.0,8913b6fa103d377ea6aa9acbe02233a637e5e813ab73cebbfad0d5cf5477e2df,,,
CMM-VALVE-8C49DE-001,CMM-VALVE-8C49DE-001,VALVE | ASTM A217 C5 | 4 IN | API 599,VALVE,,ASTM A217 C5,4 IN,,API 599,NOS,"{""connection_type"": """", ""construction"": """", ""end_type"": """", ""material"": """", ""material_family"": ""VALVE"", ""material_grade"": ""ASTM A217 C5"", ""material_subtype"": """", ""material_type"": """", ""nominal_size"": """", ""orientation"": """", ""pressure_class"": """", ""rating"": """", ""size"": ""4 IN"", ""specification"": ""API 599"", ""standard"": ""API 599"", ""unit"": ""NOS""}",IOCL,1,STANDALONE_CANDIDATE,1.0,8c49de3746b36ad94a287c28cfafbd25fbae5f3e2117ec5f148992b301f9aafa,,,
CMM-VALVE-8C9CE1-001,CMM-VALVE-8C9CE1-001,VALVE | ASTM A217 WC6 | 6 IN | ASME B16.34,VALVE,,ASTM A217 WC6,6 IN,,ASME B16.34,NOS,"{""connection_type"": """", ""construction"": """", ""end_type"": """", ""material"": """", ""material_family"": ""VALVE"", ""material_grade"": ""ASTM A217 WC6"", ""material_subtype"": """", ""material_type"": """", ""nominal_size"": """", ""orientation"": """", ""pressure_class"": """", ""rating"": """", ""size"": ""6 IN"", ""specification"": ""ASME B16.34"", ""standard"": ""ASME B16.34"", ""unit"": ""NOS""}",BHEL,1,STANDALONE_CANDIDATE,1.0,8c9ce1781badce66401b5136e381b17dee71c56cc034e387da557cd0c52c16bc,,,
CMM-VALVE-8D32F6-001,CMM-VALVE-8D32F6-001,VALVE | ASTM A182 F22 | 2 IN | API 6A,VALVE,,ASTM A182 F22,2 IN,,API 6A,NOS,"{""connection_type"": """", ""construction"": """", ""end_type"": """", ""material"": """", ""material_family"": ""VALVE"", ""material_grade"": ""ASTM A182 F22"", ""material_subtype"": """", ""material_type"": """", ""nominal_size"": """", ""orientation"": """", ""pressure_class"": """", ""rating"": """", ""size"": ""2 IN"", ""specification"": ""API 6A"", ""standard"": ""API 6A"", ""unit"": ""NOS""}",ONGC,1,STANDALONE_CANDIDATE,1.0,8d32f67637fd22f45178a7b64d0664b7304605c51367bfb0d208726c6645f834,,,
CMM-VALVE-8D7456-001,CMM-VALVE-8D7456-001,VALVE | ASTM A217 WC6 | 6 IN | ASME B16.34,VALVE,,ASTM A217 WC6,6 IN,,ASME B16.34,NOS,"{""connection_type"": """", ""construction"": """", ""end_type"": """", ""material"": """", ""material_family"": ""VALVE"", ""material_grade"": ""ASTM A217 WC6"", ""material_subtype"": """", ""material_type"": """", ""nominal_size"": """", ""orientation"": """", ""pressure_class"": """", ""rating"": """", ""size"": ""6 IN"", ""specification"": ""ASME B16.34"", ""standard"": ""ASME B16.34"", ""unit"": ""NOS""}",BHEL,1,STANDALONE_CANDIDATE,1.0,8d7456f9e677f57c8c439a75b34efbcc5590cd810dfaa273390483a8447b6de9,,,
CMM-VALVE-8ECCB1-001,CMM-VALVE-8ECCB1-001,VALVE | ASTM A182 F22 | 2 IN | API 6A,VALVE,,ASTM A182 F22,2 IN,,API 6A,NOS,"{""connection_type"": """", ""construction"": """", ""end_type"": """", ""material"": """", ""material_family"": ""VALVE"", ""material_grade"": ""ASTM A182 F22"", ""material_subtype"": """", ""material_type"": """", ""nominal_size"": """", ""orientation"": """", ""pressure_class"": """", ""rating"": """", ""size"": ""2 IN"", ""specification"": ""API 6A"", ""standard"": ""API 6A"", ""unit"": ""NOS""}",ONGC,1,STANDALONE_CANDIDATE,1.0,8eccb1a292c4f98e1c06308f7d609e687331eefb58e2d504752ba948a69aefa6,,,
CMM-VALVE-8F1BFB-001,CMM-VALVE-8F1BFB-001,VALVE | ASTM A182 F22 | 2 IN | API 6A,VALVE,,ASTM A182 F22,2 IN,,API 6A,NOS,"{""connection_type"": """", ""construction"": """", ""end_type"": """", ""material"": """", ""material_family"": ""VALVE"", ""material_grade"": ""ASTM A182 F22"", ""material_subtype"": """", ""material_type"": """", ""nominal_size"": """", ""orientation"": """", ""pressure_class"": """", ""rating"": """", ""size"": ""2 IN"", ""specification"": ""API 6A"", ""standard"": ""API 6A"", ""unit"": ""NOS""}",ONGC,1,STANDALONE_CANDIDATE,1.0,8f1bfb18677aedf0724d177f9c7709f913a9484bad25ba5e120ade9fa44ba0fe,,,
CMM-VALVE-8F3BF9-001,CMM-VALVE-8F3BF9-001,VALVE | ASTM A217 WC6 | 6 IN | ASME B16.34,VALVE,,ASTM A217 WC6,6 IN,,ASME B16.34,NOS,"{""connection_type"": """", ""construction"": """", ""end_type"": """", ""material"": """", ""material_family"": ""VALVE"", ""material_grade"": ""ASTM A217 WC6"", ""material_subtype"": """", ""material_type"": """", ""nominal_size"": """", ""orientation"": """", ""pressure_class"": """", ""rating"": """", ""size"": ""6 IN"", ""specification"": ""ASME B16.34"", ""standard"": ""ASME B16.34"", ""unit"": ""NOS""}",BHEL,1,STANDALONE_CANDIDATE,1.0,8f3bf9bd905c3ac01f4da752852db76592f319633e1c43f185eb4328f2768d87,,,
CMM-VALVE-8F6DAB-001,CMM-VALVE-8F6DAB-001,VALVE | ASTM A217 WC6 | 6 IN | ASME B16.34,VALVE,,ASTM A217 WC6,6 IN,,ASME B16.34,NOS,"{""connection_type"": """", ""construction"": """", ""end_type"": """", ""material"": """", ""material_family"": ""VALVE"", ""material_grade"": ""ASTM A217 WC6"", ""material_subtype"": """", ""material_type"": """", ""nominal_size"": """", ""orientation"": """", ""pressure_class"": """", ""rating"": """", ""size"": ""6 IN"", ""specification"": ""ASME B16.34"", ""standard"": ""ASME B16.34"", ""unit"": ""NOS""}",BHEL,1,STANDALONE_CANDIDATE,1.0,8f6dab9e7c646386c197dff1a640d15357a2a5d4d21f4021ccaff49c1eba06d2,,,
CMM-VALVE-93B52B-001,CMM-VALVE-93B52B-001,VALVE | BALL VALVE | ASTM A216 WCB | 1 IN | API 600,VALVE,BALL VALVE,ASTM A216 WCB,1 IN,,API 600,NOS,"{""connection_type"": """", ""construction"": """", ""end_type"": """", ""material"": """", ""material_family"": ""VALVE"", ""material_grade"": ""ASTM A216 WCB"", ""material_subtype"": """", ""material_type"": ""BALL VALVE"", ""nominal_size"": """", ""orientation"": """", ""pressure_class"": """", ""rating"": """", ""size"": ""1 IN"", ""specification"": ""API 600"", ""standard"": ""API 600"", ""unit"": ""NOS""}",BHEL,1,STANDALONE_CANDIDATE,1.0,93b52bd152fbe11094a536909238f4771c8b4f8a79063f9ae53b3c72a30e0bfe,,,
CMM-VALVE-954F72-001,CMM-VALVE-954F72-001,VALVE | CHECK VALVE | ASTM A351 CF8M | DN 50 | API 600,VALVE,CHECK VALVE,ASTM A351 CF8M,DN 50,,API 600,NOS,"{""connection_type"": """", ""construction"": """", ""end_type"": """", ""material"": """", ""material_family"": ""VALVE"", ""material_grade"": ""ASTM A351 CF8M"", ""material_subtype"": """", ""material_type"": ""CHECK VALVE"", ""nominal_size"": """", ""orientation"": """", ""pressure_class"": """", ""rating"": """", ""size"": ""DN 50"", ""specification"": ""API 600"", ""standard"": ""API 600"", ""unit"": ""NOS""}",SAIL,1,STANDALONE_CANDIDATE,1.0,954f72a6deb5307df1d5be37a8c0eaa0ef8947e76902ad1af667af195dd92d27,,,
CMM-VALVE-96BEC8-001,CMM-VALVE-96BEC8-001,VALVE | ASTM A217 WC6 | 6 IN | ASME B16.34,VALVE,,ASTM A217 WC6,6 IN,,ASME B16.34,NOS,"{""connection_type"": """", ""construction"": """", ""end_type"": """", ""material"": """", ""material_family"": ""VALVE"", ""material_grade"": ""ASTM A217 WC6"", ""material_subtype"": """", ""material_type"": """", ""nominal_size"": """", ""orientation"": """", ""pressure_class"": """", ""rating"": """", ""size"": ""6 IN"", ""specification"": ""ASME B16.34"", ""standard"": ""ASME B16.34"", ""unit"": ""NOS""}",BHEL,1,STANDALONE_CANDIDATE,1.0,96bec89de83b8603b741982e78b2c784906f55326488defaa2fd9da3026036b5,,,
CMM-VALVE-97589B-001,CMM-VALVE-97589B-001,VALVE | ASTM A217 WC6 | 6 IN | ASME B16.34,VALVE,,ASTM A217 WC6,6 IN,,ASME B16.34,NOS,"{""connection_type"": """", ""construction"": """", ""end_type"": """", ""material"": """", ""material_family"": ""VALVE"", ""material_grade"": ""ASTM A217 WC6"", ""material_subtype"": """", ""material_type"": """", ""nominal_size"": """", ""orientation"": """", ""pressure_class"": """", ""rating"": """", ""size"": ""6 IN"", ""specification"": ""ASME B16.34"", ""standard"": ""ASME B16.34"", ""unit"": ""NOS""}",BHEL,1,STANDALONE_CANDIDATE,1.0,97589b72d5a893e0042025360fc7aa60dda259c25ee42962a66176177680dd1c,,,
CMM-VALVE-989A61-001,CMM-VALVE-989A61-001,VALVE | GLOBE VALVE | ASTM A216 WCB | 2 IN | ASTM A216 WCB,VALVE,GLOBE VALVE,ASTM A216 WCB,2 IN,,ASTM A216 WCB,NOS,"{""connection_type"": """", ""construction"": """", ""end_type"": """", ""material"": """", ""material_family"": ""VALVE"", ""material_grade"": ""ASTM A216 WCB"", ""material_subtype"": """", ""material_type"": ""GLOBE VALVE"", ""nominal_size"": """", ""orientation"": """", ""pressure_class"": """", ""rating"": """", ""size"": ""2 IN"", ""specification"": ""BS 1873"", ""standard"": ""ASTM A216 WCB"", ""unit"": ""NOS""}",Coal India;NMDC;ONGC;SAIL,4,VERIFIED_HARMONIZED,1.0,989a61978a98ac4c1f319c8ad4d33cb62ac6d61ae3cf9bd4301af643a7dd01af,,,
CMM-VALVE-98AC0B-001,CMM-VALVE-98AC0B-001,VALVE | ASTM A217 WC6 | 6 IN | ASME B16.34,VALVE,,ASTM A217 WC6,6 IN,,ASME B16.34,NOS,"{""connection_type"": """", ""construction"": """", ""end_type"": """", ""material"": """", ""material_family"": ""VALVE"", ""material_grade"": ""ASTM A217 WC6"", ""material_subtype"": """", ""material_type"": """", ""nominal_size"": """", ""orientation"": """", ""pressure_class"": """", ""rating"": """", ""size"": ""6 IN"", ""specification"": ""ASME B16.34"", ""standard"": ""ASME B16.34"", ""unit"": ""NOS""}",BHEL,1,STANDALONE_CANDIDATE,1.0,98ac0b46eefbfe80d28026c26ccfb9aaa66b1c758022b0c6043645633faa4ce9,,,
CMM-VALVE-98DF47-001,CMM-VALVE-98DF47-001,VALVE | ASTM A217 WC6 | 6 IN | ASME B16.34,VALVE,,ASTM A217 WC6,6 IN,,ASME B16.34,NOS,"{""connection_type"": """", ""construction"": """", ""end_type"": """", ""material"": """", ""material_family"": ""VALVE"", ""material_grade"": ""ASTM A217 WC6"", ""material_subtype"": """", ""material_type"": """", ""nominal_size"": """", ""orientation"": """", ""pressure_class"": """", ""rating"": """", ""size"": ""6 IN"", ""specification"": ""ASME B16.34"", ""standard"": ""ASME B16.34"", ""unit"": ""NOS""}",BHEL,1,STANDALONE_CANDIDATE,1.0,98df4745a8c41c74c20b26e269f1f7adec46d7c49b91c545c81ee0a8d4b33ff8,,,
CMM-VALVE-9903B8-001,CMM-VALVE-9903B8-001,VALVE | GLOBE VALVE | LCB | 4 IN | API 598,VALVE,GLOBE VALVE,LCB,4 IN,,API 598,NOS,"{""connection_type"": """", ""construction"": """", ""end_type"": """", ""material"": """", ""material_family"": ""VALVE"", ""material_grade"": ""LCB"", ""material_subtype"": """", ""material_type"": ""GLOBE VALVE"", ""nominal_size"": """", ""orientation"": """", ""pressure_class"": """", ""rating"": """", ""size"": ""4 IN"", ""specification"": ""API 598"", ""standard"": ""API 598"", ""unit"": ""NOS""}",BHEL;Coal India;HPCL;IOCL;NMDC;NTPC,6,VERIFIED_HARMONIZED,1.0,9903b89e83a13b65438b59eed6fd2495ff5cbbe82dde40dfe6a43782cf1cbdc5,,,
CMM-VALVE-992419-001,CMM-VALVE-992419-001,VALVE | ASTM A216 WCB | 2 IN | API 598,VALVE,,ASTM A216 WCB,2 IN,,API 598,NOS,"{""connection_type"": """", ""construction"": """", ""end_type"": """", ""material"": """", ""material_family"": ""VALVE"", ""material_grade"": ""ASTM A216 WCB"", ""material_subtype"": """", ""material_type"": """", ""nominal_size"": """", ""orientation"": """", ""pressure_class"": """", ""rating"": """", ""size"": ""2 IN"", ""specification"": ""API 598"", ""standard"": ""API 598"", ""unit"": ""NOS""}",Coal India;IOCL;NMDC;SAIL,4,VERIFIED_HARMONIZED,1.0,992419f80abbf52f8f4c20e81893471b4c9a8ddaba1ea05514ad19c2c1c89296,,,
CMM-VALVE-992A07-001,CMM-VALVE-992A07-001,VALVE | GATE VALVE | SS 316 | 2 IN | API 598,VALVE,GATE VALVE,SS 316,2 IN,,API 598,NOS,"{""connection_type"": """", ""construction"": """", ""end_type"": """", ""material"": ""STAINLESS STEEL"", ""material_family"": ""VALVE"", ""material_grade"": ""SS 316"", ""material_subtype"": """", ""material_type"": ""GATE VALVE"", ""nominal_size"": """", ""orientation"": """", ""pressure_class"": """", ""rating"": """", ""size"": ""2 IN"", ""specification"": ""API 598"", ""standard"": ""API 598"", ""unit"": ""NOS""}",SAIL,1,STANDALONE_CANDIDATE,1.0,992a074a18f7b826ef6621fffd268a481d9e2b872643f409ec1a27ff0de72676,,,
CMM-VALVE-9945D2-001,CMM-VALVE-9945D2-001,VALVE | ASTM A182 F22 | 2 IN | API 6A,VALVE,,ASTM A182 F22,2 IN,,API 6A,NOS,"{""connection_type"": """", ""construction"": """", ""end_type"": """", ""material"": """", ""material_family"": ""VALVE"", ""material_grade"": ""ASTM A182 F22"", ""material_subtype"": """", ""material_type"": """", ""nominal_size"": """", ""orientation"": """", ""pressure_class"": """", ""rating"": """", ""size"": ""2 IN"", ""specification"": ""API 6A"", ""standard"": ""API 6A"", ""unit"": ""NOS""}",ONGC,1,STANDALONE_CANDIDATE,1.0,9945d230cdbc57094defac38d4c545b65736e9a5bf2a8f143c3b7dc925cd5bf8,,,
CMM-VALVE-9B81E1-001,CMM-VALVE-9B81E1-001,VALVE | BALL VALVE | SS 304 | 2 IN | ASME B16.34,VALVE,BALL VALVE,SS 304,2 IN,,ASME B16.34,NOS,"{""connection_type"": """", ""construction"": """", ""end_type"": """", ""material"": ""STAINLESS STEEL"", ""material_family"": ""VALVE"", ""material_grade"": ""SS 304"", ""material_subtype"": """", ""material_type"": ""BALL VALVE"", ""nominal_size"": """", ""orientation"": """", ""pressure_class"": """", ""rating"": """", ""size"": ""2 IN"", ""specification"": ""ASME B16.34"", ""standard"": ""ASME B16.34"", ""unit"": ""NOS""}",HPCL,1,STANDALONE_CANDIDATE,1.0,9b81e1d34a05c9f4a5707cc0fa44ddf6bc82c8b5b56e65c36c7ebec8855633fa,,,
CMM-VALVE-9E9261-001,CMM-VALVE-9E9261-001,VALVE | GLOBE VALVE | SS 304 | 4 IN | API 600,VALVE,GLOBE VALVE,SS 304,4 IN,,API 600,NOS,"{""connection_type"": """", ""construction"": """", ""end_type"": """", ""material"": ""STAINLESS STEEL"", ""material_family"": ""VALVE"", ""material_grade"": ""SS 304"", ""material_subtype"": """", ""material_type"": ""GLOBE VALVE"", ""nominal_size"": """", ""orientation"": """", ""pressure_class"": """", ""rating"": """", ""size"": ""4 IN"", ""specification"": ""API 600"", ""standard"": ""API 600"", ""unit"": ""NOS""}",HPCL,1,STANDALONE_CANDIDATE,1.0,9e92610239984d9c156c5e72d62d3e255662c1046f9ff9c22df7d1bdf4213a8b,,,
CMM-VALVE-A0A973-001,CMM-VALVE-A0A973-001,VALVE | ASTM A217 WC6 | 6 IN | ASME B16.34,VALVE,,ASTM A217 WC6,6 IN,,ASME B16.34,NOS,"{""connection_type"": """", ""construction"": """", ""end_type"": """", ""material"": """", ""material_family"": ""VALVE"", ""material_grade"": ""ASTM A217 WC6"", ""material_subtype"": """", ""material_type"": """", ""nominal_size"": """", ""orientation"": """", ""pressure_class"": """", ""rating"": """", ""size"": ""6 IN"", ""specification"": ""ASME B16.34"", ""standard"": ""ASME B16.34"", ""unit"": ""NOS""}",BHEL,1,STANDALONE_CANDIDATE,1.0,a0a973bfa7adc804b8ab33ef8e98811cdcdc5f26bb854c8859563eb1b3494566,,,
CMM-VALVE-A26987-001,CMM-VALVE-A26987-001,VALVE | ASTM A217 C5 | 4 IN | API 599,VALVE,,ASTM A217 C5,4 IN,,API 599,NOS,"{""connection_type"": """", ""construction"": """", ""end_type"": """", ""material"": """", ""material_family"": ""VALVE"", ""material_grade"": ""ASTM A217 C5"", ""material_subtype"": """", ""material_type"": """", ""nominal_size"": """", ""orientation"": """", ""pressure_class"": """", ""rating"": """", ""size"": ""4 IN"", ""specification"": ""API 599"", ""standard"": ""API 599"", ""unit"": ""NOS""}",IOCL,1,STANDALONE_CANDIDATE,1.0,a269876f2f37da855bec4535ce410bf292d3fe062221e4cc25356f2d1a3a1364,,,
CMM-VALVE-A36A77-001,CMM-VALVE-A36A77-001,VALVE | ASTM A182 F22 | 2 IN | API 6A,VALVE,,ASTM A182 F22,2 IN,,API 6A,NOS,"{""connection_type"": """", ""construction"": """", ""end_type"": """", ""material"": """", ""material_family"": ""VALVE"", ""material_grade"": ""ASTM A182 F22"", ""material_subtype"": """", ""material_type"": """", ""nominal_size"": """", ""orientation"": """", ""pressure_class"": """", ""rating"": """", ""size"": ""2 IN"", ""specification"": ""API 6A"", ""standard"": ""API 6A"", ""unit"": ""NOS""}",ONGC,1,STANDALONE_CANDIDATE,1.0,a36a778fb83b01090c6d9869d5fd5fdd787e6d58b302371a58c8d63b8f5f94e4,,,
CMM-VALVE-A4F493-001,CMM-VALVE-A4F493-001,VALVE | ASTM A217 WC6 | 6 IN | ASME B16.34,VALVE,,ASTM A217 WC6,6 IN,,ASME B16.34,NOS,"{""connection_type"": """", ""construction"": """", ""end_type"": """", ""material"": """", ""material_family"": ""VALVE"", ""material_grade"": ""ASTM A217 WC6"", ""material_subtype"": """", ""material_type"": """", ""nominal_size"": """", ""orientation"": """", ""pressure_class"": """", ""rating"": """", ""size"": ""6 IN"", ""specification"": ""ASME B16.34"", ""standard"": ""ASME B16.34"", ""unit"": ""NOS""}",BHEL,1,STANDALONE_CANDIDATE,1.0,a4f493bd2ad8ec4c4c955fcdb02f0b0fe4e93ccfb0bfa65a60b05993f0f7ef45,,,
CMM-VALVE-A5A54D-001,CMM-VALVE-A5A54D-001,VALVE | BALL VALVE | SS 316 | 2 IN | ASME B16.34,VALVE,BALL VALVE,SS 316,2 IN,,ASME B16.34,NOS,"{""connection_type"": """", ""construction"": """", ""end_type"": """", ""material"": ""STAINLESS STEEL"", ""material_family"": ""VALVE"", ""material_grade"": ""SS 316"", ""material_subtype"": """", ""material_type"": ""BALL VALVE"", ""nominal_size"": """", ""orientation"": """", ""pressure_class"": """", ""rating"": """", ""size"": ""2 IN"", ""specification"": ""ASME B16.34"", ""standard"": ""ASME B16.34"", ""unit"": ""NOS""}",Coal India,1,STANDALONE_CANDIDATE,1.0,a5a54dd37c4993b88181357063b39705a0f1deb7c0cfd97549252dde6a9e9d6e,,,
CMM-VALVE-A68979-001,CMM-VALVE-A68979-001,VALVE | ASTM A217 WC6 | 6 IN | ASME B16.34,VALVE,,ASTM A217 WC6,6 IN,,ASME B16.34,NOS,"{""connection_type"": """", ""construction"": """", ""end_type"": """", ""material"": """", ""material_family"": ""VALVE"", ""material_grade"": ""ASTM A217 WC6"", ""material_subtype"": """", ""material_type"": """", ""nominal_size"": """", ""orientation"": """", ""pressure_class"": """", ""rating"": """", ""size"": ""6 IN"", ""specification"": ""ASME B16.34"", ""standard"": ""ASME B16.34"", ""unit"": ""NOS""}",BHEL,1,STANDALONE_CANDIDATE,1.0,a68979405c9163aea02ff96b79063e1528df142b2aa3a5977f2e2648d0f4d556,,,
CMM-VALVE-A6F9BA-001,CMM-VALVE-A6F9BA-001,VALVE | SS 304 | DN 50 | ASME B16.34,VALVE,,SS 304,DN 50,,ASME B16.34,NOS,"{""connection_type"": """", ""construction"": """", ""end_type"": """", ""material"": ""STAINLESS STEEL"", ""material_family"": ""VALVE"", ""material_grade"": ""SS 304"", ""material_subtype"": """", ""material_type"": """", ""nominal_size"": """", ""orientation"": """", ""pressure_class"": """", ""rating"": """", ""size"": ""DN 50"", ""specification"": ""ASME B16.34"", ""standard"": ""ASME B16.34"", ""unit"": ""NOS""}",NMDC,1,STANDALONE_CANDIDATE,1.0,a6f9ba1d96b05815689c5682e88db354451053ae246d1edc6f5fdc90f5c4df4e,,,
CMM-VALVE-A774FB-001,CMM-VALVE-A774FB-001,VALVE | ASTM A182 F22 | 2 IN | API 6A,VALVE,,ASTM A182 F22,2 IN,,API 6A,NOS,"{""connection_type"": """", ""construction"": """", ""end_type"": """", ""material"": """", ""material_family"": ""VALVE"", ""material_grade"": ""ASTM A182 F22"", ""material_subtype"": """", ""material_type"": """", ""nominal_size"": """", ""orientation"": """", ""pressure_class"": """", ""rating"": """", ""size"": ""2 IN"", ""specification"": ""API 6A"", ""standard"": ""API 6A"", ""unit"": ""NOS""}",ONGC,1,STANDALONE_CANDIDATE,1.0,a774fbdf1083be723e14a3a8807bd4e1a87d91398f12285afb09967c130a2efd,,,
CMM-VALVE-A8C18C-001,CMM-VALVE-A8C18C-001,VALVE | BALL VALVE | SS 304 | 2 IN | ASME B16.34,VALVE,BALL VALVE,SS 304,2 IN,,ASME B16.34,NOS,"{""connection_type"": """", ""construction"": """", ""end_type"": """", ""material"": ""STAINLESS STEEL"", ""material_family"": ""VALVE"", ""material_grade"": ""SS 304"", ""material_subtype"": """", ""material_type"": ""BALL VALVE"", ""nominal_size"": """", ""orientation"": """", ""pressure_class"": """", ""rating"": """", ""size"": ""2 IN"", ""specification"": ""ASME B16.34"", ""standard"": ""ASME B16.34"", ""unit"": ""NOS""}",SAIL,1,STANDALONE_CANDIDATE,1.0,a8c18c9233229f33165d3e406ded4a79de8b02b37b8af93ca1c53a98e6907f32,,,
CMM-VALVE-A923FC-001,CMM-VALVE-A923FC-001,VALVE | CHECK VALVE | ASTM A216 WCB | 1 IN | ASTM A216 WCB,VALVE,CHECK VALVE,ASTM A216 WCB,1 IN,,ASTM A216 WCB,NOS,"{""connection_type"": """", ""construction"": """", ""end_type"": """", ""material"": """", ""material_family"": ""VALVE"", ""material_grade"": ""ASTM A216 WCB"", ""material_subtype"": """", ""material_type"": ""CHECK VALVE"", ""nominal_size"": """", ""orientation"": """", ""pressure_class"": """", ""rating"": """", ""size"": ""1 IN"", ""specification"": ""BS 1873"", ""standard"": ""ASTM A216 WCB"", ""unit"": ""NOS""}",BHEL;IOCL;NMDC;NTPC;ONGC,5,VERIFIED_HARMONIZED,1.0,a923fc18f0b7ebad7c44c8fc3f75b61723a5f2e590458795cf94409608fc9c2e,,,
CMM-VALVE-AD05FF-001,CMM-VALVE-AD05FF-001,VALVE | ASTM A182 F22 | 2 IN | API 6A,VALVE,,ASTM A182 F22,2 IN,,API 6A,NOS,"{""connection_type"": """", ""construction"": """", ""end_type"": """", ""material"": """", ""material_family"": ""VALVE"", ""material_grade"": ""ASTM A182 F22"", ""material_subtype"": """", ""material_type"": """", ""nominal_size"": """", ""orientation"": """", ""pressure_class"": """", ""rating"": """", ""size"": ""2 IN"", ""specification"": ""API 6A"", ""standard"": ""API 6A"", ""unit"": ""NOS""}",ONGC,1,STANDALONE_CANDIDATE,1.0,ad05ff4f8814c34b5f60ae14462487e00f5ab971aaabf3c98e429f05206d340d,,,
CMM-VALVE-AD20D3-001,CMM-VALVE-AD20D3-001,VALVE | BALL VALVE | SS 316 | 2 IN | ASME B16.34,VALVE,BALL VALVE,SS 316,2 IN,,ASME B16.34,NOS,"{""connection_type"": """", ""construction"": """", ""end_type"": """", ""material"": ""STAINLESS STEEL"", ""material_family"": ""VALVE"", ""material_grade"": ""SS 316"", ""material_subtype"": """", ""material_type"": ""BALL VALVE"", ""nominal_size"": """", ""orientation"": """", ""pressure_class"": """", ""rating"": """", ""size"": ""2 IN"", ""specification"": ""ASME B16.34"", ""standard"": ""ASME B16.34"", ""unit"": ""NOS""}",Coal India,1,STANDALONE_CANDIDATE,1.0,ad20d32e1e7a3c7101f4f830d2a6675f76545ab4e1b5128da956ea4c71be391c,,,
CMM-VALVE-AF51FD-001,CMM-VALVE-AF51FD-001,VALVE | BALL VALVE | ASTM A351 CF8M | 1/2 IN | API 600,VALVE,BALL VALVE,ASTM A351 CF8M,1/2 IN,,API 600,NOS,"{""connection_type"": """", ""construction"": """", ""end_type"": """", ""material"": """", ""material_family"": ""VALVE"", ""material_grade"": ""ASTM A351 CF8M"", ""material_subtype"": """", ""material_type"": ""BALL VALVE"", ""nominal_size"": """", ""orientation"": """", ""pressure_class"": """", ""rating"": """", ""size"": ""1/2 IN"", ""specification"": ""API 600"", ""standard"": ""API 600"", ""unit"": ""NOS""}",HPCL,1,STANDALONE_CANDIDATE,1.0,af51fdfa2148c1a45591e45ad23e6d4f3eb53a7f8ff2f93b309b151752a7f18e,,,
CMM-VALVE-B0E0FA-001,CMM-VALVE-B0E0FA-001,VALVE | SS 316 | DN 50 | API 602,VALVE,,SS 316,DN 50,,API 602,NOS,"{""connection_type"": """", ""construction"": """", ""end_type"": """", ""material"": ""STAINLESS STEEL"", ""material_family"": ""VALVE"", ""material_grade"": ""SS 316"", ""material_subtype"": """", ""material_type"": """", ""nominal_size"": """", ""orientation"": """", ""pressure_class"": """", ""rating"": """", ""size"": ""DN 50"", ""specification"": ""API 602"", ""standard"": ""API 602"", ""unit"": ""NOS""}",NMDC,1,STANDALONE_CANDIDATE,1.0,b0e0faba97e937bfbfe1c3b61114f562f695a0374354f936ddf2555cbb236a2e,,,
CMM-VALVE-B0F240-001,CMM-VALVE-B0F240-001,VALVE | GATE VALVE | SS 304 | 2 IN | API 598,VALVE,GATE VALVE,SS 304,2 IN,,API 598,NOS,"{""connection_type"": """", ""construction"": """", ""end_type"": """", ""material"": ""STAINLESS STEEL"", ""material_family"": ""VALVE"", ""material_grade"": ""SS 304"", ""material_subtype"": """", ""material_type"": ""GATE VALVE"", ""nominal_size"": """", ""orientation"": """", ""pressure_class"": """", ""rating"": """", ""size"": ""2 IN"", ""specification"": ""API 598"", ""standard"": ""API 598"", ""unit"": ""NOS""}",NMDC,1,STANDALONE_CANDIDATE,1.0,b0f240f874bcefa6392a85a580ef6c6998acc51553b091f596b77314cd129edd,,,
CMM-VALVE-B10C94-001,CMM-VALVE-B10C94-001,VALVE | BALL VALVE | ASTM A216 WCB | 6 IN | API 600,VALVE,BALL VALVE,ASTM A216 WCB,6 IN,,API 600,NOS,"{""connection_type"": """", ""construction"": """", ""end_type"": """", ""material"": """", ""material_family"": ""VALVE"", ""material_grade"": ""ASTM A216 WCB"", ""material_subtype"": """", ""material_type"": ""BALL VALVE"", ""nominal_size"": """", ""orientation"": """", ""pressure_class"": """", ""rating"": """", ""size"": ""6 IN"", ""specification"": ""API 600"", ""standard"": ""API 600"", ""unit"": ""NOS""}",IOCL;SAIL,2,VERIFIED_HARMONIZED,1.0,b10c9491bcfe70746d82a55862fee27713d8e7d7d83a2d228c5513b006103d62,,,
CMM-VALVE-B1C9CE-001,CMM-VALVE-B1C9CE-001,VALVE | ASTM A217 WC6 | 6 IN | ASME B16.34,VALVE,,ASTM A217 WC6,6 IN,,ASME B16.34,NOS,"{""connection_type"": """", ""construction"": """", ""end_type"": """", ""material"": """", ""material_family"": ""VALVE"", ""material_grade"": ""ASTM A217 WC6"", ""material_subtype"": """", ""material_type"": """", ""nominal_size"": """", ""orientation"": """", ""pressure_class"": """", ""rating"": """", ""size"": ""6 IN"", ""specification"": ""ASME B16.34"", ""standard"": ""ASME B16.34"", ""unit"": ""NOS""}",BHEL,1,STANDALONE_CANDIDATE,1.0,b1c9ce7777758e7424b87a5dd2c537b2e337e9affe56c9fc2de3494a250fab4c,,,
CMM-VALVE-B1DCF5-001,CMM-VALVE-B1DCF5-001,VALVE | GLOBE VALVE | ASTM A351 CF8M | DN 50 | API 600,VALVE,GLOBE VALVE,ASTM A351 CF8M,DN 50,,API 600,NOS,"{""connection_type"": """", ""construction"": """", ""end_type"": """", ""material"": """", ""material_family"": ""VALVE"", ""material_grade"": ""ASTM A351 CF8M"", ""material_subtype"": """", ""material_type"": ""GLOBE VALVE"", ""nominal_size"": """", ""orientation"": """", ""pressure_class"": """", ""rating"": """", ""size"": ""DN 50"", ""specification"": ""API 600"", ""standard"": ""API 600"", ""unit"": ""NOS""}",BHEL,1,STANDALONE_CANDIDATE,1.0,b1dcf5423236773aae0f97105e654cea52ae67447a8abe1271694c88c95a2d5d,,,
CMM-VALVE-B1FF82-001,CMM-VALVE-B1FF82-001,VALVE | ASTM A217 C5 | 4 IN | API 599,VALVE,,ASTM A217 C5,4 IN,,API 599,NOS,"{""connection_type"": """", ""construction"": """", ""end_type"": """", ""material"": """", ""material_family"": ""VALVE"", ""material_grade"": ""ASTM A217 C5"", ""material_subtype"": """", ""material_type"": """", ""nominal_size"": """", ""orientation"": """", ""pressure_class"": """", ""rating"": """", ""size"": ""4 IN"", ""specification"": ""API 599"", ""standard"": ""API 599"", ""unit"": ""NOS""}",IOCL,1,STANDALONE_CANDIDATE,1.0,b1ff82b20cc7ba5b3ed0fc59a3da175a6b3d2d28b555e75dcee6436dc2f91279,,,
CMM-VALVE-B26CE4-001,CMM-VALVE-B26CE4-001,VALVE | ASTM A217 WC6 | 6 IN | ASME B16.34,VALVE,,ASTM A217 WC6,6 IN,,ASME B16.34,NOS,"{""connection_type"": """", ""construction"": """", ""end_type"": """", ""material"": """", ""material_family"": ""VALVE"", ""material_grade"": ""ASTM A217 WC6"", ""material_subtype"": """", ""material_type"": """", ""nominal_size"": """", ""orientation"": """", ""pressure_class"": """", ""rating"": """", ""size"": ""6 IN"", ""specification"": ""ASME B16.34"", ""standard"": ""ASME B16.34"", ""unit"": ""NOS""}",BHEL,1,STANDALONE_CANDIDATE,1.0,b26ce45bcbaa7b8d4f485229180eaed037d5115727554285895e2a08e3087a0d,,,
CMM-VALVE-B3D146-001,CMM-VALVE-B3D146-001,VALVE | GLOBE VALVE | SS 316 | DN 100 | ASME B16.34,VALVE,GLOBE VALVE,SS 316,DN 100,,ASME B16.34,NOS,"{""connection_type"": """", ""construction"": """", ""end_type"": """", ""material"": ""STAINLESS STEEL"", ""material_family"": ""VALVE"", ""material_grade"": ""SS 316"", ""material_subtype"": """", ""material_type"": ""GLOBE VALVE"", ""nominal_size"": """", ""orientation"": """", ""pressure_class"": """", ""rating"": """", ""size"": ""DN 100"", ""specification"": ""ASME B16.34"", ""standard"": ""ASME B16.34"", ""unit"": ""NOS""}",BHEL,1,STANDALONE_CANDIDATE,1.0,b3d146c0b94b12c071ef027452d317cf5078644687e17b86e3237c7dbde480ad,,,
CMM-VALVE-B3E486-001,CMM-VALVE-B3E486-001,VALVE | LCB | 1 IN | BS 1873,VALVE,,LCB,1 IN,,BS 1873,NOS,"{""connection_type"": """", ""construction"": """", ""end_type"": """", ""material"": """", ""material_family"": ""VALVE"", ""material_grade"": ""LCB"", ""material_subtype"": """", ""material_type"": """", ""nominal_size"": """", ""orientation"": """", ""pressure_class"": """", ""rating"": """", ""size"": ""1 IN"", ""specification"": ""BS 1873"", ""standard"": """", ""unit"": ""NOS""}",Coal India;NTPC,2,VERIFIED_HARMONIZED,1.0,b3e486dfcb43cc2c70523831139bd0029bb2acd761023a1c9d9c3a11421a203b,,,
CMM-VALVE-B44D4E-001,CMM-VALVE-B44D4E-001,VALVE | ASTM A217 WC6 | 6 IN | ASME B16.34,VALVE,,ASTM A217 WC6,6 IN,,ASME B16.34,NOS,"{""connection_type"": """", ""construction"": """", ""end_type"": """", ""material"": """", ""material_family"": ""VALVE"", ""material_grade"": ""ASTM A217 WC6"", ""material_subtype"": """", ""material_type"": """", ""nominal_size"": """", ""orientation"": """", ""pressure_class"": """", ""rating"": """", ""size"": ""6 IN"", ""specification"": ""ASME B16.34"", ""standard"": ""ASME B16.34"", ""unit"": ""NOS""}",BHEL,1,STANDALONE_CANDIDATE,1.0,b44d4e08274b66d9846a053e5c6840f82cf9efb52411a268a7afbac959c11f59,,,
CMM-VALVE-B4D337-001,CMM-VALVE-B4D337-001,VALVE | SS 304 | DN 50 | API 602,VALVE,,SS 304,DN 50,,API 602,NOS,"{""connection_type"": """", ""construction"": """", ""end_type"": """", ""material"": ""STAINLESS STEEL"", ""material_family"": ""VALVE"", ""material_grade"": ""SS 304"", ""material_subtype"": """", ""material_type"": """", ""nominal_size"": """", ""orientation"": """", ""pressure_class"": """", ""rating"": """", ""size"": ""DN 50"", ""specification"": ""API 602"", ""standard"": ""API 602"", ""unit"": ""NOS""}",BHEL,1,STANDALONE_CANDIDATE,1.0,b4d337e5d42aff8cabd50adf38ed5d2b149e2a280d28acb7fa7da828fa61cbc0,,,
CMM-VALVE-B55A69-001,CMM-VALVE-B55A69-001,VALVE | ASTM A182 F22 | 2 IN | API 6A,VALVE,,ASTM A182 F22,2 IN,,API 6A,NOS,"{""connection_type"": """", ""construction"": """", ""end_type"": """", ""material"": """", ""material_family"": ""VALVE"", ""material_grade"": ""ASTM A182 F22"", ""material_subtype"": """", ""material_type"": """", ""nominal_size"": """", ""orientation"": """", ""pressure_class"": """", ""rating"": """", ""size"": ""2 IN"", ""specification"": ""API 6A"", ""standard"": ""API 6A"", ""unit"": ""NOS""}",ONGC,1,STANDALONE_CANDIDATE,1.0,b55a699c753a3276f06dc13337633e0d0b6b85bd2cd0c69c3c1a50cb5e9a71c3,,,
CMM-VALVE-B66A8F-001,CMM-VALVE-B66A8F-001,VALVE | LCB | DN 50 | API 600,VALVE,,LCB,DN 50,,API 600,NOS,"{""connection_type"": """", ""construction"": """", ""end_type"": """", ""material"": """", ""material_family"": ""VALVE"", ""material_grade"": ""LCB"", ""material_subtype"": """", ""material_type"": """", ""nominal_size"": """", ""orientation"": """", ""pressure_class"": """", ""rating"": """", ""size"": ""DN 50"", ""specification"": ""API 600"", ""standard"": ""API 600"", ""unit"": ""NOS""}",Coal India;ONGC,2,VERIFIED_HARMONIZED,1.0,b66a8ff38db9f9e0a72a5dbe89e0cc06907918bd3fb530927234736facf0badc,,,
CMM-VALVE-B76F3D-001,CMM-VALVE-B76F3D-001,VALVE | ASTM A182 F22 | 2 IN | API 6A,VALVE,,ASTM A182 F22,2 IN,,API 6A,NOS,"{""connection_type"": """", ""construction"": """", ""end_type"": """", ""material"": """", ""material_family"": ""VALVE"", ""material_grade"": ""ASTM A182 F22"", ""material_subtype"": """", ""material_type"": """", ""nominal_size"": """", ""orientation"": """", ""pressure_class"": """", ""rating"": """", ""size"": ""2 IN"", ""specification"": ""API 6A"", ""standard"": ""API 6A"", ""unit"": ""NOS""}",ONGC,1,STANDALONE_CANDIDATE,1.0,b76f3daabf5fd162ba7dc8fbdb5cd03a774a11e9fa29c54d80806ed8d7f8209d,,,
CMM-VALVE-B7728C-001,CMM-VALVE-B7728C-001,VALVE | ASTM A217 WC6 | 6 IN | ASME B16.34,VALVE,,ASTM A217 WC6,6 IN,,ASME B16.34,NOS,"{""connection_type"": """", ""construction"": """", ""end_type"": """", ""material"": """", ""material_family"": ""VALVE"", ""material_grade"": ""ASTM A217 WC6"", ""material_subtype"": """", ""material_type"": """", ""nominal_size"": """", ""orientation"": """", ""pressure_class"": """", ""rating"": """", ""size"": ""6 IN"", ""specification"": ""ASME B16.34"", ""standard"": ""ASME B16.34"", ""unit"": ""NOS""}",BHEL,1,STANDALONE_CANDIDATE,1.0,b7728ca22477f4d48d11dafc9ca686cb29a254af800bb9ba06214f8696495bc8,,,
CMM-VALVE-B79326-001,CMM-VALVE-B79326-001,VALVE | ASTM A217 WC6 | 6 IN | ASME B16.34,VALVE,,ASTM A217 WC6,6 IN,,ASME B16.34,NOS,"{""connection_type"": """", ""construction"": """", ""end_type"": """", ""material"": """", ""material_family"": ""VALVE"", ""material_grade"": ""ASTM A217 WC6"", ""material_subtype"": """", ""material_type"": """", ""nominal_size"": """", ""orientation"": """", ""pressure_class"": """", ""rating"": """", ""size"": ""6 IN"", ""specification"": ""ASME B16.34"", ""standard"": ""ASME B16.34"", ""unit"": ""NOS""}",BHEL,1,STANDALONE_CANDIDATE,1.0,b793267437019392900314f30bfa43234703c8e7eeb5aa49536f21c9d9f47932,,,
CMM-VALVE-B7E63E-001,CMM-VALVE-B7E63E-001,VALVE | GATE VALVE | SS 304 | 2 IN | API 602,VALVE,GATE VALVE,SS 304,2 IN,,API 602,NOS,"{""connection_type"": """", ""construction"": """", ""end_type"": """", ""material"": ""STAINLESS STEEL"", ""material_family"": ""VALVE"", ""material_grade"": ""SS 304"", ""material_subtype"": """", ""material_type"": ""GATE VALVE"", ""nominal_size"": """", ""orientation"": """", ""pressure_class"": """", ""rating"": """", ""size"": ""2 IN"", ""specification"": ""API 602"", ""standard"": ""API 602"", ""unit"": ""NOS""}",NTPC,1,STANDALONE_CANDIDATE,1.0,b7e63e759079c2aa73b51d037696f79d2cb19dbd691f1451ea3f9a26bd836de7,,,
CMM-VALVE-B7ED19-001,CMM-VALVE-B7ED19-001,VALVE | ASTM A217 WC6 | 6 IN | ASME B16.34,VALVE,,ASTM A217 WC6,6 IN,,ASME B16.34,NOS,"{""connection_type"": """", ""construction"": """", ""end_type"": """", ""material"": """", ""material_family"": ""VALVE"", ""material_grade"": ""ASTM A217 WC6"", ""material_subtype"": """", ""material_type"": """", ""nominal_size"": """", ""orientation"": """", ""pressure_class"": """", ""rating"": """", ""size"": ""6 IN"", ""specification"": ""ASME B16.34"", ""standard"": ""ASME B16.34"", ""unit"": ""NOS""}",BHEL,1,STANDALONE_CANDIDATE,1.0,b7ed19c2a10efb2007aaea0361cc5c5f108e04eb2c9c936c260f02881f0f74ac,,,
CMM-VALVE-B96D44-001,CMM-VALVE-B96D44-001,VALVE | ASTM A217 C5 | 4 IN | API 599,VALVE,,ASTM A217 C5,4 IN,,API 599,NOS,"{""connection_type"": """", ""construction"": """", ""end_type"": """", ""material"": """", ""material_family"": ""VALVE"", ""material_grade"": ""ASTM A217 C5"", ""material_subtype"": """", ""material_type"": """", ""nominal_size"": """", ""orientation"": """", ""pressure_class"": """", ""rating"": """", ""size"": ""4 IN"", ""specification"": ""API 599"", ""standard"": ""API 599"", ""unit"": ""NOS""}",IOCL,1,STANDALONE_CANDIDATE,1.0,b96d447f9c540e759d6d9ad53c292cf9cb5d6b728340541924bb0d2f921198fc,,,
CMM-VALVE-BC53DA-001,CMM-VALVE-BC53DA-001,VALVE | ASTM A217 WC6 | 6 IN | ASME B16.34,VALVE,,ASTM A217 WC6,6 IN,,ASME B16.34,NOS,"{""connection_type"": """", ""construction"": """", ""end_type"": """", ""material"": """", ""material_family"": ""VALVE"", ""material_grade"": ""ASTM A217 WC6"", ""material_subtype"": """", ""material_type"": """", ""nominal_size"": """", ""orientation"": """", ""pressure_class"": """", ""rating"": """", ""size"": ""6 IN"", ""specification"": ""ASME B16.34"", ""standard"": ""ASME B16.34"", ""unit"": ""NOS""}",BHEL,1,STANDALONE_CANDIDATE,1.0,bc53da97781e358b33df07ecae3b389c093d61aaa06effc7f978dfe2ee508225,,,
CMM-VALVE-C01430-001,CMM-VALVE-C01430-001,VALVE | BALL VALVE | ASTM A351 CF8M | DN 100 | ASTM A351,VALVE,BALL VALVE,ASTM A351 CF8M,DN 100,,ASTM A351,NOS,"{""connection_type"": """", ""construction"": """", ""end_type"": """", ""material"": """", ""material_family"": ""VALVE"", ""material_grade"": ""ASTM A351 CF8M"", ""material_subtype"": """", ""material_type"": ""BALL VALVE"", ""nominal_size"": """", ""orientation"": """", ""pressure_class"": """", ""rating"": """", ""size"": ""DN 100"", ""specification"": ""BS 1873"", ""standard"": ""ASTM A351"", ""unit"": ""NOS""}",BHEL,1,STANDALONE_CANDIDATE,1.0,c0143069092d695e1d07d4dc29b837533b93e65b9ed5c236c1e02bc5d50fae35,,,
CMM-VALVE-C06547-001,CMM-VALVE-C06547-001,VALVE | ASTM A182 F22 | 2 IN | API 6A,VALVE,,ASTM A182 F22,2 IN,,API 6A,NOS,"{""connection_type"": """", ""construction"": """", ""end_type"": """", ""material"": """", ""material_family"": ""VALVE"", ""material_grade"": ""ASTM A182 F22"", ""material_subtype"": """", ""material_type"": """", ""nominal_size"": """", ""orientation"": """", ""pressure_class"": """", ""rating"": """", ""size"": ""2 IN"", ""specification"": ""API 6A"", ""standard"": ""API 6A"", ""unit"": ""NOS""}",ONGC,1,STANDALONE_CANDIDATE,1.0,c06547dba0bb8b742d51475ad6b9bbd9a8bf69e28f81cbd11fe3ab86765f330a,,,
CMM-VALVE-C0CF03-001,CMM-VALVE-C0CF03-001,VALVE | GATE VALVE | SS 304 | 1/2 IN | ASME B16.34,VALVE,GATE VALVE,SS 304,1/2 IN,,ASME B16.34,NOS,"{""connection_type"": """", ""construction"": """", ""end_type"": """", ""material"": ""STAINLESS STEEL"", ""material_family"": ""VALVE"", ""material_grade"": ""SS 304"", ""material_subtype"": """", ""material_type"": ""GATE VALVE"", ""nominal_size"": """", ""orientation"": """", ""pressure_class"": """", ""rating"": """", ""size"": ""1/2 IN"", ""specification"": ""ASME B16.34"", ""standard"": ""ASME B16.34"", ""unit"": ""NOS""}",BHEL,1,STANDALONE_CANDIDATE,1.0,c0cf03df0c41daecf266be94b17f33862ca1b1ada0d4737de469e2c5c9db6c21,,,
CMM-VALVE-C12B9C-001,CMM-VALVE-C12B9C-001,VALVE | GLOBE VALVE | LCB | 2 IN | ASME B16.34,VALVE,GLOBE VALVE,LCB,2 IN,,ASME B16.34,NOS,"{""connection_type"": """", ""construction"": """", ""end_type"": """", ""material"": """", ""material_family"": ""VALVE"", ""material_grade"": ""LCB"", ""material_subtype"": """", ""material_type"": ""GLOBE VALVE"", ""nominal_size"": """", ""orientation"": """", ""pressure_class"": """", ""rating"": """", ""size"": ""2 IN"", ""specification"": ""ASME B16.34"", ""standard"": ""ASME B16.34"", ""unit"": ""NOS""}",BHEL;IOCL;NMDC;ONGC;SAIL,5,VERIFIED_HARMONIZED,1.0,c12b9c2eb313f0fc50c38c5f59b8e5a274b925fa07e2ef61e6296d898c90a5d1,,,
CMM-VALVE-C2C454-001,CMM-VALVE-C2C454-001,VALVE | ASTM A217 WC6 | 6 IN | ASME B16.34,VALVE,,ASTM A217 WC6,6 IN,,ASME B16.34,NOS,"{""connection_type"": """", ""construction"": """", ""end_type"": """", ""material"": """", ""material_family"": ""VALVE"", ""material_grade"": ""ASTM A217 WC6"", ""material_subtype"": """", ""material_type"": """", ""nominal_size"": """", ""orientation"": """", ""pressure_class"": """", ""rating"": """", ""size"": ""6 IN"", ""specification"": ""ASME B16.34"", ""standard"": ""ASME B16.34"", ""unit"": ""NOS""}",BHEL,1,STANDALONE_CANDIDATE,1.0,c2c454b7e7e95c5be49746009f59aee6cbca4dd7badeff9767b75b18591f3b32,,,
CMM-VALVE-C4AB63-001,CMM-VALVE-C4AB63-001,VALVE | ASTM A217 C5 | 4 IN | API 599,VALVE,,ASTM A217 C5,4 IN,,API 599,NOS,"{""connection_type"": """", ""construction"": """", ""end_type"": """", ""material"": """", ""material_family"": ""VALVE"", ""material_grade"": ""ASTM A217 C5"", ""material_subtype"": """", ""material_type"": """", ""nominal_size"": """", ""orientation"": """", ""pressure_class"": """", ""rating"": """", ""size"": ""4 IN"", ""specification"": ""API 599"", ""standard"": ""API 599"", ""unit"": ""NOS""}",IOCL,1,STANDALONE_CANDIDATE,1.0,c4ab63b6fa0515a86d9d0e162804a312a55dacd61e09e1d177301060031d3ed1,,,
CMM-VALVE-C79168-001,CMM-VALVE-C79168-001,VALVE | ASTM A182 F22 | 2 IN | API 6A,VALVE,,ASTM A182 F22,2 IN,,API 6A,NOS,"{""connection_type"": """", ""construction"": """", ""end_type"": """", ""material"": """", ""material_family"": ""VALVE"", ""material_grade"": ""ASTM A182 F22"", ""material_subtype"": """", ""material_type"": """", ""nominal_size"": """", ""orientation"": """", ""pressure_class"": """", ""rating"": """", ""size"": ""2 IN"", ""specification"": ""API 6A"", ""standard"": ""API 6A"", ""unit"": ""NOS""}",ONGC,1,STANDALONE_CANDIDATE,1.0,c79168de1380eee18c080082eec5d82d64ab492d54432d626e8178e51361ccae,,,
CMM-VALVE-C7A5F6-001,CMM-VALVE-C7A5F6-001,VALVE | ASTM A182 F22 | 2 IN | API 6A,VALVE,,ASTM A182 F22,2 IN,,API 6A,NOS,"{""connection_type"": """", ""construction"": """", ""end_type"": """", ""material"": """", ""material_family"": ""VALVE"", ""material_grade"": ""ASTM A182 F22"", ""material_subtype"": """", ""material_type"": """", ""nominal_size"": """", ""orientation"": """", ""pressure_class"": """", ""rating"": """", ""size"": ""2 IN"", ""specification"": ""API 6A"", ""standard"": ""API 6A"", ""unit"": ""NOS""}",ONGC,1,STANDALONE_CANDIDATE,1.0,c7a5f67344d1462b40c1783b492be1ed3bbbee4caf9f94d39328e5fe735dacb5,,,
CMM-VALVE-CDF5F5-001,CMM-VALVE-CDF5F5-001,VALVE | ASTM A217 C5 | 4 IN | API 599,VALVE,,ASTM A217 C5,4 IN,,API 599,NOS,"{""connection_type"": """", ""construction"": """", ""end_type"": """", ""material"": """", ""material_family"": ""VALVE"", ""material_grade"": ""ASTM A217 C5"", ""material_subtype"": """", ""material_type"": """", ""nominal_size"": """", ""orientation"": """", ""pressure_class"": """", ""rating"": """", ""size"": ""4 IN"", ""specification"": ""API 599"", ""standard"": ""API 599"", ""unit"": ""NOS""}",IOCL,1,STANDALONE_CANDIDATE,1.0,cdf5f52411c16dda971763ee908b0df40498125bb19672e9fa75abb27eba9dd5,,,
CMM-VALVE-CE16C7-001,CMM-VALVE-CE16C7-001,VALVE | BALL VALVE | SS 304 | DN 150 | BS 1873,VALVE,BALL VALVE,SS 304,DN 150,,BS 1873,NOS,"{""connection_type"": """", ""construction"": """", ""end_type"": """", ""material"": ""STAINLESS STEEL"", ""material_family"": ""VALVE"", ""material_grade"": ""SS 304"", ""material_subtype"": """", ""material_type"": ""BALL VALVE"", ""nominal_size"": """", ""orientation"": """", ""pressure_class"": """", ""rating"": """", ""size"": ""DN 150"", ""specification"": ""BS 1873"", ""standard"": """", ""unit"": ""NOS""}",ONGC,1,STANDALONE_CANDIDATE,1.0,ce16c7ae00c8665cc4c4bf53addd33af0f6167e2b337d3188c46d323ea6a1e36,,,
CMM-VALVE-D1E7C1-001,CMM-VALVE-D1E7C1-001,VALVE | ASTM A182 F22 | 2 IN | API 6A,VALVE,,ASTM A182 F22,2 IN,,API 6A,NOS,"{""connection_type"": """", ""construction"": """", ""end_type"": """", ""material"": """", ""material_family"": ""VALVE"", ""material_grade"": ""ASTM A182 F22"", ""material_subtype"": """", ""material_type"": """", ""nominal_size"": """", ""orientation"": """", ""pressure_class"": """", ""rating"": """", ""size"": ""2 IN"", ""specification"": ""API 6A"", ""standard"": ""API 6A"", ""unit"": ""NOS""}",ONGC,1,STANDALONE_CANDIDATE,1.0,d1e7c1d956fae1d734893706f82cbc98b01f7a4d95a703750db61736ae3ff2bf,,,
CMM-VALVE-D1F8A9-001,CMM-VALVE-D1F8A9-001,VALVE | ASTM A217 C5 | 4 IN | API 599,VALVE,,ASTM A217 C5,4 IN,,API 599,NOS,"{""connection_type"": """", ""construction"": """", ""end_type"": """", ""material"": """", ""material_family"": ""VALVE"", ""material_grade"": ""ASTM A217 C5"", ""material_subtype"": """", ""material_type"": """", ""nominal_size"": """", ""orientation"": """", ""pressure_class"": """", ""rating"": """", ""size"": ""4 IN"", ""specification"": ""API 599"", ""standard"": ""API 599"", ""unit"": ""NOS""}",IOCL,1,STANDALONE_CANDIDATE,1.0,d1f8a9a31c0f4b074dc6ccf367b9264a3f80fe29795d11428c7646cd4d674be0,,,
CMM-VALVE-D21FCF-001,CMM-VALVE-D21FCF-001,VALVE | ASTM A217 WC6 | 6 IN | ASME B16.34,VALVE,,ASTM A217 WC6,6 IN,,ASME B16.34,NOS,"{""connection_type"": """", ""construction"": """", ""end_type"": """", ""material"": """", ""material_family"": ""VALVE"", ""material_grade"": ""ASTM A217 WC6"", ""material_subtype"": """", ""material_type"": """", ""nominal_size"": """", ""orientation"": """", ""pressure_class"": """", ""rating"": """", ""size"": ""6 IN"", ""specification"": ""ASME B16.34"", ""standard"": ""ASME B16.34"", ""unit"": ""NOS""}",BHEL,1,STANDALONE_CANDIDATE,1.0,d21fcf37cd2c2ad5255cb597595b31734fb0cec2df5ec490733792437eb96ccf,,,
CMM-VALVE-D35F93-001,CMM-VALVE-D35F93-001,VALVE | GATE VALVE | ASTM A351 CF8M | DN 100 | API 598,VALVE,GATE VALVE,ASTM A351 CF8M,DN 100,,API 598,NOS,"{""connection_type"": """", ""construction"": """", ""end_type"": """", ""material"": """", ""material_family"": ""VALVE"", ""material_grade"": ""ASTM A351 CF8M"", ""material_subtype"": """", ""material_type"": ""GATE VALVE"", ""nominal_size"": """", ""orientation"": """", ""pressure_class"": """", ""rating"": """", ""size"": ""DN 100"", ""specification"": ""API 598"", ""standard"": ""API 598"", ""unit"": ""NOS""}",HPCL,1,STANDALONE_CANDIDATE,1.0,d35f93b1627ab1e6862ce6469c997a7560245e110431a84a8637d696b8f5bfb0,,,
CMM-VALVE-D3728A-001,CMM-VALVE-D3728A-001,VALVE | ASTM A217 C5 | 4 IN | API 599,VALVE,,ASTM A217 C5,4 IN,,API 599,NOS,"{""connection_type"": """", ""construction"": """", ""end_type"": """", ""material"": """", ""material_family"": ""VALVE"", ""material_grade"": ""ASTM A217 C5"", ""material_subtype"": """", ""material_type"": """", ""nominal_size"": """", ""orientation"": """", ""pressure_class"": """", ""rating"": """", ""size"": ""4 IN"", ""specification"": ""API 599"", ""standard"": ""API 599"", ""unit"": ""NOS""}",IOCL,1,STANDALONE_CANDIDATE,1.0,d3728a4a143c325a646e22a9079af2bf10cc5b109e7f5ac46f0d2f797b742758,,,
CMM-VALVE-D51ED1-001,CMM-VALVE-D51ED1-001,VALVE | ASTM A217 C5 | 4 IN | API 599,VALVE,,ASTM A217 C5,4 IN,,API 599,NOS,"{""connection_type"": """", ""construction"": """", ""end_type"": """", ""material"": """", ""material_family"": ""VALVE"", ""material_grade"": ""ASTM A217 C5"", ""material_subtype"": """", ""material_type"": """", ""nominal_size"": """", ""orientation"": """", ""pressure_class"": """", ""rating"": """", ""size"": ""4 IN"", ""specification"": ""API 599"", ""standard"": ""API 599"", ""unit"": ""NOS""}",IOCL,1,STANDALONE_CANDIDATE,1.0,d51ed1562326250d20907edfbde1056ce39ade7f394de779c60d55f096496f38,,,
CMM-VALVE-D56453-001,CMM-VALVE-D56453-001,VALVE | ASTM A217 WC6 | 6 IN | ASME B16.34,VALVE,,ASTM A217 WC6,6 IN,,ASME B16.34,NOS,"{""connection_type"": """", ""construction"": """", ""end_type"": """", ""material"": """", ""material_family"": ""VALVE"", ""material_grade"": ""ASTM A217 WC6"", ""material_subtype"": """", ""material_type"": """", ""nominal_size"": """", ""orientation"": """", ""pressure_class"": """", ""rating"": """", ""size"": ""6 IN"", ""specification"": ""ASME B16.34"", ""standard"": ""ASME B16.34"", ""unit"": ""NOS""}",BHEL,1,STANDALONE_CANDIDATE,1.0,d564535dc376b8b09986755c4ac3d0c4e39e1025fbdae1784dca1d5826c93d56,,,
CMM-VALVE-D5BC99-001,CMM-VALVE-D5BC99-001,VALVE | ASTM A217 WC6 | 6 IN | ASME B16.34,VALVE,,ASTM A217 WC6,6 IN,,ASME B16.34,NOS,"{""connection_type"": """", ""construction"": """", ""end_type"": """", ""material"": """", ""material_family"": ""VALVE"", ""material_grade"": ""ASTM A217 WC6"", ""material_subtype"": """", ""material_type"": """", ""nominal_size"": """", ""orientation"": """", ""pressure_class"": """", ""rating"": """", ""size"": ""6 IN"", ""specification"": ""ASME B16.34"", ""standard"": ""ASME B16.34"", ""unit"": ""NOS""}",BHEL,1,STANDALONE_CANDIDATE,1.0,d5bc99030134e2793ca38cad1f4ede543d5f11c37090b4a35870e67496647bf3,,,
CMM-VALVE-D62059-001,CMM-VALVE-D62059-001,VALVE | CHECK VALVE | ASTM A351 CF8M | DN 150 | API 598,VALVE,CHECK VALVE,ASTM A351 CF8M,DN 150,,API 598,NOS,"{""connection_type"": """", ""construction"": """", ""end_type"": """", ""material"": """", ""material_family"": ""VALVE"", ""material_grade"": ""ASTM A351 CF8M"", ""material_subtype"": """", ""material_type"": ""CHECK VALVE"", ""nominal_size"": """", ""orientation"": """", ""pressure_class"": """", ""rating"": """", ""size"": ""DN 150"", ""specification"": ""API 598"", ""standard"": ""API 598"", ""unit"": ""NOS""}",NTPC,1,STANDALONE_CANDIDATE,1.0,d6205918935b0a4f2ba8ee7109f199df6932ddbf19cf78196c36a77bcfc0716f,,,
CMM-VALVE-D627F3-001,CMM-VALVE-D627F3-001,VALVE | BALL VALVE | ASTM A351 CF8M | 1/2 IN | API 602,VALVE,BALL VALVE,ASTM A351 CF8M,1/2 IN,,API 602,NOS,"{""connection_type"": """", ""construction"": """", ""end_type"": """", ""material"": """", ""material_family"": ""VALVE"", ""material_grade"": ""ASTM A351 CF8M"", ""material_subtype"": """", ""material_type"": ""BALL VALVE"", ""nominal_size"": """", ""orientation"": """", ""pressure_class"": """", ""rating"": """", ""size"": ""1/2 IN"", ""specification"": ""API 602"", ""standard"": ""API 602"", ""unit"": ""NOS""}",NMDC,1,STANDALONE_CANDIDATE,1.0,d627f3db13b3889f4651c74ea97f3af6cfeec24021052dcbf9b1af412043728e,,,
CMM-VALVE-DA9120-001,CMM-VALVE-DA9120-001,VALVE | ASTM A217 C5 | 4 IN | API 599,VALVE,,ASTM A217 C5,4 IN,,API 599,NOS,"{""connection_type"": """", ""construction"": """", ""end_type"": """", ""material"": """", ""material_family"": ""VALVE"", ""material_grade"": ""ASTM A217 C5"", ""material_subtype"": """", ""material_type"": """", ""nominal_size"": """", ""orientation"": """", ""pressure_class"": """", ""rating"": """", ""size"": ""4 IN"", ""specification"": ""API 599"", ""standard"": ""API 599"", ""unit"": ""NOS""}",IOCL,1,STANDALONE_CANDIDATE,1.0,da9120c266e6da03e6f5f9d6a676e94483698ca706f5829215cd9156e252d18a,,,
CMM-VALVE-DBB44B-001,CMM-VALVE-DBB44B-001,VALVE | SS 316 | 4 IN | API 600,VALVE,,SS 316,4 IN,,API 600,NOS,"{""connection_type"": """", ""construction"": """", ""end_type"": """", ""material"": ""STAINLESS STEEL"", ""material_family"": ""VALVE"", ""material_grade"": ""SS 316"", ""material_subtype"": """", ""material_type"": """", ""nominal_size"": """", ""orientation"": """", ""pressure_class"": """", ""rating"": """", ""size"": ""4 IN"", ""specification"": ""API 600"", ""standard"": ""API 600"", ""unit"": ""NOS""}",BHEL;Coal India;SAIL,3,VERIFIED_HARMONIZED,1.0,dbb44b11e8ae1a32ba4ad1bcc290823aa26f8e854ff99eaea4bc6e9ac69cb34a,,,
CMM-VALVE-DC1731-001,CMM-VALVE-DC1731-001,VALVE | BALL VALVE | ASTM A216 WCB | 1/2 IN | API 600,VALVE,BALL VALVE,ASTM A216 WCB,1/2 IN,,API 600,NOS,"{""connection_type"": """", ""construction"": """", ""end_type"": """", ""material"": """", ""material_family"": ""VALVE"", ""material_grade"": ""ASTM A216 WCB"", ""material_subtype"": """", ""material_type"": ""BALL VALVE"", ""nominal_size"": """", ""orientation"": """", ""pressure_class"": """", ""rating"": """", ""size"": ""1/2 IN"", ""specification"": ""API 600"", ""standard"": ""API 600"", ""unit"": ""NOS""}",NMDC,1,STANDALONE_CANDIDATE,1.0,dc17319b16005521ac0bd60a737d24915a3a827f739f930c0400d365a71da482,,,
CMM-VALVE-DC723B-001,CMM-VALVE-DC723B-001,VALVE | ASTM A217 C5 | 4 IN | API 599,VALVE,,ASTM A217 C5,4 IN,,API 599,NOS,"{""connection_type"": """", ""construction"": """", ""end_type"": """", ""material"": """", ""material_family"": ""VALVE"", ""material_grade"": ""ASTM A217 C5"", ""material_subtype"": """", ""material_type"": """", ""nominal_size"": """", ""orientation"": """", ""pressure_class"": """", ""rating"": """", ""size"": ""4 IN"", ""specification"": ""API 599"", ""standard"": ""API 599"", ""unit"": ""NOS""}",IOCL,1,STANDALONE_CANDIDATE,1.0,dc723b4d95c352d1828a2038101470ef52ca041ebe4d5e1f552c3f741bc818ca,,,
CMM-VALVE-DCDC32-001,CMM-VALVE-DCDC32-001,VALVE | BALL VALVE | ASTM A216 WCB | DN 100 | ASTM A216 WCB,VALVE,BALL VALVE,ASTM A216 WCB,DN 100,,ASTM A216 WCB,NOS,"{""connection_type"": """", ""construction"": """", ""end_type"": """", ""material"": """", ""material_family"": ""VALVE"", ""material_grade"": ""ASTM A216 WCB"", ""material_subtype"": """", ""material_type"": ""BALL VALVE"", ""nominal_size"": """", ""orientation"": """", ""pressure_class"": """", ""rating"": """", ""size"": ""DN 100"", ""specification"": ""BS 1873"", ""standard"": ""ASTM A216 WCB"", ""unit"": ""NOS""}",ONGC,1,STANDALONE_CANDIDATE,1.0,dcdc323120daa53d814cfff64db3082ec68238236b95ab44be037e2718ce0fb3,,,
CMM-VALVE-E1352C-001,CMM-VALVE-E1352C-001,VALVE | BALL VALVE | SS 316 | DN 150 | BS 1873,VALVE,BALL VALVE,SS 316,DN 150,,BS 1873,NOS,"{""connection_type"": """", ""construction"": """", ""end_type"": """", ""material"": ""STAINLESS STEEL"", ""material_family"": ""VALVE"", ""material_grade"": ""SS 316"", ""material_subtype"": """", ""material_type"": ""BALL VALVE"", ""nominal_size"": """", ""orientation"": """", ""pressure_class"": """", ""rating"": """", ""size"": ""DN 150"", ""specification"": ""BS 1873"", ""standard"": """", ""unit"": ""NOS""}",NTPC,1,STANDALONE_CANDIDATE,1.0,e1352c4c3bd54d526285172c2fb79cc0f3b0089c38ba5bd87ddc8a8abc4fad94,,,
CMM-VALVE-E15EAD-001,CMM-VALVE-E15EAD-001,VALVE | ASTM A217 C5 | 4 IN | API 599,VALVE,,ASTM A217 C5,4 IN,,API 599,NOS,"{""connection_type"": """", ""construction"": """", ""end_type"": """", ""material"": """", ""material_family"": ""VALVE"", ""material_grade"": ""ASTM A217 C5"", ""material_subtype"": """", ""material_type"": """", ""nominal_size"": """", ""orientation"": """", ""pressure_class"": """", ""rating"": """", ""size"": ""4 IN"", ""specification"": ""API 599"", ""standard"": ""API 599"", ""unit"": ""NOS""}",IOCL,1,STANDALONE_CANDIDATE,1.0,e15eadef11231c76f6f54369d8fe031fa9c2ecb0bbd0bacf3a916b16cdb91ecc,,,
CMM-VALVE-E26A0B-001,CMM-VALVE-E26A0B-001,VALVE | ASTM A182 F22 | 2 IN | API 6A,VALVE,,ASTM A182 F22,2 IN,,API 6A,NOS,"{""connection_type"": """", ""construction"": """", ""end_type"": """", ""material"": """", ""material_family"": ""VALVE"", ""material_grade"": ""ASTM A182 F22"", ""material_subtype"": """", ""material_type"": """", ""nominal_size"": """", ""orientation"": """", ""pressure_class"": """", ""rating"": """", ""size"": ""2 IN"", ""specification"": ""API 6A"", ""standard"": ""API 6A"", ""unit"": ""NOS""}",ONGC,1,STANDALONE_CANDIDATE,1.0,e26a0ba547f98d817461d8edd4b17d484821e11dac4e4054452dd6743dab46e2,,,
CMM-VALVE-E59936-001,CMM-VALVE-E59936-001,VALVE | ASTM A217 WC6 | 6 IN | ASME B16.34,VALVE,,ASTM A217 WC6,6 IN,,ASME B16.34,NOS,"{""connection_type"": """", ""construction"": """", ""end_type"": """", ""material"": """", ""material_family"": ""VALVE"", ""material_grade"": ""ASTM A217 WC6"", ""material_subtype"": """", ""material_type"": """", ""nominal_size"": """", ""orientation"": """", ""pressure_class"": """", ""rating"": """", ""size"": ""6 IN"", ""specification"": ""ASME B16.34"", ""standard"": ""ASME B16.34"", ""unit"": ""NOS""}",BHEL,1,STANDALONE_CANDIDATE,1.0,e599363edcc8d2eb276d2ba39ae4f4a02557f5fb0f942da2e39c45da0c4679e0,,,
CMM-VALVE-E7B3FB-001,CMM-VALVE-E7B3FB-001,VALVE | ASTM A217 C5 | 4 IN | API 599,VALVE,,ASTM A217 C5,4 IN,,API 599,NOS,"{""connection_type"": """", ""construction"": """", ""end_type"": """", ""material"": """", ""material_family"": ""VALVE"", ""material_grade"": ""ASTM A217 C5"", ""material_subtype"": """", ""material_type"": """", ""nominal_size"": """", ""orientation"": """", ""pressure_class"": """", ""rating"": """", ""size"": ""4 IN"", ""specification"": ""API 599"", ""standard"": ""API 599"", ""unit"": ""NOS""}",IOCL,1,STANDALONE_CANDIDATE,1.0,e7b3fb9c04311d5cb66d359b0cbcab6b5bf7edd605a5ce3f8c2053411039a04a,,,
CMM-VALVE-E8D56B-001,CMM-VALVE-E8D56B-001,VALVE | ASTM A217 C5 | 4 IN | API 599,VALVE,,ASTM A217 C5,4 IN,,API 599,NOS,"{""connection_type"": """", ""construction"": """", ""end_type"": """", ""material"": """", ""material_family"": ""VALVE"", ""material_grade"": ""ASTM A217 C5"", ""material_subtype"": """", ""material_type"": """", ""nominal_size"": """", ""orientation"": """", ""pressure_class"": """", ""rating"": """", ""size"": ""4 IN"", ""specification"": ""API 599"", ""standard"": ""API 599"", ""unit"": ""NOS""}",IOCL,1,STANDALONE_CANDIDATE,1.0,e8d56b9b64cc4c78382fd18791c0fbc7b4756a6baa880a8a3260d4492d0f571a,,,
CMM-VALVE-EA4949-001,CMM-VALVE-EA4949-001,VALVE | ASTM A217 C5 | 4 IN | API 599,VALVE,,ASTM A217 C5,4 IN,,API 599,NOS,"{""connection_type"": """", ""construction"": """", ""end_type"": """", ""material"": """", ""material_family"": ""VALVE"", ""material_grade"": ""ASTM A217 C5"", ""material_subtype"": """", ""material_type"": """", ""nominal_size"": """", ""orientation"": """", ""pressure_class"": """", ""rating"": """", ""size"": ""4 IN"", ""specification"": ""API 599"", ""standard"": ""API 599"", ""unit"": ""NOS""}",IOCL,1,STANDALONE_CANDIDATE,1.0,ea494901b4f11bed9df0d5b6fd415bf6de73cc15e71868e6913d9f10bc400a56,,,
CMM-VALVE-EAB880-001,CMM-VALVE-EAB880-001,VALVE | ASTM A217 C5 | 4 IN | API 599,VALVE,,ASTM A217 C5,4 IN,,API 599,NOS,"{""connection_type"": """", ""construction"": """", ""end_type"": """", ""material"": """", ""material_family"": ""VALVE"", ""material_grade"": ""ASTM A217 C5"", ""material_subtype"": """", ""material_type"": """", ""nominal_size"": """", ""orientation"": """", ""pressure_class"": """", ""rating"": """", ""size"": ""4 IN"", ""specification"": ""API 599"", ""standard"": ""API 599"", ""unit"": ""NOS""}",IOCL,1,STANDALONE_CANDIDATE,1.0,eab880f19adbacc76602dfcbca747822d2f2a21abb2dcd5b4a3a52e8441be082,,,
CMM-VALVE-EBCC19-001,CMM-VALVE-EBCC19-001,VALVE | CHECK VALVE | ASTM A216 WCB | 4 IN | BS 1873,VALVE,CHECK VALVE,ASTM A216 WCB,4 IN,,BS 1873,NOS,"{""connection_type"": """", ""construction"": """", ""end_type"": """", ""material"": """", ""material_family"": ""VALVE"", ""material_grade"": ""ASTM A216 WCB"", ""material_subtype"": """", ""material_type"": ""CHECK VALVE"", ""nominal_size"": """", ""orientation"": """", ""pressure_class"": """", ""rating"": """", ""size"": ""4 IN"", ""specification"": ""BS 1873"", ""standard"": """", ""unit"": ""NOS""}",Coal India;SAIL,2,VERIFIED_HARMONIZED,1.0,ebcc199f28c6f5aed8fa68a47db13de37f049761476151ebca00f2e7963342b9,,,
CMM-VALVE-EBEB4A-001,CMM-VALVE-EBEB4A-001,VALVE | BALL VALVE | SS 304 | 6 IN | API 600,VALVE,BALL VALVE,SS 304,6 IN,,API 600,NOS,"{""connection_type"": """", ""construction"": """", ""end_type"": """", ""material"": ""STAINLESS STEEL"", ""material_family"": ""VALVE"", ""material_grade"": ""SS 304"", ""material_subtype"": """", ""material_type"": ""BALL VALVE"", ""nominal_size"": """", ""orientation"": """", ""pressure_class"": """", ""rating"": """", ""size"": ""6 IN"", ""specification"": ""API 600"", ""standard"": ""API 600"", ""unit"": ""NOS""}",Coal India,1,STANDALONE_CANDIDATE,1.0,ebeb4aca496a0447798eee7040abda0a176db0074d19445b277a7fac4364da95,,,
CMM-VALVE-EC01C6-001,CMM-VALVE-EC01C6-001,VALVE | ASTM A217 C5 | 4 IN | API 599,VALVE,,ASTM A217 C5,4 IN,,API 599,NOS,"{""connection_type"": """", ""construction"": """", ""end_type"": """", ""material"": """", ""material_family"": ""VALVE"", ""material_grade"": ""ASTM A217 C5"", ""material_subtype"": """", ""material_type"": """", ""nominal_size"": """", ""orientation"": """", ""pressure_class"": """", ""rating"": """", ""size"": ""4 IN"", ""specification"": ""API 599"", ""standard"": ""API 599"", ""unit"": ""NOS""}",IOCL,1,STANDALONE_CANDIDATE,1.0,ec01c61485e0085d6fa4e050c8169823f30bd6822e9d7754f15c355352431a87,,,
CMM-VALVE-ED28F7-001,CMM-VALVE-ED28F7-001,VALVE | GLOBE VALVE | ASTM A351 CF8M | DN 150 | API 602,VALVE,GLOBE VALVE,ASTM A351 CF8M,DN 150,,API 602,NOS,"{""connection_type"": """", ""construction"": """", ""end_type"": """", ""material"": """", ""material_family"": ""VALVE"", ""material_grade"": ""ASTM A351 CF8M"", ""material_subtype"": """", ""material_type"": ""GLOBE VALVE"", ""nominal_size"": """", ""orientation"": """", ""pressure_class"": """", ""rating"": """", ""size"": ""DN 150"", ""specification"": ""API 602"", ""standard"": ""API 602"", ""unit"": ""NOS""}",NTPC,1,STANDALONE_CANDIDATE,1.0,ed28f72aa2ace150503fdba4f8356eb0161888716cf80a174427108ab7a405ba,,,
CMM-VALVE-F0B040-001,CMM-VALVE-F0B040-001,VALVE | BALL VALVE | ASTM A216 WCB | 1/2 IN | API 602,VALVE,BALL VALVE,ASTM A216 WCB,1/2 IN,,API 602,NOS,"{""connection_type"": """", ""construction"": """", ""end_type"": """", ""material"": """", ""material_family"": ""VALVE"", ""material_grade"": ""ASTM A216 WCB"", ""material_subtype"": """", ""material_type"": ""BALL VALVE"", ""nominal_size"": """", ""orientation"": """", ""pressure_class"": """", ""rating"": """", ""size"": ""1/2 IN"", ""specification"": ""API 602"", ""standard"": ""API 602"", ""unit"": ""NOS""}",ONGC,1,STANDALONE_CANDIDATE,1.0,f0b040823178b074ed88fbea510e03e08f26cd2b8ba6035dc4cd617a90525af4,,,
CMM-VALVE-F1D1B3-001,CMM-VALVE-F1D1B3-001,VALVE | ASTM A182 F22 | 2 IN | API 6A,VALVE,,ASTM A182 F22,2 IN,,API 6A,NOS,"{""connection_type"": """", ""construction"": """", ""end_type"": """", ""material"": """", ""material_family"": ""VALVE"", ""material_grade"": ""ASTM A182 F22"", ""material_subtype"": """", ""material_type"": """", ""nominal_size"": """", ""orientation"": """", ""pressure_class"": """", ""rating"": """", ""size"": ""2 IN"", ""specification"": ""API 6A"", ""standard"": ""API 6A"", ""unit"": ""NOS""}",ONGC,1,STANDALONE_CANDIDATE,1.0,f1d1b3d603dae7666defd2e547797bd22a44800febface5637baff291682f1d9,,,
CMM-VALVE-F44088-001,CMM-VALVE-F44088-001,VALVE | BUTTERFLY VALVE | SS 304 | 1 IN | API 598,VALVE,BUTTERFLY VALVE,SS 304,1 IN,,API 598,NOS,"{""connection_type"": """", ""construction"": """", ""end_type"": """", ""material"": ""STAINLESS STEEL"", ""material_family"": ""VALVE"", ""material_grade"": ""SS 304"", ""material_subtype"": """", ""material_type"": ""BUTTERFLY VALVE"", ""nominal_size"": """", ""orientation"": """", ""pressure_class"": """", ""rating"": """", ""size"": ""1 IN"", ""specification"": ""API 598"", ""standard"": ""API 598"", ""unit"": ""NOS""}",SAIL,1,STANDALONE_CANDIDATE,1.0,f440881eece9e95a96eee872a1aa39021d21b29ca698f91be1baf96da1c3f451,,,
CMM-VALVE-F45F68-001,CMM-VALVE-F45F68-001,VALVE | BUTTERFLY VALVE | SS 304 | 4 IN | API 598,VALVE,BUTTERFLY VALVE,SS 304,4 IN,,API 598,NOS,"{""connection_type"": """", ""construction"": """", ""end_type"": """", ""material"": ""STAINLESS STEEL"", ""material_family"": ""VALVE"", ""material_grade"": ""SS 304"", ""material_subtype"": """", ""material_type"": ""BUTTERFLY VALVE"", ""nominal_size"": """", ""orientation"": """", ""pressure_class"": """", ""rating"": """", ""size"": ""4 IN"", ""specification"": ""API 598"", ""standard"": ""API 598"", ""unit"": ""NOS""}",Coal India,1,STANDALONE_CANDIDATE,1.0,f45f687edd1bccaa89ac895c11bf12a2df0b48f87d8bf2b0d27c1c505a9870c1,,,
CMM-VALVE-F60DD7-001,CMM-VALVE-F60DD7-001,VALVE | ASTM A217 C5 | 4 IN | API 599,VALVE,,ASTM A217 C5,4 IN,,API 599,NOS,"{""connection_type"": """", ""construction"": """", ""end_type"": """", ""material"": """", ""material_family"": ""VALVE"", ""material_grade"": ""ASTM A217 C5"", ""material_subtype"": """", ""material_type"": """", ""nominal_size"": """", ""orientation"": """", ""pressure_class"": """", ""rating"": """", ""size"": ""4 IN"", ""specification"": ""API 599"", ""standard"": ""API 599"", ""unit"": ""NOS""}",IOCL,1,STANDALONE_CANDIDATE,1.0,f60dd7c674d83d227963619193717ae5413c8ecd510404e7df8aa445921cfc8f,,,
CMM-VALVE-F78F84-001,CMM-VALVE-F78F84-001,VALVE | ASTM A217 C5 | 4 IN | API 599,VALVE,,ASTM A217 C5,4 IN,,API 599,NOS,"{""connection_type"": """", ""construction"": """", ""end_type"": """", ""material"": """", ""material_family"": ""VALVE"", ""material_grade"": ""ASTM A217 C5"", ""material_subtype"": """", ""material_type"": """", ""nominal_size"": """", ""orientation"": """", ""pressure_class"": """", ""rating"": """", ""size"": ""4 IN"", ""specification"": ""API 599"", ""standard"": ""API 599"", ""unit"": ""NOS""}",IOCL,1,STANDALONE_CANDIDATE,1.0,f78f849247d3a182e6360213089e5b9c4f7fa4f46743cca1954fc3d54d733b00,,,
CMM-VALVE-FA98E0-001,CMM-VALVE-FA98E0-001,VALVE | ASTM A217 WC6 | 6 IN | ASME B16.34,VALVE,,ASTM A217 WC6,6 IN,,ASME B16.34,NOS,"{""connection_type"": """", ""construction"": """", ""end_type"": """", ""material"": """", ""material_family"": ""VALVE"", ""material_grade"": ""ASTM A217 WC6"", ""material_subtype"": """", ""material_type"": """", ""nominal_size"": """", ""orientation"": """", ""pressure_class"": """", ""rating"": """", ""size"": ""6 IN"", ""specification"": ""ASME B16.34"", ""standard"": ""ASME B16.34"", ""unit"": ""NOS""}",BHEL,1,STANDALONE_CANDIDATE,1.0,fa98e02bd0ebe633ef6197800239c2afb8a31d3b7209928c5e5b0bb1b8b73caa,,,
CMM-VALVE-FAC971-001,CMM-VALVE-FAC971-001,VALVE | ASTM A182 F22 | 2 IN | API 6A,VALVE,,ASTM A182 F22,2 IN,,API 6A,NOS,"{""connection_type"": """", ""construction"": """", ""end_type"": """", ""material"": """", ""material_family"": ""VALVE"", ""material_grade"": ""ASTM A182 F22"", ""material_subtype"": """", ""material_type"": """", ""nominal_size"": """", ""orientation"": """", ""pressure_class"": """", ""rating"": """", ""size"": ""2 IN"", ""specification"": ""API 6A"", ""standard"": ""API 6A"", ""unit"": ""NOS""}",ONGC,1,STANDALONE_CANDIDATE,1.0,fac97115c9f0f82ee76af0f26bcd47911e6a439b67c559d895d78ccf9fa16ded,,,
CMM-VALVE-FD2261-001,CMM-VALVE-FD2261-001,VALVE | ASTM A217 C5 | 4 IN | API 599,VALVE,,ASTM A217 C5,4 IN,,API 599,NOS,"{""connection_type"": """", ""construction"": """", ""end_type"": """", ""material"": """", ""material_family"": ""VALVE"", ""material_grade"": ""ASTM A217 C5"", ""material_subtype"": """", ""material_type"": """", ""nominal_size"": """", ""orientation"": """", ""pressure_class"": """", ""rating"": """", ""size"": ""4 IN"", ""specification"": ""API 599"", ""standard"": ""API 599"", ""unit"": ""NOS""}",IOCL,1,STANDALONE_CANDIDATE,1.0,fd226114f2547836a66f2a43e86843398d76618f62be15cae61039a28933b807,,,
CMM-VALVE-FD973B-001,CMM-VALVE-FD973B-001,VALVE | ASTM A217 C5 | 4 IN | API 599,VALVE,,ASTM A217 C5,4 IN,,API 599,NOS,"{""connection_type"": """", ""construction"": """", ""end_type"": """", ""material"": """", ""material_family"": ""VALVE"", ""material_grade"": ""ASTM A217 C5"", ""material_subtype"": """", ""material_type"": """", ""nominal_size"": """", ""orientation"": """", ""pressure_class"": """", ""rating"": """", ""size"": ""4 IN"", ""specification"": ""API 599"", ""standard"": ""API 599"", ""unit"": ""NOS""}",IOCL,1,STANDALONE_CANDIDATE,1.0,fd973b30ff9fea26a3b0df4ea32593f257dfecbd3d5fb2c93d4b651660e728b2,,,
CMM-VALVE-FDB76A-001,CMM-VALVE-FDB76A-001,VALVE | ASTM A182 F22 | 2 IN | API 6A,VALVE,,ASTM A182 F22,2 IN,,API 6A,NOS,"{""connection_type"": """", ""construction"": """", ""end_type"": """", ""material"": """", ""material_family"": ""VALVE"", ""material_grade"": ""ASTM A182 F22"", ""material_subtype"": """", ""material_type"": """", ""nominal_size"": """", ""orientation"": """", ""pressure_class"": """", ""rating"": """", ""size"": ""2 IN"", ""specification"": ""API 6A"", ""standard"": ""API 6A"", ""unit"": ""NOS""}",ONGC,1,STANDALONE_CANDIDATE,1.0,fdb76a83f07ccf53557b018105ef8d7e3f037296c1b3e3b9149a713620181b34,,,
CMM-VALVE-FE18AF-001,CMM-VALVE-FE18AF-001,VALVE | CHECK VALVE | ASTM A216 WCB | DN 150 | API 598,VALVE,CHECK VALVE,ASTM A216 WCB,DN 150,,API 598,NOS,"{""connection_type"": """", ""construction"": """", ""end_type"": """", ""material"": """", ""material_family"": ""VALVE"", ""material_grade"": ""ASTM A216 WCB"", ""material_subtype"": """", ""material_type"": ""CHECK VALVE"", ""nominal_size"": """", ""orientation"": """", ""pressure_class"": """", ""rating"": """", ""size"": ""DN 150"", ""specification"": ""API 598"", ""standard"": ""API 598"", ""unit"": ""NOS""}",NMDC,1,STANDALONE_CANDIDATE,1.0,fe18afaff94eef79d4b67313fde46f1757f69e460b37510b99341d370fe4000a,,,
