Material_Code,CPSE,Material_Description,Normalized_Description,Material_Category,Material_Type,Specification,Material_Grade,Size,Length,Diameter,Coating,Unit,EX_material_family,EX_material_type,EX_material_subtype,EX_material,EX_material_grade,EX_size,EX_nominal_size,EX_length,EX_width,EX_height,EX_diameter,EX_thickness,EX_pressure_class,EX_schedule,EX_rating,EX_standard,EX_specification,EX_coating,EX_connection_type,EX_end_type,EX_construction,EX_orientation,EX_bearing_number,EX_manufacturer,EX_manufacturer_part_no,EX_unit,extraction_attribute_count,extraction_has_conflict,extraction_conflicts_detail,extraction_rules_applied,extraction_sources_used
IOCL-177934,IOCL,BALL BEARING 6208,ball bearing 6208,Bearings,Ball Bearing,ISO 15; Bearing 6208,Chrome Steel,6208,,,,NOS,bearing,ball bearing,,chrome steel,Chrome Steel,6208,,,,,,,,,,ISO 15,ISO 15; Bearing 6208,,,,,,6208,Prime Electricals,PRI-640-42,NOS,11,False,,BEARING_NUMBER; FAMILY_BEARING; GRADE_FROM_STRUCTURED_FIELD; MANUFACTURER_FROM_FIELD; MATERIAL_CHROME_STEEL; PART_NO_FROM_FIELD; SIZE_FROM_STRUCTURED_FIELD; STANDARD_FROM_SPECIFICATION; TYPE_BALL_BEARING; UNIT_FROM_FIELD,description; specification; structured_field
IOCL-501828,IOCL,BEARING NO 6207,bearing number 6207,Bearings,Ball Bearing,ISO 15; Bearing 6207,Chrome Steel,6207,,,,NOS,bearing,ball bearing,,chrome steel,Chrome Steel,6207,,,,,,,,,,ISO 15,ISO 15; Bearing 6207,,,,,,6207,ABC Industrial Products,ABC-475-69,NOS,11,False,,BEARING_NUMBER; FAMILY_BEARING; GRADE_FROM_STRUCTURED_FIELD; MANUFACTURER_FROM_FIELD; MATERIAL_CHROME_STEEL; PART_NO_FROM_FIELD; SIZE_FROM_STRUCTURED_FIELD; STANDARD_FROM_SPECIFICATION; TYPE_BALL_BEARING; UNIT_FROM_FIELD,description; specification; structured_field
IOCL-325270,IOCL,BALL BEARING 6208,ball bearing 6208,Bearings,Ball Bearing,ISO 15; Bearing 6208,Chrome Steel,6208,,,,NOS,bearing,ball bearing,,chrome steel,Chrome Steel,6208,,,,,,,,,,ISO 15,ISO 15; Bearing 6208,,,,,,6208,Larsen Engineering,LAR-726-63,NOS,11,False,,BEARING_NUMBER; FAMILY_BEARING; GRADE_FROM_STRUCTURED_FIELD; MANUFACTURER_FROM_FIELD; MATERIAL_CHROME_STEEL; PART_NO_FROM_FIELD; SIZE_FROM_STRUCTURED_FIELD; STANDARD_FROM_SPECIFICATION; TYPE_BALL_BEARING; UNIT_FROM_FIELD,description; specification; structured_field
IOCL-770259,IOCL,WELD NECK FLANGE 1 in ASME B16.5,weld neck flange 1 in asme b16.5,Pipes & Fittings,Flange,ASME B16.5; 1 in; ASTM A105,ASTM A105,1 in,,,Bare,MTR,flange,weld neck flange,,,ASTM A105,1 in,,,,,,,,,,ASTM A105; ASME B16.5,ASME B16.5; 1 in; ASTM A105,bare,weld neck,,,,,Hindustan Mechanical,HIN-319-95,MTR,11,False,,COATING_FROM_STRUCTURED_FIELD; CONNECTION_WELD_NECK; FAMILY_FLANGE; GRADE_FROM_STRUCTURED_FIELD; MANUFACTURER_FROM_FIELD; PART_NO_FROM_FIELD; SIZE_INCH; STANDARD_FROM_SPECIFICATION; TYPE_WELDNECK_FLANGE; UNIT_FROM_FIELD,description; specification; structured_field
CPCL-672630,CPCL,WELD NECK FLANGE 1 in ASTM A105,weld neck flange 1 in astm a105,Pipes & Fittings,Flange,ASME B16.5; 1 in; ASTM A105,ASTM A105,1 in,,,Bare,MTR,flange,weld neck flange,,,ASTM A105,1 in,,,,,,,,,,ASTM A105; ASME B16.5,ASME B16.5; 1 in; ASTM A105,bare,weld neck,,,,,Apex Industrial Systems,APE-454-20,MTR,11,True,material_grade: 'ASTM A105' vs 'A105',COATING_FROM_STRUCTURED_FIELD; CONNECTION_WELD_NECK; FAMILY_FLANGE; GRADE_A105; MANUFACTURER_FROM_FIELD; PART_NO_FROM_FIELD; SIZE_INCH; STANDARD_FROM_SPECIFICATION; TYPE_WELDNECK_FLANGE; UNIT_FROM_FIELD,description; specification; structured_field
IOCL-156968,IOCL,HORIZONTAL CENTRIFUGAL PUMP 80 mm,horizontal centrifugal pump 80 mm,Pumps,Centrifugal Pump,API 610; 80 mm; SS 316,SS 316,80 mm,,,Painted,NOS,pump,centrifugal pump,,stainless steel,SS 316,80 mm,,,,,,,,,,API 610,API 610; 80 mm; SS 316,painted,,,,horizontal,,Apex Industrial Systems,APE-337-92,NOS,12,False,,COATING_FROM_STRUCTURED_FIELD; FAMILY_PUMP; GRADE_FROM_STRUCTURED_FIELD; MANUFACTURER_FROM_FIELD; MATERIAL_STAINLESS_STEEL; ORIENTATION_HORIZONTAL; PART_NO_FROM_FIELD; SIZE_MM; STANDARD_FROM_SPECIFICATION; TYPE_CENTRIFUGAL_PUMP; UNIT_FROM_FIELD,description; specification; structured_field
ONGC-521278,ONGC,HEX NUT M8 ZINC PLATED,hexagonal nut m8 zinc plated,Fasteners,Nut,IS 1364; M8; Zinc Plated,Carbon Steel,M8,,,Zinc Plated,NOS,fastener,nut,hex,carbon steel,Carbon Steel,M8,,,,,,,,,,IS 1364,IS 1364; M8; Zinc Plated,zinc plated,,,,,,Apex Industrial Systems,APE-188-49,NOS,12,False,,COATING_FROM_STRUCTURED_FIELD; FAMILY_FASTENER; GRADE_FROM_STRUCTURED_FIELD; MANUFACTURER_FROM_FIELD; MATERIAL_CARBON_STEEL; PART_NO_FROM_FIELD; SIZE_METRIC_BOLT; STANDARD_FROM_SPECIFICATION; SUBTYPE_HEX; TYPE_FROM_MATERIAL_TYPE; UNIT_FROM_FIELD,description; specification; structured_field
ONGC-935517,ONGC,HORIZONTAL CENTRIFUGAL PUMP 100 mm,horizontal centrifugal pump 100 mm,Pumps,Centrifugal Pump,API 610; 100 mm; SS 316,SS 316,100 mm,,,Painted,NOS,pump,centrifugal pump,,stainless steel,SS 316,100 mm,,,,,,,,,,API 610,API 610; 100 mm; SS 316,painted,,,,horizontal,,Supreme Engineering,SUP-447-23,NOS,12,False,,COATING_FROM_STRUCTURED_FIELD; FAMILY_PUMP; GRADE_FROM_STRUCTURED_FIELD; MANUFACTURER_FROM_FIELD; MATERIAL_STAINLESS_STEEL; ORIENTATION_HORIZONTAL; PART_NO_FROM_FIELD; SIZE_MM; STANDARD_FROM_SPECIFICATION; TYPE_CENTRIFUGAL_PUMP; UNIT_FROM_FIELD,description; specification; structured_field
HPCL-462251,HPCL,HRC CARTRIDGE 10 A,high rupturing capacity cartridge 10 a,Electrical,Fuse,IS 13703; 10 A,Ceramic,10 A,,,,MTR,electrical,fuse,,,Ceramic,10 A,,,,,,,,,,IS 13703,IS 13703; 10 A,,,,,,,Prime Electricals,PRI-134-25,MTR,9,False,,FAMILY_ELECTRICAL; GRADE_FROM_STRUCTURED_FIELD; MANUFACTURER_FROM_FIELD; PART_NO_FROM_FIELD; SIZE_FROM_STRUCTURED_FIELD; STANDARD_FROM_SPECIFICATION; TYPE_FROM_MATERIAL_TYPE; UNIT_FROM_FIELD,description; specification; structured_field
IOCL-243053,IOCL,FLOATING BALL VALVE 1 in SS 316,floating ball valve 1 in stainless steel 316,Valves,Ball Valve,API 608; 1 in; SS 316,SS 316,1 in,,,SS,NOS,valve,ball valve,,stainless steel,SS 316,1 in,,,,,,,,,,API 608,API 608; 1 in; SS 316,stainless steel,,,floating,,,Supreme Engineering,SUP-284-71,NOS,12,False,,COATING_FROM_STRUCTURED_FIELD; CONSTRUCTION_FLOATING; FAMILY_VALVE; GRADE_SS316; MANUFACTURER_FROM_FIELD; MATERIAL_STAINLESS_STEEL; PART_NO_FROM_FIELD; SIZE_INCH; STANDARD_FROM_SPECIFICATION; TYPE_BALL_VALVE; UNIT_FROM_FIELD,description; specification; structured_field
CPCL-442155,CPCL,HEXAGONAL BOLT M16X75 ZINC PLATED,hexagonal bolt m16x75 zinc plated,Fasteners,Bolt,IS 1363; M16 x 75 mm; Zinc Plated,Carbon Steel,M16,75 mm,20 mm,Zinc Plated,NOS,fastener,bolt,hex,carbon steel,Carbon Steel,M16,,75 mm,,,20 mm,,,,,IS 1363,IS 1363; M16 x 75 mm; Zinc Plated,zinc plated,,,,,,Metro Pumps & Valves,MET-954-40,NOS,14,True,size: 'M16' vs 'M16X75',COATING_FROM_STRUCTURED_FIELD; DIAMETER_FROM_FIELD; FAMILY_FASTENER; GRADE_FROM_STRUCTURED_FIELD; LENGTH_FROM_FIELD; MANUFACTURER_FROM_FIELD; MATERIAL_CARBON_STEEL; PART_NO_FROM_FIELD; SIZE_FROM_STRUCTURED_FIELD; STANDARD_FROM_SPECIFICATION; SUBTYPE_HEX; TYPE_FROM_MATERIAL_TYPE; UNIT_FROM_FIELD,description; specification; structured_field
ONGC-437562,ONGC,GATE VALVE FLANGED 2 in ASTM A216 WCB,gate valve flanged 2 in astm a216 wcb,Valves,Gate Valve,API 600; 2 in; ASTM A216 WCB,ASTM A216 WCB,2 in,,,Painted,NOS,valve,gate valve,,,ASTM A216 WCB,2 in,,,,,,,,,,ASTM A216 WCB; API 600,API 600; 2 in; ASTM A216 WCB,painted,flanged,,,,,Shree Valves & Fittings,SHR-361-10,NOS,11,True,material_grade: 'ASTM A216 WCB' vs 'WCB',COATING_FROM_STRUCTURED_FIELD; CONNECTION_FLANGED; FAMILY_VALVE; GRADE_A105; MANUFACTURER_FROM_FIELD; PART_NO_FROM_FIELD; SIZE_INCH; STANDARD_FROM_SPECIFICATION; TYPE_GATE_VALVE; UNIT_FROM_FIELD,description; specification; structured_field
CPCL-972914,CPCL,PRESSURE INDICATOR 0-25 bar,pressure indicator 0-25 bar,Instrumentation,Pressure Gauge,EN 837-1; Range 0-25 bar,SS 304,0-25 bar,,,SS,NOS,instrumentation,pressure gauge,,stainless steel,SS 304,0-25 bar,,,,,,,,,,EN 837-1,EN 837-1; Range 0-25 bar,stainless steel,,,,,,ABC Industrial Products,ABC-846-22,NOS,11,False,,COATING_FROM_STRUCTURED_FIELD; FAMILY_INSTRUMENTATION; GRADE_FROM_STRUCTURED_FIELD; MANUFACTURER_FROM_FIELD; MATERIAL_STAINLESS_STEEL; PART_NO_FROM_FIELD; SIZE_PRESSURE_RANGE; STANDARD_FROM_SPECIFICATION; TYPE_FROM_MATERIAL_TYPE; UNIT_FROM_FIELD,description; specification; structured_field
CPCL-901752,CPCL,PLAIN WASHER M8 GALVANIZED,plain washer m8 galvanized,Fasteners,Washer,IS 2016; M8; Galvanized,Carbon Steel,M8,,,Galvanized,NOS,fastener,washer,,carbon steel,Carbon Steel,M8,,,,,,,,,,IS 2016,IS 2016; M8; Galvanized,galvanized,,,,,,Apex Industrial Systems,APE-781-31,NOS,11,False,,COATING_FROM_STRUCTURED_FIELD; FAMILY_FASTENER; GRADE_FROM_STRUCTURED_FIELD; MANUFACTURER_FROM_FIELD; MATERIAL_CARBON_STEEL; PART_NO_FROM_FIELD; SIZE_METRIC_BOLT; STANDARD_FROM_SPECIFICATION; TYPE_FROM_MATERIAL_TYPE; UNIT_FROM_FIELD,description; specification; structured_field
HPCL-619092,HPCL,GEAR OIL ISO VG 320,gear oil iso vg 320,Lubricants,Lubricant,IS 10522; ISO VG 320,Mineral Oil,ISO VG 320,,,,LTR,lubricant,lubricant,,mineral oil,Mineral Oil,ISO VG 320,,,,,,,,,,ISO VG 320; IS 10522,IS 10522; ISO VG 320,,,,,,,Hindustan Mechanical,HIN-368-30,LTR,10,False,,FAMILY_LUBRICANT; GRADE_FROM_STRUCTURED_FIELD; MANUFACTURER_FROM_FIELD; MATERIAL_MINERAL_OIL; PART_NO_FROM_FIELD; SIZE_VG_ISO_LUBE; STANDARD_FROM_SPECIFICATION; TYPE_FROM_MATERIAL_TYPE; UNIT_FROM_FIELD,description; specification; structured_field
IOCL-780918,IOCL,XLPE CABLE 25 sq mm,xlpe cable 25 sq mm,Electrical,Cable,IS 7098; 25 sq mm; 1000 m,XLPE Aluminium,25 sq mm,1000 mm,,PVC,MTR,electrical,cable,,xlpe,XLPE Aluminium,25 sq mm,,1000 mm,,,,,,,,IS 7098,IS 7098; 25 sq mm; 1000 m,pvc,,,,,,Larsen Engineering,LAR-383-70,MTR,12,False,,COATING_FROM_STRUCTURED_FIELD; FAMILY_ELECTRICAL; GRADE_FROM_STRUCTURED_FIELD; LENGTH_FROM_FIELD; MANUFACTURER_FROM_FIELD; MATERIAL_XLPE; PART_NO_FROM_FIELD; SIZE_SQMM_CABLE; STANDARD_FROM_SPECIFICATION; TYPE_FROM_MATERIAL_TYPE; UNIT_FROM_FIELD,description; specification; structured_field
HPCL-709462,HPCL,BEARING NO 6205,bearing number 6205,Bearings,Ball Bearing,ISO 15; Bearing 6205,Chrome Steel,6205,,,,NOS,bearing,ball bearing,,chrome steel,Chrome Steel,6205,,,,,,,,,,ISO 15,ISO 15; Bearing 6205,,,,,,6205,Larsen Engineering,LAR-915-67,NOS,11,False,,BEARING_NUMBER; FAMILY_BEARING; GRADE_FROM_STRUCTURED_FIELD; MANUFACTURER_FROM_FIELD; MATERIAL_CHROME_STEEL; PART_NO_FROM_FIELD; SIZE_FROM_STRUCTURED_FIELD; STANDARD_FROM_SPECIFICATION; TYPE_BALL_BEARING; UNIT_FROM_FIELD,description; specification; structured_field
CPCL-339867,CPCL,HYDRAULIC HOSE 3/4 in,hydraulic hose 3/4 in,Hoses,Hydraulic Hose,SAE 100 R2; 3/4 in; 1000 mm,Synthetic Rubber,3/4 in,1000 mm,,Rubber,MTR,hose,hydraulic hose,,synthetic rubber,Synthetic Rubber,3/4 in,,1000 mm,,,,,,,,SAE 100 R2,SAE 100 R2; 3/4 in; 1000 mm,rubber,,,,,,Bharat Industrial Works,BHA-369-16,MTR,12,False,,COATING_FROM_STRUCTURED_FIELD; FAMILY_HOSE; GRADE_FROM_STRUCTURED_FIELD; LENGTH_FROM_FIELD; MANUFACTURER_FROM_FIELD; MATERIAL_SYNTHETIC_RUBBER; PART_NO_FROM_FIELD; SIZE_FRACTION_INCH; STANDARD_FROM_SPECIFICATION; TYPE_FROM_MATERIAL_TYPE; UNIT_FROM_FIELD,description; specification; structured_field
HPCL-760518,HPCL,PRESSURE SAFETY VALVE 2 in,pressure safety valve 2 in,Safety,Safety Valve,API 526; 2 in; SS 316,SS 316,2 in,,,SS,NOS,safety,safety valve,,stainless steel,SS 316,2 in,,,,,,,,,,API 526,API 526; 2 in; SS 316,stainless steel,,,,,,Eastern Cables,EAS-672-19,NOS,11,True,material_family: 'safety' vs 'valve',COATING_FROM_STRUCTURED_FIELD; FAMILY_SAFETY; GRADE_FROM_STRUCTURED_FIELD; MANUFACTURER_FROM_FIELD; MATERIAL_STAINLESS_STEEL; PART_NO_FROM_FIELD; SIZE_INCH; STANDARD_FROM_SPECIFICATION; TYPE_SAFETY_VALVE; UNIT_FROM_FIELD,description; specification; structured_field
HPCL-763325,HPCL,PLAIN WASHER M20 GALVANIZED,plain washer m20 galvanized,Fasteners,Washer,IS 2016; M20; Galvanized,Carbon Steel,M20,,,Galvanized,NOS,fastener,washer,,carbon steel,Carbon Steel,M20,,,,,,,,,,IS 2016,IS 2016; M20; Galvanized,galvanized,,,,,,Eastern Cables,EAS-313-35,NOS,11,False,,COATING_FROM_STRUCTURED_FIELD; FAMILY_FASTENER; GRADE_FROM_STRUCTURED_FIELD; MANUFACTURER_FROM_FIELD; MATERIAL_CARBON_STEEL; PART_NO_FROM_FIELD; SIZE_METRIC_BOLT; STANDARD_FROM_SPECIFICATION; TYPE_FROM_MATERIAL_TYPE; UNIT_FROM_FIELD,description; specification; structured_field
HPCL-494516,HPCL,90 DEGREE ELBOW 2 in ASTM A234 WPB,90 degree elbow 2 in astm a234 wpb,Pipes & Fittings,Elbow,ASME B16.9; 2 in; ASTM A234 WPB,ASTM A234 WPB,2 in,,,Bare,MTR,pipe/fitting,elbow,,,ASTM A234 WPB,2 in,,,,,,,,,90°,ASTM A234; ASME B16.9,ASME B16.9; 2 in; ASTM A234 WPB,bare,,,,,,Prime Electricals,PRI-550-28,MTR,11,True,material_grade: 'ASTM A234 WPB' vs 'ASTM A234'; material_grade: 'ASTM A234 WPB' vs 'WPB',COATING_FROM_STRUCTURED_FIELD; ELBOW_ANGLE; FAMILY_FITTING; GRADE_FROM_STRUCTURED_FIELD; MANUFACTURER_FROM_FIELD; PART_NO_FROM_FIELD; SIZE_INCH; STANDARD_FROM_SPECIFICATION; TYPE_FROM_MATERIAL_TYPE; UNIT_FROM_FIELD,description; specification; structured_field
IOCL-408677,IOCL,BALL BEARING 6203,ball bearing 6203,Bearings,Ball Bearing,ISO 15; Bearing 6203,Chrome Steel,6203,,,,NOS,bearing,ball bearing,,chrome steel,Chrome Steel,6203,,,,,,,,,,ISO 15,ISO 15; Bearing 6203,,,,,,6203,Precision Fasteners,PRE-592-70,NOS,11,False,,BEARING_NUMBER; FAMILY_BEARING; GRADE_FROM_STRUCTURED_FIELD; MANUFACTURER_FROM_FIELD; MATERIAL_CHROME_STEEL; PART_NO_FROM_FIELD; SIZE_FROM_STRUCTURED_FIELD; STANDARD_FROM_SPECIFICATION; TYPE_BALL_BEARING; UNIT_FROM_FIELD,description; specification; structured_field
ONGC-720138,ONGC,HIGH PRESSURE HYDRAULIC HOSE 1/2 in,high pressure hydraulic hose 1/2 in,Hoses,Hydraulic Hose,SAE 100 R2; 1/2 in; 5000 mm,Synthetic Rubber,1/2 in,5000 mm,,Rubber,MTR,hose,hydraulic hose,,synthetic rubber,Synthetic Rubber,1/2 in,,5000 mm,,,,,,,,SAE 100 R2,SAE 100 R2; 1/2 in; 5000 mm,rubber,,,,,,Eastern Cables,EAS-187-92,MTR,12,False,,COATING_FROM_STRUCTURED_FIELD; FAMILY_HOSE; GRADE_FROM_STRUCTURED_FIELD; LENGTH_FROM_FIELD; MANUFACTURER_FROM_FIELD; MATERIAL_SYNTHETIC_RUBBER; PART_NO_FROM_FIELD; SIZE_FRACTION_INCH; STANDARD_FROM_SPECIFICATION; TYPE_FROM_MATERIAL_TYPE; UNIT_FROM_FIELD,description; specification; structured_field
ONGC-429611,ONGC,GEAR OIL EP 90,gear oil ep 90,Lubricants,Lubricant,IS 10522; EP 90,Mineral Oil,EP 90,,,,LTR,lubricant,lubricant,,mineral oil,Mineral Oil,EP 90,,,,,,,,,,IS 10522,IS 10522; EP 90,,,,,,,National Bearing Works,NAT-542-35,LTR,10,False,,FAMILY_LUBRICANT; GRADE_FROM_STRUCTURED_FIELD; MANUFACTURER_FROM_FIELD; MATERIAL_MINERAL_OIL; PART_NO_FROM_FIELD; SIZE_VG_ISO_LUBE; STANDARD_FROM_SPECIFICATION; TYPE_FROM_MATERIAL_TYPE; UNIT_FROM_FIELD,description; specification; structured_field
ONGC-870999,ONGC,SEAMLESS STEEL PIPE 6 in API 5L,seamless steel pipe 6 in api 5l,Pipes & Fittings,Pipe,API 5L; 6 in; ASTM A106 Gr.B,ASTM A106 Gr.B,6 in,6000 mm,,Black,MTR,pipe/fitting,pipe,,,ASTM A106 Gr.B,6 in,,6000 mm,,,,,,,,ASTM A106 Gr.B; API 5L,API 5L; 6 in; ASTM A106 Gr.B,black,,,seamless,,,Eastern Cables,EAS-908-18,MTR,12,False,,COATING_FROM_STRUCTURED_FIELD; CONSTRUCTION_SEAMLESS; FAMILY_PIPE; GRADE_FROM_STRUCTURED_FIELD; LENGTH_FROM_FIELD; MANUFACTURER_FROM_FIELD; PART_NO_FROM_FIELD; SIZE_INCH; STANDARD_FROM_SPECIFICATION; TYPE_FROM_MATERIAL_TYPE; UNIT_FROM_FIELD,description; specification; structured_field
ONGC-926319,ONGC,CARTRIDGE FUSE 2 A,cartridge fuse 2 a,Electrical,Fuse,IS 13703; 2 A,Ceramic,2 A,,,,MTR,electrical,fuse,,,Ceramic,2 A,,,,,,,,,,IS 13703,IS 13703; 2 A,,,,,,,Apex Industrial Systems,APE-883-67,MTR,9,False,,FAMILY_ELECTRICAL; GRADE_FROM_STRUCTURED_FIELD; MANUFACTURER_FROM_FIELD; PART_NO_FROM_FIELD; SIZE_FROM_STRUCTURED_FIELD; STANDARD_FROM_SPECIFICATION; TYPE_FROM_MATERIAL_TYPE; UNIT_FROM_FIELD,description; specification; structured_field
HPCL-916217,HPCL,SPIRAL GASKET 3 in,spiral gasket 3 in,Seals,Gasket,ASME B16.20; 3 in; Graphite/SS 316,Graphite/SS 316,3 in,,,SS,NOS,seal/gasket,gasket,,,Graphite/SS 316,3 in,,,,,,,,,,ASME B16.20,ASME B16.20; 3 in; Graphite/SS 316,stainless steel,,,,,,Larsen Engineering,LAR-150-60,NOS,10,True,material_type: 'gasket' vs 'spiral wound gasket',COATING_FROM_STRUCTURED_FIELD; FAMILY_SEAL; GRADE_FROM_STRUCTURED_FIELD; MANUFACTURER_FROM_FIELD; PART_NO_FROM_FIELD; SIZE_INCH; STANDARD_FROM_SPECIFICATION; TYPE_FROM_MATERIAL_TYPE; UNIT_FROM_FIELD,description; specification; structured_field
HPCL-301174,HPCL,BALL BEARING 6205,ball bearing 6205,Bearings,Ball Bearing,ISO 15; Bearing 6205,Chrome Steel,6205,,,,NOS,bearing,ball bearing,,chrome steel,Chrome Steel,6205,,,,,,,,,,ISO 15,ISO 15; Bearing 6205,,,,,,6205,National Bearing Works,NAT-471-36,NOS,11,False,,BEARING_NUMBER; FAMILY_BEARING; GRADE_FROM_STRUCTURED_FIELD; MANUFACTURER_FROM_FIELD; MATERIAL_CHROME_STEEL; PART_NO_FROM_FIELD; SIZE_FROM_STRUCTURED_FIELD; STANDARD_FROM_SPECIFICATION; TYPE_BALL_BEARING; UNIT_FROM_FIELD,description; specification; structured_field
HPCL-818229,HPCL,HEXAGONAL NUT M16 ZINC PLATED,hexagonal nut m16 zinc plated,Fasteners,Nut,IS 1364; M16; Zinc Plated,Carbon Steel,M16,,,Zinc Plated,NOS,fastener,nut,hex,carbon steel,Carbon Steel,M16,,,,,,,,,,IS 1364,IS 1364; M16; Zinc Plated,zinc plated,,,,,,Eastern Cables,EAS-331-15,NOS,12,False,,COATING_FROM_STRUCTURED_FIELD; FAMILY_FASTENER; GRADE_FROM_STRUCTURED_FIELD; MANUFACTURER_FROM_FIELD; MATERIAL_CARBON_STEEL; PART_NO_FROM_FIELD; SIZE_METRIC_BOLT; STANDARD_FROM_SPECIFICATION; SUBTYPE_HEX; TYPE_FROM_MATERIAL_TYPE; UNIT_FROM_FIELD,description; specification; structured_field
ONGC-780882,ONGC,WASHER M20 ZINC PLATED,washer m20 zinc plated,Fasteners,Washer,IS 2016; M20; Zinc Plated,Carbon Steel,M20,,,Zinc Plated,NOS,fastener,washer,,carbon steel,Carbon Steel,M20,,,,,,,,,,IS 2016,IS 2016; M20; Zinc Plated,zinc plated,,,,,,Hindustan Mechanical,HIN-565-82,NOS,11,False,,COATING_FROM_STRUCTURED_FIELD; FAMILY_FASTENER; GRADE_FROM_STRUCTURED_FIELD; MANUFACTURER_FROM_FIELD; MATERIAL_CARBON_STEEL; PART_NO_FROM_FIELD; SIZE_METRIC_BOLT; STANDARD_FROM_SPECIFICATION; TYPE_FROM_MATERIAL_TYPE; UNIT_FROM_FIELD,description; specification; structured_field
CPCL-326724,CPCL,CENTRIFUGAL PUMP 40 mm SS 316,centrifugal pump 40 mm stainless steel 316,Pumps,Centrifugal Pump,API 610; 40 mm; SS 316,SS 316,40 mm,,,Painted,NOS,pump,centrifugal pump,,stainless steel,SS 316,40 mm,,,,,,,,,,API 610,API 610; 40 mm; SS 316,painted,,,,,,Metro Pumps & Valves,MET-886-74,NOS,11,False,,COATING_FROM_STRUCTURED_FIELD; FAMILY_PUMP; GRADE_SS316; MANUFACTURER_FROM_FIELD; MATERIAL_STAINLESS_STEEL; PART_NO_FROM_FIELD; SIZE_MM; STANDARD_FROM_SPECIFICATION; TYPE_CENTRIFUGAL_PUMP; UNIT_FROM_FIELD,description; specification; structured_field
ONGC-978942,ONGC,FLOATING BALL VALVE 3 in SS 316,floating ball valve 3 in stainless steel 316,Valves,Ball Valve,API 608; 3 in; SS 316,SS 316,3 in,,,SS,NOS,valve,ball valve,,stainless steel,SS 316,3 in,,,,,,,,,,API 608,API 608; 3 in; SS 316,stainless steel,,,floating,,,Shree Valves & Fittings,SHR-854-93,NOS,12,False,,COATING_FROM_STRUCTURED_FIELD; CONSTRUCTION_FLOATING; FAMILY_VALVE; GRADE_SS316; MANUFACTURER_FROM_FIELD; MATERIAL_STAINLESS_STEEL; PART_NO_FROM_FIELD; SIZE_INCH; STANDARD_FROM_SPECIFICATION; TYPE_BALL_VALVE; UNIT_FROM_FIELD,description; specification; structured_field
CPCL-626723,CPCL,INDUSTRIAL GEAR LUBRICANT ISO VG 320,industrial gear lubricant iso vg 320,Lubricants,Lubricant,IS 10522; ISO VG 320,Mineral Oil,ISO VG 320,,,,LTR,lubricant,lubricant,,mineral oil,Mineral Oil,ISO VG 320,,,,,,,,,,ISO VG 320; IS 10522,IS 10522; ISO VG 320,,,,,,,National Bearing Works,NAT-349-29,LTR,10,False,,FAMILY_LUBRICANT; GRADE_FROM_STRUCTURED_FIELD; MANUFACTURER_FROM_FIELD; MATERIAL_MINERAL_OIL; PART_NO_FROM_FIELD; SIZE_VG_ISO_LUBE; STANDARD_FROM_SPECIFICATION; TYPE_FROM_MATERIAL_TYPE; UNIT_FROM_FIELD,description; specification; structured_field
CPCL-814899,CPCL,WELD NECK FLANGE 3 in ASME B16.5,weld neck flange 3 in asme b16.5,Pipes & Fittings,Flange,ASME B16.5; 3 in; ASTM A105,ASTM A105,3 in,,,Bare,MTR,flange,weld neck flange,,,ASTM A105,3 in,,,,,,,,,,ASTM A105; ASME B16.5,ASME B16.5; 3 in; ASTM A105,bare,weld neck,,,,,ABC Industrial Products,ABC-129-69,MTR,11,False,,COATING_FROM_STRUCTURED_FIELD; CONNECTION_WELD_NECK; FAMILY_FLANGE; GRADE_FROM_STRUCTURED_FIELD; MANUFACTURER_FROM_FIELD; PART_NO_FROM_FIELD; SIZE_INCH; STANDARD_FROM_SPECIFICATION; TYPE_WELDNECK_FLANGE; UNIT_FROM_FIELD,description; specification; structured_field
CPCL-540253,CPCL,XLPE CABLE 10 sq mm,xlpe cable 10 sq mm,Electrical,Cable,IS 7098; 10 sq mm; 500 m,XLPE Copper,10 sq mm,500 mm,,PVC,MTR,electrical,cable,,xlpe,XLPE Copper,10 sq mm,,500 mm,,,,,,,,IS 7098,IS 7098; 10 sq mm; 500 m,pvc,,,,,,Metro Pumps & Valves,MET-626-19,MTR,12,False,,COATING_FROM_STRUCTURED_FIELD; FAMILY_ELECTRICAL; GRADE_FROM_STRUCTURED_FIELD; LENGTH_FROM_FIELD; MANUFACTURER_FROM_FIELD; MATERIAL_XLPE; PART_NO_FROM_FIELD; SIZE_SQMM_CABLE; STANDARD_FROM_SPECIFICATION; TYPE_FROM_MATERIAL_TYPE; UNIT_FROM_FIELD,description; specification; structured_field
IOCL-537451,IOCL,HEX HEAD BOLT M20-75 MM GALVANIZED,hexagonal head bolt m20-75 mm galvanized,Fasteners,Bolt,IS 1363; M20 x 75 mm; Galvanized,Carbon Steel,M20,75 mm,12 mm,Galvanized,NOS,fastener,bolt,,carbon steel,Carbon Steel,M20,,75 mm,,,12 mm,,,,,IS 1363,IS 1363; M20 x 75 mm; Galvanized,galvanized,,,,,,ABC Industrial Products,ABC-483-57,NOS,13,False,,COATING_FROM_STRUCTURED_FIELD; DIAMETER_FROM_FIELD; FAMILY_FASTENER; GRADE_FROM_STRUCTURED_FIELD; LENGTH_FROM_FIELD; MANUFACTURER_FROM_FIELD; MATERIAL_CARBON_STEEL; PART_NO_FROM_FIELD; SIZE_METRIC_BOLT; STANDARD_FROM_SPECIFICATION; TYPE_FROM_MATERIAL_TYPE; UNIT_FROM_FIELD,description; specification; structured_field
HPCL-247733,HPCL,HYD HOSE 1-1/2 in 1000 MM,hyd hose 1-1/2 in 1000 mm,Hoses,Hydraulic Hose,SAE 100 R2; 1-1/2 in; 1000 mm,Synthetic Rubber,1-1/2 in,1000 mm,,Rubber,MTR,hose,hydraulic hose,,synthetic rubber,Synthetic Rubber,1-1/2 in,,1000 mm,,,,,,,,SAE 100 R2,SAE 100 R2; 1-1/2 in; 1000 mm,rubber,,,,,,Hindustan Mechanical,HIN-899-26,MTR,12,False,,COATING_FROM_STRUCTURED_FIELD; FAMILY_HOSE; GRADE_FROM_STRUCTURED_FIELD; LENGTH_FROM_FIELD; MANUFACTURER_FROM_FIELD; MATERIAL_SYNTHETIC_RUBBER; PART_NO_FROM_FIELD; SIZE_FRACTION_INCH; STANDARD_FROM_SPECIFICATION; TYPE_FROM_MATERIAL_TYPE; UNIT_FROM_FIELD,description; specification; structured_field
IOCL-182391,IOCL,WELD NECK FLANGE 3 in ASTM A105,weld neck flange 3 in astm a105,Pipes & Fittings,Flange,ASME B16.5; 3 in; ASTM A105,ASTM A105,3 in,,,Bare,MTR,flange,weld neck flange,,,ASTM A105,3 in,,,,,,,,,,ASTM A105; ASME B16.5,ASME B16.5; 3 in; ASTM A105,bare,weld neck,,,,,Larsen Engineering,LAR-512-73,MTR,11,True,material_grade: 'ASTM A105' vs 'A105',COATING_FROM_STRUCTURED_FIELD; CONNECTION_WELD_NECK; FAMILY_FLANGE; GRADE_A105; MANUFACTURER_FROM_FIELD; PART_NO_FROM_FIELD; SIZE_INCH; STANDARD_FROM_SPECIFICATION; TYPE_WELDNECK_FLANGE; UNIT_FROM_FIELD,description; specification; structured_field
HPCL-736021,HPCL,RTD PT100 4-wire 500 MM,rtd pt100 4-wire 500 mm,Instrumentation,Temperature Sensor,IEC 60751; 4-wire; 500 mm,Pt100,4-wire,500 mm,6 mm,SS,NOS,instrumentation,temperature sensor,,,Pt100,4-wire,,500 mm,,,6 mm,,,,,IEC 60751,IEC 60751; 4-wire; 500 mm,stainless steel,,,,,,Prime Electricals,PRI-161-94,NOS,12,True,size: '4-wire' vs '500 mm',COATING_FROM_STRUCTURED_FIELD; DIAMETER_FROM_FIELD; FAMILY_INSTRUMENTATION; GRADE_FROM_STRUCTURED_FIELD; LENGTH_FROM_FIELD; MANUFACTURER_FROM_FIELD; PART_NO_FROM_FIELD; SIZE_FROM_STRUCTURED_FIELD; STANDARD_FROM_SPECIFICATION; TYPE_FROM_MATERIAL_TYPE; UNIT_FROM_FIELD,specification; structured_field
CPCL-323725,CPCL,BEARING NO 6207,bearing number 6207,Bearings,Ball Bearing,ISO 15; Bearing 6207,Chrome Steel,6207,,,,NOS,bearing,ball bearing,,chrome steel,Chrome Steel,6207,,,,,,,,,,ISO 15,ISO 15; Bearing 6207,,,,,,6207,National Bearing Works,NAT-116-27,NOS,11,False,,BEARING_NUMBER; FAMILY_BEARING; GRADE_FROM_STRUCTURED_FIELD; MANUFACTURER_FROM_FIELD; MATERIAL_CHROME_STEEL; PART_NO_FROM_FIELD; SIZE_FROM_STRUCTURED_FIELD; STANDARD_FROM_SPECIFICATION; TYPE_BALL_BEARING; UNIT_FROM_FIELD,description; specification; structured_field
ONGC-201985,ONGC,POWER CABLE 50 sq mm XLPE Aluminium,power cable 50 sq mm xlpe aluminium,Electrical,Cable,IS 7098; 50 sq mm; 1000 m,XLPE Aluminium,50 sq mm,1000 mm,,PVC,MTR,electrical,cable,,xlpe,XLPE Aluminium,50 sq mm,,1000 mm,,,,,,,,IS 7098,IS 7098; 50 sq mm; 1000 m,pvc,,,,,,ABC Industrial Products,ABC-539-44,MTR,12,False,,COATING_FROM_STRUCTURED_FIELD; FAMILY_ELECTRICAL; GRADE_FROM_STRUCTURED_FIELD; LENGTH_FROM_FIELD; MANUFACTURER_FROM_FIELD; MATERIAL_XLPE; PART_NO_FROM_FIELD; SIZE_SQMM_CABLE; STANDARD_FROM_SPECIFICATION; TYPE_FROM_MATERIAL_TYPE; UNIT_FROM_FIELD,description; specification; structured_field
CPCL-250702,CPCL,ELBOW 2 in ASTM A234 WPB,elbow 2 in astm a234 wpb,Pipes & Fittings,Elbow,ASME B16.9; 2 in; ASTM A234 WPB,ASTM A234 WPB,2 in,,,Bare,MTR,pipe/fitting,elbow,,,ASTM A234 WPB,2 in,,,,,,,,,,ASTM A234; ASME B16.9,ASME B16.9; 2 in; ASTM A234 WPB,bare,,,,,,Apex Industrial Systems,APE-641-96,MTR,10,True,material_grade: 'ASTM A234 WPB' vs 'ASTM A234'; material_grade: 'ASTM A234 WPB' vs 'WPB',COATING_FROM_STRUCTURED_FIELD; FAMILY_FITTING; GRADE_FROM_STRUCTURED_FIELD; MANUFACTURER_FROM_FIELD; PART_NO_FROM_FIELD; SIZE_INCH; STANDARD_FROM_SPECIFICATION; TYPE_FROM_MATERIAL_TYPE; UNIT_FROM_FIELD,description; specification; structured_field
IOCL-782148,IOCL,50 sq mm SQ MM POWER CABLE,50 sq mm sq mm power cable,Electrical,Cable,IS 7098; 50 sq mm; 100 m,XLPE Aluminium,50 sq mm,100 mm,,PVC,MTR,electrical,cable,,xlpe,XLPE Aluminium,50 sq mm,,100 mm,,,,,,,,IS 7098,IS 7098; 50 sq mm; 100 m,pvc,,,,,,Eastern Cables,EAS-272-30,MTR,12,False,,COATING_FROM_STRUCTURED_FIELD; FAMILY_ELECTRICAL; GRADE_FROM_STRUCTURED_FIELD; LENGTH_FROM_FIELD; MANUFACTURER_FROM_FIELD; MATERIAL_XLPE; PART_NO_FROM_FIELD; SIZE_SQMM_CABLE; STANDARD_FROM_SPECIFICATION; TYPE_FROM_MATERIAL_TYPE; UNIT_FROM_FIELD,description; specification; structured_field
HPCL-494567,HPCL,90 DEGREE ELBOW 4 in ASME B16.9,90 degree elbow 4 in asme b16.9,Pipes & Fittings,Elbow,ASME B16.9; 4 in; ASTM A234 WPB,ASTM A234 WPB,4 in,,,Bare,MTR,pipe/fitting,elbow,,,ASTM A234 WPB,4 in,,,,,,,,,90°,ASTM A234; ASME B16.9,ASME B16.9; 4 in; ASTM A234 WPB,bare,,,,,,Precision Fasteners,PRE-267-14,MTR,11,False,,COATING_FROM_STRUCTURED_FIELD; ELBOW_ANGLE; FAMILY_FITTING; GRADE_FROM_STRUCTURED_FIELD; MANUFACTURER_FROM_FIELD; PART_NO_FROM_FIELD; SIZE_INCH; STANDARD_FROM_SPECIFICATION; TYPE_FROM_MATERIAL_TYPE; UNIT_FROM_FIELD,description; specification; structured_field
IOCL-842516,IOCL,RTD SENSOR 3-wire,rtd sensor 3-wire,Instrumentation,Temperature Sensor,IEC 60751; 3-wire; 500 mm,Pt100,3-wire,500 mm,6 mm,SS,NOS,instrumentation,temperature sensor,,,Pt100,3-wire,,500 mm,,,6 mm,,,,,IEC 60751,IEC 60751; 3-wire; 500 mm,stainless steel,,,,,,Precision Fasteners,PRE-290-85,NOS,12,False,,COATING_FROM_STRUCTURED_FIELD; DIAMETER_FROM_FIELD; FAMILY_INSTRUMENTATION; GRADE_FROM_STRUCTURED_FIELD; LENGTH_FROM_FIELD; MANUFACTURER_FROM_FIELD; PART_NO_FROM_FIELD; SIZE_FROM_STRUCTURED_FIELD; STANDARD_FROM_SPECIFICATION; TYPE_FROM_MATERIAL_TYPE; UNIT_FROM_FIELD,specification; structured_field
IOCL-780739,IOCL,GEAR OIL EP 140,gear oil ep 140,Lubricants,Lubricant,IS 10522; EP 140,Mineral Oil,EP 140,,,,LTR,lubricant,lubricant,,mineral oil,Mineral Oil,EP 140,,,,,,,,,,IS 10522,IS 10522; EP 140,,,,,,,Prime Electricals,PRI-775-99,LTR,10,False,,FAMILY_LUBRICANT; GRADE_FROM_STRUCTURED_FIELD; MANUFACTURER_FROM_FIELD; MATERIAL_MINERAL_OIL; PART_NO_FROM_FIELD; SIZE_VG_ISO_LUBE; STANDARD_FROM_SPECIFICATION; TYPE_FROM_MATERIAL_TYPE; UNIT_FROM_FIELD,description; specification; structured_field
CPCL-376621,CPCL,SPIRAL WOUND GASKET 6 in Graphite/SS 316,spiral wound gasket 6 in graphite/stainless steel 316,Seals,Gasket,ASME B16.20; 6 in; Graphite/SS 316,Graphite/SS 316,6 in,,,SS,NOS,seal/gasket,gasket,,stainless steel,Graphite/SS 316,6 in,,,,,,,,,,ASME B16.20,ASME B16.20; 6 in; Graphite/SS 316,stainless steel,,,,,,National Bearing Works,NAT-575-38,NOS,11,True,material_grade: 'Graphite/SS 316' vs 'SS 316'; material_type: 'gasket' vs 'spiral wound gasket',COATING_FROM_STRUCTURED_FIELD; FAMILY_SEAL; GRADE_FROM_STRUCTURED_FIELD; MANUFACTURER_FROM_FIELD; MATERIAL_STAINLESS_STEEL; PART_NO_FROM_FIELD; SIZE_INCH; STANDARD_FROM_SPECIFICATION; TYPE_FROM_MATERIAL_TYPE; UNIT_FROM_FIELD,description; specification; structured_field
CPCL-324962,CPCL,RTD SENSOR 3-wire,rtd sensor 3-wire,Instrumentation,Temperature Sensor,IEC 60751; 3-wire; 300 mm,Pt100,3-wire,300 mm,8 mm,SS,NOS,instrumentation,temperature sensor,,,Pt100,3-wire,,300 mm,,,8 mm,,,,,IEC 60751,IEC 60751; 3-wire; 300 mm,stainless steel,,,,,,Eastern Cables,EAS-503-48,NOS,12,False,,COATING_FROM_STRUCTURED_FIELD; DIAMETER_FROM_FIELD; FAMILY_INSTRUMENTATION; GRADE_FROM_STRUCTURED_FIELD; LENGTH_FROM_FIELD; MANUFACTURER_FROM_FIELD; PART_NO_FROM_FIELD; SIZE_FROM_STRUCTURED_FIELD; STANDARD_FROM_SPECIFICATION; TYPE_FROM_MATERIAL_TYPE; UNIT_FROM_FIELD,specification; structured_field
ONGC-800943,ONGC,SPIRAL GASKET 6 in,spiral gasket 6 in,Seals,Gasket,ASME B16.20; 6 in; Graphite/SS 316,Graphite/SS 316,6 in,,,SS,NOS,seal/gasket,gasket,,,Graphite/SS 316,6 in,,,,,,,,,,ASME B16.20,ASME B16.20; 6 in; Graphite/SS 316,stainless steel,,,,,,ABC Industrial Products,ABC-147-22,NOS,10,True,material_type: 'gasket' vs 'spiral wound gasket',COATING_FROM_STRUCTURED_FIELD; FAMILY_SEAL; GRADE_FROM_STRUCTURED_FIELD; MANUFACTURER_FROM_FIELD; PART_NO_FROM_FIELD; SIZE_INCH; STANDARD_FROM_SPECIFICATION; TYPE_FROM_MATERIAL_TYPE; UNIT_FROM_FIELD,description; specification; structured_field
ONGC-658962,ONGC,GLOBE VALVE 3 in API 623,globe valve 3 in api 623,Valves,Globe Valve,API 623; 3 in; ASTM A216 WCB,ASTM A216 WCB,3 in,,,Painted,NOS,valve,globe valve,,,ASTM A216 WCB,3 in,,,,,,,,,,ASTM A216 WCB; API 623,API 623; 3 in; ASTM A216 WCB,painted,,,,,,ABC Industrial Products,ABC-545-79,NOS,10,False,,COATING_FROM_STRUCTURED_FIELD; FAMILY_VALVE; GRADE_FROM_STRUCTURED_FIELD; MANUFACTURER_FROM_FIELD; PART_NO_FROM_FIELD; SIZE_INCH; STANDARD_FROM_SPECIFICATION; TYPE_GLOBE_VALVE; UNIT_FROM_FIELD,description; specification; structured_field
CPCL-101777,CPCL,35 sq mm SQ MM POWER CABLE,35 sq mm sq mm power cable,Electrical,Cable,IS 7098; 35 sq mm; 500 m,XLPE Aluminium,35 sq mm,500 mm,,PVC,MTR,electrical,cable,,xlpe,XLPE Aluminium,35 sq mm,,500 mm,,,,,,,,IS 7098,IS 7098; 35 sq mm; 500 m,pvc,,,,,,Precision Fasteners,PRE-643-72,MTR,12,False,,COATING_FROM_STRUCTURED_FIELD; FAMILY_ELECTRICAL; GRADE_FROM_STRUCTURED_FIELD; LENGTH_FROM_FIELD; MANUFACTURER_FROM_FIELD; MATERIAL_XLPE; PART_NO_FROM_FIELD; SIZE_SQMM_CABLE; STANDARD_FROM_SPECIFICATION; TYPE_FROM_MATERIAL_TYPE; UNIT_FROM_FIELD,description; specification; structured_field
HPCL-684918,HPCL,CENTRIFUGAL PUMP 100 mm SS 316,centrifugal pump 100 mm stainless steel 316,Pumps,Centrifugal Pump,API 610; 100 mm; SS 316,SS 316,100 mm,,,Painted,NOS,pump,centrifugal pump,,stainless steel,SS 316,100 mm,,,,,,,,,,API 610,API 610; 100 mm; SS 316,painted,,,,,,Eastern Cables,EAS-102-66,NOS,11,False,,COATING_FROM_STRUCTURED_FIELD; FAMILY_PUMP; GRADE_SS316; MANUFACTURER_FROM_FIELD; MATERIAL_STAINLESS_STEEL; PART_NO_FROM_FIELD; SIZE_MM; STANDARD_FROM_SPECIFICATION; TYPE_CENTRIFUGAL_PUMP; UNIT_FROM_FIELD,description; specification; structured_field
ONGC-963294,ONGC,HRC CARTRIDGE 10 A,high rupturing capacity cartridge 10 a,Electrical,Fuse,IS 13703; 10 A,Ceramic,10 A,,,,MTR,electrical,fuse,,,Ceramic,10 A,,,,,,,,,,IS 13703,IS 13703; 10 A,,,,,,,Apex Industrial Systems,APE-696-13,MTR,9,False,,FAMILY_ELECTRICAL; GRADE_FROM_STRUCTURED_FIELD; MANUFACTURER_FROM_FIELD; PART_NO_FROM_FIELD; SIZE_FROM_STRUCTURED_FIELD; STANDARD_FROM_SPECIFICATION; TYPE_FROM_MATERIAL_TYPE; UNIT_FROM_FIELD,description; specification; structured_field
HPCL-809570,HPCL,HEXAGONAL NUT M16 ZINC PLATED,hexagonal nut m16 zinc plated,Fasteners,Nut,IS 1364; M16; Zinc Plated,Carbon Steel,M16,,,Zinc Plated,NOS,fastener,nut,hex,carbon steel,Carbon Steel,M16,,,,,,,,,,IS 1364,IS 1364; M16; Zinc Plated,zinc plated,,,,,,Prime Electricals,PRI-994-51,NOS,12,False,,COATING_FROM_STRUCTURED_FIELD; FAMILY_FASTENER; GRADE_FROM_STRUCTURED_FIELD; MANUFACTURER_FROM_FIELD; MATERIAL_CARBON_STEEL; PART_NO_FROM_FIELD; SIZE_METRIC_BOLT; STANDARD_FROM_SPECIFICATION; SUBTYPE_HEX; TYPE_FROM_MATERIAL_TYPE; UNIT_FROM_FIELD,description; specification; structured_field
IOCL-498113,IOCL,XLPE CABLE 50 sq mm,xlpe cable 50 sq mm,Electrical,Cable,IS 7098; 50 sq mm; 1000 m,XLPE Aluminium,50 sq mm,1000 mm,,PVC,MTR,electrical,cable,,xlpe,XLPE Aluminium,50 sq mm,,1000 mm,,,,,,,,IS 7098,IS 7098; 50 sq mm; 1000 m,pvc,,,,,,Prime Electricals,PRI-348-17,MTR,12,False,,COATING_FROM_STRUCTURED_FIELD; FAMILY_ELECTRICAL; GRADE_FROM_STRUCTURED_FIELD; LENGTH_FROM_FIELD; MANUFACTURER_FROM_FIELD; MATERIAL_XLPE; PART_NO_FROM_FIELD; SIZE_SQMM_CABLE; STANDARD_FROM_SPECIFICATION; TYPE_FROM_MATERIAL_TYPE; UNIT_FROM_FIELD,description; specification; structured_field
IOCL-333148,IOCL,BEARING NO 6208,bearing number 6208,Bearings,Ball Bearing,ISO 15; Bearing 6208,Chrome Steel,6208,,,,NOS,bearing,ball bearing,,chrome steel,Chrome Steel,6208,,,,,,,,,,ISO 15,ISO 15; Bearing 6208,,,,,,6208,ABC Industrial Products,ABC-133-68,NOS,11,False,,BEARING_NUMBER; FAMILY_BEARING; GRADE_FROM_STRUCTURED_FIELD; MANUFACTURER_FROM_FIELD; MATERIAL_CHROME_STEEL; PART_NO_FROM_FIELD; SIZE_FROM_STRUCTURED_FIELD; STANDARD_FROM_SPECIFICATION; TYPE_BALL_BEARING; UNIT_FROM_FIELD,description; specification; structured_field
HPCL-231107,HPCL,HYD HOSE 1 in 5000 MM,hyd hose 1 in 5000 mm,Hoses,Hydraulic Hose,SAE 100 R2; 1 in; 5000 mm,Synthetic Rubber,1 in,5000 mm,,Rubber,MTR,hose,hydraulic hose,,synthetic rubber,Synthetic Rubber,1 in,,5000 mm,,,,,,,,SAE 100 R2,SAE 100 R2; 1 in; 5000 mm,rubber,,,,,,Shree Valves & Fittings,SHR-103-54,MTR,12,False,,COATING_FROM_STRUCTURED_FIELD; FAMILY_HOSE; GRADE_FROM_STRUCTURED_FIELD; LENGTH_FROM_FIELD; MANUFACTURER_FROM_FIELD; MATERIAL_SYNTHETIC_RUBBER; PART_NO_FROM_FIELD; SIZE_INCH; STANDARD_FROM_SPECIFICATION; TYPE_FROM_MATERIAL_TYPE; UNIT_FROM_FIELD,description; specification; structured_field
CPCL-391637,CPCL,FLOATING BALL VALVE 1/2 in,floating ball valve 1/2 in,Valves,Ball Valve,API 608; 1/2 in; SS 316,SS 316,1/2 in,,,SS,NOS,valve,ball valve,,stainless steel,SS 316,1/2 in,,,,,,,,,,API 608,API 608; 1/2 in; SS 316,stainless steel,,,floating,,,ABC Industrial Products,ABC-114-35,NOS,12,False,,COATING_FROM_STRUCTURED_FIELD; CONSTRUCTION_FLOATING; FAMILY_VALVE; GRADE_FROM_STRUCTURED_FIELD; MANUFACTURER_FROM_FIELD; MATERIAL_STAINLESS_STEEL; PART_NO_FROM_FIELD; SIZE_FRACTION_INCH; STANDARD_FROM_SPECIFICATION; TYPE_BALL_VALVE; UNIT_FROM_FIELD,description; specification; structured_field
CPCL-446578,CPCL,WELD NECK FLANGE 1 in ASTM A105,weld neck flange 1 in astm a105,Pipes & Fittings,Flange,ASME B16.5; 1 in; ASTM A105,ASTM A105,1 in,,,Bare,MTR,flange,weld neck flange,,,ASTM A105,1 in,,,,,,,,,,ASTM A105; ASME B16.5,ASME B16.5; 1 in; ASTM A105,bare,weld neck,,,,,Metro Pumps & Valves,MET-327-17,MTR,11,True,material_grade: 'ASTM A105' vs 'A105',COATING_FROM_STRUCTURED_FIELD; CONNECTION_WELD_NECK; FAMILY_FLANGE; GRADE_A105; MANUFACTURER_FROM_FIELD; PART_NO_FROM_FIELD; SIZE_INCH; STANDARD_FROM_SPECIFICATION; TYPE_WELDNECK_FLANGE; UNIT_FROM_FIELD,description; specification; structured_field
ONGC-674081,ONGC,PRESSURE INDICATOR 0-100 bar,pressure indicator 0-100 bar,Instrumentation,Pressure Gauge,EN 837-1; Range 0-100 bar,SS 304,0-100 bar,,,SS,NOS,instrumentation,pressure gauge,,stainless steel,SS 304,0-100 bar,,,,,,,,,,EN 837-1,EN 837-1; Range 0-100 bar,stainless steel,,,,,,Precision Fasteners,PRE-829-18,NOS,11,False,,COATING_FROM_STRUCTURED_FIELD; FAMILY_INSTRUMENTATION; GRADE_FROM_STRUCTURED_FIELD; MANUFACTURER_FROM_FIELD; MATERIAL_STAINLESS_STEEL; PART_NO_FROM_FIELD; SIZE_PRESSURE_RANGE; STANDARD_FROM_SPECIFICATION; TYPE_FROM_MATERIAL_TYPE; UNIT_FROM_FIELD,description; specification; structured_field
CPCL-602205,CPCL,PLAIN WASHER M12 ZINC PLATED,plain washer m12 zinc plated,Fasteners,Washer,IS 2016; M12; Zinc Plated,Carbon Steel,M12,,,Zinc Plated,NOS,fastener,washer,,carbon steel,Carbon Steel,M12,,,,,,,,,,IS 2016,IS 2016; M12; Zinc Plated,zinc plated,,,,,,Hindustan Mechanical,HIN-865-13,NOS,11,False,,COATING_FROM_STRUCTURED_FIELD; FAMILY_FASTENER; GRADE_FROM_STRUCTURED_FIELD; MANUFACTURER_FROM_FIELD; MATERIAL_CARBON_STEEL; PART_NO_FROM_FIELD; SIZE_METRIC_BOLT; STANDARD_FROM_SPECIFICATION; TYPE_FROM_MATERIAL_TYPE; UNIT_FROM_FIELD,description; specification; structured_field
IOCL-949445,IOCL,FLOATING BALL VALVE 3 in,floating ball valve 3 in,Valves,Ball Valve,API 608; 3 in; SS 316,SS 316,3 in,,,SS,NOS,valve,ball valve,,stainless steel,SS 316,3 in,,,,,,,,,,API 608,API 608; 3 in; SS 316,stainless steel,,,floating,,,Shree Valves & Fittings,SHR-506-57,NOS,12,False,,COATING_FROM_STRUCTURED_FIELD; CONSTRUCTION_FLOATING; FAMILY_VALVE; GRADE_FROM_STRUCTURED_FIELD; MANUFACTURER_FROM_FIELD; MATERIAL_STAINLESS_STEEL; PART_NO_FROM_FIELD; SIZE_INCH; STANDARD_FROM_SPECIFICATION; TYPE_BALL_VALVE; UNIT_FROM_FIELD,description; specification; structured_field
HPCL-657841,HPCL,HIGH PRESSURE HYDRAULIC HOSE 1/2 in,high pressure hydraulic hose 1/2 in,Hoses,Hydraulic Hose,SAE 100 R2; 1/2 in; 5000 mm,Synthetic Rubber,1/2 in,5000 mm,,Rubber,MTR,hose,hydraulic hose,,synthetic rubber,Synthetic Rubber,1/2 in,,5000 mm,,,,,,,,SAE 100 R2,SAE 100 R2; 1/2 in; 5000 mm,rubber,,,,,,Hindustan Mechanical,HIN-358-68,MTR,12,False,,COATING_FROM_STRUCTURED_FIELD; FAMILY_HOSE; GRADE_FROM_STRUCTURED_FIELD; LENGTH_FROM_FIELD; MANUFACTURER_FROM_FIELD; MATERIAL_SYNTHETIC_RUBBER; PART_NO_FROM_FIELD; SIZE_FRACTION_INCH; STANDARD_FROM_SPECIFICATION; TYPE_FROM_MATERIAL_TYPE; UNIT_FROM_FIELD,description; specification; structured_field
IOCL-146676,IOCL,BEARING NO 6208,bearing number 6208,Bearings,Ball Bearing,ISO 15; Bearing 6208,Chrome Steel,6208,,,,NOS,bearing,ball bearing,,chrome steel,Chrome Steel,6208,,,,,,,,,,ISO 15,ISO 15; Bearing 6208,,,,,,6208,ABC Industrial Products,ABC-286-51,NOS,11,False,,BEARING_NUMBER; FAMILY_BEARING; GRADE_FROM_STRUCTURED_FIELD; MANUFACTURER_FROM_FIELD; MATERIAL_CHROME_STEEL; PART_NO_FROM_FIELD; SIZE_FROM_STRUCTURED_FIELD; STANDARD_FROM_SPECIFICATION; TYPE_BALL_BEARING; UNIT_FROM_FIELD,description; specification; structured_field
IOCL-965307,IOCL,WELD NECK FLANGE 1 in ASTM A105,weld neck flange 1 in astm a105,Pipes & Fittings,Flange,ASME B16.5; 1 in; ASTM A105,ASTM A105,1 in,,,Bare,MTR,flange,weld neck flange,,,ASTM A105,1 in,,,,,,,,,,ASTM A105; ASME B16.5,ASME B16.5; 1 in; ASTM A105,bare,weld neck,,,,,Precision Fasteners,PRE-349-86,MTR,11,True,material_grade: 'ASTM A105' vs 'A105',COATING_FROM_STRUCTURED_FIELD; CONNECTION_WELD_NECK; FAMILY_FLANGE; GRADE_A105; MANUFACTURER_FROM_FIELD; PART_NO_FROM_FIELD; SIZE_INCH; STANDARD_FROM_SPECIFICATION; TYPE_WELDNECK_FLANGE; UNIT_FROM_FIELD,description; specification; structured_field
ONGC-666286,ONGC,GLOBE VALVE FLANGED 1 in ASTM A216 WCB,globe valve flanged 1 in astm a216 wcb,Valves,Globe Valve,API 623; 1 in; ASTM A216 WCB,ASTM A216 WCB,1 in,,,Painted,NOS,valve,globe valve,,,ASTM A216 WCB,1 in,,,,,,,,,,ASTM A216 WCB; API 623,API 623; 1 in; ASTM A216 WCB,painted,flanged,,,,,Hindustan Mechanical,HIN-992-85,NOS,11,True,material_grade: 'ASTM A216 WCB' vs 'WCB',COATING_FROM_STRUCTURED_FIELD; CONNECTION_FLANGED; FAMILY_VALVE; GRADE_A105; MANUFACTURER_FROM_FIELD; PART_NO_FROM_FIELD; SIZE_INCH; STANDARD_FROM_SPECIFICATION; TYPE_GLOBE_VALVE; UNIT_FROM_FIELD,description; specification; structured_field
CPCL-276210,CPCL,SAFETY VALVE 3 in,safety valve 3 in,Safety,Safety Valve,API 526; 3 in; SS 316,SS 316,3 in,,,SS,NOS,safety,safety valve,,stainless steel,SS 316,3 in,,,,,,,,,,API 526,API 526; 3 in; SS 316,stainless steel,,,,,,Eastern Cables,EAS-993-64,NOS,11,True,material_family: 'safety' vs 'valve',COATING_FROM_STRUCTURED_FIELD; FAMILY_SAFETY; GRADE_FROM_STRUCTURED_FIELD; MANUFACTURER_FROM_FIELD; MATERIAL_STAINLESS_STEEL; PART_NO_FROM_FIELD; SIZE_INCH; STANDARD_FROM_SPECIFICATION; TYPE_SAFETY_VALVE; UNIT_FROM_FIELD,description; specification; structured_field
CPCL-123432,CPCL,WELD NECK FLANGE 3 in ASTM A105,weld neck flange 3 in astm a105,Pipes & Fittings,Flange,ASME B16.5; 3 in; ASTM A105,ASTM A105,3 in,,,Bare,MTR,flange,weld neck flange,,,ASTM A105,3 in,,,,,,,,,,ASTM A105; ASME B16.5,ASME B16.5; 3 in; ASTM A105,bare,weld neck,,,,,National Bearing Works,NAT-474-38,MTR,11,True,material_grade: 'ASTM A105' vs 'A105',COATING_FROM_STRUCTURED_FIELD; CONNECTION_WELD_NECK; FAMILY_FLANGE; GRADE_A105; MANUFACTURER_FROM_FIELD; PART_NO_FROM_FIELD; SIZE_INCH; STANDARD_FROM_SPECIFICATION; TYPE_WELDNECK_FLANGE; UNIT_FROM_FIELD,description; specification; structured_field
HPCL-641887,HPCL,FLOATING BALL VALVE 4 in SS 316,floating ball valve 4 in stainless steel 316,Valves,Ball Valve,API 608; 4 in; SS 316,SS 316,4 in,,,SS,NOS,valve,ball valve,,stainless steel,SS 316,4 in,,,,,,,,,,API 608,API 608; 4 in; SS 316,stainless steel,,,floating,,,Eastern Cables,EAS-545-85,NOS,12,False,,COATING_FROM_STRUCTURED_FIELD; CONSTRUCTION_FLOATING; FAMILY_VALVE; GRADE_SS316; MANUFACTURER_FROM_FIELD; MATERIAL_STAINLESS_STEEL; PART_NO_FROM_FIELD; SIZE_INCH; STANDARD_FROM_SPECIFICATION; TYPE_BALL_VALVE; UNIT_FROM_FIELD,description; specification; structured_field
CPCL-205969,CPCL,1.5 sq mm SQ MM POWER CABLE,1.5 sq mm sq mm power cable,Electrical,Cable,IS 7098; 1.5 sq mm; 100 m,XLPE Copper,1.5 sq mm,100 mm,,PVC,MTR,electrical,cable,,xlpe,XLPE Copper,1.5 sq mm,,100 mm,,,,,,,,IS 7098,IS 7098; 1.5 sq mm; 100 m,pvc,,,,,,Eastern Cables,EAS-648-97,MTR,12,False,,COATING_FROM_STRUCTURED_FIELD; FAMILY_ELECTRICAL; GRADE_FROM_STRUCTURED_FIELD; LENGTH_FROM_FIELD; MANUFACTURER_FROM_FIELD; MATERIAL_XLPE; PART_NO_FROM_FIELD; SIZE_SQMM_CABLE; STANDARD_FROM_SPECIFICATION; TYPE_FROM_MATERIAL_TYPE; UNIT_FROM_FIELD,description; specification; structured_field
ONGC-572972,ONGC,FLOATING BALL VALVE 1 in,floating ball valve 1 in,Valves,Ball Valve,API 608; 1 in; SS 316,SS 316,1 in,,,SS,NOS,valve,ball valve,,stainless steel,SS 316,1 in,,,,,,,,,,API 608,API 608; 1 in; SS 316,stainless steel,,,floating,,,Precision Fasteners,PRE-782-63,NOS,12,False,,COATING_FROM_STRUCTURED_FIELD; CONSTRUCTION_FLOATING; FAMILY_VALVE; GRADE_FROM_STRUCTURED_FIELD; MANUFACTURER_FROM_FIELD; MATERIAL_STAINLESS_STEEL; PART_NO_FROM_FIELD; SIZE_INCH; STANDARD_FROM_SPECIFICATION; TYPE_BALL_VALVE; UNIT_FROM_FIELD,description; specification; structured_field
HPCL-570543,HPCL,CARTRIDGE FUSE 10 A,cartridge fuse 10 a,Electrical,Fuse,IS 13703; 10 A,Ceramic,10 A,,,,MTR,electrical,fuse,,,Ceramic,10 A,,,,,,,,,,IS 13703,IS 13703; 10 A,,,,,,,Metro Pumps & Valves,MET-583-32,MTR,9,False,,FAMILY_ELECTRICAL; GRADE_FROM_STRUCTURED_FIELD; MANUFACTURER_FROM_FIELD; PART_NO_FROM_FIELD; SIZE_FROM_STRUCTURED_FIELD; STANDARD_FROM_SPECIFICATION; TYPE_FROM_MATERIAL_TYPE; UNIT_FROM_FIELD,description; specification; structured_field
CPCL-867336,CPCL,POWER CABLE 4 sq mm XLPE Copper,power cable 4 sq mm xlpe copper,Electrical,Cable,IS 7098; 4 sq mm; 1000 m,XLPE Copper,4 sq mm,1000 mm,,PVC,MTR,electrical,cable,,xlpe,XLPE Copper,4 sq mm,,1000 mm,,,,,,,,IS 7098,IS 7098; 4 sq mm; 1000 m,pvc,,,,,,ABC Industrial Products,ABC-238-55,MTR,12,False,,COATING_FROM_STRUCTURED_FIELD; FAMILY_ELECTRICAL; GRADE_FROM_STRUCTURED_FIELD; LENGTH_FROM_FIELD; MANUFACTURER_FROM_FIELD; MATERIAL_XLPE; PART_NO_FROM_FIELD; SIZE_SQMM_CABLE; STANDARD_FROM_SPECIFICATION; TYPE_FROM_MATERIAL_TYPE; UNIT_FROM_FIELD,description; specification; structured_field
ONGC-778589,ONGC,SEAMLESS STEEL PIPE 1 in API 5L,seamless steel pipe 1 in api 5l,Pipes & Fittings,Pipe,API 5L; 1 in; ASTM A106 Gr.B,ASTM A106 Gr.B,1 in,3000 mm,,Black,MTR,pipe/fitting,pipe,,,ASTM A106 Gr.B,1 in,,3000 mm,,,,,,,,ASTM A106 Gr.B; API 5L,API 5L; 1 in; ASTM A106 Gr.B,black,,,seamless,,,Eastern Cables,EAS-353-92,MTR,12,False,,COATING_FROM_STRUCTURED_FIELD; CONSTRUCTION_SEAMLESS; FAMILY_PIPE; GRADE_FROM_STRUCTURED_FIELD; LENGTH_FROM_FIELD; MANUFACTURER_FROM_FIELD; PART_NO_FROM_FIELD; SIZE_INCH; STANDARD_FROM_SPECIFICATION; TYPE_FROM_MATERIAL_TYPE; UNIT_FROM_FIELD,description; specification; structured_field
ONGC-485225,ONGC,M16 HEX NUT,m16 hexagonal nut,Fasteners,Nut,IS 1364; M16; Zinc Plated,Carbon Steel,M16,,,Zinc Plated,NOS,fastener,nut,hex,carbon steel,Carbon Steel,M16,,,,,,,,,,IS 1364,IS 1364; M16; Zinc Plated,zinc plated,,,,,,Prime Electricals,PRI-334-72,NOS,12,False,,COATING_FROM_STRUCTURED_FIELD; FAMILY_FASTENER; GRADE_FROM_STRUCTURED_FIELD; MANUFACTURER_FROM_FIELD; MATERIAL_CARBON_STEEL; PART_NO_FROM_FIELD; SIZE_METRIC_BOLT; STANDARD_FROM_SPECIFICATION; SUBTYPE_HEX; TYPE_FROM_MATERIAL_TYPE; UNIT_FROM_FIELD,description; specification; structured_field
ONGC-238343,ONGC,GATE VALVE FLANGED 6 in,gate valve flanged 6 in,Valves,Gate Valve,API 600; 6 in; ASTM A216 WCB,ASTM A216 WCB,6 in,,,Painted,NOS,valve,gate valve,,,ASTM A216 WCB,6 in,,,,,,,,,,ASTM A216 WCB; API 600,API 600; 6 in; ASTM A216 WCB,painted,flanged,,,,,Apex Industrial Systems,APE-802-55,NOS,11,False,,COATING_FROM_STRUCTURED_FIELD; CONNECTION_FLANGED; FAMILY_VALVE; GRADE_FROM_STRUCTURED_FIELD; MANUFACTURER_FROM_FIELD; PART_NO_FROM_FIELD; SIZE_INCH; STANDARD_FROM_SPECIFICATION; TYPE_GATE_VALVE; UNIT_FROM_FIELD,description; specification; structured_field
IOCL-723142,IOCL,RTD SENSOR 3-wire,rtd sensor 3-wire,Instrumentation,Temperature Sensor,IEC 60751; 3-wire; 150 mm,Pt100,3-wire,150 mm,8 mm,SS,NOS,instrumentation,temperature sensor,,,Pt100,3-wire,,150 mm,,,8 mm,,,,,IEC 60751,IEC 60751; 3-wire; 150 mm,stainless steel,,,,,,Hindustan Mechanical,HIN-293-58,NOS,12,False,,COATING_FROM_STRUCTURED_FIELD; DIAMETER_FROM_FIELD; FAMILY_INSTRUMENTATION; GRADE_FROM_STRUCTURED_FIELD; LENGTH_FROM_FIELD; MANUFACTURER_FROM_FIELD; PART_NO_FROM_FIELD; SIZE_FROM_STRUCTURED_FIELD; STANDARD_FROM_SPECIFICATION; TYPE_FROM_MATERIAL_TYPE; UNIT_FROM_FIELD,specification; structured_field
IOCL-937499,IOCL,SEAMLESS STEEL PIPE 1/2 in ASTM A106 Gr.B,seamless steel pipe 1/2 in astm a106 gr.b,Pipes & Fittings,Pipe,API 5L; 1/2 in; ASTM A106 Gr.B,ASTM A106 Gr.B,1/2 in,6000 mm,,Black,MTR,pipe/fitting,pipe,,,ASTM A106 Gr.B,1/2 in,,6000 mm,,,,,,,,ASTM A106 Gr.B; API 5L,API 5L; 1/2 in; ASTM A106 Gr.B,black,,,seamless,,,Bharat Industrial Works,BHA-968-17,MTR,12,True,material_grade: 'ASTM A106 Gr.B' vs 'ASTM A106 GR.B'; material_grade: 'ASTM A106 Gr.B' vs 'A106',COATING_FROM_STRUCTURED_FIELD; CONSTRUCTION_SEAMLESS; FAMILY_PIPE; GRADE_FROM_STRUCTURED_FIELD; LENGTH_FROM_FIELD; MANUFACTURER_FROM_FIELD; PART_NO_FROM_FIELD; SIZE_FRACTION_INCH; STANDARD_FROM_SPECIFICATION; TYPE_FROM_MATERIAL_TYPE; UNIT_FROM_FIELD,description; specification; structured_field
IOCL-297420,IOCL,BALL BEARING 6202,ball bearing 6202,Bearings,Ball Bearing,ISO 15; Bearing 6202,Chrome Steel,6202,,,,NOS,bearing,ball bearing,,chrome steel,Chrome Steel,6202,,,,,,,,,,ISO 15,ISO 15; Bearing 6202,,,,,,6202,Shree Valves & Fittings,SHR-428-77,NOS,11,False,,BEARING_NUMBER; FAMILY_BEARING; GRADE_FROM_STRUCTURED_FIELD; MANUFACTURER_FROM_FIELD; MATERIAL_CHROME_STEEL; PART_NO_FROM_FIELD; SIZE_FROM_STRUCTURED_FIELD; STANDARD_FROM_SPECIFICATION; TYPE_BALL_BEARING; UNIT_FROM_FIELD,description; specification; structured_field
CPCL-501337,CPCL,HRC FUSE 32 A,high rupturing capacity fuse 32 a,Electrical,Fuse,IS 13703; 32 A,Ceramic,32 A,,,,MTR,electrical,fuse,,,Ceramic,32 A,,,,,,,,,,IS 13703,IS 13703; 32 A,,,,,,,Eastern Cables,EAS-670-20,MTR,9,False,,FAMILY_ELECTRICAL; GRADE_FROM_STRUCTURED_FIELD; MANUFACTURER_FROM_FIELD; PART_NO_FROM_FIELD; SIZE_FROM_STRUCTURED_FIELD; STANDARD_FROM_SPECIFICATION; TYPE_FROM_MATERIAL_TYPE; UNIT_FROM_FIELD,description; specification; structured_field
IOCL-578607,IOCL,HRC CARTRIDGE 63 A,high rupturing capacity cartridge 63 a,Electrical,Fuse,IS 13703; 63 A,Ceramic,63 A,,,,MTR,electrical,fuse,,,Ceramic,63 A,,,,,,,,,,IS 13703,IS 13703; 63 A,,,,,,,Bharat Industrial Works,BHA-510-81,MTR,9,False,,FAMILY_ELECTRICAL; GRADE_FROM_STRUCTURED_FIELD; MANUFACTURER_FROM_FIELD; PART_NO_FROM_FIELD; SIZE_FROM_STRUCTURED_FIELD; STANDARD_FROM_SPECIFICATION; TYPE_FROM_MATERIAL_TYPE; UNIT_FROM_FIELD,description; specification; structured_field
ONGC-393335,ONGC,PT100 RTD 4-wire 150,pt100 rtd 4-wire 150,Instrumentation,Temperature Sensor,IEC 60751; 4-wire; 150 mm,Pt100,4-wire,150 mm,8 mm,SS,NOS,instrumentation,temperature sensor,,,Pt100,4-wire,,150 mm,,,8 mm,,,,,IEC 60751,IEC 60751; 4-wire; 150 mm,stainless steel,,,,,,Larsen Engineering,LAR-101-93,NOS,12,False,,COATING_FROM_STRUCTURED_FIELD; DIAMETER_FROM_FIELD; FAMILY_INSTRUMENTATION; GRADE_FROM_STRUCTURED_FIELD; LENGTH_FROM_FIELD; MANUFACTURER_FROM_FIELD; PART_NO_FROM_FIELD; SIZE_FROM_STRUCTURED_FIELD; STANDARD_FROM_SPECIFICATION; TYPE_FROM_MATERIAL_TYPE; UNIT_FROM_FIELD,specification; structured_field
CPCL-777446,CPCL,FLOATING BALL VALVE 1 in SS 316,floating ball valve 1 in stainless steel 316,Valves,Ball Valve,API 608; 1 in; SS 316,SS 316,1 in,,,SS,NOS,valve,ball valve,,stainless steel,SS 316,1 in,,,,,,,,,,API 608,API 608; 1 in; SS 316,stainless steel,,,floating,,,National Bearing Works,NAT-633-39,NOS,12,False,,COATING_FROM_STRUCTURED_FIELD; CONSTRUCTION_FLOATING; FAMILY_VALVE; GRADE_SS316; MANUFACTURER_FROM_FIELD; MATERIAL_STAINLESS_STEEL; PART_NO_FROM_FIELD; SIZE_INCH; STANDARD_FROM_SPECIFICATION; TYPE_BALL_VALVE; UNIT_FROM_FIELD,description; specification; structured_field
CPCL-444476,CPCL,FLANGE 6 in ASTM A105,flange 6 in astm a105,Pipes & Fittings,Flange,ASME B16.5; 6 in; ASTM A105,ASTM A105,6 in,,,Bare,MTR,pipe/fitting,flange,,,ASTM A105,6 in,,,,,,,,,,ASTM A105; ASME B16.5,ASME B16.5; 6 in; ASTM A105,bare,,,,,,Metro Pumps & Valves,MET-897-16,MTR,10,True,material_grade: 'ASTM A105' vs 'A105',COATING_FROM_STRUCTURED_FIELD; FAMILY_PIPE; GRADE_A105; MANUFACTURER_FROM_FIELD; PART_NO_FROM_FIELD; SIZE_INCH; STANDARD_FROM_SPECIFICATION; TYPE_FROM_MATERIAL_TYPE; UNIT_FROM_FIELD,description; specification; structured_field
IOCL-727357,IOCL,PRESSURE RELIEF VALVE 4 in SS 316,pressure relief valve 4 in stainless steel 316,Safety,Safety Valve,API 526; 4 in; SS 316,SS 316,4 in,,,SS,NOS,safety,safety valve,,stainless steel,SS 316,4 in,,,,,,,,,,API 526,API 526; 4 in; SS 316,stainless steel,,,,,,Hindustan Mechanical,HIN-593-46,NOS,11,False,,COATING_FROM_STRUCTURED_FIELD; FAMILY_SAFETY; GRADE_SS316; MANUFACTURER_FROM_FIELD; MATERIAL_STAINLESS_STEEL; PART_NO_FROM_FIELD; SIZE_INCH; STANDARD_FROM_SPECIFICATION; TYPE_SAFETY_VALVE; UNIT_FROM_FIELD,description; specification; structured_field
CPCL-142411,CPCL,XLPE CABLE 10 sq mm,xlpe cable 10 sq mm,Electrical,Cable,IS 7098; 10 sq mm; 500 m,XLPE Aluminium,10 sq mm,500 mm,,PVC,MTR,electrical,cable,,xlpe,XLPE Aluminium,10 sq mm,,500 mm,,,,,,,,IS 7098,IS 7098; 10 sq mm; 500 m,pvc,,,,,,Larsen Engineering,LAR-139-15,MTR,12,False,,COATING_FROM_STRUCTURED_FIELD; FAMILY_ELECTRICAL; GRADE_FROM_STRUCTURED_FIELD; LENGTH_FROM_FIELD; MANUFACTURER_FROM_FIELD; MATERIAL_XLPE; PART_NO_FROM_FIELD; SIZE_SQMM_CABLE; STANDARD_FROM_SPECIFICATION; TYPE_FROM_MATERIAL_TYPE; UNIT_FROM_FIELD,description; specification; structured_field
IOCL-743272,IOCL,EP GEAR OIL ISO VG 320,ep gear oil iso vg 320,Lubricants,Lubricant,IS 10522; ISO VG 320,Mineral Oil,ISO VG 320,,,,LTR,lubricant,lubricant,,mineral oil,Mineral Oil,ISO VG 320,,,,,,,,,,ISO VG 320; IS 10522,IS 10522; ISO VG 320,,,,,,,Shree Valves & Fittings,SHR-220-70,LTR,10,False,,FAMILY_LUBRICANT; GRADE_FROM_STRUCTURED_FIELD; MANUFACTURER_FROM_FIELD; MATERIAL_MINERAL_OIL; PART_NO_FROM_FIELD; SIZE_VG_ISO_LUBE; STANDARD_FROM_SPECIFICATION; TYPE_FROM_MATERIAL_TYPE; UNIT_FROM_FIELD,description; specification; structured_field
ONGC-301263,ONGC,POWER CABLE 35 sq mm XLPE Aluminium,power cable 35 sq mm xlpe aluminium,Electrical,Cable,IS 7098; 35 sq mm; 100 m,XLPE Aluminium,35 sq mm,100 mm,,PVC,MTR,electrical,cable,,xlpe,XLPE Aluminium,35 sq mm,,100 mm,,,,,,,,IS 7098,IS 7098; 35 sq mm; 100 m,pvc,,,,,,Bharat Industrial Works,BHA-593-34,MTR,12,False,,COATING_FROM_STRUCTURED_FIELD; FAMILY_ELECTRICAL; GRADE_FROM_STRUCTURED_FIELD; LENGTH_FROM_FIELD; MANUFACTURER_FROM_FIELD; MATERIAL_XLPE; PART_NO_FROM_FIELD; SIZE_SQMM_CABLE; STANDARD_FROM_SPECIFICATION; TYPE_FROM_MATERIAL_TYPE; UNIT_FROM_FIELD,description; specification; structured_field
HPCL-260397,HPCL,HORIZONTAL CENTRIFUGAL PUMP 50 mm,horizontal centrifugal pump 50 mm,Pumps,Centrifugal Pump,API 610; 50 mm; SS 316,SS 316,50 mm,,,Painted,NOS,pump,centrifugal pump,,stainless steel,SS 316,50 mm,,,,,,,,,,API 610,API 610; 50 mm; SS 316,painted,,,,horizontal,,ABC Industrial Products,ABC-545-56,NOS,12,False,,COATING_FROM_STRUCTURED_FIELD; FAMILY_PUMP; GRADE_FROM_STRUCTURED_FIELD; MANUFACTURER_FROM_FIELD; MATERIAL_STAINLESS_STEEL; ORIENTATION_HORIZONTAL; PART_NO_FROM_FIELD; SIZE_MM; STANDARD_FROM_SPECIFICATION; TYPE_CENTRIFUGAL_PUMP; UNIT_FROM_FIELD,description; specification; structured_field
HPCL-725092,HPCL,WASHER M16 GALVANIZED,washer m16 galvanized,Fasteners,Washer,IS 2016; M16; Galvanized,Carbon Steel,M16,,,Galvanized,NOS,fastener,washer,,carbon steel,Carbon Steel,M16,,,,,,,,,,IS 2016,IS 2016; M16; Galvanized,galvanized,,,,,,ABC Industrial Products,ABC-943-74,NOS,11,False,,COATING_FROM_STRUCTURED_FIELD; FAMILY_FASTENER; GRADE_FROM_STRUCTURED_FIELD; MANUFACTURER_FROM_FIELD; MATERIAL_CARBON_STEEL; PART_NO_FROM_FIELD; SIZE_METRIC_BOLT; STANDARD_FROM_SPECIFICATION; TYPE_FROM_MATERIAL_TYPE; UNIT_FROM_FIELD,description; specification; structured_field
ONGC-453940,ONGC,SEAMLESS STEEL PIPE 1/2 in API 5L,seamless steel pipe 1/2 in api 5l,Pipes & Fittings,Pipe,API 5L; 1/2 in; ASTM A106 Gr.B,ASTM A106 Gr.B,1/2 in,6000 mm,,Bare,MTR,pipe/fitting,pipe,,,ASTM A106 Gr.B,1/2 in,,6000 mm,,,,,,,,ASTM A106 Gr.B; API 5L,API 5L; 1/2 in; ASTM A106 Gr.B,bare,,,seamless,,,Precision Fasteners,PRE-112-37,MTR,12,False,,COATING_FROM_STRUCTURED_FIELD; CONSTRUCTION_SEAMLESS; FAMILY_PIPE; GRADE_FROM_STRUCTURED_FIELD; LENGTH_FROM_FIELD; MANUFACTURER_FROM_FIELD; PART_NO_FROM_FIELD; SIZE_FRACTION_INCH; STANDARD_FROM_SPECIFICATION; TYPE_FROM_MATERIAL_TYPE; UNIT_FROM_FIELD,description; specification; structured_field
IOCL-875352,IOCL,GATE VALVE FLANGED 2 in,gate valve flanged 2 in,Valves,Gate Valve,API 600; 2 in; ASTM A216 WCB,ASTM A216 WCB,2 in,,,Painted,NOS,valve,gate valve,,,ASTM A216 WCB,2 in,,,,,,,,,,ASTM A216 WCB; API 600,API 600; 2 in; ASTM A216 WCB,painted,flanged,,,,,Supreme Engineering,SUP-831-53,NOS,11,False,,COATING_FROM_STRUCTURED_FIELD; CONNECTION_FLANGED; FAMILY_VALVE; GRADE_FROM_STRUCTURED_FIELD; MANUFACTURER_FROM_FIELD; PART_NO_FROM_FIELD; SIZE_INCH; STANDARD_FROM_SPECIFICATION; TYPE_GATE_VALVE; UNIT_FROM_FIELD,description; specification; structured_field
ONGC-327324,ONGC,SWG 2 in,swg 2 in,Seals,Gasket,ASME B16.20; 2 in; Graphite/SS 316,Graphite/SS 316,2 in,,,SS,NOS,seal/gasket,gasket,,,Graphite/SS 316,2 in,,,,,,,,,,ASME B16.20,ASME B16.20; 2 in; Graphite/SS 316,stainless steel,,,,,,Metro Pumps & Valves,MET-307-62,NOS,10,False,,COATING_FROM_STRUCTURED_FIELD; FAMILY_SEAL; GRADE_FROM_STRUCTURED_FIELD; MANUFACTURER_FROM_FIELD; PART_NO_FROM_FIELD; SIZE_INCH; STANDARD_FROM_SPECIFICATION; TYPE_FROM_MATERIAL_TYPE; UNIT_FROM_FIELD,description; specification; structured_field
HPCL-751402,HPCL,CENTRIFUGAL PUMP 25 mm SS 316,centrifugal pump 25 mm stainless steel 316,Pumps,Centrifugal Pump,API 610; 25 mm; SS 316,SS 316,25 mm,,,Painted,NOS,pump,centrifugal pump,,stainless steel,SS 316,25 mm,,,,,,,,,,API 610,API 610; 25 mm; SS 316,painted,,,,,,Hindustan Mechanical,HIN-607-12,NOS,11,False,,COATING_FROM_STRUCTURED_FIELD; FAMILY_PUMP; GRADE_SS316; MANUFACTURER_FROM_FIELD; MATERIAL_STAINLESS_STEEL; PART_NO_FROM_FIELD; SIZE_MM; STANDARD_FROM_SPECIFICATION; TYPE_CENTRIFUGAL_PUMP; UNIT_FROM_FIELD,description; specification; structured_field
CPCL-733735,CPCL,INDUSTRIAL GEAR LUBRICANT ISO VG 220,industrial gear lubricant iso vg 220,Lubricants,Lubricant,IS 10522; ISO VG 220,Mineral Oil,ISO VG 220,,,,LTR,lubricant,lubricant,,mineral oil,Mineral Oil,ISO VG 220,,,,,,,,,,ISO VG 220; IS 10522,IS 10522; ISO VG 220,,,,,,,Larsen Engineering,LAR-378-38,LTR,10,False,,FAMILY_LUBRICANT; GRADE_FROM_STRUCTURED_FIELD; MANUFACTURER_FROM_FIELD; MATERIAL_MINERAL_OIL; PART_NO_FROM_FIELD; SIZE_VG_ISO_LUBE; STANDARD_FROM_SPECIFICATION; TYPE_FROM_MATERIAL_TYPE; UNIT_FROM_FIELD,description; specification; structured_field
HPCL-841747,HPCL,ELBOW 6 in ASTM A234 WPB,elbow 6 in astm a234 wpb,Pipes & Fittings,Elbow,ASME B16.9; 6 in; ASTM A234 WPB,ASTM A234 WPB,6 in,,,Bare,MTR,pipe/fitting,elbow,,,ASTM A234 WPB,6 in,,,,,,,,,,ASTM A234; ASME B16.9,ASME B16.9; 6 in; ASTM A234 WPB,bare,,,,,,Metro Pumps & Valves,MET-725-43,MTR,10,True,material_grade: 'ASTM A234 WPB' vs 'ASTM A234'; material_grade: 'ASTM A234 WPB' vs 'WPB',COATING_FROM_STRUCTURED_FIELD; FAMILY_FITTING; GRADE_FROM_STRUCTURED_FIELD; MANUFACTURER_FROM_FIELD; PART_NO_FROM_FIELD; SIZE_INCH; STANDARD_FROM_SPECIFICATION; TYPE_FROM_MATERIAL_TYPE; UNIT_FROM_FIELD,description; specification; structured_field
ONGC-350275,ONGC,PLAIN WASHER M10 GALVANIZED,plain washer m10 galvanized,Fasteners,Washer,IS 2016; M10; Galvanized,Carbon Steel,M10,,,Galvanized,NOS,fastener,washer,,carbon steel,Carbon Steel,M10,,,,,,,,,,IS 2016,IS 2016; M10; Galvanized,galvanized,,,,,,Shree Valves & Fittings,SHR-550-51,NOS,11,False,,COATING_FROM_STRUCTURED_FIELD; FAMILY_FASTENER; GRADE_FROM_STRUCTURED_FIELD; MANUFACTURER_FROM_FIELD; MATERIAL_CARBON_STEEL; PART_NO_FROM_FIELD; SIZE_METRIC_BOLT; STANDARD_FROM_SPECIFICATION; TYPE_FROM_MATERIAL_TYPE; UNIT_FROM_FIELD,description; specification; structured_field
HPCL-294876,HPCL,PT100 RTD 3-wire 500,pt100 rtd 3-wire 500,Instrumentation,Temperature Sensor,IEC 60751; 3-wire; 500 mm,Pt100,3-wire,500 mm,8 mm,SS,NOS,instrumentation,temperature sensor,,,Pt100,3-wire,,500 mm,,,8 mm,,,,,IEC 60751,IEC 60751; 3-wire; 500 mm,stainless steel,,,,,,ABC Industrial Products,ABC-787-88,NOS,12,False,,COATING_FROM_STRUCTURED_FIELD; DIAMETER_FROM_FIELD; FAMILY_INSTRUMENTATION; GRADE_FROM_STRUCTURED_FIELD; LENGTH_FROM_FIELD; MANUFACTURER_FROM_FIELD; PART_NO_FROM_FIELD; SIZE_FROM_STRUCTURED_FIELD; STANDARD_FROM_SPECIFICATION; TYPE_FROM_MATERIAL_TYPE; UNIT_FROM_FIELD,specification; structured_field
HPCL-759529,HPCL,PRESSURE SAFETY VALVE 4 in,pressure safety valve 4 in,Safety,Safety Valve,API 526; 4 in; SS 316,SS 316,4 in,,,SS,NOS,safety,safety valve,,stainless steel,SS 316,4 in,,,,,,,,,,API 526,API 526; 4 in; SS 316,stainless steel,,,,,,Eastern Cables,EAS-714-43,NOS,11,True,material_family: 'safety' vs 'valve',COATING_FROM_STRUCTURED_FIELD; FAMILY_SAFETY; GRADE_FROM_STRUCTURED_FIELD; MANUFACTURER_FROM_FIELD; MATERIAL_STAINLESS_STEEL; PART_NO_FROM_FIELD; SIZE_INCH; STANDARD_FROM_SPECIFICATION; TYPE_SAFETY_VALVE; UNIT_FROM_FIELD,description; specification; structured_field
HPCL-614777,HPCL,SPIRAL WOUND GASKET 2 in Graphite/SS 316,spiral wound gasket 2 in graphite/stainless steel 316,Seals,Gasket,ASME B16.20; 2 in; Graphite/SS 316,Graphite/SS 316,2 in,,,SS,NOS,seal/gasket,gasket,,stainless steel,Graphite/SS 316,2 in,,,,,,,,,,ASME B16.20,ASME B16.20; 2 in; Graphite/SS 316,stainless steel,,,,,,ABC Industrial Products,ABC-161-10,NOS,11,True,material_grade: 'Graphite/SS 316' vs 'SS 316'; material_type: 'gasket' vs 'spiral wound gasket',COATING_FROM_STRUCTURED_FIELD; FAMILY_SEAL; GRADE_FROM_STRUCTURED_FIELD; MANUFACTURER_FROM_FIELD; MATERIAL_STAINLESS_STEEL; PART_NO_FROM_FIELD; SIZE_INCH; STANDARD_FROM_SPECIFICATION; TYPE_FROM_MATERIAL_TYPE; UNIT_FROM_FIELD,description; specification; structured_field
CPCL-987984,CPCL,WELD NECK FLANGE 2 in ASME B16.5,weld neck flange 2 in asme b16.5,Pipes & Fittings,Flange,ASME B16.5; 2 in; ASTM A105,ASTM A105,2 in,,,Bare,MTR,flange,weld neck flange,,,ASTM A105,2 in,,,,,,,,,,ASTM A105; ASME B16.5,ASME B16.5; 2 in; ASTM A105,bare,weld neck,,,,,Apex Industrial Systems,APE-190-29,MTR,11,False,,COATING_FROM_STRUCTURED_FIELD; CONNECTION_WELD_NECK; FAMILY_FLANGE; GRADE_FROM_STRUCTURED_FIELD; MANUFACTURER_FROM_FIELD; PART_NO_FROM_FIELD; SIZE_INCH; STANDARD_FROM_SPECIFICATION; TYPE_WELDNECK_FLANGE; UNIT_FROM_FIELD,description; specification; structured_field
HPCL-354243,HPCL,PIPE 1 in ASTM A106 Gr.B,pipe 1 in astm a106 gr.b,Pipes & Fittings,Pipe,API 5L; 1 in; ASTM A106 Gr.B,ASTM A106 Gr.B,1 in,3000 mm,,Black,MTR,pipe/fitting,pipe,,,ASTM A106 Gr.B,1 in,,3000 mm,,,,,,,,ASTM A106 Gr.B; API 5L,API 5L; 1 in; ASTM A106 Gr.B,black,,,,,,Bharat Industrial Works,BHA-159-45,MTR,11,True,material_grade: 'ASTM A106 Gr.B' vs 'ASTM A106 GR.B'; material_grade: 'ASTM A106 Gr.B' vs 'A106',COATING_FROM_STRUCTURED_FIELD; FAMILY_PIPE; GRADE_FROM_STRUCTURED_FIELD; LENGTH_FROM_FIELD; MANUFACTURER_FROM_FIELD; PART_NO_FROM_FIELD; SIZE_INCH; STANDARD_FROM_SPECIFICATION; TYPE_FROM_MATERIAL_TYPE; UNIT_FROM_FIELD,description; specification; structured_field
CPCL-931985,CPCL,RTD SENSOR 3-wire,rtd sensor 3-wire,Instrumentation,Temperature Sensor,IEC 60751; 3-wire; 150 mm,Pt100,3-wire,150 mm,8 mm,SS,NOS,instrumentation,temperature sensor,,,Pt100,3-wire,,150 mm,,,8 mm,,,,,IEC 60751,IEC 60751; 3-wire; 150 mm,stainless steel,,,,,,Bharat Industrial Works,BHA-666-69,NOS,12,False,,COATING_FROM_STRUCTURED_FIELD; DIAMETER_FROM_FIELD; FAMILY_INSTRUMENTATION; GRADE_FROM_STRUCTURED_FIELD; LENGTH_FROM_FIELD; MANUFACTURER_FROM_FIELD; PART_NO_FROM_FIELD; SIZE_FROM_STRUCTURED_FIELD; STANDARD_FROM_SPECIFICATION; TYPE_FROM_MATERIAL_TYPE; UNIT_FROM_FIELD,specification; structured_field
IOCL-376594,IOCL,PT100 RTD 3-wire 500,pt100 rtd 3-wire 500,Instrumentation,Temperature Sensor,IEC 60751; 3-wire; 500 mm,Pt100,3-wire,500 mm,6 mm,SS,NOS,instrumentation,temperature sensor,,,Pt100,3-wire,,500 mm,,,6 mm,,,,,IEC 60751,IEC 60751; 3-wire; 500 mm,stainless steel,,,,,,Hindustan Mechanical,HIN-396-43,NOS,12,False,,COATING_FROM_STRUCTURED_FIELD; DIAMETER_FROM_FIELD; FAMILY_INSTRUMENTATION; GRADE_FROM_STRUCTURED_FIELD; LENGTH_FROM_FIELD; MANUFACTURER_FROM_FIELD; PART_NO_FROM_FIELD; SIZE_FROM_STRUCTURED_FIELD; STANDARD_FROM_SPECIFICATION; TYPE_FROM_MATERIAL_TYPE; UNIT_FROM_FIELD,specification; structured_field
ONGC-839108,ONGC,90 DEGREE ELBOW 4 in ASTM A234 WPB,90 degree elbow 4 in astm a234 wpb,Pipes & Fittings,Elbow,ASME B16.9; 4 in; ASTM A234 WPB,ASTM A234 WPB,4 in,,,Bare,MTR,pipe/fitting,elbow,,,ASTM A234 WPB,4 in,,,,,,,,,90°,ASTM A234; ASME B16.9,ASME B16.9; 4 in; ASTM A234 WPB,bare,,,,,,Bharat Industrial Works,BHA-216-19,MTR,11,True,material_grade: 'ASTM A234 WPB' vs 'ASTM A234'; material_grade: 'ASTM A234 WPB' vs 'WPB',COATING_FROM_STRUCTURED_FIELD; ELBOW_ANGLE; FAMILY_FITTING; GRADE_FROM_STRUCTURED_FIELD; MANUFACTURER_FROM_FIELD; PART_NO_FROM_FIELD; SIZE_INCH; STANDARD_FROM_SPECIFICATION; TYPE_FROM_MATERIAL_TYPE; UNIT_FROM_FIELD,description; specification; structured_field
CPCL-656255,CPCL,HRC FUSE 2 A,high rupturing capacity fuse 2 a,Electrical,Fuse,IS 13703; 2 A,Ceramic,2 A,,,,MTR,electrical,fuse,,,Ceramic,2 A,,,,,,,,,,IS 13703,IS 13703; 2 A,,,,,,,Bharat Industrial Works,BHA-589-54,MTR,9,False,,FAMILY_ELECTRICAL; GRADE_FROM_STRUCTURED_FIELD; MANUFACTURER_FROM_FIELD; PART_NO_FROM_FIELD; SIZE_FROM_STRUCTURED_FIELD; STANDARD_FROM_SPECIFICATION; TYPE_FROM_MATERIAL_TYPE; UNIT_FROM_FIELD,description; specification; structured_field
HPCL-864890,HPCL,HIGH PRESSURE HYDRAULIC HOSE 1/2 in,high pressure hydraulic hose 1/2 in,Hoses,Hydraulic Hose,SAE 100 R2; 1/2 in; 1000 mm,Synthetic Rubber,1/2 in,1000 mm,,Rubber,MTR,hose,hydraulic hose,,synthetic rubber,Synthetic Rubber,1/2 in,,1000 mm,,,,,,,,SAE 100 R2,SAE 100 R2; 1/2 in; 1000 mm,rubber,,,,,,National Bearing Works,NAT-675-56,MTR,12,False,,COATING_FROM_STRUCTURED_FIELD; FAMILY_HOSE; GRADE_FROM_STRUCTURED_FIELD; LENGTH_FROM_FIELD; MANUFACTURER_FROM_FIELD; MATERIAL_SYNTHETIC_RUBBER; PART_NO_FROM_FIELD; SIZE_FRACTION_INCH; STANDARD_FROM_SPECIFICATION; TYPE_FROM_MATERIAL_TYPE; UNIT_FROM_FIELD,description; specification; structured_field
HPCL-358191,HPCL,HEXAGONAL NUT M10 GALVANIZED,hexagonal nut m10 galvanized,Fasteners,Nut,IS 1364; M10; Galvanized,Carbon Steel,M10,,,Galvanized,NOS,fastener,nut,hex,carbon steel,Carbon Steel,M10,,,,,,,,,,IS 1364,IS 1364; M10; Galvanized,galvanized,,,,,,Larsen Engineering,LAR-948-81,NOS,12,False,,COATING_FROM_STRUCTURED_FIELD; FAMILY_FASTENER; GRADE_FROM_STRUCTURED_FIELD; MANUFACTURER_FROM_FIELD; MATERIAL_CARBON_STEEL; PART_NO_FROM_FIELD; SIZE_METRIC_BOLT; STANDARD_FROM_SPECIFICATION; SUBTYPE_HEX; TYPE_FROM_MATERIAL_TYPE; UNIT_FROM_FIELD,description; specification; structured_field
IOCL-227120,IOCL,PROCESS PUMP 80 mm,process pump 80 mm,Pumps,Centrifugal Pump,API 610; 80 mm; SS 316,SS 316,80 mm,,,Painted,NOS,pump,centrifugal pump,,stainless steel,SS 316,80 mm,,,,,,,,,,API 610,API 610; 80 mm; SS 316,painted,,,,,,Metro Pumps & Valves,MET-922-76,NOS,11,False,,COATING_FROM_STRUCTURED_FIELD; FAMILY_PUMP; GRADE_FROM_STRUCTURED_FIELD; MANUFACTURER_FROM_FIELD; MATERIAL_STAINLESS_STEEL; PART_NO_FROM_FIELD; SIZE_MM; STANDARD_FROM_SPECIFICATION; TYPE_CENTRIFUGAL_PUMP; UNIT_FROM_FIELD,description; specification; structured_field
ONGC-345079,ONGC,XLPE CABLE 16 sq mm,xlpe cable 16 sq mm,Electrical,Cable,IS 7098; 16 sq mm; 1000 m,XLPE Copper,16 sq mm,1000 mm,,PVC,MTR,electrical,cable,,xlpe,XLPE Copper,16 sq mm,,1000 mm,,,,,,,,IS 7098,IS 7098; 16 sq mm; 1000 m,pvc,,,,,,National Bearing Works,NAT-375-72,MTR,12,False,,COATING_FROM_STRUCTURED_FIELD; FAMILY_ELECTRICAL; GRADE_FROM_STRUCTURED_FIELD; LENGTH_FROM_FIELD; MANUFACTURER_FROM_FIELD; MATERIAL_XLPE; PART_NO_FROM_FIELD; SIZE_SQMM_CABLE; STANDARD_FROM_SPECIFICATION; TYPE_FROM_MATERIAL_TYPE; UNIT_FROM_FIELD,description; specification; structured_field
CPCL-156373,CPCL,90 DEGREE ELBOW 2 in ASTM A234 WPB,90 degree elbow 2 in astm a234 wpb,Pipes & Fittings,Elbow,ASME B16.9; 2 in; ASTM A234 WPB,ASTM A234 WPB,2 in,,,Bare,MTR,pipe/fitting,elbow,,,ASTM A234 WPB,2 in,,,,,,,,,90°,ASTM A234; ASME B16.9,ASME B16.9; 2 in; ASTM A234 WPB,bare,,,,,,ABC Industrial Products,ABC-946-89,MTR,11,True,material_grade: 'ASTM A234 WPB' vs 'ASTM A234'; material_grade: 'ASTM A234 WPB' vs 'WPB',COATING_FROM_STRUCTURED_FIELD; ELBOW_ANGLE; FAMILY_FITTING; GRADE_FROM_STRUCTURED_FIELD; MANUFACTURER_FROM_FIELD; PART_NO_FROM_FIELD; SIZE_INCH; STANDARD_FROM_SPECIFICATION; TYPE_FROM_MATERIAL_TYPE; UNIT_FROM_FIELD,description; specification; structured_field
IOCL-507830,IOCL,FLOATING BALL VALVE 1 in SS 316,floating ball valve 1 in stainless steel 316,Valves,Ball Valve,API 608; 1 in; SS 316,SS 316,1 in,,,SS,NOS,valve,ball valve,,stainless steel,SS 316,1 in,,,,,,,,,,API 608,API 608; 1 in; SS 316,stainless steel,,,floating,,,Eastern Cables,EAS-164-92,NOS,12,False,,COATING_FROM_STRUCTURED_FIELD; CONSTRUCTION_FLOATING; FAMILY_VALVE; GRADE_SS316; MANUFACTURER_FROM_FIELD; MATERIAL_STAINLESS_STEEL; PART_NO_FROM_FIELD; SIZE_INCH; STANDARD_FROM_SPECIFICATION; TYPE_BALL_VALVE; UNIT_FROM_FIELD,description; specification; structured_field
IOCL-185996,IOCL,FLAT WASHER M10,flat washer m10,Fasteners,Washer,IS 2016; M10; Galvanized,Carbon Steel,M10,,,Galvanized,NOS,fastener,washer,,carbon steel,Carbon Steel,M10,,,,,,,,,,IS 2016,IS 2016; M10; Galvanized,galvanized,,,,,,Bharat Industrial Works,BHA-682-85,NOS,11,False,,COATING_FROM_STRUCTURED_FIELD; FAMILY_FASTENER; GRADE_FROM_STRUCTURED_FIELD; MANUFACTURER_FROM_FIELD; MATERIAL_CARBON_STEEL; PART_NO_FROM_FIELD; SIZE_METRIC_BOLT; STANDARD_FROM_SPECIFICATION; TYPE_FROM_MATERIAL_TYPE; UNIT_FROM_FIELD,description; specification; structured_field
HPCL-902307,HPCL,FLOATING BALL VALVE 1 in SS 316,floating ball valve 1 in stainless steel 316,Valves,Ball Valve,API 608; 1 in; SS 316,SS 316,1 in,,,SS,NOS,valve,ball valve,,stainless steel,SS 316,1 in,,,,,,,,,,API 608,API 608; 1 in; SS 316,stainless steel,,,floating,,,Shree Valves & Fittings,SHR-719-96,NOS,12,False,,COATING_FROM_STRUCTURED_FIELD; CONSTRUCTION_FLOATING; FAMILY_VALVE; GRADE_SS316; MANUFACTURER_FROM_FIELD; MATERIAL_STAINLESS_STEEL; PART_NO_FROM_FIELD; SIZE_INCH; STANDARD_FROM_SPECIFICATION; TYPE_BALL_VALVE; UNIT_FROM_FIELD,description; specification; structured_field
ONGC-717782,ONGC,M12 HEX NUT,m12 hexagonal nut,Fasteners,Nut,IS 1364; M12; Zinc Plated,Carbon Steel,M12,,,Zinc Plated,NOS,fastener,nut,hex,carbon steel,Carbon Steel,M12,,,,,,,,,,IS 1364,IS 1364; M12; Zinc Plated,zinc plated,,,,,,Prime Electricals,PRI-711-51,NOS,12,False,,COATING_FROM_STRUCTURED_FIELD; FAMILY_FASTENER; GRADE_FROM_STRUCTURED_FIELD; MANUFACTURER_FROM_FIELD; MATERIAL_CARBON_STEEL; PART_NO_FROM_FIELD; SIZE_METRIC_BOLT; STANDARD_FROM_SPECIFICATION; SUBTYPE_HEX; TYPE_FROM_MATERIAL_TYPE; UNIT_FROM_FIELD,description; specification; structured_field
IOCL-306085,IOCL,HYD HOSE 1-1/2 in 1000 MM,hyd hose 1-1/2 in 1000 mm,Hoses,Hydraulic Hose,SAE 100 R2; 1-1/2 in; 1000 mm,Synthetic Rubber,1-1/2 in,1000 mm,,Rubber,MTR,hose,hydraulic hose,,synthetic rubber,Synthetic Rubber,1-1/2 in,,1000 mm,,,,,,,,SAE 100 R2,SAE 100 R2; 1-1/2 in; 1000 mm,rubber,,,,,,Apex Industrial Systems,APE-402-93,MTR,12,False,,COATING_FROM_STRUCTURED_FIELD; FAMILY_HOSE; GRADE_FROM_STRUCTURED_FIELD; LENGTH_FROM_FIELD; MANUFACTURER_FROM_FIELD; MATERIAL_SYNTHETIC_RUBBER; PART_NO_FROM_FIELD; SIZE_FRACTION_INCH; STANDARD_FROM_SPECIFICATION; TYPE_FROM_MATERIAL_TYPE; UNIT_FROM_FIELD,description; specification; structured_field
HPCL-148246,HPCL,HYD HOSE 1/2 in 5000 MM,hyd hose 1/2 in 5000 mm,Hoses,Hydraulic Hose,SAE 100 R2; 1/2 in; 5000 mm,Synthetic Rubber,1/2 in,5000 mm,,Rubber,MTR,hose,hydraulic hose,,synthetic rubber,Synthetic Rubber,1/2 in,,5000 mm,,,,,,,,SAE 100 R2,SAE 100 R2; 1/2 in; 5000 mm,rubber,,,,,,Eastern Cables,EAS-237-67,MTR,12,False,,COATING_FROM_STRUCTURED_FIELD; FAMILY_HOSE; GRADE_FROM_STRUCTURED_FIELD; LENGTH_FROM_FIELD; MANUFACTURER_FROM_FIELD; MATERIAL_SYNTHETIC_RUBBER; PART_NO_FROM_FIELD; SIZE_FRACTION_INCH; STANDARD_FROM_SPECIFICATION; TYPE_FROM_MATERIAL_TYPE; UNIT_FROM_FIELD,description; specification; structured_field
HPCL-543755,HPCL,CENTRIFUGAL PUMP 25 mm SS 316,centrifugal pump 25 mm stainless steel 316,Pumps,Centrifugal Pump,API 610; 25 mm; SS 316,SS 316,25 mm,,,Painted,NOS,pump,centrifugal pump,,stainless steel,SS 316,25 mm,,,,,,,,,,API 610,API 610; 25 mm; SS 316,painted,,,,,,Hindustan Mechanical,HIN-186-90,NOS,11,False,,COATING_FROM_STRUCTURED_FIELD; FAMILY_PUMP; GRADE_SS316; MANUFACTURER_FROM_FIELD; MATERIAL_STAINLESS_STEEL; PART_NO_FROM_FIELD; SIZE_MM; STANDARD_FROM_SPECIFICATION; TYPE_CENTRIFUGAL_PUMP; UNIT_FROM_FIELD,description; specification; structured_field
IOCL-353213,IOCL,EP GEAR OIL EP 90,ep gear oil ep 90,Lubricants,Lubricant,IS 10522; EP 90,Mineral Oil,EP 90,,,,LTR,lubricant,lubricant,,mineral oil,Mineral Oil,EP 90,,,,,,,,,,IS 10522,IS 10522; EP 90,,,,,,,Eastern Cables,EAS-864-94,LTR,10,False,,FAMILY_LUBRICANT; GRADE_FROM_STRUCTURED_FIELD; MANUFACTURER_FROM_FIELD; MATERIAL_MINERAL_OIL; PART_NO_FROM_FIELD; SIZE_VG_ISO_LUBE; STANDARD_FROM_SPECIFICATION; TYPE_FROM_MATERIAL_TYPE; UNIT_FROM_FIELD,description; specification; structured_field
ONGC-809444,ONGC,HRC FUSE 63 A,high rupturing capacity fuse 63 a,Electrical,Fuse,IS 13703; 63 A,Ceramic,63 A,,,,MTR,electrical,fuse,,,Ceramic,63 A,,,,,,,,,,IS 13703,IS 13703; 63 A,,,,,,,Precision Fasteners,PRE-950-71,MTR,9,False,,FAMILY_ELECTRICAL; GRADE_FROM_STRUCTURED_FIELD; MANUFACTURER_FROM_FIELD; PART_NO_FROM_FIELD; SIZE_FROM_STRUCTURED_FIELD; STANDARD_FROM_SPECIFICATION; TYPE_FROM_MATERIAL_TYPE; UNIT_FROM_FIELD,description; specification; structured_field
HPCL-426524,HPCL,HORIZONTAL CENTRIFUGAL PUMP 40 mm,horizontal centrifugal pump 40 mm,Pumps,Centrifugal Pump,API 610; 40 mm; SS 316,SS 316,40 mm,,,Painted,NOS,pump,centrifugal pump,,stainless steel,SS 316,40 mm,,,,,,,,,,API 610,API 610; 40 mm; SS 316,painted,,,,horizontal,,Larsen Engineering,LAR-154-18,NOS,12,False,,COATING_FROM_STRUCTURED_FIELD; FAMILY_PUMP; GRADE_FROM_STRUCTURED_FIELD; MANUFACTURER_FROM_FIELD; MATERIAL_STAINLESS_STEEL; ORIENTATION_HORIZONTAL; PART_NO_FROM_FIELD; SIZE_MM; STANDARD_FROM_SPECIFICATION; TYPE_CENTRIFUGAL_PUMP; UNIT_FROM_FIELD,description; specification; structured_field
ONGC-801650,ONGC,PRESSURE INDICATOR 0-100 bar,pressure indicator 0-100 bar,Instrumentation,Pressure Gauge,EN 837-1; Range 0-100 bar,SS 304,0-100 bar,,,SS,NOS,instrumentation,pressure gauge,,stainless steel,SS 304,0-100 bar,,,,,,,,,,EN 837-1,EN 837-1; Range 0-100 bar,stainless steel,,,,,,Hindustan Mechanical,HIN-593-67,NOS,11,False,,COATING_FROM_STRUCTURED_FIELD; FAMILY_INSTRUMENTATION; GRADE_FROM_STRUCTURED_FIELD; MANUFACTURER_FROM_FIELD; MATERIAL_STAINLESS_STEEL; PART_NO_FROM_FIELD; SIZE_PRESSURE_RANGE; STANDARD_FROM_SPECIFICATION; TYPE_FROM_MATERIAL_TYPE; UNIT_FROM_FIELD,description; specification; structured_field
ONGC-369052,ONGC,FLAT WASHER M8,flat washer m8,Fasteners,Washer,IS 2016; M8; Galvanized,Carbon Steel,M8,,,Galvanized,NOS,fastener,washer,,carbon steel,Carbon Steel,M8,,,,,,,,,,IS 2016,IS 2016; M8; Galvanized,galvanized,,,,,,Metro Pumps & Valves,MET-892-56,NOS,11,False,,COATING_FROM_STRUCTURED_FIELD; FAMILY_FASTENER; GRADE_FROM_STRUCTURED_FIELD; MANUFACTURER_FROM_FIELD; MATERIAL_CARBON_STEEL; PART_NO_FROM_FIELD; SIZE_METRIC_BOLT; STANDARD_FROM_SPECIFICATION; TYPE_FROM_MATERIAL_TYPE; UNIT_FROM_FIELD,description; specification; structured_field
IOCL-996945,IOCL,HEX NUT M10 GALVANIZED,hexagonal nut m10 galvanized,Fasteners,Nut,IS 1364; M10; Galvanized,Carbon Steel,M10,,,Galvanized,NOS,fastener,nut,hex,carbon steel,Carbon Steel,M10,,,,,,,,,,IS 1364,IS 1364; M10; Galvanized,galvanized,,,,,,Larsen Engineering,LAR-320-15,NOS,12,False,,COATING_FROM_STRUCTURED_FIELD; FAMILY_FASTENER; GRADE_FROM_STRUCTURED_FIELD; MANUFACTURER_FROM_FIELD; MATERIAL_CARBON_STEEL; PART_NO_FROM_FIELD; SIZE_METRIC_BOLT; STANDARD_FROM_SPECIFICATION; SUBTYPE_HEX; TYPE_FROM_MATERIAL_TYPE; UNIT_FROM_FIELD,description; specification; structured_field
IOCL-637648,IOCL,GATE VALVE 3 in API 600,gate valve 3 in api 600,Valves,Gate Valve,API 600; 3 in; ASTM A216 WCB,ASTM A216 WCB,3 in,,,Painted,NOS,valve,gate valve,,,ASTM A216 WCB,3 in,,,,,,,,,,ASTM A216 WCB; API 600,API 600; 3 in; ASTM A216 WCB,painted,,,,,,Metro Pumps & Valves,MET-588-93,NOS,10,False,,COATING_FROM_STRUCTURED_FIELD; FAMILY_VALVE; GRADE_FROM_STRUCTURED_FIELD; MANUFACTURER_FROM_FIELD; PART_NO_FROM_FIELD; SIZE_INCH; STANDARD_FROM_SPECIFICATION; TYPE_GATE_VALVE; UNIT_FROM_FIELD,description; specification; structured_field
ONGC-271729,ONGC,WASHER M16 ZINC PLATED,washer m16 zinc plated,Fasteners,Washer,IS 2016; M16; Zinc Plated,Carbon Steel,M16,,,Zinc Plated,NOS,fastener,washer,,carbon steel,Carbon Steel,M16,,,,,,,,,,IS 2016,IS 2016; M16; Zinc Plated,zinc plated,,,,,,Metro Pumps & Valves,MET-554-16,NOS,11,False,,COATING_FROM_STRUCTURED_FIELD; FAMILY_FASTENER; GRADE_FROM_STRUCTURED_FIELD; MANUFACTURER_FROM_FIELD; MATERIAL_CARBON_STEEL; PART_NO_FROM_FIELD; SIZE_METRIC_BOLT; STANDARD_FROM_SPECIFICATION; TYPE_FROM_MATERIAL_TYPE; UNIT_FROM_FIELD,description; specification; structured_field
ONGC-734921,ONGC,EP GEAR OIL ISO VG 320,ep gear oil iso vg 320,Lubricants,Lubricant,IS 10522; ISO VG 320,Mineral Oil,ISO VG 320,,,,LTR,lubricant,lubricant,,mineral oil,Mineral Oil,ISO VG 320,,,,,,,,,,ISO VG 320; IS 10522,IS 10522; ISO VG 320,,,,,,,Apex Industrial Systems,APE-252-20,LTR,10,False,,FAMILY_LUBRICANT; GRADE_FROM_STRUCTURED_FIELD; MANUFACTURER_FROM_FIELD; MATERIAL_MINERAL_OIL; PART_NO_FROM_FIELD; SIZE_VG_ISO_LUBE; STANDARD_FROM_SPECIFICATION; TYPE_FROM_MATERIAL_TYPE; UNIT_FROM_FIELD,description; specification; structured_field
CPCL-841788,CPCL,XLPE CABLE 16 sq mm,xlpe cable 16 sq mm,Electrical,Cable,IS 7098; 16 sq mm; 100 m,XLPE Aluminium,16 sq mm,100 mm,,PVC,MTR,electrical,cable,,xlpe,XLPE Aluminium,16 sq mm,,100 mm,,,,,,,,IS 7098,IS 7098; 16 sq mm; 100 m,pvc,,,,,,National Bearing Works,NAT-973-29,MTR,12,False,,COATING_FROM_STRUCTURED_FIELD; FAMILY_ELECTRICAL; GRADE_FROM_STRUCTURED_FIELD; LENGTH_FROM_FIELD; MANUFACTURER_FROM_FIELD; MATERIAL_XLPE; PART_NO_FROM_FIELD; SIZE_SQMM_CABLE; STANDARD_FROM_SPECIFICATION; TYPE_FROM_MATERIAL_TYPE; UNIT_FROM_FIELD,description; specification; structured_field
CPCL-201547,CPCL,HIGH PRESSURE HYDRAULIC HOSE 1/2 in,high pressure hydraulic hose 1/2 in,Hoses,Hydraulic Hose,SAE 100 R2; 1/2 in; 1000 mm,Synthetic Rubber,1/2 in,1000 mm,,Rubber,MTR,hose,hydraulic hose,,synthetic rubber,Synthetic Rubber,1/2 in,,1000 mm,,,,,,,,SAE 100 R2,SAE 100 R2; 1/2 in; 1000 mm,rubber,,,,,,Precision Fasteners,PRE-318-47,MTR,12,False,,COATING_FROM_STRUCTURED_FIELD; FAMILY_HOSE; GRADE_FROM_STRUCTURED_FIELD; LENGTH_FROM_FIELD; MANUFACTURER_FROM_FIELD; MATERIAL_SYNTHETIC_RUBBER; PART_NO_FROM_FIELD; SIZE_FRACTION_INCH; STANDARD_FROM_SPECIFICATION; TYPE_FROM_MATERIAL_TYPE; UNIT_FROM_FIELD,description; specification; structured_field
IOCL-185628,IOCL,RTD SENSOR 3-wire,rtd sensor 3-wire,Instrumentation,Temperature Sensor,IEC 60751; 3-wire; 500 mm,Pt100,3-wire,500 mm,8 mm,SS,NOS,instrumentation,temperature sensor,,,Pt100,3-wire,,500 mm,,,8 mm,,,,,IEC 60751,IEC 60751; 3-wire; 500 mm,stainless steel,,,,,,Shree Valves & Fittings,SHR-507-34,NOS,12,False,,COATING_FROM_STRUCTURED_FIELD; DIAMETER_FROM_FIELD; FAMILY_INSTRUMENTATION; GRADE_FROM_STRUCTURED_FIELD; LENGTH_FROM_FIELD; MANUFACTURER_FROM_FIELD; PART_NO_FROM_FIELD; SIZE_FROM_STRUCTURED_FIELD; STANDARD_FROM_SPECIFICATION; TYPE_FROM_MATERIAL_TYPE; UNIT_FROM_FIELD,specification; structured_field
CPCL-736993,CPCL,DEEP GROOVE BEARING 6208,deep groove bearing 6208,Bearings,Ball Bearing,ISO 15; Bearing 6208,Chrome Steel,6208,,,,NOS,bearing,ball bearing,deep groove,chrome steel,Chrome Steel,6208,,,,,,,,,,ISO 15,ISO 15; Bearing 6208,,,,,,6208,Eastern Cables,EAS-313-81,NOS,12,False,,BEARING_NUMBER; FAMILY_BEARING; GRADE_FROM_STRUCTURED_FIELD; MANUFACTURER_FROM_FIELD; MATERIAL_CHROME_STEEL; PART_NO_FROM_FIELD; SIZE_FROM_STRUCTURED_FIELD; STANDARD_FROM_SPECIFICATION; SUBTYPE_DEEP_GROOVE; TYPE_BALL_BEARING; UNIT_FROM_FIELD,description; specification; structured_field
CPCL-556316,CPCL,SAFETY VALVE 3 in,safety valve 3 in,Safety,Safety Valve,API 526; 3 in; SS 316,SS 316,3 in,,,SS,NOS,safety,safety valve,,stainless steel,SS 316,3 in,,,,,,,,,,API 526,API 526; 3 in; SS 316,stainless steel,,,,,,Shree Valves & Fittings,SHR-913-93,NOS,11,True,material_family: 'safety' vs 'valve',COATING_FROM_STRUCTURED_FIELD; FAMILY_SAFETY; GRADE_FROM_STRUCTURED_FIELD; MANUFACTURER_FROM_FIELD; MATERIAL_STAINLESS_STEEL; PART_NO_FROM_FIELD; SIZE_INCH; STANDARD_FROM_SPECIFICATION; TYPE_SAFETY_VALVE; UNIT_FROM_FIELD,description; specification; structured_field
ONGC-373783,ONGC,GATE VALVE FLANGED 6 in ASTM A216 WCB,gate valve flanged 6 in astm a216 wcb,Valves,Gate Valve,API 600; 6 in; ASTM A216 WCB,ASTM A216 WCB,6 in,,,Painted,NOS,valve,gate valve,,,ASTM A216 WCB,6 in,,,,,,,,,,ASTM A216 WCB; API 600,API 600; 6 in; ASTM A216 WCB,painted,flanged,,,,,Hindustan Mechanical,HIN-790-39,NOS,11,True,material_grade: 'ASTM A216 WCB' vs 'WCB',COATING_FROM_STRUCTURED_FIELD; CONNECTION_FLANGED; FAMILY_VALVE; GRADE_A105; MANUFACTURER_FROM_FIELD; PART_NO_FROM_FIELD; SIZE_INCH; STANDARD_FROM_SPECIFICATION; TYPE_GATE_VALVE; UNIT_FROM_FIELD,description; specification; structured_field
ONGC-169574,ONGC,FLOATING BALL VALVE 3 in,floating ball valve 3 in,Valves,Ball Valve,API 608; 3 in; SS 316,SS 316,3 in,,,SS,NOS,valve,ball valve,,stainless steel,SS 316,3 in,,,,,,,,,,API 608,API 608; 3 in; SS 316,stainless steel,,,floating,,,ABC Industrial Products,ABC-783-83,NOS,12,False,,COATING_FROM_STRUCTURED_FIELD; CONSTRUCTION_FLOATING; FAMILY_VALVE; GRADE_FROM_STRUCTURED_FIELD; MANUFACTURER_FROM_FIELD; MATERIAL_STAINLESS_STEEL; PART_NO_FROM_FIELD; SIZE_INCH; STANDARD_FROM_SPECIFICATION; TYPE_BALL_VALVE; UNIT_FROM_FIELD,description; specification; structured_field
HPCL-105372,HPCL,4 sq mm SQ MM POWER CABLE,4 sq mm sq mm power cable,Electrical,Cable,IS 7098; 4 sq mm; 100 m,XLPE Copper,4 sq mm,100 mm,,PVC,MTR,electrical,cable,,xlpe,XLPE Copper,4 sq mm,,100 mm,,,,,,,,IS 7098,IS 7098; 4 sq mm; 100 m,pvc,,,,,,Hindustan Mechanical,HIN-393-25,MTR,12,False,,COATING_FROM_STRUCTURED_FIELD; FAMILY_ELECTRICAL; GRADE_FROM_STRUCTURED_FIELD; LENGTH_FROM_FIELD; MANUFACTURER_FROM_FIELD; MATERIAL_XLPE; PART_NO_FROM_FIELD; SIZE_SQMM_CABLE; STANDARD_FROM_SPECIFICATION; TYPE_FROM_MATERIAL_TYPE; UNIT_FROM_FIELD,description; specification; structured_field
CPCL-421655,CPCL,BEARING NO 6202,bearing number 6202,Bearings,Ball Bearing,ISO 15; Bearing 6202,Chrome Steel,6202,,,,NOS,bearing,ball bearing,,chrome steel,Chrome Steel,6202,,,,,,,,,,ISO 15,ISO 15; Bearing 6202,,,,,,6202,Metro Pumps & Valves,MET-938-39,NOS,11,False,,BEARING_NUMBER; FAMILY_BEARING; GRADE_FROM_STRUCTURED_FIELD; MANUFACTURER_FROM_FIELD; MATERIAL_CHROME_STEEL; PART_NO_FROM_FIELD; SIZE_FROM_STRUCTURED_FIELD; STANDARD_FROM_SPECIFICATION; TYPE_BALL_BEARING; UNIT_FROM_FIELD,description; specification; structured_field
CPCL-435044,CPCL,BOURDON PRESSURE GAUGE 0-10 bar,bourdon pressure gauge 0-10 bar,Instrumentation,Pressure Gauge,EN 837-1; Range 0-10 bar,SS 304,0-10 bar,,,SS,NOS,instrumentation,pressure gauge,,stainless steel,SS 304,0-10 bar,,,,,,,,,,EN 837-1,EN 837-1; Range 0-10 bar,stainless steel,,,,,,Apex Industrial Systems,APE-821-77,NOS,11,False,,COATING_FROM_STRUCTURED_FIELD; FAMILY_INSTRUMENTATION; GRADE_FROM_STRUCTURED_FIELD; MANUFACTURER_FROM_FIELD; MATERIAL_STAINLESS_STEEL; PART_NO_FROM_FIELD; SIZE_PRESSURE_RANGE; STANDARD_FROM_SPECIFICATION; TYPE_FROM_MATERIAL_TYPE; UNIT_FROM_FIELD,description; specification; structured_field
HPCL-130361,HPCL,PT100 RTD 4-wire 500,pt100 rtd 4-wire 500,Instrumentation,Temperature Sensor,IEC 60751; 4-wire; 500 mm,Pt100,4-wire,500 mm,10 mm,SS,NOS,instrumentation,temperature sensor,,,Pt100,4-wire,,500 mm,,,10 mm,,,,,IEC 60751,IEC 60751; 4-wire; 500 mm,stainless steel,,,,,,ABC Industrial Products,ABC-768-60,NOS,12,False,,COATING_FROM_STRUCTURED_FIELD; DIAMETER_FROM_FIELD; FAMILY_INSTRUMENTATION; GRADE_FROM_STRUCTURED_FIELD; LENGTH_FROM_FIELD; MANUFACTURER_FROM_FIELD; PART_NO_FROM_FIELD; SIZE_FROM_STRUCTURED_FIELD; STANDARD_FROM_SPECIFICATION; TYPE_FROM_MATERIAL_TYPE; UNIT_FROM_FIELD,specification; structured_field
ONGC-468023,ONGC,GEAR OIL EP 140,gear oil ep 140,Lubricants,Lubricant,IS 10522; EP 140,Mineral Oil,EP 140,,,,LTR,lubricant,lubricant,,mineral oil,Mineral Oil,EP 140,,,,,,,,,,IS 10522,IS 10522; EP 140,,,,,,,Bharat Industrial Works,BHA-790-43,LTR,10,False,,FAMILY_LUBRICANT; GRADE_FROM_STRUCTURED_FIELD; MANUFACTURER_FROM_FIELD; MATERIAL_MINERAL_OIL; PART_NO_FROM_FIELD; SIZE_VG_ISO_LUBE; STANDARD_FROM_SPECIFICATION; TYPE_FROM_MATERIAL_TYPE; UNIT_FROM_FIELD,description; specification; structured_field
CPCL-945844,CPCL,RTD PT100 4-wire 300 MM,rtd pt100 4-wire 300 mm,Instrumentation,Temperature Sensor,IEC 60751; 4-wire; 300 mm,Pt100,4-wire,300 mm,6 mm,SS,NOS,instrumentation,temperature sensor,,,Pt100,4-wire,,300 mm,,,6 mm,,,,,IEC 60751,IEC 60751; 4-wire; 300 mm,stainless steel,,,,,,Bharat Industrial Works,BHA-910-10,NOS,12,True,size: '4-wire' vs '300 mm',COATING_FROM_STRUCTURED_FIELD; DIAMETER_FROM_FIELD; FAMILY_INSTRUMENTATION; GRADE_FROM_STRUCTURED_FIELD; LENGTH_FROM_FIELD; MANUFACTURER_FROM_FIELD; PART_NO_FROM_FIELD; SIZE_FROM_STRUCTURED_FIELD; STANDARD_FROM_SPECIFICATION; TYPE_FROM_MATERIAL_TYPE; UNIT_FROM_FIELD,specification; structured_field
ONGC-157405,ONGC,PRESSURE GAUGE 0-100 bar,pressure gauge 0-100 bar,Instrumentation,Pressure Gauge,EN 837-1; Range 0-100 bar,SS 304,0-100 bar,,,SS,NOS,instrumentation,pressure gauge,,stainless steel,SS 304,0-100 bar,,,,,,,,,,EN 837-1,EN 837-1; Range 0-100 bar,stainless steel,,,,,,Metro Pumps & Valves,MET-207-92,NOS,11,False,,COATING_FROM_STRUCTURED_FIELD; FAMILY_INSTRUMENTATION; GRADE_FROM_STRUCTURED_FIELD; MANUFACTURER_FROM_FIELD; MATERIAL_STAINLESS_STEEL; PART_NO_FROM_FIELD; SIZE_PRESSURE_RANGE; STANDARD_FROM_SPECIFICATION; TYPE_FROM_MATERIAL_TYPE; UNIT_FROM_FIELD,description; specification; structured_field
ONGC-257296,ONGC,BEARING NO 6209,bearing number 6209,Bearings,Ball Bearing,ISO 15; Bearing 6209,Chrome Steel,6209,,,,NOS,bearing,ball bearing,,chrome steel,Chrome Steel,6209,,,,,,,,,,ISO 15,ISO 15; Bearing 6209,,,,,,6209,Shree Valves & Fittings,SHR-260-27,NOS,11,False,,BEARING_NUMBER; FAMILY_BEARING; GRADE_FROM_STRUCTURED_FIELD; MANUFACTURER_FROM_FIELD; MATERIAL_CHROME_STEEL; PART_NO_FROM_FIELD; SIZE_FROM_STRUCTURED_FIELD; STANDARD_FROM_SPECIFICATION; TYPE_BALL_BEARING; UNIT_FROM_FIELD,description; specification; structured_field
ONGC-519915,ONGC,HORIZONTAL CENTRIFUGAL PUMP 25 mm,horizontal centrifugal pump 25 mm,Pumps,Centrifugal Pump,API 610; 25 mm; SS 316,SS 316,25 mm,,,Painted,NOS,pump,centrifugal pump,,stainless steel,SS 316,25 mm,,,,,,,,,,API 610,API 610; 25 mm; SS 316,painted,,,,horizontal,,Precision Fasteners,PRE-403-23,NOS,12,False,,COATING_FROM_STRUCTURED_FIELD; FAMILY_PUMP; GRADE_FROM_STRUCTURED_FIELD; MANUFACTURER_FROM_FIELD; MATERIAL_STAINLESS_STEEL; ORIENTATION_HORIZONTAL; PART_NO_FROM_FIELD; SIZE_MM; STANDARD_FROM_SPECIFICATION; TYPE_CENTRIFUGAL_PUMP; UNIT_FROM_FIELD,description; specification; structured_field
HPCL-123017,HPCL,SAFETY VALVE 1 in,safety valve 1 in,Safety,Safety Valve,API 526; 1 in; SS 316,SS 316,1 in,,,SS,NOS,safety,safety valve,,stainless steel,SS 316,1 in,,,,,,,,,,API 526,API 526; 1 in; SS 316,stainless steel,,,,,,Apex Industrial Systems,APE-674-82,NOS,11,True,material_family: 'safety' vs 'valve',COATING_FROM_STRUCTURED_FIELD; FAMILY_SAFETY; GRADE_FROM_STRUCTURED_FIELD; MANUFACTURER_FROM_FIELD; MATERIAL_STAINLESS_STEEL; PART_NO_FROM_FIELD; SIZE_INCH; STANDARD_FROM_SPECIFICATION; TYPE_SAFETY_VALVE; UNIT_FROM_FIELD,description; specification; structured_field
HPCL-330792,HPCL,GATE VALVE 3 in API 600,gate valve 3 in api 600,Valves,Gate Valve,API 600; 3 in; ASTM A216 WCB,ASTM A216 WCB,3 in,,,Painted,NOS,valve,gate valve,,,ASTM A216 WCB,3 in,,,,,,,,,,ASTM A216 WCB; API 600,API 600; 3 in; ASTM A216 WCB,painted,,,,,,Prime Electricals,PRI-887-11,NOS,10,False,,COATING_FROM_STRUCTURED_FIELD; FAMILY_VALVE; GRADE_FROM_STRUCTURED_FIELD; MANUFACTURER_FROM_FIELD; PART_NO_FROM_FIELD; SIZE_INCH; STANDARD_FROM_SPECIFICATION; TYPE_GATE_VALVE; UNIT_FROM_FIELD,description; specification; structured_field
IOCL-319076,IOCL,XLPE CABLE 16 sq mm,xlpe cable 16 sq mm,Electrical,Cable,IS 7098; 16 sq mm; 500 m,XLPE Copper,16 sq mm,500 mm,,PVC,MTR,electrical,cable,,xlpe,XLPE Copper,16 sq mm,,500 mm,,,,,,,,IS 7098,IS 7098; 16 sq mm; 500 m,pvc,,,,,,Apex Industrial Systems,APE-652-86,MTR,12,False,,COATING_FROM_STRUCTURED_FIELD; FAMILY_ELECTRICAL; GRADE_FROM_STRUCTURED_FIELD; LENGTH_FROM_FIELD; MANUFACTURER_FROM_FIELD; MATERIAL_XLPE; PART_NO_FROM_FIELD; SIZE_SQMM_CABLE; STANDARD_FROM_SPECIFICATION; TYPE_FROM_MATERIAL_TYPE; UNIT_FROM_FIELD,description; specification; structured_field
CPCL-432345,CPCL,FLAT WASHER M12,flat washer m12,Fasteners,Washer,IS 2016; M12; Galvanized,Carbon Steel,M12,,,Galvanized,NOS,fastener,washer,,carbon steel,Carbon Steel,M12,,,,,,,,,,IS 2016,IS 2016; M12; Galvanized,galvanized,,,,,,Apex Industrial Systems,APE-785-43,NOS,11,False,,COATING_FROM_STRUCTURED_FIELD; FAMILY_FASTENER; GRADE_FROM_STRUCTURED_FIELD; MANUFACTURER_FROM_FIELD; MATERIAL_CARBON_STEEL; PART_NO_FROM_FIELD; SIZE_METRIC_BOLT; STANDARD_FROM_SPECIFICATION; TYPE_FROM_MATERIAL_TYPE; UNIT_FROM_FIELD,description; specification; structured_field
CPCL-771945,CPCL,6 sq mm SQ MM POWER CABLE,6 sq mm sq mm power cable,Electrical,Cable,IS 7098; 6 sq mm; 1000 m,XLPE Copper,6 sq mm,1000 mm,,PVC,MTR,electrical,cable,,xlpe,XLPE Copper,6 sq mm,,1000 mm,,,,,,,,IS 7098,IS 7098; 6 sq mm; 1000 m,pvc,,,,,,Metro Pumps & Valves,MET-255-98,MTR,12,False,,COATING_FROM_STRUCTURED_FIELD; FAMILY_ELECTRICAL; GRADE_FROM_STRUCTURED_FIELD; LENGTH_FROM_FIELD; MANUFACTURER_FROM_FIELD; MATERIAL_XLPE; PART_NO_FROM_FIELD; SIZE_SQMM_CABLE; STANDARD_FROM_SPECIFICATION; TYPE_FROM_MATERIAL_TYPE; UNIT_FROM_FIELD,description; specification; structured_field
CPCL-899064,CPCL,RTD SENSOR 3-wire,rtd sensor 3-wire,Instrumentation,Temperature Sensor,IEC 60751; 3-wire; 500 mm,Pt100,3-wire,500 mm,6 mm,SS,NOS,instrumentation,temperature sensor,,,Pt100,3-wire,,500 mm,,,6 mm,,,,,IEC 60751,IEC 60751; 3-wire; 500 mm,stainless steel,,,,,,Larsen Engineering,LAR-871-68,NOS,12,False,,COATING_FROM_STRUCTURED_FIELD; DIAMETER_FROM_FIELD; FAMILY_INSTRUMENTATION; GRADE_FROM_STRUCTURED_FIELD; LENGTH_FROM_FIELD; MANUFACTURER_FROM_FIELD; PART_NO_FROM_FIELD; SIZE_FROM_STRUCTURED_FIELD; STANDARD_FROM_SPECIFICATION; TYPE_FROM_MATERIAL_TYPE; UNIT_FROM_FIELD,specification; structured_field
ONGC-233802,ONGC,WELD NECK FLANGE 1 in ASME B16.5,weld neck flange 1 in asme b16.5,Pipes & Fittings,Flange,ASME B16.5; 1 in; ASTM A105,ASTM A105,1 in,,,Bare,MTR,flange,weld neck flange,,,ASTM A105,1 in,,,,,,,,,,ASTM A105; ASME B16.5,ASME B16.5; 1 in; ASTM A105,bare,weld neck,,,,,Apex Industrial Systems,APE-975-14,MTR,11,False,,COATING_FROM_STRUCTURED_FIELD; CONNECTION_WELD_NECK; FAMILY_FLANGE; GRADE_FROM_STRUCTURED_FIELD; MANUFACTURER_FROM_FIELD; PART_NO_FROM_FIELD; SIZE_INCH; STANDARD_FROM_SPECIFICATION; TYPE_WELDNECK_FLANGE; UNIT_FROM_FIELD,description; specification; structured_field
IOCL-268214,IOCL,SPIRAL WOUND GASKET 3 in Graphite/SS 316,spiral wound gasket 3 in graphite/stainless steel 316,Seals,Gasket,ASME B16.20; 3 in; Graphite/SS 316,Graphite/SS 316,3 in,,,SS,NOS,seal/gasket,gasket,,stainless steel,Graphite/SS 316,3 in,,,,,,,,,,ASME B16.20,ASME B16.20; 3 in; Graphite/SS 316,stainless steel,,,,,,Metro Pumps & Valves,MET-889-90,NOS,11,True,material_grade: 'Graphite/SS 316' vs 'SS 316'; material_type: 'gasket' vs 'spiral wound gasket',COATING_FROM_STRUCTURED_FIELD; FAMILY_SEAL; GRADE_FROM_STRUCTURED_FIELD; MANUFACTURER_FROM_FIELD; MATERIAL_STAINLESS_STEEL; PART_NO_FROM_FIELD; SIZE_INCH; STANDARD_FROM_SPECIFICATION; TYPE_FROM_MATERIAL_TYPE; UNIT_FROM_FIELD,description; specification; structured_field
IOCL-110123,IOCL,HYD HOSE 1-1/2 in 5000 MM,hyd hose 1-1/2 in 5000 mm,Hoses,Hydraulic Hose,SAE 100 R2; 1-1/2 in; 5000 mm,Synthetic Rubber,1-1/2 in,5000 mm,,Rubber,MTR,hose,hydraulic hose,,synthetic rubber,Synthetic Rubber,1-1/2 in,,5000 mm,,,,,,,,SAE 100 R2,SAE 100 R2; 1-1/2 in; 5000 mm,rubber,,,,,,Eastern Cables,EAS-731-54,MTR,12,False,,COATING_FROM_STRUCTURED_FIELD; FAMILY_HOSE; GRADE_FROM_STRUCTURED_FIELD; LENGTH_FROM_FIELD; MANUFACTURER_FROM_FIELD; MATERIAL_SYNTHETIC_RUBBER; PART_NO_FROM_FIELD; SIZE_FRACTION_INCH; STANDARD_FROM_SPECIFICATION; TYPE_FROM_MATERIAL_TYPE; UNIT_FROM_FIELD,description; specification; structured_field
HPCL-152371,HPCL,DEEP GROOVE BEARING 6203,deep groove bearing 6203,Bearings,Ball Bearing,ISO 15; Bearing 6203,Chrome Steel,6203,,,,NOS,bearing,ball bearing,deep groove,chrome steel,Chrome Steel,6203,,,,,,,,,,ISO 15,ISO 15; Bearing 6203,,,,,,6203,Eastern Cables,EAS-995-11,NOS,12,False,,BEARING_NUMBER; FAMILY_BEARING; GRADE_FROM_STRUCTURED_FIELD; MANUFACTURER_FROM_FIELD; MATERIAL_CHROME_STEEL; PART_NO_FROM_FIELD; SIZE_FROM_STRUCTURED_FIELD; STANDARD_FROM_SPECIFICATION; SUBTYPE_DEEP_GROOVE; TYPE_BALL_BEARING; UNIT_FROM_FIELD,description; specification; structured_field
CPCL-308344,CPCL,BALL VALVE 1/2 in API 608,ball valve 1/2 in api 608,Valves,Ball Valve,API 608; 1/2 in; SS 316,SS 316,1/2 in,,,SS,NOS,valve,ball valve,,stainless steel,SS 316,1/2 in,,,,,,,,,,API 608,API 608; 1/2 in; SS 316,stainless steel,,,,,,Hindustan Mechanical,HIN-191-28,NOS,11,False,,COATING_FROM_STRUCTURED_FIELD; FAMILY_VALVE; GRADE_FROM_STRUCTURED_FIELD; MANUFACTURER_FROM_FIELD; MATERIAL_STAINLESS_STEEL; PART_NO_FROM_FIELD; SIZE_FRACTION_INCH; STANDARD_FROM_SPECIFICATION; TYPE_BALL_VALVE; UNIT_FROM_FIELD,description; specification; structured_field
HPCL-913527,HPCL,RTD PT100 4-wire 500 MM,rtd pt100 4-wire 500 mm,Instrumentation,Temperature Sensor,IEC 60751; 4-wire; 500 mm,Pt100,4-wire,500 mm,6 mm,SS,NOS,instrumentation,temperature sensor,,,Pt100,4-wire,,500 mm,,,6 mm,,,,,IEC 60751,IEC 60751; 4-wire; 500 mm,stainless steel,,,,,,National Bearing Works,NAT-856-96,NOS,12,True,size: '4-wire' vs '500 mm',COATING_FROM_STRUCTURED_FIELD; DIAMETER_FROM_FIELD; FAMILY_INSTRUMENTATION; GRADE_FROM_STRUCTURED_FIELD; LENGTH_FROM_FIELD; MANUFACTURER_FROM_FIELD; PART_NO_FROM_FIELD; SIZE_FROM_STRUCTURED_FIELD; STANDARD_FROM_SPECIFICATION; TYPE_FROM_MATERIAL_TYPE; UNIT_FROM_FIELD,specification; structured_field
HPCL-487793,HPCL,"M16 HEX BOLT, 75 MM, ZINC PLATED","m16 hexagonal bolt, 75 mm, zinc plated",Fasteners,Bolt,IS 1363; M16 x 75 mm; Zinc Plated,Carbon Steel,M16,75 mm,16 mm,Zinc Plated,NOS,fastener,bolt,hex,carbon steel,Carbon Steel,M16,,75 mm,,,16 mm,,,,,IS 1363,IS 1363; M16 x 75 mm; Zinc Plated,zinc plated,,,,,,National Bearing Works,NAT-263-50,NOS,14,False,,COATING_FROM_STRUCTURED_FIELD; DIAMETER_FROM_FIELD; FAMILY_FASTENER; GRADE_FROM_STRUCTURED_FIELD; LENGTH_FROM_FIELD; MANUFACTURER_FROM_FIELD; MATERIAL_CARBON_STEEL; PART_NO_FROM_FIELD; SIZE_METRIC_BOLT; STANDARD_FROM_SPECIFICATION; SUBTYPE_HEX; TYPE_FROM_MATERIAL_TYPE; UNIT_FROM_FIELD,description; specification; structured_field
IOCL-411004,IOCL,HYD HOSE 1 in 1000 MM,hyd hose 1 in 1000 mm,Hoses,Hydraulic Hose,SAE 100 R2; 1 in; 1000 mm,Synthetic Rubber,1 in,1000 mm,,Rubber,MTR,hose,hydraulic hose,,synthetic rubber,Synthetic Rubber,1 in,,1000 mm,,,,,,,,SAE 100 R2,SAE 100 R2; 1 in; 1000 mm,rubber,,,,,,Precision Fasteners,PRE-258-67,MTR,12,False,,COATING_FROM_STRUCTURED_FIELD; FAMILY_HOSE; GRADE_FROM_STRUCTURED_FIELD; LENGTH_FROM_FIELD; MANUFACTURER_FROM_FIELD; MATERIAL_SYNTHETIC_RUBBER; PART_NO_FROM_FIELD; SIZE_INCH; STANDARD_FROM_SPECIFICATION; TYPE_FROM_MATERIAL_TYPE; UNIT_FROM_FIELD,description; specification; structured_field
CPCL-637058,CPCL,HYDRAULIC HOSE 1-1/2 in,hydraulic hose 1-1/2 in,Hoses,Hydraulic Hose,SAE 100 R2; 1-1/2 in; 5000 mm,Synthetic Rubber,1-1/2 in,5000 mm,,Rubber,MTR,hose,hydraulic hose,,synthetic rubber,Synthetic Rubber,1-1/2 in,,5000 mm,,,,,,,,SAE 100 R2,SAE 100 R2; 1-1/2 in; 5000 mm,rubber,,,,,,Precision Fasteners,PRE-755-50,MTR,12,False,,COATING_FROM_STRUCTURED_FIELD; FAMILY_HOSE; GRADE_FROM_STRUCTURED_FIELD; LENGTH_FROM_FIELD; MANUFACTURER_FROM_FIELD; MATERIAL_SYNTHETIC_RUBBER; PART_NO_FROM_FIELD; SIZE_FRACTION_INCH; STANDARD_FROM_SPECIFICATION; TYPE_FROM_MATERIAL_TYPE; UNIT_FROM_FIELD,description; specification; structured_field
IOCL-253642,IOCL,HRC CARTRIDGE 2 A,high rupturing capacity cartridge 2 a,Electrical,Fuse,IS 13703; 2 A,Ceramic,2 A,,,,MTR,electrical,fuse,,,Ceramic,2 A,,,,,,,,,,IS 13703,IS 13703; 2 A,,,,,,,Eastern Cables,EAS-227-73,MTR,9,False,,FAMILY_ELECTRICAL; GRADE_FROM_STRUCTURED_FIELD; MANUFACTURER_FROM_FIELD; PART_NO_FROM_FIELD; SIZE_FROM_STRUCTURED_FIELD; STANDARD_FROM_SPECIFICATION; TYPE_FROM_MATERIAL_TYPE; UNIT_FROM_FIELD,description; specification; structured_field
IOCL-977389,IOCL,POWER CABLE 1.5 sq mm XLPE Copper,power cable 1.5 sq mm xlpe copper,Electrical,Cable,IS 7098; 1.5 sq mm; 1000 m,XLPE Copper,1.5 sq mm,1000 mm,,PVC,MTR,electrical,cable,,xlpe,XLPE Copper,1.5 sq mm,,1000 mm,,,,,,,,IS 7098,IS 7098; 1.5 sq mm; 1000 m,pvc,,,,,,National Bearing Works,NAT-666-75,MTR,12,False,,COATING_FROM_STRUCTURED_FIELD; FAMILY_ELECTRICAL; GRADE_FROM_STRUCTURED_FIELD; LENGTH_FROM_FIELD; MANUFACTURER_FROM_FIELD; MATERIAL_XLPE; PART_NO_FROM_FIELD; SIZE_SQMM_CABLE; STANDARD_FROM_SPECIFICATION; TYPE_FROM_MATERIAL_TYPE; UNIT_FROM_FIELD,description; specification; structured_field
HPCL-759906,HPCL,HEX HEAD BOLT M10 X 60 GALVANIZED,hexagonal head bolt m10 x 60 galvanized,Fasteners,Bolt,IS 1363; M20 x 60 mm; Galvanized,Carbon Steel,M20,60 mm,16 mm,Galvanized,NOS,fastener,bolt,,carbon steel,Carbon Steel,M20,,60 mm,,,16 mm,,,,,IS 1363,IS 1363; M20 x 60 mm; Galvanized,galvanized,,,,,,ABC Industrial Products,ABC-626-91,NOS,13,True,size: 'M20' vs 'M10',COATING_FROM_STRUCTURED_FIELD; DIAMETER_FROM_FIELD; FAMILY_FASTENER; GRADE_FROM_STRUCTURED_FIELD; LENGTH_FROM_FIELD; MANUFACTURER_FROM_FIELD; MATERIAL_CARBON_STEEL; PART_NO_FROM_FIELD; SIZE_FROM_STRUCTURED_FIELD; STANDARD_FROM_SPECIFICATION; TYPE_FROM_MATERIAL_TYPE; UNIT_FROM_FIELD,description; specification; structured_field
ONGC-875861,ONGC,FLANGE 3 in ASTM A105,flange 3 in astm a105,Pipes & Fittings,Flange,ASME B16.5; 3 in; ASTM A105,ASTM A105,3 in,,,Bare,MTR,pipe/fitting,flange,,,ASTM A105,3 in,,,,,,,,,,ASTM A105; ASME B16.5,ASME B16.5; 3 in; ASTM A105,bare,,,,,,Larsen Engineering,LAR-345-79,MTR,10,True,material_grade: 'ASTM A105' vs 'A105',COATING_FROM_STRUCTURED_FIELD; FAMILY_PIPE; GRADE_A105; MANUFACTURER_FROM_FIELD; PART_NO_FROM_FIELD; SIZE_INCH; STANDARD_FROM_SPECIFICATION; TYPE_FROM_MATERIAL_TYPE; UNIT_FROM_FIELD,description; specification; structured_field
CPCL-916491,CPCL,RTD PT100 4-wire 500 MM,rtd pt100 4-wire 500 mm,Instrumentation,Temperature Sensor,IEC 60751; 4-wire; 500 mm,Pt100,4-wire,500 mm,8 mm,SS,NOS,instrumentation,temperature sensor,,,Pt100,4-wire,,500 mm,,,8 mm,,,,,IEC 60751,IEC 60751; 4-wire; 500 mm,stainless steel,,,,,,Larsen Engineering,LAR-133-43,NOS,12,True,size: '4-wire' vs '500 mm',COATING_FROM_STRUCTURED_FIELD; DIAMETER_FROM_FIELD; FAMILY_INSTRUMENTATION; GRADE_FROM_STRUCTURED_FIELD; LENGTH_FROM_FIELD; MANUFACTURER_FROM_FIELD; PART_NO_FROM_FIELD; SIZE_FROM_STRUCTURED_FIELD; STANDARD_FROM_SPECIFICATION; TYPE_FROM_MATERIAL_TYPE; UNIT_FROM_FIELD,specification; structured_field
CPCL-728089,CPCL,PLAIN WASHER M10 ZINC PLATED,plain washer m10 zinc plated,Fasteners,Washer,IS 2016; M10; Zinc Plated,Carbon Steel,M10,,,Zinc Plated,NOS,fastener,washer,,carbon steel,Carbon Steel,M10,,,,,,,,,,IS 2016,IS 2016; M10; Zinc Plated,zinc plated,,,,,,National Bearing Works,NAT-486-15,NOS,11,False,,COATING_FROM_STRUCTURED_FIELD; FAMILY_FASTENER; GRADE_FROM_STRUCTURED_FIELD; MANUFACTURER_FROM_FIELD; MATERIAL_CARBON_STEEL; PART_NO_FROM_FIELD; SIZE_METRIC_BOLT; STANDARD_FROM_SPECIFICATION; TYPE_FROM_MATERIAL_TYPE; UNIT_FROM_FIELD,description; specification; structured_field
CPCL-232068,CPCL,HEX BOLT M20 X 100 MM GALVANIZED,hexagonal bolt m20 x 100 mm galvanized,Fasteners,Bolt,IS 1363; M20 x 100 mm; Galvanized,Carbon Steel,M20,100 mm,20 mm,Galvanized,NOS,fastener,bolt,hex,carbon steel,Carbon Steel,M20,,100 mm,,,20 mm,,,,,IS 1363,IS 1363; M20 x 100 mm; Galvanized,galvanized,,,,,,Shree Valves & Fittings,SHR-924-15,NOS,14,False,,COATING_FROM_STRUCTURED_FIELD; DIAMETER_FROM_FIELD; FAMILY_FASTENER; GRADE_FROM_STRUCTURED_FIELD; LENGTH_FROM_FIELD; MANUFACTURER_FROM_FIELD; MATERIAL_CARBON_STEEL; PART_NO_FROM_FIELD; SIZE_METRIC_BOLT; STANDARD_FROM_SPECIFICATION; SUBTYPE_HEX; TYPE_FROM_MATERIAL_TYPE; UNIT_FROM_FIELD,description; specification; structured_field
ONGC-993909,ONGC,HYD HOSE 1-1/2 in 5000 MM,hyd hose 1-1/2 in 5000 mm,Hoses,Hydraulic Hose,SAE 100 R2; 1-1/2 in; 5000 mm,Synthetic Rubber,1-1/2 in,5000 mm,,Rubber,MTR,hose,hydraulic hose,,synthetic rubber,Synthetic Rubber,1-1/2 in,,5000 mm,,,,,,,,SAE 100 R2,SAE 100 R2; 1-1/2 in; 5000 mm,rubber,,,,,,Precision Fasteners,PRE-986-15,MTR,12,False,,COATING_FROM_STRUCTURED_FIELD; FAMILY_HOSE; GRADE_FROM_STRUCTURED_FIELD; LENGTH_FROM_FIELD; MANUFACTURER_FROM_FIELD; MATERIAL_SYNTHETIC_RUBBER; PART_NO_FROM_FIELD; SIZE_FRACTION_INCH; STANDARD_FROM_SPECIFICATION; TYPE_FROM_MATERIAL_TYPE; UNIT_FROM_FIELD,description; specification; structured_field
IOCL-658805,IOCL,BALL VALVE 1/2 in API 608,ball valve 1/2 in api 608,Valves,Ball Valve,API 608; 1/2 in; SS 316,SS 316,1/2 in,,,SS,NOS,valve,ball valve,,stainless steel,SS 316,1/2 in,,,,,,,,,,API 608,API 608; 1/2 in; SS 316,stainless steel,,,,,,Shree Valves & Fittings,SHR-957-81,NOS,11,False,,COATING_FROM_STRUCTURED_FIELD; FAMILY_VALVE; GRADE_FROM_STRUCTURED_FIELD; MANUFACTURER_FROM_FIELD; MATERIAL_STAINLESS_STEEL; PART_NO_FROM_FIELD; SIZE_FRACTION_INCH; STANDARD_FROM_SPECIFICATION; TYPE_BALL_VALVE; UNIT_FROM_FIELD,description; specification; structured_field
CPCL-313892,CPCL,GEAR OIL ISO VG 220,gear oil iso vg 220,Lubricants,Lubricant,IS 10522; ISO VG 220,Mineral Oil,ISO VG 220,,,,LTR,lubricant,lubricant,,mineral oil,Mineral Oil,ISO VG 220,,,,,,,,,,ISO VG 220; IS 10522,IS 10522; ISO VG 220,,,,,,,Apex Industrial Systems,APE-907-60,LTR,10,False,,FAMILY_LUBRICANT; GRADE_FROM_STRUCTURED_FIELD; MANUFACTURER_FROM_FIELD; MATERIAL_MINERAL_OIL; PART_NO_FROM_FIELD; SIZE_VG_ISO_LUBE; STANDARD_FROM_SPECIFICATION; TYPE_FROM_MATERIAL_TYPE; UNIT_FROM_FIELD,description; specification; structured_field
IOCL-215668,IOCL,PRESSURE GAUGE 0-25 bar,pressure gauge 0-25 bar,Instrumentation,Pressure Gauge,EN 837-1; Range 0-25 bar,SS 304,0-25 bar,,,SS,NOS,instrumentation,pressure gauge,,stainless steel,SS 304,0-25 bar,,,,,,,,,,EN 837-1,EN 837-1; Range 0-25 bar,stainless steel,,,,,,Apex Industrial Systems,APE-145-49,NOS,11,False,,COATING_FROM_STRUCTURED_FIELD; FAMILY_INSTRUMENTATION; GRADE_FROM_STRUCTURED_FIELD; MANUFACTURER_FROM_FIELD; MATERIAL_STAINLESS_STEEL; PART_NO_FROM_FIELD; SIZE_PRESSURE_RANGE; STANDARD_FROM_SPECIFICATION; TYPE_FROM_MATERIAL_TYPE; UNIT_FROM_FIELD,description; specification; structured_field
CPCL-942129,CPCL,BALL VALVE 4 in API 608,ball valve 4 in api 608,Valves,Ball Valve,API 608; 4 in; SS 316,SS 316,4 in,,,SS,NOS,valve,ball valve,,stainless steel,SS 316,4 in,,,,,,,,,,API 608,API 608; 4 in; SS 316,stainless steel,,,,,,Metro Pumps & Valves,MET-700-80,NOS,11,False,,COATING_FROM_STRUCTURED_FIELD; FAMILY_VALVE; GRADE_FROM_STRUCTURED_FIELD; MANUFACTURER_FROM_FIELD; MATERIAL_STAINLESS_STEEL; PART_NO_FROM_FIELD; SIZE_INCH; STANDARD_FROM_SPECIFICATION; TYPE_BALL_VALVE; UNIT_FROM_FIELD,description; specification; structured_field
HPCL-851859,HPCL,EP GEAR OIL EP 140,ep gear oil ep 140,Lubricants,Lubricant,IS 10522; EP 140,Mineral Oil,EP 140,,,,LTR,lubricant,lubricant,,mineral oil,Mineral Oil,EP 140,,,,,,,,,,IS 10522,IS 10522; EP 140,,,,,,,Apex Industrial Systems,APE-235-12,LTR,10,False,,FAMILY_LUBRICANT; GRADE_FROM_STRUCTURED_FIELD; MANUFACTURER_FROM_FIELD; MATERIAL_MINERAL_OIL; PART_NO_FROM_FIELD; SIZE_VG_ISO_LUBE; STANDARD_FROM_SPECIFICATION; TYPE_FROM_MATERIAL_TYPE; UNIT_FROM_FIELD,description; specification; structured_field
CPCL-963312,CPCL,SAFETY VALVE 4 in,safety valve 4 in,Safety,Safety Valve,API 526; 4 in; SS 316,SS 316,4 in,,,SS,NOS,safety,safety valve,,stainless steel,SS 316,4 in,,,,,,,,,,API 526,API 526; 4 in; SS 316,stainless steel,,,,,,Bharat Industrial Works,BHA-733-46,NOS,11,True,material_family: 'safety' vs 'valve',COATING_FROM_STRUCTURED_FIELD; FAMILY_SAFETY; GRADE_FROM_STRUCTURED_FIELD; MANUFACTURER_FROM_FIELD; MATERIAL_STAINLESS_STEEL; PART_NO_FROM_FIELD; SIZE_INCH; STANDARD_FROM_SPECIFICATION; TYPE_SAFETY_VALVE; UNIT_FROM_FIELD,description; specification; structured_field
IOCL-221375,IOCL,FLAT WASHER M8,flat washer m8,Fasteners,Washer,IS 2016; M8; Galvanized,Carbon Steel,M8,,,Galvanized,NOS,fastener,washer,,carbon steel,Carbon Steel,M8,,,,,,,,,,IS 2016,IS 2016; M8; Galvanized,galvanized,,,,,,National Bearing Works,NAT-480-10,NOS,11,False,,COATING_FROM_STRUCTURED_FIELD; FAMILY_FASTENER; GRADE_FROM_STRUCTURED_FIELD; MANUFACTURER_FROM_FIELD; MATERIAL_CARBON_STEEL; PART_NO_FROM_FIELD; SIZE_METRIC_BOLT; STANDARD_FROM_SPECIFICATION; TYPE_FROM_MATERIAL_TYPE; UNIT_FROM_FIELD,description; specification; structured_field
HPCL-559757,HPCL,BALL VALVE 1/2 in API 608,ball valve 1/2 in api 608,Valves,Ball Valve,API 608; 1/2 in; SS 316,SS 316,1/2 in,,,SS,NOS,valve,ball valve,,stainless steel,SS 316,1/2 in,,,,,,,,,,API 608,API 608; 1/2 in; SS 316,stainless steel,,,,,,Shree Valves & Fittings,SHR-707-49,NOS,11,False,,COATING_FROM_STRUCTURED_FIELD; FAMILY_VALVE; GRADE_FROM_STRUCTURED_FIELD; MANUFACTURER_FROM_FIELD; MATERIAL_STAINLESS_STEEL; PART_NO_FROM_FIELD; SIZE_FRACTION_INCH; STANDARD_FROM_SPECIFICATION; TYPE_BALL_VALVE; UNIT_FROM_FIELD,description; specification; structured_field
CPCL-854210,CPCL,SEAMLESS STEEL PIPE 1/2 in API 5L,seamless steel pipe 1/2 in api 5l,Pipes & Fittings,Pipe,API 5L; 1/2 in; ASTM A106 Gr.B,ASTM A106 Gr.B,1/2 in,6000 mm,,Black,MTR,pipe/fitting,pipe,,,ASTM A106 Gr.B,1/2 in,,6000 mm,,,,,,,,ASTM A106 Gr.B; API 5L,API 5L; 1/2 in; ASTM A106 Gr.B,black,,,seamless,,,Larsen Engineering,LAR-936-71,MTR,12,False,,COATING_FROM_STRUCTURED_FIELD; CONSTRUCTION_SEAMLESS; FAMILY_PIPE; GRADE_FROM_STRUCTURED_FIELD; LENGTH_FROM_FIELD; MANUFACTURER_FROM_FIELD; PART_NO_FROM_FIELD; SIZE_FRACTION_INCH; STANDARD_FROM_SPECIFICATION; TYPE_FROM_MATERIAL_TYPE; UNIT_FROM_FIELD,description; specification; structured_field
ONGC-224624,ONGC,HEX BOLT M20 X 100 GALV,hexagonal bolt m20 x 100 galvanized,Fasteners,Bolt,IS 1363; M20 x 100 mm; Galvanized,Carbon Steel,M20,100 mm,20 mm,Galvanized,NOS,fastener,bolt,hex,carbon steel,Carbon Steel,M20,,100 mm,,,20 mm,,,,,IS 1363,IS 1363; M20 x 100 mm; Galvanized,galvanized,,,,,,Prime Electricals,PRI-771-95,NOS,14,False,,COATING_FROM_STRUCTURED_FIELD; DIAMETER_FROM_FIELD; FAMILY_FASTENER; GRADE_FROM_STRUCTURED_FIELD; LENGTH_FROM_FIELD; MANUFACTURER_FROM_FIELD; MATERIAL_CARBON_STEEL; PART_NO_FROM_FIELD; SIZE_METRIC_BOLT; STANDARD_FROM_SPECIFICATION; SUBTYPE_HEX; TYPE_FROM_MATERIAL_TYPE; UNIT_FROM_FIELD,description; specification; structured_field
ONGC-488128,ONGC,BALL VALVE 2 in API 608,ball valve 2 in api 608,Valves,Ball Valve,API 608; 2 in; SS 316,SS 316,2 in,,,SS,NOS,valve,ball valve,,stainless steel,SS 316,2 in,,,,,,,,,,API 608,API 608; 2 in; SS 316,stainless steel,,,,,,Precision Fasteners,PRE-991-46,NOS,11,False,,COATING_FROM_STRUCTURED_FIELD; FAMILY_VALVE; GRADE_FROM_STRUCTURED_FIELD; MANUFACTURER_FROM_FIELD; MATERIAL_STAINLESS_STEEL; PART_NO_FROM_FIELD; SIZE_INCH; STANDARD_FROM_SPECIFICATION; TYPE_BALL_VALVE; UNIT_FROM_FIELD,description; specification; structured_field
ONGC-878177,ONGC,HYD HOSE 1 in 5000 MM,hyd hose 1 in 5000 mm,Hoses,Hydraulic Hose,SAE 100 R2; 1 in; 5000 mm,Synthetic Rubber,1 in,5000 mm,,Rubber,MTR,hose,hydraulic hose,,synthetic rubber,Synthetic Rubber,1 in,,5000 mm,,,,,,,,SAE 100 R2,SAE 100 R2; 1 in; 5000 mm,rubber,,,,,,National Bearing Works,NAT-507-23,MTR,12,False,,COATING_FROM_STRUCTURED_FIELD; FAMILY_HOSE; GRADE_FROM_STRUCTURED_FIELD; LENGTH_FROM_FIELD; MANUFACTURER_FROM_FIELD; MATERIAL_SYNTHETIC_RUBBER; PART_NO_FROM_FIELD; SIZE_INCH; STANDARD_FROM_SPECIFICATION; TYPE_FROM_MATERIAL_TYPE; UNIT_FROM_FIELD,description; specification; structured_field
HPCL-627761,HPCL,HORIZONTAL CENTRIFUGAL PUMP 50 mm,horizontal centrifugal pump 50 mm,Pumps,Centrifugal Pump,API 610; 50 mm; SS 316,SS 316,50 mm,,,Painted,NOS,pump,centrifugal pump,,stainless steel,SS 316,50 mm,,,,,,,,,,API 610,API 610; 50 mm; SS 316,painted,,,,horizontal,,Precision Fasteners,PRE-603-15,NOS,12,False,,COATING_FROM_STRUCTURED_FIELD; FAMILY_PUMP; GRADE_FROM_STRUCTURED_FIELD; MANUFACTURER_FROM_FIELD; MATERIAL_STAINLESS_STEEL; ORIENTATION_HORIZONTAL; PART_NO_FROM_FIELD; SIZE_MM; STANDARD_FROM_SPECIFICATION; TYPE_CENTRIFUGAL_PUMP; UNIT_FROM_FIELD,description; specification; structured_field
CPCL-122335,CPCL,HRC FUSE 5 A,high rupturing capacity fuse 5 a,Electrical,Fuse,IS 13703; 5 A,Ceramic,5 A,,,,MTR,electrical,fuse,,,Ceramic,5 A,,,,,,,,,,IS 13703,IS 13703; 5 A,,,,,,,Supreme Engineering,SUP-232-96,MTR,9,False,,FAMILY_ELECTRICAL; GRADE_FROM_STRUCTURED_FIELD; MANUFACTURER_FROM_FIELD; PART_NO_FROM_FIELD; SIZE_FROM_STRUCTURED_FIELD; STANDARD_FROM_SPECIFICATION; TYPE_FROM_MATERIAL_TYPE; UNIT_FROM_FIELD,description; specification; structured_field
ONGC-793638,ONGC,CENTRIFUGAL PUMP 100 mm SS 316,centrifugal pump 100 mm stainless steel 316,Pumps,Centrifugal Pump,API 610; 100 mm; SS 316,SS 316,100 mm,,,Painted,NOS,pump,centrifugal pump,,stainless steel,SS 316,100 mm,,,,,,,,,,API 610,API 610; 100 mm; SS 316,painted,,,,,,Metro Pumps & Valves,MET-352-79,NOS,11,False,,COATING_FROM_STRUCTURED_FIELD; FAMILY_PUMP; GRADE_SS316; MANUFACTURER_FROM_FIELD; MATERIAL_STAINLESS_STEEL; PART_NO_FROM_FIELD; SIZE_MM; STANDARD_FROM_SPECIFICATION; TYPE_CENTRIFUGAL_PUMP; UNIT_FROM_FIELD,description; specification; structured_field
CPCL-688826,CPCL,WELD NECK FLANGE 2 in ASME B16.5,weld neck flange 2 in asme b16.5,Pipes & Fittings,Flange,ASME B16.5; 2 in; ASTM A105,ASTM A105,2 in,,,Bare,MTR,flange,weld neck flange,,,ASTM A105,2 in,,,,,,,,,,ASTM A105; ASME B16.5,ASME B16.5; 2 in; ASTM A105,bare,weld neck,,,,,Eastern Cables,EAS-994-99,MTR,11,False,,COATING_FROM_STRUCTURED_FIELD; CONNECTION_WELD_NECK; FAMILY_FLANGE; GRADE_FROM_STRUCTURED_FIELD; MANUFACTURER_FROM_FIELD; PART_NO_FROM_FIELD; SIZE_INCH; STANDARD_FROM_SPECIFICATION; TYPE_WELDNECK_FLANGE; UNIT_FROM_FIELD,description; specification; structured_field
IOCL-732098,IOCL,FLAT WASHER M16,flat washer m16,Fasteners,Washer,IS 2016; M16; Zinc Plated,Carbon Steel,M16,,,Zinc Plated,NOS,fastener,washer,,carbon steel,Carbon Steel,M16,,,,,,,,,,IS 2016,IS 2016; M16; Zinc Plated,zinc plated,,,,,,Bharat Industrial Works,BHA-378-18,NOS,11,False,,COATING_FROM_STRUCTURED_FIELD; FAMILY_FASTENER; GRADE_FROM_STRUCTURED_FIELD; MANUFACTURER_FROM_FIELD; MATERIAL_CARBON_STEEL; PART_NO_FROM_FIELD; SIZE_METRIC_BOLT; STANDARD_FROM_SPECIFICATION; TYPE_FROM_MATERIAL_TYPE; UNIT_FROM_FIELD,description; specification; structured_field
HPCL-565180,HPCL,HEXAGONAL NUT M16 GALVANIZED,hexagonal nut m16 galvanized,Fasteners,Nut,IS 1364; M16; Galvanized,Carbon Steel,M16,,,Galvanized,NOS,fastener,nut,hex,carbon steel,Carbon Steel,M16,,,,,,,,,,IS 1364,IS 1364; M16; Galvanized,galvanized,,,,,,Shree Valves & Fittings,SHR-496-79,NOS,12,False,,COATING_FROM_STRUCTURED_FIELD; FAMILY_FASTENER; GRADE_FROM_STRUCTURED_FIELD; MANUFACTURER_FROM_FIELD; MATERIAL_CARBON_STEEL; PART_NO_FROM_FIELD; SIZE_METRIC_BOLT; STANDARD_FROM_SPECIFICATION; SUBTYPE_HEX; TYPE_FROM_MATERIAL_TYPE; UNIT_FROM_FIELD,description; specification; structured_field
IOCL-451449,IOCL,HRC FUSE 32 A,high rupturing capacity fuse 32 a,Electrical,Fuse,IS 13703; 32 A,Ceramic,32 A,,,,MTR,electrical,fuse,,,Ceramic,32 A,,,,,,,,,,IS 13703,IS 13703; 32 A,,,,,,,Larsen Engineering,LAR-940-80,MTR,9,False,,FAMILY_ELECTRICAL; GRADE_FROM_STRUCTURED_FIELD; MANUFACTURER_FROM_FIELD; PART_NO_FROM_FIELD; SIZE_FROM_STRUCTURED_FIELD; STANDARD_FROM_SPECIFICATION; TYPE_FROM_MATERIAL_TYPE; UNIT_FROM_FIELD,description; specification; structured_field
HPCL-842443,HPCL,GATE VALVE FLANGED 2 in ASTM A216 WCB,gate valve flanged 2 in astm a216 wcb,Valves,Gate Valve,API 600; 2 in; ASTM A216 WCB,ASTM A216 WCB,2 in,,,Painted,NOS,valve,gate valve,,,ASTM A216 WCB,2 in,,,,,,,,,,ASTM A216 WCB; API 600,API 600; 2 in; ASTM A216 WCB,painted,flanged,,,,,Bharat Industrial Works,BHA-494-51,NOS,11,True,material_grade: 'ASTM A216 WCB' vs 'WCB',COATING_FROM_STRUCTURED_FIELD; CONNECTION_FLANGED; FAMILY_VALVE; GRADE_A105; MANUFACTURER_FROM_FIELD; PART_NO_FROM_FIELD; SIZE_INCH; STANDARD_FROM_SPECIFICATION; TYPE_GATE_VALVE; UNIT_FROM_FIELD,description; specification; structured_field
HPCL-249238,HPCL,POWER CABLE 16 sq mm XLPE Copper,power cable 16 sq mm xlpe copper,Electrical,Cable,IS 7098; 16 sq mm; 1000 m,XLPE Copper,16 sq mm,1000 mm,,PVC,MTR,electrical,cable,,xlpe,XLPE Copper,16 sq mm,,1000 mm,,,,,,,,IS 7098,IS 7098; 16 sq mm; 1000 m,pvc,,,,,,Larsen Engineering,LAR-173-14,MTR,12,False,,COATING_FROM_STRUCTURED_FIELD; FAMILY_ELECTRICAL; GRADE_FROM_STRUCTURED_FIELD; LENGTH_FROM_FIELD; MANUFACTURER_FROM_FIELD; MATERIAL_XLPE; PART_NO_FROM_FIELD; SIZE_SQMM_CABLE; STANDARD_FROM_SPECIFICATION; TYPE_FROM_MATERIAL_TYPE; UNIT_FROM_FIELD,description; specification; structured_field
HPCL-584224,HPCL,FLANGE 4 in ASTM A105,flange 4 in astm a105,Pipes & Fittings,Flange,ASME B16.5; 4 in; ASTM A105,ASTM A105,4 in,,,Bare,MTR,pipe/fitting,flange,,,ASTM A105,4 in,,,,,,,,,,ASTM A105; ASME B16.5,ASME B16.5; 4 in; ASTM A105,bare,,,,,,Hindustan Mechanical,HIN-158-37,MTR,10,True,material_grade: 'ASTM A105' vs 'A105',COATING_FROM_STRUCTURED_FIELD; FAMILY_PIPE; GRADE_A105; MANUFACTURER_FROM_FIELD; PART_NO_FROM_FIELD; SIZE_INCH; STANDARD_FROM_SPECIFICATION; TYPE_FROM_MATERIAL_TYPE; UNIT_FROM_FIELD,description; specification; structured_field
HPCL-481335,HPCL,HYDRAULIC HOSE 3/4 in,hydraulic hose 3/4 in,Hoses,Hydraulic Hose,SAE 100 R2; 3/4 in; 1000 mm,Synthetic Rubber,3/4 in,1000 mm,,Rubber,MTR,hose,hydraulic hose,,synthetic rubber,Synthetic Rubber,3/4 in,,1000 mm,,,,,,,,SAE 100 R2,SAE 100 R2; 3/4 in; 1000 mm,rubber,,,,,,Precision Fasteners,PRE-812-45,MTR,12,False,,COATING_FROM_STRUCTURED_FIELD; FAMILY_HOSE; GRADE_FROM_STRUCTURED_FIELD; LENGTH_FROM_FIELD; MANUFACTURER_FROM_FIELD; MATERIAL_SYNTHETIC_RUBBER; PART_NO_FROM_FIELD; SIZE_FRACTION_INCH; STANDARD_FROM_SPECIFICATION; TYPE_FROM_MATERIAL_TYPE; UNIT_FROM_FIELD,description; specification; structured_field
HPCL-504832,HPCL,PROCESS PUMP 40 mm,process pump 40 mm,Pumps,Centrifugal Pump,API 610; 40 mm; SS 316,SS 316,40 mm,,,Painted,NOS,pump,centrifugal pump,,stainless steel,SS 316,40 mm,,,,,,,,,,API 610,API 610; 40 mm; SS 316,painted,,,,,,Supreme Engineering,SUP-272-68,NOS,11,False,,COATING_FROM_STRUCTURED_FIELD; FAMILY_PUMP; GRADE_FROM_STRUCTURED_FIELD; MANUFACTURER_FROM_FIELD; MATERIAL_STAINLESS_STEEL; PART_NO_FROM_FIELD; SIZE_MM; STANDARD_FROM_SPECIFICATION; TYPE_CENTRIFUGAL_PUMP; UNIT_FROM_FIELD,description; specification; structured_field
IOCL-352009,IOCL,PRESSURE INDICATOR 0-100 bar,pressure indicator 0-100 bar,Instrumentation,Pressure Gauge,EN 837-1; Range 0-100 bar,SS 304,0-100 bar,,,SS,NOS,instrumentation,pressure gauge,,stainless steel,SS 304,0-100 bar,,,,,,,,,,EN 837-1,EN 837-1; Range 0-100 bar,stainless steel,,,,,,ABC Industrial Products,ABC-669-16,NOS,11,False,,COATING_FROM_STRUCTURED_FIELD; FAMILY_INSTRUMENTATION; GRADE_FROM_STRUCTURED_FIELD; MANUFACTURER_FROM_FIELD; MATERIAL_STAINLESS_STEEL; PART_NO_FROM_FIELD; SIZE_PRESSURE_RANGE; STANDARD_FROM_SPECIFICATION; TYPE_FROM_MATERIAL_TYPE; UNIT_FROM_FIELD,description; specification; structured_field
ONGC-829988,ONGC,BOURDON PRESSURE GAUGE 0-5 bar,bourdon pressure gauge 0-5 bar,Instrumentation,Pressure Gauge,EN 837-1; Range 0-5 bar,SS 304,0-5 bar,,,SS,NOS,instrumentation,pressure gauge,,stainless steel,SS 304,0-5 bar,,,,,,,,,,EN 837-1,EN 837-1; Range 0-5 bar,stainless steel,,,,,,Larsen Engineering,LAR-263-40,NOS,11,False,,COATING_FROM_STRUCTURED_FIELD; FAMILY_INSTRUMENTATION; GRADE_FROM_STRUCTURED_FIELD; MANUFACTURER_FROM_FIELD; MATERIAL_STAINLESS_STEEL; PART_NO_FROM_FIELD; SIZE_PRESSURE_RANGE; STANDARD_FROM_SPECIFICATION; TYPE_FROM_MATERIAL_TYPE; UNIT_FROM_FIELD,description; specification; structured_field
HPCL-211211,HPCL,GATE VALVE FLANGED 2 in,gate valve flanged 2 in,Valves,Gate Valve,API 600; 2 in; ASTM A216 WCB,ASTM A216 WCB,2 in,,,Painted,NOS,valve,gate valve,,,ASTM A216 WCB,2 in,,,,,,,,,,ASTM A216 WCB; API 600,API 600; 2 in; ASTM A216 WCB,painted,flanged,,,,,Metro Pumps & Valves,MET-868-23,NOS,11,False,,COATING_FROM_STRUCTURED_FIELD; CONNECTION_FLANGED; FAMILY_VALVE; GRADE_FROM_STRUCTURED_FIELD; MANUFACTURER_FROM_FIELD; PART_NO_FROM_FIELD; SIZE_INCH; STANDARD_FROM_SPECIFICATION; TYPE_GATE_VALVE; UNIT_FROM_FIELD,description; specification; structured_field
CPCL-982477,CPCL,HRC CARTRIDGE 63 A,high rupturing capacity cartridge 63 a,Electrical,Fuse,IS 13703; 63 A,Ceramic,63 A,,,,MTR,electrical,fuse,,,Ceramic,63 A,,,,,,,,,,IS 13703,IS 13703; 63 A,,,,,,,Apex Industrial Systems,APE-231-54,MTR,9,False,,FAMILY_ELECTRICAL; GRADE_FROM_STRUCTURED_FIELD; MANUFACTURER_FROM_FIELD; PART_NO_FROM_FIELD; SIZE_FROM_STRUCTURED_FIELD; STANDARD_FROM_SPECIFICATION; TYPE_FROM_MATERIAL_TYPE; UNIT_FROM_FIELD,description; specification; structured_field
ONGC-261186,ONGC,PRESSURE INDICATOR 0-10 bar,pressure indicator 0-10 bar,Instrumentation,Pressure Gauge,EN 837-1; Range 0-10 bar,SS 304,0-10 bar,,,SS,NOS,instrumentation,pressure gauge,,stainless steel,SS 304,0-10 bar,,,,,,,,,,EN 837-1,EN 837-1; Range 0-10 bar,stainless steel,,,,,,Eastern Cables,EAS-165-89,NOS,11,False,,COATING_FROM_STRUCTURED_FIELD; FAMILY_INSTRUMENTATION; GRADE_FROM_STRUCTURED_FIELD; MANUFACTURER_FROM_FIELD; MATERIAL_STAINLESS_STEEL; PART_NO_FROM_FIELD; SIZE_PRESSURE_RANGE; STANDARD_FROM_SPECIFICATION; TYPE_FROM_MATERIAL_TYPE; UNIT_FROM_FIELD,description; specification; structured_field
IOCL-416641,IOCL,POWER CABLE 50 sq mm XLPE Aluminium,power cable 50 sq mm xlpe aluminium,Electrical,Cable,IS 7098; 50 sq mm; 1000 m,XLPE Aluminium,50 sq mm,1000 mm,,PVC,MTR,electrical,cable,,xlpe,XLPE Aluminium,50 sq mm,,1000 mm,,,,,,,,IS 7098,IS 7098; 50 sq mm; 1000 m,pvc,,,,,,Supreme Engineering,SUP-558-34,MTR,12,False,,COATING_FROM_STRUCTURED_FIELD; FAMILY_ELECTRICAL; GRADE_FROM_STRUCTURED_FIELD; LENGTH_FROM_FIELD; MANUFACTURER_FROM_FIELD; MATERIAL_XLPE; PART_NO_FROM_FIELD; SIZE_SQMM_CABLE; STANDARD_FROM_SPECIFICATION; TYPE_FROM_MATERIAL_TYPE; UNIT_FROM_FIELD,description; specification; structured_field
ONGC-663346,ONGC,M8 HEX NUT,m8 hexagonal nut,Fasteners,Nut,IS 1364; M8; Zinc Plated,Carbon Steel,M8,,,Zinc Plated,NOS,fastener,nut,hex,carbon steel,Carbon Steel,M8,,,,,,,,,,IS 1364,IS 1364; M8; Zinc Plated,zinc plated,,,,,,Eastern Cables,EAS-617-13,NOS,12,False,,COATING_FROM_STRUCTURED_FIELD; FAMILY_FASTENER; GRADE_FROM_STRUCTURED_FIELD; MANUFACTURER_FROM_FIELD; MATERIAL_CARBON_STEEL; PART_NO_FROM_FIELD; SIZE_METRIC_BOLT; STANDARD_FROM_SPECIFICATION; SUBTYPE_HEX; TYPE_FROM_MATERIAL_TYPE; UNIT_FROM_FIELD,description; specification; structured_field
ONGC-373252,ONGC,GATE VALVE FLANGED 4 in ASTM A216 WCB,gate valve flanged 4 in astm a216 wcb,Valves,Gate Valve,API 600; 4 in; ASTM A216 WCB,ASTM A216 WCB,4 in,,,Painted,NOS,valve,gate valve,,,ASTM A216 WCB,4 in,,,,,,,,,,ASTM A216 WCB; API 600,API 600; 4 in; ASTM A216 WCB,painted,flanged,,,,,Prime Electricals,PRI-220-87,NOS,11,True,material_grade: 'ASTM A216 WCB' vs 'WCB',COATING_FROM_STRUCTURED_FIELD; CONNECTION_FLANGED; FAMILY_VALVE; GRADE_A105; MANUFACTURER_FROM_FIELD; PART_NO_FROM_FIELD; SIZE_INCH; STANDARD_FROM_SPECIFICATION; TYPE_GATE_VALVE; UNIT_FROM_FIELD,description; specification; structured_field
HPCL-449547,HPCL,SEAMLESS STEEL PIPE 1/2 in ASTM A106 Gr.B,seamless steel pipe 1/2 in astm a106 gr.b,Pipes & Fittings,Pipe,API 5L; 1/2 in; ASTM A106 Gr.B,ASTM A106 Gr.B,1/2 in,6000 mm,,Bare,MTR,pipe/fitting,pipe,,,ASTM A106 Gr.B,1/2 in,,6000 mm,,,,,,,,ASTM A106 Gr.B; API 5L,API 5L; 1/2 in; ASTM A106 Gr.B,bare,,,seamless,,,Eastern Cables,EAS-430-78,MTR,12,True,material_grade: 'ASTM A106 Gr.B' vs 'ASTM A106 GR.B'; material_grade: 'ASTM A106 Gr.B' vs 'A106',COATING_FROM_STRUCTURED_FIELD; CONSTRUCTION_SEAMLESS; FAMILY_PIPE; GRADE_FROM_STRUCTURED_FIELD; LENGTH_FROM_FIELD; MANUFACTURER_FROM_FIELD; PART_NO_FROM_FIELD; SIZE_FRACTION_INCH; STANDARD_FROM_SPECIFICATION; TYPE_FROM_MATERIAL_TYPE; UNIT_FROM_FIELD,description; specification; structured_field
IOCL-226012,IOCL,BOURDON PRESSURE GAUGE 0-40 bar,bourdon pressure gauge 0-40 bar,Instrumentation,Pressure Gauge,EN 837-1; Range 0-40 bar,SS 304,0-40 bar,,,SS,NOS,instrumentation,pressure gauge,,stainless steel,SS 304,0-40 bar,,,,,,,,,,EN 837-1,EN 837-1; Range 0-40 bar,stainless steel,,,,,,Apex Industrial Systems,APE-908-52,NOS,11,False,,COATING_FROM_STRUCTURED_FIELD; FAMILY_INSTRUMENTATION; GRADE_FROM_STRUCTURED_FIELD; MANUFACTURER_FROM_FIELD; MATERIAL_STAINLESS_STEEL; PART_NO_FROM_FIELD; SIZE_PRESSURE_RANGE; STANDARD_FROM_SPECIFICATION; TYPE_FROM_MATERIAL_TYPE; UNIT_FROM_FIELD,description; specification; structured_field
IOCL-914342,IOCL,SAFETY VALVE 2 in,safety valve 2 in,Safety,Safety Valve,API 526; 2 in; SS 316,SS 316,2 in,,,SS,NOS,safety,safety valve,,stainless steel,SS 316,2 in,,,,,,,,,,API 526,API 526; 2 in; SS 316,stainless steel,,,,,,Precision Fasteners,PRE-536-13,NOS,11,True,material_family: 'safety' vs 'valve',COATING_FROM_STRUCTURED_FIELD; FAMILY_SAFETY; GRADE_FROM_STRUCTURED_FIELD; MANUFACTURER_FROM_FIELD; MATERIAL_STAINLESS_STEEL; PART_NO_FROM_FIELD; SIZE_INCH; STANDARD_FROM_SPECIFICATION; TYPE_SAFETY_VALVE; UNIT_FROM_FIELD,description; specification; structured_field
ONGC-224223,ONGC,90 DEGREE ELBOW 3 in ASME B16.9,90 degree elbow 3 in asme b16.9,Pipes & Fittings,Elbow,ASME B16.9; 3 in; ASTM A234 WPB,ASTM A234 WPB,3 in,,,Bare,MTR,pipe/fitting,elbow,,,ASTM A234 WPB,3 in,,,,,,,,,90°,ASTM A234; ASME B16.9,ASME B16.9; 3 in; ASTM A234 WPB,bare,,,,,,Eastern Cables,EAS-233-76,MTR,11,False,,COATING_FROM_STRUCTURED_FIELD; ELBOW_ANGLE; FAMILY_FITTING; GRADE_FROM_STRUCTURED_FIELD; MANUFACTURER_FROM_FIELD; PART_NO_FROM_FIELD; SIZE_INCH; STANDARD_FROM_SPECIFICATION; TYPE_FROM_MATERIAL_TYPE; UNIT_FROM_FIELD,description; specification; structured_field
HPCL-236823,HPCL,PRESSURE RELIEF VALVE 4 in SS 316,pressure relief valve 4 in stainless steel 316,Safety,Safety Valve,API 526; 4 in; SS 316,SS 316,4 in,,,SS,NOS,safety,safety valve,,stainless steel,SS 316,4 in,,,,,,,,,,API 526,API 526; 4 in; SS 316,stainless steel,,,,,,Precision Fasteners,PRE-660-42,NOS,11,False,,COATING_FROM_STRUCTURED_FIELD; FAMILY_SAFETY; GRADE_SS316; MANUFACTURER_FROM_FIELD; MATERIAL_STAINLESS_STEEL; PART_NO_FROM_FIELD; SIZE_INCH; STANDARD_FROM_SPECIFICATION; TYPE_SAFETY_VALVE; UNIT_FROM_FIELD,description; specification; structured_field
HPCL-429906,HPCL,CENTRIFUGAL PUMP 100 mm SS 316,centrifugal pump 100 mm stainless steel 316,Pumps,Centrifugal Pump,API 610; 100 mm; SS 316,SS 316,100 mm,,,Painted,NOS,pump,centrifugal pump,,stainless steel,SS 316,100 mm,,,,,,,,,,API 610,API 610; 100 mm; SS 316,painted,,,,,,Shree Valves & Fittings,SHR-893-98,NOS,11,False,,COATING_FROM_STRUCTURED_FIELD; FAMILY_PUMP; GRADE_SS316; MANUFACTURER_FROM_FIELD; MATERIAL_STAINLESS_STEEL; PART_NO_FROM_FIELD; SIZE_MM; STANDARD_FROM_SPECIFICATION; TYPE_CENTRIFUGAL_PUMP; UNIT_FROM_FIELD,description; specification; structured_field
IOCL-227308,IOCL,CARTRIDGE FUSE 32 A,cartridge fuse 32 a,Electrical,Fuse,IS 13703; 32 A,Ceramic,32 A,,,,MTR,electrical,fuse,,,Ceramic,32 A,,,,,,,,,,IS 13703,IS 13703; 32 A,,,,,,,Supreme Engineering,SUP-682-33,MTR,9,False,,FAMILY_ELECTRICAL; GRADE_FROM_STRUCTURED_FIELD; MANUFACTURER_FROM_FIELD; PART_NO_FROM_FIELD; SIZE_FROM_STRUCTURED_FIELD; STANDARD_FROM_SPECIFICATION; TYPE_FROM_MATERIAL_TYPE; UNIT_FROM_FIELD,description; specification; structured_field
CPCL-596964,CPCL,FLANGE 2 in ASTM A105,flange 2 in astm a105,Pipes & Fittings,Flange,ASME B16.5; 2 in; ASTM A105,ASTM A105,2 in,,,Bare,MTR,pipe/fitting,flange,,,ASTM A105,2 in,,,,,,,,,,ASTM A105; ASME B16.5,ASME B16.5; 2 in; ASTM A105,bare,,,,,,Precision Fasteners,PRE-718-98,MTR,10,True,material_grade: 'ASTM A105' vs 'A105',COATING_FROM_STRUCTURED_FIELD; FAMILY_PIPE; GRADE_A105; MANUFACTURER_FROM_FIELD; PART_NO_FROM_FIELD; SIZE_INCH; STANDARD_FROM_SPECIFICATION; TYPE_FROM_MATERIAL_TYPE; UNIT_FROM_FIELD,description; specification; structured_field
HPCL-976870,HPCL,DEEP GROOVE BEARING 6204,deep groove bearing 6204,Bearings,Ball Bearing,ISO 15; Bearing 6204,Chrome Steel,6204,,,,NOS,bearing,ball bearing,deep groove,chrome steel,Chrome Steel,6204,,,,,,,,,,ISO 15,ISO 15; Bearing 6204,,,,,,6204,Supreme Engineering,SUP-128-71,NOS,12,False,,BEARING_NUMBER; FAMILY_BEARING; GRADE_FROM_STRUCTURED_FIELD; MANUFACTURER_FROM_FIELD; MATERIAL_CHROME_STEEL; PART_NO_FROM_FIELD; SIZE_FROM_STRUCTURED_FIELD; STANDARD_FROM_SPECIFICATION; SUBTYPE_DEEP_GROOVE; TYPE_BALL_BEARING; UNIT_FROM_FIELD,description; specification; structured_field
ONGC-614590,ONGC,XLPE CABLE 25 sq mm,xlpe cable 25 sq mm,Electrical,Cable,IS 7098; 25 sq mm; 100 m,XLPE Aluminium,25 sq mm,100 mm,,PVC,MTR,electrical,cable,,xlpe,XLPE Aluminium,25 sq mm,,100 mm,,,,,,,,IS 7098,IS 7098; 25 sq mm; 100 m,pvc,,,,,,Shree Valves & Fittings,SHR-537-40,MTR,12,False,,COATING_FROM_STRUCTURED_FIELD; FAMILY_ELECTRICAL; GRADE_FROM_STRUCTURED_FIELD; LENGTH_FROM_FIELD; MANUFACTURER_FROM_FIELD; MATERIAL_XLPE; PART_NO_FROM_FIELD; SIZE_SQMM_CABLE; STANDARD_FROM_SPECIFICATION; TYPE_FROM_MATERIAL_TYPE; UNIT_FROM_FIELD,description; specification; structured_field
IOCL-294523,IOCL,ELBOW 3 in ASTM A234 WPB,elbow 3 in astm a234 wpb,Pipes & Fittings,Elbow,ASME B16.9; 3 in; ASTM A234 WPB,ASTM A234 WPB,3 in,,,Bare,MTR,pipe/fitting,elbow,,,ASTM A234 WPB,3 in,,,,,,,,,,ASTM A234; ASME B16.9,ASME B16.9; 3 in; ASTM A234 WPB,bare,,,,,,ABC Industrial Products,ABC-503-66,MTR,10,True,material_grade: 'ASTM A234 WPB' vs 'ASTM A234'; material_grade: 'ASTM A234 WPB' vs 'WPB',COATING_FROM_STRUCTURED_FIELD; FAMILY_FITTING; GRADE_FROM_STRUCTURED_FIELD; MANUFACTURER_FROM_FIELD; PART_NO_FROM_FIELD; SIZE_INCH; STANDARD_FROM_SPECIFICATION; TYPE_FROM_MATERIAL_TYPE; UNIT_FROM_FIELD,description; specification; structured_field
HPCL-675636,HPCL,GATE VALVE FLANGED 6 in ASTM A216 WCB,gate valve flanged 6 in astm a216 wcb,Valves,Gate Valve,API 600; 6 in; ASTM A216 WCB,ASTM A216 WCB,6 in,,,Painted,NOS,valve,gate valve,,,ASTM A216 WCB,6 in,,,,,,,,,,ASTM A216 WCB; API 600,API 600; 6 in; ASTM A216 WCB,painted,flanged,,,,,Hindustan Mechanical,HIN-434-78,NOS,11,True,material_grade: 'ASTM A216 WCB' vs 'WCB',COATING_FROM_STRUCTURED_FIELD; CONNECTION_FLANGED; FAMILY_VALVE; GRADE_A105; MANUFACTURER_FROM_FIELD; PART_NO_FROM_FIELD; SIZE_INCH; STANDARD_FROM_SPECIFICATION; TYPE_GATE_VALVE; UNIT_FROM_FIELD,description; specification; structured_field
IOCL-143715,IOCL,SEAMLESS STEEL PIPE 6 in ASTM A106 Gr.B,seamless steel pipe 6 in astm a106 gr.b,Pipes & Fittings,Pipe,API 5L; 6 in; ASTM A106 Gr.B,ASTM A106 Gr.B,6 in,3000 mm,,Black,MTR,pipe/fitting,pipe,,,ASTM A106 Gr.B,6 in,,3000 mm,,,,,,,,ASTM A106 Gr.B; API 5L,API 5L; 6 in; ASTM A106 Gr.B,black,,,seamless,,,Bharat Industrial Works,BHA-320-97,MTR,12,True,material_grade: 'ASTM A106 Gr.B' vs 'ASTM A106 GR.B'; material_grade: 'ASTM A106 Gr.B' vs 'A106',COATING_FROM_STRUCTURED_FIELD; CONSTRUCTION_SEAMLESS; FAMILY_PIPE; GRADE_FROM_STRUCTURED_FIELD; LENGTH_FROM_FIELD; MANUFACTURER_FROM_FIELD; PART_NO_FROM_FIELD; SIZE_INCH; STANDARD_FROM_SPECIFICATION; TYPE_FROM_MATERIAL_TYPE; UNIT_FROM_FIELD,description; specification; structured_field
CPCL-913329,CPCL,HEXAGONAL NUT M10 ZINC PLATED,hexagonal nut m10 zinc plated,Fasteners,Nut,IS 1364; M10; Zinc Plated,Carbon Steel,M10,,,Zinc Plated,NOS,fastener,nut,hex,carbon steel,Carbon Steel,M10,,,,,,,,,,IS 1364,IS 1364; M10; Zinc Plated,zinc plated,,,,,,Larsen Engineering,LAR-404-54,NOS,12,False,,COATING_FROM_STRUCTURED_FIELD; FAMILY_FASTENER; GRADE_FROM_STRUCTURED_FIELD; MANUFACTURER_FROM_FIELD; MATERIAL_CARBON_STEEL; PART_NO_FROM_FIELD; SIZE_METRIC_BOLT; STANDARD_FROM_SPECIFICATION; SUBTYPE_HEX; TYPE_FROM_MATERIAL_TYPE; UNIT_FROM_FIELD,description; specification; structured_field
ONGC-178737,ONGC,SAFETY VALVE 3 in,safety valve 3 in,Safety,Safety Valve,API 526; 3 in; SS 316,SS 316,3 in,,,SS,NOS,safety,safety valve,,stainless steel,SS 316,3 in,,,,,,,,,,API 526,API 526; 3 in; SS 316,stainless steel,,,,,,Hindustan Mechanical,HIN-475-14,NOS,11,True,material_family: 'safety' vs 'valve',COATING_FROM_STRUCTURED_FIELD; FAMILY_SAFETY; GRADE_FROM_STRUCTURED_FIELD; MANUFACTURER_FROM_FIELD; MATERIAL_STAINLESS_STEEL; PART_NO_FROM_FIELD; SIZE_INCH; STANDARD_FROM_SPECIFICATION; TYPE_SAFETY_VALVE; UNIT_FROM_FIELD,description; specification; structured_field
CPCL-729814,CPCL,PRESSURE SAFETY VALVE 4 in,pressure safety valve 4 in,Safety,Safety Valve,API 526; 4 in; SS 316,SS 316,4 in,,,SS,NOS,safety,safety valve,,stainless steel,SS 316,4 in,,,,,,,,,,API 526,API 526; 4 in; SS 316,stainless steel,,,,,,Hindustan Mechanical,HIN-508-68,NOS,11,True,material_family: 'safety' vs 'valve',COATING_FROM_STRUCTURED_FIELD; FAMILY_SAFETY; GRADE_FROM_STRUCTURED_FIELD; MANUFACTURER_FROM_FIELD; MATERIAL_STAINLESS_STEEL; PART_NO_FROM_FIELD; SIZE_INCH; STANDARD_FROM_SPECIFICATION; TYPE_SAFETY_VALVE; UNIT_FROM_FIELD,description; specification; structured_field
ONGC-921640,ONGC,90 DEGREE ELBOW 3 in ASME B16.9,90 degree elbow 3 in asme b16.9,Pipes & Fittings,Elbow,ASME B16.9; 3 in; ASTM A234 WPB,ASTM A234 WPB,3 in,,,Bare,MTR,pipe/fitting,elbow,,,ASTM A234 WPB,3 in,,,,,,,,,90°,ASTM A234; ASME B16.9,ASME B16.9; 3 in; ASTM A234 WPB,bare,,,,,,ABC Industrial Products,ABC-312-62,MTR,11,False,,COATING_FROM_STRUCTURED_FIELD; ELBOW_ANGLE; FAMILY_FITTING; GRADE_FROM_STRUCTURED_FIELD; MANUFACTURER_FROM_FIELD; PART_NO_FROM_FIELD; SIZE_INCH; STANDARD_FROM_SPECIFICATION; TYPE_FROM_MATERIAL_TYPE; UNIT_FROM_FIELD,description; specification; structured_field
CPCL-916873,CPCL,HYD HOSE 1-1/2 in 1000 MM,hyd hose 1-1/2 in 1000 mm,Hoses,Hydraulic Hose,SAE 100 R2; 1-1/2 in; 1000 mm,Synthetic Rubber,1-1/2 in,1000 mm,,Rubber,MTR,hose,hydraulic hose,,synthetic rubber,Synthetic Rubber,1-1/2 in,,1000 mm,,,,,,,,SAE 100 R2,SAE 100 R2; 1-1/2 in; 1000 mm,rubber,,,,,,Prime Electricals,PRI-551-64,MTR,12,False,,COATING_FROM_STRUCTURED_FIELD; FAMILY_HOSE; GRADE_FROM_STRUCTURED_FIELD; LENGTH_FROM_FIELD; MANUFACTURER_FROM_FIELD; MATERIAL_SYNTHETIC_RUBBER; PART_NO_FROM_FIELD; SIZE_FRACTION_INCH; STANDARD_FROM_SPECIFICATION; TYPE_FROM_MATERIAL_TYPE; UNIT_FROM_FIELD,description; specification; structured_field
HPCL-405739,HPCL,90 DEGREE ELBOW 3 in ASME B16.9,90 degree elbow 3 in asme b16.9,Pipes & Fittings,Elbow,ASME B16.9; 3 in; ASTM A234 WPB,ASTM A234 WPB,3 in,,,Bare,MTR,pipe/fitting,elbow,,,ASTM A234 WPB,3 in,,,,,,,,,90°,ASTM A234; ASME B16.9,ASME B16.9; 3 in; ASTM A234 WPB,bare,,,,,,Larsen Engineering,LAR-858-86,MTR,11,False,,COATING_FROM_STRUCTURED_FIELD; ELBOW_ANGLE; FAMILY_FITTING; GRADE_FROM_STRUCTURED_FIELD; MANUFACTURER_FROM_FIELD; PART_NO_FROM_FIELD; SIZE_INCH; STANDARD_FROM_SPECIFICATION; TYPE_FROM_MATERIAL_TYPE; UNIT_FROM_FIELD,description; specification; structured_field
CPCL-459781,CPCL,SEAMLESS STEEL PIPE 2 in ASTM A106 Gr.B,seamless steel pipe 2 in astm a106 gr.b,Pipes & Fittings,Pipe,API 5L; 2 in; ASTM A106 Gr.B,ASTM A106 Gr.B,2 in,3000 mm,,Bare,MTR,pipe/fitting,pipe,,,ASTM A106 Gr.B,2 in,,3000 mm,,,,,,,,ASTM A106 Gr.B; API 5L,API 5L; 2 in; ASTM A106 Gr.B,bare,,,seamless,,,Prime Electricals,PRI-694-49,MTR,12,True,material_grade: 'ASTM A106 Gr.B' vs 'ASTM A106 GR.B'; material_grade: 'ASTM A106 Gr.B' vs 'A106',COATING_FROM_STRUCTURED_FIELD; CONSTRUCTION_SEAMLESS; FAMILY_PIPE; GRADE_FROM_STRUCTURED_FIELD; LENGTH_FROM_FIELD; MANUFACTURER_FROM_FIELD; PART_NO_FROM_FIELD; SIZE_INCH; STANDARD_FROM_SPECIFICATION; TYPE_FROM_MATERIAL_TYPE; UNIT_FROM_FIELD,description; specification; structured_field
CPCL-360646,CPCL,BOURDON PRESSURE GAUGE 0-40 bar,bourdon pressure gauge 0-40 bar,Instrumentation,Pressure Gauge,EN 837-1; Range 0-40 bar,SS 304,0-40 bar,,,SS,NOS,instrumentation,pressure gauge,,stainless steel,SS 304,0-40 bar,,,,,,,,,,EN 837-1,EN 837-1; Range 0-40 bar,stainless steel,,,,,,National Bearing Works,NAT-673-97,NOS,11,False,,COATING_FROM_STRUCTURED_FIELD; FAMILY_INSTRUMENTATION; GRADE_FROM_STRUCTURED_FIELD; MANUFACTURER_FROM_FIELD; MATERIAL_STAINLESS_STEEL; PART_NO_FROM_FIELD; SIZE_PRESSURE_RANGE; STANDARD_FROM_SPECIFICATION; TYPE_FROM_MATERIAL_TYPE; UNIT_FROM_FIELD,description; specification; structured_field
CPCL-663240,CPCL,FLOATING BALL VALVE 3 in,floating ball valve 3 in,Valves,Ball Valve,API 608; 3 in; SS 316,SS 316,3 in,,,SS,NOS,valve,ball valve,,stainless steel,SS 316,3 in,,,,,,,,,,API 608,API 608; 3 in; SS 316,stainless steel,,,floating,,,Apex Industrial Systems,APE-214-86,NOS,12,False,,COATING_FROM_STRUCTURED_FIELD; CONSTRUCTION_FLOATING; FAMILY_VALVE; GRADE_FROM_STRUCTURED_FIELD; MANUFACTURER_FROM_FIELD; MATERIAL_STAINLESS_STEEL; PART_NO_FROM_FIELD; SIZE_INCH; STANDARD_FROM_SPECIFICATION; TYPE_BALL_VALVE; UNIT_FROM_FIELD,description; specification; structured_field
HPCL-526807,HPCL,GLOBE VALVE 3 in API 623,globe valve 3 in api 623,Valves,Globe Valve,API 623; 3 in; ASTM A216 WCB,ASTM A216 WCB,3 in,,,Painted,NOS,valve,globe valve,,,ASTM A216 WCB,3 in,,,,,,,,,,ASTM A216 WCB; API 623,API 623; 3 in; ASTM A216 WCB,painted,,,,,,Metro Pumps & Valves,MET-607-10,NOS,10,False,,COATING_FROM_STRUCTURED_FIELD; FAMILY_VALVE; GRADE_FROM_STRUCTURED_FIELD; MANUFACTURER_FROM_FIELD; PART_NO_FROM_FIELD; SIZE_INCH; STANDARD_FROM_SPECIFICATION; TYPE_GLOBE_VALVE; UNIT_FROM_FIELD,description; specification; structured_field
CPCL-293428,CPCL,SEAMLESS STEEL PIPE 2 in ASTM A106 Gr.B,seamless steel pipe 2 in astm a106 gr.b,Pipes & Fittings,Pipe,API 5L; 2 in; ASTM A106 Gr.B,ASTM A106 Gr.B,2 in,3000 mm,,Bare,MTR,pipe/fitting,pipe,,,ASTM A106 Gr.B,2 in,,3000 mm,,,,,,,,ASTM A106 Gr.B; API 5L,API 5L; 2 in; ASTM A106 Gr.B,bare,,,seamless,,,Eastern Cables,EAS-604-34,MTR,12,True,material_grade: 'ASTM A106 Gr.B' vs 'ASTM A106 GR.B'; material_grade: 'ASTM A106 Gr.B' vs 'A106',COATING_FROM_STRUCTURED_FIELD; CONSTRUCTION_SEAMLESS; FAMILY_PIPE; GRADE_FROM_STRUCTURED_FIELD; LENGTH_FROM_FIELD; MANUFACTURER_FROM_FIELD; PART_NO_FROM_FIELD; SIZE_INCH; STANDARD_FROM_SPECIFICATION; TYPE_FROM_MATERIAL_TYPE; UNIT_FROM_FIELD,description; specification; structured_field
IOCL-914550,IOCL,PT100 RTD 3-wire 150,pt100 rtd 3-wire 150,Instrumentation,Temperature Sensor,IEC 60751; 3-wire; 150 mm,Pt100,3-wire,150 mm,6 mm,SS,NOS,instrumentation,temperature sensor,,,Pt100,3-wire,,150 mm,,,6 mm,,,,,IEC 60751,IEC 60751; 3-wire; 150 mm,stainless steel,,,,,,Bharat Industrial Works,BHA-802-16,NOS,12,False,,COATING_FROM_STRUCTURED_FIELD; DIAMETER_FROM_FIELD; FAMILY_INSTRUMENTATION; GRADE_FROM_STRUCTURED_FIELD; LENGTH_FROM_FIELD; MANUFACTURER_FROM_FIELD; PART_NO_FROM_FIELD; SIZE_FROM_STRUCTURED_FIELD; STANDARD_FROM_SPECIFICATION; TYPE_FROM_MATERIAL_TYPE; UNIT_FROM_FIELD,specification; structured_field
IOCL-357265,IOCL,GATE VALVE 4 in API 600,gate valve 4 in api 600,Valves,Gate Valve,API 600; 4 in; ASTM A216 WCB,ASTM A216 WCB,4 in,,,Painted,NOS,valve,gate valve,,,ASTM A216 WCB,4 in,,,,,,,,,,ASTM A216 WCB; API 600,API 600; 4 in; ASTM A216 WCB,painted,,,,,,Apex Industrial Systems,APE-571-80,NOS,10,False,,COATING_FROM_STRUCTURED_FIELD; FAMILY_VALVE; GRADE_FROM_STRUCTURED_FIELD; MANUFACTURER_FROM_FIELD; PART_NO_FROM_FIELD; SIZE_INCH; STANDARD_FROM_SPECIFICATION; TYPE_GATE_VALVE; UNIT_FROM_FIELD,description; specification; structured_field
IOCL-331383,IOCL,RTD PT100 3-wire 150 MM,rtd pt100 3-wire 150 mm,Instrumentation,Temperature Sensor,IEC 60751; 3-wire; 150 mm,Pt100,3-wire,150 mm,6 mm,SS,NOS,instrumentation,temperature sensor,,,Pt100,3-wire,,150 mm,,,6 mm,,,,,IEC 60751,IEC 60751; 3-wire; 150 mm,stainless steel,,,,,,Hindustan Mechanical,HIN-419-98,NOS,12,True,size: '3-wire' vs '150 mm',COATING_FROM_STRUCTURED_FIELD; DIAMETER_FROM_FIELD; FAMILY_INSTRUMENTATION; GRADE_FROM_STRUCTURED_FIELD; LENGTH_FROM_FIELD; MANUFACTURER_FROM_FIELD; PART_NO_FROM_FIELD; SIZE_FROM_STRUCTURED_FIELD; STANDARD_FROM_SPECIFICATION; TYPE_FROM_MATERIAL_TYPE; UNIT_FROM_FIELD,specification; structured_field
ONGC-461190,ONGC,RTD PT100 4-wire 300 MM,rtd pt100 4-wire 300 mm,Instrumentation,Temperature Sensor,IEC 60751; 4-wire; 300 mm,Pt100,4-wire,300 mm,10 mm,SS,NOS,instrumentation,temperature sensor,,,Pt100,4-wire,,300 mm,,,10 mm,,,,,IEC 60751,IEC 60751; 4-wire; 300 mm,stainless steel,,,,,,Precision Fasteners,PRE-612-61,NOS,12,True,size: '4-wire' vs '300 mm',COATING_FROM_STRUCTURED_FIELD; DIAMETER_FROM_FIELD; FAMILY_INSTRUMENTATION; GRADE_FROM_STRUCTURED_FIELD; LENGTH_FROM_FIELD; MANUFACTURER_FROM_FIELD; PART_NO_FROM_FIELD; SIZE_FROM_STRUCTURED_FIELD; STANDARD_FROM_SPECIFICATION; TYPE_FROM_MATERIAL_TYPE; UNIT_FROM_FIELD,specification; structured_field
IOCL-569225,IOCL,GATE VALVE FLANGED 6 in ASTM A216 WCB,gate valve flanged 6 in astm a216 wcb,Valves,Gate Valve,API 600; 6 in; ASTM A216 WCB,ASTM A216 WCB,6 in,,,Painted,NOS,valve,gate valve,,,ASTM A216 WCB,6 in,,,,,,,,,,ASTM A216 WCB; API 600,API 600; 6 in; ASTM A216 WCB,painted,flanged,,,,,ABC Industrial Products,ABC-384-92,NOS,11,True,material_grade: 'ASTM A216 WCB' vs 'WCB',COATING_FROM_STRUCTURED_FIELD; CONNECTION_FLANGED; FAMILY_VALVE; GRADE_A105; MANUFACTURER_FROM_FIELD; PART_NO_FROM_FIELD; SIZE_INCH; STANDARD_FROM_SPECIFICATION; TYPE_GATE_VALVE; UNIT_FROM_FIELD,description; specification; structured_field
HPCL-563481,HPCL,CARTRIDGE FUSE 16 A,cartridge fuse 16 a,Electrical,Fuse,IS 13703; 16 A,Ceramic,16 A,,,,MTR,electrical,fuse,,,Ceramic,16 A,,,,,,,,,,IS 13703,IS 13703; 16 A,,,,,,,Larsen Engineering,LAR-558-10,MTR,9,False,,FAMILY_ELECTRICAL; GRADE_FROM_STRUCTURED_FIELD; MANUFACTURER_FROM_FIELD; PART_NO_FROM_FIELD; SIZE_FROM_STRUCTURED_FIELD; STANDARD_FROM_SPECIFICATION; TYPE_FROM_MATERIAL_TYPE; UNIT_FROM_FIELD,description; specification; structured_field
HPCL-647690,HPCL,WELD NECK FLANGE 1 in ASTM A105,weld neck flange 1 in astm a105,Pipes & Fittings,Flange,ASME B16.5; 1 in; ASTM A105,ASTM A105,1 in,,,Bare,MTR,flange,weld neck flange,,,ASTM A105,1 in,,,,,,,,,,ASTM A105; ASME B16.5,ASME B16.5; 1 in; ASTM A105,bare,weld neck,,,,,National Bearing Works,NAT-709-92,MTR,11,True,material_grade: 'ASTM A105' vs 'A105',COATING_FROM_STRUCTURED_FIELD; CONNECTION_WELD_NECK; FAMILY_FLANGE; GRADE_A105; MANUFACTURER_FROM_FIELD; PART_NO_FROM_FIELD; SIZE_INCH; STANDARD_FROM_SPECIFICATION; TYPE_WELDNECK_FLANGE; UNIT_FROM_FIELD,description; specification; structured_field
CPCL-916032,CPCL,PT100 RTD 3-wire 150,pt100 rtd 3-wire 150,Instrumentation,Temperature Sensor,IEC 60751; 3-wire; 150 mm,Pt100,3-wire,150 mm,6 mm,SS,NOS,instrumentation,temperature sensor,,,Pt100,3-wire,,150 mm,,,6 mm,,,,,IEC 60751,IEC 60751; 3-wire; 150 mm,stainless steel,,,,,,Larsen Engineering,LAR-701-17,NOS,12,False,,COATING_FROM_STRUCTURED_FIELD; DIAMETER_FROM_FIELD; FAMILY_INSTRUMENTATION; GRADE_FROM_STRUCTURED_FIELD; LENGTH_FROM_FIELD; MANUFACTURER_FROM_FIELD; PART_NO_FROM_FIELD; SIZE_FROM_STRUCTURED_FIELD; STANDARD_FROM_SPECIFICATION; TYPE_FROM_MATERIAL_TYPE; UNIT_FROM_FIELD,specification; structured_field
CPCL-352241,CPCL,RTD PT100 3-wire 300 MM,rtd pt100 3-wire 300 mm,Instrumentation,Temperature Sensor,IEC 60751; 3-wire; 300 mm,Pt100,3-wire,300 mm,10 mm,SS,NOS,instrumentation,temperature sensor,,,Pt100,3-wire,,300 mm,,,10 mm,,,,,IEC 60751,IEC 60751; 3-wire; 300 mm,stainless steel,,,,,,Precision Fasteners,PRE-632-34,NOS,12,True,size: '3-wire' vs '300 mm',COATING_FROM_STRUCTURED_FIELD; DIAMETER_FROM_FIELD; FAMILY_INSTRUMENTATION; GRADE_FROM_STRUCTURED_FIELD; LENGTH_FROM_FIELD; MANUFACTURER_FROM_FIELD; PART_NO_FROM_FIELD; SIZE_FROM_STRUCTURED_FIELD; STANDARD_FROM_SPECIFICATION; TYPE_FROM_MATERIAL_TYPE; UNIT_FROM_FIELD,specification; structured_field
ONGC-270550,ONGC,INDUSTRIAL GEAR LUBRICANT EP 90,industrial gear lubricant ep 90,Lubricants,Lubricant,IS 10522; EP 90,Mineral Oil,EP 90,,,,LTR,lubricant,lubricant,,mineral oil,Mineral Oil,EP 90,,,,,,,,,,IS 10522,IS 10522; EP 90,,,,,,,Metro Pumps & Valves,MET-678-37,LTR,10,False,,FAMILY_LUBRICANT; GRADE_FROM_STRUCTURED_FIELD; MANUFACTURER_FROM_FIELD; MATERIAL_MINERAL_OIL; PART_NO_FROM_FIELD; SIZE_VG_ISO_LUBE; STANDARD_FROM_SPECIFICATION; TYPE_FROM_MATERIAL_TYPE; UNIT_FROM_FIELD,description; specification; structured_field
IOCL-541163,IOCL,BALL BEARING 6202,ball bearing 6202,Bearings,Ball Bearing,ISO 15; Bearing 6202,Chrome Steel,6202,,,,NOS,bearing,ball bearing,,chrome steel,Chrome Steel,6202,,,,,,,,,,ISO 15,ISO 15; Bearing 6202,,,,,,6202,Hindustan Mechanical,HIN-898-51,NOS,11,False,,BEARING_NUMBER; FAMILY_BEARING; GRADE_FROM_STRUCTURED_FIELD; MANUFACTURER_FROM_FIELD; MATERIAL_CHROME_STEEL; PART_NO_FROM_FIELD; SIZE_FROM_STRUCTURED_FIELD; STANDARD_FROM_SPECIFICATION; TYPE_BALL_BEARING; UNIT_FROM_FIELD,description; specification; structured_field
HPCL-902926,HPCL,GLOBE VALVE FLANGED 3 in ASTM A216 WCB,globe valve flanged 3 in astm a216 wcb,Valves,Globe Valve,API 623; 3 in; ASTM A216 WCB,ASTM A216 WCB,3 in,,,Painted,NOS,valve,globe valve,,,ASTM A216 WCB,3 in,,,,,,,,,,ASTM A216 WCB; API 623,API 623; 3 in; ASTM A216 WCB,painted,flanged,,,,,Prime Electricals,PRI-695-20,NOS,11,True,material_grade: 'ASTM A216 WCB' vs 'WCB',COATING_FROM_STRUCTURED_FIELD; CONNECTION_FLANGED; FAMILY_VALVE; GRADE_A105; MANUFACTURER_FROM_FIELD; PART_NO_FROM_FIELD; SIZE_INCH; STANDARD_FROM_SPECIFICATION; TYPE_GLOBE_VALVE; UNIT_FROM_FIELD,description; specification; structured_field
CPCL-758288,CPCL,PRESSURE RELIEF VALVE 4 in SS 316,pressure relief valve 4 in stainless steel 316,Safety,Safety Valve,API 526; 4 in; SS 316,SS 316,4 in,,,SS,NOS,safety,safety valve,,stainless steel,SS 316,4 in,,,,,,,,,,API 526,API 526; 4 in; SS 316,stainless steel,,,,,,National Bearing Works,NAT-140-63,NOS,11,False,,COATING_FROM_STRUCTURED_FIELD; FAMILY_SAFETY; GRADE_SS316; MANUFACTURER_FROM_FIELD; MATERIAL_STAINLESS_STEEL; PART_NO_FROM_FIELD; SIZE_INCH; STANDARD_FROM_SPECIFICATION; TYPE_SAFETY_VALVE; UNIT_FROM_FIELD,description; specification; structured_field
HPCL-545788,HPCL,FLANGE 2 in ASTM A105,flange 2 in astm a105,Pipes & Fittings,Flange,ASME B16.5; 2 in; ASTM A105,ASTM A105,2 in,,,Bare,MTR,pipe/fitting,flange,,,ASTM A105,2 in,,,,,,,,,,ASTM A105; ASME B16.5,ASME B16.5; 2 in; ASTM A105,bare,,,,,,Prime Electricals,PRI-311-43,MTR,10,True,material_grade: 'ASTM A105' vs 'A105',COATING_FROM_STRUCTURED_FIELD; FAMILY_PIPE; GRADE_A105; MANUFACTURER_FROM_FIELD; PART_NO_FROM_FIELD; SIZE_INCH; STANDARD_FROM_SPECIFICATION; TYPE_FROM_MATERIAL_TYPE; UNIT_FROM_FIELD,description; specification; structured_field
CPCL-321424,CPCL,FLANGE 4 in ASTM A105,flange 4 in astm a105,Pipes & Fittings,Flange,ASME B16.5; 4 in; ASTM A105,ASTM A105,4 in,,,Bare,MTR,pipe/fitting,flange,,,ASTM A105,4 in,,,,,,,,,,ASTM A105; ASME B16.5,ASME B16.5; 4 in; ASTM A105,bare,,,,,,ABC Industrial Products,ABC-968-79,MTR,10,True,material_grade: 'ASTM A105' vs 'A105',COATING_FROM_STRUCTURED_FIELD; FAMILY_PIPE; GRADE_A105; MANUFACTURER_FROM_FIELD; PART_NO_FROM_FIELD; SIZE_INCH; STANDARD_FROM_SPECIFICATION; TYPE_FROM_MATERIAL_TYPE; UNIT_FROM_FIELD,description; specification; structured_field
HPCL-842977,HPCL,GLOBE VALVE 4 in API 623,globe valve 4 in api 623,Valves,Globe Valve,API 623; 4 in; ASTM A216 WCB,ASTM A216 WCB,4 in,,,Painted,NOS,valve,globe valve,,,ASTM A216 WCB,4 in,,,,,,,,,,ASTM A216 WCB; API 623,API 623; 4 in; ASTM A216 WCB,painted,,,,,,Hindustan Mechanical,HIN-399-71,NOS,10,False,,COATING_FROM_STRUCTURED_FIELD; FAMILY_VALVE; GRADE_FROM_STRUCTURED_FIELD; MANUFACTURER_FROM_FIELD; PART_NO_FROM_FIELD; SIZE_INCH; STANDARD_FROM_SPECIFICATION; TYPE_GLOBE_VALVE; UNIT_FROM_FIELD,description; specification; structured_field
HPCL-461203,HPCL,HEX HEAD BOLT M10 X 50 ZINC PLATED,hexagonal head bolt m10 x 50 zinc plated,Fasteners,Bolt,IS 1363; M12 x 50 mm; Zinc Plated,Carbon Steel,M12,50 mm,10 mm,Zinc Plated,NOS,fastener,bolt,,carbon steel,Carbon Steel,M12,,50 mm,,,10 mm,,,,,IS 1363,IS 1363; M12 x 50 mm; Zinc Plated,zinc plated,,,,,,Eastern Cables,EAS-732-30,NOS,13,True,size: 'M12' vs 'M10',COATING_FROM_STRUCTURED_FIELD; DIAMETER_FROM_FIELD; FAMILY_FASTENER; GRADE_FROM_STRUCTURED_FIELD; LENGTH_FROM_FIELD; MANUFACTURER_FROM_FIELD; MATERIAL_CARBON_STEEL; PART_NO_FROM_FIELD; SIZE_FROM_STRUCTURED_FIELD; STANDARD_FROM_SPECIFICATION; TYPE_FROM_MATERIAL_TYPE; UNIT_FROM_FIELD,description; specification; structured_field
ONGC-246461,ONGC,ELBOW 6 in ASTM A234 WPB,elbow 6 in astm a234 wpb,Pipes & Fittings,Elbow,ASME B16.9; 6 in; ASTM A234 WPB,ASTM A234 WPB,6 in,,,Bare,MTR,pipe/fitting,elbow,,,ASTM A234 WPB,6 in,,,,,,,,,,ASTM A234; ASME B16.9,ASME B16.9; 6 in; ASTM A234 WPB,bare,,,,,,Metro Pumps & Valves,MET-208-24,MTR,10,True,material_grade: 'ASTM A234 WPB' vs 'ASTM A234'; material_grade: 'ASTM A234 WPB' vs 'WPB',COATING_FROM_STRUCTURED_FIELD; FAMILY_FITTING; GRADE_FROM_STRUCTURED_FIELD; MANUFACTURER_FROM_FIELD; PART_NO_FROM_FIELD; SIZE_INCH; STANDARD_FROM_SPECIFICATION; TYPE_FROM_MATERIAL_TYPE; UNIT_FROM_FIELD,description; specification; structured_field
HPCL-215641,HPCL,RTD PT100 4-wire 500 MM,rtd pt100 4-wire 500 mm,Instrumentation,Temperature Sensor,IEC 60751; 4-wire; 500 mm,Pt100,4-wire,500 mm,8 mm,SS,NOS,instrumentation,temperature sensor,,,Pt100,4-wire,,500 mm,,,8 mm,,,,,IEC 60751,IEC 60751; 4-wire; 500 mm,stainless steel,,,,,,Eastern Cables,EAS-552-55,NOS,12,True,size: '4-wire' vs '500 mm',COATING_FROM_STRUCTURED_FIELD; DIAMETER_FROM_FIELD; FAMILY_INSTRUMENTATION; GRADE_FROM_STRUCTURED_FIELD; LENGTH_FROM_FIELD; MANUFACTURER_FROM_FIELD; PART_NO_FROM_FIELD; SIZE_FROM_STRUCTURED_FIELD; STANDARD_FROM_SPECIFICATION; TYPE_FROM_MATERIAL_TYPE; UNIT_FROM_FIELD,specification; structured_field
HPCL-970715,HPCL,DEEP GROOVE BEARING 6203,deep groove bearing 6203,Bearings,Ball Bearing,ISO 15; Bearing 6203,Chrome Steel,6203,,,,NOS,bearing,ball bearing,deep groove,chrome steel,Chrome Steel,6203,,,,,,,,,,ISO 15,ISO 15; Bearing 6203,,,,,,6203,Shree Valves & Fittings,SHR-577-86,NOS,12,False,,BEARING_NUMBER; FAMILY_BEARING; GRADE_FROM_STRUCTURED_FIELD; MANUFACTURER_FROM_FIELD; MATERIAL_CHROME_STEEL; PART_NO_FROM_FIELD; SIZE_FROM_STRUCTURED_FIELD; STANDARD_FROM_SPECIFICATION; SUBTYPE_DEEP_GROOVE; TYPE_BALL_BEARING; UNIT_FROM_FIELD,description; specification; structured_field
ONGC-750073,ONGC,HEXAGONAL NUT M8 GALVANIZED,hexagonal nut m8 galvanized,Fasteners,Nut,IS 1364; M8; Galvanized,Carbon Steel,M8,,,Galvanized,NOS,fastener,nut,hex,carbon steel,Carbon Steel,M8,,,,,,,,,,IS 1364,IS 1364; M8; Galvanized,galvanized,,,,,,Metro Pumps & Valves,MET-124-77,NOS,12,False,,COATING_FROM_STRUCTURED_FIELD; FAMILY_FASTENER; GRADE_FROM_STRUCTURED_FIELD; MANUFACTURER_FROM_FIELD; MATERIAL_CARBON_STEEL; PART_NO_FROM_FIELD; SIZE_METRIC_BOLT; STANDARD_FROM_SPECIFICATION; SUBTYPE_HEX; TYPE_FROM_MATERIAL_TYPE; UNIT_FROM_FIELD,description; specification; structured_field
IOCL-444710,IOCL,XLPE CABLE 4 sq mm,xlpe cable 4 sq mm,Electrical,Cable,IS 7098; 4 sq mm; 1000 m,XLPE Copper,4 sq mm,1000 mm,,PVC,MTR,electrical,cable,,xlpe,XLPE Copper,4 sq mm,,1000 mm,,,,,,,,IS 7098,IS 7098; 4 sq mm; 1000 m,pvc,,,,,,Apex Industrial Systems,APE-527-22,MTR,12,False,,COATING_FROM_STRUCTURED_FIELD; FAMILY_ELECTRICAL; GRADE_FROM_STRUCTURED_FIELD; LENGTH_FROM_FIELD; MANUFACTURER_FROM_FIELD; MATERIAL_XLPE; PART_NO_FROM_FIELD; SIZE_SQMM_CABLE; STANDARD_FROM_SPECIFICATION; TYPE_FROM_MATERIAL_TYPE; UNIT_FROM_FIELD,description; specification; structured_field
IOCL-265182,IOCL,FLANGE 6 in ASTM A105,flange 6 in astm a105,Pipes & Fittings,Flange,ASME B16.5; 6 in; ASTM A105,ASTM A105,6 in,,,Bare,MTR,pipe/fitting,flange,,,ASTM A105,6 in,,,,,,,,,,ASTM A105; ASME B16.5,ASME B16.5; 6 in; ASTM A105,bare,,,,,,National Bearing Works,NAT-686-82,MTR,10,True,material_grade: 'ASTM A105' vs 'A105',COATING_FROM_STRUCTURED_FIELD; FAMILY_PIPE; GRADE_A105; MANUFACTURER_FROM_FIELD; PART_NO_FROM_FIELD; SIZE_INCH; STANDARD_FROM_SPECIFICATION; TYPE_FROM_MATERIAL_TYPE; UNIT_FROM_FIELD,description; specification; structured_field
CPCL-701530,CPCL,FLOATING BALL VALVE 1/2 in,floating ball valve 1/2 in,Valves,Ball Valve,API 608; 1/2 in; SS 316,SS 316,1/2 in,,,SS,NOS,valve,ball valve,,stainless steel,SS 316,1/2 in,,,,,,,,,,API 608,API 608; 1/2 in; SS 316,stainless steel,,,floating,,,ABC Industrial Products,ABC-359-66,NOS,12,False,,COATING_FROM_STRUCTURED_FIELD; CONSTRUCTION_FLOATING; FAMILY_VALVE; GRADE_FROM_STRUCTURED_FIELD; MANUFACTURER_FROM_FIELD; MATERIAL_STAINLESS_STEEL; PART_NO_FROM_FIELD; SIZE_FRACTION_INCH; STANDARD_FROM_SPECIFICATION; TYPE_BALL_VALVE; UNIT_FROM_FIELD,description; specification; structured_field
ONGC-520417,ONGC,BALL VALVE 4 in API 608,ball valve 4 in api 608,Valves,Ball Valve,API 608; 4 in; SS 316,SS 316,4 in,,,SS,NOS,valve,ball valve,,stainless steel,SS 316,4 in,,,,,,,,,,API 608,API 608; 4 in; SS 316,stainless steel,,,,,,Metro Pumps & Valves,MET-563-68,NOS,11,False,,COATING_FROM_STRUCTURED_FIELD; FAMILY_VALVE; GRADE_FROM_STRUCTURED_FIELD; MANUFACTURER_FROM_FIELD; MATERIAL_STAINLESS_STEEL; PART_NO_FROM_FIELD; SIZE_INCH; STANDARD_FROM_SPECIFICATION; TYPE_BALL_VALVE; UNIT_FROM_FIELD,description; specification; structured_field
ONGC-501057,ONGC,WELD NECK FLANGE 6 in ASME B16.5,weld neck flange 6 in asme b16.5,Pipes & Fittings,Flange,ASME B16.5; 6 in; ASTM A105,ASTM A105,6 in,,,Bare,MTR,flange,weld neck flange,,,ASTM A105,6 in,,,,,,,,,,ASTM A105; ASME B16.5,ASME B16.5; 6 in; ASTM A105,bare,weld neck,,,,,Eastern Cables,EAS-168-26,MTR,11,False,,COATING_FROM_STRUCTURED_FIELD; CONNECTION_WELD_NECK; FAMILY_FLANGE; GRADE_FROM_STRUCTURED_FIELD; MANUFACTURER_FROM_FIELD; PART_NO_FROM_FIELD; SIZE_INCH; STANDARD_FROM_SPECIFICATION; TYPE_WELDNECK_FLANGE; UNIT_FROM_FIELD,description; specification; structured_field
HPCL-346825,HPCL,PIPE 1 in ASTM A106 Gr.B,pipe 1 in astm a106 gr.b,Pipes & Fittings,Pipe,API 5L; 1 in; ASTM A106 Gr.B,ASTM A106 Gr.B,1 in,6000 mm,,Black,MTR,pipe/fitting,pipe,,,ASTM A106 Gr.B,1 in,,6000 mm,,,,,,,,ASTM A106 Gr.B; API 5L,API 5L; 1 in; ASTM A106 Gr.B,black,,,,,,Bharat Industrial Works,BHA-565-33,MTR,11,True,material_grade: 'ASTM A106 Gr.B' vs 'ASTM A106 GR.B'; material_grade: 'ASTM A106 Gr.B' vs 'A106',COATING_FROM_STRUCTURED_FIELD; FAMILY_PIPE; GRADE_FROM_STRUCTURED_FIELD; LENGTH_FROM_FIELD; MANUFACTURER_FROM_FIELD; PART_NO_FROM_FIELD; SIZE_INCH; STANDARD_FROM_SPECIFICATION; TYPE_FROM_MATERIAL_TYPE; UNIT_FROM_FIELD,description; specification; structured_field
ONGC-521920,ONGC,BOURDON PRESSURE GAUGE 0-25 bar,bourdon pressure gauge 0-25 bar,Instrumentation,Pressure Gauge,EN 837-1; Range 0-25 bar,SS 304,0-25 bar,,,SS,NOS,instrumentation,pressure gauge,,stainless steel,SS 304,0-25 bar,,,,,,,,,,EN 837-1,EN 837-1; Range 0-25 bar,stainless steel,,,,,,Hindustan Mechanical,HIN-590-22,NOS,11,False,,COATING_FROM_STRUCTURED_FIELD; FAMILY_INSTRUMENTATION; GRADE_FROM_STRUCTURED_FIELD; MANUFACTURER_FROM_FIELD; MATERIAL_STAINLESS_STEEL; PART_NO_FROM_FIELD; SIZE_PRESSURE_RANGE; STANDARD_FROM_SPECIFICATION; TYPE_FROM_MATERIAL_TYPE; UNIT_FROM_FIELD,description; specification; structured_field
IOCL-558229,IOCL,PIPE 3 in ASTM A106 Gr.B,pipe 3 in astm a106 gr.b,Pipes & Fittings,Pipe,API 5L; 3 in; ASTM A106 Gr.B,ASTM A106 Gr.B,3 in,6000 mm,,Black,MTR,pipe/fitting,pipe,,,ASTM A106 Gr.B,3 in,,6000 mm,,,,,,,,ASTM A106 Gr.B; API 5L,API 5L; 3 in; ASTM A106 Gr.B,black,,,,,,Apex Industrial Systems,APE-227-35,MTR,11,True,material_grade: 'ASTM A106 Gr.B' vs 'ASTM A106 GR.B'; material_grade: 'ASTM A106 Gr.B' vs 'A106',COATING_FROM_STRUCTURED_FIELD; FAMILY_PIPE; GRADE_FROM_STRUCTURED_FIELD; LENGTH_FROM_FIELD; MANUFACTURER_FROM_FIELD; PART_NO_FROM_FIELD; SIZE_INCH; STANDARD_FROM_SPECIFICATION; TYPE_FROM_MATERIAL_TYPE; UNIT_FROM_FIELD,description; specification; structured_field
CPCL-879649,CPCL,90 DEGREE ELBOW 6 in ASTM A234 WPB,90 degree elbow 6 in astm a234 wpb,Pipes & Fittings,Elbow,ASME B16.9; 6 in; ASTM A234 WPB,ASTM A234 WPB,6 in,,,Bare,MTR,pipe/fitting,elbow,,,ASTM A234 WPB,6 in,,,,,,,,,90°,ASTM A234; ASME B16.9,ASME B16.9; 6 in; ASTM A234 WPB,bare,,,,,,Shree Valves & Fittings,SHR-516-38,MTR,11,True,material_grade: 'ASTM A234 WPB' vs 'ASTM A234'; material_grade: 'ASTM A234 WPB' vs 'WPB',COATING_FROM_STRUCTURED_FIELD; ELBOW_ANGLE; FAMILY_FITTING; GRADE_FROM_STRUCTURED_FIELD; MANUFACTURER_FROM_FIELD; PART_NO_FROM_FIELD; SIZE_INCH; STANDARD_FROM_SPECIFICATION; TYPE_FROM_MATERIAL_TYPE; UNIT_FROM_FIELD,description; specification; structured_field
CPCL-651324,CPCL,HEX NUT M20 GALVANIZED,hexagonal nut m20 galvanized,Fasteners,Nut,IS 1364; M20; Galvanized,Carbon Steel,M20,,,Galvanized,NOS,fastener,nut,hex,carbon steel,Carbon Steel,M20,,,,,,,,,,IS 1364,IS 1364; M20; Galvanized,galvanized,,,,,,Apex Industrial Systems,APE-854-14,NOS,12,False,,COATING_FROM_STRUCTURED_FIELD; FAMILY_FASTENER; GRADE_FROM_STRUCTURED_FIELD; MANUFACTURER_FROM_FIELD; MATERIAL_CARBON_STEEL; PART_NO_FROM_FIELD; SIZE_METRIC_BOLT; STANDARD_FROM_SPECIFICATION; SUBTYPE_HEX; TYPE_FROM_MATERIAL_TYPE; UNIT_FROM_FIELD,description; specification; structured_field
ONGC-239982,ONGC,HYD HOSE 1 in 1000 MM,hyd hose 1 in 1000 mm,Hoses,Hydraulic Hose,SAE 100 R2; 1 in; 1000 mm,Synthetic Rubber,1 in,1000 mm,,Rubber,MTR,hose,hydraulic hose,,synthetic rubber,Synthetic Rubber,1 in,,1000 mm,,,,,,,,SAE 100 R2,SAE 100 R2; 1 in; 1000 mm,rubber,,,,,,Bharat Industrial Works,BHA-412-20,MTR,12,False,,COATING_FROM_STRUCTURED_FIELD; FAMILY_HOSE; GRADE_FROM_STRUCTURED_FIELD; LENGTH_FROM_FIELD; MANUFACTURER_FROM_FIELD; MATERIAL_SYNTHETIC_RUBBER; PART_NO_FROM_FIELD; SIZE_INCH; STANDARD_FROM_SPECIFICATION; TYPE_FROM_MATERIAL_TYPE; UNIT_FROM_FIELD,description; specification; structured_field
IOCL-754071,IOCL,CARTRIDGE FUSE 32 A,cartridge fuse 32 a,Electrical,Fuse,IS 13703; 32 A,Ceramic,32 A,,,,MTR,electrical,fuse,,,Ceramic,32 A,,,,,,,,,,IS 13703,IS 13703; 32 A,,,,,,,Apex Industrial Systems,APE-666-37,MTR,9,False,,FAMILY_ELECTRICAL; GRADE_FROM_STRUCTURED_FIELD; MANUFACTURER_FROM_FIELD; PART_NO_FROM_FIELD; SIZE_FROM_STRUCTURED_FIELD; STANDARD_FROM_SPECIFICATION; TYPE_FROM_MATERIAL_TYPE; UNIT_FROM_FIELD,description; specification; structured_field
HPCL-362210,HPCL,INDUSTRIAL GEAR LUBRICANT EP 140,industrial gear lubricant ep 140,Lubricants,Lubricant,IS 10522; EP 140,Mineral Oil,EP 140,,,,LTR,lubricant,lubricant,,mineral oil,Mineral Oil,EP 140,,,,,,,,,,IS 10522,IS 10522; EP 140,,,,,,,National Bearing Works,NAT-126-77,LTR,10,False,,FAMILY_LUBRICANT; GRADE_FROM_STRUCTURED_FIELD; MANUFACTURER_FROM_FIELD; MATERIAL_MINERAL_OIL; PART_NO_FROM_FIELD; SIZE_VG_ISO_LUBE; STANDARD_FROM_SPECIFICATION; TYPE_FROM_MATERIAL_TYPE; UNIT_FROM_FIELD,description; specification; structured_field
IOCL-320268,IOCL,90 DEGREE ELBOW 2 in ASME B16.9,90 degree elbow 2 in asme b16.9,Pipes & Fittings,Elbow,ASME B16.9; 2 in; ASTM A234 WPB,ASTM A234 WPB,2 in,,,Bare,MTR,pipe/fitting,elbow,,,ASTM A234 WPB,2 in,,,,,,,,,90°,ASTM A234; ASME B16.9,ASME B16.9; 2 in; ASTM A234 WPB,bare,,,,,,Prime Electricals,PRI-244-46,MTR,11,False,,COATING_FROM_STRUCTURED_FIELD; ELBOW_ANGLE; FAMILY_FITTING; GRADE_FROM_STRUCTURED_FIELD; MANUFACTURER_FROM_FIELD; PART_NO_FROM_FIELD; SIZE_INCH; STANDARD_FROM_SPECIFICATION; TYPE_FROM_MATERIAL_TYPE; UNIT_FROM_FIELD,description; specification; structured_field
IOCL-526302,IOCL,PRESSURE SAFETY VALVE 2 in,pressure safety valve 2 in,Safety,Safety Valve,API 526; 2 in; SS 316,SS 316,2 in,,,SS,NOS,safety,safety valve,,stainless steel,SS 316,2 in,,,,,,,,,,API 526,API 526; 2 in; SS 316,stainless steel,,,,,,Apex Industrial Systems,APE-112-18,NOS,11,True,material_family: 'safety' vs 'valve',COATING_FROM_STRUCTURED_FIELD; FAMILY_SAFETY; GRADE_FROM_STRUCTURED_FIELD; MANUFACTURER_FROM_FIELD; MATERIAL_STAINLESS_STEEL; PART_NO_FROM_FIELD; SIZE_INCH; STANDARD_FROM_SPECIFICATION; TYPE_SAFETY_VALVE; UNIT_FROM_FIELD,description; specification; structured_field
ONGC-223897,ONGC,SPIRAL GASKET 4 in,spiral gasket 4 in,Seals,Gasket,ASME B16.20; 4 in; Graphite/SS 316,Graphite/SS 316,4 in,,,SS,NOS,seal/gasket,gasket,,,Graphite/SS 316,4 in,,,,,,,,,,ASME B16.20,ASME B16.20; 4 in; Graphite/SS 316,stainless steel,,,,,,ABC Industrial Products,ABC-353-61,NOS,10,True,material_type: 'gasket' vs 'spiral wound gasket',COATING_FROM_STRUCTURED_FIELD; FAMILY_SEAL; GRADE_FROM_STRUCTURED_FIELD; MANUFACTURER_FROM_FIELD; PART_NO_FROM_FIELD; SIZE_INCH; STANDARD_FROM_SPECIFICATION; TYPE_FROM_MATERIAL_TYPE; UNIT_FROM_FIELD,description; specification; structured_field
ONGC-181472,ONGC,PRESSURE SAFETY VALVE 4 in,pressure safety valve 4 in,Safety,Safety Valve,API 526; 4 in; SS 316,SS 316,4 in,,,SS,NOS,safety,safety valve,,stainless steel,SS 316,4 in,,,,,,,,,,API 526,API 526; 4 in; SS 316,stainless steel,,,,,,ABC Industrial Products,ABC-181-61,NOS,11,True,material_family: 'safety' vs 'valve',COATING_FROM_STRUCTURED_FIELD; FAMILY_SAFETY; GRADE_FROM_STRUCTURED_FIELD; MANUFACTURER_FROM_FIELD; MATERIAL_STAINLESS_STEEL; PART_NO_FROM_FIELD; SIZE_INCH; STANDARD_FROM_SPECIFICATION; TYPE_SAFETY_VALVE; UNIT_FROM_FIELD,description; specification; structured_field
ONGC-855482,ONGC,CARTRIDGE FUSE 16 A,cartridge fuse 16 a,Electrical,Fuse,IS 13703; 16 A,Ceramic,16 A,,,,MTR,electrical,fuse,,,Ceramic,16 A,,,,,,,,,,IS 13703,IS 13703; 16 A,,,,,,,Hindustan Mechanical,HIN-448-45,MTR,9,False,,FAMILY_ELECTRICAL; GRADE_FROM_STRUCTURED_FIELD; MANUFACTURER_FROM_FIELD; PART_NO_FROM_FIELD; SIZE_FROM_STRUCTURED_FIELD; STANDARD_FROM_SPECIFICATION; TYPE_FROM_MATERIAL_TYPE; UNIT_FROM_FIELD,description; specification; structured_field
HPCL-594840,HPCL,POWER CABLE 25 sq mm XLPE Aluminium,power cable 25 sq mm xlpe aluminium,Electrical,Cable,IS 7098; 25 sq mm; 100 m,XLPE Aluminium,25 sq mm,100 mm,,PVC,MTR,electrical,cable,,xlpe,XLPE Aluminium,25 sq mm,,100 mm,,,,,,,,IS 7098,IS 7098; 25 sq mm; 100 m,pvc,,,,,,Prime Electricals,PRI-439-59,MTR,12,False,,COATING_FROM_STRUCTURED_FIELD; FAMILY_ELECTRICAL; GRADE_FROM_STRUCTURED_FIELD; LENGTH_FROM_FIELD; MANUFACTURER_FROM_FIELD; MATERIAL_XLPE; PART_NO_FROM_FIELD; SIZE_SQMM_CABLE; STANDARD_FROM_SPECIFICATION; TYPE_FROM_MATERIAL_TYPE; UNIT_FROM_FIELD,description; specification; structured_field
HPCL-128445,HPCL,SAFETY VALVE 1 in,safety valve 1 in,Safety,Safety Valve,API 526; 1 in; SS 316,SS 316,1 in,,,SS,NOS,safety,safety valve,,stainless steel,SS 316,1 in,,,,,,,,,,API 526,API 526; 1 in; SS 316,stainless steel,,,,,,Precision Fasteners,PRE-688-30,NOS,11,True,material_family: 'safety' vs 'valve',COATING_FROM_STRUCTURED_FIELD; FAMILY_SAFETY; GRADE_FROM_STRUCTURED_FIELD; MANUFACTURER_FROM_FIELD; MATERIAL_STAINLESS_STEEL; PART_NO_FROM_FIELD; SIZE_INCH; STANDARD_FROM_SPECIFICATION; TYPE_SAFETY_VALVE; UNIT_FROM_FIELD,description; specification; structured_field
HPCL-867637,HPCL,SEAMLESS STEEL PIPE 2 in API 5L,seamless steel pipe 2 in api 5l,Pipes & Fittings,Pipe,API 5L; 2 in; ASTM A106 Gr.B,ASTM A106 Gr.B,2 in,3000 mm,,Black,MTR,pipe/fitting,pipe,,,ASTM A106 Gr.B,2 in,,3000 mm,,,,,,,,ASTM A106 Gr.B; API 5L,API 5L; 2 in; ASTM A106 Gr.B,black,,,seamless,,,Prime Electricals,PRI-881-68,MTR,12,False,,COATING_FROM_STRUCTURED_FIELD; CONSTRUCTION_SEAMLESS; FAMILY_PIPE; GRADE_FROM_STRUCTURED_FIELD; LENGTH_FROM_FIELD; MANUFACTURER_FROM_FIELD; PART_NO_FROM_FIELD; SIZE_INCH; STANDARD_FROM_SPECIFICATION; TYPE_FROM_MATERIAL_TYPE; UNIT_FROM_FIELD,description; specification; structured_field
IOCL-594926,IOCL,WELD NECK FLANGE 2 in ASTM A105,weld neck flange 2 in astm a105,Pipes & Fittings,Flange,ASME B16.5; 2 in; ASTM A105,ASTM A105,2 in,,,Bare,MTR,flange,weld neck flange,,,ASTM A105,2 in,,,,,,,,,,ASTM A105; ASME B16.5,ASME B16.5; 2 in; ASTM A105,bare,weld neck,,,,,Shree Valves & Fittings,SHR-412-62,MTR,11,True,material_grade: 'ASTM A105' vs 'A105',COATING_FROM_STRUCTURED_FIELD; CONNECTION_WELD_NECK; FAMILY_FLANGE; GRADE_A105; MANUFACTURER_FROM_FIELD; PART_NO_FROM_FIELD; SIZE_INCH; STANDARD_FROM_SPECIFICATION; TYPE_WELDNECK_FLANGE; UNIT_FROM_FIELD,description; specification; structured_field
HPCL-860794,HPCL,BOURDON PRESSURE GAUGE 0-100 bar,bourdon pressure gauge 0-100 bar,Instrumentation,Pressure Gauge,EN 837-1; Range 0-100 bar,SS 304,0-100 bar,,,SS,NOS,instrumentation,pressure gauge,,stainless steel,SS 304,0-100 bar,,,,,,,,,,EN 837-1,EN 837-1; Range 0-100 bar,stainless steel,,,,,,National Bearing Works,NAT-679-73,NOS,11,False,,COATING_FROM_STRUCTURED_FIELD; FAMILY_INSTRUMENTATION; GRADE_FROM_STRUCTURED_FIELD; MANUFACTURER_FROM_FIELD; MATERIAL_STAINLESS_STEEL; PART_NO_FROM_FIELD; SIZE_PRESSURE_RANGE; STANDARD_FROM_SPECIFICATION; TYPE_FROM_MATERIAL_TYPE; UNIT_FROM_FIELD,description; specification; structured_field
IOCL-263064,IOCL,HRC CARTRIDGE 2 A,high rupturing capacity cartridge 2 a,Electrical,Fuse,IS 13703; 2 A,Ceramic,2 A,,,,MTR,electrical,fuse,,,Ceramic,2 A,,,,,,,,,,IS 13703,IS 13703; 2 A,,,,,,,Precision Fasteners,PRE-882-65,MTR,9,False,,FAMILY_ELECTRICAL; GRADE_FROM_STRUCTURED_FIELD; MANUFACTURER_FROM_FIELD; PART_NO_FROM_FIELD; SIZE_FROM_STRUCTURED_FIELD; STANDARD_FROM_SPECIFICATION; TYPE_FROM_MATERIAL_TYPE; UNIT_FROM_FIELD,description; specification; structured_field
HPCL-467357,HPCL,BALL BEARING 6204,ball bearing 6204,Bearings,Ball Bearing,ISO 15; Bearing 6204,Chrome Steel,6204,,,,NOS,bearing,ball bearing,,chrome steel,Chrome Steel,6204,,,,,,,,,,ISO 15,ISO 15; Bearing 6204,,,,,,6204,Larsen Engineering,LAR-480-42,NOS,11,False,,BEARING_NUMBER; FAMILY_BEARING; GRADE_FROM_STRUCTURED_FIELD; MANUFACTURER_FROM_FIELD; MATERIAL_CHROME_STEEL; PART_NO_FROM_FIELD; SIZE_FROM_STRUCTURED_FIELD; STANDARD_FROM_SPECIFICATION; TYPE_BALL_BEARING; UNIT_FROM_FIELD,description; specification; structured_field
ONGC-274526,ONGC,POWER CABLE 6 sq mm XLPE Copper,power cable 6 sq mm xlpe copper,Electrical,Cable,IS 7098; 6 sq mm; 1000 m,XLPE Copper,6 sq mm,1000 mm,,PVC,MTR,electrical,cable,,xlpe,XLPE Copper,6 sq mm,,1000 mm,,,,,,,,IS 7098,IS 7098; 6 sq mm; 1000 m,pvc,,,,,,Prime Electricals,PRI-591-15,MTR,12,False,,COATING_FROM_STRUCTURED_FIELD; FAMILY_ELECTRICAL; GRADE_FROM_STRUCTURED_FIELD; LENGTH_FROM_FIELD; MANUFACTURER_FROM_FIELD; MATERIAL_XLPE; PART_NO_FROM_FIELD; SIZE_SQMM_CABLE; STANDARD_FROM_SPECIFICATION; TYPE_FROM_MATERIAL_TYPE; UNIT_FROM_FIELD,description; specification; structured_field
HPCL-819741,HPCL,HEX HEAD BOLT M10 X 50 GALVANIZED,hexagonal head bolt m10 x 50 galvanized,Fasteners,Bolt,IS 1363; M10 x 50 mm; Galvanized,Carbon Steel,M10,50 mm,20 mm,Galvanized,NOS,fastener,bolt,,carbon steel,Carbon Steel,M10,,50 mm,,,20 mm,,,,,IS 1363,IS 1363; M10 x 50 mm; Galvanized,galvanized,,,,,,Precision Fasteners,PRE-575-23,NOS,13,False,,COATING_FROM_STRUCTURED_FIELD; DIAMETER_FROM_FIELD; FAMILY_FASTENER; GRADE_FROM_STRUCTURED_FIELD; LENGTH_FROM_FIELD; MANUFACTURER_FROM_FIELD; MATERIAL_CARBON_STEEL; PART_NO_FROM_FIELD; SIZE_METRIC_BOLT; STANDARD_FROM_SPECIFICATION; TYPE_FROM_MATERIAL_TYPE; UNIT_FROM_FIELD,description; specification; structured_field
CPCL-188233,CPCL,XLPE CABLE 35 sq mm,xlpe cable 35 sq mm,Electrical,Cable,IS 7098; 35 sq mm; 100 m,XLPE Aluminium,35 sq mm,100 mm,,PVC,MTR,electrical,cable,,xlpe,XLPE Aluminium,35 sq mm,,100 mm,,,,,,,,IS 7098,IS 7098; 35 sq mm; 100 m,pvc,,,,,,Shree Valves & Fittings,SHR-541-73,MTR,12,False,,COATING_FROM_STRUCTURED_FIELD; FAMILY_ELECTRICAL; GRADE_FROM_STRUCTURED_FIELD; LENGTH_FROM_FIELD; MANUFACTURER_FROM_FIELD; MATERIAL_XLPE; PART_NO_FROM_FIELD; SIZE_SQMM_CABLE; STANDARD_FROM_SPECIFICATION; TYPE_FROM_MATERIAL_TYPE; UNIT_FROM_FIELD,description; specification; structured_field
CPCL-207168,CPCL,HEX BOLT M10 X 75 MM ZINC PLATED,hexagonal bolt m10 x 75 mm zinc plated,Fasteners,Bolt,IS 1363; M10 x 75 mm; Zinc Plated,Carbon Steel,M10,75 mm,10 mm,Zinc Plated,NOS,fastener,bolt,hex,carbon steel,Carbon Steel,M10,,75 mm,,,10 mm,,,,,IS 1363,IS 1363; M10 x 75 mm; Zinc Plated,zinc plated,,,,,,Eastern Cables,EAS-500-89,NOS,14,False,,COATING_FROM_STRUCTURED_FIELD; DIAMETER_FROM_FIELD; FAMILY_FASTENER; GRADE_FROM_STRUCTURED_FIELD; LENGTH_FROM_FIELD; MANUFACTURER_FROM_FIELD; MATERIAL_CARBON_STEEL; PART_NO_FROM_FIELD; SIZE_METRIC_BOLT; STANDARD_FROM_SPECIFICATION; SUBTYPE_HEX; TYPE_FROM_MATERIAL_TYPE; UNIT_FROM_FIELD,description; specification; structured_field
ONGC-731474,ONGC,CARTRIDGE FUSE 16 A,cartridge fuse 16 a,Electrical,Fuse,IS 13703; 16 A,Ceramic,16 A,,,,MTR,electrical,fuse,,,Ceramic,16 A,,,,,,,,,,IS 13703,IS 13703; 16 A,,,,,,,Eastern Cables,EAS-589-10,MTR,9,False,,FAMILY_ELECTRICAL; GRADE_FROM_STRUCTURED_FIELD; MANUFACTURER_FROM_FIELD; PART_NO_FROM_FIELD; SIZE_FROM_STRUCTURED_FIELD; STANDARD_FROM_SPECIFICATION; TYPE_FROM_MATERIAL_TYPE; UNIT_FROM_FIELD,description; specification; structured_field
IOCL-668071,IOCL,FLOATING BALL VALVE 2 in,floating ball valve 2 in,Valves,Ball Valve,API 608; 2 in; SS 316,SS 316,2 in,,,SS,NOS,valve,ball valve,,stainless steel,SS 316,2 in,,,,,,,,,,API 608,API 608; 2 in; SS 316,stainless steel,,,floating,,,Shree Valves & Fittings,SHR-423-84,NOS,12,False,,COATING_FROM_STRUCTURED_FIELD; CONSTRUCTION_FLOATING; FAMILY_VALVE; GRADE_FROM_STRUCTURED_FIELD; MANUFACTURER_FROM_FIELD; MATERIAL_STAINLESS_STEEL; PART_NO_FROM_FIELD; SIZE_INCH; STANDARD_FROM_SPECIFICATION; TYPE_BALL_VALVE; UNIT_FROM_FIELD,description; specification; structured_field
ONGC-679990,ONGC,DEEP GROOVE BEARING 6202,deep groove bearing 6202,Bearings,Ball Bearing,ISO 15; Bearing 6202,Chrome Steel,6202,,,,NOS,bearing,ball bearing,deep groove,chrome steel,Chrome Steel,6202,,,,,,,,,,ISO 15,ISO 15; Bearing 6202,,,,,,6202,ABC Industrial Products,ABC-466-84,NOS,12,False,,BEARING_NUMBER; FAMILY_BEARING; GRADE_FROM_STRUCTURED_FIELD; MANUFACTURER_FROM_FIELD; MATERIAL_CHROME_STEEL; PART_NO_FROM_FIELD; SIZE_FROM_STRUCTURED_FIELD; STANDARD_FROM_SPECIFICATION; SUBTYPE_DEEP_GROOVE; TYPE_BALL_BEARING; UNIT_FROM_FIELD,description; specification; structured_field
IOCL-805623,IOCL,HEXAGONAL NUT M20 ZINC PLATED,hexagonal nut m20 zinc plated,Fasteners,Nut,IS 1364; M20; Zinc Plated,Carbon Steel,M20,,,Zinc Plated,NOS,fastener,nut,hex,carbon steel,Carbon Steel,M20,,,,,,,,,,IS 1364,IS 1364; M20; Zinc Plated,zinc plated,,,,,,National Bearing Works,NAT-491-99,NOS,12,False,,COATING_FROM_STRUCTURED_FIELD; FAMILY_FASTENER; GRADE_FROM_STRUCTURED_FIELD; MANUFACTURER_FROM_FIELD; MATERIAL_CARBON_STEEL; PART_NO_FROM_FIELD; SIZE_METRIC_BOLT; STANDARD_FROM_SPECIFICATION; SUBTYPE_HEX; TYPE_FROM_MATERIAL_TYPE; UNIT_FROM_FIELD,description; specification; structured_field
HPCL-484510,HPCL,PROCESS PUMP 50 mm,process pump 50 mm,Pumps,Centrifugal Pump,API 610; 50 mm; SS 316,SS 316,50 mm,,,Painted,NOS,pump,centrifugal pump,,stainless steel,SS 316,50 mm,,,,,,,,,,API 610,API 610; 50 mm; SS 316,painted,,,,,,Larsen Engineering,LAR-785-35,NOS,11,False,,COATING_FROM_STRUCTURED_FIELD; FAMILY_PUMP; GRADE_FROM_STRUCTURED_FIELD; MANUFACTURER_FROM_FIELD; MATERIAL_STAINLESS_STEEL; PART_NO_FROM_FIELD; SIZE_MM; STANDARD_FROM_SPECIFICATION; TYPE_CENTRIFUGAL_PUMP; UNIT_FROM_FIELD,description; specification; structured_field
CPCL-741190,CPCL,BALL VALVE 2 in API 608,ball valve 2 in api 608,Valves,Ball Valve,API 608; 2 in; SS 316,SS 316,2 in,,,SS,NOS,valve,ball valve,,stainless steel,SS 316,2 in,,,,,,,,,,API 608,API 608; 2 in; SS 316,stainless steel,,,,,,Apex Industrial Systems,APE-536-58,NOS,11,False,,COATING_FROM_STRUCTURED_FIELD; FAMILY_VALVE; GRADE_FROM_STRUCTURED_FIELD; MANUFACTURER_FROM_FIELD; MATERIAL_STAINLESS_STEEL; PART_NO_FROM_FIELD; SIZE_INCH; STANDARD_FROM_SPECIFICATION; TYPE_BALL_VALVE; UNIT_FROM_FIELD,description; specification; structured_field
IOCL-803688,IOCL,GEAR OIL EP 90,gear oil ep 90,Lubricants,Lubricant,IS 10522; EP 90,Mineral Oil,EP 90,,,,LTR,lubricant,lubricant,,mineral oil,Mineral Oil,EP 90,,,,,,,,,,IS 10522,IS 10522; EP 90,,,,,,,Metro Pumps & Valves,MET-299-26,LTR,10,False,,FAMILY_LUBRICANT; GRADE_FROM_STRUCTURED_FIELD; MANUFACTURER_FROM_FIELD; MATERIAL_MINERAL_OIL; PART_NO_FROM_FIELD; SIZE_VG_ISO_LUBE; STANDARD_FROM_SPECIFICATION; TYPE_FROM_MATERIAL_TYPE; UNIT_FROM_FIELD,description; specification; structured_field
CPCL-989806,CPCL,HRC FUSE 16 A,high rupturing capacity fuse 16 a,Electrical,Fuse,IS 13703; 16 A,Ceramic,16 A,,,,MTR,electrical,fuse,,,Ceramic,16 A,,,,,,,,,,IS 13703,IS 13703; 16 A,,,,,,,Larsen Engineering,LAR-993-45,MTR,9,False,,FAMILY_ELECTRICAL; GRADE_FROM_STRUCTURED_FIELD; MANUFACTURER_FROM_FIELD; PART_NO_FROM_FIELD; SIZE_FROM_STRUCTURED_FIELD; STANDARD_FROM_SPECIFICATION; TYPE_FROM_MATERIAL_TYPE; UNIT_FROM_FIELD,description; specification; structured_field
IOCL-346311,IOCL,BOURDON PRESSURE GAUGE 0-5 bar,bourdon pressure gauge 0-5 bar,Instrumentation,Pressure Gauge,EN 837-1; Range 0-5 bar,SS 304,0-5 bar,,,SS,NOS,instrumentation,pressure gauge,,stainless steel,SS 304,0-5 bar,,,,,,,,,,EN 837-1,EN 837-1; Range 0-5 bar,stainless steel,,,,,,National Bearing Works,NAT-987-78,NOS,11,False,,COATING_FROM_STRUCTURED_FIELD; FAMILY_INSTRUMENTATION; GRADE_FROM_STRUCTURED_FIELD; MANUFACTURER_FROM_FIELD; MATERIAL_STAINLESS_STEEL; PART_NO_FROM_FIELD; SIZE_PRESSURE_RANGE; STANDARD_FROM_SPECIFICATION; TYPE_FROM_MATERIAL_TYPE; UNIT_FROM_FIELD,description; specification; structured_field
CPCL-675877,CPCL,PRESSURE RELIEF VALVE 1 in SS 316,pressure relief valve 1 in stainless steel 316,Safety,Safety Valve,API 526; 1 in; SS 316,SS 316,1 in,,,SS,NOS,safety,safety valve,,stainless steel,SS 316,1 in,,,,,,,,,,API 526,API 526; 1 in; SS 316,stainless steel,,,,,,Apex Industrial Systems,APE-311-91,NOS,11,False,,COATING_FROM_STRUCTURED_FIELD; FAMILY_SAFETY; GRADE_SS316; MANUFACTURER_FROM_FIELD; MATERIAL_STAINLESS_STEEL; PART_NO_FROM_FIELD; SIZE_INCH; STANDARD_FROM_SPECIFICATION; TYPE_SAFETY_VALVE; UNIT_FROM_FIELD,description; specification; structured_field
HPCL-445526,HPCL,GATE VALVE 3 in API 600,gate valve 3 in api 600,Valves,Gate Valve,API 600; 3 in; ASTM A216 WCB,ASTM A216 WCB,3 in,,,Painted,NOS,valve,gate valve,,,ASTM A216 WCB,3 in,,,,,,,,,,ASTM A216 WCB; API 600,API 600; 3 in; ASTM A216 WCB,painted,,,,,,Eastern Cables,EAS-462-22,NOS,10,False,,COATING_FROM_STRUCTURED_FIELD; FAMILY_VALVE; GRADE_FROM_STRUCTURED_FIELD; MANUFACTURER_FROM_FIELD; PART_NO_FROM_FIELD; SIZE_INCH; STANDARD_FROM_SPECIFICATION; TYPE_GATE_VALVE; UNIT_FROM_FIELD,description; specification; structured_field
CPCL-996652,CPCL,GLOBE VALVE FLANGED 2 in,globe valve flanged 2 in,Valves,Globe Valve,API 623; 2 in; ASTM A216 WCB,ASTM A216 WCB,2 in,,,Painted,NOS,valve,globe valve,,,ASTM A216 WCB,2 in,,,,,,,,,,ASTM A216 WCB; API 623,API 623; 2 in; ASTM A216 WCB,painted,flanged,,,,,Bharat Industrial Works,BHA-417-57,NOS,11,False,,COATING_FROM_STRUCTURED_FIELD; CONNECTION_FLANGED; FAMILY_VALVE; GRADE_FROM_STRUCTURED_FIELD; MANUFACTURER_FROM_FIELD; PART_NO_FROM_FIELD; SIZE_INCH; STANDARD_FROM_SPECIFICATION; TYPE_GLOBE_VALVE; UNIT_FROM_FIELD,description; specification; structured_field
IOCL-795356,IOCL,XLPE CABLE 50 sq mm,xlpe cable 50 sq mm,Electrical,Cable,IS 7098; 50 sq mm; 1000 m,XLPE Aluminium,50 sq mm,1000 mm,,PVC,MTR,electrical,cable,,xlpe,XLPE Aluminium,50 sq mm,,1000 mm,,,,,,,,IS 7098,IS 7098; 50 sq mm; 1000 m,pvc,,,,,,Eastern Cables,EAS-626-23,MTR,12,False,,COATING_FROM_STRUCTURED_FIELD; FAMILY_ELECTRICAL; GRADE_FROM_STRUCTURED_FIELD; LENGTH_FROM_FIELD; MANUFACTURER_FROM_FIELD; MATERIAL_XLPE; PART_NO_FROM_FIELD; SIZE_SQMM_CABLE; STANDARD_FROM_SPECIFICATION; TYPE_FROM_MATERIAL_TYPE; UNIT_FROM_FIELD,description; specification; structured_field
CPCL-386283,CPCL,FLANGE 2 in ASTM A105,flange 2 in astm a105,Pipes & Fittings,Flange,ASME B16.5; 2 in; ASTM A105,ASTM A105,2 in,,,Bare,MTR,pipe/fitting,flange,,,ASTM A105,2 in,,,,,,,,,,ASTM A105; ASME B16.5,ASME B16.5; 2 in; ASTM A105,bare,,,,,,Metro Pumps & Valves,MET-208-39,MTR,10,True,material_grade: 'ASTM A105' vs 'A105',COATING_FROM_STRUCTURED_FIELD; FAMILY_PIPE; GRADE_A105; MANUFACTURER_FROM_FIELD; PART_NO_FROM_FIELD; SIZE_INCH; STANDARD_FROM_SPECIFICATION; TYPE_FROM_MATERIAL_TYPE; UNIT_FROM_FIELD,description; specification; structured_field
HPCL-944582,HPCL,HRC FUSE 63 A,high rupturing capacity fuse 63 a,Electrical,Fuse,IS 13703; 63 A,Ceramic,63 A,,,,MTR,electrical,fuse,,,Ceramic,63 A,,,,,,,,,,IS 13703,IS 13703; 63 A,,,,,,,Metro Pumps & Valves,MET-854-64,MTR,9,False,,FAMILY_ELECTRICAL; GRADE_FROM_STRUCTURED_FIELD; MANUFACTURER_FROM_FIELD; PART_NO_FROM_FIELD; SIZE_FROM_STRUCTURED_FIELD; STANDARD_FROM_SPECIFICATION; TYPE_FROM_MATERIAL_TYPE; UNIT_FROM_FIELD,description; specification; structured_field
HPCL-812613,HPCL,CARTRIDGE FUSE 63 A,cartridge fuse 63 a,Electrical,Fuse,IS 13703; 63 A,Ceramic,63 A,,,,MTR,electrical,fuse,,,Ceramic,63 A,,,,,,,,,,IS 13703,IS 13703; 63 A,,,,,,,Precision Fasteners,PRE-265-64,MTR,9,False,,FAMILY_ELECTRICAL; GRADE_FROM_STRUCTURED_FIELD; MANUFACTURER_FROM_FIELD; PART_NO_FROM_FIELD; SIZE_FROM_STRUCTURED_FIELD; STANDARD_FROM_SPECIFICATION; TYPE_FROM_MATERIAL_TYPE; UNIT_FROM_FIELD,description; specification; structured_field
ONGC-584135,ONGC,PLAIN WASHER M20 GALVANIZED,plain washer m20 galvanized,Fasteners,Washer,IS 2016; M20; Galvanized,Carbon Steel,M20,,,Galvanized,NOS,fastener,washer,,carbon steel,Carbon Steel,M20,,,,,,,,,,IS 2016,IS 2016; M20; Galvanized,galvanized,,,,,,Prime Electricals,PRI-870-83,NOS,11,False,,COATING_FROM_STRUCTURED_FIELD; FAMILY_FASTENER; GRADE_FROM_STRUCTURED_FIELD; MANUFACTURER_FROM_FIELD; MATERIAL_CARBON_STEEL; PART_NO_FROM_FIELD; SIZE_METRIC_BOLT; STANDARD_FROM_SPECIFICATION; TYPE_FROM_MATERIAL_TYPE; UNIT_FROM_FIELD,description; specification; structured_field
ONGC-569670,ONGC,HEX BOLT M12-30 ZINC PLATED,hexagonal bolt m12-30 zinc plated,Fasteners,Bolt,IS 1363; M12 x 30 mm; Zinc Plated,Carbon Steel,M12,30 mm,12 mm,Zinc Plated,NOS,fastener,bolt,hex,carbon steel,Carbon Steel,M12,,30 mm,,,12 mm,,,,,IS 1363,IS 1363; M12 x 30 mm; Zinc Plated,zinc plated,,,,,,Shree Valves & Fittings,SHR-421-19,NOS,14,False,,COATING_FROM_STRUCTURED_FIELD; DIAMETER_FROM_FIELD; FAMILY_FASTENER; GRADE_FROM_STRUCTURED_FIELD; LENGTH_FROM_FIELD; MANUFACTURER_FROM_FIELD; MATERIAL_CARBON_STEEL; PART_NO_FROM_FIELD; SIZE_METRIC_BOLT; STANDARD_FROM_SPECIFICATION; SUBTYPE_HEX; TYPE_FROM_MATERIAL_TYPE; UNIT_FROM_FIELD,description; specification; structured_field
HPCL-821935,HPCL,SAFETY VALVE 3 in,safety valve 3 in,Safety,Safety Valve,API 526; 3 in; SS 316,SS 316,3 in,,,SS,NOS,safety,safety valve,,stainless steel,SS 316,3 in,,,,,,,,,,API 526,API 526; 3 in; SS 316,stainless steel,,,,,,Precision Fasteners,PRE-693-73,NOS,11,True,material_family: 'safety' vs 'valve',COATING_FROM_STRUCTURED_FIELD; FAMILY_SAFETY; GRADE_FROM_STRUCTURED_FIELD; MANUFACTURER_FROM_FIELD; MATERIAL_STAINLESS_STEEL; PART_NO_FROM_FIELD; SIZE_INCH; STANDARD_FROM_SPECIFICATION; TYPE_SAFETY_VALVE; UNIT_FROM_FIELD,description; specification; structured_field
IOCL-412282,IOCL,CARTRIDGE FUSE 2 A,cartridge fuse 2 a,Electrical,Fuse,IS 13703; 2 A,Ceramic,2 A,,,,MTR,electrical,fuse,,,Ceramic,2 A,,,,,,,,,,IS 13703,IS 13703; 2 A,,,,,,,Apex Industrial Systems,APE-470-65,MTR,9,False,,FAMILY_ELECTRICAL; GRADE_FROM_STRUCTURED_FIELD; MANUFACTURER_FROM_FIELD; PART_NO_FROM_FIELD; SIZE_FROM_STRUCTURED_FIELD; STANDARD_FROM_SPECIFICATION; TYPE_FROM_MATERIAL_TYPE; UNIT_FROM_FIELD,description; specification; structured_field
CPCL-723185,CPCL,WELD NECK FLANGE 4 in ASME B16.5,weld neck flange 4 in asme b16.5,Pipes & Fittings,Flange,ASME B16.5; 4 in; ASTM A105,ASTM A105,4 in,,,Bare,MTR,flange,weld neck flange,,,ASTM A105,4 in,,,,,,,,,,ASTM A105; ASME B16.5,ASME B16.5; 4 in; ASTM A105,bare,weld neck,,,,,Hindustan Mechanical,HIN-580-18,MTR,11,False,,COATING_FROM_STRUCTURED_FIELD; CONNECTION_WELD_NECK; FAMILY_FLANGE; GRADE_FROM_STRUCTURED_FIELD; MANUFACTURER_FROM_FIELD; PART_NO_FROM_FIELD; SIZE_INCH; STANDARD_FROM_SPECIFICATION; TYPE_WELDNECK_FLANGE; UNIT_FROM_FIELD,description; specification; structured_field
CPCL-173912,CPCL,XLPE CABLE 6 sq mm,xlpe cable 6 sq mm,Electrical,Cable,IS 7098; 6 sq mm; 100 m,XLPE Copper,6 sq mm,100 mm,,PVC,MTR,electrical,cable,,xlpe,XLPE Copper,6 sq mm,,100 mm,,,,,,,,IS 7098,IS 7098; 6 sq mm; 100 m,pvc,,,,,,Larsen Engineering,LAR-248-34,MTR,12,False,,COATING_FROM_STRUCTURED_FIELD; FAMILY_ELECTRICAL; GRADE_FROM_STRUCTURED_FIELD; LENGTH_FROM_FIELD; MANUFACTURER_FROM_FIELD; MATERIAL_XLPE; PART_NO_FROM_FIELD; SIZE_SQMM_CABLE; STANDARD_FROM_SPECIFICATION; TYPE_FROM_MATERIAL_TYPE; UNIT_FROM_FIELD,description; specification; structured_field
CPCL-144885,CPCL,PRESSURE INDICATOR 0-5 bar,pressure indicator 0-5 bar,Instrumentation,Pressure Gauge,EN 837-1; Range 0-5 bar,SS 304,0-5 bar,,,SS,NOS,instrumentation,pressure gauge,,stainless steel,SS 304,0-5 bar,,,,,,,,,,EN 837-1,EN 837-1; Range 0-5 bar,stainless steel,,,,,,Precision Fasteners,PRE-644-15,NOS,11,False,,COATING_FROM_STRUCTURED_FIELD; FAMILY_INSTRUMENTATION; GRADE_FROM_STRUCTURED_FIELD; MANUFACTURER_FROM_FIELD; MATERIAL_STAINLESS_STEEL; PART_NO_FROM_FIELD; SIZE_PRESSURE_RANGE; STANDARD_FROM_SPECIFICATION; TYPE_FROM_MATERIAL_TYPE; UNIT_FROM_FIELD,description; specification; structured_field
ONGC-312589,ONGC,GATE VALVE 2 in API 600,gate valve 2 in api 600,Valves,Gate Valve,API 600; 2 in; ASTM A216 WCB,ASTM A216 WCB,2 in,,,Painted,NOS,valve,gate valve,,,ASTM A216 WCB,2 in,,,,,,,,,,ASTM A216 WCB; API 600,API 600; 2 in; ASTM A216 WCB,painted,,,,,,Shree Valves & Fittings,SHR-726-42,NOS,10,False,,COATING_FROM_STRUCTURED_FIELD; FAMILY_VALVE; GRADE_FROM_STRUCTURED_FIELD; MANUFACTURER_FROM_FIELD; PART_NO_FROM_FIELD; SIZE_INCH; STANDARD_FROM_SPECIFICATION; TYPE_GATE_VALVE; UNIT_FROM_FIELD,description; specification; structured_field
HPCL-750491,HPCL,PT100 RTD 4-wire 300,pt100 rtd 4-wire 300,Instrumentation,Temperature Sensor,IEC 60751; 4-wire; 300 mm,Pt100,4-wire,300 mm,6 mm,SS,NOS,instrumentation,temperature sensor,,,Pt100,4-wire,,300 mm,,,6 mm,,,,,IEC 60751,IEC 60751; 4-wire; 300 mm,stainless steel,,,,,,Hindustan Mechanical,HIN-489-27,NOS,12,False,,COATING_FROM_STRUCTURED_FIELD; DIAMETER_FROM_FIELD; FAMILY_INSTRUMENTATION; GRADE_FROM_STRUCTURED_FIELD; LENGTH_FROM_FIELD; MANUFACTURER_FROM_FIELD; PART_NO_FROM_FIELD; SIZE_FROM_STRUCTURED_FIELD; STANDARD_FROM_SPECIFICATION; TYPE_FROM_MATERIAL_TYPE; UNIT_FROM_FIELD,specification; structured_field
IOCL-871988,IOCL,90 DEGREE ELBOW 4 in ASME B16.9,90 degree elbow 4 in asme b16.9,Pipes & Fittings,Elbow,ASME B16.9; 4 in; ASTM A234 WPB,ASTM A234 WPB,4 in,,,Bare,MTR,pipe/fitting,elbow,,,ASTM A234 WPB,4 in,,,,,,,,,90°,ASTM A234; ASME B16.9,ASME B16.9; 4 in; ASTM A234 WPB,bare,,,,,,Apex Industrial Systems,APE-366-61,MTR,11,False,,COATING_FROM_STRUCTURED_FIELD; ELBOW_ANGLE; FAMILY_FITTING; GRADE_FROM_STRUCTURED_FIELD; MANUFACTURER_FROM_FIELD; PART_NO_FROM_FIELD; SIZE_INCH; STANDARD_FROM_SPECIFICATION; TYPE_FROM_MATERIAL_TYPE; UNIT_FROM_FIELD,description; specification; structured_field
IOCL-857104,IOCL,XLPE CABLE 16 sq mm,xlpe cable 16 sq mm,Electrical,Cable,IS 7098; 16 sq mm; 100 m,XLPE Copper,16 sq mm,100 mm,,PVC,MTR,electrical,cable,,xlpe,XLPE Copper,16 sq mm,,100 mm,,,,,,,,IS 7098,IS 7098; 16 sq mm; 100 m,pvc,,,,,,Bharat Industrial Works,BHA-977-74,MTR,12,False,,COATING_FROM_STRUCTURED_FIELD; FAMILY_ELECTRICAL; GRADE_FROM_STRUCTURED_FIELD; LENGTH_FROM_FIELD; MANUFACTURER_FROM_FIELD; MATERIAL_XLPE; PART_NO_FROM_FIELD; SIZE_SQMM_CABLE; STANDARD_FROM_SPECIFICATION; TYPE_FROM_MATERIAL_TYPE; UNIT_FROM_FIELD,description; specification; structured_field
CPCL-719680,CPCL,DEEP GROOVE BEARING 6203,deep groove bearing 6203,Bearings,Ball Bearing,ISO 15; Bearing 6203,Chrome Steel,6203,,,,NOS,bearing,ball bearing,deep groove,chrome steel,Chrome Steel,6203,,,,,,,,,,ISO 15,ISO 15; Bearing 6203,,,,,,6203,Larsen Engineering,LAR-344-78,NOS,12,False,,BEARING_NUMBER; FAMILY_BEARING; GRADE_FROM_STRUCTURED_FIELD; MANUFACTURER_FROM_FIELD; MATERIAL_CHROME_STEEL; PART_NO_FROM_FIELD; SIZE_FROM_STRUCTURED_FIELD; STANDARD_FROM_SPECIFICATION; SUBTYPE_DEEP_GROOVE; TYPE_BALL_BEARING; UNIT_FROM_FIELD,description; specification; structured_field
IOCL-415589,IOCL,GLOBE VALVE FLANGED 2 in,globe valve flanged 2 in,Valves,Globe Valve,API 623; 2 in; ASTM A216 WCB,ASTM A216 WCB,2 in,,,Painted,NOS,valve,globe valve,,,ASTM A216 WCB,2 in,,,,,,,,,,ASTM A216 WCB; API 623,API 623; 2 in; ASTM A216 WCB,painted,flanged,,,,,Apex Industrial Systems,APE-132-56,NOS,11,False,,COATING_FROM_STRUCTURED_FIELD; CONNECTION_FLANGED; FAMILY_VALVE; GRADE_FROM_STRUCTURED_FIELD; MANUFACTURER_FROM_FIELD; PART_NO_FROM_FIELD; SIZE_INCH; STANDARD_FROM_SPECIFICATION; TYPE_GLOBE_VALVE; UNIT_FROM_FIELD,description; specification; structured_field
HPCL-536352,HPCL,POWER CABLE 1.5 sq mm XLPE Copper,power cable 1.5 sq mm xlpe copper,Electrical,Cable,IS 7098; 1.5 sq mm; 100 m,XLPE Copper,1.5 sq mm,100 mm,,PVC,MTR,electrical,cable,,xlpe,XLPE Copper,1.5 sq mm,,100 mm,,,,,,,,IS 7098,IS 7098; 1.5 sq mm; 100 m,pvc,,,,,,Supreme Engineering,SUP-687-48,MTR,12,False,,COATING_FROM_STRUCTURED_FIELD; FAMILY_ELECTRICAL; GRADE_FROM_STRUCTURED_FIELD; LENGTH_FROM_FIELD; MANUFACTURER_FROM_FIELD; MATERIAL_XLPE; PART_NO_FROM_FIELD; SIZE_SQMM_CABLE; STANDARD_FROM_SPECIFICATION; TYPE_FROM_MATERIAL_TYPE; UNIT_FROM_FIELD,description; specification; structured_field
IOCL-645736,IOCL,HYD HOSE 3/4 in 5000 MM,hyd hose 3/4 in 5000 mm,Hoses,Hydraulic Hose,SAE 100 R2; 3/4 in; 5000 mm,Synthetic Rubber,3/4 in,5000 mm,,Rubber,MTR,hose,hydraulic hose,,synthetic rubber,Synthetic Rubber,3/4 in,,5000 mm,,,,,,,,SAE 100 R2,SAE 100 R2; 3/4 in; 5000 mm,rubber,,,,,,Shree Valves & Fittings,SHR-840-44,MTR,12,False,,COATING_FROM_STRUCTURED_FIELD; FAMILY_HOSE; GRADE_FROM_STRUCTURED_FIELD; LENGTH_FROM_FIELD; MANUFACTURER_FROM_FIELD; MATERIAL_SYNTHETIC_RUBBER; PART_NO_FROM_FIELD; SIZE_FRACTION_INCH; STANDARD_FROM_SPECIFICATION; TYPE_FROM_MATERIAL_TYPE; UNIT_FROM_FIELD,description; specification; structured_field
IOCL-279643,IOCL,BALL VALVE 2 in API 608,ball valve 2 in api 608,Valves,Ball Valve,API 608; 2 in; SS 316,SS 316,2 in,,,SS,NOS,valve,ball valve,,stainless steel,SS 316,2 in,,,,,,,,,,API 608,API 608; 2 in; SS 316,stainless steel,,,,,,Larsen Engineering,LAR-146-90,NOS,11,False,,COATING_FROM_STRUCTURED_FIELD; FAMILY_VALVE; GRADE_FROM_STRUCTURED_FIELD; MANUFACTURER_FROM_FIELD; MATERIAL_STAINLESS_STEEL; PART_NO_FROM_FIELD; SIZE_INCH; STANDARD_FROM_SPECIFICATION; TYPE_BALL_VALVE; UNIT_FROM_FIELD,description; specification; structured_field
IOCL-545865,IOCL,XLPE CABLE 1.5 sq mm,xlpe cable 1.5 sq mm,Electrical,Cable,IS 7098; 1.5 sq mm; 100 m,XLPE Copper,1.5 sq mm,100 mm,,PVC,MTR,electrical,cable,,xlpe,XLPE Copper,1.5 sq mm,,100 mm,,,,,,,,IS 7098,IS 7098; 1.5 sq mm; 100 m,pvc,,,,,,Hindustan Mechanical,HIN-344-70,MTR,12,False,,COATING_FROM_STRUCTURED_FIELD; FAMILY_ELECTRICAL; GRADE_FROM_STRUCTURED_FIELD; LENGTH_FROM_FIELD; MANUFACTURER_FROM_FIELD; MATERIAL_XLPE; PART_NO_FROM_FIELD; SIZE_SQMM_CABLE; STANDARD_FROM_SPECIFICATION; TYPE_FROM_MATERIAL_TYPE; UNIT_FROM_FIELD,description; specification; structured_field
ONGC-766800,ONGC,SAFETY VALVE 4 in,safety valve 4 in,Safety,Safety Valve,API 526; 4 in; SS 316,SS 316,4 in,,,SS,NOS,safety,safety valve,,stainless steel,SS 316,4 in,,,,,,,,,,API 526,API 526; 4 in; SS 316,stainless steel,,,,,,National Bearing Works,NAT-112-38,NOS,11,True,material_family: 'safety' vs 'valve',COATING_FROM_STRUCTURED_FIELD; FAMILY_SAFETY; GRADE_FROM_STRUCTURED_FIELD; MANUFACTURER_FROM_FIELD; MATERIAL_STAINLESS_STEEL; PART_NO_FROM_FIELD; SIZE_INCH; STANDARD_FROM_SPECIFICATION; TYPE_SAFETY_VALVE; UNIT_FROM_FIELD,description; specification; structured_field
ONGC-304914,ONGC,XLPE CABLE 10 sq mm,xlpe cable 10 sq mm,Electrical,Cable,IS 7098; 10 sq mm; 1000 m,XLPE Aluminium,10 sq mm,1000 mm,,PVC,MTR,electrical,cable,,xlpe,XLPE Aluminium,10 sq mm,,1000 mm,,,,,,,,IS 7098,IS 7098; 10 sq mm; 1000 m,pvc,,,,,,Precision Fasteners,PRE-662-78,MTR,12,False,,COATING_FROM_STRUCTURED_FIELD; FAMILY_ELECTRICAL; GRADE_FROM_STRUCTURED_FIELD; LENGTH_FROM_FIELD; MANUFACTURER_FROM_FIELD; MATERIAL_XLPE; PART_NO_FROM_FIELD; SIZE_SQMM_CABLE; STANDARD_FROM_SPECIFICATION; TYPE_FROM_MATERIAL_TYPE; UNIT_FROM_FIELD,description; specification; structured_field
IOCL-209991,IOCL,RTD PT100 3-wire 300 MM,rtd pt100 3-wire 300 mm,Instrumentation,Temperature Sensor,IEC 60751; 3-wire; 300 mm,Pt100,3-wire,300 mm,10 mm,SS,NOS,instrumentation,temperature sensor,,,Pt100,3-wire,,300 mm,,,10 mm,,,,,IEC 60751,IEC 60751; 3-wire; 300 mm,stainless steel,,,,,,Metro Pumps & Valves,MET-470-35,NOS,12,True,size: '3-wire' vs '300 mm',COATING_FROM_STRUCTURED_FIELD; DIAMETER_FROM_FIELD; FAMILY_INSTRUMENTATION; GRADE_FROM_STRUCTURED_FIELD; LENGTH_FROM_FIELD; MANUFACTURER_FROM_FIELD; PART_NO_FROM_FIELD; SIZE_FROM_STRUCTURED_FIELD; STANDARD_FROM_SPECIFICATION; TYPE_FROM_MATERIAL_TYPE; UNIT_FROM_FIELD,specification; structured_field
CPCL-974059,CPCL,SEAMLESS STEEL PIPE 1 in API 5L,seamless steel pipe 1 in api 5l,Pipes & Fittings,Pipe,API 5L; 1 in; ASTM A106 Gr.B,ASTM A106 Gr.B,1 in,3000 mm,,Black,MTR,pipe/fitting,pipe,,,ASTM A106 Gr.B,1 in,,3000 mm,,,,,,,,ASTM A106 Gr.B; API 5L,API 5L; 1 in; ASTM A106 Gr.B,black,,,seamless,,,Apex Industrial Systems,APE-738-14,MTR,12,False,,COATING_FROM_STRUCTURED_FIELD; CONSTRUCTION_SEAMLESS; FAMILY_PIPE; GRADE_FROM_STRUCTURED_FIELD; LENGTH_FROM_FIELD; MANUFACTURER_FROM_FIELD; PART_NO_FROM_FIELD; SIZE_INCH; STANDARD_FROM_SPECIFICATION; TYPE_FROM_MATERIAL_TYPE; UNIT_FROM_FIELD,description; specification; structured_field
IOCL-888334,IOCL,FLAT WASHER M10,flat washer m10,Fasteners,Washer,IS 2016; M10; Galvanized,Carbon Steel,M10,,,Galvanized,NOS,fastener,washer,,carbon steel,Carbon Steel,M10,,,,,,,,,,IS 2016,IS 2016; M10; Galvanized,galvanized,,,,,,ABC Industrial Products,ABC-200-75,NOS,11,False,,COATING_FROM_STRUCTURED_FIELD; FAMILY_FASTENER; GRADE_FROM_STRUCTURED_FIELD; MANUFACTURER_FROM_FIELD; MATERIAL_CARBON_STEEL; PART_NO_FROM_FIELD; SIZE_METRIC_BOLT; STANDARD_FROM_SPECIFICATION; TYPE_FROM_MATERIAL_TYPE; UNIT_FROM_FIELD,description; specification; structured_field
CPCL-947653,CPCL,M16 X 75 MM HEX HEAD BOLT ZINC PLATED,m16 x 75 mm hexagonal head bolt zinc plated,Fasteners,Bolt,IS 1363; M16 x 75 mm; Zinc Plated,Carbon Steel,M16,75 mm,16 mm,Zinc Plated,NOS,fastener,bolt,,carbon steel,Carbon Steel,M16,,75 mm,,,16 mm,,,,,IS 1363,IS 1363; M16 x 75 mm; Zinc Plated,zinc plated,,,,,,Supreme Engineering,SUP-691-91,NOS,13,False,,COATING_FROM_STRUCTURED_FIELD; DIAMETER_FROM_FIELD; FAMILY_FASTENER; GRADE_FROM_STRUCTURED_FIELD; LENGTH_FROM_FIELD; MANUFACTURER_FROM_FIELD; MATERIAL_CARBON_STEEL; PART_NO_FROM_FIELD; SIZE_METRIC_BOLT; STANDARD_FROM_SPECIFICATION; TYPE_FROM_MATERIAL_TYPE; UNIT_FROM_FIELD,description; specification; structured_field
ONGC-909949,ONGC,M16 HEX NUT,m16 hexagonal nut,Fasteners,Nut,IS 1364; M16; Zinc Plated,Carbon Steel,M16,,,Zinc Plated,NOS,fastener,nut,hex,carbon steel,Carbon Steel,M16,,,,,,,,,,IS 1364,IS 1364; M16; Zinc Plated,zinc plated,,,,,,Prime Electricals,PRI-324-99,NOS,12,False,,COATING_FROM_STRUCTURED_FIELD; FAMILY_FASTENER; GRADE_FROM_STRUCTURED_FIELD; MANUFACTURER_FROM_FIELD; MATERIAL_CARBON_STEEL; PART_NO_FROM_FIELD; SIZE_METRIC_BOLT; STANDARD_FROM_SPECIFICATION; SUBTYPE_HEX; TYPE_FROM_MATERIAL_TYPE; UNIT_FROM_FIELD,description; specification; structured_field
IOCL-263641,IOCL,EP GEAR OIL EP 90,ep gear oil ep 90,Lubricants,Lubricant,IS 10522; EP 90,Mineral Oil,EP 90,,,,LTR,lubricant,lubricant,,mineral oil,Mineral Oil,EP 90,,,,,,,,,,IS 10522,IS 10522; EP 90,,,,,,,Precision Fasteners,PRE-426-94,LTR,10,False,,FAMILY_LUBRICANT; GRADE_FROM_STRUCTURED_FIELD; MANUFACTURER_FROM_FIELD; MATERIAL_MINERAL_OIL; PART_NO_FROM_FIELD; SIZE_VG_ISO_LUBE; STANDARD_FROM_SPECIFICATION; TYPE_FROM_MATERIAL_TYPE; UNIT_FROM_FIELD,description; specification; structured_field
IOCL-940501,IOCL,HEX HEAD BOLT M16-75 MM ZINC PLATED,hexagonal head bolt m16-75 mm zinc plated,Fasteners,Bolt,IS 1363; M16 x 75 mm; Zinc Plated,Carbon Steel,M16,75 mm,16 mm,Zinc Plated,NOS,fastener,bolt,,carbon steel,Carbon Steel,M16,,75 mm,,,16 mm,,,,,IS 1363,IS 1363; M16 x 75 mm; Zinc Plated,zinc plated,,,,,,National Bearing Works,NAT-711-50,NOS,13,False,,COATING_FROM_STRUCTURED_FIELD; DIAMETER_FROM_FIELD; FAMILY_FASTENER; GRADE_FROM_STRUCTURED_FIELD; LENGTH_FROM_FIELD; MANUFACTURER_FROM_FIELD; MATERIAL_CARBON_STEEL; PART_NO_FROM_FIELD; SIZE_METRIC_BOLT; STANDARD_FROM_SPECIFICATION; TYPE_FROM_MATERIAL_TYPE; UNIT_FROM_FIELD,description; specification; structured_field
HPCL-856919,HPCL,SAFETY VALVE 2 in,safety valve 2 in,Safety,Safety Valve,API 526; 2 in; SS 316,SS 316,2 in,,,SS,NOS,safety,safety valve,,stainless steel,SS 316,2 in,,,,,,,,,,API 526,API 526; 2 in; SS 316,stainless steel,,,,,,Precision Fasteners,PRE-129-68,NOS,11,True,material_family: 'safety' vs 'valve',COATING_FROM_STRUCTURED_FIELD; FAMILY_SAFETY; GRADE_FROM_STRUCTURED_FIELD; MANUFACTURER_FROM_FIELD; MATERIAL_STAINLESS_STEEL; PART_NO_FROM_FIELD; SIZE_INCH; STANDARD_FROM_SPECIFICATION; TYPE_SAFETY_VALVE; UNIT_FROM_FIELD,description; specification; structured_field
HPCL-169573,HPCL,PRESSURE SAFETY VALVE 4 in,pressure safety valve 4 in,Safety,Safety Valve,API 526; 4 in; SS 316,SS 316,4 in,,,SS,NOS,safety,safety valve,,stainless steel,SS 316,4 in,,,,,,,,,,API 526,API 526; 4 in; SS 316,stainless steel,,,,,,Prime Electricals,PRI-558-68,NOS,11,True,material_family: 'safety' vs 'valve',COATING_FROM_STRUCTURED_FIELD; FAMILY_SAFETY; GRADE_FROM_STRUCTURED_FIELD; MANUFACTURER_FROM_FIELD; MATERIAL_STAINLESS_STEEL; PART_NO_FROM_FIELD; SIZE_INCH; STANDARD_FROM_SPECIFICATION; TYPE_SAFETY_VALVE; UNIT_FROM_FIELD,description; specification; structured_field
HPCL-836130,HPCL,MATERIAL: HEX BOLT M8 X 40 MM,material: hexagonal bolt m8 x 40 mm,Fasteners,Bolt,IS 1363; M8 x 40 mm; Zinc Plated,Carbon Steel,M8,40 mm,8 mm,Zinc Plated,NOS,fastener,bolt,hex,carbon steel,Carbon Steel,M8,,40 mm,,,8 mm,,,,,IS 1363,IS 1363; M8 x 40 mm; Zinc Plated,zinc plated,,,,,,Eastern Cables,EAS-721-72,NOS,14,False,,COATING_FROM_STRUCTURED_FIELD; DIAMETER_FROM_FIELD; FAMILY_FASTENER; GRADE_FROM_STRUCTURED_FIELD; LENGTH_FROM_FIELD; MANUFACTURER_FROM_FIELD; MATERIAL_CARBON_STEEL; PART_NO_FROM_FIELD; SIZE_METRIC_BOLT; STANDARD_FROM_SPECIFICATION; SUBTYPE_HEX; TYPE_FROM_MATERIAL_TYPE; UNIT_FROM_FIELD,description; specification; structured_field
CPCL-639923,CPCL,WELD NECK FLANGE 4 in ASME B16.5,weld neck flange 4 in asme b16.5,Pipes & Fittings,Flange,ASME B16.5; 4 in; ASTM A105,ASTM A105,4 in,,,Bare,MTR,flange,weld neck flange,,,ASTM A105,4 in,,,,,,,,,,ASTM A105; ASME B16.5,ASME B16.5; 4 in; ASTM A105,bare,weld neck,,,,,Apex Industrial Systems,APE-547-26,MTR,11,False,,COATING_FROM_STRUCTURED_FIELD; CONNECTION_WELD_NECK; FAMILY_FLANGE; GRADE_FROM_STRUCTURED_FIELD; MANUFACTURER_FROM_FIELD; PART_NO_FROM_FIELD; SIZE_INCH; STANDARD_FROM_SPECIFICATION; TYPE_WELDNECK_FLANGE; UNIT_FROM_FIELD,description; specification; structured_field
HPCL-804431,HPCL,BALL BEARING 6207,ball bearing 6207,Bearings,Ball Bearing,ISO 15; Bearing 6207,Chrome Steel,6207,,,,NOS,bearing,ball bearing,,chrome steel,Chrome Steel,6207,,,,,,,,,,ISO 15,ISO 15; Bearing 6207,,,,,,6207,Apex Industrial Systems,APE-134-19,NOS,11,False,,BEARING_NUMBER; FAMILY_BEARING; GRADE_FROM_STRUCTURED_FIELD; MANUFACTURER_FROM_FIELD; MATERIAL_CHROME_STEEL; PART_NO_FROM_FIELD; SIZE_FROM_STRUCTURED_FIELD; STANDARD_FROM_SPECIFICATION; TYPE_BALL_BEARING; UNIT_FROM_FIELD,description; specification; structured_field
IOCL-814572,IOCL,HEX NUT M8 ZINC PLATED,hexagonal nut m8 zinc plated,Fasteners,Nut,IS 1364; M8; Zinc Plated,Carbon Steel,M8,,,Zinc Plated,NOS,fastener,nut,hex,carbon steel,Carbon Steel,M8,,,,,,,,,,IS 1364,IS 1364; M8; Zinc Plated,zinc plated,,,,,,Prime Electricals,PRI-157-65,NOS,12,False,,COATING_FROM_STRUCTURED_FIELD; FAMILY_FASTENER; GRADE_FROM_STRUCTURED_FIELD; MANUFACTURER_FROM_FIELD; MATERIAL_CARBON_STEEL; PART_NO_FROM_FIELD; SIZE_METRIC_BOLT; STANDARD_FROM_SPECIFICATION; SUBTYPE_HEX; TYPE_FROM_MATERIAL_TYPE; UNIT_FROM_FIELD,description; specification; structured_field
ONGC-920896,ONGC,90 DEGREE ELBOW 2 in ASME B16.9,90 degree elbow 2 in asme b16.9,Pipes & Fittings,Elbow,ASME B16.9; 2 in; ASTM A234 WPB,ASTM A234 WPB,2 in,,,Bare,MTR,pipe/fitting,elbow,,,ASTM A234 WPB,2 in,,,,,,,,,90°,ASTM A234; ASME B16.9,ASME B16.9; 2 in; ASTM A234 WPB,bare,,,,,,Shree Valves & Fittings,SHR-688-40,MTR,11,False,,COATING_FROM_STRUCTURED_FIELD; ELBOW_ANGLE; FAMILY_FITTING; GRADE_FROM_STRUCTURED_FIELD; MANUFACTURER_FROM_FIELD; PART_NO_FROM_FIELD; SIZE_INCH; STANDARD_FROM_SPECIFICATION; TYPE_FROM_MATERIAL_TYPE; UNIT_FROM_FIELD,description; specification; structured_field
CPCL-494240,CPCL,GLOBE VALVE 4 in API 623,globe valve 4 in api 623,Valves,Globe Valve,API 623; 4 in; ASTM A216 WCB,ASTM A216 WCB,4 in,,,Painted,NOS,valve,globe valve,,,ASTM A216 WCB,4 in,,,,,,,,,,ASTM A216 WCB; API 623,API 623; 4 in; ASTM A216 WCB,painted,,,,,,Hindustan Mechanical,HIN-271-50,NOS,10,False,,COATING_FROM_STRUCTURED_FIELD; FAMILY_VALVE; GRADE_FROM_STRUCTURED_FIELD; MANUFACTURER_FROM_FIELD; PART_NO_FROM_FIELD; SIZE_INCH; STANDARD_FROM_SPECIFICATION; TYPE_GLOBE_VALVE; UNIT_FROM_FIELD,description; specification; structured_field
ONGC-518997,ONGC,HYDRAULIC HOSE 1-1/2 in,hydraulic hose 1-1/2 in,Hoses,Hydraulic Hose,SAE 100 R2; 1-1/2 in; 1000 mm,Synthetic Rubber,1-1/2 in,1000 mm,,Rubber,MTR,hose,hydraulic hose,,synthetic rubber,Synthetic Rubber,1-1/2 in,,1000 mm,,,,,,,,SAE 100 R2,SAE 100 R2; 1-1/2 in; 1000 mm,rubber,,,,,,Supreme Engineering,SUP-373-75,MTR,12,False,,COATING_FROM_STRUCTURED_FIELD; FAMILY_HOSE; GRADE_FROM_STRUCTURED_FIELD; LENGTH_FROM_FIELD; MANUFACTURER_FROM_FIELD; MATERIAL_SYNTHETIC_RUBBER; PART_NO_FROM_FIELD; SIZE_FRACTION_INCH; STANDARD_FROM_SPECIFICATION; TYPE_FROM_MATERIAL_TYPE; UNIT_FROM_FIELD,description; specification; structured_field
CPCL-908467,CPCL,PROCESS PUMP 50 mm,process pump 50 mm,Pumps,Centrifugal Pump,API 610; 50 mm; SS 316,SS 316,50 mm,,,Painted,NOS,pump,centrifugal pump,,stainless steel,SS 316,50 mm,,,,,,,,,,API 610,API 610; 50 mm; SS 316,painted,,,,,,Supreme Engineering,SUP-996-49,NOS,11,False,,COATING_FROM_STRUCTURED_FIELD; FAMILY_PUMP; GRADE_FROM_STRUCTURED_FIELD; MANUFACTURER_FROM_FIELD; MATERIAL_STAINLESS_STEEL; PART_NO_FROM_FIELD; SIZE_MM; STANDARD_FROM_SPECIFICATION; TYPE_CENTRIFUGAL_PUMP; UNIT_FROM_FIELD,description; specification; structured_field
CPCL-489483,CPCL,90 DEGREE ELBOW 6 in ASME B16.9,90 degree elbow 6 in asme b16.9,Pipes & Fittings,Elbow,ASME B16.9; 6 in; ASTM A234 WPB,ASTM A234 WPB,6 in,,,Bare,MTR,pipe/fitting,elbow,,,ASTM A234 WPB,6 in,,,,,,,,,90°,ASTM A234; ASME B16.9,ASME B16.9; 6 in; ASTM A234 WPB,bare,,,,,,Supreme Engineering,SUP-625-40,MTR,11,False,,COATING_FROM_STRUCTURED_FIELD; ELBOW_ANGLE; FAMILY_FITTING; GRADE_FROM_STRUCTURED_FIELD; MANUFACTURER_FROM_FIELD; PART_NO_FROM_FIELD; SIZE_INCH; STANDARD_FROM_SPECIFICATION; TYPE_FROM_MATERIAL_TYPE; UNIT_FROM_FIELD,description; specification; structured_field
IOCL-900816,IOCL,PLAIN WASHER M12 GALVANIZED,plain washer m12 galvanized,Fasteners,Washer,IS 2016; M12; Galvanized,Carbon Steel,M12,,,Galvanized,NOS,fastener,washer,,carbon steel,Carbon Steel,M12,,,,,,,,,,IS 2016,IS 2016; M12; Galvanized,galvanized,,,,,,Bharat Industrial Works,BHA-913-88,NOS,11,False,,COATING_FROM_STRUCTURED_FIELD; FAMILY_FASTENER; GRADE_FROM_STRUCTURED_FIELD; MANUFACTURER_FROM_FIELD; MATERIAL_CARBON_STEEL; PART_NO_FROM_FIELD; SIZE_METRIC_BOLT; STANDARD_FROM_SPECIFICATION; TYPE_FROM_MATERIAL_TYPE; UNIT_FROM_FIELD,description; specification; structured_field
ONGC-259712,ONGC,HIGH PRESSURE HYDRAULIC HOSE 1-1/2 in,high pressure hydraulic hose 1-1/2 in,Hoses,Hydraulic Hose,SAE 100 R2; 1-1/2 in; 5000 mm,Synthetic Rubber,1-1/2 in,5000 mm,,Rubber,MTR,hose,hydraulic hose,,synthetic rubber,Synthetic Rubber,1-1/2 in,,5000 mm,,,,,,,,SAE 100 R2,SAE 100 R2; 1-1/2 in; 5000 mm,rubber,,,,,,Metro Pumps & Valves,MET-746-24,MTR,12,False,,COATING_FROM_STRUCTURED_FIELD; FAMILY_HOSE; GRADE_FROM_STRUCTURED_FIELD; LENGTH_FROM_FIELD; MANUFACTURER_FROM_FIELD; MATERIAL_SYNTHETIC_RUBBER; PART_NO_FROM_FIELD; SIZE_FRACTION_INCH; STANDARD_FROM_SPECIFICATION; TYPE_FROM_MATERIAL_TYPE; UNIT_FROM_FIELD,description; specification; structured_field
IOCL-128597,IOCL,PROCESS PUMP 25 mm,process pump 25 mm,Pumps,Centrifugal Pump,API 610; 25 mm; SS 316,SS 316,25 mm,,,Painted,NOS,pump,centrifugal pump,,stainless steel,SS 316,25 mm,,,,,,,,,,API 610,API 610; 25 mm; SS 316,painted,,,,,,National Bearing Works,NAT-560-77,NOS,11,False,,COATING_FROM_STRUCTURED_FIELD; FAMILY_PUMP; GRADE_FROM_STRUCTURED_FIELD; MANUFACTURER_FROM_FIELD; MATERIAL_STAINLESS_STEEL; PART_NO_FROM_FIELD; SIZE_MM; STANDARD_FROM_SPECIFICATION; TYPE_CENTRIFUGAL_PUMP; UNIT_FROM_FIELD,description; specification; structured_field
CPCL-357647,CPCL,PRESSURE INDICATOR 0-10 bar,pressure indicator 0-10 bar,Instrumentation,Pressure Gauge,EN 837-1; Range 0-10 bar,SS 304,0-10 bar,,,SS,NOS,instrumentation,pressure gauge,,stainless steel,SS 304,0-10 bar,,,,,,,,,,EN 837-1,EN 837-1; Range 0-10 bar,stainless steel,,,,,,Precision Fasteners,PRE-415-38,NOS,11,False,,COATING_FROM_STRUCTURED_FIELD; FAMILY_INSTRUMENTATION; GRADE_FROM_STRUCTURED_FIELD; MANUFACTURER_FROM_FIELD; MATERIAL_STAINLESS_STEEL; PART_NO_FROM_FIELD; SIZE_PRESSURE_RANGE; STANDARD_FROM_SPECIFICATION; TYPE_FROM_MATERIAL_TYPE; UNIT_FROM_FIELD,description; specification; structured_field
HPCL-977953,HPCL,SPIRAL WOUND GASKET 4 in Graphite/SS 316,spiral wound gasket 4 in graphite/stainless steel 316,Seals,Gasket,ASME B16.20; 4 in; Graphite/SS 316,Graphite/SS 316,4 in,,,SS,NOS,seal/gasket,gasket,,stainless steel,Graphite/SS 316,4 in,,,,,,,,,,ASME B16.20,ASME B16.20; 4 in; Graphite/SS 316,stainless steel,,,,,,Bharat Industrial Works,BHA-204-49,NOS,11,True,material_grade: 'Graphite/SS 316' vs 'SS 316'; material_type: 'gasket' vs 'spiral wound gasket',COATING_FROM_STRUCTURED_FIELD; FAMILY_SEAL; GRADE_FROM_STRUCTURED_FIELD; MANUFACTURER_FROM_FIELD; MATERIAL_STAINLESS_STEEL; PART_NO_FROM_FIELD; SIZE_INCH; STANDARD_FROM_SPECIFICATION; TYPE_FROM_MATERIAL_TYPE; UNIT_FROM_FIELD,description; specification; structured_field
ONGC-155255,ONGC,GLOBE VALVE FLANGED 3 in,globe valve flanged 3 in,Valves,Globe Valve,API 623; 3 in; ASTM A216 WCB,ASTM A216 WCB,3 in,,,Painted,NOS,valve,globe valve,,,ASTM A216 WCB,3 in,,,,,,,,,,ASTM A216 WCB; API 623,API 623; 3 in; ASTM A216 WCB,painted,flanged,,,,,Prime Electricals,PRI-395-87,NOS,11,False,,COATING_FROM_STRUCTURED_FIELD; CONNECTION_FLANGED; FAMILY_VALVE; GRADE_FROM_STRUCTURED_FIELD; MANUFACTURER_FROM_FIELD; PART_NO_FROM_FIELD; SIZE_INCH; STANDARD_FROM_SPECIFICATION; TYPE_GLOBE_VALVE; UNIT_FROM_FIELD,description; specification; structured_field
ONGC-480001,ONGC,GLOBE VALVE FLANGED 2 in ASTM A216 WCB,globe valve flanged 2 in astm a216 wcb,Valves,Globe Valve,API 623; 2 in; ASTM A216 WCB,ASTM A216 WCB,2 in,,,Painted,NOS,valve,globe valve,,,ASTM A216 WCB,2 in,,,,,,,,,,ASTM A216 WCB; API 623,API 623; 2 in; ASTM A216 WCB,painted,flanged,,,,,National Bearing Works,NAT-609-75,NOS,11,True,material_grade: 'ASTM A216 WCB' vs 'WCB',COATING_FROM_STRUCTURED_FIELD; CONNECTION_FLANGED; FAMILY_VALVE; GRADE_A105; MANUFACTURER_FROM_FIELD; PART_NO_FROM_FIELD; SIZE_INCH; STANDARD_FROM_SPECIFICATION; TYPE_GLOBE_VALVE; UNIT_FROM_FIELD,description; specification; structured_field
IOCL-352541,IOCL,HYD HOSE 1 in 5000 MM,hyd hose 1 in 5000 mm,Hoses,Hydraulic Hose,SAE 100 R2; 1 in; 5000 mm,Synthetic Rubber,1 in,5000 mm,,Rubber,MTR,hose,hydraulic hose,,synthetic rubber,Synthetic Rubber,1 in,,5000 mm,,,,,,,,SAE 100 R2,SAE 100 R2; 1 in; 5000 mm,rubber,,,,,,Eastern Cables,EAS-712-50,MTR,12,False,,COATING_FROM_STRUCTURED_FIELD; FAMILY_HOSE; GRADE_FROM_STRUCTURED_FIELD; LENGTH_FROM_FIELD; MANUFACTURER_FROM_FIELD; MATERIAL_SYNTHETIC_RUBBER; PART_NO_FROM_FIELD; SIZE_INCH; STANDARD_FROM_SPECIFICATION; TYPE_FROM_MATERIAL_TYPE; UNIT_FROM_FIELD,description; specification; structured_field
IOCL-783868,IOCL,HEXAGONAL NUT M8 ZINC PLATED,hexagonal nut m8 zinc plated,Fasteners,Nut,IS 1364; M8; Zinc Plated,Carbon Steel,M8,,,Zinc Plated,NOS,fastener,nut,hex,carbon steel,Carbon Steel,M8,,,,,,,,,,IS 1364,IS 1364; M8; Zinc Plated,zinc plated,,,,,,Precision Fasteners,PRE-229-90,NOS,12,False,,COATING_FROM_STRUCTURED_FIELD; FAMILY_FASTENER; GRADE_FROM_STRUCTURED_FIELD; MANUFACTURER_FROM_FIELD; MATERIAL_CARBON_STEEL; PART_NO_FROM_FIELD; SIZE_METRIC_BOLT; STANDARD_FROM_SPECIFICATION; SUBTYPE_HEX; TYPE_FROM_MATERIAL_TYPE; UNIT_FROM_FIELD,description; specification; structured_field
HPCL-217996,HPCL,XLPE CABLE 16 sq mm,xlpe cable 16 sq mm,Electrical,Cable,IS 7098; 16 sq mm; 100 m,XLPE Aluminium,16 sq mm,100 mm,,PVC,MTR,electrical,cable,,xlpe,XLPE Aluminium,16 sq mm,,100 mm,,,,,,,,IS 7098,IS 7098; 16 sq mm; 100 m,pvc,,,,,,Eastern Cables,EAS-900-23,MTR,12,False,,COATING_FROM_STRUCTURED_FIELD; FAMILY_ELECTRICAL; GRADE_FROM_STRUCTURED_FIELD; LENGTH_FROM_FIELD; MANUFACTURER_FROM_FIELD; MATERIAL_XLPE; PART_NO_FROM_FIELD; SIZE_SQMM_CABLE; STANDARD_FROM_SPECIFICATION; TYPE_FROM_MATERIAL_TYPE; UNIT_FROM_FIELD,description; specification; structured_field
HPCL-670453,HPCL,RTD SENSOR 4-wire,rtd sensor 4-wire,Instrumentation,Temperature Sensor,IEC 60751; 4-wire; 300 mm,Pt100,4-wire,300 mm,8 mm,SS,NOS,instrumentation,temperature sensor,,,Pt100,4-wire,,300 mm,,,8 mm,,,,,IEC 60751,IEC 60751; 4-wire; 300 mm,stainless steel,,,,,,Precision Fasteners,PRE-254-26,NOS,12,False,,COATING_FROM_STRUCTURED_FIELD; DIAMETER_FROM_FIELD; FAMILY_INSTRUMENTATION; GRADE_FROM_STRUCTURED_FIELD; LENGTH_FROM_FIELD; MANUFACTURER_FROM_FIELD; PART_NO_FROM_FIELD; SIZE_FROM_STRUCTURED_FIELD; STANDARD_FROM_SPECIFICATION; TYPE_FROM_MATERIAL_TYPE; UNIT_FROM_FIELD,specification; structured_field
ONGC-227923,ONGC,POWER CABLE 6 sq mm XLPE Copper,power cable 6 sq mm xlpe copper,Electrical,Cable,IS 7098; 6 sq mm; 100 m,XLPE Copper,6 sq mm,100 mm,,PVC,MTR,electrical,cable,,xlpe,XLPE Copper,6 sq mm,,100 mm,,,,,,,,IS 7098,IS 7098; 6 sq mm; 100 m,pvc,,,,,,Hindustan Mechanical,HIN-180-12,MTR,12,False,,COATING_FROM_STRUCTURED_FIELD; FAMILY_ELECTRICAL; GRADE_FROM_STRUCTURED_FIELD; LENGTH_FROM_FIELD; MANUFACTURER_FROM_FIELD; MATERIAL_XLPE; PART_NO_FROM_FIELD; SIZE_SQMM_CABLE; STANDARD_FROM_SPECIFICATION; TYPE_FROM_MATERIAL_TYPE; UNIT_FROM_FIELD,description; specification; structured_field
HPCL-822894,HPCL,HEX HEAD BOLT M10 X 100 GALVANIZED,hexagonal head bolt m10 x 100 galvanized,Fasteners,Bolt,IS 1363; M20 x 100 mm; Galvanized,Carbon Steel,M20,100 mm,20 mm,Galvanized,NOS,fastener,bolt,,carbon steel,Carbon Steel,M20,,100 mm,,,20 mm,,,,,IS 1363,IS 1363; M20 x 100 mm; Galvanized,galvanized,,,,,,Bharat Industrial Works,BHA-286-64,NOS,13,True,size: 'M20' vs 'M10',COATING_FROM_STRUCTURED_FIELD; DIAMETER_FROM_FIELD; FAMILY_FASTENER; GRADE_FROM_STRUCTURED_FIELD; LENGTH_FROM_FIELD; MANUFACTURER_FROM_FIELD; MATERIAL_CARBON_STEEL; PART_NO_FROM_FIELD; SIZE_FROM_STRUCTURED_FIELD; STANDARD_FROM_SPECIFICATION; TYPE_FROM_MATERIAL_TYPE; UNIT_FROM_FIELD,description; specification; structured_field
ONGC-752719,ONGC,XLPE CABLE 6 sq mm,xlpe cable 6 sq mm,Electrical,Cable,IS 7098; 6 sq mm; 500 m,XLPE Copper,6 sq mm,500 mm,,PVC,MTR,electrical,cable,,xlpe,XLPE Copper,6 sq mm,,500 mm,,,,,,,,IS 7098,IS 7098; 6 sq mm; 500 m,pvc,,,,,,ABC Industrial Products,ABC-257-21,MTR,12,False,,COATING_FROM_STRUCTURED_FIELD; FAMILY_ELECTRICAL; GRADE_FROM_STRUCTURED_FIELD; LENGTH_FROM_FIELD; MANUFACTURER_FROM_FIELD; MATERIAL_XLPE; PART_NO_FROM_FIELD; SIZE_SQMM_CABLE; STANDARD_FROM_SPECIFICATION; TYPE_FROM_MATERIAL_TYPE; UNIT_FROM_FIELD,description; specification; structured_field
CPCL-394539,CPCL,PRESSURE SAFETY VALVE 4 in,pressure safety valve 4 in,Safety,Safety Valve,API 526; 4 in; SS 316,SS 316,4 in,,,SS,NOS,safety,safety valve,,stainless steel,SS 316,4 in,,,,,,,,,,API 526,API 526; 4 in; SS 316,stainless steel,,,,,,ABC Industrial Products,ABC-262-62,NOS,11,True,material_family: 'safety' vs 'valve',COATING_FROM_STRUCTURED_FIELD; FAMILY_SAFETY; GRADE_FROM_STRUCTURED_FIELD; MANUFACTURER_FROM_FIELD; MATERIAL_STAINLESS_STEEL; PART_NO_FROM_FIELD; SIZE_INCH; STANDARD_FROM_SPECIFICATION; TYPE_SAFETY_VALVE; UNIT_FROM_FIELD,description; specification; structured_field
CPCL-833476,CPCL,CARTRIDGE FUSE 5 A,cartridge fuse 5 a,Electrical,Fuse,IS 13703; 5 A,Ceramic,5 A,,,,MTR,electrical,fuse,,,Ceramic,5 A,,,,,,,,,,IS 13703,IS 13703; 5 A,,,,,,,Precision Fasteners,PRE-123-65,MTR,9,False,,FAMILY_ELECTRICAL; GRADE_FROM_STRUCTURED_FIELD; MANUFACTURER_FROM_FIELD; PART_NO_FROM_FIELD; SIZE_FROM_STRUCTURED_FIELD; STANDARD_FROM_SPECIFICATION; TYPE_FROM_MATERIAL_TYPE; UNIT_FROM_FIELD,description; specification; structured_field
CPCL-411672,CPCL,EP GEAR OIL ISO VG 220,ep gear oil iso vg 220,Lubricants,Lubricant,IS 10522; ISO VG 220,Mineral Oil,ISO VG 220,,,,LTR,lubricant,lubricant,,mineral oil,Mineral Oil,ISO VG 220,,,,,,,,,,ISO VG 220; IS 10522,IS 10522; ISO VG 220,,,,,,,Metro Pumps & Valves,MET-483-58,LTR,10,False,,FAMILY_LUBRICANT; GRADE_FROM_STRUCTURED_FIELD; MANUFACTURER_FROM_FIELD; MATERIAL_MINERAL_OIL; PART_NO_FROM_FIELD; SIZE_VG_ISO_LUBE; STANDARD_FROM_SPECIFICATION; TYPE_FROM_MATERIAL_TYPE; UNIT_FROM_FIELD,description; specification; structured_field
HPCL-236423,HPCL,PT100 RTD 4-wire 300,pt100 rtd 4-wire 300,Instrumentation,Temperature Sensor,IEC 60751; 4-wire; 300 mm,Pt100,4-wire,300 mm,8 mm,SS,NOS,instrumentation,temperature sensor,,,Pt100,4-wire,,300 mm,,,8 mm,,,,,IEC 60751,IEC 60751; 4-wire; 300 mm,stainless steel,,,,,,National Bearing Works,NAT-707-23,NOS,12,False,,COATING_FROM_STRUCTURED_FIELD; DIAMETER_FROM_FIELD; FAMILY_INSTRUMENTATION; GRADE_FROM_STRUCTURED_FIELD; LENGTH_FROM_FIELD; MANUFACTURER_FROM_FIELD; PART_NO_FROM_FIELD; SIZE_FROM_STRUCTURED_FIELD; STANDARD_FROM_SPECIFICATION; TYPE_FROM_MATERIAL_TYPE; UNIT_FROM_FIELD,specification; structured_field
IOCL-599289,IOCL,FLOATING BALL VALVE 2 in,floating ball valve 2 in,Valves,Ball Valve,API 608; 2 in; SS 316,SS 316,2 in,,,SS,NOS,valve,ball valve,,stainless steel,SS 316,2 in,,,,,,,,,,API 608,API 608; 2 in; SS 316,stainless steel,,,floating,,,Shree Valves & Fittings,SHR-838-79,NOS,12,False,,COATING_FROM_STRUCTURED_FIELD; CONSTRUCTION_FLOATING; FAMILY_VALVE; GRADE_FROM_STRUCTURED_FIELD; MANUFACTURER_FROM_FIELD; MATERIAL_STAINLESS_STEEL; PART_NO_FROM_FIELD; SIZE_INCH; STANDARD_FROM_SPECIFICATION; TYPE_BALL_VALVE; UNIT_FROM_FIELD,description; specification; structured_field
CPCL-393162,CPCL,GATE VALVE FLANGED 3 in ASTM A216 WCB,gate valve flanged 3 in astm a216 wcb,Valves,Gate Valve,API 600; 3 in; ASTM A216 WCB,ASTM A216 WCB,3 in,,,Painted,NOS,valve,gate valve,,,ASTM A216 WCB,3 in,,,,,,,,,,ASTM A216 WCB; API 600,API 600; 3 in; ASTM A216 WCB,painted,flanged,,,,,National Bearing Works,NAT-534-89,NOS,11,True,material_grade: 'ASTM A216 WCB' vs 'WCB',COATING_FROM_STRUCTURED_FIELD; CONNECTION_FLANGED; FAMILY_VALVE; GRADE_A105; MANUFACTURER_FROM_FIELD; PART_NO_FROM_FIELD; SIZE_INCH; STANDARD_FROM_SPECIFICATION; TYPE_GATE_VALVE; UNIT_FROM_FIELD,description; specification; structured_field
IOCL-520031,IOCL,POWER CABLE 25 sq mm XLPE Aluminium,power cable 25 sq mm xlpe aluminium,Electrical,Cable,IS 7098; 25 sq mm; 1000 m,XLPE Aluminium,25 sq mm,1000 mm,,PVC,MTR,electrical,cable,,xlpe,XLPE Aluminium,25 sq mm,,1000 mm,,,,,,,,IS 7098,IS 7098; 25 sq mm; 1000 m,pvc,,,,,,Larsen Engineering,LAR-669-76,MTR,12,False,,COATING_FROM_STRUCTURED_FIELD; FAMILY_ELECTRICAL; GRADE_FROM_STRUCTURED_FIELD; LENGTH_FROM_FIELD; MANUFACTURER_FROM_FIELD; MATERIAL_XLPE; PART_NO_FROM_FIELD; SIZE_SQMM_CABLE; STANDARD_FROM_SPECIFICATION; TYPE_FROM_MATERIAL_TYPE; UNIT_FROM_FIELD,description; specification; structured_field
IOCL-652634,IOCL,HEX HEAD BOLT M12-40 MM GALVANIZED,hexagonal head bolt m12-40 mm galvanized,Fasteners,Bolt,IS 1363; M12 x 40 mm; Galvanized,Carbon Steel,M12,40 mm,16 mm,Galvanized,NOS,fastener,bolt,,carbon steel,Carbon Steel,M12,,40 mm,,,16 mm,,,,,IS 1363,IS 1363; M12 x 40 mm; Galvanized,galvanized,,,,,,National Bearing Works,NAT-648-54,NOS,13,False,,COATING_FROM_STRUCTURED_FIELD; DIAMETER_FROM_FIELD; FAMILY_FASTENER; GRADE_FROM_STRUCTURED_FIELD; LENGTH_FROM_FIELD; MANUFACTURER_FROM_FIELD; MATERIAL_CARBON_STEEL; PART_NO_FROM_FIELD; SIZE_METRIC_BOLT; STANDARD_FROM_SPECIFICATION; TYPE_FROM_MATERIAL_TYPE; UNIT_FROM_FIELD,description; specification; structured_field
HPCL-516041,HPCL,PLAIN WASHER M12 ZINC PLATED,plain washer m12 zinc plated,Fasteners,Washer,IS 2016; M12; Zinc Plated,Carbon Steel,M12,,,Zinc Plated,NOS,fastener,washer,,carbon steel,Carbon Steel,M12,,,,,,,,,,IS 2016,IS 2016; M12; Zinc Plated,zinc plated,,,,,,Hindustan Mechanical,HIN-118-60,NOS,11,False,,COATING_FROM_STRUCTURED_FIELD; FAMILY_FASTENER; GRADE_FROM_STRUCTURED_FIELD; MANUFACTURER_FROM_FIELD; MATERIAL_CARBON_STEEL; PART_NO_FROM_FIELD; SIZE_METRIC_BOLT; STANDARD_FROM_SPECIFICATION; TYPE_FROM_MATERIAL_TYPE; UNIT_FROM_FIELD,description; specification; structured_field
HPCL-152728,HPCL,MATERIAL: HEX BOLT M10 X 60 MM,material: hexagonal bolt m10 x 60 mm,Fasteners,Bolt,IS 1363; M10 x 60 mm; Galvanized,Carbon Steel,M10,60 mm,10 mm,Galvanized,NOS,fastener,bolt,hex,carbon steel,Carbon Steel,M10,,60 mm,,,10 mm,,,,,IS 1363,IS 1363; M10 x 60 mm; Galvanized,galvanized,,,,,,Precision Fasteners,PRE-159-22,NOS,14,False,,COATING_FROM_STRUCTURED_FIELD; DIAMETER_FROM_FIELD; FAMILY_FASTENER; GRADE_FROM_STRUCTURED_FIELD; LENGTH_FROM_FIELD; MANUFACTURER_FROM_FIELD; MATERIAL_CARBON_STEEL; PART_NO_FROM_FIELD; SIZE_METRIC_BOLT; STANDARD_FROM_SPECIFICATION; SUBTYPE_HEX; TYPE_FROM_MATERIAL_TYPE; UNIT_FROM_FIELD,description; specification; structured_field
IOCL-515707,IOCL,FLOATING BALL VALVE 1 in,floating ball valve 1 in,Valves,Ball Valve,API 608; 1 in; SS 316,SS 316,1 in,,,SS,NOS,valve,ball valve,,stainless steel,SS 316,1 in,,,,,,,,,,API 608,API 608; 1 in; SS 316,stainless steel,,,floating,,,Eastern Cables,EAS-206-15,NOS,12,False,,COATING_FROM_STRUCTURED_FIELD; CONSTRUCTION_FLOATING; FAMILY_VALVE; GRADE_FROM_STRUCTURED_FIELD; MANUFACTURER_FROM_FIELD; MATERIAL_STAINLESS_STEEL; PART_NO_FROM_FIELD; SIZE_INCH; STANDARD_FROM_SPECIFICATION; TYPE_BALL_VALVE; UNIT_FROM_FIELD,description; specification; structured_field
HPCL-618041,HPCL,XLPE CABLE 35 sq mm,xlpe cable 35 sq mm,Electrical,Cable,IS 7098; 35 sq mm; 100 m,XLPE Aluminium,35 sq mm,100 mm,,PVC,MTR,electrical,cable,,xlpe,XLPE Aluminium,35 sq mm,,100 mm,,,,,,,,IS 7098,IS 7098; 35 sq mm; 100 m,pvc,,,,,,Apex Industrial Systems,APE-936-53,MTR,12,False,,COATING_FROM_STRUCTURED_FIELD; FAMILY_ELECTRICAL; GRADE_FROM_STRUCTURED_FIELD; LENGTH_FROM_FIELD; MANUFACTURER_FROM_FIELD; MATERIAL_XLPE; PART_NO_FROM_FIELD; SIZE_SQMM_CABLE; STANDARD_FROM_SPECIFICATION; TYPE_FROM_MATERIAL_TYPE; UNIT_FROM_FIELD,description; specification; structured_field
CPCL-722816,CPCL,SPIRAL GASKET 4 in,spiral gasket 4 in,Seals,Gasket,ASME B16.20; 4 in; Graphite/SS 316,Graphite/SS 316,4 in,,,SS,NOS,seal/gasket,gasket,,,Graphite/SS 316,4 in,,,,,,,,,,ASME B16.20,ASME B16.20; 4 in; Graphite/SS 316,stainless steel,,,,,,Bharat Industrial Works,BHA-147-56,NOS,10,True,material_type: 'gasket' vs 'spiral wound gasket',COATING_FROM_STRUCTURED_FIELD; FAMILY_SEAL; GRADE_FROM_STRUCTURED_FIELD; MANUFACTURER_FROM_FIELD; PART_NO_FROM_FIELD; SIZE_INCH; STANDARD_FROM_SPECIFICATION; TYPE_FROM_MATERIAL_TYPE; UNIT_FROM_FIELD,description; specification; structured_field
CPCL-997106,CPCL,FLANGE 4 in ASTM A105,flange 4 in astm a105,Pipes & Fittings,Flange,ASME B16.5; 4 in; ASTM A105,ASTM A105,4 in,,,Bare,MTR,pipe/fitting,flange,,,ASTM A105,4 in,,,,,,,,,,ASTM A105; ASME B16.5,ASME B16.5; 4 in; ASTM A105,bare,,,,,,Metro Pumps & Valves,MET-796-32,MTR,10,True,material_grade: 'ASTM A105' vs 'A105',COATING_FROM_STRUCTURED_FIELD; FAMILY_PIPE; GRADE_A105; MANUFACTURER_FROM_FIELD; PART_NO_FROM_FIELD; SIZE_INCH; STANDARD_FROM_SPECIFICATION; TYPE_FROM_MATERIAL_TYPE; UNIT_FROM_FIELD,description; specification; structured_field
CPCL-353054,CPCL,HEXAGONAL BOLT M8X30 GALVANIZED,hexagonal bolt m8x30 galvanized,Fasteners,Bolt,IS 1363; M8 x 30 mm; Galvanized,Carbon Steel,M8,30 mm,10 mm,Galvanized,NOS,fastener,bolt,hex,carbon steel,Carbon Steel,M8,,30 mm,,,10 mm,,,,,IS 1363,IS 1363; M8 x 30 mm; Galvanized,galvanized,,,,,,Metro Pumps & Valves,MET-543-65,NOS,14,True,size: 'M8' vs 'M8X30',COATING_FROM_STRUCTURED_FIELD; DIAMETER_FROM_FIELD; FAMILY_FASTENER; GRADE_FROM_STRUCTURED_FIELD; LENGTH_FROM_FIELD; MANUFACTURER_FROM_FIELD; MATERIAL_CARBON_STEEL; PART_NO_FROM_FIELD; SIZE_FROM_STRUCTURED_FIELD; STANDARD_FROM_SPECIFICATION; SUBTYPE_HEX; TYPE_FROM_MATERIAL_TYPE; UNIT_FROM_FIELD,description; specification; structured_field
HPCL-374977,HPCL,HIGH PRESSURE HYDRAULIC HOSE 1 in,high pressure hydraulic hose 1 in,Hoses,Hydraulic Hose,SAE 100 R2; 1 in; 5000 mm,Synthetic Rubber,1 in,5000 mm,,Rubber,MTR,hose,hydraulic hose,,synthetic rubber,Synthetic Rubber,1 in,,5000 mm,,,,,,,,SAE 100 R2,SAE 100 R2; 1 in; 5000 mm,rubber,,,,,,Larsen Engineering,LAR-227-29,MTR,12,False,,COATING_FROM_STRUCTURED_FIELD; FAMILY_HOSE; GRADE_FROM_STRUCTURED_FIELD; LENGTH_FROM_FIELD; MANUFACTURER_FROM_FIELD; MATERIAL_SYNTHETIC_RUBBER; PART_NO_FROM_FIELD; SIZE_INCH; STANDARD_FROM_SPECIFICATION; TYPE_FROM_MATERIAL_TYPE; UNIT_FROM_FIELD,description; specification; structured_field
HPCL-840433,HPCL,DEEP GROOVE BEARING 6207,deep groove bearing 6207,Bearings,Ball Bearing,ISO 15; Bearing 6207,Chrome Steel,6207,,,,NOS,bearing,ball bearing,deep groove,chrome steel,Chrome Steel,6207,,,,,,,,,,ISO 15,ISO 15; Bearing 6207,,,,,,6207,Apex Industrial Systems,APE-936-56,NOS,12,False,,BEARING_NUMBER; FAMILY_BEARING; GRADE_FROM_STRUCTURED_FIELD; MANUFACTURER_FROM_FIELD; MATERIAL_CHROME_STEEL; PART_NO_FROM_FIELD; SIZE_FROM_STRUCTURED_FIELD; STANDARD_FROM_SPECIFICATION; SUBTYPE_DEEP_GROOVE; TYPE_BALL_BEARING; UNIT_FROM_FIELD,description; specification; structured_field
IOCL-520878,IOCL,GLOBE VALVE FLANGED 4 in ASTM A216 WCB,globe valve flanged 4 in astm a216 wcb,Valves,Globe Valve,API 623; 4 in; ASTM A216 WCB,ASTM A216 WCB,4 in,,,Painted,NOS,valve,globe valve,,,ASTM A216 WCB,4 in,,,,,,,,,,ASTM A216 WCB; API 623,API 623; 4 in; ASTM A216 WCB,painted,flanged,,,,,Shree Valves & Fittings,SHR-847-41,NOS,11,True,material_grade: 'ASTM A216 WCB' vs 'WCB',COATING_FROM_STRUCTURED_FIELD; CONNECTION_FLANGED; FAMILY_VALVE; GRADE_A105; MANUFACTURER_FROM_FIELD; PART_NO_FROM_FIELD; SIZE_INCH; STANDARD_FROM_SPECIFICATION; TYPE_GLOBE_VALVE; UNIT_FROM_FIELD,description; specification; structured_field
HPCL-573704,HPCL,WELD NECK FLANGE 1 in ASME B16.5,weld neck flange 1 in asme b16.5,Pipes & Fittings,Flange,ASME B16.5; 1 in; ASTM A105,ASTM A105,1 in,,,Bare,MTR,flange,weld neck flange,,,ASTM A105,1 in,,,,,,,,,,ASTM A105; ASME B16.5,ASME B16.5; 1 in; ASTM A105,bare,weld neck,,,,,Apex Industrial Systems,APE-370-12,MTR,11,False,,COATING_FROM_STRUCTURED_FIELD; CONNECTION_WELD_NECK; FAMILY_FLANGE; GRADE_FROM_STRUCTURED_FIELD; MANUFACTURER_FROM_FIELD; PART_NO_FROM_FIELD; SIZE_INCH; STANDARD_FROM_SPECIFICATION; TYPE_WELDNECK_FLANGE; UNIT_FROM_FIELD,description; specification; structured_field
IOCL-652150,IOCL,GLOBE VALVE FLANGED 2 in ASTM A216 WCB,globe valve flanged 2 in astm a216 wcb,Valves,Globe Valve,API 623; 2 in; ASTM A216 WCB,ASTM A216 WCB,2 in,,,Painted,NOS,valve,globe valve,,,ASTM A216 WCB,2 in,,,,,,,,,,ASTM A216 WCB; API 623,API 623; 2 in; ASTM A216 WCB,painted,flanged,,,,,National Bearing Works,NAT-323-88,NOS,11,True,material_grade: 'ASTM A216 WCB' vs 'WCB',COATING_FROM_STRUCTURED_FIELD; CONNECTION_FLANGED; FAMILY_VALVE; GRADE_A105; MANUFACTURER_FROM_FIELD; PART_NO_FROM_FIELD; SIZE_INCH; STANDARD_FROM_SPECIFICATION; TYPE_GLOBE_VALVE; UNIT_FROM_FIELD,description; specification; structured_field
IOCL-123602,IOCL,HIGH PRESSURE HYDRAULIC HOSE 1/2 in,high pressure hydraulic hose 1/2 in,Hoses,Hydraulic Hose,SAE 100 R2; 1/2 in; 1000 mm,Synthetic Rubber,1/2 in,1000 mm,,Rubber,MTR,hose,hydraulic hose,,synthetic rubber,Synthetic Rubber,1/2 in,,1000 mm,,,,,,,,SAE 100 R2,SAE 100 R2; 1/2 in; 1000 mm,rubber,,,,,,Eastern Cables,EAS-384-46,MTR,12,False,,COATING_FROM_STRUCTURED_FIELD; FAMILY_HOSE; GRADE_FROM_STRUCTURED_FIELD; LENGTH_FROM_FIELD; MANUFACTURER_FROM_FIELD; MATERIAL_SYNTHETIC_RUBBER; PART_NO_FROM_FIELD; SIZE_FRACTION_INCH; STANDARD_FROM_SPECIFICATION; TYPE_FROM_MATERIAL_TYPE; UNIT_FROM_FIELD,description; specification; structured_field
IOCL-237837,IOCL,PRESSURE RELIEF VALVE 4 in SS 316,pressure relief valve 4 in stainless steel 316,Safety,Safety Valve,API 526; 4 in; SS 316,SS 316,4 in,,,SS,NOS,safety,safety valve,,stainless steel,SS 316,4 in,,,,,,,,,,API 526,API 526; 4 in; SS 316,stainless steel,,,,,,Larsen Engineering,LAR-607-52,NOS,11,False,,COATING_FROM_STRUCTURED_FIELD; FAMILY_SAFETY; GRADE_SS316; MANUFACTURER_FROM_FIELD; MATERIAL_STAINLESS_STEEL; PART_NO_FROM_FIELD; SIZE_INCH; STANDARD_FROM_SPECIFICATION; TYPE_SAFETY_VALVE; UNIT_FROM_FIELD,description; specification; structured_field
HPCL-485291,HPCL,90 DEGREE ELBOW 3 in ASME B16.9,90 degree elbow 3 in asme b16.9,Pipes & Fittings,Elbow,ASME B16.9; 3 in; ASTM A234 WPB,ASTM A234 WPB,3 in,,,Bare,MTR,pipe/fitting,elbow,,,ASTM A234 WPB,3 in,,,,,,,,,90°,ASTM A234; ASME B16.9,ASME B16.9; 3 in; ASTM A234 WPB,bare,,,,,,Shree Valves & Fittings,SHR-337-12,MTR,11,False,,COATING_FROM_STRUCTURED_FIELD; ELBOW_ANGLE; FAMILY_FITTING; GRADE_FROM_STRUCTURED_FIELD; MANUFACTURER_FROM_FIELD; PART_NO_FROM_FIELD; SIZE_INCH; STANDARD_FROM_SPECIFICATION; TYPE_FROM_MATERIAL_TYPE; UNIT_FROM_FIELD,description; specification; structured_field
HPCL-989383,HPCL,HYD HOSE 3/4 in 5000 MM,hyd hose 3/4 in 5000 mm,Hoses,Hydraulic Hose,SAE 100 R2; 3/4 in; 5000 mm,Synthetic Rubber,3/4 in,5000 mm,,Rubber,MTR,hose,hydraulic hose,,synthetic rubber,Synthetic Rubber,3/4 in,,5000 mm,,,,,,,,SAE 100 R2,SAE 100 R2; 3/4 in; 5000 mm,rubber,,,,,,Hindustan Mechanical,HIN-476-54,MTR,12,False,,COATING_FROM_STRUCTURED_FIELD; FAMILY_HOSE; GRADE_FROM_STRUCTURED_FIELD; LENGTH_FROM_FIELD; MANUFACTURER_FROM_FIELD; MATERIAL_SYNTHETIC_RUBBER; PART_NO_FROM_FIELD; SIZE_FRACTION_INCH; STANDARD_FROM_SPECIFICATION; TYPE_FROM_MATERIAL_TYPE; UNIT_FROM_FIELD,description; specification; structured_field
HPCL-398925,HPCL,GEAR OIL EP 90,gear oil ep 90,Lubricants,Lubricant,IS 10522; EP 90,Mineral Oil,EP 90,,,,LTR,lubricant,lubricant,,mineral oil,Mineral Oil,EP 90,,,,,,,,,,IS 10522,IS 10522; EP 90,,,,,,,Hindustan Mechanical,HIN-309-23,LTR,10,False,,FAMILY_LUBRICANT; GRADE_FROM_STRUCTURED_FIELD; MANUFACTURER_FROM_FIELD; MATERIAL_MINERAL_OIL; PART_NO_FROM_FIELD; SIZE_VG_ISO_LUBE; STANDARD_FROM_SPECIFICATION; TYPE_FROM_MATERIAL_TYPE; UNIT_FROM_FIELD,description; specification; structured_field
HPCL-334379,HPCL,HEX NUT M16 ZINC PLATED,hexagonal nut m16 zinc plated,Fasteners,Nut,IS 1364; M16; Zinc Plated,Carbon Steel,M16,,,Zinc Plated,NOS,fastener,nut,hex,carbon steel,Carbon Steel,M16,,,,,,,,,,IS 1364,IS 1364; M16; Zinc Plated,zinc plated,,,,,,Bharat Industrial Works,BHA-430-65,NOS,12,False,,COATING_FROM_STRUCTURED_FIELD; FAMILY_FASTENER; GRADE_FROM_STRUCTURED_FIELD; MANUFACTURER_FROM_FIELD; MATERIAL_CARBON_STEEL; PART_NO_FROM_FIELD; SIZE_METRIC_BOLT; STANDARD_FROM_SPECIFICATION; SUBTYPE_HEX; TYPE_FROM_MATERIAL_TYPE; UNIT_FROM_FIELD,description; specification; structured_field
CPCL-632312,CPCL,RTD PT100 3-wire 300 MM,rtd pt100 3-wire 300 mm,Instrumentation,Temperature Sensor,IEC 60751; 3-wire; 300 mm,Pt100,3-wire,300 mm,10 mm,SS,NOS,instrumentation,temperature sensor,,,Pt100,3-wire,,300 mm,,,10 mm,,,,,IEC 60751,IEC 60751; 3-wire; 300 mm,stainless steel,,,,,,Supreme Engineering,SUP-980-66,NOS,12,True,size: '3-wire' vs '300 mm',COATING_FROM_STRUCTURED_FIELD; DIAMETER_FROM_FIELD; FAMILY_INSTRUMENTATION; GRADE_FROM_STRUCTURED_FIELD; LENGTH_FROM_FIELD; MANUFACTURER_FROM_FIELD; PART_NO_FROM_FIELD; SIZE_FROM_STRUCTURED_FIELD; STANDARD_FROM_SPECIFICATION; TYPE_FROM_MATERIAL_TYPE; UNIT_FROM_FIELD,specification; structured_field
IOCL-575988,IOCL,FLOATING BALL VALVE 4 in,floating ball valve 4 in,Valves,Ball Valve,API 608; 4 in; SS 316,SS 316,4 in,,,SS,NOS,valve,ball valve,,stainless steel,SS 316,4 in,,,,,,,,,,API 608,API 608; 4 in; SS 316,stainless steel,,,floating,,,Hindustan Mechanical,HIN-136-72,NOS,12,False,,COATING_FROM_STRUCTURED_FIELD; CONSTRUCTION_FLOATING; FAMILY_VALVE; GRADE_FROM_STRUCTURED_FIELD; MANUFACTURER_FROM_FIELD; MATERIAL_STAINLESS_STEEL; PART_NO_FROM_FIELD; SIZE_INCH; STANDARD_FROM_SPECIFICATION; TYPE_BALL_VALVE; UNIT_FROM_FIELD,description; specification; structured_field
HPCL-853195,HPCL,BALL VALVE 1 in API 608,ball valve 1 in api 608,Valves,Ball Valve,API 608; 1 in; SS 316,SS 316,1 in,,,SS,NOS,valve,ball valve,,stainless steel,SS 316,1 in,,,,,,,,,,API 608,API 608; 1 in; SS 316,stainless steel,,,,,,Hindustan Mechanical,HIN-107-72,NOS,11,False,,COATING_FROM_STRUCTURED_FIELD; FAMILY_VALVE; GRADE_FROM_STRUCTURED_FIELD; MANUFACTURER_FROM_FIELD; MATERIAL_STAINLESS_STEEL; PART_NO_FROM_FIELD; SIZE_INCH; STANDARD_FROM_SPECIFICATION; TYPE_BALL_VALVE; UNIT_FROM_FIELD,description; specification; structured_field
ONGC-507813,ONGC,FLAT WASHER M20,flat washer m20,Fasteners,Washer,IS 2016; M20; Galvanized,Carbon Steel,M20,,,Galvanized,NOS,fastener,washer,,carbon steel,Carbon Steel,M20,,,,,,,,,,IS 2016,IS 2016; M20; Galvanized,galvanized,,,,,,Hindustan Mechanical,HIN-838-39,NOS,11,False,,COATING_FROM_STRUCTURED_FIELD; FAMILY_FASTENER; GRADE_FROM_STRUCTURED_FIELD; MANUFACTURER_FROM_FIELD; MATERIAL_CARBON_STEEL; PART_NO_FROM_FIELD; SIZE_METRIC_BOLT; STANDARD_FROM_SPECIFICATION; TYPE_FROM_MATERIAL_TYPE; UNIT_FROM_FIELD,description; specification; structured_field
CPCL-599564,CPCL,HEX BOLT M12 X 60 MM GALVANIZED,hexagonal bolt m12 x 60 mm galvanized,Fasteners,Bolt,IS 1363; M12 x 60 mm; Galvanized,Carbon Steel,M12,60 mm,12 mm,Galvanized,NOS,fastener,bolt,hex,carbon steel,Carbon Steel,M12,,60 mm,,,12 mm,,,,,IS 1363,IS 1363; M12 x 60 mm; Galvanized,galvanized,,,,,,Larsen Engineering,LAR-534-68,NOS,14,False,,COATING_FROM_STRUCTURED_FIELD; DIAMETER_FROM_FIELD; FAMILY_FASTENER; GRADE_FROM_STRUCTURED_FIELD; LENGTH_FROM_FIELD; MANUFACTURER_FROM_FIELD; MATERIAL_CARBON_STEEL; PART_NO_FROM_FIELD; SIZE_METRIC_BOLT; STANDARD_FROM_SPECIFICATION; SUBTYPE_HEX; TYPE_FROM_MATERIAL_TYPE; UNIT_FROM_FIELD,description; specification; structured_field
IOCL-270974,IOCL,HEX NUT M8 ZINC PLATED,hexagonal nut m8 zinc plated,Fasteners,Nut,IS 1364; M8; Zinc Plated,Carbon Steel,M8,,,Zinc Plated,NOS,fastener,nut,hex,carbon steel,Carbon Steel,M8,,,,,,,,,,IS 1364,IS 1364; M8; Zinc Plated,zinc plated,,,,,,Prime Electricals,PRI-154-18,NOS,12,False,,COATING_FROM_STRUCTURED_FIELD; FAMILY_FASTENER; GRADE_FROM_STRUCTURED_FIELD; MANUFACTURER_FROM_FIELD; MATERIAL_CARBON_STEEL; PART_NO_FROM_FIELD; SIZE_METRIC_BOLT; STANDARD_FROM_SPECIFICATION; SUBTYPE_HEX; TYPE_FROM_MATERIAL_TYPE; UNIT_FROM_FIELD,description; specification; structured_field
IOCL-264528,IOCL,SWG 6 in,swg 6 in,Seals,Gasket,ASME B16.20; 6 in; Graphite/SS 316,Graphite/SS 316,6 in,,,SS,NOS,seal/gasket,gasket,,,Graphite/SS 316,6 in,,,,,,,,,,ASME B16.20,ASME B16.20; 6 in; Graphite/SS 316,stainless steel,,,,,,Apex Industrial Systems,APE-915-89,NOS,10,False,,COATING_FROM_STRUCTURED_FIELD; FAMILY_SEAL; GRADE_FROM_STRUCTURED_FIELD; MANUFACTURER_FROM_FIELD; PART_NO_FROM_FIELD; SIZE_INCH; STANDARD_FROM_SPECIFICATION; TYPE_FROM_MATERIAL_TYPE; UNIT_FROM_FIELD,description; specification; structured_field
HPCL-858213,HPCL,GATE VALVE FLANGED 6 in,gate valve flanged 6 in,Valves,Gate Valve,API 600; 6 in; ASTM A216 WCB,ASTM A216 WCB,6 in,,,Painted,NOS,valve,gate valve,,,ASTM A216 WCB,6 in,,,,,,,,,,ASTM A216 WCB; API 600,API 600; 6 in; ASTM A216 WCB,painted,flanged,,,,,Apex Industrial Systems,APE-784-51,NOS,11,False,,COATING_FROM_STRUCTURED_FIELD; CONNECTION_FLANGED; FAMILY_VALVE; GRADE_FROM_STRUCTURED_FIELD; MANUFACTURER_FROM_FIELD; PART_NO_FROM_FIELD; SIZE_INCH; STANDARD_FROM_SPECIFICATION; TYPE_GATE_VALVE; UNIT_FROM_FIELD,description; specification; structured_field
ONGC-415025,ONGC,FLANGE 3 in ASTM A105,flange 3 in astm a105,Pipes & Fittings,Flange,ASME B16.5; 3 in; ASTM A105,ASTM A105,3 in,,,Bare,MTR,pipe/fitting,flange,,,ASTM A105,3 in,,,,,,,,,,ASTM A105; ASME B16.5,ASME B16.5; 3 in; ASTM A105,bare,,,,,,Supreme Engineering,SUP-708-29,MTR,10,True,material_grade: 'ASTM A105' vs 'A105',COATING_FROM_STRUCTURED_FIELD; FAMILY_PIPE; GRADE_A105; MANUFACTURER_FROM_FIELD; PART_NO_FROM_FIELD; SIZE_INCH; STANDARD_FROM_SPECIFICATION; TYPE_FROM_MATERIAL_TYPE; UNIT_FROM_FIELD,description; specification; structured_field
IOCL-887655,IOCL,RTD PT100 4-wire 150 MM,rtd pt100 4-wire 150 mm,Instrumentation,Temperature Sensor,IEC 60751; 4-wire; 150 mm,Pt100,4-wire,150 mm,8 mm,SS,NOS,instrumentation,temperature sensor,,,Pt100,4-wire,,150 mm,,,8 mm,,,,,IEC 60751,IEC 60751; 4-wire; 150 mm,stainless steel,,,,,,Bharat Industrial Works,BHA-401-64,NOS,12,True,size: '4-wire' vs '150 mm',COATING_FROM_STRUCTURED_FIELD; DIAMETER_FROM_FIELD; FAMILY_INSTRUMENTATION; GRADE_FROM_STRUCTURED_FIELD; LENGTH_FROM_FIELD; MANUFACTURER_FROM_FIELD; PART_NO_FROM_FIELD; SIZE_FROM_STRUCTURED_FIELD; STANDARD_FROM_SPECIFICATION; TYPE_FROM_MATERIAL_TYPE; UNIT_FROM_FIELD,specification; structured_field
CPCL-864744,CPCL,PRESSURE GAUGE 0-10 bar,pressure gauge 0-10 bar,Instrumentation,Pressure Gauge,EN 837-1; Range 0-10 bar,SS 304,0-10 bar,,,SS,NOS,instrumentation,pressure gauge,,stainless steel,SS 304,0-10 bar,,,,,,,,,,EN 837-1,EN 837-1; Range 0-10 bar,stainless steel,,,,,,Metro Pumps & Valves,MET-833-31,NOS,11,False,,COATING_FROM_STRUCTURED_FIELD; FAMILY_INSTRUMENTATION; GRADE_FROM_STRUCTURED_FIELD; MANUFACTURER_FROM_FIELD; MATERIAL_STAINLESS_STEEL; PART_NO_FROM_FIELD; SIZE_PRESSURE_RANGE; STANDARD_FROM_SPECIFICATION; TYPE_FROM_MATERIAL_TYPE; UNIT_FROM_FIELD,description; specification; structured_field
CPCL-122748,CPCL,SWG 2 in,swg 2 in,Seals,Gasket,ASME B16.20; 2 in; Graphite/SS 316,Graphite/SS 316,2 in,,,SS,NOS,seal/gasket,gasket,,,Graphite/SS 316,2 in,,,,,,,,,,ASME B16.20,ASME B16.20; 2 in; Graphite/SS 316,stainless steel,,,,,,Eastern Cables,EAS-316-80,NOS,10,False,,COATING_FROM_STRUCTURED_FIELD; FAMILY_SEAL; GRADE_FROM_STRUCTURED_FIELD; MANUFACTURER_FROM_FIELD; PART_NO_FROM_FIELD; SIZE_INCH; STANDARD_FROM_SPECIFICATION; TYPE_FROM_MATERIAL_TYPE; UNIT_FROM_FIELD,description; specification; structured_field
ONGC-750505,ONGC,FLAT WASHER M16,flat washer m16,Fasteners,Washer,IS 2016; M16; Galvanized,Carbon Steel,M16,,,Galvanized,NOS,fastener,washer,,carbon steel,Carbon Steel,M16,,,,,,,,,,IS 2016,IS 2016; M16; Galvanized,galvanized,,,,,,Shree Valves & Fittings,SHR-676-55,NOS,11,False,,COATING_FROM_STRUCTURED_FIELD; FAMILY_FASTENER; GRADE_FROM_STRUCTURED_FIELD; MANUFACTURER_FROM_FIELD; MATERIAL_CARBON_STEEL; PART_NO_FROM_FIELD; SIZE_METRIC_BOLT; STANDARD_FROM_SPECIFICATION; TYPE_FROM_MATERIAL_TYPE; UNIT_FROM_FIELD,description; specification; structured_field
ONGC-659352,ONGC,SEAMLESS STEEL PIPE 1/2 in API 5L,seamless steel pipe 1/2 in api 5l,Pipes & Fittings,Pipe,API 5L; 1/2 in; ASTM A106 Gr.B,ASTM A106 Gr.B,1/2 in,6000 mm,,Black,MTR,pipe/fitting,pipe,,,ASTM A106 Gr.B,1/2 in,,6000 mm,,,,,,,,ASTM A106 Gr.B; API 5L,API 5L; 1/2 in; ASTM A106 Gr.B,black,,,seamless,,,Metro Pumps & Valves,MET-217-55,MTR,12,False,,COATING_FROM_STRUCTURED_FIELD; CONSTRUCTION_SEAMLESS; FAMILY_PIPE; GRADE_FROM_STRUCTURED_FIELD; LENGTH_FROM_FIELD; MANUFACTURER_FROM_FIELD; PART_NO_FROM_FIELD; SIZE_FRACTION_INCH; STANDARD_FROM_SPECIFICATION; TYPE_FROM_MATERIAL_TYPE; UNIT_FROM_FIELD,description; specification; structured_field
CPCL-608976,CPCL,PT100 RTD 3-wire 300,pt100 rtd 3-wire 300,Instrumentation,Temperature Sensor,IEC 60751; 3-wire; 300 mm,Pt100,3-wire,300 mm,10 mm,SS,NOS,instrumentation,temperature sensor,,,Pt100,3-wire,,300 mm,,,10 mm,,,,,IEC 60751,IEC 60751; 3-wire; 300 mm,stainless steel,,,,,,Hindustan Mechanical,HIN-394-41,NOS,12,False,,COATING_FROM_STRUCTURED_FIELD; DIAMETER_FROM_FIELD; FAMILY_INSTRUMENTATION; GRADE_FROM_STRUCTURED_FIELD; LENGTH_FROM_FIELD; MANUFACTURER_FROM_FIELD; PART_NO_FROM_FIELD; SIZE_FROM_STRUCTURED_FIELD; STANDARD_FROM_SPECIFICATION; TYPE_FROM_MATERIAL_TYPE; UNIT_FROM_FIELD,specification; structured_field
IOCL-837503,IOCL,HEXAGONAL BOLT M16 X 40MM,hexagonal bolt m16 x 40mm,Fasteners,Bolt,IS 1363; M16 x 40 mm; Zinc Plated,Carbon Steel,M16,40 mm,10 mm,Zinc Plated,NOS,fastener,bolt,hex,carbon steel,Carbon Steel,M16,,40 mm,,,10 mm,,,,,IS 1363,IS 1363; M16 x 40 mm; Zinc Plated,zinc plated,,,,,,National Bearing Works,NAT-761-61,NOS,14,False,,COATING_FROM_STRUCTURED_FIELD; DIAMETER_FROM_FIELD; FAMILY_FASTENER; GRADE_FROM_STRUCTURED_FIELD; LENGTH_FROM_FIELD; MANUFACTURER_FROM_FIELD; MATERIAL_CARBON_STEEL; PART_NO_FROM_FIELD; SIZE_METRIC_BOLT; STANDARD_FROM_SPECIFICATION; SUBTYPE_HEX; TYPE_FROM_MATERIAL_TYPE; UNIT_FROM_FIELD,description; specification; structured_field
ONGC-272207,ONGC,WASHER M8 GALVANIZED,washer m8 galvanized,Fasteners,Washer,IS 2016; M8; Galvanized,Carbon Steel,M8,,,Galvanized,NOS,fastener,washer,,carbon steel,Carbon Steel,M8,,,,,,,,,,IS 2016,IS 2016; M8; Galvanized,galvanized,,,,,,ABC Industrial Products,ABC-988-39,NOS,11,False,,COATING_FROM_STRUCTURED_FIELD; FAMILY_FASTENER; GRADE_FROM_STRUCTURED_FIELD; MANUFACTURER_FROM_FIELD; MATERIAL_CARBON_STEEL; PART_NO_FROM_FIELD; SIZE_METRIC_BOLT; STANDARD_FROM_SPECIFICATION; TYPE_FROM_MATERIAL_TYPE; UNIT_FROM_FIELD,description; specification; structured_field
HPCL-539082,HPCL,90 DEGREE ELBOW 2 in ASTM A234 WPB,90 degree elbow 2 in astm a234 wpb,Pipes & Fittings,Elbow,ASME B16.9; 2 in; ASTM A234 WPB,ASTM A234 WPB,2 in,,,Bare,MTR,pipe/fitting,elbow,,,ASTM A234 WPB,2 in,,,,,,,,,90°,ASTM A234; ASME B16.9,ASME B16.9; 2 in; ASTM A234 WPB,bare,,,,,,Precision Fasteners,PRE-435-64,MTR,11,True,material_grade: 'ASTM A234 WPB' vs 'ASTM A234'; material_grade: 'ASTM A234 WPB' vs 'WPB',COATING_FROM_STRUCTURED_FIELD; ELBOW_ANGLE; FAMILY_FITTING; GRADE_FROM_STRUCTURED_FIELD; MANUFACTURER_FROM_FIELD; PART_NO_FROM_FIELD; SIZE_INCH; STANDARD_FROM_SPECIFICATION; TYPE_FROM_MATERIAL_TYPE; UNIT_FROM_FIELD,description; specification; structured_field
ONGC-772388,ONGC,HEX NUT M8 ZINC PLATED,hexagonal nut m8 zinc plated,Fasteners,Nut,IS 1364; M8; Zinc Plated,Carbon Steel,M8,,,Zinc Plated,NOS,fastener,nut,hex,carbon steel,Carbon Steel,M8,,,,,,,,,,IS 1364,IS 1364; M8; Zinc Plated,zinc plated,,,,,,Apex Industrial Systems,APE-826-57,NOS,12,False,,COATING_FROM_STRUCTURED_FIELD; FAMILY_FASTENER; GRADE_FROM_STRUCTURED_FIELD; MANUFACTURER_FROM_FIELD; MATERIAL_CARBON_STEEL; PART_NO_FROM_FIELD; SIZE_METRIC_BOLT; STANDARD_FROM_SPECIFICATION; SUBTYPE_HEX; TYPE_FROM_MATERIAL_TYPE; UNIT_FROM_FIELD,description; specification; structured_field
CPCL-813982,CPCL,SEAMLESS STEEL PIPE 2 in API 5L,seamless steel pipe 2 in api 5l,Pipes & Fittings,Pipe,API 5L; 2 in; ASTM A106 Gr.B,ASTM A106 Gr.B,2 in,3000 mm,,Black,MTR,pipe/fitting,pipe,,,ASTM A106 Gr.B,2 in,,3000 mm,,,,,,,,ASTM A106 Gr.B; API 5L,API 5L; 2 in; ASTM A106 Gr.B,black,,,seamless,,,Precision Fasteners,PRE-536-71,MTR,12,False,,COATING_FROM_STRUCTURED_FIELD; CONSTRUCTION_SEAMLESS; FAMILY_PIPE; GRADE_FROM_STRUCTURED_FIELD; LENGTH_FROM_FIELD; MANUFACTURER_FROM_FIELD; PART_NO_FROM_FIELD; SIZE_INCH; STANDARD_FROM_SPECIFICATION; TYPE_FROM_MATERIAL_TYPE; UNIT_FROM_FIELD,description; specification; structured_field
IOCL-111019,IOCL,HIGH PRESSURE HYDRAULIC HOSE 1-1/2 in,high pressure hydraulic hose 1-1/2 in,Hoses,Hydraulic Hose,SAE 100 R2; 1-1/2 in; 1000 mm,Synthetic Rubber,1-1/2 in,1000 mm,,Rubber,MTR,hose,hydraulic hose,,synthetic rubber,Synthetic Rubber,1-1/2 in,,1000 mm,,,,,,,,SAE 100 R2,SAE 100 R2; 1-1/2 in; 1000 mm,rubber,,,,,,Apex Industrial Systems,APE-235-44,MTR,12,False,,COATING_FROM_STRUCTURED_FIELD; FAMILY_HOSE; GRADE_FROM_STRUCTURED_FIELD; LENGTH_FROM_FIELD; MANUFACTURER_FROM_FIELD; MATERIAL_SYNTHETIC_RUBBER; PART_NO_FROM_FIELD; SIZE_FRACTION_INCH; STANDARD_FROM_SPECIFICATION; TYPE_FROM_MATERIAL_TYPE; UNIT_FROM_FIELD,description; specification; structured_field
HPCL-988629,HPCL,XLPE CABLE 6 sq mm,xlpe cable 6 sq mm,Electrical,Cable,IS 7098; 6 sq mm; 100 m,XLPE Copper,6 sq mm,100 mm,,PVC,MTR,electrical,cable,,xlpe,XLPE Copper,6 sq mm,,100 mm,,,,,,,,IS 7098,IS 7098; 6 sq mm; 100 m,pvc,,,,,,Larsen Engineering,LAR-171-14,MTR,12,False,,COATING_FROM_STRUCTURED_FIELD; FAMILY_ELECTRICAL; GRADE_FROM_STRUCTURED_FIELD; LENGTH_FROM_FIELD; MANUFACTURER_FROM_FIELD; MATERIAL_XLPE; PART_NO_FROM_FIELD; SIZE_SQMM_CABLE; STANDARD_FROM_SPECIFICATION; TYPE_FROM_MATERIAL_TYPE; UNIT_FROM_FIELD,description; specification; structured_field
HPCL-897012,HPCL,GATE VALVE FLANGED 2 in ASTM A216 WCB,gate valve flanged 2 in astm a216 wcb,Valves,Gate Valve,API 600; 2 in; ASTM A216 WCB,ASTM A216 WCB,2 in,,,Painted,NOS,valve,gate valve,,,ASTM A216 WCB,2 in,,,,,,,,,,ASTM A216 WCB; API 600,API 600; 2 in; ASTM A216 WCB,painted,flanged,,,,,Larsen Engineering,LAR-680-69,NOS,11,True,material_grade: 'ASTM A216 WCB' vs 'WCB',COATING_FROM_STRUCTURED_FIELD; CONNECTION_FLANGED; FAMILY_VALVE; GRADE_A105; MANUFACTURER_FROM_FIELD; PART_NO_FROM_FIELD; SIZE_INCH; STANDARD_FROM_SPECIFICATION; TYPE_GATE_VALVE; UNIT_FROM_FIELD,description; specification; structured_field
IOCL-340548,IOCL,ELBOW 4 in ASTM A234 WPB,elbow 4 in astm a234 wpb,Pipes & Fittings,Elbow,ASME B16.9; 4 in; ASTM A234 WPB,ASTM A234 WPB,4 in,,,Bare,MTR,pipe/fitting,elbow,,,ASTM A234 WPB,4 in,,,,,,,,,,ASTM A234; ASME B16.9,ASME B16.9; 4 in; ASTM A234 WPB,bare,,,,,,Eastern Cables,EAS-241-84,MTR,10,True,material_grade: 'ASTM A234 WPB' vs 'ASTM A234'; material_grade: 'ASTM A234 WPB' vs 'WPB',COATING_FROM_STRUCTURED_FIELD; FAMILY_FITTING; GRADE_FROM_STRUCTURED_FIELD; MANUFACTURER_FROM_FIELD; PART_NO_FROM_FIELD; SIZE_INCH; STANDARD_FROM_SPECIFICATION; TYPE_FROM_MATERIAL_TYPE; UNIT_FROM_FIELD,description; specification; structured_field
HPCL-539126,HPCL,PRESSURE GAUGE 0-5 bar,pressure gauge 0-5 bar,Instrumentation,Pressure Gauge,EN 837-1; Range 0-5 bar,SS 304,0-5 bar,,,SS,NOS,instrumentation,pressure gauge,,stainless steel,SS 304,0-5 bar,,,,,,,,,,EN 837-1,EN 837-1; Range 0-5 bar,stainless steel,,,,,,Eastern Cables,EAS-744-21,NOS,11,False,,COATING_FROM_STRUCTURED_FIELD; FAMILY_INSTRUMENTATION; GRADE_FROM_STRUCTURED_FIELD; MANUFACTURER_FROM_FIELD; MATERIAL_STAINLESS_STEEL; PART_NO_FROM_FIELD; SIZE_PRESSURE_RANGE; STANDARD_FROM_SPECIFICATION; TYPE_FROM_MATERIAL_TYPE; UNIT_FROM_FIELD,description; specification; structured_field
HPCL-552701,HPCL,HEX HEAD BOLT M10 X 60 GALVANIZED,hexagonal head bolt m10 x 60 galvanized,Fasteners,Bolt,IS 1363; M12 x 60 mm; Galvanized,Carbon Steel,M12,60 mm,12 mm,Galvanized,NOS,fastener,bolt,,carbon steel,Carbon Steel,M12,,60 mm,,,12 mm,,,,,IS 1363,IS 1363; M12 x 60 mm; Galvanized,galvanized,,,,,,Supreme Engineering,SUP-794-42,NOS,13,True,size: 'M12' vs 'M10',COATING_FROM_STRUCTURED_FIELD; DIAMETER_FROM_FIELD; FAMILY_FASTENER; GRADE_FROM_STRUCTURED_FIELD; LENGTH_FROM_FIELD; MANUFACTURER_FROM_FIELD; MATERIAL_CARBON_STEEL; PART_NO_FROM_FIELD; SIZE_FROM_STRUCTURED_FIELD; STANDARD_FROM_SPECIFICATION; TYPE_FROM_MATERIAL_TYPE; UNIT_FROM_FIELD,description; specification; structured_field
CPCL-775983,CPCL,RTD PT100 4-wire 150 MM,rtd pt100 4-wire 150 mm,Instrumentation,Temperature Sensor,IEC 60751; 4-wire; 150 mm,Pt100,4-wire,150 mm,8 mm,SS,NOS,instrumentation,temperature sensor,,,Pt100,4-wire,,150 mm,,,8 mm,,,,,IEC 60751,IEC 60751; 4-wire; 150 mm,stainless steel,,,,,,Bharat Industrial Works,BHA-777-86,NOS,12,True,size: '4-wire' vs '150 mm',COATING_FROM_STRUCTURED_FIELD; DIAMETER_FROM_FIELD; FAMILY_INSTRUMENTATION; GRADE_FROM_STRUCTURED_FIELD; LENGTH_FROM_FIELD; MANUFACTURER_FROM_FIELD; PART_NO_FROM_FIELD; SIZE_FROM_STRUCTURED_FIELD; STANDARD_FROM_SPECIFICATION; TYPE_FROM_MATERIAL_TYPE; UNIT_FROM_FIELD,specification; structured_field
CPCL-311298,CPCL,FLOATING BALL VALVE 4 in SS 316,floating ball valve 4 in stainless steel 316,Valves,Ball Valve,API 608; 4 in; SS 316,SS 316,4 in,,,SS,NOS,valve,ball valve,,stainless steel,SS 316,4 in,,,,,,,,,,API 608,API 608; 4 in; SS 316,stainless steel,,,floating,,,Bharat Industrial Works,BHA-953-18,NOS,12,False,,COATING_FROM_STRUCTURED_FIELD; CONSTRUCTION_FLOATING; FAMILY_VALVE; GRADE_SS316; MANUFACTURER_FROM_FIELD; MATERIAL_STAINLESS_STEEL; PART_NO_FROM_FIELD; SIZE_INCH; STANDARD_FROM_SPECIFICATION; TYPE_BALL_VALVE; UNIT_FROM_FIELD,description; specification; structured_field
ONGC-145413,ONGC,DEEP GROOVE BEARING 6203,deep groove bearing 6203,Bearings,Ball Bearing,ISO 15; Bearing 6203,Chrome Steel,6203,,,,NOS,bearing,ball bearing,deep groove,chrome steel,Chrome Steel,6203,,,,,,,,,,ISO 15,ISO 15; Bearing 6203,,,,,,6203,Precision Fasteners,PRE-713-64,NOS,12,False,,BEARING_NUMBER; FAMILY_BEARING; GRADE_FROM_STRUCTURED_FIELD; MANUFACTURER_FROM_FIELD; MATERIAL_CHROME_STEEL; PART_NO_FROM_FIELD; SIZE_FROM_STRUCTURED_FIELD; STANDARD_FROM_SPECIFICATION; SUBTYPE_DEEP_GROOVE; TYPE_BALL_BEARING; UNIT_FROM_FIELD,description; specification; structured_field
CPCL-810730,CPCL,HRC FUSE 2 A,high rupturing capacity fuse 2 a,Electrical,Fuse,IS 13703; 2 A,Ceramic,2 A,,,,MTR,electrical,fuse,,,Ceramic,2 A,,,,,,,,,,IS 13703,IS 13703; 2 A,,,,,,,Prime Electricals,PRI-584-10,MTR,9,False,,FAMILY_ELECTRICAL; GRADE_FROM_STRUCTURED_FIELD; MANUFACTURER_FROM_FIELD; PART_NO_FROM_FIELD; SIZE_FROM_STRUCTURED_FIELD; STANDARD_FROM_SPECIFICATION; TYPE_FROM_MATERIAL_TYPE; UNIT_FROM_FIELD,description; specification; structured_field
ONGC-592400,ONGC,HEXAGONAL HEAD BOLT M8 X 40,hexagonal head bolt m8 x 40,Fasteners,Bolt,IS 1363; M8 x 40 mm; Zinc Plated,Carbon Steel,M8,40 mm,8 mm,Zinc Plated,NOS,fastener,bolt,,carbon steel,Carbon Steel,M8,,40 mm,,,8 mm,,,,,IS 1363,IS 1363; M8 x 40 mm; Zinc Plated,zinc plated,,,,,,Hindustan Mechanical,HIN-307-46,NOS,13,False,,COATING_FROM_STRUCTURED_FIELD; DIAMETER_FROM_FIELD; FAMILY_FASTENER; GRADE_FROM_STRUCTURED_FIELD; LENGTH_FROM_FIELD; MANUFACTURER_FROM_FIELD; MATERIAL_CARBON_STEEL; PART_NO_FROM_FIELD; SIZE_METRIC_BOLT; STANDARD_FROM_SPECIFICATION; TYPE_FROM_MATERIAL_TYPE; UNIT_FROM_FIELD,description; specification; structured_field
ONGC-744538,ONGC,HRC FUSE 10 A,high rupturing capacity fuse 10 a,Electrical,Fuse,IS 13703; 10 A,Ceramic,10 A,,,,MTR,electrical,fuse,,,Ceramic,10 A,,,,,,,,,,IS 13703,IS 13703; 10 A,,,,,,,ABC Industrial Products,ABC-482-63,MTR,9,False,,FAMILY_ELECTRICAL; GRADE_FROM_STRUCTURED_FIELD; MANUFACTURER_FROM_FIELD; PART_NO_FROM_FIELD; SIZE_FROM_STRUCTURED_FIELD; STANDARD_FROM_SPECIFICATION; TYPE_FROM_MATERIAL_TYPE; UNIT_FROM_FIELD,description; specification; structured_field
ONGC-563610,ONGC,BOURDON PRESSURE GAUGE 0-25 bar,bourdon pressure gauge 0-25 bar,Instrumentation,Pressure Gauge,EN 837-1; Range 0-25 bar,SS 304,0-25 bar,,,SS,NOS,instrumentation,pressure gauge,,stainless steel,SS 304,0-25 bar,,,,,,,,,,EN 837-1,EN 837-1; Range 0-25 bar,stainless steel,,,,,,Prime Electricals,PRI-640-50,NOS,11,False,,COATING_FROM_STRUCTURED_FIELD; FAMILY_INSTRUMENTATION; GRADE_FROM_STRUCTURED_FIELD; MANUFACTURER_FROM_FIELD; MATERIAL_STAINLESS_STEEL; PART_NO_FROM_FIELD; SIZE_PRESSURE_RANGE; STANDARD_FROM_SPECIFICATION; TYPE_FROM_MATERIAL_TYPE; UNIT_FROM_FIELD,description; specification; structured_field
HPCL-676762,HPCL,PIPE 3 in ASTM A106 Gr.B,pipe 3 in astm a106 gr.b,Pipes & Fittings,Pipe,API 5L; 3 in; ASTM A106 Gr.B,ASTM A106 Gr.B,3 in,6000 mm,,Bare,MTR,pipe/fitting,pipe,,,ASTM A106 Gr.B,3 in,,6000 mm,,,,,,,,ASTM A106 Gr.B; API 5L,API 5L; 3 in; ASTM A106 Gr.B,bare,,,,,,National Bearing Works,NAT-297-27,MTR,11,True,material_grade: 'ASTM A106 Gr.B' vs 'ASTM A106 GR.B'; material_grade: 'ASTM A106 Gr.B' vs 'A106',COATING_FROM_STRUCTURED_FIELD; FAMILY_PIPE; GRADE_FROM_STRUCTURED_FIELD; LENGTH_FROM_FIELD; MANUFACTURER_FROM_FIELD; PART_NO_FROM_FIELD; SIZE_INCH; STANDARD_FROM_SPECIFICATION; TYPE_FROM_MATERIAL_TYPE; UNIT_FROM_FIELD,description; specification; structured_field
ONGC-834528,ONGC,POWER CABLE 6 sq mm XLPE Copper,power cable 6 sq mm xlpe copper,Electrical,Cable,IS 7098; 6 sq mm; 1000 m,XLPE Copper,6 sq mm,1000 mm,,PVC,MTR,electrical,cable,,xlpe,XLPE Copper,6 sq mm,,1000 mm,,,,,,,,IS 7098,IS 7098; 6 sq mm; 1000 m,pvc,,,,,,Shree Valves & Fittings,SHR-738-21,MTR,12,False,,COATING_FROM_STRUCTURED_FIELD; FAMILY_ELECTRICAL; GRADE_FROM_STRUCTURED_FIELD; LENGTH_FROM_FIELD; MANUFACTURER_FROM_FIELD; MATERIAL_XLPE; PART_NO_FROM_FIELD; SIZE_SQMM_CABLE; STANDARD_FROM_SPECIFICATION; TYPE_FROM_MATERIAL_TYPE; UNIT_FROM_FIELD,description; specification; structured_field
HPCL-707180,HPCL,FLOATING BALL VALVE 1/2 in,floating ball valve 1/2 in,Valves,Ball Valve,API 608; 1/2 in; SS 316,SS 316,1/2 in,,,SS,NOS,valve,ball valve,,stainless steel,SS 316,1/2 in,,,,,,,,,,API 608,API 608; 1/2 in; SS 316,stainless steel,,,floating,,,Eastern Cables,EAS-595-50,NOS,12,False,,COATING_FROM_STRUCTURED_FIELD; CONSTRUCTION_FLOATING; FAMILY_VALVE; GRADE_FROM_STRUCTURED_FIELD; MANUFACTURER_FROM_FIELD; MATERIAL_STAINLESS_STEEL; PART_NO_FROM_FIELD; SIZE_FRACTION_INCH; STANDARD_FROM_SPECIFICATION; TYPE_BALL_VALVE; UNIT_FROM_FIELD,description; specification; structured_field
IOCL-932727,IOCL,SEAMLESS STEEL PIPE 6 in API 5L,seamless steel pipe 6 in api 5l,Pipes & Fittings,Pipe,API 5L; 6 in; ASTM A106 Gr.B,ASTM A106 Gr.B,6 in,6000 mm,,Black,MTR,pipe/fitting,pipe,,,ASTM A106 Gr.B,6 in,,6000 mm,,,,,,,,ASTM A106 Gr.B; API 5L,API 5L; 6 in; ASTM A106 Gr.B,black,,,seamless,,,Shree Valves & Fittings,SHR-388-29,MTR,12,False,,COATING_FROM_STRUCTURED_FIELD; CONSTRUCTION_SEAMLESS; FAMILY_PIPE; GRADE_FROM_STRUCTURED_FIELD; LENGTH_FROM_FIELD; MANUFACTURER_FROM_FIELD; PART_NO_FROM_FIELD; SIZE_INCH; STANDARD_FROM_SPECIFICATION; TYPE_FROM_MATERIAL_TYPE; UNIT_FROM_FIELD,description; specification; structured_field
IOCL-852651,IOCL,GATE VALVE 6 in API 600,gate valve 6 in api 600,Valves,Gate Valve,API 600; 6 in; ASTM A216 WCB,ASTM A216 WCB,6 in,,,Painted,NOS,valve,gate valve,,,ASTM A216 WCB,6 in,,,,,,,,,,ASTM A216 WCB; API 600,API 600; 6 in; ASTM A216 WCB,painted,,,,,,Shree Valves & Fittings,SHR-595-91,NOS,10,False,,COATING_FROM_STRUCTURED_FIELD; FAMILY_VALVE; GRADE_FROM_STRUCTURED_FIELD; MANUFACTURER_FROM_FIELD; PART_NO_FROM_FIELD; SIZE_INCH; STANDARD_FROM_SPECIFICATION; TYPE_GATE_VALVE; UNIT_FROM_FIELD,description; specification; structured_field
HPCL-898075,HPCL,GLOBE VALVE FLANGED 2 in,globe valve flanged 2 in,Valves,Globe Valve,API 623; 2 in; ASTM A216 WCB,ASTM A216 WCB,2 in,,,Painted,NOS,valve,globe valve,,,ASTM A216 WCB,2 in,,,,,,,,,,ASTM A216 WCB; API 623,API 623; 2 in; ASTM A216 WCB,painted,flanged,,,,,Larsen Engineering,LAR-458-74,NOS,11,False,,COATING_FROM_STRUCTURED_FIELD; CONNECTION_FLANGED; FAMILY_VALVE; GRADE_FROM_STRUCTURED_FIELD; MANUFACTURER_FROM_FIELD; PART_NO_FROM_FIELD; SIZE_INCH; STANDARD_FROM_SPECIFICATION; TYPE_GLOBE_VALVE; UNIT_FROM_FIELD,description; specification; structured_field
HPCL-917893,HPCL,HRC FUSE 10 A,high rupturing capacity fuse 10 a,Electrical,Fuse,IS 13703; 10 A,Ceramic,10 A,,,,MTR,electrical,fuse,,,Ceramic,10 A,,,,,,,,,,IS 13703,IS 13703; 10 A,,,,,,,Prime Electricals,PRI-501-28,MTR,9,False,,FAMILY_ELECTRICAL; GRADE_FROM_STRUCTURED_FIELD; MANUFACTURER_FROM_FIELD; PART_NO_FROM_FIELD; SIZE_FROM_STRUCTURED_FIELD; STANDARD_FROM_SPECIFICATION; TYPE_FROM_MATERIAL_TYPE; UNIT_FROM_FIELD,description; specification; structured_field
IOCL-132479,IOCL,SPIRAL GASKET 6 in,spiral gasket 6 in,Seals,Gasket,ASME B16.20; 6 in; Graphite/SS 316,Graphite/SS 316,6 in,,,SS,NOS,seal/gasket,gasket,,,Graphite/SS 316,6 in,,,,,,,,,,ASME B16.20,ASME B16.20; 6 in; Graphite/SS 316,stainless steel,,,,,,Eastern Cables,EAS-821-73,NOS,10,True,material_type: 'gasket' vs 'spiral wound gasket',COATING_FROM_STRUCTURED_FIELD; FAMILY_SEAL; GRADE_FROM_STRUCTURED_FIELD; MANUFACTURER_FROM_FIELD; PART_NO_FROM_FIELD; SIZE_INCH; STANDARD_FROM_SPECIFICATION; TYPE_FROM_MATERIAL_TYPE; UNIT_FROM_FIELD,description; specification; structured_field
ONGC-455970,ONGC,ELBOW 6 in ASTM A234 WPB,elbow 6 in astm a234 wpb,Pipes & Fittings,Elbow,ASME B16.9; 6 in; ASTM A234 WPB,ASTM A234 WPB,6 in,,,Bare,MTR,pipe/fitting,elbow,,,ASTM A234 WPB,6 in,,,,,,,,,,ASTM A234; ASME B16.9,ASME B16.9; 6 in; ASTM A234 WPB,bare,,,,,,Hindustan Mechanical,HIN-590-98,MTR,10,True,material_grade: 'ASTM A234 WPB' vs 'ASTM A234'; material_grade: 'ASTM A234 WPB' vs 'WPB',COATING_FROM_STRUCTURED_FIELD; FAMILY_FITTING; GRADE_FROM_STRUCTURED_FIELD; MANUFACTURER_FROM_FIELD; PART_NO_FROM_FIELD; SIZE_INCH; STANDARD_FROM_SPECIFICATION; TYPE_FROM_MATERIAL_TYPE; UNIT_FROM_FIELD,description; specification; structured_field
CPCL-666844,CPCL,SAFETY VALVE 4 in,safety valve 4 in,Safety,Safety Valve,API 526; 4 in; SS 316,SS 316,4 in,,,SS,NOS,safety,safety valve,,stainless steel,SS 316,4 in,,,,,,,,,,API 526,API 526; 4 in; SS 316,stainless steel,,,,,,Prime Electricals,PRI-361-47,NOS,11,True,material_family: 'safety' vs 'valve',COATING_FROM_STRUCTURED_FIELD; FAMILY_SAFETY; GRADE_FROM_STRUCTURED_FIELD; MANUFACTURER_FROM_FIELD; MATERIAL_STAINLESS_STEEL; PART_NO_FROM_FIELD; SIZE_INCH; STANDARD_FROM_SPECIFICATION; TYPE_SAFETY_VALVE; UNIT_FROM_FIELD,description; specification; structured_field
IOCL-107135,IOCL,GLOBE VALVE FLANGED 4 in ASTM A216 WCB,globe valve flanged 4 in astm a216 wcb,Valves,Globe Valve,API 623; 4 in; ASTM A216 WCB,ASTM A216 WCB,4 in,,,Painted,NOS,valve,globe valve,,,ASTM A216 WCB,4 in,,,,,,,,,,ASTM A216 WCB; API 623,API 623; 4 in; ASTM A216 WCB,painted,flanged,,,,,Shree Valves & Fittings,SHR-908-61,NOS,11,True,material_grade: 'ASTM A216 WCB' vs 'WCB',COATING_FROM_STRUCTURED_FIELD; CONNECTION_FLANGED; FAMILY_VALVE; GRADE_A105; MANUFACTURER_FROM_FIELD; PART_NO_FROM_FIELD; SIZE_INCH; STANDARD_FROM_SPECIFICATION; TYPE_GLOBE_VALVE; UNIT_FROM_FIELD,description; specification; structured_field
CPCL-676122,CPCL,HIGH PRESSURE HYDRAULIC HOSE 1/2 in,high pressure hydraulic hose 1/2 in,Hoses,Hydraulic Hose,SAE 100 R2; 1/2 in; 1000 mm,Synthetic Rubber,1/2 in,1000 mm,,Rubber,MTR,hose,hydraulic hose,,synthetic rubber,Synthetic Rubber,1/2 in,,1000 mm,,,,,,,,SAE 100 R2,SAE 100 R2; 1/2 in; 1000 mm,rubber,,,,,,Prime Electricals,PRI-457-35,MTR,12,False,,COATING_FROM_STRUCTURED_FIELD; FAMILY_HOSE; GRADE_FROM_STRUCTURED_FIELD; LENGTH_FROM_FIELD; MANUFACTURER_FROM_FIELD; MATERIAL_SYNTHETIC_RUBBER; PART_NO_FROM_FIELD; SIZE_FRACTION_INCH; STANDARD_FROM_SPECIFICATION; TYPE_FROM_MATERIAL_TYPE; UNIT_FROM_FIELD,description; specification; structured_field
ONGC-165810,ONGC,GEAR OIL ISO VG 320,gear oil iso vg 320,Lubricants,Lubricant,IS 10522; ISO VG 320,Mineral Oil,ISO VG 320,,,,LTR,lubricant,lubricant,,mineral oil,Mineral Oil,ISO VG 320,,,,,,,,,,ISO VG 320; IS 10522,IS 10522; ISO VG 320,,,,,,,Precision Fasteners,PRE-480-26,LTR,10,False,,FAMILY_LUBRICANT; GRADE_FROM_STRUCTURED_FIELD; MANUFACTURER_FROM_FIELD; MATERIAL_MINERAL_OIL; PART_NO_FROM_FIELD; SIZE_VG_ISO_LUBE; STANDARD_FROM_SPECIFICATION; TYPE_FROM_MATERIAL_TYPE; UNIT_FROM_FIELD,description; specification; structured_field
HPCL-284129,HPCL,GLOBE VALVE FLANGED 2 in ASTM A216 WCB,globe valve flanged 2 in astm a216 wcb,Valves,Globe Valve,API 623; 2 in; ASTM A216 WCB,ASTM A216 WCB,2 in,,,Painted,NOS,valve,globe valve,,,ASTM A216 WCB,2 in,,,,,,,,,,ASTM A216 WCB; API 623,API 623; 2 in; ASTM A216 WCB,painted,flanged,,,,,Metro Pumps & Valves,MET-283-59,NOS,11,True,material_grade: 'ASTM A216 WCB' vs 'WCB',COATING_FROM_STRUCTURED_FIELD; CONNECTION_FLANGED; FAMILY_VALVE; GRADE_A105; MANUFACTURER_FROM_FIELD; PART_NO_FROM_FIELD; SIZE_INCH; STANDARD_FROM_SPECIFICATION; TYPE_GLOBE_VALVE; UNIT_FROM_FIELD,description; specification; structured_field
ONGC-536992,ONGC,HEX BOLT M10-40 ZINC PLATED,hexagonal bolt m10-40 zinc plated,Fasteners,Bolt,IS 1363; M10 x 40 mm; Zinc Plated,Carbon Steel,M10,40 mm,16 mm,Zinc Plated,NOS,fastener,bolt,hex,carbon steel,Carbon Steel,M10,,40 mm,,,16 mm,,,,,IS 1363,IS 1363; M10 x 40 mm; Zinc Plated,zinc plated,,,,,,ABC Industrial Products,ABC-160-45,NOS,14,False,,COATING_FROM_STRUCTURED_FIELD; DIAMETER_FROM_FIELD; FAMILY_FASTENER; GRADE_FROM_STRUCTURED_FIELD; LENGTH_FROM_FIELD; MANUFACTURER_FROM_FIELD; MATERIAL_CARBON_STEEL; PART_NO_FROM_FIELD; SIZE_METRIC_BOLT; STANDARD_FROM_SPECIFICATION; SUBTYPE_HEX; TYPE_FROM_MATERIAL_TYPE; UNIT_FROM_FIELD,description; specification; structured_field
HPCL-278481,HPCL,CARTRIDGE FUSE 63 A,cartridge fuse 63 a,Electrical,Fuse,IS 13703; 63 A,Ceramic,63 A,,,,MTR,electrical,fuse,,,Ceramic,63 A,,,,,,,,,,IS 13703,IS 13703; 63 A,,,,,,,Apex Industrial Systems,APE-845-10,MTR,9,False,,FAMILY_ELECTRICAL; GRADE_FROM_STRUCTURED_FIELD; MANUFACTURER_FROM_FIELD; PART_NO_FROM_FIELD; SIZE_FROM_STRUCTURED_FIELD; STANDARD_FROM_SPECIFICATION; TYPE_FROM_MATERIAL_TYPE; UNIT_FROM_FIELD,description; specification; structured_field
ONGC-908531,ONGC,FLAT WASHER M16,flat washer m16,Fasteners,Washer,IS 2016; M16; Zinc Plated,Carbon Steel,M16,,,Zinc Plated,NOS,fastener,washer,,carbon steel,Carbon Steel,M16,,,,,,,,,,IS 2016,IS 2016; M16; Zinc Plated,zinc plated,,,,,,ABC Industrial Products,ABC-384-64,NOS,11,False,,COATING_FROM_STRUCTURED_FIELD; FAMILY_FASTENER; GRADE_FROM_STRUCTURED_FIELD; MANUFACTURER_FROM_FIELD; MATERIAL_CARBON_STEEL; PART_NO_FROM_FIELD; SIZE_METRIC_BOLT; STANDARD_FROM_SPECIFICATION; TYPE_FROM_MATERIAL_TYPE; UNIT_FROM_FIELD,description; specification; structured_field
HPCL-565724,HPCL,RTD PT100 4-wire 500 MM,rtd pt100 4-wire 500 mm,Instrumentation,Temperature Sensor,IEC 60751; 4-wire; 500 mm,Pt100,4-wire,500 mm,8 mm,SS,NOS,instrumentation,temperature sensor,,,Pt100,4-wire,,500 mm,,,8 mm,,,,,IEC 60751,IEC 60751; 4-wire; 500 mm,stainless steel,,,,,,Prime Electricals,PRI-559-31,NOS,12,True,size: '4-wire' vs '500 mm',COATING_FROM_STRUCTURED_FIELD; DIAMETER_FROM_FIELD; FAMILY_INSTRUMENTATION; GRADE_FROM_STRUCTURED_FIELD; LENGTH_FROM_FIELD; MANUFACTURER_FROM_FIELD; PART_NO_FROM_FIELD; SIZE_FROM_STRUCTURED_FIELD; STANDARD_FROM_SPECIFICATION; TYPE_FROM_MATERIAL_TYPE; UNIT_FROM_FIELD,specification; structured_field
HPCL-529325,HPCL,HYD HOSE 1/2 in 5000 MM,hyd hose 1/2 in 5000 mm,Hoses,Hydraulic Hose,SAE 100 R2; 1/2 in; 5000 mm,Synthetic Rubber,1/2 in,5000 mm,,Rubber,MTR,hose,hydraulic hose,,synthetic rubber,Synthetic Rubber,1/2 in,,5000 mm,,,,,,,,SAE 100 R2,SAE 100 R2; 1/2 in; 5000 mm,rubber,,,,,,Apex Industrial Systems,APE-289-95,MTR,12,False,,COATING_FROM_STRUCTURED_FIELD; FAMILY_HOSE; GRADE_FROM_STRUCTURED_FIELD; LENGTH_FROM_FIELD; MANUFACTURER_FROM_FIELD; MATERIAL_SYNTHETIC_RUBBER; PART_NO_FROM_FIELD; SIZE_FRACTION_INCH; STANDARD_FROM_SPECIFICATION; TYPE_FROM_MATERIAL_TYPE; UNIT_FROM_FIELD,description; specification; structured_field
IOCL-711773,IOCL,GATE VALVE FLANGED 3 in,gate valve flanged 3 in,Valves,Gate Valve,API 600; 3 in; ASTM A216 WCB,ASTM A216 WCB,3 in,,,Painted,NOS,valve,gate valve,,,ASTM A216 WCB,3 in,,,,,,,,,,ASTM A216 WCB; API 600,API 600; 3 in; ASTM A216 WCB,painted,flanged,,,,,Hindustan Mechanical,HIN-930-86,NOS,11,False,,COATING_FROM_STRUCTURED_FIELD; CONNECTION_FLANGED; FAMILY_VALVE; GRADE_FROM_STRUCTURED_FIELD; MANUFACTURER_FROM_FIELD; PART_NO_FROM_FIELD; SIZE_INCH; STANDARD_FROM_SPECIFICATION; TYPE_GATE_VALVE; UNIT_FROM_FIELD,description; specification; structured_field
ONGC-773407,ONGC,POWER CABLE 1.5 sq mm XLPE Copper,power cable 1.5 sq mm xlpe copper,Electrical,Cable,IS 7098; 1.5 sq mm; 100 m,XLPE Copper,1.5 sq mm,100 mm,,PVC,MTR,electrical,cable,,xlpe,XLPE Copper,1.5 sq mm,,100 mm,,,,,,,,IS 7098,IS 7098; 1.5 sq mm; 100 m,pvc,,,,,,Hindustan Mechanical,HIN-776-98,MTR,12,False,,COATING_FROM_STRUCTURED_FIELD; FAMILY_ELECTRICAL; GRADE_FROM_STRUCTURED_FIELD; LENGTH_FROM_FIELD; MANUFACTURER_FROM_FIELD; MATERIAL_XLPE; PART_NO_FROM_FIELD; SIZE_SQMM_CABLE; STANDARD_FROM_SPECIFICATION; TYPE_FROM_MATERIAL_TYPE; UNIT_FROM_FIELD,description; specification; structured_field
ONGC-998181,ONGC,4 sq mm SQ MM POWER CABLE,4 sq mm sq mm power cable,Electrical,Cable,IS 7098; 4 sq mm; 100 m,XLPE Copper,4 sq mm,100 mm,,PVC,MTR,electrical,cable,,xlpe,XLPE Copper,4 sq mm,,100 mm,,,,,,,,IS 7098,IS 7098; 4 sq mm; 100 m,pvc,,,,,,Hindustan Mechanical,HIN-800-19,MTR,12,False,,COATING_FROM_STRUCTURED_FIELD; FAMILY_ELECTRICAL; GRADE_FROM_STRUCTURED_FIELD; LENGTH_FROM_FIELD; MANUFACTURER_FROM_FIELD; MATERIAL_XLPE; PART_NO_FROM_FIELD; SIZE_SQMM_CABLE; STANDARD_FROM_SPECIFICATION; TYPE_FROM_MATERIAL_TYPE; UNIT_FROM_FIELD,description; specification; structured_field
ONGC-854134,ONGC,HRC CARTRIDGE 63 A,high rupturing capacity cartridge 63 a,Electrical,Fuse,IS 13703; 63 A,Ceramic,63 A,,,,MTR,electrical,fuse,,,Ceramic,63 A,,,,,,,,,,IS 13703,IS 13703; 63 A,,,,,,,Supreme Engineering,SUP-565-73,MTR,9,False,,FAMILY_ELECTRICAL; GRADE_FROM_STRUCTURED_FIELD; MANUFACTURER_FROM_FIELD; PART_NO_FROM_FIELD; SIZE_FROM_STRUCTURED_FIELD; STANDARD_FROM_SPECIFICATION; TYPE_FROM_MATERIAL_TYPE; UNIT_FROM_FIELD,description; specification; structured_field
ONGC-656679,ONGC,BALL VALVE 3 in API 608,ball valve 3 in api 608,Valves,Ball Valve,API 608; 3 in; SS 316,SS 316,3 in,,,SS,NOS,valve,ball valve,,stainless steel,SS 316,3 in,,,,,,,,,,API 608,API 608; 3 in; SS 316,stainless steel,,,,,,ABC Industrial Products,ABC-512-83,NOS,11,False,,COATING_FROM_STRUCTURED_FIELD; FAMILY_VALVE; GRADE_FROM_STRUCTURED_FIELD; MANUFACTURER_FROM_FIELD; MATERIAL_STAINLESS_STEEL; PART_NO_FROM_FIELD; SIZE_INCH; STANDARD_FROM_SPECIFICATION; TYPE_BALL_VALVE; UNIT_FROM_FIELD,description; specification; structured_field
ONGC-840387,ONGC,WELD NECK FLANGE 2 in ASTM A105,weld neck flange 2 in astm a105,Pipes & Fittings,Flange,ASME B16.5; 2 in; ASTM A105,ASTM A105,2 in,,,Bare,MTR,flange,weld neck flange,,,ASTM A105,2 in,,,,,,,,,,ASTM A105; ASME B16.5,ASME B16.5; 2 in; ASTM A105,bare,weld neck,,,,,Larsen Engineering,LAR-660-31,MTR,11,True,material_grade: 'ASTM A105' vs 'A105',COATING_FROM_STRUCTURED_FIELD; CONNECTION_WELD_NECK; FAMILY_FLANGE; GRADE_A105; MANUFACTURER_FROM_FIELD; PART_NO_FROM_FIELD; SIZE_INCH; STANDARD_FROM_SPECIFICATION; TYPE_WELDNECK_FLANGE; UNIT_FROM_FIELD,description; specification; structured_field
IOCL-987244,IOCL,GATE VALVE FLANGED 6 in,gate valve flanged 6 in,Valves,Gate Valve,API 600; 6 in; ASTM A216 WCB,ASTM A216 WCB,6 in,,,Painted,NOS,valve,gate valve,,,ASTM A216 WCB,6 in,,,,,,,,,,ASTM A216 WCB; API 600,API 600; 6 in; ASTM A216 WCB,painted,flanged,,,,,Larsen Engineering,LAR-594-53,NOS,11,False,,COATING_FROM_STRUCTURED_FIELD; CONNECTION_FLANGED; FAMILY_VALVE; GRADE_FROM_STRUCTURED_FIELD; MANUFACTURER_FROM_FIELD; PART_NO_FROM_FIELD; SIZE_INCH; STANDARD_FROM_SPECIFICATION; TYPE_GATE_VALVE; UNIT_FROM_FIELD,description; specification; structured_field
HPCL-227444,HPCL,XLPE CABLE 35 sq mm,xlpe cable 35 sq mm,Electrical,Cable,IS 7098; 35 sq mm; 500 m,XLPE Aluminium,35 sq mm,500 mm,,PVC,MTR,electrical,cable,,xlpe,XLPE Aluminium,35 sq mm,,500 mm,,,,,,,,IS 7098,IS 7098; 35 sq mm; 500 m,pvc,,,,,,National Bearing Works,NAT-788-11,MTR,12,False,,COATING_FROM_STRUCTURED_FIELD; FAMILY_ELECTRICAL; GRADE_FROM_STRUCTURED_FIELD; LENGTH_FROM_FIELD; MANUFACTURER_FROM_FIELD; MATERIAL_XLPE; PART_NO_FROM_FIELD; SIZE_SQMM_CABLE; STANDARD_FROM_SPECIFICATION; TYPE_FROM_MATERIAL_TYPE; UNIT_FROM_FIELD,description; specification; structured_field
ONGC-137546,ONGC,POWER CABLE 6 sq mm XLPE Copper,power cable 6 sq mm xlpe copper,Electrical,Cable,IS 7098; 6 sq mm; 100 m,XLPE Copper,6 sq mm,100 mm,,PVC,MTR,electrical,cable,,xlpe,XLPE Copper,6 sq mm,,100 mm,,,,,,,,IS 7098,IS 7098; 6 sq mm; 100 m,pvc,,,,,,Larsen Engineering,LAR-282-70,MTR,12,False,,COATING_FROM_STRUCTURED_FIELD; FAMILY_ELECTRICAL; GRADE_FROM_STRUCTURED_FIELD; LENGTH_FROM_FIELD; MANUFACTURER_FROM_FIELD; MATERIAL_XLPE; PART_NO_FROM_FIELD; SIZE_SQMM_CABLE; STANDARD_FROM_SPECIFICATION; TYPE_FROM_MATERIAL_TYPE; UNIT_FROM_FIELD,description; specification; structured_field
CPCL-210645,CPCL,XLPE CABLE 10 sq mm,xlpe cable 10 sq mm,Electrical,Cable,IS 7098; 10 sq mm; 100 m,XLPE Copper,10 sq mm,100 mm,,PVC,MTR,electrical,cable,,xlpe,XLPE Copper,10 sq mm,,100 mm,,,,,,,,IS 7098,IS 7098; 10 sq mm; 100 m,pvc,,,,,,Larsen Engineering,LAR-581-10,MTR,12,False,,COATING_FROM_STRUCTURED_FIELD; FAMILY_ELECTRICAL; GRADE_FROM_STRUCTURED_FIELD; LENGTH_FROM_FIELD; MANUFACTURER_FROM_FIELD; MATERIAL_XLPE; PART_NO_FROM_FIELD; SIZE_SQMM_CABLE; STANDARD_FROM_SPECIFICATION; TYPE_FROM_MATERIAL_TYPE; UNIT_FROM_FIELD,description; specification; structured_field
CPCL-504322,CPCL,ELBOW 1 in ASTM A234 WPB,elbow 1 in astm a234 wpb,Pipes & Fittings,Elbow,ASME B16.9; 1 in; ASTM A234 WPB,ASTM A234 WPB,1 in,,,Bare,MTR,pipe/fitting,elbow,,,ASTM A234 WPB,1 in,,,,,,,,,,ASTM A234; ASME B16.9,ASME B16.9; 1 in; ASTM A234 WPB,bare,,,,,,Prime Electricals,PRI-902-60,MTR,10,True,material_grade: 'ASTM A234 WPB' vs 'ASTM A234'; material_grade: 'ASTM A234 WPB' vs 'WPB',COATING_FROM_STRUCTURED_FIELD; FAMILY_FITTING; GRADE_FROM_STRUCTURED_FIELD; MANUFACTURER_FROM_FIELD; PART_NO_FROM_FIELD; SIZE_INCH; STANDARD_FROM_SPECIFICATION; TYPE_FROM_MATERIAL_TYPE; UNIT_FROM_FIELD,description; specification; structured_field
CPCL-747521,CPCL,CARTRIDGE FUSE 32 A,cartridge fuse 32 a,Electrical,Fuse,IS 13703; 32 A,Ceramic,32 A,,,,MTR,electrical,fuse,,,Ceramic,32 A,,,,,,,,,,IS 13703,IS 13703; 32 A,,,,,,,Apex Industrial Systems,APE-786-78,MTR,9,False,,FAMILY_ELECTRICAL; GRADE_FROM_STRUCTURED_FIELD; MANUFACTURER_FROM_FIELD; PART_NO_FROM_FIELD; SIZE_FROM_STRUCTURED_FIELD; STANDARD_FROM_SPECIFICATION; TYPE_FROM_MATERIAL_TYPE; UNIT_FROM_FIELD,description; specification; structured_field
IOCL-619338,IOCL,RTD SENSOR 3-wire,rtd sensor 3-wire,Instrumentation,Temperature Sensor,IEC 60751; 3-wire; 150 mm,Pt100,3-wire,150 mm,6 mm,SS,NOS,instrumentation,temperature sensor,,,Pt100,3-wire,,150 mm,,,6 mm,,,,,IEC 60751,IEC 60751; 3-wire; 150 mm,stainless steel,,,,,,Hindustan Mechanical,HIN-377-36,NOS,12,False,,COATING_FROM_STRUCTURED_FIELD; DIAMETER_FROM_FIELD; FAMILY_INSTRUMENTATION; GRADE_FROM_STRUCTURED_FIELD; LENGTH_FROM_FIELD; MANUFACTURER_FROM_FIELD; PART_NO_FROM_FIELD; SIZE_FROM_STRUCTURED_FIELD; STANDARD_FROM_SPECIFICATION; TYPE_FROM_MATERIAL_TYPE; UNIT_FROM_FIELD,specification; structured_field
IOCL-386073,IOCL,SWG 2 in,swg 2 in,Seals,Gasket,ASME B16.20; 2 in; Graphite/SS 316,Graphite/SS 316,2 in,,,SS,NOS,seal/gasket,gasket,,,Graphite/SS 316,2 in,,,,,,,,,,ASME B16.20,ASME B16.20; 2 in; Graphite/SS 316,stainless steel,,,,,,Hindustan Mechanical,HIN-329-31,NOS,10,False,,COATING_FROM_STRUCTURED_FIELD; FAMILY_SEAL; GRADE_FROM_STRUCTURED_FIELD; MANUFACTURER_FROM_FIELD; PART_NO_FROM_FIELD; SIZE_INCH; STANDARD_FROM_SPECIFICATION; TYPE_FROM_MATERIAL_TYPE; UNIT_FROM_FIELD,description; specification; structured_field
ONGC-802351,ONGC,CENTRIFUGAL PUMP 40 mm SS 316,centrifugal pump 40 mm stainless steel 316,Pumps,Centrifugal Pump,API 610; 40 mm; SS 316,SS 316,40 mm,,,Painted,NOS,pump,centrifugal pump,,stainless steel,SS 316,40 mm,,,,,,,,,,API 610,API 610; 40 mm; SS 316,painted,,,,,,Hindustan Mechanical,HIN-771-68,NOS,11,False,,COATING_FROM_STRUCTURED_FIELD; FAMILY_PUMP; GRADE_SS316; MANUFACTURER_FROM_FIELD; MATERIAL_STAINLESS_STEEL; PART_NO_FROM_FIELD; SIZE_MM; STANDARD_FROM_SPECIFICATION; TYPE_CENTRIFUGAL_PUMP; UNIT_FROM_FIELD,description; specification; structured_field
IOCL-416703,IOCL,XLPE CABLE 50 sq mm,xlpe cable 50 sq mm,Electrical,Cable,IS 7098; 50 sq mm; 500 m,XLPE Aluminium,50 sq mm,500 mm,,PVC,MTR,electrical,cable,,xlpe,XLPE Aluminium,50 sq mm,,500 mm,,,,,,,,IS 7098,IS 7098; 50 sq mm; 500 m,pvc,,,,,,Apex Industrial Systems,APE-134-75,MTR,12,False,,COATING_FROM_STRUCTURED_FIELD; FAMILY_ELECTRICAL; GRADE_FROM_STRUCTURED_FIELD; LENGTH_FROM_FIELD; MANUFACTURER_FROM_FIELD; MATERIAL_XLPE; PART_NO_FROM_FIELD; SIZE_SQMM_CABLE; STANDARD_FROM_SPECIFICATION; TYPE_FROM_MATERIAL_TYPE; UNIT_FROM_FIELD,description; specification; structured_field
ONGC-746053,ONGC,GLOBE VALVE FLANGED 3 in,globe valve flanged 3 in,Valves,Globe Valve,API 623; 3 in; ASTM A216 WCB,ASTM A216 WCB,3 in,,,Painted,NOS,valve,globe valve,,,ASTM A216 WCB,3 in,,,,,,,,,,ASTM A216 WCB; API 623,API 623; 3 in; ASTM A216 WCB,painted,flanged,,,,,Supreme Engineering,SUP-258-39,NOS,11,False,,COATING_FROM_STRUCTURED_FIELD; CONNECTION_FLANGED; FAMILY_VALVE; GRADE_FROM_STRUCTURED_FIELD; MANUFACTURER_FROM_FIELD; PART_NO_FROM_FIELD; SIZE_INCH; STANDARD_FROM_SPECIFICATION; TYPE_GLOBE_VALVE; UNIT_FROM_FIELD,description; specification; structured_field
HPCL-374186,HPCL,PLAIN WASHER M8 ZINC PLATED,plain washer m8 zinc plated,Fasteners,Washer,IS 2016; M8; Zinc Plated,Carbon Steel,M8,,,Zinc Plated,NOS,fastener,washer,,carbon steel,Carbon Steel,M8,,,,,,,,,,IS 2016,IS 2016; M8; Zinc Plated,zinc plated,,,,,,Eastern Cables,EAS-210-13,NOS,11,False,,COATING_FROM_STRUCTURED_FIELD; FAMILY_FASTENER; GRADE_FROM_STRUCTURED_FIELD; MANUFACTURER_FROM_FIELD; MATERIAL_CARBON_STEEL; PART_NO_FROM_FIELD; SIZE_METRIC_BOLT; STANDARD_FROM_SPECIFICATION; TYPE_FROM_MATERIAL_TYPE; UNIT_FROM_FIELD,description; specification; structured_field
ONGC-663196,ONGC,BEARING NO 6203,bearing number 6203,Bearings,Ball Bearing,ISO 15; Bearing 6203,Chrome Steel,6203,,,,NOS,bearing,ball bearing,,chrome steel,Chrome Steel,6203,,,,,,,,,,ISO 15,ISO 15; Bearing 6203,,,,,,6203,Prime Electricals,PRI-878-23,NOS,11,False,,BEARING_NUMBER; FAMILY_BEARING; GRADE_FROM_STRUCTURED_FIELD; MANUFACTURER_FROM_FIELD; MATERIAL_CHROME_STEEL; PART_NO_FROM_FIELD; SIZE_FROM_STRUCTURED_FIELD; STANDARD_FROM_SPECIFICATION; TYPE_BALL_BEARING; UNIT_FROM_FIELD,description; specification; structured_field
HPCL-119068,HPCL,SAFETY VALVE 3 in,safety valve 3 in,Safety,Safety Valve,API 526; 3 in; SS 316,SS 316,3 in,,,SS,NOS,safety,safety valve,,stainless steel,SS 316,3 in,,,,,,,,,,API 526,API 526; 3 in; SS 316,stainless steel,,,,,,Hindustan Mechanical,HIN-898-64,NOS,11,True,material_family: 'safety' vs 'valve',COATING_FROM_STRUCTURED_FIELD; FAMILY_SAFETY; GRADE_FROM_STRUCTURED_FIELD; MANUFACTURER_FROM_FIELD; MATERIAL_STAINLESS_STEEL; PART_NO_FROM_FIELD; SIZE_INCH; STANDARD_FROM_SPECIFICATION; TYPE_SAFETY_VALVE; UNIT_FROM_FIELD,description; specification; structured_field
ONGC-591535,ONGC,HEXAGONAL NUT M16 GALVANIZED,hexagonal nut m16 galvanized,Fasteners,Nut,IS 1364; M16; Galvanized,Carbon Steel,M16,,,Galvanized,NOS,fastener,nut,hex,carbon steel,Carbon Steel,M16,,,,,,,,,,IS 1364,IS 1364; M16; Galvanized,galvanized,,,,,,National Bearing Works,NAT-632-64,NOS,12,False,,COATING_FROM_STRUCTURED_FIELD; FAMILY_FASTENER; GRADE_FROM_STRUCTURED_FIELD; MANUFACTURER_FROM_FIELD; MATERIAL_CARBON_STEEL; PART_NO_FROM_FIELD; SIZE_METRIC_BOLT; STANDARD_FROM_SPECIFICATION; SUBTYPE_HEX; TYPE_FROM_MATERIAL_TYPE; UNIT_FROM_FIELD,description; specification; structured_field
IOCL-416962,IOCL,HRC CARTRIDGE 32 A,high rupturing capacity cartridge 32 a,Electrical,Fuse,IS 13703; 32 A,Ceramic,32 A,,,,MTR,electrical,fuse,,,Ceramic,32 A,,,,,,,,,,IS 13703,IS 13703; 32 A,,,,,,,Eastern Cables,EAS-209-39,MTR,9,False,,FAMILY_ELECTRICAL; GRADE_FROM_STRUCTURED_FIELD; MANUFACTURER_FROM_FIELD; PART_NO_FROM_FIELD; SIZE_FROM_STRUCTURED_FIELD; STANDARD_FROM_SPECIFICATION; TYPE_FROM_MATERIAL_TYPE; UNIT_FROM_FIELD,description; specification; structured_field
CPCL-272119,CPCL,XLPE CABLE 10 sq mm,xlpe cable 10 sq mm,Electrical,Cable,IS 7098; 10 sq mm; 100 m,XLPE Copper,10 sq mm,100 mm,,PVC,MTR,electrical,cable,,xlpe,XLPE Copper,10 sq mm,,100 mm,,,,,,,,IS 7098,IS 7098; 10 sq mm; 100 m,pvc,,,,,,Apex Industrial Systems,APE-732-27,MTR,12,False,,COATING_FROM_STRUCTURED_FIELD; FAMILY_ELECTRICAL; GRADE_FROM_STRUCTURED_FIELD; LENGTH_FROM_FIELD; MANUFACTURER_FROM_FIELD; MATERIAL_XLPE; PART_NO_FROM_FIELD; SIZE_SQMM_CABLE; STANDARD_FROM_SPECIFICATION; TYPE_FROM_MATERIAL_TYPE; UNIT_FROM_FIELD,description; specification; structured_field
CPCL-243070,CPCL,90 DEGREE ELBOW 1 in ASME B16.9,90 degree elbow 1 in asme b16.9,Pipes & Fittings,Elbow,ASME B16.9; 1 in; ASTM A234 WPB,ASTM A234 WPB,1 in,,,Bare,MTR,pipe/fitting,elbow,,,ASTM A234 WPB,1 in,,,,,,,,,90°,ASTM A234; ASME B16.9,ASME B16.9; 1 in; ASTM A234 WPB,bare,,,,,,Precision Fasteners,PRE-100-75,MTR,11,False,,COATING_FROM_STRUCTURED_FIELD; ELBOW_ANGLE; FAMILY_FITTING; GRADE_FROM_STRUCTURED_FIELD; MANUFACTURER_FROM_FIELD; PART_NO_FROM_FIELD; SIZE_INCH; STANDARD_FROM_SPECIFICATION; TYPE_FROM_MATERIAL_TYPE; UNIT_FROM_FIELD,description; specification; structured_field
IOCL-101705,IOCL,GATE VALVE FLANGED 2 in ASTM A216 WCB,gate valve flanged 2 in astm a216 wcb,Valves,Gate Valve,API 600; 2 in; ASTM A216 WCB,ASTM A216 WCB,2 in,,,Painted,NOS,valve,gate valve,,,ASTM A216 WCB,2 in,,,,,,,,,,ASTM A216 WCB; API 600,API 600; 2 in; ASTM A216 WCB,painted,flanged,,,,,Supreme Engineering,SUP-259-65,NOS,11,True,material_grade: 'ASTM A216 WCB' vs 'WCB',COATING_FROM_STRUCTURED_FIELD; CONNECTION_FLANGED; FAMILY_VALVE; GRADE_A105; MANUFACTURER_FROM_FIELD; PART_NO_FROM_FIELD; SIZE_INCH; STANDARD_FROM_SPECIFICATION; TYPE_GATE_VALVE; UNIT_FROM_FIELD,description; specification; structured_field
CPCL-772748,CPCL,SWG 3 in,swg 3 in,Seals,Gasket,ASME B16.20; 3 in; Graphite/SS 316,Graphite/SS 316,3 in,,,SS,NOS,seal/gasket,gasket,,,Graphite/SS 316,3 in,,,,,,,,,,ASME B16.20,ASME B16.20; 3 in; Graphite/SS 316,stainless steel,,,,,,Supreme Engineering,SUP-598-26,NOS,10,False,,COATING_FROM_STRUCTURED_FIELD; FAMILY_SEAL; GRADE_FROM_STRUCTURED_FIELD; MANUFACTURER_FROM_FIELD; PART_NO_FROM_FIELD; SIZE_INCH; STANDARD_FROM_SPECIFICATION; TYPE_FROM_MATERIAL_TYPE; UNIT_FROM_FIELD,description; specification; structured_field
CPCL-519290,CPCL,HEXAGONAL BOLT M8X40 ZINC PLATED,hexagonal bolt m8x40 zinc plated,Fasteners,Bolt,IS 1363; M8 x 40 mm; Zinc Plated,Carbon Steel,M8,40 mm,8 mm,Zinc Plated,NOS,fastener,bolt,hex,carbon steel,Carbon Steel,M8,,40 mm,,,8 mm,,,,,IS 1363,IS 1363; M8 x 40 mm; Zinc Plated,zinc plated,,,,,,Hindustan Mechanical,HIN-711-94,NOS,14,True,size: 'M8' vs 'M8X40',COATING_FROM_STRUCTURED_FIELD; DIAMETER_FROM_FIELD; FAMILY_FASTENER; GRADE_FROM_STRUCTURED_FIELD; LENGTH_FROM_FIELD; MANUFACTURER_FROM_FIELD; MATERIAL_CARBON_STEEL; PART_NO_FROM_FIELD; SIZE_FROM_STRUCTURED_FIELD; STANDARD_FROM_SPECIFICATION; SUBTYPE_HEX; TYPE_FROM_MATERIAL_TYPE; UNIT_FROM_FIELD,description; specification; structured_field
CPCL-328114,CPCL,WELD NECK FLANGE 2 in ASTM A105,weld neck flange 2 in astm a105,Pipes & Fittings,Flange,ASME B16.5; 2 in; ASTM A105,ASTM A105,2 in,,,Bare,MTR,flange,weld neck flange,,,ASTM A105,2 in,,,,,,,,,,ASTM A105; ASME B16.5,ASME B16.5; 2 in; ASTM A105,bare,weld neck,,,,,Larsen Engineering,LAR-773-92,MTR,11,True,material_grade: 'ASTM A105' vs 'A105',COATING_FROM_STRUCTURED_FIELD; CONNECTION_WELD_NECK; FAMILY_FLANGE; GRADE_A105; MANUFACTURER_FROM_FIELD; PART_NO_FROM_FIELD; SIZE_INCH; STANDARD_FROM_SPECIFICATION; TYPE_WELDNECK_FLANGE; UNIT_FROM_FIELD,description; specification; structured_field
HPCL-835330,HPCL,HIGH PRESSURE HYDRAULIC HOSE 1 in,high pressure hydraulic hose 1 in,Hoses,Hydraulic Hose,SAE 100 R2; 1 in; 1000 mm,Synthetic Rubber,1 in,1000 mm,,Rubber,MTR,hose,hydraulic hose,,synthetic rubber,Synthetic Rubber,1 in,,1000 mm,,,,,,,,SAE 100 R2,SAE 100 R2; 1 in; 1000 mm,rubber,,,,,,Precision Fasteners,PRE-758-40,MTR,12,False,,COATING_FROM_STRUCTURED_FIELD; FAMILY_HOSE; GRADE_FROM_STRUCTURED_FIELD; LENGTH_FROM_FIELD; MANUFACTURER_FROM_FIELD; MATERIAL_SYNTHETIC_RUBBER; PART_NO_FROM_FIELD; SIZE_INCH; STANDARD_FROM_SPECIFICATION; TYPE_FROM_MATERIAL_TYPE; UNIT_FROM_FIELD,description; specification; structured_field
HPCL-146530,HPCL,DEEP GROOVE BEARING 6207,deep groove bearing 6207,Bearings,Ball Bearing,ISO 15; Bearing 6207,Chrome Steel,6207,,,,NOS,bearing,ball bearing,deep groove,chrome steel,Chrome Steel,6207,,,,,,,,,,ISO 15,ISO 15; Bearing 6207,,,,,,6207,Hindustan Mechanical,HIN-401-30,NOS,12,False,,BEARING_NUMBER; FAMILY_BEARING; GRADE_FROM_STRUCTURED_FIELD; MANUFACTURER_FROM_FIELD; MATERIAL_CHROME_STEEL; PART_NO_FROM_FIELD; SIZE_FROM_STRUCTURED_FIELD; STANDARD_FROM_SPECIFICATION; SUBTYPE_DEEP_GROOVE; TYPE_BALL_BEARING; UNIT_FROM_FIELD,description; specification; structured_field
ONGC-938308,ONGC,GATE VALVE 6 in API 600,gate valve 6 in api 600,Valves,Gate Valve,API 600; 6 in; ASTM A216 WCB,ASTM A216 WCB,6 in,,,Painted,NOS,valve,gate valve,,,ASTM A216 WCB,6 in,,,,,,,,,,ASTM A216 WCB; API 600,API 600; 6 in; ASTM A216 WCB,painted,,,,,,National Bearing Works,NAT-396-45,NOS,10,False,,COATING_FROM_STRUCTURED_FIELD; FAMILY_VALVE; GRADE_FROM_STRUCTURED_FIELD; MANUFACTURER_FROM_FIELD; PART_NO_FROM_FIELD; SIZE_INCH; STANDARD_FROM_SPECIFICATION; TYPE_GATE_VALVE; UNIT_FROM_FIELD,description; specification; structured_field
IOCL-435083,IOCL,4 sq mm SQ MM POWER CABLE,4 sq mm sq mm power cable,Electrical,Cable,IS 7098; 4 sq mm; 1000 m,XLPE Copper,4 sq mm,1000 mm,,PVC,MTR,electrical,cable,,xlpe,XLPE Copper,4 sq mm,,1000 mm,,,,,,,,IS 7098,IS 7098; 4 sq mm; 1000 m,pvc,,,,,,Supreme Engineering,SUP-144-26,MTR,12,False,,COATING_FROM_STRUCTURED_FIELD; FAMILY_ELECTRICAL; GRADE_FROM_STRUCTURED_FIELD; LENGTH_FROM_FIELD; MANUFACTURER_FROM_FIELD; MATERIAL_XLPE; PART_NO_FROM_FIELD; SIZE_SQMM_CABLE; STANDARD_FROM_SPECIFICATION; TYPE_FROM_MATERIAL_TYPE; UNIT_FROM_FIELD,description; specification; structured_field
ONGC-135246,ONGC,90 DEGREE ELBOW 2 in ASME B16.9,90 degree elbow 2 in asme b16.9,Pipes & Fittings,Elbow,ASME B16.9; 2 in; ASTM A234 WPB,ASTM A234 WPB,2 in,,,Bare,MTR,pipe/fitting,elbow,,,ASTM A234 WPB,2 in,,,,,,,,,90°,ASTM A234; ASME B16.9,ASME B16.9; 2 in; ASTM A234 WPB,bare,,,,,,Precision Fasteners,PRE-166-33,MTR,11,False,,COATING_FROM_STRUCTURED_FIELD; ELBOW_ANGLE; FAMILY_FITTING; GRADE_FROM_STRUCTURED_FIELD; MANUFACTURER_FROM_FIELD; PART_NO_FROM_FIELD; SIZE_INCH; STANDARD_FROM_SPECIFICATION; TYPE_FROM_MATERIAL_TYPE; UNIT_FROM_FIELD,description; specification; structured_field
IOCL-988023,IOCL,PRESSURE INDICATOR 0-100 bar,pressure indicator 0-100 bar,Instrumentation,Pressure Gauge,EN 837-1; Range 0-100 bar,SS 304,0-100 bar,,,SS,NOS,instrumentation,pressure gauge,,stainless steel,SS 304,0-100 bar,,,,,,,,,,EN 837-1,EN 837-1; Range 0-100 bar,stainless steel,,,,,,ABC Industrial Products,ABC-143-89,NOS,11,False,,COATING_FROM_STRUCTURED_FIELD; FAMILY_INSTRUMENTATION; GRADE_FROM_STRUCTURED_FIELD; MANUFACTURER_FROM_FIELD; MATERIAL_STAINLESS_STEEL; PART_NO_FROM_FIELD; SIZE_PRESSURE_RANGE; STANDARD_FROM_SPECIFICATION; TYPE_FROM_MATERIAL_TYPE; UNIT_FROM_FIELD,description; specification; structured_field
CPCL-471137,CPCL,GATE VALVE 2 in API 600,gate valve 2 in api 600,Valves,Gate Valve,API 600; 2 in; ASTM A216 WCB,ASTM A216 WCB,2 in,,,Painted,NOS,valve,gate valve,,,ASTM A216 WCB,2 in,,,,,,,,,,ASTM A216 WCB; API 600,API 600; 2 in; ASTM A216 WCB,painted,,,,,,Precision Fasteners,PRE-776-62,NOS,10,False,,COATING_FROM_STRUCTURED_FIELD; FAMILY_VALVE; GRADE_FROM_STRUCTURED_FIELD; MANUFACTURER_FROM_FIELD; PART_NO_FROM_FIELD; SIZE_INCH; STANDARD_FROM_SPECIFICATION; TYPE_GATE_VALVE; UNIT_FROM_FIELD,description; specification; structured_field
IOCL-216758,IOCL,4 sq mm SQ MM POWER CABLE,4 sq mm sq mm power cable,Electrical,Cable,IS 7098; 4 sq mm; 500 m,XLPE Copper,4 sq mm,500 mm,,PVC,MTR,electrical,cable,,xlpe,XLPE Copper,4 sq mm,,500 mm,,,,,,,,IS 7098,IS 7098; 4 sq mm; 500 m,pvc,,,,,,Shree Valves & Fittings,SHR-227-26,MTR,12,False,,COATING_FROM_STRUCTURED_FIELD; FAMILY_ELECTRICAL; GRADE_FROM_STRUCTURED_FIELD; LENGTH_FROM_FIELD; MANUFACTURER_FROM_FIELD; MATERIAL_XLPE; PART_NO_FROM_FIELD; SIZE_SQMM_CABLE; STANDARD_FROM_SPECIFICATION; TYPE_FROM_MATERIAL_TYPE; UNIT_FROM_FIELD,description; specification; structured_field
HPCL-805346,HPCL,XLPE CABLE 4 sq mm,xlpe cable 4 sq mm,Electrical,Cable,IS 7098; 4 sq mm; 100 m,XLPE Copper,4 sq mm,100 mm,,PVC,MTR,electrical,cable,,xlpe,XLPE Copper,4 sq mm,,100 mm,,,,,,,,IS 7098,IS 7098; 4 sq mm; 100 m,pvc,,,,,,Larsen Engineering,LAR-927-21,MTR,12,False,,COATING_FROM_STRUCTURED_FIELD; FAMILY_ELECTRICAL; GRADE_FROM_STRUCTURED_FIELD; LENGTH_FROM_FIELD; MANUFACTURER_FROM_FIELD; MATERIAL_XLPE; PART_NO_FROM_FIELD; SIZE_SQMM_CABLE; STANDARD_FROM_SPECIFICATION; TYPE_FROM_MATERIAL_TYPE; UNIT_FROM_FIELD,description; specification; structured_field
ONGC-126873,ONGC,FLANGE 4 in ASTM A105,flange 4 in astm a105,Pipes & Fittings,Flange,ASME B16.5; 4 in; ASTM A105,ASTM A105,4 in,,,Bare,MTR,pipe/fitting,flange,,,ASTM A105,4 in,,,,,,,,,,ASTM A105; ASME B16.5,ASME B16.5; 4 in; ASTM A105,bare,,,,,,Apex Industrial Systems,APE-325-96,MTR,10,True,material_grade: 'ASTM A105' vs 'A105',COATING_FROM_STRUCTURED_FIELD; FAMILY_PIPE; GRADE_A105; MANUFACTURER_FROM_FIELD; PART_NO_FROM_FIELD; SIZE_INCH; STANDARD_FROM_SPECIFICATION; TYPE_FROM_MATERIAL_TYPE; UNIT_FROM_FIELD,description; specification; structured_field
ONGC-932274,ONGC,FLAT WASHER M8,flat washer m8,Fasteners,Washer,IS 2016; M8; Galvanized,Carbon Steel,M8,,,Galvanized,NOS,fastener,washer,,carbon steel,Carbon Steel,M8,,,,,,,,,,IS 2016,IS 2016; M8; Galvanized,galvanized,,,,,,Metro Pumps & Valves,MET-508-53,NOS,11,False,,COATING_FROM_STRUCTURED_FIELD; FAMILY_FASTENER; GRADE_FROM_STRUCTURED_FIELD; MANUFACTURER_FROM_FIELD; MATERIAL_CARBON_STEEL; PART_NO_FROM_FIELD; SIZE_METRIC_BOLT; STANDARD_FROM_SPECIFICATION; TYPE_FROM_MATERIAL_TYPE; UNIT_FROM_FIELD,description; specification; structured_field
CPCL-949641,CPCL,GEAR OIL EP 140,gear oil ep 140,Lubricants,Lubricant,IS 10522; EP 140,Mineral Oil,EP 140,,,,LTR,lubricant,lubricant,,mineral oil,Mineral Oil,EP 140,,,,,,,,,,IS 10522,IS 10522; EP 140,,,,,,,National Bearing Works,NAT-863-74,LTR,10,False,,FAMILY_LUBRICANT; GRADE_FROM_STRUCTURED_FIELD; MANUFACTURER_FROM_FIELD; MATERIAL_MINERAL_OIL; PART_NO_FROM_FIELD; SIZE_VG_ISO_LUBE; STANDARD_FROM_SPECIFICATION; TYPE_FROM_MATERIAL_TYPE; UNIT_FROM_FIELD,description; specification; structured_field
HPCL-176458,HPCL,HEX NUT M8 GALVANIZED,hexagonal nut m8 galvanized,Fasteners,Nut,IS 1364; M8; Galvanized,Carbon Steel,M8,,,Galvanized,NOS,fastener,nut,hex,carbon steel,Carbon Steel,M8,,,,,,,,,,IS 1364,IS 1364; M8; Galvanized,galvanized,,,,,,Shree Valves & Fittings,SHR-316-71,NOS,12,False,,COATING_FROM_STRUCTURED_FIELD; FAMILY_FASTENER; GRADE_FROM_STRUCTURED_FIELD; MANUFACTURER_FROM_FIELD; MATERIAL_CARBON_STEEL; PART_NO_FROM_FIELD; SIZE_METRIC_BOLT; STANDARD_FROM_SPECIFICATION; SUBTYPE_HEX; TYPE_FROM_MATERIAL_TYPE; UNIT_FROM_FIELD,description; specification; structured_field
HPCL-476410,HPCL,HRC CARTRIDGE 2 A,high rupturing capacity cartridge 2 a,Electrical,Fuse,IS 13703; 2 A,Ceramic,2 A,,,,MTR,electrical,fuse,,,Ceramic,2 A,,,,,,,,,,IS 13703,IS 13703; 2 A,,,,,,,Bharat Industrial Works,BHA-608-32,MTR,9,False,,FAMILY_ELECTRICAL; GRADE_FROM_STRUCTURED_FIELD; MANUFACTURER_FROM_FIELD; PART_NO_FROM_FIELD; SIZE_FROM_STRUCTURED_FIELD; STANDARD_FROM_SPECIFICATION; TYPE_FROM_MATERIAL_TYPE; UNIT_FROM_FIELD,description; specification; structured_field
ONGC-917666,ONGC,BEARING NO 6209,bearing number 6209,Bearings,Ball Bearing,ISO 15; Bearing 6209,Chrome Steel,6209,,,,NOS,bearing,ball bearing,,chrome steel,Chrome Steel,6209,,,,,,,,,,ISO 15,ISO 15; Bearing 6209,,,,,,6209,Bharat Industrial Works,BHA-251-28,NOS,11,False,,BEARING_NUMBER; FAMILY_BEARING; GRADE_FROM_STRUCTURED_FIELD; MANUFACTURER_FROM_FIELD; MATERIAL_CHROME_STEEL; PART_NO_FROM_FIELD; SIZE_FROM_STRUCTURED_FIELD; STANDARD_FROM_SPECIFICATION; TYPE_BALL_BEARING; UNIT_FROM_FIELD,description; specification; structured_field
IOCL-185606,IOCL,FLAT WASHER M20,flat washer m20,Fasteners,Washer,IS 2016; M20; Galvanized,Carbon Steel,M20,,,Galvanized,NOS,fastener,washer,,carbon steel,Carbon Steel,M20,,,,,,,,,,IS 2016,IS 2016; M20; Galvanized,galvanized,,,,,,Metro Pumps & Valves,MET-141-13,NOS,11,False,,COATING_FROM_STRUCTURED_FIELD; FAMILY_FASTENER; GRADE_FROM_STRUCTURED_FIELD; MANUFACTURER_FROM_FIELD; MATERIAL_CARBON_STEEL; PART_NO_FROM_FIELD; SIZE_METRIC_BOLT; STANDARD_FROM_SPECIFICATION; TYPE_FROM_MATERIAL_TYPE; UNIT_FROM_FIELD,description; specification; structured_field
ONGC-932738,ONGC,GATE VALVE 3 in API 600,gate valve 3 in api 600,Valves,Gate Valve,API 600; 3 in; ASTM A216 WCB,ASTM A216 WCB,3 in,,,Painted,NOS,valve,gate valve,,,ASTM A216 WCB,3 in,,,,,,,,,,ASTM A216 WCB; API 600,API 600; 3 in; ASTM A216 WCB,painted,,,,,,Hindustan Mechanical,HIN-480-47,NOS,10,False,,COATING_FROM_STRUCTURED_FIELD; FAMILY_VALVE; GRADE_FROM_STRUCTURED_FIELD; MANUFACTURER_FROM_FIELD; PART_NO_FROM_FIELD; SIZE_INCH; STANDARD_FROM_SPECIFICATION; TYPE_GATE_VALVE; UNIT_FROM_FIELD,description; specification; structured_field
ONGC-726243,ONGC,HEXAGONAL NUT M8 ZINC PLATED,hexagonal nut m8 zinc plated,Fasteners,Nut,IS 1364; M8; Zinc Plated,Carbon Steel,M8,,,Zinc Plated,NOS,fastener,nut,hex,carbon steel,Carbon Steel,M8,,,,,,,,,,IS 1364,IS 1364; M8; Zinc Plated,zinc plated,,,,,,ABC Industrial Products,ABC-996-15,NOS,12,False,,COATING_FROM_STRUCTURED_FIELD; FAMILY_FASTENER; GRADE_FROM_STRUCTURED_FIELD; MANUFACTURER_FROM_FIELD; MATERIAL_CARBON_STEEL; PART_NO_FROM_FIELD; SIZE_METRIC_BOLT; STANDARD_FROM_SPECIFICATION; SUBTYPE_HEX; TYPE_FROM_MATERIAL_TYPE; UNIT_FROM_FIELD,description; specification; structured_field
HPCL-262051,HPCL,INDUSTRIAL GEAR LUBRICANT EP 90,industrial gear lubricant ep 90,Lubricants,Lubricant,IS 10522; EP 90,Mineral Oil,EP 90,,,,LTR,lubricant,lubricant,,mineral oil,Mineral Oil,EP 90,,,,,,,,,,IS 10522,IS 10522; EP 90,,,,,,,Precision Fasteners,PRE-501-48,LTR,10,False,,FAMILY_LUBRICANT; GRADE_FROM_STRUCTURED_FIELD; MANUFACTURER_FROM_FIELD; MATERIAL_MINERAL_OIL; PART_NO_FROM_FIELD; SIZE_VG_ISO_LUBE; STANDARD_FROM_SPECIFICATION; TYPE_FROM_MATERIAL_TYPE; UNIT_FROM_FIELD,description; specification; structured_field
ONGC-384334,ONGC,HRC FUSE 16 A,high rupturing capacity fuse 16 a,Electrical,Fuse,IS 13703; 16 A,Ceramic,16 A,,,,MTR,electrical,fuse,,,Ceramic,16 A,,,,,,,,,,IS 13703,IS 13703; 16 A,,,,,,,Shree Valves & Fittings,SHR-717-58,MTR,9,False,,FAMILY_ELECTRICAL; GRADE_FROM_STRUCTURED_FIELD; MANUFACTURER_FROM_FIELD; PART_NO_FROM_FIELD; SIZE_FROM_STRUCTURED_FIELD; STANDARD_FROM_SPECIFICATION; TYPE_FROM_MATERIAL_TYPE; UNIT_FROM_FIELD,description; specification; structured_field
IOCL-107922,IOCL,EP GEAR OIL ISO VG 220,ep gear oil iso vg 220,Lubricants,Lubricant,IS 10522; ISO VG 220,Mineral Oil,ISO VG 220,,,,LTR,lubricant,lubricant,,mineral oil,Mineral Oil,ISO VG 220,,,,,,,,,,ISO VG 220; IS 10522,IS 10522; ISO VG 220,,,,,,,Precision Fasteners,PRE-908-20,LTR,10,False,,FAMILY_LUBRICANT; GRADE_FROM_STRUCTURED_FIELD; MANUFACTURER_FROM_FIELD; MATERIAL_MINERAL_OIL; PART_NO_FROM_FIELD; SIZE_VG_ISO_LUBE; STANDARD_FROM_SPECIFICATION; TYPE_FROM_MATERIAL_TYPE; UNIT_FROM_FIELD,description; specification; structured_field
HPCL-755346,HPCL,PRESSURE GAUGE 0-10 bar,pressure gauge 0-10 bar,Instrumentation,Pressure Gauge,EN 837-1; Range 0-10 bar,SS 304,0-10 bar,,,SS,NOS,instrumentation,pressure gauge,,stainless steel,SS 304,0-10 bar,,,,,,,,,,EN 837-1,EN 837-1; Range 0-10 bar,stainless steel,,,,,,Shree Valves & Fittings,SHR-630-60,NOS,11,False,,COATING_FROM_STRUCTURED_FIELD; FAMILY_INSTRUMENTATION; GRADE_FROM_STRUCTURED_FIELD; MANUFACTURER_FROM_FIELD; MATERIAL_STAINLESS_STEEL; PART_NO_FROM_FIELD; SIZE_PRESSURE_RANGE; STANDARD_FROM_SPECIFICATION; TYPE_FROM_MATERIAL_TYPE; UNIT_FROM_FIELD,description; specification; structured_field
ONGC-384078,ONGC,POWER CABLE 16 sq mm XLPE Copper,power cable 16 sq mm xlpe copper,Electrical,Cable,IS 7098; 16 sq mm; 100 m,XLPE Copper,16 sq mm,100 mm,,PVC,MTR,electrical,cable,,xlpe,XLPE Copper,16 sq mm,,100 mm,,,,,,,,IS 7098,IS 7098; 16 sq mm; 100 m,pvc,,,,,,National Bearing Works,NAT-895-39,MTR,12,False,,COATING_FROM_STRUCTURED_FIELD; FAMILY_ELECTRICAL; GRADE_FROM_STRUCTURED_FIELD; LENGTH_FROM_FIELD; MANUFACTURER_FROM_FIELD; MATERIAL_XLPE; PART_NO_FROM_FIELD; SIZE_SQMM_CABLE; STANDARD_FROM_SPECIFICATION; TYPE_FROM_MATERIAL_TYPE; UNIT_FROM_FIELD,description; specification; structured_field
CPCL-441795,CPCL,10 sq mm SQ MM POWER CABLE,10 sq mm sq mm power cable,Electrical,Cable,IS 7098; 10 sq mm; 1000 m,XLPE Aluminium,10 sq mm,1000 mm,,PVC,MTR,electrical,cable,,xlpe,XLPE Aluminium,10 sq mm,,1000 mm,,,,,,,,IS 7098,IS 7098; 10 sq mm; 1000 m,pvc,,,,,,Larsen Engineering,LAR-419-47,MTR,12,False,,COATING_FROM_STRUCTURED_FIELD; FAMILY_ELECTRICAL; GRADE_FROM_STRUCTURED_FIELD; LENGTH_FROM_FIELD; MANUFACTURER_FROM_FIELD; MATERIAL_XLPE; PART_NO_FROM_FIELD; SIZE_SQMM_CABLE; STANDARD_FROM_SPECIFICATION; TYPE_FROM_MATERIAL_TYPE; UNIT_FROM_FIELD,description; specification; structured_field
IOCL-855168,IOCL,GEAR OIL ISO VG 320,gear oil iso vg 320,Lubricants,Lubricant,IS 10522; ISO VG 320,Mineral Oil,ISO VG 320,,,,LTR,lubricant,lubricant,,mineral oil,Mineral Oil,ISO VG 320,,,,,,,,,,ISO VG 320; IS 10522,IS 10522; ISO VG 320,,,,,,,Larsen Engineering,LAR-117-27,LTR,10,False,,FAMILY_LUBRICANT; GRADE_FROM_STRUCTURED_FIELD; MANUFACTURER_FROM_FIELD; MATERIAL_MINERAL_OIL; PART_NO_FROM_FIELD; SIZE_VG_ISO_LUBE; STANDARD_FROM_SPECIFICATION; TYPE_FROM_MATERIAL_TYPE; UNIT_FROM_FIELD,description; specification; structured_field
IOCL-874562,IOCL,HRC FUSE 10 A,high rupturing capacity fuse 10 a,Electrical,Fuse,IS 13703; 10 A,Ceramic,10 A,,,,MTR,electrical,fuse,,,Ceramic,10 A,,,,,,,,,,IS 13703,IS 13703; 10 A,,,,,,,Prime Electricals,PRI-519-48,MTR,9,False,,FAMILY_ELECTRICAL; GRADE_FROM_STRUCTURED_FIELD; MANUFACTURER_FROM_FIELD; PART_NO_FROM_FIELD; SIZE_FROM_STRUCTURED_FIELD; STANDARD_FROM_SPECIFICATION; TYPE_FROM_MATERIAL_TYPE; UNIT_FROM_FIELD,description; specification; structured_field
CPCL-790277,CPCL,HEXAGONAL NUT M10 ZINC PLATED,hexagonal nut m10 zinc plated,Fasteners,Nut,IS 1364; M10; Zinc Plated,Carbon Steel,M10,,,Zinc Plated,NOS,fastener,nut,hex,carbon steel,Carbon Steel,M10,,,,,,,,,,IS 1364,IS 1364; M10; Zinc Plated,zinc plated,,,,,,National Bearing Works,NAT-388-69,NOS,12,False,,COATING_FROM_STRUCTURED_FIELD; FAMILY_FASTENER; GRADE_FROM_STRUCTURED_FIELD; MANUFACTURER_FROM_FIELD; MATERIAL_CARBON_STEEL; PART_NO_FROM_FIELD; SIZE_METRIC_BOLT; STANDARD_FROM_SPECIFICATION; SUBTYPE_HEX; TYPE_FROM_MATERIAL_TYPE; UNIT_FROM_FIELD,description; specification; structured_field
ONGC-427200,ONGC,M10 HEX NUT,m10 hexagonal nut,Fasteners,Nut,IS 1364; M10; Galvanized,Carbon Steel,M10,,,Galvanized,NOS,fastener,nut,hex,carbon steel,Carbon Steel,M10,,,,,,,,,,IS 1364,IS 1364; M10; Galvanized,galvanized,,,,,,Metro Pumps & Valves,MET-157-45,NOS,12,False,,COATING_FROM_STRUCTURED_FIELD; FAMILY_FASTENER; GRADE_FROM_STRUCTURED_FIELD; MANUFACTURER_FROM_FIELD; MATERIAL_CARBON_STEEL; PART_NO_FROM_FIELD; SIZE_METRIC_BOLT; STANDARD_FROM_SPECIFICATION; SUBTYPE_HEX; TYPE_FROM_MATERIAL_TYPE; UNIT_FROM_FIELD,description; specification; structured_field
HPCL-558637,HPCL,WASHER M16 ZINC PLATED,washer m16 zinc plated,Fasteners,Washer,IS 2016; M16; Zinc Plated,Carbon Steel,M16,,,Zinc Plated,NOS,fastener,washer,,carbon steel,Carbon Steel,M16,,,,,,,,,,IS 2016,IS 2016; M16; Zinc Plated,zinc plated,,,,,,Prime Electricals,PRI-422-86,NOS,11,False,,COATING_FROM_STRUCTURED_FIELD; FAMILY_FASTENER; GRADE_FROM_STRUCTURED_FIELD; MANUFACTURER_FROM_FIELD; MATERIAL_CARBON_STEEL; PART_NO_FROM_FIELD; SIZE_METRIC_BOLT; STANDARD_FROM_SPECIFICATION; TYPE_FROM_MATERIAL_TYPE; UNIT_FROM_FIELD,description; specification; structured_field
CPCL-791983,CPCL,FLOATING BALL VALVE 2 in,floating ball valve 2 in,Valves,Ball Valve,API 608; 2 in; SS 316,SS 316,2 in,,,SS,NOS,valve,ball valve,,stainless steel,SS 316,2 in,,,,,,,,,,API 608,API 608; 2 in; SS 316,stainless steel,,,floating,,,Supreme Engineering,SUP-352-16,NOS,12,False,,COATING_FROM_STRUCTURED_FIELD; CONSTRUCTION_FLOATING; FAMILY_VALVE; GRADE_FROM_STRUCTURED_FIELD; MANUFACTURER_FROM_FIELD; MATERIAL_STAINLESS_STEEL; PART_NO_FROM_FIELD; SIZE_INCH; STANDARD_FROM_SPECIFICATION; TYPE_BALL_VALVE; UNIT_FROM_FIELD,description; specification; structured_field
HPCL-934214,HPCL,CARTRIDGE FUSE 63 A,cartridge fuse 63 a,Electrical,Fuse,IS 13703; 63 A,Ceramic,63 A,,,,MTR,electrical,fuse,,,Ceramic,63 A,,,,,,,,,,IS 13703,IS 13703; 63 A,,,,,,,Metro Pumps & Valves,MET-667-33,MTR,9,False,,FAMILY_ELECTRICAL; GRADE_FROM_STRUCTURED_FIELD; MANUFACTURER_FROM_FIELD; PART_NO_FROM_FIELD; SIZE_FROM_STRUCTURED_FIELD; STANDARD_FROM_SPECIFICATION; TYPE_FROM_MATERIAL_TYPE; UNIT_FROM_FIELD,description; specification; structured_field
ONGC-750013,ONGC,PRESSURE GAUGE 0-5 bar,pressure gauge 0-5 bar,Instrumentation,Pressure Gauge,EN 837-1; Range 0-5 bar,SS 304,0-5 bar,,,SS,NOS,instrumentation,pressure gauge,,stainless steel,SS 304,0-5 bar,,,,,,,,,,EN 837-1,EN 837-1; Range 0-5 bar,stainless steel,,,,,,Prime Electricals,PRI-775-96,NOS,11,False,,COATING_FROM_STRUCTURED_FIELD; FAMILY_INSTRUMENTATION; GRADE_FROM_STRUCTURED_FIELD; MANUFACTURER_FROM_FIELD; MATERIAL_STAINLESS_STEEL; PART_NO_FROM_FIELD; SIZE_PRESSURE_RANGE; STANDARD_FROM_SPECIFICATION; TYPE_FROM_MATERIAL_TYPE; UNIT_FROM_FIELD,description; specification; structured_field
CPCL-508791,CPCL,RTD PT100 3-wire 500 MM,rtd pt100 3-wire 500 mm,Instrumentation,Temperature Sensor,IEC 60751; 3-wire; 500 mm,Pt100,3-wire,500 mm,8 mm,SS,NOS,instrumentation,temperature sensor,,,Pt100,3-wire,,500 mm,,,8 mm,,,,,IEC 60751,IEC 60751; 3-wire; 500 mm,stainless steel,,,,,,Larsen Engineering,LAR-673-42,NOS,12,True,size: '3-wire' vs '500 mm',COATING_FROM_STRUCTURED_FIELD; DIAMETER_FROM_FIELD; FAMILY_INSTRUMENTATION; GRADE_FROM_STRUCTURED_FIELD; LENGTH_FROM_FIELD; MANUFACTURER_FROM_FIELD; PART_NO_FROM_FIELD; SIZE_FROM_STRUCTURED_FIELD; STANDARD_FROM_SPECIFICATION; TYPE_FROM_MATERIAL_TYPE; UNIT_FROM_FIELD,specification; structured_field
CPCL-626277,CPCL,FLANGE 2 in ASTM A105,flange 2 in astm a105,Pipes & Fittings,Flange,ASME B16.5; 2 in; ASTM A105,ASTM A105,2 in,,,Bare,MTR,pipe/fitting,flange,,,ASTM A105,2 in,,,,,,,,,,ASTM A105; ASME B16.5,ASME B16.5; 2 in; ASTM A105,bare,,,,,,Hindustan Mechanical,HIN-195-84,MTR,10,True,material_grade: 'ASTM A105' vs 'A105',COATING_FROM_STRUCTURED_FIELD; FAMILY_PIPE; GRADE_A105; MANUFACTURER_FROM_FIELD; PART_NO_FROM_FIELD; SIZE_INCH; STANDARD_FROM_SPECIFICATION; TYPE_FROM_MATERIAL_TYPE; UNIT_FROM_FIELD,description; specification; structured_field
IOCL-634076,IOCL,SPIRAL WOUND GASKET 4 in Graphite/SS 316,spiral wound gasket 4 in graphite/stainless steel 316,Seals,Gasket,ASME B16.20; 4 in; Graphite/SS 316,Graphite/SS 316,4 in,,,SS,NOS,seal/gasket,gasket,,stainless steel,Graphite/SS 316,4 in,,,,,,,,,,ASME B16.20,ASME B16.20; 4 in; Graphite/SS 316,stainless steel,,,,,,Supreme Engineering,SUP-275-88,NOS,11,True,material_grade: 'Graphite/SS 316' vs 'SS 316'; material_type: 'gasket' vs 'spiral wound gasket',COATING_FROM_STRUCTURED_FIELD; FAMILY_SEAL; GRADE_FROM_STRUCTURED_FIELD; MANUFACTURER_FROM_FIELD; MATERIAL_STAINLESS_STEEL; PART_NO_FROM_FIELD; SIZE_INCH; STANDARD_FROM_SPECIFICATION; TYPE_FROM_MATERIAL_TYPE; UNIT_FROM_FIELD,description; specification; structured_field
IOCL-376881,IOCL,INDUSTRIAL GEAR LUBRICANT ISO VG 220,industrial gear lubricant iso vg 220,Lubricants,Lubricant,IS 10522; ISO VG 220,Mineral Oil,ISO VG 220,,,,LTR,lubricant,lubricant,,mineral oil,Mineral Oil,ISO VG 220,,,,,,,,,,ISO VG 220; IS 10522,IS 10522; ISO VG 220,,,,,,,Precision Fasteners,PRE-218-82,LTR,10,False,,FAMILY_LUBRICANT; GRADE_FROM_STRUCTURED_FIELD; MANUFACTURER_FROM_FIELD; MATERIAL_MINERAL_OIL; PART_NO_FROM_FIELD; SIZE_VG_ISO_LUBE; STANDARD_FROM_SPECIFICATION; TYPE_FROM_MATERIAL_TYPE; UNIT_FROM_FIELD,description; specification; structured_field
CPCL-327793,CPCL,GLOBE VALVE FLANGED 1 in,globe valve flanged 1 in,Valves,Globe Valve,API 623; 1 in; ASTM A216 WCB,ASTM A216 WCB,1 in,,,Painted,NOS,valve,globe valve,,,ASTM A216 WCB,1 in,,,,,,,,,,ASTM A216 WCB; API 623,API 623; 1 in; ASTM A216 WCB,painted,flanged,,,,,Larsen Engineering,LAR-376-46,NOS,11,False,,COATING_FROM_STRUCTURED_FIELD; CONNECTION_FLANGED; FAMILY_VALVE; GRADE_FROM_STRUCTURED_FIELD; MANUFACTURER_FROM_FIELD; PART_NO_FROM_FIELD; SIZE_INCH; STANDARD_FROM_SPECIFICATION; TYPE_GLOBE_VALVE; UNIT_FROM_FIELD,description; specification; structured_field
ONGC-375858,ONGC,HEX NUT M16 ZINC PLATED,hexagonal nut m16 zinc plated,Fasteners,Nut,IS 1364; M16; Zinc Plated,Carbon Steel,M16,,,Zinc Plated,NOS,fastener,nut,hex,carbon steel,Carbon Steel,M16,,,,,,,,,,IS 1364,IS 1364; M16; Zinc Plated,zinc plated,,,,,,Prime Electricals,PRI-895-24,NOS,12,False,,COATING_FROM_STRUCTURED_FIELD; FAMILY_FASTENER; GRADE_FROM_STRUCTURED_FIELD; MANUFACTURER_FROM_FIELD; MATERIAL_CARBON_STEEL; PART_NO_FROM_FIELD; SIZE_METRIC_BOLT; STANDARD_FROM_SPECIFICATION; SUBTYPE_HEX; TYPE_FROM_MATERIAL_TYPE; UNIT_FROM_FIELD,description; specification; structured_field
ONGC-361875,ONGC,GATE VALVE FLANGED 4 in,gate valve flanged 4 in,Valves,Gate Valve,API 600; 4 in; ASTM A216 WCB,ASTM A216 WCB,4 in,,,Painted,NOS,valve,gate valve,,,ASTM A216 WCB,4 in,,,,,,,,,,ASTM A216 WCB; API 600,API 600; 4 in; ASTM A216 WCB,painted,flanged,,,,,Prime Electricals,PRI-576-55,NOS,11,False,,COATING_FROM_STRUCTURED_FIELD; CONNECTION_FLANGED; FAMILY_VALVE; GRADE_FROM_STRUCTURED_FIELD; MANUFACTURER_FROM_FIELD; PART_NO_FROM_FIELD; SIZE_INCH; STANDARD_FROM_SPECIFICATION; TYPE_GATE_VALVE; UNIT_FROM_FIELD,description; specification; structured_field
IOCL-594340,IOCL,PROCESS PUMP 80 mm,process pump 80 mm,Pumps,Centrifugal Pump,API 610; 80 mm; SS 316,SS 316,80 mm,,,Painted,NOS,pump,centrifugal pump,,stainless steel,SS 316,80 mm,,,,,,,,,,API 610,API 610; 80 mm; SS 316,painted,,,,,,Precision Fasteners,PRE-981-24,NOS,11,False,,COATING_FROM_STRUCTURED_FIELD; FAMILY_PUMP; GRADE_FROM_STRUCTURED_FIELD; MANUFACTURER_FROM_FIELD; MATERIAL_STAINLESS_STEEL; PART_NO_FROM_FIELD; SIZE_MM; STANDARD_FROM_SPECIFICATION; TYPE_CENTRIFUGAL_PUMP; UNIT_FROM_FIELD,description; specification; structured_field
CPCL-422956,CPCL,PIPE 2 in ASTM A106 Gr.B,pipe 2 in astm a106 gr.b,Pipes & Fittings,Pipe,API 5L; 2 in; ASTM A106 Gr.B,ASTM A106 Gr.B,2 in,3000 mm,,Black,MTR,pipe/fitting,pipe,,,ASTM A106 Gr.B,2 in,,3000 mm,,,,,,,,ASTM A106 Gr.B; API 5L,API 5L; 2 in; ASTM A106 Gr.B,black,,,,,,Supreme Engineering,SUP-833-74,MTR,11,True,material_grade: 'ASTM A106 Gr.B' vs 'ASTM A106 GR.B'; material_grade: 'ASTM A106 Gr.B' vs 'A106',COATING_FROM_STRUCTURED_FIELD; FAMILY_PIPE; GRADE_FROM_STRUCTURED_FIELD; LENGTH_FROM_FIELD; MANUFACTURER_FROM_FIELD; PART_NO_FROM_FIELD; SIZE_INCH; STANDARD_FROM_SPECIFICATION; TYPE_FROM_MATERIAL_TYPE; UNIT_FROM_FIELD,description; specification; structured_field
ONGC-311198,ONGC,HRC FUSE 2 A,high rupturing capacity fuse 2 a,Electrical,Fuse,IS 13703; 2 A,Ceramic,2 A,,,,MTR,electrical,fuse,,,Ceramic,2 A,,,,,,,,,,IS 13703,IS 13703; 2 A,,,,,,,National Bearing Works,NAT-458-84,MTR,9,False,,FAMILY_ELECTRICAL; GRADE_FROM_STRUCTURED_FIELD; MANUFACTURER_FROM_FIELD; PART_NO_FROM_FIELD; SIZE_FROM_STRUCTURED_FIELD; STANDARD_FROM_SPECIFICATION; TYPE_FROM_MATERIAL_TYPE; UNIT_FROM_FIELD,description; specification; structured_field
HPCL-143059,HPCL,MATERIAL: HEX BOLT M12 X 100 MM,material: hexagonal bolt m12 x 100 mm,Fasteners,Bolt,IS 1363; M12 x 100 mm; Zinc Plated,Carbon Steel,M12,100 mm,12 mm,Zinc Plated,NOS,fastener,bolt,hex,carbon steel,Carbon Steel,M12,,100 mm,,,12 mm,,,,,IS 1363,IS 1363; M12 x 100 mm; Zinc Plated,zinc plated,,,,,,Shree Valves & Fittings,SHR-532-69,NOS,14,False,,COATING_FROM_STRUCTURED_FIELD; DIAMETER_FROM_FIELD; FAMILY_FASTENER; GRADE_FROM_STRUCTURED_FIELD; LENGTH_FROM_FIELD; MANUFACTURER_FROM_FIELD; MATERIAL_CARBON_STEEL; PART_NO_FROM_FIELD; SIZE_METRIC_BOLT; STANDARD_FROM_SPECIFICATION; SUBTYPE_HEX; TYPE_FROM_MATERIAL_TYPE; UNIT_FROM_FIELD,description; specification; structured_field
HPCL-790123,HPCL,FLANGE 2 in ASTM A105,flange 2 in astm a105,Pipes & Fittings,Flange,ASME B16.5; 2 in; ASTM A105,ASTM A105,2 in,,,Bare,MTR,pipe/fitting,flange,,,ASTM A105,2 in,,,,,,,,,,ASTM A105; ASME B16.5,ASME B16.5; 2 in; ASTM A105,bare,,,,,,Shree Valves & Fittings,SHR-881-13,MTR,10,True,material_grade: 'ASTM A105' vs 'A105',COATING_FROM_STRUCTURED_FIELD; FAMILY_PIPE; GRADE_A105; MANUFACTURER_FROM_FIELD; PART_NO_FROM_FIELD; SIZE_INCH; STANDARD_FROM_SPECIFICATION; TYPE_FROM_MATERIAL_TYPE; UNIT_FROM_FIELD,description; specification; structured_field
CPCL-524372,CPCL,XLPE CABLE 50 sq mm,xlpe cable 50 sq mm,Electrical,Cable,IS 7098; 50 sq mm; 100 m,XLPE Aluminium,50 sq mm,100 mm,,PVC,MTR,electrical,cable,,xlpe,XLPE Aluminium,50 sq mm,,100 mm,,,,,,,,IS 7098,IS 7098; 50 sq mm; 100 m,pvc,,,,,,Apex Industrial Systems,APE-120-99,MTR,12,False,,COATING_FROM_STRUCTURED_FIELD; FAMILY_ELECTRICAL; GRADE_FROM_STRUCTURED_FIELD; LENGTH_FROM_FIELD; MANUFACTURER_FROM_FIELD; MATERIAL_XLPE; PART_NO_FROM_FIELD; SIZE_SQMM_CABLE; STANDARD_FROM_SPECIFICATION; TYPE_FROM_MATERIAL_TYPE; UNIT_FROM_FIELD,description; specification; structured_field
HPCL-836540,HPCL,10 sq mm SQ MM POWER CABLE,10 sq mm sq mm power cable,Electrical,Cable,IS 7098; 10 sq mm; 500 m,XLPE Aluminium,10 sq mm,500 mm,,PVC,MTR,electrical,cable,,xlpe,XLPE Aluminium,10 sq mm,,500 mm,,,,,,,,IS 7098,IS 7098; 10 sq mm; 500 m,pvc,,,,,,Hindustan Mechanical,HIN-762-34,MTR,12,False,,COATING_FROM_STRUCTURED_FIELD; FAMILY_ELECTRICAL; GRADE_FROM_STRUCTURED_FIELD; LENGTH_FROM_FIELD; MANUFACTURER_FROM_FIELD; MATERIAL_XLPE; PART_NO_FROM_FIELD; SIZE_SQMM_CABLE; STANDARD_FROM_SPECIFICATION; TYPE_FROM_MATERIAL_TYPE; UNIT_FROM_FIELD,description; specification; structured_field
IOCL-220730,IOCL,PRESSURE INDICATOR 0-100 bar,pressure indicator 0-100 bar,Instrumentation,Pressure Gauge,EN 837-1; Range 0-100 bar,SS 304,0-100 bar,,,SS,NOS,instrumentation,pressure gauge,,stainless steel,SS 304,0-100 bar,,,,,,,,,,EN 837-1,EN 837-1; Range 0-100 bar,stainless steel,,,,,,Eastern Cables,EAS-907-45,NOS,11,False,,COATING_FROM_STRUCTURED_FIELD; FAMILY_INSTRUMENTATION; GRADE_FROM_STRUCTURED_FIELD; MANUFACTURER_FROM_FIELD; MATERIAL_STAINLESS_STEEL; PART_NO_FROM_FIELD; SIZE_PRESSURE_RANGE; STANDARD_FROM_SPECIFICATION; TYPE_FROM_MATERIAL_TYPE; UNIT_FROM_FIELD,description; specification; structured_field
HPCL-320788,HPCL,PRESSURE RELIEF VALVE 3 in SS 316,pressure relief valve 3 in stainless steel 316,Safety,Safety Valve,API 526; 3 in; SS 316,SS 316,3 in,,,SS,NOS,safety,safety valve,,stainless steel,SS 316,3 in,,,,,,,,,,API 526,API 526; 3 in; SS 316,stainless steel,,,,,,Bharat Industrial Works,BHA-218-98,NOS,11,False,,COATING_FROM_STRUCTURED_FIELD; FAMILY_SAFETY; GRADE_SS316; MANUFACTURER_FROM_FIELD; MATERIAL_STAINLESS_STEEL; PART_NO_FROM_FIELD; SIZE_INCH; STANDARD_FROM_SPECIFICATION; TYPE_SAFETY_VALVE; UNIT_FROM_FIELD,description; specification; structured_field
IOCL-942654,IOCL,FLANGE 6 in ASTM A105,flange 6 in astm a105,Pipes & Fittings,Flange,ASME B16.5; 6 in; ASTM A105,ASTM A105,6 in,,,Bare,MTR,pipe/fitting,flange,,,ASTM A105,6 in,,,,,,,,,,ASTM A105; ASME B16.5,ASME B16.5; 6 in; ASTM A105,bare,,,,,,Metro Pumps & Valves,MET-170-12,MTR,10,True,material_grade: 'ASTM A105' vs 'A105',COATING_FROM_STRUCTURED_FIELD; FAMILY_PIPE; GRADE_A105; MANUFACTURER_FROM_FIELD; PART_NO_FROM_FIELD; SIZE_INCH; STANDARD_FROM_SPECIFICATION; TYPE_FROM_MATERIAL_TYPE; UNIT_FROM_FIELD,description; specification; structured_field
ONGC-598686,ONGC,M20 HEX NUT,m20 hexagonal nut,Fasteners,Nut,IS 1364; M20; Zinc Plated,Carbon Steel,M20,,,Zinc Plated,NOS,fastener,nut,hex,carbon steel,Carbon Steel,M20,,,,,,,,,,IS 1364,IS 1364; M20; Zinc Plated,zinc plated,,,,,,Hindustan Mechanical,HIN-183-71,NOS,12,False,,COATING_FROM_STRUCTURED_FIELD; FAMILY_FASTENER; GRADE_FROM_STRUCTURED_FIELD; MANUFACTURER_FROM_FIELD; MATERIAL_CARBON_STEEL; PART_NO_FROM_FIELD; SIZE_METRIC_BOLT; STANDARD_FROM_SPECIFICATION; SUBTYPE_HEX; TYPE_FROM_MATERIAL_TYPE; UNIT_FROM_FIELD,description; specification; structured_field
HPCL-736889,HPCL,HEXAGONAL NUT M20 ZINC PLATED,hexagonal nut m20 zinc plated,Fasteners,Nut,IS 1364; M20; Zinc Plated,Carbon Steel,M20,,,Zinc Plated,NOS,fastener,nut,hex,carbon steel,Carbon Steel,M20,,,,,,,,,,IS 1364,IS 1364; M20; Zinc Plated,zinc plated,,,,,,Eastern Cables,EAS-310-28,NOS,12,False,,COATING_FROM_STRUCTURED_FIELD; FAMILY_FASTENER; GRADE_FROM_STRUCTURED_FIELD; MANUFACTURER_FROM_FIELD; MATERIAL_CARBON_STEEL; PART_NO_FROM_FIELD; SIZE_METRIC_BOLT; STANDARD_FROM_SPECIFICATION; SUBTYPE_HEX; TYPE_FROM_MATERIAL_TYPE; UNIT_FROM_FIELD,description; specification; structured_field
CPCL-225421,CPCL,GLOBE VALVE FLANGED 2 in,globe valve flanged 2 in,Valves,Globe Valve,API 623; 2 in; ASTM A216 WCB,ASTM A216 WCB,2 in,,,Painted,NOS,valve,globe valve,,,ASTM A216 WCB,2 in,,,,,,,,,,ASTM A216 WCB; API 623,API 623; 2 in; ASTM A216 WCB,painted,flanged,,,,,National Bearing Works,NAT-748-53,NOS,11,False,,COATING_FROM_STRUCTURED_FIELD; CONNECTION_FLANGED; FAMILY_VALVE; GRADE_FROM_STRUCTURED_FIELD; MANUFACTURER_FROM_FIELD; PART_NO_FROM_FIELD; SIZE_INCH; STANDARD_FROM_SPECIFICATION; TYPE_GLOBE_VALVE; UNIT_FROM_FIELD,description; specification; structured_field
IOCL-397994,IOCL,PRESSURE SAFETY VALVE 2 in,pressure safety valve 2 in,Safety,Safety Valve,API 526; 2 in; SS 316,SS 316,2 in,,,SS,NOS,safety,safety valve,,stainless steel,SS 316,2 in,,,,,,,,,,API 526,API 526; 2 in; SS 316,stainless steel,,,,,,Bharat Industrial Works,BHA-421-69,NOS,11,True,material_family: 'safety' vs 'valve',COATING_FROM_STRUCTURED_FIELD; FAMILY_SAFETY; GRADE_FROM_STRUCTURED_FIELD; MANUFACTURER_FROM_FIELD; MATERIAL_STAINLESS_STEEL; PART_NO_FROM_FIELD; SIZE_INCH; STANDARD_FROM_SPECIFICATION; TYPE_SAFETY_VALVE; UNIT_FROM_FIELD,description; specification; structured_field
CPCL-561473,CPCL,POWER CABLE 50 sq mm XLPE Aluminium,power cable 50 sq mm xlpe aluminium,Electrical,Cable,IS 7098; 50 sq mm; 100 m,XLPE Aluminium,50 sq mm,100 mm,,PVC,MTR,electrical,cable,,xlpe,XLPE Aluminium,50 sq mm,,100 mm,,,,,,,,IS 7098,IS 7098; 50 sq mm; 100 m,pvc,,,,,,Precision Fasteners,PRE-781-35,MTR,12,False,,COATING_FROM_STRUCTURED_FIELD; FAMILY_ELECTRICAL; GRADE_FROM_STRUCTURED_FIELD; LENGTH_FROM_FIELD; MANUFACTURER_FROM_FIELD; MATERIAL_XLPE; PART_NO_FROM_FIELD; SIZE_SQMM_CABLE; STANDARD_FROM_SPECIFICATION; TYPE_FROM_MATERIAL_TYPE; UNIT_FROM_FIELD,description; specification; structured_field
ONGC-583340,ONGC,90 DEGREE ELBOW 1 in ASME B16.9,90 degree elbow 1 in asme b16.9,Pipes & Fittings,Elbow,ASME B16.9; 1 in; ASTM A234 WPB,ASTM A234 WPB,1 in,,,Bare,MTR,pipe/fitting,elbow,,,ASTM A234 WPB,1 in,,,,,,,,,90°,ASTM A234; ASME B16.9,ASME B16.9; 1 in; ASTM A234 WPB,bare,,,,,,Precision Fasteners,PRE-359-43,MTR,11,False,,COATING_FROM_STRUCTURED_FIELD; ELBOW_ANGLE; FAMILY_FITTING; GRADE_FROM_STRUCTURED_FIELD; MANUFACTURER_FROM_FIELD; PART_NO_FROM_FIELD; SIZE_INCH; STANDARD_FROM_SPECIFICATION; TYPE_FROM_MATERIAL_TYPE; UNIT_FROM_FIELD,description; specification; structured_field
ONGC-319967,ONGC,PRESSURE INDICATOR 0-100 bar,pressure indicator 0-100 bar,Instrumentation,Pressure Gauge,EN 837-1; Range 0-100 bar,SS 304,0-100 bar,,,SS,NOS,instrumentation,pressure gauge,,stainless steel,SS 304,0-100 bar,,,,,,,,,,EN 837-1,EN 837-1; Range 0-100 bar,stainless steel,,,,,,Eastern Cables,EAS-985-31,NOS,11,False,,COATING_FROM_STRUCTURED_FIELD; FAMILY_INSTRUMENTATION; GRADE_FROM_STRUCTURED_FIELD; MANUFACTURER_FROM_FIELD; MATERIAL_STAINLESS_STEEL; PART_NO_FROM_FIELD; SIZE_PRESSURE_RANGE; STANDARD_FROM_SPECIFICATION; TYPE_FROM_MATERIAL_TYPE; UNIT_FROM_FIELD,description; specification; structured_field
CPCL-355971,CPCL,GATE VALVE FLANGED 4 in,gate valve flanged 4 in,Valves,Gate Valve,API 600; 4 in; ASTM A216 WCB,ASTM A216 WCB,4 in,,,Painted,NOS,valve,gate valve,,,ASTM A216 WCB,4 in,,,,,,,,,,ASTM A216 WCB; API 600,API 600; 4 in; ASTM A216 WCB,painted,flanged,,,,,National Bearing Works,NAT-955-38,NOS,11,False,,COATING_FROM_STRUCTURED_FIELD; CONNECTION_FLANGED; FAMILY_VALVE; GRADE_FROM_STRUCTURED_FIELD; MANUFACTURER_FROM_FIELD; PART_NO_FROM_FIELD; SIZE_INCH; STANDARD_FROM_SPECIFICATION; TYPE_GATE_VALVE; UNIT_FROM_FIELD,description; specification; structured_field
CPCL-578570,CPCL,BOURDON PRESSURE GAUGE 0-25 bar,bourdon pressure gauge 0-25 bar,Instrumentation,Pressure Gauge,EN 837-1; Range 0-25 bar,SS 304,0-25 bar,,,SS,NOS,instrumentation,pressure gauge,,stainless steel,SS 304,0-25 bar,,,,,,,,,,EN 837-1,EN 837-1; Range 0-25 bar,stainless steel,,,,,,National Bearing Works,NAT-217-58,NOS,11,False,,COATING_FROM_STRUCTURED_FIELD; FAMILY_INSTRUMENTATION; GRADE_FROM_STRUCTURED_FIELD; MANUFACTURER_FROM_FIELD; MATERIAL_STAINLESS_STEEL; PART_NO_FROM_FIELD; SIZE_PRESSURE_RANGE; STANDARD_FROM_SPECIFICATION; TYPE_FROM_MATERIAL_TYPE; UNIT_FROM_FIELD,description; specification; structured_field
CPCL-202245,CPCL,BALL VALVE 3 in API 608,ball valve 3 in api 608,Valves,Ball Valve,API 608; 3 in; SS 316,SS 316,3 in,,,SS,NOS,valve,ball valve,,stainless steel,SS 316,3 in,,,,,,,,,,API 608,API 608; 3 in; SS 316,stainless steel,,,,,,Eastern Cables,EAS-135-58,NOS,11,False,,COATING_FROM_STRUCTURED_FIELD; FAMILY_VALVE; GRADE_FROM_STRUCTURED_FIELD; MANUFACTURER_FROM_FIELD; MATERIAL_STAINLESS_STEEL; PART_NO_FROM_FIELD; SIZE_INCH; STANDARD_FROM_SPECIFICATION; TYPE_BALL_VALVE; UNIT_FROM_FIELD,description; specification; structured_field
IOCL-148460,IOCL,WELD NECK FLANGE 4 in ASTM A105,weld neck flange 4 in astm a105,Pipes & Fittings,Flange,ASME B16.5; 4 in; ASTM A105,ASTM A105,4 in,,,Bare,MTR,flange,weld neck flange,,,ASTM A105,4 in,,,,,,,,,,ASTM A105; ASME B16.5,ASME B16.5; 4 in; ASTM A105,bare,weld neck,,,,,National Bearing Works,NAT-451-69,MTR,11,True,material_grade: 'ASTM A105' vs 'A105',COATING_FROM_STRUCTURED_FIELD; CONNECTION_WELD_NECK; FAMILY_FLANGE; GRADE_A105; MANUFACTURER_FROM_FIELD; PART_NO_FROM_FIELD; SIZE_INCH; STANDARD_FROM_SPECIFICATION; TYPE_WELDNECK_FLANGE; UNIT_FROM_FIELD,description; specification; structured_field
CPCL-667733,CPCL,RTD PT100 4-wire 500 MM,rtd pt100 4-wire 500 mm,Instrumentation,Temperature Sensor,IEC 60751; 4-wire; 500 mm,Pt100,4-wire,500 mm,6 mm,SS,NOS,instrumentation,temperature sensor,,,Pt100,4-wire,,500 mm,,,6 mm,,,,,IEC 60751,IEC 60751; 4-wire; 500 mm,stainless steel,,,,,,Metro Pumps & Valves,MET-732-98,NOS,12,True,size: '4-wire' vs '500 mm',COATING_FROM_STRUCTURED_FIELD; DIAMETER_FROM_FIELD; FAMILY_INSTRUMENTATION; GRADE_FROM_STRUCTURED_FIELD; LENGTH_FROM_FIELD; MANUFACTURER_FROM_FIELD; PART_NO_FROM_FIELD; SIZE_FROM_STRUCTURED_FIELD; STANDARD_FROM_SPECIFICATION; TYPE_FROM_MATERIAL_TYPE; UNIT_FROM_FIELD,specification; structured_field
IOCL-456494,IOCL,GALV HEX BOLT M10 X 60 MM,galvanized hexagonal bolt m10 x 60 mm,Fasteners,Bolt,IS 1363; M10 x 60 mm; Galvanized,Carbon Steel,M10,60 mm,20 mm,Galvanized,NOS,fastener,bolt,hex,carbon steel,Carbon Steel,M10,,60 mm,,,20 mm,,,,,IS 1363,IS 1363; M10 x 60 mm; Galvanized,galvanized,,,,,,Precision Fasteners,PRE-592-64,NOS,14,False,,COATING_FROM_STRUCTURED_FIELD; DIAMETER_FROM_FIELD; FAMILY_FASTENER; GRADE_FROM_STRUCTURED_FIELD; LENGTH_FROM_FIELD; MANUFACTURER_FROM_FIELD; MATERIAL_CARBON_STEEL; PART_NO_FROM_FIELD; SIZE_METRIC_BOLT; STANDARD_FROM_SPECIFICATION; SUBTYPE_HEX; TYPE_FROM_MATERIAL_TYPE; UNIT_FROM_FIELD,description; specification; structured_field
ONGC-146095,ONGC,GLOBE VALVE 4 in API 623,globe valve 4 in api 623,Valves,Globe Valve,API 623; 4 in; ASTM A216 WCB,ASTM A216 WCB,4 in,,,Painted,NOS,valve,globe valve,,,ASTM A216 WCB,4 in,,,,,,,,,,ASTM A216 WCB; API 623,API 623; 4 in; ASTM A216 WCB,painted,,,,,,Larsen Engineering,LAR-144-28,NOS,10,False,,COATING_FROM_STRUCTURED_FIELD; FAMILY_VALVE; GRADE_FROM_STRUCTURED_FIELD; MANUFACTURER_FROM_FIELD; PART_NO_FROM_FIELD; SIZE_INCH; STANDARD_FROM_SPECIFICATION; TYPE_GLOBE_VALVE; UNIT_FROM_FIELD,description; specification; structured_field
ONGC-815257,ONGC,M20 HEX NUT,m20 hexagonal nut,Fasteners,Nut,IS 1364; M20; Galvanized,Carbon Steel,M20,,,Galvanized,NOS,fastener,nut,hex,carbon steel,Carbon Steel,M20,,,,,,,,,,IS 1364,IS 1364; M20; Galvanized,galvanized,,,,,,Metro Pumps & Valves,MET-935-65,NOS,12,False,,COATING_FROM_STRUCTURED_FIELD; FAMILY_FASTENER; GRADE_FROM_STRUCTURED_FIELD; MANUFACTURER_FROM_FIELD; MATERIAL_CARBON_STEEL; PART_NO_FROM_FIELD; SIZE_METRIC_BOLT; STANDARD_FROM_SPECIFICATION; SUBTYPE_HEX; TYPE_FROM_MATERIAL_TYPE; UNIT_FROM_FIELD,description; specification; structured_field
IOCL-676071,IOCL,GLOBE VALVE FLANGED 1 in ASTM A216 WCB,globe valve flanged 1 in astm a216 wcb,Valves,Globe Valve,API 623; 1 in; ASTM A216 WCB,ASTM A216 WCB,1 in,,,Painted,NOS,valve,globe valve,,,ASTM A216 WCB,1 in,,,,,,,,,,ASTM A216 WCB; API 623,API 623; 1 in; ASTM A216 WCB,painted,flanged,,,,,Bharat Industrial Works,BHA-224-12,NOS,11,True,material_grade: 'ASTM A216 WCB' vs 'WCB',COATING_FROM_STRUCTURED_FIELD; CONNECTION_FLANGED; FAMILY_VALVE; GRADE_A105; MANUFACTURER_FROM_FIELD; PART_NO_FROM_FIELD; SIZE_INCH; STANDARD_FROM_SPECIFICATION; TYPE_GLOBE_VALVE; UNIT_FROM_FIELD,description; specification; structured_field
IOCL-935246,IOCL,GATE VALVE 6 in API 600,gate valve 6 in api 600,Valves,Gate Valve,API 600; 6 in; ASTM A216 WCB,ASTM A216 WCB,6 in,,,Painted,NOS,valve,gate valve,,,ASTM A216 WCB,6 in,,,,,,,,,,ASTM A216 WCB; API 600,API 600; 6 in; ASTM A216 WCB,painted,,,,,,Bharat Industrial Works,BHA-109-11,NOS,10,False,,COATING_FROM_STRUCTURED_FIELD; FAMILY_VALVE; GRADE_FROM_STRUCTURED_FIELD; MANUFACTURER_FROM_FIELD; PART_NO_FROM_FIELD; SIZE_INCH; STANDARD_FROM_SPECIFICATION; TYPE_GATE_VALVE; UNIT_FROM_FIELD,description; specification; structured_field
HPCL-412629,HPCL,FLAT WASHER M12,flat washer m12,Fasteners,Washer,IS 2016; M12; Galvanized,Carbon Steel,M12,,,Galvanized,NOS,fastener,washer,,carbon steel,Carbon Steel,M12,,,,,,,,,,IS 2016,IS 2016; M12; Galvanized,galvanized,,,,,,Larsen Engineering,LAR-154-46,NOS,11,False,,COATING_FROM_STRUCTURED_FIELD; FAMILY_FASTENER; GRADE_FROM_STRUCTURED_FIELD; MANUFACTURER_FROM_FIELD; MATERIAL_CARBON_STEEL; PART_NO_FROM_FIELD; SIZE_METRIC_BOLT; STANDARD_FROM_SPECIFICATION; TYPE_FROM_MATERIAL_TYPE; UNIT_FROM_FIELD,description; specification; structured_field
ONGC-233571,ONGC,BALL VALVE 1 in API 608,ball valve 1 in api 608,Valves,Ball Valve,API 608; 1 in; SS 316,SS 316,1 in,,,SS,NOS,valve,ball valve,,stainless steel,SS 316,1 in,,,,,,,,,,API 608,API 608; 1 in; SS 316,stainless steel,,,,,,Shree Valves & Fittings,SHR-939-66,NOS,11,False,,COATING_FROM_STRUCTURED_FIELD; FAMILY_VALVE; GRADE_FROM_STRUCTURED_FIELD; MANUFACTURER_FROM_FIELD; MATERIAL_STAINLESS_STEEL; PART_NO_FROM_FIELD; SIZE_INCH; STANDARD_FROM_SPECIFICATION; TYPE_BALL_VALVE; UNIT_FROM_FIELD,description; specification; structured_field
CPCL-825360,CPCL,HRC FUSE 2 A,high rupturing capacity fuse 2 a,Electrical,Fuse,IS 13703; 2 A,Ceramic,2 A,,,,MTR,electrical,fuse,,,Ceramic,2 A,,,,,,,,,,IS 13703,IS 13703; 2 A,,,,,,,Precision Fasteners,PRE-855-19,MTR,9,False,,FAMILY_ELECTRICAL; GRADE_FROM_STRUCTURED_FIELD; MANUFACTURER_FROM_FIELD; PART_NO_FROM_FIELD; SIZE_FROM_STRUCTURED_FIELD; STANDARD_FROM_SPECIFICATION; TYPE_FROM_MATERIAL_TYPE; UNIT_FROM_FIELD,description; specification; structured_field
CPCL-923113,CPCL,HRC CARTRIDGE 32 A,high rupturing capacity cartridge 32 a,Electrical,Fuse,IS 13703; 32 A,Ceramic,32 A,,,,MTR,electrical,fuse,,,Ceramic,32 A,,,,,,,,,,IS 13703,IS 13703; 32 A,,,,,,,Shree Valves & Fittings,SHR-719-84,MTR,9,False,,FAMILY_ELECTRICAL; GRADE_FROM_STRUCTURED_FIELD; MANUFACTURER_FROM_FIELD; PART_NO_FROM_FIELD; SIZE_FROM_STRUCTURED_FIELD; STANDARD_FROM_SPECIFICATION; TYPE_FROM_MATERIAL_TYPE; UNIT_FROM_FIELD,description; specification; structured_field
IOCL-957728,IOCL,M16 HEX NUT,m16 hexagonal nut,Fasteners,Nut,IS 1364; M16; Zinc Plated,Carbon Steel,M16,,,Zinc Plated,NOS,fastener,nut,hex,carbon steel,Carbon Steel,M16,,,,,,,,,,IS 1364,IS 1364; M16; Zinc Plated,zinc plated,,,,,,Hindustan Mechanical,HIN-922-95,NOS,12,False,,COATING_FROM_STRUCTURED_FIELD; FAMILY_FASTENER; GRADE_FROM_STRUCTURED_FIELD; MANUFACTURER_FROM_FIELD; MATERIAL_CARBON_STEEL; PART_NO_FROM_FIELD; SIZE_METRIC_BOLT; STANDARD_FROM_SPECIFICATION; SUBTYPE_HEX; TYPE_FROM_MATERIAL_TYPE; UNIT_FROM_FIELD,description; specification; structured_field
CPCL-266365,CPCL,PROCESS PUMP 80 mm,process pump 80 mm,Pumps,Centrifugal Pump,API 610; 80 mm; SS 316,SS 316,80 mm,,,Painted,NOS,pump,centrifugal pump,,stainless steel,SS 316,80 mm,,,,,,,,,,API 610,API 610; 80 mm; SS 316,painted,,,,,,Supreme Engineering,SUP-619-49,NOS,11,False,,COATING_FROM_STRUCTURED_FIELD; FAMILY_PUMP; GRADE_FROM_STRUCTURED_FIELD; MANUFACTURER_FROM_FIELD; MATERIAL_STAINLESS_STEEL; PART_NO_FROM_FIELD; SIZE_MM; STANDARD_FROM_SPECIFICATION; TYPE_CENTRIFUGAL_PUMP; UNIT_FROM_FIELD,description; specification; structured_field
IOCL-494781,IOCL,GEAR OIL EP 140,gear oil ep 140,Lubricants,Lubricant,IS 10522; EP 140,Mineral Oil,EP 140,,,,LTR,lubricant,lubricant,,mineral oil,Mineral Oil,EP 140,,,,,,,,,,IS 10522,IS 10522; EP 140,,,,,,,Eastern Cables,EAS-991-67,LTR,10,False,,FAMILY_LUBRICANT; GRADE_FROM_STRUCTURED_FIELD; MANUFACTURER_FROM_FIELD; MATERIAL_MINERAL_OIL; PART_NO_FROM_FIELD; SIZE_VG_ISO_LUBE; STANDARD_FROM_SPECIFICATION; TYPE_FROM_MATERIAL_TYPE; UNIT_FROM_FIELD,description; specification; structured_field
IOCL-906080,IOCL,BOURDON PRESSURE GAUGE 0-100 bar,bourdon pressure gauge 0-100 bar,Instrumentation,Pressure Gauge,EN 837-1; Range 0-100 bar,SS 304,0-100 bar,,,SS,NOS,instrumentation,pressure gauge,,stainless steel,SS 304,0-100 bar,,,,,,,,,,EN 837-1,EN 837-1; Range 0-100 bar,stainless steel,,,,,,ABC Industrial Products,ABC-449-61,NOS,11,False,,COATING_FROM_STRUCTURED_FIELD; FAMILY_INSTRUMENTATION; GRADE_FROM_STRUCTURED_FIELD; MANUFACTURER_FROM_FIELD; MATERIAL_STAINLESS_STEEL; PART_NO_FROM_FIELD; SIZE_PRESSURE_RANGE; STANDARD_FROM_SPECIFICATION; TYPE_FROM_MATERIAL_TYPE; UNIT_FROM_FIELD,description; specification; structured_field
IOCL-306522,IOCL,HEX NUT M12 GALVANIZED,hexagonal nut m12 galvanized,Fasteners,Nut,IS 1364; M12; Galvanized,Carbon Steel,M12,,,Galvanized,NOS,fastener,nut,hex,carbon steel,Carbon Steel,M12,,,,,,,,,,IS 1364,IS 1364; M12; Galvanized,galvanized,,,,,,Apex Industrial Systems,APE-445-14,NOS,12,False,,COATING_FROM_STRUCTURED_FIELD; FAMILY_FASTENER; GRADE_FROM_STRUCTURED_FIELD; MANUFACTURER_FROM_FIELD; MATERIAL_CARBON_STEEL; PART_NO_FROM_FIELD; SIZE_METRIC_BOLT; STANDARD_FROM_SPECIFICATION; SUBTYPE_HEX; TYPE_FROM_MATERIAL_TYPE; UNIT_FROM_FIELD,description; specification; structured_field
ONGC-167332,ONGC,POWER CABLE 4 sq mm XLPE Copper,power cable 4 sq mm xlpe copper,Electrical,Cable,IS 7098; 4 sq mm; 1000 m,XLPE Copper,4 sq mm,1000 mm,,PVC,MTR,electrical,cable,,xlpe,XLPE Copper,4 sq mm,,1000 mm,,,,,,,,IS 7098,IS 7098; 4 sq mm; 1000 m,pvc,,,,,,Bharat Industrial Works,BHA-202-29,MTR,12,False,,COATING_FROM_STRUCTURED_FIELD; FAMILY_ELECTRICAL; GRADE_FROM_STRUCTURED_FIELD; LENGTH_FROM_FIELD; MANUFACTURER_FROM_FIELD; MATERIAL_XLPE; PART_NO_FROM_FIELD; SIZE_SQMM_CABLE; STANDARD_FROM_SPECIFICATION; TYPE_FROM_MATERIAL_TYPE; UNIT_FROM_FIELD,description; specification; structured_field
ONGC-511344,ONGC,HYDRAULIC HOSE 1-1/2 in,hydraulic hose 1-1/2 in,Hoses,Hydraulic Hose,SAE 100 R2; 1-1/2 in; 1000 mm,Synthetic Rubber,1-1/2 in,1000 mm,,Rubber,MTR,hose,hydraulic hose,,synthetic rubber,Synthetic Rubber,1-1/2 in,,1000 mm,,,,,,,,SAE 100 R2,SAE 100 R2; 1-1/2 in; 1000 mm,rubber,,,,,,ABC Industrial Products,ABC-252-65,MTR,12,False,,COATING_FROM_STRUCTURED_FIELD; FAMILY_HOSE; GRADE_FROM_STRUCTURED_FIELD; LENGTH_FROM_FIELD; MANUFACTURER_FROM_FIELD; MATERIAL_SYNTHETIC_RUBBER; PART_NO_FROM_FIELD; SIZE_FRACTION_INCH; STANDARD_FROM_SPECIFICATION; TYPE_FROM_MATERIAL_TYPE; UNIT_FROM_FIELD,description; specification; structured_field
HPCL-848045,HPCL,GLOBE VALVE FLANGED 4 in,globe valve flanged 4 in,Valves,Globe Valve,API 623; 4 in; ASTM A216 WCB,ASTM A216 WCB,4 in,,,Painted,NOS,valve,globe valve,,,ASTM A216 WCB,4 in,,,,,,,,,,ASTM A216 WCB; API 623,API 623; 4 in; ASTM A216 WCB,painted,flanged,,,,,Prime Electricals,PRI-388-85,NOS,11,False,,COATING_FROM_STRUCTURED_FIELD; CONNECTION_FLANGED; FAMILY_VALVE; GRADE_FROM_STRUCTURED_FIELD; MANUFACTURER_FROM_FIELD; PART_NO_FROM_FIELD; SIZE_INCH; STANDARD_FROM_SPECIFICATION; TYPE_GLOBE_VALVE; UNIT_FROM_FIELD,description; specification; structured_field
IOCL-989386,IOCL,GATE VALVE FLANGED 1 in,gate valve flanged 1 in,Valves,Gate Valve,API 600; 1 in; ASTM A216 WCB,ASTM A216 WCB,1 in,,,Painted,NOS,valve,gate valve,,,ASTM A216 WCB,1 in,,,,,,,,,,ASTM A216 WCB; API 600,API 600; 1 in; ASTM A216 WCB,painted,flanged,,,,,Eastern Cables,EAS-417-69,NOS,11,False,,COATING_FROM_STRUCTURED_FIELD; CONNECTION_FLANGED; FAMILY_VALVE; GRADE_FROM_STRUCTURED_FIELD; MANUFACTURER_FROM_FIELD; PART_NO_FROM_FIELD; SIZE_INCH; STANDARD_FROM_SPECIFICATION; TYPE_GATE_VALVE; UNIT_FROM_FIELD,description; specification; structured_field
CPCL-873645,CPCL,M10 HEX NUT,m10 hexagonal nut,Fasteners,Nut,IS 1364; M10; Zinc Plated,Carbon Steel,M10,,,Zinc Plated,NOS,fastener,nut,hex,carbon steel,Carbon Steel,M10,,,,,,,,,,IS 1364,IS 1364; M10; Zinc Plated,zinc plated,,,,,,Larsen Engineering,LAR-439-34,NOS,12,False,,COATING_FROM_STRUCTURED_FIELD; FAMILY_FASTENER; GRADE_FROM_STRUCTURED_FIELD; MANUFACTURER_FROM_FIELD; MATERIAL_CARBON_STEEL; PART_NO_FROM_FIELD; SIZE_METRIC_BOLT; STANDARD_FROM_SPECIFICATION; SUBTYPE_HEX; TYPE_FROM_MATERIAL_TYPE; UNIT_FROM_FIELD,description; specification; structured_field
CPCL-984074,CPCL,HEXAGONAL NUT M10 ZINC PLATED,hexagonal nut m10 zinc plated,Fasteners,Nut,IS 1364; M10; Zinc Plated,Carbon Steel,M10,,,Zinc Plated,NOS,fastener,nut,hex,carbon steel,Carbon Steel,M10,,,,,,,,,,IS 1364,IS 1364; M10; Zinc Plated,zinc plated,,,,,,Metro Pumps & Valves,MET-357-68,NOS,12,False,,COATING_FROM_STRUCTURED_FIELD; FAMILY_FASTENER; GRADE_FROM_STRUCTURED_FIELD; MANUFACTURER_FROM_FIELD; MATERIAL_CARBON_STEEL; PART_NO_FROM_FIELD; SIZE_METRIC_BOLT; STANDARD_FROM_SPECIFICATION; SUBTYPE_HEX; TYPE_FROM_MATERIAL_TYPE; UNIT_FROM_FIELD,description; specification; structured_field
IOCL-710994,IOCL,BALL VALVE 2 in API 608,ball valve 2 in api 608,Valves,Ball Valve,API 608; 2 in; SS 316,SS 316,2 in,,,SS,NOS,valve,ball valve,,stainless steel,SS 316,2 in,,,,,,,,,,API 608,API 608; 2 in; SS 316,stainless steel,,,,,,Supreme Engineering,SUP-457-17,NOS,11,False,,COATING_FROM_STRUCTURED_FIELD; FAMILY_VALVE; GRADE_FROM_STRUCTURED_FIELD; MANUFACTURER_FROM_FIELD; MATERIAL_STAINLESS_STEEL; PART_NO_FROM_FIELD; SIZE_INCH; STANDARD_FROM_SPECIFICATION; TYPE_BALL_VALVE; UNIT_FROM_FIELD,description; specification; structured_field
IOCL-614662,IOCL,GALV HEX BOLT M16 X 50 MM,galvanized hexagonal bolt m16 x 50 mm,Fasteners,Bolt,IS 1363; M16 x 50 mm; Zinc Plated,Carbon Steel,M16,50 mm,10 mm,Zinc Plated,NOS,fastener,bolt,hex,carbon steel,Carbon Steel,M16,,50 mm,,,10 mm,,,,,IS 1363,IS 1363; M16 x 50 mm; Zinc Plated,zinc plated,,,,,,Shree Valves & Fittings,SHR-498-88,NOS,14,False,,COATING_FROM_STRUCTURED_FIELD; DIAMETER_FROM_FIELD; FAMILY_FASTENER; GRADE_FROM_STRUCTURED_FIELD; LENGTH_FROM_FIELD; MANUFACTURER_FROM_FIELD; MATERIAL_CARBON_STEEL; PART_NO_FROM_FIELD; SIZE_METRIC_BOLT; STANDARD_FROM_SPECIFICATION; SUBTYPE_HEX; TYPE_FROM_MATERIAL_TYPE; UNIT_FROM_FIELD,description; specification; structured_field
CPCL-513598,CPCL,WELD NECK FLANGE 3 in ASTM A105,weld neck flange 3 in astm a105,Pipes & Fittings,Flange,ASME B16.5; 3 in; ASTM A105,ASTM A105,3 in,,,Bare,MTR,flange,weld neck flange,,,ASTM A105,3 in,,,,,,,,,,ASTM A105; ASME B16.5,ASME B16.5; 3 in; ASTM A105,bare,weld neck,,,,,Prime Electricals,PRI-842-24,MTR,11,True,material_grade: 'ASTM A105' vs 'A105',COATING_FROM_STRUCTURED_FIELD; CONNECTION_WELD_NECK; FAMILY_FLANGE; GRADE_A105; MANUFACTURER_FROM_FIELD; PART_NO_FROM_FIELD; SIZE_INCH; STANDARD_FROM_SPECIFICATION; TYPE_WELDNECK_FLANGE; UNIT_FROM_FIELD,description; specification; structured_field
ONGC-771764,ONGC,PRESSURE INDICATOR 0-25 bar,pressure indicator 0-25 bar,Instrumentation,Pressure Gauge,EN 837-1; Range 0-25 bar,SS 304,0-25 bar,,,SS,NOS,instrumentation,pressure gauge,,stainless steel,SS 304,0-25 bar,,,,,,,,,,EN 837-1,EN 837-1; Range 0-25 bar,stainless steel,,,,,,National Bearing Works,NAT-124-36,NOS,11,False,,COATING_FROM_STRUCTURED_FIELD; FAMILY_INSTRUMENTATION; GRADE_FROM_STRUCTURED_FIELD; MANUFACTURER_FROM_FIELD; MATERIAL_STAINLESS_STEEL; PART_NO_FROM_FIELD; SIZE_PRESSURE_RANGE; STANDARD_FROM_SPECIFICATION; TYPE_FROM_MATERIAL_TYPE; UNIT_FROM_FIELD,description; specification; structured_field
CPCL-348652,CPCL,SEAMLESS STEEL PIPE 1/2 in API 5L,seamless steel pipe 1/2 in api 5l,Pipes & Fittings,Pipe,API 5L; 1/2 in; ASTM A106 Gr.B,ASTM A106 Gr.B,1/2 in,6000 mm,,Bare,MTR,pipe/fitting,pipe,,,ASTM A106 Gr.B,1/2 in,,6000 mm,,,,,,,,ASTM A106 Gr.B; API 5L,API 5L; 1/2 in; ASTM A106 Gr.B,bare,,,seamless,,,Bharat Industrial Works,BHA-275-22,MTR,12,False,,COATING_FROM_STRUCTURED_FIELD; CONSTRUCTION_SEAMLESS; FAMILY_PIPE; GRADE_FROM_STRUCTURED_FIELD; LENGTH_FROM_FIELD; MANUFACTURER_FROM_FIELD; PART_NO_FROM_FIELD; SIZE_FRACTION_INCH; STANDARD_FROM_SPECIFICATION; TYPE_FROM_MATERIAL_TYPE; UNIT_FROM_FIELD,description; specification; structured_field
ONGC-924710,ONGC,PT100 RTD 4-wire 500,pt100 rtd 4-wire 500,Instrumentation,Temperature Sensor,IEC 60751; 4-wire; 500 mm,Pt100,4-wire,500 mm,10 mm,SS,NOS,instrumentation,temperature sensor,,,Pt100,4-wire,,500 mm,,,10 mm,,,,,IEC 60751,IEC 60751; 4-wire; 500 mm,stainless steel,,,,,,ABC Industrial Products,ABC-553-52,NOS,12,False,,COATING_FROM_STRUCTURED_FIELD; DIAMETER_FROM_FIELD; FAMILY_INSTRUMENTATION; GRADE_FROM_STRUCTURED_FIELD; LENGTH_FROM_FIELD; MANUFACTURER_FROM_FIELD; PART_NO_FROM_FIELD; SIZE_FROM_STRUCTURED_FIELD; STANDARD_FROM_SPECIFICATION; TYPE_FROM_MATERIAL_TYPE; UNIT_FROM_FIELD,specification; structured_field
HPCL-361998,HPCL,POWER CABLE 2.5 sq mm XLPE Copper,power cable 2.5 sq mm xlpe copper,Electrical,Cable,IS 7098; 2.5 sq mm; 1000 m,XLPE Copper,2.5 sq mm,1000 mm,,PVC,MTR,electrical,cable,,xlpe,XLPE Copper,2.5 sq mm,,1000 mm,,,,,,,,IS 7098,IS 7098; 2.5 sq mm; 1000 m,pvc,,,,,,Prime Electricals,PRI-818-47,MTR,12,False,,COATING_FROM_STRUCTURED_FIELD; FAMILY_ELECTRICAL; GRADE_FROM_STRUCTURED_FIELD; LENGTH_FROM_FIELD; MANUFACTURER_FROM_FIELD; MATERIAL_XLPE; PART_NO_FROM_FIELD; SIZE_SQMM_CABLE; STANDARD_FROM_SPECIFICATION; TYPE_FROM_MATERIAL_TYPE; UNIT_FROM_FIELD,description; specification; structured_field
ONGC-521651,ONGC,SPIRAL WOUND GASKET 4 in Graphite/SS 316,spiral wound gasket 4 in graphite/stainless steel 316,Seals,Gasket,ASME B16.20; 4 in; Graphite/SS 316,Graphite/SS 316,4 in,,,SS,NOS,seal/gasket,gasket,,stainless steel,Graphite/SS 316,4 in,,,,,,,,,,ASME B16.20,ASME B16.20; 4 in; Graphite/SS 316,stainless steel,,,,,,Precision Fasteners,PRE-239-95,NOS,11,True,material_grade: 'Graphite/SS 316' vs 'SS 316'; material_type: 'gasket' vs 'spiral wound gasket',COATING_FROM_STRUCTURED_FIELD; FAMILY_SEAL; GRADE_FROM_STRUCTURED_FIELD; MANUFACTURER_FROM_FIELD; MATERIAL_STAINLESS_STEEL; PART_NO_FROM_FIELD; SIZE_INCH; STANDARD_FROM_SPECIFICATION; TYPE_FROM_MATERIAL_TYPE; UNIT_FROM_FIELD,description; specification; structured_field
ONGC-520975,ONGC,BALL VALVE 3 in API 608,ball valve 3 in api 608,Valves,Ball Valve,API 608; 3 in; SS 316,SS 316,3 in,,,SS,NOS,valve,ball valve,,stainless steel,SS 316,3 in,,,,,,,,,,API 608,API 608; 3 in; SS 316,stainless steel,,,,,,Hindustan Mechanical,HIN-471-38,NOS,11,False,,COATING_FROM_STRUCTURED_FIELD; FAMILY_VALVE; GRADE_FROM_STRUCTURED_FIELD; MANUFACTURER_FROM_FIELD; MATERIAL_STAINLESS_STEEL; PART_NO_FROM_FIELD; SIZE_INCH; STANDARD_FROM_SPECIFICATION; TYPE_BALL_VALVE; UNIT_FROM_FIELD,description; specification; structured_field
CPCL-223411,CPCL,BALL BEARING 6207,ball bearing 6207,Bearings,Ball Bearing,ISO 15; Bearing 6207,Chrome Steel,6207,,,,NOS,bearing,ball bearing,,chrome steel,Chrome Steel,6207,,,,,,,,,,ISO 15,ISO 15; Bearing 6207,,,,,,6207,Larsen Engineering,LAR-664-11,NOS,11,False,,BEARING_NUMBER; FAMILY_BEARING; GRADE_FROM_STRUCTURED_FIELD; MANUFACTURER_FROM_FIELD; MATERIAL_CHROME_STEEL; PART_NO_FROM_FIELD; SIZE_FROM_STRUCTURED_FIELD; STANDARD_FROM_SPECIFICATION; TYPE_BALL_BEARING; UNIT_FROM_FIELD,description; specification; structured_field
CPCL-429104,CPCL,HYDRAULIC HOSE 1 in,hydraulic hose 1 in,Hoses,Hydraulic Hose,SAE 100 R2; 1 in; 5000 mm,Synthetic Rubber,1 in,5000 mm,,Rubber,MTR,hose,hydraulic hose,,synthetic rubber,Synthetic Rubber,1 in,,5000 mm,,,,,,,,SAE 100 R2,SAE 100 R2; 1 in; 5000 mm,rubber,,,,,,ABC Industrial Products,ABC-500-80,MTR,12,False,,COATING_FROM_STRUCTURED_FIELD; FAMILY_HOSE; GRADE_FROM_STRUCTURED_FIELD; LENGTH_FROM_FIELD; MANUFACTURER_FROM_FIELD; MATERIAL_SYNTHETIC_RUBBER; PART_NO_FROM_FIELD; SIZE_INCH; STANDARD_FROM_SPECIFICATION; TYPE_FROM_MATERIAL_TYPE; UNIT_FROM_FIELD,description; specification; structured_field
CPCL-734317,CPCL,HEX NUT M10 ZINC PLATED,hexagonal nut m10 zinc plated,Fasteners,Nut,IS 1364; M10; Zinc Plated,Carbon Steel,M10,,,Zinc Plated,NOS,fastener,nut,hex,carbon steel,Carbon Steel,M10,,,,,,,,,,IS 1364,IS 1364; M10; Zinc Plated,zinc plated,,,,,,National Bearing Works,NAT-488-72,NOS,12,False,,COATING_FROM_STRUCTURED_FIELD; FAMILY_FASTENER; GRADE_FROM_STRUCTURED_FIELD; MANUFACTURER_FROM_FIELD; MATERIAL_CARBON_STEEL; PART_NO_FROM_FIELD; SIZE_METRIC_BOLT; STANDARD_FROM_SPECIFICATION; SUBTYPE_HEX; TYPE_FROM_MATERIAL_TYPE; UNIT_FROM_FIELD,description; specification; structured_field
IOCL-841163,IOCL,HIGH PRESSURE HYDRAULIC HOSE 3/4 in,high pressure hydraulic hose 3/4 in,Hoses,Hydraulic Hose,SAE 100 R2; 3/4 in; 5000 mm,Synthetic Rubber,3/4 in,5000 mm,,Rubber,MTR,hose,hydraulic hose,,synthetic rubber,Synthetic Rubber,3/4 in,,5000 mm,,,,,,,,SAE 100 R2,SAE 100 R2; 3/4 in; 5000 mm,rubber,,,,,,Hindustan Mechanical,HIN-430-76,MTR,12,False,,COATING_FROM_STRUCTURED_FIELD; FAMILY_HOSE; GRADE_FROM_STRUCTURED_FIELD; LENGTH_FROM_FIELD; MANUFACTURER_FROM_FIELD; MATERIAL_SYNTHETIC_RUBBER; PART_NO_FROM_FIELD; SIZE_FRACTION_INCH; STANDARD_FROM_SPECIFICATION; TYPE_FROM_MATERIAL_TYPE; UNIT_FROM_FIELD,description; specification; structured_field
ONGC-964851,ONGC,SEAMLESS STEEL PIPE 1/2 in API 5L,seamless steel pipe 1/2 in api 5l,Pipes & Fittings,Pipe,API 5L; 1/2 in; ASTM A106 Gr.B,ASTM A106 Gr.B,1/2 in,6000 mm,,Black,MTR,pipe/fitting,pipe,,,ASTM A106 Gr.B,1/2 in,,6000 mm,,,,,,,,ASTM A106 Gr.B; API 5L,API 5L; 1/2 in; ASTM A106 Gr.B,black,,,seamless,,,Metro Pumps & Valves,MET-108-86,MTR,12,False,,COATING_FROM_STRUCTURED_FIELD; CONSTRUCTION_SEAMLESS; FAMILY_PIPE; GRADE_FROM_STRUCTURED_FIELD; LENGTH_FROM_FIELD; MANUFACTURER_FROM_FIELD; PART_NO_FROM_FIELD; SIZE_FRACTION_INCH; STANDARD_FROM_SPECIFICATION; TYPE_FROM_MATERIAL_TYPE; UNIT_FROM_FIELD,description; specification; structured_field
IOCL-641756,IOCL,SWG 1 in,swg 1 in,Seals,Gasket,ASME B16.20; 1 in; Graphite/SS 316,Graphite/SS 316,1 in,,,SS,NOS,seal/gasket,gasket,,,Graphite/SS 316,1 in,,,,,,,,,,ASME B16.20,ASME B16.20; 1 in; Graphite/SS 316,stainless steel,,,,,,Apex Industrial Systems,APE-489-99,NOS,10,False,,COATING_FROM_STRUCTURED_FIELD; FAMILY_SEAL; GRADE_FROM_STRUCTURED_FIELD; MANUFACTURER_FROM_FIELD; PART_NO_FROM_FIELD; SIZE_INCH; STANDARD_FROM_SPECIFICATION; TYPE_FROM_MATERIAL_TYPE; UNIT_FROM_FIELD,description; specification; structured_field
IOCL-452807,IOCL,50 sq mm SQ MM POWER CABLE,50 sq mm sq mm power cable,Electrical,Cable,IS 7098; 50 sq mm; 1000 m,XLPE Aluminium,50 sq mm,1000 mm,,PVC,MTR,electrical,cable,,xlpe,XLPE Aluminium,50 sq mm,,1000 mm,,,,,,,,IS 7098,IS 7098; 50 sq mm; 1000 m,pvc,,,,,,Shree Valves & Fittings,SHR-570-13,MTR,12,False,,COATING_FROM_STRUCTURED_FIELD; FAMILY_ELECTRICAL; GRADE_FROM_STRUCTURED_FIELD; LENGTH_FROM_FIELD; MANUFACTURER_FROM_FIELD; MATERIAL_XLPE; PART_NO_FROM_FIELD; SIZE_SQMM_CABLE; STANDARD_FROM_SPECIFICATION; TYPE_FROM_MATERIAL_TYPE; UNIT_FROM_FIELD,description; specification; structured_field
CPCL-463951,CPCL,PLAIN WASHER M16 ZINC PLATED,plain washer m16 zinc plated,Fasteners,Washer,IS 2016; M16; Zinc Plated,Carbon Steel,M16,,,Zinc Plated,NOS,fastener,washer,,carbon steel,Carbon Steel,M16,,,,,,,,,,IS 2016,IS 2016; M16; Zinc Plated,zinc plated,,,,,,Larsen Engineering,LAR-416-22,NOS,11,False,,COATING_FROM_STRUCTURED_FIELD; FAMILY_FASTENER; GRADE_FROM_STRUCTURED_FIELD; MANUFACTURER_FROM_FIELD; MATERIAL_CARBON_STEEL; PART_NO_FROM_FIELD; SIZE_METRIC_BOLT; STANDARD_FROM_SPECIFICATION; TYPE_FROM_MATERIAL_TYPE; UNIT_FROM_FIELD,description; specification; structured_field
HPCL-493656,HPCL,HRC FUSE 32 A,high rupturing capacity fuse 32 a,Electrical,Fuse,IS 13703; 32 A,Ceramic,32 A,,,,MTR,electrical,fuse,,,Ceramic,32 A,,,,,,,,,,IS 13703,IS 13703; 32 A,,,,,,,National Bearing Works,NAT-310-19,MTR,9,False,,FAMILY_ELECTRICAL; GRADE_FROM_STRUCTURED_FIELD; MANUFACTURER_FROM_FIELD; PART_NO_FROM_FIELD; SIZE_FROM_STRUCTURED_FIELD; STANDARD_FROM_SPECIFICATION; TYPE_FROM_MATERIAL_TYPE; UNIT_FROM_FIELD,description; specification; structured_field
ONGC-657450,ONGC,WELD NECK FLANGE 1 in ASTM A105,weld neck flange 1 in astm a105,Pipes & Fittings,Flange,ASME B16.5; 1 in; ASTM A105,ASTM A105,1 in,,,Bare,MTR,flange,weld neck flange,,,ASTM A105,1 in,,,,,,,,,,ASTM A105; ASME B16.5,ASME B16.5; 1 in; ASTM A105,bare,weld neck,,,,,Bharat Industrial Works,BHA-778-61,MTR,11,True,material_grade: 'ASTM A105' vs 'A105',COATING_FROM_STRUCTURED_FIELD; CONNECTION_WELD_NECK; FAMILY_FLANGE; GRADE_A105; MANUFACTURER_FROM_FIELD; PART_NO_FROM_FIELD; SIZE_INCH; STANDARD_FROM_SPECIFICATION; TYPE_WELDNECK_FLANGE; UNIT_FROM_FIELD,description; specification; structured_field
ONGC-494934,ONGC,RTD PT100 4-wire 300 MM,rtd pt100 4-wire 300 mm,Instrumentation,Temperature Sensor,IEC 60751; 4-wire; 300 mm,Pt100,4-wire,300 mm,6 mm,SS,NOS,instrumentation,temperature sensor,,,Pt100,4-wire,,300 mm,,,6 mm,,,,,IEC 60751,IEC 60751; 4-wire; 300 mm,stainless steel,,,,,,Supreme Engineering,SUP-508-27,NOS,12,True,size: '4-wire' vs '300 mm',COATING_FROM_STRUCTURED_FIELD; DIAMETER_FROM_FIELD; FAMILY_INSTRUMENTATION; GRADE_FROM_STRUCTURED_FIELD; LENGTH_FROM_FIELD; MANUFACTURER_FROM_FIELD; PART_NO_FROM_FIELD; SIZE_FROM_STRUCTURED_FIELD; STANDARD_FROM_SPECIFICATION; TYPE_FROM_MATERIAL_TYPE; UNIT_FROM_FIELD,specification; structured_field
IOCL-317312,IOCL,PRESSURE GAUGE 0-100 bar,pressure gauge 0-100 bar,Instrumentation,Pressure Gauge,EN 837-1; Range 0-100 bar,SS 304,0-100 bar,,,SS,NOS,instrumentation,pressure gauge,,stainless steel,SS 304,0-100 bar,,,,,,,,,,EN 837-1,EN 837-1; Range 0-100 bar,stainless steel,,,,,,Larsen Engineering,LAR-632-32,NOS,11,False,,COATING_FROM_STRUCTURED_FIELD; FAMILY_INSTRUMENTATION; GRADE_FROM_STRUCTURED_FIELD; MANUFACTURER_FROM_FIELD; MATERIAL_STAINLESS_STEEL; PART_NO_FROM_FIELD; SIZE_PRESSURE_RANGE; STANDARD_FROM_SPECIFICATION; TYPE_FROM_MATERIAL_TYPE; UNIT_FROM_FIELD,description; specification; structured_field
IOCL-221390,IOCL,GLOBE VALVE 1 in API 623,globe valve 1 in api 623,Valves,Globe Valve,API 623; 1 in; ASTM A216 WCB,ASTM A216 WCB,1 in,,,Painted,NOS,valve,globe valve,,,ASTM A216 WCB,1 in,,,,,,,,,,ASTM A216 WCB; API 623,API 623; 1 in; ASTM A216 WCB,painted,,,,,,Prime Electricals,PRI-144-55,NOS,10,False,,COATING_FROM_STRUCTURED_FIELD; FAMILY_VALVE; GRADE_FROM_STRUCTURED_FIELD; MANUFACTURER_FROM_FIELD; PART_NO_FROM_FIELD; SIZE_INCH; STANDARD_FROM_SPECIFICATION; TYPE_GLOBE_VALVE; UNIT_FROM_FIELD,description; specification; structured_field
IOCL-277797,IOCL,HYD HOSE 1 in 5000 MM,hyd hose 1 in 5000 mm,Hoses,Hydraulic Hose,SAE 100 R2; 1 in; 5000 mm,Synthetic Rubber,1 in,5000 mm,,Rubber,MTR,hose,hydraulic hose,,synthetic rubber,Synthetic Rubber,1 in,,5000 mm,,,,,,,,SAE 100 R2,SAE 100 R2; 1 in; 5000 mm,rubber,,,,,,Metro Pumps & Valves,MET-327-65,MTR,12,False,,COATING_FROM_STRUCTURED_FIELD; FAMILY_HOSE; GRADE_FROM_STRUCTURED_FIELD; LENGTH_FROM_FIELD; MANUFACTURER_FROM_FIELD; MATERIAL_SYNTHETIC_RUBBER; PART_NO_FROM_FIELD; SIZE_INCH; STANDARD_FROM_SPECIFICATION; TYPE_FROM_MATERIAL_TYPE; UNIT_FROM_FIELD,description; specification; structured_field
IOCL-291742,IOCL,2.5 sq mm SQ MM POWER CABLE,2.5 sq mm sq mm power cable,Electrical,Cable,IS 7098; 2.5 sq mm; 100 m,XLPE Copper,2.5 sq mm,100 mm,,PVC,MTR,electrical,cable,,xlpe,XLPE Copper,2.5 sq mm,,100 mm,,,,,,,,IS 7098,IS 7098; 2.5 sq mm; 100 m,pvc,,,,,,Metro Pumps & Valves,MET-453-70,MTR,12,False,,COATING_FROM_STRUCTURED_FIELD; FAMILY_ELECTRICAL; GRADE_FROM_STRUCTURED_FIELD; LENGTH_FROM_FIELD; MANUFACTURER_FROM_FIELD; MATERIAL_XLPE; PART_NO_FROM_FIELD; SIZE_SQMM_CABLE; STANDARD_FROM_SPECIFICATION; TYPE_FROM_MATERIAL_TYPE; UNIT_FROM_FIELD,description; specification; structured_field
IOCL-313866,IOCL,PLAIN WASHER M12 GALVANIZED,plain washer m12 galvanized,Fasteners,Washer,IS 2016; M12; Galvanized,Carbon Steel,M12,,,Galvanized,NOS,fastener,washer,,carbon steel,Carbon Steel,M12,,,,,,,,,,IS 2016,IS 2016; M12; Galvanized,galvanized,,,,,,Prime Electricals,PRI-669-35,NOS,11,False,,COATING_FROM_STRUCTURED_FIELD; FAMILY_FASTENER; GRADE_FROM_STRUCTURED_FIELD; MANUFACTURER_FROM_FIELD; MATERIAL_CARBON_STEEL; PART_NO_FROM_FIELD; SIZE_METRIC_BOLT; STANDARD_FROM_SPECIFICATION; TYPE_FROM_MATERIAL_TYPE; UNIT_FROM_FIELD,description; specification; structured_field
IOCL-877681,IOCL,M10 HEX NUT,m10 hexagonal nut,Fasteners,Nut,IS 1364; M10; Galvanized,Carbon Steel,M10,,,Galvanized,NOS,fastener,nut,hex,carbon steel,Carbon Steel,M10,,,,,,,,,,IS 1364,IS 1364; M10; Galvanized,galvanized,,,,,,Apex Industrial Systems,APE-872-99,NOS,12,False,,COATING_FROM_STRUCTURED_FIELD; FAMILY_FASTENER; GRADE_FROM_STRUCTURED_FIELD; MANUFACTURER_FROM_FIELD; MATERIAL_CARBON_STEEL; PART_NO_FROM_FIELD; SIZE_METRIC_BOLT; STANDARD_FROM_SPECIFICATION; SUBTYPE_HEX; TYPE_FROM_MATERIAL_TYPE; UNIT_FROM_FIELD,description; specification; structured_field
CPCL-305111,CPCL,DEEP GROOVE BEARING 6207,deep groove bearing 6207,Bearings,Ball Bearing,ISO 15; Bearing 6207,Chrome Steel,6207,,,,NOS,bearing,ball bearing,deep groove,chrome steel,Chrome Steel,6207,,,,,,,,,,ISO 15,ISO 15; Bearing 6207,,,,,,6207,National Bearing Works,NAT-541-38,NOS,12,False,,BEARING_NUMBER; FAMILY_BEARING; GRADE_FROM_STRUCTURED_FIELD; MANUFACTURER_FROM_FIELD; MATERIAL_CHROME_STEEL; PART_NO_FROM_FIELD; SIZE_FROM_STRUCTURED_FIELD; STANDARD_FROM_SPECIFICATION; SUBTYPE_DEEP_GROOVE; TYPE_BALL_BEARING; UNIT_FROM_FIELD,description; specification; structured_field
HPCL-163268,HPCL,HYDRAULIC HOSE 1 in,hydraulic hose 1 in,Hoses,Hydraulic Hose,SAE 100 R2; 1 in; 5000 mm,Synthetic Rubber,1 in,5000 mm,,Rubber,MTR,hose,hydraulic hose,,synthetic rubber,Synthetic Rubber,1 in,,5000 mm,,,,,,,,SAE 100 R2,SAE 100 R2; 1 in; 5000 mm,rubber,,,,,,Hindustan Mechanical,HIN-123-28,MTR,12,False,,COATING_FROM_STRUCTURED_FIELD; FAMILY_HOSE; GRADE_FROM_STRUCTURED_FIELD; LENGTH_FROM_FIELD; MANUFACTURER_FROM_FIELD; MATERIAL_SYNTHETIC_RUBBER; PART_NO_FROM_FIELD; SIZE_INCH; STANDARD_FROM_SPECIFICATION; TYPE_FROM_MATERIAL_TYPE; UNIT_FROM_FIELD,description; specification; structured_field
HPCL-418186,HPCL,HRC FUSE 5 A,high rupturing capacity fuse 5 a,Electrical,Fuse,IS 13703; 5 A,Ceramic,5 A,,,,MTR,electrical,fuse,,,Ceramic,5 A,,,,,,,,,,IS 13703,IS 13703; 5 A,,,,,,,Apex Industrial Systems,APE-777-39,MTR,9,False,,FAMILY_ELECTRICAL; GRADE_FROM_STRUCTURED_FIELD; MANUFACTURER_FROM_FIELD; PART_NO_FROM_FIELD; SIZE_FROM_STRUCTURED_FIELD; STANDARD_FROM_SPECIFICATION; TYPE_FROM_MATERIAL_TYPE; UNIT_FROM_FIELD,description; specification; structured_field
CPCL-851102,CPCL,PRESSURE SAFETY VALVE 4 in,pressure safety valve 4 in,Safety,Safety Valve,API 526; 4 in; SS 316,SS 316,4 in,,,SS,NOS,safety,safety valve,,stainless steel,SS 316,4 in,,,,,,,,,,API 526,API 526; 4 in; SS 316,stainless steel,,,,,,Larsen Engineering,LAR-432-69,NOS,11,True,material_family: 'safety' vs 'valve',COATING_FROM_STRUCTURED_FIELD; FAMILY_SAFETY; GRADE_FROM_STRUCTURED_FIELD; MANUFACTURER_FROM_FIELD; MATERIAL_STAINLESS_STEEL; PART_NO_FROM_FIELD; SIZE_INCH; STANDARD_FROM_SPECIFICATION; TYPE_SAFETY_VALVE; UNIT_FROM_FIELD,description; specification; structured_field
HPCL-766006,HPCL,GATE VALVE FLANGED 3 in ASTM A216 WCB,gate valve flanged 3 in astm a216 wcb,Valves,Gate Valve,API 600; 3 in; ASTM A216 WCB,ASTM A216 WCB,3 in,,,Painted,NOS,valve,gate valve,,,ASTM A216 WCB,3 in,,,,,,,,,,ASTM A216 WCB; API 600,API 600; 3 in; ASTM A216 WCB,painted,flanged,,,,,Bharat Industrial Works,BHA-302-24,NOS,11,True,material_grade: 'ASTM A216 WCB' vs 'WCB',COATING_FROM_STRUCTURED_FIELD; CONNECTION_FLANGED; FAMILY_VALVE; GRADE_A105; MANUFACTURER_FROM_FIELD; PART_NO_FROM_FIELD; SIZE_INCH; STANDARD_FROM_SPECIFICATION; TYPE_GATE_VALVE; UNIT_FROM_FIELD,description; specification; structured_field
IOCL-271986,IOCL,GLOBE VALVE FLANGED 1 in,globe valve flanged 1 in,Valves,Globe Valve,API 623; 1 in; ASTM A216 WCB,ASTM A216 WCB,1 in,,,Painted,NOS,valve,globe valve,,,ASTM A216 WCB,1 in,,,,,,,,,,ASTM A216 WCB; API 623,API 623; 1 in; ASTM A216 WCB,painted,flanged,,,,,Larsen Engineering,LAR-817-21,NOS,11,False,,COATING_FROM_STRUCTURED_FIELD; CONNECTION_FLANGED; FAMILY_VALVE; GRADE_FROM_STRUCTURED_FIELD; MANUFACTURER_FROM_FIELD; PART_NO_FROM_FIELD; SIZE_INCH; STANDARD_FROM_SPECIFICATION; TYPE_GLOBE_VALVE; UNIT_FROM_FIELD,description; specification; structured_field
ONGC-934389,ONGC,16 sq mm SQ MM POWER CABLE,16 sq mm sq mm power cable,Electrical,Cable,IS 7098; 16 sq mm; 1000 m,XLPE Aluminium,16 sq mm,1000 mm,,PVC,MTR,electrical,cable,,xlpe,XLPE Aluminium,16 sq mm,,1000 mm,,,,,,,,IS 7098,IS 7098; 16 sq mm; 1000 m,pvc,,,,,,ABC Industrial Products,ABC-733-45,MTR,12,False,,COATING_FROM_STRUCTURED_FIELD; FAMILY_ELECTRICAL; GRADE_FROM_STRUCTURED_FIELD; LENGTH_FROM_FIELD; MANUFACTURER_FROM_FIELD; MATERIAL_XLPE; PART_NO_FROM_FIELD; SIZE_SQMM_CABLE; STANDARD_FROM_SPECIFICATION; TYPE_FROM_MATERIAL_TYPE; UNIT_FROM_FIELD,description; specification; structured_field
ONGC-100818,ONGC,SWG 6 in,swg 6 in,Seals,Gasket,ASME B16.20; 6 in; Graphite/SS 316,Graphite/SS 316,6 in,,,SS,NOS,seal/gasket,gasket,,,Graphite/SS 316,6 in,,,,,,,,,,ASME B16.20,ASME B16.20; 6 in; Graphite/SS 316,stainless steel,,,,,,Larsen Engineering,LAR-349-10,NOS,10,False,,COATING_FROM_STRUCTURED_FIELD; FAMILY_SEAL; GRADE_FROM_STRUCTURED_FIELD; MANUFACTURER_FROM_FIELD; PART_NO_FROM_FIELD; SIZE_INCH; STANDARD_FROM_SPECIFICATION; TYPE_FROM_MATERIAL_TYPE; UNIT_FROM_FIELD,description; specification; structured_field
IOCL-280303,IOCL,SWG 6 in,swg 6 in,Seals,Gasket,ASME B16.20; 6 in; Graphite/SS 316,Graphite/SS 316,6 in,,,SS,NOS,seal/gasket,gasket,,,Graphite/SS 316,6 in,,,,,,,,,,ASME B16.20,ASME B16.20; 6 in; Graphite/SS 316,stainless steel,,,,,,Shree Valves & Fittings,SHR-798-21,NOS,10,False,,COATING_FROM_STRUCTURED_FIELD; FAMILY_SEAL; GRADE_FROM_STRUCTURED_FIELD; MANUFACTURER_FROM_FIELD; PART_NO_FROM_FIELD; SIZE_INCH; STANDARD_FROM_SPECIFICATION; TYPE_FROM_MATERIAL_TYPE; UNIT_FROM_FIELD,description; specification; structured_field
HPCL-180715,HPCL,BEARING NO 6203,bearing number 6203,Bearings,Ball Bearing,ISO 15; Bearing 6203,Chrome Steel,6203,,,,NOS,bearing,ball bearing,,chrome steel,Chrome Steel,6203,,,,,,,,,,ISO 15,ISO 15; Bearing 6203,,,,,,6203,National Bearing Works,NAT-466-78,NOS,11,False,,BEARING_NUMBER; FAMILY_BEARING; GRADE_FROM_STRUCTURED_FIELD; MANUFACTURER_FROM_FIELD; MATERIAL_CHROME_STEEL; PART_NO_FROM_FIELD; SIZE_FROM_STRUCTURED_FIELD; STANDARD_FROM_SPECIFICATION; TYPE_BALL_BEARING; UNIT_FROM_FIELD,description; specification; structured_field
IOCL-390705,IOCL,SWG 4 in,swg 4 in,Seals,Gasket,ASME B16.20; 4 in; Graphite/SS 316,Graphite/SS 316,4 in,,,SS,NOS,seal/gasket,gasket,,,Graphite/SS 316,4 in,,,,,,,,,,ASME B16.20,ASME B16.20; 4 in; Graphite/SS 316,stainless steel,,,,,,Supreme Engineering,SUP-525-81,NOS,10,False,,COATING_FROM_STRUCTURED_FIELD; FAMILY_SEAL; GRADE_FROM_STRUCTURED_FIELD; MANUFACTURER_FROM_FIELD; PART_NO_FROM_FIELD; SIZE_INCH; STANDARD_FROM_SPECIFICATION; TYPE_FROM_MATERIAL_TYPE; UNIT_FROM_FIELD,description; specification; structured_field
ONGC-151539,ONGC,GEAR OIL ISO VG 320,gear oil iso vg 320,Lubricants,Lubricant,IS 10522; ISO VG 320,Mineral Oil,ISO VG 320,,,,LTR,lubricant,lubricant,,mineral oil,Mineral Oil,ISO VG 320,,,,,,,,,,ISO VG 320; IS 10522,IS 10522; ISO VG 320,,,,,,,Metro Pumps & Valves,MET-331-77,LTR,10,False,,FAMILY_LUBRICANT; GRADE_FROM_STRUCTURED_FIELD; MANUFACTURER_FROM_FIELD; MATERIAL_MINERAL_OIL; PART_NO_FROM_FIELD; SIZE_VG_ISO_LUBE; STANDARD_FROM_SPECIFICATION; TYPE_FROM_MATERIAL_TYPE; UNIT_FROM_FIELD,description; specification; structured_field
ONGC-746038,ONGC,HRC CARTRIDGE 63 A,high rupturing capacity cartridge 63 a,Electrical,Fuse,IS 13703; 63 A,Ceramic,63 A,,,,MTR,electrical,fuse,,,Ceramic,63 A,,,,,,,,,,IS 13703,IS 13703; 63 A,,,,,,,ABC Industrial Products,ABC-585-77,MTR,9,False,,FAMILY_ELECTRICAL; GRADE_FROM_STRUCTURED_FIELD; MANUFACTURER_FROM_FIELD; PART_NO_FROM_FIELD; SIZE_FROM_STRUCTURED_FIELD; STANDARD_FROM_SPECIFICATION; TYPE_FROM_MATERIAL_TYPE; UNIT_FROM_FIELD,description; specification; structured_field
IOCL-796870,IOCL,GLOBE VALVE FLANGED 3 in,globe valve flanged 3 in,Valves,Globe Valve,API 623; 3 in; ASTM A216 WCB,ASTM A216 WCB,3 in,,,Painted,NOS,valve,globe valve,,,ASTM A216 WCB,3 in,,,,,,,,,,ASTM A216 WCB; API 623,API 623; 3 in; ASTM A216 WCB,painted,flanged,,,,,Eastern Cables,EAS-867-80,NOS,11,False,,COATING_FROM_STRUCTURED_FIELD; CONNECTION_FLANGED; FAMILY_VALVE; GRADE_FROM_STRUCTURED_FIELD; MANUFACTURER_FROM_FIELD; PART_NO_FROM_FIELD; SIZE_INCH; STANDARD_FROM_SPECIFICATION; TYPE_GLOBE_VALVE; UNIT_FROM_FIELD,description; specification; structured_field
ONGC-981541,ONGC,HEX BOLT M16-75 ZINC PLATED,hexagonal bolt m16-75 zinc plated,Fasteners,Bolt,IS 1363; M16 x 75 mm; Zinc Plated,Carbon Steel,M16,75 mm,16 mm,Zinc Plated,NOS,fastener,bolt,hex,carbon steel,Carbon Steel,M16,,75 mm,,,16 mm,,,,,IS 1363,IS 1363; M16 x 75 mm; Zinc Plated,zinc plated,,,,,,Supreme Engineering,SUP-231-34,NOS,14,False,,COATING_FROM_STRUCTURED_FIELD; DIAMETER_FROM_FIELD; FAMILY_FASTENER; GRADE_FROM_STRUCTURED_FIELD; LENGTH_FROM_FIELD; MANUFACTURER_FROM_FIELD; MATERIAL_CARBON_STEEL; PART_NO_FROM_FIELD; SIZE_METRIC_BOLT; STANDARD_FROM_SPECIFICATION; SUBTYPE_HEX; TYPE_FROM_MATERIAL_TYPE; UNIT_FROM_FIELD,description; specification; structured_field
CPCL-720419,CPCL,FLOATING BALL VALVE 1/2 in SS 316,floating ball valve 1/2 in stainless steel 316,Valves,Ball Valve,API 608; 1/2 in; SS 316,SS 316,1/2 in,,,SS,NOS,valve,ball valve,,stainless steel,SS 316,1/2 in,,,,,,,,,,API 608,API 608; 1/2 in; SS 316,stainless steel,,,floating,,,Metro Pumps & Valves,MET-302-86,NOS,12,False,,COATING_FROM_STRUCTURED_FIELD; CONSTRUCTION_FLOATING; FAMILY_VALVE; GRADE_SS316; MANUFACTURER_FROM_FIELD; MATERIAL_STAINLESS_STEEL; PART_NO_FROM_FIELD; SIZE_FRACTION_INCH; STANDARD_FROM_SPECIFICATION; TYPE_BALL_VALVE; UNIT_FROM_FIELD,description; specification; structured_field
ONGC-201033,ONGC,HEX BOLT M8 X 75 GALV,hexagonal bolt m8 x 75 galvanized,Fasteners,Bolt,IS 1363; M8 x 75 mm; Zinc Plated,Carbon Steel,M8,75 mm,20 mm,Zinc Plated,NOS,fastener,bolt,hex,carbon steel,Carbon Steel,M8,,75 mm,,,20 mm,,,,,IS 1363,IS 1363; M8 x 75 mm; Zinc Plated,zinc plated,,,,,,Supreme Engineering,SUP-402-54,NOS,14,False,,COATING_FROM_STRUCTURED_FIELD; DIAMETER_FROM_FIELD; FAMILY_FASTENER; GRADE_FROM_STRUCTURED_FIELD; LENGTH_FROM_FIELD; MANUFACTURER_FROM_FIELD; MATERIAL_CARBON_STEEL; PART_NO_FROM_FIELD; SIZE_METRIC_BOLT; STANDARD_FROM_SPECIFICATION; SUBTYPE_HEX; TYPE_FROM_MATERIAL_TYPE; UNIT_FROM_FIELD,description; specification; structured_field
IOCL-161772,IOCL,SAFETY VALVE 4 in,safety valve 4 in,Safety,Safety Valve,API 526; 4 in; SS 316,SS 316,4 in,,,SS,NOS,safety,safety valve,,stainless steel,SS 316,4 in,,,,,,,,,,API 526,API 526; 4 in; SS 316,stainless steel,,,,,,Precision Fasteners,PRE-743-83,NOS,11,True,material_family: 'safety' vs 'valve',COATING_FROM_STRUCTURED_FIELD; FAMILY_SAFETY; GRADE_FROM_STRUCTURED_FIELD; MANUFACTURER_FROM_FIELD; MATERIAL_STAINLESS_STEEL; PART_NO_FROM_FIELD; SIZE_INCH; STANDARD_FROM_SPECIFICATION; TYPE_SAFETY_VALVE; UNIT_FROM_FIELD,description; specification; structured_field
HPCL-558709,HPCL,XLPE CABLE 10 sq mm,xlpe cable 10 sq mm,Electrical,Cable,IS 7098; 10 sq mm; 1000 m,XLPE Copper,10 sq mm,1000 mm,,PVC,MTR,electrical,cable,,xlpe,XLPE Copper,10 sq mm,,1000 mm,,,,,,,,IS 7098,IS 7098; 10 sq mm; 1000 m,pvc,,,,,,Larsen Engineering,LAR-394-36,MTR,12,False,,COATING_FROM_STRUCTURED_FIELD; FAMILY_ELECTRICAL; GRADE_FROM_STRUCTURED_FIELD; LENGTH_FROM_FIELD; MANUFACTURER_FROM_FIELD; MATERIAL_XLPE; PART_NO_FROM_FIELD; SIZE_SQMM_CABLE; STANDARD_FROM_SPECIFICATION; TYPE_FROM_MATERIAL_TYPE; UNIT_FROM_FIELD,description; specification; structured_field
IOCL-807659,IOCL,ELBOW 4 in ASTM A234 WPB,elbow 4 in astm a234 wpb,Pipes & Fittings,Elbow,ASME B16.9; 4 in; ASTM A234 WPB,ASTM A234 WPB,4 in,,,Bare,MTR,pipe/fitting,elbow,,,ASTM A234 WPB,4 in,,,,,,,,,,ASTM A234; ASME B16.9,ASME B16.9; 4 in; ASTM A234 WPB,bare,,,,,,Metro Pumps & Valves,MET-334-30,MTR,10,True,material_grade: 'ASTM A234 WPB' vs 'ASTM A234'; material_grade: 'ASTM A234 WPB' vs 'WPB',COATING_FROM_STRUCTURED_FIELD; FAMILY_FITTING; GRADE_FROM_STRUCTURED_FIELD; MANUFACTURER_FROM_FIELD; PART_NO_FROM_FIELD; SIZE_INCH; STANDARD_FROM_SPECIFICATION; TYPE_FROM_MATERIAL_TYPE; UNIT_FROM_FIELD,description; specification; structured_field
CPCL-214780,CPCL,HIGH PRESSURE HYDRAULIC HOSE 1-1/2 in,high pressure hydraulic hose 1-1/2 in,Hoses,Hydraulic Hose,SAE 100 R2; 1-1/2 in; 1000 mm,Synthetic Rubber,1-1/2 in,1000 mm,,Rubber,MTR,hose,hydraulic hose,,synthetic rubber,Synthetic Rubber,1-1/2 in,,1000 mm,,,,,,,,SAE 100 R2,SAE 100 R2; 1-1/2 in; 1000 mm,rubber,,,,,,Eastern Cables,EAS-805-55,MTR,12,False,,COATING_FROM_STRUCTURED_FIELD; FAMILY_HOSE; GRADE_FROM_STRUCTURED_FIELD; LENGTH_FROM_FIELD; MANUFACTURER_FROM_FIELD; MATERIAL_SYNTHETIC_RUBBER; PART_NO_FROM_FIELD; SIZE_FRACTION_INCH; STANDARD_FROM_SPECIFICATION; TYPE_FROM_MATERIAL_TYPE; UNIT_FROM_FIELD,description; specification; structured_field
ONGC-671600,ONGC,GATE VALVE FLANGED 4 in,gate valve flanged 4 in,Valves,Gate Valve,API 600; 4 in; ASTM A216 WCB,ASTM A216 WCB,4 in,,,Painted,NOS,valve,gate valve,,,ASTM A216 WCB,4 in,,,,,,,,,,ASTM A216 WCB; API 600,API 600; 4 in; ASTM A216 WCB,painted,flanged,,,,,Prime Electricals,PRI-595-16,NOS,11,False,,COATING_FROM_STRUCTURED_FIELD; CONNECTION_FLANGED; FAMILY_VALVE; GRADE_FROM_STRUCTURED_FIELD; MANUFACTURER_FROM_FIELD; PART_NO_FROM_FIELD; SIZE_INCH; STANDARD_FROM_SPECIFICATION; TYPE_GATE_VALVE; UNIT_FROM_FIELD,description; specification; structured_field
IOCL-939448,IOCL,GEAR OIL ISO VG 220,gear oil iso vg 220,Lubricants,Lubricant,IS 10522; ISO VG 220,Mineral Oil,ISO VG 220,,,,LTR,lubricant,lubricant,,mineral oil,Mineral Oil,ISO VG 220,,,,,,,,,,ISO VG 220; IS 10522,IS 10522; ISO VG 220,,,,,,,ABC Industrial Products,ABC-952-51,LTR,10,False,,FAMILY_LUBRICANT; GRADE_FROM_STRUCTURED_FIELD; MANUFACTURER_FROM_FIELD; MATERIAL_MINERAL_OIL; PART_NO_FROM_FIELD; SIZE_VG_ISO_LUBE; STANDARD_FROM_SPECIFICATION; TYPE_FROM_MATERIAL_TYPE; UNIT_FROM_FIELD,description; specification; structured_field
IOCL-141462,IOCL,WELD NECK FLANGE 4 in ASTM A105,weld neck flange 4 in astm a105,Pipes & Fittings,Flange,ASME B16.5; 4 in; ASTM A105,ASTM A105,4 in,,,Bare,MTR,flange,weld neck flange,,,ASTM A105,4 in,,,,,,,,,,ASTM A105; ASME B16.5,ASME B16.5; 4 in; ASTM A105,bare,weld neck,,,,,Bharat Industrial Works,BHA-890-69,MTR,11,True,material_grade: 'ASTM A105' vs 'A105',COATING_FROM_STRUCTURED_FIELD; CONNECTION_WELD_NECK; FAMILY_FLANGE; GRADE_A105; MANUFACTURER_FROM_FIELD; PART_NO_FROM_FIELD; SIZE_INCH; STANDARD_FROM_SPECIFICATION; TYPE_WELDNECK_FLANGE; UNIT_FROM_FIELD,description; specification; structured_field
IOCL-902169,IOCL,POWER CABLE 1.5 sq mm XLPE Copper,power cable 1.5 sq mm xlpe copper,Electrical,Cable,IS 7098; 1.5 sq mm; 500 m,XLPE Copper,1.5 sq mm,500 mm,,PVC,MTR,electrical,cable,,xlpe,XLPE Copper,1.5 sq mm,,500 mm,,,,,,,,IS 7098,IS 7098; 1.5 sq mm; 500 m,pvc,,,,,,ABC Industrial Products,ABC-272-57,MTR,12,False,,COATING_FROM_STRUCTURED_FIELD; FAMILY_ELECTRICAL; GRADE_FROM_STRUCTURED_FIELD; LENGTH_FROM_FIELD; MANUFACTURER_FROM_FIELD; MATERIAL_XLPE; PART_NO_FROM_FIELD; SIZE_SQMM_CABLE; STANDARD_FROM_SPECIFICATION; TYPE_FROM_MATERIAL_TYPE; UNIT_FROM_FIELD,description; specification; structured_field
ONGC-354824,ONGC,BALL BEARING 6207,ball bearing 6207,Bearings,Ball Bearing,ISO 15; Bearing 6207,Chrome Steel,6207,,,,NOS,bearing,ball bearing,,chrome steel,Chrome Steel,6207,,,,,,,,,,ISO 15,ISO 15; Bearing 6207,,,,,,6207,Bharat Industrial Works,BHA-824-79,NOS,11,False,,BEARING_NUMBER; FAMILY_BEARING; GRADE_FROM_STRUCTURED_FIELD; MANUFACTURER_FROM_FIELD; MATERIAL_CHROME_STEEL; PART_NO_FROM_FIELD; SIZE_FROM_STRUCTURED_FIELD; STANDARD_FROM_SPECIFICATION; TYPE_BALL_BEARING; UNIT_FROM_FIELD,description; specification; structured_field
CPCL-528224,CPCL,FLAT WASHER M8,flat washer m8,Fasteners,Washer,IS 2016; M8; Zinc Plated,Carbon Steel,M8,,,Zinc Plated,NOS,fastener,washer,,carbon steel,Carbon Steel,M8,,,,,,,,,,IS 2016,IS 2016; M8; Zinc Plated,zinc plated,,,,,,Bharat Industrial Works,BHA-259-26,NOS,11,False,,COATING_FROM_STRUCTURED_FIELD; FAMILY_FASTENER; GRADE_FROM_STRUCTURED_FIELD; MANUFACTURER_FROM_FIELD; MATERIAL_CARBON_STEEL; PART_NO_FROM_FIELD; SIZE_METRIC_BOLT; STANDARD_FROM_SPECIFICATION; TYPE_FROM_MATERIAL_TYPE; UNIT_FROM_FIELD,description; specification; structured_field
CPCL-809900,CPCL,EP GEAR OIL ISO VG 320,ep gear oil iso vg 320,Lubricants,Lubricant,IS 10522; ISO VG 320,Mineral Oil,ISO VG 320,,,,LTR,lubricant,lubricant,,mineral oil,Mineral Oil,ISO VG 320,,,,,,,,,,ISO VG 320; IS 10522,IS 10522; ISO VG 320,,,,,,,Hindustan Mechanical,HIN-344-24,LTR,10,False,,FAMILY_LUBRICANT; GRADE_FROM_STRUCTURED_FIELD; MANUFACTURER_FROM_FIELD; MATERIAL_MINERAL_OIL; PART_NO_FROM_FIELD; SIZE_VG_ISO_LUBE; STANDARD_FROM_SPECIFICATION; TYPE_FROM_MATERIAL_TYPE; UNIT_FROM_FIELD,description; specification; structured_field
ONGC-244839,ONGC,GATE VALVE 1 in API 600,gate valve 1 in api 600,Valves,Gate Valve,API 600; 1 in; ASTM A216 WCB,ASTM A216 WCB,1 in,,,Painted,NOS,valve,gate valve,,,ASTM A216 WCB,1 in,,,,,,,,,,ASTM A216 WCB; API 600,API 600; 1 in; ASTM A216 WCB,painted,,,,,,ABC Industrial Products,ABC-505-60,NOS,10,False,,COATING_FROM_STRUCTURED_FIELD; FAMILY_VALVE; GRADE_FROM_STRUCTURED_FIELD; MANUFACTURER_FROM_FIELD; PART_NO_FROM_FIELD; SIZE_INCH; STANDARD_FROM_SPECIFICATION; TYPE_GATE_VALVE; UNIT_FROM_FIELD,description; specification; structured_field
HPCL-633093,HPCL,GATE VALVE FLANGED 1 in ASTM A216 WCB,gate valve flanged 1 in astm a216 wcb,Valves,Gate Valve,API 600; 1 in; ASTM A216 WCB,ASTM A216 WCB,1 in,,,Painted,NOS,valve,gate valve,,,ASTM A216 WCB,1 in,,,,,,,,,,ASTM A216 WCB; API 600,API 600; 1 in; ASTM A216 WCB,painted,flanged,,,,,Precision Fasteners,PRE-793-93,NOS,11,True,material_grade: 'ASTM A216 WCB' vs 'WCB',COATING_FROM_STRUCTURED_FIELD; CONNECTION_FLANGED; FAMILY_VALVE; GRADE_A105; MANUFACTURER_FROM_FIELD; PART_NO_FROM_FIELD; SIZE_INCH; STANDARD_FROM_SPECIFICATION; TYPE_GATE_VALVE; UNIT_FROM_FIELD,description; specification; structured_field
CPCL-908167,CPCL,GLOBE VALVE 3 in API 623,globe valve 3 in api 623,Valves,Globe Valve,API 623; 3 in; ASTM A216 WCB,ASTM A216 WCB,3 in,,,Painted,NOS,valve,globe valve,,,ASTM A216 WCB,3 in,,,,,,,,,,ASTM A216 WCB; API 623,API 623; 3 in; ASTM A216 WCB,painted,,,,,,Prime Electricals,PRI-559-97,NOS,10,False,,COATING_FROM_STRUCTURED_FIELD; FAMILY_VALVE; GRADE_FROM_STRUCTURED_FIELD; MANUFACTURER_FROM_FIELD; PART_NO_FROM_FIELD; SIZE_INCH; STANDARD_FROM_SPECIFICATION; TYPE_GLOBE_VALVE; UNIT_FROM_FIELD,description; specification; structured_field
IOCL-156397,IOCL,FLOATING BALL VALVE 1 in,floating ball valve 1 in,Valves,Ball Valve,API 608; 1 in; SS 316,SS 316,1 in,,,SS,NOS,valve,ball valve,,stainless steel,SS 316,1 in,,,,,,,,,,API 608,API 608; 1 in; SS 316,stainless steel,,,floating,,,Bharat Industrial Works,BHA-350-93,NOS,12,False,,COATING_FROM_STRUCTURED_FIELD; CONSTRUCTION_FLOATING; FAMILY_VALVE; GRADE_FROM_STRUCTURED_FIELD; MANUFACTURER_FROM_FIELD; MATERIAL_STAINLESS_STEEL; PART_NO_FROM_FIELD; SIZE_INCH; STANDARD_FROM_SPECIFICATION; TYPE_BALL_VALVE; UNIT_FROM_FIELD,description; specification; structured_field
IOCL-555519,IOCL,HEX NUT M12 GALVANIZED,hexagonal nut m12 galvanized,Fasteners,Nut,IS 1364; M12; Galvanized,Carbon Steel,M12,,,Galvanized,NOS,fastener,nut,hex,carbon steel,Carbon Steel,M12,,,,,,,,,,IS 1364,IS 1364; M12; Galvanized,galvanized,,,,,,Shree Valves & Fittings,SHR-353-42,NOS,12,False,,COATING_FROM_STRUCTURED_FIELD; FAMILY_FASTENER; GRADE_FROM_STRUCTURED_FIELD; MANUFACTURER_FROM_FIELD; MATERIAL_CARBON_STEEL; PART_NO_FROM_FIELD; SIZE_METRIC_BOLT; STANDARD_FROM_SPECIFICATION; SUBTYPE_HEX; TYPE_FROM_MATERIAL_TYPE; UNIT_FROM_FIELD,description; specification; structured_field
HPCL-599831,HPCL,GATE VALVE 2 in API 600,gate valve 2 in api 600,Valves,Gate Valve,API 600; 2 in; ASTM A216 WCB,ASTM A216 WCB,2 in,,,Painted,NOS,valve,gate valve,,,ASTM A216 WCB,2 in,,,,,,,,,,ASTM A216 WCB; API 600,API 600; 2 in; ASTM A216 WCB,painted,,,,,,Bharat Industrial Works,BHA-669-72,NOS,10,False,,COATING_FROM_STRUCTURED_FIELD; FAMILY_VALVE; GRADE_FROM_STRUCTURED_FIELD; MANUFACTURER_FROM_FIELD; PART_NO_FROM_FIELD; SIZE_INCH; STANDARD_FROM_SPECIFICATION; TYPE_GATE_VALVE; UNIT_FROM_FIELD,description; specification; structured_field
IOCL-737026,IOCL,PLAIN WASHER M8 ZINC PLATED,plain washer m8 zinc plated,Fasteners,Washer,IS 2016; M8; Zinc Plated,Carbon Steel,M8,,,Zinc Plated,NOS,fastener,washer,,carbon steel,Carbon Steel,M8,,,,,,,,,,IS 2016,IS 2016; M8; Zinc Plated,zinc plated,,,,,,ABC Industrial Products,ABC-934-89,NOS,11,False,,COATING_FROM_STRUCTURED_FIELD; FAMILY_FASTENER; GRADE_FROM_STRUCTURED_FIELD; MANUFACTURER_FROM_FIELD; MATERIAL_CARBON_STEEL; PART_NO_FROM_FIELD; SIZE_METRIC_BOLT; STANDARD_FROM_SPECIFICATION; TYPE_FROM_MATERIAL_TYPE; UNIT_FROM_FIELD,description; specification; structured_field
CPCL-559338,CPCL,WELD NECK FLANGE 2 in ASME B16.5,weld neck flange 2 in asme b16.5,Pipes & Fittings,Flange,ASME B16.5; 2 in; ASTM A105,ASTM A105,2 in,,,Bare,MTR,flange,weld neck flange,,,ASTM A105,2 in,,,,,,,,,,ASTM A105; ASME B16.5,ASME B16.5; 2 in; ASTM A105,bare,weld neck,,,,,Metro Pumps & Valves,MET-199-13,MTR,11,False,,COATING_FROM_STRUCTURED_FIELD; CONNECTION_WELD_NECK; FAMILY_FLANGE; GRADE_FROM_STRUCTURED_FIELD; MANUFACTURER_FROM_FIELD; PART_NO_FROM_FIELD; SIZE_INCH; STANDARD_FROM_SPECIFICATION; TYPE_WELDNECK_FLANGE; UNIT_FROM_FIELD,description; specification; structured_field
ONGC-813164,ONGC,GATE VALVE 4 in API 600,gate valve 4 in api 600,Valves,Gate Valve,API 600; 4 in; ASTM A216 WCB,ASTM A216 WCB,4 in,,,Painted,NOS,valve,gate valve,,,ASTM A216 WCB,4 in,,,,,,,,,,ASTM A216 WCB; API 600,API 600; 4 in; ASTM A216 WCB,painted,,,,,,Hindustan Mechanical,HIN-157-83,NOS,10,False,,COATING_FROM_STRUCTURED_FIELD; FAMILY_VALVE; GRADE_FROM_STRUCTURED_FIELD; MANUFACTURER_FROM_FIELD; PART_NO_FROM_FIELD; SIZE_INCH; STANDARD_FROM_SPECIFICATION; TYPE_GATE_VALVE; UNIT_FROM_FIELD,description; specification; structured_field
CPCL-353411,CPCL,WELD NECK FLANGE 2 in ASME B16.5,weld neck flange 2 in asme b16.5,Pipes & Fittings,Flange,ASME B16.5; 2 in; ASTM A105,ASTM A105,2 in,,,Bare,MTR,flange,weld neck flange,,,ASTM A105,2 in,,,,,,,,,,ASTM A105; ASME B16.5,ASME B16.5; 2 in; ASTM A105,bare,weld neck,,,,,Precision Fasteners,PRE-794-28,MTR,11,False,,COATING_FROM_STRUCTURED_FIELD; CONNECTION_WELD_NECK; FAMILY_FLANGE; GRADE_FROM_STRUCTURED_FIELD; MANUFACTURER_FROM_FIELD; PART_NO_FROM_FIELD; SIZE_INCH; STANDARD_FROM_SPECIFICATION; TYPE_WELDNECK_FLANGE; UNIT_FROM_FIELD,description; specification; structured_field
ONGC-905489,ONGC,PRESSURE INDICATOR 0-5 bar,pressure indicator 0-5 bar,Instrumentation,Pressure Gauge,EN 837-1; Range 0-5 bar,SS 304,0-5 bar,,,SS,NOS,instrumentation,pressure gauge,,stainless steel,SS 304,0-5 bar,,,,,,,,,,EN 837-1,EN 837-1; Range 0-5 bar,stainless steel,,,,,,Metro Pumps & Valves,MET-336-13,NOS,11,False,,COATING_FROM_STRUCTURED_FIELD; FAMILY_INSTRUMENTATION; GRADE_FROM_STRUCTURED_FIELD; MANUFACTURER_FROM_FIELD; MATERIAL_STAINLESS_STEEL; PART_NO_FROM_FIELD; SIZE_PRESSURE_RANGE; STANDARD_FROM_SPECIFICATION; TYPE_FROM_MATERIAL_TYPE; UNIT_FROM_FIELD,description; specification; structured_field
HPCL-689187,HPCL,WELD NECK FLANGE 3 in ASTM A105,weld neck flange 3 in astm a105,Pipes & Fittings,Flange,ASME B16.5; 3 in; ASTM A105,ASTM A105,3 in,,,Bare,MTR,flange,weld neck flange,,,ASTM A105,3 in,,,,,,,,,,ASTM A105; ASME B16.5,ASME B16.5; 3 in; ASTM A105,bare,weld neck,,,,,National Bearing Works,NAT-981-25,MTR,11,True,material_grade: 'ASTM A105' vs 'A105',COATING_FROM_STRUCTURED_FIELD; CONNECTION_WELD_NECK; FAMILY_FLANGE; GRADE_A105; MANUFACTURER_FROM_FIELD; PART_NO_FROM_FIELD; SIZE_INCH; STANDARD_FROM_SPECIFICATION; TYPE_WELDNECK_FLANGE; UNIT_FROM_FIELD,description; specification; structured_field
IOCL-904574,IOCL,SWG 1 in,swg 1 in,Seals,Gasket,ASME B16.20; 1 in; Graphite/SS 316,Graphite/SS 316,1 in,,,SS,NOS,seal/gasket,gasket,,,Graphite/SS 316,1 in,,,,,,,,,,ASME B16.20,ASME B16.20; 1 in; Graphite/SS 316,stainless steel,,,,,,Bharat Industrial Works,BHA-483-44,NOS,10,False,,COATING_FROM_STRUCTURED_FIELD; FAMILY_SEAL; GRADE_FROM_STRUCTURED_FIELD; MANUFACTURER_FROM_FIELD; PART_NO_FROM_FIELD; SIZE_INCH; STANDARD_FROM_SPECIFICATION; TYPE_FROM_MATERIAL_TYPE; UNIT_FROM_FIELD,description; specification; structured_field
IOCL-344383,IOCL,WELD NECK FLANGE 6 in ASME B16.5,weld neck flange 6 in asme b16.5,Pipes & Fittings,Flange,ASME B16.5; 6 in; ASTM A105,ASTM A105,6 in,,,Bare,MTR,flange,weld neck flange,,,ASTM A105,6 in,,,,,,,,,,ASTM A105; ASME B16.5,ASME B16.5; 6 in; ASTM A105,bare,weld neck,,,,,Hindustan Mechanical,HIN-958-63,MTR,11,False,,COATING_FROM_STRUCTURED_FIELD; CONNECTION_WELD_NECK; FAMILY_FLANGE; GRADE_FROM_STRUCTURED_FIELD; MANUFACTURER_FROM_FIELD; PART_NO_FROM_FIELD; SIZE_INCH; STANDARD_FROM_SPECIFICATION; TYPE_WELDNECK_FLANGE; UNIT_FROM_FIELD,description; specification; structured_field
IOCL-644169,IOCL,HRC CARTRIDGE 32 A,high rupturing capacity cartridge 32 a,Electrical,Fuse,IS 13703; 32 A,Ceramic,32 A,,,,MTR,electrical,fuse,,,Ceramic,32 A,,,,,,,,,,IS 13703,IS 13703; 32 A,,,,,,,Prime Electricals,PRI-900-98,MTR,9,False,,FAMILY_ELECTRICAL; GRADE_FROM_STRUCTURED_FIELD; MANUFACTURER_FROM_FIELD; PART_NO_FROM_FIELD; SIZE_FROM_STRUCTURED_FIELD; STANDARD_FROM_SPECIFICATION; TYPE_FROM_MATERIAL_TYPE; UNIT_FROM_FIELD,description; specification; structured_field
HPCL-549743,HPCL,90 DEGREE ELBOW 2 in ASTM A234 WPB,90 degree elbow 2 in astm a234 wpb,Pipes & Fittings,Elbow,ASME B16.9; 2 in; ASTM A234 WPB,ASTM A234 WPB,2 in,,,Bare,MTR,pipe/fitting,elbow,,,ASTM A234 WPB,2 in,,,,,,,,,90°,ASTM A234; ASME B16.9,ASME B16.9; 2 in; ASTM A234 WPB,bare,,,,,,ABC Industrial Products,ABC-367-79,MTR,11,True,material_grade: 'ASTM A234 WPB' vs 'ASTM A234'; material_grade: 'ASTM A234 WPB' vs 'WPB',COATING_FROM_STRUCTURED_FIELD; ELBOW_ANGLE; FAMILY_FITTING; GRADE_FROM_STRUCTURED_FIELD; MANUFACTURER_FROM_FIELD; PART_NO_FROM_FIELD; SIZE_INCH; STANDARD_FROM_SPECIFICATION; TYPE_FROM_MATERIAL_TYPE; UNIT_FROM_FIELD,description; specification; structured_field
ONGC-417244,ONGC,90 DEGREE ELBOW 2 in ASTM A234 WPB,90 degree elbow 2 in astm a234 wpb,Pipes & Fittings,Elbow,ASME B16.9; 2 in; ASTM A234 WPB,ASTM A234 WPB,2 in,,,Bare,MTR,pipe/fitting,elbow,,,ASTM A234 WPB,2 in,,,,,,,,,90°,ASTM A234; ASME B16.9,ASME B16.9; 2 in; ASTM A234 WPB,bare,,,,,,Apex Industrial Systems,APE-582-91,MTR,11,True,material_grade: 'ASTM A234 WPB' vs 'ASTM A234'; material_grade: 'ASTM A234 WPB' vs 'WPB',COATING_FROM_STRUCTURED_FIELD; ELBOW_ANGLE; FAMILY_FITTING; GRADE_FROM_STRUCTURED_FIELD; MANUFACTURER_FROM_FIELD; PART_NO_FROM_FIELD; SIZE_INCH; STANDARD_FROM_SPECIFICATION; TYPE_FROM_MATERIAL_TYPE; UNIT_FROM_FIELD,description; specification; structured_field
CPCL-213170,CPCL,HRC CARTRIDGE 2 A,high rupturing capacity cartridge 2 a,Electrical,Fuse,IS 13703; 2 A,Ceramic,2 A,,,,MTR,electrical,fuse,,,Ceramic,2 A,,,,,,,,,,IS 13703,IS 13703; 2 A,,,,,,,Eastern Cables,EAS-467-58,MTR,9,False,,FAMILY_ELECTRICAL; GRADE_FROM_STRUCTURED_FIELD; MANUFACTURER_FROM_FIELD; PART_NO_FROM_FIELD; SIZE_FROM_STRUCTURED_FIELD; STANDARD_FROM_SPECIFICATION; TYPE_FROM_MATERIAL_TYPE; UNIT_FROM_FIELD,description; specification; structured_field
IOCL-313163,IOCL,GALV HEX BOLT M10 X 60 MM,galvanized hexagonal bolt m10 x 60 mm,Fasteners,Bolt,IS 1363; M10 x 60 mm; Galvanized,Carbon Steel,M10,60 mm,20 mm,Galvanized,NOS,fastener,bolt,hex,carbon steel,Carbon Steel,M10,,60 mm,,,20 mm,,,,,IS 1363,IS 1363; M10 x 60 mm; Galvanized,galvanized,,,,,,National Bearing Works,NAT-111-11,NOS,14,False,,COATING_FROM_STRUCTURED_FIELD; DIAMETER_FROM_FIELD; FAMILY_FASTENER; GRADE_FROM_STRUCTURED_FIELD; LENGTH_FROM_FIELD; MANUFACTURER_FROM_FIELD; MATERIAL_CARBON_STEEL; PART_NO_FROM_FIELD; SIZE_METRIC_BOLT; STANDARD_FROM_SPECIFICATION; SUBTYPE_HEX; TYPE_FROM_MATERIAL_TYPE; UNIT_FROM_FIELD,description; specification; structured_field
CPCL-501033,CPCL,SPIRAL WOUND GASKET 1 in Graphite/SS 316,spiral wound gasket 1 in graphite/stainless steel 316,Seals,Gasket,ASME B16.20; 1 in; Graphite/SS 316,Graphite/SS 316,1 in,,,SS,NOS,seal/gasket,gasket,,stainless steel,Graphite/SS 316,1 in,,,,,,,,,,ASME B16.20,ASME B16.20; 1 in; Graphite/SS 316,stainless steel,,,,,,National Bearing Works,NAT-733-99,NOS,11,True,material_grade: 'Graphite/SS 316' vs 'SS 316'; material_type: 'gasket' vs 'spiral wound gasket',COATING_FROM_STRUCTURED_FIELD; FAMILY_SEAL; GRADE_FROM_STRUCTURED_FIELD; MANUFACTURER_FROM_FIELD; MATERIAL_STAINLESS_STEEL; PART_NO_FROM_FIELD; SIZE_INCH; STANDARD_FROM_SPECIFICATION; TYPE_FROM_MATERIAL_TYPE; UNIT_FROM_FIELD,description; specification; structured_field
HPCL-402886,HPCL,WASHER M10 GALVANIZED,washer m10 galvanized,Fasteners,Washer,IS 2016; M10; Galvanized,Carbon Steel,M10,,,Galvanized,NOS,fastener,washer,,carbon steel,Carbon Steel,M10,,,,,,,,,,IS 2016,IS 2016; M10; Galvanized,galvanized,,,,,,National Bearing Works,NAT-186-89,NOS,11,False,,COATING_FROM_STRUCTURED_FIELD; FAMILY_FASTENER; GRADE_FROM_STRUCTURED_FIELD; MANUFACTURER_FROM_FIELD; MATERIAL_CARBON_STEEL; PART_NO_FROM_FIELD; SIZE_METRIC_BOLT; STANDARD_FROM_SPECIFICATION; TYPE_FROM_MATERIAL_TYPE; UNIT_FROM_FIELD,description; specification; structured_field
HPCL-145892,HPCL,HYD HOSE 1-1/2 in 5000 MM,hyd hose 1-1/2 in 5000 mm,Hoses,Hydraulic Hose,SAE 100 R2; 1-1/2 in; 5000 mm,Synthetic Rubber,1-1/2 in,5000 mm,,Rubber,MTR,hose,hydraulic hose,,synthetic rubber,Synthetic Rubber,1-1/2 in,,5000 mm,,,,,,,,SAE 100 R2,SAE 100 R2; 1-1/2 in; 5000 mm,rubber,,,,,,National Bearing Works,NAT-952-50,MTR,12,False,,COATING_FROM_STRUCTURED_FIELD; FAMILY_HOSE; GRADE_FROM_STRUCTURED_FIELD; LENGTH_FROM_FIELD; MANUFACTURER_FROM_FIELD; MATERIAL_SYNTHETIC_RUBBER; PART_NO_FROM_FIELD; SIZE_FRACTION_INCH; STANDARD_FROM_SPECIFICATION; TYPE_FROM_MATERIAL_TYPE; UNIT_FROM_FIELD,description; specification; structured_field
HPCL-671235,HPCL,PRESSURE RELIEF VALVE 4 in SS 316,pressure relief valve 4 in stainless steel 316,Safety,Safety Valve,API 526; 4 in; SS 316,SS 316,4 in,,,SS,NOS,safety,safety valve,,stainless steel,SS 316,4 in,,,,,,,,,,API 526,API 526; 4 in; SS 316,stainless steel,,,,,,ABC Industrial Products,ABC-950-64,NOS,11,False,,COATING_FROM_STRUCTURED_FIELD; FAMILY_SAFETY; GRADE_SS316; MANUFACTURER_FROM_FIELD; MATERIAL_STAINLESS_STEEL; PART_NO_FROM_FIELD; SIZE_INCH; STANDARD_FROM_SPECIFICATION; TYPE_SAFETY_VALVE; UNIT_FROM_FIELD,description; specification; structured_field
ONGC-360830,ONGC,PLAIN WASHER M10 ZINC PLATED,plain washer m10 zinc plated,Fasteners,Washer,IS 2016; M10; Zinc Plated,Carbon Steel,M10,,,Zinc Plated,NOS,fastener,washer,,carbon steel,Carbon Steel,M10,,,,,,,,,,IS 2016,IS 2016; M10; Zinc Plated,zinc plated,,,,,,Hindustan Mechanical,HIN-913-91,NOS,11,False,,COATING_FROM_STRUCTURED_FIELD; FAMILY_FASTENER; GRADE_FROM_STRUCTURED_FIELD; MANUFACTURER_FROM_FIELD; MATERIAL_CARBON_STEEL; PART_NO_FROM_FIELD; SIZE_METRIC_BOLT; STANDARD_FROM_SPECIFICATION; TYPE_FROM_MATERIAL_TYPE; UNIT_FROM_FIELD,description; specification; structured_field
IOCL-298108,IOCL,SPIRAL WOUND GASKET 2 in Graphite/SS 316,spiral wound gasket 2 in graphite/stainless steel 316,Seals,Gasket,ASME B16.20; 2 in; Graphite/SS 316,Graphite/SS 316,2 in,,,SS,NOS,seal/gasket,gasket,,stainless steel,Graphite/SS 316,2 in,,,,,,,,,,ASME B16.20,ASME B16.20; 2 in; Graphite/SS 316,stainless steel,,,,,,Eastern Cables,EAS-923-72,NOS,11,True,material_grade: 'Graphite/SS 316' vs 'SS 316'; material_type: 'gasket' vs 'spiral wound gasket',COATING_FROM_STRUCTURED_FIELD; FAMILY_SEAL; GRADE_FROM_STRUCTURED_FIELD; MANUFACTURER_FROM_FIELD; MATERIAL_STAINLESS_STEEL; PART_NO_FROM_FIELD; SIZE_INCH; STANDARD_FROM_SPECIFICATION; TYPE_FROM_MATERIAL_TYPE; UNIT_FROM_FIELD,description; specification; structured_field
ONGC-516625,ONGC,1.5 sq mm SQ MM POWER CABLE,1.5 sq mm sq mm power cable,Electrical,Cable,IS 7098; 1.5 sq mm; 100 m,XLPE Copper,1.5 sq mm,100 mm,,PVC,MTR,electrical,cable,,xlpe,XLPE Copper,1.5 sq mm,,100 mm,,,,,,,,IS 7098,IS 7098; 1.5 sq mm; 100 m,pvc,,,,,,National Bearing Works,NAT-771-26,MTR,12,False,,COATING_FROM_STRUCTURED_FIELD; FAMILY_ELECTRICAL; GRADE_FROM_STRUCTURED_FIELD; LENGTH_FROM_FIELD; MANUFACTURER_FROM_FIELD; MATERIAL_XLPE; PART_NO_FROM_FIELD; SIZE_SQMM_CABLE; STANDARD_FROM_SPECIFICATION; TYPE_FROM_MATERIAL_TYPE; UNIT_FROM_FIELD,description; specification; structured_field
CPCL-874940,CPCL,PIPE 4 in ASTM A106 Gr.B,pipe 4 in astm a106 gr.b,Pipes & Fittings,Pipe,API 5L; 4 in; ASTM A106 Gr.B,ASTM A106 Gr.B,4 in,6000 mm,,Black,MTR,pipe/fitting,pipe,,,ASTM A106 Gr.B,4 in,,6000 mm,,,,,,,,ASTM A106 Gr.B; API 5L,API 5L; 4 in; ASTM A106 Gr.B,black,,,,,,National Bearing Works,NAT-983-58,MTR,11,True,material_grade: 'ASTM A106 Gr.B' vs 'ASTM A106 GR.B'; material_grade: 'ASTM A106 Gr.B' vs 'A106',COATING_FROM_STRUCTURED_FIELD; FAMILY_PIPE; GRADE_FROM_STRUCTURED_FIELD; LENGTH_FROM_FIELD; MANUFACTURER_FROM_FIELD; PART_NO_FROM_FIELD; SIZE_INCH; STANDARD_FROM_SPECIFICATION; TYPE_FROM_MATERIAL_TYPE; UNIT_FROM_FIELD,description; specification; structured_field
HPCL-674627,HPCL,SEAMLESS STEEL PIPE 2 in ASTM A106 Gr.B,seamless steel pipe 2 in astm a106 gr.b,Pipes & Fittings,Pipe,API 5L; 2 in; ASTM A106 Gr.B,ASTM A106 Gr.B,2 in,3000 mm,,Bare,MTR,pipe/fitting,pipe,,,ASTM A106 Gr.B,2 in,,3000 mm,,,,,,,,ASTM A106 Gr.B; API 5L,API 5L; 2 in; ASTM A106 Gr.B,bare,,,seamless,,,Bharat Industrial Works,BHA-796-79,MTR,12,True,material_grade: 'ASTM A106 Gr.B' vs 'ASTM A106 GR.B'; material_grade: 'ASTM A106 Gr.B' vs 'A106',COATING_FROM_STRUCTURED_FIELD; CONSTRUCTION_SEAMLESS; FAMILY_PIPE; GRADE_FROM_STRUCTURED_FIELD; LENGTH_FROM_FIELD; MANUFACTURER_FROM_FIELD; PART_NO_FROM_FIELD; SIZE_INCH; STANDARD_FROM_SPECIFICATION; TYPE_FROM_MATERIAL_TYPE; UNIT_FROM_FIELD,description; specification; structured_field
ONGC-859781,ONGC,HEXAGONAL HEAD BOLT M16 X 30,hexagonal head bolt m16 x 30,Fasteners,Bolt,IS 1363; M16 x 30 mm; Galvanized,Carbon Steel,M16,30 mm,20 mm,Galvanized,NOS,fastener,bolt,,carbon steel,Carbon Steel,M16,,30 mm,,,20 mm,,,,,IS 1363,IS 1363; M16 x 30 mm; Galvanized,galvanized,,,,,,Bharat Industrial Works,BHA-931-14,NOS,13,False,,COATING_FROM_STRUCTURED_FIELD; DIAMETER_FROM_FIELD; FAMILY_FASTENER; GRADE_FROM_STRUCTURED_FIELD; LENGTH_FROM_FIELD; MANUFACTURER_FROM_FIELD; MATERIAL_CARBON_STEEL; PART_NO_FROM_FIELD; SIZE_METRIC_BOLT; STANDARD_FROM_SPECIFICATION; TYPE_FROM_MATERIAL_TYPE; UNIT_FROM_FIELD,description; specification; structured_field
ONGC-721480,ONGC,FLOATING BALL VALVE 1/2 in SS 316,floating ball valve 1/2 in stainless steel 316,Valves,Ball Valve,API 608; 1/2 in; SS 316,SS 316,1/2 in,,,SS,NOS,valve,ball valve,,stainless steel,SS 316,1/2 in,,,,,,,,,,API 608,API 608; 1/2 in; SS 316,stainless steel,,,floating,,,Metro Pumps & Valves,MET-318-80,NOS,12,False,,COATING_FROM_STRUCTURED_FIELD; CONSTRUCTION_FLOATING; FAMILY_VALVE; GRADE_SS316; MANUFACTURER_FROM_FIELD; MATERIAL_STAINLESS_STEEL; PART_NO_FROM_FIELD; SIZE_FRACTION_INCH; STANDARD_FROM_SPECIFICATION; TYPE_BALL_VALVE; UNIT_FROM_FIELD,description; specification; structured_field
IOCL-694739,IOCL,FLOATING BALL VALVE 1 in,floating ball valve 1 in,Valves,Ball Valve,API 608; 1 in; SS 316,SS 316,1 in,,,SS,NOS,valve,ball valve,,stainless steel,SS 316,1 in,,,,,,,,,,API 608,API 608; 1 in; SS 316,stainless steel,,,floating,,,Supreme Engineering,SUP-458-72,NOS,12,False,,COATING_FROM_STRUCTURED_FIELD; CONSTRUCTION_FLOATING; FAMILY_VALVE; GRADE_FROM_STRUCTURED_FIELD; MANUFACTURER_FROM_FIELD; MATERIAL_STAINLESS_STEEL; PART_NO_FROM_FIELD; SIZE_INCH; STANDARD_FROM_SPECIFICATION; TYPE_BALL_VALVE; UNIT_FROM_FIELD,description; specification; structured_field
CPCL-483031,CPCL,CENTRIFUGAL PUMP 25 mm SS 316,centrifugal pump 25 mm stainless steel 316,Pumps,Centrifugal Pump,API 610; 25 mm; SS 316,SS 316,25 mm,,,Painted,NOS,pump,centrifugal pump,,stainless steel,SS 316,25 mm,,,,,,,,,,API 610,API 610; 25 mm; SS 316,painted,,,,,,Bharat Industrial Works,BHA-979-22,NOS,11,False,,COATING_FROM_STRUCTURED_FIELD; FAMILY_PUMP; GRADE_SS316; MANUFACTURER_FROM_FIELD; MATERIAL_STAINLESS_STEEL; PART_NO_FROM_FIELD; SIZE_MM; STANDARD_FROM_SPECIFICATION; TYPE_CENTRIFUGAL_PUMP; UNIT_FROM_FIELD,description; specification; structured_field
HPCL-905833,HPCL,RTD SENSOR 3-wire,rtd sensor 3-wire,Instrumentation,Temperature Sensor,IEC 60751; 3-wire; 500 mm,Pt100,3-wire,500 mm,8 mm,SS,NOS,instrumentation,temperature sensor,,,Pt100,3-wire,,500 mm,,,8 mm,,,,,IEC 60751,IEC 60751; 3-wire; 500 mm,stainless steel,,,,,,Supreme Engineering,SUP-951-43,NOS,12,False,,COATING_FROM_STRUCTURED_FIELD; DIAMETER_FROM_FIELD; FAMILY_INSTRUMENTATION; GRADE_FROM_STRUCTURED_FIELD; LENGTH_FROM_FIELD; MANUFACTURER_FROM_FIELD; PART_NO_FROM_FIELD; SIZE_FROM_STRUCTURED_FIELD; STANDARD_FROM_SPECIFICATION; TYPE_FROM_MATERIAL_TYPE; UNIT_FROM_FIELD,specification; structured_field
IOCL-393249,IOCL,HEX HEAD BOLT M20-30 MM ZINC PLATED,hexagonal head bolt m20-30 mm zinc plated,Fasteners,Bolt,IS 1363; M20 x 30 mm; Zinc Plated,Carbon Steel,M20,30 mm,8 mm,Zinc Plated,NOS,fastener,bolt,,carbon steel,Carbon Steel,M20,,30 mm,,,8 mm,,,,,IS 1363,IS 1363; M20 x 30 mm; Zinc Plated,zinc plated,,,,,,National Bearing Works,NAT-217-93,NOS,13,False,,COATING_FROM_STRUCTURED_FIELD; DIAMETER_FROM_FIELD; FAMILY_FASTENER; GRADE_FROM_STRUCTURED_FIELD; LENGTH_FROM_FIELD; MANUFACTURER_FROM_FIELD; MATERIAL_CARBON_STEEL; PART_NO_FROM_FIELD; SIZE_METRIC_BOLT; STANDARD_FROM_SPECIFICATION; TYPE_FROM_MATERIAL_TYPE; UNIT_FROM_FIELD,description; specification; structured_field
CPCL-474203,CPCL,FLAT WASHER M10,flat washer m10,Fasteners,Washer,IS 2016; M10; Zinc Plated,Carbon Steel,M10,,,Zinc Plated,NOS,fastener,washer,,carbon steel,Carbon Steel,M10,,,,,,,,,,IS 2016,IS 2016; M10; Zinc Plated,zinc plated,,,,,,Prime Electricals,PRI-791-16,NOS,11,False,,COATING_FROM_STRUCTURED_FIELD; FAMILY_FASTENER; GRADE_FROM_STRUCTURED_FIELD; MANUFACTURER_FROM_FIELD; MATERIAL_CARBON_STEEL; PART_NO_FROM_FIELD; SIZE_METRIC_BOLT; STANDARD_FROM_SPECIFICATION; TYPE_FROM_MATERIAL_TYPE; UNIT_FROM_FIELD,description; specification; structured_field
IOCL-847851,IOCL,CENTRIFUGAL PUMP 80 mm SS 316,centrifugal pump 80 mm stainless steel 316,Pumps,Centrifugal Pump,API 610; 80 mm; SS 316,SS 316,80 mm,,,Painted,NOS,pump,centrifugal pump,,stainless steel,SS 316,80 mm,,,,,,,,,,API 610,API 610; 80 mm; SS 316,painted,,,,,,ABC Industrial Products,ABC-607-79,NOS,11,False,,COATING_FROM_STRUCTURED_FIELD; FAMILY_PUMP; GRADE_SS316; MANUFACTURER_FROM_FIELD; MATERIAL_STAINLESS_STEEL; PART_NO_FROM_FIELD; SIZE_MM; STANDARD_FROM_SPECIFICATION; TYPE_CENTRIFUGAL_PUMP; UNIT_FROM_FIELD,description; specification; structured_field
IOCL-486471,IOCL,4 sq mm SQ MM POWER CABLE,4 sq mm sq mm power cable,Electrical,Cable,IS 7098; 4 sq mm; 100 m,XLPE Copper,4 sq mm,100 mm,,PVC,MTR,electrical,cable,,xlpe,XLPE Copper,4 sq mm,,100 mm,,,,,,,,IS 7098,IS 7098; 4 sq mm; 100 m,pvc,,,,,,Apex Industrial Systems,APE-674-54,MTR,12,False,,COATING_FROM_STRUCTURED_FIELD; FAMILY_ELECTRICAL; GRADE_FROM_STRUCTURED_FIELD; LENGTH_FROM_FIELD; MANUFACTURER_FROM_FIELD; MATERIAL_XLPE; PART_NO_FROM_FIELD; SIZE_SQMM_CABLE; STANDARD_FROM_SPECIFICATION; TYPE_FROM_MATERIAL_TYPE; UNIT_FROM_FIELD,description; specification; structured_field
HPCL-663810,HPCL,POWER CABLE 10 sq mm XLPE Aluminium,power cable 10 sq mm xlpe aluminium,Electrical,Cable,IS 7098; 10 sq mm; 1000 m,XLPE Aluminium,10 sq mm,1000 mm,,PVC,MTR,electrical,cable,,xlpe,XLPE Aluminium,10 sq mm,,1000 mm,,,,,,,,IS 7098,IS 7098; 10 sq mm; 1000 m,pvc,,,,,,Larsen Engineering,LAR-468-76,MTR,12,False,,COATING_FROM_STRUCTURED_FIELD; FAMILY_ELECTRICAL; GRADE_FROM_STRUCTURED_FIELD; LENGTH_FROM_FIELD; MANUFACTURER_FROM_FIELD; MATERIAL_XLPE; PART_NO_FROM_FIELD; SIZE_SQMM_CABLE; STANDARD_FROM_SPECIFICATION; TYPE_FROM_MATERIAL_TYPE; UNIT_FROM_FIELD,description; specification; structured_field
IOCL-666311,IOCL,DEEP GROOVE BEARING 6202,deep groove bearing 6202,Bearings,Ball Bearing,ISO 15; Bearing 6202,Chrome Steel,6202,,,,NOS,bearing,ball bearing,deep groove,chrome steel,Chrome Steel,6202,,,,,,,,,,ISO 15,ISO 15; Bearing 6202,,,,,,6202,Metro Pumps & Valves,MET-656-36,NOS,12,False,,BEARING_NUMBER; FAMILY_BEARING; GRADE_FROM_STRUCTURED_FIELD; MANUFACTURER_FROM_FIELD; MATERIAL_CHROME_STEEL; PART_NO_FROM_FIELD; SIZE_FROM_STRUCTURED_FIELD; STANDARD_FROM_SPECIFICATION; SUBTYPE_DEEP_GROOVE; TYPE_BALL_BEARING; UNIT_FROM_FIELD,description; specification; structured_field
ONGC-626197,ONGC,BOURDON PRESSURE GAUGE 0-100 bar,bourdon pressure gauge 0-100 bar,Instrumentation,Pressure Gauge,EN 837-1; Range 0-100 bar,SS 304,0-100 bar,,,SS,NOS,instrumentation,pressure gauge,,stainless steel,SS 304,0-100 bar,,,,,,,,,,EN 837-1,EN 837-1; Range 0-100 bar,stainless steel,,,,,,Supreme Engineering,SUP-274-14,NOS,11,False,,COATING_FROM_STRUCTURED_FIELD; FAMILY_INSTRUMENTATION; GRADE_FROM_STRUCTURED_FIELD; MANUFACTURER_FROM_FIELD; MATERIAL_STAINLESS_STEEL; PART_NO_FROM_FIELD; SIZE_PRESSURE_RANGE; STANDARD_FROM_SPECIFICATION; TYPE_FROM_MATERIAL_TYPE; UNIT_FROM_FIELD,description; specification; structured_field
HPCL-950698,HPCL,HORIZONTAL CENTRIFUGAL PUMP 50 mm,horizontal centrifugal pump 50 mm,Pumps,Centrifugal Pump,API 610; 50 mm; SS 316,SS 316,50 mm,,,Painted,NOS,pump,centrifugal pump,,stainless steel,SS 316,50 mm,,,,,,,,,,API 610,API 610; 50 mm; SS 316,painted,,,,horizontal,,Shree Valves & Fittings,SHR-827-22,NOS,12,False,,COATING_FROM_STRUCTURED_FIELD; FAMILY_PUMP; GRADE_FROM_STRUCTURED_FIELD; MANUFACTURER_FROM_FIELD; MATERIAL_STAINLESS_STEEL; ORIENTATION_HORIZONTAL; PART_NO_FROM_FIELD; SIZE_MM; STANDARD_FROM_SPECIFICATION; TYPE_CENTRIFUGAL_PUMP; UNIT_FROM_FIELD,description; specification; structured_field
IOCL-448367,IOCL,RTD PT100 3-wire 300 MM,rtd pt100 3-wire 300 mm,Instrumentation,Temperature Sensor,IEC 60751; 3-wire; 300 mm,Pt100,3-wire,300 mm,10 mm,SS,NOS,instrumentation,temperature sensor,,,Pt100,3-wire,,300 mm,,,10 mm,,,,,IEC 60751,IEC 60751; 3-wire; 300 mm,stainless steel,,,,,,Prime Electricals,PRI-798-32,NOS,12,True,size: '3-wire' vs '300 mm',COATING_FROM_STRUCTURED_FIELD; DIAMETER_FROM_FIELD; FAMILY_INSTRUMENTATION; GRADE_FROM_STRUCTURED_FIELD; LENGTH_FROM_FIELD; MANUFACTURER_FROM_FIELD; PART_NO_FROM_FIELD; SIZE_FROM_STRUCTURED_FIELD; STANDARD_FROM_SPECIFICATION; TYPE_FROM_MATERIAL_TYPE; UNIT_FROM_FIELD,specification; structured_field
HPCL-153892,HPCL,HRC CARTRIDGE 32 A,high rupturing capacity cartridge 32 a,Electrical,Fuse,IS 13703; 32 A,Ceramic,32 A,,,,MTR,electrical,fuse,,,Ceramic,32 A,,,,,,,,,,IS 13703,IS 13703; 32 A,,,,,,,Precision Fasteners,PRE-703-26,MTR,9,False,,FAMILY_ELECTRICAL; GRADE_FROM_STRUCTURED_FIELD; MANUFACTURER_FROM_FIELD; PART_NO_FROM_FIELD; SIZE_FROM_STRUCTURED_FIELD; STANDARD_FROM_SPECIFICATION; TYPE_FROM_MATERIAL_TYPE; UNIT_FROM_FIELD,description; specification; structured_field
IOCL-121970,IOCL,SEAMLESS STEEL PIPE 1/2 in ASTM A106 Gr.B,seamless steel pipe 1/2 in astm a106 gr.b,Pipes & Fittings,Pipe,API 5L; 1/2 in; ASTM A106 Gr.B,ASTM A106 Gr.B,1/2 in,3000 mm,,Black,MTR,pipe/fitting,pipe,,,ASTM A106 Gr.B,1/2 in,,3000 mm,,,,,,,,ASTM A106 Gr.B; API 5L,API 5L; 1/2 in; ASTM A106 Gr.B,black,,,seamless,,,Larsen Engineering,LAR-665-86,MTR,12,True,material_grade: 'ASTM A106 Gr.B' vs 'ASTM A106 GR.B'; material_grade: 'ASTM A106 Gr.B' vs 'A106',COATING_FROM_STRUCTURED_FIELD; CONSTRUCTION_SEAMLESS; FAMILY_PIPE; GRADE_FROM_STRUCTURED_FIELD; LENGTH_FROM_FIELD; MANUFACTURER_FROM_FIELD; PART_NO_FROM_FIELD; SIZE_FRACTION_INCH; STANDARD_FROM_SPECIFICATION; TYPE_FROM_MATERIAL_TYPE; UNIT_FROM_FIELD,description; specification; structured_field
ONGC-866655,ONGC,PRESSURE RELIEF VALVE 1 in SS 316,pressure relief valve 1 in stainless steel 316,Safety,Safety Valve,API 526; 1 in; SS 316,SS 316,1 in,,,SS,NOS,safety,safety valve,,stainless steel,SS 316,1 in,,,,,,,,,,API 526,API 526; 1 in; SS 316,stainless steel,,,,,,Bharat Industrial Works,BHA-565-28,NOS,11,False,,COATING_FROM_STRUCTURED_FIELD; FAMILY_SAFETY; GRADE_SS316; MANUFACTURER_FROM_FIELD; MATERIAL_STAINLESS_STEEL; PART_NO_FROM_FIELD; SIZE_INCH; STANDARD_FROM_SPECIFICATION; TYPE_SAFETY_VALVE; UNIT_FROM_FIELD,description; specification; structured_field
HPCL-803682,HPCL,CENTRIFUGAL PUMP 40 mm SS 316,centrifugal pump 40 mm stainless steel 316,Pumps,Centrifugal Pump,API 610; 40 mm; SS 316,SS 316,40 mm,,,Painted,NOS,pump,centrifugal pump,,stainless steel,SS 316,40 mm,,,,,,,,,,API 610,API 610; 40 mm; SS 316,painted,,,,,,National Bearing Works,NAT-460-85,NOS,11,False,,COATING_FROM_STRUCTURED_FIELD; FAMILY_PUMP; GRADE_SS316; MANUFACTURER_FROM_FIELD; MATERIAL_STAINLESS_STEEL; PART_NO_FROM_FIELD; SIZE_MM; STANDARD_FROM_SPECIFICATION; TYPE_CENTRIFUGAL_PUMP; UNIT_FROM_FIELD,description; specification; structured_field
ONGC-580845,ONGC,GATE VALVE FLANGED 1 in,gate valve flanged 1 in,Valves,Gate Valve,API 600; 1 in; ASTM A216 WCB,ASTM A216 WCB,1 in,,,Painted,NOS,valve,gate valve,,,ASTM A216 WCB,1 in,,,,,,,,,,ASTM A216 WCB; API 600,API 600; 1 in; ASTM A216 WCB,painted,flanged,,,,,Hindustan Mechanical,HIN-916-39,NOS,11,False,,COATING_FROM_STRUCTURED_FIELD; CONNECTION_FLANGED; FAMILY_VALVE; GRADE_FROM_STRUCTURED_FIELD; MANUFACTURER_FROM_FIELD; PART_NO_FROM_FIELD; SIZE_INCH; STANDARD_FROM_SPECIFICATION; TYPE_GATE_VALVE; UNIT_FROM_FIELD,description; specification; structured_field
ONGC-781255,ONGC,2.5 sq mm SQ MM POWER CABLE,2.5 sq mm sq mm power cable,Electrical,Cable,IS 7098; 2.5 sq mm; 500 m,XLPE Copper,2.5 sq mm,500 mm,,PVC,MTR,electrical,cable,,xlpe,XLPE Copper,2.5 sq mm,,500 mm,,,,,,,,IS 7098,IS 7098; 2.5 sq mm; 500 m,pvc,,,,,,Precision Fasteners,PRE-494-41,MTR,12,False,,COATING_FROM_STRUCTURED_FIELD; FAMILY_ELECTRICAL; GRADE_FROM_STRUCTURED_FIELD; LENGTH_FROM_FIELD; MANUFACTURER_FROM_FIELD; MATERIAL_XLPE; PART_NO_FROM_FIELD; SIZE_SQMM_CABLE; STANDARD_FROM_SPECIFICATION; TYPE_FROM_MATERIAL_TYPE; UNIT_FROM_FIELD,description; specification; structured_field
IOCL-963179,IOCL,PRESSURE GAUGE 0-25 bar,pressure gauge 0-25 bar,Instrumentation,Pressure Gauge,EN 837-1; Range 0-25 bar,SS 304,0-25 bar,,,SS,NOS,instrumentation,pressure gauge,,stainless steel,SS 304,0-25 bar,,,,,,,,,,EN 837-1,EN 837-1; Range 0-25 bar,stainless steel,,,,,,Eastern Cables,EAS-353-14,NOS,11,False,,COATING_FROM_STRUCTURED_FIELD; FAMILY_INSTRUMENTATION; GRADE_FROM_STRUCTURED_FIELD; MANUFACTURER_FROM_FIELD; MATERIAL_STAINLESS_STEEL; PART_NO_FROM_FIELD; SIZE_PRESSURE_RANGE; STANDARD_FROM_SPECIFICATION; TYPE_FROM_MATERIAL_TYPE; UNIT_FROM_FIELD,description; specification; structured_field
ONGC-463284,ONGC,FLAT WASHER M8,flat washer m8,Fasteners,Washer,IS 2016; M8; Zinc Plated,Carbon Steel,M8,,,Zinc Plated,NOS,fastener,washer,,carbon steel,Carbon Steel,M8,,,,,,,,,,IS 2016,IS 2016; M8; Zinc Plated,zinc plated,,,,,,Larsen Engineering,LAR-374-82,NOS,11,False,,COATING_FROM_STRUCTURED_FIELD; FAMILY_FASTENER; GRADE_FROM_STRUCTURED_FIELD; MANUFACTURER_FROM_FIELD; MATERIAL_CARBON_STEEL; PART_NO_FROM_FIELD; SIZE_METRIC_BOLT; STANDARD_FROM_SPECIFICATION; TYPE_FROM_MATERIAL_TYPE; UNIT_FROM_FIELD,description; specification; structured_field
HPCL-515653,HPCL,GLOBE VALVE 4 in API 623,globe valve 4 in api 623,Valves,Globe Valve,API 623; 4 in; ASTM A216 WCB,ASTM A216 WCB,4 in,,,Painted,NOS,valve,globe valve,,,ASTM A216 WCB,4 in,,,,,,,,,,ASTM A216 WCB; API 623,API 623; 4 in; ASTM A216 WCB,painted,,,,,,Larsen Engineering,LAR-298-12,NOS,10,False,,COATING_FROM_STRUCTURED_FIELD; FAMILY_VALVE; GRADE_FROM_STRUCTURED_FIELD; MANUFACTURER_FROM_FIELD; PART_NO_FROM_FIELD; SIZE_INCH; STANDARD_FROM_SPECIFICATION; TYPE_GLOBE_VALVE; UNIT_FROM_FIELD,description; specification; structured_field
HPCL-895225,HPCL,SEAMLESS STEEL PIPE 3 in API 5L,seamless steel pipe 3 in api 5l,Pipes & Fittings,Pipe,API 5L; 3 in; ASTM A106 Gr.B,ASTM A106 Gr.B,3 in,3000 mm,,Black,MTR,pipe/fitting,pipe,,,ASTM A106 Gr.B,3 in,,3000 mm,,,,,,,,ASTM A106 Gr.B; API 5L,API 5L; 3 in; ASTM A106 Gr.B,black,,,seamless,,,Metro Pumps & Valves,MET-723-80,MTR,12,False,,COATING_FROM_STRUCTURED_FIELD; CONSTRUCTION_SEAMLESS; FAMILY_PIPE; GRADE_FROM_STRUCTURED_FIELD; LENGTH_FROM_FIELD; MANUFACTURER_FROM_FIELD; PART_NO_FROM_FIELD; SIZE_INCH; STANDARD_FROM_SPECIFICATION; TYPE_FROM_MATERIAL_TYPE; UNIT_FROM_FIELD,description; specification; structured_field
ONGC-322544,ONGC,HEX BOLT M10 X 50 GALV,hexagonal bolt m10 x 50 galvanized,Fasteners,Bolt,IS 1363; M10 x 50 mm; Galvanized,Carbon Steel,M10,50 mm,10 mm,Galvanized,NOS,fastener,bolt,hex,carbon steel,Carbon Steel,M10,,50 mm,,,10 mm,,,,,IS 1363,IS 1363; M10 x 50 mm; Galvanized,galvanized,,,,,,Bharat Industrial Works,BHA-906-54,NOS,14,False,,COATING_FROM_STRUCTURED_FIELD; DIAMETER_FROM_FIELD; FAMILY_FASTENER; GRADE_FROM_STRUCTURED_FIELD; LENGTH_FROM_FIELD; MANUFACTURER_FROM_FIELD; MATERIAL_CARBON_STEEL; PART_NO_FROM_FIELD; SIZE_METRIC_BOLT; STANDARD_FROM_SPECIFICATION; SUBTYPE_HEX; TYPE_FROM_MATERIAL_TYPE; UNIT_FROM_FIELD,description; specification; structured_field
ONGC-754378,ONGC,XLPE CABLE 35 sq mm,xlpe cable 35 sq mm,Electrical,Cable,IS 7098; 35 sq mm; 500 m,XLPE Aluminium,35 sq mm,500 mm,,PVC,MTR,electrical,cable,,xlpe,XLPE Aluminium,35 sq mm,,500 mm,,,,,,,,IS 7098,IS 7098; 35 sq mm; 500 m,pvc,,,,,,Bharat Industrial Works,BHA-474-48,MTR,12,False,,COATING_FROM_STRUCTURED_FIELD; FAMILY_ELECTRICAL; GRADE_FROM_STRUCTURED_FIELD; LENGTH_FROM_FIELD; MANUFACTURER_FROM_FIELD; MATERIAL_XLPE; PART_NO_FROM_FIELD; SIZE_SQMM_CABLE; STANDARD_FROM_SPECIFICATION; TYPE_FROM_MATERIAL_TYPE; UNIT_FROM_FIELD,description; specification; structured_field
ONGC-941891,ONGC,DEEP GROOVE BEARING 6203,deep groove bearing 6203,Bearings,Ball Bearing,ISO 15; Bearing 6203,Chrome Steel,6203,,,,NOS,bearing,ball bearing,deep groove,chrome steel,Chrome Steel,6203,,,,,,,,,,ISO 15,ISO 15; Bearing 6203,,,,,,6203,Hindustan Mechanical,HIN-310-59,NOS,12,False,,BEARING_NUMBER; FAMILY_BEARING; GRADE_FROM_STRUCTURED_FIELD; MANUFACTURER_FROM_FIELD; MATERIAL_CHROME_STEEL; PART_NO_FROM_FIELD; SIZE_FROM_STRUCTURED_FIELD; STANDARD_FROM_SPECIFICATION; SUBTYPE_DEEP_GROOVE; TYPE_BALL_BEARING; UNIT_FROM_FIELD,description; specification; structured_field
ONGC-223469,ONGC,SEAMLESS STEEL PIPE 1 in ASTM A106 Gr.B,seamless steel pipe 1 in astm a106 gr.b,Pipes & Fittings,Pipe,API 5L; 1 in; ASTM A106 Gr.B,ASTM A106 Gr.B,1 in,3000 mm,,Bare,MTR,pipe/fitting,pipe,,,ASTM A106 Gr.B,1 in,,3000 mm,,,,,,,,ASTM A106 Gr.B; API 5L,API 5L; 1 in; ASTM A106 Gr.B,bare,,,seamless,,,Eastern Cables,EAS-801-10,MTR,12,True,material_grade: 'ASTM A106 Gr.B' vs 'ASTM A106 GR.B'; material_grade: 'ASTM A106 Gr.B' vs 'A106',COATING_FROM_STRUCTURED_FIELD; CONSTRUCTION_SEAMLESS; FAMILY_PIPE; GRADE_FROM_STRUCTURED_FIELD; LENGTH_FROM_FIELD; MANUFACTURER_FROM_FIELD; PART_NO_FROM_FIELD; SIZE_INCH; STANDARD_FROM_SPECIFICATION; TYPE_FROM_MATERIAL_TYPE; UNIT_FROM_FIELD,description; specification; structured_field
IOCL-417237,IOCL,PRESSURE INDICATOR 0-25 bar,pressure indicator 0-25 bar,Instrumentation,Pressure Gauge,EN 837-1; Range 0-25 bar,SS 304,0-25 bar,,,SS,NOS,instrumentation,pressure gauge,,stainless steel,SS 304,0-25 bar,,,,,,,,,,EN 837-1,EN 837-1; Range 0-25 bar,stainless steel,,,,,,Eastern Cables,EAS-288-67,NOS,11,False,,COATING_FROM_STRUCTURED_FIELD; FAMILY_INSTRUMENTATION; GRADE_FROM_STRUCTURED_FIELD; MANUFACTURER_FROM_FIELD; MATERIAL_STAINLESS_STEEL; PART_NO_FROM_FIELD; SIZE_PRESSURE_RANGE; STANDARD_FROM_SPECIFICATION; TYPE_FROM_MATERIAL_TYPE; UNIT_FROM_FIELD,description; specification; structured_field
ONGC-725126,ONGC,50 sq mm SQ MM POWER CABLE,50 sq mm sq mm power cable,Electrical,Cable,IS 7098; 50 sq mm; 100 m,XLPE Aluminium,50 sq mm,100 mm,,PVC,MTR,electrical,cable,,xlpe,XLPE Aluminium,50 sq mm,,100 mm,,,,,,,,IS 7098,IS 7098; 50 sq mm; 100 m,pvc,,,,,,Precision Fasteners,PRE-872-34,MTR,12,False,,COATING_FROM_STRUCTURED_FIELD; FAMILY_ELECTRICAL; GRADE_FROM_STRUCTURED_FIELD; LENGTH_FROM_FIELD; MANUFACTURER_FROM_FIELD; MATERIAL_XLPE; PART_NO_FROM_FIELD; SIZE_SQMM_CABLE; STANDARD_FROM_SPECIFICATION; TYPE_FROM_MATERIAL_TYPE; UNIT_FROM_FIELD,description; specification; structured_field
HPCL-246636,HPCL,RTD PT100 4-wire 150 MM,rtd pt100 4-wire 150 mm,Instrumentation,Temperature Sensor,IEC 60751; 4-wire; 150 mm,Pt100,4-wire,150 mm,6 mm,SS,NOS,instrumentation,temperature sensor,,,Pt100,4-wire,,150 mm,,,6 mm,,,,,IEC 60751,IEC 60751; 4-wire; 150 mm,stainless steel,,,,,,Hindustan Mechanical,HIN-981-78,NOS,12,True,size: '4-wire' vs '150 mm',COATING_FROM_STRUCTURED_FIELD; DIAMETER_FROM_FIELD; FAMILY_INSTRUMENTATION; GRADE_FROM_STRUCTURED_FIELD; LENGTH_FROM_FIELD; MANUFACTURER_FROM_FIELD; PART_NO_FROM_FIELD; SIZE_FROM_STRUCTURED_FIELD; STANDARD_FROM_SPECIFICATION; TYPE_FROM_MATERIAL_TYPE; UNIT_FROM_FIELD,specification; structured_field
IOCL-593765,IOCL,RTD SENSOR 4-wire,rtd sensor 4-wire,Instrumentation,Temperature Sensor,IEC 60751; 4-wire; 300 mm,Pt100,4-wire,300 mm,6 mm,SS,NOS,instrumentation,temperature sensor,,,Pt100,4-wire,,300 mm,,,6 mm,,,,,IEC 60751,IEC 60751; 4-wire; 300 mm,stainless steel,,,,,,Apex Industrial Systems,APE-514-33,NOS,12,False,,COATING_FROM_STRUCTURED_FIELD; DIAMETER_FROM_FIELD; FAMILY_INSTRUMENTATION; GRADE_FROM_STRUCTURED_FIELD; LENGTH_FROM_FIELD; MANUFACTURER_FROM_FIELD; PART_NO_FROM_FIELD; SIZE_FROM_STRUCTURED_FIELD; STANDARD_FROM_SPECIFICATION; TYPE_FROM_MATERIAL_TYPE; UNIT_FROM_FIELD,specification; structured_field
CPCL-610503,CPCL,SAFETY VALVE 4 in,safety valve 4 in,Safety,Safety Valve,API 526; 4 in; SS 316,SS 316,4 in,,,SS,NOS,safety,safety valve,,stainless steel,SS 316,4 in,,,,,,,,,,API 526,API 526; 4 in; SS 316,stainless steel,,,,,,Eastern Cables,EAS-146-99,NOS,11,True,material_family: 'safety' vs 'valve',COATING_FROM_STRUCTURED_FIELD; FAMILY_SAFETY; GRADE_FROM_STRUCTURED_FIELD; MANUFACTURER_FROM_FIELD; MATERIAL_STAINLESS_STEEL; PART_NO_FROM_FIELD; SIZE_INCH; STANDARD_FROM_SPECIFICATION; TYPE_SAFETY_VALVE; UNIT_FROM_FIELD,description; specification; structured_field
CPCL-335370,CPCL,BEARING NO 6204,bearing number 6204,Bearings,Ball Bearing,ISO 15; Bearing 6204,Chrome Steel,6204,,,,NOS,bearing,ball bearing,,chrome steel,Chrome Steel,6204,,,,,,,,,,ISO 15,ISO 15; Bearing 6204,,,,,,6204,National Bearing Works,NAT-710-21,NOS,11,False,,BEARING_NUMBER; FAMILY_BEARING; GRADE_FROM_STRUCTURED_FIELD; MANUFACTURER_FROM_FIELD; MATERIAL_CHROME_STEEL; PART_NO_FROM_FIELD; SIZE_FROM_STRUCTURED_FIELD; STANDARD_FROM_SPECIFICATION; TYPE_BALL_BEARING; UNIT_FROM_FIELD,description; specification; structured_field
CPCL-719923,CPCL,10 sq mm SQ MM POWER CABLE,10 sq mm sq mm power cable,Electrical,Cable,IS 7098; 10 sq mm; 1000 m,XLPE Copper,10 sq mm,1000 mm,,PVC,MTR,electrical,cable,,xlpe,XLPE Copper,10 sq mm,,1000 mm,,,,,,,,IS 7098,IS 7098; 10 sq mm; 1000 m,pvc,,,,,,Precision Fasteners,PRE-141-78,MTR,12,False,,COATING_FROM_STRUCTURED_FIELD; FAMILY_ELECTRICAL; GRADE_FROM_STRUCTURED_FIELD; LENGTH_FROM_FIELD; MANUFACTURER_FROM_FIELD; MATERIAL_XLPE; PART_NO_FROM_FIELD; SIZE_SQMM_CABLE; STANDARD_FROM_SPECIFICATION; TYPE_FROM_MATERIAL_TYPE; UNIT_FROM_FIELD,description; specification; structured_field
CPCL-304313,CPCL,BALL BEARING 6208,ball bearing 6208,Bearings,Ball Bearing,ISO 15; Bearing 6208,Chrome Steel,6208,,,,NOS,bearing,ball bearing,,chrome steel,Chrome Steel,6208,,,,,,,,,,ISO 15,ISO 15; Bearing 6208,,,,,,6208,Bharat Industrial Works,BHA-123-10,NOS,11,False,,BEARING_NUMBER; FAMILY_BEARING; GRADE_FROM_STRUCTURED_FIELD; MANUFACTURER_FROM_FIELD; MATERIAL_CHROME_STEEL; PART_NO_FROM_FIELD; SIZE_FROM_STRUCTURED_FIELD; STANDARD_FROM_SPECIFICATION; TYPE_BALL_BEARING; UNIT_FROM_FIELD,description; specification; structured_field
ONGC-335347,ONGC,M8 HEX NUT,m8 hexagonal nut,Fasteners,Nut,IS 1364; M8; Zinc Plated,Carbon Steel,M8,,,Zinc Plated,NOS,fastener,nut,hex,carbon steel,Carbon Steel,M8,,,,,,,,,,IS 1364,IS 1364; M8; Zinc Plated,zinc plated,,,,,,National Bearing Works,NAT-503-34,NOS,12,False,,COATING_FROM_STRUCTURED_FIELD; FAMILY_FASTENER; GRADE_FROM_STRUCTURED_FIELD; MANUFACTURER_FROM_FIELD; MATERIAL_CARBON_STEEL; PART_NO_FROM_FIELD; SIZE_METRIC_BOLT; STANDARD_FROM_SPECIFICATION; SUBTYPE_HEX; TYPE_FROM_MATERIAL_TYPE; UNIT_FROM_FIELD,description; specification; structured_field
HPCL-189503,HPCL,FLAT WASHER M20,flat washer m20,Fasteners,Washer,IS 2016; M20; Zinc Plated,Carbon Steel,M20,,,Zinc Plated,NOS,fastener,washer,,carbon steel,Carbon Steel,M20,,,,,,,,,,IS 2016,IS 2016; M20; Zinc Plated,zinc plated,,,,,,Larsen Engineering,LAR-431-97,NOS,11,False,,COATING_FROM_STRUCTURED_FIELD; FAMILY_FASTENER; GRADE_FROM_STRUCTURED_FIELD; MANUFACTURER_FROM_FIELD; MATERIAL_CARBON_STEEL; PART_NO_FROM_FIELD; SIZE_METRIC_BOLT; STANDARD_FROM_SPECIFICATION; TYPE_FROM_MATERIAL_TYPE; UNIT_FROM_FIELD,description; specification; structured_field
IOCL-780603,IOCL,WASHER M20 ZINC PLATED,washer m20 zinc plated,Fasteners,Washer,IS 2016; M20; Zinc Plated,Carbon Steel,M20,,,Zinc Plated,NOS,fastener,washer,,carbon steel,Carbon Steel,M20,,,,,,,,,,IS 2016,IS 2016; M20; Zinc Plated,zinc plated,,,,,,Prime Electricals,PRI-670-84,NOS,11,False,,COATING_FROM_STRUCTURED_FIELD; FAMILY_FASTENER; GRADE_FROM_STRUCTURED_FIELD; MANUFACTURER_FROM_FIELD; MATERIAL_CARBON_STEEL; PART_NO_FROM_FIELD; SIZE_METRIC_BOLT; STANDARD_FROM_SPECIFICATION; TYPE_FROM_MATERIAL_TYPE; UNIT_FROM_FIELD,description; specification; structured_field
ONGC-739844,ONGC,GATE VALVE FLANGED 6 in,gate valve flanged 6 in,Valves,Gate Valve,API 600; 6 in; ASTM A216 WCB,ASTM A216 WCB,6 in,,,Painted,NOS,valve,gate valve,,,ASTM A216 WCB,6 in,,,,,,,,,,ASTM A216 WCB; API 600,API 600; 6 in; ASTM A216 WCB,painted,flanged,,,,,Prime Electricals,PRI-875-94,NOS,11,False,,COATING_FROM_STRUCTURED_FIELD; CONNECTION_FLANGED; FAMILY_VALVE; GRADE_FROM_STRUCTURED_FIELD; MANUFACTURER_FROM_FIELD; PART_NO_FROM_FIELD; SIZE_INCH; STANDARD_FROM_SPECIFICATION; TYPE_GATE_VALVE; UNIT_FROM_FIELD,description; specification; structured_field
IOCL-343132,IOCL,HRC CARTRIDGE 5 A,high rupturing capacity cartridge 5 a,Electrical,Fuse,IS 13703; 5 A,Ceramic,5 A,,,,MTR,electrical,fuse,,,Ceramic,5 A,,,,,,,,,,IS 13703,IS 13703; 5 A,,,,,,,Eastern Cables,EAS-254-29,MTR,9,False,,FAMILY_ELECTRICAL; GRADE_FROM_STRUCTURED_FIELD; MANUFACTURER_FROM_FIELD; PART_NO_FROM_FIELD; SIZE_FROM_STRUCTURED_FIELD; STANDARD_FROM_SPECIFICATION; TYPE_FROM_MATERIAL_TYPE; UNIT_FROM_FIELD,description; specification; structured_field
ONGC-842200,ONGC,RTD PT100 4-wire 150 MM,rtd pt100 4-wire 150 mm,Instrumentation,Temperature Sensor,IEC 60751; 4-wire; 150 mm,Pt100,4-wire,150 mm,10 mm,SS,NOS,instrumentation,temperature sensor,,,Pt100,4-wire,,150 mm,,,10 mm,,,,,IEC 60751,IEC 60751; 4-wire; 150 mm,stainless steel,,,,,,Larsen Engineering,LAR-177-83,NOS,12,True,size: '4-wire' vs '150 mm',COATING_FROM_STRUCTURED_FIELD; DIAMETER_FROM_FIELD; FAMILY_INSTRUMENTATION; GRADE_FROM_STRUCTURED_FIELD; LENGTH_FROM_FIELD; MANUFACTURER_FROM_FIELD; PART_NO_FROM_FIELD; SIZE_FROM_STRUCTURED_FIELD; STANDARD_FROM_SPECIFICATION; TYPE_FROM_MATERIAL_TYPE; UNIT_FROM_FIELD,specification; structured_field
CPCL-905907,CPCL,PROCESS PUMP 100 mm,process pump 100 mm,Pumps,Centrifugal Pump,API 610; 100 mm; SS 316,SS 316,100 mm,,,Painted,NOS,pump,centrifugal pump,,stainless steel,SS 316,100 mm,,,,,,,,,,API 610,API 610; 100 mm; SS 316,painted,,,,,,Eastern Cables,EAS-843-94,NOS,11,False,,COATING_FROM_STRUCTURED_FIELD; FAMILY_PUMP; GRADE_FROM_STRUCTURED_FIELD; MANUFACTURER_FROM_FIELD; MATERIAL_STAINLESS_STEEL; PART_NO_FROM_FIELD; SIZE_MM; STANDARD_FROM_SPECIFICATION; TYPE_CENTRIFUGAL_PUMP; UNIT_FROM_FIELD,description; specification; structured_field
HPCL-167868,HPCL,HEX HEAD BOLT M10 X 75 ZINC PLATED,hexagonal head bolt m10 x 75 zinc plated,Fasteners,Bolt,IS 1363; M16 x 75 mm; Zinc Plated,Carbon Steel,M16,75 mm,8 mm,Zinc Plated,NOS,fastener,bolt,,carbon steel,Carbon Steel,M16,,75 mm,,,8 mm,,,,,IS 1363,IS 1363; M16 x 75 mm; Zinc Plated,zinc plated,,,,,,Supreme Engineering,SUP-735-22,NOS,13,True,size: 'M16' vs 'M10',COATING_FROM_STRUCTURED_FIELD; DIAMETER_FROM_FIELD; FAMILY_FASTENER; GRADE_FROM_STRUCTURED_FIELD; LENGTH_FROM_FIELD; MANUFACTURER_FROM_FIELD; MATERIAL_CARBON_STEEL; PART_NO_FROM_FIELD; SIZE_FROM_STRUCTURED_FIELD; STANDARD_FROM_SPECIFICATION; TYPE_FROM_MATERIAL_TYPE; UNIT_FROM_FIELD,description; specification; structured_field
ONGC-562792,ONGC,DEEP GROOVE BEARING 6207,deep groove bearing 6207,Bearings,Ball Bearing,ISO 15; Bearing 6207,Chrome Steel,6207,,,,NOS,bearing,ball bearing,deep groove,chrome steel,Chrome Steel,6207,,,,,,,,,,ISO 15,ISO 15; Bearing 6207,,,,,,6207,Bharat Industrial Works,BHA-164-87,NOS,12,False,,BEARING_NUMBER; FAMILY_BEARING; GRADE_FROM_STRUCTURED_FIELD; MANUFACTURER_FROM_FIELD; MATERIAL_CHROME_STEEL; PART_NO_FROM_FIELD; SIZE_FROM_STRUCTURED_FIELD; STANDARD_FROM_SPECIFICATION; SUBTYPE_DEEP_GROOVE; TYPE_BALL_BEARING; UNIT_FROM_FIELD,description; specification; structured_field
IOCL-680382,IOCL,SEAMLESS STEEL PIPE 3 in ASTM A106 Gr.B,seamless steel pipe 3 in astm a106 gr.b,Pipes & Fittings,Pipe,API 5L; 3 in; ASTM A106 Gr.B,ASTM A106 Gr.B,3 in,6000 mm,,Bare,MTR,pipe/fitting,pipe,,,ASTM A106 Gr.B,3 in,,6000 mm,,,,,,,,ASTM A106 Gr.B; API 5L,API 5L; 3 in; ASTM A106 Gr.B,bare,,,seamless,,,National Bearing Works,NAT-992-23,MTR,12,True,material_grade: 'ASTM A106 Gr.B' vs 'ASTM A106 GR.B'; material_grade: 'ASTM A106 Gr.B' vs 'A106',COATING_FROM_STRUCTURED_FIELD; CONSTRUCTION_SEAMLESS; FAMILY_PIPE; GRADE_FROM_STRUCTURED_FIELD; LENGTH_FROM_FIELD; MANUFACTURER_FROM_FIELD; PART_NO_FROM_FIELD; SIZE_INCH; STANDARD_FROM_SPECIFICATION; TYPE_FROM_MATERIAL_TYPE; UNIT_FROM_FIELD,description; specification; structured_field
HPCL-351706,HPCL,GLOBE VALVE FLANGED 2 in ASTM A216 WCB,globe valve flanged 2 in astm a216 wcb,Valves,Globe Valve,API 623; 2 in; ASTM A216 WCB,ASTM A216 WCB,2 in,,,Painted,NOS,valve,globe valve,,,ASTM A216 WCB,2 in,,,,,,,,,,ASTM A216 WCB; API 623,API 623; 2 in; ASTM A216 WCB,painted,flanged,,,,,Prime Electricals,PRI-273-29,NOS,11,True,material_grade: 'ASTM A216 WCB' vs 'WCB',COATING_FROM_STRUCTURED_FIELD; CONNECTION_FLANGED; FAMILY_VALVE; GRADE_A105; MANUFACTURER_FROM_FIELD; PART_NO_FROM_FIELD; SIZE_INCH; STANDARD_FROM_SPECIFICATION; TYPE_GLOBE_VALVE; UNIT_FROM_FIELD,description; specification; structured_field
HPCL-513685,HPCL,GLOBE VALVE 3 in API 623,globe valve 3 in api 623,Valves,Globe Valve,API 623; 3 in; ASTM A216 WCB,ASTM A216 WCB,3 in,,,Painted,NOS,valve,globe valve,,,ASTM A216 WCB,3 in,,,,,,,,,,ASTM A216 WCB; API 623,API 623; 3 in; ASTM A216 WCB,painted,,,,,,Bharat Industrial Works,BHA-395-43,NOS,10,False,,COATING_FROM_STRUCTURED_FIELD; FAMILY_VALVE; GRADE_FROM_STRUCTURED_FIELD; MANUFACTURER_FROM_FIELD; PART_NO_FROM_FIELD; SIZE_INCH; STANDARD_FROM_SPECIFICATION; TYPE_GLOBE_VALVE; UNIT_FROM_FIELD,description; specification; structured_field
IOCL-432323,IOCL,FLANGE 4 in ASTM A105,flange 4 in astm a105,Pipes & Fittings,Flange,ASME B16.5; 4 in; ASTM A105,ASTM A105,4 in,,,Bare,MTR,pipe/fitting,flange,,,ASTM A105,4 in,,,,,,,,,,ASTM A105; ASME B16.5,ASME B16.5; 4 in; ASTM A105,bare,,,,,,Metro Pumps & Valves,MET-288-76,MTR,10,True,material_grade: 'ASTM A105' vs 'A105',COATING_FROM_STRUCTURED_FIELD; FAMILY_PIPE; GRADE_A105; MANUFACTURER_FROM_FIELD; PART_NO_FROM_FIELD; SIZE_INCH; STANDARD_FROM_SPECIFICATION; TYPE_FROM_MATERIAL_TYPE; UNIT_FROM_FIELD,description; specification; structured_field
CPCL-523889,CPCL,SEAMLESS STEEL PIPE 3 in ASTM A106 Gr.B,seamless steel pipe 3 in astm a106 gr.b,Pipes & Fittings,Pipe,API 5L; 3 in; ASTM A106 Gr.B,ASTM A106 Gr.B,3 in,3000 mm,,Black,MTR,pipe/fitting,pipe,,,ASTM A106 Gr.B,3 in,,3000 mm,,,,,,,,ASTM A106 Gr.B; API 5L,API 5L; 3 in; ASTM A106 Gr.B,black,,,seamless,,,National Bearing Works,NAT-951-31,MTR,12,True,material_grade: 'ASTM A106 Gr.B' vs 'ASTM A106 GR.B'; material_grade: 'ASTM A106 Gr.B' vs 'A106',COATING_FROM_STRUCTURED_FIELD; CONSTRUCTION_SEAMLESS; FAMILY_PIPE; GRADE_FROM_STRUCTURED_FIELD; LENGTH_FROM_FIELD; MANUFACTURER_FROM_FIELD; PART_NO_FROM_FIELD; SIZE_INCH; STANDARD_FROM_SPECIFICATION; TYPE_FROM_MATERIAL_TYPE; UNIT_FROM_FIELD,description; specification; structured_field
ONGC-590483,ONGC,EP GEAR OIL ISO VG 220,ep gear oil iso vg 220,Lubricants,Lubricant,IS 10522; ISO VG 220,Mineral Oil,ISO VG 220,,,,LTR,lubricant,lubricant,,mineral oil,Mineral Oil,ISO VG 220,,,,,,,,,,ISO VG 220; IS 10522,IS 10522; ISO VG 220,,,,,,,National Bearing Works,NAT-927-65,LTR,10,False,,FAMILY_LUBRICANT; GRADE_FROM_STRUCTURED_FIELD; MANUFACTURER_FROM_FIELD; MATERIAL_MINERAL_OIL; PART_NO_FROM_FIELD; SIZE_VG_ISO_LUBE; STANDARD_FROM_SPECIFICATION; TYPE_FROM_MATERIAL_TYPE; UNIT_FROM_FIELD,description; specification; structured_field
HPCL-668296,HPCL,PRESSURE INDICATOR 0-5 bar,pressure indicator 0-5 bar,Instrumentation,Pressure Gauge,EN 837-1; Range 0-5 bar,SS 304,0-5 bar,,,SS,NOS,instrumentation,pressure gauge,,stainless steel,SS 304,0-5 bar,,,,,,,,,,EN 837-1,EN 837-1; Range 0-5 bar,stainless steel,,,,,,ABC Industrial Products,ABC-591-37,NOS,11,False,,COATING_FROM_STRUCTURED_FIELD; FAMILY_INSTRUMENTATION; GRADE_FROM_STRUCTURED_FIELD; MANUFACTURER_FROM_FIELD; MATERIAL_STAINLESS_STEEL; PART_NO_FROM_FIELD; SIZE_PRESSURE_RANGE; STANDARD_FROM_SPECIFICATION; TYPE_FROM_MATERIAL_TYPE; UNIT_FROM_FIELD,description; specification; structured_field
ONGC-318608,ONGC,PIPE 3 in ASTM A106 Gr.B,pipe 3 in astm a106 gr.b,Pipes & Fittings,Pipe,API 5L; 3 in; ASTM A106 Gr.B,ASTM A106 Gr.B,3 in,3000 mm,,Black,MTR,pipe/fitting,pipe,,,ASTM A106 Gr.B,3 in,,3000 mm,,,,,,,,ASTM A106 Gr.B; API 5L,API 5L; 3 in; ASTM A106 Gr.B,black,,,,,,Metro Pumps & Valves,MET-113-12,MTR,11,True,material_grade: 'ASTM A106 Gr.B' vs 'ASTM A106 GR.B'; material_grade: 'ASTM A106 Gr.B' vs 'A106',COATING_FROM_STRUCTURED_FIELD; FAMILY_PIPE; GRADE_FROM_STRUCTURED_FIELD; LENGTH_FROM_FIELD; MANUFACTURER_FROM_FIELD; PART_NO_FROM_FIELD; SIZE_INCH; STANDARD_FROM_SPECIFICATION; TYPE_FROM_MATERIAL_TYPE; UNIT_FROM_FIELD,description; specification; structured_field
CPCL-459281,CPCL,POWER CABLE 2.5 sq mm XLPE Copper,power cable 2.5 sq mm xlpe copper,Electrical,Cable,IS 7098; 2.5 sq mm; 1000 m,XLPE Copper,2.5 sq mm,1000 mm,,PVC,MTR,electrical,cable,,xlpe,XLPE Copper,2.5 sq mm,,1000 mm,,,,,,,,IS 7098,IS 7098; 2.5 sq mm; 1000 m,pvc,,,,,,Metro Pumps & Valves,MET-842-22,MTR,12,False,,COATING_FROM_STRUCTURED_FIELD; FAMILY_ELECTRICAL; GRADE_FROM_STRUCTURED_FIELD; LENGTH_FROM_FIELD; MANUFACTURER_FROM_FIELD; MATERIAL_XLPE; PART_NO_FROM_FIELD; SIZE_SQMM_CABLE; STANDARD_FROM_SPECIFICATION; TYPE_FROM_MATERIAL_TYPE; UNIT_FROM_FIELD,description; specification; structured_field
CPCL-935557,CPCL,CENTRIFUGAL PUMP 25 mm SS 316,centrifugal pump 25 mm stainless steel 316,Pumps,Centrifugal Pump,API 610; 25 mm; SS 316,SS 316,25 mm,,,Painted,NOS,pump,centrifugal pump,,stainless steel,SS 316,25 mm,,,,,,,,,,API 610,API 610; 25 mm; SS 316,painted,,,,,,Eastern Cables,EAS-675-61,NOS,11,False,,COATING_FROM_STRUCTURED_FIELD; FAMILY_PUMP; GRADE_SS316; MANUFACTURER_FROM_FIELD; MATERIAL_STAINLESS_STEEL; PART_NO_FROM_FIELD; SIZE_MM; STANDARD_FROM_SPECIFICATION; TYPE_CENTRIFUGAL_PUMP; UNIT_FROM_FIELD,description; specification; structured_field
ONGC-658985,ONGC,PRESSURE RELIEF VALVE 3 in SS 316,pressure relief valve 3 in stainless steel 316,Safety,Safety Valve,API 526; 3 in; SS 316,SS 316,3 in,,,SS,NOS,safety,safety valve,,stainless steel,SS 316,3 in,,,,,,,,,,API 526,API 526; 3 in; SS 316,stainless steel,,,,,,Shree Valves & Fittings,SHR-368-23,NOS,11,False,,COATING_FROM_STRUCTURED_FIELD; FAMILY_SAFETY; GRADE_SS316; MANUFACTURER_FROM_FIELD; MATERIAL_STAINLESS_STEEL; PART_NO_FROM_FIELD; SIZE_INCH; STANDARD_FROM_SPECIFICATION; TYPE_SAFETY_VALVE; UNIT_FROM_FIELD,description; specification; structured_field
CPCL-570822,CPCL,HYDRAULIC HOSE 1-1/2 in,hydraulic hose 1-1/2 in,Hoses,Hydraulic Hose,SAE 100 R2; 1-1/2 in; 5000 mm,Synthetic Rubber,1-1/2 in,5000 mm,,Rubber,MTR,hose,hydraulic hose,,synthetic rubber,Synthetic Rubber,1-1/2 in,,5000 mm,,,,,,,,SAE 100 R2,SAE 100 R2; 1-1/2 in; 5000 mm,rubber,,,,,,Shree Valves & Fittings,SHR-461-78,MTR,12,False,,COATING_FROM_STRUCTURED_FIELD; FAMILY_HOSE; GRADE_FROM_STRUCTURED_FIELD; LENGTH_FROM_FIELD; MANUFACTURER_FROM_FIELD; MATERIAL_SYNTHETIC_RUBBER; PART_NO_FROM_FIELD; SIZE_FRACTION_INCH; STANDARD_FROM_SPECIFICATION; TYPE_FROM_MATERIAL_TYPE; UNIT_FROM_FIELD,description; specification; structured_field
CPCL-512607,CPCL,M20 HEX NUT,m20 hexagonal nut,Fasteners,Nut,IS 1364; M20; Zinc Plated,Carbon Steel,M20,,,Zinc Plated,NOS,fastener,nut,hex,carbon steel,Carbon Steel,M20,,,,,,,,,,IS 1364,IS 1364; M20; Zinc Plated,zinc plated,,,,,,Prime Electricals,PRI-898-83,NOS,12,False,,COATING_FROM_STRUCTURED_FIELD; FAMILY_FASTENER; GRADE_FROM_STRUCTURED_FIELD; MANUFACTURER_FROM_FIELD; MATERIAL_CARBON_STEEL; PART_NO_FROM_FIELD; SIZE_METRIC_BOLT; STANDARD_FROM_SPECIFICATION; SUBTYPE_HEX; TYPE_FROM_MATERIAL_TYPE; UNIT_FROM_FIELD,description; specification; structured_field
ONGC-443302,ONGC,CARTRIDGE FUSE 16 A,cartridge fuse 16 a,Electrical,Fuse,IS 13703; 16 A,Ceramic,16 A,,,,MTR,electrical,fuse,,,Ceramic,16 A,,,,,,,,,,IS 13703,IS 13703; 16 A,,,,,,,Bharat Industrial Works,BHA-838-54,MTR,9,False,,FAMILY_ELECTRICAL; GRADE_FROM_STRUCTURED_FIELD; MANUFACTURER_FROM_FIELD; PART_NO_FROM_FIELD; SIZE_FROM_STRUCTURED_FIELD; STANDARD_FROM_SPECIFICATION; TYPE_FROM_MATERIAL_TYPE; UNIT_FROM_FIELD,description; specification; structured_field
ONGC-514927,ONGC,HEX NUT M20 GALVANIZED,hexagonal nut m20 galvanized,Fasteners,Nut,IS 1364; M20; Galvanized,Carbon Steel,M20,,,Galvanized,NOS,fastener,nut,hex,carbon steel,Carbon Steel,M20,,,,,,,,,,IS 1364,IS 1364; M20; Galvanized,galvanized,,,,,,Shree Valves & Fittings,SHR-365-68,NOS,12,False,,COATING_FROM_STRUCTURED_FIELD; FAMILY_FASTENER; GRADE_FROM_STRUCTURED_FIELD; MANUFACTURER_FROM_FIELD; MATERIAL_CARBON_STEEL; PART_NO_FROM_FIELD; SIZE_METRIC_BOLT; STANDARD_FROM_SPECIFICATION; SUBTYPE_HEX; TYPE_FROM_MATERIAL_TYPE; UNIT_FROM_FIELD,description; specification; structured_field
ONGC-359476,ONGC,DEEP GROOVE BEARING 6206,deep groove bearing 6206,Bearings,Ball Bearing,ISO 15; Bearing 6206,Chrome Steel,6206,,,,NOS,bearing,ball bearing,deep groove,chrome steel,Chrome Steel,6206,,,,,,,,,,ISO 15,ISO 15; Bearing 6206,,,,,,6206,Larsen Engineering,LAR-432-40,NOS,12,False,,BEARING_NUMBER; FAMILY_BEARING; GRADE_FROM_STRUCTURED_FIELD; MANUFACTURER_FROM_FIELD; MATERIAL_CHROME_STEEL; PART_NO_FROM_FIELD; SIZE_FROM_STRUCTURED_FIELD; STANDARD_FROM_SPECIFICATION; SUBTYPE_DEEP_GROOVE; TYPE_BALL_BEARING; UNIT_FROM_FIELD,description; specification; structured_field
ONGC-806926,ONGC,BALL BEARING 6207,ball bearing 6207,Bearings,Ball Bearing,ISO 15; Bearing 6207,Chrome Steel,6207,,,,NOS,bearing,ball bearing,,chrome steel,Chrome Steel,6207,,,,,,,,,,ISO 15,ISO 15; Bearing 6207,,,,,,6207,Hindustan Mechanical,HIN-585-57,NOS,11,False,,BEARING_NUMBER; FAMILY_BEARING; GRADE_FROM_STRUCTURED_FIELD; MANUFACTURER_FROM_FIELD; MATERIAL_CHROME_STEEL; PART_NO_FROM_FIELD; SIZE_FROM_STRUCTURED_FIELD; STANDARD_FROM_SPECIFICATION; TYPE_BALL_BEARING; UNIT_FROM_FIELD,description; specification; structured_field
IOCL-660933,IOCL,WELD NECK FLANGE 1 in ASTM A105,weld neck flange 1 in astm a105,Pipes & Fittings,Flange,ASME B16.5; 1 in; ASTM A105,ASTM A105,1 in,,,Bare,MTR,flange,weld neck flange,,,ASTM A105,1 in,,,,,,,,,,ASTM A105; ASME B16.5,ASME B16.5; 1 in; ASTM A105,bare,weld neck,,,,,Prime Electricals,PRI-484-89,MTR,11,True,material_grade: 'ASTM A105' vs 'A105',COATING_FROM_STRUCTURED_FIELD; CONNECTION_WELD_NECK; FAMILY_FLANGE; GRADE_A105; MANUFACTURER_FROM_FIELD; PART_NO_FROM_FIELD; SIZE_INCH; STANDARD_FROM_SPECIFICATION; TYPE_WELDNECK_FLANGE; UNIT_FROM_FIELD,description; specification; structured_field
ONGC-834832,ONGC,POWER CABLE 50 sq mm XLPE Aluminium,power cable 50 sq mm xlpe aluminium,Electrical,Cable,IS 7098; 50 sq mm; 100 m,XLPE Aluminium,50 sq mm,100 mm,,PVC,MTR,electrical,cable,,xlpe,XLPE Aluminium,50 sq mm,,100 mm,,,,,,,,IS 7098,IS 7098; 50 sq mm; 100 m,pvc,,,,,,Larsen Engineering,LAR-787-34,MTR,12,False,,COATING_FROM_STRUCTURED_FIELD; FAMILY_ELECTRICAL; GRADE_FROM_STRUCTURED_FIELD; LENGTH_FROM_FIELD; MANUFACTURER_FROM_FIELD; MATERIAL_XLPE; PART_NO_FROM_FIELD; SIZE_SQMM_CABLE; STANDARD_FROM_SPECIFICATION; TYPE_FROM_MATERIAL_TYPE; UNIT_FROM_FIELD,description; specification; structured_field
HPCL-463811,HPCL,PLAIN WASHER M20 GALVANIZED,plain washer m20 galvanized,Fasteners,Washer,IS 2016; M20; Galvanized,Carbon Steel,M20,,,Galvanized,NOS,fastener,washer,,carbon steel,Carbon Steel,M20,,,,,,,,,,IS 2016,IS 2016; M20; Galvanized,galvanized,,,,,,Larsen Engineering,LAR-383-47,NOS,11,False,,COATING_FROM_STRUCTURED_FIELD; FAMILY_FASTENER; GRADE_FROM_STRUCTURED_FIELD; MANUFACTURER_FROM_FIELD; MATERIAL_CARBON_STEEL; PART_NO_FROM_FIELD; SIZE_METRIC_BOLT; STANDARD_FROM_SPECIFICATION; TYPE_FROM_MATERIAL_TYPE; UNIT_FROM_FIELD,description; specification; structured_field
ONGC-857436,ONGC,GLOBE VALVE FLANGED 1 in,globe valve flanged 1 in,Valves,Globe Valve,API 623; 1 in; ASTM A216 WCB,ASTM A216 WCB,1 in,,,Painted,NOS,valve,globe valve,,,ASTM A216 WCB,1 in,,,,,,,,,,ASTM A216 WCB; API 623,API 623; 1 in; ASTM A216 WCB,painted,flanged,,,,,ABC Industrial Products,ABC-371-19,NOS,11,False,,COATING_FROM_STRUCTURED_FIELD; CONNECTION_FLANGED; FAMILY_VALVE; GRADE_FROM_STRUCTURED_FIELD; MANUFACTURER_FROM_FIELD; PART_NO_FROM_FIELD; SIZE_INCH; STANDARD_FROM_SPECIFICATION; TYPE_GLOBE_VALVE; UNIT_FROM_FIELD,description; specification; structured_field
CPCL-837515,CPCL,XLPE CABLE 2.5 sq mm,xlpe cable 2.5 sq mm,Electrical,Cable,IS 7098; 2.5 sq mm; 500 m,XLPE Copper,2.5 sq mm,500 mm,,PVC,MTR,electrical,cable,,xlpe,XLPE Copper,2.5 sq mm,,500 mm,,,,,,,,IS 7098,IS 7098; 2.5 sq mm; 500 m,pvc,,,,,,Bharat Industrial Works,BHA-250-41,MTR,12,False,,COATING_FROM_STRUCTURED_FIELD; FAMILY_ELECTRICAL; GRADE_FROM_STRUCTURED_FIELD; LENGTH_FROM_FIELD; MANUFACTURER_FROM_FIELD; MATERIAL_XLPE; PART_NO_FROM_FIELD; SIZE_SQMM_CABLE; STANDARD_FROM_SPECIFICATION; TYPE_FROM_MATERIAL_TYPE; UNIT_FROM_FIELD,description; specification; structured_field
CPCL-233026,CPCL,GEAR OIL ISO VG 220,gear oil iso vg 220,Lubricants,Lubricant,IS 10522; ISO VG 220,Mineral Oil,ISO VG 220,,,,LTR,lubricant,lubricant,,mineral oil,Mineral Oil,ISO VG 220,,,,,,,,,,ISO VG 220; IS 10522,IS 10522; ISO VG 220,,,,,,,National Bearing Works,NAT-510-61,LTR,10,False,,FAMILY_LUBRICANT; GRADE_FROM_STRUCTURED_FIELD; MANUFACTURER_FROM_FIELD; MATERIAL_MINERAL_OIL; PART_NO_FROM_FIELD; SIZE_VG_ISO_LUBE; STANDARD_FROM_SPECIFICATION; TYPE_FROM_MATERIAL_TYPE; UNIT_FROM_FIELD,description; specification; structured_field
CPCL-786014,CPCL,GLOBE VALVE FLANGED 2 in,globe valve flanged 2 in,Valves,Globe Valve,API 623; 2 in; ASTM A216 WCB,ASTM A216 WCB,2 in,,,Painted,NOS,valve,globe valve,,,ASTM A216 WCB,2 in,,,,,,,,,,ASTM A216 WCB; API 623,API 623; 2 in; ASTM A216 WCB,painted,flanged,,,,,ABC Industrial Products,ABC-603-53,NOS,11,False,,COATING_FROM_STRUCTURED_FIELD; CONNECTION_FLANGED; FAMILY_VALVE; GRADE_FROM_STRUCTURED_FIELD; MANUFACTURER_FROM_FIELD; PART_NO_FROM_FIELD; SIZE_INCH; STANDARD_FROM_SPECIFICATION; TYPE_GLOBE_VALVE; UNIT_FROM_FIELD,description; specification; structured_field
HPCL-533952,HPCL,PIPE 6 in ASTM A106 Gr.B,pipe 6 in astm a106 gr.b,Pipes & Fittings,Pipe,API 5L; 6 in; ASTM A106 Gr.B,ASTM A106 Gr.B,6 in,6000 mm,,Bare,MTR,pipe/fitting,pipe,,,ASTM A106 Gr.B,6 in,,6000 mm,,,,,,,,ASTM A106 Gr.B; API 5L,API 5L; 6 in; ASTM A106 Gr.B,bare,,,,,,Metro Pumps & Valves,MET-742-80,MTR,11,True,material_grade: 'ASTM A106 Gr.B' vs 'ASTM A106 GR.B'; material_grade: 'ASTM A106 Gr.B' vs 'A106',COATING_FROM_STRUCTURED_FIELD; FAMILY_PIPE; GRADE_FROM_STRUCTURED_FIELD; LENGTH_FROM_FIELD; MANUFACTURER_FROM_FIELD; PART_NO_FROM_FIELD; SIZE_INCH; STANDARD_FROM_SPECIFICATION; TYPE_FROM_MATERIAL_TYPE; UNIT_FROM_FIELD,description; specification; structured_field
HPCL-402831,HPCL,HEX NUT M20 ZINC PLATED,hexagonal nut m20 zinc plated,Fasteners,Nut,IS 1364; M20; Zinc Plated,Carbon Steel,M20,,,Zinc Plated,NOS,fastener,nut,hex,carbon steel,Carbon Steel,M20,,,,,,,,,,IS 1364,IS 1364; M20; Zinc Plated,zinc plated,,,,,,National Bearing Works,NAT-122-19,NOS,12,False,,COATING_FROM_STRUCTURED_FIELD; FAMILY_FASTENER; GRADE_FROM_STRUCTURED_FIELD; MANUFACTURER_FROM_FIELD; MATERIAL_CARBON_STEEL; PART_NO_FROM_FIELD; SIZE_METRIC_BOLT; STANDARD_FROM_SPECIFICATION; SUBTYPE_HEX; TYPE_FROM_MATERIAL_TYPE; UNIT_FROM_FIELD,description; specification; structured_field
ONGC-835993,ONGC,GLOBE VALVE FLANGED 4 in ASTM A216 WCB,globe valve flanged 4 in astm a216 wcb,Valves,Globe Valve,API 623; 4 in; ASTM A216 WCB,ASTM A216 WCB,4 in,,,Painted,NOS,valve,globe valve,,,ASTM A216 WCB,4 in,,,,,,,,,,ASTM A216 WCB; API 623,API 623; 4 in; ASTM A216 WCB,painted,flanged,,,,,Prime Electricals,PRI-491-25,NOS,11,True,material_grade: 'ASTM A216 WCB' vs 'WCB',COATING_FROM_STRUCTURED_FIELD; CONNECTION_FLANGED; FAMILY_VALVE; GRADE_A105; MANUFACTURER_FROM_FIELD; PART_NO_FROM_FIELD; SIZE_INCH; STANDARD_FROM_SPECIFICATION; TYPE_GLOBE_VALVE; UNIT_FROM_FIELD,description; specification; structured_field
CPCL-600981,CPCL,GLOBE VALVE FLANGED 4 in,globe valve flanged 4 in,Valves,Globe Valve,API 623; 4 in; ASTM A216 WCB,ASTM A216 WCB,4 in,,,Painted,NOS,valve,globe valve,,,ASTM A216 WCB,4 in,,,,,,,,,,ASTM A216 WCB; API 623,API 623; 4 in; ASTM A216 WCB,painted,flanged,,,,,Metro Pumps & Valves,MET-643-87,NOS,11,False,,COATING_FROM_STRUCTURED_FIELD; CONNECTION_FLANGED; FAMILY_VALVE; GRADE_FROM_STRUCTURED_FIELD; MANUFACTURER_FROM_FIELD; PART_NO_FROM_FIELD; SIZE_INCH; STANDARD_FROM_SPECIFICATION; TYPE_GLOBE_VALVE; UNIT_FROM_FIELD,description; specification; structured_field
CPCL-333881,CPCL,HIGH PRESSURE HYDRAULIC HOSE 1 in,high pressure hydraulic hose 1 in,Hoses,Hydraulic Hose,SAE 100 R2; 1 in; 5000 mm,Synthetic Rubber,1 in,5000 mm,,Rubber,MTR,hose,hydraulic hose,,synthetic rubber,Synthetic Rubber,1 in,,5000 mm,,,,,,,,SAE 100 R2,SAE 100 R2; 1 in; 5000 mm,rubber,,,,,,Shree Valves & Fittings,SHR-949-64,MTR,12,False,,COATING_FROM_STRUCTURED_FIELD; FAMILY_HOSE; GRADE_FROM_STRUCTURED_FIELD; LENGTH_FROM_FIELD; MANUFACTURER_FROM_FIELD; MATERIAL_SYNTHETIC_RUBBER; PART_NO_FROM_FIELD; SIZE_INCH; STANDARD_FROM_SPECIFICATION; TYPE_FROM_MATERIAL_TYPE; UNIT_FROM_FIELD,description; specification; structured_field
ONGC-989709,ONGC,90 DEGREE ELBOW 1 in ASME B16.9,90 degree elbow 1 in asme b16.9,Pipes & Fittings,Elbow,ASME B16.9; 1 in; ASTM A234 WPB,ASTM A234 WPB,1 in,,,Bare,MTR,pipe/fitting,elbow,,,ASTM A234 WPB,1 in,,,,,,,,,90°,ASTM A234; ASME B16.9,ASME B16.9; 1 in; ASTM A234 WPB,bare,,,,,,Larsen Engineering,LAR-217-23,MTR,11,False,,COATING_FROM_STRUCTURED_FIELD; ELBOW_ANGLE; FAMILY_FITTING; GRADE_FROM_STRUCTURED_FIELD; MANUFACTURER_FROM_FIELD; PART_NO_FROM_FIELD; SIZE_INCH; STANDARD_FROM_SPECIFICATION; TYPE_FROM_MATERIAL_TYPE; UNIT_FROM_FIELD,description; specification; structured_field
CPCL-635586,CPCL,SPIRAL GASKET 3 in,spiral gasket 3 in,Seals,Gasket,ASME B16.20; 3 in; Graphite/SS 316,Graphite/SS 316,3 in,,,SS,NOS,seal/gasket,gasket,,,Graphite/SS 316,3 in,,,,,,,,,,ASME B16.20,ASME B16.20; 3 in; Graphite/SS 316,stainless steel,,,,,,ABC Industrial Products,ABC-687-70,NOS,10,True,material_type: 'gasket' vs 'spiral wound gasket',COATING_FROM_STRUCTURED_FIELD; FAMILY_SEAL; GRADE_FROM_STRUCTURED_FIELD; MANUFACTURER_FROM_FIELD; PART_NO_FROM_FIELD; SIZE_INCH; STANDARD_FROM_SPECIFICATION; TYPE_FROM_MATERIAL_TYPE; UNIT_FROM_FIELD,description; specification; structured_field
ONGC-593893,ONGC,GEAR OIL EP 140,gear oil ep 140,Lubricants,Lubricant,IS 10522; EP 140,Mineral Oil,EP 140,,,,LTR,lubricant,lubricant,,mineral oil,Mineral Oil,EP 140,,,,,,,,,,IS 10522,IS 10522; EP 140,,,,,,,Shree Valves & Fittings,SHR-498-35,LTR,10,False,,FAMILY_LUBRICANT; GRADE_FROM_STRUCTURED_FIELD; MANUFACTURER_FROM_FIELD; MATERIAL_MINERAL_OIL; PART_NO_FROM_FIELD; SIZE_VG_ISO_LUBE; STANDARD_FROM_SPECIFICATION; TYPE_FROM_MATERIAL_TYPE; UNIT_FROM_FIELD,description; specification; structured_field
IOCL-817430,IOCL,BEARING NO 6205,bearing number 6205,Bearings,Ball Bearing,ISO 15; Bearing 6205,Chrome Steel,6205,,,,NOS,bearing,ball bearing,,chrome steel,Chrome Steel,6205,,,,,,,,,,ISO 15,ISO 15; Bearing 6205,,,,,,6205,Eastern Cables,EAS-437-62,NOS,11,False,,BEARING_NUMBER; FAMILY_BEARING; GRADE_FROM_STRUCTURED_FIELD; MANUFACTURER_FROM_FIELD; MATERIAL_CHROME_STEEL; PART_NO_FROM_FIELD; SIZE_FROM_STRUCTURED_FIELD; STANDARD_FROM_SPECIFICATION; TYPE_BALL_BEARING; UNIT_FROM_FIELD,description; specification; structured_field
CPCL-693564,CPCL,WASHER M16 ZINC PLATED,washer m16 zinc plated,Fasteners,Washer,IS 2016; M16; Zinc Plated,Carbon Steel,M16,,,Zinc Plated,NOS,fastener,washer,,carbon steel,Carbon Steel,M16,,,,,,,,,,IS 2016,IS 2016; M16; Zinc Plated,zinc plated,,,,,,National Bearing Works,NAT-862-58,NOS,11,False,,COATING_FROM_STRUCTURED_FIELD; FAMILY_FASTENER; GRADE_FROM_STRUCTURED_FIELD; MANUFACTURER_FROM_FIELD; MATERIAL_CARBON_STEEL; PART_NO_FROM_FIELD; SIZE_METRIC_BOLT; STANDARD_FROM_SPECIFICATION; TYPE_FROM_MATERIAL_TYPE; UNIT_FROM_FIELD,description; specification; structured_field
HPCL-573101,HPCL,WELD NECK FLANGE 3 in ASTM A105,weld neck flange 3 in astm a105,Pipes & Fittings,Flange,ASME B16.5; 3 in; ASTM A105,ASTM A105,3 in,,,Bare,MTR,flange,weld neck flange,,,ASTM A105,3 in,,,,,,,,,,ASTM A105; ASME B16.5,ASME B16.5; 3 in; ASTM A105,bare,weld neck,,,,,Metro Pumps & Valves,MET-760-69,MTR,11,True,material_grade: 'ASTM A105' vs 'A105',COATING_FROM_STRUCTURED_FIELD; CONNECTION_WELD_NECK; FAMILY_FLANGE; GRADE_A105; MANUFACTURER_FROM_FIELD; PART_NO_FROM_FIELD; SIZE_INCH; STANDARD_FROM_SPECIFICATION; TYPE_WELDNECK_FLANGE; UNIT_FROM_FIELD,description; specification; structured_field
CPCL-640497,CPCL,HEXAGONAL BOLT M12X50 GALVANIZED,hexagonal bolt m12x50 galvanized,Fasteners,Bolt,IS 1363; M12 x 50 mm; Galvanized,Carbon Steel,M12,50 mm,20 mm,Galvanized,NOS,fastener,bolt,hex,carbon steel,Carbon Steel,M12,,50 mm,,,20 mm,,,,,IS 1363,IS 1363; M12 x 50 mm; Galvanized,galvanized,,,,,,Bharat Industrial Works,BHA-893-84,NOS,14,True,size: 'M12' vs 'M12X50',COATING_FROM_STRUCTURED_FIELD; DIAMETER_FROM_FIELD; FAMILY_FASTENER; GRADE_FROM_STRUCTURED_FIELD; LENGTH_FROM_FIELD; MANUFACTURER_FROM_FIELD; MATERIAL_CARBON_STEEL; PART_NO_FROM_FIELD; SIZE_FROM_STRUCTURED_FIELD; STANDARD_FROM_SPECIFICATION; SUBTYPE_HEX; TYPE_FROM_MATERIAL_TYPE; UNIT_FROM_FIELD,description; specification; structured_field
CPCL-821696,CPCL,SPIRAL WOUND GASKET 1 in Graphite/SS 316,spiral wound gasket 1 in graphite/stainless steel 316,Seals,Gasket,ASME B16.20; 1 in; Graphite/SS 316,Graphite/SS 316,1 in,,,SS,NOS,seal/gasket,gasket,,stainless steel,Graphite/SS 316,1 in,,,,,,,,,,ASME B16.20,ASME B16.20; 1 in; Graphite/SS 316,stainless steel,,,,,,ABC Industrial Products,ABC-840-33,NOS,11,True,material_grade: 'Graphite/SS 316' vs 'SS 316'; material_type: 'gasket' vs 'spiral wound gasket',COATING_FROM_STRUCTURED_FIELD; FAMILY_SEAL; GRADE_FROM_STRUCTURED_FIELD; MANUFACTURER_FROM_FIELD; MATERIAL_STAINLESS_STEEL; PART_NO_FROM_FIELD; SIZE_INCH; STANDARD_FROM_SPECIFICATION; TYPE_FROM_MATERIAL_TYPE; UNIT_FROM_FIELD,description; specification; structured_field
HPCL-340517,HPCL,CENTRIFUGAL PUMP 25 mm SS 316,centrifugal pump 25 mm stainless steel 316,Pumps,Centrifugal Pump,API 610; 25 mm; SS 316,SS 316,25 mm,,,Painted,NOS,pump,centrifugal pump,,stainless steel,SS 316,25 mm,,,,,,,,,,API 610,API 610; 25 mm; SS 316,painted,,,,,,Apex Industrial Systems,APE-204-75,NOS,11,False,,COATING_FROM_STRUCTURED_FIELD; FAMILY_PUMP; GRADE_SS316; MANUFACTURER_FROM_FIELD; MATERIAL_STAINLESS_STEEL; PART_NO_FROM_FIELD; SIZE_MM; STANDARD_FROM_SPECIFICATION; TYPE_CENTRIFUGAL_PUMP; UNIT_FROM_FIELD,description; specification; structured_field
IOCL-868395,IOCL,SPIRAL GASKET 3 in,spiral gasket 3 in,Seals,Gasket,ASME B16.20; 3 in; Graphite/SS 316,Graphite/SS 316,3 in,,,SS,NOS,seal/gasket,gasket,,,Graphite/SS 316,3 in,,,,,,,,,,ASME B16.20,ASME B16.20; 3 in; Graphite/SS 316,stainless steel,,,,,,Metro Pumps & Valves,MET-793-51,NOS,10,True,material_type: 'gasket' vs 'spiral wound gasket',COATING_FROM_STRUCTURED_FIELD; FAMILY_SEAL; GRADE_FROM_STRUCTURED_FIELD; MANUFACTURER_FROM_FIELD; PART_NO_FROM_FIELD; SIZE_INCH; STANDARD_FROM_SPECIFICATION; TYPE_FROM_MATERIAL_TYPE; UNIT_FROM_FIELD,description; specification; structured_field
CPCL-369910,CPCL,SEAMLESS STEEL PIPE 6 in ASTM A106 Gr.B,seamless steel pipe 6 in astm a106 gr.b,Pipes & Fittings,Pipe,API 5L; 6 in; ASTM A106 Gr.B,ASTM A106 Gr.B,6 in,3000 mm,,Black,MTR,pipe/fitting,pipe,,,ASTM A106 Gr.B,6 in,,3000 mm,,,,,,,,ASTM A106 Gr.B; API 5L,API 5L; 6 in; ASTM A106 Gr.B,black,,,seamless,,,Supreme Engineering,SUP-124-78,MTR,12,True,material_grade: 'ASTM A106 Gr.B' vs 'ASTM A106 GR.B'; material_grade: 'ASTM A106 Gr.B' vs 'A106',COATING_FROM_STRUCTURED_FIELD; CONSTRUCTION_SEAMLESS; FAMILY_PIPE; GRADE_FROM_STRUCTURED_FIELD; LENGTH_FROM_FIELD; MANUFACTURER_FROM_FIELD; PART_NO_FROM_FIELD; SIZE_INCH; STANDARD_FROM_SPECIFICATION; TYPE_FROM_MATERIAL_TYPE; UNIT_FROM_FIELD,description; specification; structured_field
CPCL-264239,CPCL,CARTRIDGE FUSE 32 A,cartridge fuse 32 a,Electrical,Fuse,IS 13703; 32 A,Ceramic,32 A,,,,MTR,electrical,fuse,,,Ceramic,32 A,,,,,,,,,,IS 13703,IS 13703; 32 A,,,,,,,Hindustan Mechanical,HIN-974-23,MTR,9,False,,FAMILY_ELECTRICAL; GRADE_FROM_STRUCTURED_FIELD; MANUFACTURER_FROM_FIELD; PART_NO_FROM_FIELD; SIZE_FROM_STRUCTURED_FIELD; STANDARD_FROM_SPECIFICATION; TYPE_FROM_MATERIAL_TYPE; UNIT_FROM_FIELD,description; specification; structured_field
ONGC-383029,ONGC,GLOBE VALVE FLANGED 3 in,globe valve flanged 3 in,Valves,Globe Valve,API 623; 3 in; ASTM A216 WCB,ASTM A216 WCB,3 in,,,Painted,NOS,valve,globe valve,,,ASTM A216 WCB,3 in,,,,,,,,,,ASTM A216 WCB; API 623,API 623; 3 in; ASTM A216 WCB,painted,flanged,,,,,ABC Industrial Products,ABC-646-15,NOS,11,False,,COATING_FROM_STRUCTURED_FIELD; CONNECTION_FLANGED; FAMILY_VALVE; GRADE_FROM_STRUCTURED_FIELD; MANUFACTURER_FROM_FIELD; PART_NO_FROM_FIELD; SIZE_INCH; STANDARD_FROM_SPECIFICATION; TYPE_GLOBE_VALVE; UNIT_FROM_FIELD,description; specification; structured_field
IOCL-652305,IOCL,PIPE 1 in ASTM A106 Gr.B,pipe 1 in astm a106 gr.b,Pipes & Fittings,Pipe,API 5L; 1 in; ASTM A106 Gr.B,ASTM A106 Gr.B,1 in,3000 mm,,Black,MTR,pipe/fitting,pipe,,,ASTM A106 Gr.B,1 in,,3000 mm,,,,,,,,ASTM A106 Gr.B; API 5L,API 5L; 1 in; ASTM A106 Gr.B,black,,,,,,Hindustan Mechanical,HIN-285-84,MTR,11,True,material_grade: 'ASTM A106 Gr.B' vs 'ASTM A106 GR.B'; material_grade: 'ASTM A106 Gr.B' vs 'A106',COATING_FROM_STRUCTURED_FIELD; FAMILY_PIPE; GRADE_FROM_STRUCTURED_FIELD; LENGTH_FROM_FIELD; MANUFACTURER_FROM_FIELD; PART_NO_FROM_FIELD; SIZE_INCH; STANDARD_FROM_SPECIFICATION; TYPE_FROM_MATERIAL_TYPE; UNIT_FROM_FIELD,description; specification; structured_field
HPCL-826663,HPCL,90 DEGREE ELBOW 2 in ASTM A234 WPB,90 degree elbow 2 in astm a234 wpb,Pipes & Fittings,Elbow,ASME B16.9; 2 in; ASTM A234 WPB,ASTM A234 WPB,2 in,,,Bare,MTR,pipe/fitting,elbow,,,ASTM A234 WPB,2 in,,,,,,,,,90°,ASTM A234; ASME B16.9,ASME B16.9; 2 in; ASTM A234 WPB,bare,,,,,,Supreme Engineering,SUP-179-12,MTR,11,True,material_grade: 'ASTM A234 WPB' vs 'ASTM A234'; material_grade: 'ASTM A234 WPB' vs 'WPB',COATING_FROM_STRUCTURED_FIELD; ELBOW_ANGLE; FAMILY_FITTING; GRADE_FROM_STRUCTURED_FIELD; MANUFACTURER_FROM_FIELD; PART_NO_FROM_FIELD; SIZE_INCH; STANDARD_FROM_SPECIFICATION; TYPE_FROM_MATERIAL_TYPE; UNIT_FROM_FIELD,description; specification; structured_field
IOCL-324250,IOCL,SEAMLESS STEEL PIPE 2 in API 5L,seamless steel pipe 2 in api 5l,Pipes & Fittings,Pipe,API 5L; 2 in; ASTM A106 Gr.B,ASTM A106 Gr.B,2 in,3000 mm,,Bare,MTR,pipe/fitting,pipe,,,ASTM A106 Gr.B,2 in,,3000 mm,,,,,,,,ASTM A106 Gr.B; API 5L,API 5L; 2 in; ASTM A106 Gr.B,bare,,,seamless,,,National Bearing Works,NAT-562-88,MTR,12,False,,COATING_FROM_STRUCTURED_FIELD; CONSTRUCTION_SEAMLESS; FAMILY_PIPE; GRADE_FROM_STRUCTURED_FIELD; LENGTH_FROM_FIELD; MANUFACTURER_FROM_FIELD; PART_NO_FROM_FIELD; SIZE_INCH; STANDARD_FROM_SPECIFICATION; TYPE_FROM_MATERIAL_TYPE; UNIT_FROM_FIELD,description; specification; structured_field
HPCL-566373,HPCL,ELBOW 4 in ASTM A234 WPB,elbow 4 in astm a234 wpb,Pipes & Fittings,Elbow,ASME B16.9; 4 in; ASTM A234 WPB,ASTM A234 WPB,4 in,,,Bare,MTR,pipe/fitting,elbow,,,ASTM A234 WPB,4 in,,,,,,,,,,ASTM A234; ASME B16.9,ASME B16.9; 4 in; ASTM A234 WPB,bare,,,,,,Hindustan Mechanical,HIN-734-68,MTR,10,True,material_grade: 'ASTM A234 WPB' vs 'ASTM A234'; material_grade: 'ASTM A234 WPB' vs 'WPB',COATING_FROM_STRUCTURED_FIELD; FAMILY_FITTING; GRADE_FROM_STRUCTURED_FIELD; MANUFACTURER_FROM_FIELD; PART_NO_FROM_FIELD; SIZE_INCH; STANDARD_FROM_SPECIFICATION; TYPE_FROM_MATERIAL_TYPE; UNIT_FROM_FIELD,description; specification; structured_field
CPCL-616780,CPCL,M16 X 50 MM HEX HEAD BOLT ZINC PLATED,m16 x 50 mm hexagonal head bolt zinc plated,Fasteners,Bolt,IS 1363; M16 x 50 mm; Zinc Plated,Carbon Steel,M16,50 mm,10 mm,Zinc Plated,NOS,fastener,bolt,,carbon steel,Carbon Steel,M16,,50 mm,,,10 mm,,,,,IS 1363,IS 1363; M16 x 50 mm; Zinc Plated,zinc plated,,,,,,Shree Valves & Fittings,SHR-998-18,NOS,13,False,,COATING_FROM_STRUCTURED_FIELD; DIAMETER_FROM_FIELD; FAMILY_FASTENER; GRADE_FROM_STRUCTURED_FIELD; LENGTH_FROM_FIELD; MANUFACTURER_FROM_FIELD; MATERIAL_CARBON_STEEL; PART_NO_FROM_FIELD; SIZE_METRIC_BOLT; STANDARD_FROM_SPECIFICATION; TYPE_FROM_MATERIAL_TYPE; UNIT_FROM_FIELD,description; specification; structured_field
ONGC-657481,ONGC,HRC FUSE 32 A,high rupturing capacity fuse 32 a,Electrical,Fuse,IS 13703; 32 A,Ceramic,32 A,,,,MTR,electrical,fuse,,,Ceramic,32 A,,,,,,,,,,IS 13703,IS 13703; 32 A,,,,,,,Eastern Cables,EAS-464-70,MTR,9,False,,FAMILY_ELECTRICAL; GRADE_FROM_STRUCTURED_FIELD; MANUFACTURER_FROM_FIELD; PART_NO_FROM_FIELD; SIZE_FROM_STRUCTURED_FIELD; STANDARD_FROM_SPECIFICATION; TYPE_FROM_MATERIAL_TYPE; UNIT_FROM_FIELD,description; specification; structured_field
IOCL-203171,IOCL,GLOBE VALVE 4 in API 623,globe valve 4 in api 623,Valves,Globe Valve,API 623; 4 in; ASTM A216 WCB,ASTM A216 WCB,4 in,,,Painted,NOS,valve,globe valve,,,ASTM A216 WCB,4 in,,,,,,,,,,ASTM A216 WCB; API 623,API 623; 4 in; ASTM A216 WCB,painted,,,,,,Metro Pumps & Valves,MET-988-70,NOS,10,False,,COATING_FROM_STRUCTURED_FIELD; FAMILY_VALVE; GRADE_FROM_STRUCTURED_FIELD; MANUFACTURER_FROM_FIELD; PART_NO_FROM_FIELD; SIZE_INCH; STANDARD_FROM_SPECIFICATION; TYPE_GLOBE_VALVE; UNIT_FROM_FIELD,description; specification; structured_field
HPCL-338004,HPCL,SEAMLESS STEEL PIPE 4 in ASTM A106 Gr.B,seamless steel pipe 4 in astm a106 gr.b,Pipes & Fittings,Pipe,API 5L; 4 in; ASTM A106 Gr.B,ASTM A106 Gr.B,4 in,6000 mm,,Bare,MTR,pipe/fitting,pipe,,,ASTM A106 Gr.B,4 in,,6000 mm,,,,,,,,ASTM A106 Gr.B; API 5L,API 5L; 4 in; ASTM A106 Gr.B,bare,,,seamless,,,Bharat Industrial Works,BHA-910-42,MTR,12,True,material_grade: 'ASTM A106 Gr.B' vs 'ASTM A106 GR.B'; material_grade: 'ASTM A106 Gr.B' vs 'A106',COATING_FROM_STRUCTURED_FIELD; CONSTRUCTION_SEAMLESS; FAMILY_PIPE; GRADE_FROM_STRUCTURED_FIELD; LENGTH_FROM_FIELD; MANUFACTURER_FROM_FIELD; PART_NO_FROM_FIELD; SIZE_INCH; STANDARD_FROM_SPECIFICATION; TYPE_FROM_MATERIAL_TYPE; UNIT_FROM_FIELD,description; specification; structured_field
ONGC-314897,ONGC,SEAMLESS STEEL PIPE 4 in API 5L,seamless steel pipe 4 in api 5l,Pipes & Fittings,Pipe,API 5L; 4 in; ASTM A106 Gr.B,ASTM A106 Gr.B,4 in,6000 mm,,Bare,MTR,pipe/fitting,pipe,,,ASTM A106 Gr.B,4 in,,6000 mm,,,,,,,,ASTM A106 Gr.B; API 5L,API 5L; 4 in; ASTM A106 Gr.B,bare,,,seamless,,,Metro Pumps & Valves,MET-440-16,MTR,12,False,,COATING_FROM_STRUCTURED_FIELD; CONSTRUCTION_SEAMLESS; FAMILY_PIPE; GRADE_FROM_STRUCTURED_FIELD; LENGTH_FROM_FIELD; MANUFACTURER_FROM_FIELD; PART_NO_FROM_FIELD; SIZE_INCH; STANDARD_FROM_SPECIFICATION; TYPE_FROM_MATERIAL_TYPE; UNIT_FROM_FIELD,description; specification; structured_field
ONGC-609877,ONGC,GLOBE VALVE FLANGED 3 in ASTM A216 WCB,globe valve flanged 3 in astm a216 wcb,Valves,Globe Valve,API 623; 3 in; ASTM A216 WCB,ASTM A216 WCB,3 in,,,Painted,NOS,valve,globe valve,,,ASTM A216 WCB,3 in,,,,,,,,,,ASTM A216 WCB; API 623,API 623; 3 in; ASTM A216 WCB,painted,flanged,,,,,Prime Electricals,PRI-675-93,NOS,11,True,material_grade: 'ASTM A216 WCB' vs 'WCB',COATING_FROM_STRUCTURED_FIELD; CONNECTION_FLANGED; FAMILY_VALVE; GRADE_A105; MANUFACTURER_FROM_FIELD; PART_NO_FROM_FIELD; SIZE_INCH; STANDARD_FROM_SPECIFICATION; TYPE_GLOBE_VALVE; UNIT_FROM_FIELD,description; specification; structured_field
IOCL-312060,IOCL,FLOATING BALL VALVE 1 in SS 316,floating ball valve 1 in stainless steel 316,Valves,Ball Valve,API 608; 1 in; SS 316,SS 316,1 in,,,SS,NOS,valve,ball valve,,stainless steel,SS 316,1 in,,,,,,,,,,API 608,API 608; 1 in; SS 316,stainless steel,,,floating,,,Eastern Cables,EAS-159-26,NOS,12,False,,COATING_FROM_STRUCTURED_FIELD; CONSTRUCTION_FLOATING; FAMILY_VALVE; GRADE_SS316; MANUFACTURER_FROM_FIELD; MATERIAL_STAINLESS_STEEL; PART_NO_FROM_FIELD; SIZE_INCH; STANDARD_FROM_SPECIFICATION; TYPE_BALL_VALVE; UNIT_FROM_FIELD,description; specification; structured_field
IOCL-965871,IOCL,HEX NUT M12 ZINC PLATED,hexagonal nut m12 zinc plated,Fasteners,Nut,IS 1364; M12; Zinc Plated,Carbon Steel,M12,,,Zinc Plated,NOS,fastener,nut,hex,carbon steel,Carbon Steel,M12,,,,,,,,,,IS 1364,IS 1364; M12; Zinc Plated,zinc plated,,,,,,Precision Fasteners,PRE-480-50,NOS,12,False,,COATING_FROM_STRUCTURED_FIELD; FAMILY_FASTENER; GRADE_FROM_STRUCTURED_FIELD; MANUFACTURER_FROM_FIELD; MATERIAL_CARBON_STEEL; PART_NO_FROM_FIELD; SIZE_METRIC_BOLT; STANDARD_FROM_SPECIFICATION; SUBTYPE_HEX; TYPE_FROM_MATERIAL_TYPE; UNIT_FROM_FIELD,description; specification; structured_field
ONGC-815612,ONGC,GLOBE VALVE FLANGED 1 in,globe valve flanged 1 in,Valves,Globe Valve,API 623; 1 in; ASTM A216 WCB,ASTM A216 WCB,1 in,,,Painted,NOS,valve,globe valve,,,ASTM A216 WCB,1 in,,,,,,,,,,ASTM A216 WCB; API 623,API 623; 1 in; ASTM A216 WCB,painted,flanged,,,,,ABC Industrial Products,ABC-666-13,NOS,11,False,,COATING_FROM_STRUCTURED_FIELD; CONNECTION_FLANGED; FAMILY_VALVE; GRADE_FROM_STRUCTURED_FIELD; MANUFACTURER_FROM_FIELD; PART_NO_FROM_FIELD; SIZE_INCH; STANDARD_FROM_SPECIFICATION; TYPE_GLOBE_VALVE; UNIT_FROM_FIELD,description; specification; structured_field
ONGC-694996,ONGC,BALL VALVE 1/2 in API 608,ball valve 1/2 in api 608,Valves,Ball Valve,API 608; 1/2 in; SS 316,SS 316,1/2 in,,,SS,NOS,valve,ball valve,,stainless steel,SS 316,1/2 in,,,,,,,,,,API 608,API 608; 1/2 in; SS 316,stainless steel,,,,,,National Bearing Works,NAT-735-39,NOS,11,False,,COATING_FROM_STRUCTURED_FIELD; FAMILY_VALVE; GRADE_FROM_STRUCTURED_FIELD; MANUFACTURER_FROM_FIELD; MATERIAL_STAINLESS_STEEL; PART_NO_FROM_FIELD; SIZE_FRACTION_INCH; STANDARD_FROM_SPECIFICATION; TYPE_BALL_VALVE; UNIT_FROM_FIELD,description; specification; structured_field
ONGC-165957,ONGC,FLOATING BALL VALVE 3 in,floating ball valve 3 in,Valves,Ball Valve,API 608; 3 in; SS 316,SS 316,3 in,,,SS,NOS,valve,ball valve,,stainless steel,SS 316,3 in,,,,,,,,,,API 608,API 608; 3 in; SS 316,stainless steel,,,floating,,,Apex Industrial Systems,APE-949-95,NOS,12,False,,COATING_FROM_STRUCTURED_FIELD; CONSTRUCTION_FLOATING; FAMILY_VALVE; GRADE_FROM_STRUCTURED_FIELD; MANUFACTURER_FROM_FIELD; MATERIAL_STAINLESS_STEEL; PART_NO_FROM_FIELD; SIZE_INCH; STANDARD_FROM_SPECIFICATION; TYPE_BALL_VALVE; UNIT_FROM_FIELD,description; specification; structured_field
HPCL-881319,HPCL,PT100 RTD 4-wire 300,pt100 rtd 4-wire 300,Instrumentation,Temperature Sensor,IEC 60751; 4-wire; 300 mm,Pt100,4-wire,300 mm,6 mm,SS,NOS,instrumentation,temperature sensor,,,Pt100,4-wire,,300 mm,,,6 mm,,,,,IEC 60751,IEC 60751; 4-wire; 300 mm,stainless steel,,,,,,Hindustan Mechanical,HIN-616-84,NOS,12,False,,COATING_FROM_STRUCTURED_FIELD; DIAMETER_FROM_FIELD; FAMILY_INSTRUMENTATION; GRADE_FROM_STRUCTURED_FIELD; LENGTH_FROM_FIELD; MANUFACTURER_FROM_FIELD; PART_NO_FROM_FIELD; SIZE_FROM_STRUCTURED_FIELD; STANDARD_FROM_SPECIFICATION; TYPE_FROM_MATERIAL_TYPE; UNIT_FROM_FIELD,specification; structured_field
HPCL-524164,HPCL,90 DEGREE ELBOW 3 in ASME B16.9,90 degree elbow 3 in asme b16.9,Pipes & Fittings,Elbow,ASME B16.9; 3 in; ASTM A234 WPB,ASTM A234 WPB,3 in,,,Bare,MTR,pipe/fitting,elbow,,,ASTM A234 WPB,3 in,,,,,,,,,90°,ASTM A234; ASME B16.9,ASME B16.9; 3 in; ASTM A234 WPB,bare,,,,,,Prime Electricals,PRI-577-22,MTR,11,False,,COATING_FROM_STRUCTURED_FIELD; ELBOW_ANGLE; FAMILY_FITTING; GRADE_FROM_STRUCTURED_FIELD; MANUFACTURER_FROM_FIELD; PART_NO_FROM_FIELD; SIZE_INCH; STANDARD_FROM_SPECIFICATION; TYPE_FROM_MATERIAL_TYPE; UNIT_FROM_FIELD,description; specification; structured_field
CPCL-496821,CPCL,HYD HOSE 1 in 1000 MM,hyd hose 1 in 1000 mm,Hoses,Hydraulic Hose,SAE 100 R2; 1 in; 1000 mm,Synthetic Rubber,1 in,1000 mm,,Rubber,MTR,hose,hydraulic hose,,synthetic rubber,Synthetic Rubber,1 in,,1000 mm,,,,,,,,SAE 100 R2,SAE 100 R2; 1 in; 1000 mm,rubber,,,,,,National Bearing Works,NAT-122-17,MTR,12,False,,COATING_FROM_STRUCTURED_FIELD; FAMILY_HOSE; GRADE_FROM_STRUCTURED_FIELD; LENGTH_FROM_FIELD; MANUFACTURER_FROM_FIELD; MATERIAL_SYNTHETIC_RUBBER; PART_NO_FROM_FIELD; SIZE_INCH; STANDARD_FROM_SPECIFICATION; TYPE_FROM_MATERIAL_TYPE; UNIT_FROM_FIELD,description; specification; structured_field
HPCL-820826,HPCL,GLOBE VALVE FLANGED 3 in ASTM A216 WCB,globe valve flanged 3 in astm a216 wcb,Valves,Globe Valve,API 623; 3 in; ASTM A216 WCB,ASTM A216 WCB,3 in,,,Painted,NOS,valve,globe valve,,,ASTM A216 WCB,3 in,,,,,,,,,,ASTM A216 WCB; API 623,API 623; 3 in; ASTM A216 WCB,painted,flanged,,,,,Apex Industrial Systems,APE-510-51,NOS,11,True,material_grade: 'ASTM A216 WCB' vs 'WCB',COATING_FROM_STRUCTURED_FIELD; CONNECTION_FLANGED; FAMILY_VALVE; GRADE_A105; MANUFACTURER_FROM_FIELD; PART_NO_FROM_FIELD; SIZE_INCH; STANDARD_FROM_SPECIFICATION; TYPE_GLOBE_VALVE; UNIT_FROM_FIELD,description; specification; structured_field
ONGC-297081,ONGC,XLPE CABLE 25 sq mm,xlpe cable 25 sq mm,Electrical,Cable,IS 7098; 25 sq mm; 500 m,XLPE Aluminium,25 sq mm,500 mm,,PVC,MTR,electrical,cable,,xlpe,XLPE Aluminium,25 sq mm,,500 mm,,,,,,,,IS 7098,IS 7098; 25 sq mm; 500 m,pvc,,,,,,Supreme Engineering,SUP-879-99,MTR,12,False,,COATING_FROM_STRUCTURED_FIELD; FAMILY_ELECTRICAL; GRADE_FROM_STRUCTURED_FIELD; LENGTH_FROM_FIELD; MANUFACTURER_FROM_FIELD; MATERIAL_XLPE; PART_NO_FROM_FIELD; SIZE_SQMM_CABLE; STANDARD_FROM_SPECIFICATION; TYPE_FROM_MATERIAL_TYPE; UNIT_FROM_FIELD,description; specification; structured_field
CPCL-852835,CPCL,RTD PT100 3-wire 150 MM,rtd pt100 3-wire 150 mm,Instrumentation,Temperature Sensor,IEC 60751; 3-wire; 150 mm,Pt100,3-wire,150 mm,6 mm,SS,NOS,instrumentation,temperature sensor,,,Pt100,3-wire,,150 mm,,,6 mm,,,,,IEC 60751,IEC 60751; 3-wire; 150 mm,stainless steel,,,,,,Eastern Cables,EAS-809-77,NOS,12,True,size: '3-wire' vs '150 mm',COATING_FROM_STRUCTURED_FIELD; DIAMETER_FROM_FIELD; FAMILY_INSTRUMENTATION; GRADE_FROM_STRUCTURED_FIELD; LENGTH_FROM_FIELD; MANUFACTURER_FROM_FIELD; PART_NO_FROM_FIELD; SIZE_FROM_STRUCTURED_FIELD; STANDARD_FROM_SPECIFICATION; TYPE_FROM_MATERIAL_TYPE; UNIT_FROM_FIELD,specification; structured_field
ONGC-449249,ONGC,25 sq mm SQ MM POWER CABLE,25 sq mm sq mm power cable,Electrical,Cable,IS 7098; 25 sq mm; 500 m,XLPE Aluminium,25 sq mm,500 mm,,PVC,MTR,electrical,cable,,xlpe,XLPE Aluminium,25 sq mm,,500 mm,,,,,,,,IS 7098,IS 7098; 25 sq mm; 500 m,pvc,,,,,,Larsen Engineering,LAR-869-51,MTR,12,False,,COATING_FROM_STRUCTURED_FIELD; FAMILY_ELECTRICAL; GRADE_FROM_STRUCTURED_FIELD; LENGTH_FROM_FIELD; MANUFACTURER_FROM_FIELD; MATERIAL_XLPE; PART_NO_FROM_FIELD; SIZE_SQMM_CABLE; STANDARD_FROM_SPECIFICATION; TYPE_FROM_MATERIAL_TYPE; UNIT_FROM_FIELD,description; specification; structured_field
ONGC-133857,ONGC,PRESSURE RELIEF VALVE 2 in SS 316,pressure relief valve 2 in stainless steel 316,Safety,Safety Valve,API 526; 2 in; SS 316,SS 316,2 in,,,SS,NOS,safety,safety valve,,stainless steel,SS 316,2 in,,,,,,,,,,API 526,API 526; 2 in; SS 316,stainless steel,,,,,,Larsen Engineering,LAR-816-90,NOS,11,False,,COATING_FROM_STRUCTURED_FIELD; FAMILY_SAFETY; GRADE_SS316; MANUFACTURER_FROM_FIELD; MATERIAL_STAINLESS_STEEL; PART_NO_FROM_FIELD; SIZE_INCH; STANDARD_FROM_SPECIFICATION; TYPE_SAFETY_VALVE; UNIT_FROM_FIELD,description; specification; structured_field
ONGC-136270,ONGC,XLPE CABLE 10 sq mm,xlpe cable 10 sq mm,Electrical,Cable,IS 7098; 10 sq mm; 100 m,XLPE Copper,10 sq mm,100 mm,,PVC,MTR,electrical,cable,,xlpe,XLPE Copper,10 sq mm,,100 mm,,,,,,,,IS 7098,IS 7098; 10 sq mm; 100 m,pvc,,,,,,ABC Industrial Products,ABC-794-30,MTR,12,False,,COATING_FROM_STRUCTURED_FIELD; FAMILY_ELECTRICAL; GRADE_FROM_STRUCTURED_FIELD; LENGTH_FROM_FIELD; MANUFACTURER_FROM_FIELD; MATERIAL_XLPE; PART_NO_FROM_FIELD; SIZE_SQMM_CABLE; STANDARD_FROM_SPECIFICATION; TYPE_FROM_MATERIAL_TYPE; UNIT_FROM_FIELD,description; specification; structured_field
ONGC-810750,ONGC,CARTRIDGE FUSE 16 A,cartridge fuse 16 a,Electrical,Fuse,IS 13703; 16 A,Ceramic,16 A,,,,MTR,electrical,fuse,,,Ceramic,16 A,,,,,,,,,,IS 13703,IS 13703; 16 A,,,,,,,National Bearing Works,NAT-418-41,MTR,9,False,,FAMILY_ELECTRICAL; GRADE_FROM_STRUCTURED_FIELD; MANUFACTURER_FROM_FIELD; PART_NO_FROM_FIELD; SIZE_FROM_STRUCTURED_FIELD; STANDARD_FROM_SPECIFICATION; TYPE_FROM_MATERIAL_TYPE; UNIT_FROM_FIELD,description; specification; structured_field
HPCL-806167,HPCL,SPIRAL GASKET 3 in,spiral gasket 3 in,Seals,Gasket,ASME B16.20; 3 in; Graphite/SS 316,Graphite/SS 316,3 in,,,SS,NOS,seal/gasket,gasket,,,Graphite/SS 316,3 in,,,,,,,,,,ASME B16.20,ASME B16.20; 3 in; Graphite/SS 316,stainless steel,,,,,,Eastern Cables,EAS-402-93,NOS,10,True,material_type: 'gasket' vs 'spiral wound gasket',COATING_FROM_STRUCTURED_FIELD; FAMILY_SEAL; GRADE_FROM_STRUCTURED_FIELD; MANUFACTURER_FROM_FIELD; PART_NO_FROM_FIELD; SIZE_INCH; STANDARD_FROM_SPECIFICATION; TYPE_FROM_MATERIAL_TYPE; UNIT_FROM_FIELD,description; specification; structured_field
ONGC-753712,ONGC,RTD SENSOR 3-wire,rtd sensor 3-wire,Instrumentation,Temperature Sensor,IEC 60751; 3-wire; 300 mm,Pt100,3-wire,300 mm,10 mm,SS,NOS,instrumentation,temperature sensor,,,Pt100,3-wire,,300 mm,,,10 mm,,,,,IEC 60751,IEC 60751; 3-wire; 300 mm,stainless steel,,,,,,Hindustan Mechanical,HIN-683-33,NOS,12,False,,COATING_FROM_STRUCTURED_FIELD; DIAMETER_FROM_FIELD; FAMILY_INSTRUMENTATION; GRADE_FROM_STRUCTURED_FIELD; LENGTH_FROM_FIELD; MANUFACTURER_FROM_FIELD; PART_NO_FROM_FIELD; SIZE_FROM_STRUCTURED_FIELD; STANDARD_FROM_SPECIFICATION; TYPE_FROM_MATERIAL_TYPE; UNIT_FROM_FIELD,specification; structured_field
HPCL-159063,HPCL,GLOBE VALVE 1 in API 623,globe valve 1 in api 623,Valves,Globe Valve,API 623; 1 in; ASTM A216 WCB,ASTM A216 WCB,1 in,,,Painted,NOS,valve,globe valve,,,ASTM A216 WCB,1 in,,,,,,,,,,ASTM A216 WCB; API 623,API 623; 1 in; ASTM A216 WCB,painted,,,,,,ABC Industrial Products,ABC-555-20,NOS,10,False,,COATING_FROM_STRUCTURED_FIELD; FAMILY_VALVE; GRADE_FROM_STRUCTURED_FIELD; MANUFACTURER_FROM_FIELD; PART_NO_FROM_FIELD; SIZE_INCH; STANDARD_FROM_SPECIFICATION; TYPE_GLOBE_VALVE; UNIT_FROM_FIELD,description; specification; structured_field
IOCL-950831,IOCL,16 sq mm SQ MM POWER CABLE,16 sq mm sq mm power cable,Electrical,Cable,IS 7098; 16 sq mm; 500 m,XLPE Copper,16 sq mm,500 mm,,PVC,MTR,electrical,cable,,xlpe,XLPE Copper,16 sq mm,,500 mm,,,,,,,,IS 7098,IS 7098; 16 sq mm; 500 m,pvc,,,,,,Precision Fasteners,PRE-224-94,MTR,12,False,,COATING_FROM_STRUCTURED_FIELD; FAMILY_ELECTRICAL; GRADE_FROM_STRUCTURED_FIELD; LENGTH_FROM_FIELD; MANUFACTURER_FROM_FIELD; MATERIAL_XLPE; PART_NO_FROM_FIELD; SIZE_SQMM_CABLE; STANDARD_FROM_SPECIFICATION; TYPE_FROM_MATERIAL_TYPE; UNIT_FROM_FIELD,description; specification; structured_field
IOCL-870743,IOCL,BALL VALVE 3 in API 608,ball valve 3 in api 608,Valves,Ball Valve,API 608; 3 in; SS 316,SS 316,3 in,,,SS,NOS,valve,ball valve,,stainless steel,SS 316,3 in,,,,,,,,,,API 608,API 608; 3 in; SS 316,stainless steel,,,,,,ABC Industrial Products,ABC-606-42,NOS,11,False,,COATING_FROM_STRUCTURED_FIELD; FAMILY_VALVE; GRADE_FROM_STRUCTURED_FIELD; MANUFACTURER_FROM_FIELD; MATERIAL_STAINLESS_STEEL; PART_NO_FROM_FIELD; SIZE_INCH; STANDARD_FROM_SPECIFICATION; TYPE_BALL_VALVE; UNIT_FROM_FIELD,description; specification; structured_field
IOCL-792405,IOCL,SEAMLESS STEEL PIPE 6 in API 5L,seamless steel pipe 6 in api 5l,Pipes & Fittings,Pipe,API 5L; 6 in; ASTM A106 Gr.B,ASTM A106 Gr.B,6 in,6000 mm,,Bare,MTR,pipe/fitting,pipe,,,ASTM A106 Gr.B,6 in,,6000 mm,,,,,,,,ASTM A106 Gr.B; API 5L,API 5L; 6 in; ASTM A106 Gr.B,bare,,,seamless,,,Prime Electricals,PRI-912-16,MTR,12,False,,COATING_FROM_STRUCTURED_FIELD; CONSTRUCTION_SEAMLESS; FAMILY_PIPE; GRADE_FROM_STRUCTURED_FIELD; LENGTH_FROM_FIELD; MANUFACTURER_FROM_FIELD; PART_NO_FROM_FIELD; SIZE_INCH; STANDARD_FROM_SPECIFICATION; TYPE_FROM_MATERIAL_TYPE; UNIT_FROM_FIELD,description; specification; structured_field
CPCL-461954,CPCL,SEAMLESS STEEL PIPE 6 in API 5L,seamless steel pipe 6 in api 5l,Pipes & Fittings,Pipe,API 5L; 6 in; ASTM A106 Gr.B,ASTM A106 Gr.B,6 in,6000 mm,,Bare,MTR,pipe/fitting,pipe,,,ASTM A106 Gr.B,6 in,,6000 mm,,,,,,,,ASTM A106 Gr.B; API 5L,API 5L; 6 in; ASTM A106 Gr.B,bare,,,seamless,,,National Bearing Works,NAT-331-12,MTR,12,False,,COATING_FROM_STRUCTURED_FIELD; CONSTRUCTION_SEAMLESS; FAMILY_PIPE; GRADE_FROM_STRUCTURED_FIELD; LENGTH_FROM_FIELD; MANUFACTURER_FROM_FIELD; PART_NO_FROM_FIELD; SIZE_INCH; STANDARD_FROM_SPECIFICATION; TYPE_FROM_MATERIAL_TYPE; UNIT_FROM_FIELD,description; specification; structured_field
HPCL-709538,HPCL,MATERIAL: HEX BOLT M8 X 100 MM,material: hexagonal bolt m8 x 100 mm,Fasteners,Bolt,IS 1363; M8 x 100 mm; Zinc Plated,Carbon Steel,M8,100 mm,10 mm,Zinc Plated,NOS,fastener,bolt,hex,carbon steel,Carbon Steel,M8,,100 mm,,,10 mm,,,,,IS 1363,IS 1363; M8 x 100 mm; Zinc Plated,zinc plated,,,,,,Shree Valves & Fittings,SHR-508-71,NOS,14,False,,COATING_FROM_STRUCTURED_FIELD; DIAMETER_FROM_FIELD; FAMILY_FASTENER; GRADE_FROM_STRUCTURED_FIELD; LENGTH_FROM_FIELD; MANUFACTURER_FROM_FIELD; MATERIAL_CARBON_STEEL; PART_NO_FROM_FIELD; SIZE_METRIC_BOLT; STANDARD_FROM_SPECIFICATION; SUBTYPE_HEX; TYPE_FROM_MATERIAL_TYPE; UNIT_FROM_FIELD,description; specification; structured_field
ONGC-546191,ONGC,POWER CABLE 50 sq mm XLPE Aluminium,power cable 50 sq mm xlpe aluminium,Electrical,Cable,IS 7098; 50 sq mm; 1000 m,XLPE Aluminium,50 sq mm,1000 mm,,PVC,MTR,electrical,cable,,xlpe,XLPE Aluminium,50 sq mm,,1000 mm,,,,,,,,IS 7098,IS 7098; 50 sq mm; 1000 m,pvc,,,,,,Apex Industrial Systems,APE-692-90,MTR,12,False,,COATING_FROM_STRUCTURED_FIELD; FAMILY_ELECTRICAL; GRADE_FROM_STRUCTURED_FIELD; LENGTH_FROM_FIELD; MANUFACTURER_FROM_FIELD; MATERIAL_XLPE; PART_NO_FROM_FIELD; SIZE_SQMM_CABLE; STANDARD_FROM_SPECIFICATION; TYPE_FROM_MATERIAL_TYPE; UNIT_FROM_FIELD,description; specification; structured_field
CPCL-920014,CPCL,WELD NECK FLANGE 2 in ASME B16.5,weld neck flange 2 in asme b16.5,Pipes & Fittings,Flange,ASME B16.5; 2 in; ASTM A105,ASTM A105,2 in,,,Bare,MTR,flange,weld neck flange,,,ASTM A105,2 in,,,,,,,,,,ASTM A105; ASME B16.5,ASME B16.5; 2 in; ASTM A105,bare,weld neck,,,,,Prime Electricals,PRI-422-32,MTR,11,False,,COATING_FROM_STRUCTURED_FIELD; CONNECTION_WELD_NECK; FAMILY_FLANGE; GRADE_FROM_STRUCTURED_FIELD; MANUFACTURER_FROM_FIELD; PART_NO_FROM_FIELD; SIZE_INCH; STANDARD_FROM_SPECIFICATION; TYPE_WELDNECK_FLANGE; UNIT_FROM_FIELD,description; specification; structured_field
HPCL-690135,HPCL,HRC FUSE 2 A,high rupturing capacity fuse 2 a,Electrical,Fuse,IS 13703; 2 A,Ceramic,2 A,,,,MTR,electrical,fuse,,,Ceramic,2 A,,,,,,,,,,IS 13703,IS 13703; 2 A,,,,,,,Eastern Cables,EAS-442-12,MTR,9,False,,FAMILY_ELECTRICAL; GRADE_FROM_STRUCTURED_FIELD; MANUFACTURER_FROM_FIELD; PART_NO_FROM_FIELD; SIZE_FROM_STRUCTURED_FIELD; STANDARD_FROM_SPECIFICATION; TYPE_FROM_MATERIAL_TYPE; UNIT_FROM_FIELD,description; specification; structured_field
HPCL-244278,HPCL,90 DEGREE ELBOW 1 in ASME B16.9,90 degree elbow 1 in asme b16.9,Pipes & Fittings,Elbow,ASME B16.9; 1 in; ASTM A234 WPB,ASTM A234 WPB,1 in,,,Bare,MTR,pipe/fitting,elbow,,,ASTM A234 WPB,1 in,,,,,,,,,90°,ASTM A234; ASME B16.9,ASME B16.9; 1 in; ASTM A234 WPB,bare,,,,,,Bharat Industrial Works,BHA-846-24,MTR,11,False,,COATING_FROM_STRUCTURED_FIELD; ELBOW_ANGLE; FAMILY_FITTING; GRADE_FROM_STRUCTURED_FIELD; MANUFACTURER_FROM_FIELD; PART_NO_FROM_FIELD; SIZE_INCH; STANDARD_FROM_SPECIFICATION; TYPE_FROM_MATERIAL_TYPE; UNIT_FROM_FIELD,description; specification; structured_field
ONGC-347298,ONGC,CENTRIFUGAL PUMP 100 mm SS 316,centrifugal pump 100 mm stainless steel 316,Pumps,Centrifugal Pump,API 610; 100 mm; SS 316,SS 316,100 mm,,,Painted,NOS,pump,centrifugal pump,,stainless steel,SS 316,100 mm,,,,,,,,,,API 610,API 610; 100 mm; SS 316,painted,,,,,,Precision Fasteners,PRE-428-43,NOS,11,False,,COATING_FROM_STRUCTURED_FIELD; FAMILY_PUMP; GRADE_SS316; MANUFACTURER_FROM_FIELD; MATERIAL_STAINLESS_STEEL; PART_NO_FROM_FIELD; SIZE_MM; STANDARD_FROM_SPECIFICATION; TYPE_CENTRIFUGAL_PUMP; UNIT_FROM_FIELD,description; specification; structured_field
CPCL-866365,CPCL,HRC CARTRIDGE 63 A,high rupturing capacity cartridge 63 a,Electrical,Fuse,IS 13703; 63 A,Ceramic,63 A,,,,MTR,electrical,fuse,,,Ceramic,63 A,,,,,,,,,,IS 13703,IS 13703; 63 A,,,,,,,Hindustan Mechanical,HIN-485-19,MTR,9,False,,FAMILY_ELECTRICAL; GRADE_FROM_STRUCTURED_FIELD; MANUFACTURER_FROM_FIELD; PART_NO_FROM_FIELD; SIZE_FROM_STRUCTURED_FIELD; STANDARD_FROM_SPECIFICATION; TYPE_FROM_MATERIAL_TYPE; UNIT_FROM_FIELD,description; specification; structured_field
IOCL-559333,IOCL,GALV HEX BOLT M8 X 40 MM,galvanized hexagonal bolt m8 x 40 mm,Fasteners,Bolt,IS 1363; M8 x 40 mm; Zinc Plated,Carbon Steel,M8,40 mm,8 mm,Zinc Plated,NOS,fastener,bolt,hex,carbon steel,Carbon Steel,M8,,40 mm,,,8 mm,,,,,IS 1363,IS 1363; M8 x 40 mm; Zinc Plated,zinc plated,,,,,,Hindustan Mechanical,HIN-256-67,NOS,14,False,,COATING_FROM_STRUCTURED_FIELD; DIAMETER_FROM_FIELD; FAMILY_FASTENER; GRADE_FROM_STRUCTURED_FIELD; LENGTH_FROM_FIELD; MANUFACTURER_FROM_FIELD; MATERIAL_CARBON_STEEL; PART_NO_FROM_FIELD; SIZE_METRIC_BOLT; STANDARD_FROM_SPECIFICATION; SUBTYPE_HEX; TYPE_FROM_MATERIAL_TYPE; UNIT_FROM_FIELD,description; specification; structured_field
HPCL-458877,HPCL,POWER CABLE 4 sq mm XLPE Copper,power cable 4 sq mm xlpe copper,Electrical,Cable,IS 7098; 4 sq mm; 500 m,XLPE Copper,4 sq mm,500 mm,,PVC,MTR,electrical,cable,,xlpe,XLPE Copper,4 sq mm,,500 mm,,,,,,,,IS 7098,IS 7098; 4 sq mm; 500 m,pvc,,,,,,ABC Industrial Products,ABC-220-14,MTR,12,False,,COATING_FROM_STRUCTURED_FIELD; FAMILY_ELECTRICAL; GRADE_FROM_STRUCTURED_FIELD; LENGTH_FROM_FIELD; MANUFACTURER_FROM_FIELD; MATERIAL_XLPE; PART_NO_FROM_FIELD; SIZE_SQMM_CABLE; STANDARD_FROM_SPECIFICATION; TYPE_FROM_MATERIAL_TYPE; UNIT_FROM_FIELD,description; specification; structured_field
IOCL-581178,IOCL,ELBOW 3 in ASTM A234 WPB,elbow 3 in astm a234 wpb,Pipes & Fittings,Elbow,ASME B16.9; 3 in; ASTM A234 WPB,ASTM A234 WPB,3 in,,,Bare,MTR,pipe/fitting,elbow,,,ASTM A234 WPB,3 in,,,,,,,,,,ASTM A234; ASME B16.9,ASME B16.9; 3 in; ASTM A234 WPB,bare,,,,,,Apex Industrial Systems,APE-932-65,MTR,10,True,material_grade: 'ASTM A234 WPB' vs 'ASTM A234'; material_grade: 'ASTM A234 WPB' vs 'WPB',COATING_FROM_STRUCTURED_FIELD; FAMILY_FITTING; GRADE_FROM_STRUCTURED_FIELD; MANUFACTURER_FROM_FIELD; PART_NO_FROM_FIELD; SIZE_INCH; STANDARD_FROM_SPECIFICATION; TYPE_FROM_MATERIAL_TYPE; UNIT_FROM_FIELD,description; specification; structured_field
ONGC-900647,ONGC,35 sq mm SQ MM POWER CABLE,35 sq mm sq mm power cable,Electrical,Cable,IS 7098; 35 sq mm; 500 m,XLPE Aluminium,35 sq mm,500 mm,,PVC,MTR,electrical,cable,,xlpe,XLPE Aluminium,35 sq mm,,500 mm,,,,,,,,IS 7098,IS 7098; 35 sq mm; 500 m,pvc,,,,,,Supreme Engineering,SUP-649-60,MTR,12,False,,COATING_FROM_STRUCTURED_FIELD; FAMILY_ELECTRICAL; GRADE_FROM_STRUCTURED_FIELD; LENGTH_FROM_FIELD; MANUFACTURER_FROM_FIELD; MATERIAL_XLPE; PART_NO_FROM_FIELD; SIZE_SQMM_CABLE; STANDARD_FROM_SPECIFICATION; TYPE_FROM_MATERIAL_TYPE; UNIT_FROM_FIELD,description; specification; structured_field
CPCL-290672,CPCL,PIPE 1/2 in ASTM A106 Gr.B,pipe 1/2 in astm a106 gr.b,Pipes & Fittings,Pipe,API 5L; 1/2 in; ASTM A106 Gr.B,ASTM A106 Gr.B,1/2 in,6000 mm,,Black,MTR,pipe/fitting,pipe,,,ASTM A106 Gr.B,1/2 in,,6000 mm,,,,,,,,ASTM A106 Gr.B; API 5L,API 5L; 1/2 in; ASTM A106 Gr.B,black,,,,,,ABC Industrial Products,ABC-558-84,MTR,11,True,material_grade: 'ASTM A106 Gr.B' vs 'ASTM A106 GR.B'; material_grade: 'ASTM A106 Gr.B' vs 'A106',COATING_FROM_STRUCTURED_FIELD; FAMILY_PIPE; GRADE_FROM_STRUCTURED_FIELD; LENGTH_FROM_FIELD; MANUFACTURER_FROM_FIELD; PART_NO_FROM_FIELD; SIZE_FRACTION_INCH; STANDARD_FROM_SPECIFICATION; TYPE_FROM_MATERIAL_TYPE; UNIT_FROM_FIELD,description; specification; structured_field
IOCL-974599,IOCL,HORIZONTAL CENTRIFUGAL PUMP 50 mm,horizontal centrifugal pump 50 mm,Pumps,Centrifugal Pump,API 610; 50 mm; SS 316,SS 316,50 mm,,,Painted,NOS,pump,centrifugal pump,,stainless steel,SS 316,50 mm,,,,,,,,,,API 610,API 610; 50 mm; SS 316,painted,,,,horizontal,,Eastern Cables,EAS-958-39,NOS,12,False,,COATING_FROM_STRUCTURED_FIELD; FAMILY_PUMP; GRADE_FROM_STRUCTURED_FIELD; MANUFACTURER_FROM_FIELD; MATERIAL_STAINLESS_STEEL; ORIENTATION_HORIZONTAL; PART_NO_FROM_FIELD; SIZE_MM; STANDARD_FROM_SPECIFICATION; TYPE_CENTRIFUGAL_PUMP; UNIT_FROM_FIELD,description; specification; structured_field
ONGC-791372,ONGC,CARTRIDGE FUSE 63 A,cartridge fuse 63 a,Electrical,Fuse,IS 13703; 63 A,Ceramic,63 A,,,,MTR,electrical,fuse,,,Ceramic,63 A,,,,,,,,,,IS 13703,IS 13703; 63 A,,,,,,,Metro Pumps & Valves,MET-908-73,MTR,9,False,,FAMILY_ELECTRICAL; GRADE_FROM_STRUCTURED_FIELD; MANUFACTURER_FROM_FIELD; PART_NO_FROM_FIELD; SIZE_FROM_STRUCTURED_FIELD; STANDARD_FROM_SPECIFICATION; TYPE_FROM_MATERIAL_TYPE; UNIT_FROM_FIELD,description; specification; structured_field
CPCL-810858,CPCL,HRC FUSE 16 A,high rupturing capacity fuse 16 a,Electrical,Fuse,IS 13703; 16 A,Ceramic,16 A,,,,MTR,electrical,fuse,,,Ceramic,16 A,,,,,,,,,,IS 13703,IS 13703; 16 A,,,,,,,Apex Industrial Systems,APE-747-26,MTR,9,False,,FAMILY_ELECTRICAL; GRADE_FROM_STRUCTURED_FIELD; MANUFACTURER_FROM_FIELD; PART_NO_FROM_FIELD; SIZE_FROM_STRUCTURED_FIELD; STANDARD_FROM_SPECIFICATION; TYPE_FROM_MATERIAL_TYPE; UNIT_FROM_FIELD,description; specification; structured_field
IOCL-398329,IOCL,BEARING NO 6202,bearing number 6202,Bearings,Ball Bearing,ISO 15; Bearing 6202,Chrome Steel,6202,,,,NOS,bearing,ball bearing,,chrome steel,Chrome Steel,6202,,,,,,,,,,ISO 15,ISO 15; Bearing 6202,,,,,,6202,ABC Industrial Products,ABC-195-55,NOS,11,False,,BEARING_NUMBER; FAMILY_BEARING; GRADE_FROM_STRUCTURED_FIELD; MANUFACTURER_FROM_FIELD; MATERIAL_CHROME_STEEL; PART_NO_FROM_FIELD; SIZE_FROM_STRUCTURED_FIELD; STANDARD_FROM_SPECIFICATION; TYPE_BALL_BEARING; UNIT_FROM_FIELD,description; specification; structured_field
ONGC-878178,ONGC,FLOATING BALL VALVE 1/2 in SS 316,floating ball valve 1/2 in stainless steel 316,Valves,Ball Valve,API 608; 1/2 in; SS 316,SS 316,1/2 in,,,SS,NOS,valve,ball valve,,stainless steel,SS 316,1/2 in,,,,,,,,,,API 608,API 608; 1/2 in; SS 316,stainless steel,,,floating,,,Apex Industrial Systems,APE-111-43,NOS,12,False,,COATING_FROM_STRUCTURED_FIELD; CONSTRUCTION_FLOATING; FAMILY_VALVE; GRADE_SS316; MANUFACTURER_FROM_FIELD; MATERIAL_STAINLESS_STEEL; PART_NO_FROM_FIELD; SIZE_FRACTION_INCH; STANDARD_FROM_SPECIFICATION; TYPE_BALL_VALVE; UNIT_FROM_FIELD,description; specification; structured_field
CPCL-666129,CPCL,GLOBE VALVE FLANGED 2 in ASTM A216 WCB,globe valve flanged 2 in astm a216 wcb,Valves,Globe Valve,API 623; 2 in; ASTM A216 WCB,ASTM A216 WCB,2 in,,,Painted,NOS,valve,globe valve,,,ASTM A216 WCB,2 in,,,,,,,,,,ASTM A216 WCB; API 623,API 623; 2 in; ASTM A216 WCB,painted,flanged,,,,,Apex Industrial Systems,APE-789-86,NOS,11,True,material_grade: 'ASTM A216 WCB' vs 'WCB',COATING_FROM_STRUCTURED_FIELD; CONNECTION_FLANGED; FAMILY_VALVE; GRADE_A105; MANUFACTURER_FROM_FIELD; PART_NO_FROM_FIELD; SIZE_INCH; STANDARD_FROM_SPECIFICATION; TYPE_GLOBE_VALVE; UNIT_FROM_FIELD,description; specification; structured_field
CPCL-704697,CPCL,HORIZONTAL CENTRIFUGAL PUMP 100 mm,horizontal centrifugal pump 100 mm,Pumps,Centrifugal Pump,API 610; 100 mm; SS 316,SS 316,100 mm,,,Painted,NOS,pump,centrifugal pump,,stainless steel,SS 316,100 mm,,,,,,,,,,API 610,API 610; 100 mm; SS 316,painted,,,,horizontal,,Apex Industrial Systems,APE-246-24,NOS,12,False,,COATING_FROM_STRUCTURED_FIELD; FAMILY_PUMP; GRADE_FROM_STRUCTURED_FIELD; MANUFACTURER_FROM_FIELD; MATERIAL_STAINLESS_STEEL; ORIENTATION_HORIZONTAL; PART_NO_FROM_FIELD; SIZE_MM; STANDARD_FROM_SPECIFICATION; TYPE_CENTRIFUGAL_PUMP; UNIT_FROM_FIELD,description; specification; structured_field
IOCL-335009,IOCL,SEAMLESS STEEL PIPE 1 in ASTM A106 Gr.B,seamless steel pipe 1 in astm a106 gr.b,Pipes & Fittings,Pipe,API 5L; 1 in; ASTM A106 Gr.B,ASTM A106 Gr.B,1 in,6000 mm,,Black,MTR,pipe/fitting,pipe,,,ASTM A106 Gr.B,1 in,,6000 mm,,,,,,,,ASTM A106 Gr.B; API 5L,API 5L; 1 in; ASTM A106 Gr.B,black,,,seamless,,,Hindustan Mechanical,HIN-694-21,MTR,12,True,material_grade: 'ASTM A106 Gr.B' vs 'ASTM A106 GR.B'; material_grade: 'ASTM A106 Gr.B' vs 'A106',COATING_FROM_STRUCTURED_FIELD; CONSTRUCTION_SEAMLESS; FAMILY_PIPE; GRADE_FROM_STRUCTURED_FIELD; LENGTH_FROM_FIELD; MANUFACTURER_FROM_FIELD; PART_NO_FROM_FIELD; SIZE_INCH; STANDARD_FROM_SPECIFICATION; TYPE_FROM_MATERIAL_TYPE; UNIT_FROM_FIELD,description; specification; structured_field
ONGC-388956,ONGC,POWER CABLE 35 sq mm XLPE Aluminium,power cable 35 sq mm xlpe aluminium,Electrical,Cable,IS 7098; 35 sq mm; 1000 m,XLPE Aluminium,35 sq mm,1000 mm,,PVC,MTR,electrical,cable,,xlpe,XLPE Aluminium,35 sq mm,,1000 mm,,,,,,,,IS 7098,IS 7098; 35 sq mm; 1000 m,pvc,,,,,,ABC Industrial Products,ABC-898-44,MTR,12,False,,COATING_FROM_STRUCTURED_FIELD; FAMILY_ELECTRICAL; GRADE_FROM_STRUCTURED_FIELD; LENGTH_FROM_FIELD; MANUFACTURER_FROM_FIELD; MATERIAL_XLPE; PART_NO_FROM_FIELD; SIZE_SQMM_CABLE; STANDARD_FROM_SPECIFICATION; TYPE_FROM_MATERIAL_TYPE; UNIT_FROM_FIELD,description; specification; structured_field
ONGC-425571,ONGC,FLANGE 2 in ASTM A105,flange 2 in astm a105,Pipes & Fittings,Flange,ASME B16.5; 2 in; ASTM A105,ASTM A105,2 in,,,Bare,MTR,pipe/fitting,flange,,,ASTM A105,2 in,,,,,,,,,,ASTM A105; ASME B16.5,ASME B16.5; 2 in; ASTM A105,bare,,,,,,National Bearing Works,NAT-941-87,MTR,10,True,material_grade: 'ASTM A105' vs 'A105',COATING_FROM_STRUCTURED_FIELD; FAMILY_PIPE; GRADE_A105; MANUFACTURER_FROM_FIELD; PART_NO_FROM_FIELD; SIZE_INCH; STANDARD_FROM_SPECIFICATION; TYPE_FROM_MATERIAL_TYPE; UNIT_FROM_FIELD,description; specification; structured_field
IOCL-502237,IOCL,GLOBE VALVE FLANGED 4 in,globe valve flanged 4 in,Valves,Globe Valve,API 623; 4 in; ASTM A216 WCB,ASTM A216 WCB,4 in,,,Painted,NOS,valve,globe valve,,,ASTM A216 WCB,4 in,,,,,,,,,,ASTM A216 WCB; API 623,API 623; 4 in; ASTM A216 WCB,painted,flanged,,,,,Prime Electricals,PRI-474-74,NOS,11,False,,COATING_FROM_STRUCTURED_FIELD; CONNECTION_FLANGED; FAMILY_VALVE; GRADE_FROM_STRUCTURED_FIELD; MANUFACTURER_FROM_FIELD; PART_NO_FROM_FIELD; SIZE_INCH; STANDARD_FROM_SPECIFICATION; TYPE_GLOBE_VALVE; UNIT_FROM_FIELD,description; specification; structured_field
HPCL-467430,HPCL,BALL BEARING 6207,ball bearing 6207,Bearings,Ball Bearing,ISO 15; Bearing 6207,Chrome Steel,6207,,,,NOS,bearing,ball bearing,,chrome steel,Chrome Steel,6207,,,,,,,,,,ISO 15,ISO 15; Bearing 6207,,,,,,6207,Metro Pumps & Valves,MET-580-13,NOS,11,False,,BEARING_NUMBER; FAMILY_BEARING; GRADE_FROM_STRUCTURED_FIELD; MANUFACTURER_FROM_FIELD; MATERIAL_CHROME_STEEL; PART_NO_FROM_FIELD; SIZE_FROM_STRUCTURED_FIELD; STANDARD_FROM_SPECIFICATION; TYPE_BALL_BEARING; UNIT_FROM_FIELD,description; specification; structured_field
IOCL-711036,IOCL,HEX HEAD BOLT M10-75 MM ZINC PLATED,hexagonal head bolt m10-75 mm zinc plated,Fasteners,Bolt,IS 1363; M10 x 75 mm; Zinc Plated,Carbon Steel,M10,75 mm,16 mm,Zinc Plated,NOS,fastener,bolt,,carbon steel,Carbon Steel,M10,,75 mm,,,16 mm,,,,,IS 1363,IS 1363; M10 x 75 mm; Zinc Plated,zinc plated,,,,,,National Bearing Works,NAT-431-27,NOS,13,False,,COATING_FROM_STRUCTURED_FIELD; DIAMETER_FROM_FIELD; FAMILY_FASTENER; GRADE_FROM_STRUCTURED_FIELD; LENGTH_FROM_FIELD; MANUFACTURER_FROM_FIELD; MATERIAL_CARBON_STEEL; PART_NO_FROM_FIELD; SIZE_METRIC_BOLT; STANDARD_FROM_SPECIFICATION; TYPE_FROM_MATERIAL_TYPE; UNIT_FROM_FIELD,description; specification; structured_field
ONGC-627711,ONGC,CARTRIDGE FUSE 5 A,cartridge fuse 5 a,Electrical,Fuse,IS 13703; 5 A,Ceramic,5 A,,,,MTR,electrical,fuse,,,Ceramic,5 A,,,,,,,,,,IS 13703,IS 13703; 5 A,,,,,,,Eastern Cables,EAS-591-70,MTR,9,False,,FAMILY_ELECTRICAL; GRADE_FROM_STRUCTURED_FIELD; MANUFACTURER_FROM_FIELD; PART_NO_FROM_FIELD; SIZE_FROM_STRUCTURED_FIELD; STANDARD_FROM_SPECIFICATION; TYPE_FROM_MATERIAL_TYPE; UNIT_FROM_FIELD,description; specification; structured_field
IOCL-443278,IOCL,GLOBE VALVE FLANGED 1 in,globe valve flanged 1 in,Valves,Globe Valve,API 623; 1 in; ASTM A216 WCB,ASTM A216 WCB,1 in,,,Painted,NOS,valve,globe valve,,,ASTM A216 WCB,1 in,,,,,,,,,,ASTM A216 WCB; API 623,API 623; 1 in; ASTM A216 WCB,painted,flanged,,,,,Apex Industrial Systems,APE-915-73,NOS,11,False,,COATING_FROM_STRUCTURED_FIELD; CONNECTION_FLANGED; FAMILY_VALVE; GRADE_FROM_STRUCTURED_FIELD; MANUFACTURER_FROM_FIELD; PART_NO_FROM_FIELD; SIZE_INCH; STANDARD_FROM_SPECIFICATION; TYPE_GLOBE_VALVE; UNIT_FROM_FIELD,description; specification; structured_field
ONGC-911956,ONGC,HRC FUSE 32 A,high rupturing capacity fuse 32 a,Electrical,Fuse,IS 13703; 32 A,Ceramic,32 A,,,,MTR,electrical,fuse,,,Ceramic,32 A,,,,,,,,,,IS 13703,IS 13703; 32 A,,,,,,,Eastern Cables,EAS-580-45,MTR,9,False,,FAMILY_ELECTRICAL; GRADE_FROM_STRUCTURED_FIELD; MANUFACTURER_FROM_FIELD; PART_NO_FROM_FIELD; SIZE_FROM_STRUCTURED_FIELD; STANDARD_FROM_SPECIFICATION; TYPE_FROM_MATERIAL_TYPE; UNIT_FROM_FIELD,description; specification; structured_field
IOCL-251607,IOCL,FLANGE 6 in ASTM A105,flange 6 in astm a105,Pipes & Fittings,Flange,ASME B16.5; 6 in; ASTM A105,ASTM A105,6 in,,,Bare,MTR,pipe/fitting,flange,,,ASTM A105,6 in,,,,,,,,,,ASTM A105; ASME B16.5,ASME B16.5; 6 in; ASTM A105,bare,,,,,,Larsen Engineering,LAR-225-99,MTR,10,True,material_grade: 'ASTM A105' vs 'A105',COATING_FROM_STRUCTURED_FIELD; FAMILY_PIPE; GRADE_A105; MANUFACTURER_FROM_FIELD; PART_NO_FROM_FIELD; SIZE_INCH; STANDARD_FROM_SPECIFICATION; TYPE_FROM_MATERIAL_TYPE; UNIT_FROM_FIELD,description; specification; structured_field
IOCL-120893,IOCL,PRESSURE SAFETY VALVE 3 in,pressure safety valve 3 in,Safety,Safety Valve,API 526; 3 in; SS 316,SS 316,3 in,,,SS,NOS,safety,safety valve,,stainless steel,SS 316,3 in,,,,,,,,,,API 526,API 526; 3 in; SS 316,stainless steel,,,,,,Larsen Engineering,LAR-799-65,NOS,11,True,material_family: 'safety' vs 'valve',COATING_FROM_STRUCTURED_FIELD; FAMILY_SAFETY; GRADE_FROM_STRUCTURED_FIELD; MANUFACTURER_FROM_FIELD; MATERIAL_STAINLESS_STEEL; PART_NO_FROM_FIELD; SIZE_INCH; STANDARD_FROM_SPECIFICATION; TYPE_SAFETY_VALVE; UNIT_FROM_FIELD,description; specification; structured_field
CPCL-744934,CPCL,GEAR OIL ISO VG 320,gear oil iso vg 320,Lubricants,Lubricant,IS 10522; ISO VG 320,Mineral Oil,ISO VG 320,,,,LTR,lubricant,lubricant,,mineral oil,Mineral Oil,ISO VG 320,,,,,,,,,,ISO VG 320; IS 10522,IS 10522; ISO VG 320,,,,,,,Precision Fasteners,PRE-315-68,LTR,10,False,,FAMILY_LUBRICANT; GRADE_FROM_STRUCTURED_FIELD; MANUFACTURER_FROM_FIELD; MATERIAL_MINERAL_OIL; PART_NO_FROM_FIELD; SIZE_VG_ISO_LUBE; STANDARD_FROM_SPECIFICATION; TYPE_FROM_MATERIAL_TYPE; UNIT_FROM_FIELD,description; specification; structured_field
ONGC-472413,ONGC,PT100 RTD 3-wire 500,pt100 rtd 3-wire 500,Instrumentation,Temperature Sensor,IEC 60751; 3-wire; 500 mm,Pt100,3-wire,500 mm,6 mm,SS,NOS,instrumentation,temperature sensor,,,Pt100,3-wire,,500 mm,,,6 mm,,,,,IEC 60751,IEC 60751; 3-wire; 500 mm,stainless steel,,,,,,Apex Industrial Systems,APE-840-47,NOS,12,False,,COATING_FROM_STRUCTURED_FIELD; DIAMETER_FROM_FIELD; FAMILY_INSTRUMENTATION; GRADE_FROM_STRUCTURED_FIELD; LENGTH_FROM_FIELD; MANUFACTURER_FROM_FIELD; PART_NO_FROM_FIELD; SIZE_FROM_STRUCTURED_FIELD; STANDARD_FROM_SPECIFICATION; TYPE_FROM_MATERIAL_TYPE; UNIT_FROM_FIELD,specification; structured_field
CPCL-235901,CPCL,DEEP GROOVE BEARING 6209,deep groove bearing 6209,Bearings,Ball Bearing,ISO 15; Bearing 6209,Chrome Steel,6209,,,,NOS,bearing,ball bearing,deep groove,chrome steel,Chrome Steel,6209,,,,,,,,,,ISO 15,ISO 15; Bearing 6209,,,,,,6209,Apex Industrial Systems,APE-670-55,NOS,12,False,,BEARING_NUMBER; FAMILY_BEARING; GRADE_FROM_STRUCTURED_FIELD; MANUFACTURER_FROM_FIELD; MATERIAL_CHROME_STEEL; PART_NO_FROM_FIELD; SIZE_FROM_STRUCTURED_FIELD; STANDARD_FROM_SPECIFICATION; SUBTYPE_DEEP_GROOVE; TYPE_BALL_BEARING; UNIT_FROM_FIELD,description; specification; structured_field
ONGC-448645,ONGC,SWG 6 in,swg 6 in,Seals,Gasket,ASME B16.20; 6 in; Graphite/SS 316,Graphite/SS 316,6 in,,,SS,NOS,seal/gasket,gasket,,,Graphite/SS 316,6 in,,,,,,,,,,ASME B16.20,ASME B16.20; 6 in; Graphite/SS 316,stainless steel,,,,,,Metro Pumps & Valves,MET-406-26,NOS,10,False,,COATING_FROM_STRUCTURED_FIELD; FAMILY_SEAL; GRADE_FROM_STRUCTURED_FIELD; MANUFACTURER_FROM_FIELD; PART_NO_FROM_FIELD; SIZE_INCH; STANDARD_FROM_SPECIFICATION; TYPE_FROM_MATERIAL_TYPE; UNIT_FROM_FIELD,description; specification; structured_field
ONGC-337242,ONGC,PROCESS PUMP 100 mm,process pump 100 mm,Pumps,Centrifugal Pump,API 610; 100 mm; SS 316,SS 316,100 mm,,,Painted,NOS,pump,centrifugal pump,,stainless steel,SS 316,100 mm,,,,,,,,,,API 610,API 610; 100 mm; SS 316,painted,,,,,,Metro Pumps & Valves,MET-937-55,NOS,11,False,,COATING_FROM_STRUCTURED_FIELD; FAMILY_PUMP; GRADE_FROM_STRUCTURED_FIELD; MANUFACTURER_FROM_FIELD; MATERIAL_STAINLESS_STEEL; PART_NO_FROM_FIELD; SIZE_MM; STANDARD_FROM_SPECIFICATION; TYPE_CENTRIFUGAL_PUMP; UNIT_FROM_FIELD,description; specification; structured_field
CPCL-832753,CPCL,PRESSURE SAFETY VALVE 1 in,pressure safety valve 1 in,Safety,Safety Valve,API 526; 1 in; SS 316,SS 316,1 in,,,SS,NOS,safety,safety valve,,stainless steel,SS 316,1 in,,,,,,,,,,API 526,API 526; 1 in; SS 316,stainless steel,,,,,,Precision Fasteners,PRE-244-41,NOS,11,True,material_family: 'safety' vs 'valve',COATING_FROM_STRUCTURED_FIELD; FAMILY_SAFETY; GRADE_FROM_STRUCTURED_FIELD; MANUFACTURER_FROM_FIELD; MATERIAL_STAINLESS_STEEL; PART_NO_FROM_FIELD; SIZE_INCH; STANDARD_FROM_SPECIFICATION; TYPE_SAFETY_VALVE; UNIT_FROM_FIELD,description; specification; structured_field
IOCL-985383,IOCL,WASHER M12 GALVANIZED,washer m12 galvanized,Fasteners,Washer,IS 2016; M12; Galvanized,Carbon Steel,M12,,,Galvanized,NOS,fastener,washer,,carbon steel,Carbon Steel,M12,,,,,,,,,,IS 2016,IS 2016; M12; Galvanized,galvanized,,,,,,Prime Electricals,PRI-917-49,NOS,11,False,,COATING_FROM_STRUCTURED_FIELD; FAMILY_FASTENER; GRADE_FROM_STRUCTURED_FIELD; MANUFACTURER_FROM_FIELD; MATERIAL_CARBON_STEEL; PART_NO_FROM_FIELD; SIZE_METRIC_BOLT; STANDARD_FROM_SPECIFICATION; TYPE_FROM_MATERIAL_TYPE; UNIT_FROM_FIELD,description; specification; structured_field
IOCL-770736,IOCL,PRESSURE INDICATOR 0-40 bar,pressure indicator 0-40 bar,Instrumentation,Pressure Gauge,EN 837-1; Range 0-40 bar,SS 304,0-40 bar,,,SS,NOS,instrumentation,pressure gauge,,stainless steel,SS 304,0-40 bar,,,,,,,,,,EN 837-1,EN 837-1; Range 0-40 bar,stainless steel,,,,,,Larsen Engineering,LAR-230-21,NOS,11,False,,COATING_FROM_STRUCTURED_FIELD; FAMILY_INSTRUMENTATION; GRADE_FROM_STRUCTURED_FIELD; MANUFACTURER_FROM_FIELD; MATERIAL_STAINLESS_STEEL; PART_NO_FROM_FIELD; SIZE_PRESSURE_RANGE; STANDARD_FROM_SPECIFICATION; TYPE_FROM_MATERIAL_TYPE; UNIT_FROM_FIELD,description; specification; structured_field
IOCL-194830,IOCL,WASHER M20 GALVANIZED,washer m20 galvanized,Fasteners,Washer,IS 2016; M20; Galvanized,Carbon Steel,M20,,,Galvanized,NOS,fastener,washer,,carbon steel,Carbon Steel,M20,,,,,,,,,,IS 2016,IS 2016; M20; Galvanized,galvanized,,,,,,Metro Pumps & Valves,MET-278-53,NOS,11,False,,COATING_FROM_STRUCTURED_FIELD; FAMILY_FASTENER; GRADE_FROM_STRUCTURED_FIELD; MANUFACTURER_FROM_FIELD; MATERIAL_CARBON_STEEL; PART_NO_FROM_FIELD; SIZE_METRIC_BOLT; STANDARD_FROM_SPECIFICATION; TYPE_FROM_MATERIAL_TYPE; UNIT_FROM_FIELD,description; specification; structured_field
HPCL-350759,HPCL,HEX NUT M8 GALVANIZED,hexagonal nut m8 galvanized,Fasteners,Nut,IS 1364; M8; Galvanized,Carbon Steel,M8,,,Galvanized,NOS,fastener,nut,hex,carbon steel,Carbon Steel,M8,,,,,,,,,,IS 1364,IS 1364; M8; Galvanized,galvanized,,,,,,Metro Pumps & Valves,MET-495-37,NOS,12,False,,COATING_FROM_STRUCTURED_FIELD; FAMILY_FASTENER; GRADE_FROM_STRUCTURED_FIELD; MANUFACTURER_FROM_FIELD; MATERIAL_CARBON_STEEL; PART_NO_FROM_FIELD; SIZE_METRIC_BOLT; STANDARD_FROM_SPECIFICATION; SUBTYPE_HEX; TYPE_FROM_MATERIAL_TYPE; UNIT_FROM_FIELD,description; specification; structured_field
HPCL-789036,HPCL,PRESSURE GAUGE 0-25 bar,pressure gauge 0-25 bar,Instrumentation,Pressure Gauge,EN 837-1; Range 0-25 bar,SS 304,0-25 bar,,,SS,NOS,instrumentation,pressure gauge,,stainless steel,SS 304,0-25 bar,,,,,,,,,,EN 837-1,EN 837-1; Range 0-25 bar,stainless steel,,,,,,Prime Electricals,PRI-499-24,NOS,11,False,,COATING_FROM_STRUCTURED_FIELD; FAMILY_INSTRUMENTATION; GRADE_FROM_STRUCTURED_FIELD; MANUFACTURER_FROM_FIELD; MATERIAL_STAINLESS_STEEL; PART_NO_FROM_FIELD; SIZE_PRESSURE_RANGE; STANDARD_FROM_SPECIFICATION; TYPE_FROM_MATERIAL_TYPE; UNIT_FROM_FIELD,description; specification; structured_field
ONGC-163836,ONGC,HRC CARTRIDGE 10 A,high rupturing capacity cartridge 10 a,Electrical,Fuse,IS 13703; 10 A,Ceramic,10 A,,,,MTR,electrical,fuse,,,Ceramic,10 A,,,,,,,,,,IS 13703,IS 13703; 10 A,,,,,,,Apex Industrial Systems,APE-903-76,MTR,9,False,,FAMILY_ELECTRICAL; GRADE_FROM_STRUCTURED_FIELD; MANUFACTURER_FROM_FIELD; PART_NO_FROM_FIELD; SIZE_FROM_STRUCTURED_FIELD; STANDARD_FROM_SPECIFICATION; TYPE_FROM_MATERIAL_TYPE; UNIT_FROM_FIELD,description; specification; structured_field
CPCL-319323,CPCL,HYDRAULIC HOSE 1-1/2 in,hydraulic hose 1-1/2 in,Hoses,Hydraulic Hose,SAE 100 R2; 1-1/2 in; 1000 mm,Synthetic Rubber,1-1/2 in,1000 mm,,Rubber,MTR,hose,hydraulic hose,,synthetic rubber,Synthetic Rubber,1-1/2 in,,1000 mm,,,,,,,,SAE 100 R2,SAE 100 R2; 1-1/2 in; 1000 mm,rubber,,,,,,Metro Pumps & Valves,MET-364-69,MTR,12,False,,COATING_FROM_STRUCTURED_FIELD; FAMILY_HOSE; GRADE_FROM_STRUCTURED_FIELD; LENGTH_FROM_FIELD; MANUFACTURER_FROM_FIELD; MATERIAL_SYNTHETIC_RUBBER; PART_NO_FROM_FIELD; SIZE_FRACTION_INCH; STANDARD_FROM_SPECIFICATION; TYPE_FROM_MATERIAL_TYPE; UNIT_FROM_FIELD,description; specification; structured_field
CPCL-102382,CPCL,XLPE CABLE 4 sq mm,xlpe cable 4 sq mm,Electrical,Cable,IS 7098; 4 sq mm; 500 m,XLPE Copper,4 sq mm,500 mm,,PVC,MTR,electrical,cable,,xlpe,XLPE Copper,4 sq mm,,500 mm,,,,,,,,IS 7098,IS 7098; 4 sq mm; 500 m,pvc,,,,,,Shree Valves & Fittings,SHR-872-95,MTR,12,False,,COATING_FROM_STRUCTURED_FIELD; FAMILY_ELECTRICAL; GRADE_FROM_STRUCTURED_FIELD; LENGTH_FROM_FIELD; MANUFACTURER_FROM_FIELD; MATERIAL_XLPE; PART_NO_FROM_FIELD; SIZE_SQMM_CABLE; STANDARD_FROM_SPECIFICATION; TYPE_FROM_MATERIAL_TYPE; UNIT_FROM_FIELD,description; specification; structured_field
IOCL-636489,IOCL,HRC CARTRIDGE 5 A,high rupturing capacity cartridge 5 a,Electrical,Fuse,IS 13703; 5 A,Ceramic,5 A,,,,MTR,electrical,fuse,,,Ceramic,5 A,,,,,,,,,,IS 13703,IS 13703; 5 A,,,,,,,National Bearing Works,NAT-718-30,MTR,9,False,,FAMILY_ELECTRICAL; GRADE_FROM_STRUCTURED_FIELD; MANUFACTURER_FROM_FIELD; PART_NO_FROM_FIELD; SIZE_FROM_STRUCTURED_FIELD; STANDARD_FROM_SPECIFICATION; TYPE_FROM_MATERIAL_TYPE; UNIT_FROM_FIELD,description; specification; structured_field
HPCL-312565,HPCL,GATE VALVE FLANGED 6 in,gate valve flanged 6 in,Valves,Gate Valve,API 600; 6 in; ASTM A216 WCB,ASTM A216 WCB,6 in,,,Painted,NOS,valve,gate valve,,,ASTM A216 WCB,6 in,,,,,,,,,,ASTM A216 WCB; API 600,API 600; 6 in; ASTM A216 WCB,painted,flanged,,,,,Apex Industrial Systems,APE-724-17,NOS,11,False,,COATING_FROM_STRUCTURED_FIELD; CONNECTION_FLANGED; FAMILY_VALVE; GRADE_FROM_STRUCTURED_FIELD; MANUFACTURER_FROM_FIELD; PART_NO_FROM_FIELD; SIZE_INCH; STANDARD_FROM_SPECIFICATION; TYPE_GATE_VALVE; UNIT_FROM_FIELD,description; specification; structured_field
IOCL-733538,IOCL,POWER CABLE 2.5 sq mm XLPE Copper,power cable 2.5 sq mm xlpe copper,Electrical,Cable,IS 7098; 2.5 sq mm; 500 m,XLPE Copper,2.5 sq mm,500 mm,,PVC,MTR,electrical,cable,,xlpe,XLPE Copper,2.5 sq mm,,500 mm,,,,,,,,IS 7098,IS 7098; 2.5 sq mm; 500 m,pvc,,,,,,National Bearing Works,NAT-844-82,MTR,12,False,,COATING_FROM_STRUCTURED_FIELD; FAMILY_ELECTRICAL; GRADE_FROM_STRUCTURED_FIELD; LENGTH_FROM_FIELD; MANUFACTURER_FROM_FIELD; MATERIAL_XLPE; PART_NO_FROM_FIELD; SIZE_SQMM_CABLE; STANDARD_FROM_SPECIFICATION; TYPE_FROM_MATERIAL_TYPE; UNIT_FROM_FIELD,description; specification; structured_field
CPCL-103911,CPCL,GATE VALVE 3 in API 600,gate valve 3 in api 600,Valves,Gate Valve,API 600; 3 in; ASTM A216 WCB,ASTM A216 WCB,3 in,,,Painted,NOS,valve,gate valve,,,ASTM A216 WCB,3 in,,,,,,,,,,ASTM A216 WCB; API 600,API 600; 3 in; ASTM A216 WCB,painted,,,,,,Apex Industrial Systems,APE-268-75,NOS,10,False,,COATING_FROM_STRUCTURED_FIELD; FAMILY_VALVE; GRADE_FROM_STRUCTURED_FIELD; MANUFACTURER_FROM_FIELD; PART_NO_FROM_FIELD; SIZE_INCH; STANDARD_FROM_SPECIFICATION; TYPE_GATE_VALVE; UNIT_FROM_FIELD,description; specification; structured_field
CPCL-564559,CPCL,POWER CABLE 10 sq mm XLPE Aluminium,power cable 10 sq mm xlpe aluminium,Electrical,Cable,IS 7098; 10 sq mm; 500 m,XLPE Aluminium,10 sq mm,500 mm,,PVC,MTR,electrical,cable,,xlpe,XLPE Aluminium,10 sq mm,,500 mm,,,,,,,,IS 7098,IS 7098; 10 sq mm; 500 m,pvc,,,,,,Eastern Cables,EAS-325-48,MTR,12,False,,COATING_FROM_STRUCTURED_FIELD; FAMILY_ELECTRICAL; GRADE_FROM_STRUCTURED_FIELD; LENGTH_FROM_FIELD; MANUFACTURER_FROM_FIELD; MATERIAL_XLPE; PART_NO_FROM_FIELD; SIZE_SQMM_CABLE; STANDARD_FROM_SPECIFICATION; TYPE_FROM_MATERIAL_TYPE; UNIT_FROM_FIELD,description; specification; structured_field
ONGC-555430,ONGC,PLAIN WASHER M10 ZINC PLATED,plain washer m10 zinc plated,Fasteners,Washer,IS 2016; M10; Zinc Plated,Carbon Steel,M10,,,Zinc Plated,NOS,fastener,washer,,carbon steel,Carbon Steel,M10,,,,,,,,,,IS 2016,IS 2016; M10; Zinc Plated,zinc plated,,,,,,Apex Industrial Systems,APE-467-82,NOS,11,False,,COATING_FROM_STRUCTURED_FIELD; FAMILY_FASTENER; GRADE_FROM_STRUCTURED_FIELD; MANUFACTURER_FROM_FIELD; MATERIAL_CARBON_STEEL; PART_NO_FROM_FIELD; SIZE_METRIC_BOLT; STANDARD_FROM_SPECIFICATION; TYPE_FROM_MATERIAL_TYPE; UNIT_FROM_FIELD,description; specification; structured_field
HPCL-377331,HPCL,PROCESS PUMP 25 mm,process pump 25 mm,Pumps,Centrifugal Pump,API 610; 25 mm; SS 316,SS 316,25 mm,,,Painted,NOS,pump,centrifugal pump,,stainless steel,SS 316,25 mm,,,,,,,,,,API 610,API 610; 25 mm; SS 316,painted,,,,,,Supreme Engineering,SUP-616-61,NOS,11,False,,COATING_FROM_STRUCTURED_FIELD; FAMILY_PUMP; GRADE_FROM_STRUCTURED_FIELD; MANUFACTURER_FROM_FIELD; MATERIAL_STAINLESS_STEEL; PART_NO_FROM_FIELD; SIZE_MM; STANDARD_FROM_SPECIFICATION; TYPE_CENTRIFUGAL_PUMP; UNIT_FROM_FIELD,description; specification; structured_field
IOCL-367077,IOCL,PT100 RTD 4-wire 300,pt100 rtd 4-wire 300,Instrumentation,Temperature Sensor,IEC 60751; 4-wire; 300 mm,Pt100,4-wire,300 mm,10 mm,SS,NOS,instrumentation,temperature sensor,,,Pt100,4-wire,,300 mm,,,10 mm,,,,,IEC 60751,IEC 60751; 4-wire; 300 mm,stainless steel,,,,,,ABC Industrial Products,ABC-591-45,NOS,12,False,,COATING_FROM_STRUCTURED_FIELD; DIAMETER_FROM_FIELD; FAMILY_INSTRUMENTATION; GRADE_FROM_STRUCTURED_FIELD; LENGTH_FROM_FIELD; MANUFACTURER_FROM_FIELD; PART_NO_FROM_FIELD; SIZE_FROM_STRUCTURED_FIELD; STANDARD_FROM_SPECIFICATION; TYPE_FROM_MATERIAL_TYPE; UNIT_FROM_FIELD,specification; structured_field
IOCL-539243,IOCL,HRC FUSE 16 A,high rupturing capacity fuse 16 a,Electrical,Fuse,IS 13703; 16 A,Ceramic,16 A,,,,MTR,electrical,fuse,,,Ceramic,16 A,,,,,,,,,,IS 13703,IS 13703; 16 A,,,,,,,Precision Fasteners,PRE-952-37,MTR,9,False,,FAMILY_ELECTRICAL; GRADE_FROM_STRUCTURED_FIELD; MANUFACTURER_FROM_FIELD; PART_NO_FROM_FIELD; SIZE_FROM_STRUCTURED_FIELD; STANDARD_FROM_SPECIFICATION; TYPE_FROM_MATERIAL_TYPE; UNIT_FROM_FIELD,description; specification; structured_field
HPCL-598413,HPCL,BALL BEARING 6202,ball bearing 6202,Bearings,Ball Bearing,ISO 15; Bearing 6202,Chrome Steel,6202,,,,NOS,bearing,ball bearing,,chrome steel,Chrome Steel,6202,,,,,,,,,,ISO 15,ISO 15; Bearing 6202,,,,,,6202,National Bearing Works,NAT-845-53,NOS,11,False,,BEARING_NUMBER; FAMILY_BEARING; GRADE_FROM_STRUCTURED_FIELD; MANUFACTURER_FROM_FIELD; MATERIAL_CHROME_STEEL; PART_NO_FROM_FIELD; SIZE_FROM_STRUCTURED_FIELD; STANDARD_FROM_SPECIFICATION; TYPE_BALL_BEARING; UNIT_FROM_FIELD,description; specification; structured_field
IOCL-790254,IOCL,SAFETY VALVE 1 in,safety valve 1 in,Safety,Safety Valve,API 526; 1 in; SS 316,SS 316,1 in,,,SS,NOS,safety,safety valve,,stainless steel,SS 316,1 in,,,,,,,,,,API 526,API 526; 1 in; SS 316,stainless steel,,,,,,Bharat Industrial Works,BHA-313-77,NOS,11,True,material_family: 'safety' vs 'valve',COATING_FROM_STRUCTURED_FIELD; FAMILY_SAFETY; GRADE_FROM_STRUCTURED_FIELD; MANUFACTURER_FROM_FIELD; MATERIAL_STAINLESS_STEEL; PART_NO_FROM_FIELD; SIZE_INCH; STANDARD_FROM_SPECIFICATION; TYPE_SAFETY_VALVE; UNIT_FROM_FIELD,description; specification; structured_field
ONGC-589586,ONGC,POWER CABLE 16 sq mm XLPE Aluminium,power cable 16 sq mm xlpe aluminium,Electrical,Cable,IS 7098; 16 sq mm; 500 m,XLPE Aluminium,16 sq mm,500 mm,,PVC,MTR,electrical,cable,,xlpe,XLPE Aluminium,16 sq mm,,500 mm,,,,,,,,IS 7098,IS 7098; 16 sq mm; 500 m,pvc,,,,,,Hindustan Mechanical,HIN-788-85,MTR,12,False,,COATING_FROM_STRUCTURED_FIELD; FAMILY_ELECTRICAL; GRADE_FROM_STRUCTURED_FIELD; LENGTH_FROM_FIELD; MANUFACTURER_FROM_FIELD; MATERIAL_XLPE; PART_NO_FROM_FIELD; SIZE_SQMM_CABLE; STANDARD_FROM_SPECIFICATION; TYPE_FROM_MATERIAL_TYPE; UNIT_FROM_FIELD,description; specification; structured_field
IOCL-479126,IOCL,16 sq mm SQ MM POWER CABLE,16 sq mm sq mm power cable,Electrical,Cable,IS 7098; 16 sq mm; 500 m,XLPE Aluminium,16 sq mm,500 mm,,PVC,MTR,electrical,cable,,xlpe,XLPE Aluminium,16 sq mm,,500 mm,,,,,,,,IS 7098,IS 7098; 16 sq mm; 500 m,pvc,,,,,,Hindustan Mechanical,HIN-937-12,MTR,12,False,,COATING_FROM_STRUCTURED_FIELD; FAMILY_ELECTRICAL; GRADE_FROM_STRUCTURED_FIELD; LENGTH_FROM_FIELD; MANUFACTURER_FROM_FIELD; MATERIAL_XLPE; PART_NO_FROM_FIELD; SIZE_SQMM_CABLE; STANDARD_FROM_SPECIFICATION; TYPE_FROM_MATERIAL_TYPE; UNIT_FROM_FIELD,description; specification; structured_field
ONGC-240625,ONGC,FLAT WASHER M20,flat washer m20,Fasteners,Washer,IS 2016; M20; Zinc Plated,Carbon Steel,M20,,,Zinc Plated,NOS,fastener,washer,,carbon steel,Carbon Steel,M20,,,,,,,,,,IS 2016,IS 2016; M20; Zinc Plated,zinc plated,,,,,,Supreme Engineering,SUP-737-53,NOS,11,False,,COATING_FROM_STRUCTURED_FIELD; FAMILY_FASTENER; GRADE_FROM_STRUCTURED_FIELD; MANUFACTURER_FROM_FIELD; MATERIAL_CARBON_STEEL; PART_NO_FROM_FIELD; SIZE_METRIC_BOLT; STANDARD_FROM_SPECIFICATION; TYPE_FROM_MATERIAL_TYPE; UNIT_FROM_FIELD,description; specification; structured_field
CPCL-604537,CPCL,HEX NUT M8 GALVANIZED,hexagonal nut m8 galvanized,Fasteners,Nut,IS 1364; M8; Galvanized,Carbon Steel,M8,,,Galvanized,NOS,fastener,nut,hex,carbon steel,Carbon Steel,M8,,,,,,,,,,IS 1364,IS 1364; M8; Galvanized,galvanized,,,,,,Prime Electricals,PRI-887-53,NOS,12,False,,COATING_FROM_STRUCTURED_FIELD; FAMILY_FASTENER; GRADE_FROM_STRUCTURED_FIELD; MANUFACTURER_FROM_FIELD; MATERIAL_CARBON_STEEL; PART_NO_FROM_FIELD; SIZE_METRIC_BOLT; STANDARD_FROM_SPECIFICATION; SUBTYPE_HEX; TYPE_FROM_MATERIAL_TYPE; UNIT_FROM_FIELD,description; specification; structured_field
HPCL-515804,HPCL,SEAMLESS STEEL PIPE 1 in API 5L,seamless steel pipe 1 in api 5l,Pipes & Fittings,Pipe,API 5L; 1 in; ASTM A106 Gr.B,ASTM A106 Gr.B,1 in,6000 mm,,Bare,MTR,pipe/fitting,pipe,,,ASTM A106 Gr.B,1 in,,6000 mm,,,,,,,,ASTM A106 Gr.B; API 5L,API 5L; 1 in; ASTM A106 Gr.B,bare,,,seamless,,,ABC Industrial Products,ABC-936-37,MTR,12,False,,COATING_FROM_STRUCTURED_FIELD; CONSTRUCTION_SEAMLESS; FAMILY_PIPE; GRADE_FROM_STRUCTURED_FIELD; LENGTH_FROM_FIELD; MANUFACTURER_FROM_FIELD; PART_NO_FROM_FIELD; SIZE_INCH; STANDARD_FROM_SPECIFICATION; TYPE_FROM_MATERIAL_TYPE; UNIT_FROM_FIELD,description; specification; structured_field
CPCL-177020,CPCL,PROCESS PUMP 80 mm,process pump 80 mm,Pumps,Centrifugal Pump,API 610; 80 mm; SS 316,SS 316,80 mm,,,Painted,NOS,pump,centrifugal pump,,stainless steel,SS 316,80 mm,,,,,,,,,,API 610,API 610; 80 mm; SS 316,painted,,,,,,Hindustan Mechanical,HIN-763-38,NOS,11,False,,COATING_FROM_STRUCTURED_FIELD; FAMILY_PUMP; GRADE_FROM_STRUCTURED_FIELD; MANUFACTURER_FROM_FIELD; MATERIAL_STAINLESS_STEEL; PART_NO_FROM_FIELD; SIZE_MM; STANDARD_FROM_SPECIFICATION; TYPE_CENTRIFUGAL_PUMP; UNIT_FROM_FIELD,description; specification; structured_field
CPCL-472157,CPCL,GEAR OIL EP 140,gear oil ep 140,Lubricants,Lubricant,IS 10522; EP 140,Mineral Oil,EP 140,,,,LTR,lubricant,lubricant,,mineral oil,Mineral Oil,EP 140,,,,,,,,,,IS 10522,IS 10522; EP 140,,,,,,,Eastern Cables,EAS-563-64,LTR,10,False,,FAMILY_LUBRICANT; GRADE_FROM_STRUCTURED_FIELD; MANUFACTURER_FROM_FIELD; MATERIAL_MINERAL_OIL; PART_NO_FROM_FIELD; SIZE_VG_ISO_LUBE; STANDARD_FROM_SPECIFICATION; TYPE_FROM_MATERIAL_TYPE; UNIT_FROM_FIELD,description; specification; structured_field
ONGC-189481,ONGC,BALL BEARING 6209,ball bearing 6209,Bearings,Ball Bearing,ISO 15; Bearing 6209,Chrome Steel,6209,,,,NOS,bearing,ball bearing,,chrome steel,Chrome Steel,6209,,,,,,,,,,ISO 15,ISO 15; Bearing 6209,,,,,,6209,Hindustan Mechanical,HIN-976-90,NOS,11,False,,BEARING_NUMBER; FAMILY_BEARING; GRADE_FROM_STRUCTURED_FIELD; MANUFACTURER_FROM_FIELD; MATERIAL_CHROME_STEEL; PART_NO_FROM_FIELD; SIZE_FROM_STRUCTURED_FIELD; STANDARD_FROM_SPECIFICATION; TYPE_BALL_BEARING; UNIT_FROM_FIELD,description; specification; structured_field
ONGC-835125,ONGC,GATE VALVE FLANGED 4 in,gate valve flanged 4 in,Valves,Gate Valve,API 600; 4 in; ASTM A216 WCB,ASTM A216 WCB,4 in,,,Painted,NOS,valve,gate valve,,,ASTM A216 WCB,4 in,,,,,,,,,,ASTM A216 WCB; API 600,API 600; 4 in; ASTM A216 WCB,painted,flanged,,,,,Eastern Cables,EAS-133-27,NOS,11,False,,COATING_FROM_STRUCTURED_FIELD; CONNECTION_FLANGED; FAMILY_VALVE; GRADE_FROM_STRUCTURED_FIELD; MANUFACTURER_FROM_FIELD; PART_NO_FROM_FIELD; SIZE_INCH; STANDARD_FROM_SPECIFICATION; TYPE_GATE_VALVE; UNIT_FROM_FIELD,description; specification; structured_field
HPCL-881698,HPCL,WELD NECK FLANGE 2 in ASTM A105,weld neck flange 2 in astm a105,Pipes & Fittings,Flange,ASME B16.5; 2 in; ASTM A105,ASTM A105,2 in,,,Bare,MTR,flange,weld neck flange,,,ASTM A105,2 in,,,,,,,,,,ASTM A105; ASME B16.5,ASME B16.5; 2 in; ASTM A105,bare,weld neck,,,,,Eastern Cables,EAS-140-64,MTR,11,True,material_grade: 'ASTM A105' vs 'A105',COATING_FROM_STRUCTURED_FIELD; CONNECTION_WELD_NECK; FAMILY_FLANGE; GRADE_A105; MANUFACTURER_FROM_FIELD; PART_NO_FROM_FIELD; SIZE_INCH; STANDARD_FROM_SPECIFICATION; TYPE_WELDNECK_FLANGE; UNIT_FROM_FIELD,description; specification; structured_field
ONGC-271188,ONGC,HRC CARTRIDGE 10 A,high rupturing capacity cartridge 10 a,Electrical,Fuse,IS 13703; 10 A,Ceramic,10 A,,,,MTR,electrical,fuse,,,Ceramic,10 A,,,,,,,,,,IS 13703,IS 13703; 10 A,,,,,,,ABC Industrial Products,ABC-337-40,MTR,9,False,,FAMILY_ELECTRICAL; GRADE_FROM_STRUCTURED_FIELD; MANUFACTURER_FROM_FIELD; PART_NO_FROM_FIELD; SIZE_FROM_STRUCTURED_FIELD; STANDARD_FROM_SPECIFICATION; TYPE_FROM_MATERIAL_TYPE; UNIT_FROM_FIELD,description; specification; structured_field
ONGC-143541,ONGC,HEX BOLT M10 X 60 GALV,hexagonal bolt m10 x 60 galvanized,Fasteners,Bolt,IS 1363; M10 x 60 mm; Galvanized,Carbon Steel,M10,60 mm,8 mm,Galvanized,NOS,fastener,bolt,hex,carbon steel,Carbon Steel,M10,,60 mm,,,8 mm,,,,,IS 1363,IS 1363; M10 x 60 mm; Galvanized,galvanized,,,,,,Shree Valves & Fittings,SHR-730-33,NOS,14,False,,COATING_FROM_STRUCTURED_FIELD; DIAMETER_FROM_FIELD; FAMILY_FASTENER; GRADE_FROM_STRUCTURED_FIELD; LENGTH_FROM_FIELD; MANUFACTURER_FROM_FIELD; MATERIAL_CARBON_STEEL; PART_NO_FROM_FIELD; SIZE_METRIC_BOLT; STANDARD_FROM_SPECIFICATION; SUBTYPE_HEX; TYPE_FROM_MATERIAL_TYPE; UNIT_FROM_FIELD,description; specification; structured_field
ONGC-432336,ONGC,INDUSTRIAL GEAR LUBRICANT ISO VG 220,industrial gear lubricant iso vg 220,Lubricants,Lubricant,IS 10522; ISO VG 220,Mineral Oil,ISO VG 220,,,,LTR,lubricant,lubricant,,mineral oil,Mineral Oil,ISO VG 220,,,,,,,,,,ISO VG 220; IS 10522,IS 10522; ISO VG 220,,,,,,,Precision Fasteners,PRE-332-99,LTR,10,False,,FAMILY_LUBRICANT; GRADE_FROM_STRUCTURED_FIELD; MANUFACTURER_FROM_FIELD; MATERIAL_MINERAL_OIL; PART_NO_FROM_FIELD; SIZE_VG_ISO_LUBE; STANDARD_FROM_SPECIFICATION; TYPE_FROM_MATERIAL_TYPE; UNIT_FROM_FIELD,description; specification; structured_field
HPCL-428825,HPCL,WELD NECK FLANGE 2 in ASTM A105,weld neck flange 2 in astm a105,Pipes & Fittings,Flange,ASME B16.5; 2 in; ASTM A105,ASTM A105,2 in,,,Bare,MTR,flange,weld neck flange,,,ASTM A105,2 in,,,,,,,,,,ASTM A105; ASME B16.5,ASME B16.5; 2 in; ASTM A105,bare,weld neck,,,,,National Bearing Works,NAT-865-76,MTR,11,True,material_grade: 'ASTM A105' vs 'A105',COATING_FROM_STRUCTURED_FIELD; CONNECTION_WELD_NECK; FAMILY_FLANGE; GRADE_A105; MANUFACTURER_FROM_FIELD; PART_NO_FROM_FIELD; SIZE_INCH; STANDARD_FROM_SPECIFICATION; TYPE_WELDNECK_FLANGE; UNIT_FROM_FIELD,description; specification; structured_field
ONGC-828842,ONGC,GATE VALVE FLANGED 2 in ASTM A216 WCB,gate valve flanged 2 in astm a216 wcb,Valves,Gate Valve,API 600; 2 in; ASTM A216 WCB,ASTM A216 WCB,2 in,,,Painted,NOS,valve,gate valve,,,ASTM A216 WCB,2 in,,,,,,,,,,ASTM A216 WCB; API 600,API 600; 2 in; ASTM A216 WCB,painted,flanged,,,,,Prime Electricals,PRI-803-30,NOS,11,True,material_grade: 'ASTM A216 WCB' vs 'WCB',COATING_FROM_STRUCTURED_FIELD; CONNECTION_FLANGED; FAMILY_VALVE; GRADE_A105; MANUFACTURER_FROM_FIELD; PART_NO_FROM_FIELD; SIZE_INCH; STANDARD_FROM_SPECIFICATION; TYPE_GATE_VALVE; UNIT_FROM_FIELD,description; specification; structured_field
IOCL-666055,IOCL,HYD HOSE 3/4 in 1000 MM,hyd hose 3/4 in 1000 mm,Hoses,Hydraulic Hose,SAE 100 R2; 3/4 in; 1000 mm,Synthetic Rubber,3/4 in,1000 mm,,Rubber,MTR,hose,hydraulic hose,,synthetic rubber,Synthetic Rubber,3/4 in,,1000 mm,,,,,,,,SAE 100 R2,SAE 100 R2; 3/4 in; 1000 mm,rubber,,,,,,Precision Fasteners,PRE-164-25,MTR,12,False,,COATING_FROM_STRUCTURED_FIELD; FAMILY_HOSE; GRADE_FROM_STRUCTURED_FIELD; LENGTH_FROM_FIELD; MANUFACTURER_FROM_FIELD; MATERIAL_SYNTHETIC_RUBBER; PART_NO_FROM_FIELD; SIZE_FRACTION_INCH; STANDARD_FROM_SPECIFICATION; TYPE_FROM_MATERIAL_TYPE; UNIT_FROM_FIELD,description; specification; structured_field
CPCL-256287,CPCL,XLPE CABLE 2.5 sq mm,xlpe cable 2.5 sq mm,Electrical,Cable,IS 7098; 2.5 sq mm; 1000 m,XLPE Copper,2.5 sq mm,1000 mm,,PVC,MTR,electrical,cable,,xlpe,XLPE Copper,2.5 sq mm,,1000 mm,,,,,,,,IS 7098,IS 7098; 2.5 sq mm; 1000 m,pvc,,,,,,National Bearing Works,NAT-267-72,MTR,12,False,,COATING_FROM_STRUCTURED_FIELD; FAMILY_ELECTRICAL; GRADE_FROM_STRUCTURED_FIELD; LENGTH_FROM_FIELD; MANUFACTURER_FROM_FIELD; MATERIAL_XLPE; PART_NO_FROM_FIELD; SIZE_SQMM_CABLE; STANDARD_FROM_SPECIFICATION; TYPE_FROM_MATERIAL_TYPE; UNIT_FROM_FIELD,description; specification; structured_field
ONGC-985759,ONGC,HRC CARTRIDGE 5 A,high rupturing capacity cartridge 5 a,Electrical,Fuse,IS 13703; 5 A,Ceramic,5 A,,,,MTR,electrical,fuse,,,Ceramic,5 A,,,,,,,,,,IS 13703,IS 13703; 5 A,,,,,,,Bharat Industrial Works,BHA-416-52,MTR,9,False,,FAMILY_ELECTRICAL; GRADE_FROM_STRUCTURED_FIELD; MANUFACTURER_FROM_FIELD; PART_NO_FROM_FIELD; SIZE_FROM_STRUCTURED_FIELD; STANDARD_FROM_SPECIFICATION; TYPE_FROM_MATERIAL_TYPE; UNIT_FROM_FIELD,description; specification; structured_field
ONGC-986280,ONGC,PLAIN WASHER M12 GALVANIZED,plain washer m12 galvanized,Fasteners,Washer,IS 2016; M12; Galvanized,Carbon Steel,M12,,,Galvanized,NOS,fastener,washer,,carbon steel,Carbon Steel,M12,,,,,,,,,,IS 2016,IS 2016; M12; Galvanized,galvanized,,,,,,Larsen Engineering,LAR-802-43,NOS,11,False,,COATING_FROM_STRUCTURED_FIELD; FAMILY_FASTENER; GRADE_FROM_STRUCTURED_FIELD; MANUFACTURER_FROM_FIELD; MATERIAL_CARBON_STEEL; PART_NO_FROM_FIELD; SIZE_METRIC_BOLT; STANDARD_FROM_SPECIFICATION; TYPE_FROM_MATERIAL_TYPE; UNIT_FROM_FIELD,description; specification; structured_field
HPCL-312170,HPCL,SWG 6 in,swg 6 in,Seals,Gasket,ASME B16.20; 6 in; Graphite/SS 316,Graphite/SS 316,6 in,,,SS,NOS,seal/gasket,gasket,,,Graphite/SS 316,6 in,,,,,,,,,,ASME B16.20,ASME B16.20; 6 in; Graphite/SS 316,stainless steel,,,,,,ABC Industrial Products,ABC-463-57,NOS,10,False,,COATING_FROM_STRUCTURED_FIELD; FAMILY_SEAL; GRADE_FROM_STRUCTURED_FIELD; MANUFACTURER_FROM_FIELD; PART_NO_FROM_FIELD; SIZE_INCH; STANDARD_FROM_SPECIFICATION; TYPE_FROM_MATERIAL_TYPE; UNIT_FROM_FIELD,description; specification; structured_field
HPCL-854723,HPCL,SPIRAL WOUND GASKET 2 in Graphite/SS 316,spiral wound gasket 2 in graphite/stainless steel 316,Seals,Gasket,ASME B16.20; 2 in; Graphite/SS 316,Graphite/SS 316,2 in,,,SS,NOS,seal/gasket,gasket,,stainless steel,Graphite/SS 316,2 in,,,,,,,,,,ASME B16.20,ASME B16.20; 2 in; Graphite/SS 316,stainless steel,,,,,,Eastern Cables,EAS-362-78,NOS,11,True,material_grade: 'Graphite/SS 316' vs 'SS 316'; material_type: 'gasket' vs 'spiral wound gasket',COATING_FROM_STRUCTURED_FIELD; FAMILY_SEAL; GRADE_FROM_STRUCTURED_FIELD; MANUFACTURER_FROM_FIELD; MATERIAL_STAINLESS_STEEL; PART_NO_FROM_FIELD; SIZE_INCH; STANDARD_FROM_SPECIFICATION; TYPE_FROM_MATERIAL_TYPE; UNIT_FROM_FIELD,description; specification; structured_field
HPCL-388409,HPCL,CARTRIDGE FUSE 63 A,cartridge fuse 63 a,Electrical,Fuse,IS 13703; 63 A,Ceramic,63 A,,,,MTR,electrical,fuse,,,Ceramic,63 A,,,,,,,,,,IS 13703,IS 13703; 63 A,,,,,,,Bharat Industrial Works,BHA-972-88,MTR,9,False,,FAMILY_ELECTRICAL; GRADE_FROM_STRUCTURED_FIELD; MANUFACTURER_FROM_FIELD; PART_NO_FROM_FIELD; SIZE_FROM_STRUCTURED_FIELD; STANDARD_FROM_SPECIFICATION; TYPE_FROM_MATERIAL_TYPE; UNIT_FROM_FIELD,description; specification; structured_field
ONGC-604446,ONGC,GATE VALVE FLANGED 1 in ASTM A216 WCB,gate valve flanged 1 in astm a216 wcb,Valves,Gate Valve,API 600; 1 in; ASTM A216 WCB,ASTM A216 WCB,1 in,,,Painted,NOS,valve,gate valve,,,ASTM A216 WCB,1 in,,,,,,,,,,ASTM A216 WCB; API 600,API 600; 1 in; ASTM A216 WCB,painted,flanged,,,,,Supreme Engineering,SUP-865-42,NOS,11,True,material_grade: 'ASTM A216 WCB' vs 'WCB',COATING_FROM_STRUCTURED_FIELD; CONNECTION_FLANGED; FAMILY_VALVE; GRADE_A105; MANUFACTURER_FROM_FIELD; PART_NO_FROM_FIELD; SIZE_INCH; STANDARD_FROM_SPECIFICATION; TYPE_GATE_VALVE; UNIT_FROM_FIELD,description; specification; structured_field
HPCL-836206,HPCL,90 DEGREE ELBOW 3 in ASME B16.9,90 degree elbow 3 in asme b16.9,Pipes & Fittings,Elbow,ASME B16.9; 3 in; ASTM A234 WPB,ASTM A234 WPB,3 in,,,Bare,MTR,pipe/fitting,elbow,,,ASTM A234 WPB,3 in,,,,,,,,,90°,ASTM A234; ASME B16.9,ASME B16.9; 3 in; ASTM A234 WPB,bare,,,,,,ABC Industrial Products,ABC-534-43,MTR,11,False,,COATING_FROM_STRUCTURED_FIELD; ELBOW_ANGLE; FAMILY_FITTING; GRADE_FROM_STRUCTURED_FIELD; MANUFACTURER_FROM_FIELD; PART_NO_FROM_FIELD; SIZE_INCH; STANDARD_FROM_SPECIFICATION; TYPE_FROM_MATERIAL_TYPE; UNIT_FROM_FIELD,description; specification; structured_field
IOCL-787944,IOCL,HRC CARTRIDGE 32 A,high rupturing capacity cartridge 32 a,Electrical,Fuse,IS 13703; 32 A,Ceramic,32 A,,,,MTR,electrical,fuse,,,Ceramic,32 A,,,,,,,,,,IS 13703,IS 13703; 32 A,,,,,,,Larsen Engineering,LAR-532-13,MTR,9,False,,FAMILY_ELECTRICAL; GRADE_FROM_STRUCTURED_FIELD; MANUFACTURER_FROM_FIELD; PART_NO_FROM_FIELD; SIZE_FROM_STRUCTURED_FIELD; STANDARD_FROM_SPECIFICATION; TYPE_FROM_MATERIAL_TYPE; UNIT_FROM_FIELD,description; specification; structured_field
ONGC-566399,ONGC,PRESSURE SAFETY VALVE 3 in,pressure safety valve 3 in,Safety,Safety Valve,API 526; 3 in; SS 316,SS 316,3 in,,,SS,NOS,safety,safety valve,,stainless steel,SS 316,3 in,,,,,,,,,,API 526,API 526; 3 in; SS 316,stainless steel,,,,,,Metro Pumps & Valves,MET-383-47,NOS,11,True,material_family: 'safety' vs 'valve',COATING_FROM_STRUCTURED_FIELD; FAMILY_SAFETY; GRADE_FROM_STRUCTURED_FIELD; MANUFACTURER_FROM_FIELD; MATERIAL_STAINLESS_STEEL; PART_NO_FROM_FIELD; SIZE_INCH; STANDARD_FROM_SPECIFICATION; TYPE_SAFETY_VALVE; UNIT_FROM_FIELD,description; specification; structured_field
ONGC-821663,ONGC,XLPE CABLE 16 sq mm,xlpe cable 16 sq mm,Electrical,Cable,IS 7098; 16 sq mm; 500 m,XLPE Copper,16 sq mm,500 mm,,PVC,MTR,electrical,cable,,xlpe,XLPE Copper,16 sq mm,,500 mm,,,,,,,,IS 7098,IS 7098; 16 sq mm; 500 m,pvc,,,,,,Shree Valves & Fittings,SHR-140-90,MTR,12,False,,COATING_FROM_STRUCTURED_FIELD; FAMILY_ELECTRICAL; GRADE_FROM_STRUCTURED_FIELD; LENGTH_FROM_FIELD; MANUFACTURER_FROM_FIELD; MATERIAL_XLPE; PART_NO_FROM_FIELD; SIZE_SQMM_CABLE; STANDARD_FROM_SPECIFICATION; TYPE_FROM_MATERIAL_TYPE; UNIT_FROM_FIELD,description; specification; structured_field
ONGC-117359,ONGC,HORIZONTAL CENTRIFUGAL PUMP 100 mm,horizontal centrifugal pump 100 mm,Pumps,Centrifugal Pump,API 610; 100 mm; SS 316,SS 316,100 mm,,,Painted,NOS,pump,centrifugal pump,,stainless steel,SS 316,100 mm,,,,,,,,,,API 610,API 610; 100 mm; SS 316,painted,,,,horizontal,,Larsen Engineering,LAR-367-22,NOS,12,False,,COATING_FROM_STRUCTURED_FIELD; FAMILY_PUMP; GRADE_FROM_STRUCTURED_FIELD; MANUFACTURER_FROM_FIELD; MATERIAL_STAINLESS_STEEL; ORIENTATION_HORIZONTAL; PART_NO_FROM_FIELD; SIZE_MM; STANDARD_FROM_SPECIFICATION; TYPE_CENTRIFUGAL_PUMP; UNIT_FROM_FIELD,description; specification; structured_field
CPCL-701640,CPCL,HRC CARTRIDGE 16 A,high rupturing capacity cartridge 16 a,Electrical,Fuse,IS 13703; 16 A,Ceramic,16 A,,,,MTR,electrical,fuse,,,Ceramic,16 A,,,,,,,,,,IS 13703,IS 13703; 16 A,,,,,,,Supreme Engineering,SUP-533-39,MTR,9,False,,FAMILY_ELECTRICAL; GRADE_FROM_STRUCTURED_FIELD; MANUFACTURER_FROM_FIELD; PART_NO_FROM_FIELD; SIZE_FROM_STRUCTURED_FIELD; STANDARD_FROM_SPECIFICATION; TYPE_FROM_MATERIAL_TYPE; UNIT_FROM_FIELD,description; specification; structured_field
IOCL-846221,IOCL,POWER CABLE 4 sq mm XLPE Copper,power cable 4 sq mm xlpe copper,Electrical,Cable,IS 7098; 4 sq mm; 500 m,XLPE Copper,4 sq mm,500 mm,,PVC,MTR,electrical,cable,,xlpe,XLPE Copper,4 sq mm,,500 mm,,,,,,,,IS 7098,IS 7098; 4 sq mm; 500 m,pvc,,,,,,Metro Pumps & Valves,MET-884-58,MTR,12,False,,COATING_FROM_STRUCTURED_FIELD; FAMILY_ELECTRICAL; GRADE_FROM_STRUCTURED_FIELD; LENGTH_FROM_FIELD; MANUFACTURER_FROM_FIELD; MATERIAL_XLPE; PART_NO_FROM_FIELD; SIZE_SQMM_CABLE; STANDARD_FROM_SPECIFICATION; TYPE_FROM_MATERIAL_TYPE; UNIT_FROM_FIELD,description; specification; structured_field
IOCL-217998,IOCL,HRC CARTRIDGE 2 A,high rupturing capacity cartridge 2 a,Electrical,Fuse,IS 13703; 2 A,Ceramic,2 A,,,,MTR,electrical,fuse,,,Ceramic,2 A,,,,,,,,,,IS 13703,IS 13703; 2 A,,,,,,,Apex Industrial Systems,APE-619-31,MTR,9,False,,FAMILY_ELECTRICAL; GRADE_FROM_STRUCTURED_FIELD; MANUFACTURER_FROM_FIELD; PART_NO_FROM_FIELD; SIZE_FROM_STRUCTURED_FIELD; STANDARD_FROM_SPECIFICATION; TYPE_FROM_MATERIAL_TYPE; UNIT_FROM_FIELD,description; specification; structured_field
HPCL-863445,HPCL,GATE VALVE 6 in API 600,gate valve 6 in api 600,Valves,Gate Valve,API 600; 6 in; ASTM A216 WCB,ASTM A216 WCB,6 in,,,Painted,NOS,valve,gate valve,,,ASTM A216 WCB,6 in,,,,,,,,,,ASTM A216 WCB; API 600,API 600; 6 in; ASTM A216 WCB,painted,,,,,,Metro Pumps & Valves,MET-766-18,NOS,10,False,,COATING_FROM_STRUCTURED_FIELD; FAMILY_VALVE; GRADE_FROM_STRUCTURED_FIELD; MANUFACTURER_FROM_FIELD; PART_NO_FROM_FIELD; SIZE_INCH; STANDARD_FROM_SPECIFICATION; TYPE_GATE_VALVE; UNIT_FROM_FIELD,description; specification; structured_field
ONGC-263844,ONGC,FLOATING BALL VALVE 3 in,floating ball valve 3 in,Valves,Ball Valve,API 608; 3 in; SS 316,SS 316,3 in,,,SS,NOS,valve,ball valve,,stainless steel,SS 316,3 in,,,,,,,,,,API 608,API 608; 3 in; SS 316,stainless steel,,,floating,,,Larsen Engineering,LAR-661-49,NOS,12,False,,COATING_FROM_STRUCTURED_FIELD; CONSTRUCTION_FLOATING; FAMILY_VALVE; GRADE_FROM_STRUCTURED_FIELD; MANUFACTURER_FROM_FIELD; MATERIAL_STAINLESS_STEEL; PART_NO_FROM_FIELD; SIZE_INCH; STANDARD_FROM_SPECIFICATION; TYPE_BALL_VALVE; UNIT_FROM_FIELD,description; specification; structured_field
HPCL-858417,HPCL,SAFETY VALVE 2 in,safety valve 2 in,Safety,Safety Valve,API 526; 2 in; SS 316,SS 316,2 in,,,SS,NOS,safety,safety valve,,stainless steel,SS 316,2 in,,,,,,,,,,API 526,API 526; 2 in; SS 316,stainless steel,,,,,,Bharat Industrial Works,BHA-294-78,NOS,11,True,material_family: 'safety' vs 'valve',COATING_FROM_STRUCTURED_FIELD; FAMILY_SAFETY; GRADE_FROM_STRUCTURED_FIELD; MANUFACTURER_FROM_FIELD; MATERIAL_STAINLESS_STEEL; PART_NO_FROM_FIELD; SIZE_INCH; STANDARD_FROM_SPECIFICATION; TYPE_SAFETY_VALVE; UNIT_FROM_FIELD,description; specification; structured_field
HPCL-726501,HPCL,CENTRIFUGAL PUMP 80 mm SS 316,centrifugal pump 80 mm stainless steel 316,Pumps,Centrifugal Pump,API 610; 80 mm; SS 316,SS 316,80 mm,,,Painted,NOS,pump,centrifugal pump,,stainless steel,SS 316,80 mm,,,,,,,,,,API 610,API 610; 80 mm; SS 316,painted,,,,,,Prime Electricals,PRI-593-33,NOS,11,False,,COATING_FROM_STRUCTURED_FIELD; FAMILY_PUMP; GRADE_SS316; MANUFACTURER_FROM_FIELD; MATERIAL_STAINLESS_STEEL; PART_NO_FROM_FIELD; SIZE_MM; STANDARD_FROM_SPECIFICATION; TYPE_CENTRIFUGAL_PUMP; UNIT_FROM_FIELD,description; specification; structured_field
IOCL-575114,IOCL,HYDRAULIC HOSE 1 in,hydraulic hose 1 in,Hoses,Hydraulic Hose,SAE 100 R2; 1 in; 1000 mm,Synthetic Rubber,1 in,1000 mm,,Rubber,MTR,hose,hydraulic hose,,synthetic rubber,Synthetic Rubber,1 in,,1000 mm,,,,,,,,SAE 100 R2,SAE 100 R2; 1 in; 1000 mm,rubber,,,,,,Metro Pumps & Valves,MET-748-63,MTR,12,False,,COATING_FROM_STRUCTURED_FIELD; FAMILY_HOSE; GRADE_FROM_STRUCTURED_FIELD; LENGTH_FROM_FIELD; MANUFACTURER_FROM_FIELD; MATERIAL_SYNTHETIC_RUBBER; PART_NO_FROM_FIELD; SIZE_INCH; STANDARD_FROM_SPECIFICATION; TYPE_FROM_MATERIAL_TYPE; UNIT_FROM_FIELD,description; specification; structured_field
HPCL-991557,HPCL,BALL BEARING 6208,ball bearing 6208,Bearings,Ball Bearing,ISO 15; Bearing 6208,Chrome Steel,6208,,,,NOS,bearing,ball bearing,,chrome steel,Chrome Steel,6208,,,,,,,,,,ISO 15,ISO 15; Bearing 6208,,,,,,6208,Supreme Engineering,SUP-471-97,NOS,11,False,,BEARING_NUMBER; FAMILY_BEARING; GRADE_FROM_STRUCTURED_FIELD; MANUFACTURER_FROM_FIELD; MATERIAL_CHROME_STEEL; PART_NO_FROM_FIELD; SIZE_FROM_STRUCTURED_FIELD; STANDARD_FROM_SPECIFICATION; TYPE_BALL_BEARING; UNIT_FROM_FIELD,description; specification; structured_field
CPCL-272566,CPCL,SAFETY VALVE 4 in,safety valve 4 in,Safety,Safety Valve,API 526; 4 in; SS 316,SS 316,4 in,,,SS,NOS,safety,safety valve,,stainless steel,SS 316,4 in,,,,,,,,,,API 526,API 526; 4 in; SS 316,stainless steel,,,,,,Supreme Engineering,SUP-174-14,NOS,11,True,material_family: 'safety' vs 'valve',COATING_FROM_STRUCTURED_FIELD; FAMILY_SAFETY; GRADE_FROM_STRUCTURED_FIELD; MANUFACTURER_FROM_FIELD; MATERIAL_STAINLESS_STEEL; PART_NO_FROM_FIELD; SIZE_INCH; STANDARD_FROM_SPECIFICATION; TYPE_SAFETY_VALVE; UNIT_FROM_FIELD,description; specification; structured_field
HPCL-616845,HPCL,HRC FUSE 5 A,high rupturing capacity fuse 5 a,Electrical,Fuse,IS 13703; 5 A,Ceramic,5 A,,,,MTR,electrical,fuse,,,Ceramic,5 A,,,,,,,,,,IS 13703,IS 13703; 5 A,,,,,,,Eastern Cables,EAS-804-91,MTR,9,False,,FAMILY_ELECTRICAL; GRADE_FROM_STRUCTURED_FIELD; MANUFACTURER_FROM_FIELD; PART_NO_FROM_FIELD; SIZE_FROM_STRUCTURED_FIELD; STANDARD_FROM_SPECIFICATION; TYPE_FROM_MATERIAL_TYPE; UNIT_FROM_FIELD,description; specification; structured_field
CPCL-196246,CPCL,HEX BOLT M10 X 40 MM ZINC PLATED,hexagonal bolt m10 x 40 mm zinc plated,Fasteners,Bolt,IS 1363; M10 x 40 mm; Zinc Plated,Carbon Steel,M10,40 mm,16 mm,Zinc Plated,NOS,fastener,bolt,hex,carbon steel,Carbon Steel,M10,,40 mm,,,16 mm,,,,,IS 1363,IS 1363; M10 x 40 mm; Zinc Plated,zinc plated,,,,,,Precision Fasteners,PRE-665-10,NOS,14,False,,COATING_FROM_STRUCTURED_FIELD; DIAMETER_FROM_FIELD; FAMILY_FASTENER; GRADE_FROM_STRUCTURED_FIELD; LENGTH_FROM_FIELD; MANUFACTURER_FROM_FIELD; MATERIAL_CARBON_STEEL; PART_NO_FROM_FIELD; SIZE_METRIC_BOLT; STANDARD_FROM_SPECIFICATION; SUBTYPE_HEX; TYPE_FROM_MATERIAL_TYPE; UNIT_FROM_FIELD,description; specification; structured_field
ONGC-800358,ONGC,PRESSURE SAFETY VALVE 2 in,pressure safety valve 2 in,Safety,Safety Valve,API 526; 2 in; SS 316,SS 316,2 in,,,SS,NOS,safety,safety valve,,stainless steel,SS 316,2 in,,,,,,,,,,API 526,API 526; 2 in; SS 316,stainless steel,,,,,,Hindustan Mechanical,HIN-515-71,NOS,11,True,material_family: 'safety' vs 'valve',COATING_FROM_STRUCTURED_FIELD; FAMILY_SAFETY; GRADE_FROM_STRUCTURED_FIELD; MANUFACTURER_FROM_FIELD; MATERIAL_STAINLESS_STEEL; PART_NO_FROM_FIELD; SIZE_INCH; STANDARD_FROM_SPECIFICATION; TYPE_SAFETY_VALVE; UNIT_FROM_FIELD,description; specification; structured_field
CPCL-158272,CPCL,PT100 RTD 3-wire 300,pt100 rtd 3-wire 300,Instrumentation,Temperature Sensor,IEC 60751; 3-wire; 300 mm,Pt100,3-wire,300 mm,10 mm,SS,NOS,instrumentation,temperature sensor,,,Pt100,3-wire,,300 mm,,,10 mm,,,,,IEC 60751,IEC 60751; 3-wire; 300 mm,stainless steel,,,,,,Apex Industrial Systems,APE-345-65,NOS,12,False,,COATING_FROM_STRUCTURED_FIELD; DIAMETER_FROM_FIELD; FAMILY_INSTRUMENTATION; GRADE_FROM_STRUCTURED_FIELD; LENGTH_FROM_FIELD; MANUFACTURER_FROM_FIELD; PART_NO_FROM_FIELD; SIZE_FROM_STRUCTURED_FIELD; STANDARD_FROM_SPECIFICATION; TYPE_FROM_MATERIAL_TYPE; UNIT_FROM_FIELD,specification; structured_field
HPCL-107608,HPCL,GATE VALVE 1 in API 600,gate valve 1 in api 600,Valves,Gate Valve,API 600; 1 in; ASTM A216 WCB,ASTM A216 WCB,1 in,,,Painted,NOS,valve,gate valve,,,ASTM A216 WCB,1 in,,,,,,,,,,ASTM A216 WCB; API 600,API 600; 1 in; ASTM A216 WCB,painted,,,,,,Shree Valves & Fittings,SHR-849-77,NOS,10,False,,COATING_FROM_STRUCTURED_FIELD; FAMILY_VALVE; GRADE_FROM_STRUCTURED_FIELD; MANUFACTURER_FROM_FIELD; PART_NO_FROM_FIELD; SIZE_INCH; STANDARD_FROM_SPECIFICATION; TYPE_GATE_VALVE; UNIT_FROM_FIELD,description; specification; structured_field
IOCL-595103,IOCL,SAFETY VALVE 1 in,safety valve 1 in,Safety,Safety Valve,API 526; 1 in; SS 316,SS 316,1 in,,,SS,NOS,safety,safety valve,,stainless steel,SS 316,1 in,,,,,,,,,,API 526,API 526; 1 in; SS 316,stainless steel,,,,,,Supreme Engineering,SUP-323-61,NOS,11,True,material_family: 'safety' vs 'valve',COATING_FROM_STRUCTURED_FIELD; FAMILY_SAFETY; GRADE_FROM_STRUCTURED_FIELD; MANUFACTURER_FROM_FIELD; MATERIAL_STAINLESS_STEEL; PART_NO_FROM_FIELD; SIZE_INCH; STANDARD_FROM_SPECIFICATION; TYPE_SAFETY_VALVE; UNIT_FROM_FIELD,description; specification; structured_field
ONGC-435805,ONGC,SWG 4 in,swg 4 in,Seals,Gasket,ASME B16.20; 4 in; Graphite/SS 316,Graphite/SS 316,4 in,,,SS,NOS,seal/gasket,gasket,,,Graphite/SS 316,4 in,,,,,,,,,,ASME B16.20,ASME B16.20; 4 in; Graphite/SS 316,stainless steel,,,,,,Prime Electricals,PRI-824-11,NOS,10,False,,COATING_FROM_STRUCTURED_FIELD; FAMILY_SEAL; GRADE_FROM_STRUCTURED_FIELD; MANUFACTURER_FROM_FIELD; PART_NO_FROM_FIELD; SIZE_INCH; STANDARD_FROM_SPECIFICATION; TYPE_FROM_MATERIAL_TYPE; UNIT_FROM_FIELD,description; specification; structured_field
ONGC-548462,ONGC,BALL BEARING 6209,ball bearing 6209,Bearings,Ball Bearing,ISO 15; Bearing 6209,Chrome Steel,6209,,,,NOS,bearing,ball bearing,,chrome steel,Chrome Steel,6209,,,,,,,,,,ISO 15,ISO 15; Bearing 6209,,,,,,6209,Supreme Engineering,SUP-235-61,NOS,11,False,,BEARING_NUMBER; FAMILY_BEARING; GRADE_FROM_STRUCTURED_FIELD; MANUFACTURER_FROM_FIELD; MATERIAL_CHROME_STEEL; PART_NO_FROM_FIELD; SIZE_FROM_STRUCTURED_FIELD; STANDARD_FROM_SPECIFICATION; TYPE_BALL_BEARING; UNIT_FROM_FIELD,description; specification; structured_field
IOCL-831826,IOCL,DEEP GROOVE BEARING 6202,deep groove bearing 6202,Bearings,Ball Bearing,ISO 15; Bearing 6202,Chrome Steel,6202,,,,NOS,bearing,ball bearing,deep groove,chrome steel,Chrome Steel,6202,,,,,,,,,,ISO 15,ISO 15; Bearing 6202,,,,,,6202,Supreme Engineering,SUP-503-52,NOS,12,False,,BEARING_NUMBER; FAMILY_BEARING; GRADE_FROM_STRUCTURED_FIELD; MANUFACTURER_FROM_FIELD; MATERIAL_CHROME_STEEL; PART_NO_FROM_FIELD; SIZE_FROM_STRUCTURED_FIELD; STANDARD_FROM_SPECIFICATION; SUBTYPE_DEEP_GROOVE; TYPE_BALL_BEARING; UNIT_FROM_FIELD,description; specification; structured_field
IOCL-924760,IOCL,WASHER M16 ZINC PLATED,washer m16 zinc plated,Fasteners,Washer,IS 2016; M16; Zinc Plated,Carbon Steel,M16,,,Zinc Plated,NOS,fastener,washer,,carbon steel,Carbon Steel,M16,,,,,,,,,,IS 2016,IS 2016; M16; Zinc Plated,zinc plated,,,,,,Precision Fasteners,PRE-442-19,NOS,11,False,,COATING_FROM_STRUCTURED_FIELD; FAMILY_FASTENER; GRADE_FROM_STRUCTURED_FIELD; MANUFACTURER_FROM_FIELD; MATERIAL_CARBON_STEEL; PART_NO_FROM_FIELD; SIZE_METRIC_BOLT; STANDARD_FROM_SPECIFICATION; TYPE_FROM_MATERIAL_TYPE; UNIT_FROM_FIELD,description; specification; structured_field
ONGC-721260,ONGC,GLOBE VALVE 4 in API 623,globe valve 4 in api 623,Valves,Globe Valve,API 623; 4 in; ASTM A216 WCB,ASTM A216 WCB,4 in,,,Painted,NOS,valve,globe valve,,,ASTM A216 WCB,4 in,,,,,,,,,,ASTM A216 WCB; API 623,API 623; 4 in; ASTM A216 WCB,painted,,,,,,Eastern Cables,EAS-319-35,NOS,10,False,,COATING_FROM_STRUCTURED_FIELD; FAMILY_VALVE; GRADE_FROM_STRUCTURED_FIELD; MANUFACTURER_FROM_FIELD; PART_NO_FROM_FIELD; SIZE_INCH; STANDARD_FROM_SPECIFICATION; TYPE_GLOBE_VALVE; UNIT_FROM_FIELD,description; specification; structured_field
CPCL-998038,CPCL,FLOATING BALL VALVE 4 in,floating ball valve 4 in,Valves,Ball Valve,API 608; 4 in; SS 316,SS 316,4 in,,,SS,NOS,valve,ball valve,,stainless steel,SS 316,4 in,,,,,,,,,,API 608,API 608; 4 in; SS 316,stainless steel,,,floating,,,Hindustan Mechanical,HIN-649-98,NOS,12,False,,COATING_FROM_STRUCTURED_FIELD; CONSTRUCTION_FLOATING; FAMILY_VALVE; GRADE_FROM_STRUCTURED_FIELD; MANUFACTURER_FROM_FIELD; MATERIAL_STAINLESS_STEEL; PART_NO_FROM_FIELD; SIZE_INCH; STANDARD_FROM_SPECIFICATION; TYPE_BALL_VALVE; UNIT_FROM_FIELD,description; specification; structured_field
ONGC-264380,ONGC,GATE VALVE FLANGED 2 in,gate valve flanged 2 in,Valves,Gate Valve,API 600; 2 in; ASTM A216 WCB,ASTM A216 WCB,2 in,,,Painted,NOS,valve,gate valve,,,ASTM A216 WCB,2 in,,,,,,,,,,ASTM A216 WCB; API 600,API 600; 2 in; ASTM A216 WCB,painted,flanged,,,,,ABC Industrial Products,ABC-746-77,NOS,11,False,,COATING_FROM_STRUCTURED_FIELD; CONNECTION_FLANGED; FAMILY_VALVE; GRADE_FROM_STRUCTURED_FIELD; MANUFACTURER_FROM_FIELD; PART_NO_FROM_FIELD; SIZE_INCH; STANDARD_FROM_SPECIFICATION; TYPE_GATE_VALVE; UNIT_FROM_FIELD,description; specification; structured_field
IOCL-118580,IOCL,SEAMLESS STEEL PIPE 1/2 in ASTM A106 Gr.B,seamless steel pipe 1/2 in astm a106 gr.b,Pipes & Fittings,Pipe,API 5L; 1/2 in; ASTM A106 Gr.B,ASTM A106 Gr.B,1/2 in,6000 mm,,Black,MTR,pipe/fitting,pipe,,,ASTM A106 Gr.B,1/2 in,,6000 mm,,,,,,,,ASTM A106 Gr.B; API 5L,API 5L; 1/2 in; ASTM A106 Gr.B,black,,,seamless,,,Prime Electricals,PRI-180-34,MTR,12,True,material_grade: 'ASTM A106 Gr.B' vs 'ASTM A106 GR.B'; material_grade: 'ASTM A106 Gr.B' vs 'A106',COATING_FROM_STRUCTURED_FIELD; CONSTRUCTION_SEAMLESS; FAMILY_PIPE; GRADE_FROM_STRUCTURED_FIELD; LENGTH_FROM_FIELD; MANUFACTURER_FROM_FIELD; PART_NO_FROM_FIELD; SIZE_FRACTION_INCH; STANDARD_FROM_SPECIFICATION; TYPE_FROM_MATERIAL_TYPE; UNIT_FROM_FIELD,description; specification; structured_field
ONGC-324943,ONGC,SEAMLESS STEEL PIPE 6 in ASTM A106 Gr.B,seamless steel pipe 6 in astm a106 gr.b,Pipes & Fittings,Pipe,API 5L; 6 in; ASTM A106 Gr.B,ASTM A106 Gr.B,6 in,6000 mm,,Black,MTR,pipe/fitting,pipe,,,ASTM A106 Gr.B,6 in,,6000 mm,,,,,,,,ASTM A106 Gr.B; API 5L,API 5L; 6 in; ASTM A106 Gr.B,black,,,seamless,,,ABC Industrial Products,ABC-780-90,MTR,12,True,material_grade: 'ASTM A106 Gr.B' vs 'ASTM A106 GR.B'; material_grade: 'ASTM A106 Gr.B' vs 'A106',COATING_FROM_STRUCTURED_FIELD; CONSTRUCTION_SEAMLESS; FAMILY_PIPE; GRADE_FROM_STRUCTURED_FIELD; LENGTH_FROM_FIELD; MANUFACTURER_FROM_FIELD; PART_NO_FROM_FIELD; SIZE_INCH; STANDARD_FROM_SPECIFICATION; TYPE_FROM_MATERIAL_TYPE; UNIT_FROM_FIELD,description; specification; structured_field
HPCL-370128,HPCL,GATE VALVE FLANGED 4 in ASTM A216 WCB,gate valve flanged 4 in astm a216 wcb,Valves,Gate Valve,API 600; 4 in; ASTM A216 WCB,ASTM A216 WCB,4 in,,,Painted,NOS,valve,gate valve,,,ASTM A216 WCB,4 in,,,,,,,,,,ASTM A216 WCB; API 600,API 600; 4 in; ASTM A216 WCB,painted,flanged,,,,,Hindustan Mechanical,HIN-165-14,NOS,11,True,material_grade: 'ASTM A216 WCB' vs 'WCB',COATING_FROM_STRUCTURED_FIELD; CONNECTION_FLANGED; FAMILY_VALVE; GRADE_A105; MANUFACTURER_FROM_FIELD; PART_NO_FROM_FIELD; SIZE_INCH; STANDARD_FROM_SPECIFICATION; TYPE_GATE_VALVE; UNIT_FROM_FIELD,description; specification; structured_field
HPCL-573002,HPCL,HORIZONTAL CENTRIFUGAL PUMP 40 mm,horizontal centrifugal pump 40 mm,Pumps,Centrifugal Pump,API 610; 40 mm; SS 316,SS 316,40 mm,,,Painted,NOS,pump,centrifugal pump,,stainless steel,SS 316,40 mm,,,,,,,,,,API 610,API 610; 40 mm; SS 316,painted,,,,horizontal,,Larsen Engineering,LAR-307-54,NOS,12,False,,COATING_FROM_STRUCTURED_FIELD; FAMILY_PUMP; GRADE_FROM_STRUCTURED_FIELD; MANUFACTURER_FROM_FIELD; MATERIAL_STAINLESS_STEEL; ORIENTATION_HORIZONTAL; PART_NO_FROM_FIELD; SIZE_MM; STANDARD_FROM_SPECIFICATION; TYPE_CENTRIFUGAL_PUMP; UNIT_FROM_FIELD,description; specification; structured_field
HPCL-486345,HPCL,PRESSURE RELIEF VALVE 4 in SS 316,pressure relief valve 4 in stainless steel 316,Safety,Safety Valve,API 526; 4 in; SS 316,SS 316,4 in,,,SS,NOS,safety,safety valve,,stainless steel,SS 316,4 in,,,,,,,,,,API 526,API 526; 4 in; SS 316,stainless steel,,,,,,Larsen Engineering,LAR-179-88,NOS,11,False,,COATING_FROM_STRUCTURED_FIELD; FAMILY_SAFETY; GRADE_SS316; MANUFACTURER_FROM_FIELD; MATERIAL_STAINLESS_STEEL; PART_NO_FROM_FIELD; SIZE_INCH; STANDARD_FROM_SPECIFICATION; TYPE_SAFETY_VALVE; UNIT_FROM_FIELD,description; specification; structured_field
CPCL-968413,CPCL,PLAIN WASHER M8 ZINC PLATED,plain washer m8 zinc plated,Fasteners,Washer,IS 2016; M8; Zinc Plated,Carbon Steel,M8,,,Zinc Plated,NOS,fastener,washer,,carbon steel,Carbon Steel,M8,,,,,,,,,,IS 2016,IS 2016; M8; Zinc Plated,zinc plated,,,,,,Larsen Engineering,LAR-231-20,NOS,11,False,,COATING_FROM_STRUCTURED_FIELD; FAMILY_FASTENER; GRADE_FROM_STRUCTURED_FIELD; MANUFACTURER_FROM_FIELD; MATERIAL_CARBON_STEEL; PART_NO_FROM_FIELD; SIZE_METRIC_BOLT; STANDARD_FROM_SPECIFICATION; TYPE_FROM_MATERIAL_TYPE; UNIT_FROM_FIELD,description; specification; structured_field
IOCL-671948,IOCL,FLOATING BALL VALVE 4 in,floating ball valve 4 in,Valves,Ball Valve,API 608; 4 in; SS 316,SS 316,4 in,,,SS,NOS,valve,ball valve,,stainless steel,SS 316,4 in,,,,,,,,,,API 608,API 608; 4 in; SS 316,stainless steel,,,floating,,,Shree Valves & Fittings,SHR-336-25,NOS,12,False,,COATING_FROM_STRUCTURED_FIELD; CONSTRUCTION_FLOATING; FAMILY_VALVE; GRADE_FROM_STRUCTURED_FIELD; MANUFACTURER_FROM_FIELD; MATERIAL_STAINLESS_STEEL; PART_NO_FROM_FIELD; SIZE_INCH; STANDARD_FROM_SPECIFICATION; TYPE_BALL_VALVE; UNIT_FROM_FIELD,description; specification; structured_field
HPCL-937769,HPCL,HEX NUT M20 ZINC PLATED,hexagonal nut m20 zinc plated,Fasteners,Nut,IS 1364; M20; Zinc Plated,Carbon Steel,M20,,,Zinc Plated,NOS,fastener,nut,hex,carbon steel,Carbon Steel,M20,,,,,,,,,,IS 1364,IS 1364; M20; Zinc Plated,zinc plated,,,,,,Prime Electricals,PRI-895-13,NOS,12,False,,COATING_FROM_STRUCTURED_FIELD; FAMILY_FASTENER; GRADE_FROM_STRUCTURED_FIELD; MANUFACTURER_FROM_FIELD; MATERIAL_CARBON_STEEL; PART_NO_FROM_FIELD; SIZE_METRIC_BOLT; STANDARD_FROM_SPECIFICATION; SUBTYPE_HEX; TYPE_FROM_MATERIAL_TYPE; UNIT_FROM_FIELD,description; specification; structured_field
HPCL-149251,HPCL,MATERIAL: HEX BOLT M16 X 60 MM,material: hexagonal bolt m16 x 60 mm,Fasteners,Bolt,IS 1363; M16 x 60 mm; Zinc Plated,Carbon Steel,M16,60 mm,10 mm,Zinc Plated,NOS,fastener,bolt,hex,carbon steel,Carbon Steel,M16,,60 mm,,,10 mm,,,,,IS 1363,IS 1363; M16 x 60 mm; Zinc Plated,zinc plated,,,,,,Hindustan Mechanical,HIN-454-20,NOS,14,False,,COATING_FROM_STRUCTURED_FIELD; DIAMETER_FROM_FIELD; FAMILY_FASTENER; GRADE_FROM_STRUCTURED_FIELD; LENGTH_FROM_FIELD; MANUFACTURER_FROM_FIELD; MATERIAL_CARBON_STEEL; PART_NO_FROM_FIELD; SIZE_METRIC_BOLT; STANDARD_FROM_SPECIFICATION; SUBTYPE_HEX; TYPE_FROM_MATERIAL_TYPE; UNIT_FROM_FIELD,description; specification; structured_field
IOCL-516009,IOCL,GEAR OIL ISO VG 320,gear oil iso vg 320,Lubricants,Lubricant,IS 10522; ISO VG 320,Mineral Oil,ISO VG 320,,,,LTR,lubricant,lubricant,,mineral oil,Mineral Oil,ISO VG 320,,,,,,,,,,ISO VG 320; IS 10522,IS 10522; ISO VG 320,,,,,,,Supreme Engineering,SUP-298-43,LTR,10,False,,FAMILY_LUBRICANT; GRADE_FROM_STRUCTURED_FIELD; MANUFACTURER_FROM_FIELD; MATERIAL_MINERAL_OIL; PART_NO_FROM_FIELD; SIZE_VG_ISO_LUBE; STANDARD_FROM_SPECIFICATION; TYPE_FROM_MATERIAL_TYPE; UNIT_FROM_FIELD,description; specification; structured_field
IOCL-979174,IOCL,GATE VALVE FLANGED 2 in ASTM A216 WCB,gate valve flanged 2 in astm a216 wcb,Valves,Gate Valve,API 600; 2 in; ASTM A216 WCB,ASTM A216 WCB,2 in,,,Painted,NOS,valve,gate valve,,,ASTM A216 WCB,2 in,,,,,,,,,,ASTM A216 WCB; API 600,API 600; 2 in; ASTM A216 WCB,painted,flanged,,,,,Prime Electricals,PRI-174-35,NOS,11,True,material_grade: 'ASTM A216 WCB' vs 'WCB',COATING_FROM_STRUCTURED_FIELD; CONNECTION_FLANGED; FAMILY_VALVE; GRADE_A105; MANUFACTURER_FROM_FIELD; PART_NO_FROM_FIELD; SIZE_INCH; STANDARD_FROM_SPECIFICATION; TYPE_GATE_VALVE; UNIT_FROM_FIELD,description; specification; structured_field
HPCL-497524,HPCL,POWER CABLE 35 sq mm XLPE Aluminium,power cable 35 sq mm xlpe aluminium,Electrical,Cable,IS 7098; 35 sq mm; 1000 m,XLPE Aluminium,35 sq mm,1000 mm,,PVC,MTR,electrical,cable,,xlpe,XLPE Aluminium,35 sq mm,,1000 mm,,,,,,,,IS 7098,IS 7098; 35 sq mm; 1000 m,pvc,,,,,,Bharat Industrial Works,BHA-745-66,MTR,12,False,,COATING_FROM_STRUCTURED_FIELD; FAMILY_ELECTRICAL; GRADE_FROM_STRUCTURED_FIELD; LENGTH_FROM_FIELD; MANUFACTURER_FROM_FIELD; MATERIAL_XLPE; PART_NO_FROM_FIELD; SIZE_SQMM_CABLE; STANDARD_FROM_SPECIFICATION; TYPE_FROM_MATERIAL_TYPE; UNIT_FROM_FIELD,description; specification; structured_field
CPCL-398155,CPCL,HRC FUSE 16 A,high rupturing capacity fuse 16 a,Electrical,Fuse,IS 13703; 16 A,Ceramic,16 A,,,,MTR,electrical,fuse,,,Ceramic,16 A,,,,,,,,,,IS 13703,IS 13703; 16 A,,,,,,,Hindustan Mechanical,HIN-576-74,MTR,9,False,,FAMILY_ELECTRICAL; GRADE_FROM_STRUCTURED_FIELD; MANUFACTURER_FROM_FIELD; PART_NO_FROM_FIELD; SIZE_FROM_STRUCTURED_FIELD; STANDARD_FROM_SPECIFICATION; TYPE_FROM_MATERIAL_TYPE; UNIT_FROM_FIELD,description; specification; structured_field
IOCL-122035,IOCL,RTD PT100 4-wire 300 MM,rtd pt100 4-wire 300 mm,Instrumentation,Temperature Sensor,IEC 60751; 4-wire; 300 mm,Pt100,4-wire,300 mm,6 mm,SS,NOS,instrumentation,temperature sensor,,,Pt100,4-wire,,300 mm,,,6 mm,,,,,IEC 60751,IEC 60751; 4-wire; 300 mm,stainless steel,,,,,,Eastern Cables,EAS-738-59,NOS,12,True,size: '4-wire' vs '300 mm',COATING_FROM_STRUCTURED_FIELD; DIAMETER_FROM_FIELD; FAMILY_INSTRUMENTATION; GRADE_FROM_STRUCTURED_FIELD; LENGTH_FROM_FIELD; MANUFACTURER_FROM_FIELD; PART_NO_FROM_FIELD; SIZE_FROM_STRUCTURED_FIELD; STANDARD_FROM_SPECIFICATION; TYPE_FROM_MATERIAL_TYPE; UNIT_FROM_FIELD,specification; structured_field
IOCL-451579,IOCL,SEAMLESS STEEL PIPE 1 in ASTM A106 Gr.B,seamless steel pipe 1 in astm a106 gr.b,Pipes & Fittings,Pipe,API 5L; 1 in; ASTM A106 Gr.B,ASTM A106 Gr.B,1 in,3000 mm,,Black,MTR,pipe/fitting,pipe,,,ASTM A106 Gr.B,1 in,,3000 mm,,,,,,,,ASTM A106 Gr.B; API 5L,API 5L; 1 in; ASTM A106 Gr.B,black,,,seamless,,,Shree Valves & Fittings,SHR-193-18,MTR,12,True,material_grade: 'ASTM A106 Gr.B' vs 'ASTM A106 GR.B'; material_grade: 'ASTM A106 Gr.B' vs 'A106',COATING_FROM_STRUCTURED_FIELD; CONSTRUCTION_SEAMLESS; FAMILY_PIPE; GRADE_FROM_STRUCTURED_FIELD; LENGTH_FROM_FIELD; MANUFACTURER_FROM_FIELD; PART_NO_FROM_FIELD; SIZE_INCH; STANDARD_FROM_SPECIFICATION; TYPE_FROM_MATERIAL_TYPE; UNIT_FROM_FIELD,description; specification; structured_field
CPCL-197838,CPCL,PRESSURE RELIEF VALVE 2 in SS 316,pressure relief valve 2 in stainless steel 316,Safety,Safety Valve,API 526; 2 in; SS 316,SS 316,2 in,,,SS,NOS,safety,safety valve,,stainless steel,SS 316,2 in,,,,,,,,,,API 526,API 526; 2 in; SS 316,stainless steel,,,,,,Larsen Engineering,LAR-984-23,NOS,11,False,,COATING_FROM_STRUCTURED_FIELD; FAMILY_SAFETY; GRADE_SS316; MANUFACTURER_FROM_FIELD; MATERIAL_STAINLESS_STEEL; PART_NO_FROM_FIELD; SIZE_INCH; STANDARD_FROM_SPECIFICATION; TYPE_SAFETY_VALVE; UNIT_FROM_FIELD,description; specification; structured_field
CPCL-450038,CPCL,CENTRIFUGAL PUMP 100 mm SS 316,centrifugal pump 100 mm stainless steel 316,Pumps,Centrifugal Pump,API 610; 100 mm; SS 316,SS 316,100 mm,,,Painted,NOS,pump,centrifugal pump,,stainless steel,SS 316,100 mm,,,,,,,,,,API 610,API 610; 100 mm; SS 316,painted,,,,,,Bharat Industrial Works,BHA-609-60,NOS,11,False,,COATING_FROM_STRUCTURED_FIELD; FAMILY_PUMP; GRADE_SS316; MANUFACTURER_FROM_FIELD; MATERIAL_STAINLESS_STEEL; PART_NO_FROM_FIELD; SIZE_MM; STANDARD_FROM_SPECIFICATION; TYPE_CENTRIFUGAL_PUMP; UNIT_FROM_FIELD,description; specification; structured_field
ONGC-289883,ONGC,HIGH PRESSURE HYDRAULIC HOSE 1/2 in,high pressure hydraulic hose 1/2 in,Hoses,Hydraulic Hose,SAE 100 R2; 1/2 in; 5000 mm,Synthetic Rubber,1/2 in,5000 mm,,Rubber,MTR,hose,hydraulic hose,,synthetic rubber,Synthetic Rubber,1/2 in,,5000 mm,,,,,,,,SAE 100 R2,SAE 100 R2; 1/2 in; 5000 mm,rubber,,,,,,Apex Industrial Systems,APE-311-49,MTR,12,False,,COATING_FROM_STRUCTURED_FIELD; FAMILY_HOSE; GRADE_FROM_STRUCTURED_FIELD; LENGTH_FROM_FIELD; MANUFACTURER_FROM_FIELD; MATERIAL_SYNTHETIC_RUBBER; PART_NO_FROM_FIELD; SIZE_FRACTION_INCH; STANDARD_FROM_SPECIFICATION; TYPE_FROM_MATERIAL_TYPE; UNIT_FROM_FIELD,description; specification; structured_field
IOCL-488163,IOCL,WELD NECK FLANGE 6 in ASTM A105,weld neck flange 6 in astm a105,Pipes & Fittings,Flange,ASME B16.5; 6 in; ASTM A105,ASTM A105,6 in,,,Bare,MTR,flange,weld neck flange,,,ASTM A105,6 in,,,,,,,,,,ASTM A105; ASME B16.5,ASME B16.5; 6 in; ASTM A105,bare,weld neck,,,,,Supreme Engineering,SUP-166-10,MTR,11,True,material_grade: 'ASTM A105' vs 'A105',COATING_FROM_STRUCTURED_FIELD; CONNECTION_WELD_NECK; FAMILY_FLANGE; GRADE_A105; MANUFACTURER_FROM_FIELD; PART_NO_FROM_FIELD; SIZE_INCH; STANDARD_FROM_SPECIFICATION; TYPE_WELDNECK_FLANGE; UNIT_FROM_FIELD,description; specification; structured_field
HPCL-947560,HPCL,INDUSTRIAL GEAR LUBRICANT ISO VG 220,industrial gear lubricant iso vg 220,Lubricants,Lubricant,IS 10522; ISO VG 220,Mineral Oil,ISO VG 220,,,,LTR,lubricant,lubricant,,mineral oil,Mineral Oil,ISO VG 220,,,,,,,,,,ISO VG 220; IS 10522,IS 10522; ISO VG 220,,,,,,,Eastern Cables,EAS-670-13,LTR,10,False,,FAMILY_LUBRICANT; GRADE_FROM_STRUCTURED_FIELD; MANUFACTURER_FROM_FIELD; MATERIAL_MINERAL_OIL; PART_NO_FROM_FIELD; SIZE_VG_ISO_LUBE; STANDARD_FROM_SPECIFICATION; TYPE_FROM_MATERIAL_TYPE; UNIT_FROM_FIELD,description; specification; structured_field
CPCL-881540,CPCL,RTD SENSOR 3-wire,rtd sensor 3-wire,Instrumentation,Temperature Sensor,IEC 60751; 3-wire; 500 mm,Pt100,3-wire,500 mm,6 mm,SS,NOS,instrumentation,temperature sensor,,,Pt100,3-wire,,500 mm,,,6 mm,,,,,IEC 60751,IEC 60751; 3-wire; 500 mm,stainless steel,,,,,,ABC Industrial Products,ABC-650-59,NOS,12,False,,COATING_FROM_STRUCTURED_FIELD; DIAMETER_FROM_FIELD; FAMILY_INSTRUMENTATION; GRADE_FROM_STRUCTURED_FIELD; LENGTH_FROM_FIELD; MANUFACTURER_FROM_FIELD; PART_NO_FROM_FIELD; SIZE_FROM_STRUCTURED_FIELD; STANDARD_FROM_SPECIFICATION; TYPE_FROM_MATERIAL_TYPE; UNIT_FROM_FIELD,specification; structured_field
IOCL-710365,IOCL,CARTRIDGE FUSE 16 A,cartridge fuse 16 a,Electrical,Fuse,IS 13703; 16 A,Ceramic,16 A,,,,MTR,electrical,fuse,,,Ceramic,16 A,,,,,,,,,,IS 13703,IS 13703; 16 A,,,,,,,Eastern Cables,EAS-530-87,MTR,9,False,,FAMILY_ELECTRICAL; GRADE_FROM_STRUCTURED_FIELD; MANUFACTURER_FROM_FIELD; PART_NO_FROM_FIELD; SIZE_FROM_STRUCTURED_FIELD; STANDARD_FROM_SPECIFICATION; TYPE_FROM_MATERIAL_TYPE; UNIT_FROM_FIELD,description; specification; structured_field
HPCL-394589,HPCL,EP GEAR OIL ISO VG 320,ep gear oil iso vg 320,Lubricants,Lubricant,IS 10522; ISO VG 320,Mineral Oil,ISO VG 320,,,,LTR,lubricant,lubricant,,mineral oil,Mineral Oil,ISO VG 320,,,,,,,,,,ISO VG 320; IS 10522,IS 10522; ISO VG 320,,,,,,,Apex Industrial Systems,APE-880-88,LTR,10,False,,FAMILY_LUBRICANT; GRADE_FROM_STRUCTURED_FIELD; MANUFACTURER_FROM_FIELD; MATERIAL_MINERAL_OIL; PART_NO_FROM_FIELD; SIZE_VG_ISO_LUBE; STANDARD_FROM_SPECIFICATION; TYPE_FROM_MATERIAL_TYPE; UNIT_FROM_FIELD,description; specification; structured_field
IOCL-331935,IOCL,PROCESS PUMP 100 mm,process pump 100 mm,Pumps,Centrifugal Pump,API 610; 100 mm; SS 316,SS 316,100 mm,,,Painted,NOS,pump,centrifugal pump,,stainless steel,SS 316,100 mm,,,,,,,,,,API 610,API 610; 100 mm; SS 316,painted,,,,,,ABC Industrial Products,ABC-967-41,NOS,11,False,,COATING_FROM_STRUCTURED_FIELD; FAMILY_PUMP; GRADE_FROM_STRUCTURED_FIELD; MANUFACTURER_FROM_FIELD; MATERIAL_STAINLESS_STEEL; PART_NO_FROM_FIELD; SIZE_MM; STANDARD_FROM_SPECIFICATION; TYPE_CENTRIFUGAL_PUMP; UNIT_FROM_FIELD,description; specification; structured_field
CPCL-301023,CPCL,WELD NECK FLANGE 1 in ASTM A105,weld neck flange 1 in astm a105,Pipes & Fittings,Flange,ASME B16.5; 1 in; ASTM A105,ASTM A105,1 in,,,Bare,MTR,flange,weld neck flange,,,ASTM A105,1 in,,,,,,,,,,ASTM A105; ASME B16.5,ASME B16.5; 1 in; ASTM A105,bare,weld neck,,,,,Apex Industrial Systems,APE-462-82,MTR,11,True,material_grade: 'ASTM A105' vs 'A105',COATING_FROM_STRUCTURED_FIELD; CONNECTION_WELD_NECK; FAMILY_FLANGE; GRADE_A105; MANUFACTURER_FROM_FIELD; PART_NO_FROM_FIELD; SIZE_INCH; STANDARD_FROM_SPECIFICATION; TYPE_WELDNECK_FLANGE; UNIT_FROM_FIELD,description; specification; structured_field
IOCL-609223,IOCL,WELD NECK FLANGE 4 in ASTM A105,weld neck flange 4 in astm a105,Pipes & Fittings,Flange,ASME B16.5; 4 in; ASTM A105,ASTM A105,4 in,,,Bare,MTR,flange,weld neck flange,,,ASTM A105,4 in,,,,,,,,,,ASTM A105; ASME B16.5,ASME B16.5; 4 in; ASTM A105,bare,weld neck,,,,,Metro Pumps & Valves,MET-508-41,MTR,11,True,material_grade: 'ASTM A105' vs 'A105',COATING_FROM_STRUCTURED_FIELD; CONNECTION_WELD_NECK; FAMILY_FLANGE; GRADE_A105; MANUFACTURER_FROM_FIELD; PART_NO_FROM_FIELD; SIZE_INCH; STANDARD_FROM_SPECIFICATION; TYPE_WELDNECK_FLANGE; UNIT_FROM_FIELD,description; specification; structured_field
IOCL-656942,IOCL,GATE VALVE 4 in API 600,gate valve 4 in api 600,Valves,Gate Valve,API 600; 4 in; ASTM A216 WCB,ASTM A216 WCB,4 in,,,Painted,NOS,valve,gate valve,,,ASTM A216 WCB,4 in,,,,,,,,,,ASTM A216 WCB; API 600,API 600; 4 in; ASTM A216 WCB,painted,,,,,,Supreme Engineering,SUP-935-78,NOS,10,False,,COATING_FROM_STRUCTURED_FIELD; FAMILY_VALVE; GRADE_FROM_STRUCTURED_FIELD; MANUFACTURER_FROM_FIELD; PART_NO_FROM_FIELD; SIZE_INCH; STANDARD_FROM_SPECIFICATION; TYPE_GATE_VALVE; UNIT_FROM_FIELD,description; specification; structured_field
IOCL-985673,IOCL,HYD HOSE 1 in 1000 MM,hyd hose 1 in 1000 mm,Hoses,Hydraulic Hose,SAE 100 R2; 1 in; 1000 mm,Synthetic Rubber,1 in,1000 mm,,Rubber,MTR,hose,hydraulic hose,,synthetic rubber,Synthetic Rubber,1 in,,1000 mm,,,,,,,,SAE 100 R2,SAE 100 R2; 1 in; 1000 mm,rubber,,,,,,Shree Valves & Fittings,SHR-845-22,MTR,12,False,,COATING_FROM_STRUCTURED_FIELD; FAMILY_HOSE; GRADE_FROM_STRUCTURED_FIELD; LENGTH_FROM_FIELD; MANUFACTURER_FROM_FIELD; MATERIAL_SYNTHETIC_RUBBER; PART_NO_FROM_FIELD; SIZE_INCH; STANDARD_FROM_SPECIFICATION; TYPE_FROM_MATERIAL_TYPE; UNIT_FROM_FIELD,description; specification; structured_field
ONGC-211779,ONGC,PIPE 1/2 in ASTM A106 Gr.B,pipe 1/2 in astm a106 gr.b,Pipes & Fittings,Pipe,API 5L; 1/2 in; ASTM A106 Gr.B,ASTM A106 Gr.B,1/2 in,3000 mm,,Bare,MTR,pipe/fitting,pipe,,,ASTM A106 Gr.B,1/2 in,,3000 mm,,,,,,,,ASTM A106 Gr.B; API 5L,API 5L; 1/2 in; ASTM A106 Gr.B,bare,,,,,,Shree Valves & Fittings,SHR-658-93,MTR,11,True,material_grade: 'ASTM A106 Gr.B' vs 'ASTM A106 GR.B'; material_grade: 'ASTM A106 Gr.B' vs 'A106',COATING_FROM_STRUCTURED_FIELD; FAMILY_PIPE; GRADE_FROM_STRUCTURED_FIELD; LENGTH_FROM_FIELD; MANUFACTURER_FROM_FIELD; PART_NO_FROM_FIELD; SIZE_FRACTION_INCH; STANDARD_FROM_SPECIFICATION; TYPE_FROM_MATERIAL_TYPE; UNIT_FROM_FIELD,description; specification; structured_field
CPCL-684606,CPCL,25 sq mm SQ MM POWER CABLE,25 sq mm sq mm power cable,Electrical,Cable,IS 7098; 25 sq mm; 100 m,XLPE Aluminium,25 sq mm,100 mm,,PVC,MTR,electrical,cable,,xlpe,XLPE Aluminium,25 sq mm,,100 mm,,,,,,,,IS 7098,IS 7098; 25 sq mm; 100 m,pvc,,,,,,Hindustan Mechanical,HIN-254-27,MTR,12,False,,COATING_FROM_STRUCTURED_FIELD; FAMILY_ELECTRICAL; GRADE_FROM_STRUCTURED_FIELD; LENGTH_FROM_FIELD; MANUFACTURER_FROM_FIELD; MATERIAL_XLPE; PART_NO_FROM_FIELD; SIZE_SQMM_CABLE; STANDARD_FROM_SPECIFICATION; TYPE_FROM_MATERIAL_TYPE; UNIT_FROM_FIELD,description; specification; structured_field
HPCL-395230,HPCL,DEEP GROOVE BEARING 6204,deep groove bearing 6204,Bearings,Ball Bearing,ISO 15; Bearing 6204,Chrome Steel,6204,,,,NOS,bearing,ball bearing,deep groove,chrome steel,Chrome Steel,6204,,,,,,,,,,ISO 15,ISO 15; Bearing 6204,,,,,,6204,Shree Valves & Fittings,SHR-386-52,NOS,12,False,,BEARING_NUMBER; FAMILY_BEARING; GRADE_FROM_STRUCTURED_FIELD; MANUFACTURER_FROM_FIELD; MATERIAL_CHROME_STEEL; PART_NO_FROM_FIELD; SIZE_FROM_STRUCTURED_FIELD; STANDARD_FROM_SPECIFICATION; SUBTYPE_DEEP_GROOVE; TYPE_BALL_BEARING; UNIT_FROM_FIELD,description; specification; structured_field
CPCL-102420,CPCL,M12 X 50 MM HEX HEAD BOLT ZINC PLATED,m12 x 50 mm hexagonal head bolt zinc plated,Fasteners,Bolt,IS 1363; M12 x 50 mm; Zinc Plated,Carbon Steel,M12,50 mm,20 mm,Zinc Plated,NOS,fastener,bolt,,carbon steel,Carbon Steel,M12,,50 mm,,,20 mm,,,,,IS 1363,IS 1363; M12 x 50 mm; Zinc Plated,zinc plated,,,,,,Eastern Cables,EAS-668-84,NOS,13,False,,COATING_FROM_STRUCTURED_FIELD; DIAMETER_FROM_FIELD; FAMILY_FASTENER; GRADE_FROM_STRUCTURED_FIELD; LENGTH_FROM_FIELD; MANUFACTURER_FROM_FIELD; MATERIAL_CARBON_STEEL; PART_NO_FROM_FIELD; SIZE_METRIC_BOLT; STANDARD_FROM_SPECIFICATION; TYPE_FROM_MATERIAL_TYPE; UNIT_FROM_FIELD,description; specification; structured_field
IOCL-932776,IOCL,HRC CARTRIDGE 16 A,high rupturing capacity cartridge 16 a,Electrical,Fuse,IS 13703; 16 A,Ceramic,16 A,,,,MTR,electrical,fuse,,,Ceramic,16 A,,,,,,,,,,IS 13703,IS 13703; 16 A,,,,,,,Hindustan Mechanical,HIN-114-93,MTR,9,False,,FAMILY_ELECTRICAL; GRADE_FROM_STRUCTURED_FIELD; MANUFACTURER_FROM_FIELD; PART_NO_FROM_FIELD; SIZE_FROM_STRUCTURED_FIELD; STANDARD_FROM_SPECIFICATION; TYPE_FROM_MATERIAL_TYPE; UNIT_FROM_FIELD,description; specification; structured_field
HPCL-302794,HPCL,PRESSURE SAFETY VALVE 2 in,pressure safety valve 2 in,Safety,Safety Valve,API 526; 2 in; SS 316,SS 316,2 in,,,SS,NOS,safety,safety valve,,stainless steel,SS 316,2 in,,,,,,,,,,API 526,API 526; 2 in; SS 316,stainless steel,,,,,,National Bearing Works,NAT-529-87,NOS,11,True,material_family: 'safety' vs 'valve',COATING_FROM_STRUCTURED_FIELD; FAMILY_SAFETY; GRADE_FROM_STRUCTURED_FIELD; MANUFACTURER_FROM_FIELD; MATERIAL_STAINLESS_STEEL; PART_NO_FROM_FIELD; SIZE_INCH; STANDARD_FROM_SPECIFICATION; TYPE_SAFETY_VALVE; UNIT_FROM_FIELD,description; specification; structured_field
IOCL-118081,IOCL,FLANGE 1 in ASTM A105,flange 1 in astm a105,Pipes & Fittings,Flange,ASME B16.5; 1 in; ASTM A105,ASTM A105,1 in,,,Bare,MTR,pipe/fitting,flange,,,ASTM A105,1 in,,,,,,,,,,ASTM A105; ASME B16.5,ASME B16.5; 1 in; ASTM A105,bare,,,,,,Bharat Industrial Works,BHA-101-73,MTR,10,True,material_grade: 'ASTM A105' vs 'A105',COATING_FROM_STRUCTURED_FIELD; FAMILY_PIPE; GRADE_A105; MANUFACTURER_FROM_FIELD; PART_NO_FROM_FIELD; SIZE_INCH; STANDARD_FROM_SPECIFICATION; TYPE_FROM_MATERIAL_TYPE; UNIT_FROM_FIELD,description; specification; structured_field
IOCL-431315,IOCL,WELD NECK FLANGE 4 in ASTM A105,weld neck flange 4 in astm a105,Pipes & Fittings,Flange,ASME B16.5; 4 in; ASTM A105,ASTM A105,4 in,,,Bare,MTR,flange,weld neck flange,,,ASTM A105,4 in,,,,,,,,,,ASTM A105; ASME B16.5,ASME B16.5; 4 in; ASTM A105,bare,weld neck,,,,,Shree Valves & Fittings,SHR-477-12,MTR,11,True,material_grade: 'ASTM A105' vs 'A105',COATING_FROM_STRUCTURED_FIELD; CONNECTION_WELD_NECK; FAMILY_FLANGE; GRADE_A105; MANUFACTURER_FROM_FIELD; PART_NO_FROM_FIELD; SIZE_INCH; STANDARD_FROM_SPECIFICATION; TYPE_WELDNECK_FLANGE; UNIT_FROM_FIELD,description; specification; structured_field
CPCL-998760,CPCL,M8 HEX NUT,m8 hexagonal nut,Fasteners,Nut,IS 1364; M8; Galvanized,Carbon Steel,M8,,,Galvanized,NOS,fastener,nut,hex,carbon steel,Carbon Steel,M8,,,,,,,,,,IS 1364,IS 1364; M8; Galvanized,galvanized,,,,,,Apex Industrial Systems,APE-489-88,NOS,12,False,,COATING_FROM_STRUCTURED_FIELD; FAMILY_FASTENER; GRADE_FROM_STRUCTURED_FIELD; MANUFACTURER_FROM_FIELD; MATERIAL_CARBON_STEEL; PART_NO_FROM_FIELD; SIZE_METRIC_BOLT; STANDARD_FROM_SPECIFICATION; SUBTYPE_HEX; TYPE_FROM_MATERIAL_TYPE; UNIT_FROM_FIELD,description; specification; structured_field
ONGC-903584,ONGC,PIPE 2 in ASTM A106 Gr.B,pipe 2 in astm a106 gr.b,Pipes & Fittings,Pipe,API 5L; 2 in; ASTM A106 Gr.B,ASTM A106 Gr.B,2 in,3000 mm,,Black,MTR,pipe/fitting,pipe,,,ASTM A106 Gr.B,2 in,,3000 mm,,,,,,,,ASTM A106 Gr.B; API 5L,API 5L; 2 in; ASTM A106 Gr.B,black,,,,,,Prime Electricals,PRI-629-85,MTR,11,True,material_grade: 'ASTM A106 Gr.B' vs 'ASTM A106 GR.B'; material_grade: 'ASTM A106 Gr.B' vs 'A106',COATING_FROM_STRUCTURED_FIELD; FAMILY_PIPE; GRADE_FROM_STRUCTURED_FIELD; LENGTH_FROM_FIELD; MANUFACTURER_FROM_FIELD; PART_NO_FROM_FIELD; SIZE_INCH; STANDARD_FROM_SPECIFICATION; TYPE_FROM_MATERIAL_TYPE; UNIT_FROM_FIELD,description; specification; structured_field
ONGC-444388,ONGC,HEX BOLT M8-100 ZINC PLATED,hexagonal bolt m8-100 zinc plated,Fasteners,Bolt,IS 1363; M8 x 100 mm; Zinc Plated,Carbon Steel,M8,100 mm,12 mm,Zinc Plated,NOS,fastener,bolt,hex,carbon steel,Carbon Steel,M8,,100 mm,,,12 mm,,,,,IS 1363,IS 1363; M8 x 100 mm; Zinc Plated,zinc plated,,,,,,Precision Fasteners,PRE-434-13,NOS,14,False,,COATING_FROM_STRUCTURED_FIELD; DIAMETER_FROM_FIELD; FAMILY_FASTENER; GRADE_FROM_STRUCTURED_FIELD; LENGTH_FROM_FIELD; MANUFACTURER_FROM_FIELD; MATERIAL_CARBON_STEEL; PART_NO_FROM_FIELD; SIZE_METRIC_BOLT; STANDARD_FROM_SPECIFICATION; SUBTYPE_HEX; TYPE_FROM_MATERIAL_TYPE; UNIT_FROM_FIELD,description; specification; structured_field
CPCL-732864,CPCL,SEAMLESS STEEL PIPE 2 in ASTM A106 Gr.B,seamless steel pipe 2 in astm a106 gr.b,Pipes & Fittings,Pipe,API 5L; 2 in; ASTM A106 Gr.B,ASTM A106 Gr.B,2 in,6000 mm,,Black,MTR,pipe/fitting,pipe,,,ASTM A106 Gr.B,2 in,,6000 mm,,,,,,,,ASTM A106 Gr.B; API 5L,API 5L; 2 in; ASTM A106 Gr.B,black,,,seamless,,,Prime Electricals,PRI-143-23,MTR,12,True,material_grade: 'ASTM A106 Gr.B' vs 'ASTM A106 GR.B'; material_grade: 'ASTM A106 Gr.B' vs 'A106',COATING_FROM_STRUCTURED_FIELD; CONSTRUCTION_SEAMLESS; FAMILY_PIPE; GRADE_FROM_STRUCTURED_FIELD; LENGTH_FROM_FIELD; MANUFACTURER_FROM_FIELD; PART_NO_FROM_FIELD; SIZE_INCH; STANDARD_FROM_SPECIFICATION; TYPE_FROM_MATERIAL_TYPE; UNIT_FROM_FIELD,description; specification; structured_field
ONGC-268930,ONGC,HRC CARTRIDGE 10 A,high rupturing capacity cartridge 10 a,Electrical,Fuse,IS 13703; 10 A,Ceramic,10 A,,,,MTR,electrical,fuse,,,Ceramic,10 A,,,,,,,,,,IS 13703,IS 13703; 10 A,,,,,,,Apex Industrial Systems,APE-275-73,MTR,9,False,,FAMILY_ELECTRICAL; GRADE_FROM_STRUCTURED_FIELD; MANUFACTURER_FROM_FIELD; PART_NO_FROM_FIELD; SIZE_FROM_STRUCTURED_FIELD; STANDARD_FROM_SPECIFICATION; TYPE_FROM_MATERIAL_TYPE; UNIT_FROM_FIELD,description; specification; structured_field
IOCL-169487,IOCL,HEX HEAD BOLT M20-30 MM GALVANIZED,hexagonal head bolt m20-30 mm galvanized,Fasteners,Bolt,IS 1363; M20 x 30 mm; Galvanized,Carbon Steel,M20,30 mm,16 mm,Galvanized,NOS,fastener,bolt,,carbon steel,Carbon Steel,M20,,30 mm,,,16 mm,,,,,IS 1363,IS 1363; M20 x 30 mm; Galvanized,galvanized,,,,,,Precision Fasteners,PRE-230-24,NOS,13,False,,COATING_FROM_STRUCTURED_FIELD; DIAMETER_FROM_FIELD; FAMILY_FASTENER; GRADE_FROM_STRUCTURED_FIELD; LENGTH_FROM_FIELD; MANUFACTURER_FROM_FIELD; MATERIAL_CARBON_STEEL; PART_NO_FROM_FIELD; SIZE_METRIC_BOLT; STANDARD_FROM_SPECIFICATION; TYPE_FROM_MATERIAL_TYPE; UNIT_FROM_FIELD,description; specification; structured_field
IOCL-317251,IOCL,WELD NECK FLANGE 1 in ASTM A105,weld neck flange 1 in astm a105,Pipes & Fittings,Flange,ASME B16.5; 1 in; ASTM A105,ASTM A105,1 in,,,Bare,MTR,flange,weld neck flange,,,ASTM A105,1 in,,,,,,,,,,ASTM A105; ASME B16.5,ASME B16.5; 1 in; ASTM A105,bare,weld neck,,,,,Shree Valves & Fittings,SHR-684-62,MTR,11,True,material_grade: 'ASTM A105' vs 'A105',COATING_FROM_STRUCTURED_FIELD; CONNECTION_WELD_NECK; FAMILY_FLANGE; GRADE_A105; MANUFACTURER_FROM_FIELD; PART_NO_FROM_FIELD; SIZE_INCH; STANDARD_FROM_SPECIFICATION; TYPE_WELDNECK_FLANGE; UNIT_FROM_FIELD,description; specification; structured_field
IOCL-700778,IOCL,PLAIN WASHER M16 GALVANIZED,plain washer m16 galvanized,Fasteners,Washer,IS 2016; M16; Galvanized,Carbon Steel,M16,,,Galvanized,NOS,fastener,washer,,carbon steel,Carbon Steel,M16,,,,,,,,,,IS 2016,IS 2016; M16; Galvanized,galvanized,,,,,,Eastern Cables,EAS-167-12,NOS,11,False,,COATING_FROM_STRUCTURED_FIELD; FAMILY_FASTENER; GRADE_FROM_STRUCTURED_FIELD; MANUFACTURER_FROM_FIELD; MATERIAL_CARBON_STEEL; PART_NO_FROM_FIELD; SIZE_METRIC_BOLT; STANDARD_FROM_SPECIFICATION; TYPE_FROM_MATERIAL_TYPE; UNIT_FROM_FIELD,description; specification; structured_field
HPCL-917471,HPCL,EP GEAR OIL EP 90,ep gear oil ep 90,Lubricants,Lubricant,IS 10522; EP 90,Mineral Oil,EP 90,,,,LTR,lubricant,lubricant,,mineral oil,Mineral Oil,EP 90,,,,,,,,,,IS 10522,IS 10522; EP 90,,,,,,,Hindustan Mechanical,HIN-664-23,LTR,10,False,,FAMILY_LUBRICANT; GRADE_FROM_STRUCTURED_FIELD; MANUFACTURER_FROM_FIELD; MATERIAL_MINERAL_OIL; PART_NO_FROM_FIELD; SIZE_VG_ISO_LUBE; STANDARD_FROM_SPECIFICATION; TYPE_FROM_MATERIAL_TYPE; UNIT_FROM_FIELD,description; specification; structured_field
HPCL-390500,HPCL,RTD SENSOR 4-wire,rtd sensor 4-wire,Instrumentation,Temperature Sensor,IEC 60751; 4-wire; 150 mm,Pt100,4-wire,150 mm,10 mm,SS,NOS,instrumentation,temperature sensor,,,Pt100,4-wire,,150 mm,,,10 mm,,,,,IEC 60751,IEC 60751; 4-wire; 150 mm,stainless steel,,,,,,Prime Electricals,PRI-839-20,NOS,12,False,,COATING_FROM_STRUCTURED_FIELD; DIAMETER_FROM_FIELD; FAMILY_INSTRUMENTATION; GRADE_FROM_STRUCTURED_FIELD; LENGTH_FROM_FIELD; MANUFACTURER_FROM_FIELD; PART_NO_FROM_FIELD; SIZE_FROM_STRUCTURED_FIELD; STANDARD_FROM_SPECIFICATION; TYPE_FROM_MATERIAL_TYPE; UNIT_FROM_FIELD,specification; structured_field
ONGC-890964,ONGC,PRESSURE GAUGE 0-25 bar,pressure gauge 0-25 bar,Instrumentation,Pressure Gauge,EN 837-1; Range 0-25 bar,SS 304,0-25 bar,,,SS,NOS,instrumentation,pressure gauge,,stainless steel,SS 304,0-25 bar,,,,,,,,,,EN 837-1,EN 837-1; Range 0-25 bar,stainless steel,,,,,,Supreme Engineering,SUP-671-81,NOS,11,False,,COATING_FROM_STRUCTURED_FIELD; FAMILY_INSTRUMENTATION; GRADE_FROM_STRUCTURED_FIELD; MANUFACTURER_FROM_FIELD; MATERIAL_STAINLESS_STEEL; PART_NO_FROM_FIELD; SIZE_PRESSURE_RANGE; STANDARD_FROM_SPECIFICATION; TYPE_FROM_MATERIAL_TYPE; UNIT_FROM_FIELD,description; specification; structured_field
ONGC-445985,ONGC,BALL BEARING 6205,ball bearing 6205,Bearings,Ball Bearing,ISO 15; Bearing 6205,Chrome Steel,6205,,,,NOS,bearing,ball bearing,,chrome steel,Chrome Steel,6205,,,,,,,,,,ISO 15,ISO 15; Bearing 6205,,,,,,6205,ABC Industrial Products,ABC-479-88,NOS,11,False,,BEARING_NUMBER; FAMILY_BEARING; GRADE_FROM_STRUCTURED_FIELD; MANUFACTURER_FROM_FIELD; MATERIAL_CHROME_STEEL; PART_NO_FROM_FIELD; SIZE_FROM_STRUCTURED_FIELD; STANDARD_FROM_SPECIFICATION; TYPE_BALL_BEARING; UNIT_FROM_FIELD,description; specification; structured_field
CPCL-559497,CPCL,HEXAGONAL NUT M8 ZINC PLATED,hexagonal nut m8 zinc plated,Fasteners,Nut,IS 1364; M8; Zinc Plated,Carbon Steel,M8,,,Zinc Plated,NOS,fastener,nut,hex,carbon steel,Carbon Steel,M8,,,,,,,,,,IS 1364,IS 1364; M8; Zinc Plated,zinc plated,,,,,,Apex Industrial Systems,APE-665-75,NOS,12,False,,COATING_FROM_STRUCTURED_FIELD; FAMILY_FASTENER; GRADE_FROM_STRUCTURED_FIELD; MANUFACTURER_FROM_FIELD; MATERIAL_CARBON_STEEL; PART_NO_FROM_FIELD; SIZE_METRIC_BOLT; STANDARD_FROM_SPECIFICATION; SUBTYPE_HEX; TYPE_FROM_MATERIAL_TYPE; UNIT_FROM_FIELD,description; specification; structured_field
IOCL-180775,IOCL,90 DEGREE ELBOW 6 in ASME B16.9,90 degree elbow 6 in asme b16.9,Pipes & Fittings,Elbow,ASME B16.9; 6 in; ASTM A234 WPB,ASTM A234 WPB,6 in,,,Bare,MTR,pipe/fitting,elbow,,,ASTM A234 WPB,6 in,,,,,,,,,90°,ASTM A234; ASME B16.9,ASME B16.9; 6 in; ASTM A234 WPB,bare,,,,,,Eastern Cables,EAS-639-14,MTR,11,False,,COATING_FROM_STRUCTURED_FIELD; ELBOW_ANGLE; FAMILY_FITTING; GRADE_FROM_STRUCTURED_FIELD; MANUFACTURER_FROM_FIELD; PART_NO_FROM_FIELD; SIZE_INCH; STANDARD_FROM_SPECIFICATION; TYPE_FROM_MATERIAL_TYPE; UNIT_FROM_FIELD,description; specification; structured_field
IOCL-999616,IOCL,FLOATING BALL VALVE 1 in,floating ball valve 1 in,Valves,Ball Valve,API 608; 1 in; SS 316,SS 316,1 in,,,SS,NOS,valve,ball valve,,stainless steel,SS 316,1 in,,,,,,,,,,API 608,API 608; 1 in; SS 316,stainless steel,,,floating,,,Larsen Engineering,LAR-768-93,NOS,12,False,,COATING_FROM_STRUCTURED_FIELD; CONSTRUCTION_FLOATING; FAMILY_VALVE; GRADE_FROM_STRUCTURED_FIELD; MANUFACTURER_FROM_FIELD; MATERIAL_STAINLESS_STEEL; PART_NO_FROM_FIELD; SIZE_INCH; STANDARD_FROM_SPECIFICATION; TYPE_BALL_VALVE; UNIT_FROM_FIELD,description; specification; structured_field
IOCL-216923,IOCL,WASHER M8 ZINC PLATED,washer m8 zinc plated,Fasteners,Washer,IS 2016; M8; Zinc Plated,Carbon Steel,M8,,,Zinc Plated,NOS,fastener,washer,,carbon steel,Carbon Steel,M8,,,,,,,,,,IS 2016,IS 2016; M8; Zinc Plated,zinc plated,,,,,,Prime Electricals,PRI-936-22,NOS,11,False,,COATING_FROM_STRUCTURED_FIELD; FAMILY_FASTENER; GRADE_FROM_STRUCTURED_FIELD; MANUFACTURER_FROM_FIELD; MATERIAL_CARBON_STEEL; PART_NO_FROM_FIELD; SIZE_METRIC_BOLT; STANDARD_FROM_SPECIFICATION; TYPE_FROM_MATERIAL_TYPE; UNIT_FROM_FIELD,description; specification; structured_field
ONGC-214087,ONGC,POWER CABLE 16 sq mm XLPE Aluminium,power cable 16 sq mm xlpe aluminium,Electrical,Cable,IS 7098; 16 sq mm; 500 m,XLPE Aluminium,16 sq mm,500 mm,,PVC,MTR,electrical,cable,,xlpe,XLPE Aluminium,16 sq mm,,500 mm,,,,,,,,IS 7098,IS 7098; 16 sq mm; 500 m,pvc,,,,,,Supreme Engineering,SUP-966-11,MTR,12,False,,COATING_FROM_STRUCTURED_FIELD; FAMILY_ELECTRICAL; GRADE_FROM_STRUCTURED_FIELD; LENGTH_FROM_FIELD; MANUFACTURER_FROM_FIELD; MATERIAL_XLPE; PART_NO_FROM_FIELD; SIZE_SQMM_CABLE; STANDARD_FROM_SPECIFICATION; TYPE_FROM_MATERIAL_TYPE; UNIT_FROM_FIELD,description; specification; structured_field
CPCL-171862,CPCL,WELD NECK FLANGE 6 in ASTM A105,weld neck flange 6 in astm a105,Pipes & Fittings,Flange,ASME B16.5; 6 in; ASTM A105,ASTM A105,6 in,,,Bare,MTR,flange,weld neck flange,,,ASTM A105,6 in,,,,,,,,,,ASTM A105; ASME B16.5,ASME B16.5; 6 in; ASTM A105,bare,weld neck,,,,,National Bearing Works,NAT-435-44,MTR,11,True,material_grade: 'ASTM A105' vs 'A105',COATING_FROM_STRUCTURED_FIELD; CONNECTION_WELD_NECK; FAMILY_FLANGE; GRADE_A105; MANUFACTURER_FROM_FIELD; PART_NO_FROM_FIELD; SIZE_INCH; STANDARD_FROM_SPECIFICATION; TYPE_WELDNECK_FLANGE; UNIT_FROM_FIELD,description; specification; structured_field
ONGC-823306,ONGC,EP GEAR OIL ISO VG 320,ep gear oil iso vg 320,Lubricants,Lubricant,IS 10522; ISO VG 320,Mineral Oil,ISO VG 320,,,,LTR,lubricant,lubricant,,mineral oil,Mineral Oil,ISO VG 320,,,,,,,,,,ISO VG 320; IS 10522,IS 10522; ISO VG 320,,,,,,,Hindustan Mechanical,HIN-781-27,LTR,10,False,,FAMILY_LUBRICANT; GRADE_FROM_STRUCTURED_FIELD; MANUFACTURER_FROM_FIELD; MATERIAL_MINERAL_OIL; PART_NO_FROM_FIELD; SIZE_VG_ISO_LUBE; STANDARD_FROM_SPECIFICATION; TYPE_FROM_MATERIAL_TYPE; UNIT_FROM_FIELD,description; specification; structured_field
HPCL-586040,HPCL,WELD NECK FLANGE 1 in ASTM A105,weld neck flange 1 in astm a105,Pipes & Fittings,Flange,ASME B16.5; 1 in; ASTM A105,ASTM A105,1 in,,,Bare,MTR,flange,weld neck flange,,,ASTM A105,1 in,,,,,,,,,,ASTM A105; ASME B16.5,ASME B16.5; 1 in; ASTM A105,bare,weld neck,,,,,Hindustan Mechanical,HIN-568-52,MTR,11,True,material_grade: 'ASTM A105' vs 'A105',COATING_FROM_STRUCTURED_FIELD; CONNECTION_WELD_NECK; FAMILY_FLANGE; GRADE_A105; MANUFACTURER_FROM_FIELD; PART_NO_FROM_FIELD; SIZE_INCH; STANDARD_FROM_SPECIFICATION; TYPE_WELDNECK_FLANGE; UNIT_FROM_FIELD,description; specification; structured_field
ONGC-743395,ONGC,HEXAGONAL HEAD BOLT M8 X 75,hexagonal head bolt m8 x 75,Fasteners,Bolt,IS 1363; M8 x 75 mm; Zinc Plated,Carbon Steel,M8,75 mm,12 mm,Zinc Plated,NOS,fastener,bolt,,carbon steel,Carbon Steel,M8,,75 mm,,,12 mm,,,,,IS 1363,IS 1363; M8 x 75 mm; Zinc Plated,zinc plated,,,,,,Apex Industrial Systems,APE-870-54,NOS,13,False,,COATING_FROM_STRUCTURED_FIELD; DIAMETER_FROM_FIELD; FAMILY_FASTENER; GRADE_FROM_STRUCTURED_FIELD; LENGTH_FROM_FIELD; MANUFACTURER_FROM_FIELD; MATERIAL_CARBON_STEEL; PART_NO_FROM_FIELD; SIZE_METRIC_BOLT; STANDARD_FROM_SPECIFICATION; TYPE_FROM_MATERIAL_TYPE; UNIT_FROM_FIELD,description; specification; structured_field
CPCL-276156,CPCL,ELBOW 6 in ASTM A234 WPB,elbow 6 in astm a234 wpb,Pipes & Fittings,Elbow,ASME B16.9; 6 in; ASTM A234 WPB,ASTM A234 WPB,6 in,,,Bare,MTR,pipe/fitting,elbow,,,ASTM A234 WPB,6 in,,,,,,,,,,ASTM A234; ASME B16.9,ASME B16.9; 6 in; ASTM A234 WPB,bare,,,,,,ABC Industrial Products,ABC-765-39,MTR,10,True,material_grade: 'ASTM A234 WPB' vs 'ASTM A234'; material_grade: 'ASTM A234 WPB' vs 'WPB',COATING_FROM_STRUCTURED_FIELD; FAMILY_FITTING; GRADE_FROM_STRUCTURED_FIELD; MANUFACTURER_FROM_FIELD; PART_NO_FROM_FIELD; SIZE_INCH; STANDARD_FROM_SPECIFICATION; TYPE_FROM_MATERIAL_TYPE; UNIT_FROM_FIELD,description; specification; structured_field
ONGC-640312,ONGC,BALL VALVE 1/2 in API 608,ball valve 1/2 in api 608,Valves,Ball Valve,API 608; 1/2 in; SS 316,SS 316,1/2 in,,,SS,NOS,valve,ball valve,,stainless steel,SS 316,1/2 in,,,,,,,,,,API 608,API 608; 1/2 in; SS 316,stainless steel,,,,,,National Bearing Works,NAT-790-73,NOS,11,False,,COATING_FROM_STRUCTURED_FIELD; FAMILY_VALVE; GRADE_FROM_STRUCTURED_FIELD; MANUFACTURER_FROM_FIELD; MATERIAL_STAINLESS_STEEL; PART_NO_FROM_FIELD; SIZE_FRACTION_INCH; STANDARD_FROM_SPECIFICATION; TYPE_BALL_VALVE; UNIT_FROM_FIELD,description; specification; structured_field
CPCL-456045,CPCL,FLAT WASHER M10,flat washer m10,Fasteners,Washer,IS 2016; M10; Zinc Plated,Carbon Steel,M10,,,Zinc Plated,NOS,fastener,washer,,carbon steel,Carbon Steel,M10,,,,,,,,,,IS 2016,IS 2016; M10; Zinc Plated,zinc plated,,,,,,National Bearing Works,NAT-876-80,NOS,11,False,,COATING_FROM_STRUCTURED_FIELD; FAMILY_FASTENER; GRADE_FROM_STRUCTURED_FIELD; MANUFACTURER_FROM_FIELD; MATERIAL_CARBON_STEEL; PART_NO_FROM_FIELD; SIZE_METRIC_BOLT; STANDARD_FROM_SPECIFICATION; TYPE_FROM_MATERIAL_TYPE; UNIT_FROM_FIELD,description; specification; structured_field
HPCL-151331,HPCL,HEX NUT M8 GALVANIZED,hexagonal nut m8 galvanized,Fasteners,Nut,IS 1364; M8; Galvanized,Carbon Steel,M8,,,Galvanized,NOS,fastener,nut,hex,carbon steel,Carbon Steel,M8,,,,,,,,,,IS 1364,IS 1364; M8; Galvanized,galvanized,,,,,,Eastern Cables,EAS-154-90,NOS,12,False,,COATING_FROM_STRUCTURED_FIELD; FAMILY_FASTENER; GRADE_FROM_STRUCTURED_FIELD; MANUFACTURER_FROM_FIELD; MATERIAL_CARBON_STEEL; PART_NO_FROM_FIELD; SIZE_METRIC_BOLT; STANDARD_FROM_SPECIFICATION; SUBTYPE_HEX; TYPE_FROM_MATERIAL_TYPE; UNIT_FROM_FIELD,description; specification; structured_field
IOCL-846001,IOCL,SPIRAL WOUND GASKET 1 in Graphite/SS 316,spiral wound gasket 1 in graphite/stainless steel 316,Seals,Gasket,ASME B16.20; 1 in; Graphite/SS 316,Graphite/SS 316,1 in,,,SS,NOS,seal/gasket,gasket,,stainless steel,Graphite/SS 316,1 in,,,,,,,,,,ASME B16.20,ASME B16.20; 1 in; Graphite/SS 316,stainless steel,,,,,,National Bearing Works,NAT-923-15,NOS,11,True,material_grade: 'Graphite/SS 316' vs 'SS 316'; material_type: 'gasket' vs 'spiral wound gasket',COATING_FROM_STRUCTURED_FIELD; FAMILY_SEAL; GRADE_FROM_STRUCTURED_FIELD; MANUFACTURER_FROM_FIELD; MATERIAL_STAINLESS_STEEL; PART_NO_FROM_FIELD; SIZE_INCH; STANDARD_FROM_SPECIFICATION; TYPE_FROM_MATERIAL_TYPE; UNIT_FROM_FIELD,description; specification; structured_field
IOCL-220130,IOCL,PRESSURE GAUGE 0-25 bar,pressure gauge 0-25 bar,Instrumentation,Pressure Gauge,EN 837-1; Range 0-25 bar,SS 304,0-25 bar,,,SS,NOS,instrumentation,pressure gauge,,stainless steel,SS 304,0-25 bar,,,,,,,,,,EN 837-1,EN 837-1; Range 0-25 bar,stainless steel,,,,,,Shree Valves & Fittings,SHR-840-81,NOS,11,False,,COATING_FROM_STRUCTURED_FIELD; FAMILY_INSTRUMENTATION; GRADE_FROM_STRUCTURED_FIELD; MANUFACTURER_FROM_FIELD; MATERIAL_STAINLESS_STEEL; PART_NO_FROM_FIELD; SIZE_PRESSURE_RANGE; STANDARD_FROM_SPECIFICATION; TYPE_FROM_MATERIAL_TYPE; UNIT_FROM_FIELD,description; specification; structured_field
IOCL-625167,IOCL,FLOATING BALL VALVE 1 in,floating ball valve 1 in,Valves,Ball Valve,API 608; 1 in; SS 316,SS 316,1 in,,,SS,NOS,valve,ball valve,,stainless steel,SS 316,1 in,,,,,,,,,,API 608,API 608; 1 in; SS 316,stainless steel,,,floating,,,ABC Industrial Products,ABC-794-24,NOS,12,False,,COATING_FROM_STRUCTURED_FIELD; CONSTRUCTION_FLOATING; FAMILY_VALVE; GRADE_FROM_STRUCTURED_FIELD; MANUFACTURER_FROM_FIELD; MATERIAL_STAINLESS_STEEL; PART_NO_FROM_FIELD; SIZE_INCH; STANDARD_FROM_SPECIFICATION; TYPE_BALL_VALVE; UNIT_FROM_FIELD,description; specification; structured_field
HPCL-740101,HPCL,SEAMLESS STEEL PIPE 3 in ASTM A106 Gr.B,seamless steel pipe 3 in astm a106 gr.b,Pipes & Fittings,Pipe,API 5L; 3 in; ASTM A106 Gr.B,ASTM A106 Gr.B,3 in,6000 mm,,Black,MTR,pipe/fitting,pipe,,,ASTM A106 Gr.B,3 in,,6000 mm,,,,,,,,ASTM A106 Gr.B; API 5L,API 5L; 3 in; ASTM A106 Gr.B,black,,,seamless,,,Shree Valves & Fittings,SHR-550-20,MTR,12,True,material_grade: 'ASTM A106 Gr.B' vs 'ASTM A106 GR.B'; material_grade: 'ASTM A106 Gr.B' vs 'A106',COATING_FROM_STRUCTURED_FIELD; CONSTRUCTION_SEAMLESS; FAMILY_PIPE; GRADE_FROM_STRUCTURED_FIELD; LENGTH_FROM_FIELD; MANUFACTURER_FROM_FIELD; PART_NO_FROM_FIELD; SIZE_INCH; STANDARD_FROM_SPECIFICATION; TYPE_FROM_MATERIAL_TYPE; UNIT_FROM_FIELD,description; specification; structured_field
CPCL-801112,CPCL,GLOBE VALVE FLANGED 1 in,globe valve flanged 1 in,Valves,Globe Valve,API 623; 1 in; ASTM A216 WCB,ASTM A216 WCB,1 in,,,Painted,NOS,valve,globe valve,,,ASTM A216 WCB,1 in,,,,,,,,,,ASTM A216 WCB; API 623,API 623; 1 in; ASTM A216 WCB,painted,flanged,,,,,Eastern Cables,EAS-859-22,NOS,11,False,,COATING_FROM_STRUCTURED_FIELD; CONNECTION_FLANGED; FAMILY_VALVE; GRADE_FROM_STRUCTURED_FIELD; MANUFACTURER_FROM_FIELD; PART_NO_FROM_FIELD; SIZE_INCH; STANDARD_FROM_SPECIFICATION; TYPE_GLOBE_VALVE; UNIT_FROM_FIELD,description; specification; structured_field
CPCL-603934,CPCL,GLOBE VALVE 3 in API 623,globe valve 3 in api 623,Valves,Globe Valve,API 623; 3 in; ASTM A216 WCB,ASTM A216 WCB,3 in,,,Painted,NOS,valve,globe valve,,,ASTM A216 WCB,3 in,,,,,,,,,,ASTM A216 WCB; API 623,API 623; 3 in; ASTM A216 WCB,painted,,,,,,Eastern Cables,EAS-429-72,NOS,10,False,,COATING_FROM_STRUCTURED_FIELD; FAMILY_VALVE; GRADE_FROM_STRUCTURED_FIELD; MANUFACTURER_FROM_FIELD; PART_NO_FROM_FIELD; SIZE_INCH; STANDARD_FROM_SPECIFICATION; TYPE_GLOBE_VALVE; UNIT_FROM_FIELD,description; specification; structured_field
IOCL-788079,IOCL,RTD PT100 4-wire 300 MM,rtd pt100 4-wire 300 mm,Instrumentation,Temperature Sensor,IEC 60751; 4-wire; 300 mm,Pt100,4-wire,300 mm,6 mm,SS,NOS,instrumentation,temperature sensor,,,Pt100,4-wire,,300 mm,,,6 mm,,,,,IEC 60751,IEC 60751; 4-wire; 300 mm,stainless steel,,,,,,Larsen Engineering,LAR-940-94,NOS,12,True,size: '4-wire' vs '300 mm',COATING_FROM_STRUCTURED_FIELD; DIAMETER_FROM_FIELD; FAMILY_INSTRUMENTATION; GRADE_FROM_STRUCTURED_FIELD; LENGTH_FROM_FIELD; MANUFACTURER_FROM_FIELD; PART_NO_FROM_FIELD; SIZE_FROM_STRUCTURED_FIELD; STANDARD_FROM_SPECIFICATION; TYPE_FROM_MATERIAL_TYPE; UNIT_FROM_FIELD,specification; structured_field
ONGC-586058,ONGC,HRC FUSE 5 A,high rupturing capacity fuse 5 a,Electrical,Fuse,IS 13703; 5 A,Ceramic,5 A,,,,MTR,electrical,fuse,,,Ceramic,5 A,,,,,,,,,,IS 13703,IS 13703; 5 A,,,,,,,ABC Industrial Products,ABC-648-17,MTR,9,False,,FAMILY_ELECTRICAL; GRADE_FROM_STRUCTURED_FIELD; MANUFACTURER_FROM_FIELD; PART_NO_FROM_FIELD; SIZE_FROM_STRUCTURED_FIELD; STANDARD_FROM_SPECIFICATION; TYPE_FROM_MATERIAL_TYPE; UNIT_FROM_FIELD,description; specification; structured_field
IOCL-307579,IOCL,HRC CARTRIDGE 5 A,high rupturing capacity cartridge 5 a,Electrical,Fuse,IS 13703; 5 A,Ceramic,5 A,,,,MTR,electrical,fuse,,,Ceramic,5 A,,,,,,,,,,IS 13703,IS 13703; 5 A,,,,,,,National Bearing Works,NAT-103-22,MTR,9,False,,FAMILY_ELECTRICAL; GRADE_FROM_STRUCTURED_FIELD; MANUFACTURER_FROM_FIELD; PART_NO_FROM_FIELD; SIZE_FROM_STRUCTURED_FIELD; STANDARD_FROM_SPECIFICATION; TYPE_FROM_MATERIAL_TYPE; UNIT_FROM_FIELD,description; specification; structured_field
CPCL-565820,CPCL,BALL VALVE 4 in API 608,ball valve 4 in api 608,Valves,Ball Valve,API 608; 4 in; SS 316,SS 316,4 in,,,SS,NOS,valve,ball valve,,stainless steel,SS 316,4 in,,,,,,,,,,API 608,API 608; 4 in; SS 316,stainless steel,,,,,,Metro Pumps & Valves,MET-647-75,NOS,11,False,,COATING_FROM_STRUCTURED_FIELD; FAMILY_VALVE; GRADE_FROM_STRUCTURED_FIELD; MANUFACTURER_FROM_FIELD; MATERIAL_STAINLESS_STEEL; PART_NO_FROM_FIELD; SIZE_INCH; STANDARD_FROM_SPECIFICATION; TYPE_BALL_VALVE; UNIT_FROM_FIELD,description; specification; structured_field
ONGC-462567,ONGC,GEAR OIL EP 90,gear oil ep 90,Lubricants,Lubricant,IS 10522; EP 90,Mineral Oil,EP 90,,,,LTR,lubricant,lubricant,,mineral oil,Mineral Oil,EP 90,,,,,,,,,,IS 10522,IS 10522; EP 90,,,,,,,ABC Industrial Products,ABC-412-93,LTR,10,False,,FAMILY_LUBRICANT; GRADE_FROM_STRUCTURED_FIELD; MANUFACTURER_FROM_FIELD; MATERIAL_MINERAL_OIL; PART_NO_FROM_FIELD; SIZE_VG_ISO_LUBE; STANDARD_FROM_SPECIFICATION; TYPE_FROM_MATERIAL_TYPE; UNIT_FROM_FIELD,description; specification; structured_field
HPCL-885270,HPCL,MATERIAL: HEX BOLT M16 X 40 MM,material: hexagonal bolt m16 x 40 mm,Fasteners,Bolt,IS 1363; M16 x 40 mm; Galvanized,Carbon Steel,M16,40 mm,10 mm,Galvanized,NOS,fastener,bolt,hex,carbon steel,Carbon Steel,M16,,40 mm,,,10 mm,,,,,IS 1363,IS 1363; M16 x 40 mm; Galvanized,galvanized,,,,,,Prime Electricals,PRI-699-64,NOS,14,False,,COATING_FROM_STRUCTURED_FIELD; DIAMETER_FROM_FIELD; FAMILY_FASTENER; GRADE_FROM_STRUCTURED_FIELD; LENGTH_FROM_FIELD; MANUFACTURER_FROM_FIELD; MATERIAL_CARBON_STEEL; PART_NO_FROM_FIELD; SIZE_METRIC_BOLT; STANDARD_FROM_SPECIFICATION; SUBTYPE_HEX; TYPE_FROM_MATERIAL_TYPE; UNIT_FROM_FIELD,description; specification; structured_field
HPCL-619110,HPCL,HORIZONTAL CENTRIFUGAL PUMP 80 mm,horizontal centrifugal pump 80 mm,Pumps,Centrifugal Pump,API 610; 80 mm; SS 316,SS 316,80 mm,,,Painted,NOS,pump,centrifugal pump,,stainless steel,SS 316,80 mm,,,,,,,,,,API 610,API 610; 80 mm; SS 316,painted,,,,horizontal,,Hindustan Mechanical,HIN-483-49,NOS,12,False,,COATING_FROM_STRUCTURED_FIELD; FAMILY_PUMP; GRADE_FROM_STRUCTURED_FIELD; MANUFACTURER_FROM_FIELD; MATERIAL_STAINLESS_STEEL; ORIENTATION_HORIZONTAL; PART_NO_FROM_FIELD; SIZE_MM; STANDARD_FROM_SPECIFICATION; TYPE_CENTRIFUGAL_PUMP; UNIT_FROM_FIELD,description; specification; structured_field
CPCL-556677,CPCL,WASHER M12 ZINC PLATED,washer m12 zinc plated,Fasteners,Washer,IS 2016; M12; Zinc Plated,Carbon Steel,M12,,,Zinc Plated,NOS,fastener,washer,,carbon steel,Carbon Steel,M12,,,,,,,,,,IS 2016,IS 2016; M12; Zinc Plated,zinc plated,,,,,,Shree Valves & Fittings,SHR-605-41,NOS,11,False,,COATING_FROM_STRUCTURED_FIELD; FAMILY_FASTENER; GRADE_FROM_STRUCTURED_FIELD; MANUFACTURER_FROM_FIELD; MATERIAL_CARBON_STEEL; PART_NO_FROM_FIELD; SIZE_METRIC_BOLT; STANDARD_FROM_SPECIFICATION; TYPE_FROM_MATERIAL_TYPE; UNIT_FROM_FIELD,description; specification; structured_field
IOCL-479254,IOCL,SAFETY VALVE 4 in,safety valve 4 in,Safety,Safety Valve,API 526; 4 in; SS 316,SS 316,4 in,,,SS,NOS,safety,safety valve,,stainless steel,SS 316,4 in,,,,,,,,,,API 526,API 526; 4 in; SS 316,stainless steel,,,,,,Metro Pumps & Valves,MET-374-42,NOS,11,True,material_family: 'safety' vs 'valve',COATING_FROM_STRUCTURED_FIELD; FAMILY_SAFETY; GRADE_FROM_STRUCTURED_FIELD; MANUFACTURER_FROM_FIELD; MATERIAL_STAINLESS_STEEL; PART_NO_FROM_FIELD; SIZE_INCH; STANDARD_FROM_SPECIFICATION; TYPE_SAFETY_VALVE; UNIT_FROM_FIELD,description; specification; structured_field
ONGC-401231,ONGC,FLANGE 6 in ASTM A105,flange 6 in astm a105,Pipes & Fittings,Flange,ASME B16.5; 6 in; ASTM A105,ASTM A105,6 in,,,Bare,MTR,pipe/fitting,flange,,,ASTM A105,6 in,,,,,,,,,,ASTM A105; ASME B16.5,ASME B16.5; 6 in; ASTM A105,bare,,,,,,Shree Valves & Fittings,SHR-890-87,MTR,10,True,material_grade: 'ASTM A105' vs 'A105',COATING_FROM_STRUCTURED_FIELD; FAMILY_PIPE; GRADE_A105; MANUFACTURER_FROM_FIELD; PART_NO_FROM_FIELD; SIZE_INCH; STANDARD_FROM_SPECIFICATION; TYPE_FROM_MATERIAL_TYPE; UNIT_FROM_FIELD,description; specification; structured_field
CPCL-541721,CPCL,GATE VALVE 2 in API 600,gate valve 2 in api 600,Valves,Gate Valve,API 600; 2 in; ASTM A216 WCB,ASTM A216 WCB,2 in,,,Painted,NOS,valve,gate valve,,,ASTM A216 WCB,2 in,,,,,,,,,,ASTM A216 WCB; API 600,API 600; 2 in; ASTM A216 WCB,painted,,,,,,National Bearing Works,NAT-316-94,NOS,10,False,,COATING_FROM_STRUCTURED_FIELD; FAMILY_VALVE; GRADE_FROM_STRUCTURED_FIELD; MANUFACTURER_FROM_FIELD; PART_NO_FROM_FIELD; SIZE_INCH; STANDARD_FROM_SPECIFICATION; TYPE_GATE_VALVE; UNIT_FROM_FIELD,description; specification; structured_field
HPCL-468157,HPCL,FLAT WASHER M10,flat washer m10,Fasteners,Washer,IS 2016; M10; Galvanized,Carbon Steel,M10,,,Galvanized,NOS,fastener,washer,,carbon steel,Carbon Steel,M10,,,,,,,,,,IS 2016,IS 2016; M10; Galvanized,galvanized,,,,,,Supreme Engineering,SUP-185-53,NOS,11,False,,COATING_FROM_STRUCTURED_FIELD; FAMILY_FASTENER; GRADE_FROM_STRUCTURED_FIELD; MANUFACTURER_FROM_FIELD; MATERIAL_CARBON_STEEL; PART_NO_FROM_FIELD; SIZE_METRIC_BOLT; STANDARD_FROM_SPECIFICATION; TYPE_FROM_MATERIAL_TYPE; UNIT_FROM_FIELD,description; specification; structured_field
HPCL-462873,HPCL,PRESSURE SAFETY VALVE 3 in,pressure safety valve 3 in,Safety,Safety Valve,API 526; 3 in; SS 316,SS 316,3 in,,,SS,NOS,safety,safety valve,,stainless steel,SS 316,3 in,,,,,,,,,,API 526,API 526; 3 in; SS 316,stainless steel,,,,,,ABC Industrial Products,ABC-356-92,NOS,11,True,material_family: 'safety' vs 'valve',COATING_FROM_STRUCTURED_FIELD; FAMILY_SAFETY; GRADE_FROM_STRUCTURED_FIELD; MANUFACTURER_FROM_FIELD; MATERIAL_STAINLESS_STEEL; PART_NO_FROM_FIELD; SIZE_INCH; STANDARD_FROM_SPECIFICATION; TYPE_SAFETY_VALVE; UNIT_FROM_FIELD,description; specification; structured_field
CPCL-183623,CPCL,RTD SENSOR 4-wire,rtd sensor 4-wire,Instrumentation,Temperature Sensor,IEC 60751; 4-wire; 500 mm,Pt100,4-wire,500 mm,8 mm,SS,NOS,instrumentation,temperature sensor,,,Pt100,4-wire,,500 mm,,,8 mm,,,,,IEC 60751,IEC 60751; 4-wire; 500 mm,stainless steel,,,,,,Precision Fasteners,PRE-989-18,NOS,12,False,,COATING_FROM_STRUCTURED_FIELD; DIAMETER_FROM_FIELD; FAMILY_INSTRUMENTATION; GRADE_FROM_STRUCTURED_FIELD; LENGTH_FROM_FIELD; MANUFACTURER_FROM_FIELD; PART_NO_FROM_FIELD; SIZE_FROM_STRUCTURED_FIELD; STANDARD_FROM_SPECIFICATION; TYPE_FROM_MATERIAL_TYPE; UNIT_FROM_FIELD,specification; structured_field
HPCL-720533,HPCL,SWG 6 in,swg 6 in,Seals,Gasket,ASME B16.20; 6 in; Graphite/SS 316,Graphite/SS 316,6 in,,,SS,NOS,seal/gasket,gasket,,,Graphite/SS 316,6 in,,,,,,,,,,ASME B16.20,ASME B16.20; 6 in; Graphite/SS 316,stainless steel,,,,,,National Bearing Works,NAT-312-97,NOS,10,False,,COATING_FROM_STRUCTURED_FIELD; FAMILY_SEAL; GRADE_FROM_STRUCTURED_FIELD; MANUFACTURER_FROM_FIELD; PART_NO_FROM_FIELD; SIZE_INCH; STANDARD_FROM_SPECIFICATION; TYPE_FROM_MATERIAL_TYPE; UNIT_FROM_FIELD,description; specification; structured_field
IOCL-917126,IOCL,HRC FUSE 2 A,high rupturing capacity fuse 2 a,Electrical,Fuse,IS 13703; 2 A,Ceramic,2 A,,,,MTR,electrical,fuse,,,Ceramic,2 A,,,,,,,,,,IS 13703,IS 13703; 2 A,,,,,,,Precision Fasteners,PRE-404-95,MTR,9,False,,FAMILY_ELECTRICAL; GRADE_FROM_STRUCTURED_FIELD; MANUFACTURER_FROM_FIELD; PART_NO_FROM_FIELD; SIZE_FROM_STRUCTURED_FIELD; STANDARD_FROM_SPECIFICATION; TYPE_FROM_MATERIAL_TYPE; UNIT_FROM_FIELD,description; specification; structured_field
HPCL-594321,HPCL,INDUSTRIAL GEAR LUBRICANT ISO VG 320,industrial gear lubricant iso vg 320,Lubricants,Lubricant,IS 10522; ISO VG 320,Mineral Oil,ISO VG 320,,,,LTR,lubricant,lubricant,,mineral oil,Mineral Oil,ISO VG 320,,,,,,,,,,ISO VG 320; IS 10522,IS 10522; ISO VG 320,,,,,,,Hindustan Mechanical,HIN-846-15,LTR,10,False,,FAMILY_LUBRICANT; GRADE_FROM_STRUCTURED_FIELD; MANUFACTURER_FROM_FIELD; MATERIAL_MINERAL_OIL; PART_NO_FROM_FIELD; SIZE_VG_ISO_LUBE; STANDARD_FROM_SPECIFICATION; TYPE_FROM_MATERIAL_TYPE; UNIT_FROM_FIELD,description; specification; structured_field
IOCL-568041,IOCL,GLOBE VALVE FLANGED 2 in,globe valve flanged 2 in,Valves,Globe Valve,API 623; 2 in; ASTM A216 WCB,ASTM A216 WCB,2 in,,,Painted,NOS,valve,globe valve,,,ASTM A216 WCB,2 in,,,,,,,,,,ASTM A216 WCB; API 623,API 623; 2 in; ASTM A216 WCB,painted,flanged,,,,,Metro Pumps & Valves,MET-480-86,NOS,11,False,,COATING_FROM_STRUCTURED_FIELD; CONNECTION_FLANGED; FAMILY_VALVE; GRADE_FROM_STRUCTURED_FIELD; MANUFACTURER_FROM_FIELD; PART_NO_FROM_FIELD; SIZE_INCH; STANDARD_FROM_SPECIFICATION; TYPE_GLOBE_VALVE; UNIT_FROM_FIELD,description; specification; structured_field
ONGC-390880,ONGC,RTD PT100 3-wire 300 MM,rtd pt100 3-wire 300 mm,Instrumentation,Temperature Sensor,IEC 60751; 3-wire; 300 mm,Pt100,3-wire,300 mm,10 mm,SS,NOS,instrumentation,temperature sensor,,,Pt100,3-wire,,300 mm,,,10 mm,,,,,IEC 60751,IEC 60751; 3-wire; 300 mm,stainless steel,,,,,,ABC Industrial Products,ABC-703-69,NOS,12,True,size: '3-wire' vs '300 mm',COATING_FROM_STRUCTURED_FIELD; DIAMETER_FROM_FIELD; FAMILY_INSTRUMENTATION; GRADE_FROM_STRUCTURED_FIELD; LENGTH_FROM_FIELD; MANUFACTURER_FROM_FIELD; PART_NO_FROM_FIELD; SIZE_FROM_STRUCTURED_FIELD; STANDARD_FROM_SPECIFICATION; TYPE_FROM_MATERIAL_TYPE; UNIT_FROM_FIELD,specification; structured_field
HPCL-258860,HPCL,XLPE CABLE 16 sq mm,xlpe cable 16 sq mm,Electrical,Cable,IS 7098; 16 sq mm; 100 m,XLPE Aluminium,16 sq mm,100 mm,,PVC,MTR,electrical,cable,,xlpe,XLPE Aluminium,16 sq mm,,100 mm,,,,,,,,IS 7098,IS 7098; 16 sq mm; 100 m,pvc,,,,,,Eastern Cables,EAS-485-15,MTR,12,False,,COATING_FROM_STRUCTURED_FIELD; FAMILY_ELECTRICAL; GRADE_FROM_STRUCTURED_FIELD; LENGTH_FROM_FIELD; MANUFACTURER_FROM_FIELD; MATERIAL_XLPE; PART_NO_FROM_FIELD; SIZE_SQMM_CABLE; STANDARD_FROM_SPECIFICATION; TYPE_FROM_MATERIAL_TYPE; UNIT_FROM_FIELD,description; specification; structured_field
IOCL-779497,IOCL,BALL BEARING 6209,ball bearing 6209,Bearings,Ball Bearing,ISO 15; Bearing 6209,Chrome Steel,6209,,,,NOS,bearing,ball bearing,,chrome steel,Chrome Steel,6209,,,,,,,,,,ISO 15,ISO 15; Bearing 6209,,,,,,6209,Larsen Engineering,LAR-144-17,NOS,11,False,,BEARING_NUMBER; FAMILY_BEARING; GRADE_FROM_STRUCTURED_FIELD; MANUFACTURER_FROM_FIELD; MATERIAL_CHROME_STEEL; PART_NO_FROM_FIELD; SIZE_FROM_STRUCTURED_FIELD; STANDARD_FROM_SPECIFICATION; TYPE_BALL_BEARING; UNIT_FROM_FIELD,description; specification; structured_field
CPCL-498638,CPCL,XLPE CABLE 25 sq mm,xlpe cable 25 sq mm,Electrical,Cable,IS 7098; 25 sq mm; 1000 m,XLPE Aluminium,25 sq mm,1000 mm,,PVC,MTR,electrical,cable,,xlpe,XLPE Aluminium,25 sq mm,,1000 mm,,,,,,,,IS 7098,IS 7098; 25 sq mm; 1000 m,pvc,,,,,,Hindustan Mechanical,HIN-847-27,MTR,12,False,,COATING_FROM_STRUCTURED_FIELD; FAMILY_ELECTRICAL; GRADE_FROM_STRUCTURED_FIELD; LENGTH_FROM_FIELD; MANUFACTURER_FROM_FIELD; MATERIAL_XLPE; PART_NO_FROM_FIELD; SIZE_SQMM_CABLE; STANDARD_FROM_SPECIFICATION; TYPE_FROM_MATERIAL_TYPE; UNIT_FROM_FIELD,description; specification; structured_field
HPCL-576533,HPCL,SEAMLESS STEEL PIPE 1 in ASTM A106 Gr.B,seamless steel pipe 1 in astm a106 gr.b,Pipes & Fittings,Pipe,API 5L; 1 in; ASTM A106 Gr.B,ASTM A106 Gr.B,1 in,3000 mm,,Black,MTR,pipe/fitting,pipe,,,ASTM A106 Gr.B,1 in,,3000 mm,,,,,,,,ASTM A106 Gr.B; API 5L,API 5L; 1 in; ASTM A106 Gr.B,black,,,seamless,,,Eastern Cables,EAS-182-19,MTR,12,True,material_grade: 'ASTM A106 Gr.B' vs 'ASTM A106 GR.B'; material_grade: 'ASTM A106 Gr.B' vs 'A106',COATING_FROM_STRUCTURED_FIELD; CONSTRUCTION_SEAMLESS; FAMILY_PIPE; GRADE_FROM_STRUCTURED_FIELD; LENGTH_FROM_FIELD; MANUFACTURER_FROM_FIELD; PART_NO_FROM_FIELD; SIZE_INCH; STANDARD_FROM_SPECIFICATION; TYPE_FROM_MATERIAL_TYPE; UNIT_FROM_FIELD,description; specification; structured_field
ONGC-842424,ONGC,PT100 RTD 4-wire 300,pt100 rtd 4-wire 300,Instrumentation,Temperature Sensor,IEC 60751; 4-wire; 300 mm,Pt100,4-wire,300 mm,8 mm,SS,NOS,instrumentation,temperature sensor,,,Pt100,4-wire,,300 mm,,,8 mm,,,,,IEC 60751,IEC 60751; 4-wire; 300 mm,stainless steel,,,,,,Shree Valves & Fittings,SHR-718-91,NOS,12,False,,COATING_FROM_STRUCTURED_FIELD; DIAMETER_FROM_FIELD; FAMILY_INSTRUMENTATION; GRADE_FROM_STRUCTURED_FIELD; LENGTH_FROM_FIELD; MANUFACTURER_FROM_FIELD; PART_NO_FROM_FIELD; SIZE_FROM_STRUCTURED_FIELD; STANDARD_FROM_SPECIFICATION; TYPE_FROM_MATERIAL_TYPE; UNIT_FROM_FIELD,specification; structured_field
HPCL-587407,HPCL,EP GEAR OIL ISO VG 220,ep gear oil iso vg 220,Lubricants,Lubricant,IS 10522; ISO VG 220,Mineral Oil,ISO VG 220,,,,LTR,lubricant,lubricant,,mineral oil,Mineral Oil,ISO VG 220,,,,,,,,,,ISO VG 220; IS 10522,IS 10522; ISO VG 220,,,,,,,Larsen Engineering,LAR-969-35,LTR,10,False,,FAMILY_LUBRICANT; GRADE_FROM_STRUCTURED_FIELD; MANUFACTURER_FROM_FIELD; MATERIAL_MINERAL_OIL; PART_NO_FROM_FIELD; SIZE_VG_ISO_LUBE; STANDARD_FROM_SPECIFICATION; TYPE_FROM_MATERIAL_TYPE; UNIT_FROM_FIELD,description; specification; structured_field
ONGC-343118,ONGC,HRC CARTRIDGE 32 A,high rupturing capacity cartridge 32 a,Electrical,Fuse,IS 13703; 32 A,Ceramic,32 A,,,,MTR,electrical,fuse,,,Ceramic,32 A,,,,,,,,,,IS 13703,IS 13703; 32 A,,,,,,,Prime Electricals,PRI-574-60,MTR,9,False,,FAMILY_ELECTRICAL; GRADE_FROM_STRUCTURED_FIELD; MANUFACTURER_FROM_FIELD; PART_NO_FROM_FIELD; SIZE_FROM_STRUCTURED_FIELD; STANDARD_FROM_SPECIFICATION; TYPE_FROM_MATERIAL_TYPE; UNIT_FROM_FIELD,description; specification; structured_field
HPCL-752244,HPCL,FLOATING BALL VALVE 2 in SS 316,floating ball valve 2 in stainless steel 316,Valves,Ball Valve,API 608; 2 in; SS 316,SS 316,2 in,,,SS,NOS,valve,ball valve,,stainless steel,SS 316,2 in,,,,,,,,,,API 608,API 608; 2 in; SS 316,stainless steel,,,floating,,,Shree Valves & Fittings,SHR-852-49,NOS,12,False,,COATING_FROM_STRUCTURED_FIELD; CONSTRUCTION_FLOATING; FAMILY_VALVE; GRADE_SS316; MANUFACTURER_FROM_FIELD; MATERIAL_STAINLESS_STEEL; PART_NO_FROM_FIELD; SIZE_INCH; STANDARD_FROM_SPECIFICATION; TYPE_BALL_VALVE; UNIT_FROM_FIELD,description; specification; structured_field
IOCL-777232,IOCL,GLOBE VALVE FLANGED 3 in,globe valve flanged 3 in,Valves,Globe Valve,API 623; 3 in; ASTM A216 WCB,ASTM A216 WCB,3 in,,,Painted,NOS,valve,globe valve,,,ASTM A216 WCB,3 in,,,,,,,,,,ASTM A216 WCB; API 623,API 623; 3 in; ASTM A216 WCB,painted,flanged,,,,,Precision Fasteners,PRE-205-56,NOS,11,False,,COATING_FROM_STRUCTURED_FIELD; CONNECTION_FLANGED; FAMILY_VALVE; GRADE_FROM_STRUCTURED_FIELD; MANUFACTURER_FROM_FIELD; PART_NO_FROM_FIELD; SIZE_INCH; STANDARD_FROM_SPECIFICATION; TYPE_GLOBE_VALVE; UNIT_FROM_FIELD,description; specification; structured_field
CPCL-892305,CPCL,SPIRAL GASKET 6 in,spiral gasket 6 in,Seals,Gasket,ASME B16.20; 6 in; Graphite/SS 316,Graphite/SS 316,6 in,,,SS,NOS,seal/gasket,gasket,,,Graphite/SS 316,6 in,,,,,,,,,,ASME B16.20,ASME B16.20; 6 in; Graphite/SS 316,stainless steel,,,,,,National Bearing Works,NAT-660-36,NOS,10,True,material_type: 'gasket' vs 'spiral wound gasket',COATING_FROM_STRUCTURED_FIELD; FAMILY_SEAL; GRADE_FROM_STRUCTURED_FIELD; MANUFACTURER_FROM_FIELD; PART_NO_FROM_FIELD; SIZE_INCH; STANDARD_FROM_SPECIFICATION; TYPE_FROM_MATERIAL_TYPE; UNIT_FROM_FIELD,description; specification; structured_field
HPCL-601318,HPCL,PRESSURE GAUGE 0-25 bar,pressure gauge 0-25 bar,Instrumentation,Pressure Gauge,EN 837-1; Range 0-25 bar,SS 304,0-25 bar,,,SS,NOS,instrumentation,pressure gauge,,stainless steel,SS 304,0-25 bar,,,,,,,,,,EN 837-1,EN 837-1; Range 0-25 bar,stainless steel,,,,,,Bharat Industrial Works,BHA-852-11,NOS,11,False,,COATING_FROM_STRUCTURED_FIELD; FAMILY_INSTRUMENTATION; GRADE_FROM_STRUCTURED_FIELD; MANUFACTURER_FROM_FIELD; MATERIAL_STAINLESS_STEEL; PART_NO_FROM_FIELD; SIZE_PRESSURE_RANGE; STANDARD_FROM_SPECIFICATION; TYPE_FROM_MATERIAL_TYPE; UNIT_FROM_FIELD,description; specification; structured_field
IOCL-843317,IOCL,HIGH PRESSURE HYDRAULIC HOSE 1-1/2 in,high pressure hydraulic hose 1-1/2 in,Hoses,Hydraulic Hose,SAE 100 R2; 1-1/2 in; 1000 mm,Synthetic Rubber,1-1/2 in,1000 mm,,Rubber,MTR,hose,hydraulic hose,,synthetic rubber,Synthetic Rubber,1-1/2 in,,1000 mm,,,,,,,,SAE 100 R2,SAE 100 R2; 1-1/2 in; 1000 mm,rubber,,,,,,Prime Electricals,PRI-925-55,MTR,12,False,,COATING_FROM_STRUCTURED_FIELD; FAMILY_HOSE; GRADE_FROM_STRUCTURED_FIELD; LENGTH_FROM_FIELD; MANUFACTURER_FROM_FIELD; MATERIAL_SYNTHETIC_RUBBER; PART_NO_FROM_FIELD; SIZE_FRACTION_INCH; STANDARD_FROM_SPECIFICATION; TYPE_FROM_MATERIAL_TYPE; UNIT_FROM_FIELD,description; specification; structured_field
HPCL-145268,HPCL,PRESSURE SAFETY VALVE 1 in,pressure safety valve 1 in,Safety,Safety Valve,API 526; 1 in; SS 316,SS 316,1 in,,,SS,NOS,safety,safety valve,,stainless steel,SS 316,1 in,,,,,,,,,,API 526,API 526; 1 in; SS 316,stainless steel,,,,,,Metro Pumps & Valves,MET-247-17,NOS,11,True,material_family: 'safety' vs 'valve',COATING_FROM_STRUCTURED_FIELD; FAMILY_SAFETY; GRADE_FROM_STRUCTURED_FIELD; MANUFACTURER_FROM_FIELD; MATERIAL_STAINLESS_STEEL; PART_NO_FROM_FIELD; SIZE_INCH; STANDARD_FROM_SPECIFICATION; TYPE_SAFETY_VALVE; UNIT_FROM_FIELD,description; specification; structured_field
CPCL-950104,CPCL,GLOBE VALVE 2 in API 623,globe valve 2 in api 623,Valves,Globe Valve,API 623; 2 in; ASTM A216 WCB,ASTM A216 WCB,2 in,,,Painted,NOS,valve,globe valve,,,ASTM A216 WCB,2 in,,,,,,,,,,ASTM A216 WCB; API 623,API 623; 2 in; ASTM A216 WCB,painted,,,,,,Bharat Industrial Works,BHA-749-98,NOS,10,False,,COATING_FROM_STRUCTURED_FIELD; FAMILY_VALVE; GRADE_FROM_STRUCTURED_FIELD; MANUFACTURER_FROM_FIELD; PART_NO_FROM_FIELD; SIZE_INCH; STANDARD_FROM_SPECIFICATION; TYPE_GLOBE_VALVE; UNIT_FROM_FIELD,description; specification; structured_field
ONGC-547273,ONGC,16 sq mm SQ MM POWER CABLE,16 sq mm sq mm power cable,Electrical,Cable,IS 7098; 16 sq mm; 100 m,XLPE Copper,16 sq mm,100 mm,,PVC,MTR,electrical,cable,,xlpe,XLPE Copper,16 sq mm,,100 mm,,,,,,,,IS 7098,IS 7098; 16 sq mm; 100 m,pvc,,,,,,Supreme Engineering,SUP-242-78,MTR,12,False,,COATING_FROM_STRUCTURED_FIELD; FAMILY_ELECTRICAL; GRADE_FROM_STRUCTURED_FIELD; LENGTH_FROM_FIELD; MANUFACTURER_FROM_FIELD; MATERIAL_XLPE; PART_NO_FROM_FIELD; SIZE_SQMM_CABLE; STANDARD_FROM_SPECIFICATION; TYPE_FROM_MATERIAL_TYPE; UNIT_FROM_FIELD,description; specification; structured_field
CPCL-577791,CPCL,GATE VALVE FLANGED 1 in ASTM A216 WCB,gate valve flanged 1 in astm a216 wcb,Valves,Gate Valve,API 600; 1 in; ASTM A216 WCB,ASTM A216 WCB,1 in,,,Painted,NOS,valve,gate valve,,,ASTM A216 WCB,1 in,,,,,,,,,,ASTM A216 WCB; API 600,API 600; 1 in; ASTM A216 WCB,painted,flanged,,,,,Apex Industrial Systems,APE-638-48,NOS,11,True,material_grade: 'ASTM A216 WCB' vs 'WCB',COATING_FROM_STRUCTURED_FIELD; CONNECTION_FLANGED; FAMILY_VALVE; GRADE_A105; MANUFACTURER_FROM_FIELD; PART_NO_FROM_FIELD; SIZE_INCH; STANDARD_FROM_SPECIFICATION; TYPE_GATE_VALVE; UNIT_FROM_FIELD,description; specification; structured_field
CPCL-164041,CPCL,ELBOW 1 in ASTM A234 WPB,elbow 1 in astm a234 wpb,Pipes & Fittings,Elbow,ASME B16.9; 1 in; ASTM A234 WPB,ASTM A234 WPB,1 in,,,Bare,MTR,pipe/fitting,elbow,,,ASTM A234 WPB,1 in,,,,,,,,,,ASTM A234; ASME B16.9,ASME B16.9; 1 in; ASTM A234 WPB,bare,,,,,,ABC Industrial Products,ABC-875-41,MTR,10,True,material_grade: 'ASTM A234 WPB' vs 'ASTM A234'; material_grade: 'ASTM A234 WPB' vs 'WPB',COATING_FROM_STRUCTURED_FIELD; FAMILY_FITTING; GRADE_FROM_STRUCTURED_FIELD; MANUFACTURER_FROM_FIELD; PART_NO_FROM_FIELD; SIZE_INCH; STANDARD_FROM_SPECIFICATION; TYPE_FROM_MATERIAL_TYPE; UNIT_FROM_FIELD,description; specification; structured_field
HPCL-558521,HPCL,"M16 HEX BOLT, 60 MM, ZINC PLATED","m16 hexagonal bolt, 60 mm, zinc plated",Fasteners,Bolt,IS 1363; M16 x 60 mm; Zinc Plated,Carbon Steel,M16,60 mm,12 mm,Zinc Plated,NOS,fastener,bolt,hex,carbon steel,Carbon Steel,M16,,60 mm,,,12 mm,,,,,IS 1363,IS 1363; M16 x 60 mm; Zinc Plated,zinc plated,,,,,,National Bearing Works,NAT-787-83,NOS,14,False,,COATING_FROM_STRUCTURED_FIELD; DIAMETER_FROM_FIELD; FAMILY_FASTENER; GRADE_FROM_STRUCTURED_FIELD; LENGTH_FROM_FIELD; MANUFACTURER_FROM_FIELD; MATERIAL_CARBON_STEEL; PART_NO_FROM_FIELD; SIZE_METRIC_BOLT; STANDARD_FROM_SPECIFICATION; SUBTYPE_HEX; TYPE_FROM_MATERIAL_TYPE; UNIT_FROM_FIELD,description; specification; structured_field
HPCL-291498,HPCL,FLOATING BALL VALVE 2 in,floating ball valve 2 in,Valves,Ball Valve,API 608; 2 in; SS 316,SS 316,2 in,,,SS,NOS,valve,ball valve,,stainless steel,SS 316,2 in,,,,,,,,,,API 608,API 608; 2 in; SS 316,stainless steel,,,floating,,,Shree Valves & Fittings,SHR-613-84,NOS,12,False,,COATING_FROM_STRUCTURED_FIELD; CONSTRUCTION_FLOATING; FAMILY_VALVE; GRADE_FROM_STRUCTURED_FIELD; MANUFACTURER_FROM_FIELD; MATERIAL_STAINLESS_STEEL; PART_NO_FROM_FIELD; SIZE_INCH; STANDARD_FROM_SPECIFICATION; TYPE_BALL_VALVE; UNIT_FROM_FIELD,description; specification; structured_field
CPCL-875159,CPCL,FLANGE 4 in ASTM A105,flange 4 in astm a105,Pipes & Fittings,Flange,ASME B16.5; 4 in; ASTM A105,ASTM A105,4 in,,,Bare,MTR,pipe/fitting,flange,,,ASTM A105,4 in,,,,,,,,,,ASTM A105; ASME B16.5,ASME B16.5; 4 in; ASTM A105,bare,,,,,,Precision Fasteners,PRE-276-30,MTR,10,True,material_grade: 'ASTM A105' vs 'A105',COATING_FROM_STRUCTURED_FIELD; FAMILY_PIPE; GRADE_A105; MANUFACTURER_FROM_FIELD; PART_NO_FROM_FIELD; SIZE_INCH; STANDARD_FROM_SPECIFICATION; TYPE_FROM_MATERIAL_TYPE; UNIT_FROM_FIELD,description; specification; structured_field
IOCL-539166,IOCL,POWER CABLE 16 sq mm XLPE Copper,power cable 16 sq mm xlpe copper,Electrical,Cable,IS 7098; 16 sq mm; 100 m,XLPE Copper,16 sq mm,100 mm,,PVC,MTR,electrical,cable,,xlpe,XLPE Copper,16 sq mm,,100 mm,,,,,,,,IS 7098,IS 7098; 16 sq mm; 100 m,pvc,,,,,,ABC Industrial Products,ABC-635-15,MTR,12,False,,COATING_FROM_STRUCTURED_FIELD; FAMILY_ELECTRICAL; GRADE_FROM_STRUCTURED_FIELD; LENGTH_FROM_FIELD; MANUFACTURER_FROM_FIELD; MATERIAL_XLPE; PART_NO_FROM_FIELD; SIZE_SQMM_CABLE; STANDARD_FROM_SPECIFICATION; TYPE_FROM_MATERIAL_TYPE; UNIT_FROM_FIELD,description; specification; structured_field
IOCL-509752,IOCL,HEXAGONAL NUT M16 ZINC PLATED,hexagonal nut m16 zinc plated,Fasteners,Nut,IS 1364; M16; Zinc Plated,Carbon Steel,M16,,,Zinc Plated,NOS,fastener,nut,hex,carbon steel,Carbon Steel,M16,,,,,,,,,,IS 1364,IS 1364; M16; Zinc Plated,zinc plated,,,,,,Prime Electricals,PRI-484-75,NOS,12,False,,COATING_FROM_STRUCTURED_FIELD; FAMILY_FASTENER; GRADE_FROM_STRUCTURED_FIELD; MANUFACTURER_FROM_FIELD; MATERIAL_CARBON_STEEL; PART_NO_FROM_FIELD; SIZE_METRIC_BOLT; STANDARD_FROM_SPECIFICATION; SUBTYPE_HEX; TYPE_FROM_MATERIAL_TYPE; UNIT_FROM_FIELD,description; specification; structured_field
HPCL-748113,HPCL,90 DEGREE ELBOW 6 in ASTM A234 WPB,90 degree elbow 6 in astm a234 wpb,Pipes & Fittings,Elbow,ASME B16.9; 6 in; ASTM A234 WPB,ASTM A234 WPB,6 in,,,Bare,MTR,pipe/fitting,elbow,,,ASTM A234 WPB,6 in,,,,,,,,,90°,ASTM A234; ASME B16.9,ASME B16.9; 6 in; ASTM A234 WPB,bare,,,,,,Prime Electricals,PRI-299-44,MTR,11,True,material_grade: 'ASTM A234 WPB' vs 'ASTM A234'; material_grade: 'ASTM A234 WPB' vs 'WPB',COATING_FROM_STRUCTURED_FIELD; ELBOW_ANGLE; FAMILY_FITTING; GRADE_FROM_STRUCTURED_FIELD; MANUFACTURER_FROM_FIELD; PART_NO_FROM_FIELD; SIZE_INCH; STANDARD_FROM_SPECIFICATION; TYPE_FROM_MATERIAL_TYPE; UNIT_FROM_FIELD,description; specification; structured_field
ONGC-999615,ONGC,WASHER M20 GALVANIZED,washer m20 galvanized,Fasteners,Washer,IS 2016; M20; Galvanized,Carbon Steel,M20,,,Galvanized,NOS,fastener,washer,,carbon steel,Carbon Steel,M20,,,,,,,,,,IS 2016,IS 2016; M20; Galvanized,galvanized,,,,,,National Bearing Works,NAT-855-19,NOS,11,False,,COATING_FROM_STRUCTURED_FIELD; FAMILY_FASTENER; GRADE_FROM_STRUCTURED_FIELD; MANUFACTURER_FROM_FIELD; MATERIAL_CARBON_STEEL; PART_NO_FROM_FIELD; SIZE_METRIC_BOLT; STANDARD_FROM_SPECIFICATION; TYPE_FROM_MATERIAL_TYPE; UNIT_FROM_FIELD,description; specification; structured_field
IOCL-252542,IOCL,SWG 4 in,swg 4 in,Seals,Gasket,ASME B16.20; 4 in; Graphite/SS 316,Graphite/SS 316,4 in,,,SS,NOS,seal/gasket,gasket,,,Graphite/SS 316,4 in,,,,,,,,,,ASME B16.20,ASME B16.20; 4 in; Graphite/SS 316,stainless steel,,,,,,Shree Valves & Fittings,SHR-992-22,NOS,10,False,,COATING_FROM_STRUCTURED_FIELD; FAMILY_SEAL; GRADE_FROM_STRUCTURED_FIELD; MANUFACTURER_FROM_FIELD; PART_NO_FROM_FIELD; SIZE_INCH; STANDARD_FROM_SPECIFICATION; TYPE_FROM_MATERIAL_TYPE; UNIT_FROM_FIELD,description; specification; structured_field
HPCL-846807,HPCL,CARTRIDGE FUSE 2 A,cartridge fuse 2 a,Electrical,Fuse,IS 13703; 2 A,Ceramic,2 A,,,,MTR,electrical,fuse,,,Ceramic,2 A,,,,,,,,,,IS 13703,IS 13703; 2 A,,,,,,,Larsen Engineering,LAR-404-23,MTR,9,False,,FAMILY_ELECTRICAL; GRADE_FROM_STRUCTURED_FIELD; MANUFACTURER_FROM_FIELD; PART_NO_FROM_FIELD; SIZE_FROM_STRUCTURED_FIELD; STANDARD_FROM_SPECIFICATION; TYPE_FROM_MATERIAL_TYPE; UNIT_FROM_FIELD,description; specification; structured_field
ONGC-659112,ONGC,SEAMLESS STEEL PIPE 1 in ASTM A106 Gr.B,seamless steel pipe 1 in astm a106 gr.b,Pipes & Fittings,Pipe,API 5L; 1 in; ASTM A106 Gr.B,ASTM A106 Gr.B,1 in,3000 mm,,Bare,MTR,pipe/fitting,pipe,,,ASTM A106 Gr.B,1 in,,3000 mm,,,,,,,,ASTM A106 Gr.B; API 5L,API 5L; 1 in; ASTM A106 Gr.B,bare,,,seamless,,,Supreme Engineering,SUP-575-89,MTR,12,True,material_grade: 'ASTM A106 Gr.B' vs 'ASTM A106 GR.B'; material_grade: 'ASTM A106 Gr.B' vs 'A106',COATING_FROM_STRUCTURED_FIELD; CONSTRUCTION_SEAMLESS; FAMILY_PIPE; GRADE_FROM_STRUCTURED_FIELD; LENGTH_FROM_FIELD; MANUFACTURER_FROM_FIELD; PART_NO_FROM_FIELD; SIZE_INCH; STANDARD_FROM_SPECIFICATION; TYPE_FROM_MATERIAL_TYPE; UNIT_FROM_FIELD,description; specification; structured_field
IOCL-454087,IOCL,HRC FUSE 32 A,high rupturing capacity fuse 32 a,Electrical,Fuse,IS 13703; 32 A,Ceramic,32 A,,,,MTR,electrical,fuse,,,Ceramic,32 A,,,,,,,,,,IS 13703,IS 13703; 32 A,,,,,,,ABC Industrial Products,ABC-227-74,MTR,9,False,,FAMILY_ELECTRICAL; GRADE_FROM_STRUCTURED_FIELD; MANUFACTURER_FROM_FIELD; PART_NO_FROM_FIELD; SIZE_FROM_STRUCTURED_FIELD; STANDARD_FROM_SPECIFICATION; TYPE_FROM_MATERIAL_TYPE; UNIT_FROM_FIELD,description; specification; structured_field
IOCL-458984,IOCL,XLPE CABLE 16 sq mm,xlpe cable 16 sq mm,Electrical,Cable,IS 7098; 16 sq mm; 500 m,XLPE Aluminium,16 sq mm,500 mm,,PVC,MTR,electrical,cable,,xlpe,XLPE Aluminium,16 sq mm,,500 mm,,,,,,,,IS 7098,IS 7098; 16 sq mm; 500 m,pvc,,,,,,National Bearing Works,NAT-657-34,MTR,12,False,,COATING_FROM_STRUCTURED_FIELD; FAMILY_ELECTRICAL; GRADE_FROM_STRUCTURED_FIELD; LENGTH_FROM_FIELD; MANUFACTURER_FROM_FIELD; MATERIAL_XLPE; PART_NO_FROM_FIELD; SIZE_SQMM_CABLE; STANDARD_FROM_SPECIFICATION; TYPE_FROM_MATERIAL_TYPE; UNIT_FROM_FIELD,description; specification; structured_field
HPCL-815462,HPCL,SEAMLESS STEEL PIPE 6 in ASTM A106 Gr.B,seamless steel pipe 6 in astm a106 gr.b,Pipes & Fittings,Pipe,API 5L; 6 in; ASTM A106 Gr.B,ASTM A106 Gr.B,6 in,3000 mm,,Black,MTR,pipe/fitting,pipe,,,ASTM A106 Gr.B,6 in,,3000 mm,,,,,,,,ASTM A106 Gr.B; API 5L,API 5L; 6 in; ASTM A106 Gr.B,black,,,seamless,,,Hindustan Mechanical,HIN-991-82,MTR,12,True,material_grade: 'ASTM A106 Gr.B' vs 'ASTM A106 GR.B'; material_grade: 'ASTM A106 Gr.B' vs 'A106',COATING_FROM_STRUCTURED_FIELD; CONSTRUCTION_SEAMLESS; FAMILY_PIPE; GRADE_FROM_STRUCTURED_FIELD; LENGTH_FROM_FIELD; MANUFACTURER_FROM_FIELD; PART_NO_FROM_FIELD; SIZE_INCH; STANDARD_FROM_SPECIFICATION; TYPE_FROM_MATERIAL_TYPE; UNIT_FROM_FIELD,description; specification; structured_field
HPCL-380303,HPCL,HORIZONTAL CENTRIFUGAL PUMP 100 mm,horizontal centrifugal pump 100 mm,Pumps,Centrifugal Pump,API 610; 100 mm; SS 316,SS 316,100 mm,,,Painted,NOS,pump,centrifugal pump,,stainless steel,SS 316,100 mm,,,,,,,,,,API 610,API 610; 100 mm; SS 316,painted,,,,horizontal,,Precision Fasteners,PRE-648-98,NOS,12,False,,COATING_FROM_STRUCTURED_FIELD; FAMILY_PUMP; GRADE_FROM_STRUCTURED_FIELD; MANUFACTURER_FROM_FIELD; MATERIAL_STAINLESS_STEEL; ORIENTATION_HORIZONTAL; PART_NO_FROM_FIELD; SIZE_MM; STANDARD_FROM_SPECIFICATION; TYPE_CENTRIFUGAL_PUMP; UNIT_FROM_FIELD,description; specification; structured_field
IOCL-886491,IOCL,RTD PT100 3-wire 300 MM,rtd pt100 3-wire 300 mm,Instrumentation,Temperature Sensor,IEC 60751; 3-wire; 300 mm,Pt100,3-wire,300 mm,10 mm,SS,NOS,instrumentation,temperature sensor,,,Pt100,3-wire,,300 mm,,,10 mm,,,,,IEC 60751,IEC 60751; 3-wire; 300 mm,stainless steel,,,,,,Supreme Engineering,SUP-895-48,NOS,12,True,size: '3-wire' vs '300 mm',COATING_FROM_STRUCTURED_FIELD; DIAMETER_FROM_FIELD; FAMILY_INSTRUMENTATION; GRADE_FROM_STRUCTURED_FIELD; LENGTH_FROM_FIELD; MANUFACTURER_FROM_FIELD; PART_NO_FROM_FIELD; SIZE_FROM_STRUCTURED_FIELD; STANDARD_FROM_SPECIFICATION; TYPE_FROM_MATERIAL_TYPE; UNIT_FROM_FIELD,specification; structured_field
CPCL-857872,CPCL,HYD HOSE 1 in 1000 MM,hyd hose 1 in 1000 mm,Hoses,Hydraulic Hose,SAE 100 R2; 1 in; 1000 mm,Synthetic Rubber,1 in,1000 mm,,Rubber,MTR,hose,hydraulic hose,,synthetic rubber,Synthetic Rubber,1 in,,1000 mm,,,,,,,,SAE 100 R2,SAE 100 R2; 1 in; 1000 mm,rubber,,,,,,ABC Industrial Products,ABC-104-47,MTR,12,False,,COATING_FROM_STRUCTURED_FIELD; FAMILY_HOSE; GRADE_FROM_STRUCTURED_FIELD; LENGTH_FROM_FIELD; MANUFACTURER_FROM_FIELD; MATERIAL_SYNTHETIC_RUBBER; PART_NO_FROM_FIELD; SIZE_INCH; STANDARD_FROM_SPECIFICATION; TYPE_FROM_MATERIAL_TYPE; UNIT_FROM_FIELD,description; specification; structured_field
ONGC-266985,ONGC,SWG 2 in,swg 2 in,Seals,Gasket,ASME B16.20; 2 in; Graphite/SS 316,Graphite/SS 316,2 in,,,SS,NOS,seal/gasket,gasket,,,Graphite/SS 316,2 in,,,,,,,,,,ASME B16.20,ASME B16.20; 2 in; Graphite/SS 316,stainless steel,,,,,,Hindustan Mechanical,HIN-831-32,NOS,10,False,,COATING_FROM_STRUCTURED_FIELD; FAMILY_SEAL; GRADE_FROM_STRUCTURED_FIELD; MANUFACTURER_FROM_FIELD; PART_NO_FROM_FIELD; SIZE_INCH; STANDARD_FROM_SPECIFICATION; TYPE_FROM_MATERIAL_TYPE; UNIT_FROM_FIELD,description; specification; structured_field
HPCL-552120,HPCL,WELD NECK FLANGE 4 in ASTM A105,weld neck flange 4 in astm a105,Pipes & Fittings,Flange,ASME B16.5; 4 in; ASTM A105,ASTM A105,4 in,,,Bare,MTR,flange,weld neck flange,,,ASTM A105,4 in,,,,,,,,,,ASTM A105; ASME B16.5,ASME B16.5; 4 in; ASTM A105,bare,weld neck,,,,,Supreme Engineering,SUP-128-72,MTR,11,True,material_grade: 'ASTM A105' vs 'A105',COATING_FROM_STRUCTURED_FIELD; CONNECTION_WELD_NECK; FAMILY_FLANGE; GRADE_A105; MANUFACTURER_FROM_FIELD; PART_NO_FROM_FIELD; SIZE_INCH; STANDARD_FROM_SPECIFICATION; TYPE_WELDNECK_FLANGE; UNIT_FROM_FIELD,description; specification; structured_field
HPCL-913833,HPCL,HIGH PRESSURE HYDRAULIC HOSE 1 in,high pressure hydraulic hose 1 in,Hoses,Hydraulic Hose,SAE 100 R2; 1 in; 1000 mm,Synthetic Rubber,1 in,1000 mm,,Rubber,MTR,hose,hydraulic hose,,synthetic rubber,Synthetic Rubber,1 in,,1000 mm,,,,,,,,SAE 100 R2,SAE 100 R2; 1 in; 1000 mm,rubber,,,,,,Metro Pumps & Valves,MET-766-20,MTR,12,False,,COATING_FROM_STRUCTURED_FIELD; FAMILY_HOSE; GRADE_FROM_STRUCTURED_FIELD; LENGTH_FROM_FIELD; MANUFACTURER_FROM_FIELD; MATERIAL_SYNTHETIC_RUBBER; PART_NO_FROM_FIELD; SIZE_INCH; STANDARD_FROM_SPECIFICATION; TYPE_FROM_MATERIAL_TYPE; UNIT_FROM_FIELD,description; specification; structured_field
HPCL-993532,HPCL,EP GEAR OIL ISO VG 320,ep gear oil iso vg 320,Lubricants,Lubricant,IS 10522; ISO VG 320,Mineral Oil,ISO VG 320,,,,LTR,lubricant,lubricant,,mineral oil,Mineral Oil,ISO VG 320,,,,,,,,,,ISO VG 320; IS 10522,IS 10522; ISO VG 320,,,,,,,Apex Industrial Systems,APE-896-46,LTR,10,False,,FAMILY_LUBRICANT; GRADE_FROM_STRUCTURED_FIELD; MANUFACTURER_FROM_FIELD; MATERIAL_MINERAL_OIL; PART_NO_FROM_FIELD; SIZE_VG_ISO_LUBE; STANDARD_FROM_SPECIFICATION; TYPE_FROM_MATERIAL_TYPE; UNIT_FROM_FIELD,description; specification; structured_field
HPCL-635427,HPCL,PRESSURE RELIEF VALVE 1 in SS 316,pressure relief valve 1 in stainless steel 316,Safety,Safety Valve,API 526; 1 in; SS 316,SS 316,1 in,,,SS,NOS,safety,safety valve,,stainless steel,SS 316,1 in,,,,,,,,,,API 526,API 526; 1 in; SS 316,stainless steel,,,,,,Supreme Engineering,SUP-828-77,NOS,11,False,,COATING_FROM_STRUCTURED_FIELD; FAMILY_SAFETY; GRADE_SS316; MANUFACTURER_FROM_FIELD; MATERIAL_STAINLESS_STEEL; PART_NO_FROM_FIELD; SIZE_INCH; STANDARD_FROM_SPECIFICATION; TYPE_SAFETY_VALVE; UNIT_FROM_FIELD,description; specification; structured_field
CPCL-550893,CPCL,PRESSURE GAUGE 0-5 bar,pressure gauge 0-5 bar,Instrumentation,Pressure Gauge,EN 837-1; Range 0-5 bar,SS 304,0-5 bar,,,SS,NOS,instrumentation,pressure gauge,,stainless steel,SS 304,0-5 bar,,,,,,,,,,EN 837-1,EN 837-1; Range 0-5 bar,stainless steel,,,,,,Prime Electricals,PRI-272-66,NOS,11,False,,COATING_FROM_STRUCTURED_FIELD; FAMILY_INSTRUMENTATION; GRADE_FROM_STRUCTURED_FIELD; MANUFACTURER_FROM_FIELD; MATERIAL_STAINLESS_STEEL; PART_NO_FROM_FIELD; SIZE_PRESSURE_RANGE; STANDARD_FROM_SPECIFICATION; TYPE_FROM_MATERIAL_TYPE; UNIT_FROM_FIELD,description; specification; structured_field
CPCL-277466,CPCL,BALL BEARING 6202,ball bearing 6202,Bearings,Ball Bearing,ISO 15; Bearing 6202,Chrome Steel,6202,,,,NOS,bearing,ball bearing,,chrome steel,Chrome Steel,6202,,,,,,,,,,ISO 15,ISO 15; Bearing 6202,,,,,,6202,National Bearing Works,NAT-165-10,NOS,11,False,,BEARING_NUMBER; FAMILY_BEARING; GRADE_FROM_STRUCTURED_FIELD; MANUFACTURER_FROM_FIELD; MATERIAL_CHROME_STEEL; PART_NO_FROM_FIELD; SIZE_FROM_STRUCTURED_FIELD; STANDARD_FROM_SPECIFICATION; TYPE_BALL_BEARING; UNIT_FROM_FIELD,description; specification; structured_field
HPCL-243445,HPCL,HRC FUSE 5 A,high rupturing capacity fuse 5 a,Electrical,Fuse,IS 13703; 5 A,Ceramic,5 A,,,,MTR,electrical,fuse,,,Ceramic,5 A,,,,,,,,,,IS 13703,IS 13703; 5 A,,,,,,,National Bearing Works,NAT-989-36,MTR,9,False,,FAMILY_ELECTRICAL; GRADE_FROM_STRUCTURED_FIELD; MANUFACTURER_FROM_FIELD; PART_NO_FROM_FIELD; SIZE_FROM_STRUCTURED_FIELD; STANDARD_FROM_SPECIFICATION; TYPE_FROM_MATERIAL_TYPE; UNIT_FROM_FIELD,description; specification; structured_field
CPCL-322333,CPCL,GATE VALVE FLANGED 2 in ASTM A216 WCB,gate valve flanged 2 in astm a216 wcb,Valves,Gate Valve,API 600; 2 in; ASTM A216 WCB,ASTM A216 WCB,2 in,,,Painted,NOS,valve,gate valve,,,ASTM A216 WCB,2 in,,,,,,,,,,ASTM A216 WCB; API 600,API 600; 2 in; ASTM A216 WCB,painted,flanged,,,,,Larsen Engineering,LAR-896-56,NOS,11,True,material_grade: 'ASTM A216 WCB' vs 'WCB',COATING_FROM_STRUCTURED_FIELD; CONNECTION_FLANGED; FAMILY_VALVE; GRADE_A105; MANUFACTURER_FROM_FIELD; PART_NO_FROM_FIELD; SIZE_INCH; STANDARD_FROM_SPECIFICATION; TYPE_GATE_VALVE; UNIT_FROM_FIELD,description; specification; structured_field
HPCL-322494,HPCL,GLOBE VALVE 4 in API 623,globe valve 4 in api 623,Valves,Globe Valve,API 623; 4 in; ASTM A216 WCB,ASTM A216 WCB,4 in,,,Painted,NOS,valve,globe valve,,,ASTM A216 WCB,4 in,,,,,,,,,,ASTM A216 WCB; API 623,API 623; 4 in; ASTM A216 WCB,painted,,,,,,ABC Industrial Products,ABC-488-62,NOS,10,False,,COATING_FROM_STRUCTURED_FIELD; FAMILY_VALVE; GRADE_FROM_STRUCTURED_FIELD; MANUFACTURER_FROM_FIELD; PART_NO_FROM_FIELD; SIZE_INCH; STANDARD_FROM_SPECIFICATION; TYPE_GLOBE_VALVE; UNIT_FROM_FIELD,description; specification; structured_field
ONGC-152250,ONGC,INDUSTRIAL GEAR LUBRICANT ISO VG 220,industrial gear lubricant iso vg 220,Lubricants,Lubricant,IS 10522; ISO VG 220,Mineral Oil,ISO VG 220,,,,LTR,lubricant,lubricant,,mineral oil,Mineral Oil,ISO VG 220,,,,,,,,,,ISO VG 220; IS 10522,IS 10522; ISO VG 220,,,,,,,Metro Pumps & Valves,MET-186-27,LTR,10,False,,FAMILY_LUBRICANT; GRADE_FROM_STRUCTURED_FIELD; MANUFACTURER_FROM_FIELD; MATERIAL_MINERAL_OIL; PART_NO_FROM_FIELD; SIZE_VG_ISO_LUBE; STANDARD_FROM_SPECIFICATION; TYPE_FROM_MATERIAL_TYPE; UNIT_FROM_FIELD,description; specification; structured_field
CPCL-973760,CPCL,BALL BEARING 6207,ball bearing 6207,Bearings,Ball Bearing,ISO 15; Bearing 6207,Chrome Steel,6207,,,,NOS,bearing,ball bearing,,chrome steel,Chrome Steel,6207,,,,,,,,,,ISO 15,ISO 15; Bearing 6207,,,,,,6207,Bharat Industrial Works,BHA-536-80,NOS,11,False,,BEARING_NUMBER; FAMILY_BEARING; GRADE_FROM_STRUCTURED_FIELD; MANUFACTURER_FROM_FIELD; MATERIAL_CHROME_STEEL; PART_NO_FROM_FIELD; SIZE_FROM_STRUCTURED_FIELD; STANDARD_FROM_SPECIFICATION; TYPE_BALL_BEARING; UNIT_FROM_FIELD,description; specification; structured_field
ONGC-299007,ONGC,GLOBE VALVE FLANGED 1 in,globe valve flanged 1 in,Valves,Globe Valve,API 623; 1 in; ASTM A216 WCB,ASTM A216 WCB,1 in,,,Painted,NOS,valve,globe valve,,,ASTM A216 WCB,1 in,,,,,,,,,,ASTM A216 WCB; API 623,API 623; 1 in; ASTM A216 WCB,painted,flanged,,,,,Bharat Industrial Works,BHA-117-99,NOS,11,False,,COATING_FROM_STRUCTURED_FIELD; CONNECTION_FLANGED; FAMILY_VALVE; GRADE_FROM_STRUCTURED_FIELD; MANUFACTURER_FROM_FIELD; PART_NO_FROM_FIELD; SIZE_INCH; STANDARD_FROM_SPECIFICATION; TYPE_GLOBE_VALVE; UNIT_FROM_FIELD,description; specification; structured_field
IOCL-423396,IOCL,PRESSURE INDICATOR 0-40 bar,pressure indicator 0-40 bar,Instrumentation,Pressure Gauge,EN 837-1; Range 0-40 bar,SS 304,0-40 bar,,,SS,NOS,instrumentation,pressure gauge,,stainless steel,SS 304,0-40 bar,,,,,,,,,,EN 837-1,EN 837-1; Range 0-40 bar,stainless steel,,,,,,Eastern Cables,EAS-879-67,NOS,11,False,,COATING_FROM_STRUCTURED_FIELD; FAMILY_INSTRUMENTATION; GRADE_FROM_STRUCTURED_FIELD; MANUFACTURER_FROM_FIELD; MATERIAL_STAINLESS_STEEL; PART_NO_FROM_FIELD; SIZE_PRESSURE_RANGE; STANDARD_FROM_SPECIFICATION; TYPE_FROM_MATERIAL_TYPE; UNIT_FROM_FIELD,description; specification; structured_field
ONGC-636870,ONGC,M20 HEX NUT,m20 hexagonal nut,Fasteners,Nut,IS 1364; M20; Zinc Plated,Carbon Steel,M20,,,Zinc Plated,NOS,fastener,nut,hex,carbon steel,Carbon Steel,M20,,,,,,,,,,IS 1364,IS 1364; M20; Zinc Plated,zinc plated,,,,,,Hindustan Mechanical,HIN-245-24,NOS,12,False,,COATING_FROM_STRUCTURED_FIELD; FAMILY_FASTENER; GRADE_FROM_STRUCTURED_FIELD; MANUFACTURER_FROM_FIELD; MATERIAL_CARBON_STEEL; PART_NO_FROM_FIELD; SIZE_METRIC_BOLT; STANDARD_FROM_SPECIFICATION; SUBTYPE_HEX; TYPE_FROM_MATERIAL_TYPE; UNIT_FROM_FIELD,description; specification; structured_field
CPCL-733190,CPCL,RTD PT100 4-wire 150 MM,rtd pt100 4-wire 150 mm,Instrumentation,Temperature Sensor,IEC 60751; 4-wire; 150 mm,Pt100,4-wire,150 mm,6 mm,SS,NOS,instrumentation,temperature sensor,,,Pt100,4-wire,,150 mm,,,6 mm,,,,,IEC 60751,IEC 60751; 4-wire; 150 mm,stainless steel,,,,,,Larsen Engineering,LAR-247-81,NOS,12,True,size: '4-wire' vs '150 mm',COATING_FROM_STRUCTURED_FIELD; DIAMETER_FROM_FIELD; FAMILY_INSTRUMENTATION; GRADE_FROM_STRUCTURED_FIELD; LENGTH_FROM_FIELD; MANUFACTURER_FROM_FIELD; PART_NO_FROM_FIELD; SIZE_FROM_STRUCTURED_FIELD; STANDARD_FROM_SPECIFICATION; TYPE_FROM_MATERIAL_TYPE; UNIT_FROM_FIELD,specification; structured_field
HPCL-799424,HPCL,90 DEGREE ELBOW 1 in ASME B16.9,90 degree elbow 1 in asme b16.9,Pipes & Fittings,Elbow,ASME B16.9; 1 in; ASTM A234 WPB,ASTM A234 WPB,1 in,,,Bare,MTR,pipe/fitting,elbow,,,ASTM A234 WPB,1 in,,,,,,,,,90°,ASTM A234; ASME B16.9,ASME B16.9; 1 in; ASTM A234 WPB,bare,,,,,,Eastern Cables,EAS-586-57,MTR,11,False,,COATING_FROM_STRUCTURED_FIELD; ELBOW_ANGLE; FAMILY_FITTING; GRADE_FROM_STRUCTURED_FIELD; MANUFACTURER_FROM_FIELD; PART_NO_FROM_FIELD; SIZE_INCH; STANDARD_FROM_SPECIFICATION; TYPE_FROM_MATERIAL_TYPE; UNIT_FROM_FIELD,description; specification; structured_field
IOCL-429026,IOCL,PROCESS PUMP 80 mm,process pump 80 mm,Pumps,Centrifugal Pump,API 610; 80 mm; SS 316,SS 316,80 mm,,,Painted,NOS,pump,centrifugal pump,,stainless steel,SS 316,80 mm,,,,,,,,,,API 610,API 610; 80 mm; SS 316,painted,,,,,,Shree Valves & Fittings,SHR-696-33,NOS,11,False,,COATING_FROM_STRUCTURED_FIELD; FAMILY_PUMP; GRADE_FROM_STRUCTURED_FIELD; MANUFACTURER_FROM_FIELD; MATERIAL_STAINLESS_STEEL; PART_NO_FROM_FIELD; SIZE_MM; STANDARD_FROM_SPECIFICATION; TYPE_CENTRIFUGAL_PUMP; UNIT_FROM_FIELD,description; specification; structured_field
ONGC-183295,ONGC,PRESSURE INDICATOR 0-100 bar,pressure indicator 0-100 bar,Instrumentation,Pressure Gauge,EN 837-1; Range 0-100 bar,SS 304,0-100 bar,,,SS,NOS,instrumentation,pressure gauge,,stainless steel,SS 304,0-100 bar,,,,,,,,,,EN 837-1,EN 837-1; Range 0-100 bar,stainless steel,,,,,,Hindustan Mechanical,HIN-498-10,NOS,11,False,,COATING_FROM_STRUCTURED_FIELD; FAMILY_INSTRUMENTATION; GRADE_FROM_STRUCTURED_FIELD; MANUFACTURER_FROM_FIELD; MATERIAL_STAINLESS_STEEL; PART_NO_FROM_FIELD; SIZE_PRESSURE_RANGE; STANDARD_FROM_SPECIFICATION; TYPE_FROM_MATERIAL_TYPE; UNIT_FROM_FIELD,description; specification; structured_field
HPCL-303236,HPCL,HEXAGONAL NUT M20 ZINC PLATED,hexagonal nut m20 zinc plated,Fasteners,Nut,IS 1364; M20; Zinc Plated,Carbon Steel,M20,,,Zinc Plated,NOS,fastener,nut,hex,carbon steel,Carbon Steel,M20,,,,,,,,,,IS 1364,IS 1364; M20; Zinc Plated,zinc plated,,,,,,Larsen Engineering,LAR-123-50,NOS,12,False,,COATING_FROM_STRUCTURED_FIELD; FAMILY_FASTENER; GRADE_FROM_STRUCTURED_FIELD; MANUFACTURER_FROM_FIELD; MATERIAL_CARBON_STEEL; PART_NO_FROM_FIELD; SIZE_METRIC_BOLT; STANDARD_FROM_SPECIFICATION; SUBTYPE_HEX; TYPE_FROM_MATERIAL_TYPE; UNIT_FROM_FIELD,description; specification; structured_field
CPCL-394163,CPCL,PRESSURE INDICATOR 0-5 bar,pressure indicator 0-5 bar,Instrumentation,Pressure Gauge,EN 837-1; Range 0-5 bar,SS 304,0-5 bar,,,SS,NOS,instrumentation,pressure gauge,,stainless steel,SS 304,0-5 bar,,,,,,,,,,EN 837-1,EN 837-1; Range 0-5 bar,stainless steel,,,,,,National Bearing Works,NAT-204-60,NOS,11,False,,COATING_FROM_STRUCTURED_FIELD; FAMILY_INSTRUMENTATION; GRADE_FROM_STRUCTURED_FIELD; MANUFACTURER_FROM_FIELD; MATERIAL_STAINLESS_STEEL; PART_NO_FROM_FIELD; SIZE_PRESSURE_RANGE; STANDARD_FROM_SPECIFICATION; TYPE_FROM_MATERIAL_TYPE; UNIT_FROM_FIELD,description; specification; structured_field
HPCL-463799,HPCL,HIGH PRESSURE HYDRAULIC HOSE 1/2 in,high pressure hydraulic hose 1/2 in,Hoses,Hydraulic Hose,SAE 100 R2; 1/2 in; 5000 mm,Synthetic Rubber,1/2 in,5000 mm,,Rubber,MTR,hose,hydraulic hose,,synthetic rubber,Synthetic Rubber,1/2 in,,5000 mm,,,,,,,,SAE 100 R2,SAE 100 R2; 1/2 in; 5000 mm,rubber,,,,,,Hindustan Mechanical,HIN-447-55,MTR,12,False,,COATING_FROM_STRUCTURED_FIELD; FAMILY_HOSE; GRADE_FROM_STRUCTURED_FIELD; LENGTH_FROM_FIELD; MANUFACTURER_FROM_FIELD; MATERIAL_SYNTHETIC_RUBBER; PART_NO_FROM_FIELD; SIZE_FRACTION_INCH; STANDARD_FROM_SPECIFICATION; TYPE_FROM_MATERIAL_TYPE; UNIT_FROM_FIELD,description; specification; structured_field
CPCL-110708,CPCL,FLOATING BALL VALVE 4 in SS 316,floating ball valve 4 in stainless steel 316,Valves,Ball Valve,API 608; 4 in; SS 316,SS 316,4 in,,,SS,NOS,valve,ball valve,,stainless steel,SS 316,4 in,,,,,,,,,,API 608,API 608; 4 in; SS 316,stainless steel,,,floating,,,Supreme Engineering,SUP-752-90,NOS,12,False,,COATING_FROM_STRUCTURED_FIELD; CONSTRUCTION_FLOATING; FAMILY_VALVE; GRADE_SS316; MANUFACTURER_FROM_FIELD; MATERIAL_STAINLESS_STEEL; PART_NO_FROM_FIELD; SIZE_INCH; STANDARD_FROM_SPECIFICATION; TYPE_BALL_VALVE; UNIT_FROM_FIELD,description; specification; structured_field
CPCL-287651,CPCL,M8 X 40 MM HEX HEAD BOLT ZINC PLATED,m8 x 40 mm hexagonal head bolt zinc plated,Fasteners,Bolt,IS 1363; M8 x 40 mm; Zinc Plated,Carbon Steel,M8,40 mm,16 mm,Zinc Plated,NOS,fastener,bolt,,carbon steel,Carbon Steel,M8,,40 mm,,,16 mm,,,,,IS 1363,IS 1363; M8 x 40 mm; Zinc Plated,zinc plated,,,,,,Precision Fasteners,PRE-699-84,NOS,13,False,,COATING_FROM_STRUCTURED_FIELD; DIAMETER_FROM_FIELD; FAMILY_FASTENER; GRADE_FROM_STRUCTURED_FIELD; LENGTH_FROM_FIELD; MANUFACTURER_FROM_FIELD; MATERIAL_CARBON_STEEL; PART_NO_FROM_FIELD; SIZE_METRIC_BOLT; STANDARD_FROM_SPECIFICATION; TYPE_FROM_MATERIAL_TYPE; UNIT_FROM_FIELD,description; specification; structured_field
ONGC-779831,ONGC,EP GEAR OIL ISO VG 320,ep gear oil iso vg 320,Lubricants,Lubricant,IS 10522; ISO VG 320,Mineral Oil,ISO VG 320,,,,LTR,lubricant,lubricant,,mineral oil,Mineral Oil,ISO VG 320,,,,,,,,,,ISO VG 320; IS 10522,IS 10522; ISO VG 320,,,,,,,Shree Valves & Fittings,SHR-494-49,LTR,10,False,,FAMILY_LUBRICANT; GRADE_FROM_STRUCTURED_FIELD; MANUFACTURER_FROM_FIELD; MATERIAL_MINERAL_OIL; PART_NO_FROM_FIELD; SIZE_VG_ISO_LUBE; STANDARD_FROM_SPECIFICATION; TYPE_FROM_MATERIAL_TYPE; UNIT_FROM_FIELD,description; specification; structured_field
ONGC-670635,ONGC,GATE VALVE FLANGED 6 in ASTM A216 WCB,gate valve flanged 6 in astm a216 wcb,Valves,Gate Valve,API 600; 6 in; ASTM A216 WCB,ASTM A216 WCB,6 in,,,Painted,NOS,valve,gate valve,,,ASTM A216 WCB,6 in,,,,,,,,,,ASTM A216 WCB; API 600,API 600; 6 in; ASTM A216 WCB,painted,flanged,,,,,National Bearing Works,NAT-502-33,NOS,11,True,material_grade: 'ASTM A216 WCB' vs 'WCB',COATING_FROM_STRUCTURED_FIELD; CONNECTION_FLANGED; FAMILY_VALVE; GRADE_A105; MANUFACTURER_FROM_FIELD; PART_NO_FROM_FIELD; SIZE_INCH; STANDARD_FROM_SPECIFICATION; TYPE_GATE_VALVE; UNIT_FROM_FIELD,description; specification; structured_field
ONGC-693415,ONGC,HEX BOLT M8-50 GALVANIZED,hexagonal bolt m8-50 galvanized,Fasteners,Bolt,IS 1363; M8 x 50 mm; Galvanized,Carbon Steel,M8,50 mm,12 mm,Galvanized,NOS,fastener,bolt,hex,carbon steel,Carbon Steel,M8,,50 mm,,,12 mm,,,,,IS 1363,IS 1363; M8 x 50 mm; Galvanized,galvanized,,,,,,Prime Electricals,PRI-583-64,NOS,14,False,,COATING_FROM_STRUCTURED_FIELD; DIAMETER_FROM_FIELD; FAMILY_FASTENER; GRADE_FROM_STRUCTURED_FIELD; LENGTH_FROM_FIELD; MANUFACTURER_FROM_FIELD; MATERIAL_CARBON_STEEL; PART_NO_FROM_FIELD; SIZE_METRIC_BOLT; STANDARD_FROM_SPECIFICATION; SUBTYPE_HEX; TYPE_FROM_MATERIAL_TYPE; UNIT_FROM_FIELD,description; specification; structured_field
IOCL-522666,IOCL,RTD PT100 4-wire 150 MM,rtd pt100 4-wire 150 mm,Instrumentation,Temperature Sensor,IEC 60751; 4-wire; 150 mm,Pt100,4-wire,150 mm,8 mm,SS,NOS,instrumentation,temperature sensor,,,Pt100,4-wire,,150 mm,,,8 mm,,,,,IEC 60751,IEC 60751; 4-wire; 150 mm,stainless steel,,,,,,Metro Pumps & Valves,MET-699-68,NOS,12,True,size: '4-wire' vs '150 mm',COATING_FROM_STRUCTURED_FIELD; DIAMETER_FROM_FIELD; FAMILY_INSTRUMENTATION; GRADE_FROM_STRUCTURED_FIELD; LENGTH_FROM_FIELD; MANUFACTURER_FROM_FIELD; PART_NO_FROM_FIELD; SIZE_FROM_STRUCTURED_FIELD; STANDARD_FROM_SPECIFICATION; TYPE_FROM_MATERIAL_TYPE; UNIT_FROM_FIELD,specification; structured_field
HPCL-616625,HPCL,BEARING NO 6208,bearing number 6208,Bearings,Ball Bearing,ISO 15; Bearing 6208,Chrome Steel,6208,,,,NOS,bearing,ball bearing,,chrome steel,Chrome Steel,6208,,,,,,,,,,ISO 15,ISO 15; Bearing 6208,,,,,,6208,Supreme Engineering,SUP-340-35,NOS,11,False,,BEARING_NUMBER; FAMILY_BEARING; GRADE_FROM_STRUCTURED_FIELD; MANUFACTURER_FROM_FIELD; MATERIAL_CHROME_STEEL; PART_NO_FROM_FIELD; SIZE_FROM_STRUCTURED_FIELD; STANDARD_FROM_SPECIFICATION; TYPE_BALL_BEARING; UNIT_FROM_FIELD,description; specification; structured_field
CPCL-659577,CPCL,WELD NECK FLANGE 4 in ASTM A105,weld neck flange 4 in astm a105,Pipes & Fittings,Flange,ASME B16.5; 4 in; ASTM A105,ASTM A105,4 in,,,Bare,MTR,flange,weld neck flange,,,ASTM A105,4 in,,,,,,,,,,ASTM A105; ASME B16.5,ASME B16.5; 4 in; ASTM A105,bare,weld neck,,,,,Supreme Engineering,SUP-273-85,MTR,11,True,material_grade: 'ASTM A105' vs 'A105',COATING_FROM_STRUCTURED_FIELD; CONNECTION_WELD_NECK; FAMILY_FLANGE; GRADE_A105; MANUFACTURER_FROM_FIELD; PART_NO_FROM_FIELD; SIZE_INCH; STANDARD_FROM_SPECIFICATION; TYPE_WELDNECK_FLANGE; UNIT_FROM_FIELD,description; specification; structured_field
CPCL-231365,CPCL,HYDRAULIC HOSE 1-1/2 in,hydraulic hose 1-1/2 in,Hoses,Hydraulic Hose,SAE 100 R2; 1-1/2 in; 5000 mm,Synthetic Rubber,1-1/2 in,5000 mm,,Rubber,MTR,hose,hydraulic hose,,synthetic rubber,Synthetic Rubber,1-1/2 in,,5000 mm,,,,,,,,SAE 100 R2,SAE 100 R2; 1-1/2 in; 5000 mm,rubber,,,,,,Larsen Engineering,LAR-460-51,MTR,12,False,,COATING_FROM_STRUCTURED_FIELD; FAMILY_HOSE; GRADE_FROM_STRUCTURED_FIELD; LENGTH_FROM_FIELD; MANUFACTURER_FROM_FIELD; MATERIAL_SYNTHETIC_RUBBER; PART_NO_FROM_FIELD; SIZE_FRACTION_INCH; STANDARD_FROM_SPECIFICATION; TYPE_FROM_MATERIAL_TYPE; UNIT_FROM_FIELD,description; specification; structured_field
ONGC-691466,ONGC,XLPE CABLE 2.5 sq mm,xlpe cable 2.5 sq mm,Electrical,Cable,IS 7098; 2.5 sq mm; 500 m,XLPE Copper,2.5 sq mm,500 mm,,PVC,MTR,electrical,cable,,xlpe,XLPE Copper,2.5 sq mm,,500 mm,,,,,,,,IS 7098,IS 7098; 2.5 sq mm; 500 m,pvc,,,,,,ABC Industrial Products,ABC-847-53,MTR,12,False,,COATING_FROM_STRUCTURED_FIELD; FAMILY_ELECTRICAL; GRADE_FROM_STRUCTURED_FIELD; LENGTH_FROM_FIELD; MANUFACTURER_FROM_FIELD; MATERIAL_XLPE; PART_NO_FROM_FIELD; SIZE_SQMM_CABLE; STANDARD_FROM_SPECIFICATION; TYPE_FROM_MATERIAL_TYPE; UNIT_FROM_FIELD,description; specification; structured_field
CPCL-747973,CPCL,SPIRAL WOUND GASKET 4 in Graphite/SS 316,spiral wound gasket 4 in graphite/stainless steel 316,Seals,Gasket,ASME B16.20; 4 in; Graphite/SS 316,Graphite/SS 316,4 in,,,SS,NOS,seal/gasket,gasket,,stainless steel,Graphite/SS 316,4 in,,,,,,,,,,ASME B16.20,ASME B16.20; 4 in; Graphite/SS 316,stainless steel,,,,,,Larsen Engineering,LAR-306-36,NOS,11,True,material_grade: 'Graphite/SS 316' vs 'SS 316'; material_type: 'gasket' vs 'spiral wound gasket',COATING_FROM_STRUCTURED_FIELD; FAMILY_SEAL; GRADE_FROM_STRUCTURED_FIELD; MANUFACTURER_FROM_FIELD; MATERIAL_STAINLESS_STEEL; PART_NO_FROM_FIELD; SIZE_INCH; STANDARD_FROM_SPECIFICATION; TYPE_FROM_MATERIAL_TYPE; UNIT_FROM_FIELD,description; specification; structured_field
ONGC-527796,ONGC,GLOBE VALVE FLANGED 1 in,globe valve flanged 1 in,Valves,Globe Valve,API 623; 1 in; ASTM A216 WCB,ASTM A216 WCB,1 in,,,Painted,NOS,valve,globe valve,,,ASTM A216 WCB,1 in,,,,,,,,,,ASTM A216 WCB; API 623,API 623; 1 in; ASTM A216 WCB,painted,flanged,,,,,Supreme Engineering,SUP-324-29,NOS,11,False,,COATING_FROM_STRUCTURED_FIELD; CONNECTION_FLANGED; FAMILY_VALVE; GRADE_FROM_STRUCTURED_FIELD; MANUFACTURER_FROM_FIELD; PART_NO_FROM_FIELD; SIZE_INCH; STANDARD_FROM_SPECIFICATION; TYPE_GLOBE_VALVE; UNIT_FROM_FIELD,description; specification; structured_field
CPCL-899710,CPCL,DEEP GROOVE BEARING 6208,deep groove bearing 6208,Bearings,Ball Bearing,ISO 15; Bearing 6208,Chrome Steel,6208,,,,NOS,bearing,ball bearing,deep groove,chrome steel,Chrome Steel,6208,,,,,,,,,,ISO 15,ISO 15; Bearing 6208,,,,,,6208,Bharat Industrial Works,BHA-457-12,NOS,12,False,,BEARING_NUMBER; FAMILY_BEARING; GRADE_FROM_STRUCTURED_FIELD; MANUFACTURER_FROM_FIELD; MATERIAL_CHROME_STEEL; PART_NO_FROM_FIELD; SIZE_FROM_STRUCTURED_FIELD; STANDARD_FROM_SPECIFICATION; SUBTYPE_DEEP_GROOVE; TYPE_BALL_BEARING; UNIT_FROM_FIELD,description; specification; structured_field
IOCL-809394,IOCL,HIGH PRESSURE HYDRAULIC HOSE 1/2 in,high pressure hydraulic hose 1/2 in,Hoses,Hydraulic Hose,SAE 100 R2; 1/2 in; 1000 mm,Synthetic Rubber,1/2 in,1000 mm,,Rubber,MTR,hose,hydraulic hose,,synthetic rubber,Synthetic Rubber,1/2 in,,1000 mm,,,,,,,,SAE 100 R2,SAE 100 R2; 1/2 in; 1000 mm,rubber,,,,,,ABC Industrial Products,ABC-917-34,MTR,12,False,,COATING_FROM_STRUCTURED_FIELD; FAMILY_HOSE; GRADE_FROM_STRUCTURED_FIELD; LENGTH_FROM_FIELD; MANUFACTURER_FROM_FIELD; MATERIAL_SYNTHETIC_RUBBER; PART_NO_FROM_FIELD; SIZE_FRACTION_INCH; STANDARD_FROM_SPECIFICATION; TYPE_FROM_MATERIAL_TYPE; UNIT_FROM_FIELD,description; specification; structured_field
CPCL-181271,CPCL,CARTRIDGE FUSE 63 A,cartridge fuse 63 a,Electrical,Fuse,IS 13703; 63 A,Ceramic,63 A,,,,MTR,electrical,fuse,,,Ceramic,63 A,,,,,,,,,,IS 13703,IS 13703; 63 A,,,,,,,Shree Valves & Fittings,SHR-209-78,MTR,9,False,,FAMILY_ELECTRICAL; GRADE_FROM_STRUCTURED_FIELD; MANUFACTURER_FROM_FIELD; PART_NO_FROM_FIELD; SIZE_FROM_STRUCTURED_FIELD; STANDARD_FROM_SPECIFICATION; TYPE_FROM_MATERIAL_TYPE; UNIT_FROM_FIELD,description; specification; structured_field
HPCL-902570,HPCL,SAFETY VALVE 4 in,safety valve 4 in,Safety,Safety Valve,API 526; 4 in; SS 316,SS 316,4 in,,,SS,NOS,safety,safety valve,,stainless steel,SS 316,4 in,,,,,,,,,,API 526,API 526; 4 in; SS 316,stainless steel,,,,,,Prime Electricals,PRI-117-75,NOS,11,True,material_family: 'safety' vs 'valve',COATING_FROM_STRUCTURED_FIELD; FAMILY_SAFETY; GRADE_FROM_STRUCTURED_FIELD; MANUFACTURER_FROM_FIELD; MATERIAL_STAINLESS_STEEL; PART_NO_FROM_FIELD; SIZE_INCH; STANDARD_FROM_SPECIFICATION; TYPE_SAFETY_VALVE; UNIT_FROM_FIELD,description; specification; structured_field
ONGC-887113,ONGC,CARTRIDGE FUSE 2 A,cartridge fuse 2 a,Electrical,Fuse,IS 13703; 2 A,Ceramic,2 A,,,,MTR,electrical,fuse,,,Ceramic,2 A,,,,,,,,,,IS 13703,IS 13703; 2 A,,,,,,,Bharat Industrial Works,BHA-415-56,MTR,9,False,,FAMILY_ELECTRICAL; GRADE_FROM_STRUCTURED_FIELD; MANUFACTURER_FROM_FIELD; PART_NO_FROM_FIELD; SIZE_FROM_STRUCTURED_FIELD; STANDARD_FROM_SPECIFICATION; TYPE_FROM_MATERIAL_TYPE; UNIT_FROM_FIELD,description; specification; structured_field
ONGC-880522,ONGC,PRESSURE RELIEF VALVE 2 in SS 316,pressure relief valve 2 in stainless steel 316,Safety,Safety Valve,API 526; 2 in; SS 316,SS 316,2 in,,,SS,NOS,safety,safety valve,,stainless steel,SS 316,2 in,,,,,,,,,,API 526,API 526; 2 in; SS 316,stainless steel,,,,,,National Bearing Works,NAT-919-90,NOS,11,False,,COATING_FROM_STRUCTURED_FIELD; FAMILY_SAFETY; GRADE_SS316; MANUFACTURER_FROM_FIELD; MATERIAL_STAINLESS_STEEL; PART_NO_FROM_FIELD; SIZE_INCH; STANDARD_FROM_SPECIFICATION; TYPE_SAFETY_VALVE; UNIT_FROM_FIELD,description; specification; structured_field
CPCL-910988,CPCL,CARTRIDGE FUSE 63 A,cartridge fuse 63 a,Electrical,Fuse,IS 13703; 63 A,Ceramic,63 A,,,,MTR,electrical,fuse,,,Ceramic,63 A,,,,,,,,,,IS 13703,IS 13703; 63 A,,,,,,,Prime Electricals,PRI-775-64,MTR,9,False,,FAMILY_ELECTRICAL; GRADE_FROM_STRUCTURED_FIELD; MANUFACTURER_FROM_FIELD; PART_NO_FROM_FIELD; SIZE_FROM_STRUCTURED_FIELD; STANDARD_FROM_SPECIFICATION; TYPE_FROM_MATERIAL_TYPE; UNIT_FROM_FIELD,description; specification; structured_field
CPCL-481544,CPCL,PT100 RTD 4-wire 500,pt100 rtd 4-wire 500,Instrumentation,Temperature Sensor,IEC 60751; 4-wire; 500 mm,Pt100,4-wire,500 mm,8 mm,SS,NOS,instrumentation,temperature sensor,,,Pt100,4-wire,,500 mm,,,8 mm,,,,,IEC 60751,IEC 60751; 4-wire; 500 mm,stainless steel,,,,,,National Bearing Works,NAT-827-75,NOS,12,False,,COATING_FROM_STRUCTURED_FIELD; DIAMETER_FROM_FIELD; FAMILY_INSTRUMENTATION; GRADE_FROM_STRUCTURED_FIELD; LENGTH_FROM_FIELD; MANUFACTURER_FROM_FIELD; PART_NO_FROM_FIELD; SIZE_FROM_STRUCTURED_FIELD; STANDARD_FROM_SPECIFICATION; TYPE_FROM_MATERIAL_TYPE; UNIT_FROM_FIELD,specification; structured_field
ONGC-286802,ONGC,POWER CABLE 25 sq mm XLPE Aluminium,power cable 25 sq mm xlpe aluminium,Electrical,Cable,IS 7098; 25 sq mm; 100 m,XLPE Aluminium,25 sq mm,100 mm,,PVC,MTR,electrical,cable,,xlpe,XLPE Aluminium,25 sq mm,,100 mm,,,,,,,,IS 7098,IS 7098; 25 sq mm; 100 m,pvc,,,,,,Larsen Engineering,LAR-859-60,MTR,12,False,,COATING_FROM_STRUCTURED_FIELD; FAMILY_ELECTRICAL; GRADE_FROM_STRUCTURED_FIELD; LENGTH_FROM_FIELD; MANUFACTURER_FROM_FIELD; MATERIAL_XLPE; PART_NO_FROM_FIELD; SIZE_SQMM_CABLE; STANDARD_FROM_SPECIFICATION; TYPE_FROM_MATERIAL_TYPE; UNIT_FROM_FIELD,description; specification; structured_field
CPCL-648125,CPCL,CENTRIFUGAL PUMP 100 mm SS 316,centrifugal pump 100 mm stainless steel 316,Pumps,Centrifugal Pump,API 610; 100 mm; SS 316,SS 316,100 mm,,,Painted,NOS,pump,centrifugal pump,,stainless steel,SS 316,100 mm,,,,,,,,,,API 610,API 610; 100 mm; SS 316,painted,,,,,,Shree Valves & Fittings,SHR-148-32,NOS,11,False,,COATING_FROM_STRUCTURED_FIELD; FAMILY_PUMP; GRADE_SS316; MANUFACTURER_FROM_FIELD; MATERIAL_STAINLESS_STEEL; PART_NO_FROM_FIELD; SIZE_MM; STANDARD_FROM_SPECIFICATION; TYPE_CENTRIFUGAL_PUMP; UNIT_FROM_FIELD,description; specification; structured_field
IOCL-594816,IOCL,WASHER M20 GALVANIZED,washer m20 galvanized,Fasteners,Washer,IS 2016; M20; Galvanized,Carbon Steel,M20,,,Galvanized,NOS,fastener,washer,,carbon steel,Carbon Steel,M20,,,,,,,,,,IS 2016,IS 2016; M20; Galvanized,galvanized,,,,,,Shree Valves & Fittings,SHR-463-33,NOS,11,False,,COATING_FROM_STRUCTURED_FIELD; FAMILY_FASTENER; GRADE_FROM_STRUCTURED_FIELD; MANUFACTURER_FROM_FIELD; MATERIAL_CARBON_STEEL; PART_NO_FROM_FIELD; SIZE_METRIC_BOLT; STANDARD_FROM_SPECIFICATION; TYPE_FROM_MATERIAL_TYPE; UNIT_FROM_FIELD,description; specification; structured_field
HPCL-740300,HPCL,WELD NECK FLANGE 6 in ASTM A105,weld neck flange 6 in astm a105,Pipes & Fittings,Flange,ASME B16.5; 6 in; ASTM A105,ASTM A105,6 in,,,Bare,MTR,flange,weld neck flange,,,ASTM A105,6 in,,,,,,,,,,ASTM A105; ASME B16.5,ASME B16.5; 6 in; ASTM A105,bare,weld neck,,,,,Metro Pumps & Valves,MET-198-92,MTR,11,True,material_grade: 'ASTM A105' vs 'A105',COATING_FROM_STRUCTURED_FIELD; CONNECTION_WELD_NECK; FAMILY_FLANGE; GRADE_A105; MANUFACTURER_FROM_FIELD; PART_NO_FROM_FIELD; SIZE_INCH; STANDARD_FROM_SPECIFICATION; TYPE_WELDNECK_FLANGE; UNIT_FROM_FIELD,description; specification; structured_field
ONGC-192261,ONGC,SAFETY VALVE 3 in,safety valve 3 in,Safety,Safety Valve,API 526; 3 in; SS 316,SS 316,3 in,,,SS,NOS,safety,safety valve,,stainless steel,SS 316,3 in,,,,,,,,,,API 526,API 526; 3 in; SS 316,stainless steel,,,,,,Hindustan Mechanical,HIN-924-74,NOS,11,True,material_family: 'safety' vs 'valve',COATING_FROM_STRUCTURED_FIELD; FAMILY_SAFETY; GRADE_FROM_STRUCTURED_FIELD; MANUFACTURER_FROM_FIELD; MATERIAL_STAINLESS_STEEL; PART_NO_FROM_FIELD; SIZE_INCH; STANDARD_FROM_SPECIFICATION; TYPE_SAFETY_VALVE; UNIT_FROM_FIELD,description; specification; structured_field
IOCL-210596,IOCL,HYD HOSE 1/2 in 1000 MM,hyd hose 1/2 in 1000 mm,Hoses,Hydraulic Hose,SAE 100 R2; 1/2 in; 1000 mm,Synthetic Rubber,1/2 in,1000 mm,,Rubber,MTR,hose,hydraulic hose,,synthetic rubber,Synthetic Rubber,1/2 in,,1000 mm,,,,,,,,SAE 100 R2,SAE 100 R2; 1/2 in; 1000 mm,rubber,,,,,,Apex Industrial Systems,APE-200-94,MTR,12,False,,COATING_FROM_STRUCTURED_FIELD; FAMILY_HOSE; GRADE_FROM_STRUCTURED_FIELD; LENGTH_FROM_FIELD; MANUFACTURER_FROM_FIELD; MATERIAL_SYNTHETIC_RUBBER; PART_NO_FROM_FIELD; SIZE_FRACTION_INCH; STANDARD_FROM_SPECIFICATION; TYPE_FROM_MATERIAL_TYPE; UNIT_FROM_FIELD,description; specification; structured_field
HPCL-223475,HPCL,PROCESS PUMP 25 mm,process pump 25 mm,Pumps,Centrifugal Pump,API 610; 25 mm; SS 316,SS 316,25 mm,,,Painted,NOS,pump,centrifugal pump,,stainless steel,SS 316,25 mm,,,,,,,,,,API 610,API 610; 25 mm; SS 316,painted,,,,,,Larsen Engineering,LAR-157-59,NOS,11,False,,COATING_FROM_STRUCTURED_FIELD; FAMILY_PUMP; GRADE_FROM_STRUCTURED_FIELD; MANUFACTURER_FROM_FIELD; MATERIAL_STAINLESS_STEEL; PART_NO_FROM_FIELD; SIZE_MM; STANDARD_FROM_SPECIFICATION; TYPE_CENTRIFUGAL_PUMP; UNIT_FROM_FIELD,description; specification; structured_field
IOCL-891037,IOCL,GALV HEX BOLT M16 X 60 MM,galvanized hexagonal bolt m16 x 60 mm,Fasteners,Bolt,IS 1363; M16 x 60 mm; Zinc Plated,Carbon Steel,M16,60 mm,12 mm,Zinc Plated,NOS,fastener,bolt,hex,carbon steel,Carbon Steel,M16,,60 mm,,,12 mm,,,,,IS 1363,IS 1363; M16 x 60 mm; Zinc Plated,zinc plated,,,,,,ABC Industrial Products,ABC-194-28,NOS,14,False,,COATING_FROM_STRUCTURED_FIELD; DIAMETER_FROM_FIELD; FAMILY_FASTENER; GRADE_FROM_STRUCTURED_FIELD; LENGTH_FROM_FIELD; MANUFACTURER_FROM_FIELD; MATERIAL_CARBON_STEEL; PART_NO_FROM_FIELD; SIZE_METRIC_BOLT; STANDARD_FROM_SPECIFICATION; SUBTYPE_HEX; TYPE_FROM_MATERIAL_TYPE; UNIT_FROM_FIELD,description; specification; structured_field
ONGC-751748,ONGC,INDUSTRIAL GEAR LUBRICANT EP 140,industrial gear lubricant ep 140,Lubricants,Lubricant,IS 10522; EP 140,Mineral Oil,EP 140,,,,LTR,lubricant,lubricant,,mineral oil,Mineral Oil,EP 140,,,,,,,,,,IS 10522,IS 10522; EP 140,,,,,,,Larsen Engineering,LAR-985-56,LTR,10,False,,FAMILY_LUBRICANT; GRADE_FROM_STRUCTURED_FIELD; MANUFACTURER_FROM_FIELD; MATERIAL_MINERAL_OIL; PART_NO_FROM_FIELD; SIZE_VG_ISO_LUBE; STANDARD_FROM_SPECIFICATION; TYPE_FROM_MATERIAL_TYPE; UNIT_FROM_FIELD,description; specification; structured_field
HPCL-546608,HPCL,"M10 HEX BOLT, 50 MM, GALVANIZED","m10 hexagonal bolt, 50 mm, galvanized",Fasteners,Bolt,IS 1363; M10 x 50 mm; Galvanized,Carbon Steel,M10,50 mm,10 mm,Galvanized,NOS,fastener,bolt,hex,carbon steel,Carbon Steel,M10,,50 mm,,,10 mm,,,,,IS 1363,IS 1363; M10 x 50 mm; Galvanized,galvanized,,,,,,Supreme Engineering,SUP-399-87,NOS,14,False,,COATING_FROM_STRUCTURED_FIELD; DIAMETER_FROM_FIELD; FAMILY_FASTENER; GRADE_FROM_STRUCTURED_FIELD; LENGTH_FROM_FIELD; MANUFACTURER_FROM_FIELD; MATERIAL_CARBON_STEEL; PART_NO_FROM_FIELD; SIZE_METRIC_BOLT; STANDARD_FROM_SPECIFICATION; SUBTYPE_HEX; TYPE_FROM_MATERIAL_TYPE; UNIT_FROM_FIELD,description; specification; structured_field
IOCL-643534,IOCL,GATE VALVE FLANGED 1 in,gate valve flanged 1 in,Valves,Gate Valve,API 600; 1 in; ASTM A216 WCB,ASTM A216 WCB,1 in,,,Painted,NOS,valve,gate valve,,,ASTM A216 WCB,1 in,,,,,,,,,,ASTM A216 WCB; API 600,API 600; 1 in; ASTM A216 WCB,painted,flanged,,,,,Bharat Industrial Works,BHA-864-85,NOS,11,False,,COATING_FROM_STRUCTURED_FIELD; CONNECTION_FLANGED; FAMILY_VALVE; GRADE_FROM_STRUCTURED_FIELD; MANUFACTURER_FROM_FIELD; PART_NO_FROM_FIELD; SIZE_INCH; STANDARD_FROM_SPECIFICATION; TYPE_GATE_VALVE; UNIT_FROM_FIELD,description; specification; structured_field
ONGC-648773,ONGC,FLOATING BALL VALVE 1 in SS 316,floating ball valve 1 in stainless steel 316,Valves,Ball Valve,API 608; 1 in; SS 316,SS 316,1 in,,,SS,NOS,valve,ball valve,,stainless steel,SS 316,1 in,,,,,,,,,,API 608,API 608; 1 in; SS 316,stainless steel,,,floating,,,Precision Fasteners,PRE-463-22,NOS,12,False,,COATING_FROM_STRUCTURED_FIELD; CONSTRUCTION_FLOATING; FAMILY_VALVE; GRADE_SS316; MANUFACTURER_FROM_FIELD; MATERIAL_STAINLESS_STEEL; PART_NO_FROM_FIELD; SIZE_INCH; STANDARD_FROM_SPECIFICATION; TYPE_BALL_VALVE; UNIT_FROM_FIELD,description; specification; structured_field
ONGC-832691,ONGC,GATE VALVE 6 in API 600,gate valve 6 in api 600,Valves,Gate Valve,API 600; 6 in; ASTM A216 WCB,ASTM A216 WCB,6 in,,,Painted,NOS,valve,gate valve,,,ASTM A216 WCB,6 in,,,,,,,,,,ASTM A216 WCB; API 600,API 600; 6 in; ASTM A216 WCB,painted,,,,,,Bharat Industrial Works,BHA-123-50,NOS,10,False,,COATING_FROM_STRUCTURED_FIELD; FAMILY_VALVE; GRADE_FROM_STRUCTURED_FIELD; MANUFACTURER_FROM_FIELD; PART_NO_FROM_FIELD; SIZE_INCH; STANDARD_FROM_SPECIFICATION; TYPE_GATE_VALVE; UNIT_FROM_FIELD,description; specification; structured_field
CPCL-509229,CPCL,HRC CARTRIDGE 5 A,high rupturing capacity cartridge 5 a,Electrical,Fuse,IS 13703; 5 A,Ceramic,5 A,,,,MTR,electrical,fuse,,,Ceramic,5 A,,,,,,,,,,IS 13703,IS 13703; 5 A,,,,,,,Larsen Engineering,LAR-635-60,MTR,9,False,,FAMILY_ELECTRICAL; GRADE_FROM_STRUCTURED_FIELD; MANUFACTURER_FROM_FIELD; PART_NO_FROM_FIELD; SIZE_FROM_STRUCTURED_FIELD; STANDARD_FROM_SPECIFICATION; TYPE_FROM_MATERIAL_TYPE; UNIT_FROM_FIELD,description; specification; structured_field
HPCL-972415,HPCL,CENTRIFUGAL PUMP 25 mm SS 316,centrifugal pump 25 mm stainless steel 316,Pumps,Centrifugal Pump,API 610; 25 mm; SS 316,SS 316,25 mm,,,Painted,NOS,pump,centrifugal pump,,stainless steel,SS 316,25 mm,,,,,,,,,,API 610,API 610; 25 mm; SS 316,painted,,,,,,Larsen Engineering,LAR-866-26,NOS,11,False,,COATING_FROM_STRUCTURED_FIELD; FAMILY_PUMP; GRADE_SS316; MANUFACTURER_FROM_FIELD; MATERIAL_STAINLESS_STEEL; PART_NO_FROM_FIELD; SIZE_MM; STANDARD_FROM_SPECIFICATION; TYPE_CENTRIFUGAL_PUMP; UNIT_FROM_FIELD,description; specification; structured_field
HPCL-647884,HPCL,RTD SENSOR 3-wire,rtd sensor 3-wire,Instrumentation,Temperature Sensor,IEC 60751; 3-wire; 500 mm,Pt100,3-wire,500 mm,6 mm,SS,NOS,instrumentation,temperature sensor,,,Pt100,3-wire,,500 mm,,,6 mm,,,,,IEC 60751,IEC 60751; 3-wire; 500 mm,stainless steel,,,,,,Larsen Engineering,LAR-404-65,NOS,12,False,,COATING_FROM_STRUCTURED_FIELD; DIAMETER_FROM_FIELD; FAMILY_INSTRUMENTATION; GRADE_FROM_STRUCTURED_FIELD; LENGTH_FROM_FIELD; MANUFACTURER_FROM_FIELD; PART_NO_FROM_FIELD; SIZE_FROM_STRUCTURED_FIELD; STANDARD_FROM_SPECIFICATION; TYPE_FROM_MATERIAL_TYPE; UNIT_FROM_FIELD,specification; structured_field
IOCL-262200,IOCL,HEXAGONAL NUT M10 GALVANIZED,hexagonal nut m10 galvanized,Fasteners,Nut,IS 1364; M10; Galvanized,Carbon Steel,M10,,,Galvanized,NOS,fastener,nut,hex,carbon steel,Carbon Steel,M10,,,,,,,,,,IS 1364,IS 1364; M10; Galvanized,galvanized,,,,,,ABC Industrial Products,ABC-963-71,NOS,12,False,,COATING_FROM_STRUCTURED_FIELD; FAMILY_FASTENER; GRADE_FROM_STRUCTURED_FIELD; MANUFACTURER_FROM_FIELD; MATERIAL_CARBON_STEEL; PART_NO_FROM_FIELD; SIZE_METRIC_BOLT; STANDARD_FROM_SPECIFICATION; SUBTYPE_HEX; TYPE_FROM_MATERIAL_TYPE; UNIT_FROM_FIELD,description; specification; structured_field
IOCL-237312,IOCL,GALV HEX BOLT M12 X 60 MM,galvanized hexagonal bolt m12 x 60 mm,Fasteners,Bolt,IS 1363; M12 x 60 mm; Galvanized,Carbon Steel,M12,60 mm,12 mm,Galvanized,NOS,fastener,bolt,hex,carbon steel,Carbon Steel,M12,,60 mm,,,12 mm,,,,,IS 1363,IS 1363; M12 x 60 mm; Galvanized,galvanized,,,,,,Shree Valves & Fittings,SHR-862-16,NOS,14,False,,COATING_FROM_STRUCTURED_FIELD; DIAMETER_FROM_FIELD; FAMILY_FASTENER; GRADE_FROM_STRUCTURED_FIELD; LENGTH_FROM_FIELD; MANUFACTURER_FROM_FIELD; MATERIAL_CARBON_STEEL; PART_NO_FROM_FIELD; SIZE_METRIC_BOLT; STANDARD_FROM_SPECIFICATION; SUBTYPE_HEX; TYPE_FROM_MATERIAL_TYPE; UNIT_FROM_FIELD,description; specification; structured_field
IOCL-878056,IOCL,INDUSTRIAL GEAR LUBRICANT EP 140,industrial gear lubricant ep 140,Lubricants,Lubricant,IS 10522; EP 140,Mineral Oil,EP 140,,,,LTR,lubricant,lubricant,,mineral oil,Mineral Oil,EP 140,,,,,,,,,,IS 10522,IS 10522; EP 140,,,,,,,Larsen Engineering,LAR-989-89,LTR,10,False,,FAMILY_LUBRICANT; GRADE_FROM_STRUCTURED_FIELD; MANUFACTURER_FROM_FIELD; MATERIAL_MINERAL_OIL; PART_NO_FROM_FIELD; SIZE_VG_ISO_LUBE; STANDARD_FROM_SPECIFICATION; TYPE_FROM_MATERIAL_TYPE; UNIT_FROM_FIELD,description; specification; structured_field
ONGC-777364,ONGC,GATE VALVE FLANGED 3 in ASTM A216 WCB,gate valve flanged 3 in astm a216 wcb,Valves,Gate Valve,API 600; 3 in; ASTM A216 WCB,ASTM A216 WCB,3 in,,,Painted,NOS,valve,gate valve,,,ASTM A216 WCB,3 in,,,,,,,,,,ASTM A216 WCB; API 600,API 600; 3 in; ASTM A216 WCB,painted,flanged,,,,,Precision Fasteners,PRE-449-16,NOS,11,True,material_grade: 'ASTM A216 WCB' vs 'WCB',COATING_FROM_STRUCTURED_FIELD; CONNECTION_FLANGED; FAMILY_VALVE; GRADE_A105; MANUFACTURER_FROM_FIELD; PART_NO_FROM_FIELD; SIZE_INCH; STANDARD_FROM_SPECIFICATION; TYPE_GATE_VALVE; UNIT_FROM_FIELD,description; specification; structured_field
CPCL-726472,CPCL,RTD PT100 3-wire 150 MM,rtd pt100 3-wire 150 mm,Instrumentation,Temperature Sensor,IEC 60751; 3-wire; 150 mm,Pt100,3-wire,150 mm,6 mm,SS,NOS,instrumentation,temperature sensor,,,Pt100,3-wire,,150 mm,,,6 mm,,,,,IEC 60751,IEC 60751; 3-wire; 150 mm,stainless steel,,,,,,Hindustan Mechanical,HIN-102-90,NOS,12,True,size: '3-wire' vs '150 mm',COATING_FROM_STRUCTURED_FIELD; DIAMETER_FROM_FIELD; FAMILY_INSTRUMENTATION; GRADE_FROM_STRUCTURED_FIELD; LENGTH_FROM_FIELD; MANUFACTURER_FROM_FIELD; PART_NO_FROM_FIELD; SIZE_FROM_STRUCTURED_FIELD; STANDARD_FROM_SPECIFICATION; TYPE_FROM_MATERIAL_TYPE; UNIT_FROM_FIELD,specification; structured_field
HPCL-919442,HPCL,BOURDON PRESSURE GAUGE 0-40 bar,bourdon pressure gauge 0-40 bar,Instrumentation,Pressure Gauge,EN 837-1; Range 0-40 bar,SS 304,0-40 bar,,,SS,NOS,instrumentation,pressure gauge,,stainless steel,SS 304,0-40 bar,,,,,,,,,,EN 837-1,EN 837-1; Range 0-40 bar,stainless steel,,,,,,Shree Valves & Fittings,SHR-410-22,NOS,11,False,,COATING_FROM_STRUCTURED_FIELD; FAMILY_INSTRUMENTATION; GRADE_FROM_STRUCTURED_FIELD; MANUFACTURER_FROM_FIELD; MATERIAL_STAINLESS_STEEL; PART_NO_FROM_FIELD; SIZE_PRESSURE_RANGE; STANDARD_FROM_SPECIFICATION; TYPE_FROM_MATERIAL_TYPE; UNIT_FROM_FIELD,description; specification; structured_field
IOCL-567256,IOCL,DEEP GROOVE BEARING 6204,deep groove bearing 6204,Bearings,Ball Bearing,ISO 15; Bearing 6204,Chrome Steel,6204,,,,NOS,bearing,ball bearing,deep groove,chrome steel,Chrome Steel,6204,,,,,,,,,,ISO 15,ISO 15; Bearing 6204,,,,,,6204,Supreme Engineering,SUP-785-99,NOS,12,False,,BEARING_NUMBER; FAMILY_BEARING; GRADE_FROM_STRUCTURED_FIELD; MANUFACTURER_FROM_FIELD; MATERIAL_CHROME_STEEL; PART_NO_FROM_FIELD; SIZE_FROM_STRUCTURED_FIELD; STANDARD_FROM_SPECIFICATION; SUBTYPE_DEEP_GROOVE; TYPE_BALL_BEARING; UNIT_FROM_FIELD,description; specification; structured_field
IOCL-520268,IOCL,PRESSURE RELIEF VALVE 2 in SS 316,pressure relief valve 2 in stainless steel 316,Safety,Safety Valve,API 526; 2 in; SS 316,SS 316,2 in,,,SS,NOS,safety,safety valve,,stainless steel,SS 316,2 in,,,,,,,,,,API 526,API 526; 2 in; SS 316,stainless steel,,,,,,Prime Electricals,PRI-345-59,NOS,11,False,,COATING_FROM_STRUCTURED_FIELD; FAMILY_SAFETY; GRADE_SS316; MANUFACTURER_FROM_FIELD; MATERIAL_STAINLESS_STEEL; PART_NO_FROM_FIELD; SIZE_INCH; STANDARD_FROM_SPECIFICATION; TYPE_SAFETY_VALVE; UNIT_FROM_FIELD,description; specification; structured_field
CPCL-851194,CPCL,GATE VALVE 6 in API 600,gate valve 6 in api 600,Valves,Gate Valve,API 600; 6 in; ASTM A216 WCB,ASTM A216 WCB,6 in,,,Painted,NOS,valve,gate valve,,,ASTM A216 WCB,6 in,,,,,,,,,,ASTM A216 WCB; API 600,API 600; 6 in; ASTM A216 WCB,painted,,,,,,Eastern Cables,EAS-787-16,NOS,10,False,,COATING_FROM_STRUCTURED_FIELD; FAMILY_VALVE; GRADE_FROM_STRUCTURED_FIELD; MANUFACTURER_FROM_FIELD; PART_NO_FROM_FIELD; SIZE_INCH; STANDARD_FROM_SPECIFICATION; TYPE_GATE_VALVE; UNIT_FROM_FIELD,description; specification; structured_field
HPCL-101392,HPCL,M20 HEX NUT,m20 hexagonal nut,Fasteners,Nut,IS 1364; M20; Zinc Plated,Carbon Steel,M20,,,Zinc Plated,NOS,fastener,nut,hex,carbon steel,Carbon Steel,M20,,,,,,,,,,IS 1364,IS 1364; M20; Zinc Plated,zinc plated,,,,,,Prime Electricals,PRI-928-33,NOS,12,False,,COATING_FROM_STRUCTURED_FIELD; FAMILY_FASTENER; GRADE_FROM_STRUCTURED_FIELD; MANUFACTURER_FROM_FIELD; MATERIAL_CARBON_STEEL; PART_NO_FROM_FIELD; SIZE_METRIC_BOLT; STANDARD_FROM_SPECIFICATION; SUBTYPE_HEX; TYPE_FROM_MATERIAL_TYPE; UNIT_FROM_FIELD,description; specification; structured_field
ONGC-816510,ONGC,BALL VALVE 3 in API 608,ball valve 3 in api 608,Valves,Ball Valve,API 608; 3 in; SS 316,SS 316,3 in,,,SS,NOS,valve,ball valve,,stainless steel,SS 316,3 in,,,,,,,,,,API 608,API 608; 3 in; SS 316,stainless steel,,,,,,Prime Electricals,PRI-187-93,NOS,11,False,,COATING_FROM_STRUCTURED_FIELD; FAMILY_VALVE; GRADE_FROM_STRUCTURED_FIELD; MANUFACTURER_FROM_FIELD; MATERIAL_STAINLESS_STEEL; PART_NO_FROM_FIELD; SIZE_INCH; STANDARD_FROM_SPECIFICATION; TYPE_BALL_VALVE; UNIT_FROM_FIELD,description; specification; structured_field
ONGC-108627,ONGC,FLOATING BALL VALVE 1/2 in,floating ball valve 1/2 in,Valves,Ball Valve,API 608; 1/2 in; SS 316,SS 316,1/2 in,,,SS,NOS,valve,ball valve,,stainless steel,SS 316,1/2 in,,,,,,,,,,API 608,API 608; 1/2 in; SS 316,stainless steel,,,floating,,,Prime Electricals,PRI-255-37,NOS,12,False,,COATING_FROM_STRUCTURED_FIELD; CONSTRUCTION_FLOATING; FAMILY_VALVE; GRADE_FROM_STRUCTURED_FIELD; MANUFACTURER_FROM_FIELD; MATERIAL_STAINLESS_STEEL; PART_NO_FROM_FIELD; SIZE_FRACTION_INCH; STANDARD_FROM_SPECIFICATION; TYPE_BALL_VALVE; UNIT_FROM_FIELD,description; specification; structured_field
HPCL-280212,HPCL,SEAMLESS STEEL PIPE 1/2 in API 5L,seamless steel pipe 1/2 in api 5l,Pipes & Fittings,Pipe,API 5L; 1/2 in; ASTM A106 Gr.B,ASTM A106 Gr.B,1/2 in,3000 mm,,Bare,MTR,pipe/fitting,pipe,,,ASTM A106 Gr.B,1/2 in,,3000 mm,,,,,,,,ASTM A106 Gr.B; API 5L,API 5L; 1/2 in; ASTM A106 Gr.B,bare,,,seamless,,,Prime Electricals,PRI-616-53,MTR,12,False,,COATING_FROM_STRUCTURED_FIELD; CONSTRUCTION_SEAMLESS; FAMILY_PIPE; GRADE_FROM_STRUCTURED_FIELD; LENGTH_FROM_FIELD; MANUFACTURER_FROM_FIELD; PART_NO_FROM_FIELD; SIZE_FRACTION_INCH; STANDARD_FROM_SPECIFICATION; TYPE_FROM_MATERIAL_TYPE; UNIT_FROM_FIELD,description; specification; structured_field
HPCL-374060,HPCL,HYD HOSE 3/4 in 1000 MM,hyd hose 3/4 in 1000 mm,Hoses,Hydraulic Hose,SAE 100 R2; 3/4 in; 1000 mm,Synthetic Rubber,3/4 in,1000 mm,,Rubber,MTR,hose,hydraulic hose,,synthetic rubber,Synthetic Rubber,3/4 in,,1000 mm,,,,,,,,SAE 100 R2,SAE 100 R2; 3/4 in; 1000 mm,rubber,,,,,,ABC Industrial Products,ABC-959-45,MTR,12,False,,COATING_FROM_STRUCTURED_FIELD; FAMILY_HOSE; GRADE_FROM_STRUCTURED_FIELD; LENGTH_FROM_FIELD; MANUFACTURER_FROM_FIELD; MATERIAL_SYNTHETIC_RUBBER; PART_NO_FROM_FIELD; SIZE_FRACTION_INCH; STANDARD_FROM_SPECIFICATION; TYPE_FROM_MATERIAL_TYPE; UNIT_FROM_FIELD,description; specification; structured_field
CPCL-241074,CPCL,FLAT WASHER M12,flat washer m12,Fasteners,Washer,IS 2016; M12; Zinc Plated,Carbon Steel,M12,,,Zinc Plated,NOS,fastener,washer,,carbon steel,Carbon Steel,M12,,,,,,,,,,IS 2016,IS 2016; M12; Zinc Plated,zinc plated,,,,,,Metro Pumps & Valves,MET-951-24,NOS,11,False,,COATING_FROM_STRUCTURED_FIELD; FAMILY_FASTENER; GRADE_FROM_STRUCTURED_FIELD; MANUFACTURER_FROM_FIELD; MATERIAL_CARBON_STEEL; PART_NO_FROM_FIELD; SIZE_METRIC_BOLT; STANDARD_FROM_SPECIFICATION; TYPE_FROM_MATERIAL_TYPE; UNIT_FROM_FIELD,description; specification; structured_field
CPCL-659026,CPCL,POWER CABLE 1.5 sq mm XLPE Copper,power cable 1.5 sq mm xlpe copper,Electrical,Cable,IS 7098; 1.5 sq mm; 1000 m,XLPE Copper,1.5 sq mm,1000 mm,,PVC,MTR,electrical,cable,,xlpe,XLPE Copper,1.5 sq mm,,1000 mm,,,,,,,,IS 7098,IS 7098; 1.5 sq mm; 1000 m,pvc,,,,,,Precision Fasteners,PRE-185-10,MTR,12,False,,COATING_FROM_STRUCTURED_FIELD; FAMILY_ELECTRICAL; GRADE_FROM_STRUCTURED_FIELD; LENGTH_FROM_FIELD; MANUFACTURER_FROM_FIELD; MATERIAL_XLPE; PART_NO_FROM_FIELD; SIZE_SQMM_CABLE; STANDARD_FROM_SPECIFICATION; TYPE_FROM_MATERIAL_TYPE; UNIT_FROM_FIELD,description; specification; structured_field
ONGC-521085,ONGC,HYDRAULIC HOSE 1 in,hydraulic hose 1 in,Hoses,Hydraulic Hose,SAE 100 R2; 1 in; 5000 mm,Synthetic Rubber,1 in,5000 mm,,Rubber,MTR,hose,hydraulic hose,,synthetic rubber,Synthetic Rubber,1 in,,5000 mm,,,,,,,,SAE 100 R2,SAE 100 R2; 1 in; 5000 mm,rubber,,,,,,Supreme Engineering,SUP-269-49,MTR,12,False,,COATING_FROM_STRUCTURED_FIELD; FAMILY_HOSE; GRADE_FROM_STRUCTURED_FIELD; LENGTH_FROM_FIELD; MANUFACTURER_FROM_FIELD; MATERIAL_SYNTHETIC_RUBBER; PART_NO_FROM_FIELD; SIZE_INCH; STANDARD_FROM_SPECIFICATION; TYPE_FROM_MATERIAL_TYPE; UNIT_FROM_FIELD,description; specification; structured_field
HPCL-785802,HPCL,HRC FUSE 63 A,high rupturing capacity fuse 63 a,Electrical,Fuse,IS 13703; 63 A,Ceramic,63 A,,,,MTR,electrical,fuse,,,Ceramic,63 A,,,,,,,,,,IS 13703,IS 13703; 63 A,,,,,,,Supreme Engineering,SUP-791-93,MTR,9,False,,FAMILY_ELECTRICAL; GRADE_FROM_STRUCTURED_FIELD; MANUFACTURER_FROM_FIELD; PART_NO_FROM_FIELD; SIZE_FROM_STRUCTURED_FIELD; STANDARD_FROM_SPECIFICATION; TYPE_FROM_MATERIAL_TYPE; UNIT_FROM_FIELD,description; specification; structured_field
IOCL-188505,IOCL,DEEP GROOVE BEARING 6204,deep groove bearing 6204,Bearings,Ball Bearing,ISO 15; Bearing 6204,Chrome Steel,6204,,,,NOS,bearing,ball bearing,deep groove,chrome steel,Chrome Steel,6204,,,,,,,,,,ISO 15,ISO 15; Bearing 6204,,,,,,6204,National Bearing Works,NAT-294-75,NOS,12,False,,BEARING_NUMBER; FAMILY_BEARING; GRADE_FROM_STRUCTURED_FIELD; MANUFACTURER_FROM_FIELD; MATERIAL_CHROME_STEEL; PART_NO_FROM_FIELD; SIZE_FROM_STRUCTURED_FIELD; STANDARD_FROM_SPECIFICATION; SUBTYPE_DEEP_GROOVE; TYPE_BALL_BEARING; UNIT_FROM_FIELD,description; specification; structured_field
CPCL-834527,CPCL,HEX BOLT M20 X 50 MM ZINC PLATED,hexagonal bolt m20 x 50 mm zinc plated,Fasteners,Bolt,IS 1363; M20 x 50 mm; Zinc Plated,Carbon Steel,M20,50 mm,12 mm,Zinc Plated,NOS,fastener,bolt,hex,carbon steel,Carbon Steel,M20,,50 mm,,,12 mm,,,,,IS 1363,IS 1363; M20 x 50 mm; Zinc Plated,zinc plated,,,,,,Supreme Engineering,SUP-700-41,NOS,14,False,,COATING_FROM_STRUCTURED_FIELD; DIAMETER_FROM_FIELD; FAMILY_FASTENER; GRADE_FROM_STRUCTURED_FIELD; LENGTH_FROM_FIELD; MANUFACTURER_FROM_FIELD; MATERIAL_CARBON_STEEL; PART_NO_FROM_FIELD; SIZE_METRIC_BOLT; STANDARD_FROM_SPECIFICATION; SUBTYPE_HEX; TYPE_FROM_MATERIAL_TYPE; UNIT_FROM_FIELD,description; specification; structured_field
ONGC-129112,ONGC,GATE VALVE FLANGED 2 in,gate valve flanged 2 in,Valves,Gate Valve,API 600; 2 in; ASTM A216 WCB,ASTM A216 WCB,2 in,,,Painted,NOS,valve,gate valve,,,ASTM A216 WCB,2 in,,,,,,,,,,ASTM A216 WCB; API 600,API 600; 2 in; ASTM A216 WCB,painted,flanged,,,,,Metro Pumps & Valves,MET-603-43,NOS,11,False,,COATING_FROM_STRUCTURED_FIELD; CONNECTION_FLANGED; FAMILY_VALVE; GRADE_FROM_STRUCTURED_FIELD; MANUFACTURER_FROM_FIELD; PART_NO_FROM_FIELD; SIZE_INCH; STANDARD_FROM_SPECIFICATION; TYPE_GATE_VALVE; UNIT_FROM_FIELD,description; specification; structured_field
HPCL-852780,HPCL,GATE VALVE FLANGED 3 in,gate valve flanged 3 in,Valves,Gate Valve,API 600; 3 in; ASTM A216 WCB,ASTM A216 WCB,3 in,,,Painted,NOS,valve,gate valve,,,ASTM A216 WCB,3 in,,,,,,,,,,ASTM A216 WCB; API 600,API 600; 3 in; ASTM A216 WCB,painted,flanged,,,,,Prime Electricals,PRI-178-88,NOS,11,False,,COATING_FROM_STRUCTURED_FIELD; CONNECTION_FLANGED; FAMILY_VALVE; GRADE_FROM_STRUCTURED_FIELD; MANUFACTURER_FROM_FIELD; PART_NO_FROM_FIELD; SIZE_INCH; STANDARD_FROM_SPECIFICATION; TYPE_GATE_VALVE; UNIT_FROM_FIELD,description; specification; structured_field
IOCL-442770,IOCL,GLOBE VALVE 1 in API 623,globe valve 1 in api 623,Valves,Globe Valve,API 623; 1 in; ASTM A216 WCB,ASTM A216 WCB,1 in,,,Painted,NOS,valve,globe valve,,,ASTM A216 WCB,1 in,,,,,,,,,,ASTM A216 WCB; API 623,API 623; 1 in; ASTM A216 WCB,painted,,,,,,Eastern Cables,EAS-827-21,NOS,10,False,,COATING_FROM_STRUCTURED_FIELD; FAMILY_VALVE; GRADE_FROM_STRUCTURED_FIELD; MANUFACTURER_FROM_FIELD; PART_NO_FROM_FIELD; SIZE_INCH; STANDARD_FROM_SPECIFICATION; TYPE_GLOBE_VALVE; UNIT_FROM_FIELD,description; specification; structured_field
HPCL-864102,HPCL,INDUSTRIAL GEAR LUBRICANT ISO VG 320,industrial gear lubricant iso vg 320,Lubricants,Lubricant,IS 10522; ISO VG 320,Mineral Oil,ISO VG 320,,,,LTR,lubricant,lubricant,,mineral oil,Mineral Oil,ISO VG 320,,,,,,,,,,ISO VG 320; IS 10522,IS 10522; ISO VG 320,,,,,,,Bharat Industrial Works,BHA-538-61,LTR,10,False,,FAMILY_LUBRICANT; GRADE_FROM_STRUCTURED_FIELD; MANUFACTURER_FROM_FIELD; MATERIAL_MINERAL_OIL; PART_NO_FROM_FIELD; SIZE_VG_ISO_LUBE; STANDARD_FROM_SPECIFICATION; TYPE_FROM_MATERIAL_TYPE; UNIT_FROM_FIELD,description; specification; structured_field
HPCL-671618,HPCL,GLOBE VALVE FLANGED 3 in ASTM A216 WCB,globe valve flanged 3 in astm a216 wcb,Valves,Globe Valve,API 623; 3 in; ASTM A216 WCB,ASTM A216 WCB,3 in,,,Painted,NOS,valve,globe valve,,,ASTM A216 WCB,3 in,,,,,,,,,,ASTM A216 WCB; API 623,API 623; 3 in; ASTM A216 WCB,painted,flanged,,,,,National Bearing Works,NAT-191-95,NOS,11,True,material_grade: 'ASTM A216 WCB' vs 'WCB',COATING_FROM_STRUCTURED_FIELD; CONNECTION_FLANGED; FAMILY_VALVE; GRADE_A105; MANUFACTURER_FROM_FIELD; PART_NO_FROM_FIELD; SIZE_INCH; STANDARD_FROM_SPECIFICATION; TYPE_GLOBE_VALVE; UNIT_FROM_FIELD,description; specification; structured_field
CPCL-560265,CPCL,PT100 RTD 3-wire 300,pt100 rtd 3-wire 300,Instrumentation,Temperature Sensor,IEC 60751; 3-wire; 300 mm,Pt100,3-wire,300 mm,10 mm,SS,NOS,instrumentation,temperature sensor,,,Pt100,3-wire,,300 mm,,,10 mm,,,,,IEC 60751,IEC 60751; 3-wire; 300 mm,stainless steel,,,,,,Bharat Industrial Works,BHA-579-84,NOS,12,False,,COATING_FROM_STRUCTURED_FIELD; DIAMETER_FROM_FIELD; FAMILY_INSTRUMENTATION; GRADE_FROM_STRUCTURED_FIELD; LENGTH_FROM_FIELD; MANUFACTURER_FROM_FIELD; PART_NO_FROM_FIELD; SIZE_FROM_STRUCTURED_FIELD; STANDARD_FROM_SPECIFICATION; TYPE_FROM_MATERIAL_TYPE; UNIT_FROM_FIELD,specification; structured_field
ONGC-435935,ONGC,GATE VALVE 1 in API 600,gate valve 1 in api 600,Valves,Gate Valve,API 600; 1 in; ASTM A216 WCB,ASTM A216 WCB,1 in,,,Painted,NOS,valve,gate valve,,,ASTM A216 WCB,1 in,,,,,,,,,,ASTM A216 WCB; API 600,API 600; 1 in; ASTM A216 WCB,painted,,,,,,ABC Industrial Products,ABC-850-65,NOS,10,False,,COATING_FROM_STRUCTURED_FIELD; FAMILY_VALVE; GRADE_FROM_STRUCTURED_FIELD; MANUFACTURER_FROM_FIELD; PART_NO_FROM_FIELD; SIZE_INCH; STANDARD_FROM_SPECIFICATION; TYPE_GATE_VALVE; UNIT_FROM_FIELD,description; specification; structured_field
HPCL-465873,HPCL,FLAT WASHER M10,flat washer m10,Fasteners,Washer,IS 2016; M10; Zinc Plated,Carbon Steel,M10,,,Zinc Plated,NOS,fastener,washer,,carbon steel,Carbon Steel,M10,,,,,,,,,,IS 2016,IS 2016; M10; Zinc Plated,zinc plated,,,,,,Bharat Industrial Works,BHA-850-89,NOS,11,False,,COATING_FROM_STRUCTURED_FIELD; FAMILY_FASTENER; GRADE_FROM_STRUCTURED_FIELD; MANUFACTURER_FROM_FIELD; MATERIAL_CARBON_STEEL; PART_NO_FROM_FIELD; SIZE_METRIC_BOLT; STANDARD_FROM_SPECIFICATION; TYPE_FROM_MATERIAL_TYPE; UNIT_FROM_FIELD,description; specification; structured_field
ONGC-595652,ONGC,90 DEGREE ELBOW 4 in ASME B16.9,90 degree elbow 4 in asme b16.9,Pipes & Fittings,Elbow,ASME B16.9; 4 in; ASTM A234 WPB,ASTM A234 WPB,4 in,,,Bare,MTR,pipe/fitting,elbow,,,ASTM A234 WPB,4 in,,,,,,,,,90°,ASTM A234; ASME B16.9,ASME B16.9; 4 in; ASTM A234 WPB,bare,,,,,,Eastern Cables,EAS-270-34,MTR,11,False,,COATING_FROM_STRUCTURED_FIELD; ELBOW_ANGLE; FAMILY_FITTING; GRADE_FROM_STRUCTURED_FIELD; MANUFACTURER_FROM_FIELD; PART_NO_FROM_FIELD; SIZE_INCH; STANDARD_FROM_SPECIFICATION; TYPE_FROM_MATERIAL_TYPE; UNIT_FROM_FIELD,description; specification; structured_field
ONGC-859720,ONGC,XLPE CABLE 25 sq mm,xlpe cable 25 sq mm,Electrical,Cable,IS 7098; 25 sq mm; 500 m,XLPE Aluminium,25 sq mm,500 mm,,PVC,MTR,electrical,cable,,xlpe,XLPE Aluminium,25 sq mm,,500 mm,,,,,,,,IS 7098,IS 7098; 25 sq mm; 500 m,pvc,,,,,,Shree Valves & Fittings,SHR-728-52,MTR,12,False,,COATING_FROM_STRUCTURED_FIELD; FAMILY_ELECTRICAL; GRADE_FROM_STRUCTURED_FIELD; LENGTH_FROM_FIELD; MANUFACTURER_FROM_FIELD; MATERIAL_XLPE; PART_NO_FROM_FIELD; SIZE_SQMM_CABLE; STANDARD_FROM_SPECIFICATION; TYPE_FROM_MATERIAL_TYPE; UNIT_FROM_FIELD,description; specification; structured_field
CPCL-283206,CPCL,DEEP GROOVE BEARING 6207,deep groove bearing 6207,Bearings,Ball Bearing,ISO 15; Bearing 6207,Chrome Steel,6207,,,,NOS,bearing,ball bearing,deep groove,chrome steel,Chrome Steel,6207,,,,,,,,,,ISO 15,ISO 15; Bearing 6207,,,,,,6207,Prime Electricals,PRI-420-74,NOS,12,False,,BEARING_NUMBER; FAMILY_BEARING; GRADE_FROM_STRUCTURED_FIELD; MANUFACTURER_FROM_FIELD; MATERIAL_CHROME_STEEL; PART_NO_FROM_FIELD; SIZE_FROM_STRUCTURED_FIELD; STANDARD_FROM_SPECIFICATION; SUBTYPE_DEEP_GROOVE; TYPE_BALL_BEARING; UNIT_FROM_FIELD,description; specification; structured_field
IOCL-440766,IOCL,RTD PT100 3-wire 300 MM,rtd pt100 3-wire 300 mm,Instrumentation,Temperature Sensor,IEC 60751; 3-wire; 300 mm,Pt100,3-wire,300 mm,8 mm,SS,NOS,instrumentation,temperature sensor,,,Pt100,3-wire,,300 mm,,,8 mm,,,,,IEC 60751,IEC 60751; 3-wire; 300 mm,stainless steel,,,,,,Shree Valves & Fittings,SHR-335-46,NOS,12,True,size: '3-wire' vs '300 mm',COATING_FROM_STRUCTURED_FIELD; DIAMETER_FROM_FIELD; FAMILY_INSTRUMENTATION; GRADE_FROM_STRUCTURED_FIELD; LENGTH_FROM_FIELD; MANUFACTURER_FROM_FIELD; PART_NO_FROM_FIELD; SIZE_FROM_STRUCTURED_FIELD; STANDARD_FROM_SPECIFICATION; TYPE_FROM_MATERIAL_TYPE; UNIT_FROM_FIELD,specification; structured_field
HPCL-664701,HPCL,GLOBE VALVE 2 in API 623,globe valve 2 in api 623,Valves,Globe Valve,API 623; 2 in; ASTM A216 WCB,ASTM A216 WCB,2 in,,,Painted,NOS,valve,globe valve,,,ASTM A216 WCB,2 in,,,,,,,,,,ASTM A216 WCB; API 623,API 623; 2 in; ASTM A216 WCB,painted,,,,,,Prime Electricals,PRI-546-14,NOS,10,False,,COATING_FROM_STRUCTURED_FIELD; FAMILY_VALVE; GRADE_FROM_STRUCTURED_FIELD; MANUFACTURER_FROM_FIELD; PART_NO_FROM_FIELD; SIZE_INCH; STANDARD_FROM_SPECIFICATION; TYPE_GLOBE_VALVE; UNIT_FROM_FIELD,description; specification; structured_field
HPCL-668363,HPCL,SPIRAL WOUND GASKET 3 in Graphite/SS 316,spiral wound gasket 3 in graphite/stainless steel 316,Seals,Gasket,ASME B16.20; 3 in; Graphite/SS 316,Graphite/SS 316,3 in,,,SS,NOS,seal/gasket,gasket,,stainless steel,Graphite/SS 316,3 in,,,,,,,,,,ASME B16.20,ASME B16.20; 3 in; Graphite/SS 316,stainless steel,,,,,,National Bearing Works,NAT-467-95,NOS,11,True,material_grade: 'Graphite/SS 316' vs 'SS 316'; material_type: 'gasket' vs 'spiral wound gasket',COATING_FROM_STRUCTURED_FIELD; FAMILY_SEAL; GRADE_FROM_STRUCTURED_FIELD; MANUFACTURER_FROM_FIELD; MATERIAL_STAINLESS_STEEL; PART_NO_FROM_FIELD; SIZE_INCH; STANDARD_FROM_SPECIFICATION; TYPE_FROM_MATERIAL_TYPE; UNIT_FROM_FIELD,description; specification; structured_field
ONGC-216119,ONGC,10 sq mm SQ MM POWER CABLE,10 sq mm sq mm power cable,Electrical,Cable,IS 7098; 10 sq mm; 1000 m,XLPE Aluminium,10 sq mm,1000 mm,,PVC,MTR,electrical,cable,,xlpe,XLPE Aluminium,10 sq mm,,1000 mm,,,,,,,,IS 7098,IS 7098; 10 sq mm; 1000 m,pvc,,,,,,Apex Industrial Systems,APE-728-30,MTR,12,False,,COATING_FROM_STRUCTURED_FIELD; FAMILY_ELECTRICAL; GRADE_FROM_STRUCTURED_FIELD; LENGTH_FROM_FIELD; MANUFACTURER_FROM_FIELD; MATERIAL_XLPE; PART_NO_FROM_FIELD; SIZE_SQMM_CABLE; STANDARD_FROM_SPECIFICATION; TYPE_FROM_MATERIAL_TYPE; UNIT_FROM_FIELD,description; specification; structured_field
ONGC-757723,ONGC,BEARING NO 6209,bearing number 6209,Bearings,Ball Bearing,ISO 15; Bearing 6209,Chrome Steel,6209,,,,NOS,bearing,ball bearing,,chrome steel,Chrome Steel,6209,,,,,,,,,,ISO 15,ISO 15; Bearing 6209,,,,,,6209,Apex Industrial Systems,APE-606-84,NOS,11,False,,BEARING_NUMBER; FAMILY_BEARING; GRADE_FROM_STRUCTURED_FIELD; MANUFACTURER_FROM_FIELD; MATERIAL_CHROME_STEEL; PART_NO_FROM_FIELD; SIZE_FROM_STRUCTURED_FIELD; STANDARD_FROM_SPECIFICATION; TYPE_BALL_BEARING; UNIT_FROM_FIELD,description; specification; structured_field
CPCL-738428,CPCL,2.5 sq mm SQ MM POWER CABLE,2.5 sq mm sq mm power cable,Electrical,Cable,IS 7098; 2.5 sq mm; 500 m,XLPE Copper,2.5 sq mm,500 mm,,PVC,MTR,electrical,cable,,xlpe,XLPE Copper,2.5 sq mm,,500 mm,,,,,,,,IS 7098,IS 7098; 2.5 sq mm; 500 m,pvc,,,,,,Shree Valves & Fittings,SHR-526-76,MTR,12,False,,COATING_FROM_STRUCTURED_FIELD; FAMILY_ELECTRICAL; GRADE_FROM_STRUCTURED_FIELD; LENGTH_FROM_FIELD; MANUFACTURER_FROM_FIELD; MATERIAL_XLPE; PART_NO_FROM_FIELD; SIZE_SQMM_CABLE; STANDARD_FROM_SPECIFICATION; TYPE_FROM_MATERIAL_TYPE; UNIT_FROM_FIELD,description; specification; structured_field
ONGC-361327,ONGC,HYDRAULIC HOSE 1 in,hydraulic hose 1 in,Hoses,Hydraulic Hose,SAE 100 R2; 1 in; 5000 mm,Synthetic Rubber,1 in,5000 mm,,Rubber,MTR,hose,hydraulic hose,,synthetic rubber,Synthetic Rubber,1 in,,5000 mm,,,,,,,,SAE 100 R2,SAE 100 R2; 1 in; 5000 mm,rubber,,,,,,Apex Industrial Systems,APE-824-24,MTR,12,False,,COATING_FROM_STRUCTURED_FIELD; FAMILY_HOSE; GRADE_FROM_STRUCTURED_FIELD; LENGTH_FROM_FIELD; MANUFACTURER_FROM_FIELD; MATERIAL_SYNTHETIC_RUBBER; PART_NO_FROM_FIELD; SIZE_INCH; STANDARD_FROM_SPECIFICATION; TYPE_FROM_MATERIAL_TYPE; UNIT_FROM_FIELD,description; specification; structured_field
CPCL-845509,CPCL,WELD NECK FLANGE 4 in ASTM A105,weld neck flange 4 in astm a105,Pipes & Fittings,Flange,ASME B16.5; 4 in; ASTM A105,ASTM A105,4 in,,,Bare,MTR,flange,weld neck flange,,,ASTM A105,4 in,,,,,,,,,,ASTM A105; ASME B16.5,ASME B16.5; 4 in; ASTM A105,bare,weld neck,,,,,Larsen Engineering,LAR-538-29,MTR,11,True,material_grade: 'ASTM A105' vs 'A105',COATING_FROM_STRUCTURED_FIELD; CONNECTION_WELD_NECK; FAMILY_FLANGE; GRADE_A105; MANUFACTURER_FROM_FIELD; PART_NO_FROM_FIELD; SIZE_INCH; STANDARD_FROM_SPECIFICATION; TYPE_WELDNECK_FLANGE; UNIT_FROM_FIELD,description; specification; structured_field
CPCL-426118,CPCL,HYD HOSE 1-1/2 in 5000 MM,hyd hose 1-1/2 in 5000 mm,Hoses,Hydraulic Hose,SAE 100 R2; 1-1/2 in; 5000 mm,Synthetic Rubber,1-1/2 in,5000 mm,,Rubber,MTR,hose,hydraulic hose,,synthetic rubber,Synthetic Rubber,1-1/2 in,,5000 mm,,,,,,,,SAE 100 R2,SAE 100 R2; 1-1/2 in; 5000 mm,rubber,,,,,,Eastern Cables,EAS-992-25,MTR,12,False,,COATING_FROM_STRUCTURED_FIELD; FAMILY_HOSE; GRADE_FROM_STRUCTURED_FIELD; LENGTH_FROM_FIELD; MANUFACTURER_FROM_FIELD; MATERIAL_SYNTHETIC_RUBBER; PART_NO_FROM_FIELD; SIZE_FRACTION_INCH; STANDARD_FROM_SPECIFICATION; TYPE_FROM_MATERIAL_TYPE; UNIT_FROM_FIELD,description; specification; structured_field
CPCL-790812,CPCL,SPIRAL WOUND GASKET 3 in Graphite/SS 316,spiral wound gasket 3 in graphite/stainless steel 316,Seals,Gasket,ASME B16.20; 3 in; Graphite/SS 316,Graphite/SS 316,3 in,,,SS,NOS,seal/gasket,gasket,,stainless steel,Graphite/SS 316,3 in,,,,,,,,,,ASME B16.20,ASME B16.20; 3 in; Graphite/SS 316,stainless steel,,,,,,Metro Pumps & Valves,MET-334-74,NOS,11,True,material_grade: 'Graphite/SS 316' vs 'SS 316'; material_type: 'gasket' vs 'spiral wound gasket',COATING_FROM_STRUCTURED_FIELD; FAMILY_SEAL; GRADE_FROM_STRUCTURED_FIELD; MANUFACTURER_FROM_FIELD; MATERIAL_STAINLESS_STEEL; PART_NO_FROM_FIELD; SIZE_INCH; STANDARD_FROM_SPECIFICATION; TYPE_FROM_MATERIAL_TYPE; UNIT_FROM_FIELD,description; specification; structured_field
CPCL-258908,CPCL,GLOBE VALVE FLANGED 2 in ASTM A216 WCB,globe valve flanged 2 in astm a216 wcb,Valves,Globe Valve,API 623; 2 in; ASTM A216 WCB,ASTM A216 WCB,2 in,,,Painted,NOS,valve,globe valve,,,ASTM A216 WCB,2 in,,,,,,,,,,ASTM A216 WCB; API 623,API 623; 2 in; ASTM A216 WCB,painted,flanged,,,,,ABC Industrial Products,ABC-120-83,NOS,11,True,material_grade: 'ASTM A216 WCB' vs 'WCB',COATING_FROM_STRUCTURED_FIELD; CONNECTION_FLANGED; FAMILY_VALVE; GRADE_A105; MANUFACTURER_FROM_FIELD; PART_NO_FROM_FIELD; SIZE_INCH; STANDARD_FROM_SPECIFICATION; TYPE_GLOBE_VALVE; UNIT_FROM_FIELD,description; specification; structured_field
HPCL-165023,HPCL,MATERIAL: HEX BOLT M20 X 30 MM,material: hexagonal bolt m20 x 30 mm,Fasteners,Bolt,IS 1363; M20 x 30 mm; Zinc Plated,Carbon Steel,M20,30 mm,8 mm,Zinc Plated,NOS,fastener,bolt,hex,carbon steel,Carbon Steel,M20,,30 mm,,,8 mm,,,,,IS 1363,IS 1363; M20 x 30 mm; Zinc Plated,zinc plated,,,,,,Hindustan Mechanical,HIN-828-88,NOS,14,False,,COATING_FROM_STRUCTURED_FIELD; DIAMETER_FROM_FIELD; FAMILY_FASTENER; GRADE_FROM_STRUCTURED_FIELD; LENGTH_FROM_FIELD; MANUFACTURER_FROM_FIELD; MATERIAL_CARBON_STEEL; PART_NO_FROM_FIELD; SIZE_METRIC_BOLT; STANDARD_FROM_SPECIFICATION; SUBTYPE_HEX; TYPE_FROM_MATERIAL_TYPE; UNIT_FROM_FIELD,description; specification; structured_field
ONGC-606048,ONGC,WELD NECK FLANGE 4 in ASTM A105,weld neck flange 4 in astm a105,Pipes & Fittings,Flange,ASME B16.5; 4 in; ASTM A105,ASTM A105,4 in,,,Bare,MTR,flange,weld neck flange,,,ASTM A105,4 in,,,,,,,,,,ASTM A105; ASME B16.5,ASME B16.5; 4 in; ASTM A105,bare,weld neck,,,,,Prime Electricals,PRI-748-23,MTR,11,True,material_grade: 'ASTM A105' vs 'A105',COATING_FROM_STRUCTURED_FIELD; CONNECTION_WELD_NECK; FAMILY_FLANGE; GRADE_A105; MANUFACTURER_FROM_FIELD; PART_NO_FROM_FIELD; SIZE_INCH; STANDARD_FROM_SPECIFICATION; TYPE_WELDNECK_FLANGE; UNIT_FROM_FIELD,description; specification; structured_field
ONGC-823638,ONGC,GATE VALVE FLANGED 4 in,gate valve flanged 4 in,Valves,Gate Valve,API 600; 4 in; ASTM A216 WCB,ASTM A216 WCB,4 in,,,Painted,NOS,valve,gate valve,,,ASTM A216 WCB,4 in,,,,,,,,,,ASTM A216 WCB; API 600,API 600; 4 in; ASTM A216 WCB,painted,flanged,,,,,Prime Electricals,PRI-959-71,NOS,11,False,,COATING_FROM_STRUCTURED_FIELD; CONNECTION_FLANGED; FAMILY_VALVE; GRADE_FROM_STRUCTURED_FIELD; MANUFACTURER_FROM_FIELD; PART_NO_FROM_FIELD; SIZE_INCH; STANDARD_FROM_SPECIFICATION; TYPE_GATE_VALVE; UNIT_FROM_FIELD,description; specification; structured_field
ONGC-671620,ONGC,PRESSURE INDICATOR 0-5 bar,pressure indicator 0-5 bar,Instrumentation,Pressure Gauge,EN 837-1; Range 0-5 bar,SS 304,0-5 bar,,,SS,NOS,instrumentation,pressure gauge,,stainless steel,SS 304,0-5 bar,,,,,,,,,,EN 837-1,EN 837-1; Range 0-5 bar,stainless steel,,,,,,Larsen Engineering,LAR-581-73,NOS,11,False,,COATING_FROM_STRUCTURED_FIELD; FAMILY_INSTRUMENTATION; GRADE_FROM_STRUCTURED_FIELD; MANUFACTURER_FROM_FIELD; MATERIAL_STAINLESS_STEEL; PART_NO_FROM_FIELD; SIZE_PRESSURE_RANGE; STANDARD_FROM_SPECIFICATION; TYPE_FROM_MATERIAL_TYPE; UNIT_FROM_FIELD,description; specification; structured_field
CPCL-290654,CPCL,PRESSURE SAFETY VALVE 1 in,pressure safety valve 1 in,Safety,Safety Valve,API 526; 1 in; SS 316,SS 316,1 in,,,SS,NOS,safety,safety valve,,stainless steel,SS 316,1 in,,,,,,,,,,API 526,API 526; 1 in; SS 316,stainless steel,,,,,,National Bearing Works,NAT-489-70,NOS,11,True,material_family: 'safety' vs 'valve',COATING_FROM_STRUCTURED_FIELD; FAMILY_SAFETY; GRADE_FROM_STRUCTURED_FIELD; MANUFACTURER_FROM_FIELD; MATERIAL_STAINLESS_STEEL; PART_NO_FROM_FIELD; SIZE_INCH; STANDARD_FROM_SPECIFICATION; TYPE_SAFETY_VALVE; UNIT_FROM_FIELD,description; specification; structured_field
CPCL-954887,CPCL,M8 HEX NUT,m8 hexagonal nut,Fasteners,Nut,IS 1364; M8; Galvanized,Carbon Steel,M8,,,Galvanized,NOS,fastener,nut,hex,carbon steel,Carbon Steel,M8,,,,,,,,,,IS 1364,IS 1364; M8; Galvanized,galvanized,,,,,,Bharat Industrial Works,BHA-887-49,NOS,12,False,,COATING_FROM_STRUCTURED_FIELD; FAMILY_FASTENER; GRADE_FROM_STRUCTURED_FIELD; MANUFACTURER_FROM_FIELD; MATERIAL_CARBON_STEEL; PART_NO_FROM_FIELD; SIZE_METRIC_BOLT; STANDARD_FROM_SPECIFICATION; SUBTYPE_HEX; TYPE_FROM_MATERIAL_TYPE; UNIT_FROM_FIELD,description; specification; structured_field
HPCL-690056,HPCL,FLOATING BALL VALVE 1 in,floating ball valve 1 in,Valves,Ball Valve,API 608; 1 in; SS 316,SS 316,1 in,,,SS,NOS,valve,ball valve,,stainless steel,SS 316,1 in,,,,,,,,,,API 608,API 608; 1 in; SS 316,stainless steel,,,floating,,,Supreme Engineering,SUP-156-14,NOS,12,False,,COATING_FROM_STRUCTURED_FIELD; CONSTRUCTION_FLOATING; FAMILY_VALVE; GRADE_FROM_STRUCTURED_FIELD; MANUFACTURER_FROM_FIELD; MATERIAL_STAINLESS_STEEL; PART_NO_FROM_FIELD; SIZE_INCH; STANDARD_FROM_SPECIFICATION; TYPE_BALL_VALVE; UNIT_FROM_FIELD,description; specification; structured_field
HPCL-154467,HPCL,BALL VALVE 4 in API 608,ball valve 4 in api 608,Valves,Ball Valve,API 608; 4 in; SS 316,SS 316,4 in,,,SS,NOS,valve,ball valve,,stainless steel,SS 316,4 in,,,,,,,,,,API 608,API 608; 4 in; SS 316,stainless steel,,,,,,Metro Pumps & Valves,MET-128-21,NOS,11,False,,COATING_FROM_STRUCTURED_FIELD; FAMILY_VALVE; GRADE_FROM_STRUCTURED_FIELD; MANUFACTURER_FROM_FIELD; MATERIAL_STAINLESS_STEEL; PART_NO_FROM_FIELD; SIZE_INCH; STANDARD_FROM_SPECIFICATION; TYPE_BALL_VALVE; UNIT_FROM_FIELD,description; specification; structured_field
IOCL-300709,IOCL,SEAMLESS STEEL PIPE 3 in ASTM A106 Gr.B,seamless steel pipe 3 in astm a106 gr.b,Pipes & Fittings,Pipe,API 5L; 3 in; ASTM A106 Gr.B,ASTM A106 Gr.B,3 in,3000 mm,,Black,MTR,pipe/fitting,pipe,,,ASTM A106 Gr.B,3 in,,3000 mm,,,,,,,,ASTM A106 Gr.B; API 5L,API 5L; 3 in; ASTM A106 Gr.B,black,,,seamless,,,Supreme Engineering,SUP-737-58,MTR,12,True,material_grade: 'ASTM A106 Gr.B' vs 'ASTM A106 GR.B'; material_grade: 'ASTM A106 Gr.B' vs 'A106',COATING_FROM_STRUCTURED_FIELD; CONSTRUCTION_SEAMLESS; FAMILY_PIPE; GRADE_FROM_STRUCTURED_FIELD; LENGTH_FROM_FIELD; MANUFACTURER_FROM_FIELD; PART_NO_FROM_FIELD; SIZE_INCH; STANDARD_FROM_SPECIFICATION; TYPE_FROM_MATERIAL_TYPE; UNIT_FROM_FIELD,description; specification; structured_field
ONGC-656776,ONGC,90 DEGREE ELBOW 1 in ASTM A234 WPB,90 degree elbow 1 in astm a234 wpb,Pipes & Fittings,Elbow,ASME B16.9; 1 in; ASTM A234 WPB,ASTM A234 WPB,1 in,,,Bare,MTR,pipe/fitting,elbow,,,ASTM A234 WPB,1 in,,,,,,,,,90°,ASTM A234; ASME B16.9,ASME B16.9; 1 in; ASTM A234 WPB,bare,,,,,,Shree Valves & Fittings,SHR-865-68,MTR,11,True,material_grade: 'ASTM A234 WPB' vs 'ASTM A234'; material_grade: 'ASTM A234 WPB' vs 'WPB',COATING_FROM_STRUCTURED_FIELD; ELBOW_ANGLE; FAMILY_FITTING; GRADE_FROM_STRUCTURED_FIELD; MANUFACTURER_FROM_FIELD; PART_NO_FROM_FIELD; SIZE_INCH; STANDARD_FROM_SPECIFICATION; TYPE_FROM_MATERIAL_TYPE; UNIT_FROM_FIELD,description; specification; structured_field
ONGC-748312,ONGC,16 sq mm SQ MM POWER CABLE,16 sq mm sq mm power cable,Electrical,Cable,IS 7098; 16 sq mm; 1000 m,XLPE Aluminium,16 sq mm,1000 mm,,PVC,MTR,electrical,cable,,xlpe,XLPE Aluminium,16 sq mm,,1000 mm,,,,,,,,IS 7098,IS 7098; 16 sq mm; 1000 m,pvc,,,,,,Larsen Engineering,LAR-363-46,MTR,12,False,,COATING_FROM_STRUCTURED_FIELD; FAMILY_ELECTRICAL; GRADE_FROM_STRUCTURED_FIELD; LENGTH_FROM_FIELD; MANUFACTURER_FROM_FIELD; MATERIAL_XLPE; PART_NO_FROM_FIELD; SIZE_SQMM_CABLE; STANDARD_FROM_SPECIFICATION; TYPE_FROM_MATERIAL_TYPE; UNIT_FROM_FIELD,description; specification; structured_field
ONGC-202122,ONGC,WASHER M20 ZINC PLATED,washer m20 zinc plated,Fasteners,Washer,IS 2016; M20; Zinc Plated,Carbon Steel,M20,,,Zinc Plated,NOS,fastener,washer,,carbon steel,Carbon Steel,M20,,,,,,,,,,IS 2016,IS 2016; M20; Zinc Plated,zinc plated,,,,,,Bharat Industrial Works,BHA-465-92,NOS,11,False,,COATING_FROM_STRUCTURED_FIELD; FAMILY_FASTENER; GRADE_FROM_STRUCTURED_FIELD; MANUFACTURER_FROM_FIELD; MATERIAL_CARBON_STEEL; PART_NO_FROM_FIELD; SIZE_METRIC_BOLT; STANDARD_FROM_SPECIFICATION; TYPE_FROM_MATERIAL_TYPE; UNIT_FROM_FIELD,description; specification; structured_field
CPCL-302106,CPCL,PLAIN WASHER M16 ZINC PLATED,plain washer m16 zinc plated,Fasteners,Washer,IS 2016; M16; Zinc Plated,Carbon Steel,M16,,,Zinc Plated,NOS,fastener,washer,,carbon steel,Carbon Steel,M16,,,,,,,,,,IS 2016,IS 2016; M16; Zinc Plated,zinc plated,,,,,,Apex Industrial Systems,APE-665-13,NOS,11,False,,COATING_FROM_STRUCTURED_FIELD; FAMILY_FASTENER; GRADE_FROM_STRUCTURED_FIELD; MANUFACTURER_FROM_FIELD; MATERIAL_CARBON_STEEL; PART_NO_FROM_FIELD; SIZE_METRIC_BOLT; STANDARD_FROM_SPECIFICATION; TYPE_FROM_MATERIAL_TYPE; UNIT_FROM_FIELD,description; specification; structured_field
CPCL-525208,CPCL,HEX BOLT M20 X 40 MM GALVANIZED,hexagonal bolt m20 x 40 mm galvanized,Fasteners,Bolt,IS 1363; M20 x 40 mm; Galvanized,Carbon Steel,M20,40 mm,10 mm,Galvanized,NOS,fastener,bolt,hex,carbon steel,Carbon Steel,M20,,40 mm,,,10 mm,,,,,IS 1363,IS 1363; M20 x 40 mm; Galvanized,galvanized,,,,,,Shree Valves & Fittings,SHR-785-28,NOS,14,False,,COATING_FROM_STRUCTURED_FIELD; DIAMETER_FROM_FIELD; FAMILY_FASTENER; GRADE_FROM_STRUCTURED_FIELD; LENGTH_FROM_FIELD; MANUFACTURER_FROM_FIELD; MATERIAL_CARBON_STEEL; PART_NO_FROM_FIELD; SIZE_METRIC_BOLT; STANDARD_FROM_SPECIFICATION; SUBTYPE_HEX; TYPE_FROM_MATERIAL_TYPE; UNIT_FROM_FIELD,description; specification; structured_field
CPCL-708912,CPCL,SEAMLESS STEEL PIPE 3 in ASTM A106 Gr.B,seamless steel pipe 3 in astm a106 gr.b,Pipes & Fittings,Pipe,API 5L; 3 in; ASTM A106 Gr.B,ASTM A106 Gr.B,3 in,6000 mm,,Black,MTR,pipe/fitting,pipe,,,ASTM A106 Gr.B,3 in,,6000 mm,,,,,,,,ASTM A106 Gr.B; API 5L,API 5L; 3 in; ASTM A106 Gr.B,black,,,seamless,,,Larsen Engineering,LAR-504-97,MTR,12,True,material_grade: 'ASTM A106 Gr.B' vs 'ASTM A106 GR.B'; material_grade: 'ASTM A106 Gr.B' vs 'A106',COATING_FROM_STRUCTURED_FIELD; CONSTRUCTION_SEAMLESS; FAMILY_PIPE; GRADE_FROM_STRUCTURED_FIELD; LENGTH_FROM_FIELD; MANUFACTURER_FROM_FIELD; PART_NO_FROM_FIELD; SIZE_INCH; STANDARD_FROM_SPECIFICATION; TYPE_FROM_MATERIAL_TYPE; UNIT_FROM_FIELD,description; specification; structured_field
HPCL-760402,HPCL,25 sq mm SQ MM POWER CABLE,25 sq mm sq mm power cable,Electrical,Cable,IS 7098; 25 sq mm; 1000 m,XLPE Aluminium,25 sq mm,1000 mm,,PVC,MTR,electrical,cable,,xlpe,XLPE Aluminium,25 sq mm,,1000 mm,,,,,,,,IS 7098,IS 7098; 25 sq mm; 1000 m,pvc,,,,,,Bharat Industrial Works,BHA-779-64,MTR,12,False,,COATING_FROM_STRUCTURED_FIELD; FAMILY_ELECTRICAL; GRADE_FROM_STRUCTURED_FIELD; LENGTH_FROM_FIELD; MANUFACTURER_FROM_FIELD; MATERIAL_XLPE; PART_NO_FROM_FIELD; SIZE_SQMM_CABLE; STANDARD_FROM_SPECIFICATION; TYPE_FROM_MATERIAL_TYPE; UNIT_FROM_FIELD,description; specification; structured_field
CPCL-260141,CPCL,HEXAGONAL NUT M12 ZINC PLATED,hexagonal nut m12 zinc plated,Fasteners,Nut,IS 1364; M12; Zinc Plated,Carbon Steel,M12,,,Zinc Plated,NOS,fastener,nut,hex,carbon steel,Carbon Steel,M12,,,,,,,,,,IS 1364,IS 1364; M12; Zinc Plated,zinc plated,,,,,,Bharat Industrial Works,BHA-291-14,NOS,12,False,,COATING_FROM_STRUCTURED_FIELD; FAMILY_FASTENER; GRADE_FROM_STRUCTURED_FIELD; MANUFACTURER_FROM_FIELD; MATERIAL_CARBON_STEEL; PART_NO_FROM_FIELD; SIZE_METRIC_BOLT; STANDARD_FROM_SPECIFICATION; SUBTYPE_HEX; TYPE_FROM_MATERIAL_TYPE; UNIT_FROM_FIELD,description; specification; structured_field
CPCL-847849,CPCL,HEXAGONAL NUT M20 ZINC PLATED,hexagonal nut m20 zinc plated,Fasteners,Nut,IS 1364; M20; Zinc Plated,Carbon Steel,M20,,,Zinc Plated,NOS,fastener,nut,hex,carbon steel,Carbon Steel,M20,,,,,,,,,,IS 1364,IS 1364; M20; Zinc Plated,zinc plated,,,,,,Metro Pumps & Valves,MET-752-89,NOS,12,False,,COATING_FROM_STRUCTURED_FIELD; FAMILY_FASTENER; GRADE_FROM_STRUCTURED_FIELD; MANUFACTURER_FROM_FIELD; MATERIAL_CARBON_STEEL; PART_NO_FROM_FIELD; SIZE_METRIC_BOLT; STANDARD_FROM_SPECIFICATION; SUBTYPE_HEX; TYPE_FROM_MATERIAL_TYPE; UNIT_FROM_FIELD,description; specification; structured_field
ONGC-499067,ONGC,PRESSURE GAUGE 0-10 bar,pressure gauge 0-10 bar,Instrumentation,Pressure Gauge,EN 837-1; Range 0-10 bar,SS 304,0-10 bar,,,SS,NOS,instrumentation,pressure gauge,,stainless steel,SS 304,0-10 bar,,,,,,,,,,EN 837-1,EN 837-1; Range 0-10 bar,stainless steel,,,,,,Prime Electricals,PRI-432-72,NOS,11,False,,COATING_FROM_STRUCTURED_FIELD; FAMILY_INSTRUMENTATION; GRADE_FROM_STRUCTURED_FIELD; MANUFACTURER_FROM_FIELD; MATERIAL_STAINLESS_STEEL; PART_NO_FROM_FIELD; SIZE_PRESSURE_RANGE; STANDARD_FROM_SPECIFICATION; TYPE_FROM_MATERIAL_TYPE; UNIT_FROM_FIELD,description; specification; structured_field
ONGC-673510,ONGC,BEARING NO 6207,bearing number 6207,Bearings,Ball Bearing,ISO 15; Bearing 6207,Chrome Steel,6207,,,,NOS,bearing,ball bearing,,chrome steel,Chrome Steel,6207,,,,,,,,,,ISO 15,ISO 15; Bearing 6207,,,,,,6207,National Bearing Works,NAT-306-67,NOS,11,False,,BEARING_NUMBER; FAMILY_BEARING; GRADE_FROM_STRUCTURED_FIELD; MANUFACTURER_FROM_FIELD; MATERIAL_CHROME_STEEL; PART_NO_FROM_FIELD; SIZE_FROM_STRUCTURED_FIELD; STANDARD_FROM_SPECIFICATION; TYPE_BALL_BEARING; UNIT_FROM_FIELD,description; specification; structured_field
ONGC-623732,ONGC,16 sq mm SQ MM POWER CABLE,16 sq mm sq mm power cable,Electrical,Cable,IS 7098; 16 sq mm; 1000 m,XLPE Copper,16 sq mm,1000 mm,,PVC,MTR,electrical,cable,,xlpe,XLPE Copper,16 sq mm,,1000 mm,,,,,,,,IS 7098,IS 7098; 16 sq mm; 1000 m,pvc,,,,,,ABC Industrial Products,ABC-474-50,MTR,12,False,,COATING_FROM_STRUCTURED_FIELD; FAMILY_ELECTRICAL; GRADE_FROM_STRUCTURED_FIELD; LENGTH_FROM_FIELD; MANUFACTURER_FROM_FIELD; MATERIAL_XLPE; PART_NO_FROM_FIELD; SIZE_SQMM_CABLE; STANDARD_FROM_SPECIFICATION; TYPE_FROM_MATERIAL_TYPE; UNIT_FROM_FIELD,description; specification; structured_field
IOCL-239394,IOCL,PIPE 6 in ASTM A106 Gr.B,pipe 6 in astm a106 gr.b,Pipes & Fittings,Pipe,API 5L; 6 in; ASTM A106 Gr.B,ASTM A106 Gr.B,6 in,3000 mm,,Bare,MTR,pipe/fitting,pipe,,,ASTM A106 Gr.B,6 in,,3000 mm,,,,,,,,ASTM A106 Gr.B; API 5L,API 5L; 6 in; ASTM A106 Gr.B,bare,,,,,,Eastern Cables,EAS-832-92,MTR,11,True,material_grade: 'ASTM A106 Gr.B' vs 'ASTM A106 GR.B'; material_grade: 'ASTM A106 Gr.B' vs 'A106',COATING_FROM_STRUCTURED_FIELD; FAMILY_PIPE; GRADE_FROM_STRUCTURED_FIELD; LENGTH_FROM_FIELD; MANUFACTURER_FROM_FIELD; PART_NO_FROM_FIELD; SIZE_INCH; STANDARD_FROM_SPECIFICATION; TYPE_FROM_MATERIAL_TYPE; UNIT_FROM_FIELD,description; specification; structured_field
IOCL-576211,IOCL,POWER CABLE 50 sq mm XLPE Aluminium,power cable 50 sq mm xlpe aluminium,Electrical,Cable,IS 7098; 50 sq mm; 500 m,XLPE Aluminium,50 sq mm,500 mm,,PVC,MTR,electrical,cable,,xlpe,XLPE Aluminium,50 sq mm,,500 mm,,,,,,,,IS 7098,IS 7098; 50 sq mm; 500 m,pvc,,,,,,National Bearing Works,NAT-358-23,MTR,12,False,,COATING_FROM_STRUCTURED_FIELD; FAMILY_ELECTRICAL; GRADE_FROM_STRUCTURED_FIELD; LENGTH_FROM_FIELD; MANUFACTURER_FROM_FIELD; MATERIAL_XLPE; PART_NO_FROM_FIELD; SIZE_SQMM_CABLE; STANDARD_FROM_SPECIFICATION; TYPE_FROM_MATERIAL_TYPE; UNIT_FROM_FIELD,description; specification; structured_field
IOCL-779678,IOCL,BEARING NO 6203,bearing number 6203,Bearings,Ball Bearing,ISO 15; Bearing 6203,Chrome Steel,6203,,,,NOS,bearing,ball bearing,,chrome steel,Chrome Steel,6203,,,,,,,,,,ISO 15,ISO 15; Bearing 6203,,,,,,6203,Apex Industrial Systems,APE-286-41,NOS,11,False,,BEARING_NUMBER; FAMILY_BEARING; GRADE_FROM_STRUCTURED_FIELD; MANUFACTURER_FROM_FIELD; MATERIAL_CHROME_STEEL; PART_NO_FROM_FIELD; SIZE_FROM_STRUCTURED_FIELD; STANDARD_FROM_SPECIFICATION; TYPE_BALL_BEARING; UNIT_FROM_FIELD,description; specification; structured_field
IOCL-871898,IOCL,HEXAGONAL BOLT M20 X 100MM,hexagonal bolt m20 x 100mm,Fasteners,Bolt,IS 1363; M20 x 100 mm; Galvanized,Carbon Steel,M20,100 mm,20 mm,Galvanized,NOS,fastener,bolt,hex,carbon steel,Carbon Steel,M20,,100 mm,,,20 mm,,,,,IS 1363,IS 1363; M20 x 100 mm; Galvanized,galvanized,,,,,,Bharat Industrial Works,BHA-867-22,NOS,14,False,,COATING_FROM_STRUCTURED_FIELD; DIAMETER_FROM_FIELD; FAMILY_FASTENER; GRADE_FROM_STRUCTURED_FIELD; LENGTH_FROM_FIELD; MANUFACTURER_FROM_FIELD; MATERIAL_CARBON_STEEL; PART_NO_FROM_FIELD; SIZE_METRIC_BOLT; STANDARD_FROM_SPECIFICATION; SUBTYPE_HEX; TYPE_FROM_MATERIAL_TYPE; UNIT_FROM_FIELD,description; specification; structured_field
IOCL-142039,IOCL,HEX NUT M8 ZINC PLATED,hexagonal nut m8 zinc plated,Fasteners,Nut,IS 1364; M8; Zinc Plated,Carbon Steel,M8,,,Zinc Plated,NOS,fastener,nut,hex,carbon steel,Carbon Steel,M8,,,,,,,,,,IS 1364,IS 1364; M8; Zinc Plated,zinc plated,,,,,,Bharat Industrial Works,BHA-420-31,NOS,12,False,,COATING_FROM_STRUCTURED_FIELD; FAMILY_FASTENER; GRADE_FROM_STRUCTURED_FIELD; MANUFACTURER_FROM_FIELD; MATERIAL_CARBON_STEEL; PART_NO_FROM_FIELD; SIZE_METRIC_BOLT; STANDARD_FROM_SPECIFICATION; SUBTYPE_HEX; TYPE_FROM_MATERIAL_TYPE; UNIT_FROM_FIELD,description; specification; structured_field
CPCL-901320,CPCL,HRC FUSE 16 A,high rupturing capacity fuse 16 a,Electrical,Fuse,IS 13703; 16 A,Ceramic,16 A,,,,MTR,electrical,fuse,,,Ceramic,16 A,,,,,,,,,,IS 13703,IS 13703; 16 A,,,,,,,ABC Industrial Products,ABC-663-62,MTR,9,False,,FAMILY_ELECTRICAL; GRADE_FROM_STRUCTURED_FIELD; MANUFACTURER_FROM_FIELD; PART_NO_FROM_FIELD; SIZE_FROM_STRUCTURED_FIELD; STANDARD_FROM_SPECIFICATION; TYPE_FROM_MATERIAL_TYPE; UNIT_FROM_FIELD,description; specification; structured_field
ONGC-394463,ONGC,HYDRAULIC HOSE 1 in,hydraulic hose 1 in,Hoses,Hydraulic Hose,SAE 100 R2; 1 in; 5000 mm,Synthetic Rubber,1 in,5000 mm,,Rubber,MTR,hose,hydraulic hose,,synthetic rubber,Synthetic Rubber,1 in,,5000 mm,,,,,,,,SAE 100 R2,SAE 100 R2; 1 in; 5000 mm,rubber,,,,,,Precision Fasteners,PRE-338-38,MTR,12,False,,COATING_FROM_STRUCTURED_FIELD; FAMILY_HOSE; GRADE_FROM_STRUCTURED_FIELD; LENGTH_FROM_FIELD; MANUFACTURER_FROM_FIELD; MATERIAL_SYNTHETIC_RUBBER; PART_NO_FROM_FIELD; SIZE_INCH; STANDARD_FROM_SPECIFICATION; TYPE_FROM_MATERIAL_TYPE; UNIT_FROM_FIELD,description; specification; structured_field
ONGC-338156,ONGC,GEAR OIL EP 90,gear oil ep 90,Lubricants,Lubricant,IS 10522; EP 90,Mineral Oil,EP 90,,,,LTR,lubricant,lubricant,,mineral oil,Mineral Oil,EP 90,,,,,,,,,,IS 10522,IS 10522; EP 90,,,,,,,Metro Pumps & Valves,MET-402-19,LTR,10,False,,FAMILY_LUBRICANT; GRADE_FROM_STRUCTURED_FIELD; MANUFACTURER_FROM_FIELD; MATERIAL_MINERAL_OIL; PART_NO_FROM_FIELD; SIZE_VG_ISO_LUBE; STANDARD_FROM_SPECIFICATION; TYPE_FROM_MATERIAL_TYPE; UNIT_FROM_FIELD,description; specification; structured_field
ONGC-991764,ONGC,GATE VALVE 4 in API 600,gate valve 4 in api 600,Valves,Gate Valve,API 600; 4 in; ASTM A216 WCB,ASTM A216 WCB,4 in,,,Painted,NOS,valve,gate valve,,,ASTM A216 WCB,4 in,,,,,,,,,,ASTM A216 WCB; API 600,API 600; 4 in; ASTM A216 WCB,painted,,,,,,ABC Industrial Products,ABC-404-44,NOS,10,False,,COATING_FROM_STRUCTURED_FIELD; FAMILY_VALVE; GRADE_FROM_STRUCTURED_FIELD; MANUFACTURER_FROM_FIELD; PART_NO_FROM_FIELD; SIZE_INCH; STANDARD_FROM_SPECIFICATION; TYPE_GATE_VALVE; UNIT_FROM_FIELD,description; specification; structured_field
HPCL-368092,HPCL,DEEP GROOVE BEARING 6202,deep groove bearing 6202,Bearings,Ball Bearing,ISO 15; Bearing 6202,Chrome Steel,6202,,,,NOS,bearing,ball bearing,deep groove,chrome steel,Chrome Steel,6202,,,,,,,,,,ISO 15,ISO 15; Bearing 6202,,,,,,6202,Metro Pumps & Valves,MET-350-45,NOS,12,False,,BEARING_NUMBER; FAMILY_BEARING; GRADE_FROM_STRUCTURED_FIELD; MANUFACTURER_FROM_FIELD; MATERIAL_CHROME_STEEL; PART_NO_FROM_FIELD; SIZE_FROM_STRUCTURED_FIELD; STANDARD_FROM_SPECIFICATION; SUBTYPE_DEEP_GROOVE; TYPE_BALL_BEARING; UNIT_FROM_FIELD,description; specification; structured_field
CPCL-483074,CPCL,XLPE CABLE 16 sq mm,xlpe cable 16 sq mm,Electrical,Cable,IS 7098; 16 sq mm; 100 m,XLPE Aluminium,16 sq mm,100 mm,,PVC,MTR,electrical,cable,,xlpe,XLPE Aluminium,16 sq mm,,100 mm,,,,,,,,IS 7098,IS 7098; 16 sq mm; 100 m,pvc,,,,,,Supreme Engineering,SUP-831-12,MTR,12,False,,COATING_FROM_STRUCTURED_FIELD; FAMILY_ELECTRICAL; GRADE_FROM_STRUCTURED_FIELD; LENGTH_FROM_FIELD; MANUFACTURER_FROM_FIELD; MATERIAL_XLPE; PART_NO_FROM_FIELD; SIZE_SQMM_CABLE; STANDARD_FROM_SPECIFICATION; TYPE_FROM_MATERIAL_TYPE; UNIT_FROM_FIELD,description; specification; structured_field
ONGC-555280,ONGC,POWER CABLE 16 sq mm XLPE Aluminium,power cable 16 sq mm xlpe aluminium,Electrical,Cable,IS 7098; 16 sq mm; 100 m,XLPE Aluminium,16 sq mm,100 mm,,PVC,MTR,electrical,cable,,xlpe,XLPE Aluminium,16 sq mm,,100 mm,,,,,,,,IS 7098,IS 7098; 16 sq mm; 100 m,pvc,,,,,,Prime Electricals,PRI-640-67,MTR,12,False,,COATING_FROM_STRUCTURED_FIELD; FAMILY_ELECTRICAL; GRADE_FROM_STRUCTURED_FIELD; LENGTH_FROM_FIELD; MANUFACTURER_FROM_FIELD; MATERIAL_XLPE; PART_NO_FROM_FIELD; SIZE_SQMM_CABLE; STANDARD_FROM_SPECIFICATION; TYPE_FROM_MATERIAL_TYPE; UNIT_FROM_FIELD,description; specification; structured_field
IOCL-665112,IOCL,GATE VALVE 6 in API 600,gate valve 6 in api 600,Valves,Gate Valve,API 600; 6 in; ASTM A216 WCB,ASTM A216 WCB,6 in,,,Painted,NOS,valve,gate valve,,,ASTM A216 WCB,6 in,,,,,,,,,,ASTM A216 WCB; API 600,API 600; 6 in; ASTM A216 WCB,painted,,,,,,Shree Valves & Fittings,SHR-107-49,NOS,10,False,,COATING_FROM_STRUCTURED_FIELD; FAMILY_VALVE; GRADE_FROM_STRUCTURED_FIELD; MANUFACTURER_FROM_FIELD; PART_NO_FROM_FIELD; SIZE_INCH; STANDARD_FROM_SPECIFICATION; TYPE_GATE_VALVE; UNIT_FROM_FIELD,description; specification; structured_field
ONGC-634915,ONGC,HEX NUT M8 GALVANIZED,hexagonal nut m8 galvanized,Fasteners,Nut,IS 1364; M8; Galvanized,Carbon Steel,M8,,,Galvanized,NOS,fastener,nut,hex,carbon steel,Carbon Steel,M8,,,,,,,,,,IS 1364,IS 1364; M8; Galvanized,galvanized,,,,,,Bharat Industrial Works,BHA-881-91,NOS,12,False,,COATING_FROM_STRUCTURED_FIELD; FAMILY_FASTENER; GRADE_FROM_STRUCTURED_FIELD; MANUFACTURER_FROM_FIELD; MATERIAL_CARBON_STEEL; PART_NO_FROM_FIELD; SIZE_METRIC_BOLT; STANDARD_FROM_SPECIFICATION; SUBTYPE_HEX; TYPE_FROM_MATERIAL_TYPE; UNIT_FROM_FIELD,description; specification; structured_field
ONGC-515356,ONGC,HIGH PRESSURE HYDRAULIC HOSE 1/2 in,high pressure hydraulic hose 1/2 in,Hoses,Hydraulic Hose,SAE 100 R2; 1/2 in; 5000 mm,Synthetic Rubber,1/2 in,5000 mm,,Rubber,MTR,hose,hydraulic hose,,synthetic rubber,Synthetic Rubber,1/2 in,,5000 mm,,,,,,,,SAE 100 R2,SAE 100 R2; 1/2 in; 5000 mm,rubber,,,,,,Prime Electricals,PRI-349-89,MTR,12,False,,COATING_FROM_STRUCTURED_FIELD; FAMILY_HOSE; GRADE_FROM_STRUCTURED_FIELD; LENGTH_FROM_FIELD; MANUFACTURER_FROM_FIELD; MATERIAL_SYNTHETIC_RUBBER; PART_NO_FROM_FIELD; SIZE_FRACTION_INCH; STANDARD_FROM_SPECIFICATION; TYPE_FROM_MATERIAL_TYPE; UNIT_FROM_FIELD,description; specification; structured_field
CPCL-433402,CPCL,90 DEGREE ELBOW 2 in ASME B16.9,90 degree elbow 2 in asme b16.9,Pipes & Fittings,Elbow,ASME B16.9; 2 in; ASTM A234 WPB,ASTM A234 WPB,2 in,,,Bare,MTR,pipe/fitting,elbow,,,ASTM A234 WPB,2 in,,,,,,,,,90°,ASTM A234; ASME B16.9,ASME B16.9; 2 in; ASTM A234 WPB,bare,,,,,,Prime Electricals,PRI-616-81,MTR,11,False,,COATING_FROM_STRUCTURED_FIELD; ELBOW_ANGLE; FAMILY_FITTING; GRADE_FROM_STRUCTURED_FIELD; MANUFACTURER_FROM_FIELD; PART_NO_FROM_FIELD; SIZE_INCH; STANDARD_FROM_SPECIFICATION; TYPE_FROM_MATERIAL_TYPE; UNIT_FROM_FIELD,description; specification; structured_field
HPCL-433121,HPCL,POWER CABLE 10 sq mm XLPE Copper,power cable 10 sq mm xlpe copper,Electrical,Cable,IS 7098; 10 sq mm; 500 m,XLPE Copper,10 sq mm,500 mm,,PVC,MTR,electrical,cable,,xlpe,XLPE Copper,10 sq mm,,500 mm,,,,,,,,IS 7098,IS 7098; 10 sq mm; 500 m,pvc,,,,,,Metro Pumps & Valves,MET-352-82,MTR,12,False,,COATING_FROM_STRUCTURED_FIELD; FAMILY_ELECTRICAL; GRADE_FROM_STRUCTURED_FIELD; LENGTH_FROM_FIELD; MANUFACTURER_FROM_FIELD; MATERIAL_XLPE; PART_NO_FROM_FIELD; SIZE_SQMM_CABLE; STANDARD_FROM_SPECIFICATION; TYPE_FROM_MATERIAL_TYPE; UNIT_FROM_FIELD,description; specification; structured_field
HPCL-888599,HPCL,BALL VALVE 2 in API 608,ball valve 2 in api 608,Valves,Ball Valve,API 608; 2 in; SS 316,SS 316,2 in,,,SS,NOS,valve,ball valve,,stainless steel,SS 316,2 in,,,,,,,,,,API 608,API 608; 2 in; SS 316,stainless steel,,,,,,Precision Fasteners,PRE-373-12,NOS,11,False,,COATING_FROM_STRUCTURED_FIELD; FAMILY_VALVE; GRADE_FROM_STRUCTURED_FIELD; MANUFACTURER_FROM_FIELD; MATERIAL_STAINLESS_STEEL; PART_NO_FROM_FIELD; SIZE_INCH; STANDARD_FROM_SPECIFICATION; TYPE_BALL_VALVE; UNIT_FROM_FIELD,description; specification; structured_field
HPCL-986199,HPCL,BEARING NO 6207,bearing number 6207,Bearings,Ball Bearing,ISO 15; Bearing 6207,Chrome Steel,6207,,,,NOS,bearing,ball bearing,,chrome steel,Chrome Steel,6207,,,,,,,,,,ISO 15,ISO 15; Bearing 6207,,,,,,6207,Hindustan Mechanical,HIN-985-18,NOS,11,False,,BEARING_NUMBER; FAMILY_BEARING; GRADE_FROM_STRUCTURED_FIELD; MANUFACTURER_FROM_FIELD; MATERIAL_CHROME_STEEL; PART_NO_FROM_FIELD; SIZE_FROM_STRUCTURED_FIELD; STANDARD_FROM_SPECIFICATION; TYPE_BALL_BEARING; UNIT_FROM_FIELD,description; specification; structured_field
HPCL-705578,HPCL,BALL BEARING 6203,ball bearing 6203,Bearings,Ball Bearing,ISO 15; Bearing 6203,Chrome Steel,6203,,,,NOS,bearing,ball bearing,,chrome steel,Chrome Steel,6203,,,,,,,,,,ISO 15,ISO 15; Bearing 6203,,,,,,6203,Larsen Engineering,LAR-923-66,NOS,11,False,,BEARING_NUMBER; FAMILY_BEARING; GRADE_FROM_STRUCTURED_FIELD; MANUFACTURER_FROM_FIELD; MATERIAL_CHROME_STEEL; PART_NO_FROM_FIELD; SIZE_FROM_STRUCTURED_FIELD; STANDARD_FROM_SPECIFICATION; TYPE_BALL_BEARING; UNIT_FROM_FIELD,description; specification; structured_field
IOCL-834817,IOCL,WELD NECK FLANGE 2 in ASME B16.5,weld neck flange 2 in asme b16.5,Pipes & Fittings,Flange,ASME B16.5; 2 in; ASTM A105,ASTM A105,2 in,,,Bare,MTR,flange,weld neck flange,,,ASTM A105,2 in,,,,,,,,,,ASTM A105; ASME B16.5,ASME B16.5; 2 in; ASTM A105,bare,weld neck,,,,,Hindustan Mechanical,HIN-221-84,MTR,11,False,,COATING_FROM_STRUCTURED_FIELD; CONNECTION_WELD_NECK; FAMILY_FLANGE; GRADE_FROM_STRUCTURED_FIELD; MANUFACTURER_FROM_FIELD; PART_NO_FROM_FIELD; SIZE_INCH; STANDARD_FROM_SPECIFICATION; TYPE_WELDNECK_FLANGE; UNIT_FROM_FIELD,description; specification; structured_field
IOCL-740675,IOCL,RTD SENSOR 4-wire,rtd sensor 4-wire,Instrumentation,Temperature Sensor,IEC 60751; 4-wire; 300 mm,Pt100,4-wire,300 mm,6 mm,SS,NOS,instrumentation,temperature sensor,,,Pt100,4-wire,,300 mm,,,6 mm,,,,,IEC 60751,IEC 60751; 4-wire; 300 mm,stainless steel,,,,,,Apex Industrial Systems,APE-541-59,NOS,12,False,,COATING_FROM_STRUCTURED_FIELD; DIAMETER_FROM_FIELD; FAMILY_INSTRUMENTATION; GRADE_FROM_STRUCTURED_FIELD; LENGTH_FROM_FIELD; MANUFACTURER_FROM_FIELD; PART_NO_FROM_FIELD; SIZE_FROM_STRUCTURED_FIELD; STANDARD_FROM_SPECIFICATION; TYPE_FROM_MATERIAL_TYPE; UNIT_FROM_FIELD,specification; structured_field
ONGC-807555,ONGC,BOURDON PRESSURE GAUGE 0-40 bar,bourdon pressure gauge 0-40 bar,Instrumentation,Pressure Gauge,EN 837-1; Range 0-40 bar,SS 304,0-40 bar,,,SS,NOS,instrumentation,pressure gauge,,stainless steel,SS 304,0-40 bar,,,,,,,,,,EN 837-1,EN 837-1; Range 0-40 bar,stainless steel,,,,,,Supreme Engineering,SUP-667-55,NOS,11,False,,COATING_FROM_STRUCTURED_FIELD; FAMILY_INSTRUMENTATION; GRADE_FROM_STRUCTURED_FIELD; MANUFACTURER_FROM_FIELD; MATERIAL_STAINLESS_STEEL; PART_NO_FROM_FIELD; SIZE_PRESSURE_RANGE; STANDARD_FROM_SPECIFICATION; TYPE_FROM_MATERIAL_TYPE; UNIT_FROM_FIELD,description; specification; structured_field
CPCL-387794,CPCL,HEX BOLT M10 X 60 MM GALVANIZED,hexagonal bolt m10 x 60 mm galvanized,Fasteners,Bolt,IS 1363; M10 x 60 mm; Galvanized,Carbon Steel,M10,60 mm,12 mm,Galvanized,NOS,fastener,bolt,hex,carbon steel,Carbon Steel,M10,,60 mm,,,12 mm,,,,,IS 1363,IS 1363; M10 x 60 mm; Galvanized,galvanized,,,,,,Metro Pumps & Valves,MET-990-25,NOS,14,False,,COATING_FROM_STRUCTURED_FIELD; DIAMETER_FROM_FIELD; FAMILY_FASTENER; GRADE_FROM_STRUCTURED_FIELD; LENGTH_FROM_FIELD; MANUFACTURER_FROM_FIELD; MATERIAL_CARBON_STEEL; PART_NO_FROM_FIELD; SIZE_METRIC_BOLT; STANDARD_FROM_SPECIFICATION; SUBTYPE_HEX; TYPE_FROM_MATERIAL_TYPE; UNIT_FROM_FIELD,description; specification; structured_field
ONGC-442916,ONGC,SEAMLESS STEEL PIPE 4 in ASTM A106 Gr.B,seamless steel pipe 4 in astm a106 gr.b,Pipes & Fittings,Pipe,API 5L; 4 in; ASTM A106 Gr.B,ASTM A106 Gr.B,4 in,6000 mm,,Bare,MTR,pipe/fitting,pipe,,,ASTM A106 Gr.B,4 in,,6000 mm,,,,,,,,ASTM A106 Gr.B; API 5L,API 5L; 4 in; ASTM A106 Gr.B,bare,,,seamless,,,Metro Pumps & Valves,MET-668-54,MTR,12,True,material_grade: 'ASTM A106 Gr.B' vs 'ASTM A106 GR.B'; material_grade: 'ASTM A106 Gr.B' vs 'A106',COATING_FROM_STRUCTURED_FIELD; CONSTRUCTION_SEAMLESS; FAMILY_PIPE; GRADE_FROM_STRUCTURED_FIELD; LENGTH_FROM_FIELD; MANUFACTURER_FROM_FIELD; PART_NO_FROM_FIELD; SIZE_INCH; STANDARD_FROM_SPECIFICATION; TYPE_FROM_MATERIAL_TYPE; UNIT_FROM_FIELD,description; specification; structured_field
CPCL-971523,CPCL,BEARING NO 6206,bearing number 6206,Bearings,Ball Bearing,ISO 15; Bearing 6206,Chrome Steel,6206,,,,NOS,bearing,ball bearing,,chrome steel,Chrome Steel,6206,,,,,,,,,,ISO 15,ISO 15; Bearing 6206,,,,,,6206,Supreme Engineering,SUP-760-90,NOS,11,False,,BEARING_NUMBER; FAMILY_BEARING; GRADE_FROM_STRUCTURED_FIELD; MANUFACTURER_FROM_FIELD; MATERIAL_CHROME_STEEL; PART_NO_FROM_FIELD; SIZE_FROM_STRUCTURED_FIELD; STANDARD_FROM_SPECIFICATION; TYPE_BALL_BEARING; UNIT_FROM_FIELD,description; specification; structured_field
IOCL-529654,IOCL,BALL BEARING 6203,ball bearing 6203,Bearings,Ball Bearing,ISO 15; Bearing 6203,Chrome Steel,6203,,,,NOS,bearing,ball bearing,,chrome steel,Chrome Steel,6203,,,,,,,,,,ISO 15,ISO 15; Bearing 6203,,,,,,6203,Hindustan Mechanical,HIN-304-64,NOS,11,False,,BEARING_NUMBER; FAMILY_BEARING; GRADE_FROM_STRUCTURED_FIELD; MANUFACTURER_FROM_FIELD; MATERIAL_CHROME_STEEL; PART_NO_FROM_FIELD; SIZE_FROM_STRUCTURED_FIELD; STANDARD_FROM_SPECIFICATION; TYPE_BALL_BEARING; UNIT_FROM_FIELD,description; specification; structured_field
HPCL-765685,HPCL,HYDRAULIC HOSE 3/4 in,hydraulic hose 3/4 in,Hoses,Hydraulic Hose,SAE 100 R2; 3/4 in; 1000 mm,Synthetic Rubber,3/4 in,1000 mm,,Rubber,MTR,hose,hydraulic hose,,synthetic rubber,Synthetic Rubber,3/4 in,,1000 mm,,,,,,,,SAE 100 R2,SAE 100 R2; 3/4 in; 1000 mm,rubber,,,,,,Hindustan Mechanical,HIN-420-52,MTR,12,False,,COATING_FROM_STRUCTURED_FIELD; FAMILY_HOSE; GRADE_FROM_STRUCTURED_FIELD; LENGTH_FROM_FIELD; MANUFACTURER_FROM_FIELD; MATERIAL_SYNTHETIC_RUBBER; PART_NO_FROM_FIELD; SIZE_FRACTION_INCH; STANDARD_FROM_SPECIFICATION; TYPE_FROM_MATERIAL_TYPE; UNIT_FROM_FIELD,description; specification; structured_field
ONGC-587360,ONGC,POWER CABLE 25 sq mm XLPE Aluminium,power cable 25 sq mm xlpe aluminium,Electrical,Cable,IS 7098; 25 sq mm; 100 m,XLPE Aluminium,25 sq mm,100 mm,,PVC,MTR,electrical,cable,,xlpe,XLPE Aluminium,25 sq mm,,100 mm,,,,,,,,IS 7098,IS 7098; 25 sq mm; 100 m,pvc,,,,,,Supreme Engineering,SUP-884-62,MTR,12,False,,COATING_FROM_STRUCTURED_FIELD; FAMILY_ELECTRICAL; GRADE_FROM_STRUCTURED_FIELD; LENGTH_FROM_FIELD; MANUFACTURER_FROM_FIELD; MATERIAL_XLPE; PART_NO_FROM_FIELD; SIZE_SQMM_CABLE; STANDARD_FROM_SPECIFICATION; TYPE_FROM_MATERIAL_TYPE; UNIT_FROM_FIELD,description; specification; structured_field
IOCL-472943,IOCL,HEX NUT M16 GALVANIZED,hexagonal nut m16 galvanized,Fasteners,Nut,IS 1364; M16; Galvanized,Carbon Steel,M16,,,Galvanized,NOS,fastener,nut,hex,carbon steel,Carbon Steel,M16,,,,,,,,,,IS 1364,IS 1364; M16; Galvanized,galvanized,,,,,,Metro Pumps & Valves,MET-138-49,NOS,12,False,,COATING_FROM_STRUCTURED_FIELD; FAMILY_FASTENER; GRADE_FROM_STRUCTURED_FIELD; MANUFACTURER_FROM_FIELD; MATERIAL_CARBON_STEEL; PART_NO_FROM_FIELD; SIZE_METRIC_BOLT; STANDARD_FROM_SPECIFICATION; SUBTYPE_HEX; TYPE_FROM_MATERIAL_TYPE; UNIT_FROM_FIELD,description; specification; structured_field
HPCL-919769,HPCL,BALL BEARING 6209,ball bearing 6209,Bearings,Ball Bearing,ISO 15; Bearing 6209,Chrome Steel,6209,,,,NOS,bearing,ball bearing,,chrome steel,Chrome Steel,6209,,,,,,,,,,ISO 15,ISO 15; Bearing 6209,,,,,,6209,ABC Industrial Products,ABC-582-94,NOS,11,False,,BEARING_NUMBER; FAMILY_BEARING; GRADE_FROM_STRUCTURED_FIELD; MANUFACTURER_FROM_FIELD; MATERIAL_CHROME_STEEL; PART_NO_FROM_FIELD; SIZE_FROM_STRUCTURED_FIELD; STANDARD_FROM_SPECIFICATION; TYPE_BALL_BEARING; UNIT_FROM_FIELD,description; specification; structured_field
CPCL-884210,CPCL,PRESSURE RELIEF VALVE 3 in SS 316,pressure relief valve 3 in stainless steel 316,Safety,Safety Valve,API 526; 3 in; SS 316,SS 316,3 in,,,SS,NOS,safety,safety valve,,stainless steel,SS 316,3 in,,,,,,,,,,API 526,API 526; 3 in; SS 316,stainless steel,,,,,,National Bearing Works,NAT-683-89,NOS,11,False,,COATING_FROM_STRUCTURED_FIELD; FAMILY_SAFETY; GRADE_SS316; MANUFACTURER_FROM_FIELD; MATERIAL_STAINLESS_STEEL; PART_NO_FROM_FIELD; SIZE_INCH; STANDARD_FROM_SPECIFICATION; TYPE_SAFETY_VALVE; UNIT_FROM_FIELD,description; specification; structured_field
CPCL-642294,CPCL,HEX NUT M16 GALVANIZED,hexagonal nut m16 galvanized,Fasteners,Nut,IS 1364; M16; Galvanized,Carbon Steel,M16,,,Galvanized,NOS,fastener,nut,hex,carbon steel,Carbon Steel,M16,,,,,,,,,,IS 1364,IS 1364; M16; Galvanized,galvanized,,,,,,Prime Electricals,PRI-471-74,NOS,12,False,,COATING_FROM_STRUCTURED_FIELD; FAMILY_FASTENER; GRADE_FROM_STRUCTURED_FIELD; MANUFACTURER_FROM_FIELD; MATERIAL_CARBON_STEEL; PART_NO_FROM_FIELD; SIZE_METRIC_BOLT; STANDARD_FROM_SPECIFICATION; SUBTYPE_HEX; TYPE_FROM_MATERIAL_TYPE; UNIT_FROM_FIELD,description; specification; structured_field
CPCL-527997,CPCL,PROCESS PUMP 50 mm,process pump 50 mm,Pumps,Centrifugal Pump,API 610; 50 mm; SS 316,SS 316,50 mm,,,Painted,NOS,pump,centrifugal pump,,stainless steel,SS 316,50 mm,,,,,,,,,,API 610,API 610; 50 mm; SS 316,painted,,,,,,Precision Fasteners,PRE-146-13,NOS,11,False,,COATING_FROM_STRUCTURED_FIELD; FAMILY_PUMP; GRADE_FROM_STRUCTURED_FIELD; MANUFACTURER_FROM_FIELD; MATERIAL_STAINLESS_STEEL; PART_NO_FROM_FIELD; SIZE_MM; STANDARD_FROM_SPECIFICATION; TYPE_CENTRIFUGAL_PUMP; UNIT_FROM_FIELD,description; specification; structured_field
HPCL-510614,HPCL,XLPE CABLE 25 sq mm,xlpe cable 25 sq mm,Electrical,Cable,IS 7098; 25 sq mm; 500 m,XLPE Aluminium,25 sq mm,500 mm,,PVC,MTR,electrical,cable,,xlpe,XLPE Aluminium,25 sq mm,,500 mm,,,,,,,,IS 7098,IS 7098; 25 sq mm; 500 m,pvc,,,,,,Bharat Industrial Works,BHA-683-94,MTR,12,False,,COATING_FROM_STRUCTURED_FIELD; FAMILY_ELECTRICAL; GRADE_FROM_STRUCTURED_FIELD; LENGTH_FROM_FIELD; MANUFACTURER_FROM_FIELD; MATERIAL_XLPE; PART_NO_FROM_FIELD; SIZE_SQMM_CABLE; STANDARD_FROM_SPECIFICATION; TYPE_FROM_MATERIAL_TYPE; UNIT_FROM_FIELD,description; specification; structured_field
ONGC-840970,ONGC,WASHER M8 GALVANIZED,washer m8 galvanized,Fasteners,Washer,IS 2016; M8; Galvanized,Carbon Steel,M8,,,Galvanized,NOS,fastener,washer,,carbon steel,Carbon Steel,M8,,,,,,,,,,IS 2016,IS 2016; M8; Galvanized,galvanized,,,,,,Apex Industrial Systems,APE-648-91,NOS,11,False,,COATING_FROM_STRUCTURED_FIELD; FAMILY_FASTENER; GRADE_FROM_STRUCTURED_FIELD; MANUFACTURER_FROM_FIELD; MATERIAL_CARBON_STEEL; PART_NO_FROM_FIELD; SIZE_METRIC_BOLT; STANDARD_FROM_SPECIFICATION; TYPE_FROM_MATERIAL_TYPE; UNIT_FROM_FIELD,description; specification; structured_field
ONGC-159636,ONGC,16 sq mm SQ MM POWER CABLE,16 sq mm sq mm power cable,Electrical,Cable,IS 7098; 16 sq mm; 500 m,XLPE Aluminium,16 sq mm,500 mm,,PVC,MTR,electrical,cable,,xlpe,XLPE Aluminium,16 sq mm,,500 mm,,,,,,,,IS 7098,IS 7098; 16 sq mm; 500 m,pvc,,,,,,Larsen Engineering,LAR-547-81,MTR,12,False,,COATING_FROM_STRUCTURED_FIELD; FAMILY_ELECTRICAL; GRADE_FROM_STRUCTURED_FIELD; LENGTH_FROM_FIELD; MANUFACTURER_FROM_FIELD; MATERIAL_XLPE; PART_NO_FROM_FIELD; SIZE_SQMM_CABLE; STANDARD_FROM_SPECIFICATION; TYPE_FROM_MATERIAL_TYPE; UNIT_FROM_FIELD,description; specification; structured_field
CPCL-594216,CPCL,PRESSURE GAUGE 0-40 bar,pressure gauge 0-40 bar,Instrumentation,Pressure Gauge,EN 837-1; Range 0-40 bar,SS 304,0-40 bar,,,SS,NOS,instrumentation,pressure gauge,,stainless steel,SS 304,0-40 bar,,,,,,,,,,EN 837-1,EN 837-1; Range 0-40 bar,stainless steel,,,,,,Bharat Industrial Works,BHA-921-98,NOS,11,False,,COATING_FROM_STRUCTURED_FIELD; FAMILY_INSTRUMENTATION; GRADE_FROM_STRUCTURED_FIELD; MANUFACTURER_FROM_FIELD; MATERIAL_STAINLESS_STEEL; PART_NO_FROM_FIELD; SIZE_PRESSURE_RANGE; STANDARD_FROM_SPECIFICATION; TYPE_FROM_MATERIAL_TYPE; UNIT_FROM_FIELD,description; specification; structured_field
HPCL-553769,HPCL,GLOBE VALVE 3 in API 623,globe valve 3 in api 623,Valves,Globe Valve,API 623; 3 in; ASTM A216 WCB,ASTM A216 WCB,3 in,,,Painted,NOS,valve,globe valve,,,ASTM A216 WCB,3 in,,,,,,,,,,ASTM A216 WCB; API 623,API 623; 3 in; ASTM A216 WCB,painted,,,,,,Hindustan Mechanical,HIN-365-53,NOS,10,False,,COATING_FROM_STRUCTURED_FIELD; FAMILY_VALVE; GRADE_FROM_STRUCTURED_FIELD; MANUFACTURER_FROM_FIELD; PART_NO_FROM_FIELD; SIZE_INCH; STANDARD_FROM_SPECIFICATION; TYPE_GLOBE_VALVE; UNIT_FROM_FIELD,description; specification; structured_field
IOCL-788698,IOCL,4 sq mm SQ MM POWER CABLE,4 sq mm sq mm power cable,Electrical,Cable,IS 7098; 4 sq mm; 500 m,XLPE Copper,4 sq mm,500 mm,,PVC,MTR,electrical,cable,,xlpe,XLPE Copper,4 sq mm,,500 mm,,,,,,,,IS 7098,IS 7098; 4 sq mm; 500 m,pvc,,,,,,Hindustan Mechanical,HIN-389-31,MTR,12,False,,COATING_FROM_STRUCTURED_FIELD; FAMILY_ELECTRICAL; GRADE_FROM_STRUCTURED_FIELD; LENGTH_FROM_FIELD; MANUFACTURER_FROM_FIELD; MATERIAL_XLPE; PART_NO_FROM_FIELD; SIZE_SQMM_CABLE; STANDARD_FROM_SPECIFICATION; TYPE_FROM_MATERIAL_TYPE; UNIT_FROM_FIELD,description; specification; structured_field
HPCL-722805,HPCL,HEX NUT M20 ZINC PLATED,hexagonal nut m20 zinc plated,Fasteners,Nut,IS 1364; M20; Zinc Plated,Carbon Steel,M20,,,Zinc Plated,NOS,fastener,nut,hex,carbon steel,Carbon Steel,M20,,,,,,,,,,IS 1364,IS 1364; M20; Zinc Plated,zinc plated,,,,,,Hindustan Mechanical,HIN-907-52,NOS,12,False,,COATING_FROM_STRUCTURED_FIELD; FAMILY_FASTENER; GRADE_FROM_STRUCTURED_FIELD; MANUFACTURER_FROM_FIELD; MATERIAL_CARBON_STEEL; PART_NO_FROM_FIELD; SIZE_METRIC_BOLT; STANDARD_FROM_SPECIFICATION; SUBTYPE_HEX; TYPE_FROM_MATERIAL_TYPE; UNIT_FROM_FIELD,description; specification; structured_field
CPCL-938142,CPCL,PRESSURE INDICATOR 0-5 bar,pressure indicator 0-5 bar,Instrumentation,Pressure Gauge,EN 837-1; Range 0-5 bar,SS 304,0-5 bar,,,SS,NOS,instrumentation,pressure gauge,,stainless steel,SS 304,0-5 bar,,,,,,,,,,EN 837-1,EN 837-1; Range 0-5 bar,stainless steel,,,,,,Shree Valves & Fittings,SHR-296-13,NOS,11,False,,COATING_FROM_STRUCTURED_FIELD; FAMILY_INSTRUMENTATION; GRADE_FROM_STRUCTURED_FIELD; MANUFACTURER_FROM_FIELD; MATERIAL_STAINLESS_STEEL; PART_NO_FROM_FIELD; SIZE_PRESSURE_RANGE; STANDARD_FROM_SPECIFICATION; TYPE_FROM_MATERIAL_TYPE; UNIT_FROM_FIELD,description; specification; structured_field
ONGC-311955,ONGC,EP GEAR OIL ISO VG 320,ep gear oil iso vg 320,Lubricants,Lubricant,IS 10522; ISO VG 320,Mineral Oil,ISO VG 320,,,,LTR,lubricant,lubricant,,mineral oil,Mineral Oil,ISO VG 320,,,,,,,,,,ISO VG 320; IS 10522,IS 10522; ISO VG 320,,,,,,,Supreme Engineering,SUP-636-39,LTR,10,False,,FAMILY_LUBRICANT; GRADE_FROM_STRUCTURED_FIELD; MANUFACTURER_FROM_FIELD; MATERIAL_MINERAL_OIL; PART_NO_FROM_FIELD; SIZE_VG_ISO_LUBE; STANDARD_FROM_SPECIFICATION; TYPE_FROM_MATERIAL_TYPE; UNIT_FROM_FIELD,description; specification; structured_field
IOCL-481306,IOCL,CARTRIDGE FUSE 63 A,cartridge fuse 63 a,Electrical,Fuse,IS 13703; 63 A,Ceramic,63 A,,,,MTR,electrical,fuse,,,Ceramic,63 A,,,,,,,,,,IS 13703,IS 13703; 63 A,,,,,,,Apex Industrial Systems,APE-434-94,MTR,9,False,,FAMILY_ELECTRICAL; GRADE_FROM_STRUCTURED_FIELD; MANUFACTURER_FROM_FIELD; PART_NO_FROM_FIELD; SIZE_FROM_STRUCTURED_FIELD; STANDARD_FROM_SPECIFICATION; TYPE_FROM_MATERIAL_TYPE; UNIT_FROM_FIELD,description; specification; structured_field
HPCL-224585,HPCL,WELD NECK FLANGE 6 in ASME B16.5,weld neck flange 6 in asme b16.5,Pipes & Fittings,Flange,ASME B16.5; 6 in; ASTM A105,ASTM A105,6 in,,,Bare,MTR,flange,weld neck flange,,,ASTM A105,6 in,,,,,,,,,,ASTM A105; ASME B16.5,ASME B16.5; 6 in; ASTM A105,bare,weld neck,,,,,ABC Industrial Products,ABC-742-21,MTR,11,False,,COATING_FROM_STRUCTURED_FIELD; CONNECTION_WELD_NECK; FAMILY_FLANGE; GRADE_FROM_STRUCTURED_FIELD; MANUFACTURER_FROM_FIELD; PART_NO_FROM_FIELD; SIZE_INCH; STANDARD_FROM_SPECIFICATION; TYPE_WELDNECK_FLANGE; UNIT_FROM_FIELD,description; specification; structured_field
CPCL-182622,CPCL,WELD NECK FLANGE 2 in ASME B16.5,weld neck flange 2 in asme b16.5,Pipes & Fittings,Flange,ASME B16.5; 2 in; ASTM A105,ASTM A105,2 in,,,Bare,MTR,flange,weld neck flange,,,ASTM A105,2 in,,,,,,,,,,ASTM A105; ASME B16.5,ASME B16.5; 2 in; ASTM A105,bare,weld neck,,,,,Larsen Engineering,LAR-262-73,MTR,11,False,,COATING_FROM_STRUCTURED_FIELD; CONNECTION_WELD_NECK; FAMILY_FLANGE; GRADE_FROM_STRUCTURED_FIELD; MANUFACTURER_FROM_FIELD; PART_NO_FROM_FIELD; SIZE_INCH; STANDARD_FROM_SPECIFICATION; TYPE_WELDNECK_FLANGE; UNIT_FROM_FIELD,description; specification; structured_field
HPCL-304737,HPCL,HYD HOSE 1 in 1000 MM,hyd hose 1 in 1000 mm,Hoses,Hydraulic Hose,SAE 100 R2; 1 in; 1000 mm,Synthetic Rubber,1 in,1000 mm,,Rubber,MTR,hose,hydraulic hose,,synthetic rubber,Synthetic Rubber,1 in,,1000 mm,,,,,,,,SAE 100 R2,SAE 100 R2; 1 in; 1000 mm,rubber,,,,,,National Bearing Works,NAT-987-65,MTR,12,False,,COATING_FROM_STRUCTURED_FIELD; FAMILY_HOSE; GRADE_FROM_STRUCTURED_FIELD; LENGTH_FROM_FIELD; MANUFACTURER_FROM_FIELD; MATERIAL_SYNTHETIC_RUBBER; PART_NO_FROM_FIELD; SIZE_INCH; STANDARD_FROM_SPECIFICATION; TYPE_FROM_MATERIAL_TYPE; UNIT_FROM_FIELD,description; specification; structured_field
HPCL-997636,HPCL,CARTRIDGE FUSE 2 A,cartridge fuse 2 a,Electrical,Fuse,IS 13703; 2 A,Ceramic,2 A,,,,MTR,electrical,fuse,,,Ceramic,2 A,,,,,,,,,,IS 13703,IS 13703; 2 A,,,,,,,Prime Electricals,PRI-446-14,MTR,9,False,,FAMILY_ELECTRICAL; GRADE_FROM_STRUCTURED_FIELD; MANUFACTURER_FROM_FIELD; PART_NO_FROM_FIELD; SIZE_FROM_STRUCTURED_FIELD; STANDARD_FROM_SPECIFICATION; TYPE_FROM_MATERIAL_TYPE; UNIT_FROM_FIELD,description; specification; structured_field
ONGC-174669,ONGC,DEEP GROOVE BEARING 6202,deep groove bearing 6202,Bearings,Ball Bearing,ISO 15; Bearing 6202,Chrome Steel,6202,,,,NOS,bearing,ball bearing,deep groove,chrome steel,Chrome Steel,6202,,,,,,,,,,ISO 15,ISO 15; Bearing 6202,,,,,,6202,Eastern Cables,EAS-844-85,NOS,12,False,,BEARING_NUMBER; FAMILY_BEARING; GRADE_FROM_STRUCTURED_FIELD; MANUFACTURER_FROM_FIELD; MATERIAL_CHROME_STEEL; PART_NO_FROM_FIELD; SIZE_FROM_STRUCTURED_FIELD; STANDARD_FROM_SPECIFICATION; SUBTYPE_DEEP_GROOVE; TYPE_BALL_BEARING; UNIT_FROM_FIELD,description; specification; structured_field
ONGC-435255,ONGC,PROCESS PUMP 80 mm,process pump 80 mm,Pumps,Centrifugal Pump,API 610; 80 mm; SS 316,SS 316,80 mm,,,Painted,NOS,pump,centrifugal pump,,stainless steel,SS 316,80 mm,,,,,,,,,,API 610,API 610; 80 mm; SS 316,painted,,,,,,Larsen Engineering,LAR-296-62,NOS,11,False,,COATING_FROM_STRUCTURED_FIELD; FAMILY_PUMP; GRADE_FROM_STRUCTURED_FIELD; MANUFACTURER_FROM_FIELD; MATERIAL_STAINLESS_STEEL; PART_NO_FROM_FIELD; SIZE_MM; STANDARD_FROM_SPECIFICATION; TYPE_CENTRIFUGAL_PUMP; UNIT_FROM_FIELD,description; specification; structured_field
ONGC-977996,ONGC,PIPE 3 in ASTM A106 Gr.B,pipe 3 in astm a106 gr.b,Pipes & Fittings,Pipe,API 5L; 3 in; ASTM A106 Gr.B,ASTM A106 Gr.B,3 in,3000 mm,,Black,MTR,pipe/fitting,pipe,,,ASTM A106 Gr.B,3 in,,3000 mm,,,,,,,,ASTM A106 Gr.B; API 5L,API 5L; 3 in; ASTM A106 Gr.B,black,,,,,,National Bearing Works,NAT-399-90,MTR,11,True,material_grade: 'ASTM A106 Gr.B' vs 'ASTM A106 GR.B'; material_grade: 'ASTM A106 Gr.B' vs 'A106',COATING_FROM_STRUCTURED_FIELD; FAMILY_PIPE; GRADE_FROM_STRUCTURED_FIELD; LENGTH_FROM_FIELD; MANUFACTURER_FROM_FIELD; PART_NO_FROM_FIELD; SIZE_INCH; STANDARD_FROM_SPECIFICATION; TYPE_FROM_MATERIAL_TYPE; UNIT_FROM_FIELD,description; specification; structured_field
ONGC-222400,ONGC,CARTRIDGE FUSE 2 A,cartridge fuse 2 a,Electrical,Fuse,IS 13703; 2 A,Ceramic,2 A,,,,MTR,electrical,fuse,,,Ceramic,2 A,,,,,,,,,,IS 13703,IS 13703; 2 A,,,,,,,Bharat Industrial Works,BHA-440-18,MTR,9,False,,FAMILY_ELECTRICAL; GRADE_FROM_STRUCTURED_FIELD; MANUFACTURER_FROM_FIELD; PART_NO_FROM_FIELD; SIZE_FROM_STRUCTURED_FIELD; STANDARD_FROM_SPECIFICATION; TYPE_FROM_MATERIAL_TYPE; UNIT_FROM_FIELD,description; specification; structured_field
ONGC-781955,ONGC,FLANGE 2 in ASTM A105,flange 2 in astm a105,Pipes & Fittings,Flange,ASME B16.5; 2 in; ASTM A105,ASTM A105,2 in,,,Bare,MTR,pipe/fitting,flange,,,ASTM A105,2 in,,,,,,,,,,ASTM A105; ASME B16.5,ASME B16.5; 2 in; ASTM A105,bare,,,,,,Hindustan Mechanical,HIN-595-58,MTR,10,True,material_grade: 'ASTM A105' vs 'A105',COATING_FROM_STRUCTURED_FIELD; FAMILY_PIPE; GRADE_A105; MANUFACTURER_FROM_FIELD; PART_NO_FROM_FIELD; SIZE_INCH; STANDARD_FROM_SPECIFICATION; TYPE_FROM_MATERIAL_TYPE; UNIT_FROM_FIELD,description; specification; structured_field
IOCL-198637,IOCL,HORIZONTAL CENTRIFUGAL PUMP 40 mm,horizontal centrifugal pump 40 mm,Pumps,Centrifugal Pump,API 610; 40 mm; SS 316,SS 316,40 mm,,,Painted,NOS,pump,centrifugal pump,,stainless steel,SS 316,40 mm,,,,,,,,,,API 610,API 610; 40 mm; SS 316,painted,,,,horizontal,,Hindustan Mechanical,HIN-861-64,NOS,12,False,,COATING_FROM_STRUCTURED_FIELD; FAMILY_PUMP; GRADE_FROM_STRUCTURED_FIELD; MANUFACTURER_FROM_FIELD; MATERIAL_STAINLESS_STEEL; ORIENTATION_HORIZONTAL; PART_NO_FROM_FIELD; SIZE_MM; STANDARD_FROM_SPECIFICATION; TYPE_CENTRIFUGAL_PUMP; UNIT_FROM_FIELD,description; specification; structured_field
HPCL-861323,HPCL,HEX NUT M16 ZINC PLATED,hexagonal nut m16 zinc plated,Fasteners,Nut,IS 1364; M16; Zinc Plated,Carbon Steel,M16,,,Zinc Plated,NOS,fastener,nut,hex,carbon steel,Carbon Steel,M16,,,,,,,,,,IS 1364,IS 1364; M16; Zinc Plated,zinc plated,,,,,,Bharat Industrial Works,BHA-692-93,NOS,12,False,,COATING_FROM_STRUCTURED_FIELD; FAMILY_FASTENER; GRADE_FROM_STRUCTURED_FIELD; MANUFACTURER_FROM_FIELD; MATERIAL_CARBON_STEEL; PART_NO_FROM_FIELD; SIZE_METRIC_BOLT; STANDARD_FROM_SPECIFICATION; SUBTYPE_HEX; TYPE_FROM_MATERIAL_TYPE; UNIT_FROM_FIELD,description; specification; structured_field
CPCL-991601,CPCL,BALL BEARING 6202,ball bearing 6202,Bearings,Ball Bearing,ISO 15; Bearing 6202,Chrome Steel,6202,,,,NOS,bearing,ball bearing,,chrome steel,Chrome Steel,6202,,,,,,,,,,ISO 15,ISO 15; Bearing 6202,,,,,,6202,Precision Fasteners,PRE-571-28,NOS,11,False,,BEARING_NUMBER; FAMILY_BEARING; GRADE_FROM_STRUCTURED_FIELD; MANUFACTURER_FROM_FIELD; MATERIAL_CHROME_STEEL; PART_NO_FROM_FIELD; SIZE_FROM_STRUCTURED_FIELD; STANDARD_FROM_SPECIFICATION; TYPE_BALL_BEARING; UNIT_FROM_FIELD,description; specification; structured_field
HPCL-928970,HPCL,M10 HEX NUT,m10 hexagonal nut,Fasteners,Nut,IS 1364; M10; Zinc Plated,Carbon Steel,M10,,,Zinc Plated,NOS,fastener,nut,hex,carbon steel,Carbon Steel,M10,,,,,,,,,,IS 1364,IS 1364; M10; Zinc Plated,zinc plated,,,,,,National Bearing Works,NAT-728-38,NOS,12,False,,COATING_FROM_STRUCTURED_FIELD; FAMILY_FASTENER; GRADE_FROM_STRUCTURED_FIELD; MANUFACTURER_FROM_FIELD; MATERIAL_CARBON_STEEL; PART_NO_FROM_FIELD; SIZE_METRIC_BOLT; STANDARD_FROM_SPECIFICATION; SUBTYPE_HEX; TYPE_FROM_MATERIAL_TYPE; UNIT_FROM_FIELD,description; specification; structured_field
ONGC-139396,ONGC,HYD HOSE 1/2 in 1000 MM,hyd hose 1/2 in 1000 mm,Hoses,Hydraulic Hose,SAE 100 R2; 1/2 in; 1000 mm,Synthetic Rubber,1/2 in,1000 mm,,Rubber,MTR,hose,hydraulic hose,,synthetic rubber,Synthetic Rubber,1/2 in,,1000 mm,,,,,,,,SAE 100 R2,SAE 100 R2; 1/2 in; 1000 mm,rubber,,,,,,Bharat Industrial Works,BHA-967-55,MTR,12,False,,COATING_FROM_STRUCTURED_FIELD; FAMILY_HOSE; GRADE_FROM_STRUCTURED_FIELD; LENGTH_FROM_FIELD; MANUFACTURER_FROM_FIELD; MATERIAL_SYNTHETIC_RUBBER; PART_NO_FROM_FIELD; SIZE_FRACTION_INCH; STANDARD_FROM_SPECIFICATION; TYPE_FROM_MATERIAL_TYPE; UNIT_FROM_FIELD,description; specification; structured_field
CPCL-138218,CPCL,FLOATING BALL VALVE 3 in,floating ball valve 3 in,Valves,Ball Valve,API 608; 3 in; SS 316,SS 316,3 in,,,SS,NOS,valve,ball valve,,stainless steel,SS 316,3 in,,,,,,,,,,API 608,API 608; 3 in; SS 316,stainless steel,,,floating,,,Shree Valves & Fittings,SHR-292-64,NOS,12,False,,COATING_FROM_STRUCTURED_FIELD; CONSTRUCTION_FLOATING; FAMILY_VALVE; GRADE_FROM_STRUCTURED_FIELD; MANUFACTURER_FROM_FIELD; MATERIAL_STAINLESS_STEEL; PART_NO_FROM_FIELD; SIZE_INCH; STANDARD_FROM_SPECIFICATION; TYPE_BALL_VALVE; UNIT_FROM_FIELD,description; specification; structured_field
HPCL-222985,HPCL,FLANGE 6 in ASTM A105,flange 6 in astm a105,Pipes & Fittings,Flange,ASME B16.5; 6 in; ASTM A105,ASTM A105,6 in,,,Bare,MTR,pipe/fitting,flange,,,ASTM A105,6 in,,,,,,,,,,ASTM A105; ASME B16.5,ASME B16.5; 6 in; ASTM A105,bare,,,,,,Supreme Engineering,SUP-500-88,MTR,10,True,material_grade: 'ASTM A105' vs 'A105',COATING_FROM_STRUCTURED_FIELD; FAMILY_PIPE; GRADE_A105; MANUFACTURER_FROM_FIELD; PART_NO_FROM_FIELD; SIZE_INCH; STANDARD_FROM_SPECIFICATION; TYPE_FROM_MATERIAL_TYPE; UNIT_FROM_FIELD,description; specification; structured_field
HPCL-696751,HPCL,HORIZONTAL CENTRIFUGAL PUMP 40 mm,horizontal centrifugal pump 40 mm,Pumps,Centrifugal Pump,API 610; 40 mm; SS 316,SS 316,40 mm,,,Painted,NOS,pump,centrifugal pump,,stainless steel,SS 316,40 mm,,,,,,,,,,API 610,API 610; 40 mm; SS 316,painted,,,,horizontal,,Hindustan Mechanical,HIN-176-63,NOS,12,False,,COATING_FROM_STRUCTURED_FIELD; FAMILY_PUMP; GRADE_FROM_STRUCTURED_FIELD; MANUFACTURER_FROM_FIELD; MATERIAL_STAINLESS_STEEL; ORIENTATION_HORIZONTAL; PART_NO_FROM_FIELD; SIZE_MM; STANDARD_FROM_SPECIFICATION; TYPE_CENTRIFUGAL_PUMP; UNIT_FROM_FIELD,description; specification; structured_field
ONGC-620028,ONGC,35 sq mm SQ MM POWER CABLE,35 sq mm sq mm power cable,Electrical,Cable,IS 7098; 35 sq mm; 1000 m,XLPE Aluminium,35 sq mm,1000 mm,,PVC,MTR,electrical,cable,,xlpe,XLPE Aluminium,35 sq mm,,1000 mm,,,,,,,,IS 7098,IS 7098; 35 sq mm; 1000 m,pvc,,,,,,Bharat Industrial Works,BHA-850-46,MTR,12,False,,COATING_FROM_STRUCTURED_FIELD; FAMILY_ELECTRICAL; GRADE_FROM_STRUCTURED_FIELD; LENGTH_FROM_FIELD; MANUFACTURER_FROM_FIELD; MATERIAL_XLPE; PART_NO_FROM_FIELD; SIZE_SQMM_CABLE; STANDARD_FROM_SPECIFICATION; TYPE_FROM_MATERIAL_TYPE; UNIT_FROM_FIELD,description; specification; structured_field
ONGC-305017,ONGC,HEXAGONAL NUT M8 GALVANIZED,hexagonal nut m8 galvanized,Fasteners,Nut,IS 1364; M8; Galvanized,Carbon Steel,M8,,,Galvanized,NOS,fastener,nut,hex,carbon steel,Carbon Steel,M8,,,,,,,,,,IS 1364,IS 1364; M8; Galvanized,galvanized,,,,,,ABC Industrial Products,ABC-761-24,NOS,12,False,,COATING_FROM_STRUCTURED_FIELD; FAMILY_FASTENER; GRADE_FROM_STRUCTURED_FIELD; MANUFACTURER_FROM_FIELD; MATERIAL_CARBON_STEEL; PART_NO_FROM_FIELD; SIZE_METRIC_BOLT; STANDARD_FROM_SPECIFICATION; SUBTYPE_HEX; TYPE_FROM_MATERIAL_TYPE; UNIT_FROM_FIELD,description; specification; structured_field
CPCL-775590,CPCL,M12 HEX NUT,m12 hexagonal nut,Fasteners,Nut,IS 1364; M12; Galvanized,Carbon Steel,M12,,,Galvanized,NOS,fastener,nut,hex,carbon steel,Carbon Steel,M12,,,,,,,,,,IS 1364,IS 1364; M12; Galvanized,galvanized,,,,,,Apex Industrial Systems,APE-831-28,NOS,12,False,,COATING_FROM_STRUCTURED_FIELD; FAMILY_FASTENER; GRADE_FROM_STRUCTURED_FIELD; MANUFACTURER_FROM_FIELD; MATERIAL_CARBON_STEEL; PART_NO_FROM_FIELD; SIZE_METRIC_BOLT; STANDARD_FROM_SPECIFICATION; SUBTYPE_HEX; TYPE_FROM_MATERIAL_TYPE; UNIT_FROM_FIELD,description; specification; structured_field
HPCL-897193,HPCL,BOURDON PRESSURE GAUGE 0-100 bar,bourdon pressure gauge 0-100 bar,Instrumentation,Pressure Gauge,EN 837-1; Range 0-100 bar,SS 304,0-100 bar,,,SS,NOS,instrumentation,pressure gauge,,stainless steel,SS 304,0-100 bar,,,,,,,,,,EN 837-1,EN 837-1; Range 0-100 bar,stainless steel,,,,,,Shree Valves & Fittings,SHR-630-97,NOS,11,False,,COATING_FROM_STRUCTURED_FIELD; FAMILY_INSTRUMENTATION; GRADE_FROM_STRUCTURED_FIELD; MANUFACTURER_FROM_FIELD; MATERIAL_STAINLESS_STEEL; PART_NO_FROM_FIELD; SIZE_PRESSURE_RANGE; STANDARD_FROM_SPECIFICATION; TYPE_FROM_MATERIAL_TYPE; UNIT_FROM_FIELD,description; specification; structured_field
HPCL-216528,HPCL,PIPE 4 in ASTM A106 Gr.B,pipe 4 in astm a106 gr.b,Pipes & Fittings,Pipe,API 5L; 4 in; ASTM A106 Gr.B,ASTM A106 Gr.B,4 in,6000 mm,,Black,MTR,pipe/fitting,pipe,,,ASTM A106 Gr.B,4 in,,6000 mm,,,,,,,,ASTM A106 Gr.B; API 5L,API 5L; 4 in; ASTM A106 Gr.B,black,,,,,,Eastern Cables,EAS-636-96,MTR,11,True,material_grade: 'ASTM A106 Gr.B' vs 'ASTM A106 GR.B'; material_grade: 'ASTM A106 Gr.B' vs 'A106',COATING_FROM_STRUCTURED_FIELD; FAMILY_PIPE; GRADE_FROM_STRUCTURED_FIELD; LENGTH_FROM_FIELD; MANUFACTURER_FROM_FIELD; PART_NO_FROM_FIELD; SIZE_INCH; STANDARD_FROM_SPECIFICATION; TYPE_FROM_MATERIAL_TYPE; UNIT_FROM_FIELD,description; specification; structured_field
IOCL-425580,IOCL,FLANGE 3 in ASTM A105,flange 3 in astm a105,Pipes & Fittings,Flange,ASME B16.5; 3 in; ASTM A105,ASTM A105,3 in,,,Bare,MTR,pipe/fitting,flange,,,ASTM A105,3 in,,,,,,,,,,ASTM A105; ASME B16.5,ASME B16.5; 3 in; ASTM A105,bare,,,,,,National Bearing Works,NAT-343-89,MTR,10,True,material_grade: 'ASTM A105' vs 'A105',COATING_FROM_STRUCTURED_FIELD; FAMILY_PIPE; GRADE_A105; MANUFACTURER_FROM_FIELD; PART_NO_FROM_FIELD; SIZE_INCH; STANDARD_FROM_SPECIFICATION; TYPE_FROM_MATERIAL_TYPE; UNIT_FROM_FIELD,description; specification; structured_field
HPCL-272907,HPCL,INDUSTRIAL GEAR LUBRICANT EP 140,industrial gear lubricant ep 140,Lubricants,Lubricant,IS 10522; EP 140,Mineral Oil,EP 140,,,,LTR,lubricant,lubricant,,mineral oil,Mineral Oil,EP 140,,,,,,,,,,IS 10522,IS 10522; EP 140,,,,,,,Metro Pumps & Valves,MET-810-67,LTR,10,False,,FAMILY_LUBRICANT; GRADE_FROM_STRUCTURED_FIELD; MANUFACTURER_FROM_FIELD; MATERIAL_MINERAL_OIL; PART_NO_FROM_FIELD; SIZE_VG_ISO_LUBE; STANDARD_FROM_SPECIFICATION; TYPE_FROM_MATERIAL_TYPE; UNIT_FROM_FIELD,description; specification; structured_field
IOCL-329941,IOCL,BOURDON PRESSURE GAUGE 0-25 bar,bourdon pressure gauge 0-25 bar,Instrumentation,Pressure Gauge,EN 837-1; Range 0-25 bar,SS 304,0-25 bar,,,SS,NOS,instrumentation,pressure gauge,,stainless steel,SS 304,0-25 bar,,,,,,,,,,EN 837-1,EN 837-1; Range 0-25 bar,stainless steel,,,,,,Precision Fasteners,PRE-104-29,NOS,11,False,,COATING_FROM_STRUCTURED_FIELD; FAMILY_INSTRUMENTATION; GRADE_FROM_STRUCTURED_FIELD; MANUFACTURER_FROM_FIELD; MATERIAL_STAINLESS_STEEL; PART_NO_FROM_FIELD; SIZE_PRESSURE_RANGE; STANDARD_FROM_SPECIFICATION; TYPE_FROM_MATERIAL_TYPE; UNIT_FROM_FIELD,description; specification; structured_field
IOCL-284366,IOCL,SPIRAL GASKET 6 in,spiral gasket 6 in,Seals,Gasket,ASME B16.20; 6 in; Graphite/SS 316,Graphite/SS 316,6 in,,,SS,NOS,seal/gasket,gasket,,,Graphite/SS 316,6 in,,,,,,,,,,ASME B16.20,ASME B16.20; 6 in; Graphite/SS 316,stainless steel,,,,,,Bharat Industrial Works,BHA-430-45,NOS,10,True,material_type: 'gasket' vs 'spiral wound gasket',COATING_FROM_STRUCTURED_FIELD; FAMILY_SEAL; GRADE_FROM_STRUCTURED_FIELD; MANUFACTURER_FROM_FIELD; PART_NO_FROM_FIELD; SIZE_INCH; STANDARD_FROM_SPECIFICATION; TYPE_FROM_MATERIAL_TYPE; UNIT_FROM_FIELD,description; specification; structured_field
ONGC-230545,ONGC,RTD SENSOR 3-wire,rtd sensor 3-wire,Instrumentation,Temperature Sensor,IEC 60751; 3-wire; 300 mm,Pt100,3-wire,300 mm,10 mm,SS,NOS,instrumentation,temperature sensor,,,Pt100,3-wire,,300 mm,,,10 mm,,,,,IEC 60751,IEC 60751; 3-wire; 300 mm,stainless steel,,,,,,Supreme Engineering,SUP-592-20,NOS,12,False,,COATING_FROM_STRUCTURED_FIELD; DIAMETER_FROM_FIELD; FAMILY_INSTRUMENTATION; GRADE_FROM_STRUCTURED_FIELD; LENGTH_FROM_FIELD; MANUFACTURER_FROM_FIELD; PART_NO_FROM_FIELD; SIZE_FROM_STRUCTURED_FIELD; STANDARD_FROM_SPECIFICATION; TYPE_FROM_MATERIAL_TYPE; UNIT_FROM_FIELD,specification; structured_field
IOCL-748859,IOCL,90 DEGREE ELBOW 6 in ASME B16.9,90 degree elbow 6 in asme b16.9,Pipes & Fittings,Elbow,ASME B16.9; 6 in; ASTM A234 WPB,ASTM A234 WPB,6 in,,,Bare,MTR,pipe/fitting,elbow,,,ASTM A234 WPB,6 in,,,,,,,,,90°,ASTM A234; ASME B16.9,ASME B16.9; 6 in; ASTM A234 WPB,bare,,,,,,Prime Electricals,PRI-973-74,MTR,11,False,,COATING_FROM_STRUCTURED_FIELD; ELBOW_ANGLE; FAMILY_FITTING; GRADE_FROM_STRUCTURED_FIELD; MANUFACTURER_FROM_FIELD; PART_NO_FROM_FIELD; SIZE_INCH; STANDARD_FROM_SPECIFICATION; TYPE_FROM_MATERIAL_TYPE; UNIT_FROM_FIELD,description; specification; structured_field
CPCL-913563,CPCL,PRESSURE RELIEF VALVE 2 in SS 316,pressure relief valve 2 in stainless steel 316,Safety,Safety Valve,API 526; 2 in; SS 316,SS 316,2 in,,,SS,NOS,safety,safety valve,,stainless steel,SS 316,2 in,,,,,,,,,,API 526,API 526; 2 in; SS 316,stainless steel,,,,,,Larsen Engineering,LAR-391-37,NOS,11,False,,COATING_FROM_STRUCTURED_FIELD; FAMILY_SAFETY; GRADE_SS316; MANUFACTURER_FROM_FIELD; MATERIAL_STAINLESS_STEEL; PART_NO_FROM_FIELD; SIZE_INCH; STANDARD_FROM_SPECIFICATION; TYPE_SAFETY_VALVE; UNIT_FROM_FIELD,description; specification; structured_field
IOCL-747765,IOCL,90 DEGREE ELBOW 6 in ASME B16.9,90 degree elbow 6 in asme b16.9,Pipes & Fittings,Elbow,ASME B16.9; 6 in; ASTM A234 WPB,ASTM A234 WPB,6 in,,,Bare,MTR,pipe/fitting,elbow,,,ASTM A234 WPB,6 in,,,,,,,,,90°,ASTM A234; ASME B16.9,ASME B16.9; 6 in; ASTM A234 WPB,bare,,,,,,Supreme Engineering,SUP-352-46,MTR,11,False,,COATING_FROM_STRUCTURED_FIELD; ELBOW_ANGLE; FAMILY_FITTING; GRADE_FROM_STRUCTURED_FIELD; MANUFACTURER_FROM_FIELD; PART_NO_FROM_FIELD; SIZE_INCH; STANDARD_FROM_SPECIFICATION; TYPE_FROM_MATERIAL_TYPE; UNIT_FROM_FIELD,description; specification; structured_field
ONGC-952302,ONGC,SWG 2 in,swg 2 in,Seals,Gasket,ASME B16.20; 2 in; Graphite/SS 316,Graphite/SS 316,2 in,,,SS,NOS,seal/gasket,gasket,,,Graphite/SS 316,2 in,,,,,,,,,,ASME B16.20,ASME B16.20; 2 in; Graphite/SS 316,stainless steel,,,,,,Larsen Engineering,LAR-920-53,NOS,10,False,,COATING_FROM_STRUCTURED_FIELD; FAMILY_SEAL; GRADE_FROM_STRUCTURED_FIELD; MANUFACTURER_FROM_FIELD; PART_NO_FROM_FIELD; SIZE_INCH; STANDARD_FROM_SPECIFICATION; TYPE_FROM_MATERIAL_TYPE; UNIT_FROM_FIELD,description; specification; structured_field
ONGC-115289,ONGC,BOURDON PRESSURE GAUGE 0-100 bar,bourdon pressure gauge 0-100 bar,Instrumentation,Pressure Gauge,EN 837-1; Range 0-100 bar,SS 304,0-100 bar,,,SS,NOS,instrumentation,pressure gauge,,stainless steel,SS 304,0-100 bar,,,,,,,,,,EN 837-1,EN 837-1; Range 0-100 bar,stainless steel,,,,,,Shree Valves & Fittings,SHR-855-15,NOS,11,False,,COATING_FROM_STRUCTURED_FIELD; FAMILY_INSTRUMENTATION; GRADE_FROM_STRUCTURED_FIELD; MANUFACTURER_FROM_FIELD; MATERIAL_STAINLESS_STEEL; PART_NO_FROM_FIELD; SIZE_PRESSURE_RANGE; STANDARD_FROM_SPECIFICATION; TYPE_FROM_MATERIAL_TYPE; UNIT_FROM_FIELD,description; specification; structured_field
ONGC-222551,ONGC,FLOATING BALL VALVE 4 in SS 316,floating ball valve 4 in stainless steel 316,Valves,Ball Valve,API 608; 4 in; SS 316,SS 316,4 in,,,SS,NOS,valve,ball valve,,stainless steel,SS 316,4 in,,,,,,,,,,API 608,API 608; 4 in; SS 316,stainless steel,,,floating,,,Bharat Industrial Works,BHA-272-64,NOS,12,False,,COATING_FROM_STRUCTURED_FIELD; CONSTRUCTION_FLOATING; FAMILY_VALVE; GRADE_SS316; MANUFACTURER_FROM_FIELD; MATERIAL_STAINLESS_STEEL; PART_NO_FROM_FIELD; SIZE_INCH; STANDARD_FROM_SPECIFICATION; TYPE_BALL_VALVE; UNIT_FROM_FIELD,description; specification; structured_field
IOCL-934579,IOCL,HRC FUSE 16 A,high rupturing capacity fuse 16 a,Electrical,Fuse,IS 13703; 16 A,Ceramic,16 A,,,,MTR,electrical,fuse,,,Ceramic,16 A,,,,,,,,,,IS 13703,IS 13703; 16 A,,,,,,,Hindustan Mechanical,HIN-113-10,MTR,9,False,,FAMILY_ELECTRICAL; GRADE_FROM_STRUCTURED_FIELD; MANUFACTURER_FROM_FIELD; PART_NO_FROM_FIELD; SIZE_FROM_STRUCTURED_FIELD; STANDARD_FROM_SPECIFICATION; TYPE_FROM_MATERIAL_TYPE; UNIT_FROM_FIELD,description; specification; structured_field
CPCL-712951,CPCL,FLOATING BALL VALVE 1 in SS 316,floating ball valve 1 in stainless steel 316,Valves,Ball Valve,API 608; 1 in; SS 316,SS 316,1 in,,,SS,NOS,valve,ball valve,,stainless steel,SS 316,1 in,,,,,,,,,,API 608,API 608; 1 in; SS 316,stainless steel,,,floating,,,ABC Industrial Products,ABC-144-43,NOS,12,False,,COATING_FROM_STRUCTURED_FIELD; CONSTRUCTION_FLOATING; FAMILY_VALVE; GRADE_SS316; MANUFACTURER_FROM_FIELD; MATERIAL_STAINLESS_STEEL; PART_NO_FROM_FIELD; SIZE_INCH; STANDARD_FROM_SPECIFICATION; TYPE_BALL_VALVE; UNIT_FROM_FIELD,description; specification; structured_field
ONGC-682380,ONGC,HIGH PRESSURE HYDRAULIC HOSE 1 in,high pressure hydraulic hose 1 in,Hoses,Hydraulic Hose,SAE 100 R2; 1 in; 5000 mm,Synthetic Rubber,1 in,5000 mm,,Rubber,MTR,hose,hydraulic hose,,synthetic rubber,Synthetic Rubber,1 in,,5000 mm,,,,,,,,SAE 100 R2,SAE 100 R2; 1 in; 5000 mm,rubber,,,,,,Supreme Engineering,SUP-393-46,MTR,12,False,,COATING_FROM_STRUCTURED_FIELD; FAMILY_HOSE; GRADE_FROM_STRUCTURED_FIELD; LENGTH_FROM_FIELD; MANUFACTURER_FROM_FIELD; MATERIAL_SYNTHETIC_RUBBER; PART_NO_FROM_FIELD; SIZE_INCH; STANDARD_FROM_SPECIFICATION; TYPE_FROM_MATERIAL_TYPE; UNIT_FROM_FIELD,description; specification; structured_field
IOCL-528516,IOCL,10 sq mm SQ MM POWER CABLE,10 sq mm sq mm power cable,Electrical,Cable,IS 7098; 10 sq mm; 1000 m,XLPE Aluminium,10 sq mm,1000 mm,,PVC,MTR,electrical,cable,,xlpe,XLPE Aluminium,10 sq mm,,1000 mm,,,,,,,,IS 7098,IS 7098; 10 sq mm; 1000 m,pvc,,,,,,Apex Industrial Systems,APE-535-36,MTR,12,False,,COATING_FROM_STRUCTURED_FIELD; FAMILY_ELECTRICAL; GRADE_FROM_STRUCTURED_FIELD; LENGTH_FROM_FIELD; MANUFACTURER_FROM_FIELD; MATERIAL_XLPE; PART_NO_FROM_FIELD; SIZE_SQMM_CABLE; STANDARD_FROM_SPECIFICATION; TYPE_FROM_MATERIAL_TYPE; UNIT_FROM_FIELD,description; specification; structured_field
IOCL-643030,IOCL,PRESSURE INDICATOR 0-100 bar,pressure indicator 0-100 bar,Instrumentation,Pressure Gauge,EN 837-1; Range 0-100 bar,SS 304,0-100 bar,,,SS,NOS,instrumentation,pressure gauge,,stainless steel,SS 304,0-100 bar,,,,,,,,,,EN 837-1,EN 837-1; Range 0-100 bar,stainless steel,,,,,,Prime Electricals,PRI-106-40,NOS,11,False,,COATING_FROM_STRUCTURED_FIELD; FAMILY_INSTRUMENTATION; GRADE_FROM_STRUCTURED_FIELD; MANUFACTURER_FROM_FIELD; MATERIAL_STAINLESS_STEEL; PART_NO_FROM_FIELD; SIZE_PRESSURE_RANGE; STANDARD_FROM_SPECIFICATION; TYPE_FROM_MATERIAL_TYPE; UNIT_FROM_FIELD,description; specification; structured_field
CPCL-719446,CPCL,90 DEGREE ELBOW 4 in ASTM A234 WPB,90 degree elbow 4 in astm a234 wpb,Pipes & Fittings,Elbow,ASME B16.9; 4 in; ASTM A234 WPB,ASTM A234 WPB,4 in,,,Bare,MTR,pipe/fitting,elbow,,,ASTM A234 WPB,4 in,,,,,,,,,90°,ASTM A234; ASME B16.9,ASME B16.9; 4 in; ASTM A234 WPB,bare,,,,,,Hindustan Mechanical,HIN-991-57,MTR,11,True,material_grade: 'ASTM A234 WPB' vs 'ASTM A234'; material_grade: 'ASTM A234 WPB' vs 'WPB',COATING_FROM_STRUCTURED_FIELD; ELBOW_ANGLE; FAMILY_FITTING; GRADE_FROM_STRUCTURED_FIELD; MANUFACTURER_FROM_FIELD; PART_NO_FROM_FIELD; SIZE_INCH; STANDARD_FROM_SPECIFICATION; TYPE_FROM_MATERIAL_TYPE; UNIT_FROM_FIELD,description; specification; structured_field
IOCL-866317,IOCL,HRC CARTRIDGE 5 A,high rupturing capacity cartridge 5 a,Electrical,Fuse,IS 13703; 5 A,Ceramic,5 A,,,,MTR,electrical,fuse,,,Ceramic,5 A,,,,,,,,,,IS 13703,IS 13703; 5 A,,,,,,,Supreme Engineering,SUP-474-45,MTR,9,False,,FAMILY_ELECTRICAL; GRADE_FROM_STRUCTURED_FIELD; MANUFACTURER_FROM_FIELD; PART_NO_FROM_FIELD; SIZE_FROM_STRUCTURED_FIELD; STANDARD_FROM_SPECIFICATION; TYPE_FROM_MATERIAL_TYPE; UNIT_FROM_FIELD,description; specification; structured_field
CPCL-175695,CPCL,DEEP GROOVE BEARING 6208,deep groove bearing 6208,Bearings,Ball Bearing,ISO 15; Bearing 6208,Chrome Steel,6208,,,,NOS,bearing,ball bearing,deep groove,chrome steel,Chrome Steel,6208,,,,,,,,,,ISO 15,ISO 15; Bearing 6208,,,,,,6208,Shree Valves & Fittings,SHR-780-50,NOS,12,False,,BEARING_NUMBER; FAMILY_BEARING; GRADE_FROM_STRUCTURED_FIELD; MANUFACTURER_FROM_FIELD; MATERIAL_CHROME_STEEL; PART_NO_FROM_FIELD; SIZE_FROM_STRUCTURED_FIELD; STANDARD_FROM_SPECIFICATION; SUBTYPE_DEEP_GROOVE; TYPE_BALL_BEARING; UNIT_FROM_FIELD,description; specification; structured_field
ONGC-300705,ONGC,HEXAGONAL HEAD BOLT M16 X 100,hexagonal head bolt m16 x 100,Fasteners,Bolt,IS 1363; M16 x 100 mm; Zinc Plated,Carbon Steel,M16,100 mm,20 mm,Zinc Plated,NOS,fastener,bolt,,carbon steel,Carbon Steel,M16,,100 mm,,,20 mm,,,,,IS 1363,IS 1363; M16 x 100 mm; Zinc Plated,zinc plated,,,,,,Eastern Cables,EAS-293-10,NOS,13,False,,COATING_FROM_STRUCTURED_FIELD; DIAMETER_FROM_FIELD; FAMILY_FASTENER; GRADE_FROM_STRUCTURED_FIELD; LENGTH_FROM_FIELD; MANUFACTURER_FROM_FIELD; MATERIAL_CARBON_STEEL; PART_NO_FROM_FIELD; SIZE_METRIC_BOLT; STANDARD_FROM_SPECIFICATION; TYPE_FROM_MATERIAL_TYPE; UNIT_FROM_FIELD,description; specification; structured_field
IOCL-282056,IOCL,GATE VALVE 4 in API 600,gate valve 4 in api 600,Valves,Gate Valve,API 600; 4 in; ASTM A216 WCB,ASTM A216 WCB,4 in,,,Painted,NOS,valve,gate valve,,,ASTM A216 WCB,4 in,,,,,,,,,,ASTM A216 WCB; API 600,API 600; 4 in; ASTM A216 WCB,painted,,,,,,Metro Pumps & Valves,MET-427-76,NOS,10,False,,COATING_FROM_STRUCTURED_FIELD; FAMILY_VALVE; GRADE_FROM_STRUCTURED_FIELD; MANUFACTURER_FROM_FIELD; PART_NO_FROM_FIELD; SIZE_INCH; STANDARD_FROM_SPECIFICATION; TYPE_GATE_VALVE; UNIT_FROM_FIELD,description; specification; structured_field
ONGC-984885,ONGC,PRESSURE SAFETY VALVE 1 in,pressure safety valve 1 in,Safety,Safety Valve,API 526; 1 in; SS 316,SS 316,1 in,,,SS,NOS,safety,safety valve,,stainless steel,SS 316,1 in,,,,,,,,,,API 526,API 526; 1 in; SS 316,stainless steel,,,,,,Larsen Engineering,LAR-404-61,NOS,11,True,material_family: 'safety' vs 'valve',COATING_FROM_STRUCTURED_FIELD; FAMILY_SAFETY; GRADE_FROM_STRUCTURED_FIELD; MANUFACTURER_FROM_FIELD; MATERIAL_STAINLESS_STEEL; PART_NO_FROM_FIELD; SIZE_INCH; STANDARD_FROM_SPECIFICATION; TYPE_SAFETY_VALVE; UNIT_FROM_FIELD,description; specification; structured_field
CPCL-644578,CPCL,SEAMLESS STEEL PIPE 1/2 in API 5L,seamless steel pipe 1/2 in api 5l,Pipes & Fittings,Pipe,API 5L; 1/2 in; ASTM A106 Gr.B,ASTM A106 Gr.B,1/2 in,3000 mm,,Bare,MTR,pipe/fitting,pipe,,,ASTM A106 Gr.B,1/2 in,,3000 mm,,,,,,,,ASTM A106 Gr.B; API 5L,API 5L; 1/2 in; ASTM A106 Gr.B,bare,,,seamless,,,Precision Fasteners,PRE-277-60,MTR,12,False,,COATING_FROM_STRUCTURED_FIELD; CONSTRUCTION_SEAMLESS; FAMILY_PIPE; GRADE_FROM_STRUCTURED_FIELD; LENGTH_FROM_FIELD; MANUFACTURER_FROM_FIELD; PART_NO_FROM_FIELD; SIZE_FRACTION_INCH; STANDARD_FROM_SPECIFICATION; TYPE_FROM_MATERIAL_TYPE; UNIT_FROM_FIELD,description; specification; structured_field
ONGC-868514,ONGC,HRC CARTRIDGE 10 A,high rupturing capacity cartridge 10 a,Electrical,Fuse,IS 13703; 10 A,Ceramic,10 A,,,,MTR,electrical,fuse,,,Ceramic,10 A,,,,,,,,,,IS 13703,IS 13703; 10 A,,,,,,,Hindustan Mechanical,HIN-923-82,MTR,9,False,,FAMILY_ELECTRICAL; GRADE_FROM_STRUCTURED_FIELD; MANUFACTURER_FROM_FIELD; PART_NO_FROM_FIELD; SIZE_FROM_STRUCTURED_FIELD; STANDARD_FROM_SPECIFICATION; TYPE_FROM_MATERIAL_TYPE; UNIT_FROM_FIELD,description; specification; structured_field
ONGC-817730,ONGC,CARTRIDGE FUSE 2 A,cartridge fuse 2 a,Electrical,Fuse,IS 13703; 2 A,Ceramic,2 A,,,,MTR,electrical,fuse,,,Ceramic,2 A,,,,,,,,,,IS 13703,IS 13703; 2 A,,,,,,,Eastern Cables,EAS-540-63,MTR,9,False,,FAMILY_ELECTRICAL; GRADE_FROM_STRUCTURED_FIELD; MANUFACTURER_FROM_FIELD; PART_NO_FROM_FIELD; SIZE_FROM_STRUCTURED_FIELD; STANDARD_FROM_SPECIFICATION; TYPE_FROM_MATERIAL_TYPE; UNIT_FROM_FIELD,description; specification; structured_field
CPCL-274506,CPCL,HRC CARTRIDGE 16 A,high rupturing capacity cartridge 16 a,Electrical,Fuse,IS 13703; 16 A,Ceramic,16 A,,,,MTR,electrical,fuse,,,Ceramic,16 A,,,,,,,,,,IS 13703,IS 13703; 16 A,,,,,,,Larsen Engineering,LAR-361-32,MTR,9,False,,FAMILY_ELECTRICAL; GRADE_FROM_STRUCTURED_FIELD; MANUFACTURER_FROM_FIELD; PART_NO_FROM_FIELD; SIZE_FROM_STRUCTURED_FIELD; STANDARD_FROM_SPECIFICATION; TYPE_FROM_MATERIAL_TYPE; UNIT_FROM_FIELD,description; specification; structured_field
IOCL-913003,IOCL,SPIRAL GASKET 3 in,spiral gasket 3 in,Seals,Gasket,ASME B16.20; 3 in; Graphite/SS 316,Graphite/SS 316,3 in,,,SS,NOS,seal/gasket,gasket,,,Graphite/SS 316,3 in,,,,,,,,,,ASME B16.20,ASME B16.20; 3 in; Graphite/SS 316,stainless steel,,,,,,Prime Electricals,PRI-944-28,NOS,10,True,material_type: 'gasket' vs 'spiral wound gasket',COATING_FROM_STRUCTURED_FIELD; FAMILY_SEAL; GRADE_FROM_STRUCTURED_FIELD; MANUFACTURER_FROM_FIELD; PART_NO_FROM_FIELD; SIZE_INCH; STANDARD_FROM_SPECIFICATION; TYPE_FROM_MATERIAL_TYPE; UNIT_FROM_FIELD,description; specification; structured_field
ONGC-909066,ONGC,PT100 RTD 4-wire 150,pt100 rtd 4-wire 150,Instrumentation,Temperature Sensor,IEC 60751; 4-wire; 150 mm,Pt100,4-wire,150 mm,6 mm,SS,NOS,instrumentation,temperature sensor,,,Pt100,4-wire,,150 mm,,,6 mm,,,,,IEC 60751,IEC 60751; 4-wire; 150 mm,stainless steel,,,,,,Apex Industrial Systems,APE-909-52,NOS,12,False,,COATING_FROM_STRUCTURED_FIELD; DIAMETER_FROM_FIELD; FAMILY_INSTRUMENTATION; GRADE_FROM_STRUCTURED_FIELD; LENGTH_FROM_FIELD; MANUFACTURER_FROM_FIELD; PART_NO_FROM_FIELD; SIZE_FROM_STRUCTURED_FIELD; STANDARD_FROM_SPECIFICATION; TYPE_FROM_MATERIAL_TYPE; UNIT_FROM_FIELD,specification; structured_field
IOCL-482379,IOCL,RTD PT100 4-wire 150 MM,rtd pt100 4-wire 150 mm,Instrumentation,Temperature Sensor,IEC 60751; 4-wire; 150 mm,Pt100,4-wire,150 mm,8 mm,SS,NOS,instrumentation,temperature sensor,,,Pt100,4-wire,,150 mm,,,8 mm,,,,,IEC 60751,IEC 60751; 4-wire; 150 mm,stainless steel,,,,,,Prime Electricals,PRI-176-31,NOS,12,True,size: '4-wire' vs '150 mm',COATING_FROM_STRUCTURED_FIELD; DIAMETER_FROM_FIELD; FAMILY_INSTRUMENTATION; GRADE_FROM_STRUCTURED_FIELD; LENGTH_FROM_FIELD; MANUFACTURER_FROM_FIELD; PART_NO_FROM_FIELD; SIZE_FROM_STRUCTURED_FIELD; STANDARD_FROM_SPECIFICATION; TYPE_FROM_MATERIAL_TYPE; UNIT_FROM_FIELD,specification; structured_field
IOCL-957345,IOCL,GATE VALVE FLANGED 6 in,gate valve flanged 6 in,Valves,Gate Valve,API 600; 6 in; ASTM A216 WCB,ASTM A216 WCB,6 in,,,Painted,NOS,valve,gate valve,,,ASTM A216 WCB,6 in,,,,,,,,,,ASTM A216 WCB; API 600,API 600; 6 in; ASTM A216 WCB,painted,flanged,,,,,Shree Valves & Fittings,SHR-612-86,NOS,11,False,,COATING_FROM_STRUCTURED_FIELD; CONNECTION_FLANGED; FAMILY_VALVE; GRADE_FROM_STRUCTURED_FIELD; MANUFACTURER_FROM_FIELD; PART_NO_FROM_FIELD; SIZE_INCH; STANDARD_FROM_SPECIFICATION; TYPE_GATE_VALVE; UNIT_FROM_FIELD,description; specification; structured_field
CPCL-899923,CPCL,GATE VALVE 1 in API 600,gate valve 1 in api 600,Valves,Gate Valve,API 600; 1 in; ASTM A216 WCB,ASTM A216 WCB,1 in,,,Painted,NOS,valve,gate valve,,,ASTM A216 WCB,1 in,,,,,,,,,,ASTM A216 WCB; API 600,API 600; 1 in; ASTM A216 WCB,painted,,,,,,Apex Industrial Systems,APE-473-51,NOS,10,False,,COATING_FROM_STRUCTURED_FIELD; FAMILY_VALVE; GRADE_FROM_STRUCTURED_FIELD; MANUFACTURER_FROM_FIELD; PART_NO_FROM_FIELD; SIZE_INCH; STANDARD_FROM_SPECIFICATION; TYPE_GATE_VALVE; UNIT_FROM_FIELD,description; specification; structured_field
CPCL-333178,CPCL,CARTRIDGE FUSE 16 A,cartridge fuse 16 a,Electrical,Fuse,IS 13703; 16 A,Ceramic,16 A,,,,MTR,electrical,fuse,,,Ceramic,16 A,,,,,,,,,,IS 13703,IS 13703; 16 A,,,,,,,Bharat Industrial Works,BHA-515-97,MTR,9,False,,FAMILY_ELECTRICAL; GRADE_FROM_STRUCTURED_FIELD; MANUFACTURER_FROM_FIELD; PART_NO_FROM_FIELD; SIZE_FROM_STRUCTURED_FIELD; STANDARD_FROM_SPECIFICATION; TYPE_FROM_MATERIAL_TYPE; UNIT_FROM_FIELD,description; specification; structured_field
ONGC-407326,ONGC,POWER CABLE 10 sq mm XLPE Copper,power cable 10 sq mm xlpe copper,Electrical,Cable,IS 7098; 10 sq mm; 100 m,XLPE Copper,10 sq mm,100 mm,,PVC,MTR,electrical,cable,,xlpe,XLPE Copper,10 sq mm,,100 mm,,,,,,,,IS 7098,IS 7098; 10 sq mm; 100 m,pvc,,,,,,Apex Industrial Systems,APE-784-60,MTR,12,False,,COATING_FROM_STRUCTURED_FIELD; FAMILY_ELECTRICAL; GRADE_FROM_STRUCTURED_FIELD; LENGTH_FROM_FIELD; MANUFACTURER_FROM_FIELD; MATERIAL_XLPE; PART_NO_FROM_FIELD; SIZE_SQMM_CABLE; STANDARD_FROM_SPECIFICATION; TYPE_FROM_MATERIAL_TYPE; UNIT_FROM_FIELD,description; specification; structured_field
ONGC-309624,ONGC,M20 HEX NUT,m20 hexagonal nut,Fasteners,Nut,IS 1364; M20; Zinc Plated,Carbon Steel,M20,,,Zinc Plated,NOS,fastener,nut,hex,carbon steel,Carbon Steel,M20,,,,,,,,,,IS 1364,IS 1364; M20; Zinc Plated,zinc plated,,,,,,Hindustan Mechanical,HIN-928-17,NOS,12,False,,COATING_FROM_STRUCTURED_FIELD; FAMILY_FASTENER; GRADE_FROM_STRUCTURED_FIELD; MANUFACTURER_FROM_FIELD; MATERIAL_CARBON_STEEL; PART_NO_FROM_FIELD; SIZE_METRIC_BOLT; STANDARD_FROM_SPECIFICATION; SUBTYPE_HEX; TYPE_FROM_MATERIAL_TYPE; UNIT_FROM_FIELD,description; specification; structured_field
HPCL-653980,HPCL,HYDRAULIC HOSE 1 in,hydraulic hose 1 in,Hoses,Hydraulic Hose,SAE 100 R2; 1 in; 5000 mm,Synthetic Rubber,1 in,5000 mm,,Rubber,MTR,hose,hydraulic hose,,synthetic rubber,Synthetic Rubber,1 in,,5000 mm,,,,,,,,SAE 100 R2,SAE 100 R2; 1 in; 5000 mm,rubber,,,,,,ABC Industrial Products,ABC-514-38,MTR,12,False,,COATING_FROM_STRUCTURED_FIELD; FAMILY_HOSE; GRADE_FROM_STRUCTURED_FIELD; LENGTH_FROM_FIELD; MANUFACTURER_FROM_FIELD; MATERIAL_SYNTHETIC_RUBBER; PART_NO_FROM_FIELD; SIZE_INCH; STANDARD_FROM_SPECIFICATION; TYPE_FROM_MATERIAL_TYPE; UNIT_FROM_FIELD,description; specification; structured_field
CPCL-739144,CPCL,25 sq mm SQ MM POWER CABLE,25 sq mm sq mm power cable,Electrical,Cable,IS 7098; 25 sq mm; 100 m,XLPE Aluminium,25 sq mm,100 mm,,PVC,MTR,electrical,cable,,xlpe,XLPE Aluminium,25 sq mm,,100 mm,,,,,,,,IS 7098,IS 7098; 25 sq mm; 100 m,pvc,,,,,,Larsen Engineering,LAR-752-27,MTR,12,False,,COATING_FROM_STRUCTURED_FIELD; FAMILY_ELECTRICAL; GRADE_FROM_STRUCTURED_FIELD; LENGTH_FROM_FIELD; MANUFACTURER_FROM_FIELD; MATERIAL_XLPE; PART_NO_FROM_FIELD; SIZE_SQMM_CABLE; STANDARD_FROM_SPECIFICATION; TYPE_FROM_MATERIAL_TYPE; UNIT_FROM_FIELD,description; specification; structured_field
IOCL-894675,IOCL,HIGH PRESSURE HYDRAULIC HOSE 1 in,high pressure hydraulic hose 1 in,Hoses,Hydraulic Hose,SAE 100 R2; 1 in; 5000 mm,Synthetic Rubber,1 in,5000 mm,,Rubber,MTR,hose,hydraulic hose,,synthetic rubber,Synthetic Rubber,1 in,,5000 mm,,,,,,,,SAE 100 R2,SAE 100 R2; 1 in; 5000 mm,rubber,,,,,,Eastern Cables,EAS-485-10,MTR,12,False,,COATING_FROM_STRUCTURED_FIELD; FAMILY_HOSE; GRADE_FROM_STRUCTURED_FIELD; LENGTH_FROM_FIELD; MANUFACTURER_FROM_FIELD; MATERIAL_SYNTHETIC_RUBBER; PART_NO_FROM_FIELD; SIZE_INCH; STANDARD_FROM_SPECIFICATION; TYPE_FROM_MATERIAL_TYPE; UNIT_FROM_FIELD,description; specification; structured_field
CPCL-210465,CPCL,SAFETY VALVE 1 in,safety valve 1 in,Safety,Safety Valve,API 526; 1 in; SS 316,SS 316,1 in,,,SS,NOS,safety,safety valve,,stainless steel,SS 316,1 in,,,,,,,,,,API 526,API 526; 1 in; SS 316,stainless steel,,,,,,National Bearing Works,NAT-895-20,NOS,11,True,material_family: 'safety' vs 'valve',COATING_FROM_STRUCTURED_FIELD; FAMILY_SAFETY; GRADE_FROM_STRUCTURED_FIELD; MANUFACTURER_FROM_FIELD; MATERIAL_STAINLESS_STEEL; PART_NO_FROM_FIELD; SIZE_INCH; STANDARD_FROM_SPECIFICATION; TYPE_SAFETY_VALVE; UNIT_FROM_FIELD,description; specification; structured_field
IOCL-318244,IOCL,SEAMLESS STEEL PIPE 1/2 in API 5L,seamless steel pipe 1/2 in api 5l,Pipes & Fittings,Pipe,API 5L; 1/2 in; ASTM A106 Gr.B,ASTM A106 Gr.B,1/2 in,6000 mm,,Bare,MTR,pipe/fitting,pipe,,,ASTM A106 Gr.B,1/2 in,,6000 mm,,,,,,,,ASTM A106 Gr.B; API 5L,API 5L; 1/2 in; ASTM A106 Gr.B,bare,,,seamless,,,Hindustan Mechanical,HIN-175-26,MTR,12,False,,COATING_FROM_STRUCTURED_FIELD; CONSTRUCTION_SEAMLESS; FAMILY_PIPE; GRADE_FROM_STRUCTURED_FIELD; LENGTH_FROM_FIELD; MANUFACTURER_FROM_FIELD; PART_NO_FROM_FIELD; SIZE_FRACTION_INCH; STANDARD_FROM_SPECIFICATION; TYPE_FROM_MATERIAL_TYPE; UNIT_FROM_FIELD,description; specification; structured_field
ONGC-468474,ONGC,HYD HOSE 1/2 in 1000 MM,hyd hose 1/2 in 1000 mm,Hoses,Hydraulic Hose,SAE 100 R2; 1/2 in; 1000 mm,Synthetic Rubber,1/2 in,1000 mm,,Rubber,MTR,hose,hydraulic hose,,synthetic rubber,Synthetic Rubber,1/2 in,,1000 mm,,,,,,,,SAE 100 R2,SAE 100 R2; 1/2 in; 1000 mm,rubber,,,,,,Larsen Engineering,LAR-112-21,MTR,12,False,,COATING_FROM_STRUCTURED_FIELD; FAMILY_HOSE; GRADE_FROM_STRUCTURED_FIELD; LENGTH_FROM_FIELD; MANUFACTURER_FROM_FIELD; MATERIAL_SYNTHETIC_RUBBER; PART_NO_FROM_FIELD; SIZE_FRACTION_INCH; STANDARD_FROM_SPECIFICATION; TYPE_FROM_MATERIAL_TYPE; UNIT_FROM_FIELD,description; specification; structured_field
IOCL-123138,IOCL,GATE VALVE 1 in API 600,gate valve 1 in api 600,Valves,Gate Valve,API 600; 1 in; ASTM A216 WCB,ASTM A216 WCB,1 in,,,Painted,NOS,valve,gate valve,,,ASTM A216 WCB,1 in,,,,,,,,,,ASTM A216 WCB; API 600,API 600; 1 in; ASTM A216 WCB,painted,,,,,,Bharat Industrial Works,BHA-110-41,NOS,10,False,,COATING_FROM_STRUCTURED_FIELD; FAMILY_VALVE; GRADE_FROM_STRUCTURED_FIELD; MANUFACTURER_FROM_FIELD; PART_NO_FROM_FIELD; SIZE_INCH; STANDARD_FROM_SPECIFICATION; TYPE_GATE_VALVE; UNIT_FROM_FIELD,description; specification; structured_field
IOCL-189820,IOCL,HEXAGONAL NUT M8 ZINC PLATED,hexagonal nut m8 zinc plated,Fasteners,Nut,IS 1364; M8; Zinc Plated,Carbon Steel,M8,,,Zinc Plated,NOS,fastener,nut,hex,carbon steel,Carbon Steel,M8,,,,,,,,,,IS 1364,IS 1364; M8; Zinc Plated,zinc plated,,,,,,Metro Pumps & Valves,MET-706-73,NOS,12,False,,COATING_FROM_STRUCTURED_FIELD; FAMILY_FASTENER; GRADE_FROM_STRUCTURED_FIELD; MANUFACTURER_FROM_FIELD; MATERIAL_CARBON_STEEL; PART_NO_FROM_FIELD; SIZE_METRIC_BOLT; STANDARD_FROM_SPECIFICATION; SUBTYPE_HEX; TYPE_FROM_MATERIAL_TYPE; UNIT_FROM_FIELD,description; specification; structured_field
IOCL-683834,IOCL,WELD NECK FLANGE 6 in ASME B16.5,weld neck flange 6 in asme b16.5,Pipes & Fittings,Flange,ASME B16.5; 6 in; ASTM A105,ASTM A105,6 in,,,Bare,MTR,flange,weld neck flange,,,ASTM A105,6 in,,,,,,,,,,ASTM A105; ASME B16.5,ASME B16.5; 6 in; ASTM A105,bare,weld neck,,,,,Eastern Cables,EAS-326-95,MTR,11,False,,COATING_FROM_STRUCTURED_FIELD; CONNECTION_WELD_NECK; FAMILY_FLANGE; GRADE_FROM_STRUCTURED_FIELD; MANUFACTURER_FROM_FIELD; PART_NO_FROM_FIELD; SIZE_INCH; STANDARD_FROM_SPECIFICATION; TYPE_WELDNECK_FLANGE; UNIT_FROM_FIELD,description; specification; structured_field
ONGC-564646,ONGC,M16 HEX NUT,m16 hexagonal nut,Fasteners,Nut,IS 1364; M16; Zinc Plated,Carbon Steel,M16,,,Zinc Plated,NOS,fastener,nut,hex,carbon steel,Carbon Steel,M16,,,,,,,,,,IS 1364,IS 1364; M16; Zinc Plated,zinc plated,,,,,,Apex Industrial Systems,APE-838-96,NOS,12,False,,COATING_FROM_STRUCTURED_FIELD; FAMILY_FASTENER; GRADE_FROM_STRUCTURED_FIELD; MANUFACTURER_FROM_FIELD; MATERIAL_CARBON_STEEL; PART_NO_FROM_FIELD; SIZE_METRIC_BOLT; STANDARD_FROM_SPECIFICATION; SUBTYPE_HEX; TYPE_FROM_MATERIAL_TYPE; UNIT_FROM_FIELD,description; specification; structured_field
HPCL-140188,HPCL,HEXAGONAL NUT M8 ZINC PLATED,hexagonal nut m8 zinc plated,Fasteners,Nut,IS 1364; M8; Zinc Plated,Carbon Steel,M8,,,Zinc Plated,NOS,fastener,nut,hex,carbon steel,Carbon Steel,M8,,,,,,,,,,IS 1364,IS 1364; M8; Zinc Plated,zinc plated,,,,,,Prime Electricals,PRI-725-98,NOS,12,False,,COATING_FROM_STRUCTURED_FIELD; FAMILY_FASTENER; GRADE_FROM_STRUCTURED_FIELD; MANUFACTURER_FROM_FIELD; MATERIAL_CARBON_STEEL; PART_NO_FROM_FIELD; SIZE_METRIC_BOLT; STANDARD_FROM_SPECIFICATION; SUBTYPE_HEX; TYPE_FROM_MATERIAL_TYPE; UNIT_FROM_FIELD,description; specification; structured_field
ONGC-197328,ONGC,WASHER M8 ZINC PLATED,washer m8 zinc plated,Fasteners,Washer,IS 2016; M8; Zinc Plated,Carbon Steel,M8,,,Zinc Plated,NOS,fastener,washer,,carbon steel,Carbon Steel,M8,,,,,,,,,,IS 2016,IS 2016; M8; Zinc Plated,zinc plated,,,,,,Metro Pumps & Valves,MET-801-74,NOS,11,False,,COATING_FROM_STRUCTURED_FIELD; FAMILY_FASTENER; GRADE_FROM_STRUCTURED_FIELD; MANUFACTURER_FROM_FIELD; MATERIAL_CARBON_STEEL; PART_NO_FROM_FIELD; SIZE_METRIC_BOLT; STANDARD_FROM_SPECIFICATION; TYPE_FROM_MATERIAL_TYPE; UNIT_FROM_FIELD,description; specification; structured_field
IOCL-239907,IOCL,SPIRAL GASKET 6 in,spiral gasket 6 in,Seals,Gasket,ASME B16.20; 6 in; Graphite/SS 316,Graphite/SS 316,6 in,,,SS,NOS,seal/gasket,gasket,,,Graphite/SS 316,6 in,,,,,,,,,,ASME B16.20,ASME B16.20; 6 in; Graphite/SS 316,stainless steel,,,,,,ABC Industrial Products,ABC-469-99,NOS,10,True,material_type: 'gasket' vs 'spiral wound gasket',COATING_FROM_STRUCTURED_FIELD; FAMILY_SEAL; GRADE_FROM_STRUCTURED_FIELD; MANUFACTURER_FROM_FIELD; PART_NO_FROM_FIELD; SIZE_INCH; STANDARD_FROM_SPECIFICATION; TYPE_FROM_MATERIAL_TYPE; UNIT_FROM_FIELD,description; specification; structured_field
HPCL-707500,HPCL,XLPE CABLE 2.5 sq mm,xlpe cable 2.5 sq mm,Electrical,Cable,IS 7098; 2.5 sq mm; 100 m,XLPE Copper,2.5 sq mm,100 mm,,PVC,MTR,electrical,cable,,xlpe,XLPE Copper,2.5 sq mm,,100 mm,,,,,,,,IS 7098,IS 7098; 2.5 sq mm; 100 m,pvc,,,,,,National Bearing Works,NAT-352-47,MTR,12,False,,COATING_FROM_STRUCTURED_FIELD; FAMILY_ELECTRICAL; GRADE_FROM_STRUCTURED_FIELD; LENGTH_FROM_FIELD; MANUFACTURER_FROM_FIELD; MATERIAL_XLPE; PART_NO_FROM_FIELD; SIZE_SQMM_CABLE; STANDARD_FROM_SPECIFICATION; TYPE_FROM_MATERIAL_TYPE; UNIT_FROM_FIELD,description; specification; structured_field
HPCL-512998,HPCL,GATE VALVE 4 in API 600,gate valve 4 in api 600,Valves,Gate Valve,API 600; 4 in; ASTM A216 WCB,ASTM A216 WCB,4 in,,,Painted,NOS,valve,gate valve,,,ASTM A216 WCB,4 in,,,,,,,,,,ASTM A216 WCB; API 600,API 600; 4 in; ASTM A216 WCB,painted,,,,,,Apex Industrial Systems,APE-165-10,NOS,10,False,,COATING_FROM_STRUCTURED_FIELD; FAMILY_VALVE; GRADE_FROM_STRUCTURED_FIELD; MANUFACTURER_FROM_FIELD; PART_NO_FROM_FIELD; SIZE_INCH; STANDARD_FROM_SPECIFICATION; TYPE_GATE_VALVE; UNIT_FROM_FIELD,description; specification; structured_field
IOCL-900270,IOCL,WELD NECK FLANGE 3 in ASTM A105,weld neck flange 3 in astm a105,Pipes & Fittings,Flange,ASME B16.5; 3 in; ASTM A105,ASTM A105,3 in,,,Bare,MTR,flange,weld neck flange,,,ASTM A105,3 in,,,,,,,,,,ASTM A105; ASME B16.5,ASME B16.5; 3 in; ASTM A105,bare,weld neck,,,,,Bharat Industrial Works,BHA-724-32,MTR,11,True,material_grade: 'ASTM A105' vs 'A105',COATING_FROM_STRUCTURED_FIELD; CONNECTION_WELD_NECK; FAMILY_FLANGE; GRADE_A105; MANUFACTURER_FROM_FIELD; PART_NO_FROM_FIELD; SIZE_INCH; STANDARD_FROM_SPECIFICATION; TYPE_WELDNECK_FLANGE; UNIT_FROM_FIELD,description; specification; structured_field
HPCL-477082,HPCL,90 DEGREE ELBOW 4 in ASTM A234 WPB,90 degree elbow 4 in astm a234 wpb,Pipes & Fittings,Elbow,ASME B16.9; 4 in; ASTM A234 WPB,ASTM A234 WPB,4 in,,,Bare,MTR,pipe/fitting,elbow,,,ASTM A234 WPB,4 in,,,,,,,,,90°,ASTM A234; ASME B16.9,ASME B16.9; 4 in; ASTM A234 WPB,bare,,,,,,Bharat Industrial Works,BHA-902-19,MTR,11,True,material_grade: 'ASTM A234 WPB' vs 'ASTM A234'; material_grade: 'ASTM A234 WPB' vs 'WPB',COATING_FROM_STRUCTURED_FIELD; ELBOW_ANGLE; FAMILY_FITTING; GRADE_FROM_STRUCTURED_FIELD; MANUFACTURER_FROM_FIELD; PART_NO_FROM_FIELD; SIZE_INCH; STANDARD_FROM_SPECIFICATION; TYPE_FROM_MATERIAL_TYPE; UNIT_FROM_FIELD,description; specification; structured_field
ONGC-571419,ONGC,FLANGE 4 in ASTM A105,flange 4 in astm a105,Pipes & Fittings,Flange,ASME B16.5; 4 in; ASTM A105,ASTM A105,4 in,,,Bare,MTR,pipe/fitting,flange,,,ASTM A105,4 in,,,,,,,,,,ASTM A105; ASME B16.5,ASME B16.5; 4 in; ASTM A105,bare,,,,,,ABC Industrial Products,ABC-473-16,MTR,10,True,material_grade: 'ASTM A105' vs 'A105',COATING_FROM_STRUCTURED_FIELD; FAMILY_PIPE; GRADE_A105; MANUFACTURER_FROM_FIELD; PART_NO_FROM_FIELD; SIZE_INCH; STANDARD_FROM_SPECIFICATION; TYPE_FROM_MATERIAL_TYPE; UNIT_FROM_FIELD,description; specification; structured_field
HPCL-951327,HPCL,PRESSURE INDICATOR 0-100 bar,pressure indicator 0-100 bar,Instrumentation,Pressure Gauge,EN 837-1; Range 0-100 bar,SS 304,0-100 bar,,,SS,NOS,instrumentation,pressure gauge,,stainless steel,SS 304,0-100 bar,,,,,,,,,,EN 837-1,EN 837-1; Range 0-100 bar,stainless steel,,,,,,Supreme Engineering,SUP-612-99,NOS,11,False,,COATING_FROM_STRUCTURED_FIELD; FAMILY_INSTRUMENTATION; GRADE_FROM_STRUCTURED_FIELD; MANUFACTURER_FROM_FIELD; MATERIAL_STAINLESS_STEEL; PART_NO_FROM_FIELD; SIZE_PRESSURE_RANGE; STANDARD_FROM_SPECIFICATION; TYPE_FROM_MATERIAL_TYPE; UNIT_FROM_FIELD,description; specification; structured_field
HPCL-351142,HPCL,WELD NECK FLANGE 6 in ASTM A105,weld neck flange 6 in astm a105,Pipes & Fittings,Flange,ASME B16.5; 6 in; ASTM A105,ASTM A105,6 in,,,Bare,MTR,flange,weld neck flange,,,ASTM A105,6 in,,,,,,,,,,ASTM A105; ASME B16.5,ASME B16.5; 6 in; ASTM A105,bare,weld neck,,,,,Hindustan Mechanical,HIN-194-16,MTR,11,True,material_grade: 'ASTM A105' vs 'A105',COATING_FROM_STRUCTURED_FIELD; CONNECTION_WELD_NECK; FAMILY_FLANGE; GRADE_A105; MANUFACTURER_FROM_FIELD; PART_NO_FROM_FIELD; SIZE_INCH; STANDARD_FROM_SPECIFICATION; TYPE_WELDNECK_FLANGE; UNIT_FROM_FIELD,description; specification; structured_field
ONGC-810562,ONGC,HEX NUT M10 GALVANIZED,hexagonal nut m10 galvanized,Fasteners,Nut,IS 1364; M10; Galvanized,Carbon Steel,M10,,,Galvanized,NOS,fastener,nut,hex,carbon steel,Carbon Steel,M10,,,,,,,,,,IS 1364,IS 1364; M10; Galvanized,galvanized,,,,,,ABC Industrial Products,ABC-455-69,NOS,12,False,,COATING_FROM_STRUCTURED_FIELD; FAMILY_FASTENER; GRADE_FROM_STRUCTURED_FIELD; MANUFACTURER_FROM_FIELD; MATERIAL_CARBON_STEEL; PART_NO_FROM_FIELD; SIZE_METRIC_BOLT; STANDARD_FROM_SPECIFICATION; SUBTYPE_HEX; TYPE_FROM_MATERIAL_TYPE; UNIT_FROM_FIELD,description; specification; structured_field
ONGC-166886,ONGC,SPIRAL GASKET 2 in,spiral gasket 2 in,Seals,Gasket,ASME B16.20; 2 in; Graphite/SS 316,Graphite/SS 316,2 in,,,SS,NOS,seal/gasket,gasket,,,Graphite/SS 316,2 in,,,,,,,,,,ASME B16.20,ASME B16.20; 2 in; Graphite/SS 316,stainless steel,,,,,,Larsen Engineering,LAR-699-76,NOS,10,True,material_type: 'gasket' vs 'spiral wound gasket',COATING_FROM_STRUCTURED_FIELD; FAMILY_SEAL; GRADE_FROM_STRUCTURED_FIELD; MANUFACTURER_FROM_FIELD; PART_NO_FROM_FIELD; SIZE_INCH; STANDARD_FROM_SPECIFICATION; TYPE_FROM_MATERIAL_TYPE; UNIT_FROM_FIELD,description; specification; structured_field
IOCL-124972,IOCL,RTD SENSOR 3-wire,rtd sensor 3-wire,Instrumentation,Temperature Sensor,IEC 60751; 3-wire; 500 mm,Pt100,3-wire,500 mm,6 mm,SS,NOS,instrumentation,temperature sensor,,,Pt100,3-wire,,500 mm,,,6 mm,,,,,IEC 60751,IEC 60751; 3-wire; 500 mm,stainless steel,,,,,,Eastern Cables,EAS-468-66,NOS,12,False,,COATING_FROM_STRUCTURED_FIELD; DIAMETER_FROM_FIELD; FAMILY_INSTRUMENTATION; GRADE_FROM_STRUCTURED_FIELD; LENGTH_FROM_FIELD; MANUFACTURER_FROM_FIELD; PART_NO_FROM_FIELD; SIZE_FROM_STRUCTURED_FIELD; STANDARD_FROM_SPECIFICATION; TYPE_FROM_MATERIAL_TYPE; UNIT_FROM_FIELD,specification; structured_field
CPCL-170282,CPCL,PT100 RTD 3-wire 300,pt100 rtd 3-wire 300,Instrumentation,Temperature Sensor,IEC 60751; 3-wire; 300 mm,Pt100,3-wire,300 mm,10 mm,SS,NOS,instrumentation,temperature sensor,,,Pt100,3-wire,,300 mm,,,10 mm,,,,,IEC 60751,IEC 60751; 3-wire; 300 mm,stainless steel,,,,,,Bharat Industrial Works,BHA-808-72,NOS,12,False,,COATING_FROM_STRUCTURED_FIELD; DIAMETER_FROM_FIELD; FAMILY_INSTRUMENTATION; GRADE_FROM_STRUCTURED_FIELD; LENGTH_FROM_FIELD; MANUFACTURER_FROM_FIELD; PART_NO_FROM_FIELD; SIZE_FROM_STRUCTURED_FIELD; STANDARD_FROM_SPECIFICATION; TYPE_FROM_MATERIAL_TYPE; UNIT_FROM_FIELD,specification; structured_field
CPCL-130145,CPCL,SWG 3 in,swg 3 in,Seals,Gasket,ASME B16.20; 3 in; Graphite/SS 316,Graphite/SS 316,3 in,,,SS,NOS,seal/gasket,gasket,,,Graphite/SS 316,3 in,,,,,,,,,,ASME B16.20,ASME B16.20; 3 in; Graphite/SS 316,stainless steel,,,,,,ABC Industrial Products,ABC-958-16,NOS,10,False,,COATING_FROM_STRUCTURED_FIELD; FAMILY_SEAL; GRADE_FROM_STRUCTURED_FIELD; MANUFACTURER_FROM_FIELD; PART_NO_FROM_FIELD; SIZE_INCH; STANDARD_FROM_SPECIFICATION; TYPE_FROM_MATERIAL_TYPE; UNIT_FROM_FIELD,description; specification; structured_field
CPCL-622743,CPCL,INDUSTRIAL GEAR LUBRICANT EP 140,industrial gear lubricant ep 140,Lubricants,Lubricant,IS 10522; EP 140,Mineral Oil,EP 140,,,,LTR,lubricant,lubricant,,mineral oil,Mineral Oil,EP 140,,,,,,,,,,IS 10522,IS 10522; EP 140,,,,,,,Supreme Engineering,SUP-745-57,LTR,10,False,,FAMILY_LUBRICANT; GRADE_FROM_STRUCTURED_FIELD; MANUFACTURER_FROM_FIELD; MATERIAL_MINERAL_OIL; PART_NO_FROM_FIELD; SIZE_VG_ISO_LUBE; STANDARD_FROM_SPECIFICATION; TYPE_FROM_MATERIAL_TYPE; UNIT_FROM_FIELD,description; specification; structured_field
IOCL-933715,IOCL,90 DEGREE ELBOW 4 in ASME B16.9,90 degree elbow 4 in asme b16.9,Pipes & Fittings,Elbow,ASME B16.9; 4 in; ASTM A234 WPB,ASTM A234 WPB,4 in,,,Bare,MTR,pipe/fitting,elbow,,,ASTM A234 WPB,4 in,,,,,,,,,90°,ASTM A234; ASME B16.9,ASME B16.9; 4 in; ASTM A234 WPB,bare,,,,,,Hindustan Mechanical,HIN-318-87,MTR,11,False,,COATING_FROM_STRUCTURED_FIELD; ELBOW_ANGLE; FAMILY_FITTING; GRADE_FROM_STRUCTURED_FIELD; MANUFACTURER_FROM_FIELD; PART_NO_FROM_FIELD; SIZE_INCH; STANDARD_FROM_SPECIFICATION; TYPE_FROM_MATERIAL_TYPE; UNIT_FROM_FIELD,description; specification; structured_field
CPCL-455820,CPCL,HEXAGONAL NUT M10 GALVANIZED,hexagonal nut m10 galvanized,Fasteners,Nut,IS 1364; M10; Galvanized,Carbon Steel,M10,,,Galvanized,NOS,fastener,nut,hex,carbon steel,Carbon Steel,M10,,,,,,,,,,IS 1364,IS 1364; M10; Galvanized,galvanized,,,,,,Hindustan Mechanical,HIN-519-48,NOS,12,False,,COATING_FROM_STRUCTURED_FIELD; FAMILY_FASTENER; GRADE_FROM_STRUCTURED_FIELD; MANUFACTURER_FROM_FIELD; MATERIAL_CARBON_STEEL; PART_NO_FROM_FIELD; SIZE_METRIC_BOLT; STANDARD_FROM_SPECIFICATION; SUBTYPE_HEX; TYPE_FROM_MATERIAL_TYPE; UNIT_FROM_FIELD,description; specification; structured_field
IOCL-790470,IOCL,RTD SENSOR 3-wire,rtd sensor 3-wire,Instrumentation,Temperature Sensor,IEC 60751; 3-wire; 150 mm,Pt100,3-wire,150 mm,6 mm,SS,NOS,instrumentation,temperature sensor,,,Pt100,3-wire,,150 mm,,,6 mm,,,,,IEC 60751,IEC 60751; 3-wire; 150 mm,stainless steel,,,,,,Apex Industrial Systems,APE-307-84,NOS,12,False,,COATING_FROM_STRUCTURED_FIELD; DIAMETER_FROM_FIELD; FAMILY_INSTRUMENTATION; GRADE_FROM_STRUCTURED_FIELD; LENGTH_FROM_FIELD; MANUFACTURER_FROM_FIELD; PART_NO_FROM_FIELD; SIZE_FROM_STRUCTURED_FIELD; STANDARD_FROM_SPECIFICATION; TYPE_FROM_MATERIAL_TYPE; UNIT_FROM_FIELD,specification; structured_field
ONGC-373356,ONGC,HYDRAULIC HOSE 1 in,hydraulic hose 1 in,Hoses,Hydraulic Hose,SAE 100 R2; 1 in; 5000 mm,Synthetic Rubber,1 in,5000 mm,,Rubber,MTR,hose,hydraulic hose,,synthetic rubber,Synthetic Rubber,1 in,,5000 mm,,,,,,,,SAE 100 R2,SAE 100 R2; 1 in; 5000 mm,rubber,,,,,,Eastern Cables,EAS-840-57,MTR,12,False,,COATING_FROM_STRUCTURED_FIELD; FAMILY_HOSE; GRADE_FROM_STRUCTURED_FIELD; LENGTH_FROM_FIELD; MANUFACTURER_FROM_FIELD; MATERIAL_SYNTHETIC_RUBBER; PART_NO_FROM_FIELD; SIZE_INCH; STANDARD_FROM_SPECIFICATION; TYPE_FROM_MATERIAL_TYPE; UNIT_FROM_FIELD,description; specification; structured_field
CPCL-724982,CPCL,EP GEAR OIL ISO VG 220,ep gear oil iso vg 220,Lubricants,Lubricant,IS 10522; ISO VG 220,Mineral Oil,ISO VG 220,,,,LTR,lubricant,lubricant,,mineral oil,Mineral Oil,ISO VG 220,,,,,,,,,,ISO VG 220; IS 10522,IS 10522; ISO VG 220,,,,,,,Prime Electricals,PRI-625-54,LTR,10,False,,FAMILY_LUBRICANT; GRADE_FROM_STRUCTURED_FIELD; MANUFACTURER_FROM_FIELD; MATERIAL_MINERAL_OIL; PART_NO_FROM_FIELD; SIZE_VG_ISO_LUBE; STANDARD_FROM_SPECIFICATION; TYPE_FROM_MATERIAL_TYPE; UNIT_FROM_FIELD,description; specification; structured_field
IOCL-996451,IOCL,PROCESS PUMP 50 mm,process pump 50 mm,Pumps,Centrifugal Pump,API 610; 50 mm; SS 316,SS 316,50 mm,,,Painted,NOS,pump,centrifugal pump,,stainless steel,SS 316,50 mm,,,,,,,,,,API 610,API 610; 50 mm; SS 316,painted,,,,,,Shree Valves & Fittings,SHR-251-82,NOS,11,False,,COATING_FROM_STRUCTURED_FIELD; FAMILY_PUMP; GRADE_FROM_STRUCTURED_FIELD; MANUFACTURER_FROM_FIELD; MATERIAL_STAINLESS_STEEL; PART_NO_FROM_FIELD; SIZE_MM; STANDARD_FROM_SPECIFICATION; TYPE_CENTRIFUGAL_PUMP; UNIT_FROM_FIELD,description; specification; structured_field
HPCL-509221,HPCL,ELBOW 6 in ASTM A234 WPB,elbow 6 in astm a234 wpb,Pipes & Fittings,Elbow,ASME B16.9; 6 in; ASTM A234 WPB,ASTM A234 WPB,6 in,,,Bare,MTR,pipe/fitting,elbow,,,ASTM A234 WPB,6 in,,,,,,,,,,ASTM A234; ASME B16.9,ASME B16.9; 6 in; ASTM A234 WPB,bare,,,,,,Apex Industrial Systems,APE-321-78,MTR,10,True,material_grade: 'ASTM A234 WPB' vs 'ASTM A234'; material_grade: 'ASTM A234 WPB' vs 'WPB',COATING_FROM_STRUCTURED_FIELD; FAMILY_FITTING; GRADE_FROM_STRUCTURED_FIELD; MANUFACTURER_FROM_FIELD; PART_NO_FROM_FIELD; SIZE_INCH; STANDARD_FROM_SPECIFICATION; TYPE_FROM_MATERIAL_TYPE; UNIT_FROM_FIELD,description; specification; structured_field
ONGC-197069,ONGC,BOURDON PRESSURE GAUGE 0-25 bar,bourdon pressure gauge 0-25 bar,Instrumentation,Pressure Gauge,EN 837-1; Range 0-25 bar,SS 304,0-25 bar,,,SS,NOS,instrumentation,pressure gauge,,stainless steel,SS 304,0-25 bar,,,,,,,,,,EN 837-1,EN 837-1; Range 0-25 bar,stainless steel,,,,,,Eastern Cables,EAS-801-91,NOS,11,False,,COATING_FROM_STRUCTURED_FIELD; FAMILY_INSTRUMENTATION; GRADE_FROM_STRUCTURED_FIELD; MANUFACTURER_FROM_FIELD; MATERIAL_STAINLESS_STEEL; PART_NO_FROM_FIELD; SIZE_PRESSURE_RANGE; STANDARD_FROM_SPECIFICATION; TYPE_FROM_MATERIAL_TYPE; UNIT_FROM_FIELD,description; specification; structured_field
ONGC-406353,ONGC,BEARING NO 6203,bearing number 6203,Bearings,Ball Bearing,ISO 15; Bearing 6203,Chrome Steel,6203,,,,NOS,bearing,ball bearing,,chrome steel,Chrome Steel,6203,,,,,,,,,,ISO 15,ISO 15; Bearing 6203,,,,,,6203,Precision Fasteners,PRE-651-35,NOS,11,False,,BEARING_NUMBER; FAMILY_BEARING; GRADE_FROM_STRUCTURED_FIELD; MANUFACTURER_FROM_FIELD; MATERIAL_CHROME_STEEL; PART_NO_FROM_FIELD; SIZE_FROM_STRUCTURED_FIELD; STANDARD_FROM_SPECIFICATION; TYPE_BALL_BEARING; UNIT_FROM_FIELD,description; specification; structured_field
ONGC-655493,ONGC,CENTRIFUGAL PUMP 40 mm SS 316,centrifugal pump 40 mm stainless steel 316,Pumps,Centrifugal Pump,API 610; 40 mm; SS 316,SS 316,40 mm,,,Painted,NOS,pump,centrifugal pump,,stainless steel,SS 316,40 mm,,,,,,,,,,API 610,API 610; 40 mm; SS 316,painted,,,,,,Precision Fasteners,PRE-575-81,NOS,11,False,,COATING_FROM_STRUCTURED_FIELD; FAMILY_PUMP; GRADE_SS316; MANUFACTURER_FROM_FIELD; MATERIAL_STAINLESS_STEEL; PART_NO_FROM_FIELD; SIZE_MM; STANDARD_FROM_SPECIFICATION; TYPE_CENTRIFUGAL_PUMP; UNIT_FROM_FIELD,description; specification; structured_field
CPCL-379059,CPCL,SEAMLESS STEEL PIPE 6 in ASTM A106 Gr.B,seamless steel pipe 6 in astm a106 gr.b,Pipes & Fittings,Pipe,API 5L; 6 in; ASTM A106 Gr.B,ASTM A106 Gr.B,6 in,6000 mm,,Black,MTR,pipe/fitting,pipe,,,ASTM A106 Gr.B,6 in,,6000 mm,,,,,,,,ASTM A106 Gr.B; API 5L,API 5L; 6 in; ASTM A106 Gr.B,black,,,seamless,,,National Bearing Works,NAT-174-42,MTR,12,True,material_grade: 'ASTM A106 Gr.B' vs 'ASTM A106 GR.B'; material_grade: 'ASTM A106 Gr.B' vs 'A106',COATING_FROM_STRUCTURED_FIELD; CONSTRUCTION_SEAMLESS; FAMILY_PIPE; GRADE_FROM_STRUCTURED_FIELD; LENGTH_FROM_FIELD; MANUFACTURER_FROM_FIELD; PART_NO_FROM_FIELD; SIZE_INCH; STANDARD_FROM_SPECIFICATION; TYPE_FROM_MATERIAL_TYPE; UNIT_FROM_FIELD,description; specification; structured_field
CPCL-675154,CPCL,SAFETY VALVE 4 in,safety valve 4 in,Safety,Safety Valve,API 526; 4 in; SS 316,SS 316,4 in,,,SS,NOS,safety,safety valve,,stainless steel,SS 316,4 in,,,,,,,,,,API 526,API 526; 4 in; SS 316,stainless steel,,,,,,Precision Fasteners,PRE-570-57,NOS,11,True,material_family: 'safety' vs 'valve',COATING_FROM_STRUCTURED_FIELD; FAMILY_SAFETY; GRADE_FROM_STRUCTURED_FIELD; MANUFACTURER_FROM_FIELD; MATERIAL_STAINLESS_STEEL; PART_NO_FROM_FIELD; SIZE_INCH; STANDARD_FROM_SPECIFICATION; TYPE_SAFETY_VALVE; UNIT_FROM_FIELD,description; specification; structured_field
HPCL-411707,HPCL,HYDRAULIC HOSE 1-1/2 in,hydraulic hose 1-1/2 in,Hoses,Hydraulic Hose,SAE 100 R2; 1-1/2 in; 5000 mm,Synthetic Rubber,1-1/2 in,5000 mm,,Rubber,MTR,hose,hydraulic hose,,synthetic rubber,Synthetic Rubber,1-1/2 in,,5000 mm,,,,,,,,SAE 100 R2,SAE 100 R2; 1-1/2 in; 5000 mm,rubber,,,,,,Bharat Industrial Works,BHA-339-39,MTR,12,False,,COATING_FROM_STRUCTURED_FIELD; FAMILY_HOSE; GRADE_FROM_STRUCTURED_FIELD; LENGTH_FROM_FIELD; MANUFACTURER_FROM_FIELD; MATERIAL_SYNTHETIC_RUBBER; PART_NO_FROM_FIELD; SIZE_FRACTION_INCH; STANDARD_FROM_SPECIFICATION; TYPE_FROM_MATERIAL_TYPE; UNIT_FROM_FIELD,description; specification; structured_field
ONGC-997405,ONGC,GLOBE VALVE FLANGED 4 in,globe valve flanged 4 in,Valves,Globe Valve,API 623; 4 in; ASTM A216 WCB,ASTM A216 WCB,4 in,,,Painted,NOS,valve,globe valve,,,ASTM A216 WCB,4 in,,,,,,,,,,ASTM A216 WCB; API 623,API 623; 4 in; ASTM A216 WCB,painted,flanged,,,,,Prime Electricals,PRI-469-34,NOS,11,False,,COATING_FROM_STRUCTURED_FIELD; CONNECTION_FLANGED; FAMILY_VALVE; GRADE_FROM_STRUCTURED_FIELD; MANUFACTURER_FROM_FIELD; PART_NO_FROM_FIELD; SIZE_INCH; STANDARD_FROM_SPECIFICATION; TYPE_GLOBE_VALVE; UNIT_FROM_FIELD,description; specification; structured_field
IOCL-318049,IOCL,HYD HOSE 3/4 in 5000 MM,hyd hose 3/4 in 5000 mm,Hoses,Hydraulic Hose,SAE 100 R2; 3/4 in; 5000 mm,Synthetic Rubber,3/4 in,5000 mm,,Rubber,MTR,hose,hydraulic hose,,synthetic rubber,Synthetic Rubber,3/4 in,,5000 mm,,,,,,,,SAE 100 R2,SAE 100 R2; 3/4 in; 5000 mm,rubber,,,,,,Apex Industrial Systems,APE-751-68,MTR,12,False,,COATING_FROM_STRUCTURED_FIELD; FAMILY_HOSE; GRADE_FROM_STRUCTURED_FIELD; LENGTH_FROM_FIELD; MANUFACTURER_FROM_FIELD; MATERIAL_SYNTHETIC_RUBBER; PART_NO_FROM_FIELD; SIZE_FRACTION_INCH; STANDARD_FROM_SPECIFICATION; TYPE_FROM_MATERIAL_TYPE; UNIT_FROM_FIELD,description; specification; structured_field
IOCL-204911,IOCL,HRC CARTRIDGE 10 A,high rupturing capacity cartridge 10 a,Electrical,Fuse,IS 13703; 10 A,Ceramic,10 A,,,,MTR,electrical,fuse,,,Ceramic,10 A,,,,,,,,,,IS 13703,IS 13703; 10 A,,,,,,,Supreme Engineering,SUP-565-54,MTR,9,False,,FAMILY_ELECTRICAL; GRADE_FROM_STRUCTURED_FIELD; MANUFACTURER_FROM_FIELD; PART_NO_FROM_FIELD; SIZE_FROM_STRUCTURED_FIELD; STANDARD_FROM_SPECIFICATION; TYPE_FROM_MATERIAL_TYPE; UNIT_FROM_FIELD,description; specification; structured_field
IOCL-688812,IOCL,HEX NUT M20 GALVANIZED,hexagonal nut m20 galvanized,Fasteners,Nut,IS 1364; M20; Galvanized,Carbon Steel,M20,,,Galvanized,NOS,fastener,nut,hex,carbon steel,Carbon Steel,M20,,,,,,,,,,IS 1364,IS 1364; M20; Galvanized,galvanized,,,,,,Prime Electricals,PRI-702-25,NOS,12,False,,COATING_FROM_STRUCTURED_FIELD; FAMILY_FASTENER; GRADE_FROM_STRUCTURED_FIELD; MANUFACTURER_FROM_FIELD; MATERIAL_CARBON_STEEL; PART_NO_FROM_FIELD; SIZE_METRIC_BOLT; STANDARD_FROM_SPECIFICATION; SUBTYPE_HEX; TYPE_FROM_MATERIAL_TYPE; UNIT_FROM_FIELD,description; specification; structured_field
IOCL-839964,IOCL,HORIZONTAL CENTRIFUGAL PUMP 100 mm,horizontal centrifugal pump 100 mm,Pumps,Centrifugal Pump,API 610; 100 mm; SS 316,SS 316,100 mm,,,Painted,NOS,pump,centrifugal pump,,stainless steel,SS 316,100 mm,,,,,,,,,,API 610,API 610; 100 mm; SS 316,painted,,,,horizontal,,Larsen Engineering,LAR-272-10,NOS,12,False,,COATING_FROM_STRUCTURED_FIELD; FAMILY_PUMP; GRADE_FROM_STRUCTURED_FIELD; MANUFACTURER_FROM_FIELD; MATERIAL_STAINLESS_STEEL; ORIENTATION_HORIZONTAL; PART_NO_FROM_FIELD; SIZE_MM; STANDARD_FROM_SPECIFICATION; TYPE_CENTRIFUGAL_PUMP; UNIT_FROM_FIELD,description; specification; structured_field
ONGC-666579,ONGC,PRESSURE SAFETY VALVE 1 in,pressure safety valve 1 in,Safety,Safety Valve,API 526; 1 in; SS 316,SS 316,1 in,,,SS,NOS,safety,safety valve,,stainless steel,SS 316,1 in,,,,,,,,,,API 526,API 526; 1 in; SS 316,stainless steel,,,,,,ABC Industrial Products,ABC-405-91,NOS,11,True,material_family: 'safety' vs 'valve',COATING_FROM_STRUCTURED_FIELD; FAMILY_SAFETY; GRADE_FROM_STRUCTURED_FIELD; MANUFACTURER_FROM_FIELD; MATERIAL_STAINLESS_STEEL; PART_NO_FROM_FIELD; SIZE_INCH; STANDARD_FROM_SPECIFICATION; TYPE_SAFETY_VALVE; UNIT_FROM_FIELD,description; specification; structured_field
IOCL-685011,IOCL,DEEP GROOVE BEARING 6205,deep groove bearing 6205,Bearings,Ball Bearing,ISO 15; Bearing 6205,Chrome Steel,6205,,,,NOS,bearing,ball bearing,deep groove,chrome steel,Chrome Steel,6205,,,,,,,,,,ISO 15,ISO 15; Bearing 6205,,,,,,6205,Eastern Cables,EAS-209-19,NOS,12,False,,BEARING_NUMBER; FAMILY_BEARING; GRADE_FROM_STRUCTURED_FIELD; MANUFACTURER_FROM_FIELD; MATERIAL_CHROME_STEEL; PART_NO_FROM_FIELD; SIZE_FROM_STRUCTURED_FIELD; STANDARD_FROM_SPECIFICATION; SUBTYPE_DEEP_GROOVE; TYPE_BALL_BEARING; UNIT_FROM_FIELD,description; specification; structured_field
HPCL-157120,HPCL,EP GEAR OIL ISO VG 320,ep gear oil iso vg 320,Lubricants,Lubricant,IS 10522; ISO VG 320,Mineral Oil,ISO VG 320,,,,LTR,lubricant,lubricant,,mineral oil,Mineral Oil,ISO VG 320,,,,,,,,,,ISO VG 320; IS 10522,IS 10522; ISO VG 320,,,,,,,National Bearing Works,NAT-342-93,LTR,10,False,,FAMILY_LUBRICANT; GRADE_FROM_STRUCTURED_FIELD; MANUFACTURER_FROM_FIELD; MATERIAL_MINERAL_OIL; PART_NO_FROM_FIELD; SIZE_VG_ISO_LUBE; STANDARD_FROM_SPECIFICATION; TYPE_FROM_MATERIAL_TYPE; UNIT_FROM_FIELD,description; specification; structured_field
ONGC-513735,ONGC,SAFETY VALVE 1 in,safety valve 1 in,Safety,Safety Valve,API 526; 1 in; SS 316,SS 316,1 in,,,SS,NOS,safety,safety valve,,stainless steel,SS 316,1 in,,,,,,,,,,API 526,API 526; 1 in; SS 316,stainless steel,,,,,,Eastern Cables,EAS-223-67,NOS,11,True,material_family: 'safety' vs 'valve',COATING_FROM_STRUCTURED_FIELD; FAMILY_SAFETY; GRADE_FROM_STRUCTURED_FIELD; MANUFACTURER_FROM_FIELD; MATERIAL_STAINLESS_STEEL; PART_NO_FROM_FIELD; SIZE_INCH; STANDARD_FROM_SPECIFICATION; TYPE_SAFETY_VALVE; UNIT_FROM_FIELD,description; specification; structured_field
CPCL-915512,CPCL,SEAMLESS STEEL PIPE 1/2 in API 5L,seamless steel pipe 1/2 in api 5l,Pipes & Fittings,Pipe,API 5L; 1/2 in; ASTM A106 Gr.B,ASTM A106 Gr.B,1/2 in,6000 mm,,Bare,MTR,pipe/fitting,pipe,,,ASTM A106 Gr.B,1/2 in,,6000 mm,,,,,,,,ASTM A106 Gr.B; API 5L,API 5L; 1/2 in; ASTM A106 Gr.B,bare,,,seamless,,,ABC Industrial Products,ABC-718-81,MTR,12,False,,COATING_FROM_STRUCTURED_FIELD; CONSTRUCTION_SEAMLESS; FAMILY_PIPE; GRADE_FROM_STRUCTURED_FIELD; LENGTH_FROM_FIELD; MANUFACTURER_FROM_FIELD; PART_NO_FROM_FIELD; SIZE_FRACTION_INCH; STANDARD_FROM_SPECIFICATION; TYPE_FROM_MATERIAL_TYPE; UNIT_FROM_FIELD,description; specification; structured_field
HPCL-800623,HPCL,WASHER M16 ZINC PLATED,washer m16 zinc plated,Fasteners,Washer,IS 2016; M16; Zinc Plated,Carbon Steel,M16,,,Zinc Plated,NOS,fastener,washer,,carbon steel,Carbon Steel,M16,,,,,,,,,,IS 2016,IS 2016; M16; Zinc Plated,zinc plated,,,,,,Precision Fasteners,PRE-194-59,NOS,11,False,,COATING_FROM_STRUCTURED_FIELD; FAMILY_FASTENER; GRADE_FROM_STRUCTURED_FIELD; MANUFACTURER_FROM_FIELD; MATERIAL_CARBON_STEEL; PART_NO_FROM_FIELD; SIZE_METRIC_BOLT; STANDARD_FROM_SPECIFICATION; TYPE_FROM_MATERIAL_TYPE; UNIT_FROM_FIELD,description; specification; structured_field
IOCL-931024,IOCL,INDUSTRIAL GEAR LUBRICANT EP 140,industrial gear lubricant ep 140,Lubricants,Lubricant,IS 10522; EP 140,Mineral Oil,EP 140,,,,LTR,lubricant,lubricant,,mineral oil,Mineral Oil,EP 140,,,,,,,,,,IS 10522,IS 10522; EP 140,,,,,,,Eastern Cables,EAS-295-95,LTR,10,False,,FAMILY_LUBRICANT; GRADE_FROM_STRUCTURED_FIELD; MANUFACTURER_FROM_FIELD; MATERIAL_MINERAL_OIL; PART_NO_FROM_FIELD; SIZE_VG_ISO_LUBE; STANDARD_FROM_SPECIFICATION; TYPE_FROM_MATERIAL_TYPE; UNIT_FROM_FIELD,description; specification; structured_field
HPCL-603557,HPCL,HIGH PRESSURE HYDRAULIC HOSE 1/2 in,high pressure hydraulic hose 1/2 in,Hoses,Hydraulic Hose,SAE 100 R2; 1/2 in; 5000 mm,Synthetic Rubber,1/2 in,5000 mm,,Rubber,MTR,hose,hydraulic hose,,synthetic rubber,Synthetic Rubber,1/2 in,,5000 mm,,,,,,,,SAE 100 R2,SAE 100 R2; 1/2 in; 5000 mm,rubber,,,,,,Supreme Engineering,SUP-309-97,MTR,12,False,,COATING_FROM_STRUCTURED_FIELD; FAMILY_HOSE; GRADE_FROM_STRUCTURED_FIELD; LENGTH_FROM_FIELD; MANUFACTURER_FROM_FIELD; MATERIAL_SYNTHETIC_RUBBER; PART_NO_FROM_FIELD; SIZE_FRACTION_INCH; STANDARD_FROM_SPECIFICATION; TYPE_FROM_MATERIAL_TYPE; UNIT_FROM_FIELD,description; specification; structured_field
IOCL-448207,IOCL,FLOATING BALL VALVE 2 in SS 316,floating ball valve 2 in stainless steel 316,Valves,Ball Valve,API 608; 2 in; SS 316,SS 316,2 in,,,SS,NOS,valve,ball valve,,stainless steel,SS 316,2 in,,,,,,,,,,API 608,API 608; 2 in; SS 316,stainless steel,,,floating,,,Eastern Cables,EAS-324-13,NOS,12,False,,COATING_FROM_STRUCTURED_FIELD; CONSTRUCTION_FLOATING; FAMILY_VALVE; GRADE_SS316; MANUFACTURER_FROM_FIELD; MATERIAL_STAINLESS_STEEL; PART_NO_FROM_FIELD; SIZE_INCH; STANDARD_FROM_SPECIFICATION; TYPE_BALL_VALVE; UNIT_FROM_FIELD,description; specification; structured_field
ONGC-248158,ONGC,GLOBE VALVE 4 in API 623,globe valve 4 in api 623,Valves,Globe Valve,API 623; 4 in; ASTM A216 WCB,ASTM A216 WCB,4 in,,,Painted,NOS,valve,globe valve,,,ASTM A216 WCB,4 in,,,,,,,,,,ASTM A216 WCB; API 623,API 623; 4 in; ASTM A216 WCB,painted,,,,,,Prime Electricals,PRI-702-44,NOS,10,False,,COATING_FROM_STRUCTURED_FIELD; FAMILY_VALVE; GRADE_FROM_STRUCTURED_FIELD; MANUFACTURER_FROM_FIELD; PART_NO_FROM_FIELD; SIZE_INCH; STANDARD_FROM_SPECIFICATION; TYPE_GLOBE_VALVE; UNIT_FROM_FIELD,description; specification; structured_field
IOCL-633498,IOCL,PRESSURE SAFETY VALVE 4 in,pressure safety valve 4 in,Safety,Safety Valve,API 526; 4 in; SS 316,SS 316,4 in,,,SS,NOS,safety,safety valve,,stainless steel,SS 316,4 in,,,,,,,,,,API 526,API 526; 4 in; SS 316,stainless steel,,,,,,Prime Electricals,PRI-905-88,NOS,11,True,material_family: 'safety' vs 'valve',COATING_FROM_STRUCTURED_FIELD; FAMILY_SAFETY; GRADE_FROM_STRUCTURED_FIELD; MANUFACTURER_FROM_FIELD; MATERIAL_STAINLESS_STEEL; PART_NO_FROM_FIELD; SIZE_INCH; STANDARD_FROM_SPECIFICATION; TYPE_SAFETY_VALVE; UNIT_FROM_FIELD,description; specification; structured_field
ONGC-974233,ONGC,FLAT WASHER M10,flat washer m10,Fasteners,Washer,IS 2016; M10; Zinc Plated,Carbon Steel,M10,,,Zinc Plated,NOS,fastener,washer,,carbon steel,Carbon Steel,M10,,,,,,,,,,IS 2016,IS 2016; M10; Zinc Plated,zinc plated,,,,,,National Bearing Works,NAT-324-25,NOS,11,False,,COATING_FROM_STRUCTURED_FIELD; FAMILY_FASTENER; GRADE_FROM_STRUCTURED_FIELD; MANUFACTURER_FROM_FIELD; MATERIAL_CARBON_STEEL; PART_NO_FROM_FIELD; SIZE_METRIC_BOLT; STANDARD_FROM_SPECIFICATION; TYPE_FROM_MATERIAL_TYPE; UNIT_FROM_FIELD,description; specification; structured_field
IOCL-193976,IOCL,WELD NECK FLANGE 1 in ASME B16.5,weld neck flange 1 in asme b16.5,Pipes & Fittings,Flange,ASME B16.5; 1 in; ASTM A105,ASTM A105,1 in,,,Bare,MTR,flange,weld neck flange,,,ASTM A105,1 in,,,,,,,,,,ASTM A105; ASME B16.5,ASME B16.5; 1 in; ASTM A105,bare,weld neck,,,,,Shree Valves & Fittings,SHR-222-25,MTR,11,False,,COATING_FROM_STRUCTURED_FIELD; CONNECTION_WELD_NECK; FAMILY_FLANGE; GRADE_FROM_STRUCTURED_FIELD; MANUFACTURER_FROM_FIELD; PART_NO_FROM_FIELD; SIZE_INCH; STANDARD_FROM_SPECIFICATION; TYPE_WELDNECK_FLANGE; UNIT_FROM_FIELD,description; specification; structured_field
CPCL-976568,CPCL,ELBOW 4 in ASTM A234 WPB,elbow 4 in astm a234 wpb,Pipes & Fittings,Elbow,ASME B16.9; 4 in; ASTM A234 WPB,ASTM A234 WPB,4 in,,,Bare,MTR,pipe/fitting,elbow,,,ASTM A234 WPB,4 in,,,,,,,,,,ASTM A234; ASME B16.9,ASME B16.9; 4 in; ASTM A234 WPB,bare,,,,,,Eastern Cables,EAS-279-62,MTR,10,True,material_grade: 'ASTM A234 WPB' vs 'ASTM A234'; material_grade: 'ASTM A234 WPB' vs 'WPB',COATING_FROM_STRUCTURED_FIELD; FAMILY_FITTING; GRADE_FROM_STRUCTURED_FIELD; MANUFACTURER_FROM_FIELD; PART_NO_FROM_FIELD; SIZE_INCH; STANDARD_FROM_SPECIFICATION; TYPE_FROM_MATERIAL_TYPE; UNIT_FROM_FIELD,description; specification; structured_field
IOCL-668155,IOCL,GEAR OIL ISO VG 320,gear oil iso vg 320,Lubricants,Lubricant,IS 10522; ISO VG 320,Mineral Oil,ISO VG 320,,,,LTR,lubricant,lubricant,,mineral oil,Mineral Oil,ISO VG 320,,,,,,,,,,ISO VG 320; IS 10522,IS 10522; ISO VG 320,,,,,,,Precision Fasteners,PRE-570-15,LTR,10,False,,FAMILY_LUBRICANT; GRADE_FROM_STRUCTURED_FIELD; MANUFACTURER_FROM_FIELD; MATERIAL_MINERAL_OIL; PART_NO_FROM_FIELD; SIZE_VG_ISO_LUBE; STANDARD_FROM_SPECIFICATION; TYPE_FROM_MATERIAL_TYPE; UNIT_FROM_FIELD,description; specification; structured_field
ONGC-241972,ONGC,GEAR OIL ISO VG 220,gear oil iso vg 220,Lubricants,Lubricant,IS 10522; ISO VG 220,Mineral Oil,ISO VG 220,,,,LTR,lubricant,lubricant,,mineral oil,Mineral Oil,ISO VG 220,,,,,,,,,,ISO VG 220; IS 10522,IS 10522; ISO VG 220,,,,,,,National Bearing Works,NAT-137-44,LTR,10,False,,FAMILY_LUBRICANT; GRADE_FROM_STRUCTURED_FIELD; MANUFACTURER_FROM_FIELD; MATERIAL_MINERAL_OIL; PART_NO_FROM_FIELD; SIZE_VG_ISO_LUBE; STANDARD_FROM_SPECIFICATION; TYPE_FROM_MATERIAL_TYPE; UNIT_FROM_FIELD,description; specification; structured_field
HPCL-738635,HPCL,XLPE CABLE 1.5 sq mm,xlpe cable 1.5 sq mm,Electrical,Cable,IS 7098; 1.5 sq mm; 1000 m,XLPE Copper,1.5 sq mm,1000 mm,,PVC,MTR,electrical,cable,,xlpe,XLPE Copper,1.5 sq mm,,1000 mm,,,,,,,,IS 7098,IS 7098; 1.5 sq mm; 1000 m,pvc,,,,,,Hindustan Mechanical,HIN-403-20,MTR,12,False,,COATING_FROM_STRUCTURED_FIELD; FAMILY_ELECTRICAL; GRADE_FROM_STRUCTURED_FIELD; LENGTH_FROM_FIELD; MANUFACTURER_FROM_FIELD; MATERIAL_XLPE; PART_NO_FROM_FIELD; SIZE_SQMM_CABLE; STANDARD_FROM_SPECIFICATION; TYPE_FROM_MATERIAL_TYPE; UNIT_FROM_FIELD,description; specification; structured_field
HPCL-188317,HPCL,INDUSTRIAL GEAR LUBRICANT EP 90,industrial gear lubricant ep 90,Lubricants,Lubricant,IS 10522; EP 90,Mineral Oil,EP 90,,,,LTR,lubricant,lubricant,,mineral oil,Mineral Oil,EP 90,,,,,,,,,,IS 10522,IS 10522; EP 90,,,,,,,Supreme Engineering,SUP-925-56,LTR,10,False,,FAMILY_LUBRICANT; GRADE_FROM_STRUCTURED_FIELD; MANUFACTURER_FROM_FIELD; MATERIAL_MINERAL_OIL; PART_NO_FROM_FIELD; SIZE_VG_ISO_LUBE; STANDARD_FROM_SPECIFICATION; TYPE_FROM_MATERIAL_TYPE; UNIT_FROM_FIELD,description; specification; structured_field
IOCL-649993,IOCL,PIPE 1 in ASTM A106 Gr.B,pipe 1 in astm a106 gr.b,Pipes & Fittings,Pipe,API 5L; 1 in; ASTM A106 Gr.B,ASTM A106 Gr.B,1 in,6000 mm,,Black,MTR,pipe/fitting,pipe,,,ASTM A106 Gr.B,1 in,,6000 mm,,,,,,,,ASTM A106 Gr.B; API 5L,API 5L; 1 in; ASTM A106 Gr.B,black,,,,,,Prime Electricals,PRI-796-75,MTR,11,True,material_grade: 'ASTM A106 Gr.B' vs 'ASTM A106 GR.B'; material_grade: 'ASTM A106 Gr.B' vs 'A106',COATING_FROM_STRUCTURED_FIELD; FAMILY_PIPE; GRADE_FROM_STRUCTURED_FIELD; LENGTH_FROM_FIELD; MANUFACTURER_FROM_FIELD; PART_NO_FROM_FIELD; SIZE_INCH; STANDARD_FROM_SPECIFICATION; TYPE_FROM_MATERIAL_TYPE; UNIT_FROM_FIELD,description; specification; structured_field
HPCL-817837,HPCL,PT100 RTD 4-wire 150,pt100 rtd 4-wire 150,Instrumentation,Temperature Sensor,IEC 60751; 4-wire; 150 mm,Pt100,4-wire,150 mm,6 mm,SS,NOS,instrumentation,temperature sensor,,,Pt100,4-wire,,150 mm,,,6 mm,,,,,IEC 60751,IEC 60751; 4-wire; 150 mm,stainless steel,,,,,,Prime Electricals,PRI-324-53,NOS,12,False,,COATING_FROM_STRUCTURED_FIELD; DIAMETER_FROM_FIELD; FAMILY_INSTRUMENTATION; GRADE_FROM_STRUCTURED_FIELD; LENGTH_FROM_FIELD; MANUFACTURER_FROM_FIELD; PART_NO_FROM_FIELD; SIZE_FROM_STRUCTURED_FIELD; STANDARD_FROM_SPECIFICATION; TYPE_FROM_MATERIAL_TYPE; UNIT_FROM_FIELD,specification; structured_field
CPCL-625573,CPCL,HYD HOSE 1 in 5000 MM,hyd hose 1 in 5000 mm,Hoses,Hydraulic Hose,SAE 100 R2; 1 in; 5000 mm,Synthetic Rubber,1 in,5000 mm,,Rubber,MTR,hose,hydraulic hose,,synthetic rubber,Synthetic Rubber,1 in,,5000 mm,,,,,,,,SAE 100 R2,SAE 100 R2; 1 in; 5000 mm,rubber,,,,,,Apex Industrial Systems,APE-321-21,MTR,12,False,,COATING_FROM_STRUCTURED_FIELD; FAMILY_HOSE; GRADE_FROM_STRUCTURED_FIELD; LENGTH_FROM_FIELD; MANUFACTURER_FROM_FIELD; MATERIAL_SYNTHETIC_RUBBER; PART_NO_FROM_FIELD; SIZE_INCH; STANDARD_FROM_SPECIFICATION; TYPE_FROM_MATERIAL_TYPE; UNIT_FROM_FIELD,description; specification; structured_field
ONGC-221056,ONGC,HRC FUSE 5 A,high rupturing capacity fuse 5 a,Electrical,Fuse,IS 13703; 5 A,Ceramic,5 A,,,,MTR,electrical,fuse,,,Ceramic,5 A,,,,,,,,,,IS 13703,IS 13703; 5 A,,,,,,,Bharat Industrial Works,BHA-196-27,MTR,9,False,,FAMILY_ELECTRICAL; GRADE_FROM_STRUCTURED_FIELD; MANUFACTURER_FROM_FIELD; PART_NO_FROM_FIELD; SIZE_FROM_STRUCTURED_FIELD; STANDARD_FROM_SPECIFICATION; TYPE_FROM_MATERIAL_TYPE; UNIT_FROM_FIELD,description; specification; structured_field
CPCL-115133,CPCL,HEX NUT M10 GALVANIZED,hexagonal nut m10 galvanized,Fasteners,Nut,IS 1364; M10; Galvanized,Carbon Steel,M10,,,Galvanized,NOS,fastener,nut,hex,carbon steel,Carbon Steel,M10,,,,,,,,,,IS 1364,IS 1364; M10; Galvanized,galvanized,,,,,,Precision Fasteners,PRE-429-17,NOS,12,False,,COATING_FROM_STRUCTURED_FIELD; FAMILY_FASTENER; GRADE_FROM_STRUCTURED_FIELD; MANUFACTURER_FROM_FIELD; MATERIAL_CARBON_STEEL; PART_NO_FROM_FIELD; SIZE_METRIC_BOLT; STANDARD_FROM_SPECIFICATION; SUBTYPE_HEX; TYPE_FROM_MATERIAL_TYPE; UNIT_FROM_FIELD,description; specification; structured_field
HPCL-709363,HPCL,XLPE CABLE 10 sq mm,xlpe cable 10 sq mm,Electrical,Cable,IS 7098; 10 sq mm; 500 m,XLPE Aluminium,10 sq mm,500 mm,,PVC,MTR,electrical,cable,,xlpe,XLPE Aluminium,10 sq mm,,500 mm,,,,,,,,IS 7098,IS 7098; 10 sq mm; 500 m,pvc,,,,,,National Bearing Works,NAT-825-20,MTR,12,False,,COATING_FROM_STRUCTURED_FIELD; FAMILY_ELECTRICAL; GRADE_FROM_STRUCTURED_FIELD; LENGTH_FROM_FIELD; MANUFACTURER_FROM_FIELD; MATERIAL_XLPE; PART_NO_FROM_FIELD; SIZE_SQMM_CABLE; STANDARD_FROM_SPECIFICATION; TYPE_FROM_MATERIAL_TYPE; UNIT_FROM_FIELD,description; specification; structured_field
HPCL-293575,HPCL,BEARING NO 6207,bearing number 6207,Bearings,Ball Bearing,ISO 15; Bearing 6207,Chrome Steel,6207,,,,NOS,bearing,ball bearing,,chrome steel,Chrome Steel,6207,,,,,,,,,,ISO 15,ISO 15; Bearing 6207,,,,,,6207,Bharat Industrial Works,BHA-299-20,NOS,11,False,,BEARING_NUMBER; FAMILY_BEARING; GRADE_FROM_STRUCTURED_FIELD; MANUFACTURER_FROM_FIELD; MATERIAL_CHROME_STEEL; PART_NO_FROM_FIELD; SIZE_FROM_STRUCTURED_FIELD; STANDARD_FROM_SPECIFICATION; TYPE_BALL_BEARING; UNIT_FROM_FIELD,description; specification; structured_field
ONGC-630464,ONGC,HEXAGONAL NUT M16 ZINC PLATED,hexagonal nut m16 zinc plated,Fasteners,Nut,IS 1364; M16; Zinc Plated,Carbon Steel,M16,,,Zinc Plated,NOS,fastener,nut,hex,carbon steel,Carbon Steel,M16,,,,,,,,,,IS 1364,IS 1364; M16; Zinc Plated,zinc plated,,,,,,Larsen Engineering,LAR-260-83,NOS,12,False,,COATING_FROM_STRUCTURED_FIELD; FAMILY_FASTENER; GRADE_FROM_STRUCTURED_FIELD; MANUFACTURER_FROM_FIELD; MATERIAL_CARBON_STEEL; PART_NO_FROM_FIELD; SIZE_METRIC_BOLT; STANDARD_FROM_SPECIFICATION; SUBTYPE_HEX; TYPE_FROM_MATERIAL_TYPE; UNIT_FROM_FIELD,description; specification; structured_field
HPCL-720125,HPCL,RTD SENSOR 4-wire,rtd sensor 4-wire,Instrumentation,Temperature Sensor,IEC 60751; 4-wire; 300 mm,Pt100,4-wire,300 mm,8 mm,SS,NOS,instrumentation,temperature sensor,,,Pt100,4-wire,,300 mm,,,8 mm,,,,,IEC 60751,IEC 60751; 4-wire; 300 mm,stainless steel,,,,,,Bharat Industrial Works,BHA-361-43,NOS,12,False,,COATING_FROM_STRUCTURED_FIELD; DIAMETER_FROM_FIELD; FAMILY_INSTRUMENTATION; GRADE_FROM_STRUCTURED_FIELD; LENGTH_FROM_FIELD; MANUFACTURER_FROM_FIELD; PART_NO_FROM_FIELD; SIZE_FROM_STRUCTURED_FIELD; STANDARD_FROM_SPECIFICATION; TYPE_FROM_MATERIAL_TYPE; UNIT_FROM_FIELD,specification; structured_field
ONGC-272679,ONGC,POWER CABLE 1.5 sq mm XLPE Copper,power cable 1.5 sq mm xlpe copper,Electrical,Cable,IS 7098; 1.5 sq mm; 500 m,XLPE Copper,1.5 sq mm,500 mm,,PVC,MTR,electrical,cable,,xlpe,XLPE Copper,1.5 sq mm,,500 mm,,,,,,,,IS 7098,IS 7098; 1.5 sq mm; 500 m,pvc,,,,,,ABC Industrial Products,ABC-710-12,MTR,12,False,,COATING_FROM_STRUCTURED_FIELD; FAMILY_ELECTRICAL; GRADE_FROM_STRUCTURED_FIELD; LENGTH_FROM_FIELD; MANUFACTURER_FROM_FIELD; MATERIAL_XLPE; PART_NO_FROM_FIELD; SIZE_SQMM_CABLE; STANDARD_FROM_SPECIFICATION; TYPE_FROM_MATERIAL_TYPE; UNIT_FROM_FIELD,description; specification; structured_field
IOCL-520431,IOCL,HRC FUSE 32 A,high rupturing capacity fuse 32 a,Electrical,Fuse,IS 13703; 32 A,Ceramic,32 A,,,,MTR,electrical,fuse,,,Ceramic,32 A,,,,,,,,,,IS 13703,IS 13703; 32 A,,,,,,,Larsen Engineering,LAR-193-14,MTR,9,False,,FAMILY_ELECTRICAL; GRADE_FROM_STRUCTURED_FIELD; MANUFACTURER_FROM_FIELD; PART_NO_FROM_FIELD; SIZE_FROM_STRUCTURED_FIELD; STANDARD_FROM_SPECIFICATION; TYPE_FROM_MATERIAL_TYPE; UNIT_FROM_FIELD,description; specification; structured_field
HPCL-283091,HPCL,HORIZONTAL CENTRIFUGAL PUMP 40 mm,horizontal centrifugal pump 40 mm,Pumps,Centrifugal Pump,API 610; 40 mm; SS 316,SS 316,40 mm,,,Painted,NOS,pump,centrifugal pump,,stainless steel,SS 316,40 mm,,,,,,,,,,API 610,API 610; 40 mm; SS 316,painted,,,,horizontal,,Precision Fasteners,PRE-930-79,NOS,12,False,,COATING_FROM_STRUCTURED_FIELD; FAMILY_PUMP; GRADE_FROM_STRUCTURED_FIELD; MANUFACTURER_FROM_FIELD; MATERIAL_STAINLESS_STEEL; ORIENTATION_HORIZONTAL; PART_NO_FROM_FIELD; SIZE_MM; STANDARD_FROM_SPECIFICATION; TYPE_CENTRIFUGAL_PUMP; UNIT_FROM_FIELD,description; specification; structured_field
IOCL-251524,IOCL,HEXAGONAL NUT M10 GALVANIZED,hexagonal nut m10 galvanized,Fasteners,Nut,IS 1364; M10; Galvanized,Carbon Steel,M10,,,Galvanized,NOS,fastener,nut,hex,carbon steel,Carbon Steel,M10,,,,,,,,,,IS 1364,IS 1364; M10; Galvanized,galvanized,,,,,,Hindustan Mechanical,HIN-282-94,NOS,12,False,,COATING_FROM_STRUCTURED_FIELD; FAMILY_FASTENER; GRADE_FROM_STRUCTURED_FIELD; MANUFACTURER_FROM_FIELD; MATERIAL_CARBON_STEEL; PART_NO_FROM_FIELD; SIZE_METRIC_BOLT; STANDARD_FROM_SPECIFICATION; SUBTYPE_HEX; TYPE_FROM_MATERIAL_TYPE; UNIT_FROM_FIELD,description; specification; structured_field
CPCL-445987,CPCL,SAFETY VALVE 2 in,safety valve 2 in,Safety,Safety Valve,API 526; 2 in; SS 316,SS 316,2 in,,,SS,NOS,safety,safety valve,,stainless steel,SS 316,2 in,,,,,,,,,,API 526,API 526; 2 in; SS 316,stainless steel,,,,,,National Bearing Works,NAT-631-84,NOS,11,True,material_family: 'safety' vs 'valve',COATING_FROM_STRUCTURED_FIELD; FAMILY_SAFETY; GRADE_FROM_STRUCTURED_FIELD; MANUFACTURER_FROM_FIELD; MATERIAL_STAINLESS_STEEL; PART_NO_FROM_FIELD; SIZE_INCH; STANDARD_FROM_SPECIFICATION; TYPE_SAFETY_VALVE; UNIT_FROM_FIELD,description; specification; structured_field
HPCL-753096,HPCL,GATE VALVE FLANGED 6 in ASTM A216 WCB,gate valve flanged 6 in astm a216 wcb,Valves,Gate Valve,API 600; 6 in; ASTM A216 WCB,ASTM A216 WCB,6 in,,,Painted,NOS,valve,gate valve,,,ASTM A216 WCB,6 in,,,,,,,,,,ASTM A216 WCB; API 600,API 600; 6 in; ASTM A216 WCB,painted,flanged,,,,,ABC Industrial Products,ABC-355-93,NOS,11,True,material_grade: 'ASTM A216 WCB' vs 'WCB',COATING_FROM_STRUCTURED_FIELD; CONNECTION_FLANGED; FAMILY_VALVE; GRADE_A105; MANUFACTURER_FROM_FIELD; PART_NO_FROM_FIELD; SIZE_INCH; STANDARD_FROM_SPECIFICATION; TYPE_GATE_VALVE; UNIT_FROM_FIELD,description; specification; structured_field
