mapping_id,source_cpse,material_code,source_description,cmm_code,cmm_group_id,mapping_status,membership_type,confidence_score,confidence_semantics,mapping_method,mapping_reason,accepted_candidate_id,phase6_validation_status,phase7_review_decision,evidence_hash,canonical_material_key
d64f8196-75f2-528e-9b72-23b098b170a5,BHEL,BHEL-500001,6304 BRG BALL - Stainless Steel,CMM-BEARNG-98CF95-001,CMM-BEARNG-98CF95-001,MAPPED_VERIFIED,DIRECT_ACCEPTED,1.0,VERIFIED_CROSS_CPSE,HUMAN_ACCEPTED_HARMONIZATION,Verified cross-CPSE harmonization mapping supported by Phase 7 human review ACCEPT on candidate CAN-000063 with cryptographic evidence hash ...,CAN-000063,VALIDATED_COMPATIBLE,ACCEPT,,BEARING|BALL_BEARING|STAINLESS_STEEL|STAINLESS_STEEL|6304
58bec53d-16e3-5c48-ac56-966fb8a748e2,BHEL,BHEL-500002,XLPE Cable 4C x 25 sq mm XLPE Insulated,CMM-ELECTR-AD2D59-001,CMM-ELECTR-AD2D59-001,MAPPED_VERIFIED,DIRECT_ACCEPTED,1.0,VERIFIED_CROSS_CPSE,HUMAN_ACCEPTED_HARMONIZATION,Verified cross-CPSE harmonization mapping supported by Phase 7 human review ACCEPT on candidate CAN-000452 with cryptographic evidence hash ...,CAN-000452,VALIDATED_COMPATIBLE,ACCEPT,,ELECTRICAL|CABLE|XLPE|XLPE_INSULATED|4C_X_25_SQ_MM|100_M|IEC_60502
00b2ca00-ab3e-5a70-9eca-20e54f6d0d23,BHEL,BHEL-500003,IND.Gate Valve 2 in LCB,CMM-VALVE-758633-001,CMM-VALVE-758633-001,MAPPED_VERIFIED,DIRECT_ACCEPTED,1.0,VERIFIED_CROSS_CPSE,HUMAN_ACCEPTED_HARMONIZATION,Verified cross-CPSE harmonization mapping supported by Phase 7 human review ACCEPT on candidate CAN-000873 with cryptographic evidence hash ...,CAN-000873,VALIDATED_COMPATIBLE,ACCEPT,,VALVE|GATE_VALVE|LCB|2_IN|API_600
6923befe-bd5e-54ca-ab99-c00d81aa447f,BHEL,BHEL-500004,"PIPE SMLS, SS316L, SIZE 6 in",CMM-PIPEF-4E2A15-001,CMM-PIPEF-4E2A15-001,MAPPED_VERIFIED,DIRECT_ACCEPTED,1.0,VERIFIED_CROSS_CPSE,HUMAN_ACCEPTED_HARMONIZATION,Verified cross-CPSE harmonization mapping supported by Phase 7 human review ACCEPT on candidate CAN-000962 with cryptographic evidence hash ...,CAN-000962,VALIDATED_COMPATIBLE,ACCEPT,,PIPE_FITTING|PIPE|STAINLESS_STEEL|SS_316L|6_IN|6_IN|ASME_B165|ZINC_PLATED
44a0ece9-4275-565e-9ec7-f131801b0f8e,BHEL,BHEL-500005,DN 100 REDUCER - ASTM A106 Gr B,CMM-PIPEF-C9F1AA-001,CMM-PIPEF-C9F1AA-001,MAPPED_VERIFIED,DIRECT_ACCEPTED,1.0,VERIFIED_CROSS_CPSE,HUMAN_ACCEPTED_HARMONIZATION,Verified cross-CPSE harmonization mapping supported by Phase 7 human review ACCEPT on candidate CAN-001234 with cryptographic evidence hash ...,CAN-001234,VALIDATED_COMPATIBLE,ACCEPT,,PIPE_FITTING|ASTM_A106_GRB|DN_100|12_M|DN_100|API_5L|EPOXY_COATED
d0ad3165-1e20-52a2-a04d-ebbf6cd128ff,BHEL,BHEL-500006,GEAR PUMP Duplex Steel 3 in x 2 in,CMM-PUMP-357758-001,CMM-PUMP-357758-001,MAPPED_VERIFIED,DIRECT_ACCEPTED,1.0,VERIFIED_CROSS_CPSE,HUMAN_ACCEPTED_HARMONIZATION,Verified cross-CPSE harmonization mapping supported by Phase 7 human review ACCEPT on candidate CAN-001444 with cryptographic evidence hash ...,CAN-001444,VALIDATED_COMPATIBLE,ACCEPT,,PUMP|DUPLEX_STEEL|3_IN_X_2_IN|3_IN_X_2_IN|ISO_2858
21d2cfc2-e3a6-524c-b0a1-dd37fca897f8,BHEL,BHEL-500007,STORES ITEM XLPE CABLE Aluminium 3C x 95 sq mm,CMM-ELECTR-79A6DD-001,CMM-ELECTR-79A6DD-001,MAPPED_VERIFIED,DIRECT_ACCEPTED,1.0,VERIFIED_CROSS_CPSE,HUMAN_ACCEPTED_HARMONIZATION,Verified cross-CPSE harmonization mapping supported by Phase 7 human review ACCEPT on candidate CAN-001595 with cryptographic evidence hash ...,CAN-001595,VALIDATED_COMPATIBLE,ACCEPT,,ELECTRICAL|CABLE|XLPE|ALUMINIUM|3C_X_95_SQ_MM|IS_2026
1f7c32c5-1177-5571-89b7-da6914ff94c4,BHEL,BHEL-500008,"HEX NUT, Grade 8.8, SIZE M12 x 50",CMM-FASTNR-412B68-001,CMM-FASTNR-412B68-001,REVIEW_REQUIRED,DIRECT_ACCEPTED,0.6,REVIEW_REQUIRED,AMBIGUOUS_ATTRIBUTE_HOLD,Attribute ambiguity in upstream candidate group; human review required.,,REVIEW_REQUIRED,,,FASTENER|NUT|HEX|GRADE_88|M12_X_50|50_MM|ASTM_A193
424d4f94-9e6a-58c4-a516-7e63a9ad8570,BHEL,BHEL-500009,IND.Needle Bearing AISI 52100 6304,CMM-BEARNG-668968-001,CMM-BEARNG-668968-001,REVIEW_REQUIRED,DIRECT_ACCEPTED,0.6,REVIEW_REQUIRED,AMBIGUOUS_ATTRIBUTE_HOLD,Attribute ambiguity in upstream candidate group; human review required.,,REVIEW_REQUIRED,,,BEARING|AISI_52100|6304|ISO_15
0c415f3e-dfb1-5bbd-902d-da2030f2ce12,BHEL,BHEL-500010,BOLT HEX M16 x 65 Grade B7,CMM-FASTNR-3AF121-001,CMM-FASTNR-3AF121-001,MAPPED_VERIFIED,DIRECT_ACCEPTED,1.0,VERIFIED_CROSS_CPSE,HUMAN_ACCEPTED_HARMONIZATION,Verified cross-CPSE harmonization mapping supported by Phase 7 human review ACCEPT on candidate CAN-002282 with cryptographic evidence hash ...,CAN-002282,VALIDATED_COMPATIBLE,ACCEPT,,FASTENER|BOLT|GRADE_B7|M16_X_65|65_MM|ASME_B182
c52f8611-5dd6-5ded-809d-4a1565d7bbc7,BHEL,BHEL-500011,STORES ITEM O-Ring NBR 2 in,CMM-SEALG-C4821B-001,CMM-SEALG-C4821B-001,MAPPED_VERIFIED,DIRECT_ACCEPTED,1.0,VERIFIED_CROSS_CPSE,HUMAN_ACCEPTED_HARMONIZATION,Verified cross-CPSE harmonization mapping supported by Phase 7 human review ACCEPT on candidate CAN-002612 with cryptographic evidence hash ...,CAN-002612,VALIDATED_COMPATIBLE,ACCEPT,,SEAL_GASKET|NBR|2_IN|PTFE_LINED
44584b64-c122-55d9-b532-4f2d90fba95b,BHEL,BHEL-500012,"SPARE-Circuit Breaker, Aluminium, SIZE 4C x 25 sq mm",CMM-ELECTR-19262A-001,CMM-ELECTR-19262A-001,MAPPED_VERIFIED,DIRECT_ACCEPTED,1.0,VERIFIED_CROSS_CPSE,HUMAN_ACCEPTED_HARMONIZATION,Verified cross-CPSE harmonization mapping supported by Phase 7 human review ACCEPT on candidate CAN-002704 with cryptographic evidence hash ...,CAN-002704,VALIDATED_COMPATIBLE,ACCEPT,,ELECTRICAL|ALUMINIUM|4C_X_25_SQ_MM|1000_M|IS_2026
47b81147-2fe1-5d74-9b5b-c65e85a3735f,BHEL,BHEL-500013,SPARE-Reducer Carbon Steel 2 in,CMM-PIPEF-E0FB6D-001,CMM-PIPEF-E0FB6D-001,MAPPED_VERIFIED,DIRECT_ACCEPTED,1.0,VERIFIED_CROSS_CPSE,HUMAN_ACCEPTED_HARMONIZATION,Verified cross-CPSE harmonization mapping supported by Phase 7 human review ACCEPT on candidate CAN-003094 with cryptographic evidence hash ...,CAN-003094,VALIDATED_COMPATIBLE,ACCEPT,,PIPE_FITTING|CARBON_STEEL|CARBON_STEEL|2_IN|200_MM|IS_1239|ZINC_PLATED
c55de1f2-f6c5-553b-9c35-2511db13397a,BHEL,BHEL-500014,"Temperature Transmitter, Polycarbonate, SIZE 0-100 bar",CMM-INSTRU-3688F6-001,CMM-INSTRU-3688F6-001,REVIEW_REQUIRED,DIRECT_ACCEPTED,0.6,REVIEW_REQUIRED,AMBIGUOUS_ATTRIBUTE_HOLD,Attribute ambiguity in upstream candidate group; human review required.,,REVIEW_REQUIRED,,,INSTRUMENTATION|POLYCARBONATE|0_100_BAR|ASME_B40100
f99894df-ad78-53af-ae82-7eb14dd70379,BHEL,BHEL-500015,SPARE-GV SS316 4 in,CMM-VALVE-11F993-001,CMM-VALVE-11F993-001,MAPPED_VERIFIED,DIRECT_ACCEPTED,1.0,VERIFIED_CROSS_CPSE,HUMAN_ACCEPTED_HARMONIZATION,Verified cross-CPSE harmonization mapping supported by Phase 7 human review ACCEPT on candidate CAN-003845 with cryptographic evidence hash ...,CAN-003845,VALIDATED_COMPATIBLE,ACCEPT,,VALVE|GATE_VALVE|STAINLESS_STEEL|SS_316|4_IN|API_600
77cac60a-d19f-5439-9111-b2c3c112fa18,BHEL,BHEL-500016,IND.Seamless Pipe SS316L DN 100,CMM-PIPEF-814451-001,CMM-PIPEF-814451-001,MAPPED_VERIFIED,DIRECT_ACCEPTED,1.0,VERIFIED_CROSS_CPSE,HUMAN_ACCEPTED_HARMONIZATION,Verified cross-CPSE harmonization mapping supported by Phase 7 human review ACCEPT on candidate CAN-003993 with cryptographic evidence hash ...,CAN-003993,VALIDATED_COMPATIBLE,ACCEPT,,PIPE_FITTING|PIPE|STAINLESS_STEEL|SS_316L|DN_100|1000_MM|80_MM|IS_1239|EPOXY_COATED|SEAMLESS
46e342a9-049a-549d-bad3-ae26e0f0977a,BHEL,BHEL-500017,M10 x 40 HEX NUT - Carbon Steel,CMM-FASTNR-26351F-001,CMM-FASTNR-26351F-001,MAPPED_VERIFIED,DIRECT_ACCEPTED,1.0,VERIFIED_CROSS_CPSE,HUMAN_ACCEPTED_HARMONIZATION,Verified cross-CPSE harmonization mapping supported by Phase 7 human review ACCEPT on candidate CAN-004262 with cryptographic evidence hash ...,CAN-004262,VALIDATED_COMPATIBLE,ACCEPT,,FASTENER|NUT|HEX|CARBON_STEEL|CARBON_STEEL|M10_X_40|40_MM|ASTM_A193|ZINC_PLATED
6393367a-90d1-54c3-8e1c-c1692af3f01f,BHEL,BHEL-500018,RTD Sensor 0-100 bar SS316,CMM-INSTRU-59A2A6-001,CMM-INSTRU-59A2A6-001,MAPPED_VERIFIED,DIRECT_ACCEPTED,1.0,VERIFIED_CROSS_CPSE,HUMAN_ACCEPTED_HARMONIZATION,Verified cross-CPSE harmonization mapping supported by Phase 7 human review ACCEPT on candidate CAN-004624 with cryptographic evidence hash ...,CAN-004624,VALIDATED_COMPATIBLE,ACCEPT,,INSTRUMENTATION|STAINLESS_STEEL|SS_316|0_100_BAR|IEC_60529
40d9c62b-2d20-5630-8eaf-bfe16539bcaf,BHEL,BHEL-500019,IND.M16 x 65 Socket Head Screw - Carbon Steel,CMM-FASTNR-A2AB0B-001,CMM-FASTNR-A2AB0B-001,MAPPED_VERIFIED,DIRECT_ACCEPTED,1.0,VERIFIED_CROSS_CPSE,HUMAN_ACCEPTED_HARMONIZATION,Verified cross-CPSE harmonization mapping supported by Phase 7 human review ACCEPT on candidate CAN-004684 with cryptographic evidence hash ...,CAN-004684,VALIDATED_COMPATIBLE,ACCEPT,,FASTENER|CARBON_STEEL|CARBON_STEEL|M16_X_65|65_MM
6f008d69-fca9-59d7-aa45-a91cb8b9d56a,BHEL,BHEL-500020,SPARE-0-100 bar FLOW METER - Brass,CMM-INSTRU-027BD0-001,CMM-INSTRU-027BD0-001,REVIEW_REQUIRED,DIRECT_ACCEPTED,0.6,REVIEW_REQUIRED,AMBIGUOUS_ATTRIBUTE_HOLD,Attribute ambiguity in upstream candidate group; human review required.,,REVIEW_REQUIRED,,,INSTRUMENTATION|BRASS|0_100_BAR|ASME_B40100
364957ac-9f38-5a41-ab2b-48a48cfee717,BHEL,BHEL-500021,Globe Valve 4 in LCB,CMM-VALVE-9903B8-001,CMM-VALVE-9903B8-001,MAPPED_VERIFIED,DIRECT_ACCEPTED,1.0,VERIFIED_CROSS_CPSE,HUMAN_ACCEPTED_HARMONIZATION,Verified cross-CPSE harmonization mapping supported by Phase 7 human review ACCEPT on candidate CAN-005045 with cryptographic evidence hash ...,CAN-005045,VALIDATED_COMPATIBLE,ACCEPT,,VALVE|GLOBE_VALVE|LCB|4_IN|4_IN|API_598|EPOXY_COATED
94eac5a1-0979-5061-9da8-4472d9486ce7,BHEL,BHEL-500022,MECHANICAL SEAL Graphite 65 mm,CMM-SEALG-260F99-001,CMM-SEALG-260F99-001,MAPPED_VERIFIED,DIRECT_ACCEPTED,1.0,VERIFIED_CROSS_CPSE,HUMAN_ACCEPTED_HARMONIZATION,Verified cross-CPSE harmonization mapping supported by Phase 7 human review ACCEPT on candidate CAN-005225 with cryptographic evidence hash ...,CAN-005225,VALIDATED_COMPATIBLE,ACCEPT,,SEAL_GASKET|GRAPHITE|65_MM|ASME_B1620
afe07a27-03c1-54b9-8745-3331badec2e9,BHEL,BHEL-500023,Distribution Transformer 1C x 300 sq mm Aluminium,CMM-ELECTR-941023-001,CMM-ELECTR-941023-001,REVIEW_REQUIRED,DIRECT_ACCEPTED,0.6,REVIEW_REQUIRED,AMBIGUOUS_ATTRIBUTE_HOLD,Attribute ambiguity in upstream candidate group; human review required.,,REVIEW_REQUIRED,,,ELECTRICAL|ALUMINIUM|1C_X_300_SQ_MM|1000_M|IS_2026
667759f6-539a-58a7-9677-cb0c3c3186de,BHEL,BHEL-500024,STORES ITEM Oil Seal Viton 2 in,CMM-SEALG-29423B-001,CMM-SEALG-29423B-001,MAPPED_VERIFIED,DIRECT_ACCEPTED,1.0,VERIFIED_CROSS_CPSE,HUMAN_ACCEPTED_HARMONIZATION,Verified cross-CPSE harmonization mapping supported by Phase 7 human review ACCEPT on candidate CAN-005705 with cryptographic evidence hash ...,CAN-005705,VALIDATED_COMPATIBLE,ACCEPT,,SEAL_GASKET|LUBRICANT|VITON|2_IN|API_682|EPOXY_COATED
d3b41a93-f30e-51b3-a937-376cb8a66f59,BHEL,BHEL-500025,IND.Needle Bearing Chrome Steel 6408,CMM-BEARNG-89DC5A-001,CMM-BEARNG-89DC5A-001,MAPPED_VERIFIED,DIRECT_ACCEPTED,1.0,VERIFIED_CROSS_CPSE,HUMAN_ACCEPTED_HARMONIZATION,Verified cross-CPSE harmonization mapping supported by Phase 7 human review ACCEPT on candidate CAN-005914 with cryptographic evidence hash ...,CAN-005914,VALIDATED_COMPATIBLE,ACCEPT,,BEARING|CHROME_STEEL|CHROME_STEEL|6408|ISO_15
19cf08e9-09fe-5360-8c74-7355377bfde8,BHEL,BHEL-500026,SPARE-SPIRAL WOUND GASKET PTFE 2 in,CMM-SEALG-C65128-001,CMM-SEALG-C65128-001,MAPPED_VERIFIED,DIRECT_ACCEPTED,1.0,VERIFIED_CROSS_CPSE,HUMAN_ACCEPTED_HARMONIZATION,Verified cross-CPSE harmonization mapping supported by Phase 7 human review ACCEPT on candidate CAN-006004 with cryptographic evidence hash ...,CAN-006004,VALIDATED_COMPATIBLE,ACCEPT,,SEAL_GASKET|SPIRAL_WOUND_GASKET|PTFE|2_IN|2_IN|API_682|PTFE
18d0bc04-c55e-5957-92b6-1b9f5f8df121,BHEL,BHEL-500027,0-500 Deg C PRESSURE GAUGE - Polycarbonate,CMM-INSTRU-58342A-001,CMM-INSTRU-58342A-001,MAPPED_VERIFIED,DIRECT_ACCEPTED,1.0,VERIFIED_CROSS_CPSE,HUMAN_ACCEPTED_HARMONIZATION,Verified cross-CPSE harmonization mapping supported by Phase 7 human review ACCEPT on candidate CAN-006245 with cryptographic evidence hash ...,CAN-006245,VALIDATED_COMPATIBLE,ACCEPT,,INSTRUMENTATION|PRESSURE_GAUGE|POLYCARBONATE|0_500_DEG_C
a878ee04-92ab-5fc4-9a15-5e0c0532d6eb,BHEL,BHEL-500028,"Thrust Bearing, Stainless Steel, SIZE 22208",CMM-BEARNG-52104E-001,CMM-BEARNG-52104E-001,REVIEW_REQUIRED,DIRECT_ACCEPTED,0.6,REVIEW_REQUIRED,AMBIGUOUS_ATTRIBUTE_HOLD,Attribute ambiguity in upstream candidate group; human review required.,,REVIEW_REQUIRED,,,BEARING|STAINLESS_STEEL|STAINLESS_STEEL|22208
aaa413dd-a3cc-570e-a581-4e4f9dd9812b,BHEL,BHEL-500029,IND.50 mm OIL SEAL - Viton,CMM-SEALG-F69B1C-001,CMM-SEALG-F69B1C-001,MAPPED_VERIFIED,DIRECT_ACCEPTED,1.0,VERIFIED_CROSS_CPSE,HUMAN_ACCEPTED_HARMONIZATION,Verified cross-CPSE harmonization mapping supported by Phase 7 human review ACCEPT on candidate CAN-006782 with cryptographic evidence hash ...,CAN-006782,VALIDATED_COMPATIBLE,ACCEPT,,SEAL_GASKET|LUBRICANT|VITON|50_MM|50_MM|ASME_B1620
e8898b40-5b2d-5f20-b632-974be5f80e77,BHEL,BHEL-500030,FLOW METER 4-20 mA SS316,CMM-INSTRU-1E073D-001,CMM-INSTRU-1E073D-001,REVIEW_REQUIRED,DIRECT_ACCEPTED,0.6,REVIEW_REQUIRED,AMBIGUOUS_ATTRIBUTE_HOLD,Attribute ambiguity in upstream candidate group; human review required.,,REVIEW_REQUIRED,,,INSTRUMENTATION|STAINLESS_STEEL|SS_316|4_20_MA|ASME_B40100
c2fb7dfe-d4ad-5c1c-9a7e-3405bea99076,BHEL,BHEL-500031,SPARE-2 in x 1.5 in Reciprocating Pump - Carbon Steel,CMM-PUMP-71A39E-001,CMM-PUMP-71A39E-001,MAPPED_VERIFIED,DIRECT_ACCEPTED,1.0,VERIFIED_CROSS_CPSE,HUMAN_ACCEPTED_HARMONIZATION,Verified cross-CPSE harmonization mapping supported by Phase 7 human review ACCEPT on candidate CAN-007444 with cryptographic evidence hash ...,CAN-007444,VALIDATED_COMPATIBLE,ACCEPT,,PUMP|CARBON_STEEL|CARBON_STEEL|2_IN_X_15_IN|2_IN_X_15_IN|API_610
2ab1e2c4-3531-5b3e-96d8-7cf6553cd322,BHEL,BHEL-500032,IND.Spiral Wound Gasket 50 mm NBR,CMM-SEALG-66D3AC-001,CMM-SEALG-66D3AC-001,MAPPED_VERIFIED,DIRECT_ACCEPTED,1.0,VERIFIED_CROSS_CPSE,HUMAN_ACCEPTED_HARMONIZATION,Verified cross-CPSE harmonization mapping supported by Phase 7 human review ACCEPT on candidate CAN-007745 with cryptographic evidence hash ...,CAN-007745,VALIDATED_COMPATIBLE,ACCEPT,,SEAL_GASKET|SPIRAL_WOUND_GASKET|NBR|50_MM|50_MM|API_682|ZINC_PLATED
98f09914-c418-5b87-b64f-446aceb10cf4,BHEL,BHEL-500033,SPARE-Switchgear Panel XLPE Insulated 1C x 300 sq mm,CMM-ELECTR-0CDB57-001,CMM-ELECTR-0CDB57-001,MAPPED_VERIFIED,DIRECT_ACCEPTED,1.0,VERIFIED_CROSS_CPSE,HUMAN_ACCEPTED_HARMONIZATION,Verified cross-CPSE harmonization mapping supported by Phase 7 human review ACCEPT on candidate CAN-007863 with cryptographic evidence hash ...,CAN-007863,VALIDATED_COMPATIBLE,ACCEPT,,ELECTRICAL|XLPE|XLPE_INSULATED|1C_X_300_SQ_MM|500_M|IS_7098
97a01d8e-1005-5ca9-bcd5-cc7d2e8fe628,BHEL,BHEL-500034,1C x 300 sq mm Circuit Breaker - Aluminium,CMM-ELECTR-C565E9-001,CMM-ELECTR-C565E9-001,MAPPED_VERIFIED,DIRECT_ACCEPTED,1.0,VERIFIED_CROSS_CPSE,HUMAN_ACCEPTED_HARMONIZATION,Verified cross-CPSE harmonization mapping supported by Phase 7 human review ACCEPT on candidate CAN-007953 with cryptographic evidence hash ...,CAN-007953,VALIDATED_COMPATIBLE,ACCEPT,,ELECTRICAL|ALUMINIUM|1C_X_300_SQ_MM|1000_M|IEC_60502
256ec8ce-d6ef-5b9e-82d1-541b8813b922,BHEL,BHEL-500035,SPARE-RECIPROCATING PUMP 2 in x 1.5 in Cast Iron,CMM-PUMP-DB6C55-001,CMM-PUMP-DB6C55-001,MAPPED_VERIFIED,DIRECT_ACCEPTED,1.0,VERIFIED_CROSS_CPSE,HUMAN_ACCEPTED_HARMONIZATION,Verified cross-CPSE harmonization mapping supported by Phase 7 human review ACCEPT on candidate CAN-008134 with cryptographic evidence hash ...,CAN-008134,VALIDATED_COMPATIBLE,ACCEPT,,PUMP|CAST_IRON|2_IN_X_15_IN|2_IN_X_15_IN|ISO_2858|GALVANIZED|CAST
61a9281b-5fdf-5a7d-871b-1e2fac947890,BHEL,BHEL-500036,STORES ITEM Induction Motor Copper 415V 100A,CMM-ELECTR-E728FA-001,CMM-ELECTR-E728FA-001,REVIEW_REQUIRED,DIRECT_ACCEPTED,0.6,REVIEW_REQUIRED,AMBIGUOUS_ATTRIBUTE_HOLD,Attribute ambiguity in upstream candidate group; human review required.,,REVIEW_REQUIRED,,,ELECTRICAL|COPPER|415V_100A|100_M|IS_13947
ebc3b984-1d5a-5d16-a3bd-effd8881f459,BHEL,BHEL-500037,BRG BALL Stainless Steel 30205,CMM-BEARNG-491461-001,CMM-BEARNG-491461-001,REVIEW_REQUIRED,DIRECT_ACCEPTED,0.6,REVIEW_REQUIRED,AMBIGUOUS_ATTRIBUTE_HOLD,Attribute ambiguity in upstream candidate group; human review required.,,REVIEW_REQUIRED,,,BEARING|BALL_BEARING|STAINLESS_STEEL|STAINLESS_STEEL|30205|ISO_15
645564cc-cc93-5aa5-bb18-19116f60f824,BHEL,BHEL-500038,IND.Equal Tee 2 in Alloy Steel,CMM-PIPEF-9F93F7-001,CMM-PIPEF-9F93F7-001,MAPPED_VERIFIED,DIRECT_ACCEPTED,1.0,VERIFIED_CROSS_CPSE,HUMAN_ACCEPTED_HARMONIZATION,Verified cross-CPSE harmonization mapping supported by Phase 7 human review ACCEPT on candidate CAN-009004 with cryptographic evidence hash ...,CAN-009004,VALIDATED_COMPATIBLE,ACCEPT,,PIPE_FITTING|ALLOY_STEEL|2_IN|2_IN|API_5L
8f73743b-a3b5-5b31-a62a-9858ff99eea1,BHEL,BHEL-500039,IND.Distribution Transformer Copper 415V 100A,CMM-ELECTR-2DB37C-001,CMM-ELECTR-2DB37C-001,MAPPED_VERIFIED,DIRECT_ACCEPTED,1.0,VERIFIED_CROSS_CPSE,HUMAN_ACCEPTED_HARMONIZATION,Verified cross-CPSE harmonization mapping supported by Phase 7 human review ACCEPT on candidate CAN-009364 with cryptographic evidence hash ...,CAN-009364,VALIDATED_COMPATIBLE,ACCEPT,,ELECTRICAL|COPPER|415V_100A|IEC_60502
d75bec03-7ad4-5512-a283-feb36eb81376,BHEL,BHEL-500040,O-Ring 100 mm Graphite,CMM-SEALG-C8045E-001,CMM-SEALG-C8045E-001,MAPPED_VERIFIED,DIRECT_ACCEPTED,1.0,VERIFIED_CROSS_CPSE,HUMAN_ACCEPTED_HARMONIZATION,Verified cross-CPSE harmonization mapping supported by Phase 7 human review ACCEPT on candidate CAN-009542 with cryptographic evidence hash ...,CAN-009542,VALIDATED_COMPATIBLE,ACCEPT,,SEAL_GASKET|GRAPHITE|100_MM|100_MM
b23d0612-5611-563b-b345-5b6e20afd262,BHEL,BHEL-500041,"SPARE-Flange, Alloy Steel, SIZE DN 50",CMM-PIPEF-7A5764-001,CMM-PIPEF-7A5764-001,MAPPED_VERIFIED,DIRECT_ACCEPTED,1.0,VERIFIED_CROSS_CPSE,HUMAN_ACCEPTED_HARMONIZATION,Verified cross-CPSE harmonization mapping supported by Phase 7 human review ACCEPT on candidate CAN-009783 with cryptographic evidence hash ...,CAN-009783,VALIDATED_COMPATIBLE,ACCEPT,,PIPE_FITTING|FLANGE|ALLOY_STEEL|DN_50|1000_MM|DN_50|ASTM_A106|GALVANIZED
6daa52d6-ece7-57ac-a0fd-fac53d8c1ae9,BHEL,BHEL-500042,Centrifugal Pump Duplex Steel 3 in x 2 in,CMM-PUMP-82AEB3-001,CMM-PUMP-82AEB3-001,MAPPED_VERIFIED,DIRECT_ACCEPTED,1.0,VERIFIED_CROSS_CPSE,HUMAN_ACCEPTED_HARMONIZATION,Verified cross-CPSE harmonization mapping supported by Phase 7 human review ACCEPT on candidate CAN-010024 with cryptographic evidence hash ...,CAN-010024,VALIDATED_COMPATIBLE,ACCEPT,,PUMP|CENTRIFUGAL_PUMP|DUPLEX_STEEL|3_IN_X_2_IN|IS_1520
c37adcae-f7e5-56be-b91f-c5ad2cb6e2b4,BHEL,BHEL-500043,"Thrust Bearing, Chrome Steel, SIZE 6408",CMM-BEARNG-FF170C-001,CMM-BEARNG-FF170C-001,REVIEW_REQUIRED,DIRECT_ACCEPTED,0.6,REVIEW_REQUIRED,AMBIGUOUS_ATTRIBUTE_HOLD,Attribute ambiguity in upstream candidate group; human review required.,,REVIEW_REQUIRED,,,BEARING|CHROME_STEEL|CHROME_STEEL|6408
f47ba791-20ea-572b-aaf7-b104ac92a40a,BHEL,BHEL-500044,"OIL SEAL, NBR, SIZE 2 in",CMM-SEALG-ACB3E9-001,CMM-SEALG-ACB3E9-001,MAPPED_VERIFIED,DIRECT_ACCEPTED,1.0,VERIFIED_CROSS_CPSE,HUMAN_ACCEPTED_HARMONIZATION,Verified cross-CPSE harmonization mapping supported by Phase 7 human review ACCEPT on candidate CAN-010323 with cryptographic evidence hash ...,CAN-010323,VALIDATED_COMPATIBLE,ACCEPT,,SEAL_GASKET|LUBRICANT|NBR|2_IN|2_IN|ASME_B1620
2212f3e9-ce45-5f14-a7f6-13f8fcb124fe,BHEL,BHEL-500045,STORES ITEM Equal Tee IS 2062 6 in,CMM-PIPEF-AE5889-001,CMM-PIPEF-AE5889-001,MAPPED_VERIFIED,DIRECT_ACCEPTED,1.0,VERIFIED_CROSS_CPSE,HUMAN_ACCEPTED_HARMONIZATION,Verified cross-CPSE harmonization mapping supported by Phase 7 human review ACCEPT on candidate CAN-010445 with cryptographic evidence hash ...,CAN-010445,VALIDATED_COMPATIBLE,ACCEPT,,PIPE_FITTING|IS_2062|6_IN|3_M|6_IN|IS_1239|EPOXY_COATED
be22ab46-6cae-5e08-82a1-1c2b0c7e4c91,BHEL,BHEL-500046,SPARE-Reducer SS316L 6 in,CMM-PIPEF-3C5B7C-001,CMM-PIPEF-3C5B7C-001,MAPPED_VERIFIED,DIRECT_ACCEPTED,1.0,VERIFIED_CROSS_CPSE,HUMAN_ACCEPTED_HARMONIZATION,Verified cross-CPSE harmonization mapping supported by Phase 7 human review ACCEPT on candidate CAN-011044 with cryptographic evidence hash ...,CAN-011044,VALIDATED_COMPATIBLE,ACCEPT,,PIPE_FITTING|STAINLESS_STEEL|SS_316L|6_IN|12_M|150_MM|ASME_B169
f8b82191-944e-56ac-9145-9a9e7c7f450b,BHEL,BHEL-500047,"STORES ITEM FLANGE, Alloy Steel, SIZE DN 100",CMM-PIPEF-49C4F4-001,CMM-PIPEF-49C4F4-001,MAPPED_VERIFIED,DIRECT_ACCEPTED,1.0,VERIFIED_CROSS_CPSE,HUMAN_ACCEPTED_HARMONIZATION,Verified cross-CPSE harmonization mapping supported by Phase 7 human review ACCEPT on candidate CAN-011222 with cryptographic evidence hash ...,CAN-011222,VALIDATED_COMPATIBLE,ACCEPT,,PIPE_FITTING|FLANGE|ALLOY_STEEL|DN_100|12_M|DN_100|IS_1239|ZINC_PLATED
ac4d6615-26e0-52bb-9734-b8d30476092c,BHEL,BHEL-500048,Roller Bearing Stainless Steel 6208,CMM-BEARNG-A2CB3C-001,CMM-BEARNG-A2CB3C-001,REVIEW_REQUIRED,DIRECT_ACCEPTED,0.6,REVIEW_REQUIRED,AMBIGUOUS_ATTRIBUTE_HOLD,Attribute ambiguity in upstream candidate group; human review required.,,REVIEW_REQUIRED,,,BEARING|STAINLESS_STEEL|STAINLESS_STEEL|6208|ISO_15
75e30f16-444c-582f-b7c0-2b8d9faf3e49,BHEL,BHEL-500049,SPARE-Centrifugal Pump 3 in x 2 in Cast Iron,CMM-PUMP-329011-001,CMM-PUMP-329011-001,MAPPED_VERIFIED,DIRECT_ACCEPTED,1.0,VERIFIED_CROSS_CPSE,HUMAN_ACCEPTED_HARMONIZATION,Verified cross-CPSE harmonization mapping supported by Phase 7 human review ACCEPT on candidate CAN-011854 with cryptographic evidence hash ...,CAN-011854,VALIDATED_COMPATIBLE,ACCEPT,,PUMP|CENTRIFUGAL_PUMP|CAST_IRON|3_IN_X_2_IN|3_IN_X_2_IN|API_610|CAST
0bd735c1-163c-5a4d-a7ec-4d6f3fbb322e,BHEL,BHEL-500050,BUTTERFLY VALVE LCB 2 in,CMM-VALVE-68C9CD-001,CMM-VALVE-68C9CD-001,MAPPED_VERIFIED,DIRECT_ACCEPTED,1.0,VERIFIED_CROSS_CPSE,HUMAN_ACCEPTED_HARMONIZATION,Verified cross-CPSE harmonization mapping supported by Phase 7 human review ACCEPT on candidate CAN-011942 with cryptographic evidence hash ...,CAN-011942,VALIDATED_COMPATIBLE,ACCEPT,,VALVE|BUTTERFLY_VALVE|LCB|2_IN|2_IN|ASME_B1634|PTFE_LINED
00a62b16-7c71-5338-bc3b-c020916fbcd4,BHEL,BHEL-500051,RUBBER GASKET 50 mm NBR,CMM-SEALG-C5D451-001,CMM-SEALG-C5D451-001,MAPPED_VERIFIED,DIRECT_ACCEPTED,1.0,VERIFIED_CROSS_CPSE,HUMAN_ACCEPTED_HARMONIZATION,Verified cross-CPSE harmonization mapping supported by Phase 7 human review ACCEPT on candidate CAN-012125 with cryptographic evidence hash ...,CAN-012125,VALIDATED_COMPATIBLE,ACCEPT,,SEAL_GASKET|NBR|50_MM|PTFE_LINED
8d6d9c14-4fb3-5c08-b058-0e406b964427,BHEL,BHEL-500052,SPARE-CHECK VALVE ASTM A216 WCB DN 100,CMM-VALVE-4BBEE1-001,CMM-VALVE-4BBEE1-001,MAPPED_VERIFIED,DIRECT_ACCEPTED,1.0,VERIFIED_CROSS_CPSE,HUMAN_ACCEPTED_HARMONIZATION,Verified cross-CPSE harmonization mapping supported by Phase 7 human review ACCEPT on candidate CAN-012692 with cryptographic evidence hash ...,CAN-012692,VALIDATED_COMPATIBLE,ACCEPT,,VALVE|CHECK_VALVE|ASTM_A216_WCB|DN_100|API_600
6dc8130d-ff2d-55b4-be8b-a55e2b709e8a,BHEL,BHEL-500053,STORES ITEM 4-20 mA Pressure Gauge - Brass,CMM-INSTRU-FECC9D-001,CMM-INSTRU-FECC9D-001,REVIEW_REQUIRED,DIRECT_ACCEPTED,0.6,REVIEW_REQUIRED,AMBIGUOUS_ATTRIBUTE_HOLD,Attribute ambiguity in upstream candidate group; human review required.,,REVIEW_REQUIRED,,,INSTRUMENTATION|PRESSURE_GAUGE|BRASS|4_20_MA|ASME_B40100
e7c021a8-9b8d-54af-ad61-d2f6bed63237,BHEL,BHEL-500054,STORES ITEM Reducer Alloy Steel DN 80,CMM-PIPEF-887486-001,CMM-PIPEF-887486-001,MAPPED_VERIFIED,DIRECT_ACCEPTED,1.0,VERIFIED_CROSS_CPSE,HUMAN_ACCEPTED_HARMONIZATION,Verified cross-CPSE harmonization mapping supported by Phase 7 human review ACCEPT on candidate CAN-012994 with cryptographic evidence hash ...,CAN-012994,VALIDATED_COMPATIBLE,ACCEPT,,PIPE_FITTING|ALLOY_STEEL|DN_80|DN_80|ASME_B169
6e697dd8-b1df-5f92-8d03-7f720d72ca20,BHEL,BHEL-500055,DN 150 Equal Tee - ASTM A106 Gr B,CMM-PIPEF-3BAF8F-001,CMM-PIPEF-3BAF8F-001,MAPPED_VERIFIED,DIRECT_ACCEPTED,1.0,VERIFIED_CROSS_CPSE,HUMAN_ACCEPTED_HARMONIZATION,Verified cross-CPSE harmonization mapping supported by Phase 7 human review ACCEPT on candidate CAN-013175 with cryptographic evidence hash ...,CAN-013175,VALIDATED_COMPATIBLE,ACCEPT,,PIPE_FITTING|ASTM_A106_GRB|DN_150|6_M|25_MM|API_5L
dd4b4e58-ccb0-52a0-aea4-454615a8e75c,BHEL,BHEL-500056,2 in Reducer - Alloy Steel,CMM-PIPEF-EB17F7-001,CMM-PIPEF-EB17F7-001,MAPPED_VERIFIED,DIRECT_ACCEPTED,1.0,VERIFIED_CROSS_CPSE,HUMAN_ACCEPTED_HARMONIZATION,Verified cross-CPSE harmonization mapping supported by Phase 7 human review ACCEPT on candidate CAN-013564 with cryptographic evidence hash ...,CAN-013564,VALIDATED_COMPATIBLE,ACCEPT,,PIPE_FITTING|ALLOY_STEEL|2_IN|1000_MM|2_IN|ASME_B165
82461107-e9f5-53eb-a82b-78c8c13d7e55,BHEL,BHEL-500057,STORES ITEM RUBBER GASKET NBR 100 mm,CMM-SEALG-F519D1-001,CMM-SEALG-F519D1-001,MAPPED_VERIFIED,DIRECT_ACCEPTED,1.0,VERIFIED_CROSS_CPSE,HUMAN_ACCEPTED_HARMONIZATION,Verified cross-CPSE harmonization mapping supported by Phase 7 human review ACCEPT on candidate CAN-013802 with cryptographic evidence hash ...,CAN-013802,VALIDATED_COMPATIBLE,ACCEPT,,SEAL_GASKET|NBR|100_MM|ASME_B1620|RUBBER
e9b66796-6f2a-5c23-b74a-23f4ebe50297,BHEL,BHEL-500058,STORES ITEM RECIPROCATING PUMP Duplex Steel DN 100,CMM-PUMP-8BAE9F-001,CMM-PUMP-8BAE9F-001,MAPPED_VERIFIED,DIRECT_ACCEPTED,1.0,VERIFIED_CROSS_CPSE,HUMAN_ACCEPTED_HARMONIZATION,Verified cross-CPSE harmonization mapping supported by Phase 7 human review ACCEPT on candidate CAN-014075 with cryptographic evidence hash ...,CAN-014075,VALIDATED_COMPATIBLE,ACCEPT,,PUMP|DUPLEX_STEEL|DN_100|IS_1520
c87bb12d-cef4-57e2-b98f-0d33bb2d8058,BHEL,BHEL-500059,STORES ITEM XLPE Cable 415V 100A XLPE Insulated,CMM-ELECTR-4D158E-001,CMM-ELECTR-4D158E-001,MAPPED_VERIFIED,DIRECT_ACCEPTED,1.0,VERIFIED_CROSS_CPSE,HUMAN_ACCEPTED_HARMONIZATION,Verified cross-CPSE harmonization mapping supported by Phase 7 human review ACCEPT on candidate CAN-014225 with cryptographic evidence hash ...,CAN-014225,VALIDATED_COMPATIBLE,ACCEPT,,ELECTRICAL|CABLE|XLPE|XLPE_INSULATED|415V_100A|1000_M|IS_7098
7d9ce7f3-45f3-5d79-93e4-165b115da687,BHEL,BHEL-500060,IND.CENT. PUMP Cast Iron 2 in x 1.5 in,CMM-PUMP-837FD0-001,CMM-PUMP-837FD0-001,MAPPED_VERIFIED,DIRECT_ACCEPTED,1.0,VERIFIED_CROSS_CPSE,HUMAN_ACCEPTED_HARMONIZATION,Verified cross-CPSE harmonization mapping supported by Phase 7 human review ACCEPT on candidate CAN-014612 with cryptographic evidence hash ...,CAN-014612,VALIDATED_COMPATIBLE,ACCEPT,,PUMP|CENTRIFUGAL_PUMP|CAST_IRON|2_IN_X_15_IN|API_610|CAST
0660b9ad-25ae-5c72-ae97-a43517033c14,BHEL,BHEL-500061,0-100 bar Temperature Transmitter - Brass,CMM-INSTRU-027BD0-001,CMM-INSTRU-027BD0-001,REVIEW_REQUIRED,DIRECT_ACCEPTED,0.6,REVIEW_REQUIRED,AMBIGUOUS_ATTRIBUTE_HOLD,Attribute ambiguity in upstream candidate group; human review required.,,REVIEW_REQUIRED,,,INSTRUMENTATION|BRASS|0_100_BAR|ASME_B40100
7c7c4c26-9716-5e0f-b2c2-4ba842d7ea00,BHEL,BHEL-500062,STORES ITEM Centrifugal Pump DN 100 Carbon Steel,CMM-PUMP-ED0D84-001,CMM-PUMP-ED0D84-001,MAPPED_VERIFIED,DIRECT_ACCEPTED,1.0,VERIFIED_CROSS_CPSE,HUMAN_ACCEPTED_HARMONIZATION,Verified cross-CPSE harmonization mapping supported by Phase 7 human review ACCEPT on candidate CAN-015034 with cryptographic evidence hash ...,CAN-015034,VALIDATED_COMPATIBLE,ACCEPT,,PUMP|CENTRIFUGAL_PUMP|CARBON_STEEL|CARBON_STEEL|DN_100|API_610
32383197-4af7-5ed8-b4c7-dc1b0f5d9bff,BHEL,BHEL-500063,Induction Motor 4C x 25 sq mm XLPE Insulated,CMM-ELECTR-43E6A3-001,CMM-ELECTR-43E6A3-001,MAPPED_VERIFIED,DIRECT_ACCEPTED,1.0,VERIFIED_CROSS_CPSE,HUMAN_ACCEPTED_HARMONIZATION,Verified cross-CPSE harmonization mapping supported by Phase 7 human review ACCEPT on candidate CAN-015122 with cryptographic evidence hash ...,CAN-015122,VALIDATED_COMPATIBLE,ACCEPT,,ELECTRICAL|XLPE|XLPE_INSULATED|4C_X_25_SQ_MM|500_M|IS_7098
7626efcf-b72b-56d8-aea3-22559fa9ec36,BHEL,BHEL-500064,Check Valve 1 in ASTM A216 WCB,CMM-VALVE-A923FC-001,CMM-VALVE-A923FC-001,MAPPED_VERIFIED,DIRECT_ACCEPTED,1.0,VERIFIED_CROSS_CPSE,HUMAN_ACCEPTED_HARMONIZATION,Verified cross-CPSE harmonization mapping supported by Phase 7 human review ACCEPT on candidate CAN-015244 with cryptographic evidence hash ...,CAN-015244,VALIDATED_COMPATIBLE,ACCEPT,,VALVE|CHECK_VALVE|ASTM_A216_WCB|1_IN|ASTM_A216_WCB
bcc32765-1161-51e7-8da9-2c05d136d245,BHEL,BHEL-500065,OIL SEAL Viton 2 in,CMM-SEALG-B639C0-001,CMM-SEALG-B639C0-001,MAPPED_VERIFIED,DIRECT_ACCEPTED,1.0,VERIFIED_CROSS_CPSE,HUMAN_ACCEPTED_HARMONIZATION,Verified cross-CPSE harmonization mapping supported by Phase 7 human review ACCEPT on candidate CAN-015333 with cryptographic evidence hash ...,CAN-015333,VALIDATED_COMPATIBLE,ACCEPT,,SEAL_GASKET|LUBRICANT|VITON|2_IN|2_IN|ASME_B1620|ZINC_PLATED
c52d2b88-2fdc-5b7b-95cf-927139958b3e,BHEL,BHEL-500066,"SPARE-Globe Valve, SS316, SIZE 4 in",CMM-VALVE-4B0806-001,CMM-VALVE-4B0806-001,MAPPED_VERIFIED,DIRECT_ACCEPTED,1.0,VERIFIED_CROSS_CPSE,HUMAN_ACCEPTED_HARMONIZATION,Verified cross-CPSE harmonization mapping supported by Phase 7 human review ACCEPT on candidate CAN-015454 with cryptographic evidence hash ...,CAN-015454,VALIDATED_COMPATIBLE,ACCEPT,,VALVE|GLOBE_VALVE|STAINLESS_STEEL|SS_316|4_IN|ASME_B1634|EPOXY_COATED
33d78603-c80c-5c70-b015-09573b47cb6d,BHEL,BHEL-500067,2 in Globe Valve - LCB,CMM-VALVE-C12B9C-001,CMM-VALVE-C12B9C-001,MAPPED_VERIFIED,DIRECT_ACCEPTED,1.0,VERIFIED_CROSS_CPSE,HUMAN_ACCEPTED_HARMONIZATION,Verified cross-CPSE harmonization mapping supported by Phase 7 human review ACCEPT on candidate CAN-015694 with cryptographic evidence hash ...,CAN-015694,VALIDATED_COMPATIBLE,ACCEPT,,VALVE|GLOBE_VALVE|LCB|2_IN|2_IN|ASME_B1634
687b1f52-a7cc-584c-a254-c0415ff66bc9,BHEL,BHEL-500068,Seamless Pipe DN 150 Carbon Steel,CMM-PIPEF-888E21-001,CMM-PIPEF-888E21-001,MAPPED_VERIFIED,DIRECT_ACCEPTED,1.0,VERIFIED_CROSS_CPSE,HUMAN_ACCEPTED_HARMONIZATION,Verified cross-CPSE harmonization mapping supported by Phase 7 human review ACCEPT on candidate CAN-015812 with cryptographic evidence hash ...,CAN-015812,VALIDATED_COMPATIBLE,ACCEPT,,PIPE_FITTING|PIPE|CARBON_STEEL|CARBON_STEEL|DN_150|3_M|80_MM|ASTM_A106|PTFE_LINED|SEAMLESS
95c6d14f-1457-5c84-b5e5-4b7bd0dcc96f,BHEL,BHEL-500069,DISTRIBUTION TRANSFORMER XLPE Insulated 3C x 95 sq mm,CMM-ELECTR-45EFBF-001,CMM-ELECTR-45EFBF-001,MAPPED_VERIFIED,DIRECT_ACCEPTED,1.0,VERIFIED_CROSS_CPSE,HUMAN_ACCEPTED_HARMONIZATION,Verified cross-CPSE harmonization mapping supported by Phase 7 human review ACCEPT on candidate CAN-015995 with cryptographic evidence hash ...,CAN-015995,VALIDATED_COMPATIBLE,ACCEPT,,ELECTRICAL|XLPE|XLPE_INSULATED|3C_X_95_SQ_MM|500_M|IS_2026
5c66eb8c-4c86-5db4-8af5-f52df14c03e0,BHEL,BHEL-500070,STORES ITEM EQUAL TEE DN 100 Carbon Steel,CMM-PIPEF-ED1BE7-001,CMM-PIPEF-ED1BE7-001,MAPPED_VERIFIED,DIRECT_ACCEPTED,1.0,VERIFIED_CROSS_CPSE,HUMAN_ACCEPTED_HARMONIZATION,Verified cross-CPSE harmonization mapping supported by Phase 7 human review ACCEPT on candidate CAN-016233 with cryptographic evidence hash ...,CAN-016233,VALIDATED_COMPATIBLE,ACCEPT,,PIPE_FITTING|CARBON_STEEL|CARBON_STEEL|DN_100|3_M|DN_100|API_5L|PTFE_LINED
4f282c1a-e8b9-5abb-83cd-ea75a282f291,BHEL,BHEL-500071,SPARE-1/2 in Check Valve - SS316,CMM-VALVE-3C3B28-001,CMM-VALVE-3C3B28-001,MAPPED_VERIFIED,DIRECT_ACCEPTED,1.0,VERIFIED_CROSS_CPSE,HUMAN_ACCEPTED_HARMONIZATION,Verified cross-CPSE harmonization mapping supported by Phase 7 human review ACCEPT on candidate CAN-016292 with cryptographic evidence hash ...,CAN-016292,VALIDATED_COMPATIBLE,ACCEPT,,VALVE|CHECK_VALVE|STAINLESS_STEEL|SS_316|1_2_IN|1_2_IN|API_600
a3acb7e2-57f3-5a55-9b8d-8ec5191cc5d9,BHEL,BHEL-500072,30205 BALL BRG - Stainless Steel,CMM-BEARNG-491461-001,CMM-BEARNG-491461-001,REVIEW_REQUIRED,DIRECT_ACCEPTED,0.6,REVIEW_REQUIRED,AMBIGUOUS_ATTRIBUTE_HOLD,Attribute ambiguity in upstream candidate group; human review required.,,REVIEW_REQUIRED,,,BEARING|BALL_BEARING|STAINLESS_STEEL|STAINLESS_STEEL|30205|ISO_15
33272b62-d731-5f98-a3fe-1e4ccb79ff7b,BHEL,BHEL-500073,STORES ITEM OIL SEAL NBR 2 in,CMM-SEALG-067879-001,CMM-SEALG-067879-001,MAPPED_VERIFIED,DIRECT_ACCEPTED,1.0,VERIFIED_CROSS_CPSE,HUMAN_ACCEPTED_HARMONIZATION,Verified cross-CPSE harmonization mapping supported by Phase 7 human review ACCEPT on candidate CAN-016592 with cryptographic evidence hash ...,CAN-016592,VALIDATED_COMPATIBLE,ACCEPT,,SEAL_GASKET|LUBRICANT|NBR|2_IN|2_IN|API_682|ZINC_PLATED
c36229ab-54d4-5116-b3ae-56687f94d07e,BHEL,BHEL-500074,"SPARE-O-RING, Graphite, SIZE 50 mm",CMM-SEALG-80EA46-001,CMM-SEALG-80EA46-001,MAPPED_VERIFIED,DIRECT_ACCEPTED,1.0,VERIFIED_CROSS_CPSE,HUMAN_ACCEPTED_HARMONIZATION,Verified cross-CPSE harmonization mapping supported by Phase 7 human review ACCEPT on candidate CAN-016954 with cryptographic evidence hash ...,CAN-016954,VALIDATED_COMPATIBLE,ACCEPT,,SEAL_GASKET|GRAPHITE|50_MM|50_MM|PTFE_LINED
14ae6d80-8a56-5c0a-abfa-c6d8f076c291,BHEL,BHEL-500075,2 in FLANGE - ASTM A106 Gr B,CMM-PIPEF-68A5E4-001,CMM-PIPEF-68A5E4-001,MAPPED_VERIFIED,DIRECT_ACCEPTED,1.0,VERIFIED_CROSS_CPSE,HUMAN_ACCEPTED_HARMONIZATION,Verified cross-CPSE harmonization mapping supported by Phase 7 human review ACCEPT on candidate CAN-017043 with cryptographic evidence hash ...,CAN-017043,VALIDATED_COMPATIBLE,ACCEPT,,PIPE_FITTING|FLANGE|ASTM_A106_GRB|2_IN|1000_MM|80_MM|ASTM_A106|EPOXY_COATED
7a1853af-237b-58a4-b93f-d417b8bad03e,BHEL,BHEL-500076,"SPARE-Switchgear Panel, Copper, SIZE 3C x 95 sq mm",CMM-ELECTR-65A8AE-001,CMM-ELECTR-65A8AE-001,MAPPED_VERIFIED,DIRECT_ACCEPTED,1.0,VERIFIED_CROSS_CPSE,HUMAN_ACCEPTED_HARMONIZATION,Verified cross-CPSE harmonization mapping supported by Phase 7 human review ACCEPT on candidate CAN-017434 with cryptographic evidence hash ...,CAN-017434,VALIDATED_COMPATIBLE,ACCEPT,,ELECTRICAL|COPPER|3C_X_95_SQ_MM|IS_2026
816f7f74-ad84-5344-bb98-ae0cc84aa3ef,BHEL,BHEL-500077,SPARE-INDUCTION MOTOR 415V 100A Aluminium,CMM-ELECTR-42D24C-001,CMM-ELECTR-42D24C-001,REVIEW_REQUIRED,DIRECT_ACCEPTED,0.6,REVIEW_REQUIRED,AMBIGUOUS_ATTRIBUTE_HOLD,Attribute ambiguity in upstream candidate group; human review required.,,REVIEW_REQUIRED,,,ELECTRICAL|ALUMINIUM|415V_100A|500_M|IEC_60502
fb2c7bbc-7681-5da2-94fd-935f7c3aa6e6,BHEL,BHEL-500078,STORES ITEM PRESSURE GAUGE 4-20 mA Brass,CMM-INSTRU-DE763E-001,CMM-INSTRU-DE763E-001,MAPPED_VERIFIED,DIRECT_ACCEPTED,1.0,VERIFIED_CROSS_CPSE,HUMAN_ACCEPTED_HARMONIZATION,Verified cross-CPSE harmonization mapping supported by Phase 7 human review ACCEPT on candidate CAN-017885 with cryptographic evidence hash ...,CAN-017885,VALIDATED_COMPATIBLE,ACCEPT,,INSTRUMENTATION|PRESSURE_GAUGE|BRASS|4_20_MA
7665dc1a-0416-5c78-bb0c-fbd9c551e6db,BHEL,BHEL-500079,IND.CIRCUIT BREAKER XLPE Insulated 415V 100A,CMM-ELECTR-9FEFD2-001,CMM-ELECTR-9FEFD2-001,MAPPED_VERIFIED,DIRECT_ACCEPTED,1.0,VERIFIED_CROSS_CPSE,HUMAN_ACCEPTED_HARMONIZATION,Verified cross-CPSE harmonization mapping supported by Phase 7 human review ACCEPT on candidate CAN-018515 with cryptographic evidence hash ...,CAN-018515,VALIDATED_COMPATIBLE,ACCEPT,,ELECTRICAL|XLPE|XLPE_INSULATED|415V_100A|500_M|IEC_60502
d334d019-2d1b-5d37-b111-674dc0606a6a,BHEL,BHEL-500080,"IND.Roller Bearing, Stainless Steel, SIZE 30205",CMM-BEARNG-300A61-001,CMM-BEARNG-300A61-001,REVIEW_REQUIRED,DIRECT_ACCEPTED,0.6,REVIEW_REQUIRED,AMBIGUOUS_ATTRIBUTE_HOLD,Attribute ambiguity in upstream candidate group; human review required.,,REVIEW_REQUIRED,,,BEARING|STAINLESS_STEEL|STAINLESS_STEEL|30205
6470cb4b-72e9-5d91-9b43-b593a81ab05f,BHEL,BHEL-500081,IND.XLPE CABLE Copper 3C x 95 sq mm,CMM-ELECTR-266707-001,CMM-ELECTR-266707-001,MAPPED_VERIFIED,DIRECT_ACCEPTED,1.0,VERIFIED_CROSS_CPSE,HUMAN_ACCEPTED_HARMONIZATION,Verified cross-CPSE harmonization mapping supported by Phase 7 human review ACCEPT on candidate CAN-018874 with cryptographic evidence hash ...,CAN-018874,VALIDATED_COMPATIBLE,ACCEPT,,ELECTRICAL|CABLE|XLPE|COPPER|3C_X_95_SQ_MM|1000_M|IS_2026
b4d08e9d-ac84-58ff-89e2-06ab289d32b1,BHEL,BHEL-500082,M20 x 80 Hex Nut - Carbon Steel,CMM-FASTNR-B017A6-001,CMM-FASTNR-B017A6-001,MAPPED_VERIFIED,DIRECT_ACCEPTED,1.0,VERIFIED_CROSS_CPSE,HUMAN_ACCEPTED_HARMONIZATION,Verified cross-CPSE harmonization mapping supported by Phase 7 human review ACCEPT on candidate CAN-019173 with cryptographic evidence hash ...,CAN-019173,VALIDATED_COMPATIBLE,ACCEPT,,FASTENER|NUT|HEX|CARBON_STEEL|CARBON_STEEL|M20_X_80|80_MM|ASME_B182
ffefec72-c5ce-593f-b07a-2705d4cf33f0,BHEL,BHEL-500083,IND.FLAT WASHER M24 x 100 SS304,CMM-FASTNR-C18604-001,CMM-FASTNR-C18604-001,MAPPED_VERIFIED,DIRECT_ACCEPTED,1.0,VERIFIED_CROSS_CPSE,HUMAN_ACCEPTED_HARMONIZATION,Verified cross-CPSE harmonization mapping supported by Phase 7 human review ACCEPT on candidate CAN-019262 with cryptographic evidence hash ...,CAN-019262,VALIDATED_COMPATIBLE,ACCEPT,,FASTENER|WASHER|STAINLESS_STEEL|SS_304|M24_X_100|100_MM|ASME_B182
fd837c8c-b735-5e8e-9ccb-f42374810d21,BHEL,BHEL-500084,IND.TEMPERATURE TRANSMITTER 0-100 bar SS316,CMM-INSTRU-2B591E-001,CMM-INSTRU-2B591E-001,REVIEW_REQUIRED,DIRECT_ACCEPTED,0.6,REVIEW_REQUIRED,AMBIGUOUS_ATTRIBUTE_HOLD,Attribute ambiguity in upstream candidate group; human review required.,,REVIEW_REQUIRED,,,INSTRUMENTATION|STAINLESS_STEEL|SS_316|0_100_BAR
79ea35a7-16a7-5e13-8eb5-5640fbe8d6ac,BHEL,BHEL-500085,"STORES ITEM Butterfly Valve, WCB, SIZE 4 in",CMM-VALVE-0728B9-001,CMM-VALVE-0728B9-001,MAPPED_VERIFIED,DIRECT_ACCEPTED,1.0,VERIFIED_CROSS_CPSE,HUMAN_ACCEPTED_HARMONIZATION,Verified cross-CPSE harmonization mapping supported by Phase 7 human review ACCEPT on candidate CAN-019744 with cryptographic evidence hash ...,CAN-019744,VALIDATED_COMPATIBLE,ACCEPT,,VALVE|BUTTERFLY_VALVE|ASTM_A216_WCB|4_IN|API_600|ZINC_PLATED
1f80bf5f-c453-54ce-8b46-bb9ceaf5fd00,BHEL,BHEL-500086,"BALL VLV, ASTM A351 CF8M, SIZE DN 150",CMM-VALVE-6D7FC6-001,CMM-VALVE-6D7FC6-001,MAPPED_VERIFIED,DIRECT_ACCEPTED,1.0,VERIFIED_CROSS_CPSE,HUMAN_ACCEPTED_HARMONIZATION,Verified cross-CPSE harmonization mapping supported by Phase 7 human review ACCEPT on candidate CAN-020045 with cryptographic evidence hash ...,CAN-020045,VALIDATED_COMPATIBLE,ACCEPT,,VALVE|BALL_VALVE|ASTM_A351_CF8M|DN_150|API_602|EPOXY_COATED
cbf1ae2c-bb48-5eed-8136-b12b3551e33e,BHEL,BHEL-500087,SPARE-LEVEL TRANSMITTER SS316 4-20 mA,CMM-INSTRU-7A3205-001,CMM-INSTRU-7A3205-001,REVIEW_REQUIRED,DIRECT_ACCEPTED,0.6,REVIEW_REQUIRED,AMBIGUOUS_ATTRIBUTE_HOLD,Attribute ambiguity in upstream candidate group; human review required.,,REVIEW_REQUIRED,,,INSTRUMENTATION|STAINLESS_STEEL|SS_316|4_20_MA|IEC_60529
60a87e9c-5ac2-5da4-bddd-50b0d519314c,BHEL,BHEL-500088,"SPARE-CHECK VALVE, ASTM A216 WCB, SIZE DN 50",CMM-VALVE-66AEAC-001,CMM-VALVE-66AEAC-001,REVIEW_REQUIRED,DIRECT_ACCEPTED,0.6,REVIEW_REQUIRED,AMBIGUOUS_ATTRIBUTE_HOLD,Attribute ambiguity in upstream candidate group; human review required.,,REVIEW_REQUIRED,,,VALVE|CHECK_VALVE|ASTM_A216_WCB|DN_50|API_600
69ce3328-5d91-55b9-9b82-fe3f4145d494,BHEL,BHEL-500089,"IND.EQUAL TEE, Alloy Steel, SIZE DN 150",CMM-PIPEF-100E96-001,CMM-PIPEF-100E96-001,MAPPED_VERIFIED,DIRECT_ACCEPTED,1.0,VERIFIED_CROSS_CPSE,HUMAN_ACCEPTED_HARMONIZATION,Verified cross-CPSE harmonization mapping supported by Phase 7 human review ACCEPT on candidate CAN-021004 with cryptographic evidence hash ...,CAN-021004,VALIDATED_COMPATIBLE,ACCEPT,,PIPE_FITTING|ALLOY_STEEL|DN_150|6_M|50_MM|ASTM_A106
c6dd18e1-81b3-584d-bedf-c543e97a8812,BHEL,BHEL-500090,SPARE-VERTICAL TURBINE PUMP 2 in x 1.5 in SS316,CMM-PUMP-FC6AAF-001,CMM-PUMP-FC6AAF-001,MAPPED_VERIFIED,DIRECT_ACCEPTED,1.0,VERIFIED_CROSS_CPSE,HUMAN_ACCEPTED_HARMONIZATION,Verified cross-CPSE harmonization mapping supported by Phase 7 human review ACCEPT on candidate CAN-021275 with cryptographic evidence hash ...,CAN-021275,VALIDATED_COMPATIBLE,ACCEPT,,PUMP|STAINLESS_STEEL|SS_316|2_IN_X_15_IN|2_IN_X_15_IN|IS_1520|VERTICAL
a8405679-0466-5946-a5cb-09b96b88e78d,BHEL,BHEL-500091,"SUBMERSIBLE PUMP, Carbon Steel, SIZE 3 in x 2 in",CMM-PUMP-FEF7B9-001,CMM-PUMP-FEF7B9-001,MAPPED_VERIFIED,DIRECT_ACCEPTED,1.0,VERIFIED_CROSS_CPSE,HUMAN_ACCEPTED_HARMONIZATION,Verified cross-CPSE harmonization mapping supported by Phase 7 human review ACCEPT on candidate CAN-021543 with cryptographic evidence hash ...,CAN-021543,VALIDATED_COMPATIBLE,ACCEPT,,PUMP|CARBON_STEEL|CARBON_STEEL|3_IN_X_2_IN|ISO_2858
cd079b30-ad0a-5865-a162-b7737f8f0a69,BHEL,BHEL-500092,Spiral Wound Gasket 2 in Viton,CMM-SEALG-DE8656-001,CMM-SEALG-DE8656-001,MAPPED_VERIFIED,DIRECT_ACCEPTED,1.0,VERIFIED_CROSS_CPSE,HUMAN_ACCEPTED_HARMONIZATION,Verified cross-CPSE harmonization mapping supported by Phase 7 human review ACCEPT on candidate CAN-021632 with cryptographic evidence hash ...,CAN-021632,VALIDATED_COMPATIBLE,ACCEPT,,SEAL_GASKET|SPIRAL_WOUND_GASKET|VITON|2_IN|2_IN|ASME_B1620
338ecb89-69de-5989-a6bf-a5f351c8ccc9,BHEL,BHEL-500093,"Switchgear Panel, XLPE Insulated, SIZE 3C x 95 sq mm",CMM-ELECTR-6BCE45-001,CMM-ELECTR-6BCE45-001,MAPPED_VERIFIED,DIRECT_ACCEPTED,1.0,VERIFIED_CROSS_CPSE,HUMAN_ACCEPTED_HARMONIZATION,Verified cross-CPSE harmonization mapping supported by Phase 7 human review ACCEPT on candidate CAN-021694 with cryptographic evidence hash ...,CAN-021694,VALIDATED_COMPATIBLE,ACCEPT,,ELECTRICAL|XLPE|XLPE_INSULATED|3C_X_95_SQ_MM|1000_M|IEC_60502
63e88d57-e8d8-5a07-918c-a75168d15a23,BHEL,BHEL-500094,IND.HX BOLT Grade B7 M20 x 80,CMM-FASTNR-B810F4-001,CMM-FASTNR-B810F4-001,MAPPED_VERIFIED,DIRECT_ACCEPTED,1.0,VERIFIED_CROSS_CPSE,HUMAN_ACCEPTED_HARMONIZATION,Verified cross-CPSE harmonization mapping supported by Phase 7 human review ACCEPT on candidate CAN-021932 with cryptographic evidence hash ...,CAN-021932,VALIDATED_COMPATIBLE,ACCEPT,,FASTENER|BOLT|GRADE_B7|M20_X_80|80_MM|ASME_B182
2740c389-aca4-5ad0-99f4-f7cbf1fc1fdf,BHEL,BHEL-500095,STORES ITEM VERTICAL TURBINE PUMP Duplex Steel DN 80,CMM-PUMP-13DAB4-001,CMM-PUMP-13DAB4-001,MAPPED_VERIFIED,DIRECT_ACCEPTED,1.0,VERIFIED_CROSS_CPSE,HUMAN_ACCEPTED_HARMONIZATION,Verified cross-CPSE harmonization mapping supported by Phase 7 human review ACCEPT on candidate CAN-022234 with cryptographic evidence hash ...,CAN-022234,VALIDATED_COMPATIBLE,ACCEPT,,PUMP|DUPLEX_STEEL|DN_80|ISO_2858|VERTICAL
e41f5bfc-f12f-569c-97f3-40ceb1882d0f,BHEL,BHEL-500096,SPARE-LEVEL TRANSMITTER SS316 4-20 mA,CMM-INSTRU-7A3205-001,CMM-INSTRU-7A3205-001,REVIEW_REQUIRED,DIRECT_ACCEPTED,0.6,REVIEW_REQUIRED,AMBIGUOUS_ATTRIBUTE_HOLD,Attribute ambiguity in upstream candidate group; human review required.,,REVIEW_REQUIRED,,,INSTRUMENTATION|STAINLESS_STEEL|SS_316|4_20_MA|IEC_60529
1a6de8c7-88b1-5271-9b5c-aaa291722101,BHEL,BHEL-500097,IND.6 in Ball Valve - SS304,CMM-VALVE-1D70F9-001,CMM-VALVE-1D70F9-001,MAPPED_VERIFIED,DIRECT_ACCEPTED,1.0,VERIFIED_CROSS_CPSE,HUMAN_ACCEPTED_HARMONIZATION,Verified cross-CPSE harmonization mapping supported by Phase 7 human review ACCEPT on candidate CAN-022773 with cryptographic evidence hash ...,CAN-022773,VALIDATED_COMPATIBLE,ACCEPT,,VALVE|BALL_VALVE|STAINLESS_STEEL|SS_304|6_IN|6_IN|API_602
de59cd30-f016-5ee8-896d-bb5cad86b3e5,BHEL,BHEL-500098,IND.M10 x 40 Hex Nut - Grade 10.9,CMM-FASTNR-39EA95-001,CMM-FASTNR-39EA95-001,MAPPED_VERIFIED,DIRECT_ACCEPTED,1.0,VERIFIED_CROSS_CPSE,HUMAN_ACCEPTED_HARMONIZATION,Verified cross-CPSE harmonization mapping supported by Phase 7 human review ACCEPT on candidate CAN-022833 with cryptographic evidence hash ...,CAN-022833,VALIDATED_COMPATIBLE,ACCEPT,,FASTENER|NUT|HEX|GRADE_109|M10_X_40|40_MM|ZINC_PLATED
9fd47c40-fa64-5228-90b1-3800f76f8c34,BHEL,BHEL-500099,SPARE-Control Valve 4 in SS316,CMM-VALVE-DBB44B-001,CMM-VALVE-DBB44B-001,MAPPED_VERIFIED,DIRECT_ACCEPTED,1.0,VERIFIED_CROSS_CPSE,HUMAN_ACCEPTED_HARMONIZATION,Verified cross-CPSE harmonization mapping supported by Phase 7 human review ACCEPT on candidate CAN-023252 with cryptographic evidence hash ...,CAN-023252,VALIDATED_COMPATIBLE,ACCEPT,,VALVE|STAINLESS_STEEL|SS_316|4_IN|API_600|EPOXY_COATED
9cc6a7fd-592b-5370-a787-acafc728d87c,BHEL,BHEL-500100,IND.RTD SENSOR 4-20 mA SS316,CMM-INSTRU-7A3205-001,CMM-INSTRU-7A3205-001,REVIEW_REQUIRED,DIRECT_ACCEPTED,0.6,REVIEW_REQUIRED,AMBIGUOUS_ATTRIBUTE_HOLD,Attribute ambiguity in upstream candidate group; human review required.,,REVIEW_REQUIRED,,,INSTRUMENTATION|STAINLESS_STEEL|SS_316|4_20_MA|IEC_60529
fe473261-c8bd-5305-814e-db133a0665e8,BHEL,BHEL-500101,IND.NEEDLE BEARING 6304 Chrome Steel,CMM-BEARNG-A74B84-001,CMM-BEARNG-A74B84-001,REVIEW_REQUIRED,DIRECT_ACCEPTED,0.6,REVIEW_REQUIRED,AMBIGUOUS_ATTRIBUTE_HOLD,Attribute ambiguity in upstream candidate group; human review required.,,REVIEW_REQUIRED,,,BEARING|CHROME_STEEL|CHROME_STEEL|6304|ISO_15
94028212-4b74-5149-9183-54840c2aa368,BHEL,BHEL-500102,NEEDLE BEARING 6208 Chrome Steel,CMM-BEARNG-17B18A-001,CMM-BEARNG-17B18A-001,MAPPED_VERIFIED,DIRECT_ACCEPTED,1.0,VERIFIED_CROSS_CPSE,HUMAN_ACCEPTED_HARMONIZATION,Verified cross-CPSE harmonization mapping supported by Phase 7 human review ACCEPT on candidate CAN-023854 with cryptographic evidence hash ...,CAN-023854,VALIDATED_COMPATIBLE,ACCEPT,,BEARING|CHROME_STEEL|CHROME_STEEL|6208
56dd2f0c-ca65-544a-a9cf-0a03a8f78edd,BHEL,BHEL-500103,Anchor Bolt Carbon Steel M24 x 100,CMM-FASTNR-42CB56-001,CMM-FASTNR-42CB56-001,MAPPED_VERIFIED,DIRECT_ACCEPTED,1.0,VERIFIED_CROSS_CPSE,HUMAN_ACCEPTED_HARMONIZATION,Verified cross-CPSE harmonization mapping supported by Phase 7 human review ACCEPT on candidate CAN-024155 with cryptographic evidence hash ...,CAN-024155,VALIDATED_COMPATIBLE,ACCEPT,,FASTENER|BOLT|CARBON_STEEL|CARBON_STEEL|M24_X_100|100_MM
209c2ae3-b5d5-5a98-a033-ab8c486dbf63,BHEL,BHEL-500104,"IND.TEMPERATURE TRANSMITTER, Brass, SIZE 0-100 bar",CMM-INSTRU-027BD0-001,CMM-INSTRU-027BD0-001,REVIEW_REQUIRED,DIRECT_ACCEPTED,0.6,REVIEW_REQUIRED,AMBIGUOUS_ATTRIBUTE_HOLD,Attribute ambiguity in upstream candidate group; human review required.,,REVIEW_REQUIRED,,,INSTRUMENTATION|BRASS|0_100_BAR|ASME_B40100
dfd9178d-5611-583e-b260-06d705656ac8,BHEL,BHEL-500105,SPARE-LEVEL TRANSMITTER Brass 0-500 Deg C,CMM-INSTRU-C7F4D5-001,CMM-INSTRU-C7F4D5-001,REVIEW_REQUIRED,DIRECT_ACCEPTED,0.6,REVIEW_REQUIRED,AMBIGUOUS_ATTRIBUTE_HOLD,Attribute ambiguity in upstream candidate group; human review required.,,REVIEW_REQUIRED,,,INSTRUMENTATION|BRASS|0_500_DEG_C
dc9cd67d-c2e2-5e41-bbcc-ca8704c7241e,BHEL,BHEL-500106,IND.O-RING PTFE 65 mm,CMM-SEALG-F01715-001,CMM-SEALG-F01715-001,MAPPED_VERIFIED,DIRECT_ACCEPTED,1.0,VERIFIED_CROSS_CPSE,HUMAN_ACCEPTED_HARMONIZATION,Verified cross-CPSE harmonization mapping supported by Phase 7 human review ACCEPT on candidate CAN-024842 with cryptographic evidence hash ...,CAN-024842,VALIDATED_COMPATIBLE,ACCEPT,,SEAL_GASKET|PTFE|65_MM|API_682|PTFE
07dec504-b5ff-56c4-a459-c4e4fa6de1ff,BHEL,BHEL-500107,IND.Hex Nut M12 x 50 Grade 8.8,CMM-FASTNR-412B68-001,CMM-FASTNR-412B68-001,REVIEW_REQUIRED,DIRECT_ACCEPTED,0.6,REVIEW_REQUIRED,AMBIGUOUS_ATTRIBUTE_HOLD,Attribute ambiguity in upstream candidate group; human review required.,,REVIEW_REQUIRED,,,FASTENER|NUT|HEX|GRADE_88|M12_X_50|50_MM|ASTM_A193
41721518-3bc8-5dd2-8df5-b0de18fdbecd,BHEL,BHEL-500108,65 mm OIL SEAL - Graphite,CMM-SEALG-7A9F00-001,CMM-SEALG-7A9F00-001,MAPPED_VERIFIED,DIRECT_ACCEPTED,1.0,VERIFIED_CROSS_CPSE,HUMAN_ACCEPTED_HARMONIZATION,Verified cross-CPSE harmonization mapping supported by Phase 7 human review ACCEPT on candidate CAN-024994 with cryptographic evidence hash ...,CAN-024994,VALIDATED_COMPATIBLE,ACCEPT,,SEAL_GASKET|LUBRICANT|GRAPHITE|65_MM|65_MM|ASME_B1620
1f3c0310-e933-54b3-a818-51bba76d3d89,BHEL,BHEL-500109,IND.4-20 mA FLOW METER - SS316,CMM-INSTRU-1E073D-001,CMM-INSTRU-1E073D-001,REVIEW_REQUIRED,DIRECT_ACCEPTED,0.6,REVIEW_REQUIRED,AMBIGUOUS_ATTRIBUTE_HOLD,Attribute ambiguity in upstream candidate group; human review required.,,REVIEW_REQUIRED,,,INSTRUMENTATION|STAINLESS_STEEL|SS_316|4_20_MA|ASME_B40100
e0371c49-30c7-52fc-b5c6-118adb70380c,BHEL,BHEL-500110,IND.100 mm MECHANICAL SEAL - NBR,CMM-SEALG-DB0B11-001,CMM-SEALG-DB0B11-001,MAPPED_VERIFIED,DIRECT_ACCEPTED,1.0,VERIFIED_CROSS_CPSE,HUMAN_ACCEPTED_HARMONIZATION,Verified cross-CPSE harmonization mapping supported by Phase 7 human review ACCEPT on candidate CAN-025895 with cryptographic evidence hash ...,CAN-025895,VALIDATED_COMPATIBLE,ACCEPT,,SEAL_GASKET|NBR|100_MM|ASME_B1620
c86d359c-8d97-5fab-b99c-e42ff8a81876,BHEL,BHEL-500111,INDUCTION MOTOR 415V 100A Aluminium,CMM-ELECTR-62038E-001,CMM-ELECTR-62038E-001,MAPPED_VERIFIED,DIRECT_ACCEPTED,1.0,VERIFIED_CROSS_CPSE,HUMAN_ACCEPTED_HARMONIZATION,Verified cross-CPSE harmonization mapping supported by Phase 7 human review ACCEPT on candidate CAN-026167 with cryptographic evidence hash ...,CAN-026167,VALIDATED_COMPATIBLE,ACCEPT,,ELECTRICAL|ALUMINIUM|415V_100A|IS_13947
3643fedf-65c2-5e66-a3b6-0f81c432fc29,BHEL,BHEL-500112,100 mm OIL SEAL - Viton,CMM-SEALG-96ED36-001,CMM-SEALG-96ED36-001,MAPPED_VERIFIED,DIRECT_ACCEPTED,1.0,VERIFIED_CROSS_CPSE,HUMAN_ACCEPTED_HARMONIZATION,Verified cross-CPSE harmonization mapping supported by Phase 7 human review ACCEPT on candidate CAN-026343 with cryptographic evidence hash ...,CAN-026343,VALIDATED_COMPATIBLE,ACCEPT,,SEAL_GASKET|LUBRICANT|VITON|100_MM|API_682
36ff1c2b-33c1-5017-901e-c0a83c1e5fe6,BHEL,BHEL-500113,IND.Submersible Pump 2 in x 1.5 in Alloy Steel 600#,CMM-PUMP-194977-001,CMM-PUMP-194977-001,MAPPED_STANDALONE,STANDALONE,1.0,STANDALONE_IDENTITY,STANDALONE_CANONICAL_SYNTHESIS,1-to-1 deterministic identity mapping to governed Phase 8 standalone CMM candidate. Does not imply cross-CPSE equivalence or harmonization.,,,,,PUMP|ALLOY_STEEL|2_IN_X_15_IN|2_IN_X_15_IN|IS_1520
1f3fc2c7-16d3-5c18-8411-0e4902b87fe1,BHEL,BHEL-500114,"Thrust Bearing, Stainless Steel, SIZE 30205 300#",CMM-BEARNG-300A61-001,CMM-BEARNG-300A61-001,REVIEW_REQUIRED,DIRECT_ACCEPTED,0.6,REVIEW_REQUIRED,AMBIGUOUS_ATTRIBUTE_HOLD,Attribute ambiguity in upstream candidate group; human review required.,,REVIEW_REQUIRED,,,BEARING|STAINLESS_STEEL|STAINLESS_STEEL|30205
8f6bf6fa-a513-5247-a037-2b3ae366aabe,BHEL,BHEL-500115,OIL SEAL 600# NBR 50 mm,CMM-SEALG-E86469-001,CMM-SEALG-E86469-001,REVIEW_REQUIRED,DIRECT_ACCEPTED,0.6,REVIEW_REQUIRED,AMBIGUOUS_ATTRIBUTE_HOLD,Attribute ambiguity in upstream candidate group; human review required.,,REVIEW_REQUIRED,,,SEAL_GASKET|LUBRICANT|NBR|50_MM|ASME_B1620
13a0dc44-01bc-5603-84e9-967d436f0285,BHEL,BHEL-500116,M12 x 50 SOCKET HEAD SCREW - Grade 10.9 600#,CMM-FASTNR-375FF8-001,CMM-FASTNR-375FF8-001,MAPPED_STANDALONE,STANDALONE,1.0,STANDALONE_IDENTITY,STANDALONE_CANONICAL_SYNTHESIS,1-to-1 deterministic identity mapping to governed Phase 8 standalone CMM candidate. Does not imply cross-CPSE equivalence or harmonization.,,,,,FASTENER|GRADE_109|M12_X_50|50_MM|IS_1367|ZINC_PLATED
fd953e0f-0876-5bc3-9f94-7e0c1538c47b,BHEL,BHEL-500117,"STORES ITEM BUTTERFLY VALVE, SS316, SIZE 1 in 150#",CMM-VALVE-1B731F-001,CMM-VALVE-1B731F-001,MAPPED_STANDALONE,STANDALONE,1.0,STANDALONE_IDENTITY,STANDALONE_CANONICAL_SYNTHESIS,1-to-1 deterministic identity mapping to governed Phase 8 standalone CMM candidate. Does not imply cross-CPSE equivalence or harmonization.,,,,,VALVE|BUTTERFLY_VALVE|STAINLESS_STEEL|SS_316|1_IN|API_598
e3f56d89-63c2-5c06-abac-5838a9b76c59,BHEL,BHEL-500118,IND.6208 Thrust Bearing - AISI 52100 600#,CMM-BEARNG-1E674F-001,CMM-BEARNG-1E674F-001,MAPPED_VERIFIED,DIRECT_ACCEPTED,1.0,VERIFIED_CROSS_CPSE,HUMAN_ACCEPTED_HARMONIZATION,Verified cross-CPSE harmonization mapping supported by Phase 7 human review ACCEPT on candidate CAN-028113 with cryptographic evidence hash ...,CAN-028113,VALIDATED_COMPATIBLE,ACCEPT,,BEARING|AISI_52100|6208
f7955868-f88c-567c-b7df-dd7a09f23e5f,BHEL,BHEL-500119,Distribution Transformer 3C x 95 sq mm XLPE Insulated 600#,CMM-ELECTR-57C166-001,CMM-ELECTR-57C166-001,MAPPED_VERIFIED,DIRECT_ACCEPTED,1.0,VERIFIED_CROSS_CPSE,HUMAN_ACCEPTED_HARMONIZATION,Verified cross-CPSE harmonization mapping supported by Phase 7 human review ACCEPT on candidate CAN-028201 with cryptographic evidence hash ...,CAN-028201,VALIDATED_COMPATIBLE,ACCEPT,,ELECTRICAL|XLPE|XLPE_INSULATED|3C_X_95_SQ_MM|1000_M|IS_2026
9ecd97dd-788e-5c83-9ea3-8a58cb2b1358,BHEL,BHEL-500120,SOCKET HEAD SCREW 600# Grade 10.9 M16 x 65,CMM-FASTNR-DD91F0-001,CMM-FASTNR-DD91F0-001,MAPPED_STANDALONE,STANDALONE,1.0,STANDALONE_IDENTITY,STANDALONE_CANONICAL_SYNTHESIS,1-to-1 deterministic identity mapping to governed Phase 8 standalone CMM candidate. Does not imply cross-CPSE equivalence or harmonization.,,,,,FASTENER|GRADE_109|M16_X_65|65_MM|ASME_B182
dad38bfe-ef53-5f20-b890-dae924ed9f0f,BHEL,BHEL-500121,CIRCUIT BREAKER 1C x 300 sq mm XLPE Insulated 600#,CMM-ELECTR-8C5683-001,CMM-ELECTR-8C5683-001,REVIEW_REQUIRED,DIRECT_ACCEPTED,0.6,REVIEW_REQUIRED,AMBIGUOUS_ATTRIBUTE_HOLD,Attribute ambiguity in upstream candidate group; human review required.,,REVIEW_REQUIRED,,,ELECTRICAL|XLPE|XLPE_INSULATED|1C_X_300_SQ_MM|IS_13947
3840316e-554a-5ae8-91e5-feab4d75f9f9,BHEL,BHEL-500122,STORES ITEM Elbow 90 Deg 2 in IS 2062 300#,CMM-PIPEF-69E890-001,CMM-PIPEF-69E890-001,MAPPED_VERIFIED,DIRECT_ACCEPTED,1.0,VERIFIED_CROSS_CPSE,HUMAN_ACCEPTED_HARMONIZATION,Verified cross-CPSE harmonization mapping supported by Phase 7 human review ACCEPT on candidate CAN-029461 with cryptographic evidence hash ...,CAN-029461,VALIDATED_COMPATIBLE,ACCEPT,,PIPE_FITTING|ELBOW|IS_2062|2_IN|25_MM|ASTM_A106|PTFE_LINED
aa493676-2086-5af2-a34b-f64983dfab17,BHEL,BHEL-500123,"SPIRAL WOUND GASKET, NBR, SIZE 2 in 600#",CMM-SEALG-091BCF-001,CMM-SEALG-091BCF-001,MAPPED_VERIFIED,DIRECT_ACCEPTED,1.0,VERIFIED_CROSS_CPSE,HUMAN_ACCEPTED_HARMONIZATION,Verified cross-CPSE harmonization mapping supported by Phase 7 human review ACCEPT on candidate CAN-029761 with cryptographic evidence hash ...,CAN-029761,VALIDATED_COMPATIBLE,ACCEPT,,SEAL_GASKET|SPIRAL_WOUND_GASKET|NBR|2_IN|2_IN|ASME_B1620
228a1d70-94eb-56ba-8c9c-7d16688a281a,BHEL,BHEL-500124,Gear Pump 3 in x 2 in Cast Iron 150#,CMM-PUMP-4393F2-001,CMM-PUMP-4393F2-001,MAPPED_VERIFIED,DIRECT_ACCEPTED,1.0,VERIFIED_CROSS_CPSE,HUMAN_ACCEPTED_HARMONIZATION,Verified cross-CPSE harmonization mapping supported by Phase 7 human review ACCEPT on candidate CAN-029941 with cryptographic evidence hash ...,CAN-029941,VALIDATED_COMPATIBLE,ACCEPT,,PUMP|CAST_IRON|3_IN_X_2_IN|3_IN_X_2_IN|ISO_2858|CAST
d15dd4b0-f0a9-58eb-b5e7-40c360826a6e,BHEL,BHEL-500125,"LEVEL TRANSMITTER, SS304, SIZE 4-20 mA 600#",CMM-INSTRU-B12635-001,CMM-INSTRU-B12635-001,MAPPED_VERIFIED,DIRECT_ACCEPTED,1.0,VERIFIED_CROSS_CPSE,HUMAN_ACCEPTED_HARMONIZATION,Verified cross-CPSE harmonization mapping supported by Phase 7 human review ACCEPT on candidate CAN-029731 with cryptographic evidence hash ...,CAN-029731,VALIDATED_COMPATIBLE,ACCEPT,,INSTRUMENTATION|STAINLESS_STEEL|SS_304|4_20_MA|ASME_B40100
c8486548-7c73-5641-9cc3-c82074c4d314,BHEL,BHEL-500126,"STORES ITEM Hex Bolt, Grade 10.9, SIZE M16 x 65 600#",CMM-FASTNR-6E500C-001,CMM-FASTNR-6E500C-001,MAPPED_STANDALONE,STANDALONE,1.0,STANDALONE_IDENTITY,STANDALONE_CANONICAL_SYNTHESIS,1-to-1 deterministic identity mapping to governed Phase 8 standalone CMM candidate. Does not imply cross-CPSE equivalence or harmonization.,,,,,FASTENER|BOLT|HEX|GRADE_109|M16_X_65|65_MM|IS_1367|ZINC_PLATED
87e54cc1-a476-57ac-a9b0-6958bcdcab14,BHEL,BHEL-500127,STORES ITEM 2 in x 1.5 in VERTICAL TURBINE PUMP - Cast Iron 150#,CMM-PUMP-FA44B3-001,CMM-PUMP-FA44B3-001,MAPPED_VERIFIED,DIRECT_ACCEPTED,1.0,VERIFIED_CROSS_CPSE,HUMAN_ACCEPTED_HARMONIZATION,Verified cross-CPSE harmonization mapping supported by Phase 7 human review ACCEPT on candidate CAN-030603 with cryptographic evidence hash ...,CAN-030603,VALIDATED_COMPATIBLE,ACCEPT,,PUMP|CAST_IRON|2_IN_X_15_IN|IS_1520|CAST|VERTICAL
a6bd4405-9f3e-50f3-beac-69541940f6f7,BHEL,BHEL-500128,IND.FLOW METER 300# Polycarbonate 0-500 Deg C,CMM-INSTRU-E72497-001,CMM-INSTRU-E72497-001,MAPPED_VERIFIED,DIRECT_ACCEPTED,1.0,VERIFIED_CROSS_CPSE,HUMAN_ACCEPTED_HARMONIZATION,Verified cross-CPSE harmonization mapping supported by Phase 7 human review ACCEPT on candidate CAN-030841 with cryptographic evidence hash ...,CAN-030841,VALIDATED_COMPATIBLE,ACCEPT,,INSTRUMENTATION|POLYCARBONATE|0_500_DEG_C|ASME_B40100
e6c4986f-f6f8-537f-8594-014f3c68d501,BHEL,BHEL-500129,STORES ITEM 415V 100A Switchgear Panel - XLPE Insulated 150#,CMM-ELECTR-C3E195-001,CMM-ELECTR-C3E195-001,MAPPED_VERIFIED,DIRECT_ACCEPTED,1.0,VERIFIED_CROSS_CPSE,HUMAN_ACCEPTED_HARMONIZATION,Verified cross-CPSE harmonization mapping supported by Phase 7 human review ACCEPT on candidate CAN-030961 with cryptographic evidence hash ...,CAN-030961,VALIDATED_COMPATIBLE,ACCEPT,,ELECTRICAL|XLPE|XLPE_INSULATED|415V_100A|IEC_60502
a85aa8b6-552c-5814-be09-5ed17b6118f7,BHEL,BHEL-500130,STORES ITEM 1 in Ball Valve - ASTM A216 WCB 300#,CMM-VALVE-93B52B-001,CMM-VALVE-93B52B-001,MAPPED_STANDALONE,STANDALONE,1.0,STANDALONE_IDENTITY,STANDALONE_CANONICAL_SYNTHESIS,1-to-1 deterministic identity mapping to governed Phase 8 standalone CMM candidate. Does not imply cross-CPSE equivalence or harmonization.,,,,,VALVE|BALL_VALVE|ASTM_A216_WCB|1_IN|1_IN|API_600|ZINC_PLATED
7812e40c-2ad0-5dcd-ba8c-1b72e48ba7ab,BHEL,BHEL-500131,SPARE-GATE VLV 600# SS304 1/2 in,CMM-VALVE-C0CF03-001,CMM-VALVE-C0CF03-001,MAPPED_STANDALONE,STANDALONE,1.0,STANDALONE_IDENTITY,STANDALONE_CANONICAL_SYNTHESIS,1-to-1 deterministic identity mapping to governed Phase 8 standalone CMM candidate. Does not imply cross-CPSE equivalence or harmonization.,,,,,VALVE|GATE_VALVE|STAINLESS_STEEL|SS_304|1_2_IN|ASME_B1634
a4925aba-732e-58a8-bbb2-7c044494a281,BHEL,BHEL-500132,STORES ITEM DN 50 GLOBE VALVE - ASTM A351 CF8M 600#,CMM-VALVE-B1DCF5-001,CMM-VALVE-B1DCF5-001,MAPPED_STANDALONE,STANDALONE,1.0,STANDALONE_IDENTITY,STANDALONE_CANONICAL_SYNTHESIS,1-to-1 deterministic identity mapping to governed Phase 8 standalone CMM candidate. Does not imply cross-CPSE equivalence or harmonization.,,,,,VALVE|GLOBE_VALVE|ASTM_A351_CF8M|DN_50|API_600
7178ec08-221a-53f6-b368-a947a9d3b46b,BHEL,BHEL-500133,"RECIPROCATING PUMP, Cast Iron, SIZE DN 100 150#",CMM-PUMP-36F968-001,CMM-PUMP-36F968-001,MAPPED_VERIFIED,DIRECT_ACCEPTED,1.0,VERIFIED_CROSS_CPSE,HUMAN_ACCEPTED_HARMONIZATION,Verified cross-CPSE harmonization mapping supported by Phase 7 human review ACCEPT on candidate CAN-031561 with cryptographic evidence hash ...,CAN-031561,VALIDATED_COMPATIBLE,ACCEPT,,PUMP|CAST_IRON|DN_100|DN_100|IS_1520|CAST
e9bb1c11-38ff-55dc-ba10-faacec070f56,BHEL,BHEL-500134,HEX NUT M12 x 50 Alloy Steel 150#,CMM-FASTNR-59C34E-001,CMM-FASTNR-59C34E-001,MAPPED_STANDALONE,STANDALONE,1.0,STANDALONE_IDENTITY,STANDALONE_CANONICAL_SYNTHESIS,1-to-1 deterministic identity mapping to governed Phase 8 standalone CMM candidate. Does not imply cross-CPSE equivalence or harmonization.,,,,,FASTENER|NUT|HEX|ALLOY_STEEL|M12_X_50|50_MM|IS_1367|ZINC_PLATED
07c49229-deb3-5137-b30a-1008d9df93f1,BHEL,BHEL-500135,STORES ITEM PUMP CENTRIF 2 in x 1.5 in Cast Iron 300#,CMM-PUMP-CBCD97-001,CMM-PUMP-CBCD97-001,MAPPED_VERIFIED,DIRECT_ACCEPTED,1.0,VERIFIED_CROSS_CPSE,HUMAN_ACCEPTED_HARMONIZATION,Verified cross-CPSE harmonization mapping supported by Phase 7 human review ACCEPT on candidate CAN-031861 with cryptographic evidence hash ...,CAN-031861,VALIDATED_COMPATIBLE,ACCEPT,,PUMP|CENTRIFUGAL_PUMP|CAST_IRON|2_IN_X_15_IN|IS_1520|CAST
abbfce29-e51c-5c96-ac19-f72ddcdffebf,BHEL,BHEL-500136,SPARE-GEAR PUMP 150# SS304 2 in x 1.5 in,CMM-PUMP-D585B9-001,CMM-PUMP-D585B9-001,MAPPED_STANDALONE,STANDALONE,1.0,STANDALONE_IDENTITY,STANDALONE_CANONICAL_SYNTHESIS,1-to-1 deterministic identity mapping to governed Phase 8 standalone CMM candidate. Does not imply cross-CPSE equivalence or harmonization.,,,,,PUMP|STAINLESS_STEEL|SS_304|2_IN_X_15_IN|API_610
d07fc5d3-da61-5861-9e4e-618e69c8c7d6,BHEL,BHEL-500137,CIRCUIT BREAKER 300# Aluminium 415V 100A,CMM-ELECTR-1B3CEC-001,CMM-ELECTR-1B3CEC-001,MAPPED_VERIFIED,DIRECT_ACCEPTED,1.0,VERIFIED_CROSS_CPSE,HUMAN_ACCEPTED_HARMONIZATION,Verified cross-CPSE harmonization mapping supported by Phase 7 human review ACCEPT on candidate CAN-032161 with cryptographic evidence hash ...,CAN-032161,VALIDATED_COMPATIBLE,ACCEPT,,ELECTRICAL|ALUMINIUM|415V_100A|100_M|IS_13947
c431cfa2-431a-5f35-a138-773fcf99639b,BHEL,BHEL-500138,IND.SPIRAL WOUND GASKET 50 mm Graphite 600#,CMM-SEALG-6DA7E7-001,CMM-SEALG-6DA7E7-001,MAPPED_VERIFIED,DIRECT_ACCEPTED,1.0,VERIFIED_CROSS_CPSE,HUMAN_ACCEPTED_HARMONIZATION,Verified cross-CPSE harmonization mapping supported by Phase 7 human review ACCEPT on candidate CAN-032221 with cryptographic evidence hash ...,CAN-032221,VALIDATED_COMPATIBLE,ACCEPT,,SEAL_GASKET|SPIRAL_WOUND_GASKET|GRAPHITE|50_MM|50_MM
4f03490e-efbb-5ee6-9cc0-bc9c01ca8ac0,BHEL,BHEL-500139,STORES ITEM Hex Bolt 150# Grade 8.8 M10 x 40,CMM-FASTNR-B1846A-001,CMM-FASTNR-B1846A-001,MAPPED_VERIFIED,DIRECT_ACCEPTED,1.0,VERIFIED_CROSS_CPSE,HUMAN_ACCEPTED_HARMONIZATION,Verified cross-CPSE harmonization mapping supported by Phase 7 human review ACCEPT on candidate CAN-032371 with cryptographic evidence hash ...,CAN-032371,VALIDATED_COMPATIBLE,ACCEPT,,FASTENER|BOLT|HEX|GRADE_88|M10_X_40|40_MM|IS_1367
8d99d472-cb65-5bb9-b250-a4ce5ece95a1,BHEL,BHEL-500140,DN 100 REDUCER - ASTM A106 Gr B 300#,CMM-PIPEF-67E91A-001,CMM-PIPEF-67E91A-001,MAPPED_VERIFIED,DIRECT_ACCEPTED,1.0,VERIFIED_CROSS_CPSE,HUMAN_ACCEPTED_HARMONIZATION,Verified cross-CPSE harmonization mapping supported by Phase 7 human review ACCEPT on candidate CAN-032521 with cryptographic evidence hash ...,CAN-032521,VALIDATED_COMPATIBLE,ACCEPT,,PIPE_FITTING|ASTM_A106_GRB|DN_100|6_M|150_MM|ASME_B169|PTFE_LINED
7fe7b8e1-84e7-5df1-ba4e-4887bc52508c,BHEL,BHEL-500141,GEAR PUMP 3 in x 2 in Duplex Steel 150#,CMM-PUMP-9B401B-001,CMM-PUMP-9B401B-001,MAPPED_VERIFIED,DIRECT_ACCEPTED,1.0,VERIFIED_CROSS_CPSE,HUMAN_ACCEPTED_HARMONIZATION,Verified cross-CPSE harmonization mapping supported by Phase 7 human review ACCEPT on candidate CAN-032581 with cryptographic evidence hash ...,CAN-032581,VALIDATED_COMPATIBLE,ACCEPT,,PUMP|DUPLEX_STEEL|3_IN_X_2_IN|ISO_2858|ZINC_PLATED
0dea7403-30ea-5e18-bbef-1ec16d0d5858,BHEL,BHEL-500142,"Centrifugal Pump, Cast Iron, SIZE DN 80 150#",CMM-PUMP-904476-001,CMM-PUMP-904476-001,REVIEW_REQUIRED,DIRECT_ACCEPTED,0.6,REVIEW_REQUIRED,AMBIGUOUS_ATTRIBUTE_HOLD,Attribute ambiguity in upstream candidate group; human review required.,,REVIEW_REQUIRED,,,PUMP|CENTRIFUGAL_PUMP|CAST_IRON|DN_80|DN_80|IS_1520|CAST
e6413b65-cc26-51a5-91f9-6226ee03a3bb,BHEL,BHEL-500143,STORES ITEM GLOBE VALVE 600# SS316 DN 100,CMM-VALVE-B3D146-001,CMM-VALVE-B3D146-001,MAPPED_STANDALONE,STANDALONE,1.0,STANDALONE_IDENTITY,STANDALONE_CANONICAL_SYNTHESIS,1-to-1 deterministic identity mapping to governed Phase 8 standalone CMM candidate. Does not imply cross-CPSE equivalence or harmonization.,,,,,VALVE|GLOBE_VALVE|STAINLESS_STEEL|SS_316|DN_100|DN_100|ASME_B1634|ZINC_PLATED
17dea61e-aaee-5819-a4e5-b1bf88e52d31,BHEL,BHEL-500144,"Mechanical Seal, Graphite, SIZE 65 mm 600#",CMM-SEALG-747B98-001,CMM-SEALG-747B98-001,MAPPED_VERIFIED,DIRECT_ACCEPTED,1.0,VERIFIED_CROSS_CPSE,HUMAN_ACCEPTED_HARMONIZATION,Verified cross-CPSE harmonization mapping supported by Phase 7 human review ACCEPT on candidate CAN-033181 with cryptographic evidence hash ...,CAN-033181,VALIDATED_COMPATIBLE,ACCEPT,,SEAL_GASKET|GRAPHITE|65_MM|65_MM|API_682
3037603f-905c-562c-8e58-b8fcc60b85d1,BHEL,BHEL-500145,STORES ITEM Ball Bearing 6304 Chrome Steel 600#,CMM-BEARNG-F25509-001,CMM-BEARNG-F25509-001,MAPPED_VERIFIED,DIRECT_ACCEPTED,1.0,VERIFIED_CROSS_CPSE,HUMAN_ACCEPTED_HARMONIZATION,Verified cross-CPSE harmonization mapping supported by Phase 7 human review ACCEPT on candidate CAN-033421 with cryptographic evidence hash ...,CAN-033421,VALIDATED_COMPATIBLE,ACCEPT,,BEARING|BALL_BEARING|CHROME_STEEL|CHROME_STEEL|6304
cfb3875a-5974-5efa-aad2-caaba2241229,BHEL,BHEL-500146,IND.DN 100 BV - ASTM A216 WCB 150#,CMM-VALVE-23562D-001,CMM-VALVE-23562D-001,MAPPED_STANDALONE,STANDALONE,1.0,STANDALONE_IDENTITY,STANDALONE_CANONICAL_SYNTHESIS,1-to-1 deterministic identity mapping to governed Phase 8 standalone CMM candidate. Does not imply cross-CPSE equivalence or harmonization.,,,,,VALVE|BALL_VALVE|ASTM_A216_WCB|DN_100|DN_100|ASME_B1634|GALVANIZED
eb560b41-2c48-5be7-9dc5-b4ed1b2e52f0,BHEL,BHEL-500147,Flange 600# Carbon Steel DN 80,CMM-PIPEF-773DC4-001,CMM-PIPEF-773DC4-001,MAPPED_STANDALONE,STANDALONE,1.0,STANDALONE_IDENTITY,STANDALONE_CANONICAL_SYNTHESIS,1-to-1 deterministic identity mapping to governed Phase 8 standalone CMM candidate. Does not imply cross-CPSE equivalence or harmonization.,,,,,PIPE_FITTING|FLANGE|CARBON_STEEL|CARBON_STEEL|DN_80|3_M|DN_80|IS_1239|EPOXY_COATED
6aca74fe-7d19-51e3-8f73-f4171ab4f11d,BHEL,BHEL-500148,STORES ITEM ROLLER BRG 6304 Stainless Steel 300#,CMM-BEARNG-20EFDA-001,CMM-BEARNG-20EFDA-001,MAPPED_VERIFIED,DIRECT_ACCEPTED,1.0,VERIFIED_CROSS_CPSE,HUMAN_ACCEPTED_HARMONIZATION,Verified cross-CPSE harmonization mapping supported by Phase 7 human review ACCEPT on candidate CAN-033723 with cryptographic evidence hash ...,CAN-033723,VALIDATED_COMPATIBLE,ACCEPT,,BEARING|STAINLESS_STEEL|STAINLESS_STEEL|6304|ISO_15
cb5874c9-4f1b-517f-b406-270611af838b,BHEL,BHEL-500149,"IND.VERTICAL TURBINE PUMP, Carbon Steel, SIZE DN 80 600#",CMM-PUMP-3FB8ED-001,CMM-PUMP-3FB8ED-001,MAPPED_STANDALONE,STANDALONE,1.0,STANDALONE_IDENTITY,STANDALONE_CANONICAL_SYNTHESIS,1-to-1 deterministic identity mapping to governed Phase 8 standalone CMM candidate. Does not imply cross-CPSE equivalence or harmonization.,,,,,PUMP|CARBON_STEEL|CARBON_STEEL|DN_80|IS_1520|PTFE_LINED|VERTICAL
70c89cd4-6676-530a-b63a-b25dedcc3c68,BHEL,BHEL-500150,STORES ITEM Welded Pipe 300# SS316L 6 in,CMM-PIPEF-7F1EC6-001,CMM-PIPEF-7F1EC6-001,MAPPED_VERIFIED,DIRECT_ACCEPTED,1.0,VERIFIED_CROSS_CPSE,HUMAN_ACCEPTED_HARMONIZATION,Verified cross-CPSE harmonization mapping supported by Phase 7 human review ACCEPT on candidate CAN-034141 with cryptographic evidence hash ...,CAN-034141,VALIDATED_COMPATIBLE,ACCEPT,,PIPE_FITTING|PIPE|STAINLESS_STEEL|SS_316L|6_IN|200_MM|ASTM_A106|WELDED
33889205-9440-58f1-8350-5e46b3408203,BHEL,BHEL-500151,"STORES ITEM RECIPROCATING PUMP, Alloy Steel, SIZE 2 in x 1.5 in 600#",CMM-PUMP-A94855-001,CMM-PUMP-A94855-001,MAPPED_STANDALONE,STANDALONE,1.0,STANDALONE_IDENTITY,STANDALONE_CANONICAL_SYNTHESIS,1-to-1 deterministic identity mapping to governed Phase 8 standalone CMM candidate. Does not imply cross-CPSE equivalence or harmonization.,,,,,PUMP|ALLOY_STEEL|2_IN_X_15_IN|ISO_2858|PTFE_LINED
e1520316-f245-55a1-9ea2-8b8c4ad5a8dc,BHEL,BHEL-500152,"IND.Gear Pump, SS316, SIZE 3 in x 2 in 600#",CMM-PUMP-B81BDC-001,CMM-PUMP-B81BDC-001,MAPPED_STANDALONE,STANDALONE,1.0,STANDALONE_IDENTITY,STANDALONE_CANONICAL_SYNTHESIS,1-to-1 deterministic identity mapping to governed Phase 8 standalone CMM candidate. Does not imply cross-CPSE equivalence or harmonization.,,,,,PUMP|STAINLESS_STEEL|SS_316|3_IN_X_2_IN|API_610
651877a0-ebdd-53d1-a4f9-bd2d2e7e8d37,BHEL,BHEL-500153,Vertical Turbine Pump 150# Cast Iron DN 100,CMM-PUMP-137846-001,CMM-PUMP-137846-001,MAPPED_VERIFIED,DIRECT_ACCEPTED,1.0,VERIFIED_CROSS_CPSE,HUMAN_ACCEPTED_HARMONIZATION,Verified cross-CPSE harmonization mapping supported by Phase 7 human review ACCEPT on candidate CAN-035161 with cryptographic evidence hash ...,CAN-035161,VALIDATED_COMPATIBLE,ACCEPT,,PUMP|CAST_IRON|DN_100|API_610|CAST|VERTICAL
2f77ee7c-1369-5ff1-9612-695dbabef14b,BHEL,BHEL-500154,SPARE-Vertical Turbine Pump 2 in x 1.5 in SS304 300#,CMM-PUMP-C9BFA5-001,CMM-PUMP-C9BFA5-001,MAPPED_STANDALONE,STANDALONE,1.0,STANDALONE_IDENTITY,STANDALONE_CANONICAL_SYNTHESIS,1-to-1 deterministic identity mapping to governed Phase 8 standalone CMM candidate. Does not imply cross-CPSE equivalence or harmonization.,,,,,PUMP|STAINLESS_STEEL|SS_304|2_IN_X_15_IN|IS_1520|VERTICAL
1dba3ea8-3d11-55a5-bf36-f97f216185e8,BHEL,BHEL-500155,IND.STUD BOLT M12 x 50 Grade B7 600#,CMM-FASTNR-AE0702-001,CMM-FASTNR-AE0702-001,MAPPED_VERIFIED,DIRECT_ACCEPTED,1.0,VERIFIED_CROSS_CPSE,HUMAN_ACCEPTED_HARMONIZATION,Verified cross-CPSE harmonization mapping supported by Phase 7 human review ACCEPT on candidate CAN-035761 with cryptographic evidence hash ...,CAN-035761,VALIDATED_COMPATIBLE,ACCEPT,,FASTENER|BOLT|GRADE_B7|M12_X_50|50_MM|IS_1367
a2ad4fa4-a5ba-5ec4-a5e0-687b0129f19d,BHEL,BHEL-500156,"Hex Nut, Carbon Steel, SIZE M24 x 100 600#",CMM-FASTNR-22FBDB-001,CMM-FASTNR-22FBDB-001,MAPPED_STANDALONE,STANDALONE,1.0,STANDALONE_IDENTITY,STANDALONE_CANONICAL_SYNTHESIS,1-to-1 deterministic identity mapping to governed Phase 8 standalone CMM candidate. Does not imply cross-CPSE equivalence or harmonization.,,,,,FASTENER|NUT|HEX|CARBON_STEEL|CARBON_STEEL|M24_X_100|100_MM|ZINC_PLATED
54d5558a-ef0c-5db5-8ce4-7f945ec7f33f,BHEL,BHEL-500157,"BRG BALL, Stainless Steel, SIZE 6208 600#",CMM-BEARNG-0FD5BF-001,CMM-BEARNG-0FD5BF-001,REVIEW_REQUIRED,DIRECT_ACCEPTED,0.6,REVIEW_REQUIRED,AMBIGUOUS_ATTRIBUTE_HOLD,Attribute ambiguity in upstream candidate group; human review required.,,REVIEW_REQUIRED,,,BEARING|BALL_BEARING|STAINLESS_STEEL|STAINLESS_STEEL|6208
1a98c87d-18a5-5034-8d4c-62583d20a3ee,BHEL,BHEL-500158,"IND.VERTICAL TURBINE PUMP, Alloy Steel, SIZE 3 in x 2 in 150#",CMM-PUMP-1E1136-001,CMM-PUMP-1E1136-001,MAPPED_STANDALONE,STANDALONE,1.0,STANDALONE_IDENTITY,STANDALONE_CANONICAL_SYNTHESIS,1-to-1 deterministic identity mapping to governed Phase 8 standalone CMM candidate. Does not imply cross-CPSE equivalence or harmonization.,,,,,PUMP|ALLOY_STEEL|3_IN_X_2_IN|3_IN_X_2_IN|API_610|VERTICAL
44b9304c-7324-51a8-90da-b0021a6af55c,BHEL,BHEL-500159,STORES ITEM Gear Pump 300# SS304 DN 80,CMM-PUMP-A4C583-001,CMM-PUMP-A4C583-001,MAPPED_STANDALONE,STANDALONE,1.0,STANDALONE_IDENTITY,STANDALONE_CANONICAL_SYNTHESIS,1-to-1 deterministic identity mapping to governed Phase 8 standalone CMM candidate. Does not imply cross-CPSE equivalence or harmonization.,,,,,PUMP|STAINLESS_STEEL|SS_304|DN_80|DN_80|API_610
4f0e06a3-427c-5b24-a1b2-b0cc76a8bdba,BHEL,BHEL-500160,6408 TAPER ROLLER BEARING - AISI 52100 300#,CMM-BEARNG-D5796C-001,CMM-BEARNG-D5796C-001,REVIEW_REQUIRED,DIRECT_ACCEPTED,0.6,REVIEW_REQUIRED,AMBIGUOUS_ATTRIBUTE_HOLD,Attribute ambiguity in upstream candidate group; human review required.,,REVIEW_REQUIRED,,,BEARING|AISI_52100|6408|ISO_15
4217db1d-892f-5866-a811-30e9a09c97e9,BHEL,BHEL-500161,Distribution Transformer 300# Aluminium 4C x 25 sq mm,CMM-ELECTR-329BB9-001,CMM-ELECTR-329BB9-001,MAPPED_VERIFIED,DIRECT_ACCEPTED,1.0,VERIFIED_CROSS_CPSE,HUMAN_ACCEPTED_HARMONIZATION,Verified cross-CPSE harmonization mapping supported by Phase 7 human review ACCEPT on candidate CAN-037621 with cryptographic evidence hash ...,CAN-037621,VALIDATED_COMPATIBLE,ACCEPT,,ELECTRICAL|ALUMINIUM|4C_X_25_SQ_MM|500_M|IS_2026
059befc2-ab66-55be-ae51-40f24fd24797,BHEL,BHEL-500162,STORES ITEM Roller Bearing 150# Stainless Steel 22208,CMM-BEARNG-52104E-001,CMM-BEARNG-52104E-001,REVIEW_REQUIRED,DIRECT_ACCEPTED,0.6,REVIEW_REQUIRED,AMBIGUOUS_ATTRIBUTE_HOLD,Attribute ambiguity in upstream candidate group; human review required.,,REVIEW_REQUIRED,,,BEARING|STAINLESS_STEEL|STAINLESS_STEEL|22208
8c331924-a5bb-5bb6-b056-324fc3345461,BHEL,BHEL-500163,"STORES ITEM Butterfly Valve, LCB, SIZE DN 100 300#",CMM-VALVE-166070-001,CMM-VALVE-166070-001,MAPPED_VERIFIED,DIRECT_ACCEPTED,1.0,VERIFIED_CROSS_CPSE,HUMAN_ACCEPTED_HARMONIZATION,Verified cross-CPSE harmonization mapping supported by Phase 7 human review ACCEPT on candidate CAN-038701 with cryptographic evidence hash ...,CAN-038701,VALIDATED_COMPATIBLE,ACCEPT,,VALVE|BUTTERFLY_VALVE|LCB|DN_100|API_600|PTFE_LINED
07f8dc19-df2b-519a-9e2d-5dfeab4f7e8d,BHEL,BHEL-500164,IND.Control Valve 600# SS304 DN 50,CMM-VALVE-B4D337-001,CMM-VALVE-B4D337-001,MAPPED_STANDALONE,STANDALONE,1.0,STANDALONE_IDENTITY,STANDALONE_CANONICAL_SYNTHESIS,1-to-1 deterministic identity mapping to governed Phase 8 standalone CMM candidate. Does not imply cross-CPSE equivalence or harmonization.,,,,,VALVE|STAINLESS_STEEL|SS_304|DN_50|DN_50|API_602|EPOXY_COATED
28bff7fe-6cc0-5ee4-a90d-570c193b4334,BHEL,BHEL-500165,STORES ITEM FLANGE DN 80 IS 2062 150#,CMM-PIPEF-EE1D45-001,CMM-PIPEF-EE1D45-001,MAPPED_VERIFIED,DIRECT_ACCEPTED,1.0,VERIFIED_CROSS_CPSE,HUMAN_ACCEPTED_HARMONIZATION,Verified cross-CPSE harmonization mapping supported by Phase 7 human review ACCEPT on candidate CAN-039001 with cryptographic evidence hash ...,CAN-039001,VALIDATED_COMPATIBLE,ACCEPT,,PIPE_FITTING|FLANGE|IS_2062|DN_80|150_MM|ASME_B169|PTFE_LINED
167f260b-92fe-5229-b9ab-12e4ae393a1b,BHEL,BHEL-500166,IND.6 in Welded Pipe - IS 2062 600#,CMM-PIPEF-A7BB01-001,CMM-PIPEF-A7BB01-001,MAPPED_VERIFIED,DIRECT_ACCEPTED,1.0,VERIFIED_CROSS_CPSE,HUMAN_ACCEPTED_HARMONIZATION,Verified cross-CPSE harmonization mapping supported by Phase 7 human review ACCEPT on candidate CAN-039121 with cryptographic evidence hash ...,CAN-039121,VALIDATED_COMPATIBLE,ACCEPT,,PIPE_FITTING|PIPE|IS_2062|6_IN|200_MM|IS_1239|GALVANIZED|WELDED
5a9d437c-b79e-5e4e-a9f9-91b8ed03b007,BHEL,BHEL-500167,"Stud Bolt, Grade B7, SIZE M10 x 40 300#",CMM-FASTNR-A1A35C-001,CMM-FASTNR-A1A35C-001,MAPPED_VERIFIED,DIRECT_ACCEPTED,1.0,VERIFIED_CROSS_CPSE,HUMAN_ACCEPTED_HARMONIZATION,Verified cross-CPSE harmonization mapping supported by Phase 7 human review ACCEPT on candidate CAN-039241 with cryptographic evidence hash ...,CAN-039241,VALIDATED_COMPATIBLE,ACCEPT,,FASTENER|BOLT|GRADE_B7|M10_X_40|40_MM|ASTM_A193|ZINC_PLATED
0383a8f1-c1d9-535c-a16b-9f424f48c7b3,BHEL,BHEL-500168,"IND.ANCHOR BOLT, Carbon Steel, SIZE M16 x 65 150#",CMM-FASTNR-0C6EBA-001,CMM-FASTNR-0C6EBA-001,MAPPED_VERIFIED,DIRECT_ACCEPTED,1.0,VERIFIED_CROSS_CPSE,HUMAN_ACCEPTED_HARMONIZATION,Verified cross-CPSE harmonization mapping supported by Phase 7 human review ACCEPT on candidate CAN-039481 with cryptographic evidence hash ...,CAN-039481,VALIDATED_COMPATIBLE,ACCEPT,,FASTENER|BOLT|CARBON_STEEL|CARBON_STEEL|M16_X_65|65_MM|ASTM_A193
23c1e370-1012-5653-9be3-4705df16dfcd,BHEL,BHEL-500169,Induction Motor 300# Copper 3C x 95 sq mm,CMM-ELECTR-5540AC-001,CMM-ELECTR-5540AC-001,MAPPED_VERIFIED,DIRECT_ACCEPTED,1.0,VERIFIED_CROSS_CPSE,HUMAN_ACCEPTED_HARMONIZATION,Verified cross-CPSE harmonization mapping supported by Phase 7 human review ACCEPT on candidate CAN-039721 with cryptographic evidence hash ...,CAN-039721,VALIDATED_COMPATIBLE,ACCEPT,,ELECTRICAL|COPPER|3C_X_95_SQ_MM|IS_13947
6053e0b2-2ac8-5947-9a64-3612f5f49c7c,BHEL,BHEL-500170,IND.100 mm Mechanical Seal - Graphite 300#,CMM-SEALG-8BDD10-001,CMM-SEALG-8BDD10-001,MAPPED_VERIFIED,DIRECT_ACCEPTED,1.0,VERIFIED_CROSS_CPSE,HUMAN_ACCEPTED_HARMONIZATION,Verified cross-CPSE harmonization mapping supported by Phase 7 human review ACCEPT on candidate CAN-040381 with cryptographic evidence hash ...,CAN-040381,VALIDATED_COMPATIBLE,ACCEPT,,SEAL_GASKET|GRAPHITE|100_MM|100_MM|ASME_B1620
93b1f888-f180-5668-8a56-64176a93e0e3,BHEL,BHEL-500171,"Rubber Gasket, PTFE, SIZE 50 mm 600#",CMM-SEALG-E59C31-001,CMM-SEALG-E59C31-001,MAPPED_VERIFIED,DIRECT_ACCEPTED,1.0,VERIFIED_CROSS_CPSE,HUMAN_ACCEPTED_HARMONIZATION,Verified cross-CPSE harmonization mapping supported by Phase 7 human review ACCEPT on candidate CAN-040441 with cryptographic evidence hash ...,CAN-040441,VALIDATED_COMPATIBLE,ACCEPT,,SEAL_GASKET|PTFE|50_MM|50_MM|API_682|ZINC_PLATED
f354ff55-cd4b-53c7-8aa2-247230d3068e,BHEL,BHEL-500172,Taper Roller Bearing 600# AISI 52100 6304,CMM-BEARNG-67CA99-001,CMM-BEARNG-67CA99-001,REVIEW_REQUIRED,DIRECT_ACCEPTED,0.6,REVIEW_REQUIRED,AMBIGUOUS_ATTRIBUTE_HOLD,Attribute ambiguity in upstream candidate group; human review required.,,REVIEW_REQUIRED,,,BEARING|AISI_52100|6304
520f4fa6-8eaa-5aa2-822c-54f4bafcb2a9,BHEL,BHEL-500173,STORES ITEM Socket Head Screw M16 x 65 SS316 600#,CMM-FASTNR-253984-001,CMM-FASTNR-253984-001,MAPPED_STANDALONE,STANDALONE,1.0,STANDALONE_IDENTITY,STANDALONE_CANONICAL_SYNTHESIS,1-to-1 deterministic identity mapping to governed Phase 8 standalone CMM candidate. Does not imply cross-CPSE equivalence or harmonization.,,,,,FASTENER|STAINLESS_STEEL|SS_316|M16_X_65|65_MM|IS_1367|ZINC_PLATED
15efe9bd-15a0-55d7-b912-647f9c499fd9,BHEL,BHEL-500174,"Rubber Gasket, Viton, SIZE 65 mm 300#",CMM-SEALG-439083-001,CMM-SEALG-439083-001,MAPPED_VERIFIED,DIRECT_ACCEPTED,1.0,VERIFIED_CROSS_CPSE,HUMAN_ACCEPTED_HARMONIZATION,Verified cross-CPSE harmonization mapping supported by Phase 7 human review ACCEPT on candidate CAN-041701 with cryptographic evidence hash ...,CAN-041701,VALIDATED_COMPATIBLE,ACCEPT,,SEAL_GASKET|VITON|65_MM|ASME_B1620|RUBBER
4bf9a6ac-a066-57d3-84dd-947367637445,BHEL,BHEL-500175,Ball Valve 150# ASTM A351 CF8M DN 100,CMM-VALVE-C01430-001,CMM-VALVE-C01430-001,MAPPED_STANDALONE,STANDALONE,1.0,STANDALONE_IDENTITY,STANDALONE_CANONICAL_SYNTHESIS,1-to-1 deterministic identity mapping to governed Phase 8 standalone CMM candidate. Does not imply cross-CPSE equivalence or harmonization.,,,,,VALVE|BALL_VALVE|ASTM_A351_CF8M|DN_100|DN_100|ASTM_A351|PTFE_LINED
28e232c1-3457-57aa-a846-b82f48162fab,BHEL,BHEL-500176,"IND.REDUCER, IS 2062, SIZE 2 in 600#",CMM-PIPEF-FEC860-001,CMM-PIPEF-FEC860-001,MAPPED_VERIFIED,DIRECT_ACCEPTED,1.0,VERIFIED_CROSS_CPSE,HUMAN_ACCEPTED_HARMONIZATION,Verified cross-CPSE harmonization mapping supported by Phase 7 human review ACCEPT on candidate CAN-042181 with cryptographic evidence hash ...,CAN-042181,VALIDATED_COMPATIBLE,ACCEPT,,PIPE_FITTING|IS_2062|2_IN|2_IN|API_5L
b4502a91-ba7f-5859-86dd-e22dfe24f726,BHEL,BHEL-500177,Hex Nut M10 x 40 Grade 10.9 150#,CMM-FASTNR-B46359-001,CMM-FASTNR-B46359-001,MAPPED_STANDALONE,STANDALONE,1.0,STANDALONE_IDENTITY,STANDALONE_CANONICAL_SYNTHESIS,1-to-1 deterministic identity mapping to governed Phase 8 standalone CMM candidate. Does not imply cross-CPSE equivalence or harmonization.,,,,,FASTENER|NUT|HEX|GRADE_109|M10_X_40|40_MM|ASME_B182
46e72f4d-6e3c-5e1f-b427-33f20f932b56,BHEL,BHEL-500178,IND.Check Valve 600# WCB DN 50,CMM-VALVE-544738-001,CMM-VALVE-544738-001,MAPPED_VERIFIED,DIRECT_ACCEPTED,1.0,VERIFIED_CROSS_CPSE,HUMAN_ACCEPTED_HARMONIZATION,Verified cross-CPSE harmonization mapping supported by Phase 7 human review ACCEPT on candidate CAN-042601 with cryptographic evidence hash ...,CAN-042601,VALIDATED_COMPATIBLE,ACCEPT,,VALVE|CHECK_VALVE|ASTM_A216_WCB|DN_50|DN_50|API_600
4aad0b3e-97ac-57f8-b114-3edbbe7013b5,BHEL,BHEL-500179,STORES ITEM GLOBE VALVE DN 150 ASTM A216 WCB 600#,CMM-VALVE-846D44-001,CMM-VALVE-846D44-001,MAPPED_STANDALONE,STANDALONE,1.0,STANDALONE_IDENTITY,STANDALONE_CANONICAL_SYNTHESIS,1-to-1 deterministic identity mapping to governed Phase 8 standalone CMM candidate. Does not imply cross-CPSE equivalence or harmonization.,,,,,VALVE|GLOBE_VALVE|ASTM_A216_WCB|DN_150|DN_150|API_602
1e54ab0a-1733-52cb-8f71-f7986a94b0d4,BHEL,BHEL-500180,IND.1/2 in NPT Level Transmitter - Brass 300#,CMM-INSTRU-40C5B3-001,CMM-INSTRU-40C5B3-001,MAPPED_VERIFIED,DIRECT_ACCEPTED,1.0,VERIFIED_CROSS_CPSE,HUMAN_ACCEPTED_HARMONIZATION,Verified cross-CPSE harmonization mapping supported by Phase 7 human review ACCEPT on candidate CAN-042903 with cryptographic evidence hash ...,CAN-042903,VALIDATED_COMPATIBLE,ACCEPT,,INSTRUMENTATION|BRASS|1_2_IN_NPT|ASME_B40100
fe0d1ff0-7dbb-5f8f-ab62-d35bd3623d21,BHEL,BHEL-500181,STORES ITEM 6408 TAPER ROLLER BEARING - Stainless Steel 300#,CMM-BEARNG-FBE56C-001,CMM-BEARNG-FBE56C-001,REVIEW_REQUIRED,DIRECT_ACCEPTED,0.6,REVIEW_REQUIRED,AMBIGUOUS_ATTRIBUTE_HOLD,Attribute ambiguity in upstream candidate group; human review required.,,REVIEW_REQUIRED,,,BEARING|STAINLESS_STEEL|STAINLESS_STEEL|6408|ISO_15
99de7200-7ab4-5a61-a0bd-294188d2fdfd,BHEL,BHEL-500182,SPARE-STUD BOLT 600# Carbon Steel M10 x 40,CMM-FASTNR-BA072B-001,CMM-FASTNR-BA072B-001,MAPPED_STANDALONE,STANDALONE,1.0,STANDALONE_IDENTITY,STANDALONE_CANONICAL_SYNTHESIS,1-to-1 deterministic identity mapping to governed Phase 8 standalone CMM candidate. Does not imply cross-CPSE equivalence or harmonization.,,,,,FASTENER|BOLT|CARBON_STEEL|CARBON_STEEL|M10_X_40|40_MM|ASTM_A193|ZINC_PLATED
ccd185bc-45d8-5a7f-9637-7a3253e454f8,BHEL,BHEL-500183,IND.Socket Head Screw 150# Grade B7 M16 x 65,CMM-FASTNR-64D9FA-001,CMM-FASTNR-64D9FA-001,MAPPED_VERIFIED,DIRECT_ACCEPTED,1.0,VERIFIED_CROSS_CPSE,HUMAN_ACCEPTED_HARMONIZATION,Verified cross-CPSE harmonization mapping supported by Phase 7 human review ACCEPT on candidate CAN-043501 with cryptographic evidence hash ...,CAN-043501,VALIDATED_COMPATIBLE,ACCEPT,,FASTENER|GRADE_B7|M16_X_65|65_MM
74e3833c-5740-5eaa-883c-7684cf181198,BHEL,BHEL-500184,"STORES ITEM XLPE Cable, Aluminium, SIZE 415V 100A 600#",CMM-ELECTR-4F6C14-001,CMM-ELECTR-4F6C14-001,MAPPED_VERIFIED,DIRECT_ACCEPTED,1.0,VERIFIED_CROSS_CPSE,HUMAN_ACCEPTED_HARMONIZATION,Verified cross-CPSE harmonization mapping supported by Phase 7 human review ACCEPT on candidate CAN-043681 with cryptographic evidence hash ...,CAN-043681,VALIDATED_COMPATIBLE,ACCEPT,,ELECTRICAL|CABLE|XLPE|ALUMINIUM|415V_100A|500_M|IS_13947
876d3188-383f-575e-8edd-bcbe24963f49,BHEL,BHEL-500185,SPARE-LEVEL TRANSMITTER 4-20 mA Brass 600#,CMM-INSTRU-76A4D1-001,CMM-INSTRU-76A4D1-001,MAPPED_VERIFIED,DIRECT_ACCEPTED,1.0,VERIFIED_CROSS_CPSE,HUMAN_ACCEPTED_HARMONIZATION,Verified cross-CPSE harmonization mapping supported by Phase 7 human review ACCEPT on candidate CAN-044163 with cryptographic evidence hash ...,CAN-044163,VALIDATED_COMPATIBLE,ACCEPT,,INSTRUMENTATION|BRASS|4_20_MA|ASME_B40100
325a971f-788e-5f83-a247-e27287567fe2,BHEL,BHEL-500186,"TAPER ROLLER BEARING, Chrome Steel, SIZE 6304 300#",CMM-BEARNG-A74B84-001,CMM-BEARNG-A74B84-001,REVIEW_REQUIRED,DIRECT_ACCEPTED,0.6,REVIEW_REQUIRED,AMBIGUOUS_ATTRIBUTE_HOLD,Attribute ambiguity in upstream candidate group; human review required.,,REVIEW_REQUIRED,,,BEARING|CHROME_STEEL|CHROME_STEEL|6304|ISO_15
4c27084b-3c24-57e3-bbab-de9f4eca0f03,BHEL,BHEL-500187,MECHANICAL SEAL 50 mm Graphite 600#,CMM-SEALG-1EEB61-001,CMM-SEALG-1EEB61-001,REVIEW_REQUIRED,DIRECT_ACCEPTED,0.6,REVIEW_REQUIRED,AMBIGUOUS_ATTRIBUTE_HOLD,Attribute ambiguity in upstream candidate group; human review required.,,REVIEW_REQUIRED,,,SEAL_GASKET|GRAPHITE|50_MM|API_682
81a6c90c-7864-52d2-8743-e557b5407100,BHEL,BHEL-500188,WELDED PIPE DN 80 SS316L 600#,CMM-PIPEF-5FC852-001,CMM-PIPEF-5FC852-001,MAPPED_VERIFIED,DIRECT_ACCEPTED,1.0,VERIFIED_CROSS_CPSE,HUMAN_ACCEPTED_HARMONIZATION,Verified cross-CPSE harmonization mapping supported by Phase 7 human review ACCEPT on candidate CAN-045061 with cryptographic evidence hash ...,CAN-045061,VALIDATED_COMPATIBLE,ACCEPT,,PIPE_FITTING|PIPE|STAINLESS_STEEL|SS_316L|DN_80|6_M|DN_80|IS_1239|ZINC_PLATED|WELDED
a3f90bf1-3d82-51bc-aad7-4eab491d2f3b,BHEL,BHEL-500189,Spiral Wound Gasket 600# Graphite 100 mm,CMM-SEALG-F13686-001,CMM-SEALG-F13686-001,MAPPED_VERIFIED,DIRECT_ACCEPTED,1.0,VERIFIED_CROSS_CPSE,HUMAN_ACCEPTED_HARMONIZATION,Verified cross-CPSE harmonization mapping supported by Phase 7 human review ACCEPT on candidate CAN-045301 with cryptographic evidence hash ...,CAN-045301,VALIDATED_COMPATIBLE,ACCEPT,,SEAL_GASKET|SPIRAL_WOUND_GASKET|GRAPHITE|100_MM|100_MM|API_682
1f306bec-c2d4-5035-ae79-7754d5093ec4,BHEL,BHEL-500190,"Level Transmitter, Polycarbonate, SIZE 0-500 Deg C 600#",CMM-INSTRU-325A21-001,CMM-INSTRU-325A21-001,MAPPED_VERIFIED,DIRECT_ACCEPTED,1.0,VERIFIED_CROSS_CPSE,HUMAN_ACCEPTED_HARMONIZATION,Verified cross-CPSE harmonization mapping supported by Phase 7 human review ACCEPT on candidate CAN-045361 with cryptographic evidence hash ...,CAN-045361,VALIDATED_COMPATIBLE,ACCEPT,,INSTRUMENTATION|POLYCARBONATE|0_500_DEG_C|IEC_60529
86386699-a167-5e9c-bfbe-e042da4fe49e,BHEL,BHEL-500191,"SPARE-STEAM TURBINE CONTROL VALVE, ASTM A217 WC6, SIZE 6 in",CMM-VALVE-11ED70-001,CMM-VALVE-11ED70-001,MAPPED_STANDALONE,STANDALONE,1.0,STANDALONE_IDENTITY,STANDALONE_CANONICAL_SYNTHESIS,1-to-1 deterministic identity mapping to governed Phase 8 standalone CMM candidate. Does not imply cross-CPSE equivalence or harmonization.,,,,,VALVE|ASTM_A217_WC6|6_IN|ASME_B1634
1c443432-9f76-53fa-8caa-434670399772,BHEL,BHEL-500192,STORES ITEM Turbine Generator Stator Coil 11 kV Copper,CMM-ELECTR-9B74A3-001,CMM-ELECTR-9B74A3-001,MAPPED_STANDALONE,STANDALONE,1.0,STANDALONE_IDENTITY,STANDALONE_CANONICAL_SYNTHESIS,1-to-1 deterministic identity mapping to governed Phase 8 standalone CMM candidate. Does not imply cross-CPSE equivalence or harmonization.,,,,,ELECTRICAL|COPPER|11_KV|500_M|IS_12066
0b0e3227-6cbf-5f9c-8490-64752922c77f,BHEL,BHEL-500193,STORES ITEM Steam Turbine Control Valve ASTM A217 WC6 6 in,CMM-VALVE-B79326-001,CMM-VALVE-B79326-001,MAPPED_STANDALONE,STANDALONE,1.0,STANDALONE_IDENTITY,STANDALONE_CANONICAL_SYNTHESIS,1-to-1 deterministic identity mapping to governed Phase 8 standalone CMM candidate. Does not imply cross-CPSE equivalence or harmonization.,,,,,VALVE|ASTM_A217_WC6|6_IN|6_IN|ASME_B1634
331c750b-203f-5b30-85df-2c2e137eab12,BHEL,BHEL-500194,STORES ITEM 11 kV TURBINE GENERATOR STATOR COIL - Copper,CMM-ELECTR-BBFFB1-001,CMM-ELECTR-BBFFB1-001,MAPPED_STANDALONE,STANDALONE,1.0,STANDALONE_IDENTITY,STANDALONE_CANONICAL_SYNTHESIS,1-to-1 deterministic identity mapping to governed Phase 8 standalone CMM candidate. Does not imply cross-CPSE equivalence or harmonization.,,,,,ELECTRICAL|COPPER|11_KV|1000_M|IS_12066
ce22f488-68c5-5b58-8586-74ad8b9de20e,BHEL,BHEL-500195,Steam Turbine Control Valve ASTM A217 WC6 6 in,CMM-VALVE-04D31B-001,CMM-VALVE-04D31B-001,MAPPED_STANDALONE,STANDALONE,1.0,STANDALONE_IDENTITY,STANDALONE_CANONICAL_SYNTHESIS,1-to-1 deterministic identity mapping to governed Phase 8 standalone CMM candidate. Does not imply cross-CPSE equivalence or harmonization.,,,,,VALVE|ASTM_A217_WC6|6_IN|6_IN|ASME_B1634
c02dd70f-3d3b-5da9-80cb-c42d49a32e14,BHEL,BHEL-500196,Steam Turbine Control Valve ASTM A217 WC6 6 in,CMM-VALVE-B1C9CE-001,CMM-VALVE-B1C9CE-001,MAPPED_STANDALONE,STANDALONE,1.0,STANDALONE_IDENTITY,STANDALONE_CANONICAL_SYNTHESIS,1-to-1 deterministic identity mapping to governed Phase 8 standalone CMM candidate. Does not imply cross-CPSE equivalence or harmonization.,,,,,VALVE|ASTM_A217_WC6|6_IN|6_IN|ASME_B1634|PTFE_LINED
46e9d6ea-4354-5d74-b9db-da8f51cbb088,BHEL,BHEL-500197,"TURBINE GENERATOR STATOR COIL, Copper, SIZE 11 kV",CMM-ELECTR-B09160-001,CMM-ELECTR-B09160-001,MAPPED_STANDALONE,STANDALONE,1.0,STANDALONE_IDENTITY,STANDALONE_CANONICAL_SYNTHESIS,1-to-1 deterministic identity mapping to governed Phase 8 standalone CMM candidate. Does not imply cross-CPSE equivalence or harmonization.,,,,,ELECTRICAL|COPPER|11_KV|IS_12066
c22f97e2-3fbf-53f7-a3e5-f2006e9b05af,BHEL,BHEL-500198,SPARE-TURBINE GENERATOR STATOR COIL 11 kV Copper,CMM-ELECTR-B6A9F4-001,CMM-ELECTR-B6A9F4-001,MAPPED_STANDALONE,STANDALONE,1.0,STANDALONE_IDENTITY,STANDALONE_CANONICAL_SYNTHESIS,1-to-1 deterministic identity mapping to governed Phase 8 standalone CMM candidate. Does not imply cross-CPSE equivalence or harmonization.,,,,,ELECTRICAL|COPPER|11_KV|100_M|IS_12066
9d24d371-1ec1-5374-a80f-4491396c7071,BHEL,BHEL-500199,SPARE-11 kV TURBINE GENERATOR STATOR COIL - Copper,CMM-ELECTR-95788A-001,CMM-ELECTR-95788A-001,MAPPED_STANDALONE,STANDALONE,1.0,STANDALONE_IDENTITY,STANDALONE_CANONICAL_SYNTHESIS,1-to-1 deterministic identity mapping to governed Phase 8 standalone CMM candidate. Does not imply cross-CPSE equivalence or harmonization.,,,,,ELECTRICAL|COPPER|11_KV|1000_M|IS_12066
eaa80119-2559-5882-801f-af5783283848,BHEL,BHEL-500200,STORES ITEM TURBINE GENERATOR STATOR COIL Copper 11 kV,CMM-ELECTR-699EDB-001,CMM-ELECTR-699EDB-001,MAPPED_STANDALONE,STANDALONE,1.0,STANDALONE_IDENTITY,STANDALONE_CANONICAL_SYNTHESIS,1-to-1 deterministic identity mapping to governed Phase 8 standalone CMM candidate. Does not imply cross-CPSE equivalence or harmonization.,,,,,ELECTRICAL|COPPER|11_KV|1000_M|IS_12066
a501de07-bd07-568d-aa5f-707e72a53c1b,BHEL,BHEL-500201,Steam Turbine Control Valve ASTM A217 WC6 6 in,CMM-VALVE-96BEC8-001,CMM-VALVE-96BEC8-001,MAPPED_STANDALONE,STANDALONE,1.0,STANDALONE_IDENTITY,STANDALONE_CANONICAL_SYNTHESIS,1-to-1 deterministic identity mapping to governed Phase 8 standalone CMM candidate. Does not imply cross-CPSE equivalence or harmonization.,,,,,VALVE|ASTM_A217_WC6|6_IN|6_IN|ASME_B1634
e7c3d46f-b85f-59a3-a89f-70128f2b843b,BHEL,BHEL-500202,"STEAM TURBINE CONTROL VALVE, ASTM A217 WC6, SIZE 6 in",CMM-VALVE-B7ED19-001,CMM-VALVE-B7ED19-001,MAPPED_STANDALONE,STANDALONE,1.0,STANDALONE_IDENTITY,STANDALONE_CANONICAL_SYNTHESIS,1-to-1 deterministic identity mapping to governed Phase 8 standalone CMM candidate. Does not imply cross-CPSE equivalence or harmonization.,,,,,VALVE|ASTM_A217_WC6|6_IN|ASME_B1634
73b0c67e-7b34-5cae-8664-f4b103c76ab2,BHEL,BHEL-500203,"IND.STEAM TURBINE CONTROL VALVE, ASTM A217 WC6, SIZE 6 in",CMM-VALVE-98DF47-001,CMM-VALVE-98DF47-001,MAPPED_STANDALONE,STANDALONE,1.0,STANDALONE_IDENTITY,STANDALONE_CANONICAL_SYNTHESIS,1-to-1 deterministic identity mapping to governed Phase 8 standalone CMM candidate. Does not imply cross-CPSE equivalence or harmonization.,,,,,VALVE|ASTM_A217_WC6|6_IN|6_IN|ASME_B1634
1ad5c0e2-8a36-5d8a-bb91-27c6d0769622,BHEL,BHEL-500204,"SPARE-Turbine Generator Stator Coil, Copper, SIZE 11 kV",CMM-ELECTR-43ED2A-001,CMM-ELECTR-43ED2A-001,MAPPED_STANDALONE,STANDALONE,1.0,STANDALONE_IDENTITY,STANDALONE_CANONICAL_SYNTHESIS,1-to-1 deterministic identity mapping to governed Phase 8 standalone CMM candidate. Does not imply cross-CPSE equivalence or harmonization.,,,,,ELECTRICAL|COPPER|11_KV|100_M|IS_12066
8748b1ec-f382-5abb-bd9f-74df9a642484,BHEL,BHEL-500205,"STORES ITEM Turbine Generator Stator Coil, Copper, SIZE 11 kV",CMM-ELECTR-81F171-001,CMM-ELECTR-81F171-001,MAPPED_STANDALONE,STANDALONE,1.0,STANDALONE_IDENTITY,STANDALONE_CANONICAL_SYNTHESIS,1-to-1 deterministic identity mapping to governed Phase 8 standalone CMM candidate. Does not imply cross-CPSE equivalence or harmonization.,,,,,ELECTRICAL|COPPER|11_KV|100_M|IS_12066
958f9f74-7c12-53b2-9b84-4c12455f3eab,BHEL,BHEL-500206,SPARE-Turbine Generator Stator Coil Copper 11 kV,CMM-ELECTR-8FE460-001,CMM-ELECTR-8FE460-001,MAPPED_STANDALONE,STANDALONE,1.0,STANDALONE_IDENTITY,STANDALONE_CANONICAL_SYNTHESIS,1-to-1 deterministic identity mapping to governed Phase 8 standalone CMM candidate. Does not imply cross-CPSE equivalence or harmonization.,,,,,ELECTRICAL|COPPER|11_KV|500_M|IS_12066
a42b56d3-61ae-5cb0-b6f7-17c2a0b3df47,BHEL,BHEL-500207,"STORES ITEM STEAM TURBINE CONTROL VALVE, ASTM A217 WC6, SIZE 6 in",CMM-VALVE-182E2E-001,CMM-VALVE-182E2E-001,MAPPED_STANDALONE,STANDALONE,1.0,STANDALONE_IDENTITY,STANDALONE_CANONICAL_SYNTHESIS,1-to-1 deterministic identity mapping to governed Phase 8 standalone CMM candidate. Does not imply cross-CPSE equivalence or harmonization.,,,,,VALVE|ASTM_A217_WC6|6_IN|6_IN|ASME_B1634
cbd4417b-9539-58e2-a26f-9d8fd37513ff,BHEL,BHEL-500208,STORES ITEM STEAM TURBINE CONTROL VALVE ASTM A217 WC6 6 in,CMM-VALVE-05CA31-001,CMM-VALVE-05CA31-001,MAPPED_STANDALONE,STANDALONE,1.0,STANDALONE_IDENTITY,STANDALONE_CANONICAL_SYNTHESIS,1-to-1 deterministic identity mapping to governed Phase 8 standalone CMM candidate. Does not imply cross-CPSE equivalence or harmonization.,,,,,VALVE|ASTM_A217_WC6|6_IN|6_IN|ASME_B1634
48c649b2-6cb0-5563-9006-3fc98f4fa232,BHEL,BHEL-500209,STORES ITEM 11 kV TURBINE GENERATOR STATOR COIL - Copper,CMM-ELECTR-A21A1A-001,CMM-ELECTR-A21A1A-001,MAPPED_STANDALONE,STANDALONE,1.0,STANDALONE_IDENTITY,STANDALONE_CANONICAL_SYNTHESIS,1-to-1 deterministic identity mapping to governed Phase 8 standalone CMM candidate. Does not imply cross-CPSE equivalence or harmonization.,,,,,ELECTRICAL|COPPER|11_KV|IS_12066
74b96d31-63a0-5968-adc1-4799db92c41f,BHEL,BHEL-500210,STORES ITEM Turbine Generator Stator Coil Copper 11 kV,CMM-ELECTR-219D3D-001,CMM-ELECTR-219D3D-001,MAPPED_STANDALONE,STANDALONE,1.0,STANDALONE_IDENTITY,STANDALONE_CANONICAL_SYNTHESIS,1-to-1 deterministic identity mapping to governed Phase 8 standalone CMM candidate. Does not imply cross-CPSE equivalence or harmonization.,,,,,ELECTRICAL|COPPER|11_KV|100_M|IS_12066
5e75d775-0d9c-5962-95b7-6b2799d13bba,BHEL,BHEL-500211,TURBINE GENERATOR STATOR COIL Copper 11 kV,CMM-ELECTR-A88B61-001,CMM-ELECTR-A88B61-001,MAPPED_STANDALONE,STANDALONE,1.0,STANDALONE_IDENTITY,STANDALONE_CANONICAL_SYNTHESIS,1-to-1 deterministic identity mapping to governed Phase 8 standalone CMM candidate. Does not imply cross-CPSE equivalence or harmonization.,,,,,ELECTRICAL|COPPER|11_KV|100_M|IS_12066
68ec4bbd-3d42-5bf6-aff0-b67f2b5767ac,BHEL,BHEL-500212,"Steam Turbine Control Valve, ASTM A217 WC6, SIZE 6 in",CMM-VALVE-8D7456-001,CMM-VALVE-8D7456-001,MAPPED_STANDALONE,STANDALONE,1.0,STANDALONE_IDENTITY,STANDALONE_CANONICAL_SYNTHESIS,1-to-1 deterministic identity mapping to governed Phase 8 standalone CMM candidate. Does not imply cross-CPSE equivalence or harmonization.,,,,,VALVE|ASTM_A217_WC6|6_IN|6_IN|ASME_B1634
2babe92e-9bfa-56ff-b0af-4e18ab970da5,BHEL,BHEL-500213,"IND.TURBINE GENERATOR STATOR COIL, Copper, SIZE 11 kV",CMM-ELECTR-404961-001,CMM-ELECTR-404961-001,MAPPED_STANDALONE,STANDALONE,1.0,STANDALONE_IDENTITY,STANDALONE_CANONICAL_SYNTHESIS,1-to-1 deterministic identity mapping to governed Phase 8 standalone CMM candidate. Does not imply cross-CPSE equivalence or harmonization.,,,,,ELECTRICAL|COPPER|11_KV|1000_M|IS_12066
60edaade-9059-58ec-8723-fc9a0ff1dde7,BHEL,BHEL-500214,IND.STEAM TURBINE CONTROL VALVE ASTM A217 WC6 6 in,CMM-VALVE-33C142-001,CMM-VALVE-33C142-001,MAPPED_STANDALONE,STANDALONE,1.0,STANDALONE_IDENTITY,STANDALONE_CANONICAL_SYNTHESIS,1-to-1 deterministic identity mapping to governed Phase 8 standalone CMM candidate. Does not imply cross-CPSE equivalence or harmonization.,,,,,VALVE|ASTM_A217_WC6|6_IN|ASME_B1634
6eec09d9-e06b-5da5-818d-b8fcd18240b9,BHEL,BHEL-500215,"IND.Turbine Generator Stator Coil, Copper, SIZE 11 kV",CMM-ELECTR-ECDA08-001,CMM-ELECTR-ECDA08-001,MAPPED_STANDALONE,STANDALONE,1.0,STANDALONE_IDENTITY,STANDALONE_CANONICAL_SYNTHESIS,1-to-1 deterministic identity mapping to governed Phase 8 standalone CMM candidate. Does not imply cross-CPSE equivalence or harmonization.,,,,,ELECTRICAL|COPPER|11_KV|IS_12066
a0860274-f060-54e7-a93b-18ea8b750ffd,BHEL,BHEL-500216,IND.STEAM TURBINE CONTROL VALVE 6 in ASTM A217 WC6,CMM-VALVE-563FF3-001,CMM-VALVE-563FF3-001,MAPPED_STANDALONE,STANDALONE,1.0,STANDALONE_IDENTITY,STANDALONE_CANONICAL_SYNTHESIS,1-to-1 deterministic identity mapping to governed Phase 8 standalone CMM candidate. Does not imply cross-CPSE equivalence or harmonization.,,,,,VALVE|ASTM_A217_WC6|6_IN|ASME_B1634
3c672e84-81ae-55ce-8345-8e177b33a86e,BHEL,BHEL-500217,"Steam Turbine Control Valve, ASTM A217 WC6, SIZE 6 in",CMM-VALVE-54515F-001,CMM-VALVE-54515F-001,MAPPED_STANDALONE,STANDALONE,1.0,STANDALONE_IDENTITY,STANDALONE_CANONICAL_SYNTHESIS,1-to-1 deterministic identity mapping to governed Phase 8 standalone CMM candidate. Does not imply cross-CPSE equivalence or harmonization.,,,,,VALVE|ASTM_A217_WC6|6_IN|ASME_B1634|EPOXY_COATED
46abf45f-19c7-5156-a3e5-c7f058084f16,BHEL,BHEL-500218,STORES ITEM Steam Turbine Control Valve ASTM A217 WC6 6 in,CMM-VALVE-4D6188-001,CMM-VALVE-4D6188-001,MAPPED_STANDALONE,STANDALONE,1.0,STANDALONE_IDENTITY,STANDALONE_CANONICAL_SYNTHESIS,1-to-1 deterministic identity mapping to governed Phase 8 standalone CMM candidate. Does not imply cross-CPSE equivalence or harmonization.,,,,,VALVE|ASTM_A217_WC6|6_IN|ASME_B1634
8a8773f5-a24a-5e30-9468-4890c846fb90,BHEL,BHEL-500219,TURBINE GENERATOR STATOR COIL Copper 11 kV,CMM-ELECTR-FAAACF-001,CMM-ELECTR-FAAACF-001,MAPPED_STANDALONE,STANDALONE,1.0,STANDALONE_IDENTITY,STANDALONE_CANONICAL_SYNTHESIS,1-to-1 deterministic identity mapping to governed Phase 8 standalone CMM candidate. Does not imply cross-CPSE equivalence or harmonization.,,,,,ELECTRICAL|COPPER|11_KV|100_M|IS_12066
6051893e-2211-58a1-bb4a-39a714c0fe5d,BHEL,BHEL-500220,STORES ITEM TURBINE GENERATOR STATOR COIL Copper 11 kV,CMM-ELECTR-097381-001,CMM-ELECTR-097381-001,MAPPED_STANDALONE,STANDALONE,1.0,STANDALONE_IDENTITY,STANDALONE_CANONICAL_SYNTHESIS,1-to-1 deterministic identity mapping to governed Phase 8 standalone CMM candidate. Does not imply cross-CPSE equivalence or harmonization.,,,,,ELECTRICAL|COPPER|11_KV|IS_12066
8f8c0b9c-12c5-5652-9703-0d131eb7715b,BHEL,BHEL-500221,SPARE-Turbine Generator Stator Coil Copper 11 kV,CMM-ELECTR-4AC8DE-001,CMM-ELECTR-4AC8DE-001,MAPPED_STANDALONE,STANDALONE,1.0,STANDALONE_IDENTITY,STANDALONE_CANONICAL_SYNTHESIS,1-to-1 deterministic identity mapping to governed Phase 8 standalone CMM candidate. Does not imply cross-CPSE equivalence or harmonization.,,,,,ELECTRICAL|COPPER|11_KV|1000_M|IS_12066
09e13bd0-94d5-50de-bb3b-e9a7a1d91d65,BHEL,BHEL-500222,Steam Turbine Control Valve 6 in ASTM A217 WC6,CMM-VALVE-33655F-001,CMM-VALVE-33655F-001,MAPPED_STANDALONE,STANDALONE,1.0,STANDALONE_IDENTITY,STANDALONE_CANONICAL_SYNTHESIS,1-to-1 deterministic identity mapping to governed Phase 8 standalone CMM candidate. Does not imply cross-CPSE equivalence or harmonization.,,,,,VALVE|ASTM_A217_WC6|6_IN|ASME_B1634
bb0a5fd4-2668-5f35-91ad-a6b174231d92,BHEL,BHEL-500223,11 kV TURBINE GENERATOR STATOR COIL - Copper,CMM-ELECTR-79689B-001,CMM-ELECTR-79689B-001,MAPPED_STANDALONE,STANDALONE,1.0,STANDALONE_IDENTITY,STANDALONE_CANONICAL_SYNTHESIS,1-to-1 deterministic identity mapping to governed Phase 8 standalone CMM candidate. Does not imply cross-CPSE equivalence or harmonization.,,,,,ELECTRICAL|COPPER|11_KV|1000_M|IS_12066
c2255446-cadf-5072-8b86-833fe0d77a98,BHEL,BHEL-500224,STORES ITEM Turbine Generator Stator Coil Copper 11 kV,CMM-ELECTR-11038D-001,CMM-ELECTR-11038D-001,MAPPED_STANDALONE,STANDALONE,1.0,STANDALONE_IDENTITY,STANDALONE_CANONICAL_SYNTHESIS,1-to-1 deterministic identity mapping to governed Phase 8 standalone CMM candidate. Does not imply cross-CPSE equivalence or harmonization.,,,,,ELECTRICAL|COPPER|11_KV|IS_12066
72423763-abfb-5170-bac9-3980666aee3a,BHEL,BHEL-500225,"SPARE-STEAM TURBINE CONTROL VALVE, ASTM A217 WC6, SIZE 6 in",CMM-VALVE-5B12C3-001,CMM-VALVE-5B12C3-001,MAPPED_STANDALONE,STANDALONE,1.0,STANDALONE_IDENTITY,STANDALONE_CANONICAL_SYNTHESIS,1-to-1 deterministic identity mapping to governed Phase 8 standalone CMM candidate. Does not imply cross-CPSE equivalence or harmonization.,,,,,VALVE|ASTM_A217_WC6|6_IN|6_IN|ASME_B1634
bdc3c58b-4ba3-52b7-bf36-bd29a457b9b3,BHEL,BHEL-500226,"TURBINE GENERATOR STATOR COIL, Copper, SIZE 11 kV",CMM-ELECTR-2BD4BF-001,CMM-ELECTR-2BD4BF-001,MAPPED_STANDALONE,STANDALONE,1.0,STANDALONE_IDENTITY,STANDALONE_CANONICAL_SYNTHESIS,1-to-1 deterministic identity mapping to governed Phase 8 standalone CMM candidate. Does not imply cross-CPSE equivalence or harmonization.,,,,,ELECTRICAL|COPPER|11_KV|100_M|IS_12066
db1ad164-937a-5f05-8c53-132a60ec5ca2,BHEL,BHEL-500227,SPARE-6 in Steam Turbine Control Valve - ASTM A217 WC6,CMM-VALVE-8F3BF9-001,CMM-VALVE-8F3BF9-001,MAPPED_STANDALONE,STANDALONE,1.0,STANDALONE_IDENTITY,STANDALONE_CANONICAL_SYNTHESIS,1-to-1 deterministic identity mapping to governed Phase 8 standalone CMM candidate. Does not imply cross-CPSE equivalence or harmonization.,,,,,VALVE|ASTM_A217_WC6|6_IN|6_IN|ASME_B1634
a1ab1361-f291-53ac-9a43-c7aa2ee70d3e,BHEL,BHEL-500228,11 kV Turbine Generator Stator Coil - Copper,CMM-ELECTR-7A69F2-001,CMM-ELECTR-7A69F2-001,MAPPED_STANDALONE,STANDALONE,1.0,STANDALONE_IDENTITY,STANDALONE_CANONICAL_SYNTHESIS,1-to-1 deterministic identity mapping to governed Phase 8 standalone CMM candidate. Does not imply cross-CPSE equivalence or harmonization.,,,,,ELECTRICAL|COPPER|11_KV|IS_12066
d459636d-a73d-5352-bd52-2cc5f87a98e1,BHEL,BHEL-500229,"IND.Turbine Generator Stator Coil, Copper, SIZE 11 kV",CMM-ELECTR-7A8291-001,CMM-ELECTR-7A8291-001,MAPPED_STANDALONE,STANDALONE,1.0,STANDALONE_IDENTITY,STANDALONE_CANONICAL_SYNTHESIS,1-to-1 deterministic identity mapping to governed Phase 8 standalone CMM candidate. Does not imply cross-CPSE equivalence or harmonization.,,,,,ELECTRICAL|COPPER|11_KV|IS_12066
376e6982-9fc1-5c3c-a740-b1061acc5c47,BHEL,BHEL-500230,TURBINE GENERATOR STATOR COIL 11 kV Copper,CMM-ELECTR-2624B2-001,CMM-ELECTR-2624B2-001,MAPPED_STANDALONE,STANDALONE,1.0,STANDALONE_IDENTITY,STANDALONE_CANONICAL_SYNTHESIS,1-to-1 deterministic identity mapping to governed Phase 8 standalone CMM candidate. Does not imply cross-CPSE equivalence or harmonization.,,,,,ELECTRICAL|COPPER|11_KV|100_M|IS_12066
f28f9cc6-3063-5285-8ef7-097c82c9882a,BHEL,BHEL-500231,11 kV TURBINE GENERATOR STATOR COIL - Copper,CMM-ELECTR-916CED-001,CMM-ELECTR-916CED-001,MAPPED_STANDALONE,STANDALONE,1.0,STANDALONE_IDENTITY,STANDALONE_CANONICAL_SYNTHESIS,1-to-1 deterministic identity mapping to governed Phase 8 standalone CMM candidate. Does not imply cross-CPSE equivalence or harmonization.,,,,,ELECTRICAL|COPPER|11_KV|100_M|IS_12066
cac3b53c-7c06-5ff3-bed3-57270f4a4c15,BHEL,BHEL-500232,6 in STEAM TURBINE CONTROL VALVE - ASTM A217 WC6,CMM-VALVE-088997-001,CMM-VALVE-088997-001,MAPPED_STANDALONE,STANDALONE,1.0,STANDALONE_IDENTITY,STANDALONE_CANONICAL_SYNTHESIS,1-to-1 deterministic identity mapping to governed Phase 8 standalone CMM candidate. Does not imply cross-CPSE equivalence or harmonization.,,,,,VALVE|ASTM_A217_WC6|6_IN|6_IN|ASME_B1634
6a8307b9-04d2-5f61-9f3e-23eff7becc75,BHEL,BHEL-500233,STORES ITEM STEAM TURBINE CONTROL VALVE ASTM A217 WC6 6 in,CMM-VALVE-D56453-001,CMM-VALVE-D56453-001,MAPPED_STANDALONE,STANDALONE,1.0,STANDALONE_IDENTITY,STANDALONE_CANONICAL_SYNTHESIS,1-to-1 deterministic identity mapping to governed Phase 8 standalone CMM candidate. Does not imply cross-CPSE equivalence or harmonization.,,,,,VALVE|ASTM_A217_WC6|6_IN|ASME_B1634
05ec35ee-ff58-5b3d-8c46-c0be4781e1ec,BHEL,BHEL-500234,STEAM TURBINE CONTROL VALVE ASTM A217 WC6 6 in,CMM-VALVE-E59936-001,CMM-VALVE-E59936-001,MAPPED_STANDALONE,STANDALONE,1.0,STANDALONE_IDENTITY,STANDALONE_CANONICAL_SYNTHESIS,1-to-1 deterministic identity mapping to governed Phase 8 standalone CMM candidate. Does not imply cross-CPSE equivalence or harmonization.,,,,,VALVE|ASTM_A217_WC6|6_IN|6_IN|ASME_B1634
0499105e-2ea4-5cc5-8ccf-a2a6ea402754,BHEL,BHEL-500235,11 kV TURBINE GENERATOR STATOR COIL - Copper,CMM-ELECTR-72A3B6-001,CMM-ELECTR-72A3B6-001,MAPPED_STANDALONE,STANDALONE,1.0,STANDALONE_IDENTITY,STANDALONE_CANONICAL_SYNTHESIS,1-to-1 deterministic identity mapping to governed Phase 8 standalone CMM candidate. Does not imply cross-CPSE equivalence or harmonization.,,,,,ELECTRICAL|COPPER|11_KV|100_M|IS_12066
12956c97-3a9e-5db0-af75-4aba8ad3f6a7,BHEL,BHEL-500236,IND.6 in STEAM TURBINE CONTROL VALVE - ASTM A217 WC6,CMM-VALVE-7C8BA2-001,CMM-VALVE-7C8BA2-001,MAPPED_STANDALONE,STANDALONE,1.0,STANDALONE_IDENTITY,STANDALONE_CANONICAL_SYNTHESIS,1-to-1 deterministic identity mapping to governed Phase 8 standalone CMM candidate. Does not imply cross-CPSE equivalence or harmonization.,,,,,VALVE|ASTM_A217_WC6|6_IN|ASME_B1634
4d6e196c-c934-5b35-92dc-5b2782bc092a,BHEL,BHEL-500237,SPARE-6 in STEAM TURBINE CONTROL VALVE - ASTM A217 WC6,CMM-VALVE-D21FCF-001,CMM-VALVE-D21FCF-001,MAPPED_STANDALONE,STANDALONE,1.0,STANDALONE_IDENTITY,STANDALONE_CANONICAL_SYNTHESIS,1-to-1 deterministic identity mapping to governed Phase 8 standalone CMM candidate. Does not imply cross-CPSE equivalence or harmonization.,,,,,VALVE|ASTM_A217_WC6|6_IN|6_IN|ASME_B1634|EPOXY_COATED
540dca92-02b9-5364-a149-2be2ee450d29,BHEL,BHEL-500238,STORES ITEM STEAM TURBINE CONTROL VALVE 6 in ASTM A217 WC6,CMM-VALVE-FA98E0-001,CMM-VALVE-FA98E0-001,MAPPED_STANDALONE,STANDALONE,1.0,STANDALONE_IDENTITY,STANDALONE_CANONICAL_SYNTHESIS,1-to-1 deterministic identity mapping to governed Phase 8 standalone CMM candidate. Does not imply cross-CPSE equivalence or harmonization.,,,,,VALVE|ASTM_A217_WC6|6_IN|ASME_B1634
4b375d04-c2d8-5dc4-a4f5-71e524caad9a,BHEL,BHEL-500239,6 in Steam Turbine Control Valve - ASTM A217 WC6,CMM-VALVE-8F6DAB-001,CMM-VALVE-8F6DAB-001,MAPPED_STANDALONE,STANDALONE,1.0,STANDALONE_IDENTITY,STANDALONE_CANONICAL_SYNTHESIS,1-to-1 deterministic identity mapping to governed Phase 8 standalone CMM candidate. Does not imply cross-CPSE equivalence or harmonization.,,,,,VALVE|ASTM_A217_WC6|6_IN|6_IN|ASME_B1634
8e26e99d-f800-58aa-89fc-2ccd85ee09cb,BHEL,BHEL-500240,SPARE-11 kV TURBINE GENERATOR STATOR COIL - Copper,CMM-ELECTR-91BE73-001,CMM-ELECTR-91BE73-001,MAPPED_STANDALONE,STANDALONE,1.0,STANDALONE_IDENTITY,STANDALONE_CANONICAL_SYNTHESIS,1-to-1 deterministic identity mapping to governed Phase 8 standalone CMM candidate. Does not imply cross-CPSE equivalence or harmonization.,,,,,ELECTRICAL|COPPER|11_KV|1000_M|IS_12066
9201e38b-4f94-58f4-8de5-3b8ec8c6b907,BHEL,BHEL-500241,STORES ITEM Steam Turbine Control Valve ASTM A217 WC6 6 in,CMM-VALVE-B44D4E-001,CMM-VALVE-B44D4E-001,MAPPED_STANDALONE,STANDALONE,1.0,STANDALONE_IDENTITY,STANDALONE_CANONICAL_SYNTHESIS,1-to-1 deterministic identity mapping to governed Phase 8 standalone CMM candidate. Does not imply cross-CPSE equivalence or harmonization.,,,,,VALVE|ASTM_A217_WC6|6_IN|6_IN|ASME_B1634
804a0276-9bb0-572b-8e26-938a33c87711,BHEL,BHEL-500242,6 in Steam Turbine Control Valve - ASTM A217 WC6,CMM-VALVE-98AC0B-001,CMM-VALVE-98AC0B-001,MAPPED_STANDALONE,STANDALONE,1.0,STANDALONE_IDENTITY,STANDALONE_CANONICAL_SYNTHESIS,1-to-1 deterministic identity mapping to governed Phase 8 standalone CMM candidate. Does not imply cross-CPSE equivalence or harmonization.,,,,,VALVE|ASTM_A217_WC6|6_IN|ASME_B1634
cacd0d3d-acd6-509e-9bb3-6c49d355eb39,BHEL,BHEL-500243,11 kV Turbine Generator Stator Coil - Copper,CMM-ELECTR-9D604B-001,CMM-ELECTR-9D604B-001,MAPPED_STANDALONE,STANDALONE,1.0,STANDALONE_IDENTITY,STANDALONE_CANONICAL_SYNTHESIS,1-to-1 deterministic identity mapping to governed Phase 8 standalone CMM candidate. Does not imply cross-CPSE equivalence or harmonization.,,,,,ELECTRICAL|COPPER|11_KV|IS_12066
d18efc9d-ade7-5d48-becb-c9e86e111268,BHEL,BHEL-500244,SPARE-Turbine Generator Stator Coil Copper 11 kV,CMM-ELECTR-D40B8A-001,CMM-ELECTR-D40B8A-001,MAPPED_STANDALONE,STANDALONE,1.0,STANDALONE_IDENTITY,STANDALONE_CANONICAL_SYNTHESIS,1-to-1 deterministic identity mapping to governed Phase 8 standalone CMM candidate. Does not imply cross-CPSE equivalence or harmonization.,,,,,ELECTRICAL|COPPER|11_KV|100_M|IS_12066
8ce9a6c1-5c6f-5f90-a5e0-efed1857d852,BHEL,BHEL-500245,STORES ITEM Steam Turbine Control Valve ASTM A217 WC6 6 in,CMM-VALVE-00AA46-001,CMM-VALVE-00AA46-001,MAPPED_STANDALONE,STANDALONE,1.0,STANDALONE_IDENTITY,STANDALONE_CANONICAL_SYNTHESIS,1-to-1 deterministic identity mapping to governed Phase 8 standalone CMM candidate. Does not imply cross-CPSE equivalence or harmonization.,,,,,VALVE|ASTM_A217_WC6|6_IN|6_IN|ASME_B1634
bca75231-cdaa-5505-b13e-31614440d207,BHEL,BHEL-500246,"SPARE-STEAM TURBINE CONTROL VALVE, ASTM A217 WC6, SIZE 6 in",CMM-VALVE-56BE43-001,CMM-VALVE-56BE43-001,MAPPED_STANDALONE,STANDALONE,1.0,STANDALONE_IDENTITY,STANDALONE_CANONICAL_SYNTHESIS,1-to-1 deterministic identity mapping to governed Phase 8 standalone CMM candidate. Does not imply cross-CPSE equivalence or harmonization.,,,,,VALVE|ASTM_A217_WC6|6_IN|6_IN|ASME_B1634
9332b799-ac4d-5322-b563-9683433837b6,BHEL,BHEL-500247,SPARE-11 kV Turbine Generator Stator Coil - Copper,CMM-ELECTR-2E2EAB-001,CMM-ELECTR-2E2EAB-001,MAPPED_STANDALONE,STANDALONE,1.0,STANDALONE_IDENTITY,STANDALONE_CANONICAL_SYNTHESIS,1-to-1 deterministic identity mapping to governed Phase 8 standalone CMM candidate. Does not imply cross-CPSE equivalence or harmonization.,,,,,ELECTRICAL|COPPER|11_KV|500_M|IS_12066
4af1ed52-ac3c-56e3-9718-901ef28e5498,BHEL,BHEL-500248,SPARE-STEAM TURBINE CONTROL VALVE ASTM A217 WC6 6 in,CMM-VALVE-03FCA1-001,CMM-VALVE-03FCA1-001,MAPPED_STANDALONE,STANDALONE,1.0,STANDALONE_IDENTITY,STANDALONE_CANONICAL_SYNTHESIS,1-to-1 deterministic identity mapping to governed Phase 8 standalone CMM candidate. Does not imply cross-CPSE equivalence or harmonization.,,,,,VALVE|ASTM_A217_WC6|6_IN|ASME_B1634
97e9360b-fec7-565b-b4a5-40d236423f38,BHEL,BHEL-500249,"TURBINE GENERATOR STATOR COIL, Copper, SIZE 11 kV",CMM-ELECTR-23E752-001,CMM-ELECTR-23E752-001,MAPPED_STANDALONE,STANDALONE,1.0,STANDALONE_IDENTITY,STANDALONE_CANONICAL_SYNTHESIS,1-to-1 deterministic identity mapping to governed Phase 8 standalone CMM candidate. Does not imply cross-CPSE equivalence or harmonization.,,,,,ELECTRICAL|COPPER|11_KV|500_M|IS_12066
4e9590e3-d60a-5d24-81af-894e32acc049,BHEL,BHEL-500250,"IND.TURBINE GENERATOR STATOR COIL, Copper, SIZE 11 kV",CMM-ELECTR-40BE38-001,CMM-ELECTR-40BE38-001,MAPPED_STANDALONE,STANDALONE,1.0,STANDALONE_IDENTITY,STANDALONE_CANONICAL_SYNTHESIS,1-to-1 deterministic identity mapping to governed Phase 8 standalone CMM candidate. Does not imply cross-CPSE equivalence or harmonization.,,,,,ELECTRICAL|COPPER|11_KV|1000_M|IS_12066
3f3b47d7-c5b4-5cb5-9d3b-bdb9e4255c7b,BHEL,BHEL-500251,SPARE-Steam Turbine Control Valve ASTM A217 WC6 6 in,CMM-VALVE-B26CE4-001,CMM-VALVE-B26CE4-001,MAPPED_STANDALONE,STANDALONE,1.0,STANDALONE_IDENTITY,STANDALONE_CANONICAL_SYNTHESIS,1-to-1 deterministic identity mapping to governed Phase 8 standalone CMM candidate. Does not imply cross-CPSE equivalence or harmonization.,,,,,VALVE|ASTM_A217_WC6|6_IN|ASME_B1634|PTFE_LINED
1ba023f3-c317-564c-8f79-0b853df0c8d4,BHEL,BHEL-500252,IND.Steam Turbine Control Valve 6 in ASTM A217 WC6,CMM-VALVE-BC53DA-001,CMM-VALVE-BC53DA-001,MAPPED_STANDALONE,STANDALONE,1.0,STANDALONE_IDENTITY,STANDALONE_CANONICAL_SYNTHESIS,1-to-1 deterministic identity mapping to governed Phase 8 standalone CMM candidate. Does not imply cross-CPSE equivalence or harmonization.,,,,,VALVE|ASTM_A217_WC6|6_IN|ASME_B1634
f9cd90aa-abde-543e-9198-58409a7efd97,BHEL,BHEL-500253,"STEAM TURBINE CONTROL VALVE, ASTM A217 WC6, SIZE 6 in",CMM-VALVE-D5BC99-001,CMM-VALVE-D5BC99-001,MAPPED_STANDALONE,STANDALONE,1.0,STANDALONE_IDENTITY,STANDALONE_CANONICAL_SYNTHESIS,1-to-1 deterministic identity mapping to governed Phase 8 standalone CMM candidate. Does not imply cross-CPSE equivalence or harmonization.,,,,,VALVE|ASTM_A217_WC6|6_IN|ASME_B1634
af328c15-ebbf-52f3-95cf-0cc7d1cc62cf,BHEL,BHEL-500254,Steam Turbine Control Valve 6 in ASTM A217 WC6,CMM-VALVE-0795E4-001,CMM-VALVE-0795E4-001,MAPPED_STANDALONE,STANDALONE,1.0,STANDALONE_IDENTITY,STANDALONE_CANONICAL_SYNTHESIS,1-to-1 deterministic identity mapping to governed Phase 8 standalone CMM candidate. Does not imply cross-CPSE equivalence or harmonization.,,,,,VALVE|ASTM_A217_WC6|6_IN|6_IN|ASME_B1634|ZINC_PLATED
12800013-e649-529d-ae98-49c6345e0e63,BHEL,BHEL-500255,IND.TURBINE GENERATOR STATOR COIL Copper 11 kV,CMM-ELECTR-983066-001,CMM-ELECTR-983066-001,MAPPED_STANDALONE,STANDALONE,1.0,STANDALONE_IDENTITY,STANDALONE_CANONICAL_SYNTHESIS,1-to-1 deterministic identity mapping to governed Phase 8 standalone CMM candidate. Does not imply cross-CPSE equivalence or harmonization.,,,,,ELECTRICAL|COPPER|11_KV|1000_M|IS_12066
ff85b810-345c-5044-95e6-6c613660e907,BHEL,BHEL-500256,SPARE-Turbine Generator Stator Coil 11 kV Copper,CMM-ELECTR-A89663-001,CMM-ELECTR-A89663-001,MAPPED_STANDALONE,STANDALONE,1.0,STANDALONE_IDENTITY,STANDALONE_CANONICAL_SYNTHESIS,1-to-1 deterministic identity mapping to governed Phase 8 standalone CMM candidate. Does not imply cross-CPSE equivalence or harmonization.,,,,,ELECTRICAL|COPPER|11_KV|100_M|IS_12066
ab889d5c-344f-5e7b-b130-f5126d236485,BHEL,BHEL-500257,"STORES ITEM Turbine Generator Stator Coil, Copper, SIZE 11 kV",CMM-ELECTR-69D882-001,CMM-ELECTR-69D882-001,MAPPED_STANDALONE,STANDALONE,1.0,STANDALONE_IDENTITY,STANDALONE_CANONICAL_SYNTHESIS,1-to-1 deterministic identity mapping to governed Phase 8 standalone CMM candidate. Does not imply cross-CPSE equivalence or harmonization.,,,,,ELECTRICAL|COPPER|11_KV|IS_12066
0ebb02f4-ce60-5f7c-a1eb-16a83e6b4260,BHEL,BHEL-500258,6 in Steam Turbine Control Valve - ASTM A217 WC6,CMM-VALVE-97589B-001,CMM-VALVE-97589B-001,MAPPED_STANDALONE,STANDALONE,1.0,STANDALONE_IDENTITY,STANDALONE_CANONICAL_SYNTHESIS,1-to-1 deterministic identity mapping to governed Phase 8 standalone CMM candidate. Does not imply cross-CPSE equivalence or harmonization.,,,,,VALVE|ASTM_A217_WC6|6_IN|ASME_B1634
4e810bb2-8856-52ca-9abb-41c3b7aee679,BHEL,BHEL-500259,SPARE-STEAM TURBINE CONTROL VALVE 6 in ASTM A217 WC6,CMM-VALVE-8C9CE1-001,CMM-VALVE-8C9CE1-001,MAPPED_STANDALONE,STANDALONE,1.0,STANDALONE_IDENTITY,STANDALONE_CANONICAL_SYNTHESIS,1-to-1 deterministic identity mapping to governed Phase 8 standalone CMM candidate. Does not imply cross-CPSE equivalence or harmonization.,,,,,VALVE|ASTM_A217_WC6|6_IN|6_IN|ASME_B1634
99a25a00-528f-55d9-a755-1e30c6025717,BHEL,BHEL-500260,IND.Steam Turbine Control Valve ASTM A217 WC6 6 in,CMM-VALVE-C2C454-001,CMM-VALVE-C2C454-001,MAPPED_STANDALONE,STANDALONE,1.0,STANDALONE_IDENTITY,STANDALONE_CANONICAL_SYNTHESIS,1-to-1 deterministic identity mapping to governed Phase 8 standalone CMM candidate. Does not imply cross-CPSE equivalence or harmonization.,,,,,VALVE|ASTM_A217_WC6|6_IN|6_IN|ASME_B1634
83c83eae-cdd5-592f-a198-ee8e8ee6075a,BHEL,BHEL-500261,STORES ITEM STEAM TURBINE CONTROL VALVE 6 in ASTM A217 WC6,CMM-VALVE-07E359-001,CMM-VALVE-07E359-001,MAPPED_STANDALONE,STANDALONE,1.0,STANDALONE_IDENTITY,STANDALONE_CANONICAL_SYNTHESIS,1-to-1 deterministic identity mapping to governed Phase 8 standalone CMM candidate. Does not imply cross-CPSE equivalence or harmonization.,,,,,VALVE|ASTM_A217_WC6|6_IN|6_IN|ASME_B1634
6e58a1f0-860c-5431-8915-fc734f2aff20,BHEL,BHEL-500262,IND.STEAM TURBINE CONTROL VALVE ASTM A217 WC6 6 in,CMM-VALVE-2872B3-001,CMM-VALVE-2872B3-001,MAPPED_STANDALONE,STANDALONE,1.0,STANDALONE_IDENTITY,STANDALONE_CANONICAL_SYNTHESIS,1-to-1 deterministic identity mapping to governed Phase 8 standalone CMM candidate. Does not imply cross-CPSE equivalence or harmonization.,,,,,VALVE|ASTM_A217_WC6|6_IN|ASME_B1634
be92147a-9ac5-501d-89c8-222b29ee3811,BHEL,BHEL-500263,"STORES ITEM STEAM TURBINE CONTROL VALVE, ASTM A217 WC6, SIZE 6 in",CMM-VALVE-A4F493-001,CMM-VALVE-A4F493-001,MAPPED_STANDALONE,STANDALONE,1.0,STANDALONE_IDENTITY,STANDALONE_CANONICAL_SYNTHESIS,1-to-1 deterministic identity mapping to governed Phase 8 standalone CMM candidate. Does not imply cross-CPSE equivalence or harmonization.,,,,,VALVE|ASTM_A217_WC6|6_IN|6_IN|ASME_B1634
0a2f26a5-4cb0-56f1-9bab-57c89d1d00bc,BHEL,BHEL-500264,IND.Steam Turbine Control Valve ASTM A217 WC6 6 in,CMM-VALVE-179147-001,CMM-VALVE-179147-001,MAPPED_STANDALONE,STANDALONE,1.0,STANDALONE_IDENTITY,STANDALONE_CANONICAL_SYNTHESIS,1-to-1 deterministic identity mapping to governed Phase 8 standalone CMM candidate. Does not imply cross-CPSE equivalence or harmonization.,,,,,VALVE|ASTM_A217_WC6|6_IN|6_IN|ASME_B1634
4adb5744-f738-5481-bff9-95033534df7d,BHEL,BHEL-500265,SPARE-11 kV Turbine Generator Stator Coil - Copper,CMM-ELECTR-5BFEDC-001,CMM-ELECTR-5BFEDC-001,MAPPED_STANDALONE,STANDALONE,1.0,STANDALONE_IDENTITY,STANDALONE_CANONICAL_SYNTHESIS,1-to-1 deterministic identity mapping to governed Phase 8 standalone CMM candidate. Does not imply cross-CPSE equivalence or harmonization.,,,,,ELECTRICAL|COPPER|11_KV|100_M|IS_12066
e994c215-211b-5a9d-814b-d8f964359bb3,BHEL,BHEL-500266,Turbine Generator Stator Coil 11 kV Copper,CMM-ELECTR-949379-001,CMM-ELECTR-949379-001,MAPPED_STANDALONE,STANDALONE,1.0,STANDALONE_IDENTITY,STANDALONE_CANONICAL_SYNTHESIS,1-to-1 deterministic identity mapping to governed Phase 8 standalone CMM candidate. Does not imply cross-CPSE equivalence or harmonization.,,,,,ELECTRICAL|COPPER|11_KV|IS_12066
9a1f8c5d-6d3f-5f29-b14c-84999c52de84,BHEL,BHEL-500267,Steam Turbine Control Valve 6 in ASTM A217 WC6,CMM-VALVE-28F35A-001,CMM-VALVE-28F35A-001,MAPPED_STANDALONE,STANDALONE,1.0,STANDALONE_IDENTITY,STANDALONE_CANONICAL_SYNTHESIS,1-to-1 deterministic identity mapping to governed Phase 8 standalone CMM candidate. Does not imply cross-CPSE equivalence or harmonization.,,,,,VALVE|ASTM_A217_WC6|6_IN|6_IN|ASME_B1634
0dbd1acf-5632-5fd2-b977-7ad8eaddd607,BHEL,BHEL-500268,STORES ITEM 11 kV Turbine Generator Stator Coil - Copper,CMM-ELECTR-1E911F-001,CMM-ELECTR-1E911F-001,MAPPED_STANDALONE,STANDALONE,1.0,STANDALONE_IDENTITY,STANDALONE_CANONICAL_SYNTHESIS,1-to-1 deterministic identity mapping to governed Phase 8 standalone CMM candidate. Does not imply cross-CPSE equivalence or harmonization.,,,,,ELECTRICAL|COPPER|11_KV|IS_12066
c5d3e129-4545-5df1-af59-b3891266ea11,BHEL,BHEL-500269,SPARE-TURBINE GENERATOR STATOR COIL Copper 11 kV,CMM-ELECTR-E5BD1D-001,CMM-ELECTR-E5BD1D-001,MAPPED_STANDALONE,STANDALONE,1.0,STANDALONE_IDENTITY,STANDALONE_CANONICAL_SYNTHESIS,1-to-1 deterministic identity mapping to governed Phase 8 standalone CMM candidate. Does not imply cross-CPSE equivalence or harmonization.,,,,,ELECTRICAL|COPPER|11_KV|500_M|IS_12066
dc7a196e-0b60-502a-bd4a-958228223d5d,BHEL,BHEL-500270,IND.Turbine Generator Stator Coil 11 kV Copper,CMM-ELECTR-3FF7C7-001,CMM-ELECTR-3FF7C7-001,MAPPED_STANDALONE,STANDALONE,1.0,STANDALONE_IDENTITY,STANDALONE_CANONICAL_SYNTHESIS,1-to-1 deterministic identity mapping to governed Phase 8 standalone CMM candidate. Does not imply cross-CPSE equivalence or harmonization.,,,,,ELECTRICAL|COPPER|11_KV|500_M|IS_12066
232fa033-3910-5355-908d-fd1f78cff73e,BHEL,BHEL-500271,"SPARE-Steam Turbine Control Valve, ASTM A217 WC6, SIZE 6 in",CMM-VALVE-A0A973-001,CMM-VALVE-A0A973-001,MAPPED_STANDALONE,STANDALONE,1.0,STANDALONE_IDENTITY,STANDALONE_CANONICAL_SYNTHESIS,1-to-1 deterministic identity mapping to governed Phase 8 standalone CMM candidate. Does not imply cross-CPSE equivalence or harmonization.,,,,,VALVE|ASTM_A217_WC6|6_IN|ASME_B1634
771e18a7-6f14-5ed5-921f-a489f9151cf9,BHEL,BHEL-500272,SPARE-STEAM TURBINE CONTROL VALVE ASTM A217 WC6 6 in,CMM-VALVE-706FD0-001,CMM-VALVE-706FD0-001,MAPPED_STANDALONE,STANDALONE,1.0,STANDALONE_IDENTITY,STANDALONE_CANONICAL_SYNTHESIS,1-to-1 deterministic identity mapping to governed Phase 8 standalone CMM candidate. Does not imply cross-CPSE equivalence or harmonization.,,,,,VALVE|ASTM_A217_WC6|6_IN|ASME_B1634
58f26f2b-5f38-51d3-95cb-5f5841333976,BHEL,BHEL-500273,"STORES ITEM STEAM TURBINE CONTROL VALVE, ASTM A217 WC6, SIZE 6 in",CMM-VALVE-6EC00D-001,CMM-VALVE-6EC00D-001,MAPPED_STANDALONE,STANDALONE,1.0,STANDALONE_IDENTITY,STANDALONE_CANONICAL_SYNTHESIS,1-to-1 deterministic identity mapping to governed Phase 8 standalone CMM candidate. Does not imply cross-CPSE equivalence or harmonization.,,,,,VALVE|ASTM_A217_WC6|6_IN|6_IN|ASME_B1634
df3a7bc3-b9d9-59e0-bfe9-1ac7d59520c3,BHEL,BHEL-500274,STORES ITEM STEAM TURBINE CONTROL VALVE 6 in ASTM A217 WC6,CMM-VALVE-B7728C-001,CMM-VALVE-B7728C-001,MAPPED_STANDALONE,STANDALONE,1.0,STANDALONE_IDENTITY,STANDALONE_CANONICAL_SYNTHESIS,1-to-1 deterministic identity mapping to governed Phase 8 standalone CMM candidate. Does not imply cross-CPSE equivalence or harmonization.,,,,,VALVE|ASTM_A217_WC6|6_IN|ASME_B1634
683b4036-6887-502c-b397-92cffc1d20c9,BHEL,BHEL-500275,6 in Steam Turbine Control Valve - ASTM A217 WC6,CMM-VALVE-A68979-001,CMM-VALVE-A68979-001,MAPPED_STANDALONE,STANDALONE,1.0,STANDALONE_IDENTITY,STANDALONE_CANONICAL_SYNTHESIS,1-to-1 deterministic identity mapping to governed Phase 8 standalone CMM candidate. Does not imply cross-CPSE equivalence or harmonization.,,,,,VALVE|ASTM_A217_WC6|6_IN|6_IN|ASME_B1634
90fa9c8c-c460-5044-8470-7016cf8fe647,Coal India,CIL-400001,Ball Bearing 6304 Stainless Steel,CMM-BEARNG-98CF95-001,CMM-BEARNG-98CF95-001,MAPPED_VERIFIED,DIRECT_ACCEPTED,1.0,VERIFIED_CROSS_CPSE,HUMAN_ACCEPTED_HARMONIZATION,Verified cross-CPSE harmonization mapping supported by Phase 7 human review ACCEPT on candidate CAN-000003 with cryptographic evidence hash ...,CAN-000003,VALIDATED_COMPATIBLE,ACCEPT,,BEARING|BALL_BEARING|STAINLESS_STEEL|STAINLESS_STEEL|6304
8b79e7bb-55c9-59c8-99a7-03acf90c4caf,Coal India,CIL-400002,DN 100 Centrifugal Pump - SS316,CMM-PUMP-EFB17A-001,CMM-PUMP-EFB17A-001,MAPPED_VERIFIED,DIRECT_ACCEPTED,1.0,VERIFIED_CROSS_CPSE,HUMAN_ACCEPTED_HARMONIZATION,Verified cross-CPSE harmonization mapping supported by Phase 7 human review ACCEPT on candidate CAN-000155 with cryptographic evidence hash ...,CAN-000155,VALIDATED_COMPATIBLE,ACCEPT,,PUMP|CENTRIFUGAL_PUMP|STAINLESS_STEEL|SS_316|DN_100|API_610
23bf27fe-b8df-5d76-afee-ee8a916d46fa,Coal India,CIL-400003,CONTROL VALVE WCB 2 in,CMM-VALVE-992419-001,CMM-VALVE-992419-001,MAPPED_VERIFIED,DIRECT_ACCEPTED,1.0,VERIFIED_CROSS_CPSE,HUMAN_ACCEPTED_HARMONIZATION,Verified cross-CPSE harmonization mapping supported by Phase 7 human review ACCEPT on candidate CAN-000363 with cryptographic evidence hash ...,CAN-000363,VALIDATED_COMPATIBLE,ACCEPT,,VALVE|ASTM_A216_WCB|2_IN|API_598
c1728c48-4906-5863-b89d-683d17948d26,Coal India,CIL-400004,SPARE-RECIPROCATING PUMP Carbon Steel DN 80,CMM-PUMP-986768-001,CMM-PUMP-986768-001,MAPPED_VERIFIED,DIRECT_ACCEPTED,1.0,VERIFIED_CROSS_CPSE,HUMAN_ACCEPTED_HARMONIZATION,Verified cross-CPSE harmonization mapping supported by Phase 7 human review ACCEPT on candidate CAN-000545 with cryptographic evidence hash ...,CAN-000545,VALIDATED_COMPATIBLE,ACCEPT,,PUMP|CARBON_STEEL|CARBON_STEEL|DN_80|DN_80|IS_1520|PTFE_LINED
aeb384cc-06be-5451-8362-3a072a696a48,Coal India,CIL-400005,"STORES ITEM Reducer, ASTM A106 Gr B, SIZE DN 150",CMM-PIPEF-A8BD86-001,CMM-PIPEF-A8BD86-001,MAPPED_VERIFIED,DIRECT_ACCEPTED,1.0,VERIFIED_CROSS_CPSE,HUMAN_ACCEPTED_HARMONIZATION,Verified cross-CPSE harmonization mapping supported by Phase 7 human review ACCEPT on candidate CAN-001115 with cryptographic evidence hash ...,CAN-001115,VALIDATED_COMPATIBLE,ACCEPT,,PIPE_FITTING|ASTM_A106_GRB|DN_150|12_M|50_MM|IS_1239|ZINC_PLATED
56d5df60-b8d1-575c-b830-94c6d0c4b3d1,Coal India,CIL-400006,Gear Pump 3 in x 2 in Duplex Steel,CMM-PUMP-357758-001,CMM-PUMP-357758-001,MAPPED_VERIFIED,DIRECT_ACCEPTED,1.0,VERIFIED_CROSS_CPSE,HUMAN_ACCEPTED_HARMONIZATION,Verified cross-CPSE harmonization mapping supported by Phase 7 human review ACCEPT on candidate CAN-001414 with cryptographic evidence hash ...,CAN-001414,VALIDATED_COMPATIBLE,ACCEPT,,PUMP|DUPLEX_STEEL|3_IN_X_2_IN|3_IN_X_2_IN|ISO_2858
24123bf0-332b-50a7-82b5-241b76e610e3,Coal India,CIL-400007,"SPARE-XLPE CABLE, Aluminium, SIZE 3C x 95 sq mm",CMM-ELECTR-79A6DD-001,CMM-ELECTR-79A6DD-001,MAPPED_VERIFIED,DIRECT_ACCEPTED,1.0,VERIFIED_CROSS_CPSE,HUMAN_ACCEPTED_HARMONIZATION,Verified cross-CPSE harmonization mapping supported by Phase 7 human review ACCEPT on candidate CAN-001505 with cryptographic evidence hash ...,CAN-001505,VALIDATED_COMPATIBLE,ACCEPT,,ELECTRICAL|CABLE|XLPE|ALUMINIUM|3C_X_95_SQ_MM|IS_2026
03b74e4f-38af-5bef-9264-6d9570cd2789,Coal India,CIL-400008,SPARE-1/2 in CONTROL VALVE - WCB,CMM-VALVE-24B4BF-001,CMM-VALVE-24B4BF-001,MAPPED_VERIFIED,DIRECT_ACCEPTED,1.0,VERIFIED_CROSS_CPSE,HUMAN_ACCEPTED_HARMONIZATION,Verified cross-CPSE harmonization mapping supported by Phase 7 human review ACCEPT on candidate CAN-001984 with cryptographic evidence hash ...,CAN-001984,VALIDATED_COMPATIBLE,ACCEPT,,VALVE|ASTM_A216_WCB|1_2_IN|API_598|ZINC_PLATED
46d172e4-ed52-5bd3-8a23-d7ea98f80dc9,Coal India,CIL-400009,SPARE-DN 150 FLANGE - IS 2062,CMM-PIPEF-BBD3DF-001,CMM-PIPEF-BBD3DF-001,MAPPED_VERIFIED,DIRECT_ACCEPTED,1.0,VERIFIED_CROSS_CPSE,HUMAN_ACCEPTED_HARMONIZATION,Verified cross-CPSE harmonization mapping supported by Phase 7 human review ACCEPT on candidate CAN-002885 with cryptographic evidence hash ...,CAN-002885,VALIDATED_COMPATIBLE,ACCEPT,,PIPE_FITTING|FLANGE|IS_2062|DN_150|12_M|DN_150|ASTM_A106|GALVANIZED
bb33565c-8009-52e5-900b-202f31b0a918,Coal India,CIL-400010,"SPARE-Submersible Pump, SS316, SIZE DN 100",CMM-PUMP-0F45F6-001,CMM-PUMP-0F45F6-001,MAPPED_VERIFIED,DIRECT_ACCEPTED,1.0,VERIFIED_CROSS_CPSE,HUMAN_ACCEPTED_HARMONIZATION,Verified cross-CPSE harmonization mapping supported by Phase 7 human review ACCEPT on candidate CAN-003244 with cryptographic evidence hash ...,CAN-003244,VALIDATED_COMPATIBLE,ACCEPT,,PUMP|STAINLESS_STEEL|SS_316|DN_100|DN_100|API_610
21f70230-69dc-5ec1-ada4-d2a1cc60f24d,Coal India,CIL-400011,0-100 bar TEMPERATURE TRANSMITTER - Polycarbonate,CMM-INSTRU-3688F6-001,CMM-INSTRU-3688F6-001,REVIEW_REQUIRED,DIRECT_ACCEPTED,0.6,REVIEW_REQUIRED,AMBIGUOUS_ATTRIBUTE_HOLD,Attribute ambiguity in upstream candidate group; human review required.,,REVIEW_REQUIRED,,,INSTRUMENTATION|POLYCARBONATE|0_100_BAR|ASME_B40100
ec827de9-c916-5bc8-815e-bccbed31c359,Coal India,CIL-400012,IND.Gate Valve 4 in SS316,CMM-VALVE-11F993-001,CMM-VALVE-11F993-001,MAPPED_VERIFIED,DIRECT_ACCEPTED,1.0,VERIFIED_CROSS_CPSE,HUMAN_ACCEPTED_HARMONIZATION,Verified cross-CPSE harmonization mapping supported by Phase 7 human review ACCEPT on candidate CAN-003845 with cryptographic evidence hash ...,CAN-003845,VALIDATED_COMPATIBLE,ACCEPT,,VALVE|GATE_VALVE|STAINLESS_STEEL|SS_316|4_IN|API_600
48681e02-1070-54fa-ba9d-e6ef136d400b,Coal India,CIL-400013,"IND.Mechanical Seal, PTFE, SIZE 100 mm",CMM-SEALG-9F5E86-001,CMM-SEALG-9F5E86-001,MAPPED_VERIFIED,DIRECT_ACCEPTED,1.0,VERIFIED_CROSS_CPSE,HUMAN_ACCEPTED_HARMONIZATION,Verified cross-CPSE harmonization mapping supported by Phase 7 human review ACCEPT on candidate CAN-004113 with cryptographic evidence hash ...,CAN-004113,VALIDATED_COMPATIBLE,ACCEPT,,SEAL_GASKET|PTFE|100_MM|GALVANIZED
16cb2374-d9fe-572f-9533-a4ed1e720816,Coal India,CIL-400014,4-20 mA LEVEL TRANSMITTER - SS316,CMM-INSTRU-1E073D-001,CMM-INSTRU-1E073D-001,REVIEW_REQUIRED,DIRECT_ACCEPTED,0.6,REVIEW_REQUIRED,AMBIGUOUS_ATTRIBUTE_HOLD,Attribute ambiguity in upstream candidate group; human review required.,,REVIEW_REQUIRED,,,INSTRUMENTATION|STAINLESS_STEEL|SS_316|4_20_MA|ASME_B40100
328ecef3-f98a-5498-8a90-9099862a8ba6,Coal India,CIL-400015,"Hex Nut, Carbon Steel, SIZE M10 x 40",CMM-FASTNR-26351F-001,CMM-FASTNR-26351F-001,MAPPED_VERIFIED,DIRECT_ACCEPTED,1.0,VERIFIED_CROSS_CPSE,HUMAN_ACCEPTED_HARMONIZATION,Verified cross-CPSE harmonization mapping supported by Phase 7 human review ACCEPT on candidate CAN-004292 with cryptographic evidence hash ...,CAN-004292,VALIDATED_COMPATIBLE,ACCEPT,,FASTENER|NUT|HEX|CARBON_STEEL|CARBON_STEEL|M10_X_40|40_MM|ASTM_A193|ZINC_PLATED
8cb01ea6-ef49-5c28-bae7-6dfafafdfc38,Coal India,CIL-400016,"Socket Head Screw, Carbon Steel, SIZE M16 x 65",CMM-FASTNR-A2AB0B-001,CMM-FASTNR-A2AB0B-001,MAPPED_VERIFIED,DIRECT_ACCEPTED,1.0,VERIFIED_CROSS_CPSE,HUMAN_ACCEPTED_HARMONIZATION,Verified cross-CPSE harmonization mapping supported by Phase 7 human review ACCEPT on candidate CAN-004774 with cryptographic evidence hash ...,CAN-004774,VALIDATED_COMPATIBLE,ACCEPT,,FASTENER|CARBON_STEEL|CARBON_STEEL|M16_X_65|65_MM
742fba75-0e12-5636-97fa-dd45b6611c55,Coal India,CIL-400017,IND.Globe Valve LCB 4 in,CMM-VALVE-9903B8-001,CMM-VALVE-9903B8-001,MAPPED_VERIFIED,DIRECT_ACCEPTED,1.0,VERIFIED_CROSS_CPSE,HUMAN_ACCEPTED_HARMONIZATION,Verified cross-CPSE harmonization mapping supported by Phase 7 human review ACCEPT on candidate CAN-005015 with cryptographic evidence hash ...,CAN-005015,VALIDATED_COMPATIBLE,ACCEPT,,VALVE|GLOBE_VALVE|LCB|4_IN|4_IN|API_598|EPOXY_COATED
86ababa2-7741-5ece-b21c-a3ab33f62887,Coal India,CIL-400018,ANCHOR BOLT Carbon Steel M20 x 80,CMM-FASTNR-B4A1EA-001,CMM-FASTNR-B4A1EA-001,MAPPED_VERIFIED,DIRECT_ACCEPTED,1.0,VERIFIED_CROSS_CPSE,HUMAN_ACCEPTED_HARMONIZATION,Verified cross-CPSE harmonization mapping supported by Phase 7 human review ACCEPT on candidate CAN-005374 with cryptographic evidence hash ...,CAN-005374,VALIDATED_COMPATIBLE,ACCEPT,,FASTENER|BOLT|CARBON_STEEL|CARBON_STEEL|M20_X_80|80_MM|ASME_B182
74a95ede-9023-5512-894f-4436bd7d4839,Coal India,CIL-400019,STORES ITEM 2 in Spiral Wound Gasket - PTFE,CMM-SEALG-C65128-001,CMM-SEALG-C65128-001,MAPPED_VERIFIED,DIRECT_ACCEPTED,1.0,VERIFIED_CROSS_CPSE,HUMAN_ACCEPTED_HARMONIZATION,Verified cross-CPSE harmonization mapping supported by Phase 7 human review ACCEPT on candidate CAN-006034 with cryptographic evidence hash ...,CAN-006034,VALIDATED_COMPATIBLE,ACCEPT,,SEAL_GASKET|SPIRAL_WOUND_GASKET|PTFE|2_IN|2_IN|API_682|PTFE
20603e21-c290-59e1-9b7c-de1ca319cfb0,Coal India,CIL-400020,STORES ITEM Submersible Pump SS316 DN 100,CMM-PUMP-257C0D-001,CMM-PUMP-257C0D-001,MAPPED_VERIFIED,DIRECT_ACCEPTED,1.0,VERIFIED_CROSS_CPSE,HUMAN_ACCEPTED_HARMONIZATION,Verified cross-CPSE harmonization mapping supported by Phase 7 human review ACCEPT on candidate CAN-006513 with cryptographic evidence hash ...,CAN-006513,VALIDATED_COMPATIBLE,ACCEPT,,PUMP|STAINLESS_STEEL|SS_316|DN_100|API_610
37836253-0558-5579-8ddb-384c8f4429b3,Coal India,CIL-400021,STORES ITEM Thrust Bearing Stainless Steel 22208,CMM-BEARNG-52104E-001,CMM-BEARNG-52104E-001,REVIEW_REQUIRED,DIRECT_ACCEPTED,0.6,REVIEW_REQUIRED,AMBIGUOUS_ATTRIBUTE_HOLD,Attribute ambiguity in upstream candidate group; human review required.,,REVIEW_REQUIRED,,,BEARING|STAINLESS_STEEL|STAINLESS_STEEL|22208
5b8f8612-c4ea-585d-a79d-502f5f9246c0,Coal India,CIL-400022,THRUST BEARING 6304 AISI 52100,CMM-BEARNG-67CA99-001,CMM-BEARNG-67CA99-001,REVIEW_REQUIRED,DIRECT_ACCEPTED,0.6,REVIEW_REQUIRED,AMBIGUOUS_ATTRIBUTE_HOLD,Attribute ambiguity in upstream candidate group; human review required.,,REVIEW_REQUIRED,,,BEARING|AISI_52100|6304
350c784e-6d8c-51b9-a9d8-2b6d53b64783,Coal India,CIL-400023,"Flow Meter, SS316, SIZE 4-20 mA",CMM-INSTRU-1E073D-001,CMM-INSTRU-1E073D-001,REVIEW_REQUIRED,DIRECT_ACCEPTED,0.6,REVIEW_REQUIRED,AMBIGUOUS_ATTRIBUTE_HOLD,Attribute ambiguity in upstream candidate group; human review required.,,REVIEW_REQUIRED,,,INSTRUMENTATION|STAINLESS_STEEL|SS_316|4_20_MA|ASME_B40100
58d42b9c-a230-590e-ad9f-5f79e3e92887,Coal India,CIL-400024,STORES ITEM 6 in Elbow 90 Deg - ASTM A106 Gr B,CMM-PIPEF-F76C77-001,CMM-PIPEF-F76C77-001,MAPPED_VERIFIED,DIRECT_ACCEPTED,1.0,VERIFIED_CROSS_CPSE,HUMAN_ACCEPTED_HARMONIZATION,Verified cross-CPSE harmonization mapping supported by Phase 7 human review ACCEPT on candidate CAN-007325 with cryptographic evidence hash ...,CAN-007325,VALIDATED_COMPATIBLE,ACCEPT,,PIPE_FITTING|ELBOW|ASTM_A106_GRB|6_IN|6_M|25_MM|ASME_B165|GALVANIZED
49b8d1a7-f4d0-583e-a820-f8e18f1d7a05,Coal India,CIL-400025,"Reciprocating Pump, Carbon Steel, SIZE 2 in x 1.5 in",CMM-PUMP-71A39E-001,CMM-PUMP-71A39E-001,MAPPED_VERIFIED,DIRECT_ACCEPTED,1.0,VERIFIED_CROSS_CPSE,HUMAN_ACCEPTED_HARMONIZATION,Verified cross-CPSE harmonization mapping supported by Phase 7 human review ACCEPT on candidate CAN-007414 with cryptographic evidence hash ...,CAN-007414,VALIDATED_COMPATIBLE,ACCEPT,,PUMP|CARBON_STEEL|CARBON_STEEL|2_IN_X_15_IN|2_IN_X_15_IN|API_610
cdc08b8c-597a-5e39-bfdf-02eaebec7018,Coal India,CIL-400026,SPARE-Switchgear Panel 1C x 300 sq mm XLPE Insulated,CMM-ELECTR-0CDB57-001,CMM-ELECTR-0CDB57-001,MAPPED_VERIFIED,DIRECT_ACCEPTED,1.0,VERIFIED_CROSS_CPSE,HUMAN_ACCEPTED_HARMONIZATION,Verified cross-CPSE harmonization mapping supported by Phase 7 human review ACCEPT on candidate CAN-007833 with cryptographic evidence hash ...,CAN-007833,VALIDATED_COMPATIBLE,ACCEPT,,ELECTRICAL|XLPE|XLPE_INSULATED|1C_X_300_SQ_MM|500_M|IS_7098
8d7e68bf-a397-572b-af39-1d7122fe5a59,Coal India,CIL-400027,Circuit Breaker 1C x 300 sq mm Aluminium,CMM-ELECTR-C565E9-001,CMM-ELECTR-C565E9-001,MAPPED_VERIFIED,DIRECT_ACCEPTED,1.0,VERIFIED_CROSS_CPSE,HUMAN_ACCEPTED_HARMONIZATION,Verified cross-CPSE harmonization mapping supported by Phase 7 human review ACCEPT on candidate CAN-007923 with cryptographic evidence hash ...,CAN-007923,VALIDATED_COMPATIBLE,ACCEPT,,ELECTRICAL|ALUMINIUM|1C_X_300_SQ_MM|1000_M|IEC_60502
5640a7f9-f3a9-57ec-9e3e-c63526420028,Coal India,CIL-400028,"STORES ITEM Induction Motor, Copper, SIZE 415V 100A",CMM-ELECTR-E728FA-001,CMM-ELECTR-E728FA-001,REVIEW_REQUIRED,DIRECT_ACCEPTED,0.6,REVIEW_REQUIRED,AMBIGUOUS_ATTRIBUTE_HOLD,Attribute ambiguity in upstream candidate group; human review required.,,REVIEW_REQUIRED,,,ELECTRICAL|COPPER|415V_100A|100_M|IS_13947
b39ce319-a4b4-5a93-a86b-fa99b39d3c87,Coal India,CIL-400029,SPARE-6408 BALL BRG - Chrome Steel,CMM-BEARNG-87EFE4-001,CMM-BEARNG-87EFE4-001,MAPPED_VERIFIED,DIRECT_ACCEPTED,1.0,VERIFIED_CROSS_CPSE,HUMAN_ACCEPTED_HARMONIZATION,Verified cross-CPSE harmonization mapping supported by Phase 7 human review ACCEPT on candidate CAN-008405 with cryptographic evidence hash ...,CAN-008405,VALIDATED_COMPATIBLE,ACCEPT,,BEARING|BALL_BEARING|CHROME_STEEL|CHROME_STEEL|6408
34d136b8-fcfd-55da-b909-2b3491b29c34,Coal India,CIL-400030,RTD Sensor SS316 1/2 in NPT,CMM-INSTRU-E82054-001,CMM-INSTRU-E82054-001,REVIEW_REQUIRED,DIRECT_ACCEPTED,0.6,REVIEW_REQUIRED,AMBIGUOUS_ATTRIBUTE_HOLD,Attribute ambiguity in upstream candidate group; human review required.,,REVIEW_REQUIRED,,,INSTRUMENTATION|STAINLESS_STEEL|SS_316|1_2_IN_NPT|IEC_60529
53ee447a-0556-5782-b0ef-cbd7cb8dacc7,Coal India,CIL-400031,Distribution Transformer XLPE Insulated 1C x 300 sq mm,CMM-ELECTR-8C5683-001,CMM-ELECTR-8C5683-001,REVIEW_REQUIRED,DIRECT_ACCEPTED,0.6,REVIEW_REQUIRED,AMBIGUOUS_ATTRIBUTE_HOLD,Attribute ambiguity in upstream candidate group; human review required.,,REVIEW_REQUIRED,,,ELECTRICAL|XLPE|XLPE_INSULATED|1C_X_300_SQ_MM|IS_13947
61ca8225-797b-5f54-b298-a2e86e4785a4,Coal India,CIL-400032,2 in EQUAL TEE - Alloy Steel,CMM-PIPEF-9F93F7-001,CMM-PIPEF-9F93F7-001,MAPPED_VERIFIED,DIRECT_ACCEPTED,1.0,VERIFIED_CROSS_CPSE,HUMAN_ACCEPTED_HARMONIZATION,Verified cross-CPSE harmonization mapping supported by Phase 7 human review ACCEPT on candidate CAN-009064 with cryptographic evidence hash ...,CAN-009064,VALIDATED_COMPATIBLE,ACCEPT,,PIPE_FITTING|ALLOY_STEEL|2_IN|2_IN|API_5L
753280f2-14a5-5c6f-aab3-7458b2a9ef7d,Coal India,CIL-400033,Reducer 6 in SS316L,CMM-PIPEF-91DF1A-001,CMM-PIPEF-91DF1A-001,MAPPED_VERIFIED,DIRECT_ACCEPTED,1.0,VERIFIED_CROSS_CPSE,HUMAN_ACCEPTED_HARMONIZATION,Verified cross-CPSE harmonization mapping supported by Phase 7 human review ACCEPT on candidate CAN-009153 with cryptographic evidence hash ...,CAN-009153,VALIDATED_COMPATIBLE,ACCEPT,,PIPE_FITTING|STAINLESS_STEEL|SS_316L|6_IN|12_M|6_IN|IS_1239|GALVANIZED
ad8f8b71-9eff-5b72-8553-2463f2c597e8,Coal India,CIL-400034,"FLAT WASHER, Carbon Steel, SIZE M10 x 40",CMM-FASTNR-1AF629-001,CMM-FASTNR-1AF629-001,MAPPED_VERIFIED,DIRECT_ACCEPTED,1.0,VERIFIED_CROSS_CPSE,HUMAN_ACCEPTED_HARMONIZATION,Verified cross-CPSE harmonization mapping supported by Phase 7 human review ACCEPT on candidate CAN-009603 with cryptographic evidence hash ...,CAN-009603,VALIDATED_COMPATIBLE,ACCEPT,,FASTENER|WASHER|CARBON_STEEL|CARBON_STEEL|M10_X_40|40_MM|IS_1367
0161194a-1faf-504c-ad4c-a8f7cbe206b1,Coal India,CIL-400035,M24 x 100 HEX NUT - Grade 10.9,CMM-FASTNR-BCCDD8-001,CMM-FASTNR-BCCDD8-001,MAPPED_VERIFIED,DIRECT_ACCEPTED,1.0,VERIFIED_CROSS_CPSE,HUMAN_ACCEPTED_HARMONIZATION,Verified cross-CPSE harmonization mapping supported by Phase 7 human review ACCEPT on candidate CAN-010203 with cryptographic evidence hash ...,CAN-010203,VALIDATED_COMPATIBLE,ACCEPT,,FASTENER|NUT|HEX|GRADE_109|M24_X_100|100_MM|ZINC_PLATED
32026bc1-7b74-522f-a326-b6f4c71100de,Coal India,CIL-400036,"IND.Oil Seal, NBR, SIZE 2 in",CMM-SEALG-ACB3E9-001,CMM-SEALG-ACB3E9-001,MAPPED_VERIFIED,DIRECT_ACCEPTED,1.0,VERIFIED_CROSS_CPSE,HUMAN_ACCEPTED_HARMONIZATION,Verified cross-CPSE harmonization mapping supported by Phase 7 human review ACCEPT on candidate CAN-010383 with cryptographic evidence hash ...,CAN-010383,VALIDATED_COMPATIBLE,ACCEPT,,SEAL_GASKET|LUBRICANT|NBR|2_IN|2_IN|ASME_B1620
c187d570-6684-57db-bcec-8543f6134412,Coal India,CIL-400037,IND.6 in Equal Tee - IS 2062,CMM-PIPEF-AE5889-001,CMM-PIPEF-AE5889-001,MAPPED_VERIFIED,DIRECT_ACCEPTED,1.0,VERIFIED_CROSS_CPSE,HUMAN_ACCEPTED_HARMONIZATION,Verified cross-CPSE harmonization mapping supported by Phase 7 human review ACCEPT on candidate CAN-010565 with cryptographic evidence hash ...,CAN-010565,VALIDATED_COMPATIBLE,ACCEPT,,PIPE_FITTING|IS_2062|6_IN|3_M|6_IN|IS_1239|EPOXY_COATED
de7cfa1a-396d-5828-9346-aceaa336f691,Coal India,CIL-400038,SPARE-CONTROL VALVE 4 in ASTM A216 WCB,CMM-VALVE-781509-001,CMM-VALVE-781509-001,MAPPED_VERIFIED,DIRECT_ACCEPTED,1.0,VERIFIED_CROSS_CPSE,HUMAN_ACCEPTED_HARMONIZATION,Verified cross-CPSE harmonization mapping supported by Phase 7 human review ACCEPT on candidate CAN-010683 with cryptographic evidence hash ...,CAN-010683,VALIDATED_COMPATIBLE,ACCEPT,,VALVE|ASTM_A216_WCB|4_IN|4_IN|API_598
ed27f80d-2cec-5fd1-a530-461dc3230726,Coal India,CIL-400039,"Oil Seal, Viton, SIZE 2 in",CMM-SEALG-18752C-001,CMM-SEALG-18752C-001,MAPPED_VERIFIED,DIRECT_ACCEPTED,1.0,VERIFIED_CROSS_CPSE,HUMAN_ACCEPTED_HARMONIZATION,Verified cross-CPSE harmonization mapping supported by Phase 7 human review ACCEPT on candidate CAN-010865 with cryptographic evidence hash ...,CAN-010865,VALIDATED_COMPATIBLE,ACCEPT,,SEAL_GASKET|LUBRICANT|VITON|2_IN|2_IN|ASME_B1620|GALVANIZED
577bf771-6a1f-5f09-b0a1-4c93d3f7b3b0,Coal India,CIL-400040,Welded Pipe DN 80 IS 2062,CMM-PIPEF-886747-001,CMM-PIPEF-886747-001,MAPPED_VERIFIED,DIRECT_ACCEPTED,1.0,VERIFIED_CROSS_CPSE,HUMAN_ACCEPTED_HARMONIZATION,Verified cross-CPSE harmonization mapping supported by Phase 7 human review ACCEPT on candidate CAN-010953 with cryptographic evidence hash ...,CAN-010953,VALIDATED_COMPATIBLE,ACCEPT,,PIPE_FITTING|PIPE|IS_2062|DN_80|12_M|DN_80|ASME_B169|PTFE_LINED|WELDED
59e4e5f1-102b-5df8-8d47-257801307bed,Coal India,CIL-400041,INDUCTION MOTOR 4C x 25 sq mm Aluminium,CMM-ELECTR-C2208E-001,CMM-ELECTR-C2208E-001,MAPPED_VERIFIED,DIRECT_ACCEPTED,1.0,VERIFIED_CROSS_CPSE,HUMAN_ACCEPTED_HARMONIZATION,Verified cross-CPSE harmonization mapping supported by Phase 7 human review ACCEPT on candidate CAN-011313 with cryptographic evidence hash ...,CAN-011313,VALIDATED_COMPATIBLE,ACCEPT,,ELECTRICAL|ALUMINIUM|4C_X_25_SQ_MM|500_M|IS_13947
e531655e-ab89-5737-a802-8aa9702e6ef0,Coal India,CIL-400042,"Stud Bolt, Grade B7, SIZE M24 x 100",CMM-FASTNR-E57005-001,CMM-FASTNR-E57005-001,MAPPED_VERIFIED,DIRECT_ACCEPTED,1.0,VERIFIED_CROSS_CPSE,HUMAN_ACCEPTED_HARMONIZATION,Verified cross-CPSE harmonization mapping supported by Phase 7 human review ACCEPT on candidate CAN-011432 with cryptographic evidence hash ...,CAN-011432,VALIDATED_COMPATIBLE,ACCEPT,,FASTENER|BOLT|GRADE_B7|M24_X_100|100_MM|ASTM_A193
3b98da27-63ec-5a44-90f9-17e19c0899ca,Coal India,CIL-400043,SPARE-Centrifugal Pump 3 in x 2 in Cast Iron,CMM-PUMP-329011-001,CMM-PUMP-329011-001,MAPPED_VERIFIED,DIRECT_ACCEPTED,1.0,VERIFIED_CROSS_CPSE,HUMAN_ACCEPTED_HARMONIZATION,Verified cross-CPSE harmonization mapping supported by Phase 7 human review ACCEPT on candidate CAN-011854 with cryptographic evidence hash ...,CAN-011854,VALIDATED_COMPATIBLE,ACCEPT,,PUMP|CENTRIFUGAL_PUMP|CAST_IRON|3_IN_X_2_IN|3_IN_X_2_IN|API_610|CAST
13998868-7a3c-5ee8-b26d-8fba3ae6948e,Coal India,CIL-400044,Butterfly Valve 2 in LCB,CMM-VALVE-68C9CD-001,CMM-VALVE-68C9CD-001,MAPPED_VERIFIED,DIRECT_ACCEPTED,1.0,VERIFIED_CROSS_CPSE,HUMAN_ACCEPTED_HARMONIZATION,Verified cross-CPSE harmonization mapping supported by Phase 7 human review ACCEPT on candidate CAN-011912 with cryptographic evidence hash ...,CAN-011912,VALIDATED_COMPATIBLE,ACCEPT,,VALVE|BUTTERFLY_VALVE|LCB|2_IN|2_IN|ASME_B1634|PTFE_LINED
ce0ec7b8-b5b8-5d55-baeb-20de0bc6b0e8,Coal India,CIL-400045,IND.Rubber Gasket NBR 50 mm,CMM-SEALG-C5D451-001,CMM-SEALG-C5D451-001,MAPPED_VERIFIED,DIRECT_ACCEPTED,1.0,VERIFIED_CROSS_CPSE,HUMAN_ACCEPTED_HARMONIZATION,Verified cross-CPSE harmonization mapping supported by Phase 7 human review ACCEPT on candidate CAN-012155 with cryptographic evidence hash ...,CAN-012155,VALIDATED_COMPATIBLE,ACCEPT,,SEAL_GASKET|NBR|50_MM|PTFE_LINED
0c84dfa9-6030-5065-a8d1-8ab7b540fde4,Coal India,CIL-400046,GLOBE VALVE 2 in ASTM A216 WCB,CMM-VALVE-989A61-001,CMM-VALVE-989A61-001,MAPPED_VERIFIED,DIRECT_ACCEPTED,1.0,VERIFIED_CROSS_CPSE,HUMAN_ACCEPTED_HARMONIZATION,Verified cross-CPSE harmonization mapping supported by Phase 7 human review ACCEPT on candidate CAN-012363 with cryptographic evidence hash ...,CAN-012363,VALIDATED_COMPATIBLE,ACCEPT,,VALVE|GLOBE_VALVE|ASTM_A216_WCB|2_IN|ASTM_A216_WCB|EPOXY_COATED
c1000503-4316-56cf-8e3f-1a61a789dffc,Coal India,CIL-400047,SPARE-Flat Washer Grade 10.9 M12 x 50,CMM-FASTNR-EF8E28-001,CMM-FASTNR-EF8E28-001,MAPPED_VERIFIED,DIRECT_ACCEPTED,1.0,VERIFIED_CROSS_CPSE,HUMAN_ACCEPTED_HARMONIZATION,Verified cross-CPSE harmonization mapping supported by Phase 7 human review ACCEPT on candidate CAN-012572 with cryptographic evidence hash ...,CAN-012572,VALIDATED_COMPATIBLE,ACCEPT,,FASTENER|WASHER|GRADE_109|M12_X_50|50_MM|IS_1367|ZINC_PLATED
d321a2b3-f6c3-5756-b2c5-57630d62440e,Coal India,CIL-400048,STORES ITEM Equal Tee ASTM A106 Gr B DN 150,CMM-PIPEF-3BAF8F-001,CMM-PIPEF-3BAF8F-001,MAPPED_VERIFIED,DIRECT_ACCEPTED,1.0,VERIFIED_CROSS_CPSE,HUMAN_ACCEPTED_HARMONIZATION,Verified cross-CPSE harmonization mapping supported by Phase 7 human review ACCEPT on candidate CAN-013115 with cryptographic evidence hash ...,CAN-013115,VALIDATED_COMPATIBLE,ACCEPT,,PIPE_FITTING|ASTM_A106_GRB|DN_150|6_M|25_MM|API_5L
357b09a6-8601-5a5f-89e2-f69dd42060f0,Coal India,CIL-400049,SPARE-Ball Valve SS316 4 in,CMM-VALVE-609631-001,CMM-VALVE-609631-001,MAPPED_VERIFIED,DIRECT_ACCEPTED,1.0,VERIFIED_CROSS_CPSE,HUMAN_ACCEPTED_HARMONIZATION,Verified cross-CPSE harmonization mapping supported by Phase 7 human review ACCEPT on candidate CAN-013262 with cryptographic evidence hash ...,CAN-013262,VALIDATED_COMPATIBLE,ACCEPT,,VALVE|BALL_VALVE|STAINLESS_STEEL|SS_316|4_IN|4_IN
6acd388c-a41a-55b7-83a3-44d8b623a8cd,Coal India,CIL-400050,1/2 in NPT Level Transmitter - Brass,CMM-INSTRU-61E856-001,CMM-INSTRU-61E856-001,MAPPED_VERIFIED,DIRECT_ACCEPTED,1.0,VERIFIED_CROSS_CPSE,HUMAN_ACCEPTED_HARMONIZATION,Verified cross-CPSE harmonization mapping supported by Phase 7 human review ACCEPT on candidate CAN-013412 with cryptographic evidence hash ...,CAN-013412,VALIDATED_COMPATIBLE,ACCEPT,,INSTRUMENTATION|BRASS|1_2_IN_NPT|IEC_60529
adb13be8-87de-582d-9f85-db6ff76edca5,Coal India,CIL-400051,"SPARE-BALL BRG, Chrome Steel, SIZE 22208",CMM-BEARNG-947C4D-001,CMM-BEARNG-947C4D-001,MAPPED_VERIFIED,DIRECT_ACCEPTED,1.0,VERIFIED_CROSS_CPSE,HUMAN_ACCEPTED_HARMONIZATION,Verified cross-CPSE harmonization mapping supported by Phase 7 human review ACCEPT on candidate CAN-013714 with cryptographic evidence hash ...,CAN-013714,VALIDATED_COMPATIBLE,ACCEPT,,BEARING|BALL_BEARING|CHROME_STEEL|CHROME_STEEL|22208
9fbd755a-9233-545f-ad2b-73962d2d9792,Coal India,CIL-400052,SPARE-100 mm Rubber Gasket - NBR,CMM-SEALG-F519D1-001,CMM-SEALG-F519D1-001,MAPPED_VERIFIED,DIRECT_ACCEPTED,1.0,VERIFIED_CROSS_CPSE,HUMAN_ACCEPTED_HARMONIZATION,Verified cross-CPSE harmonization mapping supported by Phase 7 human review ACCEPT on candidate CAN-013832 with cryptographic evidence hash ...,CAN-013832,VALIDATED_COMPATIBLE,ACCEPT,,SEAL_GASKET|NBR|100_MM|ASME_B1620|RUBBER
980bbf4d-d0e3-530d-b10d-2f3c129f471d,Coal India,CIL-400053,STORES ITEM 6408 Needle Bearing - Chrome Steel,CMM-BEARNG-FF170C-001,CMM-BEARNG-FF170C-001,REVIEW_REQUIRED,DIRECT_ACCEPTED,0.6,REVIEW_REQUIRED,AMBIGUOUS_ATTRIBUTE_HOLD,Attribute ambiguity in upstream candidate group; human review required.,,REVIEW_REQUIRED,,,BEARING|CHROME_STEEL|CHROME_STEEL|6408
b8957ee2-9119-5902-90b0-29697d28b27b,Coal India,CIL-400054,DN 100 Reciprocating Pump - Duplex Steel,CMM-PUMP-8BAE9F-001,CMM-PUMP-8BAE9F-001,MAPPED_VERIFIED,DIRECT_ACCEPTED,1.0,VERIFIED_CROSS_CPSE,HUMAN_ACCEPTED_HARMONIZATION,Verified cross-CPSE harmonization mapping supported by Phase 7 human review ACCEPT on candidate CAN-014045 with cryptographic evidence hash ...,CAN-014045,VALIDATED_COMPATIBLE,ACCEPT,,PUMP|DUPLEX_STEEL|DN_100|IS_1520
aad73474-697d-5bb5-b915-a90126c79508,Coal India,CIL-400055,415V 100A XLPE Cable - XLPE Insulated,CMM-ELECTR-4D158E-001,CMM-ELECTR-4D158E-001,MAPPED_VERIFIED,DIRECT_ACCEPTED,1.0,VERIFIED_CROSS_CPSE,HUMAN_ACCEPTED_HARMONIZATION,Verified cross-CPSE harmonization mapping supported by Phase 7 human review ACCEPT on candidate CAN-014285 with cryptographic evidence hash ...,CAN-014285,VALIDATED_COMPATIBLE,ACCEPT,,ELECTRICAL|CABLE|XLPE|XLPE_INSULATED|415V_100A|1000_M|IS_7098
24ffbf86-4998-5024-97ea-063977381dc6,Coal India,CIL-400056,M10 x 40 SOCKET HEAD SCREW - Grade B7,CMM-FASTNR-A82C5B-001,CMM-FASTNR-A82C5B-001,REVIEW_REQUIRED,DIRECT_ACCEPTED,0.6,REVIEW_REQUIRED,AMBIGUOUS_ATTRIBUTE_HOLD,Attribute ambiguity in upstream candidate group; human review required.,,REVIEW_REQUIRED,,,FASTENER|GRADE_B7|M10_X_40|40_MM|IS_1367
4f13113e-dac0-50dd-9668-4ac03c2021da,Coal India,CIL-400057,SPARE-PUMP CENTRIF Cast Iron 2 in x 1.5 in,CMM-PUMP-837FD0-001,CMM-PUMP-837FD0-001,MAPPED_VERIFIED,DIRECT_ACCEPTED,1.0,VERIFIED_CROSS_CPSE,HUMAN_ACCEPTED_HARMONIZATION,Verified cross-CPSE harmonization mapping supported by Phase 7 human review ACCEPT on candidate CAN-014582 with cryptographic evidence hash ...,CAN-014582,VALIDATED_COMPATIBLE,ACCEPT,,PUMP|CENTRIFUGAL_PUMP|CAST_IRON|2_IN_X_15_IN|API_610|CAST
d60c10a8-4b54-5872-b4e3-ed2763245619,Coal India,CIL-400058,STORES ITEM TEMPERATURE TRANSMITTER Brass 0-100 bar,CMM-INSTRU-027BD0-001,CMM-INSTRU-027BD0-001,REVIEW_REQUIRED,DIRECT_ACCEPTED,0.6,REVIEW_REQUIRED,AMBIGUOUS_ATTRIBUTE_HOLD,Attribute ambiguity in upstream candidate group; human review required.,,REVIEW_REQUIRED,,,INSTRUMENTATION|BRASS|0_100_BAR|ASME_B40100
14272c6c-c70a-5105-86ff-c84256985380,Coal India,CIL-400059,IND.PUMP CENTRIF DN 100 Carbon Steel,CMM-PUMP-ED0D84-001,CMM-PUMP-ED0D84-001,MAPPED_VERIFIED,DIRECT_ACCEPTED,1.0,VERIFIED_CROSS_CPSE,HUMAN_ACCEPTED_HARMONIZATION,Verified cross-CPSE harmonization mapping supported by Phase 7 human review ACCEPT on candidate CAN-014974 with cryptographic evidence hash ...,CAN-014974,VALIDATED_COMPATIBLE,ACCEPT,,PUMP|CENTRIFUGAL_PUMP|CARBON_STEEL|CARBON_STEEL|DN_100|API_610
1aa53477-a2df-56a7-86ad-1edb57889dc9,Coal India,CIL-400060,IND.Globe Valve SS316 4 in,CMM-VALVE-4B0806-001,CMM-VALVE-4B0806-001,MAPPED_VERIFIED,DIRECT_ACCEPTED,1.0,VERIFIED_CROSS_CPSE,HUMAN_ACCEPTED_HARMONIZATION,Verified cross-CPSE harmonization mapping supported by Phase 7 human review ACCEPT on candidate CAN-015544 with cryptographic evidence hash ...,CAN-015544,VALIDATED_COMPATIBLE,ACCEPT,,VALVE|GLOBE_VALVE|STAINLESS_STEEL|SS_316|4_IN|ASME_B1634|EPOXY_COATED
c9d54205-deae-55d0-9d73-37d47aafaa67,Coal India,CIL-400061,SMLS PIPE Carbon Steel DN 150,CMM-PIPEF-2B325D-001,CMM-PIPEF-2B325D-001,MAPPED_VERIFIED,DIRECT_ACCEPTED,1.0,VERIFIED_CROSS_CPSE,HUMAN_ACCEPTED_HARMONIZATION,Verified cross-CPSE harmonization mapping supported by Phase 7 human review ACCEPT on candidate CAN-015751 with cryptographic evidence hash ...,CAN-015751,VALIDATED_COMPATIBLE,ACCEPT,,PIPE_FITTING|PIPE|CARBON_STEEL|CARBON_STEEL|DN_150|3_M|80_MM|ASTM_A106|PTFE_LINED
a4bdcceb-9a7c-57ca-bbc1-1fcaceb8a106,Coal India,CIL-400062,IND.Distribution Transformer XLPE Insulated 3C x 95 sq mm,CMM-ELECTR-45EFBF-001,CMM-ELECTR-45EFBF-001,MAPPED_VERIFIED,DIRECT_ACCEPTED,1.0,VERIFIED_CROSS_CPSE,HUMAN_ACCEPTED_HARMONIZATION,Verified cross-CPSE harmonization mapping supported by Phase 7 human review ACCEPT on candidate CAN-015965 with cryptographic evidence hash ...,CAN-015965,VALIDATED_COMPATIBLE,ACCEPT,,ELECTRICAL|XLPE|XLPE_INSULATED|3C_X_95_SQ_MM|500_M|IS_2026
f09ba09e-36e6-54a7-aa26-7a9d4624f280,Coal India,CIL-400063,IND.DN 100 Equal Tee - Carbon Steel,CMM-PIPEF-ED1BE7-001,CMM-PIPEF-ED1BE7-001,MAPPED_VERIFIED,DIRECT_ACCEPTED,1.0,VERIFIED_CROSS_CPSE,HUMAN_ACCEPTED_HARMONIZATION,Verified cross-CPSE harmonization mapping supported by Phase 7 human review ACCEPT on candidate CAN-016233 with cryptographic evidence hash ...,CAN-016233,VALIDATED_COMPATIBLE,ACCEPT,,PIPE_FITTING|CARBON_STEEL|CARBON_STEEL|DN_100|3_M|DN_100|API_5L|PTFE_LINED
2f44eefb-dbdb-5cd5-b321-1f473943d17b,Coal India,CIL-400064,O-RING Graphite 50 mm,CMM-SEALG-80EA46-001,CMM-SEALG-80EA46-001,MAPPED_VERIFIED,DIRECT_ACCEPTED,1.0,VERIFIED_CROSS_CPSE,HUMAN_ACCEPTED_HARMONIZATION,Verified cross-CPSE harmonization mapping supported by Phase 7 human review ACCEPT on candidate CAN-016984 with cryptographic evidence hash ...,CAN-016984,VALIDATED_COMPATIBLE,ACCEPT,,SEAL_GASKET|GRAPHITE|50_MM|50_MM|PTFE_LINED
39ba2ea9-422b-5367-b8ff-9c87cc02d3b1,Coal India,CIL-400065,SPARE-Induction Motor 415V 100A Aluminium,CMM-ELECTR-42D24C-001,CMM-ELECTR-42D24C-001,REVIEW_REQUIRED,DIRECT_ACCEPTED,0.6,REVIEW_REQUIRED,AMBIGUOUS_ATTRIBUTE_HOLD,Attribute ambiguity in upstream candidate group; human review required.,,REVIEW_REQUIRED,,,ELECTRICAL|ALUMINIUM|415V_100A|500_M|IEC_60502
79ffac36-e953-51e3-9aaf-ad0e2a1c0129,Coal India,CIL-400066,STORES ITEM PRESSURE GAUGE Brass 4-20 mA,CMM-INSTRU-DE763E-001,CMM-INSTRU-DE763E-001,MAPPED_VERIFIED,DIRECT_ACCEPTED,1.0,VERIFIED_CROSS_CPSE,HUMAN_ACCEPTED_HARMONIZATION,Verified cross-CPSE harmonization mapping supported by Phase 7 human review ACCEPT on candidate CAN-017855 with cryptographic evidence hash ...,CAN-017855,VALIDATED_COMPATIBLE,ACCEPT,,INSTRUMENTATION|PRESSURE_GAUGE|BRASS|4_20_MA
6056ae77-1027-5016-955e-d82b9ce419a0,Coal India,CIL-400067,STORES ITEM Equal Tee DN 50 Alloy Steel,CMM-PIPEF-358D39-001,CMM-PIPEF-358D39-001,MAPPED_VERIFIED,DIRECT_ACCEPTED,1.0,VERIFIED_CROSS_CPSE,HUMAN_ACCEPTED_HARMONIZATION,Verified cross-CPSE harmonization mapping supported by Phase 7 human review ACCEPT on candidate CAN-017973 with cryptographic evidence hash ...,CAN-017973,VALIDATED_COMPATIBLE,ACCEPT,,PIPE_FITTING|ALLOY_STEEL|DN_50|DN_50|ASME_B165
a22fb8e6-0759-5cd6-8eca-61777200b47f,Coal India,CIL-400068,STORES ITEM 50 mm SPIRAL WOUND GASKET - Viton,CMM-SEALG-AB281C-001,CMM-SEALG-AB281C-001,MAPPED_VERIFIED,DIRECT_ACCEPTED,1.0,VERIFIED_CROSS_CPSE,HUMAN_ACCEPTED_HARMONIZATION,Verified cross-CPSE harmonization mapping supported by Phase 7 human review ACCEPT on candidate CAN-018185 with cryptographic evidence hash ...,CAN-018185,VALIDATED_COMPATIBLE,ACCEPT,,SEAL_GASKET|SPIRAL_WOUND_GASKET|VITON|50_MM|50_MM
e23b7417-8b01-5464-9680-2852833dfe5b,Coal India,CIL-400069,SPARE-BOLT HEX M24 x 100 Carbon Steel,CMM-FASTNR-5C0E61-001,CMM-FASTNR-5C0E61-001,MAPPED_VERIFIED,DIRECT_ACCEPTED,1.0,VERIFIED_CROSS_CPSE,HUMAN_ACCEPTED_HARMONIZATION,Verified cross-CPSE harmonization mapping supported by Phase 7 human review ACCEPT on candidate CAN-018601 with cryptographic evidence hash ...,CAN-018601,VALIDATED_COMPATIBLE,ACCEPT,,FASTENER|BOLT|CARBON_STEEL|CARBON_STEEL|M24_X_100|100_MM|IS_1367
14e21a5e-6679-53f9-a69f-f0f50b2fa93c,Coal India,CIL-400070,Roller Bearing AISI 52100 22208,CMM-BEARNG-75E845-001,CMM-BEARNG-75E845-001,REVIEW_REQUIRED,DIRECT_ACCEPTED,0.6,REVIEW_REQUIRED,AMBIGUOUS_ATTRIBUTE_HOLD,Attribute ambiguity in upstream candidate group; human review required.,,REVIEW_REQUIRED,,,BEARING|AISI_52100|22208
160cb227-9d20-529b-9ed3-b290b9f42a69,Coal India,CIL-400071,Hex Nut Carbon Steel M20 x 80,CMM-FASTNR-B017A6-001,CMM-FASTNR-B017A6-001,MAPPED_VERIFIED,DIRECT_ACCEPTED,1.0,VERIFIED_CROSS_CPSE,HUMAN_ACCEPTED_HARMONIZATION,Verified cross-CPSE harmonization mapping supported by Phase 7 human review ACCEPT on candidate CAN-019203 with cryptographic evidence hash ...,CAN-019203,VALIDATED_COMPATIBLE,ACCEPT,,FASTENER|NUT|HEX|CARBON_STEEL|CARBON_STEEL|M20_X_80|80_MM|ASME_B182
86f290ee-119a-50a0-a942-9c0fbea77a37,Coal India,CIL-400072,"SPARE-FLAT WASHER, SS304, SIZE M24 x 100",CMM-FASTNR-C18604-001,CMM-FASTNR-C18604-001,MAPPED_VERIFIED,DIRECT_ACCEPTED,1.0,VERIFIED_CROSS_CPSE,HUMAN_ACCEPTED_HARMONIZATION,Verified cross-CPSE harmonization mapping supported by Phase 7 human review ACCEPT on candidate CAN-019292 with cryptographic evidence hash ...,CAN-019292,VALIDATED_COMPATIBLE,ACCEPT,,FASTENER|WASHER|STAINLESS_STEEL|SS_304|M24_X_100|100_MM|ASME_B182
7d0d3fc3-0a30-5c19-b2fd-1860ed35de7a,Coal India,CIL-400073,PUMP CENTRIF Carbon Steel 2 in x 1.5 in,CMM-PUMP-CF08C1-001,CMM-PUMP-CF08C1-001,MAPPED_VERIFIED,DIRECT_ACCEPTED,1.0,VERIFIED_CROSS_CPSE,HUMAN_ACCEPTED_HARMONIZATION,Verified cross-CPSE harmonization mapping supported by Phase 7 human review ACCEPT on candidate CAN-019383 with cryptographic evidence hash ...,CAN-019383,VALIDATED_COMPATIBLE,ACCEPT,,PUMP|CENTRIFUGAL_PUMP|CARBON_STEEL|CARBON_STEEL|2_IN_X_15_IN|API_610
9597294c-c458-5f7d-8dd6-270fcc4c3d91,Coal India,CIL-400074,VERTICAL TURBINE PUMP Carbon Steel 3 in x 2 in,CMM-PUMP-9ED4F4-001,CMM-PUMP-9ED4F4-001,MAPPED_VERIFIED,DIRECT_ACCEPTED,1.0,VERIFIED_CROSS_CPSE,HUMAN_ACCEPTED_HARMONIZATION,Verified cross-CPSE harmonization mapping supported by Phase 7 human review ACCEPT on candidate CAN-020255 with cryptographic evidence hash ...,CAN-020255,VALIDATED_COMPATIBLE,ACCEPT,,PUMP|CARBON_STEEL|CARBON_STEEL|3_IN_X_2_IN|3_IN_X_2_IN|IS_1520|PTFE_LINED|VERTICAL
4b786c61-ab2d-5601-86de-97f68338fa6b,Coal India,CIL-400075,Level Transmitter SS316 4-20 mA,CMM-INSTRU-7A3205-001,CMM-INSTRU-7A3205-001,REVIEW_REQUIRED,DIRECT_ACCEPTED,0.6,REVIEW_REQUIRED,AMBIGUOUS_ATTRIBUTE_HOLD,Attribute ambiguity in upstream candidate group; human review required.,,REVIEW_REQUIRED,,,INSTRUMENTATION|STAINLESS_STEEL|SS_316|4_20_MA|IEC_60529
9d4c9b0c-651f-5ddf-8e2a-fd5ee2c333ac,Coal India,CIL-400076,IND.LEVEL TRANSMITTER Brass 4-20 mA,CMM-INSTRU-F3707C-001,CMM-INSTRU-F3707C-001,REVIEW_REQUIRED,DIRECT_ACCEPTED,0.6,REVIEW_REQUIRED,AMBIGUOUS_ATTRIBUTE_HOLD,Attribute ambiguity in upstream candidate group; human review required.,,REVIEW_REQUIRED,,,INSTRUMENTATION|BRASS|4_20_MA|IEC_60529
ddf8b7f6-a2fc-5fc0-adec-d28aef360d47,Coal India,CIL-400077,DN 50 Check Valve - ASTM A216 WCB,CMM-VALVE-66AEAC-001,CMM-VALVE-66AEAC-001,REVIEW_REQUIRED,DIRECT_ACCEPTED,0.6,REVIEW_REQUIRED,AMBIGUOUS_ATTRIBUTE_HOLD,Attribute ambiguity in upstream candidate group; human review required.,,REVIEW_REQUIRED,,,VALVE|CHECK_VALVE|ASTM_A216_WCB|DN_50|API_600
543eebc6-545f-500f-b3a0-30c0c989dcb8,Coal India,CIL-400078,"Induction Motor, Aluminium, SIZE 4C x 25 sq mm",CMM-ELECTR-1643F5-001,CMM-ELECTR-1643F5-001,REVIEW_REQUIRED,DIRECT_ACCEPTED,0.6,REVIEW_REQUIRED,AMBIGUOUS_ATTRIBUTE_HOLD,Attribute ambiguity in upstream candidate group; human review required.,,REVIEW_REQUIRED,,,ELECTRICAL|ALUMINIUM|4C_X_25_SQ_MM|1000_M|IEC_60502
bd8f6325-5fa2-5246-9616-8f341724353f,Coal India,CIL-400079,SPARE-Equal Tee Alloy Steel DN 150,CMM-PIPEF-100E96-001,CMM-PIPEF-100E96-001,MAPPED_VERIFIED,DIRECT_ACCEPTED,1.0,VERIFIED_CROSS_CPSE,HUMAN_ACCEPTED_HARMONIZATION,Verified cross-CPSE harmonization mapping supported by Phase 7 human review ACCEPT on candidate CAN-021034 with cryptographic evidence hash ...,CAN-021034,VALIDATED_COMPATIBLE,ACCEPT,,PIPE_FITTING|ALLOY_STEEL|DN_150|6_M|50_MM|ASTM_A106
b88a17df-e9d3-534b-8a94-05602c00931e,Coal India,CIL-400080,STORES ITEM Thrust Bearing AISI 52100 6304,CMM-BEARNG-67CA99-001,CMM-BEARNG-67CA99-001,REVIEW_REQUIRED,DIRECT_ACCEPTED,0.6,REVIEW_REQUIRED,AMBIGUOUS_ATTRIBUTE_HOLD,Attribute ambiguity in upstream candidate group; human review required.,,REVIEW_REQUIRED,,,BEARING|AISI_52100|6304
4285e760-3f5f-51cb-811c-ffcc01c63867,Coal India,CIL-400081,STORES ITEM VERTICAL TURBINE PUMP 2 in x 1.5 in SS316,CMM-PUMP-FC6AAF-001,CMM-PUMP-FC6AAF-001,MAPPED_VERIFIED,DIRECT_ACCEPTED,1.0,VERIFIED_CROSS_CPSE,HUMAN_ACCEPTED_HARMONIZATION,Verified cross-CPSE harmonization mapping supported by Phase 7 human review ACCEPT on candidate CAN-021245 with cryptographic evidence hash ...,CAN-021245,VALIDATED_COMPATIBLE,ACCEPT,,PUMP|STAINLESS_STEEL|SS_316|2_IN_X_15_IN|2_IN_X_15_IN|IS_1520|VERTICAL
b530732d-32c0-5802-a6f2-ad6a38428654,Coal India,CIL-400082,SUBMERSIBLE PUMP 3 in x 2 in Carbon Steel,CMM-PUMP-FEF7B9-001,CMM-PUMP-FEF7B9-001,MAPPED_VERIFIED,DIRECT_ACCEPTED,1.0,VERIFIED_CROSS_CPSE,HUMAN_ACCEPTED_HARMONIZATION,Verified cross-CPSE harmonization mapping supported by Phase 7 human review ACCEPT on candidate CAN-021513 with cryptographic evidence hash ...,CAN-021513,VALIDATED_COMPATIBLE,ACCEPT,,PUMP|CARBON_STEEL|CARBON_STEEL|3_IN_X_2_IN|ISO_2858
b3a926aa-1c0f-5478-a649-a8b0c5f3593c,Coal India,CIL-400083,STORES ITEM Switchgear Panel XLPE Insulated 3C x 95 sq mm,CMM-ELECTR-6BCE45-001,CMM-ELECTR-6BCE45-001,MAPPED_VERIFIED,DIRECT_ACCEPTED,1.0,VERIFIED_CROSS_CPSE,HUMAN_ACCEPTED_HARMONIZATION,Verified cross-CPSE harmonization mapping supported by Phase 7 human review ACCEPT on candidate CAN-021784 with cryptographic evidence hash ...,CAN-021784,VALIDATED_COMPATIBLE,ACCEPT,,ELECTRICAL|XLPE|XLPE_INSULATED|3C_X_95_SQ_MM|1000_M|IEC_60502
46593bb1-0456-532b-a823-4b12319151e9,Coal India,CIL-400084,"IND.Centrifugal Pump, Carbon Steel, SIZE DN 100",CMM-PUMP-BA45D5-001,CMM-PUMP-BA45D5-001,MAPPED_VERIFIED,DIRECT_ACCEPTED,1.0,VERIFIED_CROSS_CPSE,HUMAN_ACCEPTED_HARMONIZATION,Verified cross-CPSE harmonization mapping supported by Phase 7 human review ACCEPT on candidate CAN-022055 with cryptographic evidence hash ...,CAN-022055,VALIDATED_COMPATIBLE,ACCEPT,,PUMP|CENTRIFUGAL_PUMP|CARBON_STEEL|CARBON_STEEL|DN_100|IS_1520|ZINC_PLATED
b160280f-38e9-534a-96bc-bd6d7cda5327,Coal India,CIL-400085,REDUCER IS 2062 DN 80,CMM-PIPEF-D67C66-001,CMM-PIPEF-D67C66-001,MAPPED_VERIFIED,DIRECT_ACCEPTED,1.0,VERIFIED_CROSS_CPSE,HUMAN_ACCEPTED_HARMONIZATION,Verified cross-CPSE harmonization mapping supported by Phase 7 human review ACCEPT on candidate CAN-022445 with cryptographic evidence hash ...,CAN-022445,VALIDATED_COMPATIBLE,ACCEPT,,PIPE_FITTING|IS_2062|DN_80|6_M|100_MM|ASTM_A106|PTFE_LINED
90b87289-a818-5cd0-9493-883ac095bed3,Coal India,CIL-400086,XLPE CABLE Aluminium 415V 100A,CMM-ELECTR-8EAEA9-001,CMM-ELECTR-8EAEA9-001,MAPPED_VERIFIED,DIRECT_ACCEPTED,1.0,VERIFIED_CROSS_CPSE,HUMAN_ACCEPTED_HARMONIZATION,Verified cross-CPSE harmonization mapping supported by Phase 7 human review ACCEPT on candidate CAN-022562 with cryptographic evidence hash ...,CAN-022562,VALIDATED_COMPATIBLE,ACCEPT,,ELECTRICAL|CABLE|XLPE|ALUMINIUM|415V_100A|500_M|IS_2026
9d444fb1-c474-5fe3-810a-13e9d03f1aba,Coal India,CIL-400087,"LEVEL TRANSMITTER, SS316, SIZE 4-20 mA",CMM-INSTRU-7A3205-001,CMM-INSTRU-7A3205-001,REVIEW_REQUIRED,DIRECT_ACCEPTED,0.6,REVIEW_REQUIRED,AMBIGUOUS_ATTRIBUTE_HOLD,Attribute ambiguity in upstream candidate group; human review required.,,REVIEW_REQUIRED,,,INSTRUMENTATION|STAINLESS_STEEL|SS_316|4_20_MA|IEC_60529
815c7bb8-6462-56f0-a008-87bec1712bc2,Coal India,CIL-400088,STORES ITEM CONTROL VALVE DN 50 ASTM A351 CF8M,CMM-VALVE-0BF561-001,CMM-VALVE-0BF561-001,MAPPED_VERIFIED,DIRECT_ACCEPTED,1.0,VERIFIED_CROSS_CPSE,HUMAN_ACCEPTED_HARMONIZATION,Verified cross-CPSE harmonization mapping supported by Phase 7 human review ACCEPT on candidate CAN-023014 with cryptographic evidence hash ...,CAN-023014,VALIDATED_COMPATIBLE,ACCEPT,,VALVE|ASTM_A351_CF8M|DN_50|DN_50|ASTM_A351
7c275009-3e67-53ce-b849-39bb758d77b1,Coal India,CIL-400089,"RTD SENSOR, Brass, SIZE 1/2 in NPT",CMM-INSTRU-C4873D-001,CMM-INSTRU-C4873D-001,REVIEW_REQUIRED,DIRECT_ACCEPTED,0.6,REVIEW_REQUIRED,AMBIGUOUS_ATTRIBUTE_HOLD,Attribute ambiguity in upstream candidate group; human review required.,,REVIEW_REQUIRED,,,INSTRUMENTATION|BRASS|1_2_IN_NPT
368ca63e-a4f2-5d12-adf3-eb3d21ebc079,Coal India,CIL-400090,"SPARE-CONTROL VALVE, SS316, SIZE 4 in",CMM-VALVE-DBB44B-001,CMM-VALVE-DBB44B-001,MAPPED_VERIFIED,DIRECT_ACCEPTED,1.0,VERIFIED_CROSS_CPSE,HUMAN_ACCEPTED_HARMONIZATION,Verified cross-CPSE harmonization mapping supported by Phase 7 human review ACCEPT on candidate CAN-023222 with cryptographic evidence hash ...,CAN-023222,VALIDATED_COMPATIBLE,ACCEPT,,VALVE|STAINLESS_STEEL|SS_316|4_IN|API_600|EPOXY_COATED
8c083dfe-12e3-5e0e-9615-42d2371dbf23,Coal India,CIL-400091,"SPARE-RTD SENSOR, SS316, SIZE 4-20 mA",CMM-INSTRU-7A3205-001,CMM-INSTRU-7A3205-001,REVIEW_REQUIRED,DIRECT_ACCEPTED,0.6,REVIEW_REQUIRED,AMBIGUOUS_ATTRIBUTE_HOLD,Attribute ambiguity in upstream candidate group; human review required.,,REVIEW_REQUIRED,,,INSTRUMENTATION|STAINLESS_STEEL|SS_316|4_20_MA|IEC_60529
3d8ed1b1-7719-5429-890c-6ffee4a5be5c,Coal India,CIL-400092,6304 NEEDLE BEARING - Chrome Steel,CMM-BEARNG-A74B84-001,CMM-BEARNG-A74B84-001,REVIEW_REQUIRED,DIRECT_ACCEPTED,0.6,REVIEW_REQUIRED,AMBIGUOUS_ATTRIBUTE_HOLD,Attribute ambiguity in upstream candidate group; human review required.,,REVIEW_REQUIRED,,,BEARING|CHROME_STEEL|CHROME_STEEL|6304|ISO_15
16378c1c-6e83-5349-9c96-3bb82cc881c4,Coal India,CIL-400093,SPARE-M20 x 80 Anchor Bolt - SS304,CMM-FASTNR-79903B-001,CMM-FASTNR-79903B-001,MAPPED_VERIFIED,DIRECT_ACCEPTED,1.0,VERIFIED_CROSS_CPSE,HUMAN_ACCEPTED_HARMONIZATION,Verified cross-CPSE harmonization mapping supported by Phase 7 human review ACCEPT on candidate CAN-023673 with cryptographic evidence hash ...,CAN-023673,VALIDATED_COMPATIBLE,ACCEPT,,FASTENER|BOLT|STAINLESS_STEEL|SS_304|M20_X_80|80_MM
67044055-b3c6-5e3b-bbb6-fbd03742916b,Coal India,CIL-400094,"Induction Motor, Aluminium, SIZE 3C x 95 sq mm",CMM-ELECTR-9C93DB-001,CMM-ELECTR-9C93DB-001,MAPPED_VERIFIED,DIRECT_ACCEPTED,1.0,VERIFIED_CROSS_CPSE,HUMAN_ACCEPTED_HARMONIZATION,Verified cross-CPSE harmonization mapping supported by Phase 7 human review ACCEPT on candidate CAN-024004 with cryptographic evidence hash ...,CAN-024004,VALIDATED_COMPATIBLE,ACCEPT,,ELECTRICAL|ALUMINIUM|3C_X_95_SQ_MM|100_M|IEC_60502
f6fa5f7a-9f43-53e2-b932-0256587139a2,Coal India,CIL-400095,IND.Anchor Bolt M24 x 100 Carbon Steel,CMM-FASTNR-42CB56-001,CMM-FASTNR-42CB56-001,MAPPED_VERIFIED,DIRECT_ACCEPTED,1.0,VERIFIED_CROSS_CPSE,HUMAN_ACCEPTED_HARMONIZATION,Verified cross-CPSE harmonization mapping supported by Phase 7 human review ACCEPT on candidate CAN-024185 with cryptographic evidence hash ...,CAN-024185,VALIDATED_COMPATIBLE,ACCEPT,,FASTENER|BOLT|CARBON_STEEL|CARBON_STEEL|M24_X_100|100_MM
9ce72f7e-c276-5fe2-857f-678e303f539a,Coal India,CIL-400096,"TEMPERATURE TRANSMITTER, Brass, SIZE 0-100 bar",CMM-INSTRU-027BD0-001,CMM-INSTRU-027BD0-001,REVIEW_REQUIRED,DIRECT_ACCEPTED,0.6,REVIEW_REQUIRED,AMBIGUOUS_ATTRIBUTE_HOLD,Attribute ambiguity in upstream candidate group; human review required.,,REVIEW_REQUIRED,,,INSTRUMENTATION|BRASS|0_100_BAR|ASME_B40100
2ff0235d-915a-593b-8197-69d1d867b8a9,Coal India,CIL-400097,RUBBER GASKET 2 in PTFE,CMM-SEALG-66F853-001,CMM-SEALG-66F853-001,MAPPED_VERIFIED,DIRECT_ACCEPTED,1.0,VERIFIED_CROSS_CPSE,HUMAN_ACCEPTED_HARMONIZATION,Verified cross-CPSE harmonization mapping supported by Phase 7 human review ACCEPT on candidate CAN-024453 with cryptographic evidence hash ...,CAN-024453,VALIDATED_COMPATIBLE,ACCEPT,,SEAL_GASKET|PTFE|2_IN|GALVANIZED
bbedfbfb-6b1e-5f7b-a090-1cc260a3c604,Coal India,CIL-400098,Pressure Gauge Brass 0-100 bar,CMM-INSTRU-22FF74-001,CMM-INSTRU-22FF74-001,MAPPED_VERIFIED,DIRECT_ACCEPTED,1.0,VERIFIED_CROSS_CPSE,HUMAN_ACCEPTED_HARMONIZATION,Verified cross-CPSE harmonization mapping supported by Phase 7 human review ACCEPT on candidate CAN-024695 with cryptographic evidence hash ...,CAN-024695,VALIDATED_COMPATIBLE,ACCEPT,,INSTRUMENTATION|PRESSURE_GAUGE|BRASS|0_100_BAR|IEC_60529
5616ae3f-ad12-5126-978e-c4a7307f9a6a,Coal India,CIL-400099,OIL SEAL 65 mm Graphite,CMM-SEALG-7A9F00-001,CMM-SEALG-7A9F00-001,MAPPED_VERIFIED,DIRECT_ACCEPTED,1.0,VERIFIED_CROSS_CPSE,HUMAN_ACCEPTED_HARMONIZATION,Verified cross-CPSE harmonization mapping supported by Phase 7 human review ACCEPT on candidate CAN-025054 with cryptographic evidence hash ...,CAN-025054,VALIDATED_COMPATIBLE,ACCEPT,,SEAL_GASKET|LUBRICANT|GRAPHITE|65_MM|65_MM|ASME_B1620
919c0132-5c35-5795-8007-15ddfd286ffb,Coal India,CIL-400100,IND.Flow Meter 4-20 mA SS316,CMM-INSTRU-1E073D-001,CMM-INSTRU-1E073D-001,REVIEW_REQUIRED,DIRECT_ACCEPTED,0.6,REVIEW_REQUIRED,AMBIGUOUS_ATTRIBUTE_HOLD,Attribute ambiguity in upstream candidate group; human review required.,,REVIEW_REQUIRED,,,INSTRUMENTATION|STAINLESS_STEEL|SS_316|4_20_MA|ASME_B40100
5668fd3c-6007-56d9-9ba1-4843f83f65d7,Coal India,CIL-400101,STORES ITEM Equal Tee ASTM A106 Gr B DN 50,CMM-PIPEF-D565F3-001,CMM-PIPEF-D565F3-001,MAPPED_VERIFIED,DIRECT_ACCEPTED,1.0,VERIFIED_CROSS_CPSE,HUMAN_ACCEPTED_HARMONIZATION,Verified cross-CPSE harmonization mapping supported by Phase 7 human review ACCEPT on candidate CAN-025413 with cryptographic evidence hash ...,CAN-025413,VALIDATED_COMPATIBLE,ACCEPT,,PIPE_FITTING|ASTM_A106_GRB|DN_50|6_M|200_MM|API_5L|GALVANIZED
5a21156e-af92-5e25-8876-308d97f37b6a,Coal India,CIL-400102,Spiral Wound Gasket 2 in Viton,CMM-SEALG-F69928-001,CMM-SEALG-F69928-001,MAPPED_VERIFIED,DIRECT_ACCEPTED,1.0,VERIFIED_CROSS_CPSE,HUMAN_ACCEPTED_HARMONIZATION,Verified cross-CPSE harmonization mapping supported by Phase 7 human review ACCEPT on candidate CAN-025594 with cryptographic evidence hash ...,CAN-025594,VALIDATED_COMPATIBLE,ACCEPT,,SEAL_GASKET|SPIRAL_WOUND_GASKET|VITON|2_IN|2_IN|ASME_B1620|ZINC_PLATED
3191cc23-de56-53d0-a5b0-613bc1664d42,Coal India,CIL-400103,STORES ITEM O-RING 65 mm PTFE,CMM-SEALG-39168C-001,CMM-SEALG-39168C-001,MAPPED_VERIFIED,DIRECT_ACCEPTED,1.0,VERIFIED_CROSS_CPSE,HUMAN_ACCEPTED_HARMONIZATION,Verified cross-CPSE harmonization mapping supported by Phase 7 human review ACCEPT on candidate CAN-025682 with cryptographic evidence hash ...,CAN-025682,VALIDATED_COMPATIBLE,ACCEPT,,SEAL_GASKET|PTFE|65_MM|65_MM|PTFE
228ccfb2-2414-5955-932b-0abff382ab4c,Coal India,CIL-400104,MECHANICAL SEAL NBR 100 mm,CMM-SEALG-DB0B11-001,CMM-SEALG-DB0B11-001,MAPPED_VERIFIED,DIRECT_ACCEPTED,1.0,VERIFIED_CROSS_CPSE,HUMAN_ACCEPTED_HARMONIZATION,Verified cross-CPSE harmonization mapping supported by Phase 7 human review ACCEPT on candidate CAN-025805 with cryptographic evidence hash ...,CAN-025805,VALIDATED_COMPATIBLE,ACCEPT,,SEAL_GASKET|NBR|100_MM|ASME_B1620
c1088bce-827e-527b-91c3-4085476f7d08,Coal India,CIL-400105,IND.Ball Bearing Stainless Steel 6208,CMM-BEARNG-0FD5BF-001,CMM-BEARNG-0FD5BF-001,REVIEW_REQUIRED,DIRECT_ACCEPTED,0.6,REVIEW_REQUIRED,AMBIGUOUS_ATTRIBUTE_HOLD,Attribute ambiguity in upstream candidate group; human review required.,,REVIEW_REQUIRED,,,BEARING|BALL_BEARING|STAINLESS_STEEL|STAINLESS_STEEL|6208
55100afa-70d5-5adc-b306-892807cfd033,Coal India,CIL-400106,SPARE-4 in BUTTERFLY VALVE - SS304 150#,CMM-VALVE-F45F68-001,CMM-VALVE-F45F68-001,MAPPED_STANDALONE,STANDALONE,1.0,STANDALONE_IDENTITY,STANDALONE_CANONICAL_SYNTHESIS,1-to-1 deterministic identity mapping to governed Phase 8 standalone CMM candidate. Does not imply cross-CPSE equivalence or harmonization.,,,,,VALVE|BUTTERFLY_VALVE|STAINLESS_STEEL|SS_304|4_IN|API_598|ZINC_PLATED
28fe3cec-b0cb-55d6-ae98-8333d73fce4b,Coal India,CIL-400107,STORES ITEM M16 x 65 ANCHOR BOLT - Alloy Steel 150#,CMM-FASTNR-BE26DC-001,CMM-FASTNR-BE26DC-001,MAPPED_STANDALONE,STANDALONE,1.0,STANDALONE_IDENTITY,STANDALONE_CANONICAL_SYNTHESIS,1-to-1 deterministic identity mapping to governed Phase 8 standalone CMM candidate. Does not imply cross-CPSE equivalence or harmonization.,,,,,FASTENER|BOLT|ALLOY_STEEL|M16_X_65|65_MM|ASME_B182
c93dcb5a-2db3-5846-8f30-aa86d2bfd7c9,Coal India,CIL-400108,SPARE-Ball Valve 6 in SS304 150#,CMM-VALVE-EBEB4A-001,CMM-VALVE-EBEB4A-001,MAPPED_STANDALONE,STANDALONE,1.0,STANDALONE_IDENTITY,STANDALONE_CANONICAL_SYNTHESIS,1-to-1 deterministic identity mapping to governed Phase 8 standalone CMM candidate. Does not imply cross-CPSE equivalence or harmonization.,,,,,VALVE|BALL_VALVE|STAINLESS_STEEL|SS_304|6_IN|API_600
762b3c06-8c12-57ec-9ce6-f7a795538b3c,Coal India,CIL-400109,SPARE-ANCHOR BOLT 300# Carbon Steel M24 x 100,CMM-FASTNR-0959AF-001,CMM-FASTNR-0959AF-001,MAPPED_STANDALONE,STANDALONE,1.0,STANDALONE_IDENTITY,STANDALONE_CANONICAL_SYNTHESIS,1-to-1 deterministic identity mapping to governed Phase 8 standalone CMM candidate. Does not imply cross-CPSE equivalence or harmonization.,,,,,FASTENER|BOLT|CARBON_STEEL|CARBON_STEEL|M24_X_100|100_MM|ZINC_PLATED
74e6bbd7-a3c1-5860-ad5b-0150a025aacc,Coal India,CIL-400110,"STORES ITEM OIL SEAL, NBR, SIZE 50 mm 150#",CMM-SEALG-E86469-001,CMM-SEALG-E86469-001,REVIEW_REQUIRED,DIRECT_ACCEPTED,0.6,REVIEW_REQUIRED,AMBIGUOUS_ATTRIBUTE_HOLD,Attribute ambiguity in upstream candidate group; human review required.,,REVIEW_REQUIRED,,,SEAL_GASKET|LUBRICANT|NBR|50_MM|ASME_B1620
911a5349-e994-510f-8087-1b31751e8d84,Coal India,CIL-400111,SPARE-50 mm O-RING - Graphite 300#,CMM-SEALG-1EEB61-001,CMM-SEALG-1EEB61-001,REVIEW_REQUIRED,DIRECT_ACCEPTED,0.6,REVIEW_REQUIRED,AMBIGUOUS_ATTRIBUTE_HOLD,Attribute ambiguity in upstream candidate group; human review required.,,REVIEW_REQUIRED,,,SEAL_GASKET|GRAPHITE|50_MM|API_682
58d9bb1e-f590-5b25-b6d6-fbf02ac632cd,Coal India,CIL-400112,100 mm MECHANICAL SEAL - Viton 600#,CMM-SEALG-9C5882-001,CMM-SEALG-9C5882-001,MAPPED_VERIFIED,DIRECT_ACCEPTED,1.0,VERIFIED_CROSS_CPSE,HUMAN_ACCEPTED_HARMONIZATION,Verified cross-CPSE harmonization mapping supported by Phase 7 human review ACCEPT on candidate CAN-028021 with cryptographic evidence hash ...,CAN-028021,VALIDATED_COMPATIBLE,ACCEPT,,SEAL_GASKET|VITON|100_MM|100_MM|ASME_B1620
5411ae4c-c14a-55d3-8735-649cc15a0479,Coal India,CIL-400113,STORES ITEM Distribution Transformer 150# XLPE Insulated 3C x 95 sq mm,CMM-ELECTR-57C166-001,CMM-ELECTR-57C166-001,MAPPED_VERIFIED,DIRECT_ACCEPTED,1.0,VERIFIED_CROSS_CPSE,HUMAN_ACCEPTED_HARMONIZATION,Verified cross-CPSE harmonization mapping supported by Phase 7 human review ACCEPT on candidate CAN-028201 with cryptographic evidence hash ...,CAN-028201,VALIDATED_COMPATIBLE,ACCEPT,,ELECTRICAL|XLPE|XLPE_INSULATED|3C_X_95_SQ_MM|1000_M|IS_2026
de4c888e-c126-5268-a6e6-6f993ea782d3,Coal India,CIL-400114,STORES ITEM 3C x 95 sq mm Distribution Transformer - Aluminium 150#,CMM-ELECTR-3F141A-001,CMM-ELECTR-3F141A-001,MAPPED_VERIFIED,DIRECT_ACCEPTED,1.0,VERIFIED_CROSS_CPSE,HUMAN_ACCEPTED_HARMONIZATION,Verified cross-CPSE harmonization mapping supported by Phase 7 human review ACCEPT on candidate CAN-028561 with cryptographic evidence hash ...,CAN-028561,VALIDATED_COMPATIBLE,ACCEPT,,ELECTRICAL|ALUMINIUM|3C_X_95_SQ_MM|500_M|IS_2026
daa45925-0910-5b82-8b8c-7966f2972b40,Coal India,CIL-400115,"RUBBER GASKET, NBR, SIZE 50 mm 150#",CMM-SEALG-099BED-001,CMM-SEALG-099BED-001,MAPPED_VERIFIED,DIRECT_ACCEPTED,1.0,VERIFIED_CROSS_CPSE,HUMAN_ACCEPTED_HARMONIZATION,Verified cross-CPSE harmonization mapping supported by Phase 7 human review ACCEPT on candidate CAN-028621 with cryptographic evidence hash ...,CAN-028621,VALIDATED_COMPATIBLE,ACCEPT,,SEAL_GASKET|NBR|50_MM|50_MM|GALVANIZED
b19644d0-4459-5f40-abf2-6bcf797ddbff,Coal India,CIL-400116,SPARE-415V 100A DISTRIBUTION TRANSFORMER - Aluminium 150#,CMM-ELECTR-62038E-001,CMM-ELECTR-62038E-001,MAPPED_VERIFIED,DIRECT_ACCEPTED,1.0,VERIFIED_CROSS_CPSE,HUMAN_ACCEPTED_HARMONIZATION,Verified cross-CPSE harmonization mapping supported by Phase 7 human review ACCEPT on candidate CAN-028687 with cryptographic evidence hash ...,CAN-028687,VALIDATED_COMPATIBLE,ACCEPT,,ELECTRICAL|ALUMINIUM|415V_100A|IS_13947
69d0f499-1c47-5194-b20e-58bb263bca91,Coal India,CIL-400117,SPARE-Circuit Breaker 300# XLPE Insulated 1C x 300 sq mm,CMM-ELECTR-8C5683-001,CMM-ELECTR-8C5683-001,REVIEW_REQUIRED,DIRECT_ACCEPTED,0.6,REVIEW_REQUIRED,AMBIGUOUS_ATTRIBUTE_HOLD,Attribute ambiguity in upstream candidate group; human review required.,,REVIEW_REQUIRED,,,ELECTRICAL|XLPE|XLPE_INSULATED|1C_X_300_SQ_MM|IS_13947
fe108d10-3e1c-5355-89a4-a21284e02a39,Coal India,CIL-400118,"CHECK VALVE, WCB, SIZE 4 in 150#",CMM-VALVE-EBCC19-001,CMM-VALVE-EBCC19-001,MAPPED_VERIFIED,DIRECT_ACCEPTED,1.0,VERIFIED_CROSS_CPSE,HUMAN_ACCEPTED_HARMONIZATION,Verified cross-CPSE harmonization mapping supported by Phase 7 human review ACCEPT on candidate CAN-029041 with cryptographic evidence hash ...,CAN-029041,VALIDATED_COMPATIBLE,ACCEPT,,VALVE|CHECK_VALVE|ASTM_A216_WCB|4_IN|4_IN
ac61dc86-2288-5d80-a245-16a001b73722,Coal India,CIL-400119,SPARE-2 in x 1.5 in VERTICAL TURBINE PUMP - Duplex Steel 600#,CMM-PUMP-D3FA3F-001,CMM-PUMP-D3FA3F-001,MAPPED_VERIFIED,DIRECT_ACCEPTED,1.0,VERIFIED_CROSS_CPSE,HUMAN_ACCEPTED_HARMONIZATION,Verified cross-CPSE harmonization mapping supported by Phase 7 human review ACCEPT on candidate CAN-029101 with cryptographic evidence hash ...,CAN-029101,VALIDATED_COMPATIBLE,ACCEPT,,PUMP|DUPLEX_STEEL|2_IN_X_15_IN|ISO_2858|VERTICAL
179b4d44-838e-533c-9d2a-dde2c948cc1e,Coal India,CIL-400120,IND.6208 NEEDLE BEARING - Stainless Steel 300#,CMM-BEARNG-D93FF3-001,CMM-BEARNG-D93FF3-001,MAPPED_VERIFIED,DIRECT_ACCEPTED,1.0,VERIFIED_CROSS_CPSE,HUMAN_ACCEPTED_HARMONIZATION,Verified cross-CPSE harmonization mapping supported by Phase 7 human review ACCEPT on candidate CAN-029161 with cryptographic evidence hash ...,CAN-029161,VALIDATED_COMPATIBLE,ACCEPT,,BEARING|STAINLESS_STEEL|STAINLESS_STEEL|6208
09b0564b-7c7a-509f-a989-5903df3ffe39,Coal India,CIL-400121,"STORES ITEM MECHANICAL SEAL, Graphite, SIZE 2 in 150#",CMM-SEALG-F19166-001,CMM-SEALG-F19166-001,MAPPED_VERIFIED,DIRECT_ACCEPTED,1.0,VERIFIED_CROSS_CPSE,HUMAN_ACCEPTED_HARMONIZATION,Verified cross-CPSE harmonization mapping supported by Phase 7 human review ACCEPT on candidate CAN-029281 with cryptographic evidence hash ...,CAN-029281,VALIDATED_COMPATIBLE,ACCEPT,,SEAL_GASKET|GRAPHITE|2_IN
a9651993-f210-5b93-843a-e2ef8ff2bc6a,Coal India,CIL-400122,IND.DN 100 Centrifugal Pump - Carbon Steel 600#,CMM-PUMP-B65FD2-001,CMM-PUMP-B65FD2-001,MAPPED_STANDALONE,STANDALONE,1.0,STANDALONE_IDENTITY,STANDALONE_CANONICAL_SYNTHESIS,1-to-1 deterministic identity mapping to governed Phase 8 standalone CMM candidate. Does not imply cross-CPSE equivalence or harmonization.,,,,,PUMP|CENTRIFUGAL_PUMP|CARBON_STEEL|CARBON_STEEL|DN_100|DN_100|IS_1520
7fbea47f-1651-5b92-ae37-5aa2f8b4ee48,Coal India,CIL-400123,Vertical Turbine Pump 300# Cast Iron 2 in x 1.5 in,CMM-PUMP-FA44B3-001,CMM-PUMP-FA44B3-001,MAPPED_VERIFIED,DIRECT_ACCEPTED,1.0,VERIFIED_CROSS_CPSE,HUMAN_ACCEPTED_HARMONIZATION,Verified cross-CPSE harmonization mapping supported by Phase 7 human review ACCEPT on candidate CAN-029913 with cryptographic evidence hash ...,CAN-029913,VALIDATED_COMPATIBLE,ACCEPT,,PUMP|CAST_IRON|2_IN_X_15_IN|IS_1520|CAST|VERTICAL
93939a9d-8fcd-5904-8cab-fccc3fe30dc4,Coal India,CIL-400124,Flow Meter 0-100 bar SS316 600#,CMM-INSTRU-2B591E-001,CMM-INSTRU-2B591E-001,REVIEW_REQUIRED,DIRECT_ACCEPTED,0.6,REVIEW_REQUIRED,AMBIGUOUS_ATTRIBUTE_HOLD,Attribute ambiguity in upstream candidate group; human review required.,,REVIEW_REQUIRED,,,INSTRUMENTATION|STAINLESS_STEEL|SS_316|0_100_BAR
290422c7-1809-554d-b445-b2b29488b048,Coal India,CIL-400125,IND.3C x 95 sq mm DISTRIBUTION TRANSFORMER - XLPE Insulated 600#,CMM-ELECTR-5E9127-001,CMM-ELECTR-5E9127-001,MAPPED_VERIFIED,DIRECT_ACCEPTED,1.0,VERIFIED_CROSS_CPSE,HUMAN_ACCEPTED_HARMONIZATION,Verified cross-CPSE harmonization mapping supported by Phase 7 human review ACCEPT on candidate CAN-030121 with cryptographic evidence hash ...,CAN-030121,VALIDATED_COMPATIBLE,ACCEPT,,ELECTRICAL|XLPE|XLPE_INSULATED|3C_X_95_SQ_MM|IS_7098
0e6e706b-94b3-5f15-a74f-7afcd80f0fe0,Coal India,CIL-400126,M16 x 65 Hex Bolt - Grade 8.8 600#,CMM-FASTNR-F4A0EA-001,CMM-FASTNR-F4A0EA-001,MAPPED_STANDALONE,STANDALONE,1.0,STANDALONE_IDENTITY,STANDALONE_CANONICAL_SYNTHESIS,1-to-1 deterministic identity mapping to governed Phase 8 standalone CMM candidate. Does not imply cross-CPSE equivalence or harmonization.,,,,,FASTENER|BOLT|HEX|GRADE_88|M16_X_65|65_MM|ASTM_A193
2484a196-f68b-545a-8631-328ece5d849a,Coal India,CIL-400127,SPARE-Socket Head Screw 150# SS304 M24 x 100,CMM-FASTNR-5DBADE-001,CMM-FASTNR-5DBADE-001,MAPPED_STANDALONE,STANDALONE,1.0,STANDALONE_IDENTITY,STANDALONE_CANONICAL_SYNTHESIS,1-to-1 deterministic identity mapping to governed Phase 8 standalone CMM candidate. Does not imply cross-CPSE equivalence or harmonization.,,,,,FASTENER|STAINLESS_STEEL|SS_304|M24_X_100|100_MM|ASTM_A193
205c757d-c774-5371-8cb0-3dffb4c787e0,Coal India,CIL-400128,"IND.Ball Bearing, Chrome Steel, SIZE 30205 300#",CMM-BEARNG-66CBD4-001,CMM-BEARNG-66CBD4-001,MAPPED_VERIFIED,DIRECT_ACCEPTED,1.0,VERIFIED_CROSS_CPSE,HUMAN_ACCEPTED_HARMONIZATION,Verified cross-CPSE harmonization mapping supported by Phase 7 human review ACCEPT on candidate CAN-030721 with cryptographic evidence hash ...,CAN-030721,VALIDATED_COMPATIBLE,ACCEPT,,BEARING|BALL_BEARING|CHROME_STEEL|CHROME_STEEL|30205|ISO_15
00d06299-fd61-55fb-8c12-ac7fac462e62,Coal India,CIL-400129,"STORES ITEM THRUST BEARING, Stainless Steel, SIZE 22208 150#",CMM-BEARNG-52104E-001,CMM-BEARNG-52104E-001,REVIEW_REQUIRED,DIRECT_ACCEPTED,0.6,REVIEW_REQUIRED,AMBIGUOUS_ATTRIBUTE_HOLD,Attribute ambiguity in upstream candidate group; human review required.,,REVIEW_REQUIRED,,,BEARING|STAINLESS_STEEL|STAINLESS_STEEL|22208
9f37872f-4658-57d4-ab8a-392a385f3112,Coal India,CIL-400130,SPARE-GATE VLV 300# SS316 1/2 in,CMM-VALVE-6A29EA-001,CMM-VALVE-6A29EA-001,MAPPED_STANDALONE,STANDALONE,1.0,STANDALONE_IDENTITY,STANDALONE_CANONICAL_SYNTHESIS,1-to-1 deterministic identity mapping to governed Phase 8 standalone CMM candidate. Does not imply cross-CPSE equivalence or harmonization.,,,,,VALVE|GATE_VALVE|STAINLESS_STEEL|SS_316|1_2_IN|ASME_B1634
a05e9a3b-c088-5c35-86ad-28726d68cf4a,Coal India,CIL-400131,BRG BALL 30205 Chrome Steel 150#,CMM-BEARNG-FCEB8C-001,CMM-BEARNG-FCEB8C-001,REVIEW_REQUIRED,DIRECT_ACCEPTED,0.6,REVIEW_REQUIRED,AMBIGUOUS_ATTRIBUTE_HOLD,Attribute ambiguity in upstream candidate group; human review required.,,REVIEW_REQUIRED,,,BEARING|BALL_BEARING|CHROME_STEEL|CHROME_STEEL|30205
33041309-4151-591a-86b4-8d4aa5f6e376,Coal India,CIL-400132,SWITCHGEAR PANEL 150# Aluminium 4C x 25 sq mm,CMM-ELECTR-D852DA-001,CMM-ELECTR-D852DA-001,MAPPED_VERIFIED,DIRECT_ACCEPTED,1.0,VERIFIED_CROSS_CPSE,HUMAN_ACCEPTED_HARMONIZATION,Verified cross-CPSE harmonization mapping supported by Phase 7 human review ACCEPT on candidate CAN-032941 with cryptographic evidence hash ...,CAN-032941,VALIDATED_COMPATIBLE,ACCEPT,,ELECTRICAL|ALUMINIUM|4C_X_25_SQ_MM|IS_13947
bcfa8f6f-7a25-5cc9-a4d5-df3f6447dd59,Coal India,CIL-400133,"CONTROL VALVE, LCB, SIZE 1 in 600#",CMM-VALVE-B3E486-001,CMM-VALVE-B3E486-001,MAPPED_VERIFIED,DIRECT_ACCEPTED,1.0,VERIFIED_CROSS_CPSE,HUMAN_ACCEPTED_HARMONIZATION,Verified cross-CPSE harmonization mapping supported by Phase 7 human review ACCEPT on candidate CAN-033121 with cryptographic evidence hash ...,CAN-033121,VALIDATED_COMPATIBLE,ACCEPT,,VALVE|LCB|1_IN
37912f5b-fd4d-5ca2-9e59-498efda4ae18,Coal India,CIL-400134,STORES ITEM RECIPROCATING PUMP 2 in x 1.5 in SS316 300#,CMM-PUMP-648A86-001,CMM-PUMP-648A86-001,MAPPED_STANDALONE,STANDALONE,1.0,STANDALONE_IDENTITY,STANDALONE_CANONICAL_SYNTHESIS,1-to-1 deterministic identity mapping to governed Phase 8 standalone CMM candidate. Does not imply cross-CPSE equivalence or harmonization.,,,,,PUMP|STAINLESS_STEEL|SS_316|2_IN_X_15_IN|ISO_2858
eeae29cb-7081-5e38-98f1-d4d0c83dbdd7,Coal India,CIL-400135,"REDUCER, Carbon Steel, SIZE 2 in 300#",CMM-PIPEF-3FF582-001,CMM-PIPEF-3FF582-001,MAPPED_STANDALONE,STANDALONE,1.0,STANDALONE_IDENTITY,STANDALONE_CANONICAL_SYNTHESIS,1-to-1 deterministic identity mapping to governed Phase 8 standalone CMM candidate. Does not imply cross-CPSE equivalence or harmonization.,,,,,PIPE_FITTING|CARBON_STEEL|CARBON_STEEL|2_IN|50_MM|API_5L
60814b86-934d-5612-aa1d-cd8b7932b725,Coal India,CIL-400136,"IND.Centrifugal Pump, SS304, SIZE 2 in x 1.5 in 300#",CMM-PUMP-5580D4-001,CMM-PUMP-5580D4-001,MAPPED_STANDALONE,STANDALONE,1.0,STANDALONE_IDENTITY,STANDALONE_CANONICAL_SYNTHESIS,1-to-1 deterministic identity mapping to governed Phase 8 standalone CMM candidate. Does not imply cross-CPSE equivalence or harmonization.,,,,,PUMP|CENTRIFUGAL_PUMP|STAINLESS_STEEL|SS_304|2_IN_X_15_IN|2_IN_X_15_IN|ISO_2858|ZINC_PLATED
63b1b0ca-abf2-5703-851e-3b37faf56989,Coal India,CIL-400137,NEEDLE BEARING 6408 AISI 52100 300#,CMM-BEARNG-7BE095-001,CMM-BEARNG-7BE095-001,REVIEW_REQUIRED,DIRECT_ACCEPTED,0.6,REVIEW_REQUIRED,AMBIGUOUS_ATTRIBUTE_HOLD,Attribute ambiguity in upstream candidate group; human review required.,,REVIEW_REQUIRED,,,BEARING|AISI_52100|6408
9fc3bb88-8bc7-5383-9d62-330c76416869,Coal India,CIL-400138,IND.Circuit Breaker 1C x 300 sq mm Aluminium 150#,CMM-ELECTR-94DDC0-001,CMM-ELECTR-94DDC0-001,MAPPED_VERIFIED,DIRECT_ACCEPTED,1.0,VERIFIED_CROSS_CPSE,HUMAN_ACCEPTED_HARMONIZATION,Verified cross-CPSE harmonization mapping supported by Phase 7 human review ACCEPT on candidate CAN-034741 with cryptographic evidence hash ...,CAN-034741,VALIDATED_COMPATIBLE,ACCEPT,,ELECTRICAL|ALUMINIUM|1C_X_300_SQ_MM|500_M|IEC_60502
4af44c98-ef2a-5418-89da-5c0b04e4bc18,Coal India,CIL-400139,STORES ITEM 3 in x 2 in Gear Pump - SS304 150#,CMM-PUMP-6EE615-001,CMM-PUMP-6EE615-001,MAPPED_STANDALONE,STANDALONE,1.0,STANDALONE_IDENTITY,STANDALONE_CANONICAL_SYNTHESIS,1-to-1 deterministic identity mapping to governed Phase 8 standalone CMM candidate. Does not imply cross-CPSE equivalence or harmonization.,,,,,PUMP|STAINLESS_STEEL|SS_304|3_IN_X_2_IN|API_610
c97c72a4-6f60-5c24-b21a-049ace30dfa5,Coal India,CIL-400140,50 mm Oil Seal - NBR 600#,CMM-SEALG-E86469-001,CMM-SEALG-E86469-001,REVIEW_REQUIRED,DIRECT_ACCEPTED,0.6,REVIEW_REQUIRED,AMBIGUOUS_ATTRIBUTE_HOLD,Attribute ambiguity in upstream candidate group; human review required.,,REVIEW_REQUIRED,,,SEAL_GASKET|LUBRICANT|NBR|50_MM|ASME_B1620
53e07f90-87dd-5cee-9040-5c47e0ca4536,Coal India,CIL-400141,GEAR PUMP 150# SS304 3 in x 2 in,CMM-PUMP-5784B2-001,CMM-PUMP-5784B2-001,MAPPED_STANDALONE,STANDALONE,1.0,STANDALONE_IDENTITY,STANDALONE_CANONICAL_SYNTHESIS,1-to-1 deterministic identity mapping to governed Phase 8 standalone CMM candidate. Does not imply cross-CPSE equivalence or harmonization.,,,,,PUMP|STAINLESS_STEEL|SS_304|3_IN_X_2_IN|3_IN_X_2_IN|IS_1520|EPOXY_COATED
80443595-77e0-534c-b9fa-67bb00da8b8f,Coal India,CIL-400142,SPARE-DN 80 Reducer - ASTM A106 Gr B 600#,CMM-PIPEF-D724AE-001,CMM-PIPEF-D724AE-001,MAPPED_VERIFIED,DIRECT_ACCEPTED,1.0,VERIFIED_CROSS_CPSE,HUMAN_ACCEPTED_HARMONIZATION,Verified cross-CPSE harmonization mapping supported by Phase 7 human review ACCEPT on candidate CAN-035581 with cryptographic evidence hash ...,CAN-035581,VALIDATED_COMPATIBLE,ACCEPT,,PIPE_FITTING|ASTM_A106_GRB|DN_80|1000_MM|25_MM|ASTM_A106|ZINC_PLATED
c70e92b1-9284-56ef-a211-0a9d4fff35f8,Coal India,CIL-400143,SPARE-Induction Motor 600# XLPE Insulated 1C x 300 sq mm,CMM-ELECTR-9A21B9-001,CMM-ELECTR-9A21B9-001,MAPPED_VERIFIED,DIRECT_ACCEPTED,1.0,VERIFIED_CROSS_CPSE,HUMAN_ACCEPTED_HARMONIZATION,Verified cross-CPSE harmonization mapping supported by Phase 7 human review ACCEPT on candidate CAN-035701 with cryptographic evidence hash ...,CAN-035701,VALIDATED_COMPATIBLE,ACCEPT,,ELECTRICAL|XLPE|XLPE_INSULATED|1C_X_300_SQ_MM|IS_2026
1a6d880e-b280-518b-a2ea-23f34616a6d2,Coal India,CIL-400144,STORES ITEM DN 80 Centrifugal Pump - SS316 150#,CMM-PUMP-D0ED1D-001,CMM-PUMP-D0ED1D-001,MAPPED_STANDALONE,STANDALONE,1.0,STANDALONE_IDENTITY,STANDALONE_CANONICAL_SYNTHESIS,1-to-1 deterministic identity mapping to governed Phase 8 standalone CMM candidate. Does not imply cross-CPSE equivalence or harmonization.,,,,,PUMP|CENTRIFUGAL_PUMP|STAINLESS_STEEL|SS_316|DN_80|IS_1520
998b4ab8-aa4a-53c7-84a1-a89818459f7b,Coal India,CIL-400145,STORES ITEM Induction Motor 1C x 300 sq mm Aluminium 300#,CMM-ELECTR-941023-001,CMM-ELECTR-941023-001,REVIEW_REQUIRED,DIRECT_ACCEPTED,0.6,REVIEW_REQUIRED,AMBIGUOUS_ATTRIBUTE_HOLD,Attribute ambiguity in upstream candidate group; human review required.,,REVIEW_REQUIRED,,,ELECTRICAL|ALUMINIUM|1C_X_300_SQ_MM|1000_M|IS_2026
bed5bb71-08f8-59db-8cac-9612479a7e88,Coal India,CIL-400146,STORES ITEM PUMP CENTRIF DN 100 Duplex Steel 600#,CMM-PUMP-CD436E-001,CMM-PUMP-CD436E-001,MAPPED_VERIFIED,DIRECT_ACCEPTED,1.0,VERIFIED_CROSS_CPSE,HUMAN_ACCEPTED_HARMONIZATION,Verified cross-CPSE harmonization mapping supported by Phase 7 human review ACCEPT on candidate CAN-036241 with cryptographic evidence hash ...,CAN-036241,VALIDATED_COMPATIBLE,ACCEPT,,PUMP|CENTRIFUGAL_PUMP|DUPLEX_STEEL|DN_100|IS_1520
323da8b8-0b49-5f08-abbe-470f31f14f5e,Coal India,CIL-400147,STORES ITEM Anchor Bolt M10 x 40 Grade 8.8 150#,CMM-FASTNR-5F1FAF-001,CMM-FASTNR-5F1FAF-001,MAPPED_STANDALONE,STANDALONE,1.0,STANDALONE_IDENTITY,STANDALONE_CANONICAL_SYNTHESIS,1-to-1 deterministic identity mapping to governed Phase 8 standalone CMM candidate. Does not imply cross-CPSE equivalence or harmonization.,,,,,FASTENER|BOLT|GRADE_88|M10_X_40|40_MM|ASTM_A193
c9dcb1a1-c0a6-5982-a2d3-6252121d8db7,Coal India,CIL-400148,STORES ITEM REDUCER 150# SS316L DN 100,CMM-PIPEF-2725B7-001,CMM-PIPEF-2725B7-001,MAPPED_VERIFIED,DIRECT_ACCEPTED,1.0,VERIFIED_CROSS_CPSE,HUMAN_ACCEPTED_HARMONIZATION,Verified cross-CPSE harmonization mapping supported by Phase 7 human review ACCEPT on candidate CAN-036601 with cryptographic evidence hash ...,CAN-036601,VALIDATED_COMPATIBLE,ACCEPT,,PIPE_FITTING|STAINLESS_STEEL|SS_316L|DN_100|6_M|50_MM|ASTM_A106
892cfb11-e737-577a-9dee-0602420991e0,Coal India,CIL-400149,Submersible Pump 600# Carbon Steel DN 80,CMM-PUMP-F3916E-001,CMM-PUMP-F3916E-001,MAPPED_VERIFIED,DIRECT_ACCEPTED,1.0,VERIFIED_CROSS_CPSE,HUMAN_ACCEPTED_HARMONIZATION,Verified cross-CPSE harmonization mapping supported by Phase 7 human review ACCEPT on candidate CAN-003423 with cryptographic evidence hash ...,CAN-003423,VALIDATED_COMPATIBLE,ACCEPT,,PUMP|CARBON_STEEL|CARBON_STEEL|DN_80|IS_1520
878d43a2-ee72-5581-83f4-729b7a23d16d,Coal India,CIL-400150,IND.Induction Motor 300# Copper 4C x 25 sq mm,CMM-ELECTR-240377-001,CMM-ELECTR-240377-001,REVIEW_REQUIRED,DIRECT_ACCEPTED,0.6,REVIEW_REQUIRED,AMBIGUOUS_ATTRIBUTE_HOLD,Attribute ambiguity in upstream candidate group; human review required.,,REVIEW_REQUIRED,,,ELECTRICAL|COPPER|4C_X_25_SQ_MM|IS_7098
de90983e-249a-510b-b2e9-9fd82f0de709,Coal India,CIL-400151,DISTRIBUTION TRANSFORMER 415V 100A Aluminium 300#,CMM-ELECTR-3E612F-001,CMM-ELECTR-3E612F-001,MAPPED_VERIFIED,DIRECT_ACCEPTED,1.0,VERIFIED_CROSS_CPSE,HUMAN_ACCEPTED_HARMONIZATION,Verified cross-CPSE harmonization mapping supported by Phase 7 human review ACCEPT on candidate CAN-037381 with cryptographic evidence hash ...,CAN-037381,VALIDATED_COMPATIBLE,ACCEPT,,ELECTRICAL|ALUMINIUM|415V_100A|100_M|IS_7098
f2174b0a-1794-5259-8b26-43b348543726,Coal India,CIL-400152,SPARE-Vertical Turbine Pump 150# Cast Iron 3 in x 2 in,CMM-PUMP-04A30D-001,CMM-PUMP-04A30D-001,MAPPED_VERIFIED,DIRECT_ACCEPTED,1.0,VERIFIED_CROSS_CPSE,HUMAN_ACCEPTED_HARMONIZATION,Verified cross-CPSE harmonization mapping supported by Phase 7 human review ACCEPT on candidate CAN-037741 with cryptographic evidence hash ...,CAN-037741,VALIDATED_COMPATIBLE,ACCEPT,,PUMP|CAST_IRON|3_IN_X_2_IN|ISO_2858|CAST|VERTICAL
aa17798c-edcc-5566-b6ad-3bd0e115a302,Coal India,CIL-400153,"Ball Bearing, AISI 52100, SIZE 22208 300#",CMM-BEARNG-3EC238-001,CMM-BEARNG-3EC238-001,MAPPED_VERIFIED,DIRECT_ACCEPTED,1.0,VERIFIED_CROSS_CPSE,HUMAN_ACCEPTED_HARMONIZATION,Verified cross-CPSE harmonization mapping supported by Phase 7 human review ACCEPT on candidate CAN-038101 with cryptographic evidence hash ...,CAN-038101,VALIDATED_COMPATIBLE,ACCEPT,,BEARING|BALL_BEARING|AISI_52100|22208
a0175602-8250-5b7d-af7f-735129cb6b4b,Coal India,CIL-400154,"Check Valve, SS316, SIZE 4 in 150#",CMM-VALVE-59DBB8-001,CMM-VALVE-59DBB8-001,MAPPED_STANDALONE,STANDALONE,1.0,STANDALONE_IDENTITY,STANDALONE_CANONICAL_SYNTHESIS,1-to-1 deterministic identity mapping to governed Phase 8 standalone CMM candidate. Does not imply cross-CPSE equivalence or harmonization.,,,,,VALVE|CHECK_VALVE|STAINLESS_STEEL|SS_316|4_IN|4_IN
e1078abc-26e6-5a0b-ab4f-74c0ea9051c7,Coal India,CIL-400155,SPARE-DN 100 Butterfly Valve - LCB 600#,CMM-VALVE-166070-001,CMM-VALVE-166070-001,MAPPED_VERIFIED,DIRECT_ACCEPTED,1.0,VERIFIED_CROSS_CPSE,HUMAN_ACCEPTED_HARMONIZATION,Verified cross-CPSE harmonization mapping supported by Phase 7 human review ACCEPT on candidate CAN-038701 with cryptographic evidence hash ...,CAN-038701,VALIDATED_COMPATIBLE,ACCEPT,,VALVE|BUTTERFLY_VALVE|LCB|DN_100|API_600|PTFE_LINED
ac457ebc-05bd-51d6-b5d8-d246b12cd30c,Coal India,CIL-400156,HEX NUT 600# SS316 M16 x 65,CMM-FASTNR-2E518A-001,CMM-FASTNR-2E518A-001,MAPPED_STANDALONE,STANDALONE,1.0,STANDALONE_IDENTITY,STANDALONE_CANONICAL_SYNTHESIS,1-to-1 deterministic identity mapping to governed Phase 8 standalone CMM candidate. Does not imply cross-CPSE equivalence or harmonization.,,,,,FASTENER|NUT|HEX|STAINLESS_STEEL|SS_316|M16_X_65|65_MM|ASME_B182|ZINC_PLATED
424525d0-e63a-5019-a3b3-158a539ae19e,Coal India,CIL-400157,"STORES ITEM Distribution Transformer, Aluminium, SIZE 1C x 300 sq mm 300#",CMM-ELECTR-40640A-001,CMM-ELECTR-40640A-001,MAPPED_VERIFIED,DIRECT_ACCEPTED,1.0,VERIFIED_CROSS_CPSE,HUMAN_ACCEPTED_HARMONIZATION,Verified cross-CPSE harmonization mapping supported by Phase 7 human review ACCEPT on candidate CAN-039061 with cryptographic evidence hash ...,CAN-039061,VALIDATED_COMPATIBLE,ACCEPT,,ELECTRICAL|ALUMINIUM|1C_X_300_SQ_MM|1000_M|IS_7098
45fa6116-6d1d-56ec-880a-6d020df1358a,Coal India,CIL-400158,Reciprocating Pump DN 100 Cast Iron 600#,CMM-PUMP-28DDB3-001,CMM-PUMP-28DDB3-001,MAPPED_VERIFIED,DIRECT_ACCEPTED,1.0,VERIFIED_CROSS_CPSE,HUMAN_ACCEPTED_HARMONIZATION,Verified cross-CPSE harmonization mapping supported by Phase 7 human review ACCEPT on candidate CAN-039301 with cryptographic evidence hash ...,CAN-039301,VALIDATED_COMPATIBLE,ACCEPT,,PUMP|CAST_IRON|DN_100|ISO_2858|CAST
c272b4f6-6453-5036-ac94-36911da88aeb,Coal India,CIL-400159,"IND.EQUAL TEE, IS 2062, SIZE DN 50 300#",CMM-PIPEF-0E4F2B-001,CMM-PIPEF-0E4F2B-001,MAPPED_VERIFIED,DIRECT_ACCEPTED,1.0,VERIFIED_CROSS_CPSE,HUMAN_ACCEPTED_HARMONIZATION,Verified cross-CPSE harmonization mapping supported by Phase 7 human review ACCEPT on candidate CAN-039361 with cryptographic evidence hash ...,CAN-039361,VALIDATED_COMPATIBLE,ACCEPT,,PIPE_FITTING|IS_2062|DN_50|12_M|DN_50|API_5L|PTFE_LINED
5ccb65f3-c0bc-5188-a345-9a797e08e1c0,Coal India,CIL-400160,IND.Taper Roller Bearing 6304 Stainless Steel 300#,CMM-BEARNG-BE8172-001,CMM-BEARNG-BE8172-001,MAPPED_VERIFIED,DIRECT_ACCEPTED,1.0,VERIFIED_CROSS_CPSE,HUMAN_ACCEPTED_HARMONIZATION,Verified cross-CPSE harmonization mapping supported by Phase 7 human review ACCEPT on candidate CAN-039601 with cryptographic evidence hash ...,CAN-039601,VALIDATED_COMPATIBLE,ACCEPT,,BEARING|STAINLESS_STEEL|STAINLESS_STEEL|6304
478202e8-f02b-5eab-b717-72708699b458,Coal India,CIL-400161,SPARE-4C x 25 sq mm Distribution Transformer - Copper 150#,CMM-ELECTR-240377-001,CMM-ELECTR-240377-001,REVIEW_REQUIRED,DIRECT_ACCEPTED,0.6,REVIEW_REQUIRED,AMBIGUOUS_ATTRIBUTE_HOLD,Attribute ambiguity in upstream candidate group; human review required.,,REVIEW_REQUIRED,,,ELECTRICAL|COPPER|4C_X_25_SQ_MM|IS_7098
ea68cff0-bc93-51a4-b3a4-30a790086564,Coal India,CIL-400162,IND.50 mm Mechanical Seal - Graphite 150#,CMM-SEALG-16E5D0-001,CMM-SEALG-16E5D0-001,MAPPED_VERIFIED,DIRECT_ACCEPTED,1.0,VERIFIED_CROSS_CPSE,HUMAN_ACCEPTED_HARMONIZATION,Verified cross-CPSE harmonization mapping supported by Phase 7 human review ACCEPT on candidate CAN-040141 with cryptographic evidence hash ...,CAN-040141,VALIDATED_COMPATIBLE,ACCEPT,,SEAL_GASKET|GRAPHITE|50_MM
a9311a2d-a174-5124-a53e-bc2441b080b1,Coal India,CIL-400163,IND.Level Transmitter 0-500 Deg C SS316 150#,CMM-INSTRU-B6F610-001,CMM-INSTRU-B6F610-001,MAPPED_STANDALONE,STANDALONE,1.0,STANDALONE_IDENTITY,STANDALONE_CANONICAL_SYNTHESIS,1-to-1 deterministic identity mapping to governed Phase 8 standalone CMM candidate. Does not imply cross-CPSE equivalence or harmonization.,,,,,INSTRUMENTATION|STAINLESS_STEEL|SS_316|0_500_DEG_C
74634ad0-c953-565d-a899-b15d48050568,Coal India,CIL-400164,STORES ITEM 100 mm OIL SEAL - Graphite 600#,CMM-SEALG-82045D-001,CMM-SEALG-82045D-001,REVIEW_REQUIRED,DIRECT_ACCEPTED,0.6,REVIEW_REQUIRED,AMBIGUOUS_ATTRIBUTE_HOLD,Attribute ambiguity in upstream candidate group; human review required.,,REVIEW_REQUIRED,,,SEAL_GASKET|LUBRICANT|GRAPHITE|100_MM|100_MM|API_682
979f0448-cc44-587b-86f5-79c52d81191f,Coal India,CIL-400165,IND.Reducer 6 in IS 2062 600#,CMM-PIPEF-B78A58-001,CMM-PIPEF-B78A58-001,MAPPED_VERIFIED,DIRECT_ACCEPTED,1.0,VERIFIED_CROSS_CPSE,HUMAN_ACCEPTED_HARMONIZATION,Verified cross-CPSE harmonization mapping supported by Phase 7 human review ACCEPT on candidate CAN-040681 with cryptographic evidence hash ...,CAN-040681,VALIDATED_COMPATIBLE,ACCEPT,,PIPE_FITTING|IS_2062|6_IN|6_IN|ASME_B169|PTFE_LINED
3fc3fd07-2085-57a2-a991-7edc0c6f1100,Coal India,CIL-400166,STORES ITEM Hex Bolt 300# SS316 M12 x 50,CMM-FASTNR-7AC8DE-001,CMM-FASTNR-7AC8DE-001,MAPPED_STANDALONE,STANDALONE,1.0,STANDALONE_IDENTITY,STANDALONE_CANONICAL_SYNTHESIS,1-to-1 deterministic identity mapping to governed Phase 8 standalone CMM candidate. Does not imply cross-CPSE equivalence or harmonization.,,,,,FASTENER|BOLT|HEX|STAINLESS_STEEL|SS_316|M12_X_50|50_MM|ZINC_PLATED
22145ff1-4bbb-5b27-82eb-933baa47b1d1,Coal India,CIL-400167,SPARE-3 in x 2 in GEAR PUMP - Duplex Steel 150#,CMM-PUMP-E22A9D-001,CMM-PUMP-E22A9D-001,MAPPED_VERIFIED,DIRECT_ACCEPTED,1.0,VERIFIED_CROSS_CPSE,HUMAN_ACCEPTED_HARMONIZATION,Verified cross-CPSE harmonization mapping supported by Phase 7 human review ACCEPT on candidate CAN-041281 with cryptographic evidence hash ...,CAN-041281,VALIDATED_COMPATIBLE,ACCEPT,,PUMP|DUPLEX_STEEL|3_IN_X_2_IN|3_IN_X_2_IN|IS_1520
cb3c6f3b-9232-5d7e-8418-9d381ee3b3d0,Coal India,CIL-400168,SPARE-M16 x 65 Anchor Bolt - Grade 8.8 150#,CMM-FASTNR-D3A3E7-001,CMM-FASTNR-D3A3E7-001,MAPPED_STANDALONE,STANDALONE,1.0,STANDALONE_IDENTITY,STANDALONE_CANONICAL_SYNTHESIS,1-to-1 deterministic identity mapping to governed Phase 8 standalone CMM candidate. Does not imply cross-CPSE equivalence or harmonization.,,,,,FASTENER|BOLT|GRADE_88|M16_X_65|65_MM|ASTM_A193|ZINC_PLATED
c7ce1a79-8b91-5531-881a-47035b500805,Coal India,CIL-400169,IND.Induction Motor 3C x 95 sq mm XLPE Insulated 300#,CMM-ELECTR-A4DD01-001,CMM-ELECTR-A4DD01-001,MAPPED_VERIFIED,DIRECT_ACCEPTED,1.0,VERIFIED_CROSS_CPSE,HUMAN_ACCEPTED_HARMONIZATION,Verified cross-CPSE harmonization mapping supported by Phase 7 human review ACCEPT on candidate CAN-041641 with cryptographic evidence hash ...,CAN-041641,VALIDATED_COMPATIBLE,ACCEPT,,ELECTRICAL|XLPE|XLPE_INSULATED|3C_X_95_SQ_MM|500_M|IEC_60502
358ab68e-7bf2-5344-a0a0-4683fef6c4f9,Coal India,CIL-400170,DN 50 ELBOW 90 DEG - SS316L 600#,CMM-PIPEF-814B57-001,CMM-PIPEF-814B57-001,MAPPED_VERIFIED,DIRECT_ACCEPTED,1.0,VERIFIED_CROSS_CPSE,HUMAN_ACCEPTED_HARMONIZATION,Verified cross-CPSE harmonization mapping supported by Phase 7 human review ACCEPT on candidate CAN-041821 with cryptographic evidence hash ...,CAN-041821,VALIDATED_COMPATIBLE,ACCEPT,,PIPE_FITTING|ELBOW|STAINLESS_STEEL|SS_316L|DN_50|3_M|25_MM|ASME_B165|ZINC_PLATED
d3dec0ce-25d5-5dcc-a962-63eef0638813,Coal India,CIL-400171,Control Valve 600# LCB DN 50,CMM-VALVE-B66A8F-001,CMM-VALVE-B66A8F-001,MAPPED_VERIFIED,DIRECT_ACCEPTED,1.0,VERIFIED_CROSS_CPSE,HUMAN_ACCEPTED_HARMONIZATION,Verified cross-CPSE harmonization mapping supported by Phase 7 human review ACCEPT on candidate CAN-041881 with cryptographic evidence hash ...,CAN-041881,VALIDATED_COMPATIBLE,ACCEPT,,VALVE|LCB|DN_50|API_600
15d69828-4a93-5379-9dee-82013ddb9e16,Coal India,CIL-400172,Elbow 90 Deg 600# Alloy Steel 2 in,CMM-PIPEF-B037FD-001,CMM-PIPEF-B037FD-001,MAPPED_STANDALONE,STANDALONE,1.0,STANDALONE_IDENTITY,STANDALONE_CANONICAL_SYNTHESIS,1-to-1 deterministic identity mapping to governed Phase 8 standalone CMM candidate. Does not imply cross-CPSE equivalence or harmonization.,,,,,PIPE_FITTING|ELBOW|ALLOY_STEEL|2_IN|25_MM|ASTM_A106
8a82f53a-8ffe-599c-b980-ab6d682f6028,Coal India,CIL-400173,SPARE-M20 x 80 Stud Bolt - Grade 10.9 600#,CMM-FASTNR-2B3DDF-001,CMM-FASTNR-2B3DDF-001,MAPPED_STANDALONE,STANDALONE,1.0,STANDALONE_IDENTITY,STANDALONE_CANONICAL_SYNTHESIS,1-to-1 deterministic identity mapping to governed Phase 8 standalone CMM candidate. Does not imply cross-CPSE equivalence or harmonization.,,,,,FASTENER|BOLT|GRADE_109|M20_X_80|80_MM
2551deaf-05ce-5212-8be6-32e314477109,Coal India,CIL-400174,STORES ITEM Hex Nut 300# Grade 8.8 M10 x 40,CMM-FASTNR-04A814-001,CMM-FASTNR-04A814-001,MAPPED_STANDALONE,STANDALONE,1.0,STANDALONE_IDENTITY,STANDALONE_CANONICAL_SYNTHESIS,1-to-1 deterministic identity mapping to governed Phase 8 standalone CMM candidate. Does not imply cross-CPSE equivalence or harmonization.,,,,,FASTENER|NUT|HEX|GRADE_88|M10_X_40|40_MM|ASME_B182
208f887e-b447-59d0-9017-b2f765e7e111,Coal India,CIL-400175,SPARE-PIPE SMLS DN 80 Alloy Steel 300#,CMM-PIPEF-D3CC49-001,CMM-PIPEF-D3CC49-001,MAPPED_STANDALONE,STANDALONE,1.0,STANDALONE_IDENTITY,STANDALONE_CANONICAL_SYNTHESIS,1-to-1 deterministic identity mapping to governed Phase 8 standalone CMM candidate. Does not imply cross-CPSE equivalence or harmonization.,,,,,PIPE_FITTING|PIPE|ALLOY_STEEL|DN_80|1000_MM|DN_80|IS_1239|ZINC_PLATED
e8dfdd8c-3140-5152-a800-b2a855622278,Coal India,CIL-400176,1/2 in NPT LEVEL TRANSMITTER - Brass 150#,CMM-INSTRU-40C5B3-001,CMM-INSTRU-40C5B3-001,MAPPED_VERIFIED,DIRECT_ACCEPTED,1.0,VERIFIED_CROSS_CPSE,HUMAN_ACCEPTED_HARMONIZATION,Verified cross-CPSE harmonization mapping supported by Phase 7 human review ACCEPT on candidate CAN-042903 with cryptographic evidence hash ...,CAN-042903,VALIDATED_COMPATIBLE,ACCEPT,,INSTRUMENTATION|BRASS|1_2_IN_NPT|ASME_B40100
4110b5b5-3a63-5399-a994-4e445888ebb2,Coal India,CIL-400177,"Level Transmitter, Brass, SIZE 0-500 Deg C 300#",CMM-INSTRU-C75E96-001,CMM-INSTRU-C75E96-001,MAPPED_VERIFIED,DIRECT_ACCEPTED,1.0,VERIFIED_CROSS_CPSE,HUMAN_ACCEPTED_HARMONIZATION,Verified cross-CPSE harmonization mapping supported by Phase 7 human review ACCEPT on candidate CAN-043261 with cryptographic evidence hash ...,CAN-043261,VALIDATED_COMPATIBLE,ACCEPT,,INSTRUMENTATION|BRASS|0_500_DEG_C|IEC_60529
85f919cc-7334-5c88-9a2e-e2a89074fb95,Coal India,CIL-400178,STORES ITEM STUD BOLT 300# Alloy Steel M10 x 40,CMM-FASTNR-0EFE81-001,CMM-FASTNR-0EFE81-001,MAPPED_STANDALONE,STANDALONE,1.0,STANDALONE_IDENTITY,STANDALONE_CANONICAL_SYNTHESIS,1-to-1 deterministic identity mapping to governed Phase 8 standalone CMM candidate. Does not imply cross-CPSE equivalence or harmonization.,,,,,FASTENER|BOLT|ALLOY_STEEL|M10_X_40|40_MM|ASTM_A193|ZINC_PLATED
d71d02cb-ba9c-5336-b4c7-41669b33db3b,Coal India,CIL-400179,IND.Rubber Gasket 600# Graphite 2 in,CMM-SEALG-FB7539-001,CMM-SEALG-FB7539-001,MAPPED_VERIFIED,DIRECT_ACCEPTED,1.0,VERIFIED_CROSS_CPSE,HUMAN_ACCEPTED_HARMONIZATION,Verified cross-CPSE harmonization mapping supported by Phase 7 human review ACCEPT on candidate CAN-043621 with cryptographic evidence hash ...,CAN-043621,VALIDATED_COMPATIBLE,ACCEPT,,SEAL_GASKET|GRAPHITE|2_IN|2_IN|GALVANIZED
a1a1201a-c1e2-5af2-9e31-c52af2d2f912,Coal India,CIL-400180,4-20 mA Level Transmitter - Brass 300#,CMM-INSTRU-76A4D1-001,CMM-INSTRU-76A4D1-001,MAPPED_VERIFIED,DIRECT_ACCEPTED,1.0,VERIFIED_CROSS_CPSE,HUMAN_ACCEPTED_HARMONIZATION,Verified cross-CPSE harmonization mapping supported by Phase 7 human review ACCEPT on candidate CAN-044163 with cryptographic evidence hash ...,CAN-044163,VALIDATED_COMPATIBLE,ACCEPT,,INSTRUMENTATION|BRASS|4_20_MA|ASME_B40100
6bf4a6e0-9473-5b4f-9c52-194168fa25de,Coal India,CIL-400181,SPARE-6304 NEEDLE BEARING - AISI 52100 150#,CMM-BEARNG-67CA99-001,CMM-BEARNG-67CA99-001,REVIEW_REQUIRED,DIRECT_ACCEPTED,0.6,REVIEW_REQUIRED,AMBIGUOUS_ATTRIBUTE_HOLD,Attribute ambiguity in upstream candidate group; human review required.,,REVIEW_REQUIRED,,,BEARING|AISI_52100|6304
ba852409-f927-571c-8b01-b8cb0f44ec48,Coal India,CIL-400182,"Stud Bolt, Alloy Steel, SIZE M16 x 65 600#",CMM-FASTNR-8FB594-001,CMM-FASTNR-8FB594-001,MAPPED_VERIFIED,DIRECT_ACCEPTED,1.0,VERIFIED_CROSS_CPSE,HUMAN_ACCEPTED_HARMONIZATION,Verified cross-CPSE harmonization mapping supported by Phase 7 human review ACCEPT on candidate CAN-039511 with cryptographic evidence hash ...,CAN-039511,VALIDATED_COMPATIBLE,ACCEPT,,FASTENER|BOLT|ALLOY_STEEL|M16_X_65|65_MM|ASTM_A193
6f63674e-676c-521c-8708-5ad0fa113ac7,Coal India,CIL-400183,STORES ITEM 2 in RUBBER GASKET - NBR 300#,CMM-SEALG-EA0F9C-001,CMM-SEALG-EA0F9C-001,MAPPED_VERIFIED,DIRECT_ACCEPTED,1.0,VERIFIED_CROSS_CPSE,HUMAN_ACCEPTED_HARMONIZATION,Verified cross-CPSE harmonization mapping supported by Phase 7 human review ACCEPT on candidate CAN-044581 with cryptographic evidence hash ...,CAN-044581,VALIDATED_COMPATIBLE,ACCEPT,,SEAL_GASKET|NBR|2_IN|2_IN|API_682|RUBBER
a242cee5-2aec-59a3-b33d-f9da31660376,Coal India,CIL-400184,STORES ITEM Ball Valve 150# SS316 2 in,CMM-VALVE-A5A54D-001,CMM-VALVE-A5A54D-001,MAPPED_STANDALONE,STANDALONE,1.0,STANDALONE_IDENTITY,STANDALONE_CANONICAL_SYNTHESIS,1-to-1 deterministic identity mapping to governed Phase 8 standalone CMM candidate. Does not imply cross-CPSE equivalence or harmonization.,,,,,VALVE|BALL_VALVE|STAINLESS_STEEL|SS_316|2_IN|ASME_B1634|ZINC_PLATED
c4ec1a9c-7b92-5094-8099-7bd2a941d98c,Coal India,CIL-400185,IND.Hex Bolt 300# Grade 10.9 M16 x 65,CMM-FASTNR-912BFD-001,CMM-FASTNR-912BFD-001,REVIEW_REQUIRED,DIRECT_ACCEPTED,0.6,REVIEW_REQUIRED,AMBIGUOUS_ATTRIBUTE_HOLD,Attribute ambiguity in upstream candidate group; human review required.,,REVIEW_REQUIRED,,,FASTENER|BOLT|HEX|GRADE_109|M16_X_65|65_MM|ASME_B182
908d8cc0-0576-5e52-a12f-1fa089221927,Coal India,CIL-400186,SPARE-BALL VLV 600# ASTM A216 WCB 2 in,CMM-VALVE-562AC3-001,CMM-VALVE-562AC3-001,MAPPED_STANDALONE,STANDALONE,1.0,STANDALONE_IDENTITY,STANDALONE_CANONICAL_SYNTHESIS,1-to-1 deterministic identity mapping to governed Phase 8 standalone CMM candidate. Does not imply cross-CPSE equivalence or harmonization.,,,,,VALVE|BALL_VALVE|ASTM_A216_WCB|2_IN|ASME_B1634|EPOXY_COATED
082b95a7-bd86-5d5f-b93c-9b9b49b91c0c,Coal India,CIL-400187,BALL VLV 2 in SS316 150#,CMM-VALVE-AD20D3-001,CMM-VALVE-AD20D3-001,MAPPED_STANDALONE,STANDALONE,1.0,STANDALONE_IDENTITY,STANDALONE_CANONICAL_SYNTHESIS,1-to-1 deterministic identity mapping to governed Phase 8 standalone CMM candidate. Does not imply cross-CPSE equivalence or harmonization.,,,,,VALVE|BALL_VALVE|STAINLESS_STEEL|SS_316|2_IN|ASME_B1634
6b1683c2-e321-5471-a179-d0534f4fc8b4,Coal India,CIL-400188,"SPARE-Thrust Bearing, AISI 52100, SIZE 6208 300#",CMM-BEARNG-1E674F-001,CMM-BEARNG-1E674F-001,MAPPED_VERIFIED,DIRECT_ACCEPTED,1.0,VERIFIED_CROSS_CPSE,HUMAN_ACCEPTED_HARMONIZATION,Verified cross-CPSE harmonization mapping supported by Phase 7 human review ACCEPT on candidate CAN-045723 with cryptographic evidence hash ...,CAN-045723,VALIDATED_COMPATIBLE,ACCEPT,,BEARING|AISI_52100|6208
e77f91eb-df48-5ea5-ad98-f4d7b7f75296,Coal India,CIL-400189,"SPARE-CIRCUIT BREAKER, XLPE Insulated, SIZE 4C x 25 sq mm 600#",CMM-ELECTR-1AC0A4-001,CMM-ELECTR-1AC0A4-001,MAPPED_VERIFIED,DIRECT_ACCEPTED,1.0,VERIFIED_CROSS_CPSE,HUMAN_ACCEPTED_HARMONIZATION,Verified cross-CPSE harmonization mapping supported by Phase 7 human review ACCEPT on candidate CAN-045841 with cryptographic evidence hash ...,CAN-045841,VALIDATED_COMPATIBLE,ACCEPT,,ELECTRICAL|XLPE|XLPE_INSULATED|4C_X_25_SQ_MM|IS_7098
052a0ed1-ef57-5c6e-9d52-2462f5d8287d,Coal India,CIL-400190,Hex Bolt M12 x 50 Grade 10.9 300#,CMM-FASTNR-677AC8-001,CMM-FASTNR-677AC8-001,MAPPED_STANDALONE,STANDALONE,1.0,STANDALONE_IDENTITY,STANDALONE_CANONICAL_SYNTHESIS,1-to-1 deterministic identity mapping to governed Phase 8 standalone CMM candidate. Does not imply cross-CPSE equivalence or harmonization.,,,,,FASTENER|BOLT|HEX|GRADE_109|M12_X_50|50_MM|ZINC_PLATED
7fa8c4fd-0157-5df5-9ade-5e0165c95862,Coal India,CIL-400191,SPARE-MINE DEWATERING PUMP Cast Iron DN 150,CMM-PUMP-2970BB-001,CMM-PUMP-2970BB-001,MAPPED_STANDALONE,STANDALONE,1.0,STANDALONE_IDENTITY,STANDALONE_CANONICAL_SYNTHESIS,1-to-1 deterministic identity mapping to governed Phase 8 standalone CMM candidate. Does not imply cross-CPSE equivalence or harmonization.,,,,,PUMP|CAST_IRON|DN_150|IS_5120|CAST
32cc5159-706e-5b24-9514-9d5065fba24d,Coal India,CIL-400192,MINE DEWATERING PUMP Cast Iron DN 150,CMM-PUMP-74E3B9-001,CMM-PUMP-74E3B9-001,MAPPED_STANDALONE,STANDALONE,1.0,STANDALONE_IDENTITY,STANDALONE_CANONICAL_SYNTHESIS,1-to-1 deterministic identity mapping to governed Phase 8 standalone CMM candidate. Does not imply cross-CPSE equivalence or harmonization.,,,,,PUMP|CAST_IRON|DN_150|IS_5120|CAST
5254facd-7e2f-51a4-a6f1-54d2b89e5e69,Coal India,CIL-400193,IND.Coal Cutter Pick M20 Tungsten Carbide,CMM-FASTNR-D4573F-001,CMM-FASTNR-D4573F-001,MAPPED_STANDALONE,STANDALONE,1.0,STANDALONE_IDENTITY,STANDALONE_CANONICAL_SYNTHESIS,1-to-1 deterministic identity mapping to governed Phase 8 standalone CMM candidate. Does not imply cross-CPSE equivalence or harmonization.,,,,,FASTENER|TUNGSTEN_CARBIDE|M20|IS_4772|ZINC_PLATED
0894c47b-7a2f-53e0-a55a-193560a65ad0,Coal India,CIL-400194,"STORES ITEM Mine Dewatering Pump, Cast Iron, SIZE DN 150",CMM-PUMP-3F4E20-001,CMM-PUMP-3F4E20-001,MAPPED_STANDALONE,STANDALONE,1.0,STANDALONE_IDENTITY,STANDALONE_CANONICAL_SYNTHESIS,1-to-1 deterministic identity mapping to governed Phase 8 standalone CMM candidate. Does not imply cross-CPSE equivalence or harmonization.,,,,,PUMP|CAST_IRON|DN_150|DN_150|IS_5120|CAST
1b84e8a6-77bf-58d4-a380-4b4544bdb119,Coal India,CIL-400195,SPARE-M20 Coal Cutter Pick - Tungsten Carbide,CMM-FASTNR-7E8976-001,CMM-FASTNR-7E8976-001,MAPPED_STANDALONE,STANDALONE,1.0,STANDALONE_IDENTITY,STANDALONE_CANONICAL_SYNTHESIS,1-to-1 deterministic identity mapping to governed Phase 8 standalone CMM candidate. Does not imply cross-CPSE equivalence or harmonization.,,,,,FASTENER|TUNGSTEN_CARBIDE|M20|IS_4772
c29a0eee-bcab-5265-ad23-712e20ecef0f,Coal India,CIL-400196,STORES ITEM COAL CUTTER PICK M20 Tungsten Carbide,CMM-FASTNR-48248D-001,CMM-FASTNR-48248D-001,MAPPED_STANDALONE,STANDALONE,1.0,STANDALONE_IDENTITY,STANDALONE_CANONICAL_SYNTHESIS,1-to-1 deterministic identity mapping to governed Phase 8 standalone CMM candidate. Does not imply cross-CPSE equivalence or harmonization.,,,,,FASTENER|TUNGSTEN_CARBIDE|M20|IS_4772
e05cbf10-ba6b-5b2d-9ffd-a0f5ee9e9dac,Coal India,CIL-400197,"STORES ITEM Mine Dewatering Pump, Cast Iron, SIZE DN 150",CMM-PUMP-A65FFE-001,CMM-PUMP-A65FFE-001,MAPPED_STANDALONE,STANDALONE,1.0,STANDALONE_IDENTITY,STANDALONE_CANONICAL_SYNTHESIS,1-to-1 deterministic identity mapping to governed Phase 8 standalone CMM candidate. Does not imply cross-CPSE equivalence or harmonization.,,,,,PUMP|CAST_IRON|DN_150|IS_5120|CAST
9bbd7e06-3261-599c-90ba-b5795f9654e9,Coal India,CIL-400198,COAL CUTTER PICK Tungsten Carbide M20,CMM-FASTNR-FCF6F1-001,CMM-FASTNR-FCF6F1-001,MAPPED_STANDALONE,STANDALONE,1.0,STANDALONE_IDENTITY,STANDALONE_CANONICAL_SYNTHESIS,1-to-1 deterministic identity mapping to governed Phase 8 standalone CMM candidate. Does not imply cross-CPSE equivalence or harmonization.,,,,,FASTENER|TUNGSTEN_CARBIDE|M20|IS_4772|ZINC_PLATED
a858264c-fd92-5603-98d8-4241544c4250,Coal India,CIL-400199,DN 150 MINE DEWATERING PUMP - Cast Iron,CMM-PUMP-6DD060-001,CMM-PUMP-6DD060-001,MAPPED_STANDALONE,STANDALONE,1.0,STANDALONE_IDENTITY,STANDALONE_CANONICAL_SYNTHESIS,1-to-1 deterministic identity mapping to governed Phase 8 standalone CMM candidate. Does not imply cross-CPSE equivalence or harmonization.,,,,,PUMP|CAST_IRON|DN_150|DN_150|IS_5120|CAST
4ef5a15b-eedf-5401-807f-7bff94008aa5,Coal India,CIL-400200,STORES ITEM Coal Cutter Pick Tungsten Carbide M20,CMM-FASTNR-E870A7-001,CMM-FASTNR-E870A7-001,MAPPED_STANDALONE,STANDALONE,1.0,STANDALONE_IDENTITY,STANDALONE_CANONICAL_SYNTHESIS,1-to-1 deterministic identity mapping to governed Phase 8 standalone CMM candidate. Does not imply cross-CPSE equivalence or harmonization.,,,,,FASTENER|TUNGSTEN_CARBIDE|M20|IS_4772|ZINC_PLATED
e0efb07f-7469-5dd5-b0da-c69629d0b104,Coal India,CIL-400201,M20 Coal Cutter Pick - Tungsten Carbide,CMM-FASTNR-588016-001,CMM-FASTNR-588016-001,MAPPED_STANDALONE,STANDALONE,1.0,STANDALONE_IDENTITY,STANDALONE_CANONICAL_SYNTHESIS,1-to-1 deterministic identity mapping to governed Phase 8 standalone CMM candidate. Does not imply cross-CPSE equivalence or harmonization.,,,,,FASTENER|TUNGSTEN_CARBIDE|M20|IS_4772
3bc97ee0-649b-5baa-905b-0121558120a6,Coal India,CIL-400202,Coal Cutter Pick M20 Tungsten Carbide,CMM-FASTNR-9D9AC4-001,CMM-FASTNR-9D9AC4-001,MAPPED_STANDALONE,STANDALONE,1.0,STANDALONE_IDENTITY,STANDALONE_CANONICAL_SYNTHESIS,1-to-1 deterministic identity mapping to governed Phase 8 standalone CMM candidate. Does not imply cross-CPSE equivalence or harmonization.,,,,,FASTENER|TUNGSTEN_CARBIDE|M20|IS_4772
5ee47170-4c20-5600-b26e-ed8acb618a49,Coal India,CIL-400203,DN 150 MINE DEWATERING PUMP - Cast Iron,CMM-PUMP-CA9276-001,CMM-PUMP-CA9276-001,MAPPED_STANDALONE,STANDALONE,1.0,STANDALONE_IDENTITY,STANDALONE_CANONICAL_SYNTHESIS,1-to-1 deterministic identity mapping to governed Phase 8 standalone CMM candidate. Does not imply cross-CPSE equivalence or harmonization.,,,,,PUMP|CAST_IRON|DN_150|IS_5120|CAST
62462d68-a530-587f-8232-5ca0983e9731,Coal India,CIL-400204,IND.MINE DEWATERING PUMP DN 150 Cast Iron,CMM-PUMP-3FA360-001,CMM-PUMP-3FA360-001,MAPPED_STANDALONE,STANDALONE,1.0,STANDALONE_IDENTITY,STANDALONE_CANONICAL_SYNTHESIS,1-to-1 deterministic identity mapping to governed Phase 8 standalone CMM candidate. Does not imply cross-CPSE equivalence or harmonization.,,,,,PUMP|CAST_IRON|DN_150|IS_5120|CAST
5d9f32ba-0187-54e6-8e04-97341a921dc3,Coal India,CIL-400205,"Coal Cutter Pick, Tungsten Carbide, SIZE M20",CMM-FASTNR-CF6ED3-001,CMM-FASTNR-CF6ED3-001,MAPPED_STANDALONE,STANDALONE,1.0,STANDALONE_IDENTITY,STANDALONE_CANONICAL_SYNTHESIS,1-to-1 deterministic identity mapping to governed Phase 8 standalone CMM candidate. Does not imply cross-CPSE equivalence or harmonization.,,,,,FASTENER|TUNGSTEN_CARBIDE|M20|IS_4772
efac6d2c-cd12-5cb9-9830-56dd03feea77,Coal India,CIL-400206,Mine Dewatering Pump DN 150 Cast Iron,CMM-PUMP-0804F8-001,CMM-PUMP-0804F8-001,MAPPED_STANDALONE,STANDALONE,1.0,STANDALONE_IDENTITY,STANDALONE_CANONICAL_SYNTHESIS,1-to-1 deterministic identity mapping to governed Phase 8 standalone CMM candidate. Does not imply cross-CPSE equivalence or harmonization.,,,,,PUMP|CAST_IRON|DN_150|IS_5120|CAST
56eb7f98-af7a-5217-a018-95e3f8fb37de,Coal India,CIL-400207,IND.COAL CUTTER PICK Tungsten Carbide M20,CMM-FASTNR-D382BF-001,CMM-FASTNR-D382BF-001,MAPPED_STANDALONE,STANDALONE,1.0,STANDALONE_IDENTITY,STANDALONE_CANONICAL_SYNTHESIS,1-to-1 deterministic identity mapping to governed Phase 8 standalone CMM candidate. Does not imply cross-CPSE equivalence or harmonization.,,,,,FASTENER|TUNGSTEN_CARBIDE|M20|IS_4772|ZINC_PLATED
6c118e6d-8f60-5a54-94a3-2f763e0adbc5,Coal India,CIL-400208,SPARE-MINE DEWATERING PUMP DN 150 Cast Iron,CMM-PUMP-306AB1-001,CMM-PUMP-306AB1-001,MAPPED_STANDALONE,STANDALONE,1.0,STANDALONE_IDENTITY,STANDALONE_CANONICAL_SYNTHESIS,1-to-1 deterministic identity mapping to governed Phase 8 standalone CMM candidate. Does not imply cross-CPSE equivalence or harmonization.,,,,,PUMP|CAST_IRON|DN_150|DN_150|IS_5120|CAST
7b3bcb47-fb66-549e-8b6c-361f8b4cedb5,Coal India,CIL-400209,IND.Coal Cutter Pick Tungsten Carbide M20,CMM-FASTNR-A59C6C-001,CMM-FASTNR-A59C6C-001,MAPPED_STANDALONE,STANDALONE,1.0,STANDALONE_IDENTITY,STANDALONE_CANONICAL_SYNTHESIS,1-to-1 deterministic identity mapping to governed Phase 8 standalone CMM candidate. Does not imply cross-CPSE equivalence or harmonization.,,,,,FASTENER|TUNGSTEN_CARBIDE|M20|IS_4772|ZINC_PLATED
36337136-b4ec-5a17-914a-e9b1deae9cc9,Coal India,CIL-400210,"COAL CUTTER PICK, Tungsten Carbide, SIZE M20",CMM-FASTNR-F10940-001,CMM-FASTNR-F10940-001,MAPPED_STANDALONE,STANDALONE,1.0,STANDALONE_IDENTITY,STANDALONE_CANONICAL_SYNTHESIS,1-to-1 deterministic identity mapping to governed Phase 8 standalone CMM candidate. Does not imply cross-CPSE equivalence or harmonization.,,,,,FASTENER|TUNGSTEN_CARBIDE|M20|IS_4772
36bc11f1-5bc1-5891-ad45-f8caf7c1bbb6,Coal India,CIL-400211,STORES ITEM M20 COAL CUTTER PICK - Tungsten Carbide,CMM-FASTNR-29F5AF-001,CMM-FASTNR-29F5AF-001,MAPPED_STANDALONE,STANDALONE,1.0,STANDALONE_IDENTITY,STANDALONE_CANONICAL_SYNTHESIS,1-to-1 deterministic identity mapping to governed Phase 8 standalone CMM candidate. Does not imply cross-CPSE equivalence or harmonization.,,,,,FASTENER|TUNGSTEN_CARBIDE|M20|IS_4772|ZINC_PLATED
50cdd2a0-d580-5674-b476-5e308aee3f3f,Coal India,CIL-400212,STORES ITEM M20 COAL CUTTER PICK - Tungsten Carbide,CMM-FASTNR-7E743D-001,CMM-FASTNR-7E743D-001,MAPPED_STANDALONE,STANDALONE,1.0,STANDALONE_IDENTITY,STANDALONE_CANONICAL_SYNTHESIS,1-to-1 deterministic identity mapping to governed Phase 8 standalone CMM candidate. Does not imply cross-CPSE equivalence or harmonization.,,,,,FASTENER|TUNGSTEN_CARBIDE|M20|IS_4772
e548efa9-70b8-565c-aedc-a2bbda092243,Coal India,CIL-400213,"STORES ITEM COAL CUTTER PICK, Tungsten Carbide, SIZE M20",CMM-FASTNR-BD32DD-001,CMM-FASTNR-BD32DD-001,MAPPED_STANDALONE,STANDALONE,1.0,STANDALONE_IDENTITY,STANDALONE_CANONICAL_SYNTHESIS,1-to-1 deterministic identity mapping to governed Phase 8 standalone CMM candidate. Does not imply cross-CPSE equivalence or harmonization.,,,,,FASTENER|TUNGSTEN_CARBIDE|M20|IS_4772
ddf635d2-4fa2-5741-81db-a74ce70d5f4a,Coal India,CIL-400214,SPARE-COAL CUTTER PICK M20 Tungsten Carbide,CMM-FASTNR-1A9DA1-001,CMM-FASTNR-1A9DA1-001,MAPPED_STANDALONE,STANDALONE,1.0,STANDALONE_IDENTITY,STANDALONE_CANONICAL_SYNTHESIS,1-to-1 deterministic identity mapping to governed Phase 8 standalone CMM candidate. Does not imply cross-CPSE equivalence or harmonization.,,,,,FASTENER|TUNGSTEN_CARBIDE|M20|IS_4772|ZINC_PLATED
b73f869a-a8c0-5eba-97ec-81aaba0589b0,Coal India,CIL-400215,"SPARE-Coal Cutter Pick, Tungsten Carbide, SIZE M20",CMM-FASTNR-ABBB06-001,CMM-FASTNR-ABBB06-001,MAPPED_STANDALONE,STANDALONE,1.0,STANDALONE_IDENTITY,STANDALONE_CANONICAL_SYNTHESIS,1-to-1 deterministic identity mapping to governed Phase 8 standalone CMM candidate. Does not imply cross-CPSE equivalence or harmonization.,,,,,FASTENER|TUNGSTEN_CARBIDE|M20|IS_4772
5abf8a1e-f277-53b4-94f8-9794d464d1ac,Coal India,CIL-400216,"STORES ITEM MINE DEWATERING PUMP, Cast Iron, SIZE DN 150",CMM-PUMP-253D90-001,CMM-PUMP-253D90-001,MAPPED_STANDALONE,STANDALONE,1.0,STANDALONE_IDENTITY,STANDALONE_CANONICAL_SYNTHESIS,1-to-1 deterministic identity mapping to governed Phase 8 standalone CMM candidate. Does not imply cross-CPSE equivalence or harmonization.,,,,,PUMP|CAST_IRON|DN_150|IS_5120|CAST
e21f4ae9-f08f-5ee1-a37f-6acbdfbbdbb4,Coal India,CIL-400217,STORES ITEM Coal Cutter Pick Tungsten Carbide M20,CMM-FASTNR-28A349-001,CMM-FASTNR-28A349-001,MAPPED_STANDALONE,STANDALONE,1.0,STANDALONE_IDENTITY,STANDALONE_CANONICAL_SYNTHESIS,1-to-1 deterministic identity mapping to governed Phase 8 standalone CMM candidate. Does not imply cross-CPSE equivalence or harmonization.,,,,,FASTENER|TUNGSTEN_CARBIDE|M20|IS_4772
d956ddd3-8e2f-5e62-a4c6-9cf3568953ab,Coal India,CIL-400218,Coal Cutter Pick M20 Tungsten Carbide,CMM-FASTNR-FEE036-001,CMM-FASTNR-FEE036-001,MAPPED_STANDALONE,STANDALONE,1.0,STANDALONE_IDENTITY,STANDALONE_CANONICAL_SYNTHESIS,1-to-1 deterministic identity mapping to governed Phase 8 standalone CMM candidate. Does not imply cross-CPSE equivalence or harmonization.,,,,,FASTENER|TUNGSTEN_CARBIDE|M20|IS_4772|ZINC_PLATED
1fa6d5fc-d88a-50e3-852c-8f45686d51bc,Coal India,CIL-400219,MINE DEWATERING PUMP DN 150 Cast Iron,CMM-PUMP-BE39AD-001,CMM-PUMP-BE39AD-001,MAPPED_STANDALONE,STANDALONE,1.0,STANDALONE_IDENTITY,STANDALONE_CANONICAL_SYNTHESIS,1-to-1 deterministic identity mapping to governed Phase 8 standalone CMM candidate. Does not imply cross-CPSE equivalence or harmonization.,,,,,PUMP|CAST_IRON|DN_150|DN_150|IS_5120|CAST
9e0376c7-ff48-5555-8236-ccaaa86a748c,Coal India,CIL-400220,MINE DEWATERING PUMP Cast Iron DN 150,CMM-PUMP-4753D7-001,CMM-PUMP-4753D7-001,MAPPED_STANDALONE,STANDALONE,1.0,STANDALONE_IDENTITY,STANDALONE_CANONICAL_SYNTHESIS,1-to-1 deterministic identity mapping to governed Phase 8 standalone CMM candidate. Does not imply cross-CPSE equivalence or harmonization.,,,,,PUMP|CAST_IRON|DN_150|IS_5120|CAST
dcefe200-2e97-5a7e-a02b-830d0c527dbe,Coal India,CIL-400221,"SPARE-Mine Dewatering Pump, Cast Iron, SIZE DN 150",CMM-PUMP-967877-001,CMM-PUMP-967877-001,MAPPED_STANDALONE,STANDALONE,1.0,STANDALONE_IDENTITY,STANDALONE_CANONICAL_SYNTHESIS,1-to-1 deterministic identity mapping to governed Phase 8 standalone CMM candidate. Does not imply cross-CPSE equivalence or harmonization.,,,,,PUMP|CAST_IRON|DN_150|IS_5120|CAST
10d131ae-5e65-5452-ab57-18ee777c62a2,Coal India,CIL-400222,"IND.MINE DEWATERING PUMP, Cast Iron, SIZE DN 150",CMM-PUMP-0920CA-001,CMM-PUMP-0920CA-001,MAPPED_STANDALONE,STANDALONE,1.0,STANDALONE_IDENTITY,STANDALONE_CANONICAL_SYNTHESIS,1-to-1 deterministic identity mapping to governed Phase 8 standalone CMM candidate. Does not imply cross-CPSE equivalence or harmonization.,,,,,PUMP|CAST_IRON|DN_150|IS_5120|CAST
3956d147-593c-5c06-b9b7-617240c5eff3,Coal India,CIL-400223,STORES ITEM Coal Cutter Pick Tungsten Carbide M20,CMM-FASTNR-599121-001,CMM-FASTNR-599121-001,MAPPED_STANDALONE,STANDALONE,1.0,STANDALONE_IDENTITY,STANDALONE_CANONICAL_SYNTHESIS,1-to-1 deterministic identity mapping to governed Phase 8 standalone CMM candidate. Does not imply cross-CPSE equivalence or harmonization.,,,,,FASTENER|TUNGSTEN_CARBIDE|M20|IS_4772|ZINC_PLATED
c9940b6b-78c8-5ee9-8a43-20bee1a77466,Coal India,CIL-400224,SPARE-DN 150 Mine Dewatering Pump - Cast Iron,CMM-PUMP-BEDFE4-001,CMM-PUMP-BEDFE4-001,MAPPED_STANDALONE,STANDALONE,1.0,STANDALONE_IDENTITY,STANDALONE_CANONICAL_SYNTHESIS,1-to-1 deterministic identity mapping to governed Phase 8 standalone CMM candidate. Does not imply cross-CPSE equivalence or harmonization.,,,,,PUMP|CAST_IRON|DN_150|IS_5120|ZINC_PLATED|CAST
36ff8e3b-b038-5a5b-83d3-ff86efcdb2fd,Coal India,CIL-400225,STORES ITEM MINE DEWATERING PUMP DN 150 Cast Iron,CMM-PUMP-74B50B-001,CMM-PUMP-74B50B-001,MAPPED_STANDALONE,STANDALONE,1.0,STANDALONE_IDENTITY,STANDALONE_CANONICAL_SYNTHESIS,1-to-1 deterministic identity mapping to governed Phase 8 standalone CMM candidate. Does not imply cross-CPSE equivalence or harmonization.,,,,,PUMP|CAST_IRON|DN_150|DN_150|IS_5120|EPOXY_COATED|CAST
022060b7-048b-5ea8-b6f3-c90daaf0a2a0,Coal India,CIL-400226,"COAL CUTTER PICK, Tungsten Carbide, SIZE M20",CMM-FASTNR-D2DC1A-001,CMM-FASTNR-D2DC1A-001,MAPPED_STANDALONE,STANDALONE,1.0,STANDALONE_IDENTITY,STANDALONE_CANONICAL_SYNTHESIS,1-to-1 deterministic identity mapping to governed Phase 8 standalone CMM candidate. Does not imply cross-CPSE equivalence or harmonization.,,,,,FASTENER|TUNGSTEN_CARBIDE|M20|IS_4772
eeb9da9c-f059-5732-ad97-e05bbf0efb74,Coal India,CIL-400227,STORES ITEM DN 150 MINE DEWATERING PUMP - Cast Iron,CMM-PUMP-B7CFA3-001,CMM-PUMP-B7CFA3-001,MAPPED_STANDALONE,STANDALONE,1.0,STANDALONE_IDENTITY,STANDALONE_CANONICAL_SYNTHESIS,1-to-1 deterministic identity mapping to governed Phase 8 standalone CMM candidate. Does not imply cross-CPSE equivalence or harmonization.,,,,,PUMP|CAST_IRON|DN_150|DN_150|IS_5120|CAST
f2177dde-dd66-5ae5-9fd2-b03dfe1d3ea5,Coal India,CIL-400228,IND.COAL CUTTER PICK M20 Tungsten Carbide,CMM-FASTNR-8AAAB9-001,CMM-FASTNR-8AAAB9-001,MAPPED_STANDALONE,STANDALONE,1.0,STANDALONE_IDENTITY,STANDALONE_CANONICAL_SYNTHESIS,1-to-1 deterministic identity mapping to governed Phase 8 standalone CMM candidate. Does not imply cross-CPSE equivalence or harmonization.,,,,,FASTENER|TUNGSTEN_CARBIDE|M20|IS_4772
c15094a1-6dfc-58a7-84ac-a0e465e607a6,Coal India,CIL-400229,SPARE-COAL CUTTER PICK M20 Tungsten Carbide,CMM-FASTNR-2F69BE-001,CMM-FASTNR-2F69BE-001,MAPPED_STANDALONE,STANDALONE,1.0,STANDALONE_IDENTITY,STANDALONE_CANONICAL_SYNTHESIS,1-to-1 deterministic identity mapping to governed Phase 8 standalone CMM candidate. Does not imply cross-CPSE equivalence or harmonization.,,,,,FASTENER|TUNGSTEN_CARBIDE|M20|IS_4772
6f66b759-d35e-56bc-b106-410a2eafe273,Coal India,CIL-400230,SPARE-MINE DEWATERING PUMP DN 150 Cast Iron,CMM-PUMP-CDE241-001,CMM-PUMP-CDE241-001,MAPPED_STANDALONE,STANDALONE,1.0,STANDALONE_IDENTITY,STANDALONE_CANONICAL_SYNTHESIS,1-to-1 deterministic identity mapping to governed Phase 8 standalone CMM candidate. Does not imply cross-CPSE equivalence or harmonization.,,,,,PUMP|CAST_IRON|DN_150|DN_150|IS_5120|CAST
b3c351b0-5430-5266-b7ba-754b572cac92,Coal India,CIL-400231,Mine Dewatering Pump Cast Iron DN 150,CMM-PUMP-E593A0-001,CMM-PUMP-E593A0-001,MAPPED_STANDALONE,STANDALONE,1.0,STANDALONE_IDENTITY,STANDALONE_CANONICAL_SYNTHESIS,1-to-1 deterministic identity mapping to governed Phase 8 standalone CMM candidate. Does not imply cross-CPSE equivalence or harmonization.,,,,,PUMP|CAST_IRON|DN_150|DN_150|IS_5120|CAST
00f7a0a5-5243-589d-94c6-659ce0cccec3,Coal India,CIL-400232,SPARE-DN 150 Mine Dewatering Pump - Cast Iron,CMM-PUMP-0645FB-001,CMM-PUMP-0645FB-001,MAPPED_STANDALONE,STANDALONE,1.0,STANDALONE_IDENTITY,STANDALONE_CANONICAL_SYNTHESIS,1-to-1 deterministic identity mapping to governed Phase 8 standalone CMM candidate. Does not imply cross-CPSE equivalence or harmonization.,,,,,PUMP|CAST_IRON|DN_150|IS_5120|PTFE_LINED|CAST
0815c084-5d03-58a4-9800-035d6caa05a1,Coal India,CIL-400233,SPARE-Coal Cutter Pick M20 Tungsten Carbide,CMM-FASTNR-7DFD49-001,CMM-FASTNR-7DFD49-001,MAPPED_STANDALONE,STANDALONE,1.0,STANDALONE_IDENTITY,STANDALONE_CANONICAL_SYNTHESIS,1-to-1 deterministic identity mapping to governed Phase 8 standalone CMM candidate. Does not imply cross-CPSE equivalence or harmonization.,,,,,FASTENER|TUNGSTEN_CARBIDE|M20|IS_4772
d92ec161-db9f-5c19-9064-0f0f09bfc283,Coal India,CIL-400234,"IND.MINE DEWATERING PUMP, Cast Iron, SIZE DN 150",CMM-PUMP-C56722-001,CMM-PUMP-C56722-001,MAPPED_STANDALONE,STANDALONE,1.0,STANDALONE_IDENTITY,STANDALONE_CANONICAL_SYNTHESIS,1-to-1 deterministic identity mapping to governed Phase 8 standalone CMM candidate. Does not imply cross-CPSE equivalence or harmonization.,,,,,PUMP|CAST_IRON|DN_150|DN_150|IS_5120|CAST
1ff1f820-4b3d-587e-8f90-77dfaa6cdcc7,Coal India,CIL-400235,SPARE-DN 150 MINE DEWATERING PUMP - Cast Iron,CMM-PUMP-F243B1-001,CMM-PUMP-F243B1-001,MAPPED_STANDALONE,STANDALONE,1.0,STANDALONE_IDENTITY,STANDALONE_CANONICAL_SYNTHESIS,1-to-1 deterministic identity mapping to governed Phase 8 standalone CMM candidate. Does not imply cross-CPSE equivalence or harmonization.,,,,,PUMP|CAST_IRON|DN_150|IS_5120|CAST
f53c9d5e-8270-5c47-b99d-908175c82cf1,Coal India,CIL-400236,SPARE-Coal Cutter Pick Tungsten Carbide M20,CMM-FASTNR-3A7DA8-001,CMM-FASTNR-3A7DA8-001,MAPPED_STANDALONE,STANDALONE,1.0,STANDALONE_IDENTITY,STANDALONE_CANONICAL_SYNTHESIS,1-to-1 deterministic identity mapping to governed Phase 8 standalone CMM candidate. Does not imply cross-CPSE equivalence or harmonization.,,,,,FASTENER|TUNGSTEN_CARBIDE|M20|IS_4772
25542d46-9e00-5682-a59c-0e9d9cf3906a,Coal India,CIL-400237,DN 150 Mine Dewatering Pump - Cast Iron,CMM-PUMP-414F8C-001,CMM-PUMP-414F8C-001,MAPPED_STANDALONE,STANDALONE,1.0,STANDALONE_IDENTITY,STANDALONE_CANONICAL_SYNTHESIS,1-to-1 deterministic identity mapping to governed Phase 8 standalone CMM candidate. Does not imply cross-CPSE equivalence or harmonization.,,,,,PUMP|CAST_IRON|DN_150|DN_150|IS_5120|CAST
dfce0883-0986-5776-8472-7e715b81c55b,Coal India,CIL-400238,SPARE-MINE DEWATERING PUMP DN 150 Cast Iron,CMM-PUMP-AAD6FC-001,CMM-PUMP-AAD6FC-001,MAPPED_STANDALONE,STANDALONE,1.0,STANDALONE_IDENTITY,STANDALONE_CANONICAL_SYNTHESIS,1-to-1 deterministic identity mapping to governed Phase 8 standalone CMM candidate. Does not imply cross-CPSE equivalence or harmonization.,,,,,PUMP|CAST_IRON|DN_150|DN_150|IS_5120|CAST
2ee162c6-c4bd-5748-acd9-df51f05ca33b,Coal India,CIL-400239,M20 Coal Cutter Pick - Tungsten Carbide,CMM-FASTNR-70A5EF-001,CMM-FASTNR-70A5EF-001,MAPPED_STANDALONE,STANDALONE,1.0,STANDALONE_IDENTITY,STANDALONE_CANONICAL_SYNTHESIS,1-to-1 deterministic identity mapping to governed Phase 8 standalone CMM candidate. Does not imply cross-CPSE equivalence or harmonization.,,,,,FASTENER|TUNGSTEN_CARBIDE|M20|IS_4772
11745033-27da-5aa4-b705-7550bd789ed3,Coal India,CIL-400240,Mine Dewatering Pump Cast Iron DN 150,CMM-PUMP-64CC94-001,CMM-PUMP-64CC94-001,MAPPED_STANDALONE,STANDALONE,1.0,STANDALONE_IDENTITY,STANDALONE_CANONICAL_SYNTHESIS,1-to-1 deterministic identity mapping to governed Phase 8 standalone CMM candidate. Does not imply cross-CPSE equivalence or harmonization.,,,,,PUMP|CAST_IRON|DN_150|IS_5120|CAST
c4388486-6e99-5836-b455-821a540f99b5,Coal India,CIL-400241,IND.MINE DEWATERING PUMP DN 150 Cast Iron,CMM-PUMP-853E3B-001,CMM-PUMP-853E3B-001,MAPPED_STANDALONE,STANDALONE,1.0,STANDALONE_IDENTITY,STANDALONE_CANONICAL_SYNTHESIS,1-to-1 deterministic identity mapping to governed Phase 8 standalone CMM candidate. Does not imply cross-CPSE equivalence or harmonization.,,,,,PUMP|CAST_IRON|DN_150|DN_150|IS_5120|CAST
f5a6d167-ee83-5521-b769-37e512cf0573,Coal India,CIL-400242,DN 150 Mine Dewatering Pump - Cast Iron,CMM-PUMP-01669B-001,CMM-PUMP-01669B-001,MAPPED_STANDALONE,STANDALONE,1.0,STANDALONE_IDENTITY,STANDALONE_CANONICAL_SYNTHESIS,1-to-1 deterministic identity mapping to governed Phase 8 standalone CMM candidate. Does not imply cross-CPSE equivalence or harmonization.,,,,,PUMP|CAST_IRON|DN_150|IS_5120|EPOXY_COATED|CAST
9ea6643e-c28a-5c6d-8bc6-b5ee3e911303,Coal India,CIL-400243,SPARE-MINE DEWATERING PUMP Cast Iron DN 150,CMM-PUMP-1359D8-001,CMM-PUMP-1359D8-001,MAPPED_STANDALONE,STANDALONE,1.0,STANDALONE_IDENTITY,STANDALONE_CANONICAL_SYNTHESIS,1-to-1 deterministic identity mapping to governed Phase 8 standalone CMM candidate. Does not imply cross-CPSE equivalence or harmonization.,,,,,PUMP|CAST_IRON|DN_150|IS_5120|CAST
fbcf95fa-e387-54ee-97a4-e7ae162b8d31,Coal India,CIL-400244,STORES ITEM M20 Coal Cutter Pick - Tungsten Carbide,CMM-FASTNR-134BE7-001,CMM-FASTNR-134BE7-001,MAPPED_STANDALONE,STANDALONE,1.0,STANDALONE_IDENTITY,STANDALONE_CANONICAL_SYNTHESIS,1-to-1 deterministic identity mapping to governed Phase 8 standalone CMM candidate. Does not imply cross-CPSE equivalence or harmonization.,,,,,FASTENER|TUNGSTEN_CARBIDE|M20|IS_4772|ZINC_PLATED
e9b672ee-ef6c-5d7b-b882-371f9b9d1cb2,Coal India,CIL-400245,"SPARE-Mine Dewatering Pump, Cast Iron, SIZE DN 150",CMM-PUMP-E367B3-001,CMM-PUMP-E367B3-001,MAPPED_STANDALONE,STANDALONE,1.0,STANDALONE_IDENTITY,STANDALONE_CANONICAL_SYNTHESIS,1-to-1 deterministic identity mapping to governed Phase 8 standalone CMM candidate. Does not imply cross-CPSE equivalence or harmonization.,,,,,PUMP|CAST_IRON|DN_150|IS_5120|CAST
6d327edc-c78b-59b8-a8ff-c8f4656cf7e4,Coal India,CIL-400246,Mine Dewatering Pump Cast Iron DN 150,CMM-PUMP-1EB531-001,CMM-PUMP-1EB531-001,MAPPED_STANDALONE,STANDALONE,1.0,STANDALONE_IDENTITY,STANDALONE_CANONICAL_SYNTHESIS,1-to-1 deterministic identity mapping to governed Phase 8 standalone CMM candidate. Does not imply cross-CPSE equivalence or harmonization.,,,,,PUMP|CAST_IRON|DN_150|DN_150|IS_5120|CAST
b29e0795-7cd6-5ab3-b728-88e4f359a8ab,Coal India,CIL-400247,"STORES ITEM COAL CUTTER PICK, Tungsten Carbide, SIZE M20",CMM-FASTNR-EB9980-001,CMM-FASTNR-EB9980-001,MAPPED_STANDALONE,STANDALONE,1.0,STANDALONE_IDENTITY,STANDALONE_CANONICAL_SYNTHESIS,1-to-1 deterministic identity mapping to governed Phase 8 standalone CMM candidate. Does not imply cross-CPSE equivalence or harmonization.,,,,,FASTENER|TUNGSTEN_CARBIDE|M20|IS_4772
d4886ed6-dfe9-561b-b363-edbd5d85939b,Coal India,CIL-400248,IND.MINE DEWATERING PUMP DN 150 Cast Iron,CMM-PUMP-4DFD46-001,CMM-PUMP-4DFD46-001,MAPPED_STANDALONE,STANDALONE,1.0,STANDALONE_IDENTITY,STANDALONE_CANONICAL_SYNTHESIS,1-to-1 deterministic identity mapping to governed Phase 8 standalone CMM candidate. Does not imply cross-CPSE equivalence or harmonization.,,,,,PUMP|CAST_IRON|DN_150|DN_150|IS_5120|GALVANIZED|CAST
4c34088f-1ff4-5970-9e21-414edb88d21a,Coal India,CIL-400249,SPARE-COAL CUTTER PICK Tungsten Carbide M20,CMM-FASTNR-964AC9-001,CMM-FASTNR-964AC9-001,MAPPED_STANDALONE,STANDALONE,1.0,STANDALONE_IDENTITY,STANDALONE_CANONICAL_SYNTHESIS,1-to-1 deterministic identity mapping to governed Phase 8 standalone CMM candidate. Does not imply cross-CPSE equivalence or harmonization.,,,,,FASTENER|TUNGSTEN_CARBIDE|M20|IS_4772
9ac97f96-99dd-55d2-bc53-f4040373a9c0,Coal India,CIL-400250,"Mine Dewatering Pump, Cast Iron, SIZE DN 150",CMM-PUMP-E8E8DD-001,CMM-PUMP-E8E8DD-001,MAPPED_STANDALONE,STANDALONE,1.0,STANDALONE_IDENTITY,STANDALONE_CANONICAL_SYNTHESIS,1-to-1 deterministic identity mapping to governed Phase 8 standalone CMM candidate. Does not imply cross-CPSE equivalence or harmonization.,,,,,PUMP|CAST_IRON|DN_150|DN_150|IS_5120|GALVANIZED|CAST
e3143ba0-b9c3-505b-aa66-2721bb63f009,Coal India,CIL-400251,Mine Dewatering Pump Cast Iron DN 150,CMM-PUMP-AEA48C-001,CMM-PUMP-AEA48C-001,MAPPED_STANDALONE,STANDALONE,1.0,STANDALONE_IDENTITY,STANDALONE_CANONICAL_SYNTHESIS,1-to-1 deterministic identity mapping to governed Phase 8 standalone CMM candidate. Does not imply cross-CPSE equivalence or harmonization.,,,,,PUMP|CAST_IRON|DN_150|DN_150|IS_5120|GALVANIZED|CAST
3b250fa5-0dd6-5cdd-8171-aa1b42ce43bd,Coal India,CIL-400252,STORES ITEM M20 Coal Cutter Pick - Tungsten Carbide,CMM-FASTNR-69B63E-001,CMM-FASTNR-69B63E-001,MAPPED_STANDALONE,STANDALONE,1.0,STANDALONE_IDENTITY,STANDALONE_CANONICAL_SYNTHESIS,1-to-1 deterministic identity mapping to governed Phase 8 standalone CMM candidate. Does not imply cross-CPSE equivalence or harmonization.,,,,,FASTENER|TUNGSTEN_CARBIDE|M20|IS_4772
9f4b337d-f802-510f-ba87-6c766fa93ef8,Coal India,CIL-400253,STORES ITEM Coal Cutter Pick Tungsten Carbide M20,CMM-FASTNR-4D72B7-001,CMM-FASTNR-4D72B7-001,MAPPED_STANDALONE,STANDALONE,1.0,STANDALONE_IDENTITY,STANDALONE_CANONICAL_SYNTHESIS,1-to-1 deterministic identity mapping to governed Phase 8 standalone CMM candidate. Does not imply cross-CPSE equivalence or harmonization.,,,,,FASTENER|TUNGSTEN_CARBIDE|M20|IS_4772|ZINC_PLATED
d1533769-9fe3-544d-a321-f337969c6344,Coal India,CIL-400254,STORES ITEM MINE DEWATERING PUMP DN 150 Cast Iron,CMM-PUMP-8B6C40-001,CMM-PUMP-8B6C40-001,MAPPED_STANDALONE,STANDALONE,1.0,STANDALONE_IDENTITY,STANDALONE_CANONICAL_SYNTHESIS,1-to-1 deterministic identity mapping to governed Phase 8 standalone CMM candidate. Does not imply cross-CPSE equivalence or harmonization.,,,,,PUMP|CAST_IRON|DN_150|IS_5120|GALVANIZED|CAST
1db79518-cac0-5ed9-9ebd-ef7fd22d89e0,Coal India,CIL-400255,"IND.MINE DEWATERING PUMP, Cast Iron, SIZE DN 150",CMM-PUMP-A2476D-001,CMM-PUMP-A2476D-001,MAPPED_STANDALONE,STANDALONE,1.0,STANDALONE_IDENTITY,STANDALONE_CANONICAL_SYNTHESIS,1-to-1 deterministic identity mapping to governed Phase 8 standalone CMM candidate. Does not imply cross-CPSE equivalence or harmonization.,,,,,PUMP|CAST_IRON|DN_150|DN_150|IS_5120|PTFE_LINED|CAST
74a5cbd7-3d0b-5fde-8c59-4a1dff776e4b,Coal India,CIL-400256,MINE DEWATERING PUMP Cast Iron DN 150,CMM-PUMP-4EB8E3-001,CMM-PUMP-4EB8E3-001,MAPPED_STANDALONE,STANDALONE,1.0,STANDALONE_IDENTITY,STANDALONE_CANONICAL_SYNTHESIS,1-to-1 deterministic identity mapping to governed Phase 8 standalone CMM candidate. Does not imply cross-CPSE equivalence or harmonization.,,,,,PUMP|CAST_IRON|DN_150|DN_150|IS_5120|CAST
77be96e5-eb53-5c51-ad14-6d608a92b9a6,Coal India,CIL-400257,MINE DEWATERING PUMP Cast Iron DN 150,CMM-PUMP-D12801-001,CMM-PUMP-D12801-001,MAPPED_STANDALONE,STANDALONE,1.0,STANDALONE_IDENTITY,STANDALONE_CANONICAL_SYNTHESIS,1-to-1 deterministic identity mapping to governed Phase 8 standalone CMM candidate. Does not imply cross-CPSE equivalence or harmonization.,,,,,PUMP|CAST_IRON|DN_150|IS_5120|CAST
bd742483-f2bd-549a-ac12-470142ef5281,Coal India,CIL-400258,IND.COAL CUTTER PICK M20 Tungsten Carbide,CMM-FASTNR-685EAD-001,CMM-FASTNR-685EAD-001,MAPPED_STANDALONE,STANDALONE,1.0,STANDALONE_IDENTITY,STANDALONE_CANONICAL_SYNTHESIS,1-to-1 deterministic identity mapping to governed Phase 8 standalone CMM candidate. Does not imply cross-CPSE equivalence or harmonization.,,,,,FASTENER|TUNGSTEN_CARBIDE|M20|IS_4772
d8b37f88-c19b-5ce3-b997-be19828ba2e0,Coal India,CIL-400259,IND.M20 COAL CUTTER PICK - Tungsten Carbide,CMM-FASTNR-0B935E-001,CMM-FASTNR-0B935E-001,MAPPED_STANDALONE,STANDALONE,1.0,STANDALONE_IDENTITY,STANDALONE_CANONICAL_SYNTHESIS,1-to-1 deterministic identity mapping to governed Phase 8 standalone CMM candidate. Does not imply cross-CPSE equivalence or harmonization.,,,,,FASTENER|TUNGSTEN_CARBIDE|M20|IS_4772
b07a70cd-7236-534c-9225-70319867f2ee,Coal India,CIL-400260,IND.COAL CUTTER PICK Tungsten Carbide M20,CMM-FASTNR-C372D3-001,CMM-FASTNR-C372D3-001,MAPPED_STANDALONE,STANDALONE,1.0,STANDALONE_IDENTITY,STANDALONE_CANONICAL_SYNTHESIS,1-to-1 deterministic identity mapping to governed Phase 8 standalone CMM candidate. Does not imply cross-CPSE equivalence or harmonization.,,,,,FASTENER|TUNGSTEN_CARBIDE|M20|IS_4772
c0385f0c-75d1-5792-b537-150e06ec5835,Coal India,CIL-400261,MINE DEWATERING PUMP Cast Iron DN 150,CMM-PUMP-FC9A80-001,CMM-PUMP-FC9A80-001,MAPPED_STANDALONE,STANDALONE,1.0,STANDALONE_IDENTITY,STANDALONE_CANONICAL_SYNTHESIS,1-to-1 deterministic identity mapping to governed Phase 8 standalone CMM candidate. Does not imply cross-CPSE equivalence or harmonization.,,,,,PUMP|CAST_IRON|DN_150|DN_150|IS_5120|CAST
503e8911-a67f-5c2f-8126-c2d4417e527c,Coal India,CIL-400262,STORES ITEM COAL CUTTER PICK Tungsten Carbide M20,CMM-FASTNR-805C80-001,CMM-FASTNR-805C80-001,MAPPED_STANDALONE,STANDALONE,1.0,STANDALONE_IDENTITY,STANDALONE_CANONICAL_SYNTHESIS,1-to-1 deterministic identity mapping to governed Phase 8 standalone CMM candidate. Does not imply cross-CPSE equivalence or harmonization.,,,,,FASTENER|TUNGSTEN_CARBIDE|M20|IS_4772|ZINC_PLATED
a445d95e-2fae-5265-8a1d-54a6a5da0656,Coal India,CIL-400263,STORES ITEM M20 Coal Cutter Pick - Tungsten Carbide,CMM-FASTNR-F58160-001,CMM-FASTNR-F58160-001,MAPPED_STANDALONE,STANDALONE,1.0,STANDALONE_IDENTITY,STANDALONE_CANONICAL_SYNTHESIS,1-to-1 deterministic identity mapping to governed Phase 8 standalone CMM candidate. Does not imply cross-CPSE equivalence or harmonization.,,,,,FASTENER|TUNGSTEN_CARBIDE|M20|IS_4772
3d70a084-a5c9-5e35-9b22-dd8571b866fe,Coal India,CIL-400264,STORES ITEM Mine Dewatering Pump DN 150 Cast Iron,CMM-PUMP-5F6083-001,CMM-PUMP-5F6083-001,MAPPED_STANDALONE,STANDALONE,1.0,STANDALONE_IDENTITY,STANDALONE_CANONICAL_SYNTHESIS,1-to-1 deterministic identity mapping to governed Phase 8 standalone CMM candidate. Does not imply cross-CPSE equivalence or harmonization.,,,,,PUMP|CAST_IRON|DN_150|IS_5120|EPOXY_COATED|CAST
f2a2450f-c422-5e02-ad78-2d5f8d69a8ed,Coal India,CIL-400265,M20 COAL CUTTER PICK - Tungsten Carbide,CMM-FASTNR-D24A54-001,CMM-FASTNR-D24A54-001,MAPPED_STANDALONE,STANDALONE,1.0,STANDALONE_IDENTITY,STANDALONE_CANONICAL_SYNTHESIS,1-to-1 deterministic identity mapping to governed Phase 8 standalone CMM candidate. Does not imply cross-CPSE equivalence or harmonization.,,,,,FASTENER|TUNGSTEN_CARBIDE|M20|IS_4772|ZINC_PLATED
c18e921b-ec21-5b9b-a76e-15a59a323c35,Coal India,CIL-400266,SPARE-M20 Coal Cutter Pick - Tungsten Carbide,CMM-FASTNR-A72A9B-001,CMM-FASTNR-A72A9B-001,MAPPED_STANDALONE,STANDALONE,1.0,STANDALONE_IDENTITY,STANDALONE_CANONICAL_SYNTHESIS,1-to-1 deterministic identity mapping to governed Phase 8 standalone CMM candidate. Does not imply cross-CPSE equivalence or harmonization.,,,,,FASTENER|TUNGSTEN_CARBIDE|M20|IS_4772|ZINC_PLATED
52379490-2d2f-57e9-ad8d-1e3427b232f1,Coal India,CIL-400267,"IND.MINE DEWATERING PUMP, Cast Iron, SIZE DN 150",CMM-PUMP-A17412-001,CMM-PUMP-A17412-001,MAPPED_STANDALONE,STANDALONE,1.0,STANDALONE_IDENTITY,STANDALONE_CANONICAL_SYNTHESIS,1-to-1 deterministic identity mapping to governed Phase 8 standalone CMM candidate. Does not imply cross-CPSE equivalence or harmonization.,,,,,PUMP|CAST_IRON|DN_150|DN_150|IS_5120|CAST
6c9f8eda-eb1c-57fc-b443-e536a26b9355,Coal India,CIL-400268,"STORES ITEM Mine Dewatering Pump, Cast Iron, SIZE DN 150",CMM-PUMP-C1F38D-001,CMM-PUMP-C1F38D-001,MAPPED_STANDALONE,STANDALONE,1.0,STANDALONE_IDENTITY,STANDALONE_CANONICAL_SYNTHESIS,1-to-1 deterministic identity mapping to governed Phase 8 standalone CMM candidate. Does not imply cross-CPSE equivalence or harmonization.,,,,,PUMP|CAST_IRON|DN_150|IS_5120|CAST
fd06a79c-2aa1-5e8b-8c74-acde0c2db8c1,Coal India,CIL-400269,Coal Cutter Pick M20 Tungsten Carbide,CMM-FASTNR-B5D9B4-001,CMM-FASTNR-B5D9B4-001,MAPPED_STANDALONE,STANDALONE,1.0,STANDALONE_IDENTITY,STANDALONE_CANONICAL_SYNTHESIS,1-to-1 deterministic identity mapping to governed Phase 8 standalone CMM candidate. Does not imply cross-CPSE equivalence or harmonization.,,,,,FASTENER|TUNGSTEN_CARBIDE|M20|IS_4772
2a594957-bb77-5f86-b601-22c45243df92,Coal India,CIL-400270,"SPARE-COAL CUTTER PICK, Tungsten Carbide, SIZE M20",CMM-FASTNR-1793A5-001,CMM-FASTNR-1793A5-001,MAPPED_STANDALONE,STANDALONE,1.0,STANDALONE_IDENTITY,STANDALONE_CANONICAL_SYNTHESIS,1-to-1 deterministic identity mapping to governed Phase 8 standalone CMM candidate. Does not imply cross-CPSE equivalence or harmonization.,,,,,FASTENER|TUNGSTEN_CARBIDE|M20|IS_4772
f4add311-354d-5139-b0e6-21796b398c9f,Coal India,CIL-400271,IND.Coal Cutter Pick Tungsten Carbide M20,CMM-FASTNR-707EC9-001,CMM-FASTNR-707EC9-001,MAPPED_STANDALONE,STANDALONE,1.0,STANDALONE_IDENTITY,STANDALONE_CANONICAL_SYNTHESIS,1-to-1 deterministic identity mapping to governed Phase 8 standalone CMM candidate. Does not imply cross-CPSE equivalence or harmonization.,,,,,FASTENER|TUNGSTEN_CARBIDE|M20|IS_4772|ZINC_PLATED
00d37ec6-07fe-5a22-bee5-c0f49e943cf1,Coal India,CIL-400272,Mine Dewatering Pump Cast Iron DN 150,CMM-PUMP-601ADC-001,CMM-PUMP-601ADC-001,MAPPED_STANDALONE,STANDALONE,1.0,STANDALONE_IDENTITY,STANDALONE_CANONICAL_SYNTHESIS,1-to-1 deterministic identity mapping to governed Phase 8 standalone CMM candidate. Does not imply cross-CPSE equivalence or harmonization.,,,,,PUMP|CAST_IRON|DN_150|IS_5120|CAST
f1d3aaee-1f37-5665-82de-3c890903beda,Coal India,CIL-400273,"STORES ITEM Mine Dewatering Pump, Cast Iron, SIZE DN 150",CMM-PUMP-8C5B3F-001,CMM-PUMP-8C5B3F-001,MAPPED_STANDALONE,STANDALONE,1.0,STANDALONE_IDENTITY,STANDALONE_CANONICAL_SYNTHESIS,1-to-1 deterministic identity mapping to governed Phase 8 standalone CMM candidate. Does not imply cross-CPSE equivalence or harmonization.,,,,,PUMP|CAST_IRON|DN_150|DN_150|IS_5120|GALVANIZED|CAST
e06dbe6b-7b08-501b-bde5-e15197bfe38b,Coal India,CIL-400274,STORES ITEM Mine Dewatering Pump Cast Iron DN 150,CMM-PUMP-C152DF-001,CMM-PUMP-C152DF-001,MAPPED_STANDALONE,STANDALONE,1.0,STANDALONE_IDENTITY,STANDALONE_CANONICAL_SYNTHESIS,1-to-1 deterministic identity mapping to governed Phase 8 standalone CMM candidate. Does not imply cross-CPSE equivalence or harmonization.,,,,,PUMP|CAST_IRON|DN_150|IS_5120|CAST
e2720360-70c4-5bed-aec7-7cccaed8be68,Coal India,CIL-400275,"SPARE-MINE DEWATERING PUMP, Cast Iron, SIZE DN 150",CMM-PUMP-C0B737-001,CMM-PUMP-C0B737-001,MAPPED_STANDALONE,STANDALONE,1.0,STANDALONE_IDENTITY,STANDALONE_CANONICAL_SYNTHESIS,1-to-1 deterministic identity mapping to governed Phase 8 standalone CMM candidate. Does not imply cross-CPSE equivalence or harmonization.,,,,,PUMP|CAST_IRON|DN_150|DN_150|IS_5120|CAST
21067c74-bdfc-5195-ab6d-2b7c5089aa83,HPCL,HPCL-120001,IND.Centrifugal Pump SS316 DN 100,CMM-PUMP-EFB17A-001,CMM-PUMP-EFB17A-001,MAPPED_VERIFIED,DIRECT_ACCEPTED,1.0,VERIFIED_CROSS_CPSE,HUMAN_ACCEPTED_HARMONIZATION,Verified cross-CPSE harmonization mapping supported by Phase 7 human review ACCEPT on candidate CAN-000125 with cryptographic evidence hash ...,CAN-000125,VALIDATED_COMPATIBLE,ACCEPT,,PUMP|CENTRIFUGAL_PUMP|STAINLESS_STEEL|SS_316|DN_100|API_610
6a14638f-e3a6-5248-b272-bcb366b5922a,HPCL,HPCL-120002,6 in PIPE SMLS - SS316L,CMM-PIPEF-4E2A15-001,CMM-PIPEF-4E2A15-001,MAPPED_VERIFIED,DIRECT_ACCEPTED,1.0,VERIFIED_CROSS_CPSE,HUMAN_ACCEPTED_HARMONIZATION,Verified cross-CPSE harmonization mapping supported by Phase 7 human review ACCEPT on candidate CAN-000962 with cryptographic evidence hash ...,CAN-000962,VALIDATED_COMPATIBLE,ACCEPT,,PIPE_FITTING|PIPE|STAINLESS_STEEL|SS_316L|6_IN|6_IN|ASME_B165|ZINC_PLATED
96214d4b-4ff2-5753-952b-eac651b0937f,HPCL,HPCL-120003,"STORES ITEM REDUCER, ASTM A106 Gr B, SIZE DN 150",CMM-PIPEF-A8BD86-001,CMM-PIPEF-A8BD86-001,MAPPED_VERIFIED,DIRECT_ACCEPTED,1.0,VERIFIED_CROSS_CPSE,HUMAN_ACCEPTED_HARMONIZATION,Verified cross-CPSE harmonization mapping supported by Phase 7 human review ACCEPT on candidate CAN-001085 with cryptographic evidence hash ...,CAN-001085,VALIDATED_COMPATIBLE,ACCEPT,,PIPE_FITTING|ASTM_A106_GRB|DN_150|12_M|50_MM|IS_1239|ZINC_PLATED
d4d5f6a3-1b4b-5182-8b73-90a11731772c,HPCL,HPCL-120004,SPARE-REDUCER ASTM A106 Gr B DN 100,CMM-PIPEF-C9F1AA-001,CMM-PIPEF-C9F1AA-001,MAPPED_VERIFIED,DIRECT_ACCEPTED,1.0,VERIFIED_CROSS_CPSE,HUMAN_ACCEPTED_HARMONIZATION,Verified cross-CPSE harmonization mapping supported by Phase 7 human review ACCEPT on candidate CAN-001204 with cryptographic evidence hash ...,CAN-001204,VALIDATED_COMPATIBLE,ACCEPT,,PIPE_FITTING|ASTM_A106_GRB|DN_100|12_M|DN_100|API_5L|EPOXY_COATED
8fd2569b-5cd8-555d-b700-e2f5b4ea3675,HPCL,HPCL-120005,STORES ITEM HEX NUT SS304 M16 x 65,CMM-FASTNR-79F7B5-001,CMM-FASTNR-79F7B5-001,MAPPED_VERIFIED,DIRECT_ACCEPTED,1.0,VERIFIED_CROSS_CPSE,HUMAN_ACCEPTED_HARMONIZATION,Verified cross-CPSE harmonization mapping supported by Phase 7 human review ACCEPT on candidate CAN-001712 with cryptographic evidence hash ...,CAN-001712,VALIDATED_COMPATIBLE,ACCEPT,,FASTENER|NUT|HEX|STAINLESS_STEEL|SS_304|M16_X_65|65_MM
1f57ad5c-3b97-5d51-baf3-fd3b2194be59,HPCL,HPCL-120006,HEX NUT M12 x 50 Grade 8.8,CMM-FASTNR-412B68-001,CMM-FASTNR-412B68-001,REVIEW_REQUIRED,DIRECT_ACCEPTED,0.6,REVIEW_REQUIRED,AMBIGUOUS_ATTRIBUTE_HOLD,Attribute ambiguity in upstream candidate group; human review required.,,REVIEW_REQUIRED,,,FASTENER|NUT|HEX|GRADE_88|M12_X_50|50_MM|ASTM_A193
70836896-73e9-5625-a572-c0a2636ea327,HPCL,HPCL-120007,"BOLT HEX, Grade B7, SIZE M16 x 65",CMM-FASTNR-3AF121-001,CMM-FASTNR-3AF121-001,MAPPED_VERIFIED,DIRECT_ACCEPTED,1.0,VERIFIED_CROSS_CPSE,HUMAN_ACCEPTED_HARMONIZATION,Verified cross-CPSE harmonization mapping supported by Phase 7 human review ACCEPT on candidate CAN-002312 with cryptographic evidence hash ...,CAN-002312,VALIDATED_COMPATIBLE,ACCEPT,,FASTENER|BOLT|GRADE_B7|M16_X_65|65_MM|ASME_B182
adfe7891-3339-5c32-a578-76f640de0aae,HPCL,HPCL-120008,"IND.Flow Meter, Brass, SIZE 4-20 mA",CMM-INSTRU-746A35-001,CMM-INSTRU-746A35-001,REVIEW_REQUIRED,DIRECT_ACCEPTED,0.6,REVIEW_REQUIRED,AMBIGUOUS_ATTRIBUTE_HOLD,Attribute ambiguity in upstream candidate group; human review required.,,REVIEW_REQUIRED,,,INSTRUMENTATION|BRASS|4_20_MA
52c7647d-72e0-59ff-991c-cfc459f3d6d2,HPCL,HPCL-120009,Circuit Breaker 4C x 25 sq mm Aluminium,CMM-ELECTR-19262A-001,CMM-ELECTR-19262A-001,MAPPED_VERIFIED,DIRECT_ACCEPTED,1.0,VERIFIED_CROSS_CPSE,HUMAN_ACCEPTED_HARMONIZATION,Verified cross-CPSE harmonization mapping supported by Phase 7 human review ACCEPT on candidate CAN-002734 with cryptographic evidence hash ...,CAN-002734,VALIDATED_COMPATIBLE,ACCEPT,,ELECTRICAL|ALUMINIUM|4C_X_25_SQ_MM|1000_M|IS_2026
570ece51-8a68-59cf-b3bc-9b8c19a46c98,HPCL,HPCL-120010,"SPARE-Flange, IS 2062, SIZE DN 150",CMM-PIPEF-BBD3DF-001,CMM-PIPEF-BBD3DF-001,MAPPED_VERIFIED,DIRECT_ACCEPTED,1.0,VERIFIED_CROSS_CPSE,HUMAN_ACCEPTED_HARMONIZATION,Verified cross-CPSE harmonization mapping supported by Phase 7 human review ACCEPT on candidate CAN-002915 with cryptographic evidence hash ...,CAN-002915,VALIDATED_COMPATIBLE,ACCEPT,,PIPE_FITTING|FLANGE|IS_2062|DN_150|12_M|DN_150|ASTM_A106|GALVANIZED
5cf4ffd7-29c2-5498-bc44-c7cb753ca3ea,HPCL,HPCL-120011,SPARE-2 in REDUCER - Carbon Steel,CMM-PIPEF-E0FB6D-001,CMM-PIPEF-E0FB6D-001,MAPPED_VERIFIED,DIRECT_ACCEPTED,1.0,VERIFIED_CROSS_CPSE,HUMAN_ACCEPTED_HARMONIZATION,Verified cross-CPSE harmonization mapping supported by Phase 7 human review ACCEPT on candidate CAN-003034 with cryptographic evidence hash ...,CAN-003034,VALIDATED_COMPATIBLE,ACCEPT,,PIPE_FITTING|CARBON_STEEL|CARBON_STEEL|2_IN|200_MM|IS_1239|ZINC_PLATED
f10c3ee9-38f1-573b-acd5-620d634b3818,HPCL,HPCL-120012,STORES ITEM Submersible Pump DN 100 SS316,CMM-PUMP-0F45F6-001,CMM-PUMP-0F45F6-001,MAPPED_VERIFIED,DIRECT_ACCEPTED,1.0,VERIFIED_CROSS_CPSE,HUMAN_ACCEPTED_HARMONIZATION,Verified cross-CPSE harmonization mapping supported by Phase 7 human review ACCEPT on candidate CAN-003214 with cryptographic evidence hash ...,CAN-003214,VALIDATED_COMPATIBLE,ACCEPT,,PUMP|STAINLESS_STEEL|SS_316|DN_100|DN_100|API_610
1cc77a6d-ba0c-552c-a98c-16dff94dd5b2,HPCL,HPCL-120013,"SUBMERSIBLE PUMP, Carbon Steel, SIZE DN 80",CMM-PUMP-F3916E-001,CMM-PUMP-F3916E-001,MAPPED_VERIFIED,DIRECT_ACCEPTED,1.0,VERIFIED_CROSS_CPSE,HUMAN_ACCEPTED_HARMONIZATION,Verified cross-CPSE harmonization mapping supported by Phase 7 human review ACCEPT on candidate CAN-003423 with cryptographic evidence hash ...,CAN-003423,VALIDATED_COMPATIBLE,ACCEPT,,PUMP|CARBON_STEEL|CARBON_STEEL|DN_80|IS_1520
7892fe3c-9631-5f50-ad59-12d313523ce5,HPCL,HPCL-120014,IND.Temperature Transmitter 0-100 bar Polycarbonate,CMM-INSTRU-3688F6-001,CMM-INSTRU-3688F6-001,REVIEW_REQUIRED,DIRECT_ACCEPTED,0.6,REVIEW_REQUIRED,AMBIGUOUS_ATTRIBUTE_HOLD,Attribute ambiguity in upstream candidate group; human review required.,,REVIEW_REQUIRED,,,INSTRUMENTATION|POLYCARBONATE|0_100_BAR|ASME_B40100
1f42c4fc-83a3-517a-81ab-1c9c4afaf53d,HPCL,HPCL-120015,STORES ITEM 2 in x 1.5 in Vertical Turbine Pump - Duplex Steel,CMM-PUMP-2F3FCE-001,CMM-PUMP-2F3FCE-001,MAPPED_VERIFIED,DIRECT_ACCEPTED,1.0,VERIFIED_CROSS_CPSE,HUMAN_ACCEPTED_HARMONIZATION,Verified cross-CPSE harmonization mapping supported by Phase 7 human review ACCEPT on candidate CAN-003632 with cryptographic evidence hash ...,CAN-003632,VALIDATED_COMPATIBLE,ACCEPT,,PUMP|DUPLEX_STEEL|2_IN_X_15_IN|API_610|VERTICAL
f1f88ebc-19de-52eb-a52a-5ab611e2f809,HPCL,HPCL-120016,4 in GV - SS316,CMM-VALVE-11F993-001,CMM-VALVE-11F993-001,MAPPED_VERIFIED,DIRECT_ACCEPTED,1.0,VERIFIED_CROSS_CPSE,HUMAN_ACCEPTED_HARMONIZATION,Verified cross-CPSE harmonization mapping supported by Phase 7 human review ACCEPT on candidate CAN-003785 with cryptographic evidence hash ...,CAN-003785,VALIDATED_COMPATIBLE,ACCEPT,,VALVE|GATE_VALVE|STAINLESS_STEEL|SS_316|4_IN|API_600
5fcb7bf4-227b-51ae-af07-85be59680036,HPCL,HPCL-120017,SPARE-DN 100 PIPE SMLS - SS316L,CMM-PIPEF-304077-001,CMM-PIPEF-304077-001,MAPPED_STANDALONE,STANDALONE,1.0,STANDALONE_IDENTITY,STANDALONE_CANONICAL_SYNTHESIS,1-to-1 deterministic identity mapping to governed Phase 8 standalone CMM candidate. Does not imply cross-CPSE equivalence or harmonization.,,,,,PIPE_FITTING|PIPE|STAINLESS_STEEL|SS_316L|DN_100|1000_MM|80_MM|IS_1239|EPOXY_COATED
fa418770-9cf5-54b8-8881-53d933fbc50f,HPCL,HPCL-120018,SPARE-MECHANICAL SEAL 100 mm PTFE,CMM-SEALG-9F5E86-001,CMM-SEALG-9F5E86-001,MAPPED_VERIFIED,DIRECT_ACCEPTED,1.0,VERIFIED_CROSS_CPSE,HUMAN_ACCEPTED_HARMONIZATION,Verified cross-CPSE harmonization mapping supported by Phase 7 human review ACCEPT on candidate CAN-004083 with cryptographic evidence hash ...,CAN-004083,VALIDATED_COMPATIBLE,ACCEPT,,SEAL_GASKET|PTFE|100_MM|GALVANIZED
11d525cc-432b-5e1f-8192-ebcabcbb4559,HPCL,HPCL-120019,LEVEL TRANSMITTER 4-20 mA SS316,CMM-INSTRU-1E073D-001,CMM-INSTRU-1E073D-001,REVIEW_REQUIRED,DIRECT_ACCEPTED,0.6,REVIEW_REQUIRED,AMBIGUOUS_ATTRIBUTE_HOLD,Attribute ambiguity in upstream candidate group; human review required.,,REVIEW_REQUIRED,,,INSTRUMENTATION|STAINLESS_STEEL|SS_316|4_20_MA|ASME_B40100
8e8e1e2b-14d8-5a39-9331-89af7c4674f2,HPCL,HPCL-120020,SPARE-6208 THRUST BEARING - Stainless Steel,CMM-BEARNG-A2CB3C-001,CMM-BEARNG-A2CB3C-001,REVIEW_REQUIRED,DIRECT_ACCEPTED,0.6,REVIEW_REQUIRED,AMBIGUOUS_ATTRIBUTE_HOLD,Attribute ambiguity in upstream candidate group; human review required.,,REVIEW_REQUIRED,,,BEARING|STAINLESS_STEEL|STAINLESS_STEEL|6208|ISO_15
4f718803-ea0b-5411-9b82-376a70cc7e26,HPCL,HPCL-120021,"IND.SOCKET HEAD SCREW, Carbon Steel, SIZE M16 x 65",CMM-FASTNR-A2AB0B-001,CMM-FASTNR-A2AB0B-001,MAPPED_VERIFIED,DIRECT_ACCEPTED,1.0,VERIFIED_CROSS_CPSE,HUMAN_ACCEPTED_HARMONIZATION,Verified cross-CPSE harmonization mapping supported by Phase 7 human review ACCEPT on candidate CAN-004774 with cryptographic evidence hash ...,CAN-004774,VALIDATED_COMPATIBLE,ACCEPT,,FASTENER|CARBON_STEEL|CARBON_STEEL|M16_X_65|65_MM
abdefc69-b110-5ec0-934e-4db5c984ba00,HPCL,HPCL-120022,"FLANGE, Alloy Steel, SIZE DN 150",CMM-PIPEF-AAC4DA-001,CMM-PIPEF-AAC4DA-001,MAPPED_VERIFIED,DIRECT_ACCEPTED,1.0,VERIFIED_CROSS_CPSE,HUMAN_ACCEPTED_HARMONIZATION,Verified cross-CPSE harmonization mapping supported by Phase 7 human review ACCEPT on candidate CAN-004922 with cryptographic evidence hash ...,CAN-004922,VALIDATED_COMPATIBLE,ACCEPT,,PIPE_FITTING|FLANGE|ALLOY_STEEL|DN_150|3_M|100_MM|ASME_B169|EPOXY_COATED
cf598aaa-b6c2-5f0d-a255-db7e87b83553,HPCL,HPCL-120023,SPARE-GLOBE VALVE 4 in LCB,CMM-VALVE-9903B8-001,CMM-VALVE-9903B8-001,MAPPED_VERIFIED,DIRECT_ACCEPTED,1.0,VERIFIED_CROSS_CPSE,HUMAN_ACCEPTED_HARMONIZATION,Verified cross-CPSE harmonization mapping supported by Phase 7 human review ACCEPT on candidate CAN-005135 with cryptographic evidence hash ...,CAN-005135,VALIDATED_COMPATIBLE,ACCEPT,,VALVE|GLOBE_VALVE|LCB|4_IN|4_IN|API_598|EPOXY_COATED
a1c875a3-751b-5189-9bb0-fdd173fe0c8b,HPCL,HPCL-120024,STORES ITEM Mechanical Seal 65 mm Graphite,CMM-SEALG-260F99-001,CMM-SEALG-260F99-001,MAPPED_VERIFIED,DIRECT_ACCEPTED,1.0,VERIFIED_CROSS_CPSE,HUMAN_ACCEPTED_HARMONIZATION,Verified cross-CPSE harmonization mapping supported by Phase 7 human review ACCEPT on candidate CAN-005255 with cryptographic evidence hash ...,CAN-005255,VALIDATED_COMPATIBLE,ACCEPT,,SEAL_GASKET|GRAPHITE|65_MM|ASME_B1620
a4d5973d-75fa-568c-98e9-ac0ababdaaec,HPCL,HPCL-120025,ANCHOR BOLT Carbon Steel M20 x 80,CMM-FASTNR-B4A1EA-001,CMM-FASTNR-B4A1EA-001,MAPPED_VERIFIED,DIRECT_ACCEPTED,1.0,VERIFIED_CROSS_CPSE,HUMAN_ACCEPTED_HARMONIZATION,Verified cross-CPSE harmonization mapping supported by Phase 7 human review ACCEPT on candidate CAN-005404 with cryptographic evidence hash ...,CAN-005404,VALIDATED_COMPATIBLE,ACCEPT,,FASTENER|BOLT|CARBON_STEEL|CARBON_STEEL|M20_X_80|80_MM|ASME_B182
3ee50910-ca3c-5d86-974a-7e23eb4cb4fd,HPCL,HPCL-120026,IND.Distribution Transformer Aluminium 1C x 300 sq mm,CMM-ELECTR-941023-001,CMM-ELECTR-941023-001,REVIEW_REQUIRED,DIRECT_ACCEPTED,0.6,REVIEW_REQUIRED,AMBIGUOUS_ATTRIBUTE_HOLD,Attribute ambiguity in upstream candidate group; human review required.,,REVIEW_REQUIRED,,,ELECTRICAL|ALUMINIUM|1C_X_300_SQ_MM|1000_M|IS_2026
9c969d82-8f59-55a1-ad7b-fede9c0d3487,HPCL,HPCL-120027,STORES ITEM Oil Seal 2 in Viton,CMM-SEALG-29423B-001,CMM-SEALG-29423B-001,MAPPED_VERIFIED,DIRECT_ACCEPTED,1.0,VERIFIED_CROSS_CPSE,HUMAN_ACCEPTED_HARMONIZATION,Verified cross-CPSE harmonization mapping supported by Phase 7 human review ACCEPT on candidate CAN-005795 with cryptographic evidence hash ...,CAN-005795,VALIDATED_COMPATIBLE,ACCEPT,,SEAL_GASKET|LUBRICANT|VITON|2_IN|API_682|EPOXY_COATED
99f62080-0803-56e1-87e7-aa14c8f597b8,HPCL,HPCL-120028,SPARE-6408 NEEDLE BEARING - Chrome Steel,CMM-BEARNG-89DC5A-001,CMM-BEARNG-89DC5A-001,MAPPED_VERIFIED,DIRECT_ACCEPTED,1.0,VERIFIED_CROSS_CPSE,HUMAN_ACCEPTED_HARMONIZATION,Verified cross-CPSE harmonization mapping supported by Phase 7 human review ACCEPT on candidate CAN-005884 with cryptographic evidence hash ...,CAN-005884,VALIDATED_COMPATIBLE,ACCEPT,,BEARING|CHROME_STEEL|CHROME_STEEL|6408|ISO_15
b31e1b67-5403-5948-9776-836674ab95bc,HPCL,HPCL-120029,SPARE-Spiral Wound Gasket PTFE 2 in,CMM-SEALG-C65128-001,CMM-SEALG-C65128-001,MAPPED_VERIFIED,DIRECT_ACCEPTED,1.0,VERIFIED_CROSS_CPSE,HUMAN_ACCEPTED_HARMONIZATION,Verified cross-CPSE harmonization mapping supported by Phase 7 human review ACCEPT on candidate CAN-006064 with cryptographic evidence hash ...,CAN-006064,VALIDATED_COMPATIBLE,ACCEPT,,SEAL_GASKET|SPIRAL_WOUND_GASKET|PTFE|2_IN|2_IN|API_682|PTFE
919999b6-0b95-5be7-a144-84d8da4a2417,HPCL,HPCL-120030,SPARE-PRESSURE GAUGE Polycarbonate 0-500 Deg C,CMM-INSTRU-58342A-001,CMM-INSTRU-58342A-001,MAPPED_VERIFIED,DIRECT_ACCEPTED,1.0,VERIFIED_CROSS_CPSE,HUMAN_ACCEPTED_HARMONIZATION,Verified cross-CPSE harmonization mapping supported by Phase 7 human review ACCEPT on candidate CAN-006215 with cryptographic evidence hash ...,CAN-006215,VALIDATED_COMPATIBLE,ACCEPT,,INSTRUMENTATION|PRESSURE_GAUGE|POLYCARBONATE|0_500_DEG_C
2a9ef8d4-2b97-5440-b4fa-883d06664fdb,HPCL,HPCL-120031,"ROLLER BRG, Chrome Steel, SIZE 22208",CMM-BEARNG-39C22B-001,CMM-BEARNG-39C22B-001,REVIEW_REQUIRED,DIRECT_ACCEPTED,0.6,REVIEW_REQUIRED,AMBIGUOUS_ATTRIBUTE_HOLD,Attribute ambiguity in upstream candidate group; human review required.,,REVIEW_REQUIRED,,,BEARING|CHROME_STEEL|CHROME_STEEL|22208
e67a0bec-40d4-5521-95ac-3b36c7501885,HPCL,HPCL-120032,IND.Submersible Pump SS316 DN 100,CMM-PUMP-257C0D-001,CMM-PUMP-257C0D-001,MAPPED_VERIFIED,DIRECT_ACCEPTED,1.0,VERIFIED_CROSS_CPSE,HUMAN_ACCEPTED_HARMONIZATION,Verified cross-CPSE harmonization mapping supported by Phase 7 human review ACCEPT on candidate CAN-006483 with cryptographic evidence hash ...,CAN-006483,VALIDATED_COMPATIBLE,ACCEPT,,PUMP|STAINLESS_STEEL|SS_316|DN_100|API_610
5080c37b-4b38-5cee-af3a-2543ed605ef4,HPCL,HPCL-120033,OIL SEAL 50 mm Viton,CMM-SEALG-F69B1C-001,CMM-SEALG-F69B1C-001,MAPPED_VERIFIED,DIRECT_ACCEPTED,1.0,VERIFIED_CROSS_CPSE,HUMAN_ACCEPTED_HARMONIZATION,Verified cross-CPSE harmonization mapping supported by Phase 7 human review ACCEPT on candidate CAN-006782 with cryptographic evidence hash ...,CAN-006782,VALIDATED_COMPATIBLE,ACCEPT,,SEAL_GASKET|LUBRICANT|VITON|50_MM|50_MM|ASME_B1620
6fcb58e3-5ade-5b10-97e9-8c0196bdb955,HPCL,HPCL-120034,IND.Thrust Bearing AISI 52100 6304,CMM-BEARNG-67CA99-001,CMM-BEARNG-67CA99-001,REVIEW_REQUIRED,DIRECT_ACCEPTED,0.6,REVIEW_REQUIRED,AMBIGUOUS_ATTRIBUTE_HOLD,Attribute ambiguity in upstream candidate group; human review required.,,REVIEW_REQUIRED,,,BEARING|AISI_52100|6304
36778d08-4359-5928-99de-ba4fcf865ff0,HPCL,HPCL-120035,IND.6 in ELBOW 90 DEG - ASTM A106 Gr B,CMM-PIPEF-F76C77-001,CMM-PIPEF-F76C77-001,MAPPED_VERIFIED,DIRECT_ACCEPTED,1.0,VERIFIED_CROSS_CPSE,HUMAN_ACCEPTED_HARMONIZATION,Verified cross-CPSE harmonization mapping supported by Phase 7 human review ACCEPT on candidate CAN-007205 with cryptographic evidence hash ...,CAN-007205,VALIDATED_COMPATIBLE,ACCEPT,,PIPE_FITTING|ELBOW|ASTM_A106_GRB|6_IN|6_M|25_MM|ASME_B165|GALVANIZED
6b59739f-6f73-58ba-af96-f392bac8dc85,HPCL,HPCL-120036,"Spiral Wound Gasket, NBR, SIZE 50 mm",CMM-SEALG-66D3AC-001,CMM-SEALG-66D3AC-001,MAPPED_VERIFIED,DIRECT_ACCEPTED,1.0,VERIFIED_CROSS_CPSE,HUMAN_ACCEPTED_HARMONIZATION,Verified cross-CPSE harmonization mapping supported by Phase 7 human review ACCEPT on candidate CAN-007655 with cryptographic evidence hash ...,CAN-007655,VALIDATED_COMPATIBLE,ACCEPT,,SEAL_GASKET|SPIRAL_WOUND_GASKET|NBR|50_MM|50_MM|API_682|ZINC_PLATED
c165fb6b-fdc4-5e9d-8827-5e1e564afacd,HPCL,HPCL-120037,"SPARE-SWITCHGEAR PANEL, XLPE Insulated, SIZE 1C x 300 sq mm",CMM-ELECTR-0CDB57-001,CMM-ELECTR-0CDB57-001,MAPPED_VERIFIED,DIRECT_ACCEPTED,1.0,VERIFIED_CROSS_CPSE,HUMAN_ACCEPTED_HARMONIZATION,Verified cross-CPSE harmonization mapping supported by Phase 7 human review ACCEPT on candidate CAN-007863 with cryptographic evidence hash ...,CAN-007863,VALIDATED_COMPATIBLE,ACCEPT,,ELECTRICAL|XLPE|XLPE_INSULATED|1C_X_300_SQ_MM|500_M|IS_7098
5f80f681-5dfc-5973-be73-53cea206b1b8,HPCL,HPCL-120038,"STORES ITEM Induction Motor, Copper, SIZE 415V 100A",CMM-ELECTR-E728FA-001,CMM-ELECTR-E728FA-001,REVIEW_REQUIRED,DIRECT_ACCEPTED,0.6,REVIEW_REQUIRED,AMBIGUOUS_ATTRIBUTE_HOLD,Attribute ambiguity in upstream candidate group; human review required.,,REVIEW_REQUIRED,,,ELECTRICAL|COPPER|415V_100A|100_M|IS_13947
406d881e-63ad-51fa-b2ce-9841a9a11610,HPCL,HPCL-120039,STORES ITEM 6408 Ball Bearing - Chrome Steel,CMM-BEARNG-87EFE4-001,CMM-BEARNG-87EFE4-001,MAPPED_VERIFIED,DIRECT_ACCEPTED,1.0,VERIFIED_CROSS_CPSE,HUMAN_ACCEPTED_HARMONIZATION,Verified cross-CPSE harmonization mapping supported by Phase 7 human review ACCEPT on candidate CAN-008375 with cryptographic evidence hash ...,CAN-008375,VALIDATED_COMPATIBLE,ACCEPT,,BEARING|BALL_BEARING|CHROME_STEEL|CHROME_STEEL|6408
f6775982-ce66-5c67-8cef-7fe27fbfdead,HPCL,HPCL-120040,SPARE-1/2 in NPT RTD SENSOR - SS316,CMM-INSTRU-E82054-001,CMM-INSTRU-E82054-001,REVIEW_REQUIRED,DIRECT_ACCEPTED,0.6,REVIEW_REQUIRED,AMBIGUOUS_ATTRIBUTE_HOLD,Attribute ambiguity in upstream candidate group; human review required.,,REVIEW_REQUIRED,,,INSTRUMENTATION|STAINLESS_STEEL|SS_316|1_2_IN_NPT|IEC_60529
4c5b901e-e8d3-589c-9d1a-87abbd10ac91,HPCL,HPCL-120041,Distribution Transformer 1C x 300 sq mm XLPE Insulated,CMM-ELECTR-8C5683-001,CMM-ELECTR-8C5683-001,REVIEW_REQUIRED,DIRECT_ACCEPTED,0.6,REVIEW_REQUIRED,AMBIGUOUS_ATTRIBUTE_HOLD,Attribute ambiguity in upstream candidate group; human review required.,,REVIEW_REQUIRED,,,ELECTRICAL|XLPE|XLPE_INSULATED|1C_X_300_SQ_MM|IS_13947
9b5652e3-58de-56dd-8721-74c0ca8fc702,HPCL,HPCL-120042,DISTRIBUTION TRANSFORMER 415V 100A Copper,CMM-ELECTR-2DB37C-001,CMM-ELECTR-2DB37C-001,MAPPED_VERIFIED,DIRECT_ACCEPTED,1.0,VERIFIED_CROSS_CPSE,HUMAN_ACCEPTED_HARMONIZATION,Verified cross-CPSE harmonization mapping supported by Phase 7 human review ACCEPT on candidate CAN-009334 with cryptographic evidence hash ...,CAN-009334,VALIDATED_COMPATIBLE,ACCEPT,,ELECTRICAL|COPPER|415V_100A|IEC_60502
1d83c035-978d-56dd-93a0-b6a100543f73,HPCL,HPCL-120043,SPARE-6408 NEEDLE BEARING - Chrome Steel,CMM-BEARNG-FF170C-001,CMM-BEARNG-FF170C-001,REVIEW_REQUIRED,DIRECT_ACCEPTED,0.6,REVIEW_REQUIRED,AMBIGUOUS_ATTRIBUTE_HOLD,Attribute ambiguity in upstream candidate group; human review required.,,REVIEW_REQUIRED,,,BEARING|CHROME_STEEL|CHROME_STEEL|6408
2efdcfef-b0dd-5c6e-a882-9383bb6f6199,HPCL,HPCL-120044,IND.O-Ring Graphite 100 mm,CMM-SEALG-C8045E-001,CMM-SEALG-C8045E-001,MAPPED_VERIFIED,DIRECT_ACCEPTED,1.0,VERIFIED_CROSS_CPSE,HUMAN_ACCEPTED_HARMONIZATION,Verified cross-CPSE harmonization mapping supported by Phase 7 human review ACCEPT on candidate CAN-009512 with cryptographic evidence hash ...,CAN-009512,VALIDATED_COMPATIBLE,ACCEPT,,SEAL_GASKET|GRAPHITE|100_MM|100_MM
6839d6d1-6508-50cb-927d-36e44d392884,HPCL,HPCL-120045,Flange DN 50 Alloy Steel,CMM-PIPEF-7A5764-001,CMM-PIPEF-7A5764-001,MAPPED_VERIFIED,DIRECT_ACCEPTED,1.0,VERIFIED_CROSS_CPSE,HUMAN_ACCEPTED_HARMONIZATION,Verified cross-CPSE harmonization mapping supported by Phase 7 human review ACCEPT on candidate CAN-009723 with cryptographic evidence hash ...,CAN-009723,VALIDATED_COMPATIBLE,ACCEPT,,PIPE_FITTING|FLANGE|ALLOY_STEEL|DN_50|1000_MM|DN_50|ASTM_A106|GALVANIZED
b8888a33-da5a-5fee-b28b-c032ccd0402a,HPCL,HPCL-120046,Centrifugal Pump 3 in x 2 in Duplex Steel,CMM-PUMP-82AEB3-001,CMM-PUMP-82AEB3-001,MAPPED_VERIFIED,DIRECT_ACCEPTED,1.0,VERIFIED_CROSS_CPSE,HUMAN_ACCEPTED_HARMONIZATION,Verified cross-CPSE harmonization mapping supported by Phase 7 human review ACCEPT on candidate CAN-010054 with cryptographic evidence hash ...,CAN-010054,VALIDATED_COMPATIBLE,ACCEPT,,PUMP|CENTRIFUGAL_PUMP|DUPLEX_STEEL|3_IN_X_2_IN|IS_1520
bd58c58a-94e7-5129-8d53-0971f514a759,HPCL,HPCL-120047,IND.Thrust Bearing Chrome Steel 6408,CMM-BEARNG-FF170C-001,CMM-BEARNG-FF170C-001,REVIEW_REQUIRED,DIRECT_ACCEPTED,0.6,REVIEW_REQUIRED,AMBIGUOUS_ATTRIBUTE_HOLD,Attribute ambiguity in upstream candidate group; human review required.,,REVIEW_REQUIRED,,,BEARING|CHROME_STEEL|CHROME_STEEL|6408
cfd80d74-dfb0-5dcb-8e71-e8e4a5de11d3,HPCL,HPCL-120048,SPARE-OIL SEAL 2 in Viton,CMM-SEALG-18752C-001,CMM-SEALG-18752C-001,MAPPED_VERIFIED,DIRECT_ACCEPTED,1.0,VERIFIED_CROSS_CPSE,HUMAN_ACCEPTED_HARMONIZATION,Verified cross-CPSE harmonization mapping supported by Phase 7 human review ACCEPT on candidate CAN-010745 with cryptographic evidence hash ...,CAN-010745,VALIDATED_COMPATIBLE,ACCEPT,,SEAL_GASKET|LUBRICANT|VITON|2_IN|2_IN|ASME_B1620|GALVANIZED
e9ed46a2-535e-504f-abef-913033a50af3,HPCL,HPCL-120049,DN 80 Welded Pipe - IS 2062,CMM-PIPEF-886747-001,CMM-PIPEF-886747-001,MAPPED_VERIFIED,DIRECT_ACCEPTED,1.0,VERIFIED_CROSS_CPSE,HUMAN_ACCEPTED_HARMONIZATION,Verified cross-CPSE harmonization mapping supported by Phase 7 human review ACCEPT on candidate CAN-010983 with cryptographic evidence hash ...,CAN-010983,VALIDATED_COMPATIBLE,ACCEPT,,PIPE_FITTING|PIPE|IS_2062|DN_80|12_M|DN_80|ASME_B169|PTFE_LINED|WELDED
d8ec79e6-133c-58c4-9f0c-559ade882f42,HPCL,HPCL-120050,IND.Reducer SS316L 6 in,CMM-PIPEF-3C5B7C-001,CMM-PIPEF-3C5B7C-001,MAPPED_VERIFIED,DIRECT_ACCEPTED,1.0,VERIFIED_CROSS_CPSE,HUMAN_ACCEPTED_HARMONIZATION,Verified cross-CPSE harmonization mapping supported by Phase 7 human review ACCEPT on candidate CAN-011104 with cryptographic evidence hash ...,CAN-011104,VALIDATED_COMPATIBLE,ACCEPT,,PIPE_FITTING|STAINLESS_STEEL|SS_316L|6_IN|12_M|150_MM|ASME_B169
99c6750f-853a-58ef-8b83-11d173057342,HPCL,HPCL-120051,SPARE-DN 100 FLANGE - Alloy Steel,CMM-PIPEF-49C4F4-001,CMM-PIPEF-49C4F4-001,MAPPED_VERIFIED,DIRECT_ACCEPTED,1.0,VERIFIED_CROSS_CPSE,HUMAN_ACCEPTED_HARMONIZATION,Verified cross-CPSE harmonization mapping supported by Phase 7 human review ACCEPT on candidate CAN-011222 with cryptographic evidence hash ...,CAN-011222,VALIDATED_COMPATIBLE,ACCEPT,,PIPE_FITTING|FLANGE|ALLOY_STEEL|DN_100|12_M|DN_100|IS_1239|ZINC_PLATED
f7e0ae25-cbe6-5acb-8ad9-23774ddf13bc,HPCL,HPCL-120052,4C x 25 sq mm INDUCTION MOTOR - Aluminium,CMM-ELECTR-C2208E-001,CMM-ELECTR-C2208E-001,MAPPED_VERIFIED,DIRECT_ACCEPTED,1.0,VERIFIED_CROSS_CPSE,HUMAN_ACCEPTED_HARMONIZATION,Verified cross-CPSE harmonization mapping supported by Phase 7 human review ACCEPT on candidate CAN-011343 with cryptographic evidence hash ...,CAN-011343,VALIDATED_COMPATIBLE,ACCEPT,,ELECTRICAL|ALUMINIUM|4C_X_25_SQ_MM|500_M|IS_13947
a2a3d2aa-63cd-5b45-ad65-9e05fd9a9cbb,HPCL,HPCL-120053,IND.1/2 in NPT RTD SENSOR - Polycarbonate,CMM-INSTRU-014C39-001,CMM-INSTRU-014C39-001,MAPPED_VERIFIED,DIRECT_ACCEPTED,1.0,VERIFIED_CROSS_CPSE,HUMAN_ACCEPTED_HARMONIZATION,Verified cross-CPSE harmonization mapping supported by Phase 7 human review ACCEPT on candidate CAN-011645 with cryptographic evidence hash ...,CAN-011645,VALIDATED_COMPATIBLE,ACCEPT,,INSTRUMENTATION|POLYCARBONATE|1_2_IN_NPT|ASME_B40100
7ccc66a6-89fb-5235-8a26-a4e9a036003d,HPCL,HPCL-120054,IND.BUTTERFLY VALVE 2 in LCB,CMM-VALVE-68C9CD-001,CMM-VALVE-68C9CD-001,MAPPED_VERIFIED,DIRECT_ACCEPTED,1.0,VERIFIED_CROSS_CPSE,HUMAN_ACCEPTED_HARMONIZATION,Verified cross-CPSE harmonization mapping supported by Phase 7 human review ACCEPT on candidate CAN-011942 with cryptographic evidence hash ...,CAN-011942,VALIDATED_COMPATIBLE,ACCEPT,,VALVE|BUTTERFLY_VALVE|LCB|2_IN|2_IN|ASME_B1634|PTFE_LINED
24618a16-0f58-5916-90fb-a71c768a6344,HPCL,HPCL-120055,Distribution Transformer 4C x 25 sq mm Aluminium,CMM-ELECTR-47E8A6-001,CMM-ELECTR-47E8A6-001,MAPPED_VERIFIED,DIRECT_ACCEPTED,1.0,VERIFIED_CROSS_CPSE,HUMAN_ACCEPTED_HARMONIZATION,Verified cross-CPSE harmonization mapping supported by Phase 7 human review ACCEPT on candidate CAN-012063 with cryptographic evidence hash ...,CAN-012063,VALIDATED_COMPATIBLE,ACCEPT,,ELECTRICAL|ALUMINIUM|4C_X_25_SQ_MM|100_M|IS_2026
1f0ac5ba-f5de-5e95-87db-204b7c4ff1c8,HPCL,HPCL-120056,50 mm Rubber Gasket - NBR,CMM-SEALG-C5D451-001,CMM-SEALG-C5D451-001,MAPPED_VERIFIED,DIRECT_ACCEPTED,1.0,VERIFIED_CROSS_CPSE,HUMAN_ACCEPTED_HARMONIZATION,Verified cross-CPSE harmonization mapping supported by Phase 7 human review ACCEPT on candidate CAN-012185 with cryptographic evidence hash ...,CAN-012185,VALIDATED_COMPATIBLE,ACCEPT,,SEAL_GASKET|NBR|50_MM|PTFE_LINED
0b940fa6-492c-5243-82ea-d1926402aa4d,HPCL,HPCL-120057,STORES ITEM PRESSURE GAUGE Brass 4-20 mA,CMM-INSTRU-FECC9D-001,CMM-INSTRU-FECC9D-001,REVIEW_REQUIRED,DIRECT_ACCEPTED,0.6,REVIEW_REQUIRED,AMBIGUOUS_ATTRIBUTE_HOLD,Attribute ambiguity in upstream candidate group; human review required.,,REVIEW_REQUIRED,,,INSTRUMENTATION|PRESSURE_GAUGE|BRASS|4_20_MA|ASME_B40100
a6236c58-d4ca-52eb-b270-ae12119f3f6c,HPCL,HPCL-120058,STORES ITEM REDUCER 2 in Alloy Steel,CMM-PIPEF-EB17F7-001,CMM-PIPEF-EB17F7-001,MAPPED_VERIFIED,DIRECT_ACCEPTED,1.0,VERIFIED_CROSS_CPSE,HUMAN_ACCEPTED_HARMONIZATION,Verified cross-CPSE harmonization mapping supported by Phase 7 human review ACCEPT on candidate CAN-013534 with cryptographic evidence hash ...,CAN-013534,VALIDATED_COMPATIBLE,ACCEPT,,PIPE_FITTING|ALLOY_STEEL|2_IN|1000_MM|2_IN|ASME_B165
7867a200-f929-51fd-aba2-1c6f1abc2b73,HPCL,HPCL-120059,Ball Bearing Chrome Steel 22208,CMM-BEARNG-947C4D-001,CMM-BEARNG-947C4D-001,MAPPED_VERIFIED,DIRECT_ACCEPTED,1.0,VERIFIED_CROSS_CPSE,HUMAN_ACCEPTED_HARMONIZATION,Verified cross-CPSE harmonization mapping supported by Phase 7 human review ACCEPT on candidate CAN-013744 with cryptographic evidence hash ...,CAN-013744,VALIDATED_COMPATIBLE,ACCEPT,,BEARING|BALL_BEARING|CHROME_STEEL|CHROME_STEEL|22208
1e8d9914-f89d-553a-95d4-68022af36674,HPCL,HPCL-120060,SPARE-100 mm Rubber Gasket - NBR,CMM-SEALG-F519D1-001,CMM-SEALG-F519D1-001,MAPPED_VERIFIED,DIRECT_ACCEPTED,1.0,VERIFIED_CROSS_CPSE,HUMAN_ACCEPTED_HARMONIZATION,Verified cross-CPSE harmonization mapping supported by Phase 7 human review ACCEPT on candidate CAN-013832 with cryptographic evidence hash ...,CAN-013832,VALIDATED_COMPATIBLE,ACCEPT,,SEAL_GASKET|NBR|100_MM|ASME_B1620|RUBBER
c45b2de6-ad26-54e4-9a86-291d2141e07d,HPCL,HPCL-120061,Needle Bearing Chrome Steel 6408,CMM-BEARNG-FF170C-001,CMM-BEARNG-FF170C-001,REVIEW_REQUIRED,DIRECT_ACCEPTED,0.6,REVIEW_REQUIRED,AMBIGUOUS_ATTRIBUTE_HOLD,Attribute ambiguity in upstream candidate group; human review required.,,REVIEW_REQUIRED,,,BEARING|CHROME_STEEL|CHROME_STEEL|6408
096ccf03-92b1-5672-b533-6e6589206076,HPCL,HPCL-120062,STORES ITEM Reciprocating Pump Duplex Steel DN 100,CMM-PUMP-8BAE9F-001,CMM-PUMP-8BAE9F-001,MAPPED_VERIFIED,DIRECT_ACCEPTED,1.0,VERIFIED_CROSS_CPSE,HUMAN_ACCEPTED_HARMONIZATION,Verified cross-CPSE harmonization mapping supported by Phase 7 human review ACCEPT on candidate CAN-014135 with cryptographic evidence hash ...,CAN-014135,VALIDATED_COMPATIBLE,ACCEPT,,PUMP|DUPLEX_STEEL|DN_100|IS_1520
62711076-57c3-505e-920d-3b31aad76b3f,HPCL,HPCL-120063,STORES ITEM M10 x 40 SOCKET HEAD SCREW - Grade B7,CMM-FASTNR-A82C5B-001,CMM-FASTNR-A82C5B-001,REVIEW_REQUIRED,DIRECT_ACCEPTED,0.6,REVIEW_REQUIRED,AMBIGUOUS_ATTRIBUTE_HOLD,Attribute ambiguity in upstream candidate group; human review required.,,REVIEW_REQUIRED,,,FASTENER|GRADE_B7|M10_X_40|40_MM|IS_1367
36db70c4-84f6-542a-afe5-774748e215e4,HPCL,HPCL-120064,"Temperature Transmitter, Brass, SIZE 0-100 bar",CMM-INSTRU-027BD0-001,CMM-INSTRU-027BD0-001,REVIEW_REQUIRED,DIRECT_ACCEPTED,0.6,REVIEW_REQUIRED,AMBIGUOUS_ATTRIBUTE_HOLD,Attribute ambiguity in upstream candidate group; human review required.,,REVIEW_REQUIRED,,,INSTRUMENTATION|BRASS|0_100_BAR|ASME_B40100
ce149697-8494-5392-be39-8d4508d58c26,HPCL,HPCL-120065,"Oil Seal, NBR, SIZE 2 in",CMM-SEALG-C69426-001,CMM-SEALG-C69426-001,MAPPED_VERIFIED,DIRECT_ACCEPTED,1.0,VERIFIED_CROSS_CPSE,HUMAN_ACCEPTED_HARMONIZATION,Verified cross-CPSE harmonization mapping supported by Phase 7 human review ACCEPT on candidate CAN-014852 with cryptographic evidence hash ...,CAN-014852,VALIDATED_COMPATIBLE,ACCEPT,,SEAL_GASKET|LUBRICANT|NBR|2_IN|API_682
e4c3bf09-3ea7-521c-a106-8fbc068c844e,HPCL,HPCL-120066,"IND.Centrifugal Pump, Carbon Steel, SIZE DN 100",CMM-PUMP-ED0D84-001,CMM-PUMP-ED0D84-001,MAPPED_VERIFIED,DIRECT_ACCEPTED,1.0,VERIFIED_CROSS_CPSE,HUMAN_ACCEPTED_HARMONIZATION,Verified cross-CPSE harmonization mapping supported by Phase 7 human review ACCEPT on candidate CAN-015034 with cryptographic evidence hash ...,CAN-015034,VALIDATED_COMPATIBLE,ACCEPT,,PUMP|CENTRIFUGAL_PUMP|CARBON_STEEL|CARBON_STEEL|DN_100|API_610
c5232162-b6be-5a3d-b198-cdf804198456,HPCL,HPCL-120067,OIL SEAL 2 in Viton,CMM-SEALG-B639C0-001,CMM-SEALG-B639C0-001,MAPPED_VERIFIED,DIRECT_ACCEPTED,1.0,VERIFIED_CROSS_CPSE,HUMAN_ACCEPTED_HARMONIZATION,Verified cross-CPSE harmonization mapping supported by Phase 7 human review ACCEPT on candidate CAN-015393 with cryptographic evidence hash ...,CAN-015393,VALIDATED_COMPATIBLE,ACCEPT,,SEAL_GASKET|LUBRICANT|VITON|2_IN|2_IN|ASME_B1620|ZINC_PLATED
a73f27e5-a3ea-50ee-af8b-a2610b345312,HPCL,HPCL-120068,"GLOBE VALVE, SS316, SIZE 4 in",CMM-VALVE-4B0806-001,CMM-VALVE-4B0806-001,MAPPED_VERIFIED,DIRECT_ACCEPTED,1.0,VERIFIED_CROSS_CPSE,HUMAN_ACCEPTED_HARMONIZATION,Verified cross-CPSE harmonization mapping supported by Phase 7 human review ACCEPT on candidate CAN-015544 with cryptographic evidence hash ...,CAN-015544,VALIDATED_COMPATIBLE,ACCEPT,,VALVE|GLOBE_VALVE|STAINLESS_STEEL|SS_316|4_IN|ASME_B1634|EPOXY_COATED
7de3aed9-be6d-51d1-96c5-85d7bb8a96ce,HPCL,HPCL-120069,STORES ITEM DN 150 Seamless Pipe - Carbon Steel,CMM-PIPEF-888E21-001,CMM-PIPEF-888E21-001,MAPPED_VERIFIED,DIRECT_ACCEPTED,1.0,VERIFIED_CROSS_CPSE,HUMAN_ACCEPTED_HARMONIZATION,Verified cross-CPSE harmonization mapping supported by Phase 7 human review ACCEPT on candidate CAN-015782 with cryptographic evidence hash ...,CAN-015782,VALIDATED_COMPATIBLE,ACCEPT,,PIPE_FITTING|PIPE|CARBON_STEEL|CARBON_STEEL|DN_150|3_M|80_MM|ASTM_A106|PTFE_LINED|SEAMLESS
e7a7566d-08ae-5388-ae31-31307292d75d,HPCL,HPCL-120070,Distribution Transformer XLPE Insulated 3C x 95 sq mm,CMM-ELECTR-45EFBF-001,CMM-ELECTR-45EFBF-001,MAPPED_VERIFIED,DIRECT_ACCEPTED,1.0,VERIFIED_CROSS_CPSE,HUMAN_ACCEPTED_HARMONIZATION,Verified cross-CPSE harmonization mapping supported by Phase 7 human review ACCEPT on candidate CAN-015935 with cryptographic evidence hash ...,CAN-015935,VALIDATED_COMPATIBLE,ACCEPT,,ELECTRICAL|XLPE|XLPE_INSULATED|3C_X_95_SQ_MM|500_M|IS_2026
6fbc8bed-6384-568c-a6f6-435f104cb19a,HPCL,HPCL-120071,Mechanical Seal NBR 2 in,CMM-SEALG-E00177-001,CMM-SEALG-E00177-001,REVIEW_REQUIRED,DIRECT_ACCEPTED,0.6,REVIEW_REQUIRED,AMBIGUOUS_ATTRIBUTE_HOLD,Attribute ambiguity in upstream candidate group; human review required.,,REVIEW_REQUIRED,,,SEAL_GASKET|NBR|2_IN|API_682
90be596a-7479-5391-ac68-1071842c7c9e,HPCL,HPCL-120072,RUBBER GASKET NBR 100 mm,CMM-SEALG-E0C6E5-001,CMM-SEALG-E0C6E5-001,MAPPED_VERIFIED,DIRECT_ACCEPTED,1.0,VERIFIED_CROSS_CPSE,HUMAN_ACCEPTED_HARMONIZATION,Verified cross-CPSE harmonization mapping supported by Phase 7 human review ACCEPT on candidate CAN-016712 with cryptographic evidence hash ...,CAN-016712,VALIDATED_COMPATIBLE,ACCEPT,,SEAL_GASKET|NBR|100_MM|100_MM|ASME_B1620|EPOXY_COATED
37847e8a-181f-5d2e-9003-e3d57053ea05,HPCL,HPCL-120073,"FLOW METER, SS316, SIZE 0-500 Deg C",CMM-INSTRU-21D516-001,CMM-INSTRU-21D516-001,MAPPED_VERIFIED,DIRECT_ACCEPTED,1.0,VERIFIED_CROSS_CPSE,HUMAN_ACCEPTED_HARMONIZATION,Verified cross-CPSE harmonization mapping supported by Phase 7 human review ACCEPT on candidate CAN-016773 with cryptographic evidence hash ...,CAN-016773,VALIDATED_COMPATIBLE,ACCEPT,,INSTRUMENTATION|STAINLESS_STEEL|SS_316|0_500_DEG_C|ASME_B40100
03b2d153-11d6-5094-b38f-25b3b3e00510,HPCL,HPCL-120074,O-RING Graphite 50 mm,CMM-SEALG-80EA46-001,CMM-SEALG-80EA46-001,MAPPED_VERIFIED,DIRECT_ACCEPTED,1.0,VERIFIED_CROSS_CPSE,HUMAN_ACCEPTED_HARMONIZATION,Verified cross-CPSE harmonization mapping supported by Phase 7 human review ACCEPT on candidate CAN-016924 with cryptographic evidence hash ...,CAN-016924,VALIDATED_COMPATIBLE,ACCEPT,,SEAL_GASKET|GRAPHITE|50_MM|50_MM|PTFE_LINED
6452cc3f-8d73-5ce1-a5cb-55a8ef2c1cd9,HPCL,HPCL-120075,"SMLS PIPE, SS316L, SIZE DN 80",CMM-PIPEF-42698F-001,CMM-PIPEF-42698F-001,MAPPED_VERIFIED,DIRECT_ACCEPTED,1.0,VERIFIED_CROSS_CPSE,HUMAN_ACCEPTED_HARMONIZATION,Verified cross-CPSE harmonization mapping supported by Phase 7 human review ACCEPT on candidate CAN-017162 with cryptographic evidence hash ...,CAN-017162,VALIDATED_COMPATIBLE,ACCEPT,,PIPE_FITTING|PIPE|STAINLESS_STEEL|SS_316L|DN_80|3_M|200_MM|IS_1239|EPOXY_COATED
a6f942ff-a268-5438-8e46-1353f314acfe,HPCL,HPCL-120076,Hex Nut M20 x 80 Carbon Steel,CMM-FASTNR-7426EC-001,CMM-FASTNR-7426EC-001,MAPPED_VERIFIED,DIRECT_ACCEPTED,1.0,VERIFIED_CROSS_CPSE,HUMAN_ACCEPTED_HARMONIZATION,Verified cross-CPSE harmonization mapping supported by Phase 7 human review ACCEPT on candidate CAN-017315 with cryptographic evidence hash ...,CAN-017315,VALIDATED_COMPATIBLE,ACCEPT,,FASTENER|NUT|HEX|CARBON_STEEL|CARBON_STEEL|M20_X_80|80_MM
5e250dc0-a423-5e2e-8aa2-ababade5c06c,HPCL,HPCL-120077,SPARE-Switchgear Panel Copper 3C x 95 sq mm,CMM-ELECTR-65A8AE-001,CMM-ELECTR-65A8AE-001,MAPPED_VERIFIED,DIRECT_ACCEPTED,1.0,VERIFIED_CROSS_CPSE,HUMAN_ACCEPTED_HARMONIZATION,Verified cross-CPSE harmonization mapping supported by Phase 7 human review ACCEPT on candidate CAN-017464 with cryptographic evidence hash ...,CAN-017464,VALIDATED_COMPATIBLE,ACCEPT,,ELECTRICAL|COPPER|3C_X_95_SQ_MM|IS_2026
37495b64-2159-5d10-bf52-d178bf691adb,HPCL,HPCL-120078,IND.415V 100A Induction Motor - Aluminium,CMM-ELECTR-42D24C-001,CMM-ELECTR-42D24C-001,REVIEW_REQUIRED,DIRECT_ACCEPTED,0.6,REVIEW_REQUIRED,AMBIGUOUS_ATTRIBUTE_HOLD,Attribute ambiguity in upstream candidate group; human review required.,,REVIEW_REQUIRED,,,ELECTRICAL|ALUMINIUM|415V_100A|500_M|IEC_60502
9c548655-46b0-5345-a843-af800c05bef0,HPCL,HPCL-120079,STORES ITEM CENT. PUMP DN 80 Carbon Steel,CMM-PUMP-9080C7-001,CMM-PUMP-9080C7-001,MAPPED_VERIFIED,DIRECT_ACCEPTED,1.0,VERIFIED_CROSS_CPSE,HUMAN_ACCEPTED_HARMONIZATION,Verified cross-CPSE harmonization mapping supported by Phase 7 human review ACCEPT on candidate CAN-018062 with cryptographic evidence hash ...,CAN-018062,VALIDATED_COMPATIBLE,ACCEPT,,PUMP|CENTRIFUGAL_PUMP|CARBON_STEEL|CARBON_STEEL|DN_80|API_610
15de704c-e2d1-512f-aade-7fb2c76c1102,HPCL,HPCL-120080,SPARE-Spiral Wound Gasket Viton 50 mm,CMM-SEALG-AB281C-001,CMM-SEALG-AB281C-001,MAPPED_VERIFIED,DIRECT_ACCEPTED,1.0,VERIFIED_CROSS_CPSE,HUMAN_ACCEPTED_HARMONIZATION,Verified cross-CPSE harmonization mapping supported by Phase 7 human review ACCEPT on candidate CAN-018275 with cryptographic evidence hash ...,CAN-018275,VALIDATED_COMPATIBLE,ACCEPT,,SEAL_GASKET|SPIRAL_WOUND_GASKET|VITON|50_MM|50_MM
b0273585-cbef-56f0-9682-fa8b1333c4e2,HPCL,HPCL-120081,Circuit Breaker 415V 100A XLPE Insulated,CMM-ELECTR-9FEFD2-001,CMM-ELECTR-9FEFD2-001,MAPPED_VERIFIED,DIRECT_ACCEPTED,1.0,VERIFIED_CROSS_CPSE,HUMAN_ACCEPTED_HARMONIZATION,Verified cross-CPSE harmonization mapping supported by Phase 7 human review ACCEPT on candidate CAN-018455 with cryptographic evidence hash ...,CAN-018455,VALIDATED_COMPATIBLE,ACCEPT,,ELECTRICAL|XLPE|XLPE_INSULATED|415V_100A|500_M|IEC_60502
6701f7fc-f5c9-53da-a8c8-0c8f7a5b7b42,HPCL,HPCL-120082,STORES ITEM XLPE Cable Copper 3C x 95 sq mm,CMM-ELECTR-266707-001,CMM-ELECTR-266707-001,MAPPED_VERIFIED,DIRECT_ACCEPTED,1.0,VERIFIED_CROSS_CPSE,HUMAN_ACCEPTED_HARMONIZATION,Verified cross-CPSE harmonization mapping supported by Phase 7 human review ACCEPT on candidate CAN-018814 with cryptographic evidence hash ...,CAN-018814,VALIDATED_COMPATIBLE,ACCEPT,,ELECTRICAL|CABLE|XLPE|COPPER|3C_X_95_SQ_MM|1000_M|IS_2026
669661ca-3fe9-562f-a9c3-470364a0e0dc,HPCL,HPCL-120083,SPARE-FLAT WASHER M24 x 100 SS304,CMM-FASTNR-C18604-001,CMM-FASTNR-C18604-001,MAPPED_VERIFIED,DIRECT_ACCEPTED,1.0,VERIFIED_CROSS_CPSE,HUMAN_ACCEPTED_HARMONIZATION,Verified cross-CPSE harmonization mapping supported by Phase 7 human review ACCEPT on candidate CAN-019292 with cryptographic evidence hash ...,CAN-019292,VALIDATED_COMPATIBLE,ACCEPT,,FASTENER|WASHER|STAINLESS_STEEL|SS_304|M24_X_100|100_MM|ASME_B182
b7c25fa3-9a35-53f0-b0ba-b31bd0b4eb4c,HPCL,HPCL-120084,SPARE-Temperature Transmitter SS316 0-100 bar,CMM-INSTRU-2B591E-001,CMM-INSTRU-2B591E-001,REVIEW_REQUIRED,DIRECT_ACCEPTED,0.6,REVIEW_REQUIRED,AMBIGUOUS_ATTRIBUTE_HOLD,Attribute ambiguity in upstream candidate group; human review required.,,REVIEW_REQUIRED,,,INSTRUMENTATION|STAINLESS_STEEL|SS_316|0_100_BAR
afecfd1f-d1b3-57ae-8efb-06986f75c647,HPCL,HPCL-120085,STORES ITEM Butterfly Valve WCB 4 in,CMM-VALVE-0728B9-001,CMM-VALVE-0728B9-001,MAPPED_VERIFIED,DIRECT_ACCEPTED,1.0,VERIFIED_CROSS_CPSE,HUMAN_ACCEPTED_HARMONIZATION,Verified cross-CPSE harmonization mapping supported by Phase 7 human review ACCEPT on candidate CAN-019714 with cryptographic evidence hash ...,CAN-019714,VALIDATED_COMPATIBLE,ACCEPT,,VALVE|BUTTERFLY_VALVE|ASTM_A216_WCB|4_IN|API_600|ZINC_PLATED
c4db57e5-6956-5ec1-b575-7fc97be29579,HPCL,HPCL-120086,"SPARE-Temperature Transmitter, SS316, SIZE 0-100 bar",CMM-INSTRU-2B591E-001,CMM-INSTRU-2B591E-001,REVIEW_REQUIRED,DIRECT_ACCEPTED,0.6,REVIEW_REQUIRED,AMBIGUOUS_ATTRIBUTE_HOLD,Attribute ambiguity in upstream candidate group; human review required.,,REVIEW_REQUIRED,,,INSTRUMENTATION|STAINLESS_STEEL|SS_316|0_100_BAR
012d767b-444d-56fc-b73e-30b86366f82a,HPCL,HPCL-120087,SPARE-CIRCUIT BREAKER XLPE Insulated 3C x 95 sq mm,CMM-ELECTR-609134-001,CMM-ELECTR-609134-001,MAPPED_VERIFIED,DIRECT_ACCEPTED,1.0,VERIFIED_CROSS_CPSE,HUMAN_ACCEPTED_HARMONIZATION,Verified cross-CPSE harmonization mapping supported by Phase 7 human review ACCEPT on candidate CAN-019985 with cryptographic evidence hash ...,CAN-019985,VALIDATED_COMPATIBLE,ACCEPT,,ELECTRICAL|XLPE|XLPE_INSULATED|3C_X_95_SQ_MM|100_M|IS_2026
4df9b19a-81e5-55c7-ae6a-23292a001652,HPCL,HPCL-120088,IND.BV DN 150 ASTM A351 CF8M,CMM-VALVE-6D7FC6-001,CMM-VALVE-6D7FC6-001,MAPPED_VERIFIED,DIRECT_ACCEPTED,1.0,VERIFIED_CROSS_CPSE,HUMAN_ACCEPTED_HARMONIZATION,Verified cross-CPSE harmonization mapping supported by Phase 7 human review ACCEPT on candidate CAN-020075 with cryptographic evidence hash ...,CAN-020075,VALIDATED_COMPATIBLE,ACCEPT,,VALVE|BALL_VALVE|ASTM_A351_CF8M|DN_150|API_602|EPOXY_COATED
f2e204d9-aba3-5d3e-95a7-c65bc2d7b4e9,HPCL,HPCL-120089,IND.Vertical Turbine Pump 3 in x 2 in Carbon Steel,CMM-PUMP-9ED4F4-001,CMM-PUMP-9ED4F4-001,MAPPED_VERIFIED,DIRECT_ACCEPTED,1.0,VERIFIED_CROSS_CPSE,HUMAN_ACCEPTED_HARMONIZATION,Verified cross-CPSE harmonization mapping supported by Phase 7 human review ACCEPT on candidate CAN-020285 with cryptographic evidence hash ...,CAN-020285,VALIDATED_COMPATIBLE,ACCEPT,,PUMP|CARBON_STEEL|CARBON_STEEL|3_IN_X_2_IN|3_IN_X_2_IN|IS_1520|PTFE_LINED|VERTICAL
0c4b051d-e637-527f-8404-f1910587b278,HPCL,HPCL-120090,LEVEL TRANSMITTER SS316 4-20 mA,CMM-INSTRU-7A3205-001,CMM-INSTRU-7A3205-001,REVIEW_REQUIRED,DIRECT_ACCEPTED,0.6,REVIEW_REQUIRED,AMBIGUOUS_ATTRIBUTE_HOLD,Attribute ambiguity in upstream candidate group; human review required.,,REVIEW_REQUIRED,,,INSTRUMENTATION|STAINLESS_STEEL|SS_316|4_20_MA|IEC_60529
fa42c052-a926-54dc-9de1-4d8bfb32f4a5,HPCL,HPCL-120091,Level Transmitter 4-20 mA Brass,CMM-INSTRU-F3707C-001,CMM-INSTRU-F3707C-001,REVIEW_REQUIRED,DIRECT_ACCEPTED,0.6,REVIEW_REQUIRED,AMBIGUOUS_ATTRIBUTE_HOLD,Attribute ambiguity in upstream candidate group; human review required.,,REVIEW_REQUIRED,,,INSTRUMENTATION|BRASS|4_20_MA|IEC_60529
164606ec-80a4-5c43-805f-52a4f1177ac1,HPCL,HPCL-120092,IND.Induction Motor 4C x 25 sq mm Aluminium,CMM-ELECTR-1643F5-001,CMM-ELECTR-1643F5-001,REVIEW_REQUIRED,DIRECT_ACCEPTED,0.6,REVIEW_REQUIRED,AMBIGUOUS_ATTRIBUTE_HOLD,Attribute ambiguity in upstream candidate group; human review required.,,REVIEW_REQUIRED,,,ELECTRICAL|ALUMINIUM|4C_X_25_SQ_MM|1000_M|IEC_60502
b5c77afa-6c88-5a1d-9041-b3b9a18df35b,HPCL,HPCL-120093,STORES ITEM 6304 THRUST BEARING - AISI 52100,CMM-BEARNG-67CA99-001,CMM-BEARNG-67CA99-001,REVIEW_REQUIRED,DIRECT_ACCEPTED,0.6,REVIEW_REQUIRED,AMBIGUOUS_ATTRIBUTE_HOLD,Attribute ambiguity in upstream candidate group; human review required.,,REVIEW_REQUIRED,,,BEARING|AISI_52100|6304
fe59bb09-4a26-5f5f-8d7a-e62774a90bbd,HPCL,HPCL-120094,Hex Bolt M20 x 80 Grade B7,CMM-FASTNR-0B0423-001,CMM-FASTNR-0B0423-001,MAPPED_VERIFIED,DIRECT_ACCEPTED,1.0,VERIFIED_CROSS_CPSE,HUMAN_ACCEPTED_HARMONIZATION,Verified cross-CPSE harmonization mapping supported by Phase 7 human review ACCEPT on candidate CAN-021902 with cryptographic evidence hash ...,CAN-021902,VALIDATED_COMPATIBLE,ACCEPT,,FASTENER|BOLT|HEX|GRADE_B7|M20_X_80|80_MM|ASME_B182
dbe53fea-5f25-56a9-b3a6-0e2f0a24be69,HPCL,HPCL-120095,DN 100 Centrifugal Pump - Carbon Steel,CMM-PUMP-BA45D5-001,CMM-PUMP-BA45D5-001,MAPPED_VERIFIED,DIRECT_ACCEPTED,1.0,VERIFIED_CROSS_CPSE,HUMAN_ACCEPTED_HARMONIZATION,Verified cross-CPSE harmonization mapping supported by Phase 7 human review ACCEPT on candidate CAN-022085 with cryptographic evidence hash ...,CAN-022085,VALIDATED_COMPATIBLE,ACCEPT,,PUMP|CENTRIFUGAL_PUMP|CARBON_STEEL|CARBON_STEEL|DN_100|IS_1520|ZINC_PLATED
0ed0a9a9-0ee6-5061-a47c-1c40215c9ae8,HPCL,HPCL-120096,DN 80 VERTICAL TURBINE PUMP - Duplex Steel,CMM-PUMP-13DAB4-001,CMM-PUMP-13DAB4-001,MAPPED_VERIFIED,DIRECT_ACCEPTED,1.0,VERIFIED_CROSS_CPSE,HUMAN_ACCEPTED_HARMONIZATION,Verified cross-CPSE harmonization mapping supported by Phase 7 human review ACCEPT on candidate CAN-022264 with cryptographic evidence hash ...,CAN-022264,VALIDATED_COMPATIBLE,ACCEPT,,PUMP|DUPLEX_STEEL|DN_80|ISO_2858|VERTICAL
9cf47876-5b28-56fd-a888-6f875a67ae5f,HPCL,HPCL-120097,"REDUCER, IS 2062, SIZE DN 80",CMM-PIPEF-D67C66-001,CMM-PIPEF-D67C66-001,MAPPED_VERIFIED,DIRECT_ACCEPTED,1.0,VERIFIED_CROSS_CPSE,HUMAN_ACCEPTED_HARMONIZATION,Verified cross-CPSE harmonization mapping supported by Phase 7 human review ACCEPT on candidate CAN-022475 with cryptographic evidence hash ...,CAN-022475,VALIDATED_COMPATIBLE,ACCEPT,,PIPE_FITTING|IS_2062|DN_80|6_M|100_MM|ASTM_A106|PTFE_LINED
5f13b717-56a3-5a87-9f99-3694e20adb4b,HPCL,HPCL-120098,SPARE-415V 100A XLPE CABLE - Aluminium,CMM-ELECTR-8EAEA9-001,CMM-ELECTR-8EAEA9-001,MAPPED_VERIFIED,DIRECT_ACCEPTED,1.0,VERIFIED_CROSS_CPSE,HUMAN_ACCEPTED_HARMONIZATION,Verified cross-CPSE harmonization mapping supported by Phase 7 human review ACCEPT on candidate CAN-022532 with cryptographic evidence hash ...,CAN-022532,VALIDATED_COMPATIBLE,ACCEPT,,ELECTRICAL|CABLE|XLPE|ALUMINIUM|415V_100A|500_M|IS_2026
e2b2bfd3-3b72-5a80-b6bd-582cd696c412,HPCL,HPCL-120099,"Ball Valve, SS304, SIZE 6 in",CMM-VALVE-1D70F9-001,CMM-VALVE-1D70F9-001,MAPPED_VERIFIED,DIRECT_ACCEPTED,1.0,VERIFIED_CROSS_CPSE,HUMAN_ACCEPTED_HARMONIZATION,Verified cross-CPSE harmonization mapping supported by Phase 7 human review ACCEPT on candidate CAN-022713 with cryptographic evidence hash ...,CAN-022713,VALIDATED_COMPATIBLE,ACCEPT,,VALVE|BALL_VALVE|STAINLESS_STEEL|SS_304|6_IN|6_IN|API_602
78dd297c-ac17-5141-afb4-d870472c4140,HPCL,HPCL-120100,SPARE-M10 x 40 HEX NUT - Grade 10.9,CMM-FASTNR-39EA95-001,CMM-FASTNR-39EA95-001,MAPPED_VERIFIED,DIRECT_ACCEPTED,1.0,VERIFIED_CROSS_CPSE,HUMAN_ACCEPTED_HARMONIZATION,Verified cross-CPSE harmonization mapping supported by Phase 7 human review ACCEPT on candidate CAN-022863 with cryptographic evidence hash ...,CAN-022863,VALIDATED_COMPATIBLE,ACCEPT,,FASTENER|NUT|HEX|GRADE_109|M10_X_40|40_MM|ZINC_PLATED
2f44337b-cba1-589e-98d4-c456b2e9b179,HPCL,HPCL-120101,"Control Valve, ASTM A351 CF8M, SIZE DN 50",CMM-VALVE-0BF561-001,CMM-VALVE-0BF561-001,MAPPED_VERIFIED,DIRECT_ACCEPTED,1.0,VERIFIED_CROSS_CPSE,HUMAN_ACCEPTED_HARMONIZATION,Verified cross-CPSE harmonization mapping supported by Phase 7 human review ACCEPT on candidate CAN-022984 with cryptographic evidence hash ...,CAN-022984,VALIDATED_COMPATIBLE,ACCEPT,,VALVE|ASTM_A351_CF8M|DN_50|DN_50|ASTM_A351
0d5349b6-2861-51f7-b7ce-5b2791288207,HPCL,HPCL-120102,6304 NEEDLE BEARING - Chrome Steel,CMM-BEARNG-A74B84-001,CMM-BEARNG-A74B84-001,REVIEW_REQUIRED,DIRECT_ACCEPTED,0.6,REVIEW_REQUIRED,AMBIGUOUS_ATTRIBUTE_HOLD,Attribute ambiguity in upstream candidate group; human review required.,,REVIEW_REQUIRED,,,BEARING|CHROME_STEEL|CHROME_STEEL|6304|ISO_15
24d6e144-47ee-58f2-95a3-63784c00427a,HPCL,HPCL-120103,"IND.Anchor Bolt, SS304, SIZE M20 x 80",CMM-FASTNR-79903B-001,CMM-FASTNR-79903B-001,MAPPED_VERIFIED,DIRECT_ACCEPTED,1.0,VERIFIED_CROSS_CPSE,HUMAN_ACCEPTED_HARMONIZATION,Verified cross-CPSE harmonization mapping supported by Phase 7 human review ACCEPT on candidate CAN-023703 with cryptographic evidence hash ...,CAN-023703,VALIDATED_COMPATIBLE,ACCEPT,,FASTENER|BOLT|STAINLESS_STEEL|SS_304|M20_X_80|80_MM
e138e182-f94b-53a5-9c21-46657c1e9bcb,HPCL,HPCL-120104,"Needle Bearing, Chrome Steel, SIZE 6208",CMM-BEARNG-17B18A-001,CMM-BEARNG-17B18A-001,MAPPED_VERIFIED,DIRECT_ACCEPTED,1.0,VERIFIED_CROSS_CPSE,HUMAN_ACCEPTED_HARMONIZATION,Verified cross-CPSE harmonization mapping supported by Phase 7 human review ACCEPT on candidate CAN-023794 with cryptographic evidence hash ...,CAN-023794,VALIDATED_COMPATIBLE,ACCEPT,,BEARING|CHROME_STEEL|CHROME_STEEL|6208
6f97f9d0-16bd-5b64-b924-46c0ce902ad1,HPCL,HPCL-120105,Induction Motor Aluminium 3C x 95 sq mm,CMM-ELECTR-9C93DB-001,CMM-ELECTR-9C93DB-001,MAPPED_VERIFIED,DIRECT_ACCEPTED,1.0,VERIFIED_CROSS_CPSE,HUMAN_ACCEPTED_HARMONIZATION,Verified cross-CPSE harmonization mapping supported by Phase 7 human review ACCEPT on candidate CAN-024004 with cryptographic evidence hash ...,CAN-024004,VALIDATED_COMPATIBLE,ACCEPT,,ELECTRICAL|ALUMINIUM|3C_X_95_SQ_MM|100_M|IEC_60502
c83830d8-7212-53fe-ae36-b822c1ba90d3,HPCL,HPCL-120106,ANCHOR BOLT Carbon Steel M24 x 100,CMM-FASTNR-42CB56-001,CMM-FASTNR-42CB56-001,MAPPED_VERIFIED,DIRECT_ACCEPTED,1.0,VERIFIED_CROSS_CPSE,HUMAN_ACCEPTED_HARMONIZATION,Verified cross-CPSE harmonization mapping supported by Phase 7 human review ACCEPT on candidate CAN-024095 with cryptographic evidence hash ...,CAN-024095,VALIDATED_COMPATIBLE,ACCEPT,,FASTENER|BOLT|CARBON_STEEL|CARBON_STEEL|M24_X_100|100_MM
dcc76b6e-ae8e-54f2-a32d-47d8d5f4cca4,HPCL,HPCL-120107,0-100 bar TEMPERATURE TRANSMITTER - Brass,CMM-INSTRU-027BD0-001,CMM-INSTRU-027BD0-001,REVIEW_REQUIRED,DIRECT_ACCEPTED,0.6,REVIEW_REQUIRED,AMBIGUOUS_ATTRIBUTE_HOLD,Attribute ambiguity in upstream candidate group; human review required.,,REVIEW_REQUIRED,,,INSTRUMENTATION|BRASS|0_100_BAR|ASME_B40100
5a6b81a9-f9a3-5412-848d-addec399d243,HPCL,HPCL-120108,SPARE-RUBBER GASKET 2 in PTFE,CMM-SEALG-66F853-001,CMM-SEALG-66F853-001,MAPPED_VERIFIED,DIRECT_ACCEPTED,1.0,VERIFIED_CROSS_CPSE,HUMAN_ACCEPTED_HARMONIZATION,Verified cross-CPSE harmonization mapping supported by Phase 7 human review ACCEPT on candidate CAN-024483 with cryptographic evidence hash ...,CAN-024483,VALIDATED_COMPATIBLE,ACCEPT,,SEAL_GASKET|PTFE|2_IN|GALVANIZED
89169c6e-19a3-5841-a7cf-7df3fd7045cb,HPCL,HPCL-120109,SPARE-Level Transmitter Brass 0-500 Deg C,CMM-INSTRU-C7F4D5-001,CMM-INSTRU-C7F4D5-001,REVIEW_REQUIRED,DIRECT_ACCEPTED,0.6,REVIEW_REQUIRED,AMBIGUOUS_ATTRIBUTE_HOLD,Attribute ambiguity in upstream candidate group; human review required.,,REVIEW_REQUIRED,,,INSTRUMENTATION|BRASS|0_500_DEG_C
a70b9cd7-9301-5c1a-88dc-ad045ccc0d6e,HPCL,HPCL-120110,Pressure Gauge Brass 0-100 bar,CMM-INSTRU-22FF74-001,CMM-INSTRU-22FF74-001,MAPPED_VERIFIED,DIRECT_ACCEPTED,1.0,VERIFIED_CROSS_CPSE,HUMAN_ACCEPTED_HARMONIZATION,Verified cross-CPSE harmonization mapping supported by Phase 7 human review ACCEPT on candidate CAN-024755 with cryptographic evidence hash ...,CAN-024755,VALIDATED_COMPATIBLE,ACCEPT,,INSTRUMENTATION|PRESSURE_GAUGE|BRASS|0_100_BAR|IEC_60529
bc2b8eee-a6aa-5e1e-8672-632f94c8616d,HPCL,HPCL-120111,O-RING 65 mm PTFE,CMM-SEALG-F01715-001,CMM-SEALG-F01715-001,MAPPED_VERIFIED,DIRECT_ACCEPTED,1.0,VERIFIED_CROSS_CPSE,HUMAN_ACCEPTED_HARMONIZATION,Verified cross-CPSE harmonization mapping supported by Phase 7 human review ACCEPT on candidate CAN-024812 with cryptographic evidence hash ...,CAN-024812,VALIDATED_COMPATIBLE,ACCEPT,,SEAL_GASKET|PTFE|65_MM|API_682|PTFE
32fa86c3-e433-5305-8121-efd7dc490677,HPCL,HPCL-120112,M12 x 50 Hex Nut - Grade 8.8,CMM-FASTNR-412B68-001,CMM-FASTNR-412B68-001,REVIEW_REQUIRED,DIRECT_ACCEPTED,0.6,REVIEW_REQUIRED,AMBIGUOUS_ATTRIBUTE_HOLD,Attribute ambiguity in upstream candidate group; human review required.,,REVIEW_REQUIRED,,,FASTENER|NUT|HEX|GRADE_88|M12_X_50|50_MM|ASTM_A193
a00d334b-ada0-597b-9c32-b79b4a3cd6f8,HPCL,HPCL-120113,4-20 mA FLOW METER - SS316,CMM-INSTRU-1E073D-001,CMM-INSTRU-1E073D-001,REVIEW_REQUIRED,DIRECT_ACCEPTED,0.6,REVIEW_REQUIRED,AMBIGUOUS_ATTRIBUTE_HOLD,Attribute ambiguity in upstream candidate group; human review required.,,REVIEW_REQUIRED,,,INSTRUMENTATION|STAINLESS_STEEL|SS_316|4_20_MA|ASME_B40100
8053d2b4-801a-545a-bc57-82a45598ba74,HPCL,HPCL-120114,Welded Pipe Carbon Steel 6 in,CMM-PIPEF-11F53A-001,CMM-PIPEF-11F53A-001,MAPPED_VERIFIED,DIRECT_ACCEPTED,1.0,VERIFIED_CROSS_CPSE,HUMAN_ACCEPTED_HARMONIZATION,Verified cross-CPSE harmonization mapping supported by Phase 7 human review ACCEPT on candidate CAN-025353 with cryptographic evidence hash ...,CAN-025353,VALIDATED_COMPATIBLE,ACCEPT,,PIPE_FITTING|PIPE|CARBON_STEEL|CARBON_STEEL|6_IN|1000_MM|150_MM|API_5L|GALVANIZED|WELDED
6de5b51b-d54e-56e3-8356-2f607cf86408,HPCL,HPCL-120115,"SPARE-BRG BALL, Stainless Steel, SIZE 6208",CMM-BEARNG-0FD5BF-001,CMM-BEARNG-0FD5BF-001,REVIEW_REQUIRED,DIRECT_ACCEPTED,0.6,REVIEW_REQUIRED,AMBIGUOUS_ATTRIBUTE_HOLD,Attribute ambiguity in upstream candidate group; human review required.,,REVIEW_REQUIRED,,,BEARING|BALL_BEARING|STAINLESS_STEEL|STAINLESS_STEEL|6208
2067661f-dd14-5a5e-a6c3-9bf8dc87ad27,HPCL,HPCL-120116,IND.Induction Motor 415V 100A Aluminium,CMM-ELECTR-62038E-001,CMM-ELECTR-62038E-001,MAPPED_VERIFIED,DIRECT_ACCEPTED,1.0,VERIFIED_CROSS_CPSE,HUMAN_ACCEPTED_HARMONIZATION,Verified cross-CPSE harmonization mapping supported by Phase 7 human review ACCEPT on candidate CAN-026257 with cryptographic evidence hash ...,CAN-026257,VALIDATED_COMPATIBLE,ACCEPT,,ELECTRICAL|ALUMINIUM|415V_100A|IS_13947
5ce8291d-4551-5e0f-a206-cea7688db57d,HPCL,HPCL-120117,IND.Ball Bearing 300# AISI 52100 6304,CMM-BEARNG-0C2D83-001,CMM-BEARNG-0C2D83-001,MAPPED_VERIFIED,DIRECT_ACCEPTED,1.0,VERIFIED_CROSS_CPSE,HUMAN_ACCEPTED_HARMONIZATION,Verified cross-CPSE harmonization mapping supported by Phase 7 human review ACCEPT on candidate CAN-026641 with cryptographic evidence hash ...,CAN-026641,VALIDATED_COMPATIBLE,ACCEPT,,BEARING|BALL_BEARING|AISI_52100|6304
020dbfa4-8a0a-5f4f-90ae-5501ae9cec05,HPCL,HPCL-120118,M24 x 100 SOCKET HEAD SCREW - Grade B7 600#,CMM-FASTNR-15537B-001,CMM-FASTNR-15537B-001,MAPPED_VERIFIED,DIRECT_ACCEPTED,1.0,VERIFIED_CROSS_CPSE,HUMAN_ACCEPTED_HARMONIZATION,Verified cross-CPSE harmonization mapping supported by Phase 7 human review ACCEPT on candidate CAN-026761 with cryptographic evidence hash ...,CAN-026761,VALIDATED_COMPATIBLE,ACCEPT,,FASTENER|GRADE_B7|M24_X_100|100_MM
d7e52449-d3dd-5116-b62d-0a28219dcd3f,HPCL,HPCL-120119,IND.65 mm O-RING - Viton 150#,CMM-SEALG-19C018-001,CMM-SEALG-19C018-001,MAPPED_VERIFIED,DIRECT_ACCEPTED,1.0,VERIFIED_CROSS_CPSE,HUMAN_ACCEPTED_HARMONIZATION,Verified cross-CPSE harmonization mapping supported by Phase 7 human review ACCEPT on candidate CAN-027001 with cryptographic evidence hash ...,CAN-027001,VALIDATED_COMPATIBLE,ACCEPT,,SEAL_GASKET|VITON|65_MM|65_MM|ZINC_PLATED
9516cfb0-0649-5f94-b279-7738e5d225a8,HPCL,HPCL-120120,"GEAR PUMP, Cast Iron, SIZE DN 80 600#",CMM-PUMP-BBD3FB-001,CMM-PUMP-BBD3FB-001,MAPPED_VERIFIED,DIRECT_ACCEPTED,1.0,VERIFIED_CROSS_CPSE,HUMAN_ACCEPTED_HARMONIZATION,Verified cross-CPSE harmonization mapping supported by Phase 7 human review ACCEPT on candidate CAN-027061 with cryptographic evidence hash ...,CAN-027061,VALIDATED_COMPATIBLE,ACCEPT,,PUMP|CAST_IRON|DN_80|DN_80|ISO_2858|CAST
da06099a-0aa5-5e79-af06-bd92d641e1ec,HPCL,HPCL-120121,"GLOBE VALVE, ASTM A351 CF8M, SIZE 2 in 600#",CMM-VALVE-71DB40-001,CMM-VALVE-71DB40-001,MAPPED_STANDALONE,STANDALONE,1.0,STANDALONE_IDENTITY,STANDALONE_CANONICAL_SYNTHESIS,1-to-1 deterministic identity mapping to governed Phase 8 standalone CMM candidate. Does not imply cross-CPSE equivalence or harmonization.,,,,,VALVE|GLOBE_VALVE|ASTM_A351_CF8M|2_IN|2_IN|ASME_B1634
f985d036-7d8e-58fa-862b-f210b106f4cf,HPCL,HPCL-120122,"SPARE-LEVEL TRANSMITTER, Brass, SIZE 1/2 in NPT 300#",CMM-INSTRU-40C5B3-001,CMM-INSTRU-40C5B3-001,MAPPED_VERIFIED,DIRECT_ACCEPTED,1.0,VERIFIED_CROSS_CPSE,HUMAN_ACCEPTED_HARMONIZATION,Verified cross-CPSE harmonization mapping supported by Phase 7 human review ACCEPT on candidate CAN-027933 with cryptographic evidence hash ...,CAN-027933,VALIDATED_COMPATIBLE,ACCEPT,,INSTRUMENTATION|BRASS|1_2_IN_NPT|ASME_B40100
1984f51f-b74e-547c-a8ee-1d02d9a8a7e3,HPCL,HPCL-120123,"Mechanical Seal, Viton, SIZE 100 mm 300#",CMM-SEALG-9C5882-001,CMM-SEALG-9C5882-001,MAPPED_VERIFIED,DIRECT_ACCEPTED,1.0,VERIFIED_CROSS_CPSE,HUMAN_ACCEPTED_HARMONIZATION,Verified cross-CPSE harmonization mapping supported by Phase 7 human review ACCEPT on candidate CAN-028021 with cryptographic evidence hash ...,CAN-028021,VALIDATED_COMPATIBLE,ACCEPT,,SEAL_GASKET|VITON|100_MM|100_MM|ASME_B1620
d76611d6-1e04-5157-8e5b-d88f0cbf6659,HPCL,HPCL-120124,"IND.Level Transmitter, Polycarbonate, SIZE 0-500 Deg C 600#",CMM-INSTRU-C368B5-001,CMM-INSTRU-C368B5-001,MAPPED_VERIFIED,DIRECT_ACCEPTED,1.0,VERIFIED_CROSS_CPSE,HUMAN_ACCEPTED_HARMONIZATION,Verified cross-CPSE harmonization mapping supported by Phase 7 human review ACCEPT on candidate CAN-028261 with cryptographic evidence hash ...,CAN-028261,VALIDATED_COMPATIBLE,ACCEPT,,INSTRUMENTATION|POLYCARBONATE|0_500_DEG_C
bd52567f-1f97-5928-8919-d8f7786041fd,HPCL,HPCL-120125,XLPE Cable 300# Copper 1C x 300 sq mm,CMM-ELECTR-925F26-001,CMM-ELECTR-925F26-001,MAPPED_VERIFIED,DIRECT_ACCEPTED,1.0,VERIFIED_CROSS_CPSE,HUMAN_ACCEPTED_HARMONIZATION,Verified cross-CPSE harmonization mapping supported by Phase 7 human review ACCEPT on candidate CAN-028321 with cryptographic evidence hash ...,CAN-028321,VALIDATED_COMPATIBLE,ACCEPT,,ELECTRICAL|CABLE|XLPE|COPPER|1C_X_300_SQ_MM|100_M|IS_2026
4c3c5e11-dc04-5a5b-bde2-c5a628129a5b,HPCL,HPCL-120126,STORES ITEM Rubber Gasket 300# NBR 50 mm,CMM-SEALG-099BED-001,CMM-SEALG-099BED-001,MAPPED_VERIFIED,DIRECT_ACCEPTED,1.0,VERIFIED_CROSS_CPSE,HUMAN_ACCEPTED_HARMONIZATION,Verified cross-CPSE harmonization mapping supported by Phase 7 human review ACCEPT on candidate CAN-028621 with cryptographic evidence hash ...,CAN-028621,VALIDATED_COMPATIBLE,ACCEPT,,SEAL_GASKET|NBR|50_MM|50_MM|GALVANIZED
27545913-b297-56e9-95d2-3f5a51b174bd,HPCL,HPCL-120127,"NEEDLE BEARING, Stainless Steel, SIZE 6208 150#",CMM-BEARNG-D93FF3-001,CMM-BEARNG-D93FF3-001,MAPPED_VERIFIED,DIRECT_ACCEPTED,1.0,VERIFIED_CROSS_CPSE,HUMAN_ACCEPTED_HARMONIZATION,Verified cross-CPSE harmonization mapping supported by Phase 7 human review ACCEPT on candidate CAN-029161 with cryptographic evidence hash ...,CAN-029161,VALIDATED_COMPATIBLE,ACCEPT,,BEARING|STAINLESS_STEEL|STAINLESS_STEEL|6208
ad9856cd-9905-5d04-8410-ff38e1a32377,HPCL,HPCL-120128,SPARE-100 mm O-Ring - PTFE 300#,CMM-SEALG-C73A59-001,CMM-SEALG-C73A59-001,MAPPED_VERIFIED,DIRECT_ACCEPTED,1.0,VERIFIED_CROSS_CPSE,HUMAN_ACCEPTED_HARMONIZATION,Verified cross-CPSE harmonization mapping supported by Phase 7 human review ACCEPT on candidate CAN-029221 with cryptographic evidence hash ...,CAN-029221,VALIDATED_COMPATIBLE,ACCEPT,,SEAL_GASKET|PTFE|100_MM|100_MM|ASME_B1620|PTFE
42c40907-37a9-583b-a562-4b140ab9fa60,HPCL,HPCL-120129,"Elbow 90 Deg, IS 2062, SIZE 2 in 600#",CMM-PIPEF-69E890-001,CMM-PIPEF-69E890-001,MAPPED_VERIFIED,DIRECT_ACCEPTED,1.0,VERIFIED_CROSS_CPSE,HUMAN_ACCEPTED_HARMONIZATION,Verified cross-CPSE harmonization mapping supported by Phase 7 human review ACCEPT on candidate CAN-029461 with cryptographic evidence hash ...,CAN-029461,VALIDATED_COMPATIBLE,ACCEPT,,PIPE_FITTING|ELBOW|IS_2062|2_IN|25_MM|ASTM_A106|PTFE_LINED
40d41a2c-f4e4-5e02-86d9-960f54e27f52,HPCL,HPCL-120130,SPARE-30205 Roller Bearing - Chrome Steel 600#,CMM-BEARNG-A0A0E6-001,CMM-BEARNG-A0A0E6-001,MAPPED_VERIFIED,DIRECT_ACCEPTED,1.0,VERIFIED_CROSS_CPSE,HUMAN_ACCEPTED_HARMONIZATION,Verified cross-CPSE harmonization mapping supported by Phase 7 human review ACCEPT on candidate CAN-029521 with cryptographic evidence hash ...,CAN-029521,VALIDATED_COMPATIBLE,ACCEPT,,BEARING|CHROME_STEEL|CHROME_STEEL|30205|ISO_15
060691f3-0244-58c2-b104-1bb5383739b6,HPCL,HPCL-120131,"Spiral Wound Gasket, NBR, SIZE 2 in 300#",CMM-SEALG-091BCF-001,CMM-SEALG-091BCF-001,MAPPED_VERIFIED,DIRECT_ACCEPTED,1.0,VERIFIED_CROSS_CPSE,HUMAN_ACCEPTED_HARMONIZATION,Verified cross-CPSE harmonization mapping supported by Phase 7 human review ACCEPT on candidate CAN-029761 with cryptographic evidence hash ...,CAN-029761,VALIDATED_COMPATIBLE,ACCEPT,,SEAL_GASKET|SPIRAL_WOUND_GASKET|NBR|2_IN|2_IN|ASME_B1620
f6f1c7bf-aaca-5ad5-9148-2040fdb25f09,HPCL,HPCL-120132,"FLANGE, SS316L, SIZE DN 80 600#",CMM-PIPEF-B95E69-001,CMM-PIPEF-B95E69-001,MAPPED_VERIFIED,DIRECT_ACCEPTED,1.0,VERIFIED_CROSS_CPSE,HUMAN_ACCEPTED_HARMONIZATION,Verified cross-CPSE harmonization mapping supported by Phase 7 human review ACCEPT on candidate CAN-030241 with cryptographic evidence hash ...,CAN-030241,VALIDATED_COMPATIBLE,ACCEPT,,PIPE_FITTING|FLANGE|STAINLESS_STEEL|SS_316L|DN_80|6_M|DN_80|ASME_B165|GALVANIZED
2b8cf34c-4076-5a94-a5bd-18f83f924616,HPCL,HPCL-120133,SPARE-Hex Bolt M16 x 65 Grade 10.9 600#,CMM-FASTNR-912BFD-001,CMM-FASTNR-912BFD-001,REVIEW_REQUIRED,DIRECT_ACCEPTED,0.6,REVIEW_REQUIRED,AMBIGUOUS_ATTRIBUTE_HOLD,Attribute ambiguity in upstream candidate group; human review required.,,REVIEW_REQUIRED,,,FASTENER|BOLT|HEX|GRADE_109|M16_X_65|65_MM|ASME_B182
7ab2e3b9-7e3b-5c31-805e-ed58b542be57,HPCL,HPCL-120134,"IND.Gear Pump, Alloy Steel, SIZE 3 in x 2 in 300#",CMM-PUMP-F2C290-001,CMM-PUMP-F2C290-001,MAPPED_STANDALONE,STANDALONE,1.0,STANDALONE_IDENTITY,STANDALONE_CANONICAL_SYNTHESIS,1-to-1 deterministic identity mapping to governed Phase 8 standalone CMM candidate. Does not imply cross-CPSE equivalence or harmonization.,,,,,PUMP|ALLOY_STEEL|3_IN_X_2_IN|ISO_2858
2f595294-a8a9-5b08-b411-1e025891b329,HPCL,HPCL-120135,IND.100 mm MECHANICAL SEAL - NBR 150#,CMM-SEALG-1331E7-001,CMM-SEALG-1331E7-001,MAPPED_VERIFIED,DIRECT_ACCEPTED,1.0,VERIFIED_CROSS_CPSE,HUMAN_ACCEPTED_HARMONIZATION,Verified cross-CPSE harmonization mapping supported by Phase 7 human review ACCEPT on candidate CAN-031081 with cryptographic evidence hash ...,CAN-031081,VALIDATED_COMPATIBLE,ACCEPT,,SEAL_GASKET|NBR|100_MM|ASME_B1620|PTFE_LINED
76d71caa-101f-5bfd-8ab7-4adc454e8a0a,HPCL,HPCL-120136,IND.OIL SEAL 150# PTFE 65 mm,CMM-SEALG-D89357-001,CMM-SEALG-D89357-001,MAPPED_VERIFIED,DIRECT_ACCEPTED,1.0,VERIFIED_CROSS_CPSE,HUMAN_ACCEPTED_HARMONIZATION,Verified cross-CPSE harmonization mapping supported by Phase 7 human review ACCEPT on candidate CAN-031381 with cryptographic evidence hash ...,CAN-031381,VALIDATED_COMPATIBLE,ACCEPT,,SEAL_GASKET|LUBRICANT|PTFE|65_MM|65_MM|ASME_B1620|PTFE
b4d299d8-c243-5607-b3d0-bc14a23e7c8e,HPCL,HPCL-120137,O-RING 2 in NBR 300#,CMM-SEALG-E00177-001,CMM-SEALG-E00177-001,REVIEW_REQUIRED,DIRECT_ACCEPTED,0.6,REVIEW_REQUIRED,AMBIGUOUS_ATTRIBUTE_HOLD,Attribute ambiguity in upstream candidate group; human review required.,,REVIEW_REQUIRED,,,SEAL_GASKET|NBR|2_IN|API_682
63f5c463-fc99-57cb-9619-818bfda09cc2,HPCL,HPCL-120138,IND.BALL BRG 30205 Chrome Steel 300#,CMM-BEARNG-FCEB8C-001,CMM-BEARNG-FCEB8C-001,REVIEW_REQUIRED,DIRECT_ACCEPTED,0.6,REVIEW_REQUIRED,AMBIGUOUS_ATTRIBUTE_HOLD,Attribute ambiguity in upstream candidate group; human review required.,,REVIEW_REQUIRED,,,BEARING|BALL_BEARING|CHROME_STEEL|CHROME_STEEL|30205
ec481b7b-5694-5cce-97d5-fbdccf0c3c5d,HPCL,HPCL-120139,RTD Sensor 300# Brass 4-20 mA,CMM-INSTRU-76A4D1-001,CMM-INSTRU-76A4D1-001,MAPPED_VERIFIED,DIRECT_ACCEPTED,1.0,VERIFIED_CROSS_CPSE,HUMAN_ACCEPTED_HARMONIZATION,Verified cross-CPSE harmonization mapping supported by Phase 7 human review ACCEPT on candidate CAN-031983 with cryptographic evidence hash ...,CAN-031983,VALIDATED_COMPATIBLE,ACCEPT,,INSTRUMENTATION|BRASS|4_20_MA|ASME_B40100
189facc2-3264-5c9c-ab31-981c0cc30607,HPCL,HPCL-120140,STORES ITEM RTD Sensor 150# Brass 0-100 bar,CMM-INSTRU-5F3CF8-001,CMM-INSTRU-5F3CF8-001,MAPPED_VERIFIED,DIRECT_ACCEPTED,1.0,VERIFIED_CROSS_CPSE,HUMAN_ACCEPTED_HARMONIZATION,Verified cross-CPSE harmonization mapping supported by Phase 7 human review ACCEPT on candidate CAN-032761 with cryptographic evidence hash ...,CAN-032761,VALIDATED_COMPATIBLE,ACCEPT,,INSTRUMENTATION|BRASS|0_100_BAR
ca44b0c2-c412-5c7a-ab08-10081f45d4d2,HPCL,HPCL-120141,"Level Transmitter, Brass, SIZE 1/2 in NPT 150#",CMM-INSTRU-C4873D-001,CMM-INSTRU-C4873D-001,REVIEW_REQUIRED,DIRECT_ACCEPTED,0.6,REVIEW_REQUIRED,AMBIGUOUS_ATTRIBUTE_HOLD,Attribute ambiguity in upstream candidate group; human review required.,,REVIEW_REQUIRED,,,INSTRUMENTATION|BRASS|1_2_IN_NPT
b2143dfb-3afa-5119-93a5-2e58692d3a86,HPCL,HPCL-120142,"IND.RECIPROCATING PUMP, SS304, SIZE 2 in x 1.5 in 600#",CMM-PUMP-372D2E-001,CMM-PUMP-372D2E-001,MAPPED_STANDALONE,STANDALONE,1.0,STANDALONE_IDENTITY,STANDALONE_CANONICAL_SYNTHESIS,1-to-1 deterministic identity mapping to governed Phase 8 standalone CMM candidate. Does not imply cross-CPSE equivalence or harmonization.,,,,,PUMP|STAINLESS_STEEL|SS_304|2_IN_X_15_IN|ISO_2858
bb03d5ca-6df8-54ac-8c56-c2b8a69f729f,HPCL,HPCL-120143,Ball Valve 300# ASTM A351 CF8M 1/2 in,CMM-VALVE-AF51FD-001,CMM-VALVE-AF51FD-001,MAPPED_STANDALONE,STANDALONE,1.0,STANDALONE_IDENTITY,STANDALONE_CANONICAL_SYNTHESIS,1-to-1 deterministic identity mapping to governed Phase 8 standalone CMM candidate. Does not imply cross-CPSE equivalence or harmonization.,,,,,VALVE|BALL_VALVE|ASTM_A351_CF8M|1_2_IN|1_2_IN|API_600
46ad6f7c-0059-5e6d-bce2-b8208b9b2ec8,HPCL,HPCL-120144,SPARE-Vertical Turbine Pump DN 80 Alloy Steel 150#,CMM-PUMP-710588-001,CMM-PUMP-710588-001,MAPPED_STANDALONE,STANDALONE,1.0,STANDALONE_IDENTITY,STANDALONE_CANONICAL_SYNTHESIS,1-to-1 deterministic identity mapping to governed Phase 8 standalone CMM candidate. Does not imply cross-CPSE equivalence or harmonization.,,,,,PUMP|ALLOY_STEEL|DN_80|IS_1520|PTFE_LINED|VERTICAL
07b925e1-e400-539e-9f0f-e299df3d33aa,HPCL,HPCL-120145,Control Valve 1 in LCB 150#,CMM-VALVE-015BCD-001,CMM-VALVE-015BCD-001,MAPPED_VERIFIED,DIRECT_ACCEPTED,1.0,VERIFIED_CROSS_CPSE,HUMAN_ACCEPTED_HARMONIZATION,Verified cross-CPSE harmonization mapping supported by Phase 7 human review ACCEPT on candidate CAN-034021 with cryptographic evidence hash ...,CAN-034021,VALIDATED_COMPATIBLE,ACCEPT,,VALVE|LCB|1_IN|API_602|GALVANIZED
e0aff64c-1f62-5d12-836b-cb53a8d16328,HPCL,HPCL-120146,RECIPROCATING PUMP 150# Cast Iron DN 100,CMM-PUMP-D06965-001,CMM-PUMP-D06965-001,MAPPED_VERIFIED,DIRECT_ACCEPTED,1.0,VERIFIED_CROSS_CPSE,HUMAN_ACCEPTED_HARMONIZATION,Verified cross-CPSE harmonization mapping supported by Phase 7 human review ACCEPT on candidate CAN-034233 with cryptographic evidence hash ...,CAN-034233,VALIDATED_COMPATIBLE,ACCEPT,,PUMP|CAST_IRON|DN_100|DN_100|ISO_2858|CAST
4876697e-cf83-5627-be4a-ef27c99f72f5,HPCL,HPCL-120147,"SPARE-GV, ASTM A351 CF8M, SIZE DN 100 300#",CMM-VALVE-D35F93-001,CMM-VALVE-D35F93-001,MAPPED_STANDALONE,STANDALONE,1.0,STANDALONE_IDENTITY,STANDALONE_CANONICAL_SYNTHESIS,1-to-1 deterministic identity mapping to governed Phase 8 standalone CMM candidate. Does not imply cross-CPSE equivalence or harmonization.,,,,,VALVE|GATE_VALVE|ASTM_A351_CF8M|DN_100|DN_100|API_598|EPOXY_COATED
bc84612c-2c9d-5edc-af0a-e8fb295bb0a5,HPCL,HPCL-120148,"IND.Oil Seal, NBR, SIZE 50 mm 150#",CMM-SEALG-E86469-001,CMM-SEALG-E86469-001,REVIEW_REQUIRED,DIRECT_ACCEPTED,0.6,REVIEW_REQUIRED,AMBIGUOUS_ATTRIBUTE_HOLD,Attribute ambiguity in upstream candidate group; human review required.,,REVIEW_REQUIRED,,,SEAL_GASKET|LUBRICANT|NBR|50_MM|ASME_B1620
3d59a224-e369-54b6-b2df-ab4f73a05def,HPCL,HPCL-120149,STORES ITEM BRG BALL 150# Chrome Steel 30205,CMM-BEARNG-FCEB8C-001,CMM-BEARNG-FCEB8C-001,REVIEW_REQUIRED,DIRECT_ACCEPTED,0.6,REVIEW_REQUIRED,AMBIGUOUS_ATTRIBUTE_HOLD,Attribute ambiguity in upstream candidate group; human review required.,,REVIEW_REQUIRED,,,BEARING|BALL_BEARING|CHROME_STEEL|CHROME_STEEL|30205
ae6e35c4-f655-5a86-9b60-adad1a98bec6,HPCL,HPCL-120150,M10 x 40 Socket Head Screw - Grade B7 300#,CMM-FASTNR-A82C5B-001,CMM-FASTNR-A82C5B-001,REVIEW_REQUIRED,DIRECT_ACCEPTED,0.6,REVIEW_REQUIRED,AMBIGUOUS_ATTRIBUTE_HOLD,Attribute ambiguity in upstream candidate group; human review required.,,REVIEW_REQUIRED,,,FASTENER|GRADE_B7|M10_X_40|40_MM|IS_1367
4a2f6da1-9d31-5097-9038-f8949f123786,HPCL,HPCL-120151,STORES ITEM Hex Bolt 300# Grade 8.8 M10 x 40,CMM-FASTNR-B1846A-001,CMM-FASTNR-B1846A-001,MAPPED_VERIFIED,DIRECT_ACCEPTED,1.0,VERIFIED_CROSS_CPSE,HUMAN_ACCEPTED_HARMONIZATION,Verified cross-CPSE harmonization mapping supported by Phase 7 human review ACCEPT on candidate CAN-032371 with cryptographic evidence hash ...,CAN-032371,VALIDATED_COMPATIBLE,ACCEPT,,FASTENER|BOLT|HEX|GRADE_88|M10_X_40|40_MM|IS_1367
48433885-0c5c-5ead-98d9-74a25ebe86d9,HPCL,HPCL-120152,STORES ITEM Submersible Pump 300# Cast Iron 2 in x 1.5 in,CMM-PUMP-67F25D-001,CMM-PUMP-67F25D-001,MAPPED_VERIFIED,DIRECT_ACCEPTED,1.0,VERIFIED_CROSS_CPSE,HUMAN_ACCEPTED_HARMONIZATION,Verified cross-CPSE harmonization mapping supported by Phase 7 human review ACCEPT on candidate CAN-035821 with cryptographic evidence hash ...,CAN-035821,VALIDATED_COMPATIBLE,ACCEPT,,PUMP|CAST_IRON|2_IN_X_15_IN|IS_1520|CAST
dfa006ae-b1b2-5c3f-b5c8-1415ac88b8f9,HPCL,HPCL-120153,STORES ITEM XLPE Cable 1C x 300 sq mm XLPE Insulated 150#,CMM-ELECTR-97B02F-001,CMM-ELECTR-97B02F-001,MAPPED_VERIFIED,DIRECT_ACCEPTED,1.0,VERIFIED_CROSS_CPSE,HUMAN_ACCEPTED_HARMONIZATION,Verified cross-CPSE harmonization mapping supported by Phase 7 human review ACCEPT on candidate CAN-035881 with cryptographic evidence hash ...,CAN-035881,VALIDATED_COMPATIBLE,ACCEPT,,ELECTRICAL|CABLE|XLPE|XLPE_INSULATED|1C_X_300_SQ_MM|500_M|IS_7098
1c1a330d-31c7-5d87-ac5c-03417274b5a0,HPCL,HPCL-120154,STORES ITEM 100 mm Rubber Gasket - NBR 600#,CMM-SEALG-E70970-001,CMM-SEALG-E70970-001,MAPPED_VERIFIED,DIRECT_ACCEPTED,1.0,VERIFIED_CROSS_CPSE,HUMAN_ACCEPTED_HARMONIZATION,Verified cross-CPSE harmonization mapping supported by Phase 7 human review ACCEPT on candidate CAN-035941 with cryptographic evidence hash ...,CAN-035941,VALIDATED_COMPATIBLE,ACCEPT,,SEAL_GASKET|NBR|100_MM|100_MM|ASME_B1620|RUBBER
101b6cc2-954f-5a79-ad88-7584fa3ad4ce,HPCL,HPCL-120155,THRUST BEARING 600# Chrome Steel 6304,CMM-BEARNG-A353C8-001,CMM-BEARNG-A353C8-001,MAPPED_VERIFIED,DIRECT_ACCEPTED,1.0,VERIFIED_CROSS_CPSE,HUMAN_ACCEPTED_HARMONIZATION,Verified cross-CPSE harmonization mapping supported by Phase 7 human review ACCEPT on candidate CAN-036001 with cryptographic evidence hash ...,CAN-036001,VALIDATED_COMPATIBLE,ACCEPT,,BEARING|CHROME_STEEL|CHROME_STEEL|6304
ca3cc9fa-3a7f-5b26-8c09-1c1b7c1fbd8f,HPCL,HPCL-120156,STORES ITEM 6 in Seamless Pipe - Alloy Steel 600#,CMM-PIPEF-C49BFE-001,CMM-PIPEF-C49BFE-001,MAPPED_STANDALONE,STANDALONE,1.0,STANDALONE_IDENTITY,STANDALONE_CANONICAL_SYNTHESIS,1-to-1 deterministic identity mapping to governed Phase 8 standalone CMM candidate. Does not imply cross-CPSE equivalence or harmonization.,,,,,PIPE_FITTING|PIPE|ALLOY_STEEL|6_IN|6_IN|ASME_B169|EPOXY_COATED|SEAMLESS
e64bfb2a-278e-5d0f-8667-67491d429e20,HPCL,HPCL-120157,STORES ITEM Gate Valve 1/2 in WCB 150#,CMM-VALVE-3C1BCA-001,CMM-VALVE-3C1BCA-001,MAPPED_VERIFIED,DIRECT_ACCEPTED,1.0,VERIFIED_CROSS_CPSE,HUMAN_ACCEPTED_HARMONIZATION,Verified cross-CPSE harmonization mapping supported by Phase 7 human review ACCEPT on candidate CAN-036661 with cryptographic evidence hash ...,CAN-036661,VALIDATED_COMPATIBLE,ACCEPT,,VALVE|GATE_VALVE|ASTM_A216_WCB|1_2_IN|API_600
816e6261-b9f6-513a-8e97-b65f937bd990,HPCL,HPCL-120158,Vertical Turbine Pump 300# Carbon Steel 3 in x 2 in,CMM-PUMP-74714C-001,CMM-PUMP-74714C-001,MAPPED_STANDALONE,STANDALONE,1.0,STANDALONE_IDENTITY,STANDALONE_CANONICAL_SYNTHESIS,1-to-1 deterministic identity mapping to governed Phase 8 standalone CMM candidate. Does not imply cross-CPSE equivalence or harmonization.,,,,,PUMP|CARBON_STEEL|CARBON_STEEL|3_IN_X_2_IN|3_IN_X_2_IN|API_610|VERTICAL
b6cc2a7c-4efe-5f03-9a90-6892071ad410,HPCL,HPCL-120159,STORES ITEM REDUCER 2 in Carbon Steel 150#,CMM-PIPEF-0795D9-001,CMM-PIPEF-0795D9-001,MAPPED_STANDALONE,STANDALONE,1.0,STANDALONE_IDENTITY,STANDALONE_CANONICAL_SYNTHESIS,1-to-1 deterministic identity mapping to governed Phase 8 standalone CMM candidate. Does not imply cross-CPSE equivalence or harmonization.,,,,,PIPE_FITTING|CARBON_STEEL|CARBON_STEEL|2_IN|1000_MM|150_MM|IS_1239
773bb898-c0b6-5a9a-8468-915f3cfa5cb9,HPCL,HPCL-120160,IND.DN 80 GEAR PUMP - SS316 150#,CMM-PUMP-F7EE1D-001,CMM-PUMP-F7EE1D-001,MAPPED_STANDALONE,STANDALONE,1.0,STANDALONE_IDENTITY,STANDALONE_CANONICAL_SYNTHESIS,1-to-1 deterministic identity mapping to governed Phase 8 standalone CMM candidate. Does not imply cross-CPSE equivalence or harmonization.,,,,,PUMP|STAINLESS_STEEL|SS_316|DN_80|DN_80|API_610
b0783bff-5b8b-5103-a8d3-235b1af7fbe3,HPCL,HPCL-120161,STORES ITEM 65 mm O-RING - PTFE 150#,CMM-SEALG-DE85AC-001,CMM-SEALG-DE85AC-001,MAPPED_VERIFIED,DIRECT_ACCEPTED,1.0,VERIFIED_CROSS_CPSE,HUMAN_ACCEPTED_HARMONIZATION,Verified cross-CPSE harmonization mapping supported by Phase 7 human review ACCEPT on candidate CAN-037441 with cryptographic evidence hash ...,CAN-037441,VALIDATED_COMPATIBLE,ACCEPT,,SEAL_GASKET|PTFE|65_MM|ASME_B1620|PTFE_LINED
51c9df21-0dab-5d56-9ee9-0fe8b948fd00,HPCL,HPCL-120162,STORES ITEM Centrifugal Pump 150# Duplex Steel DN 80,CMM-PUMP-C40088-001,CMM-PUMP-C40088-001,MAPPED_VERIFIED,DIRECT_ACCEPTED,1.0,VERIFIED_CROSS_CPSE,HUMAN_ACCEPTED_HARMONIZATION,Verified cross-CPSE harmonization mapping supported by Phase 7 human review ACCEPT on candidate CAN-037681 with cryptographic evidence hash ...,CAN-037681,VALIDATED_COMPATIBLE,ACCEPT,,PUMP|CENTRIFUGAL_PUMP|DUPLEX_STEEL|DN_80|DN_80|ISO_2858
a44ef7cc-138d-5e2d-9c3d-3772228c630f,HPCL,HPCL-120163,"Switchgear Panel, Aluminium, SIZE 415V 100A 150#",CMM-ELECTR-42D24C-001,CMM-ELECTR-42D24C-001,REVIEW_REQUIRED,DIRECT_ACCEPTED,0.6,REVIEW_REQUIRED,AMBIGUOUS_ATTRIBUTE_HOLD,Attribute ambiguity in upstream candidate group; human review required.,,REVIEW_REQUIRED,,,ELECTRICAL|ALUMINIUM|415V_100A|500_M|IEC_60502
e423b3a6-07c6-5096-a42c-42f81ff87552,HPCL,HPCL-120164,22208 BRG BALL - AISI 52100 600#,CMM-BEARNG-3EC238-001,CMM-BEARNG-3EC238-001,MAPPED_VERIFIED,DIRECT_ACCEPTED,1.0,VERIFIED_CROSS_CPSE,HUMAN_ACCEPTED_HARMONIZATION,Verified cross-CPSE harmonization mapping supported by Phase 7 human review ACCEPT on candidate CAN-038101 with cryptographic evidence hash ...,CAN-038101,VALIDATED_COMPATIBLE,ACCEPT,,BEARING|BALL_BEARING|AISI_52100|22208
ebb64f81-aa32-5ca6-bb3f-9a4d38bbb377,HPCL,HPCL-120165,"IND.Check Valve, SS316, SIZE DN 50 300#",CMM-VALVE-0A2366-001,CMM-VALVE-0A2366-001,MAPPED_STANDALONE,STANDALONE,1.0,STANDALONE_IDENTITY,STANDALONE_CANONICAL_SYNTHESIS,1-to-1 deterministic identity mapping to governed Phase 8 standalone CMM candidate. Does not imply cross-CPSE equivalence or harmonization.,,,,,VALVE|CHECK_VALVE|STAINLESS_STEEL|SS_316|DN_50|DN_50|API_598
af664523-f43c-5c88-bd9a-7ab803ecd885,HPCL,HPCL-120166,"IND.ROLLER BRG, Stainless Steel, SIZE 22208 300#",CMM-BEARNG-52104E-001,CMM-BEARNG-52104E-001,REVIEW_REQUIRED,DIRECT_ACCEPTED,0.6,REVIEW_REQUIRED,AMBIGUOUS_ATTRIBUTE_HOLD,Attribute ambiguity in upstream candidate group; human review required.,,REVIEW_REQUIRED,,,BEARING|STAINLESS_STEEL|STAINLESS_STEEL|22208
302a7819-8e39-59c3-9042-03d775a2a5e8,HPCL,HPCL-120167,"Pressure Gauge, Polycarbonate, SIZE 0-500 Deg C 150#",CMM-INSTRU-0E74F1-001,CMM-INSTRU-0E74F1-001,MAPPED_VERIFIED,DIRECT_ACCEPTED,1.0,VERIFIED_CROSS_CPSE,HUMAN_ACCEPTED_HARMONIZATION,Verified cross-CPSE harmonization mapping supported by Phase 7 human review ACCEPT on candidate CAN-038821 with cryptographic evidence hash ...,CAN-038821,VALIDATED_COMPATIBLE,ACCEPT,,INSTRUMENTATION|PRESSURE_GAUGE|POLYCARBONATE|0_500_DEG_C|IEC_60529
d653b32a-e9f5-5491-b5a2-23bf6095fe65,HPCL,HPCL-120168,"SPARE-Switchgear Panel, Aluminium, SIZE 3C x 95 sq mm 600#",CMM-ELECTR-BF7F37-001,CMM-ELECTR-BF7F37-001,MAPPED_VERIFIED,DIRECT_ACCEPTED,1.0,VERIFIED_CROSS_CPSE,HUMAN_ACCEPTED_HARMONIZATION,Verified cross-CPSE harmonization mapping supported by Phase 7 human review ACCEPT on candidate CAN-039181 with cryptographic evidence hash ...,CAN-039181,VALIDATED_COMPATIBLE,ACCEPT,,ELECTRICAL|ALUMINIUM|3C_X_95_SQ_MM|1000_M|IS_2026
78bf689b-cbdd-5260-ba71-80b2b701e3d3,HPCL,HPCL-120169,EQUAL TEE DN 50 IS 2062 600#,CMM-PIPEF-0E4F2B-001,CMM-PIPEF-0E4F2B-001,MAPPED_VERIFIED,DIRECT_ACCEPTED,1.0,VERIFIED_CROSS_CPSE,HUMAN_ACCEPTED_HARMONIZATION,Verified cross-CPSE harmonization mapping supported by Phase 7 human review ACCEPT on candidate CAN-039361 with cryptographic evidence hash ...,CAN-039361,VALIDATED_COMPATIBLE,ACCEPT,,PIPE_FITTING|IS_2062|DN_50|12_M|DN_50|API_5L|PTFE_LINED
bb91c0ad-662a-5cc9-be53-a2bd1231d280,HPCL,HPCL-120170,HEX NUT 300# Grade 10.9 M10 x 40,CMM-FASTNR-D4C90A-001,CMM-FASTNR-D4C90A-001,MAPPED_STANDALONE,STANDALONE,1.0,STANDALONE_IDENTITY,STANDALONE_CANONICAL_SYNTHESIS,1-to-1 deterministic identity mapping to governed Phase 8 standalone CMM candidate. Does not imply cross-CPSE equivalence or harmonization.,,,,,FASTENER|NUT|HEX|GRADE_109|M10_X_40|40_MM|IS_1367
41f679eb-16c5-5db0-b73b-0288e3e91554,HPCL,HPCL-120171,"DISTRIBUTION TRANSFORMER, Copper, SIZE 4C x 25 sq mm 600#",CMM-ELECTR-240377-001,CMM-ELECTR-240377-001,REVIEW_REQUIRED,DIRECT_ACCEPTED,0.6,REVIEW_REQUIRED,AMBIGUOUS_ATTRIBUTE_HOLD,Attribute ambiguity in upstream candidate group; human review required.,,REVIEW_REQUIRED,,,ELECTRICAL|COPPER|4C_X_25_SQ_MM|IS_7098
3d2c34e1-78bf-512e-9e94-0d90645e9c31,HPCL,HPCL-120172,IND.DN 100 SUBMERSIBLE PUMP - Carbon Steel 600#,CMM-PUMP-9FBD52-001,CMM-PUMP-9FBD52-001,MAPPED_STANDALONE,STANDALONE,1.0,STANDALONE_IDENTITY,STANDALONE_CANONICAL_SYNTHESIS,1-to-1 deterministic identity mapping to governed Phase 8 standalone CMM candidate. Does not imply cross-CPSE equivalence or harmonization.,,,,,PUMP|CARBON_STEEL|CARBON_STEEL|DN_100|DN_100|ISO_2858
c4a123c8-592f-5221-962c-28d744ff6f99,HPCL,HPCL-120173,STORES ITEM 22208 Thrust Bearing - Stainless Steel 150#,CMM-BEARNG-52104E-001,CMM-BEARNG-52104E-001,REVIEW_REQUIRED,DIRECT_ACCEPTED,0.6,REVIEW_REQUIRED,AMBIGUOUS_ATTRIBUTE_HOLD,Attribute ambiguity in upstream candidate group; human review required.,,REVIEW_REQUIRED,,,BEARING|STAINLESS_STEEL|STAINLESS_STEEL|22208
124d4147-c1a7-576b-abb0-a187e01fc708,HPCL,HPCL-120174,IND.FLOW METER 600# Polycarbonate 0-100 bar,CMM-INSTRU-3688F6-001,CMM-INSTRU-3688F6-001,REVIEW_REQUIRED,DIRECT_ACCEPTED,0.6,REVIEW_REQUIRED,AMBIGUOUS_ATTRIBUTE_HOLD,Attribute ambiguity in upstream candidate group; human review required.,,REVIEW_REQUIRED,,,INSTRUMENTATION|POLYCARBONATE|0_100_BAR|ASME_B40100
bcee4192-7b49-500e-b461-e89012422513,HPCL,HPCL-120175,IND.2 in x 1.5 in Submersible Pump - Alloy Steel 150#,CMM-PUMP-497521-001,CMM-PUMP-497521-001,MAPPED_STANDALONE,STANDALONE,1.0,STANDALONE_IDENTITY,STANDALONE_CANONICAL_SYNTHESIS,1-to-1 deterministic identity mapping to governed Phase 8 standalone CMM candidate. Does not imply cross-CPSE equivalence or harmonization.,,,,,PUMP|ALLOY_STEEL|2_IN_X_15_IN|API_610
e53737f2-477b-5bd6-9631-4671f54ec535,HPCL,HPCL-120176,"SPARE-CENT. PUMP, SS304, SIZE 3 in x 2 in 600#",CMM-PUMP-665015-001,CMM-PUMP-665015-001,MAPPED_STANDALONE,STANDALONE,1.0,STANDALONE_IDENTITY,STANDALONE_CANONICAL_SYNTHESIS,1-to-1 deterministic identity mapping to governed Phase 8 standalone CMM candidate. Does not imply cross-CPSE equivalence or harmonization.,,,,,PUMP|CENTRIFUGAL_PUMP|STAINLESS_STEEL|SS_304|3_IN_X_2_IN|ISO_2858|PTFE_LINED
9bad3a83-99ab-5e6f-91d7-a990fb4b5c48,HPCL,HPCL-120177,"SPARE-Elbow 90 Deg, SS316L, SIZE DN 50 300#",CMM-PIPEF-814B57-001,CMM-PIPEF-814B57-001,MAPPED_VERIFIED,DIRECT_ACCEPTED,1.0,VERIFIED_CROSS_CPSE,HUMAN_ACCEPTED_HARMONIZATION,Verified cross-CPSE harmonization mapping supported by Phase 7 human review ACCEPT on candidate CAN-041821 with cryptographic evidence hash ...,CAN-041821,VALIDATED_COMPATIBLE,ACCEPT,,PIPE_FITTING|ELBOW|STAINLESS_STEEL|SS_316L|DN_50|3_M|25_MM|ASME_B165|ZINC_PLATED
cd3e9c21-770d-5a7c-8a97-c6be5387d3ea,HPCL,HPCL-120178,STORES ITEM ELBOW 90 DEG 150# ASTM A106 Gr B 6 in,CMM-PIPEF-155E3F-001,CMM-PIPEF-155E3F-001,MAPPED_VERIFIED,DIRECT_ACCEPTED,1.0,VERIFIED_CROSS_CPSE,HUMAN_ACCEPTED_HARMONIZATION,Verified cross-CPSE harmonization mapping supported by Phase 7 human review ACCEPT on candidate CAN-042661 with cryptographic evidence hash ...,CAN-042661,VALIDATED_COMPATIBLE,ACCEPT,,PIPE_FITTING|ELBOW|ASTM_A106_GRB|6_IN|6_M|200_MM|ASTM_A106|GALVANIZED
7902dcf9-7ba7-5a69-a3fc-12176acb2433,HPCL,HPCL-120179,IND.Submersible Pump 600# Duplex Steel DN 80,CMM-PUMP-824C56-001,CMM-PUMP-824C56-001,MAPPED_VERIFIED,DIRECT_ACCEPTED,1.0,VERIFIED_CROSS_CPSE,HUMAN_ACCEPTED_HARMONIZATION,Verified cross-CPSE harmonization mapping supported by Phase 7 human review ACCEPT on candidate CAN-043021 with cryptographic evidence hash ...,CAN-043021,VALIDATED_COMPATIBLE,ACCEPT,,PUMP|DUPLEX_STEEL|DN_80|IS_1520
075eb81c-250e-5058-b516-cc93cdf4d8bd,HPCL,HPCL-120180,STORES ITEM Flange DN 80 Alloy Steel 300#,CMM-PIPEF-3751A6-001,CMM-PIPEF-3751A6-001,MAPPED_STANDALONE,STANDALONE,1.0,STANDALONE_IDENTITY,STANDALONE_CANONICAL_SYNTHESIS,1-to-1 deterministic identity mapping to governed Phase 8 standalone CMM candidate. Does not imply cross-CPSE equivalence or harmonization.,,,,,PIPE_FITTING|FLANGE|ALLOY_STEEL|DN_80|1000_MM|DN_80|API_5L
b1421278-7799-5e39-a938-5e8f75c87342,HPCL,HPCL-120181,"SPARE-XLPE Cable, Aluminium, SIZE 415V 100A 300#",CMM-ELECTR-4F6C14-001,CMM-ELECTR-4F6C14-001,MAPPED_VERIFIED,DIRECT_ACCEPTED,1.0,VERIFIED_CROSS_CPSE,HUMAN_ACCEPTED_HARMONIZATION,Verified cross-CPSE harmonization mapping supported by Phase 7 human review ACCEPT on candidate CAN-043681 with cryptographic evidence hash ...,CAN-043681,VALIDATED_COMPATIBLE,ACCEPT,,ELECTRICAL|CABLE|XLPE|ALUMINIUM|415V_100A|500_M|IS_13947
988a7492-b41d-512d-b0c1-6bc27cb51a7a,HPCL,HPCL-120182,STORES ITEM 50 mm Mechanical Seal - Viton 600#,CMM-SEALG-6ACECF-001,CMM-SEALG-6ACECF-001,MAPPED_VERIFIED,DIRECT_ACCEPTED,1.0,VERIFIED_CROSS_CPSE,HUMAN_ACCEPTED_HARMONIZATION,Verified cross-CPSE harmonization mapping supported by Phase 7 human review ACCEPT on candidate CAN-043741 with cryptographic evidence hash ...,CAN-043741,VALIDATED_COMPATIBLE,ACCEPT,,SEAL_GASKET|VITON|50_MM|50_MM|ASME_B1620
81fe97cd-2e48-5ed4-930b-a59f9b15431a,HPCL,HPCL-120183,30205 Roller Bearing - Chrome Steel 600#,CMM-BEARNG-D8807A-001,CMM-BEARNG-D8807A-001,MAPPED_VERIFIED,DIRECT_ACCEPTED,1.0,VERIFIED_CROSS_CPSE,HUMAN_ACCEPTED_HARMONIZATION,Verified cross-CPSE harmonization mapping supported by Phase 7 human review ACCEPT on candidate CAN-043801 with cryptographic evidence hash ...,CAN-043801,VALIDATED_COMPATIBLE,ACCEPT,,BEARING|CHROME_STEEL|CHROME_STEEL|30205
39628670-b12c-56c6-8e2a-f36b697b0377,HPCL,HPCL-120184,IND.TAPER ROLLER BEARING 150# Chrome Steel 6408,CMM-BEARNG-FF170C-001,CMM-BEARNG-FF170C-001,REVIEW_REQUIRED,DIRECT_ACCEPTED,0.6,REVIEW_REQUIRED,AMBIGUOUS_ATTRIBUTE_HOLD,Attribute ambiguity in upstream candidate group; human review required.,,REVIEW_REQUIRED,,,BEARING|CHROME_STEEL|CHROME_STEEL|6408
c9a91d2e-3337-5cf3-88e3-863c9257c2b5,HPCL,HPCL-120185,"SPARE-O-RING, Graphite, SIZE 100 mm 150#",CMM-SEALG-8F1270-001,CMM-SEALG-8F1270-001,MAPPED_VERIFIED,DIRECT_ACCEPTED,1.0,VERIFIED_CROSS_CPSE,HUMAN_ACCEPTED_HARMONIZATION,Verified cross-CPSE harmonization mapping supported by Phase 7 human review ACCEPT on candidate CAN-043981 with cryptographic evidence hash ...,CAN-043981,VALIDATED_COMPATIBLE,ACCEPT,,SEAL_GASKET|GRAPHITE|100_MM
336b9457-8218-564e-8001-139adbcb3f1c,HPCL,HPCL-120186,"Level Transmitter, Polycarbonate, SIZE 4-20 mA 600#",CMM-INSTRU-7697FA-001,CMM-INSTRU-7697FA-001,MAPPED_VERIFIED,DIRECT_ACCEPTED,1.0,VERIFIED_CROSS_CPSE,HUMAN_ACCEPTED_HARMONIZATION,Verified cross-CPSE harmonization mapping supported by Phase 7 human review ACCEPT on candidate CAN-044221 with cryptographic evidence hash ...,CAN-044221,VALIDATED_COMPATIBLE,ACCEPT,,INSTRUMENTATION|POLYCARBONATE|4_20_MA|IEC_60529
f8af3136-f3a3-574f-bd41-2b0b22a5e34a,HPCL,HPCL-120187,RUBBER GASKET 2 in NBR 600#,CMM-SEALG-EA0F9C-001,CMM-SEALG-EA0F9C-001,MAPPED_VERIFIED,DIRECT_ACCEPTED,1.0,VERIFIED_CROSS_CPSE,HUMAN_ACCEPTED_HARMONIZATION,Verified cross-CPSE harmonization mapping supported by Phase 7 human review ACCEPT on candidate CAN-044581 with cryptographic evidence hash ...,CAN-044581,VALIDATED_COMPATIBLE,ACCEPT,,SEAL_GASKET|NBR|2_IN|2_IN|API_682|RUBBER
72713bb8-08fa-57a4-9666-ddd1aa0ba0e7,HPCL,HPCL-120188,"BV, SS304, SIZE 2 in 600#",CMM-VALVE-9B81E1-001,CMM-VALVE-9B81E1-001,MAPPED_STANDALONE,STANDALONE,1.0,STANDALONE_IDENTITY,STANDALONE_CANONICAL_SYNTHESIS,1-to-1 deterministic identity mapping to governed Phase 8 standalone CMM candidate. Does not imply cross-CPSE equivalence or harmonization.,,,,,VALVE|BALL_VALVE|STAINLESS_STEEL|SS_304|2_IN|ASME_B1634|ZINC_PLATED
d41aab56-5b32-56b2-aa39-6d118c2490a4,HPCL,HPCL-120189,IND.NEEDLE BEARING 22208 Chrome Steel 150#,CMM-BEARNG-39C22B-001,CMM-BEARNG-39C22B-001,REVIEW_REQUIRED,DIRECT_ACCEPTED,0.6,REVIEW_REQUIRED,AMBIGUOUS_ATTRIBUTE_HOLD,Attribute ambiguity in upstream candidate group; human review required.,,REVIEW_REQUIRED,,,BEARING|CHROME_STEEL|CHROME_STEEL|22208
6b3c37a6-7aa5-5bb6-8860-b48c6ad2e39b,HPCL,HPCL-120190,Reciprocating Pump 600# Alloy Steel 2 in x 1.5 in,CMM-PUMP-10BBEC-001,CMM-PUMP-10BBEC-001,MAPPED_STANDALONE,STANDALONE,1.0,STANDALONE_IDENTITY,STANDALONE_CANONICAL_SYNTHESIS,1-to-1 deterministic identity mapping to governed Phase 8 standalone CMM candidate. Does not imply cross-CPSE equivalence or harmonization.,,,,,PUMP|ALLOY_STEEL|2_IN_X_15_IN|2_IN_X_15_IN|ISO_2858
8c575d3f-5add-5787-be64-4b469fe0e7d2,HPCL,HPCL-120191,IND.Globe Valve 4 in SS304 600#,CMM-VALVE-9E9261-001,CMM-VALVE-9E9261-001,MAPPED_STANDALONE,STANDALONE,1.0,STANDALONE_IDENTITY,STANDALONE_CANONICAL_SYNTHESIS,1-to-1 deterministic identity mapping to governed Phase 8 standalone CMM candidate. Does not imply cross-CPSE equivalence or harmonization.,,,,,VALVE|GLOBE_VALVE|STAINLESS_STEEL|SS_304|4_IN|4_IN|API_600
95722747-c348-5540-a906-d7c3145c50e1,HPCL,HPCL-120192,STORES ITEM DN 80 LPG BOTTLING PUMP - Carbon Steel,CMM-PUMP-380B77-001,CMM-PUMP-380B77-001,MAPPED_STANDALONE,STANDALONE,1.0,STANDALONE_IDENTITY,STANDALONE_CANONICAL_SYNTHESIS,1-to-1 deterministic identity mapping to governed Phase 8 standalone CMM candidate. Does not imply cross-CPSE equivalence or harmonization.,,,,,PUMP|CARBON_STEEL|CARBON_STEEL|DN_80|DN_80|API_675
b645d7e6-85c7-5776-94dd-67e275af52a5,HPCL,HPCL-120193,SPARE-TANK FARM LEVEL GAUGE 0-20 m SS304,CMM-INSTRU-A7D80C-001,CMM-INSTRU-A7D80C-001,MAPPED_STANDALONE,STANDALONE,1.0,STANDALONE_IDENTITY,STANDALONE_CANONICAL_SYNTHESIS,1-to-1 deterministic identity mapping to governed Phase 8 standalone CMM candidate. Does not imply cross-CPSE equivalence or harmonization.,,,,,INSTRUMENTATION|STAINLESS_STEEL|SS_304|0_20_M|API_2350
12fc6628-c373-5f73-ae35-1ae28c8bc3c9,HPCL,HPCL-120194,IND.TANK FARM LEVEL GAUGE 0-20 m SS304,CMM-INSTRU-206534-001,CMM-INSTRU-206534-001,MAPPED_STANDALONE,STANDALONE,1.0,STANDALONE_IDENTITY,STANDALONE_CANONICAL_SYNTHESIS,1-to-1 deterministic identity mapping to governed Phase 8 standalone CMM candidate. Does not imply cross-CPSE equivalence or harmonization.,,,,,INSTRUMENTATION|STAINLESS_STEEL|SS_304|0_20_M|API_2350
b783d024-7bc9-525f-ab3b-2dd4f2a1214c,HPCL,HPCL-120195,LPG BOTTLING PUMP Carbon Steel DN 80,CMM-PUMP-6BDDAA-001,CMM-PUMP-6BDDAA-001,MAPPED_STANDALONE,STANDALONE,1.0,STANDALONE_IDENTITY,STANDALONE_CANONICAL_SYNTHESIS,1-to-1 deterministic identity mapping to governed Phase 8 standalone CMM candidate. Does not imply cross-CPSE equivalence or harmonization.,,,,,PUMP|CARBON_STEEL|CARBON_STEEL|DN_80|DN_80|API_675
e7471663-c73c-5c38-a0cf-3ecb57c98f6c,HPCL,HPCL-120196,IND.TANK FARM LEVEL GAUGE SS304 0-20 m,CMM-INSTRU-E2BD75-001,CMM-INSTRU-E2BD75-001,MAPPED_STANDALONE,STANDALONE,1.0,STANDALONE_IDENTITY,STANDALONE_CANONICAL_SYNTHESIS,1-to-1 deterministic identity mapping to governed Phase 8 standalone CMM candidate. Does not imply cross-CPSE equivalence or harmonization.,,,,,INSTRUMENTATION|STAINLESS_STEEL|SS_304|0_20_M|API_2350
b0170500-6d0f-5a4b-add5-292f17a926d5,HPCL,HPCL-120197,"IND.Tank Farm Level Gauge, SS304, SIZE 0-20 m",CMM-INSTRU-3DE2D9-001,CMM-INSTRU-3DE2D9-001,MAPPED_STANDALONE,STANDALONE,1.0,STANDALONE_IDENTITY,STANDALONE_CANONICAL_SYNTHESIS,1-to-1 deterministic identity mapping to governed Phase 8 standalone CMM candidate. Does not imply cross-CPSE equivalence or harmonization.,,,,,INSTRUMENTATION|STAINLESS_STEEL|SS_304|0_20_M|API_2350
bf77a5da-68cf-5521-8d34-3e9eb27def71,HPCL,HPCL-120198,TANK FARM LEVEL GAUGE SS304 0-20 m,CMM-INSTRU-0A8505-001,CMM-INSTRU-0A8505-001,MAPPED_STANDALONE,STANDALONE,1.0,STANDALONE_IDENTITY,STANDALONE_CANONICAL_SYNTHESIS,1-to-1 deterministic identity mapping to governed Phase 8 standalone CMM candidate. Does not imply cross-CPSE equivalence or harmonization.,,,,,INSTRUMENTATION|STAINLESS_STEEL|SS_304|0_20_M|API_2350
5553e0f2-e1a7-5722-8dc3-51cdd331e72e,HPCL,HPCL-120199,STORES ITEM DN 80 LPG BOTTLING PUMP - Carbon Steel,CMM-PUMP-7F40B3-001,CMM-PUMP-7F40B3-001,MAPPED_STANDALONE,STANDALONE,1.0,STANDALONE_IDENTITY,STANDALONE_CANONICAL_SYNTHESIS,1-to-1 deterministic identity mapping to governed Phase 8 standalone CMM candidate. Does not imply cross-CPSE equivalence or harmonization.,,,,,PUMP|CARBON_STEEL|CARBON_STEEL|DN_80|API_675|ZINC_PLATED
bcea1af0-9cc4-55be-8d54-2d00557311c3,HPCL,HPCL-120200,Tank Farm Level Gauge SS304 0-20 m,CMM-INSTRU-0B19E5-001,CMM-INSTRU-0B19E5-001,MAPPED_STANDALONE,STANDALONE,1.0,STANDALONE_IDENTITY,STANDALONE_CANONICAL_SYNTHESIS,1-to-1 deterministic identity mapping to governed Phase 8 standalone CMM candidate. Does not imply cross-CPSE equivalence or harmonization.,,,,,INSTRUMENTATION|STAINLESS_STEEL|SS_304|0_20_M|API_2350
7be88fc7-1b3d-5d98-a6f6-9169e65d1cd0,HPCL,HPCL-120201,IND.TANK FARM LEVEL GAUGE 0-20 m SS304,CMM-INSTRU-FA37B9-001,CMM-INSTRU-FA37B9-001,MAPPED_STANDALONE,STANDALONE,1.0,STANDALONE_IDENTITY,STANDALONE_CANONICAL_SYNTHESIS,1-to-1 deterministic identity mapping to governed Phase 8 standalone CMM candidate. Does not imply cross-CPSE equivalence or harmonization.,,,,,INSTRUMENTATION|STAINLESS_STEEL|SS_304|0_20_M|API_2350
eed2da28-bacd-552f-98b8-0636a4c4532b,HPCL,HPCL-120202,STORES ITEM LPG Bottling Pump Carbon Steel DN 80,CMM-PUMP-3A295D-001,CMM-PUMP-3A295D-001,MAPPED_STANDALONE,STANDALONE,1.0,STANDALONE_IDENTITY,STANDALONE_CANONICAL_SYNTHESIS,1-to-1 deterministic identity mapping to governed Phase 8 standalone CMM candidate. Does not imply cross-CPSE equivalence or harmonization.,,,,,PUMP|CARBON_STEEL|CARBON_STEEL|DN_80|DN_80|API_675
71821d1d-f32f-5f35-8fb4-ecce698b0478,HPCL,HPCL-120203,0-20 m Tank Farm Level Gauge - SS304,CMM-INSTRU-D11F50-001,CMM-INSTRU-D11F50-001,MAPPED_STANDALONE,STANDALONE,1.0,STANDALONE_IDENTITY,STANDALONE_CANONICAL_SYNTHESIS,1-to-1 deterministic identity mapping to governed Phase 8 standalone CMM candidate. Does not imply cross-CPSE equivalence or harmonization.,,,,,INSTRUMENTATION|STAINLESS_STEEL|SS_304|0_20_M|API_2350
91ed8c8f-b890-58c3-b28a-d7699e442482,HPCL,HPCL-120204,"SPARE-LPG BOTTLING PUMP, Carbon Steel, SIZE DN 80",CMM-PUMP-17CA42-001,CMM-PUMP-17CA42-001,MAPPED_STANDALONE,STANDALONE,1.0,STANDALONE_IDENTITY,STANDALONE_CANONICAL_SYNTHESIS,1-to-1 deterministic identity mapping to governed Phase 8 standalone CMM candidate. Does not imply cross-CPSE equivalence or harmonization.,,,,,PUMP|CARBON_STEEL|CARBON_STEEL|DN_80|DN_80|API_675
fa5cb156-3624-5d95-96f4-6b294b5982c0,HPCL,HPCL-120205,DN 80 LPG Bottling Pump - Carbon Steel,CMM-PUMP-D1A263-001,CMM-PUMP-D1A263-001,MAPPED_STANDALONE,STANDALONE,1.0,STANDALONE_IDENTITY,STANDALONE_CANONICAL_SYNTHESIS,1-to-1 deterministic identity mapping to governed Phase 8 standalone CMM candidate. Does not imply cross-CPSE equivalence or harmonization.,,,,,PUMP|CARBON_STEEL|CARBON_STEEL|DN_80|DN_80|API_675
40e0f7ae-ae7b-5acf-89fa-e6171731a96f,HPCL,HPCL-120206,LPG BOTTLING PUMP DN 80 Carbon Steel,CMM-PUMP-353345-001,CMM-PUMP-353345-001,MAPPED_STANDALONE,STANDALONE,1.0,STANDALONE_IDENTITY,STANDALONE_CANONICAL_SYNTHESIS,1-to-1 deterministic identity mapping to governed Phase 8 standalone CMM candidate. Does not imply cross-CPSE equivalence or harmonization.,,,,,PUMP|CARBON_STEEL|CARBON_STEEL|DN_80|API_675
e2b45aca-25ee-5b2c-9f2e-ea0eca723085,HPCL,HPCL-120207,Tank Farm Level Gauge SS304 0-20 m,CMM-INSTRU-1F0427-001,CMM-INSTRU-1F0427-001,MAPPED_STANDALONE,STANDALONE,1.0,STANDALONE_IDENTITY,STANDALONE_CANONICAL_SYNTHESIS,1-to-1 deterministic identity mapping to governed Phase 8 standalone CMM candidate. Does not imply cross-CPSE equivalence or harmonization.,,,,,INSTRUMENTATION|STAINLESS_STEEL|SS_304|0_20_M|API_2350
fe491e94-becb-586a-b990-67385e99283d,HPCL,HPCL-120208,SPARE-Tank Farm Level Gauge 0-20 m SS304,CMM-INSTRU-E32D55-001,CMM-INSTRU-E32D55-001,MAPPED_STANDALONE,STANDALONE,1.0,STANDALONE_IDENTITY,STANDALONE_CANONICAL_SYNTHESIS,1-to-1 deterministic identity mapping to governed Phase 8 standalone CMM candidate. Does not imply cross-CPSE equivalence or harmonization.,,,,,INSTRUMENTATION|STAINLESS_STEEL|SS_304|0_20_M|API_2350
4f5d62be-7e5c-54f3-98fc-de8f8e85e23a,HPCL,HPCL-120209,SPARE-Tank Farm Level Gauge SS304 0-20 m,CMM-INSTRU-AC7EC7-001,CMM-INSTRU-AC7EC7-001,MAPPED_STANDALONE,STANDALONE,1.0,STANDALONE_IDENTITY,STANDALONE_CANONICAL_SYNTHESIS,1-to-1 deterministic identity mapping to governed Phase 8 standalone CMM candidate. Does not imply cross-CPSE equivalence or harmonization.,,,,,INSTRUMENTATION|STAINLESS_STEEL|SS_304|0_20_M|API_2350
9db2f711-e494-5f3c-a664-84d994bfdafb,HPCL,HPCL-120210,LPG Bottling Pump Carbon Steel DN 80,CMM-PUMP-29649A-001,CMM-PUMP-29649A-001,MAPPED_STANDALONE,STANDALONE,1.0,STANDALONE_IDENTITY,STANDALONE_CANONICAL_SYNTHESIS,1-to-1 deterministic identity mapping to governed Phase 8 standalone CMM candidate. Does not imply cross-CPSE equivalence or harmonization.,,,,,PUMP|CARBON_STEEL|CARBON_STEEL|DN_80|DN_80|API_675
902def56-3c93-5911-bc22-a5fa1d58840e,HPCL,HPCL-120211,STORES ITEM 0-20 m Tank Farm Level Gauge - SS304,CMM-INSTRU-BD17DE-001,CMM-INSTRU-BD17DE-001,MAPPED_STANDALONE,STANDALONE,1.0,STANDALONE_IDENTITY,STANDALONE_CANONICAL_SYNTHESIS,1-to-1 deterministic identity mapping to governed Phase 8 standalone CMM candidate. Does not imply cross-CPSE equivalence or harmonization.,,,,,INSTRUMENTATION|STAINLESS_STEEL|SS_304|0_20_M|API_2350
ea7fcd20-ff08-5996-a6c4-53e800619ab4,HPCL,HPCL-120212,"LPG BOTTLING PUMP, Carbon Steel, SIZE DN 80",CMM-PUMP-CDEB5A-001,CMM-PUMP-CDEB5A-001,MAPPED_STANDALONE,STANDALONE,1.0,STANDALONE_IDENTITY,STANDALONE_CANONICAL_SYNTHESIS,1-to-1 deterministic identity mapping to governed Phase 8 standalone CMM candidate. Does not imply cross-CPSE equivalence or harmonization.,,,,,PUMP|CARBON_STEEL|CARBON_STEEL|DN_80|DN_80|API_675
a88cc760-8614-52c2-8243-2214b52c709f,HPCL,HPCL-120213,"LPG Bottling Pump, Carbon Steel, SIZE DN 80",CMM-PUMP-F5C782-001,CMM-PUMP-F5C782-001,MAPPED_STANDALONE,STANDALONE,1.0,STANDALONE_IDENTITY,STANDALONE_CANONICAL_SYNTHESIS,1-to-1 deterministic identity mapping to governed Phase 8 standalone CMM candidate. Does not imply cross-CPSE equivalence or harmonization.,,,,,PUMP|CARBON_STEEL|CARBON_STEEL|DN_80|DN_80|API_675
9a44ff01-ca0f-5b38-8c97-f714e5154203,HPCL,HPCL-120214,"STORES ITEM LPG Bottling Pump, Carbon Steel, SIZE DN 80",CMM-PUMP-8B76BE-001,CMM-PUMP-8B76BE-001,MAPPED_STANDALONE,STANDALONE,1.0,STANDALONE_IDENTITY,STANDALONE_CANONICAL_SYNTHESIS,1-to-1 deterministic identity mapping to governed Phase 8 standalone CMM candidate. Does not imply cross-CPSE equivalence or harmonization.,,,,,PUMP|CARBON_STEEL|CARBON_STEEL|DN_80|API_675
daf2d1c2-e627-5e9f-9acc-dafe6522b7e0,HPCL,HPCL-120215,STORES ITEM 0-20 m TANK FARM LEVEL GAUGE - SS304,CMM-INSTRU-921D2D-001,CMM-INSTRU-921D2D-001,MAPPED_STANDALONE,STANDALONE,1.0,STANDALONE_IDENTITY,STANDALONE_CANONICAL_SYNTHESIS,1-to-1 deterministic identity mapping to governed Phase 8 standalone CMM candidate. Does not imply cross-CPSE equivalence or harmonization.,,,,,INSTRUMENTATION|STAINLESS_STEEL|SS_304|0_20_M|API_2350
3cb55c6d-f563-5599-9086-f052ad2066db,HPCL,HPCL-120216,STORES ITEM 0-20 m TANK FARM LEVEL GAUGE - SS304,CMM-INSTRU-E29AB1-001,CMM-INSTRU-E29AB1-001,MAPPED_STANDALONE,STANDALONE,1.0,STANDALONE_IDENTITY,STANDALONE_CANONICAL_SYNTHESIS,1-to-1 deterministic identity mapping to governed Phase 8 standalone CMM candidate. Does not imply cross-CPSE equivalence or harmonization.,,,,,INSTRUMENTATION|STAINLESS_STEEL|SS_304|0_20_M|API_2350
11549b86-86b7-52ae-baab-84c49c6e86e0,HPCL,HPCL-120217,IND.DN 80 LPG Bottling Pump - Carbon Steel,CMM-PUMP-3E4DCE-001,CMM-PUMP-3E4DCE-001,MAPPED_STANDALONE,STANDALONE,1.0,STANDALONE_IDENTITY,STANDALONE_CANONICAL_SYNTHESIS,1-to-1 deterministic identity mapping to governed Phase 8 standalone CMM candidate. Does not imply cross-CPSE equivalence or harmonization.,,,,,PUMP|CARBON_STEEL|CARBON_STEEL|DN_80|API_675
fd7c9ac8-2f8c-5f4e-8def-e2c8c0766272,HPCL,HPCL-120218,DN 80 LPG BOTTLING PUMP - Carbon Steel,CMM-PUMP-B641EB-001,CMM-PUMP-B641EB-001,MAPPED_STANDALONE,STANDALONE,1.0,STANDALONE_IDENTITY,STANDALONE_CANONICAL_SYNTHESIS,1-to-1 deterministic identity mapping to governed Phase 8 standalone CMM candidate. Does not imply cross-CPSE equivalence or harmonization.,,,,,PUMP|CARBON_STEEL|CARBON_STEEL|DN_80|DN_80|API_675|EPOXY_COATED
975f5e5d-d281-5d98-a9be-195f199edc6f,HPCL,HPCL-120219,IND.0-20 m Tank Farm Level Gauge - SS304,CMM-INSTRU-05BCB8-001,CMM-INSTRU-05BCB8-001,MAPPED_STANDALONE,STANDALONE,1.0,STANDALONE_IDENTITY,STANDALONE_CANONICAL_SYNTHESIS,1-to-1 deterministic identity mapping to governed Phase 8 standalone CMM candidate. Does not imply cross-CPSE equivalence or harmonization.,,,,,INSTRUMENTATION|STAINLESS_STEEL|SS_304|0_20_M|API_2350
08a53dc3-4087-59b4-a0ea-d3c764b74ed7,HPCL,HPCL-120220,0-20 m Tank Farm Level Gauge - SS304,CMM-INSTRU-0B4CE5-001,CMM-INSTRU-0B4CE5-001,MAPPED_STANDALONE,STANDALONE,1.0,STANDALONE_IDENTITY,STANDALONE_CANONICAL_SYNTHESIS,1-to-1 deterministic identity mapping to governed Phase 8 standalone CMM candidate. Does not imply cross-CPSE equivalence or harmonization.,,,,,INSTRUMENTATION|STAINLESS_STEEL|SS_304|0_20_M|API_2350
c5b9c4d4-60b2-5876-874b-175ad5e56cbb,HPCL,HPCL-120221,SPARE-Tank Farm Level Gauge SS304 0-20 m,CMM-INSTRU-A60B7A-001,CMM-INSTRU-A60B7A-001,MAPPED_STANDALONE,STANDALONE,1.0,STANDALONE_IDENTITY,STANDALONE_CANONICAL_SYNTHESIS,1-to-1 deterministic identity mapping to governed Phase 8 standalone CMM candidate. Does not imply cross-CPSE equivalence or harmonization.,,,,,INSTRUMENTATION|STAINLESS_STEEL|SS_304|0_20_M|API_2350
06d58e7b-9553-5654-abef-0544959fdfd8,HPCL,HPCL-120222,SPARE-LPG BOTTLING PUMP Carbon Steel DN 80,CMM-PUMP-18DC6B-001,CMM-PUMP-18DC6B-001,MAPPED_STANDALONE,STANDALONE,1.0,STANDALONE_IDENTITY,STANDALONE_CANONICAL_SYNTHESIS,1-to-1 deterministic identity mapping to governed Phase 8 standalone CMM candidate. Does not imply cross-CPSE equivalence or harmonization.,,,,,PUMP|CARBON_STEEL|CARBON_STEEL|DN_80|DN_80|API_675|PTFE_LINED
73e3e7a3-1925-5bd8-b9a9-6e157f954409,HPCL,HPCL-120223,"LPG Bottling Pump, Carbon Steel, SIZE DN 80",CMM-PUMP-CAD34F-001,CMM-PUMP-CAD34F-001,MAPPED_STANDALONE,STANDALONE,1.0,STANDALONE_IDENTITY,STANDALONE_CANONICAL_SYNTHESIS,1-to-1 deterministic identity mapping to governed Phase 8 standalone CMM candidate. Does not imply cross-CPSE equivalence or harmonization.,,,,,PUMP|CARBON_STEEL|CARBON_STEEL|DN_80|API_675
bccfe8ee-2709-581f-aa2c-b367aac6c2fa,HPCL,HPCL-120224,"STORES ITEM TANK FARM LEVEL GAUGE, SS304, SIZE 0-20 m",CMM-INSTRU-35893A-001,CMM-INSTRU-35893A-001,MAPPED_STANDALONE,STANDALONE,1.0,STANDALONE_IDENTITY,STANDALONE_CANONICAL_SYNTHESIS,1-to-1 deterministic identity mapping to governed Phase 8 standalone CMM candidate. Does not imply cross-CPSE equivalence or harmonization.,,,,,INSTRUMENTATION|STAINLESS_STEEL|SS_304|0_20_M|API_2350
ab3a2c57-1937-560f-b80c-1c3656c310e8,HPCL,HPCL-120225,IND.DN 80 LPG Bottling Pump - Carbon Steel,CMM-PUMP-5EDC22-001,CMM-PUMP-5EDC22-001,MAPPED_STANDALONE,STANDALONE,1.0,STANDALONE_IDENTITY,STANDALONE_CANONICAL_SYNTHESIS,1-to-1 deterministic identity mapping to governed Phase 8 standalone CMM candidate. Does not imply cross-CPSE equivalence or harmonization.,,,,,PUMP|CARBON_STEEL|CARBON_STEEL|DN_80|API_675|ZINC_PLATED
25b7d3d3-3ef3-5ff3-a45f-d8293963e5a8,HPCL,HPCL-120226,IND.DN 80 LPG Bottling Pump - Carbon Steel,CMM-PUMP-79599A-001,CMM-PUMP-79599A-001,MAPPED_STANDALONE,STANDALONE,1.0,STANDALONE_IDENTITY,STANDALONE_CANONICAL_SYNTHESIS,1-to-1 deterministic identity mapping to governed Phase 8 standalone CMM candidate. Does not imply cross-CPSE equivalence or harmonization.,,,,,PUMP|CARBON_STEEL|CARBON_STEEL|DN_80|API_675|PTFE_LINED
99746d1c-d6bc-522c-89e2-f1147de90385,HPCL,HPCL-120227,SPARE-TANK FARM LEVEL GAUGE 0-20 m SS304,CMM-INSTRU-161206-001,CMM-INSTRU-161206-001,MAPPED_STANDALONE,STANDALONE,1.0,STANDALONE_IDENTITY,STANDALONE_CANONICAL_SYNTHESIS,1-to-1 deterministic identity mapping to governed Phase 8 standalone CMM candidate. Does not imply cross-CPSE equivalence or harmonization.,,,,,INSTRUMENTATION|STAINLESS_STEEL|SS_304|0_20_M|API_2350
6a37c335-cca0-5e13-af96-fbc08c9ae03d,HPCL,HPCL-120228,SPARE-Tank Farm Level Gauge SS304 0-20 m,CMM-INSTRU-C19E45-001,CMM-INSTRU-C19E45-001,MAPPED_STANDALONE,STANDALONE,1.0,STANDALONE_IDENTITY,STANDALONE_CANONICAL_SYNTHESIS,1-to-1 deterministic identity mapping to governed Phase 8 standalone CMM candidate. Does not imply cross-CPSE equivalence or harmonization.,,,,,INSTRUMENTATION|STAINLESS_STEEL|SS_304|0_20_M|API_2350
17f4fe1f-3039-5cd3-b43f-b3a44e77a9e2,HPCL,HPCL-120229,Tank Farm Level Gauge SS304 0-20 m,CMM-INSTRU-2A021A-001,CMM-INSTRU-2A021A-001,MAPPED_STANDALONE,STANDALONE,1.0,STANDALONE_IDENTITY,STANDALONE_CANONICAL_SYNTHESIS,1-to-1 deterministic identity mapping to governed Phase 8 standalone CMM candidate. Does not imply cross-CPSE equivalence or harmonization.,,,,,INSTRUMENTATION|STAINLESS_STEEL|SS_304|0_20_M|API_2350
71ec0dd9-084b-58ad-956c-f1ebf96e1555,HPCL,HPCL-120230,"STORES ITEM LPG BOTTLING PUMP, Carbon Steel, SIZE DN 80",CMM-PUMP-4274F0-001,CMM-PUMP-4274F0-001,MAPPED_STANDALONE,STANDALONE,1.0,STANDALONE_IDENTITY,STANDALONE_CANONICAL_SYNTHESIS,1-to-1 deterministic identity mapping to governed Phase 8 standalone CMM candidate. Does not imply cross-CPSE equivalence or harmonization.,,,,,PUMP|CARBON_STEEL|CARBON_STEEL|DN_80|DN_80|API_675
ac1c2f68-099e-5259-8bf2-78e099f8281f,HPCL,HPCL-120231,"SPARE-Tank Farm Level Gauge, SS304, SIZE 0-20 m",CMM-INSTRU-2A4F7B-001,CMM-INSTRU-2A4F7B-001,MAPPED_STANDALONE,STANDALONE,1.0,STANDALONE_IDENTITY,STANDALONE_CANONICAL_SYNTHESIS,1-to-1 deterministic identity mapping to governed Phase 8 standalone CMM candidate. Does not imply cross-CPSE equivalence or harmonization.,,,,,INSTRUMENTATION|STAINLESS_STEEL|SS_304|0_20_M|API_2350
e6f8c912-2c45-5565-b8f1-0abe1eba32b8,HPCL,HPCL-120232,IND.LPG Bottling Pump DN 80 Carbon Steel,CMM-PUMP-3C44B6-001,CMM-PUMP-3C44B6-001,MAPPED_STANDALONE,STANDALONE,1.0,STANDALONE_IDENTITY,STANDALONE_CANONICAL_SYNTHESIS,1-to-1 deterministic identity mapping to governed Phase 8 standalone CMM candidate. Does not imply cross-CPSE equivalence or harmonization.,,,,,PUMP|CARBON_STEEL|CARBON_STEEL|DN_80|DN_80|API_675|GALVANIZED
67ac339c-3152-5b11-8d82-22bd3b17e6c6,HPCL,HPCL-120233,"SPARE-LPG Bottling Pump, Carbon Steel, SIZE DN 80",CMM-PUMP-AB7AFD-001,CMM-PUMP-AB7AFD-001,MAPPED_STANDALONE,STANDALONE,1.0,STANDALONE_IDENTITY,STANDALONE_CANONICAL_SYNTHESIS,1-to-1 deterministic identity mapping to governed Phase 8 standalone CMM candidate. Does not imply cross-CPSE equivalence or harmonization.,,,,,PUMP|CARBON_STEEL|CARBON_STEEL|DN_80|API_675
f3716268-0501-5e8d-bd56-4734686e952f,HPCL,HPCL-120234,IND.0-20 m Tank Farm Level Gauge - SS304,CMM-INSTRU-9A8BBD-001,CMM-INSTRU-9A8BBD-001,MAPPED_STANDALONE,STANDALONE,1.0,STANDALONE_IDENTITY,STANDALONE_CANONICAL_SYNTHESIS,1-to-1 deterministic identity mapping to governed Phase 8 standalone CMM candidate. Does not imply cross-CPSE equivalence or harmonization.,,,,,INSTRUMENTATION|STAINLESS_STEEL|SS_304|0_20_M|API_2350
27aad3df-206c-5058-a544-68cdd8276b33,HPCL,HPCL-120235,"Tank Farm Level Gauge, SS304, SIZE 0-20 m",CMM-INSTRU-70AE3A-001,CMM-INSTRU-70AE3A-001,MAPPED_STANDALONE,STANDALONE,1.0,STANDALONE_IDENTITY,STANDALONE_CANONICAL_SYNTHESIS,1-to-1 deterministic identity mapping to governed Phase 8 standalone CMM candidate. Does not imply cross-CPSE equivalence or harmonization.,,,,,INSTRUMENTATION|STAINLESS_STEEL|SS_304|0_20_M|API_2350
ed02754a-476a-5cbd-80d8-3797432bfaa5,HPCL,HPCL-120236,"TANK FARM LEVEL GAUGE, SS304, SIZE 0-20 m",CMM-INSTRU-839017-001,CMM-INSTRU-839017-001,MAPPED_STANDALONE,STANDALONE,1.0,STANDALONE_IDENTITY,STANDALONE_CANONICAL_SYNTHESIS,1-to-1 deterministic identity mapping to governed Phase 8 standalone CMM candidate. Does not imply cross-CPSE equivalence or harmonization.,,,,,INSTRUMENTATION|STAINLESS_STEEL|SS_304|0_20_M|API_2350
859d623f-e02d-59d9-9f90-1d6b67203fb6,HPCL,HPCL-120237,IND.LPG Bottling Pump Carbon Steel DN 80,CMM-PUMP-78BA26-001,CMM-PUMP-78BA26-001,MAPPED_STANDALONE,STANDALONE,1.0,STANDALONE_IDENTITY,STANDALONE_CANONICAL_SYNTHESIS,1-to-1 deterministic identity mapping to governed Phase 8 standalone CMM candidate. Does not imply cross-CPSE equivalence or harmonization.,,,,,PUMP|CARBON_STEEL|CARBON_STEEL|DN_80|API_675|ZINC_PLATED
7ea13aec-7fa7-5347-a115-821b8d035c26,HPCL,HPCL-120238,STORES ITEM TANK FARM LEVEL GAUGE SS304 0-20 m,CMM-INSTRU-BB5756-001,CMM-INSTRU-BB5756-001,MAPPED_STANDALONE,STANDALONE,1.0,STANDALONE_IDENTITY,STANDALONE_CANONICAL_SYNTHESIS,1-to-1 deterministic identity mapping to governed Phase 8 standalone CMM candidate. Does not imply cross-CPSE equivalence or harmonization.,,,,,INSTRUMENTATION|STAINLESS_STEEL|SS_304|0_20_M|API_2350
a23bdbd6-f99c-5355-a3fe-f80db8cfd71a,HPCL,HPCL-120239,"Tank Farm Level Gauge, SS304, SIZE 0-20 m",CMM-INSTRU-E503C1-001,CMM-INSTRU-E503C1-001,MAPPED_STANDALONE,STANDALONE,1.0,STANDALONE_IDENTITY,STANDALONE_CANONICAL_SYNTHESIS,1-to-1 deterministic identity mapping to governed Phase 8 standalone CMM candidate. Does not imply cross-CPSE equivalence or harmonization.,,,,,INSTRUMENTATION|STAINLESS_STEEL|SS_304|0_20_M|API_2350
3c35b2c5-e586-569c-af8d-09e370dee533,HPCL,HPCL-120240,"IND.LPG BOTTLING PUMP, Carbon Steel, SIZE DN 80",CMM-PUMP-3D5ACE-001,CMM-PUMP-3D5ACE-001,MAPPED_STANDALONE,STANDALONE,1.0,STANDALONE_IDENTITY,STANDALONE_CANONICAL_SYNTHESIS,1-to-1 deterministic identity mapping to governed Phase 8 standalone CMM candidate. Does not imply cross-CPSE equivalence or harmonization.,,,,,PUMP|CARBON_STEEL|CARBON_STEEL|DN_80|API_675
ec1ce30e-5fa6-56fb-b7fe-70c7b477054a,HPCL,HPCL-120241,LPG Bottling Pump Carbon Steel DN 80,CMM-PUMP-D01AD9-001,CMM-PUMP-D01AD9-001,MAPPED_STANDALONE,STANDALONE,1.0,STANDALONE_IDENTITY,STANDALONE_CANONICAL_SYNTHESIS,1-to-1 deterministic identity mapping to governed Phase 8 standalone CMM candidate. Does not imply cross-CPSE equivalence or harmonization.,,,,,PUMP|CARBON_STEEL|CARBON_STEEL|DN_80|API_675
6f8dfa33-2d99-5974-90ad-2e4508066f72,HPCL,HPCL-120242,"STORES ITEM LPG Bottling Pump, Carbon Steel, SIZE DN 80",CMM-PUMP-FFC596-001,CMM-PUMP-FFC596-001,MAPPED_STANDALONE,STANDALONE,1.0,STANDALONE_IDENTITY,STANDALONE_CANONICAL_SYNTHESIS,1-to-1 deterministic identity mapping to governed Phase 8 standalone CMM candidate. Does not imply cross-CPSE equivalence or harmonization.,,,,,PUMP|CARBON_STEEL|CARBON_STEEL|DN_80|API_675
cd213b4e-41cf-59bf-b78a-9221d0e87616,HPCL,HPCL-120243,"SPARE-LPG Bottling Pump, Carbon Steel, SIZE DN 80",CMM-PUMP-EE6BE0-001,CMM-PUMP-EE6BE0-001,MAPPED_STANDALONE,STANDALONE,1.0,STANDALONE_IDENTITY,STANDALONE_CANONICAL_SYNTHESIS,1-to-1 deterministic identity mapping to governed Phase 8 standalone CMM candidate. Does not imply cross-CPSE equivalence or harmonization.,,,,,PUMP|CARBON_STEEL|CARBON_STEEL|DN_80|DN_80|API_675
7fd102d0-535b-54ae-bd04-355290eaf065,HPCL,HPCL-120244,"TANK FARM LEVEL GAUGE, SS304, SIZE 0-20 m",CMM-INSTRU-31164A-001,CMM-INSTRU-31164A-001,MAPPED_STANDALONE,STANDALONE,1.0,STANDALONE_IDENTITY,STANDALONE_CANONICAL_SYNTHESIS,1-to-1 deterministic identity mapping to governed Phase 8 standalone CMM candidate. Does not imply cross-CPSE equivalence or harmonization.,,,,,INSTRUMENTATION|STAINLESS_STEEL|SS_304|0_20_M|API_2350
401c187c-b7a4-5772-a67b-7647f5aed7ad,HPCL,HPCL-120245,"LPG BOTTLING PUMP, Carbon Steel, SIZE DN 80",CMM-PUMP-7E6D57-001,CMM-PUMP-7E6D57-001,MAPPED_STANDALONE,STANDALONE,1.0,STANDALONE_IDENTITY,STANDALONE_CANONICAL_SYNTHESIS,1-to-1 deterministic identity mapping to governed Phase 8 standalone CMM candidate. Does not imply cross-CPSE equivalence or harmonization.,,,,,PUMP|CARBON_STEEL|CARBON_STEEL|DN_80|API_675
e284020f-1d58-5514-960d-3a9d635509ac,HPCL,HPCL-120246,STORES ITEM LPG BOTTLING PUMP DN 80 Carbon Steel,CMM-PUMP-ABADA7-001,CMM-PUMP-ABADA7-001,MAPPED_STANDALONE,STANDALONE,1.0,STANDALONE_IDENTITY,STANDALONE_CANONICAL_SYNTHESIS,1-to-1 deterministic identity mapping to governed Phase 8 standalone CMM candidate. Does not imply cross-CPSE equivalence or harmonization.,,,,,PUMP|CARBON_STEEL|CARBON_STEEL|DN_80|API_675
46b02b27-b2ff-5760-a16d-f749e1476a2e,HPCL,HPCL-120247,"IND.Tank Farm Level Gauge, SS304, SIZE 0-20 m",CMM-INSTRU-F9E8D4-001,CMM-INSTRU-F9E8D4-001,MAPPED_STANDALONE,STANDALONE,1.0,STANDALONE_IDENTITY,STANDALONE_CANONICAL_SYNTHESIS,1-to-1 deterministic identity mapping to governed Phase 8 standalone CMM candidate. Does not imply cross-CPSE equivalence or harmonization.,,,,,INSTRUMENTATION|STAINLESS_STEEL|SS_304|0_20_M|API_2350
0dc9015f-8887-5ea2-a11e-e4381db9c6dc,HPCL,HPCL-120248,"TANK FARM LEVEL GAUGE, SS304, SIZE 0-20 m",CMM-INSTRU-EAC10E-001,CMM-INSTRU-EAC10E-001,MAPPED_STANDALONE,STANDALONE,1.0,STANDALONE_IDENTITY,STANDALONE_CANONICAL_SYNTHESIS,1-to-1 deterministic identity mapping to governed Phase 8 standalone CMM candidate. Does not imply cross-CPSE equivalence or harmonization.,,,,,INSTRUMENTATION|STAINLESS_STEEL|SS_304|0_20_M|API_2350
e7994796-105d-5534-a86e-d4596ad2b2f3,HPCL,HPCL-120249,TANK FARM LEVEL GAUGE SS304 0-20 m,CMM-INSTRU-71B89B-001,CMM-INSTRU-71B89B-001,MAPPED_STANDALONE,STANDALONE,1.0,STANDALONE_IDENTITY,STANDALONE_CANONICAL_SYNTHESIS,1-to-1 deterministic identity mapping to governed Phase 8 standalone CMM candidate. Does not imply cross-CPSE equivalence or harmonization.,,,,,INSTRUMENTATION|STAINLESS_STEEL|SS_304|0_20_M|API_2350
3ba901af-7e47-5094-8840-8cdd48117537,HPCL,HPCL-120250,SPARE-LPG BOTTLING PUMP Carbon Steel DN 80,CMM-PUMP-E5F7C9-001,CMM-PUMP-E5F7C9-001,MAPPED_STANDALONE,STANDALONE,1.0,STANDALONE_IDENTITY,STANDALONE_CANONICAL_SYNTHESIS,1-to-1 deterministic identity mapping to governed Phase 8 standalone CMM candidate. Does not imply cross-CPSE equivalence or harmonization.,,,,,PUMP|CARBON_STEEL|CARBON_STEEL|DN_80|DN_80|API_675
499eee43-3af5-5ade-bc12-3f473c35effe,HPCL,HPCL-120251,"STORES ITEM TANK FARM LEVEL GAUGE, SS304, SIZE 0-20 m",CMM-INSTRU-AAA211-001,CMM-INSTRU-AAA211-001,MAPPED_STANDALONE,STANDALONE,1.0,STANDALONE_IDENTITY,STANDALONE_CANONICAL_SYNTHESIS,1-to-1 deterministic identity mapping to governed Phase 8 standalone CMM candidate. Does not imply cross-CPSE equivalence or harmonization.,,,,,INSTRUMENTATION|STAINLESS_STEEL|SS_304|0_20_M|API_2350
f3bb6795-07c3-5550-a5ad-337bd175915d,HPCL,HPCL-120252,SPARE-TANK FARM LEVEL GAUGE SS304 0-20 m,CMM-INSTRU-8059CB-001,CMM-INSTRU-8059CB-001,MAPPED_STANDALONE,STANDALONE,1.0,STANDALONE_IDENTITY,STANDALONE_CANONICAL_SYNTHESIS,1-to-1 deterministic identity mapping to governed Phase 8 standalone CMM candidate. Does not imply cross-CPSE equivalence or harmonization.,,,,,INSTRUMENTATION|STAINLESS_STEEL|SS_304|0_20_M|API_2350
826c70e5-c815-5ae1-a29d-5d96ad6b99da,HPCL,HPCL-120253,LPG Bottling Pump Carbon Steel DN 80,CMM-PUMP-06B966-001,CMM-PUMP-06B966-001,MAPPED_STANDALONE,STANDALONE,1.0,STANDALONE_IDENTITY,STANDALONE_CANONICAL_SYNTHESIS,1-to-1 deterministic identity mapping to governed Phase 8 standalone CMM candidate. Does not imply cross-CPSE equivalence or harmonization.,,,,,PUMP|CARBON_STEEL|CARBON_STEEL|DN_80|API_675
83d37aca-6ec0-58c8-bf82-4aab740f2421,HPCL,HPCL-120254,IND.DN 80 LPG BOTTLING PUMP - Carbon Steel,CMM-PUMP-E68106-001,CMM-PUMP-E68106-001,MAPPED_STANDALONE,STANDALONE,1.0,STANDALONE_IDENTITY,STANDALONE_CANONICAL_SYNTHESIS,1-to-1 deterministic identity mapping to governed Phase 8 standalone CMM candidate. Does not imply cross-CPSE equivalence or harmonization.,,,,,PUMP|CARBON_STEEL|CARBON_STEEL|DN_80|API_675
f38291cb-7a31-5649-aca1-3a64086ee8b7,HPCL,HPCL-120255,DN 80 LPG Bottling Pump - Carbon Steel,CMM-PUMP-1ECC4D-001,CMM-PUMP-1ECC4D-001,MAPPED_STANDALONE,STANDALONE,1.0,STANDALONE_IDENTITY,STANDALONE_CANONICAL_SYNTHESIS,1-to-1 deterministic identity mapping to governed Phase 8 standalone CMM candidate. Does not imply cross-CPSE equivalence or harmonization.,,,,,PUMP|CARBON_STEEL|CARBON_STEEL|DN_80|DN_80|API_675
b58f2174-2e9c-5da9-927e-42bc22868308,HPCL,HPCL-120256,"Tank Farm Level Gauge, SS304, SIZE 0-20 m",CMM-INSTRU-441159-001,CMM-INSTRU-441159-001,MAPPED_STANDALONE,STANDALONE,1.0,STANDALONE_IDENTITY,STANDALONE_CANONICAL_SYNTHESIS,1-to-1 deterministic identity mapping to governed Phase 8 standalone CMM candidate. Does not imply cross-CPSE equivalence or harmonization.,,,,,INSTRUMENTATION|STAINLESS_STEEL|SS_304|0_20_M|API_2350
4ec27f36-18b7-5ecd-abe9-59882c3f31d0,HPCL,HPCL-120257,"SPARE-LPG Bottling Pump, Carbon Steel, SIZE DN 80",CMM-PUMP-9C898C-001,CMM-PUMP-9C898C-001,MAPPED_STANDALONE,STANDALONE,1.0,STANDALONE_IDENTITY,STANDALONE_CANONICAL_SYNTHESIS,1-to-1 deterministic identity mapping to governed Phase 8 standalone CMM candidate. Does not imply cross-CPSE equivalence or harmonization.,,,,,PUMP|CARBON_STEEL|CARBON_STEEL|DN_80|API_675
74af4d14-de23-5f3d-b95a-1839518a0a4d,HPCL,HPCL-120258,Tank Farm Level Gauge SS304 0-20 m,CMM-INSTRU-A525E5-001,CMM-INSTRU-A525E5-001,MAPPED_STANDALONE,STANDALONE,1.0,STANDALONE_IDENTITY,STANDALONE_CANONICAL_SYNTHESIS,1-to-1 deterministic identity mapping to governed Phase 8 standalone CMM candidate. Does not imply cross-CPSE equivalence or harmonization.,,,,,INSTRUMENTATION|STAINLESS_STEEL|SS_304|0_20_M|API_2350
3f25886c-b653-5d6e-8895-7209d20141c2,HPCL,HPCL-120259,SPARE-TANK FARM LEVEL GAUGE 0-20 m SS304,CMM-INSTRU-763724-001,CMM-INSTRU-763724-001,MAPPED_STANDALONE,STANDALONE,1.0,STANDALONE_IDENTITY,STANDALONE_CANONICAL_SYNTHESIS,1-to-1 deterministic identity mapping to governed Phase 8 standalone CMM candidate. Does not imply cross-CPSE equivalence or harmonization.,,,,,INSTRUMENTATION|STAINLESS_STEEL|SS_304|0_20_M|API_2350
b8925fe4-50bb-52e1-8910-3fae3a85fc95,HPCL,HPCL-120260,IND.0-20 m TANK FARM LEVEL GAUGE - SS304,CMM-INSTRU-37E984-001,CMM-INSTRU-37E984-001,MAPPED_STANDALONE,STANDALONE,1.0,STANDALONE_IDENTITY,STANDALONE_CANONICAL_SYNTHESIS,1-to-1 deterministic identity mapping to governed Phase 8 standalone CMM candidate. Does not imply cross-CPSE equivalence or harmonization.,,,,,INSTRUMENTATION|STAINLESS_STEEL|SS_304|0_20_M|API_2350
96981420-747c-57cf-b43f-e42d0864e0b3,HPCL,HPCL-120261,IND.LPG Bottling Pump DN 80 Carbon Steel,CMM-PUMP-5B4120-001,CMM-PUMP-5B4120-001,MAPPED_STANDALONE,STANDALONE,1.0,STANDALONE_IDENTITY,STANDALONE_CANONICAL_SYNTHESIS,1-to-1 deterministic identity mapping to governed Phase 8 standalone CMM candidate. Does not imply cross-CPSE equivalence or harmonization.,,,,,PUMP|CARBON_STEEL|CARBON_STEEL|DN_80|DN_80|API_675
36bf8884-2af4-5012-8a4b-3c99886abc8a,HPCL,HPCL-120262,"IND.LPG BOTTLING PUMP, Carbon Steel, SIZE DN 80",CMM-PUMP-BF91E1-001,CMM-PUMP-BF91E1-001,MAPPED_STANDALONE,STANDALONE,1.0,STANDALONE_IDENTITY,STANDALONE_CANONICAL_SYNTHESIS,1-to-1 deterministic identity mapping to governed Phase 8 standalone CMM candidate. Does not imply cross-CPSE equivalence or harmonization.,,,,,PUMP|CARBON_STEEL|CARBON_STEEL|DN_80|API_675
ef6765a5-d624-58d4-a1d6-a17304470e2a,HPCL,HPCL-120263,STORES ITEM LPG Bottling Pump DN 80 Carbon Steel,CMM-PUMP-17F830-001,CMM-PUMP-17F830-001,MAPPED_STANDALONE,STANDALONE,1.0,STANDALONE_IDENTITY,STANDALONE_CANONICAL_SYNTHESIS,1-to-1 deterministic identity mapping to governed Phase 8 standalone CMM candidate. Does not imply cross-CPSE equivalence or harmonization.,,,,,PUMP|CARBON_STEEL|CARBON_STEEL|DN_80|API_675|GALVANIZED
7e1464a0-bda1-5f79-b90d-1b6d9e9a36b8,HPCL,HPCL-120264,SPARE-TANK FARM LEVEL GAUGE SS304 0-20 m,CMM-INSTRU-DF6A79-001,CMM-INSTRU-DF6A79-001,MAPPED_STANDALONE,STANDALONE,1.0,STANDALONE_IDENTITY,STANDALONE_CANONICAL_SYNTHESIS,1-to-1 deterministic identity mapping to governed Phase 8 standalone CMM candidate. Does not imply cross-CPSE equivalence or harmonization.,,,,,INSTRUMENTATION|STAINLESS_STEEL|SS_304|0_20_M|API_2350
2c76896c-ec57-500c-a5cc-8d38e15d7b45,HPCL,HPCL-120265,IND.TANK FARM LEVEL GAUGE SS304 0-20 m,CMM-INSTRU-63802F-001,CMM-INSTRU-63802F-001,MAPPED_STANDALONE,STANDALONE,1.0,STANDALONE_IDENTITY,STANDALONE_CANONICAL_SYNTHESIS,1-to-1 deterministic identity mapping to governed Phase 8 standalone CMM candidate. Does not imply cross-CPSE equivalence or harmonization.,,,,,INSTRUMENTATION|STAINLESS_STEEL|SS_304|0_20_M|API_2350
e599e7cd-7444-5360-9cf5-2fb452863d41,HPCL,HPCL-120266,LPG Bottling Pump DN 80 Carbon Steel,CMM-PUMP-C1B804-001,CMM-PUMP-C1B804-001,MAPPED_STANDALONE,STANDALONE,1.0,STANDALONE_IDENTITY,STANDALONE_CANONICAL_SYNTHESIS,1-to-1 deterministic identity mapping to governed Phase 8 standalone CMM candidate. Does not imply cross-CPSE equivalence or harmonization.,,,,,PUMP|CARBON_STEEL|CARBON_STEEL|DN_80|API_675|EPOXY_COATED
bab8ca67-45eb-5cce-b6b4-30f0b39c46c6,HPCL,HPCL-120267,"TANK FARM LEVEL GAUGE, SS304, SIZE 0-20 m",CMM-INSTRU-506F2A-001,CMM-INSTRU-506F2A-001,MAPPED_STANDALONE,STANDALONE,1.0,STANDALONE_IDENTITY,STANDALONE_CANONICAL_SYNTHESIS,1-to-1 deterministic identity mapping to governed Phase 8 standalone CMM candidate. Does not imply cross-CPSE equivalence or harmonization.,,,,,INSTRUMENTATION|STAINLESS_STEEL|SS_304|0_20_M|API_2350
4ca176f2-7091-5799-9b0c-20ad64a2cf6a,HPCL,HPCL-120268,"IND.LPG BOTTLING PUMP, Carbon Steel, SIZE DN 80",CMM-PUMP-DFF5C6-001,CMM-PUMP-DFF5C6-001,MAPPED_STANDALONE,STANDALONE,1.0,STANDALONE_IDENTITY,STANDALONE_CANONICAL_SYNTHESIS,1-to-1 deterministic identity mapping to governed Phase 8 standalone CMM candidate. Does not imply cross-CPSE equivalence or harmonization.,,,,,PUMP|CARBON_STEEL|CARBON_STEEL|DN_80|API_675|ZINC_PLATED
93d08b60-46ef-5ed6-b7d8-7945af5b3d63,HPCL,HPCL-120269,"SPARE-Tank Farm Level Gauge, SS304, SIZE 0-20 m",CMM-INSTRU-E6A7DD-001,CMM-INSTRU-E6A7DD-001,MAPPED_STANDALONE,STANDALONE,1.0,STANDALONE_IDENTITY,STANDALONE_CANONICAL_SYNTHESIS,1-to-1 deterministic identity mapping to governed Phase 8 standalone CMM candidate. Does not imply cross-CPSE equivalence or harmonization.,,,,,INSTRUMENTATION|STAINLESS_STEEL|SS_304|0_20_M|API_2350
61ab90c9-f1ec-5544-a492-0318c62a5dda,HPCL,HPCL-120270,LPG Bottling Pump Carbon Steel DN 80,CMM-PUMP-64429F-001,CMM-PUMP-64429F-001,MAPPED_STANDALONE,STANDALONE,1.0,STANDALONE_IDENTITY,STANDALONE_CANONICAL_SYNTHESIS,1-to-1 deterministic identity mapping to governed Phase 8 standalone CMM candidate. Does not imply cross-CPSE equivalence or harmonization.,,,,,PUMP|CARBON_STEEL|CARBON_STEEL|DN_80|DN_80|API_675|ZINC_PLATED
1a0b867a-9c3d-5a77-ba1d-7fd8ed1aba06,HPCL,HPCL-120271,STORES ITEM 0-20 m TANK FARM LEVEL GAUGE - SS304,CMM-INSTRU-81A3AD-001,CMM-INSTRU-81A3AD-001,MAPPED_STANDALONE,STANDALONE,1.0,STANDALONE_IDENTITY,STANDALONE_CANONICAL_SYNTHESIS,1-to-1 deterministic identity mapping to governed Phase 8 standalone CMM candidate. Does not imply cross-CPSE equivalence or harmonization.,,,,,INSTRUMENTATION|STAINLESS_STEEL|SS_304|0_20_M|API_2350
3d5846c3-a211-5972-9a52-206f0f7292bc,HPCL,HPCL-120272,IND.LPG Bottling Pump Carbon Steel DN 80,CMM-PUMP-04B5DC-001,CMM-PUMP-04B5DC-001,MAPPED_STANDALONE,STANDALONE,1.0,STANDALONE_IDENTITY,STANDALONE_CANONICAL_SYNTHESIS,1-to-1 deterministic identity mapping to governed Phase 8 standalone CMM candidate. Does not imply cross-CPSE equivalence or harmonization.,,,,,PUMP|CARBON_STEEL|CARBON_STEEL|DN_80|DN_80|API_675
b04e4cf2-88ba-5eca-9472-a9b6a76b35ae,HPCL,HPCL-120273,"IND.LPG Bottling Pump, Carbon Steel, SIZE DN 80",CMM-PUMP-725848-001,CMM-PUMP-725848-001,MAPPED_STANDALONE,STANDALONE,1.0,STANDALONE_IDENTITY,STANDALONE_CANONICAL_SYNTHESIS,1-to-1 deterministic identity mapping to governed Phase 8 standalone CMM candidate. Does not imply cross-CPSE equivalence or harmonization.,,,,,PUMP|CARBON_STEEL|CARBON_STEEL|DN_80|API_675
8d96bf44-7dbb-5fa3-92b6-5a47df008806,HPCL,HPCL-120274,LPG Bottling Pump DN 80 Carbon Steel,CMM-PUMP-D1CD5C-001,CMM-PUMP-D1CD5C-001,MAPPED_STANDALONE,STANDALONE,1.0,STANDALONE_IDENTITY,STANDALONE_CANONICAL_SYNTHESIS,1-to-1 deterministic identity mapping to governed Phase 8 standalone CMM candidate. Does not imply cross-CPSE equivalence or harmonization.,,,,,PUMP|CARBON_STEEL|CARBON_STEEL|DN_80|API_675
1e93e8e3-8cce-51ca-b7fa-784d7b7048eb,HPCL,HPCL-120275,STORES ITEM DN 80 LPG Bottling Pump - Carbon Steel,CMM-PUMP-B74A23-001,CMM-PUMP-B74A23-001,MAPPED_STANDALONE,STANDALONE,1.0,STANDALONE_IDENTITY,STANDALONE_CANONICAL_SYNTHESIS,1-to-1 deterministic identity mapping to governed Phase 8 standalone CMM candidate. Does not imply cross-CPSE equivalence or harmonization.,,,,,PUMP|CARBON_STEEL|CARBON_STEEL|DN_80|API_675
e6acd1c6-f559-5016-b441-66d982e71f81,IOCL,IOCL-110001,CENT. PUMP SS316 DN 100,CMM-PUMP-EFB17A-001,CMM-PUMP-EFB17A-001,MAPPED_VERIFIED,DIRECT_ACCEPTED,1.0,VERIFIED_CROSS_CPSE,HUMAN_ACCEPTED_HARMONIZATION,Verified cross-CPSE harmonization mapping supported by Phase 7 human review ACCEPT on candidate CAN-000215 with cryptographic evidence hash ...,CAN-000215,VALIDATED_COMPATIBLE,ACCEPT,,PUMP|CENTRIFUGAL_PUMP|STAINLESS_STEEL|SS_316|DN_100|API_610
b7343375-8883-540f-b072-547e582d6ec4,IOCL,IOCL-110002,CONTROL VALVE 2 in WCB,CMM-VALVE-992419-001,CMM-VALVE-992419-001,MAPPED_VERIFIED,DIRECT_ACCEPTED,1.0,VERIFIED_CROSS_CPSE,HUMAN_ACCEPTED_HARMONIZATION,Verified cross-CPSE harmonization mapping supported by Phase 7 human review ACCEPT on candidate CAN-000303 with cryptographic evidence hash ...,CAN-000303,VALIDATED_COMPATIBLE,ACCEPT,,VALVE|ASTM_A216_WCB|2_IN|API_598
7f189470-03f0-5cfd-baa9-8d5b4159e6a6,IOCL,IOCL-110003,"XLPE Cable, XLPE Insulated, SIZE 4C x 25 sq mm",CMM-ELECTR-AD2D59-001,CMM-ELECTR-AD2D59-001,MAPPED_VERIFIED,DIRECT_ACCEPTED,1.0,VERIFIED_CROSS_CPSE,HUMAN_ACCEPTED_HARMONIZATION,Verified cross-CPSE harmonization mapping supported by Phase 7 human review ACCEPT on candidate CAN-000422 with cryptographic evidence hash ...,CAN-000422,VALIDATED_COMPATIBLE,ACCEPT,,ELECTRICAL|CABLE|XLPE|XLPE_INSULATED|4C_X_25_SQ_MM|100_M|IEC_60502
9339aac8-a53b-56c9-8710-edf4bd68f32a,IOCL,IOCL-110004,"SPARE-Reciprocating Pump, Carbon Steel, SIZE DN 80",CMM-PUMP-986768-001,CMM-PUMP-986768-001,MAPPED_VERIFIED,DIRECT_ACCEPTED,1.0,VERIFIED_CROSS_CPSE,HUMAN_ACCEPTED_HARMONIZATION,Verified cross-CPSE harmonization mapping supported by Phase 7 human review ACCEPT on candidate CAN-000635 with cryptographic evidence hash ...,CAN-000635,VALIDATED_COMPATIBLE,ACCEPT,,PUMP|CARBON_STEEL|CARBON_STEEL|DN_80|DN_80|IS_1520|PTFE_LINED
baf3bcb5-feb0-5874-8c7f-4303db7fc933,IOCL,IOCL-110005,IND.FLANGE IS 2062 DN 50,CMM-PIPEF-779420-001,CMM-PIPEF-779420-001,MAPPED_VERIFIED,DIRECT_ACCEPTED,1.0,VERIFIED_CROSS_CPSE,HUMAN_ACCEPTED_HARMONIZATION,Verified cross-CPSE harmonization mapping supported by Phase 7 human review ACCEPT on candidate CAN-000753 with cryptographic evidence hash ...,CAN-000753,VALIDATED_COMPATIBLE,ACCEPT,,PIPE_FITTING|FLANGE|IS_2062|DN_50|12_M|150_MM|ASME_B165|GALVANIZED
05f957dc-b856-5a16-9600-972c6c6fb11b,IOCL,IOCL-110006,IND.REDUCER DN 100 ASTM A106 Gr B,CMM-PIPEF-C9F1AA-001,CMM-PIPEF-C9F1AA-001,MAPPED_VERIFIED,DIRECT_ACCEPTED,1.0,VERIFIED_CROSS_CPSE,HUMAN_ACCEPTED_HARMONIZATION,Verified cross-CPSE harmonization mapping supported by Phase 7 human review ACCEPT on candidate CAN-001294 with cryptographic evidence hash ...,CAN-001294,VALIDATED_COMPATIBLE,ACCEPT,,PIPE_FITTING|ASTM_A106_GRB|DN_100|12_M|DN_100|API_5L|EPOXY_COATED
035466f5-8f7e-50dc-b3da-fcc7d40e5e8e,IOCL,IOCL-110007,3C x 95 sq mm XLPE CABLE - Aluminium,CMM-ELECTR-79A6DD-001,CMM-ELECTR-79A6DD-001,MAPPED_VERIFIED,DIRECT_ACCEPTED,1.0,VERIFIED_CROSS_CPSE,HUMAN_ACCEPTED_HARMONIZATION,Verified cross-CPSE harmonization mapping supported by Phase 7 human review ACCEPT on candidate CAN-001625 with cryptographic evidence hash ...,CAN-001625,VALIDATED_COMPATIBLE,ACCEPT,,ELECTRICAL|CABLE|XLPE|ALUMINIUM|3C_X_95_SQ_MM|IS_2026
84ee79b6-ec7c-56fa-b675-b3e27a373120,IOCL,IOCL-110008,STORES ITEM M12 x 50 HEX NUT - Grade 8.8,CMM-FASTNR-412B68-001,CMM-FASTNR-412B68-001,REVIEW_REQUIRED,DIRECT_ACCEPTED,0.6,REVIEW_REQUIRED,AMBIGUOUS_ATTRIBUTE_HOLD,Attribute ambiguity in upstream candidate group; human review required.,,REVIEW_REQUIRED,,,FASTENER|NUT|HEX|GRADE_88|M12_X_50|50_MM|ASTM_A193
766357c7-4cc2-5fb3-a5b0-cfc016810abb,IOCL,IOCL-110009,SPARE-Control Valve WCB 1/2 in,CMM-VALVE-24B4BF-001,CMM-VALVE-24B4BF-001,MAPPED_VERIFIED,DIRECT_ACCEPTED,1.0,VERIFIED_CROSS_CPSE,HUMAN_ACCEPTED_HARMONIZATION,Verified cross-CPSE harmonization mapping supported by Phase 7 human review ACCEPT on candidate CAN-001954 with cryptographic evidence hash ...,CAN-001954,VALIDATED_COMPATIBLE,ACCEPT,,VALVE|ASTM_A216_WCB|1_2_IN|API_598|ZINC_PLATED
d1c68cbb-6682-57c8-8484-221f60d31fe3,IOCL,IOCL-110010,IND.NEEDLE BEARING AISI 52100 6304,CMM-BEARNG-668968-001,CMM-BEARNG-668968-001,REVIEW_REQUIRED,DIRECT_ACCEPTED,0.6,REVIEW_REQUIRED,AMBIGUOUS_ATTRIBUTE_HOLD,Attribute ambiguity in upstream candidate group; human review required.,,REVIEW_REQUIRED,,,BEARING|AISI_52100|6304|ISO_15
9185ea14-a6a1-5459-9490-e3b91bd79eb6,IOCL,IOCL-110011,"BOLT HEX, Grade B7, SIZE M16 x 65",CMM-FASTNR-3AF121-001,CMM-FASTNR-3AF121-001,MAPPED_VERIFIED,DIRECT_ACCEPTED,1.0,VERIFIED_CROSS_CPSE,HUMAN_ACCEPTED_HARMONIZATION,Verified cross-CPSE harmonization mapping supported by Phase 7 human review ACCEPT on candidate CAN-002312 with cryptographic evidence hash ...,CAN-002312,VALIDATED_COMPATIBLE,ACCEPT,,FASTENER|BOLT|GRADE_B7|M16_X_65|65_MM|ASME_B182
5a75d815-52dd-57ae-be08-6dc7c47c6b7d,IOCL,IOCL-110012,FLOW METER Brass 4-20 mA,CMM-INSTRU-746A35-001,CMM-INSTRU-746A35-001,REVIEW_REQUIRED,DIRECT_ACCEPTED,0.6,REVIEW_REQUIRED,AMBIGUOUS_ATTRIBUTE_HOLD,Attribute ambiguity in upstream candidate group; human review required.,,REVIEW_REQUIRED,,,INSTRUMENTATION|BRASS|4_20_MA
ebe51bf5-5391-5494-a3ad-d13f1a046212,IOCL,IOCL-110013,O-RING NBR 2 in,CMM-SEALG-C4821B-001,CMM-SEALG-C4821B-001,MAPPED_VERIFIED,DIRECT_ACCEPTED,1.0,VERIFIED_CROSS_CPSE,HUMAN_ACCEPTED_HARMONIZATION,Verified cross-CPSE harmonization mapping supported by Phase 7 human review ACCEPT on candidate CAN-002612 with cryptographic evidence hash ...,CAN-002612,VALIDATED_COMPATIBLE,ACCEPT,,SEAL_GASKET|NBR|2_IN|PTFE_LINED
9b90abf6-2ce9-5514-a4a7-df30ca145a12,IOCL,IOCL-110014,"STORES ITEM FLANGE, IS 2062, SIZE DN 150",CMM-PIPEF-BBD3DF-001,CMM-PIPEF-BBD3DF-001,MAPPED_VERIFIED,DIRECT_ACCEPTED,1.0,VERIFIED_CROSS_CPSE,HUMAN_ACCEPTED_HARMONIZATION,Verified cross-CPSE harmonization mapping supported by Phase 7 human review ACCEPT on candidate CAN-002855 with cryptographic evidence hash ...,CAN-002855,VALIDATED_COMPATIBLE,ACCEPT,,PIPE_FITTING|FLANGE|IS_2062|DN_150|12_M|DN_150|ASTM_A106|GALVANIZED
2fd2f209-ae0d-5c13-9ac7-9d0f84a41aa8,IOCL,IOCL-110015,STORES ITEM Submersible Pump DN 100 SS316,CMM-PUMP-0F45F6-001,CMM-PUMP-0F45F6-001,MAPPED_VERIFIED,DIRECT_ACCEPTED,1.0,VERIFIED_CROSS_CPSE,HUMAN_ACCEPTED_HARMONIZATION,Verified cross-CPSE harmonization mapping supported by Phase 7 human review ACCEPT on candidate CAN-003154 with cryptographic evidence hash ...,CAN-003154,VALIDATED_COMPATIBLE,ACCEPT,,PUMP|STAINLESS_STEEL|SS_316|DN_100|DN_100|API_610
0046be09-989f-5774-b7b2-fd50e17d0b71,IOCL,IOCL-110016,IND.SUBMERSIBLE PUMP SS316 DN 80,CMM-PUMP-E31790-001,CMM-PUMP-E31790-001,MAPPED_VERIFIED,DIRECT_ACCEPTED,1.0,VERIFIED_CROSS_CPSE,HUMAN_ACCEPTED_HARMONIZATION,Verified cross-CPSE harmonization mapping supported by Phase 7 human review ACCEPT on candidate CAN-003272 with cryptographic evidence hash ...,CAN-003272,VALIDATED_COMPATIBLE,ACCEPT,,PUMP|STAINLESS_STEEL|SS_316|DN_80|DN_80|ISO_2858|PTFE_LINED
074a9f37-6aa6-5131-8b80-3c950a799deb,IOCL,IOCL-110017,SPARE-Submersible Pump DN 80 Carbon Steel,CMM-PUMP-F3916E-001,CMM-PUMP-F3916E-001,MAPPED_VERIFIED,DIRECT_ACCEPTED,1.0,VERIFIED_CROSS_CPSE,HUMAN_ACCEPTED_HARMONIZATION,Verified cross-CPSE harmonization mapping supported by Phase 7 human review ACCEPT on candidate CAN-003393 with cryptographic evidence hash ...,CAN-003393,VALIDATED_COMPATIBLE,ACCEPT,,PUMP|CARBON_STEEL|CARBON_STEEL|DN_80|IS_1520
dbf4820c-8f95-57d5-a554-3cc554d491e3,IOCL,IOCL-110018,"STORES ITEM VERTICAL TURBINE PUMP, Duplex Steel, SIZE 2 in x 1.5 in",CMM-PUMP-2F3FCE-001,CMM-PUMP-2F3FCE-001,MAPPED_VERIFIED,DIRECT_ACCEPTED,1.0,VERIFIED_CROSS_CPSE,HUMAN_ACCEPTED_HARMONIZATION,Verified cross-CPSE harmonization mapping supported by Phase 7 human review ACCEPT on candidate CAN-003662 with cryptographic evidence hash ...,CAN-003662,VALIDATED_COMPATIBLE,ACCEPT,,PUMP|DUPLEX_STEEL|2_IN_X_15_IN|API_610|VERTICAL
d6081a14-dcfd-52f0-bcd3-c97766ceb1f8,IOCL,IOCL-110019,4 in Gate Valve - SS316,CMM-VALVE-11F993-001,CMM-VALVE-11F993-001,MAPPED_VERIFIED,DIRECT_ACCEPTED,1.0,VERIFIED_CROSS_CPSE,HUMAN_ACCEPTED_HARMONIZATION,Verified cross-CPSE harmonization mapping supported by Phase 7 human review ACCEPT on candidate CAN-003815 with cryptographic evidence hash ...,CAN-003815,VALIDATED_COMPATIBLE,ACCEPT,,VALVE|GATE_VALVE|STAINLESS_STEEL|SS_316|4_IN|API_600
6abc35d3-d223-5c3a-9603-83c7c0976218,IOCL,IOCL-110020,"Seamless Pipe, SS316L, SIZE DN 100",CMM-PIPEF-814451-001,CMM-PIPEF-814451-001,MAPPED_VERIFIED,DIRECT_ACCEPTED,1.0,VERIFIED_CROSS_CPSE,HUMAN_ACCEPTED_HARMONIZATION,Verified cross-CPSE harmonization mapping supported by Phase 7 human review ACCEPT on candidate CAN-003993 with cryptographic evidence hash ...,CAN-003993,VALIDATED_COMPATIBLE,ACCEPT,,PIPE_FITTING|PIPE|STAINLESS_STEEL|SS_316L|DN_100|1000_MM|80_MM|IS_1239|EPOXY_COATED|SEAMLESS
b426734b-86bb-5232-9ee8-df0a85108ad4,IOCL,IOCL-110021,Mechanical Seal 100 mm PTFE,CMM-SEALG-9F5E86-001,CMM-SEALG-9F5E86-001,MAPPED_VERIFIED,DIRECT_ACCEPTED,1.0,VERIFIED_CROSS_CPSE,HUMAN_ACCEPTED_HARMONIZATION,Verified cross-CPSE harmonization mapping supported by Phase 7 human review ACCEPT on candidate CAN-004113 with cryptographic evidence hash ...,CAN-004113,VALIDATED_COMPATIBLE,ACCEPT,,SEAL_GASKET|PTFE|100_MM|GALVANIZED
f4c9e0d4-6599-500c-9d4f-6707c70ef899,IOCL,IOCL-110022,SPARE-HEX NUT Carbon Steel M10 x 40,CMM-FASTNR-26351F-001,CMM-FASTNR-26351F-001,MAPPED_VERIFIED,DIRECT_ACCEPTED,1.0,VERIFIED_CROSS_CPSE,HUMAN_ACCEPTED_HARMONIZATION,Verified cross-CPSE harmonization mapping supported by Phase 7 human review ACCEPT on candidate CAN-004292 with cryptographic evidence hash ...,CAN-004292,VALIDATED_COMPATIBLE,ACCEPT,,FASTENER|NUT|HEX|CARBON_STEEL|CARBON_STEEL|M10_X_40|40_MM|ASTM_A193|ZINC_PLATED
2ceddb6a-062f-5b0c-bb1c-56777732a2d0,IOCL,IOCL-110023,IND.Thrust Bearing Stainless Steel 6208,CMM-BEARNG-A2CB3C-001,CMM-BEARNG-A2CB3C-001,REVIEW_REQUIRED,DIRECT_ACCEPTED,0.6,REVIEW_REQUIRED,AMBIGUOUS_ATTRIBUTE_HOLD,Attribute ambiguity in upstream candidate group; human review required.,,REVIEW_REQUIRED,,,BEARING|STAINLESS_STEEL|STAINLESS_STEEL|6208|ISO_15
6b6f30df-78a4-5d73-96ef-ba1955a314de,IOCL,IOCL-110024,RTD SENSOR SS316 0-100 bar,CMM-INSTRU-59A2A6-001,CMM-INSTRU-59A2A6-001,MAPPED_VERIFIED,DIRECT_ACCEPTED,1.0,VERIFIED_CROSS_CPSE,HUMAN_ACCEPTED_HARMONIZATION,Verified cross-CPSE harmonization mapping supported by Phase 7 human review ACCEPT on candidate CAN-004624 with cryptographic evidence hash ...,CAN-004624,VALIDATED_COMPATIBLE,ACCEPT,,INSTRUMENTATION|STAINLESS_STEEL|SS_316|0_100_BAR|IEC_60529
113c9ce3-d357-5dcd-b683-c2d1d2953b8b,IOCL,IOCL-110025,SPARE-GLOBE VALVE 4 in LCB,CMM-VALVE-9903B8-001,CMM-VALVE-9903B8-001,MAPPED_VERIFIED,DIRECT_ACCEPTED,1.0,VERIFIED_CROSS_CPSE,HUMAN_ACCEPTED_HARMONIZATION,Verified cross-CPSE harmonization mapping supported by Phase 7 human review ACCEPT on candidate CAN-005135 with cryptographic evidence hash ...,CAN-005135,VALIDATED_COMPATIBLE,ACCEPT,,VALVE|GLOBE_VALVE|LCB|4_IN|4_IN|API_598|EPOXY_COATED
246e0cd9-722b-5fcc-95a0-12e306752a65,IOCL,IOCL-110026,65 mm Mechanical Seal - Graphite,CMM-SEALG-260F99-001,CMM-SEALG-260F99-001,MAPPED_VERIFIED,DIRECT_ACCEPTED,1.0,VERIFIED_CROSS_CPSE,HUMAN_ACCEPTED_HARMONIZATION,Verified cross-CPSE harmonization mapping supported by Phase 7 human review ACCEPT on candidate CAN-005315 with cryptographic evidence hash ...,CAN-005315,VALIDATED_COMPATIBLE,ACCEPT,,SEAL_GASKET|GRAPHITE|65_MM|ASME_B1620
69871ea4-2630-5b47-b03f-37548b599a47,IOCL,IOCL-110027,ANCHOR BOLT M20 x 80 Carbon Steel,CMM-FASTNR-B4A1EA-001,CMM-FASTNR-B4A1EA-001,MAPPED_VERIFIED,DIRECT_ACCEPTED,1.0,VERIFIED_CROSS_CPSE,HUMAN_ACCEPTED_HARMONIZATION,Verified cross-CPSE harmonization mapping supported by Phase 7 human review ACCEPT on candidate CAN-005434 with cryptographic evidence hash ...,CAN-005434,VALIDATED_COMPATIBLE,ACCEPT,,FASTENER|BOLT|CARBON_STEEL|CARBON_STEEL|M20_X_80|80_MM|ASME_B182
61f68a85-02fa-5835-a463-0625c650d3a5,IOCL,IOCL-110028,2 in Oil Seal - Viton,CMM-SEALG-29423B-001,CMM-SEALG-29423B-001,MAPPED_VERIFIED,DIRECT_ACCEPTED,1.0,VERIFIED_CROSS_CPSE,HUMAN_ACCEPTED_HARMONIZATION,Verified cross-CPSE harmonization mapping supported by Phase 7 human review ACCEPT on candidate CAN-005765 with cryptographic evidence hash ...,CAN-005765,VALIDATED_COMPATIBLE,ACCEPT,,SEAL_GASKET|LUBRICANT|VITON|2_IN|API_682|EPOXY_COATED
2fb44f32-502d-55d4-8b48-38a52730da53,IOCL,IOCL-110029,"SPARE-Spiral Wound Gasket, PTFE, SIZE 2 in",CMM-SEALG-C65128-001,CMM-SEALG-C65128-001,MAPPED_VERIFIED,DIRECT_ACCEPTED,1.0,VERIFIED_CROSS_CPSE,HUMAN_ACCEPTED_HARMONIZATION,Verified cross-CPSE harmonization mapping supported by Phase 7 human review ACCEPT on candidate CAN-006094 with cryptographic evidence hash ...,CAN-006094,VALIDATED_COMPATIBLE,ACCEPT,,SEAL_GASKET|SPIRAL_WOUND_GASKET|PTFE|2_IN|2_IN|API_682|PTFE
fc1bc70b-ebca-5533-999e-1c4f4568d6c2,IOCL,IOCL-110030,PRESSURE GAUGE 0-500 Deg C Polycarbonate,CMM-INSTRU-58342A-001,CMM-INSTRU-58342A-001,MAPPED_VERIFIED,DIRECT_ACCEPTED,1.0,VERIFIED_CROSS_CPSE,HUMAN_ACCEPTED_HARMONIZATION,Verified cross-CPSE harmonization mapping supported by Phase 7 human review ACCEPT on candidate CAN-006275 with cryptographic evidence hash ...,CAN-006275,VALIDATED_COMPATIBLE,ACCEPT,,INSTRUMENTATION|PRESSURE_GAUGE|POLYCARBONATE|0_500_DEG_C
491bc7ab-681b-5abe-a2d0-25fd634ac79d,IOCL,IOCL-110031,STORES ITEM 22208 Thrust Bearing - Stainless Steel,CMM-BEARNG-52104E-001,CMM-BEARNG-52104E-001,REVIEW_REQUIRED,DIRECT_ACCEPTED,0.6,REVIEW_REQUIRED,AMBIGUOUS_ATTRIBUTE_HOLD,Attribute ambiguity in upstream candidate group; human review required.,,REVIEW_REQUIRED,,,BEARING|STAINLESS_STEEL|STAINLESS_STEEL|22208
09f816be-e412-5d71-a772-2a6a888cb7b5,IOCL,IOCL-110032,"SPARE-Thrust Bearing, AISI 52100, SIZE 6304",CMM-BEARNG-67CA99-001,CMM-BEARNG-67CA99-001,REVIEW_REQUIRED,DIRECT_ACCEPTED,0.6,REVIEW_REQUIRED,AMBIGUOUS_ATTRIBUTE_HOLD,Attribute ambiguity in upstream candidate group; human review required.,,REVIEW_REQUIRED,,,BEARING|AISI_52100|6304
fd311f31-c84d-5bd9-9e26-df52b39d16b8,IOCL,IOCL-110033,SPARE-6 in ELBOW 90 DEG - ASTM A106 Gr B,CMM-PIPEF-F76C77-001,CMM-PIPEF-F76C77-001,MAPPED_VERIFIED,DIRECT_ACCEPTED,1.0,VERIFIED_CROSS_CPSE,HUMAN_ACCEPTED_HARMONIZATION,Verified cross-CPSE harmonization mapping supported by Phase 7 human review ACCEPT on candidate CAN-007325 with cryptographic evidence hash ...,CAN-007325,VALIDATED_COMPATIBLE,ACCEPT,,PIPE_FITTING|ELBOW|ASTM_A106_GRB|6_IN|6_M|25_MM|ASME_B165|GALVANIZED
8084cbd2-de1f-52af-a5f0-f832004d4da1,IOCL,IOCL-110034,SPARE-RECIPROCATING PUMP Carbon Steel 2 in x 1.5 in,CMM-PUMP-71A39E-001,CMM-PUMP-71A39E-001,MAPPED_VERIFIED,DIRECT_ACCEPTED,1.0,VERIFIED_CROSS_CPSE,HUMAN_ACCEPTED_HARMONIZATION,Verified cross-CPSE harmonization mapping supported by Phase 7 human review ACCEPT on candidate CAN-007474 with cryptographic evidence hash ...,CAN-007474,VALIDATED_COMPATIBLE,ACCEPT,,PUMP|CARBON_STEEL|CARBON_STEEL|2_IN_X_15_IN|2_IN_X_15_IN|API_610
95ffdf33-3859-5aad-bd6f-a99881652de6,IOCL,IOCL-110035,"SPARE-O-RING, NBR, SIZE 50 mm",CMM-SEALG-8A8051-001,CMM-SEALG-8A8051-001,MAPPED_VERIFIED,DIRECT_ACCEPTED,1.0,VERIFIED_CROSS_CPSE,HUMAN_ACCEPTED_HARMONIZATION,Verified cross-CPSE harmonization mapping supported by Phase 7 human review ACCEPT on candidate CAN-007532 with cryptographic evidence hash ...,CAN-007532,VALIDATED_COMPATIBLE,ACCEPT,,SEAL_GASKET|NBR|50_MM|ASME_B1620
38055d93-ed08-531b-88be-e3de095b88e9,IOCL,IOCL-110036,"SPIRAL WOUND GASKET, NBR, SIZE 50 mm",CMM-SEALG-66D3AC-001,CMM-SEALG-66D3AC-001,MAPPED_VERIFIED,DIRECT_ACCEPTED,1.0,VERIFIED_CROSS_CPSE,HUMAN_ACCEPTED_HARMONIZATION,Verified cross-CPSE harmonization mapping supported by Phase 7 human review ACCEPT on candidate CAN-007715 with cryptographic evidence hash ...,CAN-007715,VALIDATED_COMPATIBLE,ACCEPT,,SEAL_GASKET|SPIRAL_WOUND_GASKET|NBR|50_MM|50_MM|API_682|ZINC_PLATED
4ee0227c-a915-5c89-8453-d2da4e910b2e,IOCL,IOCL-110037,CIRCUIT BREAKER Aluminium 1C x 300 sq mm,CMM-ELECTR-C565E9-001,CMM-ELECTR-C565E9-001,MAPPED_VERIFIED,DIRECT_ACCEPTED,1.0,VERIFIED_CROSS_CPSE,HUMAN_ACCEPTED_HARMONIZATION,Verified cross-CPSE harmonization mapping supported by Phase 7 human review ACCEPT on candidate CAN-007983 with cryptographic evidence hash ...,CAN-007983,VALIDATED_COMPATIBLE,ACCEPT,,ELECTRICAL|ALUMINIUM|1C_X_300_SQ_MM|1000_M|IEC_60502
759a8e84-a99b-5f29-b71e-0d196777c20b,IOCL,IOCL-110038,"STORES ITEM Reciprocating Pump, Cast Iron, SIZE 2 in x 1.5 in",CMM-PUMP-DB6C55-001,CMM-PUMP-DB6C55-001,MAPPED_VERIFIED,DIRECT_ACCEPTED,1.0,VERIFIED_CROSS_CPSE,HUMAN_ACCEPTED_HARMONIZATION,Verified cross-CPSE harmonization mapping supported by Phase 7 human review ACCEPT on candidate CAN-008044 with cryptographic evidence hash ...,CAN-008044,VALIDATED_COMPATIBLE,ACCEPT,,PUMP|CAST_IRON|2_IN_X_15_IN|2_IN_X_15_IN|ISO_2858|GALVANIZED|CAST
b5eeccc8-a801-5908-bc36-88c7b55b5dfc,IOCL,IOCL-110039,STORES ITEM 415V 100A Induction Motor - Copper,CMM-ELECTR-E728FA-001,CMM-ELECTR-E728FA-001,REVIEW_REQUIRED,DIRECT_ACCEPTED,0.6,REVIEW_REQUIRED,AMBIGUOUS_ATTRIBUTE_HOLD,Attribute ambiguity in upstream candidate group; human review required.,,REVIEW_REQUIRED,,,ELECTRICAL|COPPER|415V_100A|100_M|IS_13947
dd593732-2242-5533-adf0-41f75dacf67a,IOCL,IOCL-110040,STORES ITEM 30205 BALL BRG - Stainless Steel,CMM-BEARNG-491461-001,CMM-BEARNG-491461-001,REVIEW_REQUIRED,DIRECT_ACCEPTED,0.6,REVIEW_REQUIRED,AMBIGUOUS_ATTRIBUTE_HOLD,Attribute ambiguity in upstream candidate group; human review required.,,REVIEW_REQUIRED,,,BEARING|BALL_BEARING|STAINLESS_STEEL|STAINLESS_STEEL|30205|ISO_15
4304d3ec-21c1-555d-a385-8fca51ad8a1f,IOCL,IOCL-110041,IND.1/2 in NPT RTD SENSOR - SS316,CMM-INSTRU-E82054-001,CMM-INSTRU-E82054-001,REVIEW_REQUIRED,DIRECT_ACCEPTED,0.6,REVIEW_REQUIRED,AMBIGUOUS_ATTRIBUTE_HOLD,Attribute ambiguity in upstream candidate group; human review required.,,REVIEW_REQUIRED,,,INSTRUMENTATION|STAINLESS_STEEL|SS_316|1_2_IN_NPT|IEC_60529
bcfef198-f192-5258-ad23-906371459ed5,IOCL,IOCL-110042,STORES ITEM 1C x 300 sq mm Distribution Transformer - XLPE Insulated,CMM-ELECTR-8C5683-001,CMM-ELECTR-8C5683-001,REVIEW_REQUIRED,DIRECT_ACCEPTED,0.6,REVIEW_REQUIRED,AMBIGUOUS_ATTRIBUTE_HOLD,Attribute ambiguity in upstream candidate group; human review required.,,REVIEW_REQUIRED,,,ELECTRICAL|XLPE|XLPE_INSULATED|1C_X_300_SQ_MM|IS_13947
0fb890a4-0e2e-54d7-8c0e-c3b719823652,IOCL,IOCL-110043,REDUCER 6 in SS316L,CMM-PIPEF-91DF1A-001,CMM-PIPEF-91DF1A-001,MAPPED_VERIFIED,DIRECT_ACCEPTED,1.0,VERIFIED_CROSS_CPSE,HUMAN_ACCEPTED_HARMONIZATION,Verified cross-CPSE harmonization mapping supported by Phase 7 human review ACCEPT on candidate CAN-009213 with cryptographic evidence hash ...,CAN-009213,VALIDATED_COMPATIBLE,ACCEPT,,PIPE_FITTING|STAINLESS_STEEL|SS_316L|6_IN|12_M|6_IN|IS_1239|GALVANIZED
9d009ced-fb8b-5bc6-bfd0-0e143e8c9b1b,IOCL,IOCL-110044,M10 x 40 FLAT WASHER - Carbon Steel,CMM-FASTNR-1AF629-001,CMM-FASTNR-1AF629-001,MAPPED_VERIFIED,DIRECT_ACCEPTED,1.0,VERIFIED_CROSS_CPSE,HUMAN_ACCEPTED_HARMONIZATION,Verified cross-CPSE harmonization mapping supported by Phase 7 human review ACCEPT on candidate CAN-009633 with cryptographic evidence hash ...,CAN-009633,VALIDATED_COMPATIBLE,ACCEPT,,FASTENER|WASHER|CARBON_STEEL|CARBON_STEEL|M10_X_40|40_MM|IS_1367
af4bc546-c37f-5073-8194-a10d5ba7e727,IOCL,IOCL-110045,M10 x 40 Hex Nut - SS304,CMM-FASTNR-459DCA-001,CMM-FASTNR-459DCA-001,MAPPED_VERIFIED,DIRECT_ACCEPTED,1.0,VERIFIED_CROSS_CPSE,HUMAN_ACCEPTED_HARMONIZATION,Verified cross-CPSE harmonization mapping supported by Phase 7 human review ACCEPT on candidate CAN-009843 with cryptographic evidence hash ...,CAN-009843,VALIDATED_COMPATIBLE,ACCEPT,,FASTENER|NUT|HEX|STAINLESS_STEEL|SS_304|M10_X_40|40_MM|IS_1367
84d097c9-3b50-56dd-bc5c-4794405f096e,IOCL,IOCL-110046,"IND.Centrifugal Pump, Duplex Steel, SIZE 3 in x 2 in",CMM-PUMP-82AEB3-001,CMM-PUMP-82AEB3-001,MAPPED_VERIFIED,DIRECT_ACCEPTED,1.0,VERIFIED_CROSS_CPSE,HUMAN_ACCEPTED_HARMONIZATION,Verified cross-CPSE harmonization mapping supported by Phase 7 human review ACCEPT on candidate CAN-009994 with cryptographic evidence hash ...,CAN-009994,VALIDATED_COMPATIBLE,ACCEPT,,PUMP|CENTRIFUGAL_PUMP|DUPLEX_STEEL|3_IN_X_2_IN|IS_1520
c4ca4762-9b56-51d1-95cf-a0a555ef639a,IOCL,IOCL-110047,"STORES ITEM OIL SEAL, NBR, SIZE 2 in",CMM-SEALG-ACB3E9-001,CMM-SEALG-ACB3E9-001,MAPPED_VERIFIED,DIRECT_ACCEPTED,1.0,VERIFIED_CROSS_CPSE,HUMAN_ACCEPTED_HARMONIZATION,Verified cross-CPSE harmonization mapping supported by Phase 7 human review ACCEPT on candidate CAN-010353 with cryptographic evidence hash ...,CAN-010353,VALIDATED_COMPATIBLE,ACCEPT,,SEAL_GASKET|LUBRICANT|NBR|2_IN|2_IN|ASME_B1620
042dd96a-ce90-523a-9f2d-50c27282d417,IOCL,IOCL-110048,IND.Equal Tee 6 in IS 2062,CMM-PIPEF-AE5889-001,CMM-PIPEF-AE5889-001,MAPPED_VERIFIED,DIRECT_ACCEPTED,1.0,VERIFIED_CROSS_CPSE,HUMAN_ACCEPTED_HARMONIZATION,Verified cross-CPSE harmonization mapping supported by Phase 7 human review ACCEPT on candidate CAN-010565 with cryptographic evidence hash ...,CAN-010565,VALIDATED_COMPATIBLE,ACCEPT,,PIPE_FITTING|IS_2062|6_IN|3_M|6_IN|IS_1239|EPOXY_COATED
c0db874c-eac0-57f7-b189-8728b64daba3,IOCL,IOCL-110049,SPARE-Control Valve ASTM A216 WCB 4 in,CMM-VALVE-781509-001,CMM-VALVE-781509-001,MAPPED_VERIFIED,DIRECT_ACCEPTED,1.0,VERIFIED_CROSS_CPSE,HUMAN_ACCEPTED_HARMONIZATION,Verified cross-CPSE harmonization mapping supported by Phase 7 human review ACCEPT on candidate CAN-010623 with cryptographic evidence hash ...,CAN-010623,VALIDATED_COMPATIBLE,ACCEPT,,VALVE|ASTM_A216_WCB|4_IN|4_IN|API_598
8b9fe479-a58a-5b6d-8029-d30a356f9f1e,IOCL,IOCL-110050,IND.OIL SEAL 2 in Viton,CMM-SEALG-18752C-001,CMM-SEALG-18752C-001,MAPPED_VERIFIED,DIRECT_ACCEPTED,1.0,VERIFIED_CROSS_CPSE,HUMAN_ACCEPTED_HARMONIZATION,Verified cross-CPSE harmonization mapping supported by Phase 7 human review ACCEPT on candidate CAN-010835 with cryptographic evidence hash ...,CAN-010835,VALIDATED_COMPATIBLE,ACCEPT,,SEAL_GASKET|LUBRICANT|VITON|2_IN|2_IN|ASME_B1620|GALVANIZED
957033aa-b753-5a8a-b657-1b4407541f34,IOCL,IOCL-110051,SPARE-STUD BOLT Grade B7 M24 x 100,CMM-FASTNR-E57005-001,CMM-FASTNR-E57005-001,MAPPED_VERIFIED,DIRECT_ACCEPTED,1.0,VERIFIED_CROSS_CPSE,HUMAN_ACCEPTED_HARMONIZATION,Verified cross-CPSE harmonization mapping supported by Phase 7 human review ACCEPT on candidate CAN-011432 with cryptographic evidence hash ...,CAN-011432,VALIDATED_COMPATIBLE,ACCEPT,,FASTENER|BOLT|GRADE_B7|M24_X_100|100_MM|ASTM_A193
ae8ccc0b-d092-5f0d-aa0e-ecc29d4fc2a9,IOCL,IOCL-110052,1/2 in NPT RTD SENSOR - Polycarbonate,CMM-INSTRU-014C39-001,CMM-INSTRU-014C39-001,MAPPED_VERIFIED,DIRECT_ACCEPTED,1.0,VERIFIED_CROSS_CPSE,HUMAN_ACCEPTED_HARMONIZATION,Verified cross-CPSE harmonization mapping supported by Phase 7 human review ACCEPT on candidate CAN-011675 with cryptographic evidence hash ...,CAN-011675,VALIDATED_COMPATIBLE,ACCEPT,,INSTRUMENTATION|POLYCARBONATE|1_2_IN_NPT|ASME_B40100
1c291120-00e1-5c8e-9e49-42a51fc89d2b,IOCL,IOCL-110053,"SPARE-CENT. PUMP, Cast Iron, SIZE 3 in x 2 in",CMM-PUMP-329011-001,CMM-PUMP-329011-001,MAPPED_VERIFIED,DIRECT_ACCEPTED,1.0,VERIFIED_CROSS_CPSE,HUMAN_ACCEPTED_HARMONIZATION,Verified cross-CPSE harmonization mapping supported by Phase 7 human review ACCEPT on candidate CAN-011824 with cryptographic evidence hash ...,CAN-011824,VALIDATED_COMPATIBLE,ACCEPT,,PUMP|CENTRIFUGAL_PUMP|CAST_IRON|3_IN_X_2_IN|3_IN_X_2_IN|API_610|CAST
55788c9c-c97d-50a0-913a-84040c8a9d38,IOCL,IOCL-110054,STORES ITEM RUBBER GASKET NBR 50 mm,CMM-SEALG-C5D451-001,CMM-SEALG-C5D451-001,MAPPED_VERIFIED,DIRECT_ACCEPTED,1.0,VERIFIED_CROSS_CPSE,HUMAN_ACCEPTED_HARMONIZATION,Verified cross-CPSE harmonization mapping supported by Phase 7 human review ACCEPT on candidate CAN-012245 with cryptographic evidence hash ...,CAN-012245,VALIDATED_COMPATIBLE,ACCEPT,,SEAL_GASKET|NBR|50_MM|PTFE_LINED
35f6ef81-8ec8-56c8-827c-568c1bf78d8b,IOCL,IOCL-110055,VERTICAL TURBINE PUMP Carbon Steel 2 in x 1.5 in,CMM-PUMP-7D55C9-001,CMM-PUMP-7D55C9-001,MAPPED_VERIFIED,DIRECT_ACCEPTED,1.0,VERIFIED_CROSS_CPSE,HUMAN_ACCEPTED_HARMONIZATION,Verified cross-CPSE harmonization mapping supported by Phase 7 human review ACCEPT on candidate CAN-012454 with cryptographic evidence hash ...,CAN-012454,VALIDATED_COMPATIBLE,ACCEPT,,PUMP|CARBON_STEEL|CARBON_STEEL|2_IN_X_15_IN|2_IN_X_15_IN|API_610|ZINC_PLATED|VERTICAL
6ffc0d38-4c2c-5fa2-a7c5-b7fe3b7fc88a,IOCL,IOCL-110056,"FLAT WASHER, Grade 10.9, SIZE M12 x 50",CMM-FASTNR-EF8E28-001,CMM-FASTNR-EF8E28-001,MAPPED_VERIFIED,DIRECT_ACCEPTED,1.0,VERIFIED_CROSS_CPSE,HUMAN_ACCEPTED_HARMONIZATION,Verified cross-CPSE harmonization mapping supported by Phase 7 human review ACCEPT on candidate CAN-012602 with cryptographic evidence hash ...,CAN-012602,VALIDATED_COMPATIBLE,ACCEPT,,FASTENER|WASHER|GRADE_109|M12_X_50|50_MM|IS_1367|ZINC_PLATED
66da744c-e4e4-5b3f-8b66-222875f3ca1e,IOCL,IOCL-110057,STORES ITEM REDUCER DN 80 Alloy Steel,CMM-PIPEF-887486-001,CMM-PIPEF-887486-001,MAPPED_VERIFIED,DIRECT_ACCEPTED,1.0,VERIFIED_CROSS_CPSE,HUMAN_ACCEPTED_HARMONIZATION,Verified cross-CPSE harmonization mapping supported by Phase 7 human review ACCEPT on candidate CAN-012964 with cryptographic evidence hash ...,CAN-012964,VALIDATED_COMPATIBLE,ACCEPT,,PIPE_FITTING|ALLOY_STEEL|DN_80|DN_80|ASME_B169
151b71d6-61b1-5195-99ac-262df2178c2e,IOCL,IOCL-110058,"STORES ITEM Ball Valve, SS316, SIZE 4 in",CMM-VALVE-609631-001,CMM-VALVE-609631-001,MAPPED_VERIFIED,DIRECT_ACCEPTED,1.0,VERIFIED_CROSS_CPSE,HUMAN_ACCEPTED_HARMONIZATION,Verified cross-CPSE harmonization mapping supported by Phase 7 human review ACCEPT on candidate CAN-013232 with cryptographic evidence hash ...,CAN-013232,VALIDATED_COMPATIBLE,ACCEPT,,VALVE|BALL_VALVE|STAINLESS_STEEL|SS_316|4_IN|4_IN
4e97c135-3eed-5e9c-8ed0-ff242d09c926,IOCL,IOCL-110059,STORES ITEM LEVEL TRANSMITTER Brass 1/2 in NPT,CMM-INSTRU-61E856-001,CMM-INSTRU-61E856-001,MAPPED_VERIFIED,DIRECT_ACCEPTED,1.0,VERIFIED_CROSS_CPSE,HUMAN_ACCEPTED_HARMONIZATION,Verified cross-CPSE harmonization mapping supported by Phase 7 human review ACCEPT on candidate CAN-013442 with cryptographic evidence hash ...,CAN-013442,VALIDATED_COMPATIBLE,ACCEPT,,INSTRUMENTATION|BRASS|1_2_IN_NPT|IEC_60529
2286f4ad-e7aa-554f-ac5d-f17e5efd216c,IOCL,IOCL-110060,IND.DN 100 RECIPROCATING PUMP - Duplex Steel,CMM-PUMP-8BAE9F-001,CMM-PUMP-8BAE9F-001,MAPPED_VERIFIED,DIRECT_ACCEPTED,1.0,VERIFIED_CROSS_CPSE,HUMAN_ACCEPTED_HARMONIZATION,Verified cross-CPSE harmonization mapping supported by Phase 7 human review ACCEPT on candidate CAN-014165 with cryptographic evidence hash ...,CAN-014165,VALIDATED_COMPATIBLE,ACCEPT,,PUMP|DUPLEX_STEEL|DN_100|IS_1520
debf439f-9997-503f-9e3b-805bc2839343,IOCL,IOCL-110061,IND.TEMPERATURE TRANSMITTER 0-100 bar Brass,CMM-INSTRU-027BD0-001,CMM-INSTRU-027BD0-001,REVIEW_REQUIRED,DIRECT_ACCEPTED,0.6,REVIEW_REQUIRED,AMBIGUOUS_ATTRIBUTE_HOLD,Attribute ambiguity in upstream candidate group; human review required.,,REVIEW_REQUIRED,,,INSTRUMENTATION|BRASS|0_100_BAR|ASME_B40100
80737f80-6d77-51a9-90a7-a4b4743fc902,IOCL,IOCL-110062,"SPARE-Check Valve, ASTM A216 WCB, SIZE 1 in",CMM-VALVE-A923FC-001,CMM-VALVE-A923FC-001,MAPPED_VERIFIED,DIRECT_ACCEPTED,1.0,VERIFIED_CROSS_CPSE,HUMAN_ACCEPTED_HARMONIZATION,Verified cross-CPSE harmonization mapping supported by Phase 7 human review ACCEPT on candidate CAN-015274 with cryptographic evidence hash ...,CAN-015274,VALIDATED_COMPATIBLE,ACCEPT,,VALVE|CHECK_VALVE|ASTM_A216_WCB|1_IN|ASTM_A216_WCB
092c439e-94b2-5bc9-a5d0-8fe1c11cfa3d,IOCL,IOCL-110063,GLOBE VALVE LCB 2 in,CMM-VALVE-C12B9C-001,CMM-VALVE-C12B9C-001,MAPPED_VERIFIED,DIRECT_ACCEPTED,1.0,VERIFIED_CROSS_CPSE,HUMAN_ACCEPTED_HARMONIZATION,Verified cross-CPSE harmonization mapping supported by Phase 7 human review ACCEPT on candidate CAN-015604 with cryptographic evidence hash ...,CAN-015604,VALIDATED_COMPATIBLE,ACCEPT,,VALVE|GLOBE_VALVE|LCB|2_IN|2_IN|ASME_B1634
72c2cb7a-ad34-5ffc-82e4-832cf850d557,IOCL,IOCL-110064,SPARE-Distribution Transformer XLPE Insulated 3C x 95 sq mm,CMM-ELECTR-45EFBF-001,CMM-ELECTR-45EFBF-001,MAPPED_VERIFIED,DIRECT_ACCEPTED,1.0,VERIFIED_CROSS_CPSE,HUMAN_ACCEPTED_HARMONIZATION,Verified cross-CPSE harmonization mapping supported by Phase 7 human review ACCEPT on candidate CAN-016025 with cryptographic evidence hash ...,CAN-016025,VALIDATED_COMPATIBLE,ACCEPT,,ELECTRICAL|XLPE|XLPE_INSULATED|3C_X_95_SQ_MM|500_M|IS_2026
413c4cb1-8a59-5c38-ab49-9d7afbd9a449,IOCL,IOCL-110065,SPARE-WELDED PIPE DN 100 IS 2062,CMM-PIPEF-CA4F29-001,CMM-PIPEF-CA4F29-001,MAPPED_VERIFIED,DIRECT_ACCEPTED,1.0,VERIFIED_CROSS_CPSE,HUMAN_ACCEPTED_HARMONIZATION,Verified cross-CPSE harmonization mapping supported by Phase 7 human review ACCEPT on candidate CAN-016082 with cryptographic evidence hash ...,CAN-016082,VALIDATED_COMPATIBLE,ACCEPT,,PIPE_FITTING|PIPE|IS_2062|DN_100|25_MM|API_5L|EPOXY_COATED|WELDED
e9d6d0e1-3084-5eb6-948e-f42ce2dc7c58,IOCL,IOCL-110066,Check Valve 1/2 in SS316,CMM-VALVE-3C3B28-001,CMM-VALVE-3C3B28-001,MAPPED_VERIFIED,DIRECT_ACCEPTED,1.0,VERIFIED_CROSS_CPSE,HUMAN_ACCEPTED_HARMONIZATION,Verified cross-CPSE harmonization mapping supported by Phase 7 human review ACCEPT on candidate CAN-016322 with cryptographic evidence hash ...,CAN-016322,VALIDATED_COMPATIBLE,ACCEPT,,VALVE|CHECK_VALVE|STAINLESS_STEEL|SS_316|1_2_IN|1_2_IN|API_600
a9677d22-2474-5b9f-bd63-98095e9b1aca,IOCL,IOCL-110067,"Flow Meter, SS316, SIZE 0-500 Deg C",CMM-INSTRU-21D516-001,CMM-INSTRU-21D516-001,MAPPED_VERIFIED,DIRECT_ACCEPTED,1.0,VERIFIED_CROSS_CPSE,HUMAN_ACCEPTED_HARMONIZATION,Verified cross-CPSE harmonization mapping supported by Phase 7 human review ACCEPT on candidate CAN-016833 with cryptographic evidence hash ...,CAN-016833,VALIDATED_COMPATIBLE,ACCEPT,,INSTRUMENTATION|STAINLESS_STEEL|SS_316|0_500_DEG_C|ASME_B40100
fc670b9a-5ef5-5ddc-9af6-df96c2774ecc,IOCL,IOCL-110068,IND.2 in FLANGE - ASTM A106 Gr B,CMM-PIPEF-68A5E4-001,CMM-PIPEF-68A5E4-001,MAPPED_VERIFIED,DIRECT_ACCEPTED,1.0,VERIFIED_CROSS_CPSE,HUMAN_ACCEPTED_HARMONIZATION,Verified cross-CPSE harmonization mapping supported by Phase 7 human review ACCEPT on candidate CAN-017073 with cryptographic evidence hash ...,CAN-017073,VALIDATED_COMPATIBLE,ACCEPT,,PIPE_FITTING|FLANGE|ASTM_A106_GRB|2_IN|1000_MM|80_MM|ASTM_A106|EPOXY_COATED
1b8fdcd9-54de-5307-8f68-ad7bee805bd8,IOCL,IOCL-110069,SPARE-M20 x 80 Hex Nut - Carbon Steel,CMM-FASTNR-7426EC-001,CMM-FASTNR-7426EC-001,MAPPED_VERIFIED,DIRECT_ACCEPTED,1.0,VERIFIED_CROSS_CPSE,HUMAN_ACCEPTED_HARMONIZATION,Verified cross-CPSE harmonization mapping supported by Phase 7 human review ACCEPT on candidate CAN-017375 with cryptographic evidence hash ...,CAN-017375,VALIDATED_COMPATIBLE,ACCEPT,,FASTENER|NUT|HEX|CARBON_STEEL|CARBON_STEEL|M20_X_80|80_MM
bc5e1df3-51da-5edf-90f2-e7d23a23dc14,IOCL,IOCL-110070,IND.SWITCHGEAR PANEL Copper 3C x 95 sq mm,CMM-ELECTR-65A8AE-001,CMM-ELECTR-65A8AE-001,MAPPED_VERIFIED,DIRECT_ACCEPTED,1.0,VERIFIED_CROSS_CPSE,HUMAN_ACCEPTED_HARMONIZATION,Verified cross-CPSE harmonization mapping supported by Phase 7 human review ACCEPT on candidate CAN-017494 with cryptographic evidence hash ...,CAN-017494,VALIDATED_COMPATIBLE,ACCEPT,,ELECTRICAL|COPPER|3C_X_95_SQ_MM|IS_2026
74d308bb-d698-5975-86dc-876e73b03f95,IOCL,IOCL-110071,SPARE-INDUCTION MOTOR 415V 100A Aluminium,CMM-ELECTR-42D24C-001,CMM-ELECTR-42D24C-001,REVIEW_REQUIRED,DIRECT_ACCEPTED,0.6,REVIEW_REQUIRED,AMBIGUOUS_ATTRIBUTE_HOLD,Attribute ambiguity in upstream candidate group; human review required.,,REVIEW_REQUIRED,,,ELECTRICAL|ALUMINIUM|415V_100A|500_M|IEC_60502
dd9d89b3-e840-5092-93f9-a957624056c4,IOCL,IOCL-110072,4-20 mA Pressure Gauge - Brass,CMM-INSTRU-DE763E-001,CMM-INSTRU-DE763E-001,MAPPED_VERIFIED,DIRECT_ACCEPTED,1.0,VERIFIED_CROSS_CPSE,HUMAN_ACCEPTED_HARMONIZATION,Verified cross-CPSE harmonization mapping supported by Phase 7 human review ACCEPT on candidate CAN-017825 with cryptographic evidence hash ...,CAN-017825,VALIDATED_COMPATIBLE,ACCEPT,,INSTRUMENTATION|PRESSURE_GAUGE|BRASS|4_20_MA
7eec3547-7365-58ca-9fa8-5097eda7d385,IOCL,IOCL-110073,50 mm SPIRAL WOUND GASKET - Viton,CMM-SEALG-AB281C-001,CMM-SEALG-AB281C-001,MAPPED_VERIFIED,DIRECT_ACCEPTED,1.0,VERIFIED_CROSS_CPSE,HUMAN_ACCEPTED_HARMONIZATION,Verified cross-CPSE harmonization mapping supported by Phase 7 human review ACCEPT on candidate CAN-018275 with cryptographic evidence hash ...,CAN-018275,VALIDATED_COMPATIBLE,ACCEPT,,SEAL_GASKET|SPIRAL_WOUND_GASKET|VITON|50_MM|50_MM
e0920010-fc7e-5d74-abf9-dfc2fd5bf6ec,IOCL,IOCL-110074,6208 Ball Bearing - Stainless Steel,CMM-BEARNG-0FD5BF-001,CMM-BEARNG-0FD5BF-001,REVIEW_REQUIRED,DIRECT_ACCEPTED,0.6,REVIEW_REQUIRED,AMBIGUOUS_ATTRIBUTE_HOLD,Attribute ambiguity in upstream candidate group; human review required.,,REVIEW_REQUIRED,,,BEARING|BALL_BEARING|STAINLESS_STEEL|STAINLESS_STEEL|6208
2d1e72f4-3947-5d21-b96b-b1e8ff7f05f5,IOCL,IOCL-110075,415V 100A Circuit Breaker - XLPE Insulated,CMM-ELECTR-9FEFD2-001,CMM-ELECTR-9FEFD2-001,MAPPED_VERIFIED,DIRECT_ACCEPTED,1.0,VERIFIED_CROSS_CPSE,HUMAN_ACCEPTED_HARMONIZATION,Verified cross-CPSE harmonization mapping supported by Phase 7 human review ACCEPT on candidate CAN-018545 with cryptographic evidence hash ...,CAN-018545,VALIDATED_COMPATIBLE,ACCEPT,,ELECTRICAL|XLPE|XLPE_INSULATED|415V_100A|500_M|IEC_60502
43d6e3be-6dbc-5430-94cc-91ddc9d6756e,IOCL,IOCL-110076,"SPARE-Hex Bolt, Carbon Steel, SIZE M24 x 100",CMM-FASTNR-3B5A1B-001,CMM-FASTNR-3B5A1B-001,MAPPED_STANDALONE,STANDALONE,1.0,STANDALONE_IDENTITY,STANDALONE_CANONICAL_SYNTHESIS,1-to-1 deterministic identity mapping to governed Phase 8 standalone CMM candidate. Does not imply cross-CPSE equivalence or harmonization.,,,,,FASTENER|BOLT|HEX|CARBON_STEEL|CARBON_STEEL|M24_X_100|100_MM|IS_1367
08a69989-91be-5ede-9b68-37a431f9c546,IOCL,IOCL-110077,DN 80 FLANGE - SS316L,CMM-PIPEF-A6DA56-001,CMM-PIPEF-A6DA56-001,MAPPED_VERIFIED,DIRECT_ACCEPTED,1.0,VERIFIED_CROSS_CPSE,HUMAN_ACCEPTED_HARMONIZATION,Verified cross-CPSE harmonization mapping supported by Phase 7 human review ACCEPT on candidate CAN-019052 with cryptographic evidence hash ...,CAN-019052,VALIDATED_COMPATIBLE,ACCEPT,,PIPE_FITTING|FLANGE|STAINLESS_STEEL|SS_316L|DN_80|12_M|80_MM|ASTM_A106
ae1c048c-fd0d-5da5-9028-e54977c19fc3,IOCL,IOCL-110078,Temperature Transmitter SS316 0-100 bar,CMM-INSTRU-2B591E-001,CMM-INSTRU-2B591E-001,REVIEW_REQUIRED,DIRECT_ACCEPTED,0.6,REVIEW_REQUIRED,AMBIGUOUS_ATTRIBUTE_HOLD,Attribute ambiguity in upstream candidate group; human review required.,,REVIEW_REQUIRED,,,INSTRUMENTATION|STAINLESS_STEEL|SS_316|0_100_BAR
24d468cb-ddba-5782-b2b4-a7e0fddb2c42,IOCL,IOCL-110079,"SPARE-BUTTERFLY VALVE, WCB, SIZE 4 in",CMM-VALVE-0728B9-001,CMM-VALVE-0728B9-001,MAPPED_VERIFIED,DIRECT_ACCEPTED,1.0,VERIFIED_CROSS_CPSE,HUMAN_ACCEPTED_HARMONIZATION,Verified cross-CPSE harmonization mapping supported by Phase 7 human review ACCEPT on candidate CAN-019744 with cryptographic evidence hash ...,CAN-019744,VALIDATED_COMPATIBLE,ACCEPT,,VALVE|BUTTERFLY_VALVE|ASTM_A216_WCB|4_IN|API_600|ZINC_PLATED
6c9663be-ebce-55f8-93cf-0f8c85e1cec9,IOCL,IOCL-110080,IND.Temperature Transmitter 0-100 bar SS316,CMM-INSTRU-2B591E-001,CMM-INSTRU-2B591E-001,REVIEW_REQUIRED,DIRECT_ACCEPTED,0.6,REVIEW_REQUIRED,AMBIGUOUS_ATTRIBUTE_HOLD,Attribute ambiguity in upstream candidate group; human review required.,,REVIEW_REQUIRED,,,INSTRUMENTATION|STAINLESS_STEEL|SS_316|0_100_BAR
3dcc7580-bb9f-5473-9335-1a4ecacab6db,IOCL,IOCL-110081,Circuit Breaker XLPE Insulated 3C x 95 sq mm,CMM-ELECTR-609134-001,CMM-ELECTR-609134-001,MAPPED_VERIFIED,DIRECT_ACCEPTED,1.0,VERIFIED_CROSS_CPSE,HUMAN_ACCEPTED_HARMONIZATION,Verified cross-CPSE harmonization mapping supported by Phase 7 human review ACCEPT on candidate CAN-019925 with cryptographic evidence hash ...,CAN-019925,VALIDATED_COMPATIBLE,ACCEPT,,ELECTRICAL|XLPE|XLPE_INSULATED|3C_X_95_SQ_MM|100_M|IS_2026
342506ee-1664-51ca-9b63-22d8fd013971,IOCL,IOCL-110082,"IND.BV, ASTM A351 CF8M, SIZE DN 150",CMM-VALVE-6D7FC6-001,CMM-VALVE-6D7FC6-001,MAPPED_VERIFIED,DIRECT_ACCEPTED,1.0,VERIFIED_CROSS_CPSE,HUMAN_ACCEPTED_HARMONIZATION,Verified cross-CPSE harmonization mapping supported by Phase 7 human review ACCEPT on candidate CAN-020135 with cryptographic evidence hash ...,CAN-020135,VALIDATED_COMPATIBLE,ACCEPT,,VALVE|BALL_VALVE|ASTM_A351_CF8M|DN_150|API_602|EPOXY_COATED
1adc9c35-dea9-5934-af45-db49b9f7f205,IOCL,IOCL-110083,IND.VERTICAL TURBINE PUMP Carbon Steel 3 in x 2 in,CMM-PUMP-9ED4F4-001,CMM-PUMP-9ED4F4-001,MAPPED_VERIFIED,DIRECT_ACCEPTED,1.0,VERIFIED_CROSS_CPSE,HUMAN_ACCEPTED_HARMONIZATION,Verified cross-CPSE harmonization mapping supported by Phase 7 human review ACCEPT on candidate CAN-020195 with cryptographic evidence hash ...,CAN-020195,VALIDATED_COMPATIBLE,ACCEPT,,PUMP|CARBON_STEEL|CARBON_STEEL|3_IN_X_2_IN|3_IN_X_2_IN|IS_1520|PTFE_LINED|VERTICAL
96f9f286-55ad-5311-b3b7-72d62c4c8e0b,IOCL,IOCL-110084,"STORES ITEM LEVEL TRANSMITTER, SS316, SIZE 4-20 mA",CMM-INSTRU-7A3205-001,CMM-INSTRU-7A3205-001,REVIEW_REQUIRED,DIRECT_ACCEPTED,0.6,REVIEW_REQUIRED,AMBIGUOUS_ATTRIBUTE_HOLD,Attribute ambiguity in upstream candidate group; human review required.,,REVIEW_REQUIRED,,,INSTRUMENTATION|STAINLESS_STEEL|SS_316|4_20_MA|IEC_60529
28cf4112-8386-50c4-9042-a9be51fe4049,IOCL,IOCL-110085,IND.EQUAL TEE Alloy Steel DN 150,CMM-PIPEF-100E96-001,CMM-PIPEF-100E96-001,MAPPED_VERIFIED,DIRECT_ACCEPTED,1.0,VERIFIED_CROSS_CPSE,HUMAN_ACCEPTED_HARMONIZATION,Verified cross-CPSE harmonization mapping supported by Phase 7 human review ACCEPT on candidate CAN-020944 with cryptographic evidence hash ...,CAN-020944,VALIDATED_COMPATIBLE,ACCEPT,,PIPE_FITTING|ALLOY_STEEL|DN_150|6_M|50_MM|ASTM_A106
a921f6fd-2f38-5579-bc61-21dea7120366,IOCL,IOCL-110086,IND.Thrust Bearing AISI 52100 6304,CMM-BEARNG-67CA99-001,CMM-BEARNG-67CA99-001,REVIEW_REQUIRED,DIRECT_ACCEPTED,0.6,REVIEW_REQUIRED,AMBIGUOUS_ATTRIBUTE_HOLD,Attribute ambiguity in upstream candidate group; human review required.,,REVIEW_REQUIRED,,,BEARING|AISI_52100|6304
0e9858de-1475-5ff1-a1d8-92cca2d074d3,IOCL,IOCL-110087,SPARE-Vertical Turbine Pump 2 in x 1.5 in SS316,CMM-PUMP-FC6AAF-001,CMM-PUMP-FC6AAF-001,MAPPED_VERIFIED,DIRECT_ACCEPTED,1.0,VERIFIED_CROSS_CPSE,HUMAN_ACCEPTED_HARMONIZATION,Verified cross-CPSE harmonization mapping supported by Phase 7 human review ACCEPT on candidate CAN-021365 with cryptographic evidence hash ...,CAN-021365,VALIDATED_COMPATIBLE,ACCEPT,,PUMP|STAINLESS_STEEL|SS_316|2_IN_X_15_IN|2_IN_X_15_IN|IS_1520|VERTICAL
fb290417-1e51-54d7-93e5-e2bf71cc4ca0,IOCL,IOCL-110088,BALL BRG Stainless Steel 6208,CMM-BEARNG-0669B8-001,CMM-BEARNG-0669B8-001,MAPPED_VERIFIED,DIRECT_ACCEPTED,1.0,VERIFIED_CROSS_CPSE,HUMAN_ACCEPTED_HARMONIZATION,Verified cross-CPSE harmonization mapping supported by Phase 7 human review ACCEPT on candidate CAN-021422 with cryptographic evidence hash ...,CAN-021422,VALIDATED_COMPATIBLE,ACCEPT,,BEARING|BALL_BEARING|STAINLESS_STEEL|STAINLESS_STEEL|6208|ISO_15
d219f304-0ab5-5632-892e-46e8559006d8,IOCL,IOCL-110089,SPARE-Spiral Wound Gasket 2 in Viton,CMM-SEALG-DE8656-001,CMM-SEALG-DE8656-001,MAPPED_VERIFIED,DIRECT_ACCEPTED,1.0,VERIFIED_CROSS_CPSE,HUMAN_ACCEPTED_HARMONIZATION,Verified cross-CPSE harmonization mapping supported by Phase 7 human review ACCEPT on candidate CAN-021632 with cryptographic evidence hash ...,CAN-021632,VALIDATED_COMPATIBLE,ACCEPT,,SEAL_GASKET|SPIRAL_WOUND_GASKET|VITON|2_IN|2_IN|ASME_B1620
63cc9256-e319-577b-9d49-e4033d9bd60a,IOCL,IOCL-110090,3C x 95 sq mm SWITCHGEAR PANEL - XLPE Insulated,CMM-ELECTR-6BCE45-001,CMM-ELECTR-6BCE45-001,MAPPED_VERIFIED,DIRECT_ACCEPTED,1.0,VERIFIED_CROSS_CPSE,HUMAN_ACCEPTED_HARMONIZATION,Verified cross-CPSE harmonization mapping supported by Phase 7 human review ACCEPT on candidate CAN-021784 with cryptographic evidence hash ...,CAN-021784,VALIDATED_COMPATIBLE,ACCEPT,,ELECTRICAL|XLPE|XLPE_INSULATED|3C_X_95_SQ_MM|1000_M|IEC_60502
85771987-8727-5c46-9124-cf8f2b3663b3,IOCL,IOCL-110091,IND.DN 100 Centrifugal Pump - Carbon Steel,CMM-PUMP-BA45D5-001,CMM-PUMP-BA45D5-001,MAPPED_VERIFIED,DIRECT_ACCEPTED,1.0,VERIFIED_CROSS_CPSE,HUMAN_ACCEPTED_HARMONIZATION,Verified cross-CPSE harmonization mapping supported by Phase 7 human review ACCEPT on candidate CAN-022145 with cryptographic evidence hash ...,CAN-022145,VALIDATED_COMPATIBLE,ACCEPT,,PUMP|CENTRIFUGAL_PUMP|CARBON_STEEL|CARBON_STEEL|DN_100|IS_1520|ZINC_PLATED
33f1454a-446d-568e-bdf8-ffcedc870062,IOCL,IOCL-110092,Reducer DN 80 IS 2062,CMM-PIPEF-D67C66-001,CMM-PIPEF-D67C66-001,MAPPED_VERIFIED,DIRECT_ACCEPTED,1.0,VERIFIED_CROSS_CPSE,HUMAN_ACCEPTED_HARMONIZATION,Verified cross-CPSE harmonization mapping supported by Phase 7 human review ACCEPT on candidate CAN-022415 with cryptographic evidence hash ...,CAN-022415,VALIDATED_COMPATIBLE,ACCEPT,,PIPE_FITTING|IS_2062|DN_80|6_M|100_MM|ASTM_A106|PTFE_LINED
80a4fcd8-3da9-5910-9d7e-19fd471c3c06,IOCL,IOCL-110093,IND.Control Valve ASTM A351 CF8M DN 50,CMM-VALVE-0BF561-001,CMM-VALVE-0BF561-001,MAPPED_VERIFIED,DIRECT_ACCEPTED,1.0,VERIFIED_CROSS_CPSE,HUMAN_ACCEPTED_HARMONIZATION,Verified cross-CPSE harmonization mapping supported by Phase 7 human review ACCEPT on candidate CAN-022954 with cryptographic evidence hash ...,CAN-022954,VALIDATED_COMPATIBLE,ACCEPT,,VALVE|ASTM_A351_CF8M|DN_50|DN_50|ASTM_A351
f74e837c-5112-59bc-8f35-a09154a28500,IOCL,IOCL-110094,IND.RTD SENSOR Brass 1/2 in NPT,CMM-INSTRU-C4873D-001,CMM-INSTRU-C4873D-001,REVIEW_REQUIRED,DIRECT_ACCEPTED,0.6,REVIEW_REQUIRED,AMBIGUOUS_ATTRIBUTE_HOLD,Attribute ambiguity in upstream candidate group; human review required.,,REVIEW_REQUIRED,,,INSTRUMENTATION|BRASS|1_2_IN_NPT
b2dfb67d-5899-5e49-a992-b2fd97f2d15d,IOCL,IOCL-110095,RTD SENSOR 4-20 mA SS316,CMM-INSTRU-7A3205-001,CMM-INSTRU-7A3205-001,REVIEW_REQUIRED,DIRECT_ACCEPTED,0.6,REVIEW_REQUIRED,AMBIGUOUS_ATTRIBUTE_HOLD,Attribute ambiguity in upstream candidate group; human review required.,,REVIEW_REQUIRED,,,INSTRUMENTATION|STAINLESS_STEEL|SS_316|4_20_MA|IEC_60529
e82af3c1-8985-5729-bedc-b3b1aa089c71,IOCL,IOCL-110096,STORES ITEM NEEDLE BEARING Chrome Steel 6208,CMM-BEARNG-17B18A-001,CMM-BEARNG-17B18A-001,MAPPED_VERIFIED,DIRECT_ACCEPTED,1.0,VERIFIED_CROSS_CPSE,HUMAN_ACCEPTED_HARMONIZATION,Verified cross-CPSE harmonization mapping supported by Phase 7 human review ACCEPT on candidate CAN-023764 with cryptographic evidence hash ...,CAN-023764,VALIDATED_COMPATIBLE,ACCEPT,,BEARING|CHROME_STEEL|CHROME_STEEL|6208
4544da99-231a-5e6e-ad42-7a2c9e1ed36b,IOCL,IOCL-110097,SPARE-M24 x 100 ANCHOR BOLT - Carbon Steel,CMM-FASTNR-42CB56-001,CMM-FASTNR-42CB56-001,MAPPED_VERIFIED,DIRECT_ACCEPTED,1.0,VERIFIED_CROSS_CPSE,HUMAN_ACCEPTED_HARMONIZATION,Verified cross-CPSE harmonization mapping supported by Phase 7 human review ACCEPT on candidate CAN-024185 with cryptographic evidence hash ...,CAN-024185,VALIDATED_COMPATIBLE,ACCEPT,,FASTENER|BOLT|CARBON_STEEL|CARBON_STEEL|M24_X_100|100_MM
cd7754f7-6508-56cd-b599-814c12710493,IOCL,IOCL-110098,STORES ITEM 65 mm Oil Seal - Graphite,CMM-SEALG-7A9F00-001,CMM-SEALG-7A9F00-001,MAPPED_VERIFIED,DIRECT_ACCEPTED,1.0,VERIFIED_CROSS_CPSE,HUMAN_ACCEPTED_HARMONIZATION,Verified cross-CPSE harmonization mapping supported by Phase 7 human review ACCEPT on candidate CAN-025084 with cryptographic evidence hash ...,CAN-025084,VALIDATED_COMPATIBLE,ACCEPT,,SEAL_GASKET|LUBRICANT|GRAPHITE|65_MM|65_MM|ASME_B1620
167b6f51-bbfe-5c95-b1d3-7e03a7d1d92b,IOCL,IOCL-110099,6 in Welded Pipe - Carbon Steel,CMM-PIPEF-11F53A-001,CMM-PIPEF-11F53A-001,MAPPED_VERIFIED,DIRECT_ACCEPTED,1.0,VERIFIED_CROSS_CPSE,HUMAN_ACCEPTED_HARMONIZATION,Verified cross-CPSE harmonization mapping supported by Phase 7 human review ACCEPT on candidate CAN-025323 with cryptographic evidence hash ...,CAN-025323,VALIDATED_COMPATIBLE,ACCEPT,,PIPE_FITTING|PIPE|CARBON_STEEL|CARBON_STEEL|6_IN|1000_MM|150_MM|API_5L|GALVANIZED|WELDED
ce9e896f-92b8-5ef7-8719-b2b3e9189d39,IOCL,IOCL-110100,"STORES ITEM Equal Tee, ASTM A106 Gr B, SIZE DN 50",CMM-PIPEF-D565F3-001,CMM-PIPEF-D565F3-001,MAPPED_VERIFIED,DIRECT_ACCEPTED,1.0,VERIFIED_CROSS_CPSE,HUMAN_ACCEPTED_HARMONIZATION,Verified cross-CPSE harmonization mapping supported by Phase 7 human review ACCEPT on candidate CAN-025473 with cryptographic evidence hash ...,CAN-025473,VALIDATED_COMPATIBLE,ACCEPT,,PIPE_FITTING|ASTM_A106_GRB|DN_50|6_M|200_MM|API_5L|GALVANIZED
230c8dcd-3f8c-5ae4-93b0-c9add79d71fa,IOCL,IOCL-110101,"Spiral Wound Gasket, Viton, SIZE 2 in",CMM-SEALG-F69928-001,CMM-SEALG-F69928-001,MAPPED_VERIFIED,DIRECT_ACCEPTED,1.0,VERIFIED_CROSS_CPSE,HUMAN_ACCEPTED_HARMONIZATION,Verified cross-CPSE harmonization mapping supported by Phase 7 human review ACCEPT on candidate CAN-025564 with cryptographic evidence hash ...,CAN-025564,VALIDATED_COMPATIBLE,ACCEPT,,SEAL_GASKET|SPIRAL_WOUND_GASKET|VITON|2_IN|2_IN|ASME_B1620|ZINC_PLATED
edab6fed-2fcc-5625-b74e-9f65723a4b17,IOCL,IOCL-110102,STORES ITEM Mechanical Seal NBR 100 mm,CMM-SEALG-DB0B11-001,CMM-SEALG-DB0B11-001,MAPPED_VERIFIED,DIRECT_ACCEPTED,1.0,VERIFIED_CROSS_CPSE,HUMAN_ACCEPTED_HARMONIZATION,Verified cross-CPSE harmonization mapping supported by Phase 7 human review ACCEPT on candidate CAN-025865 with cryptographic evidence hash ...,CAN-025865,VALIDATED_COMPATIBLE,ACCEPT,,SEAL_GASKET|NBR|100_MM|ASME_B1620
effd7c7b-2069-5d85-806d-049de214634d,IOCL,IOCL-110103,THRUST BEARING 30205 Stainless Steel 150#,CMM-BEARNG-300A61-001,CMM-BEARNG-300A61-001,REVIEW_REQUIRED,DIRECT_ACCEPTED,0.6,REVIEW_REQUIRED,AMBIGUOUS_ATTRIBUTE_HOLD,Attribute ambiguity in upstream candidate group; human review required.,,REVIEW_REQUIRED,,,BEARING|STAINLESS_STEEL|STAINLESS_STEEL|30205
9859c0bf-a125-5856-a2d3-8194bea3103a,IOCL,IOCL-110104,IND.Vertical Turbine Pump 600# SS316 2 in x 1.5 in,CMM-PUMP-5991EB-001,CMM-PUMP-5991EB-001,MAPPED_STANDALONE,STANDALONE,1.0,STANDALONE_IDENTITY,STANDALONE_CANONICAL_SYNTHESIS,1-to-1 deterministic identity mapping to governed Phase 8 standalone CMM candidate. Does not imply cross-CPSE equivalence or harmonization.,,,,,PUMP|STAINLESS_STEEL|SS_316|2_IN_X_15_IN|API_610|VERTICAL
dd00ac86-bca7-53c5-afb6-23f014b739fb,IOCL,IOCL-110105,"Globe Valve, ASTM A216 WCB, SIZE 2 in 300#",CMM-VALVE-2EBF9F-001,CMM-VALVE-2EBF9F-001,MAPPED_STANDALONE,STANDALONE,1.0,STANDALONE_IDENTITY,STANDALONE_CANONICAL_SYNTHESIS,1-to-1 deterministic identity mapping to governed Phase 8 standalone CMM candidate. Does not imply cross-CPSE equivalence or harmonization.,,,,,VALVE|GLOBE_VALVE|ASTM_A216_WCB|2_IN|2_IN|ASME_B1634
fcfb9922-9768-5dda-a5fe-4336051a9c87,IOCL,IOCL-110106,"IND.Roller Bearing, Chrome Steel, SIZE 6408 600#",CMM-BEARNG-FF170C-001,CMM-BEARNG-FF170C-001,REVIEW_REQUIRED,DIRECT_ACCEPTED,0.6,REVIEW_REQUIRED,AMBIGUOUS_ATTRIBUTE_HOLD,Attribute ambiguity in upstream candidate group; human review required.,,REVIEW_REQUIRED,,,BEARING|CHROME_STEEL|CHROME_STEEL|6408
8c724a0d-95d3-54e2-89cb-3d5f7d66efaf,IOCL,IOCL-110107,"STORES ITEM LEVEL TRANSMITTER, Polycarbonate, SIZE 0-500 Deg C 300#",CMM-INSTRU-C368B5-001,CMM-INSTRU-C368B5-001,MAPPED_VERIFIED,DIRECT_ACCEPTED,1.0,VERIFIED_CROSS_CPSE,HUMAN_ACCEPTED_HARMONIZATION,Verified cross-CPSE harmonization mapping supported by Phase 7 human review ACCEPT on candidate CAN-028261 with cryptographic evidence hash ...,CAN-028261,VALIDATED_COMPATIBLE,ACCEPT,,INSTRUMENTATION|POLYCARBONATE|0_500_DEG_C
2e95d39f-6dc7-5da6-afd6-7723c1d8ddd9,IOCL,IOCL-110108,"IND.ROLLER BRG, Stainless Steel, SIZE 6304 300#",CMM-BEARNG-20EFDA-001,CMM-BEARNG-20EFDA-001,MAPPED_VERIFIED,DIRECT_ACCEPTED,1.0,VERIFIED_CROSS_CPSE,HUMAN_ACCEPTED_HARMONIZATION,Verified cross-CPSE harmonization mapping supported by Phase 7 human review ACCEPT on candidate CAN-028383 with cryptographic evidence hash ...,CAN-028383,VALIDATED_COMPATIBLE,ACCEPT,,BEARING|STAINLESS_STEEL|STAINLESS_STEEL|6304|ISO_15
8e7d652b-0b5d-5f42-ae25-7e425d97ac08,IOCL,IOCL-110109,DISTRIBUTION TRANSFORMER 415V 100A Aluminium 600#,CMM-ELECTR-62038E-001,CMM-ELECTR-62038E-001,MAPPED_VERIFIED,DIRECT_ACCEPTED,1.0,VERIFIED_CROSS_CPSE,HUMAN_ACCEPTED_HARMONIZATION,Verified cross-CPSE harmonization mapping supported by Phase 7 human review ACCEPT on candidate CAN-028687 with cryptographic evidence hash ...,CAN-028687,VALIDATED_COMPATIBLE,ACCEPT,,ELECTRICAL|ALUMINIUM|415V_100A|IS_13947
58316e48-135c-5848-b23c-6aaebd740929,IOCL,IOCL-110110,STORES ITEM Thrust Bearing 300# AISI 52100 22208,CMM-BEARNG-75E845-001,CMM-BEARNG-75E845-001,REVIEW_REQUIRED,DIRECT_ACCEPTED,0.6,REVIEW_REQUIRED,AMBIGUOUS_ATTRIBUTE_HOLD,Attribute ambiguity in upstream candidate group; human review required.,,REVIEW_REQUIRED,,,BEARING|AISI_52100|22208
2cb66dba-1e05-5b7f-9a92-fe23ec453ef8,IOCL,IOCL-110111,"STORES ITEM EQUAL TEE, Alloy Steel, SIZE DN 100 150#",CMM-PIPEF-82D677-001,CMM-PIPEF-82D677-001,MAPPED_STANDALONE,STANDALONE,1.0,STANDALONE_IDENTITY,STANDALONE_CANONICAL_SYNTHESIS,1-to-1 deterministic identity mapping to governed Phase 8 standalone CMM candidate. Does not imply cross-CPSE equivalence or harmonization.,,,,,PIPE_FITTING|ALLOY_STEEL|DN_100|12_M|150_MM|ASME_B165|EPOXY_COATED
fc9f24b8-48ef-5139-9f59-f13a1f77b540,IOCL,IOCL-110112,M20 x 80 STUD BOLT - Grade 10.9 150#,CMM-FASTNR-0DD604-001,CMM-FASTNR-0DD604-001,MAPPED_STANDALONE,STANDALONE,1.0,STANDALONE_IDENTITY,STANDALONE_CANONICAL_SYNTHESIS,1-to-1 deterministic identity mapping to governed Phase 8 standalone CMM candidate. Does not imply cross-CPSE equivalence or harmonization.,,,,,FASTENER|BOLT|GRADE_109|M20_X_80|80_MM|ASME_B182|ZINC_PLATED
bae6e817-8faa-567c-bbdd-7ef80e59f049,IOCL,IOCL-110113,"FLOW METER, SS316, SIZE 4-20 mA 300#",CMM-INSTRU-1E073D-001,CMM-INSTRU-1E073D-001,REVIEW_REQUIRED,DIRECT_ACCEPTED,0.6,REVIEW_REQUIRED,AMBIGUOUS_ATTRIBUTE_HOLD,Attribute ambiguity in upstream candidate group; human review required.,,REVIEW_REQUIRED,,,INSTRUMENTATION|STAINLESS_STEEL|SS_316|4_20_MA|ASME_B40100
67802e03-207a-5db4-a9c4-cba5daffecad,IOCL,IOCL-110114,STORES ITEM Pressure Gauge 600# Brass 4-20 mA,CMM-INSTRU-FECC9D-001,CMM-INSTRU-FECC9D-001,REVIEW_REQUIRED,DIRECT_ACCEPTED,0.6,REVIEW_REQUIRED,AMBIGUOUS_ATTRIBUTE_HOLD,Attribute ambiguity in upstream candidate group; human review required.,,REVIEW_REQUIRED,,,INSTRUMENTATION|PRESSURE_GAUGE|BRASS|4_20_MA|ASME_B40100
309965eb-756d-5284-8af5-a8a1d1a24aa0,IOCL,IOCL-110115,IND.0-500 Deg C FLOW METER - Polycarbonate 600#,CMM-INSTRU-E72497-001,CMM-INSTRU-E72497-001,MAPPED_VERIFIED,DIRECT_ACCEPTED,1.0,VERIFIED_CROSS_CPSE,HUMAN_ACCEPTED_HARMONIZATION,Verified cross-CPSE harmonization mapping supported by Phase 7 human review ACCEPT on candidate CAN-030841 with cryptographic evidence hash ...,CAN-030841,VALIDATED_COMPATIBLE,ACCEPT,,INSTRUMENTATION|POLYCARBONATE|0_500_DEG_C|ASME_B40100
98187be4-470c-5f01-8c6d-7aa0fd4cb8d1,IOCL,IOCL-110116,"SPARE-GLOBE VALVE, ASTM A216 WCB, SIZE DN 50 150#",CMM-VALVE-26431B-001,CMM-VALVE-26431B-001,MAPPED_STANDALONE,STANDALONE,1.0,STANDALONE_IDENTITY,STANDALONE_CANONICAL_SYNTHESIS,1-to-1 deterministic identity mapping to governed Phase 8 standalone CMM candidate. Does not imply cross-CPSE equivalence or harmonization.,,,,,VALVE|GLOBE_VALVE|ASTM_A216_WCB|DN_50|API_600
8322e3d7-39e0-5f34-9533-0e78ba05f051,IOCL,IOCL-110117,IND.FLANGE DN 150 SS316L 300#,CMM-PIPEF-775C7D-001,CMM-PIPEF-775C7D-001,MAPPED_VERIFIED,DIRECT_ACCEPTED,1.0,VERIFIED_CROSS_CPSE,HUMAN_ACCEPTED_HARMONIZATION,Verified cross-CPSE harmonization mapping supported by Phase 7 human review ACCEPT on candidate CAN-031801 with cryptographic evidence hash ...,CAN-031801,VALIDATED_COMPATIBLE,ACCEPT,,PIPE_FITTING|FLANGE|STAINLESS_STEEL|SS_316L|DN_150|1000_MM|DN_150|ASTM_A106
37f0685d-ed2c-54fe-9093-e6405a7bd8ec,IOCL,IOCL-110118,"HEX NUT, Alloy Steel, SIZE M20 x 80 150#",CMM-FASTNR-75EF56-001,CMM-FASTNR-75EF56-001,MAPPED_STANDALONE,STANDALONE,1.0,STANDALONE_IDENTITY,STANDALONE_CANONICAL_SYNTHESIS,1-to-1 deterministic identity mapping to governed Phase 8 standalone CMM candidate. Does not imply cross-CPSE equivalence or harmonization.,,,,,FASTENER|NUT|HEX|ALLOY_STEEL|M20_X_80|80_MM|ASTM_A193
09a0a6c5-e905-51ac-96ab-1442b3259d90,IOCL,IOCL-110119,SPIRAL WOUND GASKET 600# PTFE 2 in,CMM-SEALG-33D848-001,CMM-SEALG-33D848-001,MAPPED_VERIFIED,DIRECT_ACCEPTED,1.0,VERIFIED_CROSS_CPSE,HUMAN_ACCEPTED_HARMONIZATION,Verified cross-CPSE harmonization mapping supported by Phase 7 human review ACCEPT on candidate CAN-032401 with cryptographic evidence hash ...,CAN-032401,VALIDATED_COMPATIBLE,ACCEPT,,SEAL_GASKET|SPIRAL_WOUND_GASKET|PTFE|2_IN|API_682|PTFE
dcad61bb-cee5-5f19-a81a-d8aeb89dccbe,IOCL,IOCL-110120,SPARE-M10 x 40 HEX NUT - SS316 600#,CMM-FASTNR-BF5BE1-001,CMM-FASTNR-BF5BE1-001,MAPPED_STANDALONE,STANDALONE,1.0,STANDALONE_IDENTITY,STANDALONE_CANONICAL_SYNTHESIS,1-to-1 deterministic identity mapping to governed Phase 8 standalone CMM candidate. Does not imply cross-CPSE equivalence or harmonization.,,,,,FASTENER|NUT|HEX|STAINLESS_STEEL|SS_316|M10_X_40|40_MM|ASTM_A193|ZINC_PLATED
646669df-f010-5eae-b732-bc213c9e94a3,IOCL,IOCL-110121,STORES ITEM DN 100 Reducer - ASTM A106 Gr B 150#,CMM-PIPEF-67E91A-001,CMM-PIPEF-67E91A-001,MAPPED_VERIFIED,DIRECT_ACCEPTED,1.0,VERIFIED_CROSS_CPSE,HUMAN_ACCEPTED_HARMONIZATION,Verified cross-CPSE harmonization mapping supported by Phase 7 human review ACCEPT on candidate CAN-032521 with cryptographic evidence hash ...,CAN-032521,VALIDATED_COMPATIBLE,ACCEPT,,PIPE_FITTING|ASTM_A106_GRB|DN_100|6_M|150_MM|ASME_B169|PTFE_LINED
b26e9857-04e9-5a39-bef0-bedb2e944050,IOCL,IOCL-110122,IND.3 in x 2 in GEAR PUMP - Duplex Steel 600#,CMM-PUMP-9B401B-001,CMM-PUMP-9B401B-001,MAPPED_VERIFIED,DIRECT_ACCEPTED,1.0,VERIFIED_CROSS_CPSE,HUMAN_ACCEPTED_HARMONIZATION,Verified cross-CPSE harmonization mapping supported by Phase 7 human review ACCEPT on candidate CAN-032581 with cryptographic evidence hash ...,CAN-032581,VALIDATED_COMPATIBLE,ACCEPT,,PUMP|DUPLEX_STEEL|3_IN_X_2_IN|ISO_2858|ZINC_PLATED
2f778601-7f75-5290-ac28-c0c96245b9d9,IOCL,IOCL-110123,"IND.THRUST BEARING, AISI 52100, SIZE 22208 600#",CMM-BEARNG-F56C70-001,CMM-BEARNG-F56C70-001,MAPPED_VERIFIED,DIRECT_ACCEPTED,1.0,VERIFIED_CROSS_CPSE,HUMAN_ACCEPTED_HARMONIZATION,Verified cross-CPSE harmonization mapping supported by Phase 7 human review ACCEPT on candidate CAN-032641 with cryptographic evidence hash ...,CAN-032641,VALIDATED_COMPATIBLE,ACCEPT,,BEARING|AISI_52100|22208|ISO_15
3f2b190d-43d4-5856-a5ed-108c97073bde,IOCL,IOCL-110124,"IND.BALL VLV, WCB, SIZE 6 in 150#",CMM-VALVE-B10C94-001,CMM-VALVE-B10C94-001,MAPPED_VERIFIED,DIRECT_ACCEPTED,1.0,VERIFIED_CROSS_CPSE,HUMAN_ACCEPTED_HARMONIZATION,Verified cross-CPSE harmonization mapping supported by Phase 7 human review ACCEPT on candidate CAN-032701 with cryptographic evidence hash ...,CAN-032701,VALIDATED_COMPATIBLE,ACCEPT,,VALVE|BALL_VALVE|ASTM_A216_WCB|6_IN|API_600|PTFE_LINED
bc8ebc31-8a9a-541f-8fea-19de874f6c6a,IOCL,IOCL-110125,IND.OIL SEAL 100 mm Graphite 300#,CMM-SEALG-82045D-001,CMM-SEALG-82045D-001,REVIEW_REQUIRED,DIRECT_ACCEPTED,0.6,REVIEW_REQUIRED,AMBIGUOUS_ATTRIBUTE_HOLD,Attribute ambiguity in upstream candidate group; human review required.,,REVIEW_REQUIRED,,,SEAL_GASKET|LUBRICANT|GRAPHITE|100_MM|100_MM|API_682
1b3a2e12-14e6-5cf4-a497-0ea158027e18,IOCL,IOCL-110126,"IND.Centrifugal Pump, Cast Iron, SIZE DN 80 300#",CMM-PUMP-904476-001,CMM-PUMP-904476-001,REVIEW_REQUIRED,DIRECT_ACCEPTED,0.6,REVIEW_REQUIRED,AMBIGUOUS_ATTRIBUTE_HOLD,Attribute ambiguity in upstream candidate group; human review required.,,REVIEW_REQUIRED,,,PUMP|CENTRIFUGAL_PUMP|CAST_IRON|DN_80|DN_80|IS_1520|CAST
01cce33a-c5e5-5b07-a398-6dd232faf9f8,IOCL,IOCL-110127,SPARE-1/2 in NPT Level Transmitter - Brass 600#,CMM-INSTRU-C4873D-001,CMM-INSTRU-C4873D-001,REVIEW_REQUIRED,DIRECT_ACCEPTED,0.6,REVIEW_REQUIRED,AMBIGUOUS_ATTRIBUTE_HOLD,Attribute ambiguity in upstream candidate group; human review required.,,REVIEW_REQUIRED,,,INSTRUMENTATION|BRASS|1_2_IN_NPT
617e1aa5-3061-5609-8976-1dee663f077a,IOCL,IOCL-110128,IND.Thrust Bearing 22208 Stainless Steel 600#,CMM-BEARNG-52104E-001,CMM-BEARNG-52104E-001,REVIEW_REQUIRED,DIRECT_ACCEPTED,0.6,REVIEW_REQUIRED,AMBIGUOUS_ATTRIBUTE_HOLD,Attribute ambiguity in upstream candidate group; human review required.,,REVIEW_REQUIRED,,,BEARING|STAINLESS_STEEL|STAINLESS_STEEL|22208
2bf562ac-916d-5cd5-ab22-d0b341f9ad8b,IOCL,IOCL-110129,IND.M24 x 100 Stud Bolt - Grade B7 150#,CMM-FASTNR-9B1B0A-001,CMM-FASTNR-9B1B0A-001,MAPPED_VERIFIED,DIRECT_ACCEPTED,1.0,VERIFIED_CROSS_CPSE,HUMAN_ACCEPTED_HARMONIZATION,Verified cross-CPSE harmonization mapping supported by Phase 7 human review ACCEPT on candidate CAN-033481 with cryptographic evidence hash ...,CAN-033481,VALIDATED_COMPATIBLE,ACCEPT,,FASTENER|BOLT|GRADE_B7|M24_X_100|100_MM|ASME_B182|ZINC_PLATED
20d211a7-4876-5303-b425-f08eec0dd250,IOCL,IOCL-110130,3C x 95 sq mm Induction Motor - Copper 600#,CMM-ELECTR-FD0485-001,CMM-ELECTR-FD0485-001,MAPPED_VERIFIED,DIRECT_ACCEPTED,1.0,VERIFIED_CROSS_CPSE,HUMAN_ACCEPTED_HARMONIZATION,Verified cross-CPSE harmonization mapping supported by Phase 7 human review ACCEPT on candidate CAN-033781 with cryptographic evidence hash ...,CAN-033781,VALIDATED_COMPATIBLE,ACCEPT,,ELECTRICAL|COPPER|3C_X_95_SQ_MM|100_M|IS_7098
d6008319-a1eb-5c00-9959-136faef19412,IOCL,IOCL-110131,STORES ITEM 1 in Control Valve - LCB 600#,CMM-VALVE-015BCD-001,CMM-VALVE-015BCD-001,MAPPED_VERIFIED,DIRECT_ACCEPTED,1.0,VERIFIED_CROSS_CPSE,HUMAN_ACCEPTED_HARMONIZATION,Verified cross-CPSE harmonization mapping supported by Phase 7 human review ACCEPT on candidate CAN-034021 with cryptographic evidence hash ...,CAN-034021,VALIDATED_COMPATIBLE,ACCEPT,,VALVE|LCB|1_IN|API_602|GALVANIZED
e2d85b53-b40e-5598-8627-244d8228e7ec,IOCL,IOCL-110132,"GEAR PUMP, SS316, SIZE 3 in x 2 in 600#",CMM-PUMP-C8FAAC-001,CMM-PUMP-C8FAAC-001,MAPPED_STANDALONE,STANDALONE,1.0,STANDALONE_IDENTITY,STANDALONE_CANONICAL_SYNTHESIS,1-to-1 deterministic identity mapping to governed Phase 8 standalone CMM candidate. Does not imply cross-CPSE equivalence or harmonization.,,,,,PUMP|STAINLESS_STEEL|SS_316|3_IN_X_2_IN|3_IN_X_2_IN|ISO_2858|PTFE_LINED
3c077e53-2b6b-5b4b-a3b9-003796665210,IOCL,IOCL-110133,IND.Switchgear Panel 600# Copper 3C x 95 sq mm,CMM-ELECTR-3F0657-001,CMM-ELECTR-3F0657-001,MAPPED_VERIFIED,DIRECT_ACCEPTED,1.0,VERIFIED_CROSS_CPSE,HUMAN_ACCEPTED_HARMONIZATION,Verified cross-CPSE harmonization mapping supported by Phase 7 human review ACCEPT on candidate CAN-034441 with cryptographic evidence hash ...,CAN-034441,VALIDATED_COMPATIBLE,ACCEPT,,ELECTRICAL|COPPER|3C_X_95_SQ_MM|IEC_60502
c6b28de7-fa18-5da6-a3b5-d637b71c8d2d,IOCL,IOCL-110134,"GATE VLV, ASTM A216 WCB, SIZE DN 100 600#",CMM-VALVE-72FBEF-001,CMM-VALVE-72FBEF-001,MAPPED_STANDALONE,STANDALONE,1.0,STANDALONE_IDENTITY,STANDALONE_CANONICAL_SYNTHESIS,1-to-1 deterministic identity mapping to governed Phase 8 standalone CMM candidate. Does not imply cross-CPSE equivalence or harmonization.,,,,,VALVE|GATE_VALVE|ASTM_A216_WCB|DN_100|DN_100|API_598|EPOXY_COATED
3a26698b-62c7-575e-b1d4-5fef8827ae78,IOCL,IOCL-110135,STORES ITEM THRUST BEARING 30205 Stainless Steel 300#,CMM-BEARNG-0772AD-001,CMM-BEARNG-0772AD-001,MAPPED_VERIFIED,DIRECT_ACCEPTED,1.0,VERIFIED_CROSS_CPSE,HUMAN_ACCEPTED_HARMONIZATION,Verified cross-CPSE harmonization mapping supported by Phase 7 human review ACCEPT on candidate CAN-035221 with cryptographic evidence hash ...,CAN-035221,VALIDATED_COMPATIBLE,ACCEPT,,BEARING|STAINLESS_STEEL|STAINLESS_STEEL|30205|ISO_15
9088439b-1032-5e20-b56d-8ee2f350db39,IOCL,IOCL-110136,Flat Washer 600# Carbon Steel M24 x 100,CMM-FASTNR-08DB7F-001,CMM-FASTNR-08DB7F-001,MAPPED_STANDALONE,STANDALONE,1.0,STANDALONE_IDENTITY,STANDALONE_CANONICAL_SYNTHESIS,1-to-1 deterministic identity mapping to governed Phase 8 standalone CMM candidate. Does not imply cross-CPSE equivalence or harmonization.,,,,,FASTENER|WASHER|CARBON_STEEL|CARBON_STEEL|M24_X_100|100_MM|ASME_B182
5687917c-88ba-5b18-8685-52382172637d,IOCL,IOCL-110137,IND.Stud Bolt M12 x 50 Grade B7 300#,CMM-FASTNR-AE0702-001,CMM-FASTNR-AE0702-001,MAPPED_VERIFIED,DIRECT_ACCEPTED,1.0,VERIFIED_CROSS_CPSE,HUMAN_ACCEPTED_HARMONIZATION,Verified cross-CPSE harmonization mapping supported by Phase 7 human review ACCEPT on candidate CAN-035761 with cryptographic evidence hash ...,CAN-035761,VALIDATED_COMPATIBLE,ACCEPT,,FASTENER|BOLT|GRADE_B7|M12_X_50|50_MM|IS_1367
4580a2a3-f4e9-5ad4-a8ec-65ef2ecf851a,IOCL,IOCL-110138,2 in x 1.5 in SUBMERSIBLE PUMP - Cast Iron 600#,CMM-PUMP-67F25D-001,CMM-PUMP-67F25D-001,MAPPED_VERIFIED,DIRECT_ACCEPTED,1.0,VERIFIED_CROSS_CPSE,HUMAN_ACCEPTED_HARMONIZATION,Verified cross-CPSE harmonization mapping supported by Phase 7 human review ACCEPT on candidate CAN-035821 with cryptographic evidence hash ...,CAN-035821,VALIDATED_COMPATIBLE,ACCEPT,,PUMP|CAST_IRON|2_IN_X_15_IN|IS_1520|CAST
9117b9ed-d41e-50ac-bef1-bafe906973a3,IOCL,IOCL-110139,"IND.PUMP CENTRIF, SS304, SIZE DN 80 600#",CMM-PUMP-F75603-001,CMM-PUMP-F75603-001,MAPPED_STANDALONE,STANDALONE,1.0,STANDALONE_IDENTITY,STANDALONE_CANONICAL_SYNTHESIS,1-to-1 deterministic identity mapping to governed Phase 8 standalone CMM candidate. Does not imply cross-CPSE equivalence or harmonization.,,,,,PUMP|CENTRIFUGAL_PUMP|STAINLESS_STEEL|SS_304|DN_80|IS_1520
e7cced51-95e1-542f-9b15-aa8b100d0c1e,IOCL,IOCL-110140,"IND.Switchgear Panel, Aluminium, SIZE 1C x 300 sq mm 600#",CMM-ELECTR-253FB4-001,CMM-ELECTR-253FB4-001,MAPPED_VERIFIED,DIRECT_ACCEPTED,1.0,VERIFIED_CROSS_CPSE,HUMAN_ACCEPTED_HARMONIZATION,Verified cross-CPSE harmonization mapping supported by Phase 7 human review ACCEPT on candidate CAN-036541 with cryptographic evidence hash ...,CAN-036541,VALIDATED_COMPATIBLE,ACCEPT,,ELECTRICAL|ALUMINIUM|1C_X_300_SQ_MM|500_M|IS_13947
578f4b34-e1a2-560c-9e6f-ad1076b5eef9,IOCL,IOCL-110141,STORES ITEM DN 100 REDUCER - SS316L 300#,CMM-PIPEF-2725B7-001,CMM-PIPEF-2725B7-001,MAPPED_VERIFIED,DIRECT_ACCEPTED,1.0,VERIFIED_CROSS_CPSE,HUMAN_ACCEPTED_HARMONIZATION,Verified cross-CPSE harmonization mapping supported by Phase 7 human review ACCEPT on candidate CAN-036601 with cryptographic evidence hash ...,CAN-036601,VALIDATED_COMPATIBLE,ACCEPT,,PIPE_FITTING|STAINLESS_STEEL|SS_316L|DN_100|6_M|50_MM|ASTM_A106
fdf040e9-6887-51cb-9af2-142497fd9c86,IOCL,IOCL-110142,GV 1/2 in WCB 600#,CMM-VALVE-3C1BCA-001,CMM-VALVE-3C1BCA-001,MAPPED_VERIFIED,DIRECT_ACCEPTED,1.0,VERIFIED_CROSS_CPSE,HUMAN_ACCEPTED_HARMONIZATION,Verified cross-CPSE harmonization mapping supported by Phase 7 human review ACCEPT on candidate CAN-036661 with cryptographic evidence hash ...,CAN-036661,VALIDATED_COMPATIBLE,ACCEPT,,VALVE|GATE_VALVE|ASTM_A216_WCB|1_2_IN|API_600
dbfb987e-2067-5735-8100-f3af215f5cf4,IOCL,IOCL-110143,TEMPERATURE TRANSMITTER 0-500 Deg C Brass 600#,CMM-INSTRU-C7F4D5-001,CMM-INSTRU-C7F4D5-001,REVIEW_REQUIRED,DIRECT_ACCEPTED,0.6,REVIEW_REQUIRED,AMBIGUOUS_ATTRIBUTE_HOLD,Attribute ambiguity in upstream candidate group; human review required.,,REVIEW_REQUIRED,,,INSTRUMENTATION|BRASS|0_500_DEG_C
e17e3b0e-5471-5ef7-b8e6-90ac1b40fb5b,IOCL,IOCL-110144,"STORES ITEM Hex Nut, Grade B7, SIZE M10 x 40 300#",CMM-FASTNR-58C523-001,CMM-FASTNR-58C523-001,MAPPED_VERIFIED,DIRECT_ACCEPTED,1.0,VERIFIED_CROSS_CPSE,HUMAN_ACCEPTED_HARMONIZATION,Verified cross-CPSE harmonization mapping supported by Phase 7 human review ACCEPT on candidate CAN-036901 with cryptographic evidence hash ...,CAN-036901,VALIDATED_COMPATIBLE,ACCEPT,,FASTENER|NUT|HEX|GRADE_B7|M10_X_40|40_MM|ASME_B182
671874f3-eec6-5c22-9c66-6b9f12593505,IOCL,IOCL-110145,IND.TEMPERATURE TRANSMITTER 600# Polycarbonate 0-100 bar,CMM-INSTRU-472245-001,CMM-INSTRU-472245-001,REVIEW_REQUIRED,DIRECT_ACCEPTED,0.6,REVIEW_REQUIRED,AMBIGUOUS_ATTRIBUTE_HOLD,Attribute ambiguity in upstream candidate group; human review required.,,REVIEW_REQUIRED,,,INSTRUMENTATION|POLYCARBONATE|0_100_BAR
1dddecaa-5619-514a-9dd5-4b83ebdf9abf,IOCL,IOCL-110146,"ELBOW 90 DEG, IS 2062, SIZE DN 80 300#",CMM-PIPEF-C0AB5E-001,CMM-PIPEF-C0AB5E-001,MAPPED_VERIFIED,DIRECT_ACCEPTED,1.0,VERIFIED_CROSS_CPSE,HUMAN_ACCEPTED_HARMONIZATION,Verified cross-CPSE harmonization mapping supported by Phase 7 human review ACCEPT on candidate CAN-037561 with cryptographic evidence hash ...,CAN-037561,VALIDATED_COMPATIBLE,ACCEPT,,PIPE_FITTING|ELBOW|IS_2062|DN_80|1000_MM|25_MM|API_5L|PTFE_LINED
f90c9736-7be9-567f-a413-1e3ebe114954,IOCL,IOCL-110147,STORES ITEM PUMP CENTRIF 300# Alloy Steel DN 100,CMM-PUMP-3C7C8B-001,CMM-PUMP-3C7C8B-001,MAPPED_STANDALONE,STANDALONE,1.0,STANDALONE_IDENTITY,STANDALONE_CANONICAL_SYNTHESIS,1-to-1 deterministic identity mapping to governed Phase 8 standalone CMM candidate. Does not imply cross-CPSE equivalence or harmonization.,,,,,PUMP|CENTRIFUGAL_PUMP|ALLOY_STEEL|DN_100|DN_100|API_610|PTFE_LINED
dfe20f83-eb17-580e-a93f-1ad2f160e4d1,IOCL,IOCL-110148,STORES ITEM 0-500 Deg C Pressure Gauge - SS316 300#,CMM-INSTRU-1860D4-001,CMM-INSTRU-1860D4-001,MAPPED_STANDALONE,STANDALONE,1.0,STANDALONE_IDENTITY,STANDALONE_CANONICAL_SYNTHESIS,1-to-1 deterministic identity mapping to governed Phase 8 standalone CMM candidate. Does not imply cross-CPSE equivalence or harmonization.,,,,,INSTRUMENTATION|PRESSURE_GAUGE|STAINLESS_STEEL|SS_316|0_500_DEG_C|IEC_60529
6081ee8a-db75-5f49-b8a4-ef70cef9389e,IOCL,IOCL-110149,STORES ITEM 2 in O-RING - NBR 300#,CMM-SEALG-E00177-001,CMM-SEALG-E00177-001,REVIEW_REQUIRED,DIRECT_ACCEPTED,0.6,REVIEW_REQUIRED,AMBIGUOUS_ATTRIBUTE_HOLD,Attribute ambiguity in upstream candidate group; human review required.,,REVIEW_REQUIRED,,,SEAL_GASKET|NBR|2_IN|API_682
0e918faa-85a9-5fe4-870f-b4a66d403400,IOCL,IOCL-110150,Check Valve DN 50 SS304 150#,CMM-VALVE-130EE9-001,CMM-VALVE-130EE9-001,MAPPED_STANDALONE,STANDALONE,1.0,STANDALONE_IDENTITY,STANDALONE_CANONICAL_SYNTHESIS,1-to-1 deterministic identity mapping to governed Phase 8 standalone CMM candidate. Does not imply cross-CPSE equivalence or harmonization.,,,,,VALVE|CHECK_VALVE|STAINLESS_STEEL|SS_304|DN_50|DN_50|API_598
727d4613-814f-51ab-9c97-62bfca4e48d6,IOCL,IOCL-110151,"SPARE-Hex Nut, SS304, SIZE M16 x 65 150#",CMM-FASTNR-F2986B-001,CMM-FASTNR-F2986B-001,MAPPED_STANDALONE,STANDALONE,1.0,STANDALONE_IDENTITY,STANDALONE_CANONICAL_SYNTHESIS,1-to-1 deterministic identity mapping to governed Phase 8 standalone CMM candidate. Does not imply cross-CPSE equivalence or harmonization.,,,,,FASTENER|NUT|HEX|STAINLESS_STEEL|SS_304|M16_X_65|65_MM|ASME_B182|ZINC_PLATED
fb26d31a-4182-5653-8e69-295f4f53ef2d,IOCL,IOCL-110152,"Anchor Bolt, Alloy Steel, SIZE M16 x 65 300#",CMM-FASTNR-8FB594-001,CMM-FASTNR-8FB594-001,MAPPED_VERIFIED,DIRECT_ACCEPTED,1.0,VERIFIED_CROSS_CPSE,HUMAN_ACCEPTED_HARMONIZATION,Verified cross-CPSE harmonization mapping supported by Phase 7 human review ACCEPT on candidate CAN-039511 with cryptographic evidence hash ...,CAN-039511,VALIDATED_COMPATIBLE,ACCEPT,,FASTENER|BOLT|ALLOY_STEEL|M16_X_65|65_MM|ASTM_A193
e6333857-49cd-55bb-bb58-5c3eda2d2986,IOCL,IOCL-110153,STORES ITEM O-RING 50 mm NBR 300#,CMM-SEALG-F7AAFE-001,CMM-SEALG-F7AAFE-001,MAPPED_VERIFIED,DIRECT_ACCEPTED,1.0,VERIFIED_CROSS_CPSE,HUMAN_ACCEPTED_HARMONIZATION,Verified cross-CPSE harmonization mapping supported by Phase 7 human review ACCEPT on candidate CAN-039661 with cryptographic evidence hash ...,CAN-039661,VALIDATED_COMPATIBLE,ACCEPT,,SEAL_GASKET|NBR|50_MM|50_MM|API_682
d4f838f4-86af-594d-b745-1b7982b1702a,IOCL,IOCL-110154,100 mm Oil Seal - Graphite 150#,CMM-SEALG-82045D-001,CMM-SEALG-82045D-001,REVIEW_REQUIRED,DIRECT_ACCEPTED,0.6,REVIEW_REQUIRED,AMBIGUOUS_ATTRIBUTE_HOLD,Attribute ambiguity in upstream candidate group; human review required.,,REVIEW_REQUIRED,,,SEAL_GASKET|LUBRICANT|GRAPHITE|100_MM|100_MM|API_682
67c854e4-49a2-517d-abf4-f6a2837b8581,IOCL,IOCL-110155,"IND.MECHANICAL SEAL, Graphite, SIZE 100 mm 150#",CMM-SEALG-8BDD10-001,CMM-SEALG-8BDD10-001,MAPPED_VERIFIED,DIRECT_ACCEPTED,1.0,VERIFIED_CROSS_CPSE,HUMAN_ACCEPTED_HARMONIZATION,Verified cross-CPSE harmonization mapping supported by Phase 7 human review ACCEPT on candidate CAN-040381 with cryptographic evidence hash ...,CAN-040381,VALIDATED_COMPATIBLE,ACCEPT,,SEAL_GASKET|GRAPHITE|100_MM|100_MM|ASME_B1620
f845b45a-b9bf-5a36-832b-038d37c823ab,IOCL,IOCL-110156,"Flat Washer, Grade B7, SIZE M12 x 50 300#",CMM-FASTNR-ECEE31-001,CMM-FASTNR-ECEE31-001,MAPPED_VERIFIED,DIRECT_ACCEPTED,1.0,VERIFIED_CROSS_CPSE,HUMAN_ACCEPTED_HARMONIZATION,Verified cross-CPSE harmonization mapping supported by Phase 7 human review ACCEPT on candidate CAN-040501 with cryptographic evidence hash ...,CAN-040501,VALIDATED_COMPATIBLE,ACCEPT,,FASTENER|WASHER|GRADE_B7|M12_X_50|50_MM|ASME_B182
5a464852-4e7f-5fbf-99ea-f1d5af3a94f5,IOCL,IOCL-110157,SPARE-REDUCER 6 in IS 2062 300#,CMM-PIPEF-B78A58-001,CMM-PIPEF-B78A58-001,MAPPED_VERIFIED,DIRECT_ACCEPTED,1.0,VERIFIED_CROSS_CPSE,HUMAN_ACCEPTED_HARMONIZATION,Verified cross-CPSE harmonization mapping supported by Phase 7 human review ACCEPT on candidate CAN-040681 with cryptographic evidence hash ...,CAN-040681,VALIDATED_COMPATIBLE,ACCEPT,,PIPE_FITTING|IS_2062|6_IN|6_IN|ASME_B169|PTFE_LINED
bf9fe364-63c3-5313-a126-ae087f73d9e5,IOCL,IOCL-110158,Temperature Transmitter 150# Brass 4-20 mA,CMM-INSTRU-746A35-001,CMM-INSTRU-746A35-001,REVIEW_REQUIRED,DIRECT_ACCEPTED,0.6,REVIEW_REQUIRED,AMBIGUOUS_ATTRIBUTE_HOLD,Attribute ambiguity in upstream candidate group; human review required.,,REVIEW_REQUIRED,,,INSTRUMENTATION|BRASS|4_20_MA
56d34f2c-eedf-5aed-9a80-1f5633f18371,IOCL,IOCL-110159,STORES ITEM Submersible Pump 600# Carbon Steel 2 in x 1.5 in,CMM-PUMP-73D55D-001,CMM-PUMP-73D55D-001,MAPPED_STANDALONE,STANDALONE,1.0,STANDALONE_IDENTITY,STANDALONE_CANONICAL_SYNTHESIS,1-to-1 deterministic identity mapping to governed Phase 8 standalone CMM candidate. Does not imply cross-CPSE equivalence or harmonization.,,,,,PUMP|CARBON_STEEL|CARBON_STEEL|2_IN_X_15_IN|API_610
361a57c9-39b5-5d07-a18f-5bb32fc6e5d4,IOCL,IOCL-110160,3C x 95 sq mm INDUCTION MOTOR - XLPE Insulated 600#,CMM-ELECTR-A4DD01-001,CMM-ELECTR-A4DD01-001,MAPPED_VERIFIED,DIRECT_ACCEPTED,1.0,VERIFIED_CROSS_CPSE,HUMAN_ACCEPTED_HARMONIZATION,Verified cross-CPSE harmonization mapping supported by Phase 7 human review ACCEPT on candidate CAN-041641 with cryptographic evidence hash ...,CAN-041641,VALIDATED_COMPATIBLE,ACCEPT,,ELECTRICAL|XLPE|XLPE_INSULATED|3C_X_95_SQ_MM|500_M|IEC_60502
051ad816-4e33-5984-acf2-31c7891e423f,IOCL,IOCL-110161,4-20 mA LEVEL TRANSMITTER - Brass 300#,CMM-INSTRU-F3707C-001,CMM-INSTRU-F3707C-001,REVIEW_REQUIRED,DIRECT_ACCEPTED,0.6,REVIEW_REQUIRED,AMBIGUOUS_ATTRIBUTE_HOLD,Attribute ambiguity in upstream candidate group; human review required.,,REVIEW_REQUIRED,,,INSTRUMENTATION|BRASS|4_20_MA|IEC_60529
e5cbe5a6-293c-532a-ab4b-dd51135105ff,IOCL,IOCL-110162,IND.DN 100 Gear Pump - Cast Iron 150#,CMM-PUMP-173478-001,CMM-PUMP-173478-001,MAPPED_VERIFIED,DIRECT_ACCEPTED,1.0,VERIFIED_CROSS_CPSE,HUMAN_ACCEPTED_HARMONIZATION,Verified cross-CPSE harmonization mapping supported by Phase 7 human review ACCEPT on candidate CAN-042003 with cryptographic evidence hash ...,CAN-042003,VALIDATED_COMPATIBLE,ACCEPT,,PUMP|CAST_IRON|DN_100|API_610|CAST
d2a72074-7e17-52c3-bc3b-74c3714c2bec,IOCL,IOCL-110163,IND.Stud Bolt 150# Grade 8.8 M20 x 80,CMM-FASTNR-4B5921-001,CMM-FASTNR-4B5921-001,MAPPED_STANDALONE,STANDALONE,1.0,STANDALONE_IDENTITY,STANDALONE_CANONICAL_SYNTHESIS,1-to-1 deterministic identity mapping to governed Phase 8 standalone CMM candidate. Does not imply cross-CPSE equivalence or harmonization.,,,,,FASTENER|BOLT|GRADE_88|M20_X_80|80_MM
1f696ffe-eabb-51ab-8fc9-8fc8a239b407,IOCL,IOCL-110164,RUBBER GASKET 600# NBR 50 mm,CMM-SEALG-F9CB6E-001,CMM-SEALG-F9CB6E-001,MAPPED_VERIFIED,DIRECT_ACCEPTED,1.0,VERIFIED_CROSS_CPSE,HUMAN_ACCEPTED_HARMONIZATION,Verified cross-CPSE harmonization mapping supported by Phase 7 human review ACCEPT on candidate CAN-043141 with cryptographic evidence hash ...,CAN-043141,VALIDATED_COMPATIBLE,ACCEPT,,SEAL_GASKET|NBR|50_MM|50_MM|ASME_B1620|RUBBER
09ee5852-dc04-5c4d-b6e0-f81275cc3bb1,IOCL,IOCL-110165,ELBOW 90 DEG 2 in Alloy Steel 600#,CMM-PIPEF-F7D030-001,CMM-PIPEF-F7D030-001,MAPPED_STANDALONE,STANDALONE,1.0,STANDALONE_IDENTITY,STANDALONE_CANONICAL_SYNTHESIS,1-to-1 deterministic identity mapping to governed Phase 8 standalone CMM candidate. Does not imply cross-CPSE equivalence or harmonization.,,,,,PIPE_FITTING|ELBOW|ALLOY_STEEL|2_IN|12_M|25_MM|API_5L|EPOXY_COATED
335fbaac-3cbf-5a05-aa80-3d0e5f8d1c13,IOCL,IOCL-110166,STORES ITEM RUBBER GASKET 50 mm Graphite 300#,CMM-SEALG-99E573-001,CMM-SEALG-99E573-001,MAPPED_VERIFIED,DIRECT_ACCEPTED,1.0,VERIFIED_CROSS_CPSE,HUMAN_ACCEPTED_HARMONIZATION,Verified cross-CPSE harmonization mapping supported by Phase 7 human review ACCEPT on candidate CAN-043561 with cryptographic evidence hash ...,CAN-043561,VALIDATED_COMPATIBLE,ACCEPT,,SEAL_GASKET|GRAPHITE|50_MM|API_682|RUBBER
7f55ff99-d81d-502c-8db5-81e07777e522,IOCL,IOCL-110167,"STORES ITEM Mechanical Seal, Viton, SIZE 50 mm 300#",CMM-SEALG-6ACECF-001,CMM-SEALG-6ACECF-001,MAPPED_VERIFIED,DIRECT_ACCEPTED,1.0,VERIFIED_CROSS_CPSE,HUMAN_ACCEPTED_HARMONIZATION,Verified cross-CPSE harmonization mapping supported by Phase 7 human review ACCEPT on candidate CAN-043741 with cryptographic evidence hash ...,CAN-043741,VALIDATED_COMPATIBLE,ACCEPT,,SEAL_GASKET|VITON|50_MM|50_MM|ASME_B1620
b8650ad0-88f1-58d5-936d-4827ae7024bd,IOCL,IOCL-110168,100 mm O-Ring - Graphite 300#,CMM-SEALG-8F1270-001,CMM-SEALG-8F1270-001,MAPPED_VERIFIED,DIRECT_ACCEPTED,1.0,VERIFIED_CROSS_CPSE,HUMAN_ACCEPTED_HARMONIZATION,Verified cross-CPSE harmonization mapping supported by Phase 7 human review ACCEPT on candidate CAN-043981 with cryptographic evidence hash ...,CAN-043981,VALIDATED_COMPATIBLE,ACCEPT,,SEAL_GASKET|GRAPHITE|100_MM
2fa4e029-5313-505c-b1dc-eb4631eff84a,IOCL,IOCL-110169,"Temperature Transmitter, Brass, SIZE 0-500 Deg C 600#",CMM-INSTRU-C7F4D5-001,CMM-INSTRU-C7F4D5-001,REVIEW_REQUIRED,DIRECT_ACCEPTED,0.6,REVIEW_REQUIRED,AMBIGUOUS_ATTRIBUTE_HOLD,Attribute ambiguity in upstream candidate group; human review required.,,REVIEW_REQUIRED,,,INSTRUMENTATION|BRASS|0_500_DEG_C
0ce7d286-5fc8-523e-9d86-053d9907a51d,IOCL,IOCL-110170,"Level Transmitter, Polycarbonate, SIZE 4-20 mA 300#",CMM-INSTRU-7697FA-001,CMM-INSTRU-7697FA-001,MAPPED_VERIFIED,DIRECT_ACCEPTED,1.0,VERIFIED_CROSS_CPSE,HUMAN_ACCEPTED_HARMONIZATION,Verified cross-CPSE harmonization mapping supported by Phase 7 human review ACCEPT on candidate CAN-044221 with cryptographic evidence hash ...,CAN-044221,VALIDATED_COMPATIBLE,ACCEPT,,INSTRUMENTATION|POLYCARBONATE|4_20_MA|IEC_60529
d55a6b29-7ca3-5718-a70c-831b1d6a4a9e,IOCL,IOCL-110171,IND.6304 NEEDLE BEARING - AISI 52100 300#,CMM-BEARNG-67CA99-001,CMM-BEARNG-67CA99-001,REVIEW_REQUIRED,DIRECT_ACCEPTED,0.6,REVIEW_REQUIRED,AMBIGUOUS_ATTRIBUTE_HOLD,Attribute ambiguity in upstream candidate group; human review required.,,REVIEW_REQUIRED,,,BEARING|AISI_52100|6304
7face5e0-a0e4-523f-9b52-2537fa4430af,IOCL,IOCL-110172,IND.RTD Sensor 0-100 bar Brass 600#,CMM-INSTRU-205218-001,CMM-INSTRU-205218-001,MAPPED_VERIFIED,DIRECT_ACCEPTED,1.0,VERIFIED_CROSS_CPSE,HUMAN_ACCEPTED_HARMONIZATION,Verified cross-CPSE harmonization mapping supported by Phase 7 human review ACCEPT on candidate CAN-045001 with cryptographic evidence hash ...,CAN-045001,VALIDATED_COMPATIBLE,ACCEPT,,INSTRUMENTATION|BRASS|0_100_BAR|IEC_60529
047d5ea4-461e-5fff-b2cf-d706fa10b659,IOCL,IOCL-110173,O-RING 600# Viton 65 mm,CMM-SEALG-E57A9D-001,CMM-SEALG-E57A9D-001,MAPPED_VERIFIED,DIRECT_ACCEPTED,1.0,VERIFIED_CROSS_CPSE,HUMAN_ACCEPTED_HARMONIZATION,Verified cross-CPSE harmonization mapping supported by Phase 7 human review ACCEPT on candidate CAN-045121 with cryptographic evidence hash ...,CAN-045121,VALIDATED_COMPATIBLE,ACCEPT,,SEAL_GASKET|VITON|65_MM|ASME_B1620|ZINC_PLATED
802405d6-08ad-52bd-87eb-31580967125b,IOCL,IOCL-110174,REDUCER 150# IS 2062 2 in,CMM-PIPEF-A96212-001,CMM-PIPEF-A96212-001,MAPPED_VERIFIED,DIRECT_ACCEPTED,1.0,VERIFIED_CROSS_CPSE,HUMAN_ACCEPTED_HARMONIZATION,Verified cross-CPSE harmonization mapping supported by Phase 7 human review ACCEPT on candidate CAN-045241 with cryptographic evidence hash ...,CAN-045241,VALIDATED_COMPATIBLE,ACCEPT,,PIPE_FITTING|IS_2062|2_IN|6_M|50_MM|IS_1239|GALVANIZED
01e729c2-ee30-542f-b7c5-153da7c02e2e,IOCL,IOCL-110175,100 mm Spiral Wound Gasket - Graphite 300#,CMM-SEALG-F13686-001,CMM-SEALG-F13686-001,MAPPED_VERIFIED,DIRECT_ACCEPTED,1.0,VERIFIED_CROSS_CPSE,HUMAN_ACCEPTED_HARMONIZATION,Verified cross-CPSE harmonization mapping supported by Phase 7 human review ACCEPT on candidate CAN-045301 with cryptographic evidence hash ...,CAN-045301,VALIDATED_COMPATIBLE,ACCEPT,,SEAL_GASKET|SPIRAL_WOUND_GASKET|GRAPHITE|100_MM|100_MM|API_682
6f3aead1-753b-59eb-add3-70ce8894bdd6,IOCL,IOCL-110176,STORES ITEM 0-500 Deg C Level Transmitter - Polycarbonate 300#,CMM-INSTRU-325A21-001,CMM-INSTRU-325A21-001,MAPPED_VERIFIED,DIRECT_ACCEPTED,1.0,VERIFIED_CROSS_CPSE,HUMAN_ACCEPTED_HARMONIZATION,Verified cross-CPSE harmonization mapping supported by Phase 7 human review ACCEPT on candidate CAN-045361 with cryptographic evidence hash ...,CAN-045361,VALIDATED_COMPATIBLE,ACCEPT,,INSTRUMENTATION|POLYCARBONATE|0_500_DEG_C|IEC_60529
94e72ba6-b838-5e26-9b8d-06e94ff939e2,IOCL,IOCL-110177,PRESSURE GAUGE 300# Brass 0-500 Deg C,CMM-INSTRU-8383E5-001,CMM-INSTRU-8383E5-001,MAPPED_VERIFIED,DIRECT_ACCEPTED,1.0,VERIFIED_CROSS_CPSE,HUMAN_ACCEPTED_HARMONIZATION,Verified cross-CPSE harmonization mapping supported by Phase 7 human review ACCEPT on candidate CAN-045541 with cryptographic evidence hash ...,CAN-045541,VALIDATED_COMPATIBLE,ACCEPT,,INSTRUMENTATION|PRESSURE_GAUGE|BRASS|0_500_DEG_C|ASME_B40100
630787c1-10b9-59a4-8205-58f5a7c37d34,IOCL,IOCL-110178,GLOBE VALVE 150# SS316 4 in,CMM-VALVE-2C542C-001,CMM-VALVE-2C542C-001,MAPPED_STANDALONE,STANDALONE,1.0,STANDALONE_IDENTITY,STANDALONE_CANONICAL_SYNTHESIS,1-to-1 deterministic identity mapping to governed Phase 8 standalone CMM candidate. Does not imply cross-CPSE equivalence or harmonization.,,,,,VALVE|GLOBE_VALVE|STAINLESS_STEEL|SS_316|4_IN|4_IN|API_600
db34a9cc-4274-53ae-9c23-a8593b6d0193,IOCL,IOCL-110179,EQUAL TEE 300# Carbon Steel DN 150,CMM-PIPEF-BC9186-001,CMM-PIPEF-BC9186-001,MAPPED_STANDALONE,STANDALONE,1.0,STANDALONE_IDENTITY,STANDALONE_CANONICAL_SYNTHESIS,1-to-1 deterministic identity mapping to governed Phase 8 standalone CMM candidate. Does not imply cross-CPSE equivalence or harmonization.,,,,,PIPE_FITTING|CARBON_STEEL|CARBON_STEEL|DN_150|3_M|150_MM|ASME_B165
fe5d8060-8cf6-57d4-b374-ee045122e038,IOCL,IOCL-110180,IND.DN 80 Centrifugal Pump - Cast Iron 300#,CMM-PUMP-904476-001,CMM-PUMP-904476-001,REVIEW_REQUIRED,DIRECT_ACCEPTED,0.6,REVIEW_REQUIRED,AMBIGUOUS_ATTRIBUTE_HOLD,Attribute ambiguity in upstream candidate group; human review required.,,REVIEW_REQUIRED,,,PUMP|CENTRIFUGAL_PUMP|CAST_IRON|DN_80|DN_80|IS_1520|CAST
46de7dc4-cdd6-5c3c-9848-67954884a38e,IOCL,IOCL-110181,REFINERY FLARE SENSOR 1/2 in NPT SS316,CMM-INSTRU-E2B610-001,CMM-INSTRU-E2B610-001,MAPPED_STANDALONE,STANDALONE,1.0,STANDALONE_IDENTITY,STANDALONE_CANONICAL_SYNTHESIS,1-to-1 deterministic identity mapping to governed Phase 8 standalone CMM candidate. Does not imply cross-CPSE equivalence or harmonization.,,,,,INSTRUMENTATION|STAINLESS_STEEL|SS_316|1_2_IN_NPT|API_537
da6105e9-3a31-5217-8ceb-141bc3fbd46b,IOCL,IOCL-110182,COKER SLIDE VALVE ASTM A217 C5 4 in,CMM-VALVE-DA9120-001,CMM-VALVE-DA9120-001,MAPPED_STANDALONE,STANDALONE,1.0,STANDALONE_IDENTITY,STANDALONE_CANONICAL_SYNTHESIS,1-to-1 deterministic identity mapping to governed Phase 8 standalone CMM candidate. Does not imply cross-CPSE equivalence or harmonization.,,,,,VALVE|ASTM_A217_C5|4_IN|4_IN|API_599
3e9c1624-bf19-555d-91b4-74666358e9b0,IOCL,IOCL-110183,COKER SLIDE VALVE 4 in ASTM A217 C5,CMM-VALVE-C4AB63-001,CMM-VALVE-C4AB63-001,MAPPED_STANDALONE,STANDALONE,1.0,STANDALONE_IDENTITY,STANDALONE_CANONICAL_SYNTHESIS,1-to-1 deterministic identity mapping to governed Phase 8 standalone CMM candidate. Does not imply cross-CPSE equivalence or harmonization.,,,,,VALVE|ASTM_A217_C5|4_IN|API_599|PTFE_LINED
2f6733f5-8c89-5151-b98c-4b4f6affdae1,IOCL,IOCL-110184,"STORES ITEM Coker Slide Valve, ASTM A217 C5, SIZE 4 in",CMM-VALVE-6B0728-001,CMM-VALVE-6B0728-001,MAPPED_STANDALONE,STANDALONE,1.0,STANDALONE_IDENTITY,STANDALONE_CANONICAL_SYNTHESIS,1-to-1 deterministic identity mapping to governed Phase 8 standalone CMM candidate. Does not imply cross-CPSE equivalence or harmonization.,,,,,VALVE|ASTM_A217_C5|4_IN|4_IN|API_599|ZINC_PLATED
4a49055c-3970-54d8-a1f7-79154f08a285,IOCL,IOCL-110185,4 in COKER SLIDE VALVE - ASTM A217 C5,CMM-VALVE-744EAE-001,CMM-VALVE-744EAE-001,MAPPED_STANDALONE,STANDALONE,1.0,STANDALONE_IDENTITY,STANDALONE_CANONICAL_SYNTHESIS,1-to-1 deterministic identity mapping to governed Phase 8 standalone CMM candidate. Does not imply cross-CPSE equivalence or harmonization.,,,,,VALVE|ASTM_A217_C5|4_IN|API_599|EPOXY_COATED
badab249-310d-5326-be37-688df4fc1551,IOCL,IOCL-110186,IND.4 in Coker Slide Valve - ASTM A217 C5,CMM-VALVE-E8D56B-001,CMM-VALVE-E8D56B-001,MAPPED_STANDALONE,STANDALONE,1.0,STANDALONE_IDENTITY,STANDALONE_CANONICAL_SYNTHESIS,1-to-1 deterministic identity mapping to governed Phase 8 standalone CMM candidate. Does not imply cross-CPSE equivalence or harmonization.,,,,,VALVE|ASTM_A217_C5|4_IN|4_IN|API_599
6eb29c1f-dd6e-5658-9545-eb0f6992715f,IOCL,IOCL-110187,"Coker Slide Valve, ASTM A217 C5, SIZE 4 in",CMM-VALVE-4BEFDB-001,CMM-VALVE-4BEFDB-001,MAPPED_STANDALONE,STANDALONE,1.0,STANDALONE_IDENTITY,STANDALONE_CANONICAL_SYNTHESIS,1-to-1 deterministic identity mapping to governed Phase 8 standalone CMM candidate. Does not imply cross-CPSE equivalence or harmonization.,,,,,VALVE|ASTM_A217_C5|4_IN|4_IN|API_599
2af70582-9c5e-55f6-a516-6b893160d222,IOCL,IOCL-110188,4 in COKER SLIDE VALVE - ASTM A217 C5,CMM-VALVE-5F2785-001,CMM-VALVE-5F2785-001,MAPPED_STANDALONE,STANDALONE,1.0,STANDALONE_IDENTITY,STANDALONE_CANONICAL_SYNTHESIS,1-to-1 deterministic identity mapping to governed Phase 8 standalone CMM candidate. Does not imply cross-CPSE equivalence or harmonization.,,,,,VALVE|ASTM_A217_C5|4_IN|4_IN|API_599
838a319c-f249-535c-8cea-c34ba246cca0,IOCL,IOCL-110189,REFINERY FLARE SENSOR SS316 1/2 in NPT,CMM-INSTRU-CA1232-001,CMM-INSTRU-CA1232-001,MAPPED_STANDALONE,STANDALONE,1.0,STANDALONE_IDENTITY,STANDALONE_CANONICAL_SYNTHESIS,1-to-1 deterministic identity mapping to governed Phase 8 standalone CMM candidate. Does not imply cross-CPSE equivalence or harmonization.,,,,,INSTRUMENTATION|STAINLESS_STEEL|SS_316|1_2_IN_NPT|API_537
e82eafcd-0752-55c3-a1fd-910a856ac11e,IOCL,IOCL-110190,STORES ITEM REFINERY FLARE SENSOR 1/2 in NPT SS316,CMM-INSTRU-57243E-001,CMM-INSTRU-57243E-001,MAPPED_STANDALONE,STANDALONE,1.0,STANDALONE_IDENTITY,STANDALONE_CANONICAL_SYNTHESIS,1-to-1 deterministic identity mapping to governed Phase 8 standalone CMM candidate. Does not imply cross-CPSE equivalence or harmonization.,,,,,INSTRUMENTATION|STAINLESS_STEEL|SS_316|1_2_IN_NPT|API_537
6ad4c407-2ff1-5c90-be0f-f338e7d984b6,IOCL,IOCL-110191,1/2 in NPT REFINERY FLARE SENSOR - SS316,CMM-INSTRU-63AE9C-001,CMM-INSTRU-63AE9C-001,MAPPED_STANDALONE,STANDALONE,1.0,STANDALONE_IDENTITY,STANDALONE_CANONICAL_SYNTHESIS,1-to-1 deterministic identity mapping to governed Phase 8 standalone CMM candidate. Does not imply cross-CPSE equivalence or harmonization.,,,,,INSTRUMENTATION|STAINLESS_STEEL|SS_316|1_2_IN_NPT|API_537
77866f67-f5ca-5f8f-8543-fac168a38ee7,IOCL,IOCL-110192,Coker Slide Valve 4 in ASTM A217 C5,CMM-VALVE-E15EAD-001,CMM-VALVE-E15EAD-001,MAPPED_STANDALONE,STANDALONE,1.0,STANDALONE_IDENTITY,STANDALONE_CANONICAL_SYNTHESIS,1-to-1 deterministic identity mapping to governed Phase 8 standalone CMM candidate. Does not imply cross-CPSE equivalence or harmonization.,,,,,VALVE|ASTM_A217_C5|4_IN|API_599
5427a155-af2f-5393-960f-f21bb9db8996,IOCL,IOCL-110193,1/2 in NPT REFINERY FLARE SENSOR - SS316,CMM-INSTRU-1A2E94-001,CMM-INSTRU-1A2E94-001,MAPPED_STANDALONE,STANDALONE,1.0,STANDALONE_IDENTITY,STANDALONE_CANONICAL_SYNTHESIS,1-to-1 deterministic identity mapping to governed Phase 8 standalone CMM candidate. Does not imply cross-CPSE equivalence or harmonization.,,,,,INSTRUMENTATION|STAINLESS_STEEL|SS_316|1_2_IN_NPT|API_537
d58d7fe3-bff3-5028-90ec-3a1dd0c16dae,IOCL,IOCL-110194,STORES ITEM Coker Slide Valve ASTM A217 C5 4 in,CMM-VALVE-CDF5F5-001,CMM-VALVE-CDF5F5-001,MAPPED_STANDALONE,STANDALONE,1.0,STANDALONE_IDENTITY,STANDALONE_CANONICAL_SYNTHESIS,1-to-1 deterministic identity mapping to governed Phase 8 standalone CMM candidate. Does not imply cross-CPSE equivalence or harmonization.,,,,,VALVE|ASTM_A217_C5|4_IN|4_IN|API_599
ed000917-9aab-554a-86fd-71e0ad02bb54,IOCL,IOCL-110195,COKER SLIDE VALVE 4 in ASTM A217 C5,CMM-VALVE-799437-001,CMM-VALVE-799437-001,MAPPED_STANDALONE,STANDALONE,1.0,STANDALONE_IDENTITY,STANDALONE_CANONICAL_SYNTHESIS,1-to-1 deterministic identity mapping to governed Phase 8 standalone CMM candidate. Does not imply cross-CPSE equivalence or harmonization.,,,,,VALVE|ASTM_A217_C5|4_IN|API_599
2359e2ac-578c-5b01-be7a-00207bf2bf64,IOCL,IOCL-110196,IND.REFINERY FLARE SENSOR SS316 1/2 in NPT,CMM-INSTRU-794286-001,CMM-INSTRU-794286-001,MAPPED_STANDALONE,STANDALONE,1.0,STANDALONE_IDENTITY,STANDALONE_CANONICAL_SYNTHESIS,1-to-1 deterministic identity mapping to governed Phase 8 standalone CMM candidate. Does not imply cross-CPSE equivalence or harmonization.,,,,,INSTRUMENTATION|STAINLESS_STEEL|SS_316|1_2_IN_NPT|API_537
1eaa95e0-20ca-5456-8f5e-f6e19ca6b9b5,IOCL,IOCL-110197,SPARE-REFINERY FLARE SENSOR SS316 1/2 in NPT,CMM-INSTRU-D3E979-001,CMM-INSTRU-D3E979-001,MAPPED_STANDALONE,STANDALONE,1.0,STANDALONE_IDENTITY,STANDALONE_CANONICAL_SYNTHESIS,1-to-1 deterministic identity mapping to governed Phase 8 standalone CMM candidate. Does not imply cross-CPSE equivalence or harmonization.,,,,,INSTRUMENTATION|STAINLESS_STEEL|SS_316|1_2_IN_NPT|API_537
2934953c-ceee-557d-b926-8394321cd0dd,IOCL,IOCL-110198,Coker Slide Valve 4 in ASTM A217 C5,CMM-VALVE-EA4949-001,CMM-VALVE-EA4949-001,MAPPED_STANDALONE,STANDALONE,1.0,STANDALONE_IDENTITY,STANDALONE_CANONICAL_SYNTHESIS,1-to-1 deterministic identity mapping to governed Phase 8 standalone CMM candidate. Does not imply cross-CPSE equivalence or harmonization.,,,,,VALVE|ASTM_A217_C5|4_IN|4_IN|API_599
6a3532e6-9cf6-5f2c-a64f-220040edf02f,IOCL,IOCL-110199,STORES ITEM 4 in Coker Slide Valve - ASTM A217 C5,CMM-VALVE-6BCCE1-001,CMM-VALVE-6BCCE1-001,MAPPED_STANDALONE,STANDALONE,1.0,STANDALONE_IDENTITY,STANDALONE_CANONICAL_SYNTHESIS,1-to-1 deterministic identity mapping to governed Phase 8 standalone CMM candidate. Does not imply cross-CPSE equivalence or harmonization.,,,,,VALVE|ASTM_A217_C5|4_IN|4_IN|API_599
6293a85b-4573-5df7-993c-ae84dc48ff69,IOCL,IOCL-110200,"SPARE-COKER SLIDE VALVE, ASTM A217 C5, SIZE 4 in",CMM-VALVE-5B0612-001,CMM-VALVE-5B0612-001,MAPPED_STANDALONE,STANDALONE,1.0,STANDALONE_IDENTITY,STANDALONE_CANONICAL_SYNTHESIS,1-to-1 deterministic identity mapping to governed Phase 8 standalone CMM candidate. Does not imply cross-CPSE equivalence or harmonization.,,,,,VALVE|ASTM_A217_C5|4_IN|API_599
f214bdf0-e9ae-524b-8523-8a39a8b1dee1,IOCL,IOCL-110201,COKER SLIDE VALVE ASTM A217 C5 4 in,CMM-VALVE-FD973B-001,CMM-VALVE-FD973B-001,MAPPED_STANDALONE,STANDALONE,1.0,STANDALONE_IDENTITY,STANDALONE_CANONICAL_SYNTHESIS,1-to-1 deterministic identity mapping to governed Phase 8 standalone CMM candidate. Does not imply cross-CPSE equivalence or harmonization.,,,,,VALVE|ASTM_A217_C5|4_IN|API_599
17befa71-6f78-5ef1-8cb1-80a6ef7100b3,IOCL,IOCL-110202,SPARE-COKER SLIDE VALVE ASTM A217 C5 4 in,CMM-VALVE-71F000-001,CMM-VALVE-71F000-001,MAPPED_STANDALONE,STANDALONE,1.0,STANDALONE_IDENTITY,STANDALONE_CANONICAL_SYNTHESIS,1-to-1 deterministic identity mapping to governed Phase 8 standalone CMM candidate. Does not imply cross-CPSE equivalence or harmonization.,,,,,VALVE|ASTM_A217_C5|4_IN|4_IN|API_599|EPOXY_COATED
87ddb506-d19b-5915-92f6-435c37193c97,IOCL,IOCL-110203,"IND.COKER SLIDE VALVE, ASTM A217 C5, SIZE 4 in",CMM-VALVE-D51ED1-001,CMM-VALVE-D51ED1-001,MAPPED_STANDALONE,STANDALONE,1.0,STANDALONE_IDENTITY,STANDALONE_CANONICAL_SYNTHESIS,1-to-1 deterministic identity mapping to governed Phase 8 standalone CMM candidate. Does not imply cross-CPSE equivalence or harmonization.,,,,,VALVE|ASTM_A217_C5|4_IN|4_IN|API_599|GALVANIZED
ecd33913-8109-5283-8317-939da9ec5572,IOCL,IOCL-110204,"COKER SLIDE VALVE, ASTM A217 C5, SIZE 4 in",CMM-VALVE-D1F8A9-001,CMM-VALVE-D1F8A9-001,MAPPED_STANDALONE,STANDALONE,1.0,STANDALONE_IDENTITY,STANDALONE_CANONICAL_SYNTHESIS,1-to-1 deterministic identity mapping to governed Phase 8 standalone CMM candidate. Does not imply cross-CPSE equivalence or harmonization.,,,,,VALVE|ASTM_A217_C5|4_IN|4_IN|API_599|EPOXY_COATED
11350be9-3118-5a56-b2d8-5841fc71a4cd,IOCL,IOCL-110205,IND.REFINERY FLARE SENSOR 1/2 in NPT SS316,CMM-INSTRU-C5E6DF-001,CMM-INSTRU-C5E6DF-001,MAPPED_STANDALONE,STANDALONE,1.0,STANDALONE_IDENTITY,STANDALONE_CANONICAL_SYNTHESIS,1-to-1 deterministic identity mapping to governed Phase 8 standalone CMM candidate. Does not imply cross-CPSE equivalence or harmonization.,,,,,INSTRUMENTATION|STAINLESS_STEEL|SS_316|1_2_IN_NPT|API_537
7b50994c-e273-5115-9d6e-1457b7b48e2e,IOCL,IOCL-110206,"REFINERY FLARE SENSOR, SS316, SIZE 1/2 in NPT",CMM-INSTRU-05A689-001,CMM-INSTRU-05A689-001,MAPPED_STANDALONE,STANDALONE,1.0,STANDALONE_IDENTITY,STANDALONE_CANONICAL_SYNTHESIS,1-to-1 deterministic identity mapping to governed Phase 8 standalone CMM candidate. Does not imply cross-CPSE equivalence or harmonization.,,,,,INSTRUMENTATION|STAINLESS_STEEL|SS_316|1_2_IN_NPT|API_537
6db13d77-6779-5c89-8ebd-3e2fd111f96f,IOCL,IOCL-110207,"STORES ITEM Coker Slide Valve, ASTM A217 C5, SIZE 4 in",CMM-VALVE-11A303-001,CMM-VALVE-11A303-001,MAPPED_STANDALONE,STANDALONE,1.0,STANDALONE_IDENTITY,STANDALONE_CANONICAL_SYNTHESIS,1-to-1 deterministic identity mapping to governed Phase 8 standalone CMM candidate. Does not imply cross-CPSE equivalence or harmonization.,,,,,VALVE|ASTM_A217_C5|4_IN|API_599
9e062054-4ca1-572d-b5c7-0ab1ceec00f3,IOCL,IOCL-110208,"STORES ITEM COKER SLIDE VALVE, ASTM A217 C5, SIZE 4 in",CMM-VALVE-5610F0-001,CMM-VALVE-5610F0-001,MAPPED_STANDALONE,STANDALONE,1.0,STANDALONE_IDENTITY,STANDALONE_CANONICAL_SYNTHESIS,1-to-1 deterministic identity mapping to governed Phase 8 standalone CMM candidate. Does not imply cross-CPSE equivalence or harmonization.,,,,,VALVE|ASTM_A217_C5|4_IN|API_599|ZINC_PLATED
fbee2672-22f0-5847-8abe-59142a6041ef,IOCL,IOCL-110209,SPARE-REFINERY FLARE SENSOR 1/2 in NPT SS316,CMM-INSTRU-30F87D-001,CMM-INSTRU-30F87D-001,MAPPED_STANDALONE,STANDALONE,1.0,STANDALONE_IDENTITY,STANDALONE_CANONICAL_SYNTHESIS,1-to-1 deterministic identity mapping to governed Phase 8 standalone CMM candidate. Does not imply cross-CPSE equivalence or harmonization.,,,,,INSTRUMENTATION|STAINLESS_STEEL|SS_316|1_2_IN_NPT|API_537
5de79f6f-5472-5e9d-98b4-e3498d8ed5ae,IOCL,IOCL-110210,IND.4 in COKER SLIDE VALVE - ASTM A217 C5,CMM-VALVE-EAB880-001,CMM-VALVE-EAB880-001,MAPPED_STANDALONE,STANDALONE,1.0,STANDALONE_IDENTITY,STANDALONE_CANONICAL_SYNTHESIS,1-to-1 deterministic identity mapping to governed Phase 8 standalone CMM candidate. Does not imply cross-CPSE equivalence or harmonization.,,,,,VALVE|ASTM_A217_C5|4_IN|4_IN|API_599|ZINC_PLATED
0cadf4e4-3137-50fc-8643-29d6c6213c1f,IOCL,IOCL-110211,REFINERY FLARE SENSOR 1/2 in NPT SS316,CMM-INSTRU-39CF5A-001,CMM-INSTRU-39CF5A-001,MAPPED_STANDALONE,STANDALONE,1.0,STANDALONE_IDENTITY,STANDALONE_CANONICAL_SYNTHESIS,1-to-1 deterministic identity mapping to governed Phase 8 standalone CMM candidate. Does not imply cross-CPSE equivalence or harmonization.,,,,,INSTRUMENTATION|STAINLESS_STEEL|SS_316|1_2_IN_NPT|API_537
ec32e599-64a6-5027-8004-773d1aec919b,IOCL,IOCL-110212,"Coker Slide Valve, ASTM A217 C5, SIZE 4 in",CMM-VALVE-EC01C6-001,CMM-VALVE-EC01C6-001,MAPPED_STANDALONE,STANDALONE,1.0,STANDALONE_IDENTITY,STANDALONE_CANONICAL_SYNTHESIS,1-to-1 deterministic identity mapping to governed Phase 8 standalone CMM candidate. Does not imply cross-CPSE equivalence or harmonization.,,,,,VALVE|ASTM_A217_C5|4_IN|4_IN|API_599
bbe60233-7219-590a-8bc1-a31265afc866,IOCL,IOCL-110213,SPARE-Refinery Flare Sensor 1/2 in NPT SS316,CMM-INSTRU-028F33-001,CMM-INSTRU-028F33-001,MAPPED_STANDALONE,STANDALONE,1.0,STANDALONE_IDENTITY,STANDALONE_CANONICAL_SYNTHESIS,1-to-1 deterministic identity mapping to governed Phase 8 standalone CMM candidate. Does not imply cross-CPSE equivalence or harmonization.,,,,,INSTRUMENTATION|STAINLESS_STEEL|SS_316|1_2_IN_NPT|API_537
a6a91ac9-f9e4-5125-867b-057bbbafe5ef,IOCL,IOCL-110214,STORES ITEM REFINERY FLARE SENSOR SS316 1/2 in NPT,CMM-INSTRU-91D2D9-001,CMM-INSTRU-91D2D9-001,MAPPED_STANDALONE,STANDALONE,1.0,STANDALONE_IDENTITY,STANDALONE_CANONICAL_SYNTHESIS,1-to-1 deterministic identity mapping to governed Phase 8 standalone CMM candidate. Does not imply cross-CPSE equivalence or harmonization.,,,,,INSTRUMENTATION|STAINLESS_STEEL|SS_316|1_2_IN_NPT|API_537
bef79352-f73b-5225-ad3e-97ccb2fce5c9,IOCL,IOCL-110215,Coker Slide Valve 4 in ASTM A217 C5,CMM-VALVE-7C3924-001,CMM-VALVE-7C3924-001,MAPPED_STANDALONE,STANDALONE,1.0,STANDALONE_IDENTITY,STANDALONE_CANONICAL_SYNTHESIS,1-to-1 deterministic identity mapping to governed Phase 8 standalone CMM candidate. Does not imply cross-CPSE equivalence or harmonization.,,,,,VALVE|ASTM_A217_C5|4_IN|API_599
20e9fac5-01b9-5871-bff0-cab62cb078ad,IOCL,IOCL-110216,STORES ITEM 4 in COKER SLIDE VALVE - ASTM A217 C5,CMM-VALVE-B96D44-001,CMM-VALVE-B96D44-001,MAPPED_STANDALONE,STANDALONE,1.0,STANDALONE_IDENTITY,STANDALONE_CANONICAL_SYNTHESIS,1-to-1 deterministic identity mapping to governed Phase 8 standalone CMM candidate. Does not imply cross-CPSE equivalence or harmonization.,,,,,VALVE|ASTM_A217_C5|4_IN|4_IN|API_599|GALVANIZED
566fe4cc-f984-5e23-9772-98c5f907e97e,IOCL,IOCL-110217,SPARE-REFINERY FLARE SENSOR 1/2 in NPT SS316,CMM-INSTRU-765732-001,CMM-INSTRU-765732-001,MAPPED_STANDALONE,STANDALONE,1.0,STANDALONE_IDENTITY,STANDALONE_CANONICAL_SYNTHESIS,1-to-1 deterministic identity mapping to governed Phase 8 standalone CMM candidate. Does not imply cross-CPSE equivalence or harmonization.,,,,,INSTRUMENTATION|STAINLESS_STEEL|SS_316|1_2_IN_NPT|API_537
6a60dabe-10a4-51f7-91ec-476e8b6c0c49,IOCL,IOCL-110218,1/2 in NPT REFINERY FLARE SENSOR - SS316,CMM-INSTRU-CC71D0-001,CMM-INSTRU-CC71D0-001,MAPPED_STANDALONE,STANDALONE,1.0,STANDALONE_IDENTITY,STANDALONE_CANONICAL_SYNTHESIS,1-to-1 deterministic identity mapping to governed Phase 8 standalone CMM candidate. Does not imply cross-CPSE equivalence or harmonization.,,,,,INSTRUMENTATION|STAINLESS_STEEL|SS_316|1_2_IN_NPT|API_537
6f5542be-36b2-57c6-b2cd-7d8a9240caba,IOCL,IOCL-110219,IND.4 in COKER SLIDE VALVE - ASTM A217 C5,CMM-VALVE-B1FF82-001,CMM-VALVE-B1FF82-001,MAPPED_STANDALONE,STANDALONE,1.0,STANDALONE_IDENTITY,STANDALONE_CANONICAL_SYNTHESIS,1-to-1 deterministic identity mapping to governed Phase 8 standalone CMM candidate. Does not imply cross-CPSE equivalence or harmonization.,,,,,VALVE|ASTM_A217_C5|4_IN|4_IN|API_599
c072f77c-92c0-57f3-8e6a-fe60ebc38bf9,IOCL,IOCL-110220,Refinery Flare Sensor SS316 1/2 in NPT,CMM-INSTRU-EB947D-001,CMM-INSTRU-EB947D-001,MAPPED_STANDALONE,STANDALONE,1.0,STANDALONE_IDENTITY,STANDALONE_CANONICAL_SYNTHESIS,1-to-1 deterministic identity mapping to governed Phase 8 standalone CMM candidate. Does not imply cross-CPSE equivalence or harmonization.,,,,,INSTRUMENTATION|STAINLESS_STEEL|SS_316|1_2_IN_NPT|API_537
e3d80c8a-e1dc-5714-8b67-9840bcb0fcf1,IOCL,IOCL-110221,"SPARE-Refinery Flare Sensor, SS316, SIZE 1/2 in NPT",CMM-INSTRU-6B7F1D-001,CMM-INSTRU-6B7F1D-001,MAPPED_STANDALONE,STANDALONE,1.0,STANDALONE_IDENTITY,STANDALONE_CANONICAL_SYNTHESIS,1-to-1 deterministic identity mapping to governed Phase 8 standalone CMM candidate. Does not imply cross-CPSE equivalence or harmonization.,,,,,INSTRUMENTATION|STAINLESS_STEEL|SS_316|1_2_IN_NPT|API_537
c1122727-a966-5644-aee2-648813fbde32,IOCL,IOCL-110222,Refinery Flare Sensor SS316 1/2 in NPT,CMM-INSTRU-82A6A9-001,CMM-INSTRU-82A6A9-001,MAPPED_STANDALONE,STANDALONE,1.0,STANDALONE_IDENTITY,STANDALONE_CANONICAL_SYNTHESIS,1-to-1 deterministic identity mapping to governed Phase 8 standalone CMM candidate. Does not imply cross-CPSE equivalence or harmonization.,,,,,INSTRUMENTATION|STAINLESS_STEEL|SS_316|1_2_IN_NPT|API_537
ad79cb63-d7c6-5ba4-aba8-0f6503df160c,IOCL,IOCL-110223,REFINERY FLARE SENSOR SS316 1/2 in NPT,CMM-INSTRU-21B419-001,CMM-INSTRU-21B419-001,MAPPED_STANDALONE,STANDALONE,1.0,STANDALONE_IDENTITY,STANDALONE_CANONICAL_SYNTHESIS,1-to-1 deterministic identity mapping to governed Phase 8 standalone CMM candidate. Does not imply cross-CPSE equivalence or harmonization.,,,,,INSTRUMENTATION|STAINLESS_STEEL|SS_316|1_2_IN_NPT|API_537
6e327ed5-2ce4-5df0-969b-3ef8706a0d84,IOCL,IOCL-110224,SPARE-1/2 in NPT REFINERY FLARE SENSOR - SS316,CMM-INSTRU-DD7A4B-001,CMM-INSTRU-DD7A4B-001,MAPPED_STANDALONE,STANDALONE,1.0,STANDALONE_IDENTITY,STANDALONE_CANONICAL_SYNTHESIS,1-to-1 deterministic identity mapping to governed Phase 8 standalone CMM candidate. Does not imply cross-CPSE equivalence or harmonization.,,,,,INSTRUMENTATION|STAINLESS_STEEL|SS_316|1_2_IN_NPT|API_537
751b34ca-6e63-54d8-ab63-5f5b5863767a,IOCL,IOCL-110225,REFINERY FLARE SENSOR SS316 1/2 in NPT,CMM-INSTRU-27F467-001,CMM-INSTRU-27F467-001,MAPPED_STANDALONE,STANDALONE,1.0,STANDALONE_IDENTITY,STANDALONE_CANONICAL_SYNTHESIS,1-to-1 deterministic identity mapping to governed Phase 8 standalone CMM candidate. Does not imply cross-CPSE equivalence or harmonization.,,,,,INSTRUMENTATION|STAINLESS_STEEL|SS_316|1_2_IN_NPT|API_537
d7c22e3d-4354-5225-a8a3-f6e980098603,IOCL,IOCL-110226,Refinery Flare Sensor SS316 1/2 in NPT,CMM-INSTRU-20EC15-001,CMM-INSTRU-20EC15-001,MAPPED_STANDALONE,STANDALONE,1.0,STANDALONE_IDENTITY,STANDALONE_CANONICAL_SYNTHESIS,1-to-1 deterministic identity mapping to governed Phase 8 standalone CMM candidate. Does not imply cross-CPSE equivalence or harmonization.,,,,,INSTRUMENTATION|STAINLESS_STEEL|SS_316|1_2_IN_NPT|API_537
335a8c7b-eff3-5fad-ad82-9c26175e9bb6,IOCL,IOCL-110227,Refinery Flare Sensor 1/2 in NPT SS316,CMM-INSTRU-76250E-001,CMM-INSTRU-76250E-001,MAPPED_STANDALONE,STANDALONE,1.0,STANDALONE_IDENTITY,STANDALONE_CANONICAL_SYNTHESIS,1-to-1 deterministic identity mapping to governed Phase 8 standalone CMM candidate. Does not imply cross-CPSE equivalence or harmonization.,,,,,INSTRUMENTATION|STAINLESS_STEEL|SS_316|1_2_IN_NPT|API_537
dcd612fc-481a-56ff-9871-f81832f7bfcf,IOCL,IOCL-110228,1/2 in NPT Refinery Flare Sensor - SS316,CMM-INSTRU-EFA3E9-001,CMM-INSTRU-EFA3E9-001,MAPPED_STANDALONE,STANDALONE,1.0,STANDALONE_IDENTITY,STANDALONE_CANONICAL_SYNTHESIS,1-to-1 deterministic identity mapping to governed Phase 8 standalone CMM candidate. Does not imply cross-CPSE equivalence or harmonization.,,,,,INSTRUMENTATION|STAINLESS_STEEL|SS_316|1_2_IN_NPT|API_537
21e95c98-82dc-5a84-b526-389e54aad351,IOCL,IOCL-110229,STORES ITEM Refinery Flare Sensor SS316 1/2 in NPT,CMM-INSTRU-3E1411-001,CMM-INSTRU-3E1411-001,MAPPED_STANDALONE,STANDALONE,1.0,STANDALONE_IDENTITY,STANDALONE_CANONICAL_SYNTHESIS,1-to-1 deterministic identity mapping to governed Phase 8 standalone CMM candidate. Does not imply cross-CPSE equivalence or harmonization.,,,,,INSTRUMENTATION|STAINLESS_STEEL|SS_316|1_2_IN_NPT|API_537
c94353ee-5efd-5dac-8ca9-08efe0628008,IOCL,IOCL-110230,Coker Slide Valve 4 in ASTM A217 C5,CMM-VALVE-F60DD7-001,CMM-VALVE-F60DD7-001,MAPPED_STANDALONE,STANDALONE,1.0,STANDALONE_IDENTITY,STANDALONE_CANONICAL_SYNTHESIS,1-to-1 deterministic identity mapping to governed Phase 8 standalone CMM candidate. Does not imply cross-CPSE equivalence or harmonization.,,,,,VALVE|ASTM_A217_C5|4_IN|API_599
8d8cb2e0-0dd4-5c0e-adc3-61a46e347f2f,IOCL,IOCL-110231,"IND.REFINERY FLARE SENSOR, SS316, SIZE 1/2 in NPT",CMM-INSTRU-001E9A-001,CMM-INSTRU-001E9A-001,MAPPED_STANDALONE,STANDALONE,1.0,STANDALONE_IDENTITY,STANDALONE_CANONICAL_SYNTHESIS,1-to-1 deterministic identity mapping to governed Phase 8 standalone CMM candidate. Does not imply cross-CPSE equivalence or harmonization.,,,,,INSTRUMENTATION|STAINLESS_STEEL|SS_316|1_2_IN_NPT|API_537
40d4d3ae-490d-56f7-a76e-84135e2dce78,IOCL,IOCL-110232,SPARE-4 in COKER SLIDE VALVE - ASTM A217 C5,CMM-VALVE-FD2261-001,CMM-VALVE-FD2261-001,MAPPED_STANDALONE,STANDALONE,1.0,STANDALONE_IDENTITY,STANDALONE_CANONICAL_SYNTHESIS,1-to-1 deterministic identity mapping to governed Phase 8 standalone CMM candidate. Does not imply cross-CPSE equivalence or harmonization.,,,,,VALVE|ASTM_A217_C5|4_IN|4_IN|API_599|PTFE_LINED
c2ce360e-8d74-5198-9f78-e595b39c295a,IOCL,IOCL-110233,"IND.Refinery Flare Sensor, SS316, SIZE 1/2 in NPT",CMM-INSTRU-E031A2-001,CMM-INSTRU-E031A2-001,MAPPED_STANDALONE,STANDALONE,1.0,STANDALONE_IDENTITY,STANDALONE_CANONICAL_SYNTHESIS,1-to-1 deterministic identity mapping to governed Phase 8 standalone CMM candidate. Does not imply cross-CPSE equivalence or harmonization.,,,,,INSTRUMENTATION|STAINLESS_STEEL|SS_316|1_2_IN_NPT|API_537
fe3844bf-a982-56b5-8117-47f5ac69f080,IOCL,IOCL-110234,IND.REFINERY FLARE SENSOR 1/2 in NPT SS316,CMM-INSTRU-110879-001,CMM-INSTRU-110879-001,MAPPED_STANDALONE,STANDALONE,1.0,STANDALONE_IDENTITY,STANDALONE_CANONICAL_SYNTHESIS,1-to-1 deterministic identity mapping to governed Phase 8 standalone CMM candidate. Does not imply cross-CPSE equivalence or harmonization.,,,,,INSTRUMENTATION|STAINLESS_STEEL|SS_316|1_2_IN_NPT|API_537
76e62681-8c99-53b2-8e7e-ee5a9ead7393,IOCL,IOCL-110235,4 in Coker Slide Valve - ASTM A217 C5,CMM-VALVE-20A119-001,CMM-VALVE-20A119-001,MAPPED_STANDALONE,STANDALONE,1.0,STANDALONE_IDENTITY,STANDALONE_CANONICAL_SYNTHESIS,1-to-1 deterministic identity mapping to governed Phase 8 standalone CMM candidate. Does not imply cross-CPSE equivalence or harmonization.,,,,,VALVE|ASTM_A217_C5|4_IN|4_IN|API_599
d1e0268e-e8f0-58d0-86ea-5568f66bd46c,IOCL,IOCL-110236,IND.4 in COKER SLIDE VALVE - ASTM A217 C5,CMM-VALVE-E7B3FB-001,CMM-VALVE-E7B3FB-001,MAPPED_STANDALONE,STANDALONE,1.0,STANDALONE_IDENTITY,STANDALONE_CANONICAL_SYNTHESIS,1-to-1 deterministic identity mapping to governed Phase 8 standalone CMM candidate. Does not imply cross-CPSE equivalence or harmonization.,,,,,VALVE|ASTM_A217_C5|4_IN|API_599
cccf6ba3-0674-5de7-a151-b7a6715da85c,IOCL,IOCL-110237,STORES ITEM REFINERY FLARE SENSOR 1/2 in NPT SS316,CMM-INSTRU-07ECAA-001,CMM-INSTRU-07ECAA-001,MAPPED_STANDALONE,STANDALONE,1.0,STANDALONE_IDENTITY,STANDALONE_CANONICAL_SYNTHESIS,1-to-1 deterministic identity mapping to governed Phase 8 standalone CMM candidate. Does not imply cross-CPSE equivalence or harmonization.,,,,,INSTRUMENTATION|STAINLESS_STEEL|SS_316|1_2_IN_NPT|API_537
75484471-f6c7-5038-bf92-5351533ea2f3,IOCL,IOCL-110238,COKER SLIDE VALVE ASTM A217 C5 4 in,CMM-VALVE-1D219B-001,CMM-VALVE-1D219B-001,MAPPED_STANDALONE,STANDALONE,1.0,STANDALONE_IDENTITY,STANDALONE_CANONICAL_SYNTHESIS,1-to-1 deterministic identity mapping to governed Phase 8 standalone CMM candidate. Does not imply cross-CPSE equivalence or harmonization.,,,,,VALVE|ASTM_A217_C5|4_IN|API_599|GALVANIZED
a23c991c-e495-59dc-981b-badfe3bbf327,IOCL,IOCL-110239,IND.Refinery Flare Sensor SS316 1/2 in NPT,CMM-INSTRU-C84B51-001,CMM-INSTRU-C84B51-001,MAPPED_STANDALONE,STANDALONE,1.0,STANDALONE_IDENTITY,STANDALONE_CANONICAL_SYNTHESIS,1-to-1 deterministic identity mapping to governed Phase 8 standalone CMM candidate. Does not imply cross-CPSE equivalence or harmonization.,,,,,INSTRUMENTATION|STAINLESS_STEEL|SS_316|1_2_IN_NPT|API_537
b11e42e3-c340-5aec-a678-679d49369fdd,IOCL,IOCL-110240,Coker Slide Valve ASTM A217 C5 4 in,CMM-VALVE-F78F84-001,CMM-VALVE-F78F84-001,MAPPED_STANDALONE,STANDALONE,1.0,STANDALONE_IDENTITY,STANDALONE_CANONICAL_SYNTHESIS,1-to-1 deterministic identity mapping to governed Phase 8 standalone CMM candidate. Does not imply cross-CPSE equivalence or harmonization.,,,,,VALVE|ASTM_A217_C5|4_IN|API_599|ZINC_PLATED
b0589431-25a8-547b-bbea-6dd969258af7,IOCL,IOCL-110241,"COKER SLIDE VALVE, ASTM A217 C5, SIZE 4 in",CMM-VALVE-8C49DE-001,CMM-VALVE-8C49DE-001,MAPPED_STANDALONE,STANDALONE,1.0,STANDALONE_IDENTITY,STANDALONE_CANONICAL_SYNTHESIS,1-to-1 deterministic identity mapping to governed Phase 8 standalone CMM candidate. Does not imply cross-CPSE equivalence or harmonization.,,,,,VALVE|ASTM_A217_C5|4_IN|4_IN|API_599
6bef858d-8953-5570-84b4-4e59910b7bb8,IOCL,IOCL-110242,STORES ITEM Refinery Flare Sensor 1/2 in NPT SS316,CMM-INSTRU-277A84-001,CMM-INSTRU-277A84-001,MAPPED_STANDALONE,STANDALONE,1.0,STANDALONE_IDENTITY,STANDALONE_CANONICAL_SYNTHESIS,1-to-1 deterministic identity mapping to governed Phase 8 standalone CMM candidate. Does not imply cross-CPSE equivalence or harmonization.,,,,,INSTRUMENTATION|STAINLESS_STEEL|SS_316|1_2_IN_NPT|API_537
de51cc2d-5973-5995-9bc5-8b6d715d78f9,IOCL,IOCL-110243,"REFINERY FLARE SENSOR, SS316, SIZE 1/2 in NPT",CMM-INSTRU-43CEC1-001,CMM-INSTRU-43CEC1-001,MAPPED_STANDALONE,STANDALONE,1.0,STANDALONE_IDENTITY,STANDALONE_CANONICAL_SYNTHESIS,1-to-1 deterministic identity mapping to governed Phase 8 standalone CMM candidate. Does not imply cross-CPSE equivalence or harmonization.,,,,,INSTRUMENTATION|STAINLESS_STEEL|SS_316|1_2_IN_NPT|API_537
fdc74da7-6f01-5fab-b2db-537be426dbc9,IOCL,IOCL-110244,REFINERY FLARE SENSOR SS316 1/2 in NPT,CMM-INSTRU-A59364-001,CMM-INSTRU-A59364-001,MAPPED_STANDALONE,STANDALONE,1.0,STANDALONE_IDENTITY,STANDALONE_CANONICAL_SYNTHESIS,1-to-1 deterministic identity mapping to governed Phase 8 standalone CMM candidate. Does not imply cross-CPSE equivalence or harmonization.,,,,,INSTRUMENTATION|STAINLESS_STEEL|SS_316|1_2_IN_NPT|API_537
418570da-7937-5459-af24-05879ea360b4,IOCL,IOCL-110245,"IND.Refinery Flare Sensor, SS316, SIZE 1/2 in NPT",CMM-INSTRU-7D7EC5-001,CMM-INSTRU-7D7EC5-001,MAPPED_STANDALONE,STANDALONE,1.0,STANDALONE_IDENTITY,STANDALONE_CANONICAL_SYNTHESIS,1-to-1 deterministic identity mapping to governed Phase 8 standalone CMM candidate. Does not imply cross-CPSE equivalence or harmonization.,,,,,INSTRUMENTATION|STAINLESS_STEEL|SS_316|1_2_IN_NPT|API_537
b652b994-24eb-548c-ac84-8695b8d6e26a,IOCL,IOCL-110246,1/2 in NPT Refinery Flare Sensor - SS316,CMM-INSTRU-D2336D-001,CMM-INSTRU-D2336D-001,MAPPED_STANDALONE,STANDALONE,1.0,STANDALONE_IDENTITY,STANDALONE_CANONICAL_SYNTHESIS,1-to-1 deterministic identity mapping to governed Phase 8 standalone CMM candidate. Does not imply cross-CPSE equivalence or harmonization.,,,,,INSTRUMENTATION|STAINLESS_STEEL|SS_316|1_2_IN_NPT|API_537
a9fa5755-e316-5884-a4ea-85fe4ffdaaa9,IOCL,IOCL-110247,Refinery Flare Sensor SS316 1/2 in NPT,CMM-INSTRU-ABABE6-001,CMM-INSTRU-ABABE6-001,MAPPED_STANDALONE,STANDALONE,1.0,STANDALONE_IDENTITY,STANDALONE_CANONICAL_SYNTHESIS,1-to-1 deterministic identity mapping to governed Phase 8 standalone CMM candidate. Does not imply cross-CPSE equivalence or harmonization.,,,,,INSTRUMENTATION|STAINLESS_STEEL|SS_316|1_2_IN_NPT|API_537
3531f50d-5acf-564f-bf2d-d10a26b53c57,IOCL,IOCL-110248,IND.REFINERY FLARE SENSOR 1/2 in NPT SS316,CMM-INSTRU-1887F6-001,CMM-INSTRU-1887F6-001,MAPPED_STANDALONE,STANDALONE,1.0,STANDALONE_IDENTITY,STANDALONE_CANONICAL_SYNTHESIS,1-to-1 deterministic identity mapping to governed Phase 8 standalone CMM candidate. Does not imply cross-CPSE equivalence or harmonization.,,,,,INSTRUMENTATION|STAINLESS_STEEL|SS_316|1_2_IN_NPT|API_537
ba5360bb-aa7b-56d4-8c5a-1a5bdc755eb8,IOCL,IOCL-110249,"REFINERY FLARE SENSOR, SS316, SIZE 1/2 in NPT",CMM-INSTRU-ED66C6-001,CMM-INSTRU-ED66C6-001,MAPPED_STANDALONE,STANDALONE,1.0,STANDALONE_IDENTITY,STANDALONE_CANONICAL_SYNTHESIS,1-to-1 deterministic identity mapping to governed Phase 8 standalone CMM candidate. Does not imply cross-CPSE equivalence or harmonization.,,,,,INSTRUMENTATION|STAINLESS_STEEL|SS_316|1_2_IN_NPT|API_537
bbc83bac-14aa-5b4b-9d58-3c80a8e78b23,IOCL,IOCL-110250,"Refinery Flare Sensor, SS316, SIZE 1/2 in NPT",CMM-INSTRU-A874B5-001,CMM-INSTRU-A874B5-001,MAPPED_STANDALONE,STANDALONE,1.0,STANDALONE_IDENTITY,STANDALONE_CANONICAL_SYNTHESIS,1-to-1 deterministic identity mapping to governed Phase 8 standalone CMM candidate. Does not imply cross-CPSE equivalence or harmonization.,,,,,INSTRUMENTATION|STAINLESS_STEEL|SS_316|1_2_IN_NPT|API_537
4fb74516-1a07-51e6-a6a7-cb4f395d319e,IOCL,IOCL-110251,SPARE-REFINERY FLARE SENSOR 1/2 in NPT SS316,CMM-INSTRU-28A277-001,CMM-INSTRU-28A277-001,MAPPED_STANDALONE,STANDALONE,1.0,STANDALONE_IDENTITY,STANDALONE_CANONICAL_SYNTHESIS,1-to-1 deterministic identity mapping to governed Phase 8 standalone CMM candidate. Does not imply cross-CPSE equivalence or harmonization.,,,,,INSTRUMENTATION|STAINLESS_STEEL|SS_316|1_2_IN_NPT|API_537
7b2d2586-d0e7-5345-8bea-5d61c2de1c28,IOCL,IOCL-110252,STORES ITEM REFINERY FLARE SENSOR SS316 1/2 in NPT,CMM-INSTRU-6F22C1-001,CMM-INSTRU-6F22C1-001,MAPPED_STANDALONE,STANDALONE,1.0,STANDALONE_IDENTITY,STANDALONE_CANONICAL_SYNTHESIS,1-to-1 deterministic identity mapping to governed Phase 8 standalone CMM candidate. Does not imply cross-CPSE equivalence or harmonization.,,,,,INSTRUMENTATION|STAINLESS_STEEL|SS_316|1_2_IN_NPT|API_537
e086db51-dd14-5a7a-84aa-3ea16ed090f9,IOCL,IOCL-110253,STORES ITEM Coker Slide Valve 4 in ASTM A217 C5,CMM-VALVE-D3728A-001,CMM-VALVE-D3728A-001,MAPPED_STANDALONE,STANDALONE,1.0,STANDALONE_IDENTITY,STANDALONE_CANONICAL_SYNTHESIS,1-to-1 deterministic identity mapping to governed Phase 8 standalone CMM candidate. Does not imply cross-CPSE equivalence or harmonization.,,,,,VALVE|ASTM_A217_C5|4_IN|API_599
91c307fd-27bb-5f19-b78d-a623e7b44643,IOCL,IOCL-110254,STORES ITEM 4 in COKER SLIDE VALVE - ASTM A217 C5,CMM-VALVE-773A5A-001,CMM-VALVE-773A5A-001,MAPPED_STANDALONE,STANDALONE,1.0,STANDALONE_IDENTITY,STANDALONE_CANONICAL_SYNTHESIS,1-to-1 deterministic identity mapping to governed Phase 8 standalone CMM candidate. Does not imply cross-CPSE equivalence or harmonization.,,,,,VALVE|ASTM_A217_C5|4_IN|4_IN|API_599|ZINC_PLATED
0a40c27a-5dab-5740-ba72-54cfffa16b0f,IOCL,IOCL-110255,"Refinery Flare Sensor, SS316, SIZE 1/2 in NPT",CMM-INSTRU-34E917-001,CMM-INSTRU-34E917-001,MAPPED_STANDALONE,STANDALONE,1.0,STANDALONE_IDENTITY,STANDALONE_CANONICAL_SYNTHESIS,1-to-1 deterministic identity mapping to governed Phase 8 standalone CMM candidate. Does not imply cross-CPSE equivalence or harmonization.,,,,,INSTRUMENTATION|STAINLESS_STEEL|SS_316|1_2_IN_NPT|API_537
5a4c5107-7682-5e5e-89c6-318d2aca92a8,IOCL,IOCL-110256,"STORES ITEM REFINERY FLARE SENSOR, SS316, SIZE 1/2 in NPT",CMM-INSTRU-2CF9D0-001,CMM-INSTRU-2CF9D0-001,MAPPED_STANDALONE,STANDALONE,1.0,STANDALONE_IDENTITY,STANDALONE_CANONICAL_SYNTHESIS,1-to-1 deterministic identity mapping to governed Phase 8 standalone CMM candidate. Does not imply cross-CPSE equivalence or harmonization.,,,,,INSTRUMENTATION|STAINLESS_STEEL|SS_316|1_2_IN_NPT|API_537
ac51cc64-a2d4-5d35-bf5e-487e64b9d3ea,IOCL,IOCL-110257,1/2 in NPT Refinery Flare Sensor - SS316,CMM-INSTRU-31BA4A-001,CMM-INSTRU-31BA4A-001,MAPPED_STANDALONE,STANDALONE,1.0,STANDALONE_IDENTITY,STANDALONE_CANONICAL_SYNTHESIS,1-to-1 deterministic identity mapping to governed Phase 8 standalone CMM candidate. Does not imply cross-CPSE equivalence or harmonization.,,,,,INSTRUMENTATION|STAINLESS_STEEL|SS_316|1_2_IN_NPT|API_537
36d4d298-2e81-5755-acec-62fe00179f84,IOCL,IOCL-110258,STORES ITEM 4 in Coker Slide Valve - ASTM A217 C5,CMM-VALVE-4BC61E-001,CMM-VALVE-4BC61E-001,MAPPED_STANDALONE,STANDALONE,1.0,STANDALONE_IDENTITY,STANDALONE_CANONICAL_SYNTHESIS,1-to-1 deterministic identity mapping to governed Phase 8 standalone CMM candidate. Does not imply cross-CPSE equivalence or harmonization.,,,,,VALVE|ASTM_A217_C5|4_IN|API_599
36e22920-9a5f-5ea4-928b-b15b815e66d3,IOCL,IOCL-110259,STORES ITEM 1/2 in NPT REFINERY FLARE SENSOR - SS316,CMM-INSTRU-9139D9-001,CMM-INSTRU-9139D9-001,MAPPED_STANDALONE,STANDALONE,1.0,STANDALONE_IDENTITY,STANDALONE_CANONICAL_SYNTHESIS,1-to-1 deterministic identity mapping to governed Phase 8 standalone CMM candidate. Does not imply cross-CPSE equivalence or harmonization.,,,,,INSTRUMENTATION|STAINLESS_STEEL|SS_316|1_2_IN_NPT|API_537
8b3961e0-a682-5be8-a54d-d0c4374eba93,IOCL,IOCL-110260,STORES ITEM 4 in COKER SLIDE VALVE - ASTM A217 C5,CMM-VALVE-A26987-001,CMM-VALVE-A26987-001,MAPPED_STANDALONE,STANDALONE,1.0,STANDALONE_IDENTITY,STANDALONE_CANONICAL_SYNTHESIS,1-to-1 deterministic identity mapping to governed Phase 8 standalone CMM candidate. Does not imply cross-CPSE equivalence or harmonization.,,,,,VALVE|ASTM_A217_C5|4_IN|API_599
90be6a65-f88d-5f2f-8c1e-84c1ab711f92,IOCL,IOCL-110261,"SPARE-COKER SLIDE VALVE, ASTM A217 C5, SIZE 4 in",CMM-VALVE-DC723B-001,CMM-VALVE-DC723B-001,MAPPED_STANDALONE,STANDALONE,1.0,STANDALONE_IDENTITY,STANDALONE_CANONICAL_SYNTHESIS,1-to-1 deterministic identity mapping to governed Phase 8 standalone CMM candidate. Does not imply cross-CPSE equivalence or harmonization.,,,,,VALVE|ASTM_A217_C5|4_IN|API_599
5c3fa331-86c5-58f4-ade4-28b2912b1962,IOCL,IOCL-110262,Coker Slide Valve ASTM A217 C5 4 in,CMM-VALVE-26DA83-001,CMM-VALVE-26DA83-001,MAPPED_STANDALONE,STANDALONE,1.0,STANDALONE_IDENTITY,STANDALONE_CANONICAL_SYNTHESIS,1-to-1 deterministic identity mapping to governed Phase 8 standalone CMM candidate. Does not imply cross-CPSE equivalence or harmonization.,,,,,VALVE|ASTM_A217_C5|4_IN|API_599
465293a5-2d06-507d-84d2-b79af57a587c,IOCL,IOCL-110263,"Coker Slide Valve, ASTM A217 C5, SIZE 4 in",CMM-VALVE-654368-001,CMM-VALVE-654368-001,MAPPED_STANDALONE,STANDALONE,1.0,STANDALONE_IDENTITY,STANDALONE_CANONICAL_SYNTHESIS,1-to-1 deterministic identity mapping to governed Phase 8 standalone CMM candidate. Does not imply cross-CPSE equivalence or harmonization.,,,,,VALVE|ASTM_A217_C5|4_IN|API_599|PTFE_LINED
9080144f-7703-5ad0-a487-10a25f4ad2b4,IOCL,IOCL-110264,SPARE-1/2 in NPT Refinery Flare Sensor - SS316,CMM-INSTRU-EC1734-001,CMM-INSTRU-EC1734-001,MAPPED_STANDALONE,STANDALONE,1.0,STANDALONE_IDENTITY,STANDALONE_CANONICAL_SYNTHESIS,1-to-1 deterministic identity mapping to governed Phase 8 standalone CMM candidate. Does not imply cross-CPSE equivalence or harmonization.,,,,,INSTRUMENTATION|STAINLESS_STEEL|SS_316|1_2_IN_NPT|API_537
26ac82d3-379f-53dc-9662-7d796c76faa6,IOCL,IOCL-110265,SPARE-REFINERY FLARE SENSOR SS316 1/2 in NPT,CMM-INSTRU-D1B610-001,CMM-INSTRU-D1B610-001,MAPPED_STANDALONE,STANDALONE,1.0,STANDALONE_IDENTITY,STANDALONE_CANONICAL_SYNTHESIS,1-to-1 deterministic identity mapping to governed Phase 8 standalone CMM candidate. Does not imply cross-CPSE equivalence or harmonization.,,,,,INSTRUMENTATION|STAINLESS_STEEL|SS_316|1_2_IN_NPT|API_537
b0b1d94d-42f4-55c7-8597-f03072862623,IOCL,IOCL-110266,IND.Refinery Flare Sensor SS316 1/2 in NPT,CMM-INSTRU-DA4CFB-001,CMM-INSTRU-DA4CFB-001,MAPPED_STANDALONE,STANDALONE,1.0,STANDALONE_IDENTITY,STANDALONE_CANONICAL_SYNTHESIS,1-to-1 deterministic identity mapping to governed Phase 8 standalone CMM candidate. Does not imply cross-CPSE equivalence or harmonization.,,,,,INSTRUMENTATION|STAINLESS_STEEL|SS_316|1_2_IN_NPT|API_537
36794036-7f47-5c9e-bb53-3c37e8e7b2b0,IOCL,IOCL-110267,"IND.Refinery Flare Sensor, SS316, SIZE 1/2 in NPT",CMM-INSTRU-29D6B2-001,CMM-INSTRU-29D6B2-001,MAPPED_STANDALONE,STANDALONE,1.0,STANDALONE_IDENTITY,STANDALONE_CANONICAL_SYNTHESIS,1-to-1 deterministic identity mapping to governed Phase 8 standalone CMM candidate. Does not imply cross-CPSE equivalence or harmonization.,,,,,INSTRUMENTATION|STAINLESS_STEEL|SS_316|1_2_IN_NPT|API_537
b086220f-0981-5e0a-a3f6-9069cd8b5555,IOCL,IOCL-110268,4 in Coker Slide Valve - ASTM A217 C5,CMM-VALVE-004822-001,CMM-VALVE-004822-001,MAPPED_STANDALONE,STANDALONE,1.0,STANDALONE_IDENTITY,STANDALONE_CANONICAL_SYNTHESIS,1-to-1 deterministic identity mapping to governed Phase 8 standalone CMM candidate. Does not imply cross-CPSE equivalence or harmonization.,,,,,VALVE|ASTM_A217_C5|4_IN|4_IN|API_599
e46fee40-5033-5369-bd5e-80f73373d287,IOCL,IOCL-110269,Refinery Flare Sensor 1/2 in NPT SS316,CMM-INSTRU-8255AD-001,CMM-INSTRU-8255AD-001,MAPPED_STANDALONE,STANDALONE,1.0,STANDALONE_IDENTITY,STANDALONE_CANONICAL_SYNTHESIS,1-to-1 deterministic identity mapping to governed Phase 8 standalone CMM candidate. Does not imply cross-CPSE equivalence or harmonization.,,,,,INSTRUMENTATION|STAINLESS_STEEL|SS_316|1_2_IN_NPT|API_537
51225603-d1dd-5576-8f35-04b572a938cf,IOCL,IOCL-110270,SPARE-REFINERY FLARE SENSOR 1/2 in NPT SS316,CMM-INSTRU-450866-001,CMM-INSTRU-450866-001,MAPPED_STANDALONE,STANDALONE,1.0,STANDALONE_IDENTITY,STANDALONE_CANONICAL_SYNTHESIS,1-to-1 deterministic identity mapping to governed Phase 8 standalone CMM candidate. Does not imply cross-CPSE equivalence or harmonization.,,,,,INSTRUMENTATION|STAINLESS_STEEL|SS_316|1_2_IN_NPT|API_537
44c3632b-783a-550c-a9b6-a8a89ee23398,IOCL,IOCL-110271,REFINERY FLARE SENSOR SS316 1/2 in NPT,CMM-INSTRU-C00875-001,CMM-INSTRU-C00875-001,MAPPED_STANDALONE,STANDALONE,1.0,STANDALONE_IDENTITY,STANDALONE_CANONICAL_SYNTHESIS,1-to-1 deterministic identity mapping to governed Phase 8 standalone CMM candidate. Does not imply cross-CPSE equivalence or harmonization.,,,,,INSTRUMENTATION|STAINLESS_STEEL|SS_316|1_2_IN_NPT|API_537
26bfaf28-b2d6-569d-8011-305668fa20c5,IOCL,IOCL-110272,STORES ITEM Refinery Flare Sensor 1/2 in NPT SS316,CMM-INSTRU-26CA5D-001,CMM-INSTRU-26CA5D-001,MAPPED_STANDALONE,STANDALONE,1.0,STANDALONE_IDENTITY,STANDALONE_CANONICAL_SYNTHESIS,1-to-1 deterministic identity mapping to governed Phase 8 standalone CMM candidate. Does not imply cross-CPSE equivalence or harmonization.,,,,,INSTRUMENTATION|STAINLESS_STEEL|SS_316|1_2_IN_NPT|API_537
d2001f6d-8b8b-53b9-ba38-d9c62f4889dc,IOCL,IOCL-110273,IND.Refinery Flare Sensor 1/2 in NPT SS316,CMM-INSTRU-3A53FA-001,CMM-INSTRU-3A53FA-001,MAPPED_STANDALONE,STANDALONE,1.0,STANDALONE_IDENTITY,STANDALONE_CANONICAL_SYNTHESIS,1-to-1 deterministic identity mapping to governed Phase 8 standalone CMM candidate. Does not imply cross-CPSE equivalence or harmonization.,,,,,INSTRUMENTATION|STAINLESS_STEEL|SS_316|1_2_IN_NPT|API_537
d924b33f-2280-5d1c-ab73-ec7018b8b452,IOCL,IOCL-110274,1/2 in NPT REFINERY FLARE SENSOR - SS316,CMM-INSTRU-4D969D-001,CMM-INSTRU-4D969D-001,MAPPED_STANDALONE,STANDALONE,1.0,STANDALONE_IDENTITY,STANDALONE_CANONICAL_SYNTHESIS,1-to-1 deterministic identity mapping to governed Phase 8 standalone CMM candidate. Does not imply cross-CPSE equivalence or harmonization.,,,,,INSTRUMENTATION|STAINLESS_STEEL|SS_316|1_2_IN_NPT|API_537
db2ab0d7-86fc-5f06-a4d8-1ceb89470b87,IOCL,IOCL-110275,IND.REFINERY FLARE SENSOR 1/2 in NPT SS316,CMM-INSTRU-80EC8A-001,CMM-INSTRU-80EC8A-001,MAPPED_STANDALONE,STANDALONE,1.0,STANDALONE_IDENTITY,STANDALONE_CANONICAL_SYNTHESIS,1-to-1 deterministic identity mapping to governed Phase 8 standalone CMM candidate. Does not imply cross-CPSE equivalence or harmonization.,,,,,INSTRUMENTATION|STAINLESS_STEEL|SS_316|1_2_IN_NPT|API_537
3686e440-6c1e-5408-bf7c-43a8b8aaee8a,NMDC,NMDC-410001,STORES ITEM Control Valve 2 in WCB,CMM-VALVE-992419-001,CMM-VALVE-992419-001,MAPPED_VERIFIED,DIRECT_ACCEPTED,1.0,VERIFIED_CROSS_CPSE,HUMAN_ACCEPTED_HARMONIZATION,Verified cross-CPSE harmonization mapping supported by Phase 7 human review ACCEPT on candidate CAN-000333 with cryptographic evidence hash ...,CAN-000333,VALIDATED_COMPATIBLE,ACCEPT,,VALVE|ASTM_A216_WCB|2_IN|API_598
e9d2d46a-9c5f-5467-b709-91dc4e6d80ae,NMDC,NMDC-410002,STORES ITEM 4C x 25 sq mm XLPE Cable - XLPE Insulated,CMM-ELECTR-AD2D59-001,CMM-ELECTR-AD2D59-001,MAPPED_VERIFIED,DIRECT_ACCEPTED,1.0,VERIFIED_CROSS_CPSE,HUMAN_ACCEPTED_HARMONIZATION,Verified cross-CPSE harmonization mapping supported by Phase 7 human review ACCEPT on candidate CAN-000452 with cryptographic evidence hash ...,CAN-000452,VALIDATED_COMPATIBLE,ACCEPT,,ELECTRICAL|CABLE|XLPE|XLPE_INSULATED|4C_X_25_SQ_MM|100_M|IEC_60502
7b366108-d256-5d47-8bcf-a3f7bef3f027,NMDC,NMDC-410003,"STORES ITEM RECIPROCATING PUMP, Carbon Steel, SIZE DN 80",CMM-PUMP-986768-001,CMM-PUMP-986768-001,MAPPED_VERIFIED,DIRECT_ACCEPTED,1.0,VERIFIED_CROSS_CPSE,HUMAN_ACCEPTED_HARMONIZATION,Verified cross-CPSE harmonization mapping supported by Phase 7 human review ACCEPT on candidate CAN-000515 with cryptographic evidence hash ...,CAN-000515,VALIDATED_COMPATIBLE,ACCEPT,,PUMP|CARBON_STEEL|CARBON_STEEL|DN_80|DN_80|IS_1520|PTFE_LINED
73d56170-18d0-590a-ab96-89e312d59c4c,NMDC,NMDC-410004,IND.REDUCER ASTM A106 Gr B DN 150,CMM-PIPEF-A8BD86-001,CMM-PIPEF-A8BD86-001,MAPPED_VERIFIED,DIRECT_ACCEPTED,1.0,VERIFIED_CROSS_CPSE,HUMAN_ACCEPTED_HARMONIZATION,Verified cross-CPSE harmonization mapping supported by Phase 7 human review ACCEPT on candidate CAN-001145 with cryptographic evidence hash ...,CAN-001145,VALIDATED_COMPATIBLE,ACCEPT,,PIPE_FITTING|ASTM_A106_GRB|DN_150|12_M|50_MM|IS_1239|ZINC_PLATED
7c5e53a9-f62e-5fab-b2dd-c9bb60bf8a18,NMDC,NMDC-410005,"IND.Gear Pump, Duplex Steel, SIZE 3 in x 2 in",CMM-PUMP-357758-001,CMM-PUMP-357758-001,MAPPED_VERIFIED,DIRECT_ACCEPTED,1.0,VERIFIED_CROSS_CPSE,HUMAN_ACCEPTED_HARMONIZATION,Verified cross-CPSE harmonization mapping supported by Phase 7 human review ACCEPT on candidate CAN-001354 with cryptographic evidence hash ...,CAN-001354,VALIDATED_COMPATIBLE,ACCEPT,,PUMP|DUPLEX_STEEL|3_IN_X_2_IN|3_IN_X_2_IN|ISO_2858
e0558490-d9b0-5448-be1c-b50cf3cab4dc,NMDC,NMDC-410006,3C x 95 sq mm XLPE CABLE - Aluminium,CMM-ELECTR-79A6DD-001,CMM-ELECTR-79A6DD-001,MAPPED_VERIFIED,DIRECT_ACCEPTED,1.0,VERIFIED_CROSS_CPSE,HUMAN_ACCEPTED_HARMONIZATION,Verified cross-CPSE harmonization mapping supported by Phase 7 human review ACCEPT on candidate CAN-001565 with cryptographic evidence hash ...,CAN-001565,VALIDATED_COMPATIBLE,ACCEPT,,ELECTRICAL|CABLE|XLPE|ALUMINIUM|3C_X_95_SQ_MM|IS_2026
4b1497a3-0ec6-5ace-be9e-f66c3431c717,NMDC,NMDC-410007,HEX NUT M16 x 65 SS304,CMM-FASTNR-79F7B5-001,CMM-FASTNR-79F7B5-001,MAPPED_VERIFIED,DIRECT_ACCEPTED,1.0,VERIFIED_CROSS_CPSE,HUMAN_ACCEPTED_HARMONIZATION,Verified cross-CPSE harmonization mapping supported by Phase 7 human review ACCEPT on candidate CAN-001682 with cryptographic evidence hash ...,CAN-001682,VALIDATED_COMPATIBLE,ACCEPT,,FASTENER|NUT|HEX|STAINLESS_STEEL|SS_304|M16_X_65|65_MM
453423de-9e37-5d2e-b5ff-e94d8f3f0794,NMDC,NMDC-410008,IND.M12 x 50 Hex Nut - Grade 8.8,CMM-FASTNR-412B68-001,CMM-FASTNR-412B68-001,REVIEW_REQUIRED,DIRECT_ACCEPTED,0.6,REVIEW_REQUIRED,AMBIGUOUS_ATTRIBUTE_HOLD,Attribute ambiguity in upstream candidate group; human review required.,,REVIEW_REQUIRED,,,FASTENER|NUT|HEX|GRADE_88|M12_X_50|50_MM|ASTM_A193
aab07de9-d89f-5eff-8aab-8d8641b1e8e7,NMDC,NMDC-410009,IND.NEEDLE BEARING AISI 52100 6304,CMM-BEARNG-668968-001,CMM-BEARNG-668968-001,REVIEW_REQUIRED,DIRECT_ACCEPTED,0.6,REVIEW_REQUIRED,AMBIGUOUS_ATTRIBUTE_HOLD,Attribute ambiguity in upstream candidate group; human review required.,,REVIEW_REQUIRED,,,BEARING|AISI_52100|6304|ISO_15
15f9a2fc-4934-595a-b9f1-745a4fc61352,NMDC,NMDC-410010,"SPARE-Hex Bolt, Grade B7, SIZE M16 x 65",CMM-FASTNR-6B8218-001,CMM-FASTNR-6B8218-001,MAPPED_VERIFIED,DIRECT_ACCEPTED,1.0,VERIFIED_CROSS_CPSE,HUMAN_ACCEPTED_HARMONIZATION,Verified cross-CPSE harmonization mapping supported by Phase 7 human review ACCEPT on candidate CAN-002251 with cryptographic evidence hash ...,CAN-002251,VALIDATED_COMPATIBLE,ACCEPT,,FASTENER|BOLT|HEX|GRADE_B7|M16_X_65|65_MM|ASME_B182
fff6e4bd-9687-5ab6-9769-384e11479c6b,NMDC,NMDC-410011,SPARE-4-20 mA FLOW METER - Brass,CMM-INSTRU-746A35-001,CMM-INSTRU-746A35-001,REVIEW_REQUIRED,DIRECT_ACCEPTED,0.6,REVIEW_REQUIRED,AMBIGUOUS_ATTRIBUTE_HOLD,Attribute ambiguity in upstream candidate group; human review required.,,REVIEW_REQUIRED,,,INSTRUMENTATION|BRASS|4_20_MA
eeec9f93-ef5c-5e2d-9a51-2ba28f5d5fd7,NMDC,NMDC-410012,DN 150 Flange - IS 2062,CMM-PIPEF-BBD3DF-001,CMM-PIPEF-BBD3DF-001,MAPPED_VERIFIED,DIRECT_ACCEPTED,1.0,VERIFIED_CROSS_CPSE,HUMAN_ACCEPTED_HARMONIZATION,Verified cross-CPSE harmonization mapping supported by Phase 7 human review ACCEPT on candidate CAN-002945 with cryptographic evidence hash ...,CAN-002945,VALIDATED_COMPATIBLE,ACCEPT,,PIPE_FITTING|FLANGE|IS_2062|DN_150|12_M|DN_150|ASTM_A106|GALVANIZED
4b84c7f2-d4b1-5606-a592-6157e202f595,NMDC,NMDC-410013,2 in Reducer - Carbon Steel,CMM-PIPEF-E0FB6D-001,CMM-PIPEF-E0FB6D-001,MAPPED_VERIFIED,DIRECT_ACCEPTED,1.0,VERIFIED_CROSS_CPSE,HUMAN_ACCEPTED_HARMONIZATION,Verified cross-CPSE harmonization mapping supported by Phase 7 human review ACCEPT on candidate CAN-003064 with cryptographic evidence hash ...,CAN-003064,VALIDATED_COMPATIBLE,ACCEPT,,PIPE_FITTING|CARBON_STEEL|CARBON_STEEL|2_IN|200_MM|IS_1239|ZINC_PLATED
46dae11f-a5b5-5baf-9628-3018fd48662f,NMDC,NMDC-410014,SUBMERSIBLE PUMP DN 80 SS316,CMM-PUMP-E31790-001,CMM-PUMP-E31790-001,MAPPED_VERIFIED,DIRECT_ACCEPTED,1.0,VERIFIED_CROSS_CPSE,HUMAN_ACCEPTED_HARMONIZATION,Verified cross-CPSE harmonization mapping supported by Phase 7 human review ACCEPT on candidate CAN-003302 with cryptographic evidence hash ...,CAN-003302,VALIDATED_COMPATIBLE,ACCEPT,,PUMP|STAINLESS_STEEL|SS_316|DN_80|DN_80|ISO_2858|PTFE_LINED
053cb6ac-53ca-519b-944d-3f17877824aa,NMDC,NMDC-410015,TEMPERATURE TRANSMITTER Polycarbonate 0-100 bar,CMM-INSTRU-3688F6-001,CMM-INSTRU-3688F6-001,REVIEW_REQUIRED,DIRECT_ACCEPTED,0.6,REVIEW_REQUIRED,AMBIGUOUS_ATTRIBUTE_HOLD,Attribute ambiguity in upstream candidate group; human review required.,,REVIEW_REQUIRED,,,INSTRUMENTATION|POLYCARBONATE|0_100_BAR|ASME_B40100
309e0013-c3b0-5f6d-afa6-e65815b65175,NMDC,NMDC-410016,"SPARE-Vertical Turbine Pump, Duplex Steel, SIZE 2 in x 1.5 in",CMM-PUMP-2F3FCE-001,CMM-PUMP-2F3FCE-001,MAPPED_VERIFIED,DIRECT_ACCEPTED,1.0,VERIFIED_CROSS_CPSE,HUMAN_ACCEPTED_HARMONIZATION,Verified cross-CPSE harmonization mapping supported by Phase 7 human review ACCEPT on candidate CAN-003662 with cryptographic evidence hash ...,CAN-003662,VALIDATED_COMPATIBLE,ACCEPT,,PUMP|DUPLEX_STEEL|2_IN_X_15_IN|API_610|VERTICAL
b7f744d2-8d15-5ebc-b47c-8f3697ec2ff4,NMDC,NMDC-410017,6208 THRUST BEARING - Stainless Steel,CMM-BEARNG-A2CB3C-001,CMM-BEARNG-A2CB3C-001,REVIEW_REQUIRED,DIRECT_ACCEPTED,0.6,REVIEW_REQUIRED,AMBIGUOUS_ATTRIBUTE_HOLD,Attribute ambiguity in upstream candidate group; human review required.,,REVIEW_REQUIRED,,,BEARING|STAINLESS_STEEL|STAINLESS_STEEL|6208|ISO_15
7975cd00-2325-5718-94f2-d27dcd4caef6,NMDC,NMDC-410018,0-100 bar RTD SENSOR - SS316,CMM-INSTRU-59A2A6-001,CMM-INSTRU-59A2A6-001,MAPPED_VERIFIED,DIRECT_ACCEPTED,1.0,VERIFIED_CROSS_CPSE,HUMAN_ACCEPTED_HARMONIZATION,Verified cross-CPSE harmonization mapping supported by Phase 7 human review ACCEPT on candidate CAN-004534 with cryptographic evidence hash ...,CAN-004534,VALIDATED_COMPATIBLE,ACCEPT,,INSTRUMENTATION|STAINLESS_STEEL|SS_316|0_100_BAR|IEC_60529
71a61afd-7dac-577f-a693-a84850357f85,NMDC,NMDC-410019,"STORES ITEM Flow Meter, Brass, SIZE 0-100 bar",CMM-INSTRU-027BD0-001,CMM-INSTRU-027BD0-001,REVIEW_REQUIRED,DIRECT_ACCEPTED,0.6,REVIEW_REQUIRED,AMBIGUOUS_ATTRIBUTE_HOLD,Attribute ambiguity in upstream candidate group; human review required.,,REVIEW_REQUIRED,,,INSTRUMENTATION|BRASS|0_100_BAR|ASME_B40100
00848239-c71f-5eef-b3d7-d3910940257e,NMDC,NMDC-410020,STORES ITEM Flange DN 150 Alloy Steel,CMM-PIPEF-AAC4DA-001,CMM-PIPEF-AAC4DA-001,MAPPED_VERIFIED,DIRECT_ACCEPTED,1.0,VERIFIED_CROSS_CPSE,HUMAN_ACCEPTED_HARMONIZATION,Verified cross-CPSE harmonization mapping supported by Phase 7 human review ACCEPT on candidate CAN-004952 with cryptographic evidence hash ...,CAN-004952,VALIDATED_COMPATIBLE,ACCEPT,,PIPE_FITTING|FLANGE|ALLOY_STEEL|DN_150|3_M|100_MM|ASME_B169|EPOXY_COATED
4e014668-88e1-572a-a7d3-0510b0378ca4,NMDC,NMDC-410021,"Globe Valve, LCB, SIZE 4 in",CMM-VALVE-9903B8-001,CMM-VALVE-9903B8-001,MAPPED_VERIFIED,DIRECT_ACCEPTED,1.0,VERIFIED_CROSS_CPSE,HUMAN_ACCEPTED_HARMONIZATION,Verified cross-CPSE harmonization mapping supported by Phase 7 human review ACCEPT on candidate CAN-005075 with cryptographic evidence hash ...,CAN-005075,VALIDATED_COMPATIBLE,ACCEPT,,VALVE|GLOBE_VALVE|LCB|4_IN|4_IN|API_598|EPOXY_COATED
8c81fb62-446c-53c3-862f-384506633005,NMDC,NMDC-410022,Mechanical Seal Graphite 65 mm,CMM-SEALG-260F99-001,CMM-SEALG-260F99-001,MAPPED_VERIFIED,DIRECT_ACCEPTED,1.0,VERIFIED_CROSS_CPSE,HUMAN_ACCEPTED_HARMONIZATION,Verified cross-CPSE harmonization mapping supported by Phase 7 human review ACCEPT on candidate CAN-005285 with cryptographic evidence hash ...,CAN-005285,VALIDATED_COMPATIBLE,ACCEPT,,SEAL_GASKET|GRAPHITE|65_MM|ASME_B1620
270cced4-85ef-5021-853f-3c2bebac2f5f,NMDC,NMDC-410023,"Anchor Bolt, Carbon Steel, SIZE M20 x 80",CMM-FASTNR-B4A1EA-001,CMM-FASTNR-B4A1EA-001,MAPPED_VERIFIED,DIRECT_ACCEPTED,1.0,VERIFIED_CROSS_CPSE,HUMAN_ACCEPTED_HARMONIZATION,Verified cross-CPSE harmonization mapping supported by Phase 7 human review ACCEPT on candidate CAN-005464 with cryptographic evidence hash ...,CAN-005464,VALIDATED_COMPATIBLE,ACCEPT,,FASTENER|BOLT|CARBON_STEEL|CARBON_STEEL|M20_X_80|80_MM|ASME_B182
1eaea469-57f9-58f6-89a7-10196f489c3c,NMDC,NMDC-410024,SPARE-Oil Seal Viton 2 in,CMM-SEALG-29423B-001,CMM-SEALG-29423B-001,MAPPED_VERIFIED,DIRECT_ACCEPTED,1.0,VERIFIED_CROSS_CPSE,HUMAN_ACCEPTED_HARMONIZATION,Verified cross-CPSE harmonization mapping supported by Phase 7 human review ACCEPT on candidate CAN-005675 with cryptographic evidence hash ...,CAN-005675,VALIDATED_COMPATIBLE,ACCEPT,,SEAL_GASKET|LUBRICANT|VITON|2_IN|API_682|EPOXY_COATED
af90c0a6-7a8a-5348-b929-86ab030c77c9,NMDC,NMDC-410025,0-500 Deg C Pressure Gauge - Polycarbonate,CMM-INSTRU-58342A-001,CMM-INSTRU-58342A-001,MAPPED_VERIFIED,DIRECT_ACCEPTED,1.0,VERIFIED_CROSS_CPSE,HUMAN_ACCEPTED_HARMONIZATION,Verified cross-CPSE harmonization mapping supported by Phase 7 human review ACCEPT on candidate CAN-006185 with cryptographic evidence hash ...,CAN-006185,VALIDATED_COMPATIBLE,ACCEPT,,INSTRUMENTATION|PRESSURE_GAUGE|POLYCARBONATE|0_500_DEG_C
6a3c364f-c7c9-5580-9d85-188ff23961c2,NMDC,NMDC-410026,SPARE-Roller Bearing 22208 Chrome Steel,CMM-BEARNG-39C22B-001,CMM-BEARNG-39C22B-001,REVIEW_REQUIRED,DIRECT_ACCEPTED,0.6,REVIEW_REQUIRED,AMBIGUOUS_ATTRIBUTE_HOLD,Attribute ambiguity in upstream candidate group; human review required.,,REVIEW_REQUIRED,,,BEARING|CHROME_STEEL|CHROME_STEEL|22208
9d61b1e2-c426-52b3-a894-d68ac7384bd9,NMDC,NMDC-410027,22208 THRUST BEARING - Stainless Steel,CMM-BEARNG-52104E-001,CMM-BEARNG-52104E-001,REVIEW_REQUIRED,DIRECT_ACCEPTED,0.6,REVIEW_REQUIRED,AMBIGUOUS_ATTRIBUTE_HOLD,Attribute ambiguity in upstream candidate group; human review required.,,REVIEW_REQUIRED,,,BEARING|STAINLESS_STEEL|STAINLESS_STEEL|22208
ebd1de6f-4654-58c6-bcf3-fbd99ce01659,NMDC,NMDC-410028,"SPARE-OIL SEAL, Viton, SIZE 50 mm",CMM-SEALG-F69B1C-001,CMM-SEALG-F69B1C-001,MAPPED_VERIFIED,DIRECT_ACCEPTED,1.0,VERIFIED_CROSS_CPSE,HUMAN_ACCEPTED_HARMONIZATION,Verified cross-CPSE harmonization mapping supported by Phase 7 human review ACCEPT on candidate CAN-006752 with cryptographic evidence hash ...,CAN-006752,VALIDATED_COMPATIBLE,ACCEPT,,SEAL_GASKET|LUBRICANT|VITON|50_MM|50_MM|ASME_B1620
e2cc35b8-058c-5865-809d-ab836902b1de,NMDC,NMDC-410029,"THRUST BEARING, AISI 52100, SIZE 6304",CMM-BEARNG-67CA99-001,CMM-BEARNG-67CA99-001,REVIEW_REQUIRED,DIRECT_ACCEPTED,0.6,REVIEW_REQUIRED,AMBIGUOUS_ATTRIBUTE_HOLD,Attribute ambiguity in upstream candidate group; human review required.,,REVIEW_REQUIRED,,,BEARING|AISI_52100|6304
a8cebaed-d80b-51d3-981c-8e25ff6eeb6e,NMDC,NMDC-410030,IND.Flow Meter SS316 4-20 mA,CMM-INSTRU-1E073D-001,CMM-INSTRU-1E073D-001,REVIEW_REQUIRED,DIRECT_ACCEPTED,0.6,REVIEW_REQUIRED,AMBIGUOUS_ATTRIBUTE_HOLD,Attribute ambiguity in upstream candidate group; human review required.,,REVIEW_REQUIRED,,,INSTRUMENTATION|STAINLESS_STEEL|SS_316|4_20_MA|ASME_B40100
39faa529-7dcf-5847-9114-57180d457dd9,NMDC,NMDC-410031,"SPARE-Elbow 90 Deg, ASTM A106 Gr B, SIZE 6 in",CMM-PIPEF-F76C77-001,CMM-PIPEF-F76C77-001,MAPPED_VERIFIED,DIRECT_ACCEPTED,1.0,VERIFIED_CROSS_CPSE,HUMAN_ACCEPTED_HARMONIZATION,Verified cross-CPSE harmonization mapping supported by Phase 7 human review ACCEPT on candidate CAN-007265 with cryptographic evidence hash ...,CAN-007265,VALIDATED_COMPATIBLE,ACCEPT,,PIPE_FITTING|ELBOW|ASTM_A106_GRB|6_IN|6_M|25_MM|ASME_B165|GALVANIZED
2145f170-66cf-5c5b-a3f1-1c56f46f86cb,NMDC,NMDC-410032,"O-RING, NBR, SIZE 50 mm",CMM-SEALG-8A8051-001,CMM-SEALG-8A8051-001,MAPPED_VERIFIED,DIRECT_ACCEPTED,1.0,VERIFIED_CROSS_CPSE,HUMAN_ACCEPTED_HARMONIZATION,Verified cross-CPSE harmonization mapping supported by Phase 7 human review ACCEPT on candidate CAN-007562 with cryptographic evidence hash ...,CAN-007562,VALIDATED_COMPATIBLE,ACCEPT,,SEAL_GASKET|NBR|50_MM|ASME_B1620
fc11c889-546b-53d7-9bbc-2f3e94afdd17,NMDC,NMDC-410033,"Switchgear Panel, XLPE Insulated, SIZE 1C x 300 sq mm",CMM-ELECTR-0CDB57-001,CMM-ELECTR-0CDB57-001,MAPPED_VERIFIED,DIRECT_ACCEPTED,1.0,VERIFIED_CROSS_CPSE,HUMAN_ACCEPTED_HARMONIZATION,Verified cross-CPSE harmonization mapping supported by Phase 7 human review ACCEPT on candidate CAN-007803 with cryptographic evidence hash ...,CAN-007803,VALIDATED_COMPATIBLE,ACCEPT,,ELECTRICAL|XLPE|XLPE_INSULATED|1C_X_300_SQ_MM|500_M|IS_7098
2a9a2872-40e4-50a3-9210-30f936d0dd1f,NMDC,NMDC-410034,Circuit Breaker 1C x 300 sq mm Aluminium,CMM-ELECTR-C565E9-001,CMM-ELECTR-C565E9-001,MAPPED_VERIFIED,DIRECT_ACCEPTED,1.0,VERIFIED_CROSS_CPSE,HUMAN_ACCEPTED_HARMONIZATION,Verified cross-CPSE harmonization mapping supported by Phase 7 human review ACCEPT on candidate CAN-007983 with cryptographic evidence hash ...,CAN-007983,VALIDATED_COMPATIBLE,ACCEPT,,ELECTRICAL|ALUMINIUM|1C_X_300_SQ_MM|1000_M|IEC_60502
bba15fc8-41fc-59d6-9faa-bd9eb265dfb2,NMDC,NMDC-410035,2 in x 1.5 in Reciprocating Pump - Cast Iron,CMM-PUMP-DB6C55-001,CMM-PUMP-DB6C55-001,MAPPED_VERIFIED,DIRECT_ACCEPTED,1.0,VERIFIED_CROSS_CPSE,HUMAN_ACCEPTED_HARMONIZATION,Verified cross-CPSE harmonization mapping supported by Phase 7 human review ACCEPT on candidate CAN-008104 with cryptographic evidence hash ...,CAN-008104,VALIDATED_COMPATIBLE,ACCEPT,,PUMP|CAST_IRON|2_IN_X_15_IN|2_IN_X_15_IN|ISO_2858|GALVANIZED|CAST
d34d6833-ab7f-52c3-bde1-f0368f8366b0,NMDC,NMDC-410036,SPARE-6408 Ball Bearing - Chrome Steel,CMM-BEARNG-87EFE4-001,CMM-BEARNG-87EFE4-001,MAPPED_VERIFIED,DIRECT_ACCEPTED,1.0,VERIFIED_CROSS_CPSE,HUMAN_ACCEPTED_HARMONIZATION,Verified cross-CPSE harmonization mapping supported by Phase 7 human review ACCEPT on candidate CAN-008495 with cryptographic evidence hash ...,CAN-008495,VALIDATED_COMPATIBLE,ACCEPT,,BEARING|BALL_BEARING|CHROME_STEEL|CHROME_STEEL|6408
aeef1c77-a4ea-5b2b-b9b4-c7d535ab3a0e,NMDC,NMDC-410037,STORES ITEM DISTRIBUTION TRANSFORMER XLPE Insulated 1C x 300 sq mm,CMM-ELECTR-8C5683-001,CMM-ELECTR-8C5683-001,REVIEW_REQUIRED,DIRECT_ACCEPTED,0.6,REVIEW_REQUIRED,AMBIGUOUS_ATTRIBUTE_HOLD,Attribute ambiguity in upstream candidate group; human review required.,,REVIEW_REQUIRED,,,ELECTRICAL|XLPE|XLPE_INSULATED|1C_X_300_SQ_MM|IS_13947
8155c0e7-fe1b-51af-8288-10056e59321f,NMDC,NMDC-410038,EQUAL TEE 2 in Alloy Steel,CMM-PIPEF-9F93F7-001,CMM-PIPEF-9F93F7-001,MAPPED_VERIFIED,DIRECT_ACCEPTED,1.0,VERIFIED_CROSS_CPSE,HUMAN_ACCEPTED_HARMONIZATION,Verified cross-CPSE harmonization mapping supported by Phase 7 human review ACCEPT on candidate CAN-009094 with cryptographic evidence hash ...,CAN-009094,VALIDATED_COMPATIBLE,ACCEPT,,PIPE_FITTING|ALLOY_STEEL|2_IN|2_IN|API_5L
4f73655e-e1d4-5d15-8e1e-a39606676997,NMDC,NMDC-410039,Distribution Transformer Copper 415V 100A,CMM-ELECTR-2DB37C-001,CMM-ELECTR-2DB37C-001,MAPPED_VERIFIED,DIRECT_ACCEPTED,1.0,VERIFIED_CROSS_CPSE,HUMAN_ACCEPTED_HARMONIZATION,Verified cross-CPSE harmonization mapping supported by Phase 7 human review ACCEPT on candidate CAN-009274 with cryptographic evidence hash ...,CAN-009274,VALIDATED_COMPATIBLE,ACCEPT,,ELECTRICAL|COPPER|415V_100A|IEC_60502
b3cbe100-3a95-5d22-9644-61708b0570a7,NMDC,NMDC-410040,"STORES ITEM O-Ring, Graphite, SIZE 100 mm",CMM-SEALG-C8045E-001,CMM-SEALG-C8045E-001,MAPPED_VERIFIED,DIRECT_ACCEPTED,1.0,VERIFIED_CROSS_CPSE,HUMAN_ACCEPTED_HARMONIZATION,Verified cross-CPSE harmonization mapping supported by Phase 7 human review ACCEPT on candidate CAN-009542 with cryptographic evidence hash ...,CAN-009542,VALIDATED_COMPATIBLE,ACCEPT,,SEAL_GASKET|GRAPHITE|100_MM|100_MM
bf479a2d-571a-5d85-91dc-ae509b3113de,NMDC,NMDC-410041,"IND.FLAT WASHER, Carbon Steel, SIZE M10 x 40",CMM-FASTNR-1AF629-001,CMM-FASTNR-1AF629-001,MAPPED_VERIFIED,DIRECT_ACCEPTED,1.0,VERIFIED_CROSS_CPSE,HUMAN_ACCEPTED_HARMONIZATION,Verified cross-CPSE harmonization mapping supported by Phase 7 human review ACCEPT on candidate CAN-009663 with cryptographic evidence hash ...,CAN-009663,VALIDATED_COMPATIBLE,ACCEPT,,FASTENER|WASHER|CARBON_STEEL|CARBON_STEEL|M10_X_40|40_MM|IS_1367
3550495e-e0cc-5dff-81a0-a2d9f26a2a20,NMDC,NMDC-410042,IND.DN 50 FLANGE - Alloy Steel,CMM-PIPEF-7A5764-001,CMM-PIPEF-7A5764-001,MAPPED_VERIFIED,DIRECT_ACCEPTED,1.0,VERIFIED_CROSS_CPSE,HUMAN_ACCEPTED_HARMONIZATION,Verified cross-CPSE harmonization mapping supported by Phase 7 human review ACCEPT on candidate CAN-009753 with cryptographic evidence hash ...,CAN-009753,VALIDATED_COMPATIBLE,ACCEPT,,PIPE_FITTING|FLANGE|ALLOY_STEEL|DN_50|1000_MM|DN_50|ASTM_A106|GALVANIZED
6a41ba34-464b-597f-959d-b54bfb33c2c0,NMDC,NMDC-410043,Hex Nut M10 x 40 SS304,CMM-FASTNR-459DCA-001,CMM-FASTNR-459DCA-001,MAPPED_VERIFIED,DIRECT_ACCEPTED,1.0,VERIFIED_CROSS_CPSE,HUMAN_ACCEPTED_HARMONIZATION,Verified cross-CPSE harmonization mapping supported by Phase 7 human review ACCEPT on candidate CAN-009873 with cryptographic evidence hash ...,CAN-009873,VALIDATED_COMPATIBLE,ACCEPT,,FASTENER|NUT|HEX|STAINLESS_STEEL|SS_304|M10_X_40|40_MM|IS_1367
46bb1c0d-4bde-50c6-bc05-0da1d0d3afa8,NMDC,NMDC-410044,SPARE-Centrifugal Pump Duplex Steel 3 in x 2 in,CMM-PUMP-82AEB3-001,CMM-PUMP-82AEB3-001,MAPPED_VERIFIED,DIRECT_ACCEPTED,1.0,VERIFIED_CROSS_CPSE,HUMAN_ACCEPTED_HARMONIZATION,Verified cross-CPSE harmonization mapping supported by Phase 7 human review ACCEPT on candidate CAN-010054 with cryptographic evidence hash ...,CAN-010054,VALIDATED_COMPATIBLE,ACCEPT,,PUMP|CENTRIFUGAL_PUMP|DUPLEX_STEEL|3_IN_X_2_IN|IS_1520
15bb5ef1-7a64-5622-a028-7a71f2be97e6,NMDC,NMDC-410045,"SPARE-HEX NUT, Grade 10.9, SIZE M24 x 100",CMM-FASTNR-BCCDD8-001,CMM-FASTNR-BCCDD8-001,MAPPED_VERIFIED,DIRECT_ACCEPTED,1.0,VERIFIED_CROSS_CPSE,HUMAN_ACCEPTED_HARMONIZATION,Verified cross-CPSE harmonization mapping supported by Phase 7 human review ACCEPT on candidate CAN-010263 with cryptographic evidence hash ...,CAN-010263,VALIDATED_COMPATIBLE,ACCEPT,,FASTENER|NUT|HEX|GRADE_109|M24_X_100|100_MM|ZINC_PLATED
bfe6e35b-1e64-5d2e-ab8e-eb83bba56f51,NMDC,NMDC-410046,SPARE-EQUAL TEE IS 2062 6 in,CMM-PIPEF-AE5889-001,CMM-PIPEF-AE5889-001,MAPPED_VERIFIED,DIRECT_ACCEPTED,1.0,VERIFIED_CROSS_CPSE,HUMAN_ACCEPTED_HARMONIZATION,Verified cross-CPSE harmonization mapping supported by Phase 7 human review ACCEPT on candidate CAN-010475 with cryptographic evidence hash ...,CAN-010475,VALIDATED_COMPATIBLE,ACCEPT,,PIPE_FITTING|IS_2062|6_IN|3_M|6_IN|IS_1239|EPOXY_COATED
13e3e0ce-93a3-5b3f-9ac6-07bd21dd6eba,NMDC,NMDC-410047,SPARE-2 in OIL SEAL - Viton,CMM-SEALG-18752C-001,CMM-SEALG-18752C-001,MAPPED_VERIFIED,DIRECT_ACCEPTED,1.0,VERIFIED_CROSS_CPSE,HUMAN_ACCEPTED_HARMONIZATION,Verified cross-CPSE harmonization mapping supported by Phase 7 human review ACCEPT on candidate CAN-010805 with cryptographic evidence hash ...,CAN-010805,VALIDATED_COMPATIBLE,ACCEPT,,SEAL_GASKET|LUBRICANT|VITON|2_IN|2_IN|ASME_B1620|GALVANIZED
ead00698-04c0-547e-ae32-6bf58679c24b,NMDC,NMDC-410048,"INDUCTION MOTOR, Aluminium, SIZE 4C x 25 sq mm",CMM-ELECTR-C2208E-001,CMM-ELECTR-C2208E-001,MAPPED_VERIFIED,DIRECT_ACCEPTED,1.0,VERIFIED_CROSS_CPSE,HUMAN_ACCEPTED_HARMONIZATION,Verified cross-CPSE harmonization mapping supported by Phase 7 human review ACCEPT on candidate CAN-011283 with cryptographic evidence hash ...,CAN-011283,VALIDATED_COMPATIBLE,ACCEPT,,ELECTRICAL|ALUMINIUM|4C_X_25_SQ_MM|500_M|IS_13947
e94d869c-d813-55ee-8b85-c759f761e03a,NMDC,NMDC-410049,1/2 in NPT RTD Sensor - Polycarbonate,CMM-INSTRU-014C39-001,CMM-INSTRU-014C39-001,MAPPED_VERIFIED,DIRECT_ACCEPTED,1.0,VERIFIED_CROSS_CPSE,HUMAN_ACCEPTED_HARMONIZATION,Verified cross-CPSE harmonization mapping supported by Phase 7 human review ACCEPT on candidate CAN-011615 with cryptographic evidence hash ...,CAN-011615,VALIDATED_COMPATIBLE,ACCEPT,,INSTRUMENTATION|POLYCARBONATE|1_2_IN_NPT|ASME_B40100
0911adaf-0c16-5a0e-bddb-d682fe94bc04,NMDC,NMDC-410050,IND.CENT. PUMP 3 in x 2 in Cast Iron,CMM-PUMP-329011-001,CMM-PUMP-329011-001,MAPPED_VERIFIED,DIRECT_ACCEPTED,1.0,VERIFIED_CROSS_CPSE,HUMAN_ACCEPTED_HARMONIZATION,Verified cross-CPSE harmonization mapping supported by Phase 7 human review ACCEPT on candidate CAN-011794 with cryptographic evidence hash ...,CAN-011794,VALIDATED_COMPATIBLE,ACCEPT,,PUMP|CENTRIFUGAL_PUMP|CAST_IRON|3_IN_X_2_IN|3_IN_X_2_IN|API_610|CAST
f667c4cf-dae4-5025-8f66-04f5174c496b,NMDC,NMDC-410051,Distribution Transformer Aluminium 4C x 25 sq mm,CMM-ELECTR-47E8A6-001,CMM-ELECTR-47E8A6-001,MAPPED_VERIFIED,DIRECT_ACCEPTED,1.0,VERIFIED_CROSS_CPSE,HUMAN_ACCEPTED_HARMONIZATION,Verified cross-CPSE harmonization mapping supported by Phase 7 human review ACCEPT on candidate CAN-012033 with cryptographic evidence hash ...,CAN-012033,VALIDATED_COMPATIBLE,ACCEPT,,ELECTRICAL|ALUMINIUM|4C_X_25_SQ_MM|100_M|IS_2026
32da45a8-e0f9-5fb2-af9f-d23e18249875,NMDC,NMDC-410052,SPARE-RUBBER GASKET NBR 50 mm,CMM-SEALG-C5D451-001,CMM-SEALG-C5D451-001,MAPPED_VERIFIED,DIRECT_ACCEPTED,1.0,VERIFIED_CROSS_CPSE,HUMAN_ACCEPTED_HARMONIZATION,Verified cross-CPSE harmonization mapping supported by Phase 7 human review ACCEPT on candidate CAN-012245 with cryptographic evidence hash ...,CAN-012245,VALIDATED_COMPATIBLE,ACCEPT,,SEAL_GASKET|NBR|50_MM|PTFE_LINED
3d9bbfa8-596a-54d0-8869-d1948e03be57,NMDC,NMDC-410053,Globe Valve ASTM A216 WCB 2 in,CMM-VALVE-989A61-001,CMM-VALVE-989A61-001,MAPPED_VERIFIED,DIRECT_ACCEPTED,1.0,VERIFIED_CROSS_CPSE,HUMAN_ACCEPTED_HARMONIZATION,Verified cross-CPSE harmonization mapping supported by Phase 7 human review ACCEPT on candidate CAN-012303 with cryptographic evidence hash ...,CAN-012303,VALIDATED_COMPATIBLE,ACCEPT,,VALVE|GLOBE_VALVE|ASTM_A216_WCB|2_IN|ASTM_A216_WCB|EPOXY_COATED
13114a2c-ccaf-5518-8e10-d72f725f41aa,NMDC,NMDC-410054,VERTICAL TURBINE PUMP 2 in x 1.5 in Carbon Steel,CMM-PUMP-7D55C9-001,CMM-PUMP-7D55C9-001,MAPPED_VERIFIED,DIRECT_ACCEPTED,1.0,VERIFIED_CROSS_CPSE,HUMAN_ACCEPTED_HARMONIZATION,Verified cross-CPSE harmonization mapping supported by Phase 7 human review ACCEPT on candidate CAN-012514 with cryptographic evidence hash ...,CAN-012514,VALIDATED_COMPATIBLE,ACCEPT,,PUMP|CARBON_STEEL|CARBON_STEEL|2_IN_X_15_IN|2_IN_X_15_IN|API_610|ZINC_PLATED|VERTICAL
eb714b9d-7a95-5eaa-89f3-3c16aa61229a,NMDC,NMDC-410055,"IND.Pressure Gauge, Brass, SIZE 4-20 mA",CMM-INSTRU-FECC9D-001,CMM-INSTRU-FECC9D-001,REVIEW_REQUIRED,DIRECT_ACCEPTED,0.6,REVIEW_REQUIRED,AMBIGUOUS_ATTRIBUTE_HOLD,Attribute ambiguity in upstream candidate group; human review required.,,REVIEW_REQUIRED,,,INSTRUMENTATION|PRESSURE_GAUGE|BRASS|4_20_MA|ASME_B40100
940f7def-147f-542c-ac33-de940ec99a05,NMDC,NMDC-410056,"IND.Reducer, Alloy Steel, SIZE DN 80",CMM-PIPEF-887486-001,CMM-PIPEF-887486-001,MAPPED_VERIFIED,DIRECT_ACCEPTED,1.0,VERIFIED_CROSS_CPSE,HUMAN_ACCEPTED_HARMONIZATION,Verified cross-CPSE harmonization mapping supported by Phase 7 human review ACCEPT on candidate CAN-012934 with cryptographic evidence hash ...,CAN-012934,VALIDATED_COMPATIBLE,ACCEPT,,PIPE_FITTING|ALLOY_STEEL|DN_80|DN_80|ASME_B169
510ba83e-b267-58e4-90a4-ce0d2c9874ad,NMDC,NMDC-410057,STORES ITEM EQUAL TEE DN 150 ASTM A106 Gr B,CMM-PIPEF-3BAF8F-001,CMM-PIPEF-3BAF8F-001,MAPPED_VERIFIED,DIRECT_ACCEPTED,1.0,VERIFIED_CROSS_CPSE,HUMAN_ACCEPTED_HARMONIZATION,Verified cross-CPSE harmonization mapping supported by Phase 7 human review ACCEPT on candidate CAN-013055 with cryptographic evidence hash ...,CAN-013055,VALIDATED_COMPATIBLE,ACCEPT,,PIPE_FITTING|ASTM_A106_GRB|DN_150|6_M|25_MM|API_5L
446c1224-7810-5e4d-905a-64dc8a38f71b,NMDC,NMDC-410058,"STORES ITEM SWITCHGEAR PANEL, XLPE Insulated, SIZE 4C x 25 sq mm",CMM-ELECTR-CE652D-001,CMM-ELECTR-CE652D-001,MAPPED_VERIFIED,DIRECT_ACCEPTED,1.0,VERIFIED_CROSS_CPSE,HUMAN_ACCEPTED_HARMONIZATION,Verified cross-CPSE harmonization mapping supported by Phase 7 human review ACCEPT on candidate CAN-013352 with cryptographic evidence hash ...,CAN-013352,VALIDATED_COMPATIBLE,ACCEPT,,ELECTRICAL|XLPE|XLPE_INSULATED|4C_X_25_SQ_MM|500_M|IS_2026
0184f900-ef87-58e8-b2e0-d18a7a6a4777,NMDC,NMDC-410059,BALL BRG Chrome Steel 22208,CMM-BEARNG-947C4D-001,CMM-BEARNG-947C4D-001,MAPPED_VERIFIED,DIRECT_ACCEPTED,1.0,VERIFIED_CROSS_CPSE,HUMAN_ACCEPTED_HARMONIZATION,Verified cross-CPSE harmonization mapping supported by Phase 7 human review ACCEPT on candidate CAN-013744 with cryptographic evidence hash ...,CAN-013744,VALIDATED_COMPATIBLE,ACCEPT,,BEARING|BALL_BEARING|CHROME_STEEL|CHROME_STEEL|22208
a5fb23a6-051d-52a1-8676-c1883dc2bc80,NMDC,NMDC-410060,"Needle Bearing, Chrome Steel, SIZE 6408",CMM-BEARNG-FF170C-001,CMM-BEARNG-FF170C-001,REVIEW_REQUIRED,DIRECT_ACCEPTED,0.6,REVIEW_REQUIRED,AMBIGUOUS_ATTRIBUTE_HOLD,Attribute ambiguity in upstream candidate group; human review required.,,REVIEW_REQUIRED,,,BEARING|CHROME_STEEL|CHROME_STEEL|6408
a42fb8a6-b196-5ec8-b69c-86b1e90fddd6,NMDC,NMDC-410061,"STORES ITEM RECIPROCATING PUMP, Duplex Steel, SIZE DN 100",CMM-PUMP-8BAE9F-001,CMM-PUMP-8BAE9F-001,MAPPED_VERIFIED,DIRECT_ACCEPTED,1.0,VERIFIED_CROSS_CPSE,HUMAN_ACCEPTED_HARMONIZATION,Verified cross-CPSE harmonization mapping supported by Phase 7 human review ACCEPT on candidate CAN-014105 with cryptographic evidence hash ...,CAN-014105,VALIDATED_COMPATIBLE,ACCEPT,,PUMP|DUPLEX_STEEL|DN_100|IS_1520
ee6e8098-aebb-51c4-847b-380e1917972c,NMDC,NMDC-410062,SPARE-415V 100A XLPE CABLE - XLPE Insulated,CMM-ELECTR-4D158E-001,CMM-ELECTR-4D158E-001,MAPPED_VERIFIED,DIRECT_ACCEPTED,1.0,VERIFIED_CROSS_CPSE,HUMAN_ACCEPTED_HARMONIZATION,Verified cross-CPSE harmonization mapping supported by Phase 7 human review ACCEPT on candidate CAN-014345 with cryptographic evidence hash ...,CAN-014345,VALIDATED_COMPATIBLE,ACCEPT,,ELECTRICAL|CABLE|XLPE|XLPE_INSULATED|415V_100A|1000_M|IS_7098
50fd4b8e-9500-5349-b9a1-7a445006c450,NMDC,NMDC-410063,"Socket Head Screw, Grade B7, SIZE M10 x 40",CMM-FASTNR-A82C5B-001,CMM-FASTNR-A82C5B-001,REVIEW_REQUIRED,DIRECT_ACCEPTED,0.6,REVIEW_REQUIRED,AMBIGUOUS_ATTRIBUTE_HOLD,Attribute ambiguity in upstream candidate group; human review required.,,REVIEW_REQUIRED,,,FASTENER|GRADE_B7|M10_X_40|40_MM|IS_1367
846e9f82-852d-5547-a948-47b47f8db1fb,NMDC,NMDC-410064,Oil Seal 2 in NBR,CMM-SEALG-C69426-001,CMM-SEALG-C69426-001,MAPPED_VERIFIED,DIRECT_ACCEPTED,1.0,VERIFIED_CROSS_CPSE,HUMAN_ACCEPTED_HARMONIZATION,Verified cross-CPSE harmonization mapping supported by Phase 7 human review ACCEPT on candidate CAN-014882 with cryptographic evidence hash ...,CAN-014882,VALIDATED_COMPATIBLE,ACCEPT,,SEAL_GASKET|LUBRICANT|NBR|2_IN|API_682
2542ba3b-5d65-55da-9d82-b8205503a0e9,NMDC,NMDC-410065,Induction Motor 4C x 25 sq mm XLPE Insulated,CMM-ELECTR-43E6A3-001,CMM-ELECTR-43E6A3-001,MAPPED_VERIFIED,DIRECT_ACCEPTED,1.0,VERIFIED_CROSS_CPSE,HUMAN_ACCEPTED_HARMONIZATION,Verified cross-CPSE harmonization mapping supported by Phase 7 human review ACCEPT on candidate CAN-015122 with cryptographic evidence hash ...,CAN-015122,VALIDATED_COMPATIBLE,ACCEPT,,ELECTRICAL|XLPE|XLPE_INSULATED|4C_X_25_SQ_MM|500_M|IS_7098
11a0dc88-ea7c-5b16-b590-66ce5827eaef,NMDC,NMDC-410066,IND.CHECK VALVE ASTM A216 WCB 1 in,CMM-VALVE-A923FC-001,CMM-VALVE-A923FC-001,MAPPED_VERIFIED,DIRECT_ACCEPTED,1.0,VERIFIED_CROSS_CPSE,HUMAN_ACCEPTED_HARMONIZATION,Verified cross-CPSE harmonization mapping supported by Phase 7 human review ACCEPT on candidate CAN-015214 with cryptographic evidence hash ...,CAN-015214,VALIDATED_COMPATIBLE,ACCEPT,,VALVE|CHECK_VALVE|ASTM_A216_WCB|1_IN|ASTM_A216_WCB
ae7f0249-60d9-52b3-a20e-a7c4f111e3f5,NMDC,NMDC-410067,IND.2 in Oil Seal - Viton,CMM-SEALG-B639C0-001,CMM-SEALG-B639C0-001,MAPPED_VERIFIED,DIRECT_ACCEPTED,1.0,VERIFIED_CROSS_CPSE,HUMAN_ACCEPTED_HARMONIZATION,Verified cross-CPSE harmonization mapping supported by Phase 7 human review ACCEPT on candidate CAN-015363 with cryptographic evidence hash ...,CAN-015363,VALIDATED_COMPATIBLE,ACCEPT,,SEAL_GASKET|LUBRICANT|VITON|2_IN|2_IN|ASME_B1620|ZINC_PLATED
849a8a19-b4c2-57e6-b2a5-377d4dd06208,NMDC,NMDC-410068,2 in Globe Valve - LCB,CMM-VALVE-C12B9C-001,CMM-VALVE-C12B9C-001,MAPPED_VERIFIED,DIRECT_ACCEPTED,1.0,VERIFIED_CROSS_CPSE,HUMAN_ACCEPTED_HARMONIZATION,Verified cross-CPSE harmonization mapping supported by Phase 7 human review ACCEPT on candidate CAN-015664 with cryptographic evidence hash ...,CAN-015664,VALIDATED_COMPATIBLE,ACCEPT,,VALVE|GLOBE_VALVE|LCB|2_IN|2_IN|ASME_B1634
0cf67130-8b5b-55a8-bda3-9464cfcbecd1,NMDC,NMDC-410069,STORES ITEM DN 150 Seamless Pipe - Carbon Steel,CMM-PIPEF-888E21-001,CMM-PIPEF-888E21-001,MAPPED_VERIFIED,DIRECT_ACCEPTED,1.0,VERIFIED_CROSS_CPSE,HUMAN_ACCEPTED_HARMONIZATION,Verified cross-CPSE harmonization mapping supported by Phase 7 human review ACCEPT on candidate CAN-015812 with cryptographic evidence hash ...,CAN-015812,VALIDATED_COMPATIBLE,ACCEPT,,PIPE_FITTING|PIPE|CARBON_STEEL|CARBON_STEEL|DN_150|3_M|80_MM|ASTM_A106|PTFE_LINED|SEAMLESS
74f31aad-c665-5a69-a104-74ad6c53e9ab,NMDC,NMDC-410070,IND.3C x 95 sq mm Distribution Transformer - XLPE Insulated,CMM-ELECTR-45EFBF-001,CMM-ELECTR-45EFBF-001,MAPPED_VERIFIED,DIRECT_ACCEPTED,1.0,VERIFIED_CROSS_CPSE,HUMAN_ACCEPTED_HARMONIZATION,Verified cross-CPSE harmonization mapping supported by Phase 7 human review ACCEPT on candidate CAN-015905 with cryptographic evidence hash ...,CAN-015905,VALIDATED_COMPATIBLE,ACCEPT,,ELECTRICAL|XLPE|XLPE_INSULATED|3C_X_95_SQ_MM|500_M|IS_2026
4821e181-b8cf-544d-8384-aa201aaab543,NMDC,NMDC-410071,DN 100 WELDED PIPE - IS 2062,CMM-PIPEF-CA4F29-001,CMM-PIPEF-CA4F29-001,MAPPED_VERIFIED,DIRECT_ACCEPTED,1.0,VERIFIED_CROSS_CPSE,HUMAN_ACCEPTED_HARMONIZATION,Verified cross-CPSE harmonization mapping supported by Phase 7 human review ACCEPT on candidate CAN-016112 with cryptographic evidence hash ...,CAN-016112,VALIDATED_COMPATIBLE,ACCEPT,,PIPE_FITTING|PIPE|IS_2062|DN_100|25_MM|API_5L|EPOXY_COATED|WELDED
b7dc7534-b3df-57ab-80df-4b6007e29fe1,NMDC,NMDC-410072,STORES ITEM EQUAL TEE DN 100 Carbon Steel,CMM-PIPEF-ED1BE7-001,CMM-PIPEF-ED1BE7-001,MAPPED_VERIFIED,DIRECT_ACCEPTED,1.0,VERIFIED_CROSS_CPSE,HUMAN_ACCEPTED_HARMONIZATION,Verified cross-CPSE harmonization mapping supported by Phase 7 human review ACCEPT on candidate CAN-016173 with cryptographic evidence hash ...,CAN-016173,VALIDATED_COMPATIBLE,ACCEPT,,PIPE_FITTING|CARBON_STEEL|CARBON_STEEL|DN_100|3_M|DN_100|API_5L|PTFE_LINED
36f8528e-2fe0-51bf-aae8-1b9b20612396,NMDC,NMDC-410073,IND.Check Valve SS316 1/2 in,CMM-VALVE-3C3B28-001,CMM-VALVE-3C3B28-001,MAPPED_VERIFIED,DIRECT_ACCEPTED,1.0,VERIFIED_CROSS_CPSE,HUMAN_ACCEPTED_HARMONIZATION,Verified cross-CPSE harmonization mapping supported by Phase 7 human review ACCEPT on candidate CAN-016322 with cryptographic evidence hash ...,CAN-016322,VALIDATED_COMPATIBLE,ACCEPT,,VALVE|CHECK_VALVE|STAINLESS_STEEL|SS_316|1_2_IN|1_2_IN|API_600
f7da1ad5-4a6f-5fbd-9bbf-08d75ca2066e,NMDC,NMDC-410074,"IND.Rubber Gasket, NBR, SIZE 100 mm",CMM-SEALG-E0C6E5-001,CMM-SEALG-E0C6E5-001,MAPPED_VERIFIED,DIRECT_ACCEPTED,1.0,VERIFIED_CROSS_CPSE,HUMAN_ACCEPTED_HARMONIZATION,Verified cross-CPSE harmonization mapping supported by Phase 7 human review ACCEPT on candidate CAN-016682 with cryptographic evidence hash ...,CAN-016682,VALIDATED_COMPATIBLE,ACCEPT,,SEAL_GASKET|NBR|100_MM|100_MM|ASME_B1620|EPOXY_COATED
0db83d6a-27f1-59ae-bb14-85ef8677799f,NMDC,NMDC-410075,0-500 Deg C FLOW METER - SS316,CMM-INSTRU-21D516-001,CMM-INSTRU-21D516-001,MAPPED_VERIFIED,DIRECT_ACCEPTED,1.0,VERIFIED_CROSS_CPSE,HUMAN_ACCEPTED_HARMONIZATION,Verified cross-CPSE harmonization mapping supported by Phase 7 human review ACCEPT on candidate CAN-016833 with cryptographic evidence hash ...,CAN-016833,VALIDATED_COMPATIBLE,ACCEPT,,INSTRUMENTATION|STAINLESS_STEEL|SS_316|0_500_DEG_C|ASME_B40100
d3212e18-b27a-522f-a70f-4cb80dc8eba8,NMDC,NMDC-410076,"O-RING, Graphite, SIZE 50 mm",CMM-SEALG-80EA46-001,CMM-SEALG-80EA46-001,MAPPED_VERIFIED,DIRECT_ACCEPTED,1.0,VERIFIED_CROSS_CPSE,HUMAN_ACCEPTED_HARMONIZATION,Verified cross-CPSE harmonization mapping supported by Phase 7 human review ACCEPT on candidate CAN-016894 with cryptographic evidence hash ...,CAN-016894,VALIDATED_COMPATIBLE,ACCEPT,,SEAL_GASKET|GRAPHITE|50_MM|50_MM|PTFE_LINED
81174a6c-ef5d-5879-a600-42df0169690f,NMDC,NMDC-410077,IND.DN 80 PIPE SMLS - SS316L,CMM-PIPEF-42698F-001,CMM-PIPEF-42698F-001,MAPPED_VERIFIED,DIRECT_ACCEPTED,1.0,VERIFIED_CROSS_CPSE,HUMAN_ACCEPTED_HARMONIZATION,Verified cross-CPSE harmonization mapping supported by Phase 7 human review ACCEPT on candidate CAN-017192 with cryptographic evidence hash ...,CAN-017192,VALIDATED_COMPATIBLE,ACCEPT,,PIPE_FITTING|PIPE|STAINLESS_STEEL|SS_316L|DN_80|3_M|200_MM|IS_1239|EPOXY_COATED
fc436b3a-11b4-57a7-97ed-66b7088fcbf8,NMDC,NMDC-410078,"HEX NUT, Carbon Steel, SIZE M20 x 80",CMM-FASTNR-7426EC-001,CMM-FASTNR-7426EC-001,MAPPED_VERIFIED,DIRECT_ACCEPTED,1.0,VERIFIED_CROSS_CPSE,HUMAN_ACCEPTED_HARMONIZATION,Verified cross-CPSE harmonization mapping supported by Phase 7 human review ACCEPT on candidate CAN-017255 with cryptographic evidence hash ...,CAN-017255,VALIDATED_COMPATIBLE,ACCEPT,,FASTENER|NUT|HEX|CARBON_STEEL|CARBON_STEEL|M20_X_80|80_MM
c728ea92-d7e3-58a2-b5ca-c643fe9a9c0c,NMDC,NMDC-410079,SPARE-PRESSURE GAUGE Brass 4-20 mA,CMM-INSTRU-DE763E-001,CMM-INSTRU-DE763E-001,MAPPED_VERIFIED,DIRECT_ACCEPTED,1.0,VERIFIED_CROSS_CPSE,HUMAN_ACCEPTED_HARMONIZATION,Verified cross-CPSE harmonization mapping supported by Phase 7 human review ACCEPT on candidate CAN-017795 with cryptographic evidence hash ...,CAN-017795,VALIDATED_COMPATIBLE,ACCEPT,,INSTRUMENTATION|PRESSURE_GAUGE|BRASS|4_20_MA
b7e7f44d-ad84-5d6f-a0a5-4f1fc0a95db6,NMDC,NMDC-410080,DN 50 EQUAL TEE - Alloy Steel,CMM-PIPEF-358D39-001,CMM-PIPEF-358D39-001,MAPPED_VERIFIED,DIRECT_ACCEPTED,1.0,VERIFIED_CROSS_CPSE,HUMAN_ACCEPTED_HARMONIZATION,Verified cross-CPSE harmonization mapping supported by Phase 7 human review ACCEPT on candidate CAN-017943 with cryptographic evidence hash ...,CAN-017943,VALIDATED_COMPATIBLE,ACCEPT,,PIPE_FITTING|ALLOY_STEEL|DN_50|DN_50|ASME_B165
f3e3fa8d-3303-5ae5-a329-bdc641b918d1,NMDC,NMDC-410081,STORES ITEM BRG BALL Stainless Steel 6208,CMM-BEARNG-0FD5BF-001,CMM-BEARNG-0FD5BF-001,REVIEW_REQUIRED,DIRECT_ACCEPTED,0.6,REVIEW_REQUIRED,AMBIGUOUS_ATTRIBUTE_HOLD,Attribute ambiguity in upstream candidate group; human review required.,,REVIEW_REQUIRED,,,BEARING|BALL_BEARING|STAINLESS_STEEL|STAINLESS_STEEL|6208
fa93a34e-c748-5a77-b64b-05aba57fd190,NMDC,NMDC-410082,415V 100A Circuit Breaker - XLPE Insulated,CMM-ELECTR-9FEFD2-001,CMM-ELECTR-9FEFD2-001,MAPPED_VERIFIED,DIRECT_ACCEPTED,1.0,VERIFIED_CROSS_CPSE,HUMAN_ACCEPTED_HARMONIZATION,Verified cross-CPSE harmonization mapping supported by Phase 7 human review ACCEPT on candidate CAN-018545 with cryptographic evidence hash ...,CAN-018545,VALIDATED_COMPATIBLE,ACCEPT,,ELECTRICAL|XLPE|XLPE_INSULATED|415V_100A|500_M|IEC_60502
fae16f7d-9d42-52ce-8bc1-f6e15ca8a227,NMDC,NMDC-410083,SPARE-M24 x 100 BOLT HEX - Carbon Steel,CMM-FASTNR-5C0E61-001,CMM-FASTNR-5C0E61-001,MAPPED_VERIFIED,DIRECT_ACCEPTED,1.0,VERIFIED_CROSS_CPSE,HUMAN_ACCEPTED_HARMONIZATION,Verified cross-CPSE harmonization mapping supported by Phase 7 human review ACCEPT on candidate CAN-018601 with cryptographic evidence hash ...,CAN-018601,VALIDATED_COMPATIBLE,ACCEPT,,FASTENER|BOLT|CARBON_STEEL|CARBON_STEEL|M24_X_100|100_MM|IS_1367
1f8776b1-3d55-579a-86af-a92a16c73c01,NMDC,NMDC-410084,22208 Roller Bearing - AISI 52100,CMM-BEARNG-75E845-001,CMM-BEARNG-75E845-001,REVIEW_REQUIRED,DIRECT_ACCEPTED,0.6,REVIEW_REQUIRED,AMBIGUOUS_ATTRIBUTE_HOLD,Attribute ambiguity in upstream candidate group; human review required.,,REVIEW_REQUIRED,,,BEARING|AISI_52100|22208
86bffbd7-4992-5b1e-abbc-c1442976018b,NMDC,NMDC-410085,SPARE-Flange DN 80 SS316L,CMM-PIPEF-A6DA56-001,CMM-PIPEF-A6DA56-001,MAPPED_VERIFIED,DIRECT_ACCEPTED,1.0,VERIFIED_CROSS_CPSE,HUMAN_ACCEPTED_HARMONIZATION,Verified cross-CPSE harmonization mapping supported by Phase 7 human review ACCEPT on candidate CAN-019082 with cryptographic evidence hash ...,CAN-019082,VALIDATED_COMPATIBLE,ACCEPT,,PIPE_FITTING|FLANGE|STAINLESS_STEEL|SS_316L|DN_80|12_M|80_MM|ASTM_A106
27b0b580-7a31-5515-ba35-5d176e41223c,NMDC,NMDC-410086,SPARE-Centrifugal Pump Carbon Steel 2 in x 1.5 in,CMM-PUMP-CF08C1-001,CMM-PUMP-CF08C1-001,MAPPED_VERIFIED,DIRECT_ACCEPTED,1.0,VERIFIED_CROSS_CPSE,HUMAN_ACCEPTED_HARMONIZATION,Verified cross-CPSE harmonization mapping supported by Phase 7 human review ACCEPT on candidate CAN-019413 with cryptographic evidence hash ...,CAN-019413,VALIDATED_COMPATIBLE,ACCEPT,,PUMP|CENTRIFUGAL_PUMP|CARBON_STEEL|CARBON_STEEL|2_IN_X_15_IN|API_610
137cda4b-aaeb-58ba-9931-353fd511c93b,NMDC,NMDC-410087,TEMPERATURE TRANSMITTER SS316 0-100 bar,CMM-INSTRU-2B591E-001,CMM-INSTRU-2B591E-001,REVIEW_REQUIRED,DIRECT_ACCEPTED,0.6,REVIEW_REQUIRED,AMBIGUOUS_ATTRIBUTE_HOLD,Attribute ambiguity in upstream candidate group; human review required.,,REVIEW_REQUIRED,,,INSTRUMENTATION|STAINLESS_STEEL|SS_316|0_100_BAR
1d5ba5ab-3326-5981-b0fb-98ecf2e76931,NMDC,NMDC-410088,IND.Butterfly Valve 4 in WCB,CMM-VALVE-0728B9-001,CMM-VALVE-0728B9-001,MAPPED_VERIFIED,DIRECT_ACCEPTED,1.0,VERIFIED_CROSS_CPSE,HUMAN_ACCEPTED_HARMONIZATION,Verified cross-CPSE harmonization mapping supported by Phase 7 human review ACCEPT on candidate CAN-019684 with cryptographic evidence hash ...,CAN-019684,VALIDATED_COMPATIBLE,ACCEPT,,VALVE|BUTTERFLY_VALVE|ASTM_A216_WCB|4_IN|API_600|ZINC_PLATED
1f13edd6-371e-5dd4-ae7b-f3e73a41efc2,NMDC,NMDC-410089,3C x 95 sq mm Circuit Breaker - XLPE Insulated,CMM-ELECTR-609134-001,CMM-ELECTR-609134-001,MAPPED_VERIFIED,DIRECT_ACCEPTED,1.0,VERIFIED_CROSS_CPSE,HUMAN_ACCEPTED_HARMONIZATION,Verified cross-CPSE harmonization mapping supported by Phase 7 human review ACCEPT on candidate CAN-019895 with cryptographic evidence hash ...,CAN-019895,VALIDATED_COMPATIBLE,ACCEPT,,ELECTRICAL|XLPE|XLPE_INSULATED|3C_X_95_SQ_MM|100_M|IS_2026
748609ac-51ce-54ec-97f2-6906e922e01c,NMDC,NMDC-410090,IND.Vertical Turbine Pump 3 in x 2 in Carbon Steel,CMM-PUMP-9ED4F4-001,CMM-PUMP-9ED4F4-001,MAPPED_VERIFIED,DIRECT_ACCEPTED,1.0,VERIFIED_CROSS_CPSE,HUMAN_ACCEPTED_HARMONIZATION,Verified cross-CPSE harmonization mapping supported by Phase 7 human review ACCEPT on candidate CAN-020315 with cryptographic evidence hash ...,CAN-020315,VALIDATED_COMPATIBLE,ACCEPT,,PUMP|CARBON_STEEL|CARBON_STEEL|3_IN_X_2_IN|3_IN_X_2_IN|IS_1520|PTFE_LINED|VERTICAL
80621019-06de-51bb-af0e-06448c0baeb3,NMDC,NMDC-410091,4-20 mA LEVEL TRANSMITTER - SS316,CMM-INSTRU-7A3205-001,CMM-INSTRU-7A3205-001,REVIEW_REQUIRED,DIRECT_ACCEPTED,0.6,REVIEW_REQUIRED,AMBIGUOUS_ATTRIBUTE_HOLD,Attribute ambiguity in upstream candidate group; human review required.,,REVIEW_REQUIRED,,,INSTRUMENTATION|STAINLESS_STEEL|SS_316|4_20_MA|IEC_60529
564e09d4-6e2d-5fbb-8376-1704a564ef49,NMDC,NMDC-410092,SPARE-Level Transmitter 4-20 mA Brass,CMM-INSTRU-F3707C-001,CMM-INSTRU-F3707C-001,REVIEW_REQUIRED,DIRECT_ACCEPTED,0.6,REVIEW_REQUIRED,AMBIGUOUS_ATTRIBUTE_HOLD,Attribute ambiguity in upstream candidate group; human review required.,,REVIEW_REQUIRED,,,INSTRUMENTATION|BRASS|4_20_MA|IEC_60529
866eb861-177e-57ea-9dea-1d763dfce4b7,NMDC,NMDC-410093,"STORES ITEM Vertical Turbine Pump, SS316, SIZE 2 in x 1.5 in",CMM-PUMP-FC6AAF-001,CMM-PUMP-FC6AAF-001,MAPPED_VERIFIED,DIRECT_ACCEPTED,1.0,VERIFIED_CROSS_CPSE,HUMAN_ACCEPTED_HARMONIZATION,Verified cross-CPSE harmonization mapping supported by Phase 7 human review ACCEPT on candidate CAN-021335 with cryptographic evidence hash ...,CAN-021335,VALIDATED_COMPATIBLE,ACCEPT,,PUMP|STAINLESS_STEEL|SS_316|2_IN_X_15_IN|2_IN_X_15_IN|IS_1520|VERTICAL
920a9422-fd15-5b2c-8e8e-d2e567a77114,NMDC,NMDC-410094,BALL BRG 6208 Stainless Steel,CMM-BEARNG-0669B8-001,CMM-BEARNG-0669B8-001,MAPPED_VERIFIED,DIRECT_ACCEPTED,1.0,VERIFIED_CROSS_CPSE,HUMAN_ACCEPTED_HARMONIZATION,Verified cross-CPSE harmonization mapping supported by Phase 7 human review ACCEPT on candidate CAN-021452 with cryptographic evidence hash ...,CAN-021452,VALIDATED_COMPATIBLE,ACCEPT,,BEARING|BALL_BEARING|STAINLESS_STEEL|STAINLESS_STEEL|6208|ISO_15
66b4a0c7-3b0d-5e81-a17b-b3045a4e40e9,NMDC,NMDC-410095,STORES ITEM Submersible Pump 3 in x 2 in Carbon Steel,CMM-PUMP-FEF7B9-001,CMM-PUMP-FEF7B9-001,MAPPED_VERIFIED,DIRECT_ACCEPTED,1.0,VERIFIED_CROSS_CPSE,HUMAN_ACCEPTED_HARMONIZATION,Verified cross-CPSE harmonization mapping supported by Phase 7 human review ACCEPT on candidate CAN-021573 with cryptographic evidence hash ...,CAN-021573,VALIDATED_COMPATIBLE,ACCEPT,,PUMP|CARBON_STEEL|CARBON_STEEL|3_IN_X_2_IN|ISO_2858
ad157739-6fd5-50a8-98ab-af0ee9e61390,NMDC,NMDC-410096,M20 x 80 Hex Bolt - Grade B7,CMM-FASTNR-0B0423-001,CMM-FASTNR-0B0423-001,MAPPED_VERIFIED,DIRECT_ACCEPTED,1.0,VERIFIED_CROSS_CPSE,HUMAN_ACCEPTED_HARMONIZATION,Verified cross-CPSE harmonization mapping supported by Phase 7 human review ACCEPT on candidate CAN-021872 with cryptographic evidence hash ...,CAN-021872,VALIDATED_COMPATIBLE,ACCEPT,,FASTENER|BOLT|HEX|GRADE_B7|M20_X_80|80_MM|ASME_B182
87c881c3-6a88-5b75-89f7-eff2b9b2a1a0,NMDC,NMDC-410097,"SPARE-XLPE Cable, Aluminium, SIZE 415V 100A",CMM-ELECTR-8EAEA9-001,CMM-ELECTR-8EAEA9-001,MAPPED_VERIFIED,DIRECT_ACCEPTED,1.0,VERIFIED_CROSS_CPSE,HUMAN_ACCEPTED_HARMONIZATION,Verified cross-CPSE harmonization mapping supported by Phase 7 human review ACCEPT on candidate CAN-022562 with cryptographic evidence hash ...,CAN-022562,VALIDATED_COMPATIBLE,ACCEPT,,ELECTRICAL|CABLE|XLPE|ALUMINIUM|415V_100A|500_M|IS_2026
e47fdbcf-33c7-5441-8cc1-0980906c5df5,NMDC,NMDC-410098,BALL VLV 6 in SS304,CMM-VALVE-1D70F9-001,CMM-VALVE-1D70F9-001,MAPPED_VERIFIED,DIRECT_ACCEPTED,1.0,VERIFIED_CROSS_CPSE,HUMAN_ACCEPTED_HARMONIZATION,Verified cross-CPSE harmonization mapping supported by Phase 7 human review ACCEPT on candidate CAN-022743 with cryptographic evidence hash ...,CAN-022743,VALIDATED_COMPATIBLE,ACCEPT,,VALVE|BALL_VALVE|STAINLESS_STEEL|SS_304|6_IN|6_IN|API_602
cf64d27d-54bb-5e26-884c-13fcf33aa987,NMDC,NMDC-410099,IND.RTD Sensor SS316 4-20 mA,CMM-INSTRU-7A3205-001,CMM-INSTRU-7A3205-001,REVIEW_REQUIRED,DIRECT_ACCEPTED,0.6,REVIEW_REQUIRED,AMBIGUOUS_ATTRIBUTE_HOLD,Attribute ambiguity in upstream candidate group; human review required.,,REVIEW_REQUIRED,,,INSTRUMENTATION|STAINLESS_STEEL|SS_316|4_20_MA|IEC_60529
995782ed-b9a6-539f-8e5b-5352b710dcb1,NMDC,NMDC-410100,STORES ITEM NEEDLE BEARING Chrome Steel 6304,CMM-BEARNG-A74B84-001,CMM-BEARNG-A74B84-001,REVIEW_REQUIRED,DIRECT_ACCEPTED,0.6,REVIEW_REQUIRED,AMBIGUOUS_ATTRIBUTE_HOLD,Attribute ambiguity in upstream candidate group; human review required.,,REVIEW_REQUIRED,,,BEARING|CHROME_STEEL|CHROME_STEEL|6304|ISO_15
fcf67bae-d3ab-5393-9525-4010d6ddabdd,NMDC,NMDC-410101,INDUCTION MOTOR 3C x 95 sq mm Aluminium,CMM-ELECTR-9C93DB-001,CMM-ELECTR-9C93DB-001,MAPPED_VERIFIED,DIRECT_ACCEPTED,1.0,VERIFIED_CROSS_CPSE,HUMAN_ACCEPTED_HARMONIZATION,Verified cross-CPSE harmonization mapping supported by Phase 7 human review ACCEPT on candidate CAN-023944 with cryptographic evidence hash ...,CAN-023944,VALIDATED_COMPATIBLE,ACCEPT,,ELECTRICAL|ALUMINIUM|3C_X_95_SQ_MM|100_M|IEC_60502
682c6a3d-30ba-57f7-a0d6-29ec0cdb6cd3,NMDC,NMDC-410102,IND.Anchor Bolt Carbon Steel M24 x 100,CMM-FASTNR-42CB56-001,CMM-FASTNR-42CB56-001,MAPPED_VERIFIED,DIRECT_ACCEPTED,1.0,VERIFIED_CROSS_CPSE,HUMAN_ACCEPTED_HARMONIZATION,Verified cross-CPSE harmonization mapping supported by Phase 7 human review ACCEPT on candidate CAN-024065 with cryptographic evidence hash ...,CAN-024065,VALIDATED_COMPATIBLE,ACCEPT,,FASTENER|BOLT|CARBON_STEEL|CARBON_STEEL|M24_X_100|100_MM
ce18c747-06e6-5286-bf41-182b7d41828e,NMDC,NMDC-410103,"STORES ITEM TEMPERATURE TRANSMITTER, Brass, SIZE 0-100 bar",CMM-INSTRU-027BD0-001,CMM-INSTRU-027BD0-001,REVIEW_REQUIRED,DIRECT_ACCEPTED,0.6,REVIEW_REQUIRED,AMBIGUOUS_ATTRIBUTE_HOLD,Attribute ambiguity in upstream candidate group; human review required.,,REVIEW_REQUIRED,,,INSTRUMENTATION|BRASS|0_100_BAR|ASME_B40100
b972f501-ef0c-52b8-ac56-190a720476d1,NMDC,NMDC-410104,"SPARE-PRESSURE GAUGE, Brass, SIZE 0-100 bar",CMM-INSTRU-22FF74-001,CMM-INSTRU-22FF74-001,MAPPED_VERIFIED,DIRECT_ACCEPTED,1.0,VERIFIED_CROSS_CPSE,HUMAN_ACCEPTED_HARMONIZATION,Verified cross-CPSE harmonization mapping supported by Phase 7 human review ACCEPT on candidate CAN-024665 with cryptographic evidence hash ...,CAN-024665,VALIDATED_COMPATIBLE,ACCEPT,,INSTRUMENTATION|PRESSURE_GAUGE|BRASS|0_100_BAR|IEC_60529
5abc3752-8a6a-5470-a203-975a7c04edd0,NMDC,NMDC-410105,M12 x 50 Hex Nut - Grade 8.8,CMM-FASTNR-412B68-001,CMM-FASTNR-412B68-001,REVIEW_REQUIRED,DIRECT_ACCEPTED,0.6,REVIEW_REQUIRED,AMBIGUOUS_ATTRIBUTE_HOLD,Attribute ambiguity in upstream candidate group; human review required.,,REVIEW_REQUIRED,,,FASTENER|NUT|HEX|GRADE_88|M12_X_50|50_MM|ASTM_A193
7fd3840f-858f-51df-8295-f926eef070f0,NMDC,NMDC-410106,"STORES ITEM EQUAL TEE, ASTM A106 Gr B, SIZE DN 50",CMM-PIPEF-D565F3-001,CMM-PIPEF-D565F3-001,MAPPED_VERIFIED,DIRECT_ACCEPTED,1.0,VERIFIED_CROSS_CPSE,HUMAN_ACCEPTED_HARMONIZATION,Verified cross-CPSE harmonization mapping supported by Phase 7 human review ACCEPT on candidate CAN-025443 with cryptographic evidence hash ...,CAN-025443,VALIDATED_COMPATIBLE,ACCEPT,,PIPE_FITTING|ASTM_A106_GRB|DN_50|6_M|200_MM|API_5L|GALVANIZED
20f3558d-e96f-5f65-81b3-7757724202c3,NMDC,NMDC-410107,MECHANICAL SEAL NBR 100 mm,CMM-SEALG-DB0B11-001,CMM-SEALG-DB0B11-001,MAPPED_VERIFIED,DIRECT_ACCEPTED,1.0,VERIFIED_CROSS_CPSE,HUMAN_ACCEPTED_HARMONIZATION,Verified cross-CPSE harmonization mapping supported by Phase 7 human review ACCEPT on candidate CAN-025835 with cryptographic evidence hash ...,CAN-025835,VALIDATED_COMPATIBLE,ACCEPT,,SEAL_GASKET|NBR|100_MM|ASME_B1620
9207650e-c56b-5beb-a694-fef47210263d,NMDC,NMDC-410108,"STORES ITEM Induction Motor, Aluminium, SIZE 415V 100A",CMM-ELECTR-62038E-001,CMM-ELECTR-62038E-001,MAPPED_VERIFIED,DIRECT_ACCEPTED,1.0,VERIFIED_CROSS_CPSE,HUMAN_ACCEPTED_HARMONIZATION,Verified cross-CPSE harmonization mapping supported by Phase 7 human review ACCEPT on candidate CAN-026227 with cryptographic evidence hash ...,CAN-026227,VALIDATED_COMPATIBLE,ACCEPT,,ELECTRICAL|ALUMINIUM|415V_100A|IS_13947
1514e5f0-e105-5e26-a5e3-3d87986d7d49,NMDC,NMDC-410109,"Oil Seal, Viton, SIZE 100 mm",CMM-SEALG-96ED36-001,CMM-SEALG-96ED36-001,MAPPED_VERIFIED,DIRECT_ACCEPTED,1.0,VERIFIED_CROSS_CPSE,HUMAN_ACCEPTED_HARMONIZATION,Verified cross-CPSE harmonization mapping supported by Phase 7 human review ACCEPT on candidate CAN-026283 with cryptographic evidence hash ...,CAN-026283,VALIDATED_COMPATIBLE,ACCEPT,,SEAL_GASKET|LUBRICANT|VITON|100_MM|API_682
799ba856-f8f7-5f32-8453-5a391a255ca4,NMDC,NMDC-410110,"Anchor Bolt, SS316, SIZE M10 x 40 600#",CMM-FASTNR-2EA3F9-001,CMM-FASTNR-2EA3F9-001,MAPPED_STANDALONE,STANDALONE,1.0,STANDALONE_IDENTITY,STANDALONE_CANONICAL_SYNTHESIS,1-to-1 deterministic identity mapping to governed Phase 8 standalone CMM candidate. Does not imply cross-CPSE equivalence or harmonization.,,,,,FASTENER|BOLT|STAINLESS_STEEL|SS_316|M10_X_40|40_MM|ASME_B182
4a84da6c-6803-59fe-a159-122edd96b296,NMDC,NMDC-410111,IND.1 in Globe Valve - WCB 150#,CMM-VALVE-5D3ADC-001,CMM-VALVE-5D3ADC-001,MAPPED_VERIFIED,DIRECT_ACCEPTED,1.0,VERIFIED_CROSS_CPSE,HUMAN_ACCEPTED_HARMONIZATION,Verified cross-CPSE harmonization mapping supported by Phase 7 human review ACCEPT on candidate CAN-026521 with cryptographic evidence hash ...,CAN-026521,VALIDATED_COMPATIBLE,ACCEPT,,VALVE|GLOBE_VALVE|ASTM_A216_WCB|1_IN|1_IN|ASME_B1634
5045dabe-f3f5-5fe4-ae7d-295a13d0ca64,NMDC,NMDC-410112,STORES ITEM Butterfly Valve 600# SS316 4 in,CMM-VALVE-1B2E88-001,CMM-VALVE-1B2E88-001,MAPPED_STANDALONE,STANDALONE,1.0,STANDALONE_IDENTITY,STANDALONE_CANONICAL_SYNTHESIS,1-to-1 deterministic identity mapping to governed Phase 8 standalone CMM candidate. Does not imply cross-CPSE equivalence or harmonization.,,,,,VALVE|BUTTERFLY_VALVE|STAINLESS_STEEL|SS_316|4_IN|API_598|ZINC_PLATED
5c6825cf-24de-59d9-bb92-cfc14d6544ce,NMDC,NMDC-410113,"STORES ITEM SPIRAL WOUND GASKET, Graphite, SIZE 100 mm 150#",CMM-SEALG-62C5E5-001,CMM-SEALG-62C5E5-001,MAPPED_VERIFIED,DIRECT_ACCEPTED,1.0,VERIFIED_CROSS_CPSE,HUMAN_ACCEPTED_HARMONIZATION,Verified cross-CPSE harmonization mapping supported by Phase 7 human review ACCEPT on candidate CAN-027361 with cryptographic evidence hash ...,CAN-027361,VALIDATED_COMPATIBLE,ACCEPT,,SEAL_GASKET|SPIRAL_WOUND_GASKET|GRAPHITE|100_MM|ZINC_PLATED
a6aa6270-370d-558e-85d8-3ebc7bcd697f,NMDC,NMDC-410114,STUD BOLT 150# Grade 10.9 M12 x 50,CMM-FASTNR-1E40EE-001,CMM-FASTNR-1E40EE-001,MAPPED_STANDALONE,STANDALONE,1.0,STANDALONE_IDENTITY,STANDALONE_CANONICAL_SYNTHESIS,1-to-1 deterministic identity mapping to governed Phase 8 standalone CMM candidate. Does not imply cross-CPSE equivalence or harmonization.,,,,,FASTENER|BOLT|GRADE_109|M12_X_50|50_MM|ASTM_A193
7d20ab9a-c639-5598-8eef-23ee4115a2ef,NMDC,NMDC-410115,"SPARE-LEVEL TRANSMITTER, Brass, SIZE 1/2 in NPT 150#",CMM-INSTRU-40C5B3-001,CMM-INSTRU-40C5B3-001,MAPPED_VERIFIED,DIRECT_ACCEPTED,1.0,VERIFIED_CROSS_CPSE,HUMAN_ACCEPTED_HARMONIZATION,Verified cross-CPSE harmonization mapping supported by Phase 7 human review ACCEPT on candidate CAN-027903 with cryptographic evidence hash ...,CAN-027903,VALIDATED_COMPATIBLE,ACCEPT,,INSTRUMENTATION|BRASS|1_2_IN_NPT|ASME_B40100
18324ddf-ecf5-57a7-9804-17ff86df3d60,NMDC,NMDC-410116,SPARE-DN 50 Welded Pipe - SS316L 600#,CMM-PIPEF-A71D7A-001,CMM-PIPEF-A71D7A-001,MAPPED_VERIFIED,DIRECT_ACCEPTED,1.0,VERIFIED_CROSS_CPSE,HUMAN_ACCEPTED_HARMONIZATION,Verified cross-CPSE harmonization mapping supported by Phase 7 human review ACCEPT on candidate CAN-028141 with cryptographic evidence hash ...,CAN-028141,VALIDATED_COMPATIBLE,ACCEPT,,PIPE_FITTING|PIPE|STAINLESS_STEEL|SS_316L|DN_50|12_M|DN_50|API_5L|EPOXY_COATED|WELDED
5c4b11f0-b4fc-51d6-89a0-8ebf43ae2bb1,NMDC,NMDC-410117,2 in MECHANICAL SEAL - Graphite 600#,CMM-SEALG-61A948-001,CMM-SEALG-61A948-001,MAPPED_VERIFIED,DIRECT_ACCEPTED,1.0,VERIFIED_CROSS_CPSE,HUMAN_ACCEPTED_HARMONIZATION,Verified cross-CPSE harmonization mapping supported by Phase 7 human review ACCEPT on candidate CAN-028441 with cryptographic evidence hash ...,CAN-028441,VALIDATED_COMPATIBLE,ACCEPT,,SEAL_GASKET|GRAPHITE|2_IN|2_IN|ASME_B1620
82f6a8ce-67bd-5c43-97e3-555227810980,NMDC,NMDC-410118,SPARE-3C x 95 sq mm Distribution Transformer - Aluminium 300#,CMM-ELECTR-3F141A-001,CMM-ELECTR-3F141A-001,MAPPED_VERIFIED,DIRECT_ACCEPTED,1.0,VERIFIED_CROSS_CPSE,HUMAN_ACCEPTED_HARMONIZATION,Verified cross-CPSE harmonization mapping supported by Phase 7 human review ACCEPT on candidate CAN-028561 with cryptographic evidence hash ...,CAN-028561,VALIDATED_COMPATIBLE,ACCEPT,,ELECTRICAL|ALUMINIUM|3C_X_95_SQ_MM|500_M|IS_2026
a425b8c8-293a-57a1-99b6-09aa648ce69a,NMDC,NMDC-410119,"STORES ITEM PRESSURE GAUGE, Brass, SIZE 0-100 bar 300#",CMM-INSTRU-1709F9-001,CMM-INSTRU-1709F9-001,MAPPED_VERIFIED,DIRECT_ACCEPTED,1.0,VERIFIED_CROSS_CPSE,HUMAN_ACCEPTED_HARMONIZATION,Verified cross-CPSE harmonization mapping supported by Phase 7 human review ACCEPT on candidate CAN-028861 with cryptographic evidence hash ...,CAN-028861,VALIDATED_COMPATIBLE,ACCEPT,,INSTRUMENTATION|PRESSURE_GAUGE|BRASS|0_100_BAR
bf17e59a-6713-5edb-962f-d1cc7f544393,NMDC,NMDC-410120,"IND.EQUAL TEE, Carbon Steel, SIZE DN 100 300#",CMM-PIPEF-BED3C9-001,CMM-PIPEF-BED3C9-001,MAPPED_STANDALONE,STANDALONE,1.0,STANDALONE_IDENTITY,STANDALONE_CANONICAL_SYNTHESIS,1-to-1 deterministic identity mapping to governed Phase 8 standalone CMM candidate. Does not imply cross-CPSE equivalence or harmonization.,,,,,PIPE_FITTING|CARBON_STEEL|CARBON_STEEL|DN_100|12_M|150_MM|ASME_B165|EPOXY_COATED
f19c8ebb-125c-5395-a367-a0f1e28e6feb,NMDC,NMDC-410121,Stud Bolt 600# Grade 8.8 M20 x 80,CMM-FASTNR-1B4788-001,CMM-FASTNR-1B4788-001,MAPPED_STANDALONE,STANDALONE,1.0,STANDALONE_IDENTITY,STANDALONE_CANONICAL_SYNTHESIS,1-to-1 deterministic identity mapping to governed Phase 8 standalone CMM candidate. Does not imply cross-CPSE equivalence or harmonization.,,,,,FASTENER|BOLT|GRADE_88|M20_X_80|80_MM|ASME_B182|ZINC_PLATED
e6ba55a1-89cc-5842-b801-b32868298460,NMDC,NMDC-410122,STORES ITEM ROLLER BRG 30205 Chrome Steel 150#,CMM-BEARNG-A0A0E6-001,CMM-BEARNG-A0A0E6-001,MAPPED_VERIFIED,DIRECT_ACCEPTED,1.0,VERIFIED_CROSS_CPSE,HUMAN_ACCEPTED_HARMONIZATION,Verified cross-CPSE harmonization mapping supported by Phase 7 human review ACCEPT on candidate CAN-029521 with cryptographic evidence hash ...,CAN-029521,VALIDATED_COMPATIBLE,ACCEPT,,BEARING|CHROME_STEEL|CHROME_STEEL|30205|ISO_15
c98390e2-63ed-574f-b45f-ee176e8c32da,NMDC,NMDC-410123,"BV, ASTM A351 CF8M, SIZE 1/2 in 150#",CMM-VALVE-D627F3-001,CMM-VALVE-D627F3-001,MAPPED_STANDALONE,STANDALONE,1.0,STANDALONE_IDENTITY,STANDALONE_CANONICAL_SYNTHESIS,1-to-1 deterministic identity mapping to governed Phase 8 standalone CMM candidate. Does not imply cross-CPSE equivalence or harmonization.,,,,,VALVE|BALL_VALVE|ASTM_A351_CF8M|1_2_IN|1_2_IN|API_602
91a9a0e4-aae3-566b-9eaf-0c9353ab53c6,NMDC,NMDC-410124,Flow Meter 150# SS304 4-20 mA,CMM-INSTRU-B12635-001,CMM-INSTRU-B12635-001,MAPPED_VERIFIED,DIRECT_ACCEPTED,1.0,VERIFIED_CROSS_CPSE,HUMAN_ACCEPTED_HARMONIZATION,Verified cross-CPSE harmonization mapping supported by Phase 7 human review ACCEPT on candidate CAN-029731 with cryptographic evidence hash ...,CAN-029731,VALIDATED_COMPATIBLE,ACCEPT,,INSTRUMENTATION|STAINLESS_STEEL|SS_304|4_20_MA|ASME_B40100
2a59818e-d583-5d96-a493-29ac5843eb17,NMDC,NMDC-410125,IND.VERTICAL TURBINE PUMP 150# Cast Iron 2 in x 1.5 in,CMM-PUMP-FA44B3-001,CMM-PUMP-FA44B3-001,MAPPED_VERIFIED,DIRECT_ACCEPTED,1.0,VERIFIED_CROSS_CPSE,HUMAN_ACCEPTED_HARMONIZATION,Verified cross-CPSE harmonization mapping supported by Phase 7 human review ACCEPT on candidate CAN-029883 with cryptographic evidence hash ...,CAN-029883,VALIDATED_COMPATIBLE,ACCEPT,,PUMP|CAST_IRON|2_IN_X_15_IN|IS_1520|CAST|VERTICAL
ccbb3ee3-564b-5315-a044-a82a0b715ba1,NMDC,NMDC-410126,SPARE-3 in x 2 in GEAR PUMP - Cast Iron 300#,CMM-PUMP-4393F2-001,CMM-PUMP-4393F2-001,MAPPED_VERIFIED,DIRECT_ACCEPTED,1.0,VERIFIED_CROSS_CPSE,HUMAN_ACCEPTED_HARMONIZATION,Verified cross-CPSE harmonization mapping supported by Phase 7 human review ACCEPT on candidate CAN-029941 with cryptographic evidence hash ...,CAN-029941,VALIDATED_COMPATIBLE,ACCEPT,,PUMP|CAST_IRON|3_IN_X_2_IN|3_IN_X_2_IN|ISO_2858|CAST
aabff860-0b6e-5d96-8121-9d216923237e,NMDC,NMDC-410127,SPARE-Flange 300# SS316L DN 80,CMM-PIPEF-B95E69-001,CMM-PIPEF-B95E69-001,MAPPED_VERIFIED,DIRECT_ACCEPTED,1.0,VERIFIED_CROSS_CPSE,HUMAN_ACCEPTED_HARMONIZATION,Verified cross-CPSE harmonization mapping supported by Phase 7 human review ACCEPT on candidate CAN-030241 with cryptographic evidence hash ...,CAN-030241,VALIDATED_COMPATIBLE,ACCEPT,,PIPE_FITTING|FLANGE|STAINLESS_STEEL|SS_316L|DN_80|6_M|DN_80|ASME_B165|GALVANIZED
2e0e3c5b-6948-5c5b-991d-bee5c91f8802,NMDC,NMDC-410128,IND.M16 x 65 Hex Bolt - Grade 8.8 300#,CMM-FASTNR-733884-001,CMM-FASTNR-733884-001,MAPPED_STANDALONE,STANDALONE,1.0,STANDALONE_IDENTITY,STANDALONE_CANONICAL_SYNTHESIS,1-to-1 deterministic identity mapping to governed Phase 8 standalone CMM candidate. Does not imply cross-CPSE equivalence or harmonization.,,,,,FASTENER|BOLT|HEX|GRADE_88|M16_X_65|65_MM|ASME_B182
892386c7-3cc2-57d8-907b-6ac3a6a5bd60,NMDC,NMDC-410129,"Hex Bolt, Grade 8.8, SIZE M16 x 65 150#",CMM-FASTNR-63D01D-001,CMM-FASTNR-63D01D-001,MAPPED_STANDALONE,STANDALONE,1.0,STANDALONE_IDENTITY,STANDALONE_CANONICAL_SYNTHESIS,1-to-1 deterministic identity mapping to governed Phase 8 standalone CMM candidate. Does not imply cross-CPSE equivalence or harmonization.,,,,,FASTENER|BOLT|HEX|GRADE_88|M16_X_65|65_MM|IS_1367|ZINC_PLATED
d545e6f2-3f7b-5729-bef0-e88514c2c126,NMDC,NMDC-410130,IND.Rubber Gasket 600# NBR 2 in,CMM-SEALG-31DF73-001,CMM-SEALG-31DF73-001,MAPPED_VERIFIED,DIRECT_ACCEPTED,1.0,VERIFIED_CROSS_CPSE,HUMAN_ACCEPTED_HARMONIZATION,Verified cross-CPSE harmonization mapping supported by Phase 7 human review ACCEPT on candidate CAN-030541 with cryptographic evidence hash ...,CAN-030541,VALIDATED_COMPATIBLE,ACCEPT,,SEAL_GASKET|NBR|2_IN|ASME_B1620|RUBBER
d55211ff-b529-5c88-9ffc-aa8e00191343,NMDC,NMDC-410131,"Ball Valve, ASTM A351 CF8M, SIZE 1 in 150#",CMM-VALVE-239051-001,CMM-VALVE-239051-001,MAPPED_STANDALONE,STANDALONE,1.0,STANDALONE_IDENTITY,STANDALONE_CANONICAL_SYNTHESIS,1-to-1 deterministic identity mapping to governed Phase 8 standalone CMM candidate. Does not imply cross-CPSE equivalence or harmonization.,,,,,VALVE|BALL_VALVE|ASTM_A351_CF8M|1_IN|1_IN|API_600|ZINC_PLATED
c9eb6faf-6a45-525b-a9c2-ce0be0d565a1,NMDC,NMDC-410132,SPARE-65 mm Oil Seal - PTFE 600#,CMM-SEALG-D89357-001,CMM-SEALG-D89357-001,MAPPED_VERIFIED,DIRECT_ACCEPTED,1.0,VERIFIED_CROSS_CPSE,HUMAN_ACCEPTED_HARMONIZATION,Verified cross-CPSE harmonization mapping supported by Phase 7 human review ACCEPT on candidate CAN-031381 with cryptographic evidence hash ...,CAN-031381,VALIDATED_COMPATIBLE,ACCEPT,,SEAL_GASKET|LUBRICANT|PTFE|65_MM|65_MM|ASME_B1620|PTFE
649ef27b-7708-55fe-a891-e41c9213d642,NMDC,NMDC-410133,IND.4C x 25 sq mm SWITCHGEAR PANEL - XLPE Insulated 150#,CMM-ELECTR-4DD7B9-001,CMM-ELECTR-4DD7B9-001,MAPPED_VERIFIED,DIRECT_ACCEPTED,1.0,VERIFIED_CROSS_CPSE,HUMAN_ACCEPTED_HARMONIZATION,Verified cross-CPSE harmonization mapping supported by Phase 7 human review ACCEPT on candidate CAN-031501 with cryptographic evidence hash ...,CAN-031501,VALIDATED_COMPATIBLE,ACCEPT,,ELECTRICAL|XLPE|XLPE_INSULATED|4C_X_25_SQ_MM|500_M|IS_13947
f0dc955f-d2ec-5d2e-9d23-23e46c917c28,NMDC,NMDC-410134,STORES ITEM Reciprocating Pump 300# Cast Iron DN 100,CMM-PUMP-36F968-001,CMM-PUMP-36F968-001,MAPPED_VERIFIED,DIRECT_ACCEPTED,1.0,VERIFIED_CROSS_CPSE,HUMAN_ACCEPTED_HARMONIZATION,Verified cross-CPSE harmonization mapping supported by Phase 7 human review ACCEPT on candidate CAN-031561 with cryptographic evidence hash ...,CAN-031561,VALIDATED_COMPATIBLE,ACCEPT,,PUMP|CAST_IRON|DN_100|DN_100|IS_1520|CAST
bc629842-6117-50b0-8494-92bdc4cacaa2,NMDC,NMDC-410135,IND.Hex Nut 300# Carbon Steel M12 x 50,CMM-FASTNR-531DD1-001,CMM-FASTNR-531DD1-001,MAPPED_STANDALONE,STANDALONE,1.0,STANDALONE_IDENTITY,STANDALONE_CANONICAL_SYNTHESIS,1-to-1 deterministic identity mapping to governed Phase 8 standalone CMM candidate. Does not imply cross-CPSE equivalence or harmonization.,,,,,FASTENER|NUT|HEX|CARBON_STEEL|CARBON_STEEL|M12_X_50|50_MM|IS_1367|ZINC_PLATED
da541632-a98f-52d6-a096-91faad64093a,NMDC,NMDC-410136,IND.DN 100 RECIPROCATING PUMP - SS304 150#,CMM-PUMP-91FC08-001,CMM-PUMP-91FC08-001,MAPPED_STANDALONE,STANDALONE,1.0,STANDALONE_IDENTITY,STANDALONE_CANONICAL_SYNTHESIS,1-to-1 deterministic identity mapping to governed Phase 8 standalone CMM candidate. Does not imply cross-CPSE equivalence or harmonization.,,,,,PUMP|STAINLESS_STEEL|SS_304|DN_100|DN_100|API_610
b6d22a14-b04b-51d7-a5f3-195cc36b2b70,NMDC,NMDC-410137,IND.PUMP CENTRIF 2 in x 1.5 in Cast Iron 600#,CMM-PUMP-CBCD97-001,CMM-PUMP-CBCD97-001,MAPPED_VERIFIED,DIRECT_ACCEPTED,1.0,VERIFIED_CROSS_CPSE,HUMAN_ACCEPTED_HARMONIZATION,Verified cross-CPSE harmonization mapping supported by Phase 7 human review ACCEPT on candidate CAN-031861 with cryptographic evidence hash ...,CAN-031861,VALIDATED_COMPATIBLE,ACCEPT,,PUMP|CENTRIFUGAL_PUMP|CAST_IRON|2_IN_X_15_IN|IS_1520|CAST
0aef166b-e49f-5897-9f6a-d8c55fdd59a9,NMDC,NMDC-410138,STORES ITEM Circuit Breaker 300# XLPE Insulated 415V 100A,CMM-ELECTR-1C59B4-001,CMM-ELECTR-1C59B4-001,MAPPED_VERIFIED,DIRECT_ACCEPTED,1.0,VERIFIED_CROSS_CPSE,HUMAN_ACCEPTED_HARMONIZATION,Verified cross-CPSE harmonization mapping supported by Phase 7 human review ACCEPT on candidate CAN-033301 with cryptographic evidence hash ...,CAN-033301,VALIDATED_COMPATIBLE,ACCEPT,,ELECTRICAL|XLPE|XLPE_INSULATED|415V_100A|100_M|IS_13947
fdbe857c-75eb-5064-bbc0-23c68df9f62a,NMDC,NMDC-410139,STORES ITEM Thrust Bearing 150# Stainless Steel 22208,CMM-BEARNG-52104E-001,CMM-BEARNG-52104E-001,REVIEW_REQUIRED,DIRECT_ACCEPTED,0.6,REVIEW_REQUIRED,AMBIGUOUS_ATTRIBUTE_HOLD,Attribute ambiguity in upstream candidate group; human review required.,,REVIEW_REQUIRED,,,BEARING|STAINLESS_STEEL|STAINLESS_STEEL|22208
f6a6cfd9-7b66-51b5-bad1-5d40375c2c6e,NMDC,NMDC-410140,STORES ITEM Stud Bolt M24 x 100 Grade B7 300#,CMM-FASTNR-9B1B0A-001,CMM-FASTNR-9B1B0A-001,MAPPED_VERIFIED,DIRECT_ACCEPTED,1.0,VERIFIED_CROSS_CPSE,HUMAN_ACCEPTED_HARMONIZATION,Verified cross-CPSE harmonization mapping supported by Phase 7 human review ACCEPT on candidate CAN-033481 with cryptographic evidence hash ...,CAN-033481,VALIDATED_COMPATIBLE,ACCEPT,,FASTENER|BOLT|GRADE_B7|M24_X_100|100_MM|ASME_B182|ZINC_PLATED
b7fafbd6-be57-5e5b-843b-66cd0544bc7d,NMDC,NMDC-410141,SPARE-2 in Gate Valve - SS304 150#,CMM-VALVE-B0F240-001,CMM-VALVE-B0F240-001,MAPPED_STANDALONE,STANDALONE,1.0,STANDALONE_IDENTITY,STANDALONE_CANONICAL_SYNTHESIS,1-to-1 deterministic identity mapping to governed Phase 8 standalone CMM candidate. Does not imply cross-CPSE equivalence or harmonization.,,,,,VALVE|GATE_VALVE|STAINLESS_STEEL|SS_304|2_IN|API_598
2823d991-d8b9-5e5f-ac29-2ae8b9ea0a63,NMDC,NMDC-410142,"STORES ITEM Ball Valve, ASTM A216 WCB, SIZE 1/2 in 150#",CMM-VALVE-DC1731-001,CMM-VALVE-DC1731-001,MAPPED_STANDALONE,STANDALONE,1.0,STANDALONE_IDENTITY,STANDALONE_CANONICAL_SYNTHESIS,1-to-1 deterministic identity mapping to governed Phase 8 standalone CMM candidate. Does not imply cross-CPSE equivalence or harmonization.,,,,,VALVE|BALL_VALVE|ASTM_A216_WCB|1_2_IN|1_2_IN|API_600
986e9d2a-771d-58cc-8459-dd56b239cb28,NMDC,NMDC-410143,IND.RUBBER GASKET 600# PTFE 2 in,CMM-SEALG-CE2B43-001,CMM-SEALG-CE2B43-001,MAPPED_VERIFIED,DIRECT_ACCEPTED,1.0,VERIFIED_CROSS_CPSE,HUMAN_ACCEPTED_HARMONIZATION,Verified cross-CPSE harmonization mapping supported by Phase 7 human review ACCEPT on candidate CAN-034081 with cryptographic evidence hash ...,CAN-034081,VALIDATED_COMPATIBLE,ACCEPT,,SEAL_GASKET|PTFE|2_IN|2_IN|ASME_B1620|PTFE_LINED
d2e9d1fc-076b-522c-8f97-750c0a8db5ee,NMDC,NMDC-410144,IND.3C x 95 sq mm SWITCHGEAR PANEL - Copper 150#,CMM-ELECTR-3F0657-001,CMM-ELECTR-3F0657-001,MAPPED_VERIFIED,DIRECT_ACCEPTED,1.0,VERIFIED_CROSS_CPSE,HUMAN_ACCEPTED_HARMONIZATION,Verified cross-CPSE harmonization mapping supported by Phase 7 human review ACCEPT on candidate CAN-034441 with cryptographic evidence hash ...,CAN-034441,VALIDATED_COMPATIBLE,ACCEPT,,ELECTRICAL|COPPER|3C_X_95_SQ_MM|IEC_60502
e80c2a6c-7d72-5f99-9c21-d8ba92288468,NMDC,NMDC-410145,Needle Bearing 600# AISI 52100 6408,CMM-BEARNG-7BE095-001,CMM-BEARNG-7BE095-001,REVIEW_REQUIRED,DIRECT_ACCEPTED,0.6,REVIEW_REQUIRED,AMBIGUOUS_ATTRIBUTE_HOLD,Attribute ambiguity in upstream candidate group; human review required.,,REVIEW_REQUIRED,,,BEARING|AISI_52100|6408
70bd18db-4aa6-5f58-be08-da62d6a63af8,NMDC,NMDC-410146,IND.BOLT HEX M10 x 40 Grade B7 600#,CMM-FASTNR-87EE42-001,CMM-FASTNR-87EE42-001,MAPPED_VERIFIED,DIRECT_ACCEPTED,1.0,VERIFIED_CROSS_CPSE,HUMAN_ACCEPTED_HARMONIZATION,Verified cross-CPSE harmonization mapping supported by Phase 7 human review ACCEPT on candidate CAN-034621 with cryptographic evidence hash ...,CAN-034621,VALIDATED_COMPATIBLE,ACCEPT,,FASTENER|BOLT|GRADE_B7|M10_X_40|40_MM|IS_1367
32f4a509-50dc-51b3-9d9a-63e120b86f4b,NMDC,NMDC-410147,SPARE-30205 Ball Bearing - Chrome Steel 300#,CMM-BEARNG-FCEB8C-001,CMM-BEARNG-FCEB8C-001,REVIEW_REQUIRED,DIRECT_ACCEPTED,0.6,REVIEW_REQUIRED,AMBIGUOUS_ATTRIBUTE_HOLD,Attribute ambiguity in upstream candidate group; human review required.,,REVIEW_REQUIRED,,,BEARING|BALL_BEARING|CHROME_STEEL|CHROME_STEEL|30205
b21f8f9b-2de8-5fb6-8d4b-a7964487d14b,NMDC,NMDC-410148,SPARE-DN 100 Reciprocating Pump - Cast Iron 600#,CMM-PUMP-D06965-001,CMM-PUMP-D06965-001,MAPPED_VERIFIED,DIRECT_ACCEPTED,1.0,VERIFIED_CROSS_CPSE,HUMAN_ACCEPTED_HARMONIZATION,Verified cross-CPSE harmonization mapping supported by Phase 7 human review ACCEPT on candidate CAN-035103 with cryptographic evidence hash ...,CAN-035103,VALIDATED_COMPATIBLE,ACCEPT,,PUMP|CAST_IRON|DN_100|DN_100|ISO_2858|CAST
3e35ce39-04d2-5fc8-9853-29499cea8d4b,NMDC,NMDC-410149,STORES ITEM Thrust Bearing 30205 Stainless Steel 150#,CMM-BEARNG-0772AD-001,CMM-BEARNG-0772AD-001,MAPPED_VERIFIED,DIRECT_ACCEPTED,1.0,VERIFIED_CROSS_CPSE,HUMAN_ACCEPTED_HARMONIZATION,Verified cross-CPSE harmonization mapping supported by Phase 7 human review ACCEPT on candidate CAN-035221 with cryptographic evidence hash ...,CAN-035221,VALIDATED_COMPATIBLE,ACCEPT,,BEARING|STAINLESS_STEEL|STAINLESS_STEEL|30205|ISO_15
9e8debdf-fdf5-5180-a033-279dfed8d999,NMDC,NMDC-410150,STORES ITEM DN 50 SMLS PIPE - Alloy Steel 600#,CMM-PIPEF-5A0AFC-001,CMM-PIPEF-5A0AFC-001,MAPPED_STANDALONE,STANDALONE,1.0,STANDALONE_IDENTITY,STANDALONE_CANONICAL_SYNTHESIS,1-to-1 deterministic identity mapping to governed Phase 8 standalone CMM candidate. Does not imply cross-CPSE equivalence or harmonization.,,,,,PIPE_FITTING|PIPE|ALLOY_STEEL|DN_50|6_M|DN_50|ASME_B165
a6c67479-fdf1-54bb-9946-92f7ca890852,NMDC,NMDC-410151,IND.GEAR PUMP 300# SS304 2 in x 1.5 in,CMM-PUMP-CAB76F-001,CMM-PUMP-CAB76F-001,MAPPED_STANDALONE,STANDALONE,1.0,STANDALONE_IDENTITY,STANDALONE_CANONICAL_SYNTHESIS,1-to-1 deterministic identity mapping to governed Phase 8 standalone CMM candidate. Does not imply cross-CPSE equivalence or harmonization.,,,,,PUMP|STAINLESS_STEEL|SS_304|2_IN_X_15_IN|2_IN_X_15_IN|IS_1520|ZINC_PLATED
089700c2-73e3-5a10-a472-b99ad17c5908,NMDC,NMDC-410152,IND.2 in x 1.5 in Vertical Turbine Pump - SS316 150#,CMM-PUMP-E80267-001,CMM-PUMP-E80267-001,MAPPED_STANDALONE,STANDALONE,1.0,STANDALONE_IDENTITY,STANDALONE_CANONICAL_SYNTHESIS,1-to-1 deterministic identity mapping to governed Phase 8 standalone CMM candidate. Does not imply cross-CPSE equivalence or harmonization.,,,,,PUMP|STAINLESS_STEEL|SS_316|2_IN_X_15_IN|IS_1520|VERTICAL
2f827d02-5a45-52aa-977b-eda953846d64,NMDC,NMDC-410153,SPARE-XLPE Cable 600# XLPE Insulated 1C x 300 sq mm,CMM-ELECTR-97B02F-001,CMM-ELECTR-97B02F-001,MAPPED_VERIFIED,DIRECT_ACCEPTED,1.0,VERIFIED_CROSS_CPSE,HUMAN_ACCEPTED_HARMONIZATION,Verified cross-CPSE harmonization mapping supported by Phase 7 human review ACCEPT on candidate CAN-035881 with cryptographic evidence hash ...,CAN-035881,VALIDATED_COMPATIBLE,ACCEPT,,ELECTRICAL|CABLE|XLPE|XLPE_INSULATED|1C_X_300_SQ_MM|500_M|IS_7098
2da98149-6a98-51d7-8e4d-cfa2aeef28fb,NMDC,NMDC-410154,"IND.Rubber Gasket, NBR, SIZE 100 mm 150#",CMM-SEALG-E70970-001,CMM-SEALG-E70970-001,MAPPED_VERIFIED,DIRECT_ACCEPTED,1.0,VERIFIED_CROSS_CPSE,HUMAN_ACCEPTED_HARMONIZATION,Verified cross-CPSE harmonization mapping supported by Phase 7 human review ACCEPT on candidate CAN-035941 with cryptographic evidence hash ...,CAN-035941,VALIDATED_COMPATIBLE,ACCEPT,,SEAL_GASKET|NBR|100_MM|100_MM|ASME_B1620|RUBBER
c1ccf8c1-bd50-58a9-a79b-c3fb2ffc3ca1,NMDC,NMDC-410155,STORES ITEM M24 x 100 Hex Nut - Alloy Steel 300#,CMM-FASTNR-482EC1-001,CMM-FASTNR-482EC1-001,MAPPED_STANDALONE,STANDALONE,1.0,STANDALONE_IDENTITY,STANDALONE_CANONICAL_SYNTHESIS,1-to-1 deterministic identity mapping to governed Phase 8 standalone CMM candidate. Does not imply cross-CPSE equivalence or harmonization.,,,,,FASTENER|NUT|HEX|ALLOY_STEEL|M24_X_100|100_MM|ZINC_PLATED
9a940dfd-a0fd-5a8c-89bd-91053c9a7776,NMDC,NMDC-410156,Anchor Bolt M10 x 40 Grade 10.9 300#,CMM-FASTNR-1B6461-001,CMM-FASTNR-1B6461-001,MAPPED_STANDALONE,STANDALONE,1.0,STANDALONE_IDENTITY,STANDALONE_CANONICAL_SYNTHESIS,1-to-1 deterministic identity mapping to governed Phase 8 standalone CMM candidate. Does not imply cross-CPSE equivalence or harmonization.,,,,,FASTENER|BOLT|GRADE_109|M10_X_40|40_MM|ASTM_A193
253a6301-0ab6-540b-91a7-a03d710da1ef,NMDC,NMDC-410157,Switchgear Panel 150# Aluminium 1C x 300 sq mm,CMM-ELECTR-253FB4-001,CMM-ELECTR-253FB4-001,MAPPED_VERIFIED,DIRECT_ACCEPTED,1.0,VERIFIED_CROSS_CPSE,HUMAN_ACCEPTED_HARMONIZATION,Verified cross-CPSE harmonization mapping supported by Phase 7 human review ACCEPT on candidate CAN-036541 with cryptographic evidence hash ...,CAN-036541,VALIDATED_COMPATIBLE,ACCEPT,,ELECTRICAL|ALUMINIUM|1C_X_300_SQ_MM|500_M|IS_13947
34384529-403b-59b0-9633-a55a945652d9,NMDC,NMDC-410158,HEX NUT M10 x 40 Grade B7 150#,CMM-FASTNR-58C523-001,CMM-FASTNR-58C523-001,MAPPED_VERIFIED,DIRECT_ACCEPTED,1.0,VERIFIED_CROSS_CPSE,HUMAN_ACCEPTED_HARMONIZATION,Verified cross-CPSE harmonization mapping supported by Phase 7 human review ACCEPT on candidate CAN-036901 with cryptographic evidence hash ...,CAN-036901,VALIDATED_COMPATIBLE,ACCEPT,,FASTENER|NUT|HEX|GRADE_B7|M10_X_40|40_MM|ASME_B182
658b9115-3813-5532-9096-cff100871bce,NMDC,NMDC-410159,WELDED PIPE 300# Carbon Steel DN 80,CMM-PIPEF-8B6C6B-001,CMM-PIPEF-8B6C6B-001,MAPPED_STANDALONE,STANDALONE,1.0,STANDALONE_IDENTITY,STANDALONE_CANONICAL_SYNTHESIS,1-to-1 deterministic identity mapping to governed Phase 8 standalone CMM candidate. Does not imply cross-CPSE equivalence or harmonization.,,,,,PIPE_FITTING|PIPE|CARBON_STEEL|CARBON_STEEL|DN_80|6_M|80_MM|ASME_B169|GALVANIZED|WELDED
9125cee7-94d6-5259-ab6c-fee39d300318,NMDC,NMDC-410160,THRUST BEARING 6408 AISI 52100 150#,CMM-BEARNG-7BE095-001,CMM-BEARNG-7BE095-001,REVIEW_REQUIRED,DIRECT_ACCEPTED,0.6,REVIEW_REQUIRED,AMBIGUOUS_ATTRIBUTE_HOLD,Attribute ambiguity in upstream candidate group; human review required.,,REVIEW_REQUIRED,,,BEARING|AISI_52100|6408
c5e3c85d-7ddb-5605-b29b-58318a205124,NMDC,NMDC-410161,IND.O-RING 65 mm PTFE 300#,CMM-SEALG-DE85AC-001,CMM-SEALG-DE85AC-001,MAPPED_VERIFIED,DIRECT_ACCEPTED,1.0,VERIFIED_CROSS_CPSE,HUMAN_ACCEPTED_HARMONIZATION,Verified cross-CPSE harmonization mapping supported by Phase 7 human review ACCEPT on candidate CAN-037441 with cryptographic evidence hash ...,CAN-037441,VALIDATED_COMPATIBLE,ACCEPT,,SEAL_GASKET|PTFE|65_MM|ASME_B1620|PTFE_LINED
8b3ad169-5f8f-5a71-b1f2-d8948b1eb064,NMDC,NMDC-410162,SPARE-DN 80 ELBOW 90 DEG - IS 2062 600#,CMM-PIPEF-C0AB5E-001,CMM-PIPEF-C0AB5E-001,MAPPED_VERIFIED,DIRECT_ACCEPTED,1.0,VERIFIED_CROSS_CPSE,HUMAN_ACCEPTED_HARMONIZATION,Verified cross-CPSE harmonization mapping supported by Phase 7 human review ACCEPT on candidate CAN-037561 with cryptographic evidence hash ...,CAN-037561,VALIDATED_COMPATIBLE,ACCEPT,,PIPE_FITTING|ELBOW|IS_2062|DN_80|1000_MM|25_MM|API_5L|PTFE_LINED
78c101a6-0562-582a-aba4-ebd73b896c60,NMDC,NMDC-410163,OIL SEAL 100 mm Viton 150#,CMM-SEALG-302F89-001,CMM-SEALG-302F89-001,MAPPED_VERIFIED,DIRECT_ACCEPTED,1.0,VERIFIED_CROSS_CPSE,HUMAN_ACCEPTED_HARMONIZATION,Verified cross-CPSE harmonization mapping supported by Phase 7 human review ACCEPT on candidate CAN-037921 with cryptographic evidence hash ...,CAN-037921,VALIDATED_COMPATIBLE,ACCEPT,,SEAL_GASKET|LUBRICANT|VITON|100_MM|100_MM|API_682
c798910c-7f4e-590a-9966-422889be5067,NMDC,NMDC-410164,Hex Bolt 600# Grade 10.9 M20 x 80,CMM-FASTNR-26EF8B-001,CMM-FASTNR-26EF8B-001,MAPPED_STANDALONE,STANDALONE,1.0,STANDALONE_IDENTITY,STANDALONE_CANONICAL_SYNTHESIS,1-to-1 deterministic identity mapping to governed Phase 8 standalone CMM candidate. Does not imply cross-CPSE equivalence or harmonization.,,,,,FASTENER|BOLT|HEX|GRADE_109|M20_X_80|80_MM|IS_1367
4c7006e6-cdc7-578b-8c42-e9c047668fba,NMDC,NMDC-410165,"O-RING, NBR, SIZE 2 in 600#",CMM-SEALG-E00177-001,CMM-SEALG-E00177-001,REVIEW_REQUIRED,DIRECT_ACCEPTED,0.6,REVIEW_REQUIRED,AMBIGUOUS_ATTRIBUTE_HOLD,Attribute ambiguity in upstream candidate group; human review required.,,REVIEW_REQUIRED,,,SEAL_GASKET|NBR|2_IN|API_682
4f20cb42-1697-5d95-acfe-5d072eaffbb0,NMDC,NMDC-410166,"CHECK VALVE, ASTM A216 WCB, SIZE DN 150 600#",CMM-VALVE-FE18AF-001,CMM-VALVE-FE18AF-001,MAPPED_STANDALONE,STANDALONE,1.0,STANDALONE_IDENTITY,STANDALONE_CANONICAL_SYNTHESIS,1-to-1 deterministic identity mapping to governed Phase 8 standalone CMM candidate. Does not imply cross-CPSE equivalence or harmonization.,,,,,VALVE|CHECK_VALVE|ASTM_A216_WCB|DN_150|DN_150|API_598
004847d5-446c-5d1b-a9c7-c4d889c3b0a9,NMDC,NMDC-410167,Vertical Turbine Pump DN 100 Duplex Steel 600#,CMM-PUMP-6061C6-001,CMM-PUMP-6061C6-001,MAPPED_VERIFIED,DIRECT_ACCEPTED,1.0,VERIFIED_CROSS_CPSE,HUMAN_ACCEPTED_HARMONIZATION,Verified cross-CPSE harmonization mapping supported by Phase 7 human review ACCEPT on candidate CAN-038641 with cryptographic evidence hash ...,CAN-038641,VALIDATED_COMPATIBLE,ACCEPT,,PUMP|DUPLEX_STEEL|DN_100|ISO_2858|VERTICAL
7ea33dbf-44b0-5122-a215-471f2317f8c2,NMDC,NMDC-410168,CONTROL VALVE DN 50 SS316 150#,CMM-VALVE-B0E0FA-001,CMM-VALVE-B0E0FA-001,MAPPED_STANDALONE,STANDALONE,1.0,STANDALONE_IDENTITY,STANDALONE_CANONICAL_SYNTHESIS,1-to-1 deterministic identity mapping to governed Phase 8 standalone CMM candidate. Does not imply cross-CPSE equivalence or harmonization.,,,,,VALVE|STAINLESS_STEEL|SS_316|DN_50|DN_50|API_602|EPOXY_COATED
df9574ba-ebdb-5959-9003-905af1526c0a,NMDC,NMDC-410169,"SPARE-Stud Bolt, Grade B7, SIZE M10 x 40 150#",CMM-FASTNR-A1A35C-001,CMM-FASTNR-A1A35C-001,MAPPED_VERIFIED,DIRECT_ACCEPTED,1.0,VERIFIED_CROSS_CPSE,HUMAN_ACCEPTED_HARMONIZATION,Verified cross-CPSE harmonization mapping supported by Phase 7 human review ACCEPT on candidate CAN-039241 with cryptographic evidence hash ...,CAN-039241,VALIDATED_COMPATIBLE,ACCEPT,,FASTENER|BOLT|GRADE_B7|M10_X_40|40_MM|ASTM_A193|ZINC_PLATED
cadf19cf-c04a-5fb8-85fd-e20c4343923c,NMDC,NMDC-410170,IND.2 in GV - SS316 300#,CMM-VALVE-63A8B7-001,CMM-VALVE-63A8B7-001,MAPPED_STANDALONE,STANDALONE,1.0,STANDALONE_IDENTITY,STANDALONE_CANONICAL_SYNTHESIS,1-to-1 deterministic identity mapping to governed Phase 8 standalone CMM candidate. Does not imply cross-CPSE equivalence or harmonization.,,,,,VALVE|GATE_VALVE|STAINLESS_STEEL|SS_316|2_IN|API_602|PTFE_LINED
7d3e469c-f774-56f8-982f-7c1758a50fdc,NMDC,NMDC-410171,STORES ITEM Flow Meter 300# Polycarbonate 0-100 bar,CMM-INSTRU-472245-001,CMM-INSTRU-472245-001,REVIEW_REQUIRED,DIRECT_ACCEPTED,0.6,REVIEW_REQUIRED,AMBIGUOUS_ATTRIBUTE_HOLD,Attribute ambiguity in upstream candidate group; human review required.,,REVIEW_REQUIRED,,,INSTRUMENTATION|POLYCARBONATE|0_100_BAR
3a7c642f-373e-501a-9ef3-8aedde470648,NMDC,NMDC-410172,IND.DN 100 Submersible Pump - Carbon Steel 150#,CMM-PUMP-38A47A-001,CMM-PUMP-38A47A-001,MAPPED_STANDALONE,STANDALONE,1.0,STANDALONE_IDENTITY,STANDALONE_CANONICAL_SYNTHESIS,1-to-1 deterministic identity mapping to governed Phase 8 standalone CMM candidate. Does not imply cross-CPSE equivalence or harmonization.,,,,,PUMP|CARBON_STEEL|CARBON_STEEL|DN_100|DN_100|IS_1520
1543fa74-1d91-5ea6-a49f-d4d9f845face,NMDC,NMDC-410173,STORES ITEM DN 150 GLOBE VALVE - LCB 150#,CMM-VALVE-5DCD57-001,CMM-VALVE-5DCD57-001,MAPPED_VERIFIED,DIRECT_ACCEPTED,1.0,VERIFIED_CROSS_CPSE,HUMAN_ACCEPTED_HARMONIZATION,Verified cross-CPSE harmonization mapping supported by Phase 7 human review ACCEPT on candidate CAN-040201 with cryptographic evidence hash ...,CAN-040201,VALIDATED_COMPATIBLE,ACCEPT,,VALVE|GLOBE_VALVE|LCB|DN_150|API_602
120357e7-a2e6-5fcc-a117-c5a49d5ddd28,NMDC,NMDC-410174,SPARE-LEVEL TRANSMITTER 0-500 Deg C SS304 300#,CMM-INSTRU-DD1D73-001,CMM-INSTRU-DD1D73-001,MAPPED_STANDALONE,STANDALONE,1.0,STANDALONE_IDENTITY,STANDALONE_CANONICAL_SYNTHESIS,1-to-1 deterministic identity mapping to governed Phase 8 standalone CMM candidate. Does not imply cross-CPSE equivalence or harmonization.,,,,,INSTRUMENTATION|STAINLESS_STEEL|SS_304|0_500_DEG_C
95d49351-5cac-5b5e-b542-6567ca30f070,NMDC,NMDC-410175,SPARE-BOLT HEX M20 x 80 Alloy Steel 150#,CMM-FASTNR-90BA4C-001,CMM-FASTNR-90BA4C-001,MAPPED_STANDALONE,STANDALONE,1.0,STANDALONE_IDENTITY,STANDALONE_CANONICAL_SYNTHESIS,1-to-1 deterministic identity mapping to governed Phase 8 standalone CMM candidate. Does not imply cross-CPSE equivalence or harmonization.,,,,,FASTENER|BOLT|ALLOY_STEEL|M20_X_80|80_MM|ASTM_A193
464c56dd-1076-577f-9555-a4fde3c71685,NMDC,NMDC-410176,DN 100 CENT. PUMP - Alloy Steel 150#,CMM-PUMP-21B057-001,CMM-PUMP-21B057-001,MAPPED_STANDALONE,STANDALONE,1.0,STANDALONE_IDENTITY,STANDALONE_CANONICAL_SYNTHESIS,1-to-1 deterministic identity mapping to governed Phase 8 standalone CMM candidate. Does not imply cross-CPSE equivalence or harmonization.,,,,,PUMP|CENTRIFUGAL_PUMP|ALLOY_STEEL|DN_100|ISO_2858
13b1993b-5e79-523b-84d2-a2e40b330d80,NMDC,NMDC-410177,GEAR PUMP 600# Cast Iron DN 100,CMM-PUMP-173478-001,CMM-PUMP-173478-001,MAPPED_VERIFIED,DIRECT_ACCEPTED,1.0,VERIFIED_CROSS_CPSE,HUMAN_ACCEPTED_HARMONIZATION,Verified cross-CPSE harmonization mapping supported by Phase 7 human review ACCEPT on candidate CAN-042003 with cryptographic evidence hash ...,CAN-042003,VALIDATED_COMPATIBLE,ACCEPT,,PUMP|CAST_IRON|DN_100|API_610|CAST
443cf338-2b32-5475-b571-92dd16a5dd67,NMDC,NMDC-410178,IND.Elbow 90 Deg 150# Carbon Steel 2 in,CMM-PIPEF-31AE63-001,CMM-PIPEF-31AE63-001,MAPPED_STANDALONE,STANDALONE,1.0,STANDALONE_IDENTITY,STANDALONE_CANONICAL_SYNTHESIS,1-to-1 deterministic identity mapping to governed Phase 8 standalone CMM candidate. Does not imply cross-CPSE equivalence or harmonization.,,,,,PIPE_FITTING|ELBOW|CARBON_STEEL|CARBON_STEEL|2_IN|25_MM|ASTM_A106
ab300967-6d6c-520a-8f58-8990c10a8705,NMDC,NMDC-410179,Reducer 300# IS 2062 2 in,CMM-PIPEF-FEC860-001,CMM-PIPEF-FEC860-001,MAPPED_VERIFIED,DIRECT_ACCEPTED,1.0,VERIFIED_CROSS_CPSE,HUMAN_ACCEPTED_HARMONIZATION,Verified cross-CPSE harmonization mapping supported by Phase 7 human review ACCEPT on candidate CAN-042181 with cryptographic evidence hash ...,CAN-042181,VALIDATED_COMPATIBLE,ACCEPT,,PIPE_FITTING|IS_2062|2_IN|2_IN|API_5L
200f57c8-4c7e-5d27-a204-6197386595a7,NMDC,NMDC-410180,"SPARE-CHECK VALVE, WCB, SIZE DN 50 150#",CMM-VALVE-544738-001,CMM-VALVE-544738-001,MAPPED_VERIFIED,DIRECT_ACCEPTED,1.0,VERIFIED_CROSS_CPSE,HUMAN_ACCEPTED_HARMONIZATION,Verified cross-CPSE harmonization mapping supported by Phase 7 human review ACCEPT on candidate CAN-042601 with cryptographic evidence hash ...,CAN-042601,VALIDATED_COMPATIBLE,ACCEPT,,VALVE|CHECK_VALVE|ASTM_A216_WCB|DN_50|DN_50|API_600
79267926-6eaf-5aa9-94d0-53193e325da1,NMDC,NMDC-410181,IND.0-100 bar LEVEL TRANSMITTER - SS304 150#,CMM-INSTRU-028F71-001,CMM-INSTRU-028F71-001,MAPPED_STANDALONE,STANDALONE,1.0,STANDALONE_IDENTITY,STANDALONE_CANONICAL_SYNTHESIS,1-to-1 deterministic identity mapping to governed Phase 8 standalone CMM candidate. Does not imply cross-CPSE equivalence or harmonization.,,,,,INSTRUMENTATION|STAINLESS_STEEL|SS_304|0_100_BAR|ASME_B40100
721ae625-c1da-59fd-bc80-33cb7fd21928,NMDC,NMDC-410182,IND.Socket Head Screw 300# Grade B7 M16 x 65,CMM-FASTNR-64D9FA-001,CMM-FASTNR-64D9FA-001,MAPPED_VERIFIED,DIRECT_ACCEPTED,1.0,VERIFIED_CROSS_CPSE,HUMAN_ACCEPTED_HARMONIZATION,Verified cross-CPSE harmonization mapping supported by Phase 7 human review ACCEPT on candidate CAN-043501 with cryptographic evidence hash ...,CAN-043501,VALIDATED_COMPATIBLE,ACCEPT,,FASTENER|GRADE_B7|M16_X_65|65_MM
de3f69f6-1256-5fce-b8d8-ecf16094e9cd,NMDC,NMDC-410183,SPARE-O-RING 65 mm Viton 600#,CMM-SEALG-A60FBB-001,CMM-SEALG-A60FBB-001,MAPPED_VERIFIED,DIRECT_ACCEPTED,1.0,VERIFIED_CROSS_CPSE,HUMAN_ACCEPTED_HARMONIZATION,Verified cross-CPSE harmonization mapping supported by Phase 7 human review ACCEPT on candidate CAN-043861 with cryptographic evidence hash ...,CAN-043861,VALIDATED_COMPATIBLE,ACCEPT,,SEAL_GASKET|VITON|65_MM|65_MM|ASME_B1620
564984d9-dd3b-50b5-b595-30e3fd9bf9c7,NMDC,NMDC-410184,IND.Taper Roller Bearing 6408 Chrome Steel 300#,CMM-BEARNG-FF170C-001,CMM-BEARNG-FF170C-001,REVIEW_REQUIRED,DIRECT_ACCEPTED,0.6,REVIEW_REQUIRED,AMBIGUOUS_ATTRIBUTE_HOLD,Attribute ambiguity in upstream candidate group; human review required.,,REVIEW_REQUIRED,,,BEARING|CHROME_STEEL|CHROME_STEEL|6408
33cb2850-9451-5f83-b008-30abae34a053,NMDC,NMDC-410185,0-500 Deg C TEMPERATURE TRANSMITTER - Brass 300#,CMM-INSTRU-C7F4D5-001,CMM-INSTRU-C7F4D5-001,REVIEW_REQUIRED,DIRECT_ACCEPTED,0.6,REVIEW_REQUIRED,AMBIGUOUS_ATTRIBUTE_HOLD,Attribute ambiguity in upstream candidate group; human review required.,,REVIEW_REQUIRED,,,INSTRUMENTATION|BRASS|0_500_DEG_C
d2bdbd5c-e267-589c-9586-74958b9b036a,NMDC,NMDC-410186,"STORES ITEM HEX NUT, Grade 8.8, SIZE M16 x 65 600#",CMM-FASTNR-9F40C9-001,CMM-FASTNR-9F40C9-001,MAPPED_STANDALONE,STANDALONE,1.0,STANDALONE_IDENTITY,STANDALONE_CANONICAL_SYNTHESIS,1-to-1 deterministic identity mapping to governed Phase 8 standalone CMM candidate. Does not imply cross-CPSE equivalence or harmonization.,,,,,FASTENER|NUT|HEX|GRADE_88|M16_X_65|65_MM|ASTM_A193|ZINC_PLATED
52aac5b2-5136-57f4-be28-2004b222f252,NMDC,NMDC-410187,IND.BOLT HEX M16 x 65 Grade 8.8 600#,CMM-FASTNR-FF37FE-001,CMM-FASTNR-FF37FE-001,MAPPED_STANDALONE,STANDALONE,1.0,STANDALONE_IDENTITY,STANDALONE_CANONICAL_SYNTHESIS,1-to-1 deterministic identity mapping to governed Phase 8 standalone CMM candidate. Does not imply cross-CPSE equivalence or harmonization.,,,,,FASTENER|BOLT|GRADE_88|M16_X_65|65_MM|ASME_B182
37292440-bc02-5c6b-b359-13a4c4336e4b,NMDC,NMDC-410188,SPARE-NEEDLE BEARING 22208 Chrome Steel 300#,CMM-BEARNG-39C22B-001,CMM-BEARNG-39C22B-001,REVIEW_REQUIRED,DIRECT_ACCEPTED,0.6,REVIEW_REQUIRED,AMBIGUOUS_ATTRIBUTE_HOLD,Attribute ambiguity in upstream candidate group; human review required.,,REVIEW_REQUIRED,,,BEARING|CHROME_STEEL|CHROME_STEEL|22208
52ea7e33-efa4-5d9f-9df3-1acbdb045d76,NMDC,NMDC-410189,IND.DISTRIBUTION TRANSFORMER 4C x 25 sq mm Aluminium 600#,CMM-ELECTR-1643F5-001,CMM-ELECTR-1643F5-001,REVIEW_REQUIRED,DIRECT_ACCEPTED,0.6,REVIEW_REQUIRED,AMBIGUOUS_ATTRIBUTE_HOLD,Attribute ambiguity in upstream candidate group; human review required.,,REVIEW_REQUIRED,,,ELECTRICAL|ALUMINIUM|4C_X_25_SQ_MM|1000_M|IEC_60502
919aac0b-5804-5bde-b357-6b943ed61878,NMDC,NMDC-410190,IND.0-100 bar RTD SENSOR - Brass 300#,CMM-INSTRU-205218-001,CMM-INSTRU-205218-001,MAPPED_VERIFIED,DIRECT_ACCEPTED,1.0,VERIFIED_CROSS_CPSE,HUMAN_ACCEPTED_HARMONIZATION,Verified cross-CPSE harmonization mapping supported by Phase 7 human review ACCEPT on candidate CAN-045001 with cryptographic evidence hash ...,CAN-045001,VALIDATED_COMPATIBLE,ACCEPT,,INSTRUMENTATION|BRASS|0_100_BAR|IEC_60529
c3edd408-3c4a-55a2-b661-299c64bf222f,NMDC,NMDC-410191,CONTROL VALVE DN 50 SS304 600#,CMM-VALVE-A6F9BA-001,CMM-VALVE-A6F9BA-001,MAPPED_STANDALONE,STANDALONE,1.0,STANDALONE_IDENTITY,STANDALONE_CANONICAL_SYNTHESIS,1-to-1 deterministic identity mapping to governed Phase 8 standalone CMM candidate. Does not imply cross-CPSE equivalence or harmonization.,,,,,VALVE|STAINLESS_STEEL|SS_304|DN_50|DN_50|ASME_B1634
c0400ac9-c584-5d03-bff9-278dddba1a66,NMDC,NMDC-410192,SPARE-Circuit Breaker 600# Copper 415V 100A,CMM-ELECTR-BB66D5-001,CMM-ELECTR-BB66D5-001,MAPPED_VERIFIED,DIRECT_ACCEPTED,1.0,VERIFIED_CROSS_CPSE,HUMAN_ACCEPTED_HARMONIZATION,Verified cross-CPSE harmonization mapping supported by Phase 7 human review ACCEPT on candidate CAN-045961 with cryptographic evidence hash ...,CAN-045961,VALIDATED_COMPATIBLE,ACCEPT,,ELECTRICAL|COPPER|415V_100A|500_M|IS_7098
7f680e55-1727-5448-a152-84cd099a89ef,NMDC,NMDC-410193,22208 TAPER ROLLER BEARING - Chrome Steel 600#,CMM-BEARNG-39C22B-001,CMM-BEARNG-39C22B-001,REVIEW_REQUIRED,DIRECT_ACCEPTED,0.6,REVIEW_REQUIRED,AMBIGUOUS_ATTRIBUTE_HOLD,Attribute ambiguity in upstream candidate group; human review required.,,REVIEW_REQUIRED,,,BEARING|CHROME_STEEL|CHROME_STEEL|22208
56e68c05-a20e-5e0c-aed4-dde9caa5ffd3,NMDC,NMDC-410194,IND.Ore Crusher Hammer Manganese Steel M24 x 100,CMM-FASTNR-7B5EA4-001,CMM-FASTNR-7B5EA4-001,MAPPED_STANDALONE,STANDALONE,1.0,STANDALONE_IDENTITY,STANDALONE_CANONICAL_SYNTHESIS,1-to-1 deterministic identity mapping to governed Phase 8 standalone CMM candidate. Does not imply cross-CPSE equivalence or harmonization.,,,,,FASTENER|MANGANESE_STEEL|M24_X_100|100_MM|IS_4772
c84e7108-567c-5017-86f7-166f6f8c4fbc,NMDC,NMDC-410195,"ORE CRUSHER HAMMER, Manganese Steel, SIZE M24 x 100",CMM-FASTNR-0448D7-001,CMM-FASTNR-0448D7-001,MAPPED_STANDALONE,STANDALONE,1.0,STANDALONE_IDENTITY,STANDALONE_CANONICAL_SYNTHESIS,1-to-1 deterministic identity mapping to governed Phase 8 standalone CMM candidate. Does not imply cross-CPSE equivalence or harmonization.,,,,,FASTENER|MANGANESE_STEEL|M24_X_100|100_MM|IS_4772
9cabe6d9-1e9e-520c-ad3e-911af48c6d3f,NMDC,NMDC-410196,"STORES ITEM Conveyor Idler Roller, Carbon Steel, SIZE DN 100",CMM-PIPEF-577FE7-001,CMM-PIPEF-577FE7-001,MAPPED_STANDALONE,STANDALONE,1.0,STANDALONE_IDENTITY,STANDALONE_CANONICAL_SYNTHESIS,1-to-1 deterministic identity mapping to governed Phase 8 standalone CMM candidate. Does not imply cross-CPSE equivalence or harmonization.,,,,,PIPE_FITTING|CARBON_STEEL|CARBON_STEEL|DN_100|6_M|25_MM|IS_8598
9f1f6828-41d3-509c-956b-94b5dc9a6c79,NMDC,NMDC-410197,STORES ITEM CONVEYOR IDLER ROLLER Carbon Steel DN 100,CMM-PIPEF-6980E3-001,CMM-PIPEF-6980E3-001,MAPPED_STANDALONE,STANDALONE,1.0,STANDALONE_IDENTITY,STANDALONE_CANONICAL_SYNTHESIS,1-to-1 deterministic identity mapping to governed Phase 8 standalone CMM candidate. Does not imply cross-CPSE equivalence or harmonization.,,,,,PIPE_FITTING|CARBON_STEEL|CARBON_STEEL|DN_100|1000_MM|DN_100|IS_8598
d01f01ca-855b-56ab-8951-cf543045526d,NMDC,NMDC-410198,"IND.Conveyor Idler Roller, Carbon Steel, SIZE DN 100",CMM-PIPEF-7B9DF8-001,CMM-PIPEF-7B9DF8-001,MAPPED_STANDALONE,STANDALONE,1.0,STANDALONE_IDENTITY,STANDALONE_CANONICAL_SYNTHESIS,1-to-1 deterministic identity mapping to governed Phase 8 standalone CMM candidate. Does not imply cross-CPSE equivalence or harmonization.,,,,,PIPE_FITTING|CARBON_STEEL|CARBON_STEEL|DN_100|12_M|25_MM|IS_8598|PTFE_LINED
26176c22-7448-584f-8ac7-47f2e9eacfa7,NMDC,NMDC-410199,SPARE-Conveyor Idler Roller DN 100 Carbon Steel,CMM-PIPEF-8291FD-001,CMM-PIPEF-8291FD-001,MAPPED_STANDALONE,STANDALONE,1.0,STANDALONE_IDENTITY,STANDALONE_CANONICAL_SYNTHESIS,1-to-1 deterministic identity mapping to governed Phase 8 standalone CMM candidate. Does not imply cross-CPSE equivalence or harmonization.,,,,,PIPE_FITTING|CARBON_STEEL|CARBON_STEEL|DN_100|6_M|DN_100|IS_8598|PTFE_LINED
5bc66010-00be-51c9-b728-c51ab606196c,NMDC,NMDC-410200,STORES ITEM CONVEYOR IDLER ROLLER Carbon Steel DN 100,CMM-PIPEF-19DF58-001,CMM-PIPEF-19DF58-001,MAPPED_STANDALONE,STANDALONE,1.0,STANDALONE_IDENTITY,STANDALONE_CANONICAL_SYNTHESIS,1-to-1 deterministic identity mapping to governed Phase 8 standalone CMM candidate. Does not imply cross-CPSE equivalence or harmonization.,,,,,PIPE_FITTING|CARBON_STEEL|CARBON_STEEL|DN_100|3_M|DN_100|IS_8598
73c31307-b91c-5e7c-a0d3-0549f103b445,NMDC,NMDC-410201,"IND.CONVEYOR IDLER ROLLER, Carbon Steel, SIZE DN 100",CMM-PIPEF-285DD4-001,CMM-PIPEF-285DD4-001,MAPPED_STANDALONE,STANDALONE,1.0,STANDALONE_IDENTITY,STANDALONE_CANONICAL_SYNTHESIS,1-to-1 deterministic identity mapping to governed Phase 8 standalone CMM candidate. Does not imply cross-CPSE equivalence or harmonization.,,,,,PIPE_FITTING|CARBON_STEEL|CARBON_STEEL|DN_100|DN_100|IS_8598|GALVANIZED
b0a1a2de-6725-50c1-856c-4fe77193783d,NMDC,NMDC-410202,"ORE CRUSHER HAMMER, Manganese Steel, SIZE M24 x 100",CMM-FASTNR-80EC9A-001,CMM-FASTNR-80EC9A-001,MAPPED_STANDALONE,STANDALONE,1.0,STANDALONE_IDENTITY,STANDALONE_CANONICAL_SYNTHESIS,1-to-1 deterministic identity mapping to governed Phase 8 standalone CMM candidate. Does not imply cross-CPSE equivalence or harmonization.,,,,,FASTENER|MANGANESE_STEEL|M24_X_100|100_MM|IS_4772|ZINC_PLATED
e1775274-5330-5e76-8262-c4a3a7dda985,NMDC,NMDC-410203,Ore Crusher Hammer M24 x 100 Manganese Steel,CMM-FASTNR-590D1C-001,CMM-FASTNR-590D1C-001,MAPPED_STANDALONE,STANDALONE,1.0,STANDALONE_IDENTITY,STANDALONE_CANONICAL_SYNTHESIS,1-to-1 deterministic identity mapping to governed Phase 8 standalone CMM candidate. Does not imply cross-CPSE equivalence or harmonization.,,,,,FASTENER|MANGANESE_STEEL|M24_X_100|100_MM|IS_4772|ZINC_PLATED
a266fb3d-9154-525d-a707-159acea82204,NMDC,NMDC-410204,SPARE-DN 100 Conveyor Idler Roller - Carbon Steel,CMM-PIPEF-B8E209-001,CMM-PIPEF-B8E209-001,MAPPED_STANDALONE,STANDALONE,1.0,STANDALONE_IDENTITY,STANDALONE_CANONICAL_SYNTHESIS,1-to-1 deterministic identity mapping to governed Phase 8 standalone CMM candidate. Does not imply cross-CPSE equivalence or harmonization.,,,,,PIPE_FITTING|CARBON_STEEL|CARBON_STEEL|DN_100|12_M|100_MM|IS_8598|EPOXY_COATED
9e9f4de9-ce91-5255-bf96-b71b766d376e,NMDC,NMDC-410205,"CONVEYOR IDLER ROLLER, Carbon Steel, SIZE DN 100",CMM-PIPEF-AC8950-001,CMM-PIPEF-AC8950-001,MAPPED_STANDALONE,STANDALONE,1.0,STANDALONE_IDENTITY,STANDALONE_CANONICAL_SYNTHESIS,1-to-1 deterministic identity mapping to governed Phase 8 standalone CMM candidate. Does not imply cross-CPSE equivalence or harmonization.,,,,,PIPE_FITTING|CARBON_STEEL|CARBON_STEEL|DN_100|DN_100|IS_8598|ZINC_PLATED
9f5db3f8-5cd5-5227-bd55-b4eceba513ee,NMDC,NMDC-410206,"IND.Conveyor Idler Roller, Carbon Steel, SIZE DN 100",CMM-PIPEF-002995-001,CMM-PIPEF-002995-001,MAPPED_STANDALONE,STANDALONE,1.0,STANDALONE_IDENTITY,STANDALONE_CANONICAL_SYNTHESIS,1-to-1 deterministic identity mapping to governed Phase 8 standalone CMM candidate. Does not imply cross-CPSE equivalence or harmonization.,,,,,PIPE_FITTING|CARBON_STEEL|CARBON_STEEL|DN_100|25_MM|IS_8598|GALVANIZED
61e45145-66f9-5220-a6eb-e53e4579cb75,NMDC,NMDC-410207,IND.M24 x 100 Ore Crusher Hammer - Manganese Steel,CMM-FASTNR-72AFE4-001,CMM-FASTNR-72AFE4-001,MAPPED_STANDALONE,STANDALONE,1.0,STANDALONE_IDENTITY,STANDALONE_CANONICAL_SYNTHESIS,1-to-1 deterministic identity mapping to governed Phase 8 standalone CMM candidate. Does not imply cross-CPSE equivalence or harmonization.,,,,,FASTENER|MANGANESE_STEEL|M24_X_100|100_MM|IS_4772|ZINC_PLATED
7aa83bc8-09f4-52a7-89bf-08c01d089536,NMDC,NMDC-410208,STORES ITEM DN 100 CONVEYOR IDLER ROLLER - Carbon Steel,CMM-PIPEF-3F10E4-001,CMM-PIPEF-3F10E4-001,MAPPED_STANDALONE,STANDALONE,1.0,STANDALONE_IDENTITY,STANDALONE_CANONICAL_SYNTHESIS,1-to-1 deterministic identity mapping to governed Phase 8 standalone CMM candidate. Does not imply cross-CPSE equivalence or harmonization.,,,,,PIPE_FITTING|CARBON_STEEL|CARBON_STEEL|DN_100|6_M|50_MM|IS_8598|PTFE_LINED
360ccd67-620a-5df2-83c8-f109524c19f7,NMDC,NMDC-410209,ORE CRUSHER HAMMER M24 x 100 Manganese Steel,CMM-FASTNR-3A0E89-001,CMM-FASTNR-3A0E89-001,MAPPED_STANDALONE,STANDALONE,1.0,STANDALONE_IDENTITY,STANDALONE_CANONICAL_SYNTHESIS,1-to-1 deterministic identity mapping to governed Phase 8 standalone CMM candidate. Does not imply cross-CPSE equivalence or harmonization.,,,,,FASTENER|MANGANESE_STEEL|M24_X_100|100_MM|IS_4772
adc4f3ef-8775-5334-81f2-161203124347,NMDC,NMDC-410210,STORES ITEM ORE CRUSHER HAMMER Manganese Steel M24 x 100,CMM-FASTNR-F3B45B-001,CMM-FASTNR-F3B45B-001,MAPPED_STANDALONE,STANDALONE,1.0,STANDALONE_IDENTITY,STANDALONE_CANONICAL_SYNTHESIS,1-to-1 deterministic identity mapping to governed Phase 8 standalone CMM candidate. Does not imply cross-CPSE equivalence or harmonization.,,,,,FASTENER|MANGANESE_STEEL|M24_X_100|100_MM|IS_4772
03b57f51-00e6-5913-87e2-dea968ddbf73,NMDC,NMDC-410211,DN 100 Conveyor Idler Roller - Carbon Steel,CMM-PIPEF-6B3D5C-001,CMM-PIPEF-6B3D5C-001,MAPPED_STANDALONE,STANDALONE,1.0,STANDALONE_IDENTITY,STANDALONE_CANONICAL_SYNTHESIS,1-to-1 deterministic identity mapping to governed Phase 8 standalone CMM candidate. Does not imply cross-CPSE equivalence or harmonization.,,,,,PIPE_FITTING|CARBON_STEEL|CARBON_STEEL|DN_100|1000_MM|DN_100|IS_8598|PTFE_LINED
0ff912b9-f935-5db8-92f4-78315f767496,NMDC,NMDC-410212,SPARE-CONVEYOR IDLER ROLLER DN 100 Carbon Steel,CMM-PIPEF-CBA628-001,CMM-PIPEF-CBA628-001,MAPPED_STANDALONE,STANDALONE,1.0,STANDALONE_IDENTITY,STANDALONE_CANONICAL_SYNTHESIS,1-to-1 deterministic identity mapping to governed Phase 8 standalone CMM candidate. Does not imply cross-CPSE equivalence or harmonization.,,,,,PIPE_FITTING|CARBON_STEEL|CARBON_STEEL|DN_100|12_M|DN_100|IS_8598|PTFE_LINED
f1a6c777-3d36-5cf7-a12e-926331561f07,NMDC,NMDC-410213,CONVEYOR IDLER ROLLER Carbon Steel DN 100,CMM-PIPEF-91BBA0-001,CMM-PIPEF-91BBA0-001,MAPPED_STANDALONE,STANDALONE,1.0,STANDALONE_IDENTITY,STANDALONE_CANONICAL_SYNTHESIS,1-to-1 deterministic identity mapping to governed Phase 8 standalone CMM candidate. Does not imply cross-CPSE equivalence or harmonization.,,,,,PIPE_FITTING|CARBON_STEEL|CARBON_STEEL|DN_100|DN_100|IS_8598
9e7d84cc-a441-5980-8161-9e04df402bde,NMDC,NMDC-410214,IND.CONVEYOR IDLER ROLLER DN 100 Carbon Steel,CMM-PIPEF-42F2AE-001,CMM-PIPEF-42F2AE-001,MAPPED_STANDALONE,STANDALONE,1.0,STANDALONE_IDENTITY,STANDALONE_CANONICAL_SYNTHESIS,1-to-1 deterministic identity mapping to governed Phase 8 standalone CMM candidate. Does not imply cross-CPSE equivalence or harmonization.,,,,,PIPE_FITTING|CARBON_STEEL|CARBON_STEEL|DN_100|1000_MM|DN_100|IS_8598
b682ac47-ed22-5a0d-9e5c-6dd9fc106fc2,NMDC,NMDC-410215,"SPARE-Conveyor Idler Roller, Carbon Steel, SIZE DN 100",CMM-PIPEF-636EA0-001,CMM-PIPEF-636EA0-001,MAPPED_STANDALONE,STANDALONE,1.0,STANDALONE_IDENTITY,STANDALONE_CANONICAL_SYNTHESIS,1-to-1 deterministic identity mapping to governed Phase 8 standalone CMM candidate. Does not imply cross-CPSE equivalence or harmonization.,,,,,PIPE_FITTING|CARBON_STEEL|CARBON_STEEL|DN_100|6_M|DN_100|IS_8598
e9e48f04-5242-59b4-9d08-216602a8ee1c,NMDC,NMDC-410216,IND.ORE CRUSHER HAMMER Manganese Steel M24 x 100,CMM-FASTNR-6A90D7-001,CMM-FASTNR-6A90D7-001,MAPPED_STANDALONE,STANDALONE,1.0,STANDALONE_IDENTITY,STANDALONE_CANONICAL_SYNTHESIS,1-to-1 deterministic identity mapping to governed Phase 8 standalone CMM candidate. Does not imply cross-CPSE equivalence or harmonization.,,,,,FASTENER|MANGANESE_STEEL|M24_X_100|100_MM|IS_4772
23791df8-b78a-5102-a3c8-364e4c59cf93,NMDC,NMDC-410217,"IND.ORE CRUSHER HAMMER, Manganese Steel, SIZE M24 x 100",CMM-FASTNR-72C249-001,CMM-FASTNR-72C249-001,MAPPED_STANDALONE,STANDALONE,1.0,STANDALONE_IDENTITY,STANDALONE_CANONICAL_SYNTHESIS,1-to-1 deterministic identity mapping to governed Phase 8 standalone CMM candidate. Does not imply cross-CPSE equivalence or harmonization.,,,,,FASTENER|MANGANESE_STEEL|M24_X_100|100_MM|IS_4772
c7ddcbf1-dc9c-5a52-aabf-53b4990d7779,NMDC,NMDC-410218,ORE CRUSHER HAMMER Manganese Steel M24 x 100,CMM-FASTNR-BDCB57-001,CMM-FASTNR-BDCB57-001,MAPPED_STANDALONE,STANDALONE,1.0,STANDALONE_IDENTITY,STANDALONE_CANONICAL_SYNTHESIS,1-to-1 deterministic identity mapping to governed Phase 8 standalone CMM candidate. Does not imply cross-CPSE equivalence or harmonization.,,,,,FASTENER|MANGANESE_STEEL|M24_X_100|100_MM|IS_4772
900941bf-067e-578d-ae85-38d75d716b9f,NMDC,NMDC-410219,SPARE-Ore Crusher Hammer Manganese Steel M24 x 100,CMM-FASTNR-04310E-001,CMM-FASTNR-04310E-001,MAPPED_STANDALONE,STANDALONE,1.0,STANDALONE_IDENTITY,STANDALONE_CANONICAL_SYNTHESIS,1-to-1 deterministic identity mapping to governed Phase 8 standalone CMM candidate. Does not imply cross-CPSE equivalence or harmonization.,,,,,FASTENER|MANGANESE_STEEL|M24_X_100|100_MM|IS_4772
6d934154-c131-5d90-8e29-aab642a9d57b,NMDC,NMDC-410220,"IND.CONVEYOR IDLER ROLLER, Carbon Steel, SIZE DN 100",CMM-PIPEF-89C3D4-001,CMM-PIPEF-89C3D4-001,MAPPED_STANDALONE,STANDALONE,1.0,STANDALONE_IDENTITY,STANDALONE_CANONICAL_SYNTHESIS,1-to-1 deterministic identity mapping to governed Phase 8 standalone CMM candidate. Does not imply cross-CPSE equivalence or harmonization.,,,,,PIPE_FITTING|CARBON_STEEL|CARBON_STEEL|DN_100|DN_100|IS_8598|GALVANIZED
b9396177-76ee-528f-bcf9-bcef3e9acdc0,NMDC,NMDC-410221,SPARE-Conveyor Idler Roller Carbon Steel DN 100,CMM-PIPEF-9F26C6-001,CMM-PIPEF-9F26C6-001,MAPPED_STANDALONE,STANDALONE,1.0,STANDALONE_IDENTITY,STANDALONE_CANONICAL_SYNTHESIS,1-to-1 deterministic identity mapping to governed Phase 8 standalone CMM candidate. Does not imply cross-CPSE equivalence or harmonization.,,,,,PIPE_FITTING|CARBON_STEEL|CARBON_STEEL|DN_100|6_M|DN_100|IS_8598|ZINC_PLATED
4b72c57a-1eed-58f0-a39e-50175fe35fc0,NMDC,NMDC-410222,CONVEYOR IDLER ROLLER Carbon Steel DN 100,CMM-PIPEF-7963C4-001,CMM-PIPEF-7963C4-001,MAPPED_STANDALONE,STANDALONE,1.0,STANDALONE_IDENTITY,STANDALONE_CANONICAL_SYNTHESIS,1-to-1 deterministic identity mapping to governed Phase 8 standalone CMM candidate. Does not imply cross-CPSE equivalence or harmonization.,,,,,PIPE_FITTING|CARBON_STEEL|CARBON_STEEL|DN_100|100_MM|IS_8598
1b14d715-d78c-5e45-846c-41d7ea0f77c5,NMDC,NMDC-410223,STORES ITEM Conveyor Idler Roller Carbon Steel DN 100,CMM-PIPEF-A31A67-001,CMM-PIPEF-A31A67-001,MAPPED_STANDALONE,STANDALONE,1.0,STANDALONE_IDENTITY,STANDALONE_CANONICAL_SYNTHESIS,1-to-1 deterministic identity mapping to governed Phase 8 standalone CMM candidate. Does not imply cross-CPSE equivalence or harmonization.,,,,,PIPE_FITTING|CARBON_STEEL|CARBON_STEEL|DN_100|6_M|DN_100|IS_8598|EPOXY_COATED
310a0eee-6be9-50f5-9a0c-7573b09e798f,NMDC,NMDC-410224,DN 100 Conveyor Idler Roller - Carbon Steel,CMM-PIPEF-37FF2E-001,CMM-PIPEF-37FF2E-001,MAPPED_STANDALONE,STANDALONE,1.0,STANDALONE_IDENTITY,STANDALONE_CANONICAL_SYNTHESIS,1-to-1 deterministic identity mapping to governed Phase 8 standalone CMM candidate. Does not imply cross-CPSE equivalence or harmonization.,,,,,PIPE_FITTING|CARBON_STEEL|CARBON_STEEL|DN_100|12_M|DN_100|IS_8598|PTFE_LINED
653a7f67-8472-582b-8d51-07475c2577ff,NMDC,NMDC-410225,SPARE-Ore Crusher Hammer Manganese Steel M24 x 100,CMM-FASTNR-F4128D-001,CMM-FASTNR-F4128D-001,MAPPED_STANDALONE,STANDALONE,1.0,STANDALONE_IDENTITY,STANDALONE_CANONICAL_SYNTHESIS,1-to-1 deterministic identity mapping to governed Phase 8 standalone CMM candidate. Does not imply cross-CPSE equivalence or harmonization.,,,,,FASTENER|MANGANESE_STEEL|M24_X_100|100_MM|IS_4772|ZINC_PLATED
0f7c99cb-7da6-5e53-8da2-ebc3b7712b10,NMDC,NMDC-410226,"SPARE-CONVEYOR IDLER ROLLER, Carbon Steel, SIZE DN 100",CMM-PIPEF-BA55E3-001,CMM-PIPEF-BA55E3-001,MAPPED_STANDALONE,STANDALONE,1.0,STANDALONE_IDENTITY,STANDALONE_CANONICAL_SYNTHESIS,1-to-1 deterministic identity mapping to governed Phase 8 standalone CMM candidate. Does not imply cross-CPSE equivalence or harmonization.,,,,,PIPE_FITTING|CARBON_STEEL|CARBON_STEEL|DN_100|DN_100|IS_8598|GALVANIZED
557a6210-8c55-526a-bc07-603c666e472a,NMDC,NMDC-410227,STORES ITEM CONVEYOR IDLER ROLLER DN 100 Carbon Steel,CMM-PIPEF-54E39F-001,CMM-PIPEF-54E39F-001,MAPPED_STANDALONE,STANDALONE,1.0,STANDALONE_IDENTITY,STANDALONE_CANONICAL_SYNTHESIS,1-to-1 deterministic identity mapping to governed Phase 8 standalone CMM candidate. Does not imply cross-CPSE equivalence or harmonization.,,,,,PIPE_FITTING|CARBON_STEEL|CARBON_STEEL|DN_100|1000_MM|DN_100|IS_8598|GALVANIZED
7c1b8ced-5cc1-56a6-b50a-727e8ed1324a,NMDC,NMDC-410228,"Conveyor Idler Roller, Carbon Steel, SIZE DN 100",CMM-PIPEF-3217BF-001,CMM-PIPEF-3217BF-001,MAPPED_STANDALONE,STANDALONE,1.0,STANDALONE_IDENTITY,STANDALONE_CANONICAL_SYNTHESIS,1-to-1 deterministic identity mapping to governed Phase 8 standalone CMM candidate. Does not imply cross-CPSE equivalence or harmonization.,,,,,PIPE_FITTING|CARBON_STEEL|CARBON_STEEL|DN_100|6_M|100_MM|IS_8598
5f58bcf5-d8fd-50b7-918a-9015af6890c9,NMDC,NMDC-410229,M24 x 100 Ore Crusher Hammer - Manganese Steel,CMM-FASTNR-35F8E7-001,CMM-FASTNR-35F8E7-001,MAPPED_STANDALONE,STANDALONE,1.0,STANDALONE_IDENTITY,STANDALONE_CANONICAL_SYNTHESIS,1-to-1 deterministic identity mapping to governed Phase 8 standalone CMM candidate. Does not imply cross-CPSE equivalence or harmonization.,,,,,FASTENER|MANGANESE_STEEL|M24_X_100|100_MM|IS_4772
f56c5342-3179-50a2-9989-af51e09799ee,NMDC,NMDC-410230,"SPARE-Ore Crusher Hammer, Manganese Steel, SIZE M24 x 100",CMM-FASTNR-363346-001,CMM-FASTNR-363346-001,MAPPED_STANDALONE,STANDALONE,1.0,STANDALONE_IDENTITY,STANDALONE_CANONICAL_SYNTHESIS,1-to-1 deterministic identity mapping to governed Phase 8 standalone CMM candidate. Does not imply cross-CPSE equivalence or harmonization.,,,,,FASTENER|MANGANESE_STEEL|M24_X_100|100_MM|IS_4772|ZINC_PLATED
e25544be-abbc-53db-9f06-41f25695ae57,NMDC,NMDC-410231,M24 x 100 Ore Crusher Hammer - Manganese Steel,CMM-FASTNR-FA7298-001,CMM-FASTNR-FA7298-001,MAPPED_STANDALONE,STANDALONE,1.0,STANDALONE_IDENTITY,STANDALONE_CANONICAL_SYNTHESIS,1-to-1 deterministic identity mapping to governed Phase 8 standalone CMM candidate. Does not imply cross-CPSE equivalence or harmonization.,,,,,FASTENER|MANGANESE_STEEL|M24_X_100|100_MM|IS_4772|ZINC_PLATED
93b21e60-d08e-55ae-9ef5-da65facfa941,NMDC,NMDC-410232,"STORES ITEM CONVEYOR IDLER ROLLER, Carbon Steel, SIZE DN 100",CMM-PIPEF-A3FA45-001,CMM-PIPEF-A3FA45-001,MAPPED_STANDALONE,STANDALONE,1.0,STANDALONE_IDENTITY,STANDALONE_CANONICAL_SYNTHESIS,1-to-1 deterministic identity mapping to governed Phase 8 standalone CMM candidate. Does not imply cross-CPSE equivalence or harmonization.,,,,,PIPE_FITTING|CARBON_STEEL|CARBON_STEEL|DN_100|1000_MM|80_MM|IS_8598|ZINC_PLATED
8d0bc342-ea7a-5d89-917f-359b2205b3af,NMDC,NMDC-410233,"ORE CRUSHER HAMMER, Manganese Steel, SIZE M24 x 100",CMM-FASTNR-70CED1-001,CMM-FASTNR-70CED1-001,MAPPED_STANDALONE,STANDALONE,1.0,STANDALONE_IDENTITY,STANDALONE_CANONICAL_SYNTHESIS,1-to-1 deterministic identity mapping to governed Phase 8 standalone CMM candidate. Does not imply cross-CPSE equivalence or harmonization.,,,,,FASTENER|MANGANESE_STEEL|M24_X_100|100_MM|IS_4772
0bd0a7fa-5042-5ab7-b3b6-43147a55df32,NMDC,NMDC-410234,M24 x 100 ORE CRUSHER HAMMER - Manganese Steel,CMM-FASTNR-C72FA0-001,CMM-FASTNR-C72FA0-001,MAPPED_STANDALONE,STANDALONE,1.0,STANDALONE_IDENTITY,STANDALONE_CANONICAL_SYNTHESIS,1-to-1 deterministic identity mapping to governed Phase 8 standalone CMM candidate. Does not imply cross-CPSE equivalence or harmonization.,,,,,FASTENER|MANGANESE_STEEL|M24_X_100|100_MM|IS_4772
36a45e64-827f-5488-bc34-0e8784a03d3c,NMDC,NMDC-410235,Ore Crusher Hammer Manganese Steel M24 x 100,CMM-FASTNR-4B6F96-001,CMM-FASTNR-4B6F96-001,MAPPED_STANDALONE,STANDALONE,1.0,STANDALONE_IDENTITY,STANDALONE_CANONICAL_SYNTHESIS,1-to-1 deterministic identity mapping to governed Phase 8 standalone CMM candidate. Does not imply cross-CPSE equivalence or harmonization.,,,,,FASTENER|MANGANESE_STEEL|M24_X_100|100_MM|IS_4772
b84cfa85-c8c9-5a0a-85f5-da6e1c450ff8,NMDC,NMDC-410236,IND.M24 x 100 Ore Crusher Hammer - Manganese Steel,CMM-FASTNR-684D49-001,CMM-FASTNR-684D49-001,MAPPED_STANDALONE,STANDALONE,1.0,STANDALONE_IDENTITY,STANDALONE_CANONICAL_SYNTHESIS,1-to-1 deterministic identity mapping to governed Phase 8 standalone CMM candidate. Does not imply cross-CPSE equivalence or harmonization.,,,,,FASTENER|MANGANESE_STEEL|M24_X_100|100_MM|IS_4772|ZINC_PLATED
98ae6b49-3bd2-5f12-b453-76abc56d0e03,NMDC,NMDC-410237,"IND.Ore Crusher Hammer, Manganese Steel, SIZE M24 x 100",CMM-FASTNR-F9A509-001,CMM-FASTNR-F9A509-001,MAPPED_STANDALONE,STANDALONE,1.0,STANDALONE_IDENTITY,STANDALONE_CANONICAL_SYNTHESIS,1-to-1 deterministic identity mapping to governed Phase 8 standalone CMM candidate. Does not imply cross-CPSE equivalence or harmonization.,,,,,FASTENER|MANGANESE_STEEL|M24_X_100|100_MM|IS_4772
32f469fe-325d-5343-9b36-e862fb79ec25,NMDC,NMDC-410238,DN 100 CONVEYOR IDLER ROLLER - Carbon Steel,CMM-PIPEF-FACAE4-001,CMM-PIPEF-FACAE4-001,MAPPED_STANDALONE,STANDALONE,1.0,STANDALONE_IDENTITY,STANDALONE_CANONICAL_SYNTHESIS,1-to-1 deterministic identity mapping to governed Phase 8 standalone CMM candidate. Does not imply cross-CPSE equivalence or harmonization.,,,,,PIPE_FITTING|CARBON_STEEL|CARBON_STEEL|DN_100|12_M|DN_100|IS_8598|ZINC_PLATED
06aa54ca-c4f7-5ee7-9636-b8f4efaf7882,NMDC,NMDC-410239,"IND.Ore Crusher Hammer, Manganese Steel, SIZE M24 x 100",CMM-FASTNR-DFEB96-001,CMM-FASTNR-DFEB96-001,MAPPED_STANDALONE,STANDALONE,1.0,STANDALONE_IDENTITY,STANDALONE_CANONICAL_SYNTHESIS,1-to-1 deterministic identity mapping to governed Phase 8 standalone CMM candidate. Does not imply cross-CPSE equivalence or harmonization.,,,,,FASTENER|MANGANESE_STEEL|M24_X_100|100_MM|IS_4772
7e76b5e6-3be4-56bf-9250-d697e2540c28,NMDC,NMDC-410240,SPARE-ORE CRUSHER HAMMER M24 x 100 Manganese Steel,CMM-FASTNR-AB8D46-001,CMM-FASTNR-AB8D46-001,MAPPED_STANDALONE,STANDALONE,1.0,STANDALONE_IDENTITY,STANDALONE_CANONICAL_SYNTHESIS,1-to-1 deterministic identity mapping to governed Phase 8 standalone CMM candidate. Does not imply cross-CPSE equivalence or harmonization.,,,,,FASTENER|MANGANESE_STEEL|M24_X_100|100_MM|IS_4772
d5c13bdb-bbb3-5791-acc6-5ed96ec5e78c,NMDC,NMDC-410241,Conveyor Idler Roller DN 100 Carbon Steel,CMM-PIPEF-52E0BE-001,CMM-PIPEF-52E0BE-001,MAPPED_STANDALONE,STANDALONE,1.0,STANDALONE_IDENTITY,STANDALONE_CANONICAL_SYNTHESIS,1-to-1 deterministic identity mapping to governed Phase 8 standalone CMM candidate. Does not imply cross-CPSE equivalence or harmonization.,,,,,PIPE_FITTING|CARBON_STEEL|CARBON_STEEL|DN_100|100_MM|IS_8598
331d4e23-895d-5769-b254-f6cf201d6cf5,NMDC,NMDC-410242,SPARE-Conveyor Idler Roller DN 100 Carbon Steel,CMM-PIPEF-C0D9F6-001,CMM-PIPEF-C0D9F6-001,MAPPED_STANDALONE,STANDALONE,1.0,STANDALONE_IDENTITY,STANDALONE_CANONICAL_SYNTHESIS,1-to-1 deterministic identity mapping to governed Phase 8 standalone CMM candidate. Does not imply cross-CPSE equivalence or harmonization.,,,,,PIPE_FITTING|CARBON_STEEL|CARBON_STEEL|DN_100|3_M|200_MM|IS_8598
5d5f2eb9-2baf-59be-b93a-aab46646b9be,NMDC,NMDC-410243,"IND.CONVEYOR IDLER ROLLER, Carbon Steel, SIZE DN 100",CMM-PIPEF-600943-001,CMM-PIPEF-600943-001,MAPPED_STANDALONE,STANDALONE,1.0,STANDALONE_IDENTITY,STANDALONE_CANONICAL_SYNTHESIS,1-to-1 deterministic identity mapping to governed Phase 8 standalone CMM candidate. Does not imply cross-CPSE equivalence or harmonization.,,,,,PIPE_FITTING|CARBON_STEEL|CARBON_STEEL|DN_100|1000_MM|DN_100|IS_8598|EPOXY_COATED
0499014f-cc59-5dc9-9eb2-293e522c0c85,NMDC,NMDC-410244,ORE CRUSHER HAMMER Manganese Steel M24 x 100,CMM-FASTNR-388BEA-001,CMM-FASTNR-388BEA-001,MAPPED_STANDALONE,STANDALONE,1.0,STANDALONE_IDENTITY,STANDALONE_CANONICAL_SYNTHESIS,1-to-1 deterministic identity mapping to governed Phase 8 standalone CMM candidate. Does not imply cross-CPSE equivalence or harmonization.,,,,,FASTENER|MANGANESE_STEEL|M24_X_100|100_MM|IS_4772|ZINC_PLATED
2ea8f55a-c305-5935-a2bf-5c3524ad9519,NMDC,NMDC-410245,Conveyor Idler Roller DN 100 Carbon Steel,CMM-PIPEF-7DD684-001,CMM-PIPEF-7DD684-001,MAPPED_STANDALONE,STANDALONE,1.0,STANDALONE_IDENTITY,STANDALONE_CANONICAL_SYNTHESIS,1-to-1 deterministic identity mapping to governed Phase 8 standalone CMM candidate. Does not imply cross-CPSE equivalence or harmonization.,,,,,PIPE_FITTING|CARBON_STEEL|CARBON_STEEL|DN_100|12_M|DN_100|IS_8598
d11f07e8-f636-598d-aa12-11e2955076c3,NMDC,NMDC-410246,Conveyor Idler Roller DN 100 Carbon Steel,CMM-PIPEF-6ED031-001,CMM-PIPEF-6ED031-001,MAPPED_STANDALONE,STANDALONE,1.0,STANDALONE_IDENTITY,STANDALONE_CANONICAL_SYNTHESIS,1-to-1 deterministic identity mapping to governed Phase 8 standalone CMM candidate. Does not imply cross-CPSE equivalence or harmonization.,,,,,PIPE_FITTING|CARBON_STEEL|CARBON_STEEL|DN_100|3_M|DN_100|IS_8598|GALVANIZED
5111af14-7773-5b83-9bba-6664bb4f2f35,NMDC,NMDC-410247,SPARE-CONVEYOR IDLER ROLLER Carbon Steel DN 100,CMM-PIPEF-D21766-001,CMM-PIPEF-D21766-001,MAPPED_STANDALONE,STANDALONE,1.0,STANDALONE_IDENTITY,STANDALONE_CANONICAL_SYNTHESIS,1-to-1 deterministic identity mapping to governed Phase 8 standalone CMM candidate. Does not imply cross-CPSE equivalence or harmonization.,,,,,PIPE_FITTING|CARBON_STEEL|CARBON_STEEL|DN_100|6_M|DN_100|IS_8598|ZINC_PLATED
401464bb-411b-59ce-8a96-971302553506,NMDC,NMDC-410248,STORES ITEM Conveyor Idler Roller Carbon Steel DN 100,CMM-PIPEF-5115C2-001,CMM-PIPEF-5115C2-001,MAPPED_STANDALONE,STANDALONE,1.0,STANDALONE_IDENTITY,STANDALONE_CANONICAL_SYNTHESIS,1-to-1 deterministic identity mapping to governed Phase 8 standalone CMM candidate. Does not imply cross-CPSE equivalence or harmonization.,,,,,PIPE_FITTING|CARBON_STEEL|CARBON_STEEL|DN_100|3_M|DN_100|IS_8598
942de7c7-2b25-5604-ab4e-b0988edeaf60,NMDC,NMDC-410249,CONVEYOR IDLER ROLLER Carbon Steel DN 100,CMM-PIPEF-78ED74-001,CMM-PIPEF-78ED74-001,MAPPED_STANDALONE,STANDALONE,1.0,STANDALONE_IDENTITY,STANDALONE_CANONICAL_SYNTHESIS,1-to-1 deterministic identity mapping to governed Phase 8 standalone CMM candidate. Does not imply cross-CPSE equivalence or harmonization.,,,,,PIPE_FITTING|CARBON_STEEL|CARBON_STEEL|DN_100|6_M|DN_100|IS_8598
75ca9cd6-33a3-5a53-8055-bbe6965f98cc,NMDC,NMDC-410250,STORES ITEM DN 100 Conveyor Idler Roller - Carbon Steel,CMM-PIPEF-03B9C8-001,CMM-PIPEF-03B9C8-001,MAPPED_STANDALONE,STANDALONE,1.0,STANDALONE_IDENTITY,STANDALONE_CANONICAL_SYNTHESIS,1-to-1 deterministic identity mapping to governed Phase 8 standalone CMM candidate. Does not imply cross-CPSE equivalence or harmonization.,,,,,PIPE_FITTING|CARBON_STEEL|CARBON_STEEL|DN_100|6_M|DN_100|IS_8598|PTFE_LINED
3d3e9529-b79c-556e-bc9d-938cd56911b5,NMDC,NMDC-410251,IND.CONVEYOR IDLER ROLLER DN 100 Carbon Steel,CMM-PIPEF-6BB345-001,CMM-PIPEF-6BB345-001,MAPPED_STANDALONE,STANDALONE,1.0,STANDALONE_IDENTITY,STANDALONE_CANONICAL_SYNTHESIS,1-to-1 deterministic identity mapping to governed Phase 8 standalone CMM candidate. Does not imply cross-CPSE equivalence or harmonization.,,,,,PIPE_FITTING|CARBON_STEEL|CARBON_STEEL|DN_100|1000_MM|DN_100|IS_8598
5750bd0e-4d88-5b90-bcd9-2505e1c4eca3,NMDC,NMDC-410252,"SPARE-ORE CRUSHER HAMMER, Manganese Steel, SIZE M24 x 100",CMM-FASTNR-1C4408-001,CMM-FASTNR-1C4408-001,MAPPED_STANDALONE,STANDALONE,1.0,STANDALONE_IDENTITY,STANDALONE_CANONICAL_SYNTHESIS,1-to-1 deterministic identity mapping to governed Phase 8 standalone CMM candidate. Does not imply cross-CPSE equivalence or harmonization.,,,,,FASTENER|MANGANESE_STEEL|M24_X_100|100_MM|IS_4772
31f1de7a-e473-5bb6-a686-27626c0d5ef9,NMDC,NMDC-410253,STORES ITEM CONVEYOR IDLER ROLLER DN 100 Carbon Steel,CMM-PIPEF-0AE348-001,CMM-PIPEF-0AE348-001,MAPPED_STANDALONE,STANDALONE,1.0,STANDALONE_IDENTITY,STANDALONE_CANONICAL_SYNTHESIS,1-to-1 deterministic identity mapping to governed Phase 8 standalone CMM candidate. Does not imply cross-CPSE equivalence or harmonization.,,,,,PIPE_FITTING|CARBON_STEEL|CARBON_STEEL|DN_100|1000_MM|DN_100|IS_8598|GALVANIZED
d12fcabd-3897-54f5-be5a-6e0f7a53d463,NMDC,NMDC-410254,ORE CRUSHER HAMMER Manganese Steel M24 x 100,CMM-FASTNR-867DA9-001,CMM-FASTNR-867DA9-001,MAPPED_STANDALONE,STANDALONE,1.0,STANDALONE_IDENTITY,STANDALONE_CANONICAL_SYNTHESIS,1-to-1 deterministic identity mapping to governed Phase 8 standalone CMM candidate. Does not imply cross-CPSE equivalence or harmonization.,,,,,FASTENER|MANGANESE_STEEL|M24_X_100|100_MM|IS_4772
80b13f98-fd09-5f52-be75-30df301dba6d,NMDC,NMDC-410255,IND.M24 x 100 Ore Crusher Hammer - Manganese Steel,CMM-FASTNR-42C94D-001,CMM-FASTNR-42C94D-001,MAPPED_STANDALONE,STANDALONE,1.0,STANDALONE_IDENTITY,STANDALONE_CANONICAL_SYNTHESIS,1-to-1 deterministic identity mapping to governed Phase 8 standalone CMM candidate. Does not imply cross-CPSE equivalence or harmonization.,,,,,FASTENER|MANGANESE_STEEL|M24_X_100|100_MM|IS_4772|ZINC_PLATED
71d58cab-3fa0-531d-8f85-d3d869dd3e01,NMDC,NMDC-410256,SPARE-Conveyor Idler Roller DN 100 Carbon Steel,CMM-PIPEF-CD4628-001,CMM-PIPEF-CD4628-001,MAPPED_STANDALONE,STANDALONE,1.0,STANDALONE_IDENTITY,STANDALONE_CANONICAL_SYNTHESIS,1-to-1 deterministic identity mapping to governed Phase 8 standalone CMM candidate. Does not imply cross-CPSE equivalence or harmonization.,,,,,PIPE_FITTING|CARBON_STEEL|CARBON_STEEL|DN_100|1000_MM|DN_100|IS_8598
6e54ce67-60dc-57a3-8635-d2b880ef5c53,NMDC,NMDC-410257,STORES ITEM Conveyor Idler Roller DN 100 Carbon Steel,CMM-PIPEF-8A5B63-001,CMM-PIPEF-8A5B63-001,MAPPED_STANDALONE,STANDALONE,1.0,STANDALONE_IDENTITY,STANDALONE_CANONICAL_SYNTHESIS,1-to-1 deterministic identity mapping to governed Phase 8 standalone CMM candidate. Does not imply cross-CPSE equivalence or harmonization.,,,,,PIPE_FITTING|CARBON_STEEL|CARBON_STEEL|DN_100|6_M|DN_100|IS_8598|PTFE_LINED
c13c9913-79b9-5679-827a-7dc52e761a2a,NMDC,NMDC-410258,M24 x 100 ORE CRUSHER HAMMER - Manganese Steel,CMM-FASTNR-5CF330-001,CMM-FASTNR-5CF330-001,MAPPED_STANDALONE,STANDALONE,1.0,STANDALONE_IDENTITY,STANDALONE_CANONICAL_SYNTHESIS,1-to-1 deterministic identity mapping to governed Phase 8 standalone CMM candidate. Does not imply cross-CPSE equivalence or harmonization.,,,,,FASTENER|MANGANESE_STEEL|M24_X_100|100_MM|IS_4772
2765dc32-b34e-5f9b-ae93-7de75ea69c40,NMDC,NMDC-410259,"IND.Conveyor Idler Roller, Carbon Steel, SIZE DN 100",CMM-PIPEF-1A50F6-001,CMM-PIPEF-1A50F6-001,MAPPED_STANDALONE,STANDALONE,1.0,STANDALONE_IDENTITY,STANDALONE_CANONICAL_SYNTHESIS,1-to-1 deterministic identity mapping to governed Phase 8 standalone CMM candidate. Does not imply cross-CPSE equivalence or harmonization.,,,,,PIPE_FITTING|CARBON_STEEL|CARBON_STEEL|DN_100|1000_MM|50_MM|IS_8598|GALVANIZED
689e10e9-0299-5d10-ae98-d698339b91b4,NMDC,NMDC-410260,SPARE-DN 100 Conveyor Idler Roller - Carbon Steel,CMM-PIPEF-06300F-001,CMM-PIPEF-06300F-001,MAPPED_STANDALONE,STANDALONE,1.0,STANDALONE_IDENTITY,STANDALONE_CANONICAL_SYNTHESIS,1-to-1 deterministic identity mapping to governed Phase 8 standalone CMM candidate. Does not imply cross-CPSE equivalence or harmonization.,,,,,PIPE_FITTING|CARBON_STEEL|CARBON_STEEL|DN_100|6_M|DN_100|IS_8598|ZINC_PLATED
bbb95c81-fa3d-5bd6-b4c7-52d191cd4407,NMDC,NMDC-410261,IND.ORE CRUSHER HAMMER M24 x 100 Manganese Steel,CMM-FASTNR-0877CE-001,CMM-FASTNR-0877CE-001,MAPPED_STANDALONE,STANDALONE,1.0,STANDALONE_IDENTITY,STANDALONE_CANONICAL_SYNTHESIS,1-to-1 deterministic identity mapping to governed Phase 8 standalone CMM candidate. Does not imply cross-CPSE equivalence or harmonization.,,,,,FASTENER|MANGANESE_STEEL|M24_X_100|100_MM|IS_4772
e7de319d-c45f-5eeb-a579-081fdf2ce704,NMDC,NMDC-410262,Conveyor Idler Roller Carbon Steel DN 100,CMM-PIPEF-B10CF8-001,CMM-PIPEF-B10CF8-001,MAPPED_STANDALONE,STANDALONE,1.0,STANDALONE_IDENTITY,STANDALONE_CANONICAL_SYNTHESIS,1-to-1 deterministic identity mapping to governed Phase 8 standalone CMM candidate. Does not imply cross-CPSE equivalence or harmonization.,,,,,PIPE_FITTING|CARBON_STEEL|CARBON_STEEL|DN_100|3_M|100_MM|IS_8598|ZINC_PLATED
bfd42d24-dc86-582a-8f58-2174396bf73c,NMDC,NMDC-410263,"SPARE-CONVEYOR IDLER ROLLER, Carbon Steel, SIZE DN 100",CMM-PIPEF-884E70-001,CMM-PIPEF-884E70-001,MAPPED_STANDALONE,STANDALONE,1.0,STANDALONE_IDENTITY,STANDALONE_CANONICAL_SYNTHESIS,1-to-1 deterministic identity mapping to governed Phase 8 standalone CMM candidate. Does not imply cross-CPSE equivalence or harmonization.,,,,,PIPE_FITTING|CARBON_STEEL|CARBON_STEEL|DN_100|3_M|DN_100|IS_8598
89721c83-247e-57ba-8cd7-10f7a024dcb6,NMDC,NMDC-410264,SPARE-ORE CRUSHER HAMMER Manganese Steel M24 x 100,CMM-FASTNR-6C0170-001,CMM-FASTNR-6C0170-001,MAPPED_STANDALONE,STANDALONE,1.0,STANDALONE_IDENTITY,STANDALONE_CANONICAL_SYNTHESIS,1-to-1 deterministic identity mapping to governed Phase 8 standalone CMM candidate. Does not imply cross-CPSE equivalence or harmonization.,,,,,FASTENER|MANGANESE_STEEL|M24_X_100|100_MM|IS_4772
18911d63-044e-5bcc-a55f-96843dfe02af,NMDC,NMDC-410265,SPARE-ORE CRUSHER HAMMER Manganese Steel M24 x 100,CMM-FASTNR-226DB9-001,CMM-FASTNR-226DB9-001,MAPPED_STANDALONE,STANDALONE,1.0,STANDALONE_IDENTITY,STANDALONE_CANONICAL_SYNTHESIS,1-to-1 deterministic identity mapping to governed Phase 8 standalone CMM candidate. Does not imply cross-CPSE equivalence or harmonization.,,,,,FASTENER|MANGANESE_STEEL|M24_X_100|100_MM|IS_4772
8d1ad34f-dc04-50c1-88ac-6a88c19c47fc,NMDC,NMDC-410266,SPARE-DN 100 Conveyor Idler Roller - Carbon Steel,CMM-PIPEF-6C2AF1-001,CMM-PIPEF-6C2AF1-001,MAPPED_STANDALONE,STANDALONE,1.0,STANDALONE_IDENTITY,STANDALONE_CANONICAL_SYNTHESIS,1-to-1 deterministic identity mapping to governed Phase 8 standalone CMM candidate. Does not imply cross-CPSE equivalence or harmonization.,,,,,PIPE_FITTING|CARBON_STEEL|CARBON_STEEL|DN_100|12_M|DN_100|IS_8598|PTFE_LINED
ab884044-2976-5ba9-95de-38eebd1ce2ba,NMDC,NMDC-410267,SPARE-Ore Crusher Hammer Manganese Steel M24 x 100,CMM-FASTNR-93E627-001,CMM-FASTNR-93E627-001,MAPPED_STANDALONE,STANDALONE,1.0,STANDALONE_IDENTITY,STANDALONE_CANONICAL_SYNTHESIS,1-to-1 deterministic identity mapping to governed Phase 8 standalone CMM candidate. Does not imply cross-CPSE equivalence or harmonization.,,,,,FASTENER|MANGANESE_STEEL|M24_X_100|100_MM|IS_4772
a698a72e-413b-5ed0-ba17-4a68feb8d126,NMDC,NMDC-410268,Ore Crusher Hammer M24 x 100 Manganese Steel,CMM-FASTNR-8BF2FF-001,CMM-FASTNR-8BF2FF-001,MAPPED_STANDALONE,STANDALONE,1.0,STANDALONE_IDENTITY,STANDALONE_CANONICAL_SYNTHESIS,1-to-1 deterministic identity mapping to governed Phase 8 standalone CMM candidate. Does not imply cross-CPSE equivalence or harmonization.,,,,,FASTENER|MANGANESE_STEEL|M24_X_100|100_MM|IS_4772|ZINC_PLATED
46878ea5-b84b-5041-9480-251354cdf08a,NMDC,NMDC-410269,Conveyor Idler Roller Carbon Steel DN 100,CMM-PIPEF-F2A7E6-001,CMM-PIPEF-F2A7E6-001,MAPPED_STANDALONE,STANDALONE,1.0,STANDALONE_IDENTITY,STANDALONE_CANONICAL_SYNTHESIS,1-to-1 deterministic identity mapping to governed Phase 8 standalone CMM candidate. Does not imply cross-CPSE equivalence or harmonization.,,,,,PIPE_FITTING|CARBON_STEEL|CARBON_STEEL|DN_100|1000_MM|80_MM|IS_8598|ZINC_PLATED
35fd8aac-ca5d-5447-8b15-f18a91ebf2b3,NMDC,NMDC-410270,SPARE-DN 100 CONVEYOR IDLER ROLLER - Carbon Steel,CMM-PIPEF-AAEC9B-001,CMM-PIPEF-AAEC9B-001,MAPPED_STANDALONE,STANDALONE,1.0,STANDALONE_IDENTITY,STANDALONE_CANONICAL_SYNTHESIS,1-to-1 deterministic identity mapping to governed Phase 8 standalone CMM candidate. Does not imply cross-CPSE equivalence or harmonization.,,,,,PIPE_FITTING|CARBON_STEEL|CARBON_STEEL|DN_100|3_M|DN_100|IS_8598|GALVANIZED
53f73329-0caa-5068-9dac-1487c7b65f9d,NMDC,NMDC-410271,DN 100 CONVEYOR IDLER ROLLER - Carbon Steel,CMM-PIPEF-BB81D7-001,CMM-PIPEF-BB81D7-001,MAPPED_STANDALONE,STANDALONE,1.0,STANDALONE_IDENTITY,STANDALONE_CANONICAL_SYNTHESIS,1-to-1 deterministic identity mapping to governed Phase 8 standalone CMM candidate. Does not imply cross-CPSE equivalence or harmonization.,,,,,PIPE_FITTING|CARBON_STEEL|CARBON_STEEL|DN_100|6_M|200_MM|IS_8598|GALVANIZED
0579b78a-028e-5b43-9089-8b237cf4da0d,NMDC,NMDC-410272,"ORE CRUSHER HAMMER, Manganese Steel, SIZE M24 x 100",CMM-FASTNR-08B7CC-001,CMM-FASTNR-08B7CC-001,MAPPED_STANDALONE,STANDALONE,1.0,STANDALONE_IDENTITY,STANDALONE_CANONICAL_SYNTHESIS,1-to-1 deterministic identity mapping to governed Phase 8 standalone CMM candidate. Does not imply cross-CPSE equivalence or harmonization.,,,,,FASTENER|MANGANESE_STEEL|M24_X_100|100_MM|IS_4772
ced48cbd-abd9-5f6c-8cd8-08431e7248c4,NMDC,NMDC-410273,Ore Crusher Hammer M24 x 100 Manganese Steel,CMM-FASTNR-235045-001,CMM-FASTNR-235045-001,MAPPED_STANDALONE,STANDALONE,1.0,STANDALONE_IDENTITY,STANDALONE_CANONICAL_SYNTHESIS,1-to-1 deterministic identity mapping to governed Phase 8 standalone CMM candidate. Does not imply cross-CPSE equivalence or harmonization.,,,,,FASTENER|MANGANESE_STEEL|M24_X_100|100_MM|IS_4772
fb2e1bc3-a7cb-52c0-8757-7ad0d3b0dc1e,NMDC,NMDC-410274,DN 100 CONVEYOR IDLER ROLLER - Carbon Steel,CMM-PIPEF-47C93B-001,CMM-PIPEF-47C93B-001,MAPPED_STANDALONE,STANDALONE,1.0,STANDALONE_IDENTITY,STANDALONE_CANONICAL_SYNTHESIS,1-to-1 deterministic identity mapping to governed Phase 8 standalone CMM candidate. Does not imply cross-CPSE equivalence or harmonization.,,,,,PIPE_FITTING|CARBON_STEEL|CARBON_STEEL|DN_100|12_M|100_MM|IS_8598|GALVANIZED
a711dc6e-04fe-5cec-9585-a2b6a2ead0db,NMDC,NMDC-410275,STORES ITEM ORE CRUSHER HAMMER M24 x 100 Manganese Steel,CMM-FASTNR-EA26E2-001,CMM-FASTNR-EA26E2-001,MAPPED_STANDALONE,STANDALONE,1.0,STANDALONE_IDENTITY,STANDALONE_CANONICAL_SYNTHESIS,1-to-1 deterministic identity mapping to governed Phase 8 standalone CMM candidate. Does not imply cross-CPSE equivalence or harmonization.,,,,,FASTENER|MANGANESE_STEEL|M24_X_100|100_MM|IS_4772|ZINC_PLATED
e11b9f91-1c79-5af9-b8ec-a782911e5a7a,NTPC,NTPC-200001,STORES ITEM Centrifugal Pump SS316 DN 100,CMM-PUMP-EFB17A-001,CMM-PUMP-EFB17A-001,MAPPED_VERIFIED,DIRECT_ACCEPTED,1.0,VERIFIED_CROSS_CPSE,HUMAN_ACCEPTED_HARMONIZATION,Verified cross-CPSE harmonization mapping supported by Phase 7 human review ACCEPT on candidate CAN-000185 with cryptographic evidence hash ...,CAN-000185,VALIDATED_COMPATIBLE,ACCEPT,,PUMP|CENTRIFUGAL_PUMP|STAINLESS_STEEL|SS_316|DN_100|API_610
ed6dd6b1-07f0-5507-974d-9860b1d8d8ec,NTPC,NTPC-200002,Reciprocating Pump DN 80 Carbon Steel,CMM-PUMP-986768-001,CMM-PUMP-986768-001,MAPPED_VERIFIED,DIRECT_ACCEPTED,1.0,VERIFIED_CROSS_CPSE,HUMAN_ACCEPTED_HARMONIZATION,Verified cross-CPSE harmonization mapping supported by Phase 7 human review ACCEPT on candidate CAN-000635 with cryptographic evidence hash ...,CAN-000635,VALIDATED_COMPATIBLE,ACCEPT,,PUMP|CARBON_STEEL|CARBON_STEEL|DN_80|DN_80|IS_1520|PTFE_LINED
dde3a337-56c8-557c-bad2-373e57adb7f1,NTPC,NTPC-200003,SPARE-FLANGE DN 50 IS 2062,CMM-PIPEF-779420-001,CMM-PIPEF-779420-001,MAPPED_VERIFIED,DIRECT_ACCEPTED,1.0,VERIFIED_CROSS_CPSE,HUMAN_ACCEPTED_HARMONIZATION,Verified cross-CPSE harmonization mapping supported by Phase 7 human review ACCEPT on candidate CAN-000753 with cryptographic evidence hash ...,CAN-000753,VALIDATED_COMPATIBLE,ACCEPT,,PIPE_FITTING|FLANGE|IS_2062|DN_50|12_M|150_MM|ASME_B165|GALVANIZED
131221ed-b896-5f61-9119-4c70966a4408,NTPC,NTPC-200004,2 in Gate Valve - LCB,CMM-VALVE-758633-001,CMM-VALVE-758633-001,MAPPED_VERIFIED,DIRECT_ACCEPTED,1.0,VERIFIED_CROSS_CPSE,HUMAN_ACCEPTED_HARMONIZATION,Verified cross-CPSE harmonization mapping supported by Phase 7 human review ACCEPT on candidate CAN-000813 with cryptographic evidence hash ...,CAN-000813,VALIDATED_COMPATIBLE,ACCEPT,,VALVE|GATE_VALVE|LCB|2_IN|API_600
41577de9-9410-5f3c-8a9f-be206b1c52d6,NTPC,NTPC-200005,IND.REDUCER ASTM A106 Gr B DN 150,CMM-PIPEF-A8BD86-001,CMM-PIPEF-A8BD86-001,MAPPED_VERIFIED,DIRECT_ACCEPTED,1.0,VERIFIED_CROSS_CPSE,HUMAN_ACCEPTED_HARMONIZATION,Verified cross-CPSE harmonization mapping supported by Phase 7 human review ACCEPT on candidate CAN-001145 with cryptographic evidence hash ...,CAN-001145,VALIDATED_COMPATIBLE,ACCEPT,,PIPE_FITTING|ASTM_A106_GRB|DN_150|12_M|50_MM|IS_1239|ZINC_PLATED
b195a6d6-97d6-5ce8-8285-7372d2e725ca,NTPC,NTPC-200006,STORES ITEM 3 in x 2 in Gear Pump - Duplex Steel,CMM-PUMP-357758-001,CMM-PUMP-357758-001,MAPPED_VERIFIED,DIRECT_ACCEPTED,1.0,VERIFIED_CROSS_CPSE,HUMAN_ACCEPTED_HARMONIZATION,Verified cross-CPSE harmonization mapping supported by Phase 7 human review ACCEPT on candidate CAN-001384 with cryptographic evidence hash ...,CAN-001384,VALIDATED_COMPATIBLE,ACCEPT,,PUMP|DUPLEX_STEEL|3_IN_X_2_IN|3_IN_X_2_IN|ISO_2858
62876ed1-06e8-589c-a689-4e78eb6d2930,NTPC,NTPC-200007,SPARE-XLPE CABLE 3C x 95 sq mm Aluminium,CMM-ELECTR-79A6DD-001,CMM-ELECTR-79A6DD-001,MAPPED_VERIFIED,DIRECT_ACCEPTED,1.0,VERIFIED_CROSS_CPSE,HUMAN_ACCEPTED_HARMONIZATION,Verified cross-CPSE harmonization mapping supported by Phase 7 human review ACCEPT on candidate CAN-001535 with cryptographic evidence hash ...,CAN-001535,VALIDATED_COMPATIBLE,ACCEPT,,ELECTRICAL|CABLE|XLPE|ALUMINIUM|3C_X_95_SQ_MM|IS_2026
4496ba53-a9a5-5dd0-b53d-6f04ba4b27f1,NTPC,NTPC-200008,STORES ITEM HEX NUT M16 x 65 SS304,CMM-FASTNR-79F7B5-001,CMM-FASTNR-79F7B5-001,MAPPED_VERIFIED,DIRECT_ACCEPTED,1.0,VERIFIED_CROSS_CPSE,HUMAN_ACCEPTED_HARMONIZATION,Verified cross-CPSE harmonization mapping supported by Phase 7 human review ACCEPT on candidate CAN-001712 with cryptographic evidence hash ...,CAN-001712,VALIDATED_COMPATIBLE,ACCEPT,,FASTENER|NUT|HEX|STAINLESS_STEEL|SS_304|M16_X_65|65_MM
9e03c66e-e4fb-5a5b-b4f8-c78c147d47e0,NTPC,NTPC-200009,SPARE-Hex Nut M12 x 50 Grade 8.8,CMM-FASTNR-412B68-001,CMM-FASTNR-412B68-001,REVIEW_REQUIRED,DIRECT_ACCEPTED,0.6,REVIEW_REQUIRED,AMBIGUOUS_ATTRIBUTE_HOLD,Attribute ambiguity in upstream candidate group; human review required.,,REVIEW_REQUIRED,,,FASTENER|NUT|HEX|GRADE_88|M12_X_50|50_MM|ASTM_A193
f0289e08-d45b-50c5-beeb-6fca032acae7,NTPC,NTPC-200010,SPARE-Control Valve WCB 1/2 in,CMM-VALVE-24B4BF-001,CMM-VALVE-24B4BF-001,MAPPED_VERIFIED,DIRECT_ACCEPTED,1.0,VERIFIED_CROSS_CPSE,HUMAN_ACCEPTED_HARMONIZATION,Verified cross-CPSE harmonization mapping supported by Phase 7 human review ACCEPT on candidate CAN-002044 with cryptographic evidence hash ...,CAN-002044,VALIDATED_COMPATIBLE,ACCEPT,,VALVE|ASTM_A216_WCB|1_2_IN|API_598|ZINC_PLATED
b70263b7-e8d4-561d-8ea7-ad2f4a1bb96b,NTPC,NTPC-200011,IND.4-20 mA Flow Meter - Brass,CMM-INSTRU-746A35-001,CMM-INSTRU-746A35-001,REVIEW_REQUIRED,DIRECT_ACCEPTED,0.6,REVIEW_REQUIRED,AMBIGUOUS_ATTRIBUTE_HOLD,Attribute ambiguity in upstream candidate group; human review required.,,REVIEW_REQUIRED,,,INSTRUMENTATION|BRASS|4_20_MA
e767a6c1-1539-554f-b61f-276ae82ce3e4,NTPC,NTPC-200012,IND.Circuit Breaker Aluminium 4C x 25 sq mm,CMM-ELECTR-19262A-001,CMM-ELECTR-19262A-001,MAPPED_VERIFIED,DIRECT_ACCEPTED,1.0,VERIFIED_CROSS_CPSE,HUMAN_ACCEPTED_HARMONIZATION,Verified cross-CPSE harmonization mapping supported by Phase 7 human review ACCEPT on candidate CAN-002764 with cryptographic evidence hash ...,CAN-002764,VALIDATED_COMPATIBLE,ACCEPT,,ELECTRICAL|ALUMINIUM|4C_X_25_SQ_MM|1000_M|IS_2026
5b91c34e-37ed-5d8d-8c03-0e7514d80784,NTPC,NTPC-200013,IND.Reducer Carbon Steel 2 in,CMM-PIPEF-E0FB6D-001,CMM-PIPEF-E0FB6D-001,MAPPED_VERIFIED,DIRECT_ACCEPTED,1.0,VERIFIED_CROSS_CPSE,HUMAN_ACCEPTED_HARMONIZATION,Verified cross-CPSE harmonization mapping supported by Phase 7 human review ACCEPT on candidate CAN-003094 with cryptographic evidence hash ...,CAN-003094,VALIDATED_COMPATIBLE,ACCEPT,,PIPE_FITTING|CARBON_STEEL|CARBON_STEEL|2_IN|200_MM|IS_1239|ZINC_PLATED
b515f7fe-b677-59ad-8c4a-c6b761ed69a1,NTPC,NTPC-200014,STORES ITEM SUBMERSIBLE PUMP DN 80 SS316,CMM-PUMP-E31790-001,CMM-PUMP-E31790-001,MAPPED_VERIFIED,DIRECT_ACCEPTED,1.0,VERIFIED_CROSS_CPSE,HUMAN_ACCEPTED_HARMONIZATION,Verified cross-CPSE harmonization mapping supported by Phase 7 human review ACCEPT on candidate CAN-003302 with cryptographic evidence hash ...,CAN-003302,VALIDATED_COMPATIBLE,ACCEPT,,PUMP|STAINLESS_STEEL|SS_316|DN_80|DN_80|ISO_2858|PTFE_LINED
39cb6697-239c-5cb6-a251-69306bfaef4c,NTPC,NTPC-200015,GV 4 in SS316,CMM-VALVE-11F993-001,CMM-VALVE-11F993-001,MAPPED_VERIFIED,DIRECT_ACCEPTED,1.0,VERIFIED_CROSS_CPSE,HUMAN_ACCEPTED_HARMONIZATION,Verified cross-CPSE harmonization mapping supported by Phase 7 human review ACCEPT on candidate CAN-003755 with cryptographic evidence hash ...,CAN-003755,VALIDATED_COMPATIBLE,ACCEPT,,VALVE|GATE_VALVE|STAINLESS_STEEL|SS_316|4_IN|API_600
80026275-64a6-5489-9381-9edc25e5a32d,NTPC,NTPC-200016,STORES ITEM Seamless Pipe DN 100 SS316L,CMM-PIPEF-814451-001,CMM-PIPEF-814451-001,MAPPED_VERIFIED,DIRECT_ACCEPTED,1.0,VERIFIED_CROSS_CPSE,HUMAN_ACCEPTED_HARMONIZATION,Verified cross-CPSE harmonization mapping supported by Phase 7 human review ACCEPT on candidate CAN-003903 with cryptographic evidence hash ...,CAN-003903,VALIDATED_COMPATIBLE,ACCEPT,,PIPE_FITTING|PIPE|STAINLESS_STEEL|SS_316L|DN_100|1000_MM|80_MM|IS_1239|EPOXY_COATED|SEAMLESS
5ee3e06e-12a1-5b85-9151-aac21fb960f0,NTPC,NTPC-200017,STORES ITEM Level Transmitter 4-20 mA SS316,CMM-INSTRU-1E073D-001,CMM-INSTRU-1E073D-001,REVIEW_REQUIRED,DIRECT_ACCEPTED,0.6,REVIEW_REQUIRED,AMBIGUOUS_ATTRIBUTE_HOLD,Attribute ambiguity in upstream candidate group; human review required.,,REVIEW_REQUIRED,,,INSTRUMENTATION|STAINLESS_STEEL|SS_316|4_20_MA|ASME_B40100
e0e4d002-7d0f-5d0a-aead-0e800e925702,NTPC,NTPC-200018,SPARE-THRUST BEARING 6208 Stainless Steel,CMM-BEARNG-A2CB3C-001,CMM-BEARNG-A2CB3C-001,REVIEW_REQUIRED,DIRECT_ACCEPTED,0.6,REVIEW_REQUIRED,AMBIGUOUS_ATTRIBUTE_HOLD,Attribute ambiguity in upstream candidate group; human review required.,,REVIEW_REQUIRED,,,BEARING|STAINLESS_STEEL|STAINLESS_STEEL|6208|ISO_15
0545a572-887e-5c76-9ca5-f2f63c08f452,NTPC,NTPC-200019,SPARE-0-100 bar RTD Sensor - SS316,CMM-INSTRU-59A2A6-001,CMM-INSTRU-59A2A6-001,MAPPED_VERIFIED,DIRECT_ACCEPTED,1.0,VERIFIED_CROSS_CPSE,HUMAN_ACCEPTED_HARMONIZATION,Verified cross-CPSE harmonization mapping supported by Phase 7 human review ACCEPT on candidate CAN-004564 with cryptographic evidence hash ...,CAN-004564,VALIDATED_COMPATIBLE,ACCEPT,,INSTRUMENTATION|STAINLESS_STEEL|SS_316|0_100_BAR|IEC_60529
377f1fc2-ee4d-56f5-ae4f-baa6d8d59c4e,NTPC,NTPC-200020,STORES ITEM M16 x 65 SOCKET HEAD SCREW - Carbon Steel,CMM-FASTNR-A2AB0B-001,CMM-FASTNR-A2AB0B-001,MAPPED_VERIFIED,DIRECT_ACCEPTED,1.0,VERIFIED_CROSS_CPSE,HUMAN_ACCEPTED_HARMONIZATION,Verified cross-CPSE harmonization mapping supported by Phase 7 human review ACCEPT on candidate CAN-004714 with cryptographic evidence hash ...,CAN-004714,VALIDATED_COMPATIBLE,ACCEPT,,FASTENER|CARBON_STEEL|CARBON_STEEL|M16_X_65|65_MM
06e54a2e-f47d-5605-9864-e030208be543,NTPC,NTPC-200021,Globe Valve LCB 4 in,CMM-VALVE-9903B8-001,CMM-VALVE-9903B8-001,MAPPED_VERIFIED,DIRECT_ACCEPTED,1.0,VERIFIED_CROSS_CPSE,HUMAN_ACCEPTED_HARMONIZATION,Verified cross-CPSE harmonization mapping supported by Phase 7 human review ACCEPT on candidate CAN-005105 with cryptographic evidence hash ...,CAN-005105,VALIDATED_COMPATIBLE,ACCEPT,,VALVE|GLOBE_VALVE|LCB|4_IN|4_IN|API_598|EPOXY_COATED
5ca2f94e-1a0e-5ccc-ad49-240c7741a03f,NTPC,NTPC-200022,IND.Mechanical Seal Graphite 65 mm,CMM-SEALG-260F99-001,CMM-SEALG-260F99-001,MAPPED_VERIFIED,DIRECT_ACCEPTED,1.0,VERIFIED_CROSS_CPSE,HUMAN_ACCEPTED_HARMONIZATION,Verified cross-CPSE harmonization mapping supported by Phase 7 human review ACCEPT on candidate CAN-005195 with cryptographic evidence hash ...,CAN-005195,VALIDATED_COMPATIBLE,ACCEPT,,SEAL_GASKET|GRAPHITE|65_MM|ASME_B1620
fc43df1b-43a6-556a-a6ff-577ddbf1ccd0,NTPC,NTPC-200023,"IND.DISTRIBUTION TRANSFORMER, Aluminium, SIZE 1C x 300 sq mm",CMM-ELECTR-941023-001,CMM-ELECTR-941023-001,REVIEW_REQUIRED,DIRECT_ACCEPTED,0.6,REVIEW_REQUIRED,AMBIGUOUS_ATTRIBUTE_HOLD,Attribute ambiguity in upstream candidate group; human review required.,,REVIEW_REQUIRED,,,ELECTRICAL|ALUMINIUM|1C_X_300_SQ_MM|1000_M|IS_2026
df5b845c-ad0f-5c5e-98d5-e4b18b889df7,NTPC,NTPC-200024,IND.OIL SEAL 2 in Viton,CMM-SEALG-29423B-001,CMM-SEALG-29423B-001,MAPPED_VERIFIED,DIRECT_ACCEPTED,1.0,VERIFIED_CROSS_CPSE,HUMAN_ACCEPTED_HARMONIZATION,Verified cross-CPSE harmonization mapping supported by Phase 7 human review ACCEPT on candidate CAN-005795 with cryptographic evidence hash ...,CAN-005795,VALIDATED_COMPATIBLE,ACCEPT,,SEAL_GASKET|LUBRICANT|VITON|2_IN|API_682|EPOXY_COATED
62fe53cd-1732-5b10-976f-f962e1adc7c1,NTPC,NTPC-200025,"STORES ITEM Needle Bearing, Chrome Steel, SIZE 6408",CMM-BEARNG-89DC5A-001,CMM-BEARNG-89DC5A-001,MAPPED_VERIFIED,DIRECT_ACCEPTED,1.0,VERIFIED_CROSS_CPSE,HUMAN_ACCEPTED_HARMONIZATION,Verified cross-CPSE harmonization mapping supported by Phase 7 human review ACCEPT on candidate CAN-005944 with cryptographic evidence hash ...,CAN-005944,VALIDATED_COMPATIBLE,ACCEPT,,BEARING|CHROME_STEEL|CHROME_STEEL|6408|ISO_15
518d1fbc-6584-5fb8-9759-db1e0de11bc8,NTPC,NTPC-200026,"STORES ITEM PRESSURE GAUGE, Polycarbonate, SIZE 0-500 Deg C",CMM-INSTRU-58342A-001,CMM-INSTRU-58342A-001,MAPPED_VERIFIED,DIRECT_ACCEPTED,1.0,VERIFIED_CROSS_CPSE,HUMAN_ACCEPTED_HARMONIZATION,Verified cross-CPSE harmonization mapping supported by Phase 7 human review ACCEPT on candidate CAN-006275 with cryptographic evidence hash ...,CAN-006275,VALIDATED_COMPATIBLE,ACCEPT,,INSTRUMENTATION|PRESSURE_GAUGE|POLYCARBONATE|0_500_DEG_C
dcc98f66-246b-5cdd-bf8b-8ad5c98bdd4d,NTPC,NTPC-200027,Roller Bearing 22208 Chrome Steel,CMM-BEARNG-39C22B-001,CMM-BEARNG-39C22B-001,REVIEW_REQUIRED,DIRECT_ACCEPTED,0.6,REVIEW_REQUIRED,AMBIGUOUS_ATTRIBUTE_HOLD,Attribute ambiguity in upstream candidate group; human review required.,,REVIEW_REQUIRED,,,BEARING|CHROME_STEEL|CHROME_STEEL|22208
257917e3-3dd7-5a1c-82c3-465a6a004f21,NTPC,NTPC-200028,IND.SUBMERSIBLE PUMP DN 100 SS316,CMM-PUMP-257C0D-001,CMM-PUMP-257C0D-001,MAPPED_VERIFIED,DIRECT_ACCEPTED,1.0,VERIFIED_CROSS_CPSE,HUMAN_ACCEPTED_HARMONIZATION,Verified cross-CPSE harmonization mapping supported by Phase 7 human review ACCEPT on candidate CAN-006513 with cryptographic evidence hash ...,CAN-006513,VALIDATED_COMPATIBLE,ACCEPT,,PUMP|STAINLESS_STEEL|SS_316|DN_100|API_610
fb53de3d-cbb7-5fe8-a872-ffce0433ac31,NTPC,NTPC-200029,FLOW METER 4-20 mA SS316,CMM-INSTRU-1E073D-001,CMM-INSTRU-1E073D-001,REVIEW_REQUIRED,DIRECT_ACCEPTED,0.6,REVIEW_REQUIRED,AMBIGUOUS_ATTRIBUTE_HOLD,Attribute ambiguity in upstream candidate group; human review required.,,REVIEW_REQUIRED,,,INSTRUMENTATION|STAINLESS_STEEL|SS_316|4_20_MA|ASME_B40100
55f7b3d8-4a7f-5506-b9fd-b5699f35261a,NTPC,NTPC-200030,STORES ITEM SPIRAL WOUND GASKET NBR 50 mm,CMM-SEALG-66D3AC-001,CMM-SEALG-66D3AC-001,MAPPED_VERIFIED,DIRECT_ACCEPTED,1.0,VERIFIED_CROSS_CPSE,HUMAN_ACCEPTED_HARMONIZATION,Verified cross-CPSE harmonization mapping supported by Phase 7 human review ACCEPT on candidate CAN-007625 with cryptographic evidence hash ...,CAN-007625,VALIDATED_COMPATIBLE,ACCEPT,,SEAL_GASKET|SPIRAL_WOUND_GASKET|NBR|50_MM|50_MM|API_682|ZINC_PLATED
64b895de-e825-5482-8df8-be6b73e3414f,NTPC,NTPC-200031,2 in x 1.5 in RECIPROCATING PUMP - Cast Iron,CMM-PUMP-DB6C55-001,CMM-PUMP-DB6C55-001,MAPPED_VERIFIED,DIRECT_ACCEPTED,1.0,VERIFIED_CROSS_CPSE,HUMAN_ACCEPTED_HARMONIZATION,Verified cross-CPSE harmonization mapping supported by Phase 7 human review ACCEPT on candidate CAN-008074 with cryptographic evidence hash ...,CAN-008074,VALIDATED_COMPATIBLE,ACCEPT,,PUMP|CAST_IRON|2_IN_X_15_IN|2_IN_X_15_IN|ISO_2858|GALVANIZED|CAST
0ff235b4-e12d-5301-af72-b9be20567f89,NTPC,NTPC-200032,Induction Motor 415V 100A Copper,CMM-ELECTR-E728FA-001,CMM-ELECTR-E728FA-001,REVIEW_REQUIRED,DIRECT_ACCEPTED,0.6,REVIEW_REQUIRED,AMBIGUOUS_ATTRIBUTE_HOLD,Attribute ambiguity in upstream candidate group; human review required.,,REVIEW_REQUIRED,,,ELECTRICAL|COPPER|415V_100A|100_M|IS_13947
910df994-5a16-5592-9a87-26810894c74e,NTPC,NTPC-200033,6408 BALL BRG - Chrome Steel,CMM-BEARNG-87EFE4-001,CMM-BEARNG-87EFE4-001,MAPPED_VERIFIED,DIRECT_ACCEPTED,1.0,VERIFIED_CROSS_CPSE,HUMAN_ACCEPTED_HARMONIZATION,Verified cross-CPSE harmonization mapping supported by Phase 7 human review ACCEPT on candidate CAN-008465 with cryptographic evidence hash ...,CAN-008465,VALIDATED_COMPATIBLE,ACCEPT,,BEARING|BALL_BEARING|CHROME_STEEL|CHROME_STEEL|6408
a5338293-85e5-5d5e-b60e-2cd0e7b75269,NTPC,NTPC-200034,SPARE-Ball Bearing Stainless Steel 30205,CMM-BEARNG-491461-001,CMM-BEARNG-491461-001,REVIEW_REQUIRED,DIRECT_ACCEPTED,0.6,REVIEW_REQUIRED,AMBIGUOUS_ATTRIBUTE_HOLD,Attribute ambiguity in upstream candidate group; human review required.,,REVIEW_REQUIRED,,,BEARING|BALL_BEARING|STAINLESS_STEEL|STAINLESS_STEEL|30205|ISO_15
642a4c54-aa8f-5995-aad8-8ccc72d9ae72,NTPC,NTPC-200035,STORES ITEM RTD SENSOR SS316 1/2 in NPT,CMM-INSTRU-E82054-001,CMM-INSTRU-E82054-001,REVIEW_REQUIRED,DIRECT_ACCEPTED,0.6,REVIEW_REQUIRED,AMBIGUOUS_ATTRIBUTE_HOLD,Attribute ambiguity in upstream candidate group; human review required.,,REVIEW_REQUIRED,,,INSTRUMENTATION|STAINLESS_STEEL|SS_316|1_2_IN_NPT|IEC_60529
3fd5d925-b0ed-53d1-8a42-e98701830329,NTPC,NTPC-200036,Equal Tee 2 in Alloy Steel,CMM-PIPEF-9F93F7-001,CMM-PIPEF-9F93F7-001,MAPPED_VERIFIED,DIRECT_ACCEPTED,1.0,VERIFIED_CROSS_CPSE,HUMAN_ACCEPTED_HARMONIZATION,Verified cross-CPSE harmonization mapping supported by Phase 7 human review ACCEPT on candidate CAN-009034 with cryptographic evidence hash ...,CAN-009034,VALIDATED_COMPATIBLE,ACCEPT,,PIPE_FITTING|ALLOY_STEEL|2_IN|2_IN|API_5L
0f07bc58-e95e-5e79-9b81-5271f9c81267,NTPC,NTPC-200037,REDUCER 6 in SS316L,CMM-PIPEF-91DF1A-001,CMM-PIPEF-91DF1A-001,MAPPED_VERIFIED,DIRECT_ACCEPTED,1.0,VERIFIED_CROSS_CPSE,HUMAN_ACCEPTED_HARMONIZATION,Verified cross-CPSE harmonization mapping supported by Phase 7 human review ACCEPT on candidate CAN-009183 with cryptographic evidence hash ...,CAN-009183,VALIDATED_COMPATIBLE,ACCEPT,,PIPE_FITTING|STAINLESS_STEEL|SS_316L|6_IN|12_M|6_IN|IS_1239|GALVANIZED
b7acac57-cdb0-5ddd-91e4-ca7fca6369bc,NTPC,NTPC-200038,DISTRIBUTION TRANSFORMER 415V 100A Copper,CMM-ELECTR-2DB37C-001,CMM-ELECTR-2DB37C-001,MAPPED_VERIFIED,DIRECT_ACCEPTED,1.0,VERIFIED_CROSS_CPSE,HUMAN_ACCEPTED_HARMONIZATION,Verified cross-CPSE harmonization mapping supported by Phase 7 human review ACCEPT on candidate CAN-009364 with cryptographic evidence hash ...,CAN-009364,VALIDATED_COMPATIBLE,ACCEPT,,ELECTRICAL|COPPER|415V_100A|IEC_60502
ea8338e7-28b2-5ecb-a6a9-244fcb179965,NTPC,NTPC-200039,NEEDLE BEARING 6408 Chrome Steel,CMM-BEARNG-FF170C-001,CMM-BEARNG-FF170C-001,REVIEW_REQUIRED,DIRECT_ACCEPTED,0.6,REVIEW_REQUIRED,AMBIGUOUS_ATTRIBUTE_HOLD,Attribute ambiguity in upstream candidate group; human review required.,,REVIEW_REQUIRED,,,BEARING|CHROME_STEEL|CHROME_STEEL|6408
87dcfe54-e627-5205-bd2f-1728e62766db,NTPC,NTPC-200040,IND.6408 THRUST BEARING - Chrome Steel,CMM-BEARNG-FF170C-001,CMM-BEARNG-FF170C-001,REVIEW_REQUIRED,DIRECT_ACCEPTED,0.6,REVIEW_REQUIRED,AMBIGUOUS_ATTRIBUTE_HOLD,Attribute ambiguity in upstream candidate group; human review required.,,REVIEW_REQUIRED,,,BEARING|CHROME_STEEL|CHROME_STEEL|6408
05d3ed5b-da80-57eb-81b3-736c20fbf3a9,NTPC,NTPC-200041,M24 x 100 Hex Nut - Grade 10.9,CMM-FASTNR-BCCDD8-001,CMM-FASTNR-BCCDD8-001,MAPPED_VERIFIED,DIRECT_ACCEPTED,1.0,VERIFIED_CROSS_CPSE,HUMAN_ACCEPTED_HARMONIZATION,Verified cross-CPSE harmonization mapping supported by Phase 7 human review ACCEPT on candidate CAN-010233 with cryptographic evidence hash ...,CAN-010233,VALIDATED_COMPATIBLE,ACCEPT,,FASTENER|NUT|HEX|GRADE_109|M24_X_100|100_MM|ZINC_PLATED
f734d162-481c-5b37-bde8-3ef90d9d33a8,NTPC,NTPC-200042,Control Valve ASTM A216 WCB 4 in,CMM-VALVE-781509-001,CMM-VALVE-781509-001,MAPPED_VERIFIED,DIRECT_ACCEPTED,1.0,VERIFIED_CROSS_CPSE,HUMAN_ACCEPTED_HARMONIZATION,Verified cross-CPSE harmonization mapping supported by Phase 7 human review ACCEPT on candidate CAN-010653 with cryptographic evidence hash ...,CAN-010653,VALIDATED_COMPATIBLE,ACCEPT,,VALVE|ASTM_A216_WCB|4_IN|4_IN|API_598
de16bf2a-e4c0-577b-ace5-c57aa069d5ee,NTPC,NTPC-200043,STORES ITEM 6 in Reducer - SS316L,CMM-PIPEF-3C5B7C-001,CMM-PIPEF-3C5B7C-001,MAPPED_VERIFIED,DIRECT_ACCEPTED,1.0,VERIFIED_CROSS_CPSE,HUMAN_ACCEPTED_HARMONIZATION,Verified cross-CPSE harmonization mapping supported by Phase 7 human review ACCEPT on candidate CAN-011074 with cryptographic evidence hash ...,CAN-011074,VALIDATED_COMPATIBLE,ACCEPT,,PIPE_FITTING|STAINLESS_STEEL|SS_316L|6_IN|12_M|150_MM|ASME_B169
82fbeb38-db5f-5f3f-bc05-b121b4ae4f06,NTPC,NTPC-200044,STUD BOLT Grade B7 M24 x 100,CMM-FASTNR-E57005-001,CMM-FASTNR-E57005-001,MAPPED_VERIFIED,DIRECT_ACCEPTED,1.0,VERIFIED_CROSS_CPSE,HUMAN_ACCEPTED_HARMONIZATION,Verified cross-CPSE harmonization mapping supported by Phase 7 human review ACCEPT on candidate CAN-011402 with cryptographic evidence hash ...,CAN-011402,VALIDATED_COMPATIBLE,ACCEPT,,FASTENER|BOLT|GRADE_B7|M24_X_100|100_MM|ASTM_A193
8d99c2f6-ecea-50aa-8bfd-13a3b301a236,NTPC,NTPC-200045,6208 Roller Bearing - Stainless Steel,CMM-BEARNG-A2CB3C-001,CMM-BEARNG-A2CB3C-001,REVIEW_REQUIRED,DIRECT_ACCEPTED,0.6,REVIEW_REQUIRED,AMBIGUOUS_ATTRIBUTE_HOLD,Attribute ambiguity in upstream candidate group; human review required.,,REVIEW_REQUIRED,,,BEARING|STAINLESS_STEEL|STAINLESS_STEEL|6208|ISO_15
39c187ce-2f0c-59d6-9c46-b29570557371,NTPC,NTPC-200046,SPARE-RTD SENSOR Polycarbonate 1/2 in NPT,CMM-INSTRU-014C39-001,CMM-INSTRU-014C39-001,MAPPED_VERIFIED,DIRECT_ACCEPTED,1.0,VERIFIED_CROSS_CPSE,HUMAN_ACCEPTED_HARMONIZATION,Verified cross-CPSE harmonization mapping supported by Phase 7 human review ACCEPT on candidate CAN-011705 with cryptographic evidence hash ...,CAN-011705,VALIDATED_COMPATIBLE,ACCEPT,,INSTRUMENTATION|POLYCARBONATE|1_2_IN_NPT|ASME_B40100
6b297691-2d7b-5aff-b831-0b53555fa62e,NTPC,NTPC-200047,IND.3 in x 2 in Centrifugal Pump - Cast Iron,CMM-PUMP-329011-001,CMM-PUMP-329011-001,MAPPED_VERIFIED,DIRECT_ACCEPTED,1.0,VERIFIED_CROSS_CPSE,HUMAN_ACCEPTED_HARMONIZATION,Verified cross-CPSE harmonization mapping supported by Phase 7 human review ACCEPT on candidate CAN-011764 with cryptographic evidence hash ...,CAN-011764,VALIDATED_COMPATIBLE,ACCEPT,,PUMP|CENTRIFUGAL_PUMP|CAST_IRON|3_IN_X_2_IN|3_IN_X_2_IN|API_610|CAST
6be02f0b-ce9c-553f-a99b-c0ded5ae1f8b,NTPC,NTPC-200048,4C x 25 sq mm Distribution Transformer - Aluminium,CMM-ELECTR-47E8A6-001,CMM-ELECTR-47E8A6-001,MAPPED_VERIFIED,DIRECT_ACCEPTED,1.0,VERIFIED_CROSS_CPSE,HUMAN_ACCEPTED_HARMONIZATION,Verified cross-CPSE harmonization mapping supported by Phase 7 human review ACCEPT on candidate CAN-012003 with cryptographic evidence hash ...,CAN-012003,VALIDATED_COMPATIBLE,ACCEPT,,ELECTRICAL|ALUMINIUM|4C_X_25_SQ_MM|100_M|IS_2026
5cd9bbe2-2d77-50ab-ace0-dd920f6f0d12,NTPC,NTPC-200049,"SPARE-Vertical Turbine Pump, Carbon Steel, SIZE 2 in x 1.5 in",CMM-PUMP-7D55C9-001,CMM-PUMP-7D55C9-001,MAPPED_VERIFIED,DIRECT_ACCEPTED,1.0,VERIFIED_CROSS_CPSE,HUMAN_ACCEPTED_HARMONIZATION,Verified cross-CPSE harmonization mapping supported by Phase 7 human review ACCEPT on candidate CAN-012514 with cryptographic evidence hash ...,CAN-012514,VALIDATED_COMPATIBLE,ACCEPT,,PUMP|CARBON_STEEL|CARBON_STEEL|2_IN_X_15_IN|2_IN_X_15_IN|API_610|ZINC_PLATED|VERTICAL
509e5624-eef8-53d7-adeb-798effd256fb,NTPC,NTPC-200050,REDUCER DN 80 Alloy Steel,CMM-PIPEF-887486-001,CMM-PIPEF-887486-001,MAPPED_VERIFIED,DIRECT_ACCEPTED,1.0,VERIFIED_CROSS_CPSE,HUMAN_ACCEPTED_HARMONIZATION,Verified cross-CPSE harmonization mapping supported by Phase 7 human review ACCEPT on candidate CAN-012994 with cryptographic evidence hash ...,CAN-012994,VALIDATED_COMPATIBLE,ACCEPT,,PIPE_FITTING|ALLOY_STEEL|DN_80|DN_80|ASME_B169
6fb60d65-dfdd-592f-b0f6-0d6c1a6ceff1,NTPC,NTPC-200051,IND.EQUAL TEE DN 150 ASTM A106 Gr B,CMM-PIPEF-3BAF8F-001,CMM-PIPEF-3BAF8F-001,MAPPED_VERIFIED,DIRECT_ACCEPTED,1.0,VERIFIED_CROSS_CPSE,HUMAN_ACCEPTED_HARMONIZATION,Verified cross-CPSE harmonization mapping supported by Phase 7 human review ACCEPT on candidate CAN-013085 with cryptographic evidence hash ...,CAN-013085,VALIDATED_COMPATIBLE,ACCEPT,,PIPE_FITTING|ASTM_A106_GRB|DN_150|6_M|25_MM|API_5L
cde80b6d-faec-5748-bb81-da88247368f2,NTPC,NTPC-200052,"REDUCER, Alloy Steel, SIZE 2 in",CMM-PIPEF-EB17F7-001,CMM-PIPEF-EB17F7-001,MAPPED_VERIFIED,DIRECT_ACCEPTED,1.0,VERIFIED_CROSS_CPSE,HUMAN_ACCEPTED_HARMONIZATION,Verified cross-CPSE harmonization mapping supported by Phase 7 human review ACCEPT on candidate CAN-013594 with cryptographic evidence hash ...,CAN-013594,VALIDATED_COMPATIBLE,ACCEPT,,PIPE_FITTING|ALLOY_STEEL|2_IN|1000_MM|2_IN|ASME_B165
53e5df42-9fd6-5d4b-9c31-95f15acb4fba,NTPC,NTPC-200053,"IND.BRG BALL, Chrome Steel, SIZE 22208",CMM-BEARNG-947C4D-001,CMM-BEARNG-947C4D-001,MAPPED_VERIFIED,DIRECT_ACCEPTED,1.0,VERIFIED_CROSS_CPSE,HUMAN_ACCEPTED_HARMONIZATION,Verified cross-CPSE harmonization mapping supported by Phase 7 human review ACCEPT on candidate CAN-013654 with cryptographic evidence hash ...,CAN-013654,VALIDATED_COMPATIBLE,ACCEPT,,BEARING|BALL_BEARING|CHROME_STEEL|CHROME_STEEL|22208
542d839f-7047-593a-97aa-558f4c0e38ea,NTPC,NTPC-200054,STORES ITEM NEEDLE BEARING 6408 Chrome Steel,CMM-BEARNG-FF170C-001,CMM-BEARNG-FF170C-001,REVIEW_REQUIRED,DIRECT_ACCEPTED,0.6,REVIEW_REQUIRED,AMBIGUOUS_ATTRIBUTE_HOLD,Attribute ambiguity in upstream candidate group; human review required.,,REVIEW_REQUIRED,,,BEARING|CHROME_STEEL|CHROME_STEEL|6408
0a8898ee-b548-50f7-b0b5-aade684e5aa4,NTPC,NTPC-200055,STORES ITEM Reciprocating Pump Duplex Steel DN 100,CMM-PUMP-8BAE9F-001,CMM-PUMP-8BAE9F-001,MAPPED_VERIFIED,DIRECT_ACCEPTED,1.0,VERIFIED_CROSS_CPSE,HUMAN_ACCEPTED_HARMONIZATION,Verified cross-CPSE harmonization mapping supported by Phase 7 human review ACCEPT on candidate CAN-014165 with cryptographic evidence hash ...,CAN-014165,VALIDATED_COMPATIBLE,ACCEPT,,PUMP|DUPLEX_STEEL|DN_100|IS_1520
7820ae66-ee6d-5c54-9a03-9b3923733829,NTPC,NTPC-200056,SPARE-XLPE Cable 415V 100A XLPE Insulated,CMM-ELECTR-4D158E-001,CMM-ELECTR-4D158E-001,MAPPED_VERIFIED,DIRECT_ACCEPTED,1.0,VERIFIED_CROSS_CPSE,HUMAN_ACCEPTED_HARMONIZATION,Verified cross-CPSE harmonization mapping supported by Phase 7 human review ACCEPT on candidate CAN-014315 with cryptographic evidence hash ...,CAN-014315,VALIDATED_COMPATIBLE,ACCEPT,,ELECTRICAL|CABLE|XLPE|XLPE_INSULATED|415V_100A|1000_M|IS_7098
942923da-3297-561c-b834-8da3d1f2e17e,NTPC,NTPC-200057,M10 x 40 Socket Head Screw - Grade B7,CMM-FASTNR-A82C5B-001,CMM-FASTNR-A82C5B-001,REVIEW_REQUIRED,DIRECT_ACCEPTED,0.6,REVIEW_REQUIRED,AMBIGUOUS_ATTRIBUTE_HOLD,Attribute ambiguity in upstream candidate group; human review required.,,REVIEW_REQUIRED,,,FASTENER|GRADE_B7|M10_X_40|40_MM|IS_1367
7e1b1565-832f-584b-9a83-fc8317e5024f,NTPC,NTPC-200058,IND.Oil Seal 2 in NBR,CMM-SEALG-C69426-001,CMM-SEALG-C69426-001,MAPPED_VERIFIED,DIRECT_ACCEPTED,1.0,VERIFIED_CROSS_CPSE,HUMAN_ACCEPTED_HARMONIZATION,Verified cross-CPSE harmonization mapping supported by Phase 7 human review ACCEPT on candidate CAN-014882 with cryptographic evidence hash ...,CAN-014882,VALIDATED_COMPATIBLE,ACCEPT,,SEAL_GASKET|LUBRICANT|NBR|2_IN|API_682
9f9c52da-5561-54f7-b4a8-e4ed2d68ac68,NTPC,NTPC-200059,"STORES ITEM Check Valve, ASTM A216 WCB, SIZE 1 in",CMM-VALVE-A923FC-001,CMM-VALVE-A923FC-001,MAPPED_VERIFIED,DIRECT_ACCEPTED,1.0,VERIFIED_CROSS_CPSE,HUMAN_ACCEPTED_HARMONIZATION,Verified cross-CPSE harmonization mapping supported by Phase 7 human review ACCEPT on candidate CAN-015184 with cryptographic evidence hash ...,CAN-015184,VALIDATED_COMPATIBLE,ACCEPT,,VALVE|CHECK_VALVE|ASTM_A216_WCB|1_IN|ASTM_A216_WCB
0e1df149-1535-549c-ad02-e58bb225ba34,NTPC,NTPC-200060,STORES ITEM GLOBE VALVE SS316 4 in,CMM-VALVE-4B0806-001,CMM-VALVE-4B0806-001,MAPPED_VERIFIED,DIRECT_ACCEPTED,1.0,VERIFIED_CROSS_CPSE,HUMAN_ACCEPTED_HARMONIZATION,Verified cross-CPSE harmonization mapping supported by Phase 7 human review ACCEPT on candidate CAN-015514 with cryptographic evidence hash ...,CAN-015514,VALIDATED_COMPATIBLE,ACCEPT,,VALVE|GLOBE_VALVE|STAINLESS_STEEL|SS_316|4_IN|ASME_B1634|EPOXY_COATED
3195fa19-7aed-5747-a0a8-a5f75e1c1611,NTPC,NTPC-200061,SPARE-PIPE SMLS Carbon Steel DN 150,CMM-PIPEF-2B325D-001,CMM-PIPEF-2B325D-001,MAPPED_VERIFIED,DIRECT_ACCEPTED,1.0,VERIFIED_CROSS_CPSE,HUMAN_ACCEPTED_HARMONIZATION,Verified cross-CPSE harmonization mapping supported by Phase 7 human review ACCEPT on candidate CAN-015751 with cryptographic evidence hash ...,CAN-015751,VALIDATED_COMPATIBLE,ACCEPT,,PIPE_FITTING|PIPE|CARBON_STEEL|CARBON_STEEL|DN_150|3_M|80_MM|ASTM_A106|PTFE_LINED
3069d752-6121-5c0c-b52d-04ea0b99cb36,NTPC,NTPC-200062,STORES ITEM DN 100 Equal Tee - Carbon Steel,CMM-PIPEF-ED1BE7-001,CMM-PIPEF-ED1BE7-001,MAPPED_VERIFIED,DIRECT_ACCEPTED,1.0,VERIFIED_CROSS_CPSE,HUMAN_ACCEPTED_HARMONIZATION,Verified cross-CPSE harmonization mapping supported by Phase 7 human review ACCEPT on candidate CAN-016203 with cryptographic evidence hash ...,CAN-016203,VALIDATED_COMPATIBLE,ACCEPT,,PIPE_FITTING|CARBON_STEEL|CARBON_STEEL|DN_100|3_M|DN_100|API_5L|PTFE_LINED
8d6e003f-d08c-5e57-ba16-0ff3018c5563,NTPC,NTPC-200063,SPARE-Mechanical Seal NBR 2 in,CMM-SEALG-E00177-001,CMM-SEALG-E00177-001,REVIEW_REQUIRED,DIRECT_ACCEPTED,0.6,REVIEW_REQUIRED,AMBIGUOUS_ATTRIBUTE_HOLD,Attribute ambiguity in upstream candidate group; human review required.,,REVIEW_REQUIRED,,,SEAL_GASKET|NBR|2_IN|API_682
e4cb063f-152c-5f0c-862f-92562ccc9fde,NTPC,NTPC-200064,Ball Bearing 30205 Stainless Steel,CMM-BEARNG-491461-001,CMM-BEARNG-491461-001,REVIEW_REQUIRED,DIRECT_ACCEPTED,0.6,REVIEW_REQUIRED,AMBIGUOUS_ATTRIBUTE_HOLD,Attribute ambiguity in upstream candidate group; human review required.,,REVIEW_REQUIRED,,,BEARING|BALL_BEARING|STAINLESS_STEEL|STAINLESS_STEEL|30205|ISO_15
dda56111-04da-5377-b91e-9d7b1a6e04cc,NTPC,NTPC-200065,"STORES ITEM OIL SEAL, NBR, SIZE 2 in",CMM-SEALG-067879-001,CMM-SEALG-067879-001,MAPPED_VERIFIED,DIRECT_ACCEPTED,1.0,VERIFIED_CROSS_CPSE,HUMAN_ACCEPTED_HARMONIZATION,Verified cross-CPSE harmonization mapping supported by Phase 7 human review ACCEPT on candidate CAN-016622 with cryptographic evidence hash ...,CAN-016622,VALIDATED_COMPATIBLE,ACCEPT,,SEAL_GASKET|LUBRICANT|NBR|2_IN|2_IN|API_682|ZINC_PLATED
c35488aa-1ced-588d-a8d3-5f6f9b4642cd,NTPC,NTPC-200066,O-Ring 50 mm Graphite,CMM-SEALG-80EA46-001,CMM-SEALG-80EA46-001,MAPPED_VERIFIED,DIRECT_ACCEPTED,1.0,VERIFIED_CROSS_CPSE,HUMAN_ACCEPTED_HARMONIZATION,Verified cross-CPSE harmonization mapping supported by Phase 7 human review ACCEPT on candidate CAN-016984 with cryptographic evidence hash ...,CAN-016984,VALIDATED_COMPATIBLE,ACCEPT,,SEAL_GASKET|GRAPHITE|50_MM|50_MM|PTFE_LINED
e0bde535-17e9-5c6e-84f0-6a2de0c85202,NTPC,NTPC-200067,STORES ITEM FLANGE 2 in ASTM A106 Gr B,CMM-PIPEF-68A5E4-001,CMM-PIPEF-68A5E4-001,MAPPED_VERIFIED,DIRECT_ACCEPTED,1.0,VERIFIED_CROSS_CPSE,HUMAN_ACCEPTED_HARMONIZATION,Verified cross-CPSE harmonization mapping supported by Phase 7 human review ACCEPT on candidate CAN-017103 with cryptographic evidence hash ...,CAN-017103,VALIDATED_COMPATIBLE,ACCEPT,,PIPE_FITTING|FLANGE|ASTM_A106_GRB|2_IN|1000_MM|80_MM|ASTM_A106|EPOXY_COATED
7838e04b-650c-5b08-b4ce-2ed4e275c0d1,NTPC,NTPC-200068,"IND.HEX NUT, Carbon Steel, SIZE M20 x 80",CMM-FASTNR-7426EC-001,CMM-FASTNR-7426EC-001,MAPPED_VERIFIED,DIRECT_ACCEPTED,1.0,VERIFIED_CROSS_CPSE,HUMAN_ACCEPTED_HARMONIZATION,Verified cross-CPSE harmonization mapping supported by Phase 7 human review ACCEPT on candidate CAN-017375 with cryptographic evidence hash ...,CAN-017375,VALIDATED_COMPATIBLE,ACCEPT,,FASTENER|NUT|HEX|CARBON_STEEL|CARBON_STEEL|M20_X_80|80_MM
d629df69-c4e0-5ae0-8238-0ba850408160,NTPC,NTPC-200069,SPARE-Switchgear Panel 3C x 95 sq mm Copper,CMM-ELECTR-65A8AE-001,CMM-ELECTR-65A8AE-001,MAPPED_VERIFIED,DIRECT_ACCEPTED,1.0,VERIFIED_CROSS_CPSE,HUMAN_ACCEPTED_HARMONIZATION,Verified cross-CPSE harmonization mapping supported by Phase 7 human review ACCEPT on candidate CAN-017524 with cryptographic evidence hash ...,CAN-017524,VALIDATED_COMPATIBLE,ACCEPT,,ELECTRICAL|COPPER|3C_X_95_SQ_MM|IS_2026
09c6c773-6895-5eb1-a439-5f355c860f92,NTPC,NTPC-200070,"INDUCTION MOTOR, Aluminium, SIZE 415V 100A",CMM-ELECTR-42D24C-001,CMM-ELECTR-42D24C-001,REVIEW_REQUIRED,DIRECT_ACCEPTED,0.6,REVIEW_REQUIRED,AMBIGUOUS_ATTRIBUTE_HOLD,Attribute ambiguity in upstream candidate group; human review required.,,REVIEW_REQUIRED,,,ELECTRICAL|ALUMINIUM|415V_100A|500_M|IEC_60502
72f13d18-dddc-5faf-9f82-3bb9c33732d4,NTPC,NTPC-200071,Pressure Gauge Brass 4-20 mA,CMM-INSTRU-DE763E-001,CMM-INSTRU-DE763E-001,MAPPED_VERIFIED,DIRECT_ACCEPTED,1.0,VERIFIED_CROSS_CPSE,HUMAN_ACCEPTED_HARMONIZATION,Verified cross-CPSE harmonization mapping supported by Phase 7 human review ACCEPT on candidate CAN-017885 with cryptographic evidence hash ...,CAN-017885,VALIDATED_COMPATIBLE,ACCEPT,,INSTRUMENTATION|PRESSURE_GAUGE|BRASS|4_20_MA
86b2909a-63ac-5c30-bcdc-12ac28f4e646,NTPC,NTPC-200072,"Equal Tee, Alloy Steel, SIZE DN 50",CMM-PIPEF-358D39-001,CMM-PIPEF-358D39-001,MAPPED_VERIFIED,DIRECT_ACCEPTED,1.0,VERIFIED_CROSS_CPSE,HUMAN_ACCEPTED_HARMONIZATION,Verified cross-CPSE harmonization mapping supported by Phase 7 human review ACCEPT on candidate CAN-018003 with cryptographic evidence hash ...,CAN-018003,VALIDATED_COMPATIBLE,ACCEPT,,PIPE_FITTING|ALLOY_STEEL|DN_50|DN_50|ASME_B165
d6c0cecb-c607-5a54-9710-a7d1f5deca9c,NTPC,NTPC-200073,STORES ITEM Centrifugal Pump Carbon Steel DN 80,CMM-PUMP-9080C7-001,CMM-PUMP-9080C7-001,MAPPED_VERIFIED,DIRECT_ACCEPTED,1.0,VERIFIED_CROSS_CPSE,HUMAN_ACCEPTED_HARMONIZATION,Verified cross-CPSE harmonization mapping supported by Phase 7 human review ACCEPT on candidate CAN-018092 with cryptographic evidence hash ...,CAN-018092,VALIDATED_COMPATIBLE,ACCEPT,,PUMP|CENTRIFUGAL_PUMP|CARBON_STEEL|CARBON_STEEL|DN_80|API_610
fb4ae85a-fe8e-5deb-bfe8-d8f947a96d6d,NTPC,NTPC-200074,IND.Spiral Wound Gasket 50 mm Viton,CMM-SEALG-AB281C-001,CMM-SEALG-AB281C-001,MAPPED_VERIFIED,DIRECT_ACCEPTED,1.0,VERIFIED_CROSS_CPSE,HUMAN_ACCEPTED_HARMONIZATION,Verified cross-CPSE harmonization mapping supported by Phase 7 human review ACCEPT on candidate CAN-018245 with cryptographic evidence hash ...,CAN-018245,VALIDATED_COMPATIBLE,ACCEPT,,SEAL_GASKET|SPIRAL_WOUND_GASKET|VITON|50_MM|50_MM
cce7186c-4734-55ff-aef8-849f002689c7,NTPC,NTPC-200075,415V 100A Circuit Breaker - XLPE Insulated,CMM-ELECTR-9FEFD2-001,CMM-ELECTR-9FEFD2-001,MAPPED_VERIFIED,DIRECT_ACCEPTED,1.0,VERIFIED_CROSS_CPSE,HUMAN_ACCEPTED_HARMONIZATION,Verified cross-CPSE harmonization mapping supported by Phase 7 human review ACCEPT on candidate CAN-018425 with cryptographic evidence hash ...,CAN-018425,VALIDATED_COMPATIBLE,ACCEPT,,ELECTRICAL|XLPE|XLPE_INSULATED|415V_100A|500_M|IEC_60502
86d88fe7-b7d6-5023-b3e0-807613ae04b0,NTPC,NTPC-200076,STORES ITEM Roller Bearing Stainless Steel 30205,CMM-BEARNG-300A61-001,CMM-BEARNG-300A61-001,REVIEW_REQUIRED,DIRECT_ACCEPTED,0.6,REVIEW_REQUIRED,AMBIGUOUS_ATTRIBUTE_HOLD,Attribute ambiguity in upstream candidate group; human review required.,,REVIEW_REQUIRED,,,BEARING|STAINLESS_STEEL|STAINLESS_STEEL|30205
71a824ba-8b72-5a04-a15a-59d9923db047,NTPC,NTPC-200077,3C x 95 sq mm XLPE Cable - Copper,CMM-ELECTR-266707-001,CMM-ELECTR-266707-001,MAPPED_VERIFIED,DIRECT_ACCEPTED,1.0,VERIFIED_CROSS_CPSE,HUMAN_ACCEPTED_HARMONIZATION,Verified cross-CPSE harmonization mapping supported by Phase 7 human review ACCEPT on candidate CAN-018874 with cryptographic evidence hash ...,CAN-018874,VALIDATED_COMPATIBLE,ACCEPT,,ELECTRICAL|CABLE|XLPE|COPPER|3C_X_95_SQ_MM|1000_M|IS_2026
8ba1151b-3ec6-5c4d-8757-c71ecd1d4b2e,NTPC,NTPC-200078,SPARE-Roller Bearing AISI 52100 22208,CMM-BEARNG-75E845-001,CMM-BEARNG-75E845-001,REVIEW_REQUIRED,DIRECT_ACCEPTED,0.6,REVIEW_REQUIRED,AMBIGUOUS_ATTRIBUTE_HOLD,Attribute ambiguity in upstream candidate group; human review required.,,REVIEW_REQUIRED,,,BEARING|AISI_52100|22208
9d4582bf-550f-5992-9cba-cff96fe87ba7,NTPC,NTPC-200079,STORES ITEM M20 x 80 HEX NUT - Carbon Steel,CMM-FASTNR-B017A6-001,CMM-FASTNR-B017A6-001,MAPPED_VERIFIED,DIRECT_ACCEPTED,1.0,VERIFIED_CROSS_CPSE,HUMAN_ACCEPTED_HARMONIZATION,Verified cross-CPSE harmonization mapping supported by Phase 7 human review ACCEPT on candidate CAN-019203 with cryptographic evidence hash ...,CAN-019203,VALIDATED_COMPATIBLE,ACCEPT,,FASTENER|NUT|HEX|CARBON_STEEL|CARBON_STEEL|M20_X_80|80_MM|ASME_B182
bdb7d961-2b0b-59bb-8c10-2f23977f3f97,NTPC,NTPC-200080,SPARE-CENT. PUMP 2 in x 1.5 in Carbon Steel,CMM-PUMP-CF08C1-001,CMM-PUMP-CF08C1-001,MAPPED_VERIFIED,DIRECT_ACCEPTED,1.0,VERIFIED_CROSS_CPSE,HUMAN_ACCEPTED_HARMONIZATION,Verified cross-CPSE harmonization mapping supported by Phase 7 human review ACCEPT on candidate CAN-019413 with cryptographic evidence hash ...,CAN-019413,VALIDATED_COMPATIBLE,ACCEPT,,PUMP|CENTRIFUGAL_PUMP|CARBON_STEEL|CARBON_STEEL|2_IN_X_15_IN|API_610
480501f3-4039-5878-87b3-c54f34d6da8d,NTPC,NTPC-200081,"SPARE-BUTTERFLY VALVE, WCB, SIZE 4 in",CMM-VALVE-0728B9-001,CMM-VALVE-0728B9-001,MAPPED_VERIFIED,DIRECT_ACCEPTED,1.0,VERIFIED_CROSS_CPSE,HUMAN_ACCEPTED_HARMONIZATION,Verified cross-CPSE harmonization mapping supported by Phase 7 human review ACCEPT on candidate CAN-019654 with cryptographic evidence hash ...,CAN-019654,VALIDATED_COMPATIBLE,ACCEPT,,VALVE|BUTTERFLY_VALVE|ASTM_A216_WCB|4_IN|API_600|ZINC_PLATED
42fe7099-6846-507b-898c-39affe97469c,NTPC,NTPC-200082,CIRCUIT BREAKER XLPE Insulated 3C x 95 sq mm,CMM-ELECTR-609134-001,CMM-ELECTR-609134-001,MAPPED_VERIFIED,DIRECT_ACCEPTED,1.0,VERIFIED_CROSS_CPSE,HUMAN_ACCEPTED_HARMONIZATION,Verified cross-CPSE harmonization mapping supported by Phase 7 human review ACCEPT on candidate CAN-019955 with cryptographic evidence hash ...,CAN-019955,VALIDATED_COMPATIBLE,ACCEPT,,ELECTRICAL|XLPE|XLPE_INSULATED|3C_X_95_SQ_MM|100_M|IS_2026
c0691443-366c-5fba-9119-6e45c9a776fd,NTPC,NTPC-200083,SPARE-DN 150 BALL VLV - ASTM A351 CF8M,CMM-VALVE-6D7FC6-001,CMM-VALVE-6D7FC6-001,MAPPED_VERIFIED,DIRECT_ACCEPTED,1.0,VERIFIED_CROSS_CPSE,HUMAN_ACCEPTED_HARMONIZATION,Verified cross-CPSE harmonization mapping supported by Phase 7 human review ACCEPT on candidate CAN-020105 with cryptographic evidence hash ...,CAN-020105,VALIDATED_COMPATIBLE,ACCEPT,,VALVE|BALL_VALVE|ASTM_A351_CF8M|DN_150|API_602|EPOXY_COATED
07b48ec2-d754-55f8-80af-83a01708ff4c,NTPC,NTPC-200084,STORES ITEM 4-20 mA Level Transmitter - Brass,CMM-INSTRU-F3707C-001,CMM-INSTRU-F3707C-001,REVIEW_REQUIRED,DIRECT_ACCEPTED,0.6,REVIEW_REQUIRED,AMBIGUOUS_ATTRIBUTE_HOLD,Attribute ambiguity in upstream candidate group; human review required.,,REVIEW_REQUIRED,,,INSTRUMENTATION|BRASS|4_20_MA|IEC_60529
13497d0b-d100-5e0c-ab21-ce083210b772,NTPC,NTPC-200085,Thrust Bearing 6304 AISI 52100,CMM-BEARNG-67CA99-001,CMM-BEARNG-67CA99-001,REVIEW_REQUIRED,DIRECT_ACCEPTED,0.6,REVIEW_REQUIRED,AMBIGUOUS_ATTRIBUTE_HOLD,Attribute ambiguity in upstream candidate group; human review required.,,REVIEW_REQUIRED,,,BEARING|AISI_52100|6304
bb70f5ec-fad9-5067-9462-c0e16db1d755,NTPC,NTPC-200086,Ball Bearing 6208 Stainless Steel,CMM-BEARNG-0669B8-001,CMM-BEARNG-0669B8-001,MAPPED_VERIFIED,DIRECT_ACCEPTED,1.0,VERIFIED_CROSS_CPSE,HUMAN_ACCEPTED_HARMONIZATION,Verified cross-CPSE harmonization mapping supported by Phase 7 human review ACCEPT on candidate CAN-021452 with cryptographic evidence hash ...,CAN-021452,VALIDATED_COMPATIBLE,ACCEPT,,BEARING|BALL_BEARING|STAINLESS_STEEL|STAINLESS_STEEL|6208|ISO_15
dadefe35-a834-5395-8478-575db413d074,NTPC,NTPC-200087,Hex Bolt M20 x 80 Grade B7,CMM-FASTNR-0B0423-001,CMM-FASTNR-0B0423-001,MAPPED_VERIFIED,DIRECT_ACCEPTED,1.0,VERIFIED_CROSS_CPSE,HUMAN_ACCEPTED_HARMONIZATION,Verified cross-CPSE harmonization mapping supported by Phase 7 human review ACCEPT on candidate CAN-021902 with cryptographic evidence hash ...,CAN-021902,VALIDATED_COMPATIBLE,ACCEPT,,FASTENER|BOLT|HEX|GRADE_B7|M20_X_80|80_MM|ASME_B182
dbb460a7-cb25-5f74-a09b-8b1e8ee1823c,NTPC,NTPC-200088,STORES ITEM Centrifugal Pump Carbon Steel DN 100,CMM-PUMP-BA45D5-001,CMM-PUMP-BA45D5-001,MAPPED_VERIFIED,DIRECT_ACCEPTED,1.0,VERIFIED_CROSS_CPSE,HUMAN_ACCEPTED_HARMONIZATION,Verified cross-CPSE harmonization mapping supported by Phase 7 human review ACCEPT on candidate CAN-022025 with cryptographic evidence hash ...,CAN-022025,VALIDATED_COMPATIBLE,ACCEPT,,PUMP|CENTRIFUGAL_PUMP|CARBON_STEEL|CARBON_STEEL|DN_100|IS_1520|ZINC_PLATED
c069ff40-7af6-54c7-b782-1b612d85b982,NTPC,NTPC-200089,"SPARE-Vertical Turbine Pump, Duplex Steel, SIZE DN 80",CMM-PUMP-13DAB4-001,CMM-PUMP-13DAB4-001,MAPPED_VERIFIED,DIRECT_ACCEPTED,1.0,VERIFIED_CROSS_CPSE,HUMAN_ACCEPTED_HARMONIZATION,Verified cross-CPSE harmonization mapping supported by Phase 7 human review ACCEPT on candidate CAN-022204 with cryptographic evidence hash ...,CAN-022204,VALIDATED_COMPATIBLE,ACCEPT,,PUMP|DUPLEX_STEEL|DN_80|ISO_2858|VERTICAL
8755c724-604c-5cdd-8fa7-04739f76d8f3,NTPC,NTPC-200090,Reducer IS 2062 DN 80,CMM-PIPEF-D67C66-001,CMM-PIPEF-D67C66-001,MAPPED_VERIFIED,DIRECT_ACCEPTED,1.0,VERIFIED_CROSS_CPSE,HUMAN_ACCEPTED_HARMONIZATION,Verified cross-CPSE harmonization mapping supported by Phase 7 human review ACCEPT on candidate CAN-022355 with cryptographic evidence hash ...,CAN-022355,VALIDATED_COMPATIBLE,ACCEPT,,PIPE_FITTING|IS_2062|DN_80|6_M|100_MM|ASTM_A106|PTFE_LINED
dabd0ccd-0c1f-5fb4-8344-c064076fe554,NTPC,NTPC-200091,STORES ITEM Ball Valve 6 in SS304,CMM-VALVE-1D70F9-001,CMM-VALVE-1D70F9-001,MAPPED_VERIFIED,DIRECT_ACCEPTED,1.0,VERIFIED_CROSS_CPSE,HUMAN_ACCEPTED_HARMONIZATION,Verified cross-CPSE harmonization mapping supported by Phase 7 human review ACCEPT on candidate CAN-022773 with cryptographic evidence hash ...,CAN-022773,VALIDATED_COMPATIBLE,ACCEPT,,VALVE|BALL_VALVE|STAINLESS_STEEL|SS_304|6_IN|6_IN|API_602
9e072b46-6c76-5bba-b623-ecfad68a6819,NTPC,NTPC-200092,CONTROL VALVE DN 50 ASTM A351 CF8M,CMM-VALVE-0BF561-001,CMM-VALVE-0BF561-001,MAPPED_VERIFIED,DIRECT_ACCEPTED,1.0,VERIFIED_CROSS_CPSE,HUMAN_ACCEPTED_HARMONIZATION,Verified cross-CPSE harmonization mapping supported by Phase 7 human review ACCEPT on candidate CAN-023044 with cryptographic evidence hash ...,CAN-023044,VALIDATED_COMPATIBLE,ACCEPT,,VALVE|ASTM_A351_CF8M|DN_50|DN_50|ASTM_A351
6df11a20-9ef3-5c08-9a53-1cd97b6d2a8a,NTPC,NTPC-200093,SPARE-Anchor Bolt M20 x 80 SS304,CMM-FASTNR-79903B-001,CMM-FASTNR-79903B-001,MAPPED_VERIFIED,DIRECT_ACCEPTED,1.0,VERIFIED_CROSS_CPSE,HUMAN_ACCEPTED_HARMONIZATION,Verified cross-CPSE harmonization mapping supported by Phase 7 human review ACCEPT on candidate CAN-023643 with cryptographic evidence hash ...,CAN-023643,VALIDATED_COMPATIBLE,ACCEPT,,FASTENER|BOLT|STAINLESS_STEEL|SS_304|M20_X_80|80_MM
0ffa8261-107a-5863-b06e-7900c5587344,NTPC,NTPC-200094,"Anchor Bolt, Carbon Steel, SIZE M24 x 100",CMM-FASTNR-42CB56-001,CMM-FASTNR-42CB56-001,MAPPED_VERIFIED,DIRECT_ACCEPTED,1.0,VERIFIED_CROSS_CPSE,HUMAN_ACCEPTED_HARMONIZATION,Verified cross-CPSE harmonization mapping supported by Phase 7 human review ACCEPT on candidate CAN-024125 with cryptographic evidence hash ...,CAN-024125,VALIDATED_COMPATIBLE,ACCEPT,,FASTENER|BOLT|CARBON_STEEL|CARBON_STEEL|M24_X_100|100_MM
880aaa03-b485-5b28-aed3-3d12cf3ee9c6,NTPC,NTPC-200095,"SPARE-TEMPERATURE TRANSMITTER, Brass, SIZE 0-100 bar",CMM-INSTRU-027BD0-001,CMM-INSTRU-027BD0-001,REVIEW_REQUIRED,DIRECT_ACCEPTED,0.6,REVIEW_REQUIRED,AMBIGUOUS_ATTRIBUTE_HOLD,Attribute ambiguity in upstream candidate group; human review required.,,REVIEW_REQUIRED,,,INSTRUMENTATION|BRASS|0_100_BAR|ASME_B40100
36e961e8-a5c5-5581-8c79-81170fc1620a,NTPC,NTPC-200096,Level Transmitter Brass 0-500 Deg C,CMM-INSTRU-C7F4D5-001,CMM-INSTRU-C7F4D5-001,REVIEW_REQUIRED,DIRECT_ACCEPTED,0.6,REVIEW_REQUIRED,AMBIGUOUS_ATTRIBUTE_HOLD,Attribute ambiguity in upstream candidate group; human review required.,,REVIEW_REQUIRED,,,INSTRUMENTATION|BRASS|0_500_DEG_C
b53660f2-a0e0-5e25-9917-b3499a6f7558,NTPC,NTPC-200097,"STORES ITEM PRESSURE GAUGE, Brass, SIZE 0-100 bar",CMM-INSTRU-22FF74-001,CMM-INSTRU-22FF74-001,MAPPED_VERIFIED,DIRECT_ACCEPTED,1.0,VERIFIED_CROSS_CPSE,HUMAN_ACCEPTED_HARMONIZATION,Verified cross-CPSE harmonization mapping supported by Phase 7 human review ACCEPT on candidate CAN-024635 with cryptographic evidence hash ...,CAN-024635,VALIDATED_COMPATIBLE,ACCEPT,,INSTRUMENTATION|PRESSURE_GAUGE|BRASS|0_100_BAR|IEC_60529
d0eeeaf6-32bb-5d19-b021-b84d7bdb3704,NTPC,NTPC-200098,SPARE-65 mm Oil Seal - Graphite,CMM-SEALG-7A9F00-001,CMM-SEALG-7A9F00-001,MAPPED_VERIFIED,DIRECT_ACCEPTED,1.0,VERIFIED_CROSS_CPSE,HUMAN_ACCEPTED_HARMONIZATION,Verified cross-CPSE harmonization mapping supported by Phase 7 human review ACCEPT on candidate CAN-025084 with cryptographic evidence hash ...,CAN-025084,VALIDATED_COMPATIBLE,ACCEPT,,SEAL_GASKET|LUBRICANT|GRAPHITE|65_MM|65_MM|ASME_B1620
6e083b7f-f37d-5751-bf9c-8344038f949f,NTPC,NTPC-200099,Flow Meter SS316 4-20 mA,CMM-INSTRU-1E073D-001,CMM-INSTRU-1E073D-001,REVIEW_REQUIRED,DIRECT_ACCEPTED,0.6,REVIEW_REQUIRED,AMBIGUOUS_ATTRIBUTE_HOLD,Attribute ambiguity in upstream candidate group; human review required.,,REVIEW_REQUIRED,,,INSTRUMENTATION|STAINLESS_STEEL|SS_316|4_20_MA|ASME_B40100
1b210112-0b56-558f-a7af-5d38c8d72d6b,NTPC,NTPC-200100,IND.2 in SPIRAL WOUND GASKET - Viton,CMM-SEALG-F69928-001,CMM-SEALG-F69928-001,MAPPED_VERIFIED,DIRECT_ACCEPTED,1.0,VERIFIED_CROSS_CPSE,HUMAN_ACCEPTED_HARMONIZATION,Verified cross-CPSE harmonization mapping supported by Phase 7 human review ACCEPT on candidate CAN-025534 with cryptographic evidence hash ...,CAN-025534,VALIDATED_COMPATIBLE,ACCEPT,,SEAL_GASKET|SPIRAL_WOUND_GASKET|VITON|2_IN|2_IN|ASME_B1620|ZINC_PLATED
a9afaa70-8593-52e5-8bbb-d8c5d7bff119,NTPC,NTPC-200101,"O-Ring, PTFE, SIZE 65 mm",CMM-SEALG-39168C-001,CMM-SEALG-39168C-001,MAPPED_VERIFIED,DIRECT_ACCEPTED,1.0,VERIFIED_CROSS_CPSE,HUMAN_ACCEPTED_HARMONIZATION,Verified cross-CPSE harmonization mapping supported by Phase 7 human review ACCEPT on candidate CAN-025712 with cryptographic evidence hash ...,CAN-025712,VALIDATED_COMPATIBLE,ACCEPT,,SEAL_GASKET|PTFE|65_MM|65_MM|PTFE
041cfd0d-e24d-5cb2-af08-da16d43aa77b,NTPC,NTPC-200102,6208 BALL BRG - Stainless Steel,CMM-BEARNG-0FD5BF-001,CMM-BEARNG-0FD5BF-001,REVIEW_REQUIRED,DIRECT_ACCEPTED,0.6,REVIEW_REQUIRED,AMBIGUOUS_ATTRIBUTE_HOLD,Attribute ambiguity in upstream candidate group; human review required.,,REVIEW_REQUIRED,,,BEARING|BALL_BEARING|STAINLESS_STEEL|STAINLESS_STEEL|6208
6841a968-0061-547e-ac90-d9a5cb267f75,NTPC,NTPC-200103,Induction Motor Aluminium 415V 100A,CMM-ELECTR-62038E-001,CMM-ELECTR-62038E-001,MAPPED_VERIFIED,DIRECT_ACCEPTED,1.0,VERIFIED_CROSS_CPSE,HUMAN_ACCEPTED_HARMONIZATION,Verified cross-CPSE harmonization mapping supported by Phase 7 human review ACCEPT on candidate CAN-026197 with cryptographic evidence hash ...,CAN-026197,VALIDATED_COMPATIBLE,ACCEPT,,ELECTRICAL|ALUMINIUM|415V_100A|IS_13947
2d31b749-94a2-5621-ac3f-b3edc682b21f,NTPC,NTPC-200104,STORES ITEM 100 mm OIL SEAL - Viton,CMM-SEALG-96ED36-001,CMM-SEALG-96ED36-001,MAPPED_VERIFIED,DIRECT_ACCEPTED,1.0,VERIFIED_CROSS_CPSE,HUMAN_ACCEPTED_HARMONIZATION,Verified cross-CPSE harmonization mapping supported by Phase 7 human review ACCEPT on candidate CAN-026343 with cryptographic evidence hash ...,CAN-026343,VALIDATED_COMPATIBLE,ACCEPT,,SEAL_GASKET|LUBRICANT|VITON|100_MM|API_682
f4e39e07-f9af-5c3f-9419-877c0d0a9a94,NTPC,NTPC-200105,SPARE-2 in x 1.5 in Submersible Pump - Carbon Steel 150#,CMM-PUMP-C134B9-001,CMM-PUMP-C134B9-001,MAPPED_STANDALONE,STANDALONE,1.0,STANDALONE_IDENTITY,STANDALONE_CANONICAL_SYNTHESIS,1-to-1 deterministic identity mapping to governed Phase 8 standalone CMM candidate. Does not imply cross-CPSE equivalence or harmonization.,,,,,PUMP|CARBON_STEEL|CARBON_STEEL|2_IN_X_15_IN|2_IN_X_15_IN|IS_1520
5fb77a58-3e37-5168-a1c2-bfa4779a746d,NTPC,NTPC-200106,1 in Globe Valve - WCB 600#,CMM-VALVE-5D3ADC-001,CMM-VALVE-5D3ADC-001,MAPPED_VERIFIED,DIRECT_ACCEPTED,1.0,VERIFIED_CROSS_CPSE,HUMAN_ACCEPTED_HARMONIZATION,Verified cross-CPSE harmonization mapping supported by Phase 7 human review ACCEPT on candidate CAN-026521 with cryptographic evidence hash ...,CAN-026521,VALIDATED_COMPATIBLE,ACCEPT,,VALVE|GLOBE_VALVE|ASTM_A216_WCB|1_IN|1_IN|ASME_B1634
65c3c2a2-ce3c-5828-9347-705d7e14560e,NTPC,NTPC-200107,IND.22208 Taper Roller Bearing - Chrome Steel 600#,CMM-BEARNG-39C22B-001,CMM-BEARNG-39C22B-001,REVIEW_REQUIRED,DIRECT_ACCEPTED,0.6,REVIEW_REQUIRED,AMBIGUOUS_ATTRIBUTE_HOLD,Attribute ambiguity in upstream candidate group; human review required.,,REVIEW_REQUIRED,,,BEARING|CHROME_STEEL|CHROME_STEEL|22208
a2611c51-943e-5e61-80a9-f3240e1039cc,NTPC,NTPC-200108,"STORES ITEM BRG BALL, AISI 52100, SIZE 6304 150#",CMM-BEARNG-0C2D83-001,CMM-BEARNG-0C2D83-001,MAPPED_VERIFIED,DIRECT_ACCEPTED,1.0,VERIFIED_CROSS_CPSE,HUMAN_ACCEPTED_HARMONIZATION,Verified cross-CPSE harmonization mapping supported by Phase 7 human review ACCEPT on candidate CAN-026641 with cryptographic evidence hash ...,CAN-026641,VALIDATED_COMPATIBLE,ACCEPT,,BEARING|BALL_BEARING|AISI_52100|6304
35075ed2-8736-55c3-a37a-d43c12678e6d,NTPC,NTPC-200109,"GATE VLV, ASTM A351 CF8M, SIZE 1 in 300#",CMM-VALVE-1E20BF-001,CMM-VALVE-1E20BF-001,MAPPED_STANDALONE,STANDALONE,1.0,STANDALONE_IDENTITY,STANDALONE_CANONICAL_SYNTHESIS,1-to-1 deterministic identity mapping to governed Phase 8 standalone CMM candidate. Does not imply cross-CPSE equivalence or harmonization.,,,,,VALVE|GATE_VALVE|ASTM_A351_CF8M|1_IN|1_IN|API_602
876d0f10-2d11-5fbc-a4f9-95edf34149de,NTPC,NTPC-200110,"STORES ITEM Gate Valve, WCB, SIZE DN 50 300#",CMM-VALVE-8913B6-001,CMM-VALVE-8913B6-001,MAPPED_VERIFIED,DIRECT_ACCEPTED,1.0,VERIFIED_CROSS_CPSE,HUMAN_ACCEPTED_HARMONIZATION,Verified cross-CPSE harmonization mapping supported by Phase 7 human review ACCEPT on candidate CAN-026881 with cryptographic evidence hash ...,CAN-026881,VALIDATED_COMPATIBLE,ACCEPT,,VALVE|GATE_VALVE|ASTM_A216_WCB|DN_50|API_598
b058b275-e615-5efa-a19a-93f11c90e0ee,NTPC,NTPC-200111,IND.Gear Pump 300# Cast Iron DN 80,CMM-PUMP-BBD3FB-001,CMM-PUMP-BBD3FB-001,MAPPED_VERIFIED,DIRECT_ACCEPTED,1.0,VERIFIED_CROSS_CPSE,HUMAN_ACCEPTED_HARMONIZATION,Verified cross-CPSE harmonization mapping supported by Phase 7 human review ACCEPT on candidate CAN-027061 with cryptographic evidence hash ...,CAN-027061,VALIDATED_COMPATIBLE,ACCEPT,,PUMP|CAST_IRON|DN_80|DN_80|ISO_2858|CAST
238dd66b-6e88-5017-a06c-be4be370f38f,NTPC,NTPC-200112,"SPARE-ANCHOR BOLT, Alloy Steel, SIZE M24 x 100 600#",CMM-FASTNR-A037B5-001,CMM-FASTNR-A037B5-001,MAPPED_STANDALONE,STANDALONE,1.0,STANDALONE_IDENTITY,STANDALONE_CANONICAL_SYNTHESIS,1-to-1 deterministic identity mapping to governed Phase 8 standalone CMM candidate. Does not imply cross-CPSE equivalence or harmonization.,,,,,FASTENER|BOLT|ALLOY_STEEL|M24_X_100|100_MM|ZINC_PLATED
be2d424d-649d-58c3-9613-f51643bcaf05,NTPC,NTPC-200113,IND.Flow Meter 300# SS304 4-20 mA,CMM-INSTRU-77851D-001,CMM-INSTRU-77851D-001,MAPPED_VERIFIED,DIRECT_ACCEPTED,1.0,VERIFIED_CROSS_CPSE,HUMAN_ACCEPTED_HARMONIZATION,Verified cross-CPSE harmonization mapping supported by Phase 7 human review ACCEPT on candidate CAN-027631 with cryptographic evidence hash ...,CAN-027631,VALIDATED_COMPATIBLE,ACCEPT,,INSTRUMENTATION|STAINLESS_STEEL|SS_304|4_20_MA
a1bcf2e1-1eaa-55fd-b865-cf6e777af89e,NTPC,NTPC-200114,Socket Head Screw 150# Grade 8.8 M12 x 50,CMM-FASTNR-BAA11F-001,CMM-FASTNR-BAA11F-001,MAPPED_STANDALONE,STANDALONE,1.0,STANDALONE_IDENTITY,STANDALONE_CANONICAL_SYNTHESIS,1-to-1 deterministic identity mapping to governed Phase 8 standalone CMM candidate. Does not imply cross-CPSE equivalence or harmonization.,,,,,FASTENER|GRADE_88|M12_X_50|50_MM|IS_1367|ZINC_PLATED
f27dab2c-2b2b-5d3e-9c6c-50d91d833f7b,NTPC,NTPC-200115,IND.WELDED PIPE 150# SS316L DN 50,CMM-PIPEF-A71D7A-001,CMM-PIPEF-A71D7A-001,MAPPED_VERIFIED,DIRECT_ACCEPTED,1.0,VERIFIED_CROSS_CPSE,HUMAN_ACCEPTED_HARMONIZATION,Verified cross-CPSE harmonization mapping supported by Phase 7 human review ACCEPT on candidate CAN-028141 with cryptographic evidence hash ...,CAN-028141,VALIDATED_COMPATIBLE,ACCEPT,,PIPE_FITTING|PIPE|STAINLESS_STEEL|SS_316L|DN_50|12_M|DN_50|API_5L|EPOXY_COATED|WELDED
8072923b-514a-519b-a115-354ebd98ac9b,NTPC,NTPC-200116,IND.Flange 300# SS316L DN 50,CMM-PIPEF-9AEB33-001,CMM-PIPEF-9AEB33-001,MAPPED_VERIFIED,DIRECT_ACCEPTED,1.0,VERIFIED_CROSS_CPSE,HUMAN_ACCEPTED_HARMONIZATION,Verified cross-CPSE harmonization mapping supported by Phase 7 human review ACCEPT on candidate CAN-028501 with cryptographic evidence hash ...,CAN-028501,VALIDATED_COMPATIBLE,ACCEPT,,PIPE_FITTING|FLANGE|STAINLESS_STEEL|SS_316L|DN_50|DN_50|ASME_B165|EPOXY_COATED
d3767dba-c7af-52f9-a724-708831b5ddfe,NTPC,NTPC-200117,"THRUST BEARING, AISI 52100, SIZE 22208 600#",CMM-BEARNG-75E845-001,CMM-BEARNG-75E845-001,REVIEW_REQUIRED,DIRECT_ACCEPTED,0.6,REVIEW_REQUIRED,AMBIGUOUS_ATTRIBUTE_HOLD,Attribute ambiguity in upstream candidate group; human review required.,,REVIEW_REQUIRED,,,BEARING|AISI_52100|22208
e6c7235e-071b-5c1f-8000-7d55854e350c,NTPC,NTPC-200118,PRESSURE GAUGE 0-100 bar Brass 150#,CMM-INSTRU-1709F9-001,CMM-INSTRU-1709F9-001,MAPPED_VERIFIED,DIRECT_ACCEPTED,1.0,VERIFIED_CROSS_CPSE,HUMAN_ACCEPTED_HARMONIZATION,Verified cross-CPSE harmonization mapping supported by Phase 7 human review ACCEPT on candidate CAN-028861 with cryptographic evidence hash ...,CAN-028861,VALIDATED_COMPATIBLE,ACCEPT,,INSTRUMENTATION|PRESSURE_GAUGE|BRASS|0_100_BAR
ccbfceb9-b6dc-5524-9c48-5699dcaa947f,NTPC,NTPC-200119,"IND.VERTICAL TURBINE PUMP, Duplex Steel, SIZE 2 in x 1.5 in 150#",CMM-PUMP-D3FA3F-001,CMM-PUMP-D3FA3F-001,MAPPED_VERIFIED,DIRECT_ACCEPTED,1.0,VERIFIED_CROSS_CPSE,HUMAN_ACCEPTED_HARMONIZATION,Verified cross-CPSE harmonization mapping supported by Phase 7 human review ACCEPT on candidate CAN-029101 with cryptographic evidence hash ...,CAN-029101,VALIDATED_COMPATIBLE,ACCEPT,,PUMP|DUPLEX_STEEL|2_IN_X_15_IN|ISO_2858|VERTICAL
b500ba54-77c4-5553-887d-b27255c2f12b,NTPC,NTPC-200120,Pressure Gauge 4-20 mA Brass 600#,CMM-INSTRU-FECC9D-001,CMM-INSTRU-FECC9D-001,REVIEW_REQUIRED,DIRECT_ACCEPTED,0.6,REVIEW_REQUIRED,AMBIGUOUS_ATTRIBUTE_HOLD,Attribute ambiguity in upstream candidate group; human review required.,,REVIEW_REQUIRED,,,INSTRUMENTATION|PRESSURE_GAUGE|BRASS|4_20_MA|ASME_B40100
8124a666-edff-54b1-9013-577acf8528d2,NTPC,NTPC-200121,SPARE-M12 x 50 Anchor Bolt - Grade 10.9 300#,CMM-FASTNR-31709C-001,CMM-FASTNR-31709C-001,MAPPED_STANDALONE,STANDALONE,1.0,STANDALONE_IDENTITY,STANDALONE_CANONICAL_SYNTHESIS,1-to-1 deterministic identity mapping to governed Phase 8 standalone CMM candidate. Does not imply cross-CPSE equivalence or harmonization.,,,,,FASTENER|BOLT|GRADE_109|M12_X_50|50_MM
a2df0c35-8b3b-577d-8ea4-1f8048f5412f,NTPC,NTPC-200122,STORES ITEM FLOW METER 0-100 bar SS304 150#,CMM-INSTRU-35F2E5-001,CMM-INSTRU-35F2E5-001,MAPPED_STANDALONE,STANDALONE,1.0,STANDALONE_IDENTITY,STANDALONE_CANONICAL_SYNTHESIS,1-to-1 deterministic identity mapping to governed Phase 8 standalone CMM candidate. Does not imply cross-CPSE equivalence or harmonization.,,,,,INSTRUMENTATION|STAINLESS_STEEL|SS_304|0_100_BAR
ccd30218-b752-5722-8b73-dcd6a495d109,NTPC,NTPC-200123,"Hex Bolt, Grade 10.9, SIZE M16 x 65 150#",CMM-FASTNR-152A8F-001,CMM-FASTNR-152A8F-001,MAPPED_STANDALONE,STANDALONE,1.0,STANDALONE_IDENTITY,STANDALONE_CANONICAL_SYNTHESIS,1-to-1 deterministic identity mapping to governed Phase 8 standalone CMM candidate. Does not imply cross-CPSE equivalence or harmonization.,,,,,FASTENER|BOLT|HEX|GRADE_109|M16_X_65|65_MM|ASTM_A193
2991cc73-81ba-5936-99d7-660456eddfc9,NTPC,NTPC-200124,Induction Motor 300# Aluminium 3C x 95 sq mm,CMM-ELECTR-76536F-001,CMM-ELECTR-76536F-001,MAPPED_VERIFIED,DIRECT_ACCEPTED,1.0,VERIFIED_CROSS_CPSE,HUMAN_ACCEPTED_HARMONIZATION,Verified cross-CPSE harmonization mapping supported by Phase 7 human review ACCEPT on candidate CAN-030781 with cryptographic evidence hash ...,CAN-030781,VALIDATED_COMPATIBLE,ACCEPT,,ELECTRICAL|ALUMINIUM|3C_X_95_SQ_MM|500_M|IS_7098
719cd47d-ab47-57cf-819e-fa00009f8f59,NTPC,NTPC-200125,GEAR PUMP 600# Carbon Steel 3 in x 2 in,CMM-PUMP-FEF7B9-001,CMM-PUMP-FEF7B9-001,MAPPED_VERIFIED,DIRECT_ACCEPTED,1.0,VERIFIED_CROSS_CPSE,HUMAN_ACCEPTED_HARMONIZATION,Verified cross-CPSE harmonization mapping supported by Phase 7 human review ACCEPT on candidate CAN-021573 with cryptographic evidence hash ...,CAN-021573,VALIDATED_COMPATIBLE,ACCEPT,,PUMP|CARBON_STEEL|CARBON_STEEL|3_IN_X_2_IN|ISO_2858
506b846f-38f2-5ec7-9280-b4496727a1ca,NTPC,NTPC-200126,"SPARE-THRUST BEARING, Stainless Steel, SIZE 22208 300#",CMM-BEARNG-52104E-001,CMM-BEARNG-52104E-001,REVIEW_REQUIRED,DIRECT_ACCEPTED,0.6,REVIEW_REQUIRED,AMBIGUOUS_ATTRIBUTE_HOLD,Attribute ambiguity in upstream candidate group; human review required.,,REVIEW_REQUIRED,,,BEARING|STAINLESS_STEEL|STAINLESS_STEEL|22208
c54c9e8e-9bd4-5e66-a0e3-9a71aa99dd52,NTPC,NTPC-200127,STORES ITEM MECHANICAL SEAL 600# NBR 100 mm,CMM-SEALG-1331E7-001,CMM-SEALG-1331E7-001,MAPPED_VERIFIED,DIRECT_ACCEPTED,1.0,VERIFIED_CROSS_CPSE,HUMAN_ACCEPTED_HARMONIZATION,Verified cross-CPSE harmonization mapping supported by Phase 7 human review ACCEPT on candidate CAN-031081 with cryptographic evidence hash ...,CAN-031081,VALIDATED_COMPATIBLE,ACCEPT,,SEAL_GASKET|NBR|100_MM|ASME_B1620|PTFE_LINED
5754a775-ace5-5fb1-a0a0-e3cc05030216,NTPC,NTPC-200128,STORES ITEM DN 80 Gear Pump - Carbon Steel 150#,CMM-PUMP-08A544-001,CMM-PUMP-08A544-001,MAPPED_STANDALONE,STANDALONE,1.0,STANDALONE_IDENTITY,STANDALONE_CANONICAL_SYNTHESIS,1-to-1 deterministic identity mapping to governed Phase 8 standalone CMM candidate. Does not imply cross-CPSE equivalence or harmonization.,,,,,PUMP|CARBON_STEEL|CARBON_STEEL|DN_80|DN_80|API_610
ee2fb4a6-3855-5906-888a-e8748b3895cd,NTPC,NTPC-200129,SWITCHGEAR PANEL 300# XLPE Insulated 4C x 25 sq mm,CMM-ELECTR-4DD7B9-001,CMM-ELECTR-4DD7B9-001,MAPPED_VERIFIED,DIRECT_ACCEPTED,1.0,VERIFIED_CROSS_CPSE,HUMAN_ACCEPTED_HARMONIZATION,Verified cross-CPSE harmonization mapping supported by Phase 7 human review ACCEPT on candidate CAN-031501 with cryptographic evidence hash ...,CAN-031501,VALIDATED_COMPATIBLE,ACCEPT,,ELECTRICAL|XLPE|XLPE_INSULATED|4C_X_25_SQ_MM|500_M|IS_13947
e57640af-3e3f-5781-b66f-2a13b5c42236,NTPC,NTPC-200130,STORES ITEM OIL SEAL 50 mm PTFE 150#,CMM-SEALG-928895-001,CMM-SEALG-928895-001,MAPPED_VERIFIED,DIRECT_ACCEPTED,1.0,VERIFIED_CROSS_CPSE,HUMAN_ACCEPTED_HARMONIZATION,Verified cross-CPSE harmonization mapping supported by Phase 7 human review ACCEPT on candidate CAN-032041 with cryptographic evidence hash ...,CAN-032041,VALIDATED_COMPATIBLE,ACCEPT,,SEAL_GASKET|LUBRICANT|PTFE|50_MM|PTFE
56cf140f-e7e0-567a-bf4b-7d751a67a4f8,NTPC,NTPC-200131,SPARE-Gear Pump 2 in x 1.5 in SS316 600#,CMM-PUMP-3A7BBD-001,CMM-PUMP-3A7BBD-001,MAPPED_STANDALONE,STANDALONE,1.0,STANDALONE_IDENTITY,STANDALONE_CANONICAL_SYNTHESIS,1-to-1 deterministic identity mapping to governed Phase 8 standalone CMM candidate. Does not imply cross-CPSE equivalence or harmonization.,,,,,PUMP|STAINLESS_STEEL|SS_316|2_IN_X_15_IN|API_610
afef36e9-46b8-5da3-87f6-7a44ec3bc5c2,NTPC,NTPC-200132,SPARE-415V 100A Circuit Breaker - Aluminium 150#,CMM-ELECTR-1B3CEC-001,CMM-ELECTR-1B3CEC-001,MAPPED_VERIFIED,DIRECT_ACCEPTED,1.0,VERIFIED_CROSS_CPSE,HUMAN_ACCEPTED_HARMONIZATION,Verified cross-CPSE harmonization mapping supported by Phase 7 human review ACCEPT on candidate CAN-032161 with cryptographic evidence hash ...,CAN-032161,VALIDATED_COMPATIBLE,ACCEPT,,ELECTRICAL|ALUMINIUM|415V_100A|100_M|IS_13947
b1ed3142-3342-505a-af12-9fc2e76566ca,NTPC,NTPC-200133,50 mm SPIRAL WOUND GASKET - Graphite 300#,CMM-SEALG-6DA7E7-001,CMM-SEALG-6DA7E7-001,MAPPED_VERIFIED,DIRECT_ACCEPTED,1.0,VERIFIED_CROSS_CPSE,HUMAN_ACCEPTED_HARMONIZATION,Verified cross-CPSE harmonization mapping supported by Phase 7 human review ACCEPT on candidate CAN-032221 with cryptographic evidence hash ...,CAN-032221,VALIDATED_COMPATIBLE,ACCEPT,,SEAL_GASKET|SPIRAL_WOUND_GASKET|GRAPHITE|50_MM|50_MM
ffb08e2e-29b0-52ad-9a16-ff64c173de23,NTPC,NTPC-200134,M10 x 40 BOLT HEX - Grade 10.9 300#,CMM-FASTNR-B0430D-001,CMM-FASTNR-B0430D-001,MAPPED_STANDALONE,STANDALONE,1.0,STANDALONE_IDENTITY,STANDALONE_CANONICAL_SYNTHESIS,1-to-1 deterministic identity mapping to governed Phase 8 standalone CMM candidate. Does not imply cross-CPSE equivalence or harmonization.,,,,,FASTENER|BOLT|GRADE_109|M10_X_40|40_MM|IS_1367
04430357-f112-518c-9754-01fde749e50c,NTPC,NTPC-200135,Oil Seal 100 mm Graphite 600#,CMM-SEALG-82045D-001,CMM-SEALG-82045D-001,REVIEW_REQUIRED,DIRECT_ACCEPTED,0.6,REVIEW_REQUIRED,AMBIGUOUS_ATTRIBUTE_HOLD,Attribute ambiguity in upstream candidate group; human review required.,,REVIEW_REQUIRED,,,SEAL_GASKET|LUBRICANT|GRAPHITE|100_MM|100_MM|API_682
7bbbe79e-a43e-53d9-bc6e-0f9151ba9454,NTPC,NTPC-200136,"Globe Valve, SS304, SIZE DN 100 300#",CMM-VALVE-7533D6-001,CMM-VALVE-7533D6-001,MAPPED_STANDALONE,STANDALONE,1.0,STANDALONE_IDENTITY,STANDALONE_CANONICAL_SYNTHESIS,1-to-1 deterministic identity mapping to governed Phase 8 standalone CMM candidate. Does not imply cross-CPSE equivalence or harmonization.,,,,,VALVE|GLOBE_VALVE|STAINLESS_STEEL|SS_304|DN_100|DN_100|ASME_B1634|ZINC_PLATED
6f48da9f-b350-56ec-b920-db74030cc86e,NTPC,NTPC-200137,1 in Control Valve - LCB 150#,CMM-VALVE-B3E486-001,CMM-VALVE-B3E486-001,MAPPED_VERIFIED,DIRECT_ACCEPTED,1.0,VERIFIED_CROSS_CPSE,HUMAN_ACCEPTED_HARMONIZATION,Verified cross-CPSE harmonization mapping supported by Phase 7 human review ACCEPT on candidate CAN-033121 with cryptographic evidence hash ...,CAN-033121,VALIDATED_COMPATIBLE,ACCEPT,,VALVE|LCB|1_IN
c199efeb-2799-59d4-a890-18f30fdea60e,NTPC,NTPC-200138,"STORES ITEM REDUCER, Alloy Steel, SIZE 2 in 600#",CMM-PIPEF-7284AD-001,CMM-PIPEF-7284AD-001,MAPPED_STANDALONE,STANDALONE,1.0,STANDALONE_IDENTITY,STANDALONE_CANONICAL_SYNTHESIS,1-to-1 deterministic identity mapping to governed Phase 8 standalone CMM candidate. Does not imply cross-CPSE equivalence or harmonization.,,,,,PIPE_FITTING|ALLOY_STEEL|2_IN|50_MM|API_5L
e905ee9c-cd25-5554-8baa-775bd9c71349,NTPC,NTPC-200139,IND.Roller Bearing 600# Stainless Steel 6304,CMM-BEARNG-20EFDA-001,CMM-BEARNG-20EFDA-001,MAPPED_VERIFIED,DIRECT_ACCEPTED,1.0,VERIFIED_CROSS_CPSE,HUMAN_ACCEPTED_HARMONIZATION,Verified cross-CPSE harmonization mapping supported by Phase 7 human review ACCEPT on candidate CAN-033723 with cryptographic evidence hash ...,CAN-033723,VALIDATED_COMPATIBLE,ACCEPT,,BEARING|STAINLESS_STEEL|STAINLESS_STEEL|6304|ISO_15
8a114e82-f958-551f-8c9f-7be422c83ea8,NTPC,NTPC-200140,SPARE-2 in Rubber Gasket - PTFE 150#,CMM-SEALG-CE2B43-001,CMM-SEALG-CE2B43-001,MAPPED_VERIFIED,DIRECT_ACCEPTED,1.0,VERIFIED_CROSS_CPSE,HUMAN_ACCEPTED_HARMONIZATION,Verified cross-CPSE harmonization mapping supported by Phase 7 human review ACCEPT on candidate CAN-034081 with cryptographic evidence hash ...,CAN-034081,VALIDATED_COMPATIBLE,ACCEPT,,SEAL_GASKET|PTFE|2_IN|2_IN|ASME_B1620|PTFE_LINED
d605b421-c4ea-5c64-97f2-8ea512278e0e,NTPC,NTPC-200141,Reciprocating Pump 600# Cast Iron DN 100,CMM-PUMP-D06965-001,CMM-PUMP-D06965-001,MAPPED_VERIFIED,DIRECT_ACCEPTED,1.0,VERIFIED_CROSS_CPSE,HUMAN_ACCEPTED_HARMONIZATION,Verified cross-CPSE harmonization mapping supported by Phase 7 human review ACCEPT on candidate CAN-034203 with cryptographic evidence hash ...,CAN-034203,VALIDATED_COMPATIBLE,ACCEPT,,PUMP|CAST_IRON|DN_100|DN_100|ISO_2858|CAST
04cfd12d-5dac-5d5d-a2a9-eb31420268e1,NTPC,NTPC-200142,SPARE-3 in x 2 in Gear Pump - SS304 150#,CMM-PUMP-C081C4-001,CMM-PUMP-C081C4-001,MAPPED_STANDALONE,STANDALONE,1.0,STANDALONE_IDENTITY,STANDALONE_CANONICAL_SYNTHESIS,1-to-1 deterministic identity mapping to governed Phase 8 standalone CMM candidate. Does not imply cross-CPSE equivalence or harmonization.,,,,,PUMP|STAINLESS_STEEL|SS_304|3_IN_X_2_IN|3_IN_X_2_IN|ISO_2858|PTFE_LINED
518744e2-f870-569d-a472-7568b53228b4,NTPC,NTPC-200143,"STORES ITEM Ball Valve, LCB, SIZE 2 in 300#",CMM-VALVE-524070-001,CMM-VALVE-524070-001,MAPPED_VERIFIED,DIRECT_ACCEPTED,1.0,VERIFIED_CROSS_CPSE,HUMAN_ACCEPTED_HARMONIZATION,Verified cross-CPSE harmonization mapping supported by Phase 7 human review ACCEPT on candidate CAN-034681 with cryptographic evidence hash ...,CAN-034681,VALIDATED_COMPATIBLE,ACCEPT,,VALVE|BALL_VALVE|LCB|2_IN|2_IN|ASME_B1634
cd5cbaf7-af15-5dce-9fcf-a883b3647c29,NTPC,NTPC-200144,STORES ITEM ROLLER BRG 150# Stainless Steel 6408,CMM-BEARNG-200E56-001,CMM-BEARNG-200E56-001,MAPPED_VERIFIED,DIRECT_ACCEPTED,1.0,VERIFIED_CROSS_CPSE,HUMAN_ACCEPTED_HARMONIZATION,Verified cross-CPSE harmonization mapping supported by Phase 7 human review ACCEPT on candidate CAN-034921 with cryptographic evidence hash ...,CAN-034921,VALIDATED_COMPATIBLE,ACCEPT,,BEARING|STAINLESS_STEEL|STAINLESS_STEEL|6408
316f915c-5985-57d0-84ae-f39c65c8356a,NTPC,NTPC-200145,STORES ITEM SMLS PIPE DN 50 Carbon Steel 300#,CMM-PIPEF-3E8CCB-001,CMM-PIPEF-3E8CCB-001,MAPPED_STANDALONE,STANDALONE,1.0,STANDALONE_IDENTITY,STANDALONE_CANONICAL_SYNTHESIS,1-to-1 deterministic identity mapping to governed Phase 8 standalone CMM candidate. Does not imply cross-CPSE equivalence or harmonization.,,,,,PIPE_FITTING|PIPE|CARBON_STEEL|CARBON_STEEL|DN_50|6_M|DN_50|ASME_B165
5d63ccd9-bb67-597c-b168-c922ed70f707,NTPC,NTPC-200146,STORES ITEM REDUCER 300# ASTM A106 Gr B DN 80,CMM-PIPEF-D724AE-001,CMM-PIPEF-D724AE-001,MAPPED_VERIFIED,DIRECT_ACCEPTED,1.0,VERIFIED_CROSS_CPSE,HUMAN_ACCEPTED_HARMONIZATION,Verified cross-CPSE harmonization mapping supported by Phase 7 human review ACCEPT on candidate CAN-035581 with cryptographic evidence hash ...,CAN-035581,VALIDATED_COMPATIBLE,ACCEPT,,PIPE_FITTING|ASTM_A106_GRB|DN_80|1000_MM|25_MM|ASTM_A106|ZINC_PLATED
f4870037-b8fe-56dd-967f-a5515794e7c9,NTPC,NTPC-200147,1C x 300 sq mm Induction Motor - Aluminium 150#,CMM-ELECTR-941023-001,CMM-ELECTR-941023-001,REVIEW_REQUIRED,DIRECT_ACCEPTED,0.6,REVIEW_REQUIRED,AMBIGUOUS_ATTRIBUTE_HOLD,Attribute ambiguity in upstream candidate group; human review required.,,REVIEW_REQUIRED,,,ELECTRICAL|ALUMINIUM|1C_X_300_SQ_MM|1000_M|IS_2026
99b4ae63-32a5-5f93-913b-f46cbec2fbce,NTPC,NTPC-200148,"Reciprocating Pump, Cast Iron, SIZE DN 100 300#",CMM-PUMP-173478-001,CMM-PUMP-173478-001,MAPPED_VERIFIED,DIRECT_ACCEPTED,1.0,VERIFIED_CROSS_CPSE,HUMAN_ACCEPTED_HARMONIZATION,Verified cross-CPSE harmonization mapping supported by Phase 7 human review ACCEPT on candidate CAN-036333 with cryptographic evidence hash ...,CAN-036333,VALIDATED_COMPATIBLE,ACCEPT,,PUMP|CAST_IRON|DN_100|API_610|CAST
c2e7cac1-2b62-5386-a275-8cfa6fc2b515,NTPC,NTPC-200149,0-500 Deg C TEMPERATURE TRANSMITTER - Brass 300#,CMM-INSTRU-C7F4D5-001,CMM-INSTRU-C7F4D5-001,REVIEW_REQUIRED,DIRECT_ACCEPTED,0.6,REVIEW_REQUIRED,AMBIGUOUS_ATTRIBUTE_HOLD,Attribute ambiguity in upstream candidate group; human review required.,,REVIEW_REQUIRED,,,INSTRUMENTATION|BRASS|0_500_DEG_C
32cc29dd-141c-571c-858f-33ba4fa89162,NTPC,NTPC-200150,STORES ITEM Submersible Pump 300# Alloy Steel DN 80,CMM-PUMP-316E80-001,CMM-PUMP-316E80-001,MAPPED_STANDALONE,STANDALONE,1.0,STANDALONE_IDENTITY,STANDALONE_CANONICAL_SYNTHESIS,1-to-1 deterministic identity mapping to governed Phase 8 standalone CMM candidate. Does not imply cross-CPSE equivalence or harmonization.,,,,,PUMP|ALLOY_STEEL|DN_80|IS_1520
4a4a7805-b026-52b3-a6bc-b6c91d57849e,NTPC,NTPC-200151,SPARE-OIL SEAL 100 mm Viton 300#,CMM-SEALG-302F89-001,CMM-SEALG-302F89-001,MAPPED_VERIFIED,DIRECT_ACCEPTED,1.0,VERIFIED_CROSS_CPSE,HUMAN_ACCEPTED_HARMONIZATION,Verified cross-CPSE harmonization mapping supported by Phase 7 human review ACCEPT on candidate CAN-037921 with cryptographic evidence hash ...,CAN-037921,VALIDATED_COMPATIBLE,ACCEPT,,SEAL_GASKET|LUBRICANT|VITON|100_MM|100_MM|API_682
1ae6bbc5-7335-529c-9997-c21b74cf972d,NTPC,NTPC-200152,M24 x 100 STUD BOLT - Grade 10.9 300#,CMM-FASTNR-E193F8-001,CMM-FASTNR-E193F8-001,MAPPED_STANDALONE,STANDALONE,1.0,STANDALONE_IDENTITY,STANDALONE_CANONICAL_SYNTHESIS,1-to-1 deterministic identity mapping to governed Phase 8 standalone CMM candidate. Does not imply cross-CPSE equivalence or harmonization.,,,,,FASTENER|BOLT|GRADE_109|M24_X_100|100_MM|ASME_B182
f2c76c71-8652-5d37-8f08-d0d7e56179c5,NTPC,NTPC-200153,IND.Distribution Transformer 4C x 25 sq mm XLPE Insulated 150#,CMM-ELECTR-07DFFB-001,CMM-ELECTR-07DFFB-001,MAPPED_VERIFIED,DIRECT_ACCEPTED,1.0,VERIFIED_CROSS_CPSE,HUMAN_ACCEPTED_HARMONIZATION,Verified cross-CPSE harmonization mapping supported by Phase 7 human review ACCEPT on candidate CAN-038281 with cryptographic evidence hash ...,CAN-038281,VALIDATED_COMPATIBLE,ACCEPT,,ELECTRICAL|XLPE|XLPE_INSULATED|4C_X_25_SQ_MM|IEC_60502
9901378b-a2f3-5a53-ba43-ec0e39b513d6,NTPC,NTPC-200154,DN 150 Check Valve - ASTM A351 CF8M 150#,CMM-VALVE-D62059-001,CMM-VALVE-D62059-001,MAPPED_STANDALONE,STANDALONE,1.0,STANDALONE_IDENTITY,STANDALONE_CANONICAL_SYNTHESIS,1-to-1 deterministic identity mapping to governed Phase 8 standalone CMM candidate. Does not imply cross-CPSE equivalence or harmonization.,,,,,VALVE|CHECK_VALVE|ASTM_A351_CF8M|DN_150|DN_150|API_598
a929c996-caba-599f-a9fc-82c11edf5fe2,NTPC,NTPC-200155,"STORES ITEM Vertical Turbine Pump, Duplex Steel, SIZE DN 100 150#",CMM-PUMP-6061C6-001,CMM-PUMP-6061C6-001,MAPPED_VERIFIED,DIRECT_ACCEPTED,1.0,VERIFIED_CROSS_CPSE,HUMAN_ACCEPTED_HARMONIZATION,Verified cross-CPSE harmonization mapping supported by Phase 7 human review ACCEPT on candidate CAN-038641 with cryptographic evidence hash ...,CAN-038641,VALIDATED_COMPATIBLE,ACCEPT,,PUMP|DUPLEX_STEEL|DN_100|ISO_2858|VERTICAL
4c62c793-edd1-524f-a157-a07830e23851,NTPC,NTPC-200156,"IND.ANCHOR BOLT, Grade 8.8, SIZE M10 x 40 150#",CMM-FASTNR-35E39D-001,CMM-FASTNR-35E39D-001,MAPPED_STANDALONE,STANDALONE,1.0,STANDALONE_IDENTITY,STANDALONE_CANONICAL_SYNTHESIS,1-to-1 deterministic identity mapping to governed Phase 8 standalone CMM candidate. Does not imply cross-CPSE equivalence or harmonization.,,,,,FASTENER|BOLT|GRADE_88|M10_X_40|40_MM|ASME_B182
0c63d41d-36b4-53fc-8b8c-032bad841b1e,NTPC,NTPC-200157,SPARE-1C x 300 sq mm Distribution Transformer - Aluminium 150#,CMM-ELECTR-40640A-001,CMM-ELECTR-40640A-001,MAPPED_VERIFIED,DIRECT_ACCEPTED,1.0,VERIFIED_CROSS_CPSE,HUMAN_ACCEPTED_HARMONIZATION,Verified cross-CPSE harmonization mapping supported by Phase 7 human review ACCEPT on candidate CAN-039061 with cryptographic evidence hash ...,CAN-039061,VALIDATED_COMPATIBLE,ACCEPT,,ELECTRICAL|ALUMINIUM|1C_X_300_SQ_MM|1000_M|IS_7098
d2def853-a3e1-589a-b50c-63dfd054479a,NTPC,NTPC-200158,IND.GV 2 in SS304 150#,CMM-VALVE-B7E63E-001,CMM-VALVE-B7E63E-001,MAPPED_STANDALONE,STANDALONE,1.0,STANDALONE_IDENTITY,STANDALONE_CANONICAL_SYNTHESIS,1-to-1 deterministic identity mapping to governed Phase 8 standalone CMM candidate. Does not imply cross-CPSE equivalence or harmonization.,,,,,VALVE|GATE_VALVE|STAINLESS_STEEL|SS_304|2_IN|API_602|PTFE_LINED
cae2e05b-e067-53be-a422-ac10ce6a0f59,NTPC,NTPC-200159,4-20 mA RTD SENSOR - SS316 300#,CMM-INSTRU-2A3760-001,CMM-INSTRU-2A3760-001,MAPPED_VERIFIED,DIRECT_ACCEPTED,1.0,VERIFIED_CROSS_CPSE,HUMAN_ACCEPTED_HARMONIZATION,Verified cross-CPSE harmonization mapping supported by Phase 7 human review ACCEPT on candidate CAN-027601 with cryptographic evidence hash ...,CAN-027601,VALIDATED_COMPATIBLE,ACCEPT,,INSTRUMENTATION|STAINLESS_STEEL|SS_316|4_20_MA
b4fa2cf0-57ad-5e09-a3e6-a0c0c4de3912,NTPC,NTPC-200160,50 mm O-Ring - NBR 600#,CMM-SEALG-F7AAFE-001,CMM-SEALG-F7AAFE-001,MAPPED_VERIFIED,DIRECT_ACCEPTED,1.0,VERIFIED_CROSS_CPSE,HUMAN_ACCEPTED_HARMONIZATION,Verified cross-CPSE harmonization mapping supported by Phase 7 human review ACCEPT on candidate CAN-039661 with cryptographic evidence hash ...,CAN-039661,VALIDATED_COMPATIBLE,ACCEPT,,SEAL_GASKET|NBR|50_MM|50_MM|API_682
d7d2283c-0759-58fa-9013-5b4b608f1941,NTPC,NTPC-200161,0-500 Deg C Pressure Gauge - Polycarbonate 600#,CMM-INSTRU-EBBC49-001,CMM-INSTRU-EBBC49-001,MAPPED_VERIFIED,DIRECT_ACCEPTED,1.0,VERIFIED_CROSS_CPSE,HUMAN_ACCEPTED_HARMONIZATION,Verified cross-CPSE harmonization mapping supported by Phase 7 human review ACCEPT on candidate CAN-039781 with cryptographic evidence hash ...,CAN-039781,VALIDATED_COMPATIBLE,ACCEPT,,INSTRUMENTATION|PRESSURE_GAUGE|POLYCARBONATE|0_500_DEG_C|ASME_B40100
5f1a0e64-db6f-599e-aa6c-212b17ddd4ba,NTPC,NTPC-200162,IND.MECHANICAL SEAL 50 mm Graphite 300#,CMM-SEALG-16E5D0-001,CMM-SEALG-16E5D0-001,MAPPED_VERIFIED,DIRECT_ACCEPTED,1.0,VERIFIED_CROSS_CPSE,HUMAN_ACCEPTED_HARMONIZATION,Verified cross-CPSE harmonization mapping supported by Phase 7 human review ACCEPT on candidate CAN-040141 with cryptographic evidence hash ...,CAN-040141,VALIDATED_COMPATIBLE,ACCEPT,,SEAL_GASKET|GRAPHITE|50_MM
2c424833-ab71-5289-839c-d4749e5fcd33,NTPC,NTPC-200163,IND.DN 150 Globe Valve - LCB 300#,CMM-VALVE-5DCD57-001,CMM-VALVE-5DCD57-001,MAPPED_VERIFIED,DIRECT_ACCEPTED,1.0,VERIFIED_CROSS_CPSE,HUMAN_ACCEPTED_HARMONIZATION,Verified cross-CPSE harmonization mapping supported by Phase 7 human review ACCEPT on candidate CAN-040201 with cryptographic evidence hash ...,CAN-040201,VALIDATED_COMPATIBLE,ACCEPT,,VALVE|GLOBE_VALVE|LCB|DN_150|API_602
7dd370ed-ded5-5889-aeee-f60231463f24,NTPC,NTPC-200164,STORES ITEM FLAT WASHER M12 x 50 Grade B7 150#,CMM-FASTNR-ECEE31-001,CMM-FASTNR-ECEE31-001,MAPPED_VERIFIED,DIRECT_ACCEPTED,1.0,VERIFIED_CROSS_CPSE,HUMAN_ACCEPTED_HARMONIZATION,Verified cross-CPSE harmonization mapping supported by Phase 7 human review ACCEPT on candidate CAN-040501 with cryptographic evidence hash ...,CAN-040501,VALIDATED_COMPATIBLE,ACCEPT,,FASTENER|WASHER|GRADE_B7|M12_X_50|50_MM|ASME_B182
6098e36a-cd53-587a-a57b-831d31c06088,NTPC,NTPC-200165,STORES ITEM Pressure Gauge 300# Polycarbonate 4-20 mA,CMM-INSTRU-AA1EFB-001,CMM-INSTRU-AA1EFB-001,MAPPED_VERIFIED,DIRECT_ACCEPTED,1.0,VERIFIED_CROSS_CPSE,HUMAN_ACCEPTED_HARMONIZATION,Verified cross-CPSE harmonization mapping supported by Phase 7 human review ACCEPT on candidate CAN-040861 with cryptographic evidence hash ...,CAN-040861,VALIDATED_COMPATIBLE,ACCEPT,,INSTRUMENTATION|PRESSURE_GAUGE|POLYCARBONATE|4_20_MA|ASME_B40100
f7b99278-3776-5c27-89ff-c8853aeeeb0b,NTPC,NTPC-200166,TAPER ROLLER BEARING 300# AISI 52100 6304,CMM-BEARNG-67CA99-001,CMM-BEARNG-67CA99-001,REVIEW_REQUIRED,DIRECT_ACCEPTED,0.6,REVIEW_REQUIRED,AMBIGUOUS_ATTRIBUTE_HOLD,Attribute ambiguity in upstream candidate group; human review required.,,REVIEW_REQUIRED,,,BEARING|AISI_52100|6304
cafb56fe-1484-57c0-96f5-3d2bcaf6d3a1,NTPC,NTPC-200167,SPARE-M16 x 65 SOCKET HEAD SCREW - SS304 300#,CMM-FASTNR-CBFF3D-001,CMM-FASTNR-CBFF3D-001,MAPPED_STANDALONE,STANDALONE,1.0,STANDALONE_IDENTITY,STANDALONE_CANONICAL_SYNTHESIS,1-to-1 deterministic identity mapping to governed Phase 8 standalone CMM candidate. Does not imply cross-CPSE equivalence or harmonization.,,,,,FASTENER|STAINLESS_STEEL|SS_304|M16_X_65|65_MM|IS_1367|ZINC_PLATED
91379916-6d25-5dbc-bb90-21c78bb9b5ae,NTPC,NTPC-200168,SPARE-Gear Pump 3 in x 2 in Duplex Steel 600#,CMM-PUMP-E22A9D-001,CMM-PUMP-E22A9D-001,MAPPED_VERIFIED,DIRECT_ACCEPTED,1.0,VERIFIED_CROSS_CPSE,HUMAN_ACCEPTED_HARMONIZATION,Verified cross-CPSE harmonization mapping supported by Phase 7 human review ACCEPT on candidate CAN-041281 with cryptographic evidence hash ...,CAN-041281,VALIDATED_COMPATIBLE,ACCEPT,,PUMP|DUPLEX_STEEL|3_IN_X_2_IN|3_IN_X_2_IN|IS_1520
42dcda44-60ca-549c-8f29-3fd77d08dd55,NTPC,NTPC-200169,"Temperature Transmitter, SS304, SIZE 1/2 in NPT 600#",CMM-INSTRU-F69E7C-001,CMM-INSTRU-F69E7C-001,MAPPED_STANDALONE,STANDALONE,1.0,STANDALONE_IDENTITY,STANDALONE_CANONICAL_SYNTHESIS,1-to-1 deterministic identity mapping to governed Phase 8 standalone CMM candidate. Does not imply cross-CPSE equivalence or harmonization.,,,,,INSTRUMENTATION|STAINLESS_STEEL|SS_304|1_2_IN_NPT|IEC_60529
dddfbcaf-da00-57fe-ad9c-4512f7314aed,NTPC,NTPC-200170,IND.M16 x 65 ANCHOR BOLT - Grade 10.9 300#,CMM-FASTNR-0169A7-001,CMM-FASTNR-0169A7-001,MAPPED_STANDALONE,STANDALONE,1.0,STANDALONE_IDENTITY,STANDALONE_CANONICAL_SYNTHESIS,1-to-1 deterministic identity mapping to governed Phase 8 standalone CMM candidate. Does not imply cross-CPSE equivalence or harmonization.,,,,,FASTENER|BOLT|GRADE_109|M16_X_65|65_MM|ASTM_A193|ZINC_PLATED
1dcdf398-1075-51a6-87d6-e62f7ad2b12c,NTPC,NTPC-200171,SPARE-65 mm Rubber Gasket - Viton 150#,CMM-SEALG-439083-001,CMM-SEALG-439083-001,MAPPED_VERIFIED,DIRECT_ACCEPTED,1.0,VERIFIED_CROSS_CPSE,HUMAN_ACCEPTED_HARMONIZATION,Verified cross-CPSE harmonization mapping supported by Phase 7 human review ACCEPT on candidate CAN-041701 with cryptographic evidence hash ...,CAN-041701,VALIDATED_COMPATIBLE,ACCEPT,,SEAL_GASKET|VITON|65_MM|ASME_B1620|RUBBER
ac8f815b-5bc0-51df-8bad-2ebd05b43d37,NTPC,NTPC-200172,Gate Valve 150# LCB 2 in,CMM-VALVE-2204A8-001,CMM-VALVE-2204A8-001,MAPPED_VERIFIED,DIRECT_ACCEPTED,1.0,VERIFIED_CROSS_CPSE,HUMAN_ACCEPTED_HARMONIZATION,Verified cross-CPSE harmonization mapping supported by Phase 7 human review ACCEPT on candidate CAN-041761 with cryptographic evidence hash ...,CAN-041761,VALIDATED_COMPATIBLE,ACCEPT,,VALVE|GATE_VALVE|LCB|2_IN
cd9647c1-de08-51ad-b36a-f1f659486c35,NTPC,NTPC-200173,"STORES ITEM Ball Valve, SS316, SIZE DN 150 600#",CMM-VALVE-E1352C-001,CMM-VALVE-E1352C-001,MAPPED_STANDALONE,STANDALONE,1.0,STANDALONE_IDENTITY,STANDALONE_CANONICAL_SYNTHESIS,1-to-1 deterministic identity mapping to governed Phase 8 standalone CMM candidate. Does not imply cross-CPSE equivalence or harmonization.,,,,,VALVE|BALL_VALVE|STAINLESS_STEEL|SS_316|DN_150|PTFE_LINED
54c77317-ca12-503e-9b00-b8b135d994db,NTPC,NTPC-200174,IND.Taper Roller Bearing 6408 Stainless Steel 600#,CMM-BEARNG-FBE56C-001,CMM-BEARNG-FBE56C-001,REVIEW_REQUIRED,DIRECT_ACCEPTED,0.6,REVIEW_REQUIRED,AMBIGUOUS_ATTRIBUTE_HOLD,Attribute ambiguity in upstream candidate group; human review required.,,REVIEW_REQUIRED,,,BEARING|STAINLESS_STEEL|STAINLESS_STEEL|6408|ISO_15
f0b8b2db-5dc2-5a3c-94f7-00a23cfe65b9,NTPC,NTPC-200175,IND.Elbow 90 Deg 300# ASTM A106 Gr B 6 in,CMM-PIPEF-155E3F-001,CMM-PIPEF-155E3F-001,MAPPED_VERIFIED,DIRECT_ACCEPTED,1.0,VERIFIED_CROSS_CPSE,HUMAN_ACCEPTED_HARMONIZATION,Verified cross-CPSE harmonization mapping supported by Phase 7 human review ACCEPT on candidate CAN-042661 with cryptographic evidence hash ...,CAN-042661,VALIDATED_COMPATIBLE,ACCEPT,,PIPE_FITTING|ELBOW|ASTM_A106_GRB|6_IN|6_M|200_MM|ASTM_A106|GALVANIZED
bc6ee2f7-83f3-5de6-83f4-6e3df11178d8,NTPC,NTPC-200176,DN 80 Seamless Pipe - Carbon Steel 150#,CMM-PIPEF-A5CF70-001,CMM-PIPEF-A5CF70-001,MAPPED_STANDALONE,STANDALONE,1.0,STANDALONE_IDENTITY,STANDALONE_CANONICAL_SYNTHESIS,1-to-1 deterministic identity mapping to governed Phase 8 standalone CMM candidate. Does not imply cross-CPSE equivalence or harmonization.,,,,,PIPE_FITTING|PIPE|CARBON_STEEL|CARBON_STEEL|DN_80|1000_MM|DN_80|IS_1239|ZINC_PLATED|SEAMLESS
056edad4-105a-5b9b-abc6-1d75062f8135,NTPC,NTPC-200177,SPARE-WELDED PIPE 300# IS 2062 DN 50,CMM-PIPEF-567132-001,CMM-PIPEF-567132-001,MAPPED_VERIFIED,DIRECT_ACCEPTED,1.0,VERIFIED_CROSS_CPSE,HUMAN_ACCEPTED_HARMONIZATION,Verified cross-CPSE harmonization mapping supported by Phase 7 human review ACCEPT on candidate CAN-042781 with cryptographic evidence hash ...,CAN-042781,VALIDATED_COMPATIBLE,ACCEPT,,PIPE_FITTING|PIPE|IS_2062|DN_50|1000_MM|DN_50|API_5L|PTFE_LINED|WELDED
b4da9791-0ff0-5705-a02f-0522091a87f8,NTPC,NTPC-200178,IND.DN 150 GLOBE VALVE - ASTM A351 CF8M 150#,CMM-VALVE-ED28F7-001,CMM-VALVE-ED28F7-001,MAPPED_STANDALONE,STANDALONE,1.0,STANDALONE_IDENTITY,STANDALONE_CANONICAL_SYNTHESIS,1-to-1 deterministic identity mapping to governed Phase 8 standalone CMM candidate. Does not imply cross-CPSE equivalence or harmonization.,,,,,VALVE|GLOBE_VALVE|ASTM_A351_CF8M|DN_150|DN_150|API_602
6c9e70d8-8742-5ce4-9e8b-a35865c6446c,NTPC,NTPC-200179,STORES ITEM 2 in ELBOW 90 DEG - Carbon Steel 300#,CMM-PIPEF-5D7A3B-001,CMM-PIPEF-5D7A3B-001,MAPPED_STANDALONE,STANDALONE,1.0,STANDALONE_IDENTITY,STANDALONE_CANONICAL_SYNTHESIS,1-to-1 deterministic identity mapping to governed Phase 8 standalone CMM candidate. Does not imply cross-CPSE equivalence or harmonization.,,,,,PIPE_FITTING|ELBOW|CARBON_STEEL|CARBON_STEEL|2_IN|12_M|25_MM|API_5L|EPOXY_COATED
1be4fff5-6703-5c3d-ad1f-67f9b8dde581,NTPC,NTPC-200180,HEX NUT 150# Grade B7 M20 x 80,CMM-FASTNR-CFB3CB-001,CMM-FASTNR-CFB3CB-001,MAPPED_VERIFIED,DIRECT_ACCEPTED,1.0,VERIFIED_CROSS_CPSE,HUMAN_ACCEPTED_HARMONIZATION,Verified cross-CPSE harmonization mapping supported by Phase 7 human review ACCEPT on candidate CAN-044341 with cryptographic evidence hash ...,CAN-044341,VALIDATED_COMPATIBLE,ACCEPT,,FASTENER|NUT|HEX|GRADE_B7|M20_X_80|80_MM
c45db64b-bbd6-53bf-99b5-277110d8eb47,NTPC,NTPC-200181,M16 x 65 Stud Bolt - Carbon Steel 300#,CMM-FASTNR-0C6EBA-001,CMM-FASTNR-0C6EBA-001,MAPPED_VERIFIED,DIRECT_ACCEPTED,1.0,VERIFIED_CROSS_CPSE,HUMAN_ACCEPTED_HARMONIZATION,Verified cross-CPSE harmonization mapping supported by Phase 7 human review ACCEPT on candidate CAN-039481 with cryptographic evidence hash ...,CAN-039481,VALIDATED_COMPATIBLE,ACCEPT,,FASTENER|BOLT|CARBON_STEEL|CARBON_STEEL|M16_X_65|65_MM|ASTM_A193
455ed1fa-0514-5c1d-ab16-5ba65f7fef6f,NTPC,NTPC-200182,"STORES ITEM TAPER ROLLER BEARING, Chrome Steel, SIZE 6304 600#",CMM-BEARNG-A74B84-001,CMM-BEARNG-A74B84-001,REVIEW_REQUIRED,DIRECT_ACCEPTED,0.6,REVIEW_REQUIRED,AMBIGUOUS_ATTRIBUTE_HOLD,Attribute ambiguity in upstream candidate group; human review required.,,REVIEW_REQUIRED,,,BEARING|CHROME_STEEL|CHROME_STEEL|6304|ISO_15
ebe16550-602b-5362-9fa3-84cdbf046d5f,NTPC,NTPC-200183,IND.O-Ring 65 mm Viton 300#,CMM-SEALG-E57A9D-001,CMM-SEALG-E57A9D-001,MAPPED_VERIFIED,DIRECT_ACCEPTED,1.0,VERIFIED_CROSS_CPSE,HUMAN_ACCEPTED_HARMONIZATION,Verified cross-CPSE harmonization mapping supported by Phase 7 human review ACCEPT on candidate CAN-045121 with cryptographic evidence hash ...,CAN-045121,VALIDATED_COMPATIBLE,ACCEPT,,SEAL_GASKET|VITON|65_MM|ASME_B1620|ZINC_PLATED
81ef5bdf-2fa1-5e5f-82fb-90a2ce37caee,NTPC,NTPC-200184,"ELBOW 90 DEG, Carbon Steel, SIZE DN 150 600#",CMM-PIPEF-E48498-001,CMM-PIPEF-E48498-001,MAPPED_STANDALONE,STANDALONE,1.0,STANDALONE_IDENTITY,STANDALONE_CANONICAL_SYNTHESIS,1-to-1 deterministic identity mapping to governed Phase 8 standalone CMM candidate. Does not imply cross-CPSE equivalence or harmonization.,,,,,PIPE_FITTING|ELBOW|CARBON_STEEL|CARBON_STEEL|DN_150|3_M|DN_150|ASME_B169
fc1d4b03-643e-5e7a-9141-511166866bd1,NTPC,NTPC-200185,STORES ITEM Thrust Bearing 150# AISI 52100 6208,CMM-BEARNG-1E674F-001,CMM-BEARNG-1E674F-001,MAPPED_VERIFIED,DIRECT_ACCEPTED,1.0,VERIFIED_CROSS_CPSE,HUMAN_ACCEPTED_HARMONIZATION,Verified cross-CPSE harmonization mapping supported by Phase 7 human review ACCEPT on candidate CAN-045723 with cryptographic evidence hash ...,CAN-045723,VALIDATED_COMPATIBLE,ACCEPT,,BEARING|AISI_52100|6208
0c54b52d-20e2-58b4-8ad4-95c73c00a586,NTPC,NTPC-200186,415V 100A Circuit Breaker - Copper 300#,CMM-ELECTR-BB66D5-001,CMM-ELECTR-BB66D5-001,MAPPED_VERIFIED,DIRECT_ACCEPTED,1.0,VERIFIED_CROSS_CPSE,HUMAN_ACCEPTED_HARMONIZATION,Verified cross-CPSE harmonization mapping supported by Phase 7 human review ACCEPT on candidate CAN-045961 with cryptographic evidence hash ...,CAN-045961,VALIDATED_COMPATIBLE,ACCEPT,,ELECTRICAL|COPPER|415V_100A|500_M|IS_7098
fee8997d-f582-58c6-87b0-c759df639404,NTPC,NTPC-200187,TAPER ROLLER BEARING 300# Chrome Steel 22208,CMM-BEARNG-39C22B-001,CMM-BEARNG-39C22B-001,REVIEW_REQUIRED,DIRECT_ACCEPTED,0.6,REVIEW_REQUIRED,AMBIGUOUS_ATTRIBUTE_HOLD,Attribute ambiguity in upstream candidate group; human review required.,,REVIEW_REQUIRED,,,BEARING|CHROME_STEEL|CHROME_STEEL|22208
ddc4bcb3-eff8-51d6-a20e-93b9409121af,NTPC,NTPC-200188,"CENT. PUMP, Cast Iron, SIZE DN 80 150#",CMM-PUMP-904476-001,CMM-PUMP-904476-001,REVIEW_REQUIRED,DIRECT_ACCEPTED,0.6,REVIEW_REQUIRED,AMBIGUOUS_ATTRIBUTE_HOLD,Attribute ambiguity in upstream candidate group; human review required.,,REVIEW_REQUIRED,,,PUMP|CENTRIFUGAL_PUMP|CAST_IRON|DN_80|DN_80|IS_1520|CAST
de272f0b-4ae5-5941-9cea-37e59cfe0439,NTPC,NTPC-200189,"IND.Boiler Feed Pump Motor, Copper Wound, SIZE 6.6 kV",CMM-ELECTR-6828F9-001,CMM-ELECTR-6828F9-001,MAPPED_STANDALONE,STANDALONE,1.0,STANDALONE_IDENTITY,STANDALONE_CANONICAL_SYNTHESIS,1-to-1 deterministic identity mapping to governed Phase 8 standalone CMM candidate. Does not imply cross-CPSE equivalence or harmonization.,,,,,ELECTRICAL|COPPER_WOUND|66_KV|100_M|IS_12615
4d9a65b2-ab97-538c-a6b2-f1bd1f13ecfd,NTPC,NTPC-200190,0-15 m COAL BUNKER LEVEL SWITCH - SS316,CMM-INSTRU-A6D775-001,CMM-INSTRU-A6D775-001,MAPPED_STANDALONE,STANDALONE,1.0,STANDALONE_IDENTITY,STANDALONE_CANONICAL_SYNTHESIS,1-to-1 deterministic identity mapping to governed Phase 8 standalone CMM candidate. Does not imply cross-CPSE equivalence or harmonization.,,,,,INSTRUMENTATION|STAINLESS_STEEL|SS_316|0_15_M|IEC_60529
7a5d427f-04b8-5041-8dc6-14dc1cdcd3d0,NTPC,NTPC-200191,STORES ITEM BOILER FEED PUMP MOTOR 6.6 kV Copper Wound,CMM-ELECTR-1E23AC-001,CMM-ELECTR-1E23AC-001,MAPPED_STANDALONE,STANDALONE,1.0,STANDALONE_IDENTITY,STANDALONE_CANONICAL_SYNTHESIS,1-to-1 deterministic identity mapping to governed Phase 8 standalone CMM candidate. Does not imply cross-CPSE equivalence or harmonization.,,,,,ELECTRICAL|COPPER_WOUND|66_KV|IS_12615
b2801bb6-415f-5b18-9495-198890b0eee3,NTPC,NTPC-200192,Boiler Feed Pump Motor Copper Wound 6.6 kV,CMM-ELECTR-079AD5-001,CMM-ELECTR-079AD5-001,MAPPED_STANDALONE,STANDALONE,1.0,STANDALONE_IDENTITY,STANDALONE_CANONICAL_SYNTHESIS,1-to-1 deterministic identity mapping to governed Phase 8 standalone CMM candidate. Does not imply cross-CPSE equivalence or harmonization.,,,,,ELECTRICAL|COPPER_WOUND|66_KV|1000_M|IS_12615
1f2cf025-bc38-540e-8629-02905af42ce6,NTPC,NTPC-200193,6.6 kV Boiler Feed Pump Motor - Copper Wound,CMM-ELECTR-9CE3F4-001,CMM-ELECTR-9CE3F4-001,MAPPED_STANDALONE,STANDALONE,1.0,STANDALONE_IDENTITY,STANDALONE_CANONICAL_SYNTHESIS,1-to-1 deterministic identity mapping to governed Phase 8 standalone CMM candidate. Does not imply cross-CPSE equivalence or harmonization.,,,,,ELECTRICAL|COPPER_WOUND|66_KV|IS_12615
24d4ed94-4677-5321-9ef7-7ee5c3953d7f,NTPC,NTPC-200194,IND.6.6 kV Boiler Feed Pump Motor - Copper Wound,CMM-ELECTR-5803F6-001,CMM-ELECTR-5803F6-001,MAPPED_STANDALONE,STANDALONE,1.0,STANDALONE_IDENTITY,STANDALONE_CANONICAL_SYNTHESIS,1-to-1 deterministic identity mapping to governed Phase 8 standalone CMM candidate. Does not imply cross-CPSE equivalence or harmonization.,,,,,ELECTRICAL|COPPER_WOUND|66_KV|100_M|IS_12615
eb1a6497-ac6b-5a0b-b97b-003ca0af9b1c,NTPC,NTPC-200195,STORES ITEM 0-15 m COAL BUNKER LEVEL SWITCH - SS316,CMM-INSTRU-531B25-001,CMM-INSTRU-531B25-001,MAPPED_STANDALONE,STANDALONE,1.0,STANDALONE_IDENTITY,STANDALONE_CANONICAL_SYNTHESIS,1-to-1 deterministic identity mapping to governed Phase 8 standalone CMM candidate. Does not imply cross-CPSE equivalence or harmonization.,,,,,INSTRUMENTATION|STAINLESS_STEEL|SS_316|0_15_M|IEC_60529
5ad833e8-67f1-52f2-972c-a245e6349c35,NTPC,NTPC-200196,SPARE-BOILER FEED PUMP MOTOR Copper Wound 6.6 kV,CMM-ELECTR-48D3C0-001,CMM-ELECTR-48D3C0-001,MAPPED_STANDALONE,STANDALONE,1.0,STANDALONE_IDENTITY,STANDALONE_CANONICAL_SYNTHESIS,1-to-1 deterministic identity mapping to governed Phase 8 standalone CMM candidate. Does not imply cross-CPSE equivalence or harmonization.,,,,,ELECTRICAL|COPPER_WOUND|66_KV|1000_M|IS_12615
f70ccb23-22f1-54e6-9916-153dd3020d74,NTPC,NTPC-200197,SPARE-6.6 kV BOILER FEED PUMP MOTOR - Copper Wound,CMM-ELECTR-0F8E4F-001,CMM-ELECTR-0F8E4F-001,MAPPED_STANDALONE,STANDALONE,1.0,STANDALONE_IDENTITY,STANDALONE_CANONICAL_SYNTHESIS,1-to-1 deterministic identity mapping to governed Phase 8 standalone CMM candidate. Does not imply cross-CPSE equivalence or harmonization.,,,,,ELECTRICAL|COPPER_WOUND|66_KV|IS_12615
9c50c02e-e7f2-55fa-bb13-22dda534fcda,NTPC,NTPC-200198,IND.0-15 m Coal Bunker Level Switch - SS316,CMM-INSTRU-2BA489-001,CMM-INSTRU-2BA489-001,MAPPED_STANDALONE,STANDALONE,1.0,STANDALONE_IDENTITY,STANDALONE_CANONICAL_SYNTHESIS,1-to-1 deterministic identity mapping to governed Phase 8 standalone CMM candidate. Does not imply cross-CPSE equivalence or harmonization.,,,,,INSTRUMENTATION|STAINLESS_STEEL|SS_316|0_15_M|IEC_60529
6050e83a-b8ba-5661-8759-dc56865f95cc,NTPC,NTPC-200199,Boiler Feed Pump Motor 6.6 kV Copper Wound,CMM-ELECTR-16A521-001,CMM-ELECTR-16A521-001,MAPPED_STANDALONE,STANDALONE,1.0,STANDALONE_IDENTITY,STANDALONE_CANONICAL_SYNTHESIS,1-to-1 deterministic identity mapping to governed Phase 8 standalone CMM candidate. Does not imply cross-CPSE equivalence or harmonization.,,,,,ELECTRICAL|COPPER_WOUND|66_KV|IS_12615
7aac7d39-a504-5624-9886-6c5669d550b9,NTPC,NTPC-200200,SPARE-Coal Bunker Level Switch 0-15 m SS316,CMM-INSTRU-E4C7BF-001,CMM-INSTRU-E4C7BF-001,MAPPED_STANDALONE,STANDALONE,1.0,STANDALONE_IDENTITY,STANDALONE_CANONICAL_SYNTHESIS,1-to-1 deterministic identity mapping to governed Phase 8 standalone CMM candidate. Does not imply cross-CPSE equivalence or harmonization.,,,,,INSTRUMENTATION|STAINLESS_STEEL|SS_316|0_15_M|IEC_60529
e2b1be79-8077-5628-a7f2-adbcd9c91cab,NTPC,NTPC-200201,STORES ITEM 0-15 m Coal Bunker Level Switch - SS316,CMM-INSTRU-EA8D3C-001,CMM-INSTRU-EA8D3C-001,MAPPED_STANDALONE,STANDALONE,1.0,STANDALONE_IDENTITY,STANDALONE_CANONICAL_SYNTHESIS,1-to-1 deterministic identity mapping to governed Phase 8 standalone CMM candidate. Does not imply cross-CPSE equivalence or harmonization.,,,,,INSTRUMENTATION|STAINLESS_STEEL|SS_316|0_15_M|IEC_60529
668b6008-a53b-5572-96cf-2a996d9feb23,NTPC,NTPC-200202,SPARE-COAL BUNKER LEVEL SWITCH SS316 0-15 m,CMM-INSTRU-CFC777-001,CMM-INSTRU-CFC777-001,MAPPED_STANDALONE,STANDALONE,1.0,STANDALONE_IDENTITY,STANDALONE_CANONICAL_SYNTHESIS,1-to-1 deterministic identity mapping to governed Phase 8 standalone CMM candidate. Does not imply cross-CPSE equivalence or harmonization.,,,,,INSTRUMENTATION|STAINLESS_STEEL|SS_316|0_15_M|IEC_60529
04e1f4c7-c24e-5def-86ca-10e3bf406cc0,NTPC,NTPC-200203,IND.0-15 m Coal Bunker Level Switch - SS316,CMM-INSTRU-76A779-001,CMM-INSTRU-76A779-001,MAPPED_STANDALONE,STANDALONE,1.0,STANDALONE_IDENTITY,STANDALONE_CANONICAL_SYNTHESIS,1-to-1 deterministic identity mapping to governed Phase 8 standalone CMM candidate. Does not imply cross-CPSE equivalence or harmonization.,,,,,INSTRUMENTATION|STAINLESS_STEEL|SS_316|0_15_M|IEC_60529
bdcba094-bbe2-519e-834e-36f93ed67f80,NTPC,NTPC-200204,"Boiler Feed Pump Motor, Copper Wound, SIZE 6.6 kV",CMM-ELECTR-C32643-001,CMM-ELECTR-C32643-001,MAPPED_STANDALONE,STANDALONE,1.0,STANDALONE_IDENTITY,STANDALONE_CANONICAL_SYNTHESIS,1-to-1 deterministic identity mapping to governed Phase 8 standalone CMM candidate. Does not imply cross-CPSE equivalence or harmonization.,,,,,ELECTRICAL|COPPER_WOUND|66_KV|IS_12615
99f932fd-9728-5fdb-a5ef-46be586c11b8,NTPC,NTPC-200205,SPARE-0-15 m Coal Bunker Level Switch - SS316,CMM-INSTRU-C88038-001,CMM-INSTRU-C88038-001,MAPPED_STANDALONE,STANDALONE,1.0,STANDALONE_IDENTITY,STANDALONE_CANONICAL_SYNTHESIS,1-to-1 deterministic identity mapping to governed Phase 8 standalone CMM candidate. Does not imply cross-CPSE equivalence or harmonization.,,,,,INSTRUMENTATION|STAINLESS_STEEL|SS_316|0_15_M|IEC_60529
089af06d-7d1b-518f-bbd3-b596a84105d4,NTPC,NTPC-200206,IND.6.6 kV Boiler Feed Pump Motor - Copper Wound,CMM-ELECTR-1415A1-001,CMM-ELECTR-1415A1-001,MAPPED_STANDALONE,STANDALONE,1.0,STANDALONE_IDENTITY,STANDALONE_CANONICAL_SYNTHESIS,1-to-1 deterministic identity mapping to governed Phase 8 standalone CMM candidate. Does not imply cross-CPSE equivalence or harmonization.,,,,,ELECTRICAL|COPPER_WOUND|66_KV|IS_12615
afdeb678-8825-5023-a38d-aa9acaa4e508,NTPC,NTPC-200207,Coal Bunker Level Switch 0-15 m SS316,CMM-INSTRU-770DEC-001,CMM-INSTRU-770DEC-001,MAPPED_STANDALONE,STANDALONE,1.0,STANDALONE_IDENTITY,STANDALONE_CANONICAL_SYNTHESIS,1-to-1 deterministic identity mapping to governed Phase 8 standalone CMM candidate. Does not imply cross-CPSE equivalence or harmonization.,,,,,INSTRUMENTATION|STAINLESS_STEEL|SS_316|0_15_M|IEC_60529
d737ed8d-a9cf-52fb-be45-c889781a76ce,NTPC,NTPC-200208,"Boiler Feed Pump Motor, Copper Wound, SIZE 6.6 kV",CMM-ELECTR-C25892-001,CMM-ELECTR-C25892-001,MAPPED_STANDALONE,STANDALONE,1.0,STANDALONE_IDENTITY,STANDALONE_CANONICAL_SYNTHESIS,1-to-1 deterministic identity mapping to governed Phase 8 standalone CMM candidate. Does not imply cross-CPSE equivalence or harmonization.,,,,,ELECTRICAL|COPPER_WOUND|66_KV|IS_12615
937e965d-1dd8-5b2b-ad7f-75d345c1ba0f,NTPC,NTPC-200209,IND.BOILER FEED PUMP MOTOR 6.6 kV Copper Wound,CMM-ELECTR-9D6068-001,CMM-ELECTR-9D6068-001,MAPPED_STANDALONE,STANDALONE,1.0,STANDALONE_IDENTITY,STANDALONE_CANONICAL_SYNTHESIS,1-to-1 deterministic identity mapping to governed Phase 8 standalone CMM candidate. Does not imply cross-CPSE equivalence or harmonization.,,,,,ELECTRICAL|COPPER_WOUND|66_KV|100_M|IS_12615
791f0cf8-c9f1-5b94-b8bb-8b0e0a28c96c,NTPC,NTPC-200210,"STORES ITEM COAL BUNKER LEVEL SWITCH, SS316, SIZE 0-15 m",CMM-INSTRU-BC26EA-001,CMM-INSTRU-BC26EA-001,MAPPED_STANDALONE,STANDALONE,1.0,STANDALONE_IDENTITY,STANDALONE_CANONICAL_SYNTHESIS,1-to-1 deterministic identity mapping to governed Phase 8 standalone CMM candidate. Does not imply cross-CPSE equivalence or harmonization.,,,,,INSTRUMENTATION|STAINLESS_STEEL|SS_316|0_15_M|IEC_60529
5b2a5649-296c-56e1-a636-ec50a572bb49,NTPC,NTPC-200211,"Boiler Feed Pump Motor, Copper Wound, SIZE 6.6 kV",CMM-ELECTR-E2BC3C-001,CMM-ELECTR-E2BC3C-001,MAPPED_STANDALONE,STANDALONE,1.0,STANDALONE_IDENTITY,STANDALONE_CANONICAL_SYNTHESIS,1-to-1 deterministic identity mapping to governed Phase 8 standalone CMM candidate. Does not imply cross-CPSE equivalence or harmonization.,,,,,ELECTRICAL|COPPER_WOUND|66_KV|IS_12615
6c828e50-b890-57a2-b792-9aa16044d406,NTPC,NTPC-200212,STORES ITEM Boiler Feed Pump Motor Copper Wound 6.6 kV,CMM-ELECTR-430B1B-001,CMM-ELECTR-430B1B-001,MAPPED_STANDALONE,STANDALONE,1.0,STANDALONE_IDENTITY,STANDALONE_CANONICAL_SYNTHESIS,1-to-1 deterministic identity mapping to governed Phase 8 standalone CMM candidate. Does not imply cross-CPSE equivalence or harmonization.,,,,,ELECTRICAL|COPPER_WOUND|66_KV|IS_12615
e453f41c-8026-5f63-a35a-6149b0eb45d2,NTPC,NTPC-200213,"Coal Bunker Level Switch, SS316, SIZE 0-15 m",CMM-INSTRU-A1E54E-001,CMM-INSTRU-A1E54E-001,MAPPED_STANDALONE,STANDALONE,1.0,STANDALONE_IDENTITY,STANDALONE_CANONICAL_SYNTHESIS,1-to-1 deterministic identity mapping to governed Phase 8 standalone CMM candidate. Does not imply cross-CPSE equivalence or harmonization.,,,,,INSTRUMENTATION|STAINLESS_STEEL|SS_316|0_15_M|IEC_60529
826ea992-0151-5812-936c-96d7bdac914b,NTPC,NTPC-200214,STORES ITEM COAL BUNKER LEVEL SWITCH 0-15 m SS316,CMM-INSTRU-3CF0AA-001,CMM-INSTRU-3CF0AA-001,MAPPED_STANDALONE,STANDALONE,1.0,STANDALONE_IDENTITY,STANDALONE_CANONICAL_SYNTHESIS,1-to-1 deterministic identity mapping to governed Phase 8 standalone CMM candidate. Does not imply cross-CPSE equivalence or harmonization.,,,,,INSTRUMENTATION|STAINLESS_STEEL|SS_316|0_15_M|IEC_60529
1454cfc2-944e-5c5e-9913-5317942f80cc,NTPC,NTPC-200215,"COAL BUNKER LEVEL SWITCH, SS316, SIZE 0-15 m",CMM-INSTRU-C25520-001,CMM-INSTRU-C25520-001,MAPPED_STANDALONE,STANDALONE,1.0,STANDALONE_IDENTITY,STANDALONE_CANONICAL_SYNTHESIS,1-to-1 deterministic identity mapping to governed Phase 8 standalone CMM candidate. Does not imply cross-CPSE equivalence or harmonization.,,,,,INSTRUMENTATION|STAINLESS_STEEL|SS_316|0_15_M|IEC_60529
b3d8ed0d-dd6b-51b2-97fa-cef8e2ba19b3,NTPC,NTPC-200216,IND.Coal Bunker Level Switch 0-15 m SS316,CMM-INSTRU-984885-001,CMM-INSTRU-984885-001,MAPPED_STANDALONE,STANDALONE,1.0,STANDALONE_IDENTITY,STANDALONE_CANONICAL_SYNTHESIS,1-to-1 deterministic identity mapping to governed Phase 8 standalone CMM candidate. Does not imply cross-CPSE equivalence or harmonization.,,,,,INSTRUMENTATION|STAINLESS_STEEL|SS_316|0_15_M|IEC_60529
505157eb-ae67-5c5c-9f33-04909b7460be,NTPC,NTPC-200217,SPARE-Coal Bunker Level Switch 0-15 m SS316,CMM-INSTRU-B87CE6-001,CMM-INSTRU-B87CE6-001,MAPPED_STANDALONE,STANDALONE,1.0,STANDALONE_IDENTITY,STANDALONE_CANONICAL_SYNTHESIS,1-to-1 deterministic identity mapping to governed Phase 8 standalone CMM candidate. Does not imply cross-CPSE equivalence or harmonization.,,,,,INSTRUMENTATION|STAINLESS_STEEL|SS_316|0_15_M|IEC_60529
c073ea0c-26d6-56ef-9aba-ac42281347d2,NTPC,NTPC-200218,IND.6.6 kV BOILER FEED PUMP MOTOR - Copper Wound,CMM-ELECTR-8381A7-001,CMM-ELECTR-8381A7-001,MAPPED_STANDALONE,STANDALONE,1.0,STANDALONE_IDENTITY,STANDALONE_CANONICAL_SYNTHESIS,1-to-1 deterministic identity mapping to governed Phase 8 standalone CMM candidate. Does not imply cross-CPSE equivalence or harmonization.,,,,,ELECTRICAL|COPPER_WOUND|66_KV|100_M|IS_12615
ec74f3d7-96e7-5cce-8369-ed047c05dced,NTPC,NTPC-200219,Coal Bunker Level Switch SS316 0-15 m,CMM-INSTRU-201B86-001,CMM-INSTRU-201B86-001,MAPPED_STANDALONE,STANDALONE,1.0,STANDALONE_IDENTITY,STANDALONE_CANONICAL_SYNTHESIS,1-to-1 deterministic identity mapping to governed Phase 8 standalone CMM candidate. Does not imply cross-CPSE equivalence or harmonization.,,,,,INSTRUMENTATION|STAINLESS_STEEL|SS_316|0_15_M|IEC_60529
651afad8-c7fa-56d5-9ee2-16b9cb5a4b67,NTPC,NTPC-200220,SPARE-BOILER FEED PUMP MOTOR Copper Wound 6.6 kV,CMM-ELECTR-134D89-001,CMM-ELECTR-134D89-001,MAPPED_STANDALONE,STANDALONE,1.0,STANDALONE_IDENTITY,STANDALONE_CANONICAL_SYNTHESIS,1-to-1 deterministic identity mapping to governed Phase 8 standalone CMM candidate. Does not imply cross-CPSE equivalence or harmonization.,,,,,ELECTRICAL|COPPER_WOUND|66_KV|1000_M|IS_12615
7d2e73b2-55d1-5fe5-8bf9-f39e474cc1b2,NTPC,NTPC-200221,IND.Coal Bunker Level Switch SS316 0-15 m,CMM-INSTRU-3717F9-001,CMM-INSTRU-3717F9-001,MAPPED_STANDALONE,STANDALONE,1.0,STANDALONE_IDENTITY,STANDALONE_CANONICAL_SYNTHESIS,1-to-1 deterministic identity mapping to governed Phase 8 standalone CMM candidate. Does not imply cross-CPSE equivalence or harmonization.,,,,,INSTRUMENTATION|STAINLESS_STEEL|SS_316|0_15_M|IEC_60529
b98ac412-958a-59f5-bf72-77a0f0b1b671,NTPC,NTPC-200222,0-15 m Coal Bunker Level Switch - SS316,CMM-INSTRU-1A3D47-001,CMM-INSTRU-1A3D47-001,MAPPED_STANDALONE,STANDALONE,1.0,STANDALONE_IDENTITY,STANDALONE_CANONICAL_SYNTHESIS,1-to-1 deterministic identity mapping to governed Phase 8 standalone CMM candidate. Does not imply cross-CPSE equivalence or harmonization.,,,,,INSTRUMENTATION|STAINLESS_STEEL|SS_316|0_15_M|IEC_60529
7ff1ee87-f4ba-54ec-ba13-f0b8f1b916e8,NTPC,NTPC-200223,STORES ITEM COAL BUNKER LEVEL SWITCH 0-15 m SS316,CMM-INSTRU-58EF54-001,CMM-INSTRU-58EF54-001,MAPPED_STANDALONE,STANDALONE,1.0,STANDALONE_IDENTITY,STANDALONE_CANONICAL_SYNTHESIS,1-to-1 deterministic identity mapping to governed Phase 8 standalone CMM candidate. Does not imply cross-CPSE equivalence or harmonization.,,,,,INSTRUMENTATION|STAINLESS_STEEL|SS_316|0_15_M|IEC_60529
122640f9-b46f-51df-9e14-6290d102b90b,NTPC,NTPC-200224,IND.Boiler Feed Pump Motor Copper Wound 6.6 kV,CMM-ELECTR-E39403-001,CMM-ELECTR-E39403-001,MAPPED_STANDALONE,STANDALONE,1.0,STANDALONE_IDENTITY,STANDALONE_CANONICAL_SYNTHESIS,1-to-1 deterministic identity mapping to governed Phase 8 standalone CMM candidate. Does not imply cross-CPSE equivalence or harmonization.,,,,,ELECTRICAL|COPPER_WOUND|66_KV|100_M|IS_12615
f6e0a45f-88f3-5d29-979b-94b4a9452e18,NTPC,NTPC-200225,"STORES ITEM COAL BUNKER LEVEL SWITCH, SS316, SIZE 0-15 m",CMM-INSTRU-6B0B6E-001,CMM-INSTRU-6B0B6E-001,MAPPED_STANDALONE,STANDALONE,1.0,STANDALONE_IDENTITY,STANDALONE_CANONICAL_SYNTHESIS,1-to-1 deterministic identity mapping to governed Phase 8 standalone CMM candidate. Does not imply cross-CPSE equivalence or harmonization.,,,,,INSTRUMENTATION|STAINLESS_STEEL|SS_316|0_15_M|IEC_60529
bd591f01-b15d-5ae5-a133-aed7251cfe67,NTPC,NTPC-200226,STORES ITEM 6.6 kV Boiler Feed Pump Motor - Copper Wound,CMM-ELECTR-1B4C8C-001,CMM-ELECTR-1B4C8C-001,MAPPED_STANDALONE,STANDALONE,1.0,STANDALONE_IDENTITY,STANDALONE_CANONICAL_SYNTHESIS,1-to-1 deterministic identity mapping to governed Phase 8 standalone CMM candidate. Does not imply cross-CPSE equivalence or harmonization.,,,,,ELECTRICAL|COPPER_WOUND|66_KV|100_M|IS_12615
a1689811-1801-5886-919f-f3ff3b5afb62,NTPC,NTPC-200227,"BOILER FEED PUMP MOTOR, Copper Wound, SIZE 6.6 kV",CMM-ELECTR-A55AE9-001,CMM-ELECTR-A55AE9-001,MAPPED_STANDALONE,STANDALONE,1.0,STANDALONE_IDENTITY,STANDALONE_CANONICAL_SYNTHESIS,1-to-1 deterministic identity mapping to governed Phase 8 standalone CMM candidate. Does not imply cross-CPSE equivalence or harmonization.,,,,,ELECTRICAL|COPPER_WOUND|66_KV|1000_M|IS_12615
bf0af1e1-6884-5011-b0e7-36418c94d631,NTPC,NTPC-200228,"IND.Boiler Feed Pump Motor, Copper Wound, SIZE 6.6 kV",CMM-ELECTR-FB578D-001,CMM-ELECTR-FB578D-001,MAPPED_STANDALONE,STANDALONE,1.0,STANDALONE_IDENTITY,STANDALONE_CANONICAL_SYNTHESIS,1-to-1 deterministic identity mapping to governed Phase 8 standalone CMM candidate. Does not imply cross-CPSE equivalence or harmonization.,,,,,ELECTRICAL|COPPER_WOUND|66_KV|500_M|IS_12615
7c634f76-9de9-59d0-a38f-6dcb8ddba66e,NTPC,NTPC-200229,COAL BUNKER LEVEL SWITCH 0-15 m SS316,CMM-INSTRU-8F40E1-001,CMM-INSTRU-8F40E1-001,MAPPED_STANDALONE,STANDALONE,1.0,STANDALONE_IDENTITY,STANDALONE_CANONICAL_SYNTHESIS,1-to-1 deterministic identity mapping to governed Phase 8 standalone CMM candidate. Does not imply cross-CPSE equivalence or harmonization.,,,,,INSTRUMENTATION|STAINLESS_STEEL|SS_316|0_15_M|IEC_60529
d9d5f486-d66a-5f68-a2f7-54ba5610b41a,NTPC,NTPC-200230,IND.6.6 kV Boiler Feed Pump Motor - Copper Wound,CMM-ELECTR-5F5D06-001,CMM-ELECTR-5F5D06-001,MAPPED_STANDALONE,STANDALONE,1.0,STANDALONE_IDENTITY,STANDALONE_CANONICAL_SYNTHESIS,1-to-1 deterministic identity mapping to governed Phase 8 standalone CMM candidate. Does not imply cross-CPSE equivalence or harmonization.,,,,,ELECTRICAL|COPPER_WOUND|66_KV|1000_M|IS_12615
4a326ac0-d679-56a4-956a-074c540e3001,NTPC,NTPC-200231,STORES ITEM Boiler Feed Pump Motor Copper Wound 6.6 kV,CMM-ELECTR-8FF92B-001,CMM-ELECTR-8FF92B-001,MAPPED_STANDALONE,STANDALONE,1.0,STANDALONE_IDENTITY,STANDALONE_CANONICAL_SYNTHESIS,1-to-1 deterministic identity mapping to governed Phase 8 standalone CMM candidate. Does not imply cross-CPSE equivalence or harmonization.,,,,,ELECTRICAL|COPPER_WOUND|66_KV|1000_M|IS_12615
0708e19e-ab6b-5313-952b-8e9ca34c326f,NTPC,NTPC-200232,"COAL BUNKER LEVEL SWITCH, SS316, SIZE 0-15 m",CMM-INSTRU-CB6E34-001,CMM-INSTRU-CB6E34-001,MAPPED_STANDALONE,STANDALONE,1.0,STANDALONE_IDENTITY,STANDALONE_CANONICAL_SYNTHESIS,1-to-1 deterministic identity mapping to governed Phase 8 standalone CMM candidate. Does not imply cross-CPSE equivalence or harmonization.,,,,,INSTRUMENTATION|STAINLESS_STEEL|SS_316|0_15_M|IEC_60529
bef25d8d-c2ee-5370-b0c7-77844f32c3a9,NTPC,NTPC-200233,BOILER FEED PUMP MOTOR 6.6 kV Copper Wound,CMM-ELECTR-69B125-001,CMM-ELECTR-69B125-001,MAPPED_STANDALONE,STANDALONE,1.0,STANDALONE_IDENTITY,STANDALONE_CANONICAL_SYNTHESIS,1-to-1 deterministic identity mapping to governed Phase 8 standalone CMM candidate. Does not imply cross-CPSE equivalence or harmonization.,,,,,ELECTRICAL|COPPER_WOUND|66_KV|IS_12615
2e1b11a0-fc4d-5b21-8816-be7a10f1d7fb,NTPC,NTPC-200234,STORES ITEM BOILER FEED PUMP MOTOR 6.6 kV Copper Wound,CMM-ELECTR-4BEE8D-001,CMM-ELECTR-4BEE8D-001,MAPPED_STANDALONE,STANDALONE,1.0,STANDALONE_IDENTITY,STANDALONE_CANONICAL_SYNTHESIS,1-to-1 deterministic identity mapping to governed Phase 8 standalone CMM candidate. Does not imply cross-CPSE equivalence or harmonization.,,,,,ELECTRICAL|COPPER_WOUND|66_KV|100_M|IS_12615
f67e2c1e-b39d-548c-82e9-5281f02f2c50,NTPC,NTPC-200235,SPARE-6.6 kV Boiler Feed Pump Motor - Copper Wound,CMM-ELECTR-CB50EA-001,CMM-ELECTR-CB50EA-001,MAPPED_STANDALONE,STANDALONE,1.0,STANDALONE_IDENTITY,STANDALONE_CANONICAL_SYNTHESIS,1-to-1 deterministic identity mapping to governed Phase 8 standalone CMM candidate. Does not imply cross-CPSE equivalence or harmonization.,,,,,ELECTRICAL|COPPER_WOUND|66_KV|IS_12615
51af1b09-5030-5365-a0f7-fcde73902f68,NTPC,NTPC-200236,COAL BUNKER LEVEL SWITCH 0-15 m SS316,CMM-INSTRU-4B7871-001,CMM-INSTRU-4B7871-001,MAPPED_STANDALONE,STANDALONE,1.0,STANDALONE_IDENTITY,STANDALONE_CANONICAL_SYNTHESIS,1-to-1 deterministic identity mapping to governed Phase 8 standalone CMM candidate. Does not imply cross-CPSE equivalence or harmonization.,,,,,INSTRUMENTATION|STAINLESS_STEEL|SS_316|0_15_M|IEC_60529
fc3ff6e0-4dc6-599c-9f8b-7bb7f207c957,NTPC,NTPC-200237,SPARE-BOILER FEED PUMP MOTOR Copper Wound 6.6 kV,CMM-ELECTR-B5115D-001,CMM-ELECTR-B5115D-001,MAPPED_STANDALONE,STANDALONE,1.0,STANDALONE_IDENTITY,STANDALONE_CANONICAL_SYNTHESIS,1-to-1 deterministic identity mapping to governed Phase 8 standalone CMM candidate. Does not imply cross-CPSE equivalence or harmonization.,,,,,ELECTRICAL|COPPER_WOUND|66_KV|1000_M|IS_12615
01a3c8ce-2b73-51e1-98d5-c922708ce5b0,NTPC,NTPC-200238,Coal Bunker Level Switch SS316 0-15 m,CMM-INSTRU-17D92D-001,CMM-INSTRU-17D92D-001,MAPPED_STANDALONE,STANDALONE,1.0,STANDALONE_IDENTITY,STANDALONE_CANONICAL_SYNTHESIS,1-to-1 deterministic identity mapping to governed Phase 8 standalone CMM candidate. Does not imply cross-CPSE equivalence or harmonization.,,,,,INSTRUMENTATION|STAINLESS_STEEL|SS_316|0_15_M|IEC_60529
afc3725f-f6e9-5beb-a6a3-4985c0f3aa11,NTPC,NTPC-200239,0-15 m Coal Bunker Level Switch - SS316,CMM-INSTRU-AECA78-001,CMM-INSTRU-AECA78-001,MAPPED_STANDALONE,STANDALONE,1.0,STANDALONE_IDENTITY,STANDALONE_CANONICAL_SYNTHESIS,1-to-1 deterministic identity mapping to governed Phase 8 standalone CMM candidate. Does not imply cross-CPSE equivalence or harmonization.,,,,,INSTRUMENTATION|STAINLESS_STEEL|SS_316|0_15_M|IEC_60529
4a396152-cfa4-5870-9dbd-951c6ba68d15,NTPC,NTPC-200240,"Coal Bunker Level Switch, SS316, SIZE 0-15 m",CMM-INSTRU-B2DA61-001,CMM-INSTRU-B2DA61-001,MAPPED_STANDALONE,STANDALONE,1.0,STANDALONE_IDENTITY,STANDALONE_CANONICAL_SYNTHESIS,1-to-1 deterministic identity mapping to governed Phase 8 standalone CMM candidate. Does not imply cross-CPSE equivalence or harmonization.,,,,,INSTRUMENTATION|STAINLESS_STEEL|SS_316|0_15_M|IEC_60529
1828d88c-3034-5c4b-8b88-e35e7f842e81,NTPC,NTPC-200241,"IND.Coal Bunker Level Switch, SS316, SIZE 0-15 m",CMM-INSTRU-B9CBD1-001,CMM-INSTRU-B9CBD1-001,MAPPED_STANDALONE,STANDALONE,1.0,STANDALONE_IDENTITY,STANDALONE_CANONICAL_SYNTHESIS,1-to-1 deterministic identity mapping to governed Phase 8 standalone CMM candidate. Does not imply cross-CPSE equivalence or harmonization.,,,,,INSTRUMENTATION|STAINLESS_STEEL|SS_316|0_15_M|IEC_60529
88ddd59f-795c-516d-9f9f-9bec2ddd41a7,NTPC,NTPC-200242,IND.0-15 m Coal Bunker Level Switch - SS316,CMM-INSTRU-F5D31C-001,CMM-INSTRU-F5D31C-001,MAPPED_STANDALONE,STANDALONE,1.0,STANDALONE_IDENTITY,STANDALONE_CANONICAL_SYNTHESIS,1-to-1 deterministic identity mapping to governed Phase 8 standalone CMM candidate. Does not imply cross-CPSE equivalence or harmonization.,,,,,INSTRUMENTATION|STAINLESS_STEEL|SS_316|0_15_M|IEC_60529
19ea5428-6dde-5228-9976-4eaa28bb1f19,NTPC,NTPC-200243,IND.Coal Bunker Level Switch 0-15 m SS316,CMM-INSTRU-A280D1-001,CMM-INSTRU-A280D1-001,MAPPED_STANDALONE,STANDALONE,1.0,STANDALONE_IDENTITY,STANDALONE_CANONICAL_SYNTHESIS,1-to-1 deterministic identity mapping to governed Phase 8 standalone CMM candidate. Does not imply cross-CPSE equivalence or harmonization.,,,,,INSTRUMENTATION|STAINLESS_STEEL|SS_316|0_15_M|IEC_60529
44cacd42-7864-53b6-98cb-78bf12f7c9a9,NTPC,NTPC-200244,Boiler Feed Pump Motor Copper Wound 6.6 kV,CMM-ELECTR-BC2BE2-001,CMM-ELECTR-BC2BE2-001,MAPPED_STANDALONE,STANDALONE,1.0,STANDALONE_IDENTITY,STANDALONE_CANONICAL_SYNTHESIS,1-to-1 deterministic identity mapping to governed Phase 8 standalone CMM candidate. Does not imply cross-CPSE equivalence or harmonization.,,,,,ELECTRICAL|COPPER_WOUND|66_KV|IS_12615
f6055677-b5b4-5098-9c39-438309fef739,NTPC,NTPC-200245,6.6 kV Boiler Feed Pump Motor - Copper Wound,CMM-ELECTR-6CF258-001,CMM-ELECTR-6CF258-001,MAPPED_STANDALONE,STANDALONE,1.0,STANDALONE_IDENTITY,STANDALONE_CANONICAL_SYNTHESIS,1-to-1 deterministic identity mapping to governed Phase 8 standalone CMM candidate. Does not imply cross-CPSE equivalence or harmonization.,,,,,ELECTRICAL|COPPER_WOUND|66_KV|1000_M|IS_12615
e1fa3e59-a94e-5a0e-ab58-fa81e063a8c4,NTPC,NTPC-200246,SPARE-BOILER FEED PUMP MOTOR 6.6 kV Copper Wound,CMM-ELECTR-1729E4-001,CMM-ELECTR-1729E4-001,MAPPED_STANDALONE,STANDALONE,1.0,STANDALONE_IDENTITY,STANDALONE_CANONICAL_SYNTHESIS,1-to-1 deterministic identity mapping to governed Phase 8 standalone CMM candidate. Does not imply cross-CPSE equivalence or harmonization.,,,,,ELECTRICAL|COPPER_WOUND|66_KV|500_M|IS_12615
97f0102e-8207-5f6a-b13c-322a4b524a0b,NTPC,NTPC-200247,6.6 kV Boiler Feed Pump Motor - Copper Wound,CMM-ELECTR-A1C20A-001,CMM-ELECTR-A1C20A-001,MAPPED_STANDALONE,STANDALONE,1.0,STANDALONE_IDENTITY,STANDALONE_CANONICAL_SYNTHESIS,1-to-1 deterministic identity mapping to governed Phase 8 standalone CMM candidate. Does not imply cross-CPSE equivalence or harmonization.,,,,,ELECTRICAL|COPPER_WOUND|66_KV|1000_M|IS_12615
6c3bf881-4e87-5b45-8de7-cb0c60698211,NTPC,NTPC-200248,Coal Bunker Level Switch SS316 0-15 m,CMM-INSTRU-6E3A7C-001,CMM-INSTRU-6E3A7C-001,MAPPED_STANDALONE,STANDALONE,1.0,STANDALONE_IDENTITY,STANDALONE_CANONICAL_SYNTHESIS,1-to-1 deterministic identity mapping to governed Phase 8 standalone CMM candidate. Does not imply cross-CPSE equivalence or harmonization.,,,,,INSTRUMENTATION|STAINLESS_STEEL|SS_316|0_15_M|IEC_60529
888886b0-73aa-5a80-a60a-f905a4d05415,NTPC,NTPC-200249,"BOILER FEED PUMP MOTOR, Copper Wound, SIZE 6.6 kV",CMM-ELECTR-AD1990-001,CMM-ELECTR-AD1990-001,MAPPED_STANDALONE,STANDALONE,1.0,STANDALONE_IDENTITY,STANDALONE_CANONICAL_SYNTHESIS,1-to-1 deterministic identity mapping to governed Phase 8 standalone CMM candidate. Does not imply cross-CPSE equivalence or harmonization.,,,,,ELECTRICAL|COPPER_WOUND|66_KV|500_M|IS_12615
8b48de53-13f0-5c1d-be75-c2e297ba2192,NTPC,NTPC-200250,"IND.Boiler Feed Pump Motor, Copper Wound, SIZE 6.6 kV",CMM-ELECTR-42C083-001,CMM-ELECTR-42C083-001,MAPPED_STANDALONE,STANDALONE,1.0,STANDALONE_IDENTITY,STANDALONE_CANONICAL_SYNTHESIS,1-to-1 deterministic identity mapping to governed Phase 8 standalone CMM candidate. Does not imply cross-CPSE equivalence or harmonization.,,,,,ELECTRICAL|COPPER_WOUND|66_KV|IS_12615
3f91379a-4208-5462-bb8a-5d3990f17266,NTPC,NTPC-200251,6.6 kV BOILER FEED PUMP MOTOR - Copper Wound,CMM-ELECTR-9B9571-001,CMM-ELECTR-9B9571-001,MAPPED_STANDALONE,STANDALONE,1.0,STANDALONE_IDENTITY,STANDALONE_CANONICAL_SYNTHESIS,1-to-1 deterministic identity mapping to governed Phase 8 standalone CMM candidate. Does not imply cross-CPSE equivalence or harmonization.,,,,,ELECTRICAL|COPPER_WOUND|66_KV|IS_12615
67847b93-c59e-5dd4-99af-d473f1640a7f,NTPC,NTPC-200252,Coal Bunker Level Switch 0-15 m SS316,CMM-INSTRU-B41971-001,CMM-INSTRU-B41971-001,MAPPED_STANDALONE,STANDALONE,1.0,STANDALONE_IDENTITY,STANDALONE_CANONICAL_SYNTHESIS,1-to-1 deterministic identity mapping to governed Phase 8 standalone CMM candidate. Does not imply cross-CPSE equivalence or harmonization.,,,,,INSTRUMENTATION|STAINLESS_STEEL|SS_316|0_15_M|IEC_60529
d0f5a6b0-62bb-59be-84cb-87a39727b224,NTPC,NTPC-200253,SPARE-Boiler Feed Pump Motor 6.6 kV Copper Wound,CMM-ELECTR-2093AE-001,CMM-ELECTR-2093AE-001,MAPPED_STANDALONE,STANDALONE,1.0,STANDALONE_IDENTITY,STANDALONE_CANONICAL_SYNTHESIS,1-to-1 deterministic identity mapping to governed Phase 8 standalone CMM candidate. Does not imply cross-CPSE equivalence or harmonization.,,,,,ELECTRICAL|COPPER_WOUND|66_KV|IS_12615
ebc5c6ae-000c-54f6-960c-b7310f269e2b,NTPC,NTPC-200254,6.6 kV BOILER FEED PUMP MOTOR - Copper Wound,CMM-ELECTR-F3C541-001,CMM-ELECTR-F3C541-001,MAPPED_STANDALONE,STANDALONE,1.0,STANDALONE_IDENTITY,STANDALONE_CANONICAL_SYNTHESIS,1-to-1 deterministic identity mapping to governed Phase 8 standalone CMM candidate. Does not imply cross-CPSE equivalence or harmonization.,,,,,ELECTRICAL|COPPER_WOUND|66_KV|IS_12615
02efb440-ad05-5936-91ce-cbfd4315529e,NTPC,NTPC-200255,"Coal Bunker Level Switch, SS316, SIZE 0-15 m",CMM-INSTRU-9440ED-001,CMM-INSTRU-9440ED-001,MAPPED_STANDALONE,STANDALONE,1.0,STANDALONE_IDENTITY,STANDALONE_CANONICAL_SYNTHESIS,1-to-1 deterministic identity mapping to governed Phase 8 standalone CMM candidate. Does not imply cross-CPSE equivalence or harmonization.,,,,,INSTRUMENTATION|STAINLESS_STEEL|SS_316|0_15_M|IEC_60529
c4f91007-b9d4-5420-b0df-ed257d4841e9,NTPC,NTPC-200256,STORES ITEM Coal Bunker Level Switch 0-15 m SS316,CMM-INSTRU-4981D6-001,CMM-INSTRU-4981D6-001,MAPPED_STANDALONE,STANDALONE,1.0,STANDALONE_IDENTITY,STANDALONE_CANONICAL_SYNTHESIS,1-to-1 deterministic identity mapping to governed Phase 8 standalone CMM candidate. Does not imply cross-CPSE equivalence or harmonization.,,,,,INSTRUMENTATION|STAINLESS_STEEL|SS_316|0_15_M|IEC_60529
1f2c119f-bafa-52f2-a072-ab721fb6bd6c,NTPC,NTPC-200257,"SPARE-BOILER FEED PUMP MOTOR, Copper Wound, SIZE 6.6 kV",CMM-ELECTR-45D485-001,CMM-ELECTR-45D485-001,MAPPED_STANDALONE,STANDALONE,1.0,STANDALONE_IDENTITY,STANDALONE_CANONICAL_SYNTHESIS,1-to-1 deterministic identity mapping to governed Phase 8 standalone CMM candidate. Does not imply cross-CPSE equivalence or harmonization.,,,,,ELECTRICAL|COPPER_WOUND|66_KV|1000_M|IS_12615
f73a04f5-c7f3-5548-97ad-96bdfb7e4c23,NTPC,NTPC-200258,STORES ITEM COAL BUNKER LEVEL SWITCH 0-15 m SS316,CMM-INSTRU-617080-001,CMM-INSTRU-617080-001,MAPPED_STANDALONE,STANDALONE,1.0,STANDALONE_IDENTITY,STANDALONE_CANONICAL_SYNTHESIS,1-to-1 deterministic identity mapping to governed Phase 8 standalone CMM candidate. Does not imply cross-CPSE equivalence or harmonization.,,,,,INSTRUMENTATION|STAINLESS_STEEL|SS_316|0_15_M|IEC_60529
69895436-f64c-5c5c-a597-68e91f68e9e6,NTPC,NTPC-200259,IND.BOILER FEED PUMP MOTOR Copper Wound 6.6 kV,CMM-ELECTR-92CF3A-001,CMM-ELECTR-92CF3A-001,MAPPED_STANDALONE,STANDALONE,1.0,STANDALONE_IDENTITY,STANDALONE_CANONICAL_SYNTHESIS,1-to-1 deterministic identity mapping to governed Phase 8 standalone CMM candidate. Does not imply cross-CPSE equivalence or harmonization.,,,,,ELECTRICAL|COPPER_WOUND|66_KV|1000_M|IS_12615
470944d3-32cb-5d32-ac0b-e1c79cbc3050,NTPC,NTPC-200260,STORES ITEM 0-15 m COAL BUNKER LEVEL SWITCH - SS316,CMM-INSTRU-192BB2-001,CMM-INSTRU-192BB2-001,MAPPED_STANDALONE,STANDALONE,1.0,STANDALONE_IDENTITY,STANDALONE_CANONICAL_SYNTHESIS,1-to-1 deterministic identity mapping to governed Phase 8 standalone CMM candidate. Does not imply cross-CPSE equivalence or harmonization.,,,,,INSTRUMENTATION|STAINLESS_STEEL|SS_316|0_15_M|IEC_60529
ea3fcaf8-1440-54c0-9b8f-8b7f89d23ae9,NTPC,NTPC-200261,IND.COAL BUNKER LEVEL SWITCH 0-15 m SS316,CMM-INSTRU-38AF26-001,CMM-INSTRU-38AF26-001,MAPPED_STANDALONE,STANDALONE,1.0,STANDALONE_IDENTITY,STANDALONE_CANONICAL_SYNTHESIS,1-to-1 deterministic identity mapping to governed Phase 8 standalone CMM candidate. Does not imply cross-CPSE equivalence or harmonization.,,,,,INSTRUMENTATION|STAINLESS_STEEL|SS_316|0_15_M|IEC_60529
74417196-a40c-5805-a433-a18754c05e48,NTPC,NTPC-200262,IND.0-15 m COAL BUNKER LEVEL SWITCH - SS316,CMM-INSTRU-7F6F9D-001,CMM-INSTRU-7F6F9D-001,MAPPED_STANDALONE,STANDALONE,1.0,STANDALONE_IDENTITY,STANDALONE_CANONICAL_SYNTHESIS,1-to-1 deterministic identity mapping to governed Phase 8 standalone CMM candidate. Does not imply cross-CPSE equivalence or harmonization.,,,,,INSTRUMENTATION|STAINLESS_STEEL|SS_316|0_15_M|IEC_60529
9ae3e732-d453-5bba-bd90-d43fcf5b2e77,NTPC,NTPC-200263,"STORES ITEM BOILER FEED PUMP MOTOR, Copper Wound, SIZE 6.6 kV",CMM-ELECTR-83697B-001,CMM-ELECTR-83697B-001,MAPPED_STANDALONE,STANDALONE,1.0,STANDALONE_IDENTITY,STANDALONE_CANONICAL_SYNTHESIS,1-to-1 deterministic identity mapping to governed Phase 8 standalone CMM candidate. Does not imply cross-CPSE equivalence or harmonization.,,,,,ELECTRICAL|COPPER_WOUND|66_KV|100_M|IS_12615
d8bd67c4-e9c3-5608-ab03-ba01f329fbde,NTPC,NTPC-200264,STORES ITEM Coal Bunker Level Switch SS316 0-15 m,CMM-INSTRU-86F6A1-001,CMM-INSTRU-86F6A1-001,MAPPED_STANDALONE,STANDALONE,1.0,STANDALONE_IDENTITY,STANDALONE_CANONICAL_SYNTHESIS,1-to-1 deterministic identity mapping to governed Phase 8 standalone CMM candidate. Does not imply cross-CPSE equivalence or harmonization.,,,,,INSTRUMENTATION|STAINLESS_STEEL|SS_316|0_15_M|IEC_60529
eb296ede-95d3-51fd-a267-d298de857655,NTPC,NTPC-200265,SPARE-6.6 kV Boiler Feed Pump Motor - Copper Wound,CMM-ELECTR-5D0DEF-001,CMM-ELECTR-5D0DEF-001,MAPPED_STANDALONE,STANDALONE,1.0,STANDALONE_IDENTITY,STANDALONE_CANONICAL_SYNTHESIS,1-to-1 deterministic identity mapping to governed Phase 8 standalone CMM candidate. Does not imply cross-CPSE equivalence or harmonization.,,,,,ELECTRICAL|COPPER_WOUND|66_KV|1000_M|IS_12615
6f9795bc-b57b-517d-b8f1-a2f617f8a25e,NTPC,NTPC-200266,COAL BUNKER LEVEL SWITCH 0-15 m SS316,CMM-INSTRU-98114D-001,CMM-INSTRU-98114D-001,MAPPED_STANDALONE,STANDALONE,1.0,STANDALONE_IDENTITY,STANDALONE_CANONICAL_SYNTHESIS,1-to-1 deterministic identity mapping to governed Phase 8 standalone CMM candidate. Does not imply cross-CPSE equivalence or harmonization.,,,,,INSTRUMENTATION|STAINLESS_STEEL|SS_316|0_15_M|IEC_60529
3d55a1e6-ee28-59af-9ae0-b8752b4b0972,NTPC,NTPC-200267,BOILER FEED PUMP MOTOR 6.6 kV Copper Wound,CMM-ELECTR-9BB755-001,CMM-ELECTR-9BB755-001,MAPPED_STANDALONE,STANDALONE,1.0,STANDALONE_IDENTITY,STANDALONE_CANONICAL_SYNTHESIS,1-to-1 deterministic identity mapping to governed Phase 8 standalone CMM candidate. Does not imply cross-CPSE equivalence or harmonization.,,,,,ELECTRICAL|COPPER_WOUND|66_KV|IS_12615
4528a757-3769-5905-b41f-48056f41d25e,NTPC,NTPC-200268,STORES ITEM Boiler Feed Pump Motor 6.6 kV Copper Wound,CMM-ELECTR-3CC9FD-001,CMM-ELECTR-3CC9FD-001,MAPPED_STANDALONE,STANDALONE,1.0,STANDALONE_IDENTITY,STANDALONE_CANONICAL_SYNTHESIS,1-to-1 deterministic identity mapping to governed Phase 8 standalone CMM candidate. Does not imply cross-CPSE equivalence or harmonization.,,,,,ELECTRICAL|COPPER_WOUND|66_KV|1000_M|IS_12615
504cc923-d450-5a51-83a4-9046549e04c6,NTPC,NTPC-200269,IND.COAL BUNKER LEVEL SWITCH SS316 0-15 m,CMM-INSTRU-83BD2D-001,CMM-INSTRU-83BD2D-001,MAPPED_STANDALONE,STANDALONE,1.0,STANDALONE_IDENTITY,STANDALONE_CANONICAL_SYNTHESIS,1-to-1 deterministic identity mapping to governed Phase 8 standalone CMM candidate. Does not imply cross-CPSE equivalence or harmonization.,,,,,INSTRUMENTATION|STAINLESS_STEEL|SS_316|0_15_M|IEC_60529
4a8ea3eb-8841-58cc-8943-a84b30154d21,NTPC,NTPC-200270,"SPARE-COAL BUNKER LEVEL SWITCH, SS316, SIZE 0-15 m",CMM-INSTRU-557134-001,CMM-INSTRU-557134-001,MAPPED_STANDALONE,STANDALONE,1.0,STANDALONE_IDENTITY,STANDALONE_CANONICAL_SYNTHESIS,1-to-1 deterministic identity mapping to governed Phase 8 standalone CMM candidate. Does not imply cross-CPSE equivalence or harmonization.,,,,,INSTRUMENTATION|STAINLESS_STEEL|SS_316|0_15_M|IEC_60529
ca7095e2-3f4d-5e4f-80c5-351694857127,NTPC,NTPC-200271,6.6 kV BOILER FEED PUMP MOTOR - Copper Wound,CMM-ELECTR-9FD986-001,CMM-ELECTR-9FD986-001,MAPPED_STANDALONE,STANDALONE,1.0,STANDALONE_IDENTITY,STANDALONE_CANONICAL_SYNTHESIS,1-to-1 deterministic identity mapping to governed Phase 8 standalone CMM candidate. Does not imply cross-CPSE equivalence or harmonization.,,,,,ELECTRICAL|COPPER_WOUND|66_KV|500_M|IS_12615
72250f49-f641-5a88-8f16-2ae343e85050,NTPC,NTPC-200272,6.6 kV Boiler Feed Pump Motor - Copper Wound,CMM-ELECTR-AA84A6-001,CMM-ELECTR-AA84A6-001,MAPPED_STANDALONE,STANDALONE,1.0,STANDALONE_IDENTITY,STANDALONE_CANONICAL_SYNTHESIS,1-to-1 deterministic identity mapping to governed Phase 8 standalone CMM candidate. Does not imply cross-CPSE equivalence or harmonization.,,,,,ELECTRICAL|COPPER_WOUND|66_KV|100_M|IS_12615
3c406bf2-4035-523d-a221-0b3b52779c1d,NTPC,NTPC-200273,SPARE-6.6 kV BOILER FEED PUMP MOTOR - Copper Wound,CMM-ELECTR-CD68BD-001,CMM-ELECTR-CD68BD-001,MAPPED_STANDALONE,STANDALONE,1.0,STANDALONE_IDENTITY,STANDALONE_CANONICAL_SYNTHESIS,1-to-1 deterministic identity mapping to governed Phase 8 standalone CMM candidate. Does not imply cross-CPSE equivalence or harmonization.,,,,,ELECTRICAL|COPPER_WOUND|66_KV|IS_12615
e2e1882c-81af-540d-b8d6-67b5a2d59fe4,NTPC,NTPC-200274,STORES ITEM 6.6 kV Boiler Feed Pump Motor - Copper Wound,CMM-ELECTR-5E70EC-001,CMM-ELECTR-5E70EC-001,MAPPED_STANDALONE,STANDALONE,1.0,STANDALONE_IDENTITY,STANDALONE_CANONICAL_SYNTHESIS,1-to-1 deterministic identity mapping to governed Phase 8 standalone CMM candidate. Does not imply cross-CPSE equivalence or harmonization.,,,,,ELECTRICAL|COPPER_WOUND|66_KV|100_M|IS_12615
b4b60aa2-a625-5344-be8d-a0a0220d670e,NTPC,NTPC-200275,SPARE-Coal Bunker Level Switch 0-15 m SS316,CMM-INSTRU-A66AB3-001,CMM-INSTRU-A66AB3-001,MAPPED_STANDALONE,STANDALONE,1.0,STANDALONE_IDENTITY,STANDALONE_CANONICAL_SYNTHESIS,1-to-1 deterministic identity mapping to governed Phase 8 standalone CMM candidate. Does not imply cross-CPSE equivalence or harmonization.,,,,,INSTRUMENTATION|STAINLESS_STEEL|SS_316|0_15_M|IEC_60529
e1b2205c-429e-5d11-93d9-1d68aa9633f4,ONGC,ONGC-100001,6304 BRG BALL - Stainless Steel,CMM-BEARNG-98CF95-001,CMM-BEARNG-98CF95-001,MAPPED_VERIFIED,DIRECT_ACCEPTED,1.0,VERIFIED_CROSS_CPSE,HUMAN_ACCEPTED_HARMONIZATION,Verified cross-CPSE harmonization mapping supported by Phase 7 human review ACCEPT on candidate CAN-000063 with cryptographic evidence hash ...,CAN-000063,VALIDATED_COMPATIBLE,ACCEPT,,BEARING|BALL_BEARING|STAINLESS_STEEL|STAINLESS_STEEL|6304
f1da913e-839e-5910-be3c-97d382ba5821,ONGC,ONGC-100002,STORES ITEM Centrifugal Pump DN 100 SS316,CMM-PUMP-EFB17A-001,CMM-PUMP-EFB17A-001,MAPPED_VERIFIED,DIRECT_ACCEPTED,1.0,VERIFIED_CROSS_CPSE,HUMAN_ACCEPTED_HARMONIZATION,Verified cross-CPSE harmonization mapping supported by Phase 7 human review ACCEPT on candidate CAN-000245 with cryptographic evidence hash ...,CAN-000245,VALIDATED_COMPATIBLE,ACCEPT,,PUMP|CENTRIFUGAL_PUMP|STAINLESS_STEEL|SS_316|DN_100|API_610
13b8090c-c271-51a6-8156-eff2ef53ded8,ONGC,ONGC-100003,IND.RECIPROCATING PUMP DN 80 Carbon Steel,CMM-PUMP-986768-001,CMM-PUMP-986768-001,MAPPED_VERIFIED,DIRECT_ACCEPTED,1.0,VERIFIED_CROSS_CPSE,HUMAN_ACCEPTED_HARMONIZATION,Verified cross-CPSE harmonization mapping supported by Phase 7 human review ACCEPT on candidate CAN-000575 with cryptographic evidence hash ...,CAN-000575,VALIDATED_COMPATIBLE,ACCEPT,,PUMP|CARBON_STEEL|CARBON_STEEL|DN_80|DN_80|IS_1520|PTFE_LINED
7950cb97-4ea7-5bea-81f3-81209314f171,ONGC,ONGC-100004,"Flange, IS 2062, SIZE DN 50",CMM-PIPEF-779420-001,CMM-PIPEF-779420-001,MAPPED_VERIFIED,DIRECT_ACCEPTED,1.0,VERIFIED_CROSS_CPSE,HUMAN_ACCEPTED_HARMONIZATION,Verified cross-CPSE harmonization mapping supported by Phase 7 human review ACCEPT on candidate CAN-000723 with cryptographic evidence hash ...,CAN-000723,VALIDATED_COMPATIBLE,ACCEPT,,PIPE_FITTING|FLANGE|IS_2062|DN_50|12_M|150_MM|ASME_B165|GALVANIZED
7540bd8c-328a-5ba8-a958-d59c6fc6b05a,ONGC,ONGC-100005,STORES ITEM Gate Valve 2 in LCB,CMM-VALVE-758633-001,CMM-VALVE-758633-001,MAPPED_VERIFIED,DIRECT_ACCEPTED,1.0,VERIFIED_CROSS_CPSE,HUMAN_ACCEPTED_HARMONIZATION,Verified cross-CPSE harmonization mapping supported by Phase 7 human review ACCEPT on candidate CAN-000843 with cryptographic evidence hash ...,CAN-000843,VALIDATED_COMPATIBLE,ACCEPT,,VALVE|GATE_VALVE|LCB|2_IN|API_600
7471b855-76e8-56a6-80a2-51d299e158e4,ONGC,ONGC-100006,SPARE-6 in PIPE SMLS - SS316L,CMM-PIPEF-4E2A15-001,CMM-PIPEF-4E2A15-001,MAPPED_VERIFIED,DIRECT_ACCEPTED,1.0,VERIFIED_CROSS_CPSE,HUMAN_ACCEPTED_HARMONIZATION,Verified cross-CPSE harmonization mapping supported by Phase 7 human review ACCEPT on candidate CAN-000932 with cryptographic evidence hash ...,CAN-000932,VALIDATED_COMPATIBLE,ACCEPT,,PIPE_FITTING|PIPE|STAINLESS_STEEL|SS_316L|6_IN|6_IN|ASME_B165|ZINC_PLATED
d3fba6d4-80f9-5216-969b-c460ba9ca731,ONGC,ONGC-100007,"IND.REDUCER, ASTM A106 Gr B, SIZE DN 150",CMM-PIPEF-A8BD86-001,CMM-PIPEF-A8BD86-001,MAPPED_VERIFIED,DIRECT_ACCEPTED,1.0,VERIFIED_CROSS_CPSE,HUMAN_ACCEPTED_HARMONIZATION,Verified cross-CPSE harmonization mapping supported by Phase 7 human review ACCEPT on candidate CAN-001055 with cryptographic evidence hash ...,CAN-001055,VALIDATED_COMPATIBLE,ACCEPT,,PIPE_FITTING|ASTM_A106_GRB|DN_150|12_M|50_MM|IS_1239|ZINC_PLATED
268beb8c-8a46-5b02-bcb4-d351691e3bd2,ONGC,ONGC-100008,IND.DN 100 REDUCER - ASTM A106 Gr B,CMM-PIPEF-C9F1AA-001,CMM-PIPEF-C9F1AA-001,MAPPED_VERIFIED,DIRECT_ACCEPTED,1.0,VERIFIED_CROSS_CPSE,HUMAN_ACCEPTED_HARMONIZATION,Verified cross-CPSE harmonization mapping supported by Phase 7 human review ACCEPT on candidate CAN-001264 with cryptographic evidence hash ...,CAN-001264,VALIDATED_COMPATIBLE,ACCEPT,,PIPE_FITTING|ASTM_A106_GRB|DN_100|12_M|DN_100|API_5L|EPOXY_COATED
a8d20abc-f5c8-5d66-95ca-b597bea57dda,ONGC,ONGC-100009,"Gear Pump, Duplex Steel, SIZE 3 in x 2 in",CMM-PUMP-357758-001,CMM-PUMP-357758-001,MAPPED_VERIFIED,DIRECT_ACCEPTED,1.0,VERIFIED_CROSS_CPSE,HUMAN_ACCEPTED_HARMONIZATION,Verified cross-CPSE harmonization mapping supported by Phase 7 human review ACCEPT on candidate CAN-001444 with cryptographic evidence hash ...,CAN-001444,VALIDATED_COMPATIBLE,ACCEPT,,PUMP|DUPLEX_STEEL|3_IN_X_2_IN|3_IN_X_2_IN|ISO_2858
781f95ad-b8f8-5546-a92c-bcca3a1f1cb9,ONGC,ONGC-100010,CONTROL VALVE 1/2 in WCB,CMM-VALVE-24B4BF-001,CMM-VALVE-24B4BF-001,MAPPED_VERIFIED,DIRECT_ACCEPTED,1.0,VERIFIED_CROSS_CPSE,HUMAN_ACCEPTED_HARMONIZATION,Verified cross-CPSE harmonization mapping supported by Phase 7 human review ACCEPT on candidate CAN-002044 with cryptographic evidence hash ...,CAN-002044,VALIDATED_COMPATIBLE,ACCEPT,,VALVE|ASTM_A216_WCB|1_2_IN|API_598|ZINC_PLATED
f6b17b04-1b3f-563b-b696-2c10125d73cc,ONGC,ONGC-100011,Needle Bearing AISI 52100 6304,CMM-BEARNG-668968-001,CMM-BEARNG-668968-001,REVIEW_REQUIRED,DIRECT_ACCEPTED,0.6,REVIEW_REQUIRED,AMBIGUOUS_ATTRIBUTE_HOLD,Attribute ambiguity in upstream candidate group; human review required.,,REVIEW_REQUIRED,,,BEARING|AISI_52100|6304|ISO_15
9ca6aec5-9f54-557b-8574-6d78c8ee1086,ONGC,ONGC-100012,Flow Meter Brass 4-20 mA,CMM-INSTRU-746A35-001,CMM-INSTRU-746A35-001,REVIEW_REQUIRED,DIRECT_ACCEPTED,0.6,REVIEW_REQUIRED,AMBIGUOUS_ATTRIBUTE_HOLD,Attribute ambiguity in upstream candidate group; human review required.,,REVIEW_REQUIRED,,,INSTRUMENTATION|BRASS|4_20_MA
5ad581e4-4ec3-5052-b87c-74dd2b24f760,ONGC,ONGC-100013,"CIRCUIT BREAKER, Aluminium, SIZE 4C x 25 sq mm",CMM-ELECTR-19262A-001,CMM-ELECTR-19262A-001,MAPPED_VERIFIED,DIRECT_ACCEPTED,1.0,VERIFIED_CROSS_CPSE,HUMAN_ACCEPTED_HARMONIZATION,Verified cross-CPSE harmonization mapping supported by Phase 7 human review ACCEPT on candidate CAN-002764 with cryptographic evidence hash ...,CAN-002764,VALIDATED_COMPATIBLE,ACCEPT,,ELECTRICAL|ALUMINIUM|4C_X_25_SQ_MM|1000_M|IS_2026
fc81c779-0758-5bc6-a2e3-148291aa0b75,ONGC,ONGC-100014,FLANGE IS 2062 DN 150,CMM-PIPEF-BBD3DF-001,CMM-PIPEF-BBD3DF-001,MAPPED_VERIFIED,DIRECT_ACCEPTED,1.0,VERIFIED_CROSS_CPSE,HUMAN_ACCEPTED_HARMONIZATION,Verified cross-CPSE harmonization mapping supported by Phase 7 human review ACCEPT on candidate CAN-002825 with cryptographic evidence hash ...,CAN-002825,VALIDATED_COMPATIBLE,ACCEPT,,PIPE_FITTING|FLANGE|IS_2062|DN_150|12_M|DN_150|ASTM_A106|GALVANIZED
d27de568-0e8d-5693-9db7-ea2cbc241f20,ONGC,ONGC-100015,IND.Reducer 2 in Carbon Steel,CMM-PIPEF-E0FB6D-001,CMM-PIPEF-E0FB6D-001,MAPPED_VERIFIED,DIRECT_ACCEPTED,1.0,VERIFIED_CROSS_CPSE,HUMAN_ACCEPTED_HARMONIZATION,Verified cross-CPSE harmonization mapping supported by Phase 7 human review ACCEPT on candidate CAN-003004 with cryptographic evidence hash ...,CAN-003004,VALIDATED_COMPATIBLE,ACCEPT,,PIPE_FITTING|CARBON_STEEL|CARBON_STEEL|2_IN|200_MM|IS_1239|ZINC_PLATED
e92f118b-12b2-52e5-8bf0-264b009923de,ONGC,ONGC-100016,"TEMPERATURE TRANSMITTER, Polycarbonate, SIZE 0-100 bar",CMM-INSTRU-3688F6-001,CMM-INSTRU-3688F6-001,REVIEW_REQUIRED,DIRECT_ACCEPTED,0.6,REVIEW_REQUIRED,AMBIGUOUS_ATTRIBUTE_HOLD,Attribute ambiguity in upstream candidate group; human review required.,,REVIEW_REQUIRED,,,INSTRUMENTATION|POLYCARBONATE|0_100_BAR|ASME_B40100
60bdabe4-92ff-5453-83d5-59b38a157cd8,ONGC,ONGC-100017,IND.4 in Gate Valve - SS316,CMM-VALVE-11F993-001,CMM-VALVE-11F993-001,MAPPED_VERIFIED,DIRECT_ACCEPTED,1.0,VERIFIED_CROSS_CPSE,HUMAN_ACCEPTED_HARMONIZATION,Verified cross-CPSE harmonization mapping supported by Phase 7 human review ACCEPT on candidate CAN-003725 with cryptographic evidence hash ...,CAN-003725,VALIDATED_COMPATIBLE,ACCEPT,,VALVE|GATE_VALVE|STAINLESS_STEEL|SS_316|4_IN|API_600
710d1226-58a6-5b70-8219-ed9a234e378a,ONGC,ONGC-100018,THRUST BEARING Stainless Steel 6208,CMM-BEARNG-A2CB3C-001,CMM-BEARNG-A2CB3C-001,REVIEW_REQUIRED,DIRECT_ACCEPTED,0.6,REVIEW_REQUIRED,AMBIGUOUS_ATTRIBUTE_HOLD,Attribute ambiguity in upstream candidate group; human review required.,,REVIEW_REQUIRED,,,BEARING|STAINLESS_STEEL|STAINLESS_STEEL|6208|ISO_15
273dab6b-1ec4-5bab-9e8c-394880e93ec7,ONGC,ONGC-100019,"RTD SENSOR, SS316, SIZE 0-100 bar",CMM-INSTRU-59A2A6-001,CMM-INSTRU-59A2A6-001,MAPPED_VERIFIED,DIRECT_ACCEPTED,1.0,VERIFIED_CROSS_CPSE,HUMAN_ACCEPTED_HARMONIZATION,Verified cross-CPSE harmonization mapping supported by Phase 7 human review ACCEPT on candidate CAN-004594 with cryptographic evidence hash ...,CAN-004594,VALIDATED_COMPATIBLE,ACCEPT,,INSTRUMENTATION|STAINLESS_STEEL|SS_316|0_100_BAR|IEC_60529
b4d8e93c-2f84-59f4-9609-c2d8e4c10ae2,ONGC,ONGC-100020,0-100 bar Flow Meter - Brass,CMM-INSTRU-027BD0-001,CMM-INSTRU-027BD0-001,REVIEW_REQUIRED,DIRECT_ACCEPTED,0.6,REVIEW_REQUIRED,AMBIGUOUS_ATTRIBUTE_HOLD,Attribute ambiguity in upstream candidate group; human review required.,,REVIEW_REQUIRED,,,INSTRUMENTATION|BRASS|0_100_BAR|ASME_B40100
e5046f2b-e82f-571c-bc93-a46d1a2675ba,ONGC,ONGC-100021,STORES ITEM 65 mm Mechanical Seal - Graphite,CMM-SEALG-260F99-001,CMM-SEALG-260F99-001,MAPPED_VERIFIED,DIRECT_ACCEPTED,1.0,VERIFIED_CROSS_CPSE,HUMAN_ACCEPTED_HARMONIZATION,Verified cross-CPSE harmonization mapping supported by Phase 7 human review ACCEPT on candidate CAN-005315 with cryptographic evidence hash ...,CAN-005315,VALIDATED_COMPATIBLE,ACCEPT,,SEAL_GASKET|GRAPHITE|65_MM|ASME_B1620
149ae362-fefc-56e8-b5bf-d3ec511cd83b,ONGC,ONGC-100022,SPARE-M20 x 80 Anchor Bolt - Carbon Steel,CMM-FASTNR-B4A1EA-001,CMM-FASTNR-B4A1EA-001,MAPPED_VERIFIED,DIRECT_ACCEPTED,1.0,VERIFIED_CROSS_CPSE,HUMAN_ACCEPTED_HARMONIZATION,Verified cross-CPSE harmonization mapping supported by Phase 7 human review ACCEPT on candidate CAN-005464 with cryptographic evidence hash ...,CAN-005464,VALIDATED_COMPATIBLE,ACCEPT,,FASTENER|BOLT|CARBON_STEEL|CARBON_STEEL|M20_X_80|80_MM|ASME_B182
7cce2174-c26b-505a-a340-73ea00ddcc85,ONGC,ONGC-100023,STORES ITEM DISTRIBUTION TRANSFORMER Aluminium 1C x 300 sq mm,CMM-ELECTR-941023-001,CMM-ELECTR-941023-001,REVIEW_REQUIRED,DIRECT_ACCEPTED,0.6,REVIEW_REQUIRED,AMBIGUOUS_ATTRIBUTE_HOLD,Attribute ambiguity in upstream candidate group; human review required.,,REVIEW_REQUIRED,,,ELECTRICAL|ALUMINIUM|1C_X_300_SQ_MM|1000_M|IS_2026
68f008de-c42e-5f95-b00a-905d7453fb69,ONGC,ONGC-100024,SPARE-OIL SEAL 2 in Viton,CMM-SEALG-29423B-001,CMM-SEALG-29423B-001,MAPPED_VERIFIED,DIRECT_ACCEPTED,1.0,VERIFIED_CROSS_CPSE,HUMAN_ACCEPTED_HARMONIZATION,Verified cross-CPSE harmonization mapping supported by Phase 7 human review ACCEPT on candidate CAN-005735 with cryptographic evidence hash ...,CAN-005735,VALIDATED_COMPATIBLE,ACCEPT,,SEAL_GASKET|LUBRICANT|VITON|2_IN|API_682|EPOXY_COATED
c68799cf-9f27-5c75-b0e4-886cd2402146,ONGC,ONGC-100025,6408 Needle Bearing - Chrome Steel,CMM-BEARNG-89DC5A-001,CMM-BEARNG-89DC5A-001,MAPPED_VERIFIED,DIRECT_ACCEPTED,1.0,VERIFIED_CROSS_CPSE,HUMAN_ACCEPTED_HARMONIZATION,Verified cross-CPSE harmonization mapping supported by Phase 7 human review ACCEPT on candidate CAN-005854 with cryptographic evidence hash ...,CAN-005854,VALIDATED_COMPATIBLE,ACCEPT,,BEARING|CHROME_STEEL|CHROME_STEEL|6408|ISO_15
accfbd21-ada7-5d08-9729-a9e59190f579,ONGC,ONGC-100026,SPARE-22208 Thrust Bearing - Stainless Steel,CMM-BEARNG-52104E-001,CMM-BEARNG-52104E-001,REVIEW_REQUIRED,DIRECT_ACCEPTED,0.6,REVIEW_REQUIRED,AMBIGUOUS_ATTRIBUTE_HOLD,Attribute ambiguity in upstream candidate group; human review required.,,REVIEW_REQUIRED,,,BEARING|STAINLESS_STEEL|STAINLESS_STEEL|22208
e57cfb1d-8ed2-5f0e-8ee1-ff23621a750d,ONGC,ONGC-100027,SPARE-THRUST BEARING AISI 52100 6304,CMM-BEARNG-67CA99-001,CMM-BEARNG-67CA99-001,REVIEW_REQUIRED,DIRECT_ACCEPTED,0.6,REVIEW_REQUIRED,AMBIGUOUS_ATTRIBUTE_HOLD,Attribute ambiguity in upstream candidate group; human review required.,,REVIEW_REQUIRED,,,BEARING|AISI_52100|6304
451fa2fc-c69a-515b-8213-4489d8885318,ONGC,ONGC-100028,"FLOW METER, SS316, SIZE 4-20 mA",CMM-INSTRU-1E073D-001,CMM-INSTRU-1E073D-001,REVIEW_REQUIRED,DIRECT_ACCEPTED,0.6,REVIEW_REQUIRED,AMBIGUOUS_ATTRIBUTE_HOLD,Attribute ambiguity in upstream candidate group; human review required.,,REVIEW_REQUIRED,,,INSTRUMENTATION|STAINLESS_STEEL|SS_316|4_20_MA|ASME_B40100
b07ba72c-8c4c-5c45-b85b-65d8922e7687,ONGC,ONGC-100029,"Elbow 90 Deg, ASTM A106 Gr B, SIZE 6 in",CMM-PIPEF-F76C77-001,CMM-PIPEF-F76C77-001,MAPPED_VERIFIED,DIRECT_ACCEPTED,1.0,VERIFIED_CROSS_CPSE,HUMAN_ACCEPTED_HARMONIZATION,Verified cross-CPSE harmonization mapping supported by Phase 7 human review ACCEPT on candidate CAN-007235 with cryptographic evidence hash ...,CAN-007235,VALIDATED_COMPATIBLE,ACCEPT,,PIPE_FITTING|ELBOW|ASTM_A106_GRB|6_IN|6_M|25_MM|ASME_B165|GALVANIZED
727bdb64-040d-5a78-929f-45f82529aa23,ONGC,ONGC-100030,IND.2 in x 1.5 in Reciprocating Pump - Carbon Steel,CMM-PUMP-71A39E-001,CMM-PUMP-71A39E-001,MAPPED_VERIFIED,DIRECT_ACCEPTED,1.0,VERIFIED_CROSS_CPSE,HUMAN_ACCEPTED_HARMONIZATION,Verified cross-CPSE harmonization mapping supported by Phase 7 human review ACCEPT on candidate CAN-007384 with cryptographic evidence hash ...,CAN-007384,VALIDATED_COMPATIBLE,ACCEPT,,PUMP|CARBON_STEEL|CARBON_STEEL|2_IN_X_15_IN|2_IN_X_15_IN|API_610
437eea5f-20b9-54ec-aa65-870ee08e5af7,ONGC,ONGC-100031,O-RING 50 mm NBR,CMM-SEALG-8A8051-001,CMM-SEALG-8A8051-001,MAPPED_VERIFIED,DIRECT_ACCEPTED,1.0,VERIFIED_CROSS_CPSE,HUMAN_ACCEPTED_HARMONIZATION,Verified cross-CPSE harmonization mapping supported by Phase 7 human review ACCEPT on candidate CAN-007562 with cryptographic evidence hash ...,CAN-007562,VALIDATED_COMPATIBLE,ACCEPT,,SEAL_GASKET|NBR|50_MM|ASME_B1620
06a772cc-41c5-57b9-abbf-6754c904b389,ONGC,ONGC-100032,"SPARE-SPIRAL WOUND GASKET, NBR, SIZE 50 mm",CMM-SEALG-66D3AC-001,CMM-SEALG-66D3AC-001,MAPPED_VERIFIED,DIRECT_ACCEPTED,1.0,VERIFIED_CROSS_CPSE,HUMAN_ACCEPTED_HARMONIZATION,Verified cross-CPSE harmonization mapping supported by Phase 7 human review ACCEPT on candidate CAN-007745 with cryptographic evidence hash ...,CAN-007745,VALIDATED_COMPATIBLE,ACCEPT,,SEAL_GASKET|SPIRAL_WOUND_GASKET|NBR|50_MM|50_MM|API_682|ZINC_PLATED
6375d66f-03d9-52ff-92a3-59fce56a5a82,ONGC,ONGC-100033,"STORES ITEM Induction Motor, Copper, SIZE 415V 100A",CMM-ELECTR-E728FA-001,CMM-ELECTR-E728FA-001,REVIEW_REQUIRED,DIRECT_ACCEPTED,0.6,REVIEW_REQUIRED,AMBIGUOUS_ATTRIBUTE_HOLD,Attribute ambiguity in upstream candidate group; human review required.,,REVIEW_REQUIRED,,,ELECTRICAL|COPPER|415V_100A|100_M|IS_13947
9d2ff041-2ad2-5f23-96e2-35d4b64b1ff6,ONGC,ONGC-100034,"IND.Ball Bearing, Chrome Steel, SIZE 6408",CMM-BEARNG-87EFE4-001,CMM-BEARNG-87EFE4-001,MAPPED_VERIFIED,DIRECT_ACCEPTED,1.0,VERIFIED_CROSS_CPSE,HUMAN_ACCEPTED_HARMONIZATION,Verified cross-CPSE harmonization mapping supported by Phase 7 human review ACCEPT on candidate CAN-008495 with cryptographic evidence hash ...,CAN-008495,VALIDATED_COMPATIBLE,ACCEPT,,BEARING|BALL_BEARING|CHROME_STEEL|CHROME_STEEL|6408
c303be6f-9dd7-5fcd-8013-3fd0d116b806,ONGC,ONGC-100035,"DISTRIBUTION TRANSFORMER, XLPE Insulated, SIZE 1C x 300 sq mm",CMM-ELECTR-8C5683-001,CMM-ELECTR-8C5683-001,REVIEW_REQUIRED,DIRECT_ACCEPTED,0.6,REVIEW_REQUIRED,AMBIGUOUS_ATTRIBUTE_HOLD,Attribute ambiguity in upstream candidate group; human review required.,,REVIEW_REQUIRED,,,ELECTRICAL|XLPE|XLPE_INSULATED|1C_X_300_SQ_MM|IS_13947
6f218149-4794-56aa-87f5-3cafe93581ee,ONGC,ONGC-100036,2 in Equal Tee - Alloy Steel,CMM-PIPEF-9F93F7-001,CMM-PIPEF-9F93F7-001,MAPPED_VERIFIED,DIRECT_ACCEPTED,1.0,VERIFIED_CROSS_CPSE,HUMAN_ACCEPTED_HARMONIZATION,Verified cross-CPSE harmonization mapping supported by Phase 7 human review ACCEPT on candidate CAN-009094 with cryptographic evidence hash ...,CAN-009094,VALIDATED_COMPATIBLE,ACCEPT,,PIPE_FITTING|ALLOY_STEEL|2_IN|2_IN|API_5L
3e4d9337-c145-55b6-a04c-c45e0d2f81fc,ONGC,ONGC-100037,SPARE-REDUCER SS316L 6 in,CMM-PIPEF-91DF1A-001,CMM-PIPEF-91DF1A-001,MAPPED_VERIFIED,DIRECT_ACCEPTED,1.0,VERIFIED_CROSS_CPSE,HUMAN_ACCEPTED_HARMONIZATION,Verified cross-CPSE harmonization mapping supported by Phase 7 human review ACCEPT on candidate CAN-009213 with cryptographic evidence hash ...,CAN-009213,VALIDATED_COMPATIBLE,ACCEPT,,PIPE_FITTING|STAINLESS_STEEL|SS_316L|6_IN|12_M|6_IN|IS_1239|GALVANIZED
e3ea7582-bfc3-59f0-bd5f-f7b4a24545b9,ONGC,ONGC-100038,FLAT WASHER Carbon Steel M10 x 40,CMM-FASTNR-1AF629-001,CMM-FASTNR-1AF629-001,MAPPED_VERIFIED,DIRECT_ACCEPTED,1.0,VERIFIED_CROSS_CPSE,HUMAN_ACCEPTED_HARMONIZATION,Verified cross-CPSE harmonization mapping supported by Phase 7 human review ACCEPT on candidate CAN-009663 with cryptographic evidence hash ...,CAN-009663,VALIDATED_COMPATIBLE,ACCEPT,,FASTENER|WASHER|CARBON_STEEL|CARBON_STEEL|M10_X_40|40_MM|IS_1367
39cfb544-e560-5093-89b6-86a44eed1814,ONGC,ONGC-100039,IND.M10 x 40 Hex Nut - SS304,CMM-FASTNR-459DCA-001,CMM-FASTNR-459DCA-001,MAPPED_VERIFIED,DIRECT_ACCEPTED,1.0,VERIFIED_CROSS_CPSE,HUMAN_ACCEPTED_HARMONIZATION,Verified cross-CPSE harmonization mapping supported by Phase 7 human review ACCEPT on candidate CAN-009903 with cryptographic evidence hash ...,CAN-009903,VALIDATED_COMPATIBLE,ACCEPT,,FASTENER|NUT|HEX|STAINLESS_STEEL|SS_304|M10_X_40|40_MM|IS_1367
d39f9e05-5d54-5123-bde8-3ca200d68869,ONGC,ONGC-100040,M24 x 100 Hex Nut - Grade 10.9,CMM-FASTNR-BCCDD8-001,CMM-FASTNR-BCCDD8-001,MAPPED_VERIFIED,DIRECT_ACCEPTED,1.0,VERIFIED_CROSS_CPSE,HUMAN_ACCEPTED_HARMONIZATION,Verified cross-CPSE harmonization mapping supported by Phase 7 human review ACCEPT on candidate CAN-010263 with cryptographic evidence hash ...,CAN-010263,VALIDATED_COMPATIBLE,ACCEPT,,FASTENER|NUT|HEX|GRADE_109|M24_X_100|100_MM|ZINC_PLATED
54d43529-b8f5-589d-829b-1f9ce892ff48,ONGC,ONGC-100041,6 in Equal Tee - IS 2062,CMM-PIPEF-AE5889-001,CMM-PIPEF-AE5889-001,MAPPED_VERIFIED,DIRECT_ACCEPTED,1.0,VERIFIED_CROSS_CPSE,HUMAN_ACCEPTED_HARMONIZATION,Verified cross-CPSE harmonization mapping supported by Phase 7 human review ACCEPT on candidate CAN-010505 with cryptographic evidence hash ...,CAN-010505,VALIDATED_COMPATIBLE,ACCEPT,,PIPE_FITTING|IS_2062|6_IN|3_M|6_IN|IS_1239|EPOXY_COATED
6849b777-706e-557f-a85f-e2a0ddf6036b,ONGC,ONGC-100042,Control Valve ASTM A216 WCB 4 in,CMM-VALVE-781509-001,CMM-VALVE-781509-001,MAPPED_VERIFIED,DIRECT_ACCEPTED,1.0,VERIFIED_CROSS_CPSE,HUMAN_ACCEPTED_HARMONIZATION,Verified cross-CPSE harmonization mapping supported by Phase 7 human review ACCEPT on candidate CAN-010683 with cryptographic evidence hash ...,CAN-010683,VALIDATED_COMPATIBLE,ACCEPT,,VALVE|ASTM_A216_WCB|4_IN|4_IN|API_598
c980c019-3180-59fd-a21d-9420749dcdaa,ONGC,ONGC-100043,"STORES ITEM OIL SEAL, Viton, SIZE 2 in",CMM-SEALG-18752C-001,CMM-SEALG-18752C-001,MAPPED_VERIFIED,DIRECT_ACCEPTED,1.0,VERIFIED_CROSS_CPSE,HUMAN_ACCEPTED_HARMONIZATION,Verified cross-CPSE harmonization mapping supported by Phase 7 human review ACCEPT on candidate CAN-010775 with cryptographic evidence hash ...,CAN-010775,VALIDATED_COMPATIBLE,ACCEPT,,SEAL_GASKET|LUBRICANT|VITON|2_IN|2_IN|ASME_B1620|GALVANIZED
cec19e98-4867-580e-8b20-d9b6f25d6764,ONGC,ONGC-100044,IND.Welded Pipe DN 80 IS 2062,CMM-PIPEF-886747-001,CMM-PIPEF-886747-001,MAPPED_VERIFIED,DIRECT_ACCEPTED,1.0,VERIFIED_CROSS_CPSE,HUMAN_ACCEPTED_HARMONIZATION,Verified cross-CPSE harmonization mapping supported by Phase 7 human review ACCEPT on candidate CAN-010923 with cryptographic evidence hash ...,CAN-010923,VALIDATED_COMPATIBLE,ACCEPT,,PIPE_FITTING|PIPE|IS_2062|DN_80|12_M|DN_80|ASME_B169|PTFE_LINED|WELDED
6dde5e26-7c23-522b-aa7a-89258c2f9e13,ONGC,ONGC-100045,STORES ITEM 6 in Reducer - SS316L,CMM-PIPEF-3C5B7C-001,CMM-PIPEF-3C5B7C-001,MAPPED_VERIFIED,DIRECT_ACCEPTED,1.0,VERIFIED_CROSS_CPSE,HUMAN_ACCEPTED_HARMONIZATION,Verified cross-CPSE harmonization mapping supported by Phase 7 human review ACCEPT on candidate CAN-011134 with cryptographic evidence hash ...,CAN-011134,VALIDATED_COMPATIBLE,ACCEPT,,PIPE_FITTING|STAINLESS_STEEL|SS_316L|6_IN|12_M|150_MM|ASME_B169
c2e936c4-4f6c-50a1-ac8f-cab17d3185fd,ONGC,ONGC-100046,"Roller Bearing, Stainless Steel, SIZE 6208",CMM-BEARNG-A2CB3C-001,CMM-BEARNG-A2CB3C-001,REVIEW_REQUIRED,DIRECT_ACCEPTED,0.6,REVIEW_REQUIRED,AMBIGUOUS_ATTRIBUTE_HOLD,Attribute ambiguity in upstream candidate group; human review required.,,REVIEW_REQUIRED,,,BEARING|STAINLESS_STEEL|STAINLESS_STEEL|6208|ISO_15
b0227e65-cf14-5231-a4e6-1250dd20e825,ONGC,ONGC-100047,SPARE-1/2 in NPT RTD Sensor - Polycarbonate,CMM-INSTRU-014C39-001,CMM-INSTRU-014C39-001,MAPPED_VERIFIED,DIRECT_ACCEPTED,1.0,VERIFIED_CROSS_CPSE,HUMAN_ACCEPTED_HARMONIZATION,Verified cross-CPSE harmonization mapping supported by Phase 7 human review ACCEPT on candidate CAN-011705 with cryptographic evidence hash ...,CAN-011705,VALIDATED_COMPATIBLE,ACCEPT,,INSTRUMENTATION|POLYCARBONATE|1_2_IN_NPT|ASME_B40100
309c4914-6d6b-5ea2-ad4f-22ba0f7998f5,ONGC,ONGC-100048,SPARE-GLOBE VALVE 2 in ASTM A216 WCB,CMM-VALVE-989A61-001,CMM-VALVE-989A61-001,MAPPED_VERIFIED,DIRECT_ACCEPTED,1.0,VERIFIED_CROSS_CPSE,HUMAN_ACCEPTED_HARMONIZATION,Verified cross-CPSE harmonization mapping supported by Phase 7 human review ACCEPT on candidate CAN-012333 with cryptographic evidence hash ...,CAN-012333,VALIDATED_COMPATIBLE,ACCEPT,,VALVE|GLOBE_VALVE|ASTM_A216_WCB|2_IN|ASTM_A216_WCB|EPOXY_COATED
0d645879-e48c-5c3a-9729-6e2622dcb46b,ONGC,ONGC-100049,"STORES ITEM VERTICAL TURBINE PUMP, Carbon Steel, SIZE 2 in x 1.5 in",CMM-PUMP-7D55C9-001,CMM-PUMP-7D55C9-001,MAPPED_VERIFIED,DIRECT_ACCEPTED,1.0,VERIFIED_CROSS_CPSE,HUMAN_ACCEPTED_HARMONIZATION,Verified cross-CPSE harmonization mapping supported by Phase 7 human review ACCEPT on candidate CAN-012484 with cryptographic evidence hash ...,CAN-012484,VALIDATED_COMPATIBLE,ACCEPT,,PUMP|CARBON_STEEL|CARBON_STEEL|2_IN_X_15_IN|2_IN_X_15_IN|API_610|ZINC_PLATED|VERTICAL
82cd33d3-2bab-5c21-b0d5-88810b83a23e,ONGC,ONGC-100050,STORES ITEM CHECK VALVE DN 100 ASTM A216 WCB,CMM-VALVE-4BBEE1-001,CMM-VALVE-4BBEE1-001,MAPPED_VERIFIED,DIRECT_ACCEPTED,1.0,VERIFIED_CROSS_CPSE,HUMAN_ACCEPTED_HARMONIZATION,Verified cross-CPSE harmonization mapping supported by Phase 7 human review ACCEPT on candidate CAN-012662 with cryptographic evidence hash ...,CAN-012662,VALIDATED_COMPATIBLE,ACCEPT,,VALVE|CHECK_VALVE|ASTM_A216_WCB|DN_100|API_600
87808867-2efc-56a0-a10f-e9755bff8719,ONGC,ONGC-100051,SPARE-Pressure Gauge 4-20 mA Brass,CMM-INSTRU-FECC9D-001,CMM-INSTRU-FECC9D-001,REVIEW_REQUIRED,DIRECT_ACCEPTED,0.6,REVIEW_REQUIRED,AMBIGUOUS_ATTRIBUTE_HOLD,Attribute ambiguity in upstream candidate group; human review required.,,REVIEW_REQUIRED,,,INSTRUMENTATION|PRESSURE_GAUGE|BRASS|4_20_MA|ASME_B40100
a4a89f79-a1ec-5aeb-8fad-b35af6050bff,ONGC,ONGC-100052,"IND.REDUCER, Alloy Steel, SIZE DN 80",CMM-PIPEF-887486-001,CMM-PIPEF-887486-001,MAPPED_VERIFIED,DIRECT_ACCEPTED,1.0,VERIFIED_CROSS_CPSE,HUMAN_ACCEPTED_HARMONIZATION,Verified cross-CPSE harmonization mapping supported by Phase 7 human review ACCEPT on candidate CAN-012904 with cryptographic evidence hash ...,CAN-012904,VALIDATED_COMPATIBLE,ACCEPT,,PIPE_FITTING|ALLOY_STEEL|DN_80|DN_80|ASME_B169
162e874c-feea-5421-b555-d321bfa43755,ONGC,ONGC-100053,Equal Tee ASTM A106 Gr B DN 150,CMM-PIPEF-3BAF8F-001,CMM-PIPEF-3BAF8F-001,MAPPED_VERIFIED,DIRECT_ACCEPTED,1.0,VERIFIED_CROSS_CPSE,HUMAN_ACCEPTED_HARMONIZATION,Verified cross-CPSE harmonization mapping supported by Phase 7 human review ACCEPT on candidate CAN-013145 with cryptographic evidence hash ...,CAN-013145,VALIDATED_COMPATIBLE,ACCEPT,,PIPE_FITTING|ASTM_A106_GRB|DN_150|6_M|25_MM|API_5L
471cb145-9347-5262-bd32-b903e5d7efeb,ONGC,ONGC-100054,4 in BV - SS316,CMM-VALVE-609631-001,CMM-VALVE-609631-001,MAPPED_VERIFIED,DIRECT_ACCEPTED,1.0,VERIFIED_CROSS_CPSE,HUMAN_ACCEPTED_HARMONIZATION,Verified cross-CPSE harmonization mapping supported by Phase 7 human review ACCEPT on candidate CAN-013262 with cryptographic evidence hash ...,CAN-013262,VALIDATED_COMPATIBLE,ACCEPT,,VALVE|BALL_VALVE|STAINLESS_STEEL|SS_316|4_IN|4_IN
2fdb3c11-965c-58ab-a959-3c81ee05ce97,ONGC,ONGC-100055,4C x 25 sq mm SWITCHGEAR PANEL - XLPE Insulated,CMM-ELECTR-CE652D-001,CMM-ELECTR-CE652D-001,MAPPED_VERIFIED,DIRECT_ACCEPTED,1.0,VERIFIED_CROSS_CPSE,HUMAN_ACCEPTED_HARMONIZATION,Verified cross-CPSE harmonization mapping supported by Phase 7 human review ACCEPT on candidate CAN-013322 with cryptographic evidence hash ...,CAN-013322,VALIDATED_COMPATIBLE,ACCEPT,,ELECTRICAL|XLPE|XLPE_INSULATED|4C_X_25_SQ_MM|500_M|IS_2026
fce960c8-3ce4-566a-aa8d-c47e221a0a67,ONGC,ONGC-100056,Reducer 2 in Alloy Steel,CMM-PIPEF-EB17F7-001,CMM-PIPEF-EB17F7-001,MAPPED_VERIFIED,DIRECT_ACCEPTED,1.0,VERIFIED_CROSS_CPSE,HUMAN_ACCEPTED_HARMONIZATION,Verified cross-CPSE harmonization mapping supported by Phase 7 human review ACCEPT on candidate CAN-013504 with cryptographic evidence hash ...,CAN-013504,VALIDATED_COMPATIBLE,ACCEPT,,PIPE_FITTING|ALLOY_STEEL|2_IN|1000_MM|2_IN|ASME_B165
6af06641-b5c9-5f9c-ad5d-17a70829380f,ONGC,ONGC-100057,SPARE-Ball Bearing 22208 Chrome Steel,CMM-BEARNG-947C4D-001,CMM-BEARNG-947C4D-001,MAPPED_VERIFIED,DIRECT_ACCEPTED,1.0,VERIFIED_CROSS_CPSE,HUMAN_ACCEPTED_HARMONIZATION,Verified cross-CPSE harmonization mapping supported by Phase 7 human review ACCEPT on candidate CAN-013684 with cryptographic evidence hash ...,CAN-013684,VALIDATED_COMPATIBLE,ACCEPT,,BEARING|BALL_BEARING|CHROME_STEEL|CHROME_STEEL|22208
45cb7230-e461-5365-9b14-5a64df76b81d,ONGC,ONGC-100058,STORES ITEM XLPE CABLE XLPE Insulated 415V 100A,CMM-ELECTR-4D158E-001,CMM-ELECTR-4D158E-001,MAPPED_VERIFIED,DIRECT_ACCEPTED,1.0,VERIFIED_CROSS_CPSE,HUMAN_ACCEPTED_HARMONIZATION,Verified cross-CPSE harmonization mapping supported by Phase 7 human review ACCEPT on candidate CAN-014255 with cryptographic evidence hash ...,CAN-014255,VALIDATED_COMPATIBLE,ACCEPT,,ELECTRICAL|CABLE|XLPE|XLPE_INSULATED|415V_100A|1000_M|IS_7098
3f958089-17f3-5d35-b6d0-97160c9047d9,ONGC,ONGC-100059,STORES ITEM M10 x 40 Socket Head Screw - Grade B7,CMM-FASTNR-A82C5B-001,CMM-FASTNR-A82C5B-001,REVIEW_REQUIRED,DIRECT_ACCEPTED,0.6,REVIEW_REQUIRED,AMBIGUOUS_ATTRIBUTE_HOLD,Attribute ambiguity in upstream candidate group; human review required.,,REVIEW_REQUIRED,,,FASTENER|GRADE_B7|M10_X_40|40_MM|IS_1367
a1888ab8-4b40-5d48-ab19-7476940972f9,ONGC,ONGC-100060,"SPARE-CENT. PUMP, Cast Iron, SIZE 2 in x 1.5 in",CMM-PUMP-837FD0-001,CMM-PUMP-837FD0-001,MAPPED_VERIFIED,DIRECT_ACCEPTED,1.0,VERIFIED_CROSS_CPSE,HUMAN_ACCEPTED_HARMONIZATION,Verified cross-CPSE harmonization mapping supported by Phase 7 human review ACCEPT on candidate CAN-014612 with cryptographic evidence hash ...,CAN-014612,VALIDATED_COMPATIBLE,ACCEPT,,PUMP|CENTRIFUGAL_PUMP|CAST_IRON|2_IN_X_15_IN|API_610|CAST
7b89b627-0551-596e-a980-848d9fe9c31a,ONGC,ONGC-100061,STORES ITEM TEMPERATURE TRANSMITTER 0-100 bar Brass,CMM-INSTRU-027BD0-001,CMM-INSTRU-027BD0-001,REVIEW_REQUIRED,DIRECT_ACCEPTED,0.6,REVIEW_REQUIRED,AMBIGUOUS_ATTRIBUTE_HOLD,Attribute ambiguity in upstream candidate group; human review required.,,REVIEW_REQUIRED,,,INSTRUMENTATION|BRASS|0_100_BAR|ASME_B40100
7c5d7bd4-47da-5853-94a3-8e0830ee6344,ONGC,ONGC-100062,PUMP CENTRIF DN 100 Carbon Steel,CMM-PUMP-ED0D84-001,CMM-PUMP-ED0D84-001,MAPPED_VERIFIED,DIRECT_ACCEPTED,1.0,VERIFIED_CROSS_CPSE,HUMAN_ACCEPTED_HARMONIZATION,Verified cross-CPSE harmonization mapping supported by Phase 7 human review ACCEPT on candidate CAN-014944 with cryptographic evidence hash ...,CAN-014944,VALIDATED_COMPATIBLE,ACCEPT,,PUMP|CENTRIFUGAL_PUMP|CARBON_STEEL|CARBON_STEEL|DN_100|API_610
4b9042c7-5519-5d70-8001-c79bcf9ce49f,ONGC,ONGC-100063,STORES ITEM Check Valve ASTM A216 WCB 1 in,CMM-VALVE-A923FC-001,CMM-VALVE-A923FC-001,MAPPED_VERIFIED,DIRECT_ACCEPTED,1.0,VERIFIED_CROSS_CPSE,HUMAN_ACCEPTED_HARMONIZATION,Verified cross-CPSE harmonization mapping supported by Phase 7 human review ACCEPT on candidate CAN-015274 with cryptographic evidence hash ...,CAN-015274,VALIDATED_COMPATIBLE,ACCEPT,,VALVE|CHECK_VALVE|ASTM_A216_WCB|1_IN|ASTM_A216_WCB
5e071fbc-54e8-5c7d-98b1-17592b7c3933,ONGC,ONGC-100064,OIL SEAL 2 in Viton,CMM-SEALG-B639C0-001,CMM-SEALG-B639C0-001,MAPPED_VERIFIED,DIRECT_ACCEPTED,1.0,VERIFIED_CROSS_CPSE,HUMAN_ACCEPTED_HARMONIZATION,Verified cross-CPSE harmonization mapping supported by Phase 7 human review ACCEPT on candidate CAN-015393 with cryptographic evidence hash ...,CAN-015393,VALIDATED_COMPATIBLE,ACCEPT,,SEAL_GASKET|LUBRICANT|VITON|2_IN|2_IN|ASME_B1620|ZINC_PLATED
dad46273-0d13-55aa-acb6-e2a9fb25345d,ONGC,ONGC-100065,SPARE-4 in Globe Valve - SS316,CMM-VALVE-4B0806-001,CMM-VALVE-4B0806-001,MAPPED_VERIFIED,DIRECT_ACCEPTED,1.0,VERIFIED_CROSS_CPSE,HUMAN_ACCEPTED_HARMONIZATION,Verified cross-CPSE harmonization mapping supported by Phase 7 human review ACCEPT on candidate CAN-015484 with cryptographic evidence hash ...,CAN-015484,VALIDATED_COMPATIBLE,ACCEPT,,VALVE|GLOBE_VALVE|STAINLESS_STEEL|SS_316|4_IN|ASME_B1634|EPOXY_COATED
710c61cb-f998-5f5a-b80f-ee5e0c417ff1,ONGC,ONGC-100066,STORES ITEM 2 in Globe Valve - LCB,CMM-VALVE-C12B9C-001,CMM-VALVE-C12B9C-001,MAPPED_VERIFIED,DIRECT_ACCEPTED,1.0,VERIFIED_CROSS_CPSE,HUMAN_ACCEPTED_HARMONIZATION,Verified cross-CPSE harmonization mapping supported by Phase 7 human review ACCEPT on candidate CAN-015634 with cryptographic evidence hash ...,CAN-015634,VALIDATED_COMPATIBLE,ACCEPT,,VALVE|GLOBE_VALVE|LCB|2_IN|2_IN|ASME_B1634
479b949b-9437-535c-be9f-0a92c37d12a5,ONGC,ONGC-100067,SPARE-30205 BALL BRG - Stainless Steel,CMM-BEARNG-491461-001,CMM-BEARNG-491461-001,REVIEW_REQUIRED,DIRECT_ACCEPTED,0.6,REVIEW_REQUIRED,AMBIGUOUS_ATTRIBUTE_HOLD,Attribute ambiguity in upstream candidate group; human review required.,,REVIEW_REQUIRED,,,BEARING|BALL_BEARING|STAINLESS_STEEL|STAINLESS_STEEL|30205|ISO_15
ccb97aac-e46f-56b8-b5ac-32ac1d578395,ONGC,ONGC-100068,"STORES ITEM OIL SEAL, NBR, SIZE 2 in",CMM-SEALG-067879-001,CMM-SEALG-067879-001,MAPPED_VERIFIED,DIRECT_ACCEPTED,1.0,VERIFIED_CROSS_CPSE,HUMAN_ACCEPTED_HARMONIZATION,Verified cross-CPSE harmonization mapping supported by Phase 7 human review ACCEPT on candidate CAN-016622 with cryptographic evidence hash ...,CAN-016622,VALIDATED_COMPATIBLE,ACCEPT,,SEAL_GASKET|LUBRICANT|NBR|2_IN|2_IN|API_682|ZINC_PLATED
12af9ba2-7cd1-540b-a478-6abd080f5076,ONGC,ONGC-100069,SPARE-Flange ASTM A106 Gr B 2 in,CMM-PIPEF-68A5E4-001,CMM-PIPEF-68A5E4-001,MAPPED_VERIFIED,DIRECT_ACCEPTED,1.0,VERIFIED_CROSS_CPSE,HUMAN_ACCEPTED_HARMONIZATION,Verified cross-CPSE harmonization mapping supported by Phase 7 human review ACCEPT on candidate CAN-017103 with cryptographic evidence hash ...,CAN-017103,VALIDATED_COMPATIBLE,ACCEPT,,PIPE_FITTING|FLANGE|ASTM_A106_GRB|2_IN|1000_MM|80_MM|ASTM_A106|EPOXY_COATED
4f0f85ed-2f08-56ba-ac8f-32af9533f3d0,ONGC,ONGC-100070,SMLS PIPE DN 80 SS316L,CMM-PIPEF-42698F-001,CMM-PIPEF-42698F-001,MAPPED_VERIFIED,DIRECT_ACCEPTED,1.0,VERIFIED_CROSS_CPSE,HUMAN_ACCEPTED_HARMONIZATION,Verified cross-CPSE harmonization mapping supported by Phase 7 human review ACCEPT on candidate CAN-017192 with cryptographic evidence hash ...,CAN-017192,VALIDATED_COMPATIBLE,ACCEPT,,PIPE_FITTING|PIPE|STAINLESS_STEEL|SS_316L|DN_80|3_M|200_MM|IS_1239|EPOXY_COATED
86622b80-e649-58ea-9050-ecd823c0d0a5,ONGC,ONGC-100071,"SPARE-Hex Nut, Carbon Steel, SIZE M20 x 80",CMM-FASTNR-7426EC-001,CMM-FASTNR-7426EC-001,MAPPED_VERIFIED,DIRECT_ACCEPTED,1.0,VERIFIED_CROSS_CPSE,HUMAN_ACCEPTED_HARMONIZATION,Verified cross-CPSE harmonization mapping supported by Phase 7 human review ACCEPT on candidate CAN-017285 with cryptographic evidence hash ...,CAN-017285,VALIDATED_COMPATIBLE,ACCEPT,,FASTENER|NUT|HEX|CARBON_STEEL|CARBON_STEEL|M20_X_80|80_MM
320c82e4-b4aa-527f-ad3e-5be21d5ff846,ONGC,ONGC-100072,INDUCTION MOTOR Aluminium 415V 100A,CMM-ELECTR-42D24C-001,CMM-ELECTR-42D24C-001,REVIEW_REQUIRED,DIRECT_ACCEPTED,0.6,REVIEW_REQUIRED,AMBIGUOUS_ATTRIBUTE_HOLD,Attribute ambiguity in upstream candidate group; human review required.,,REVIEW_REQUIRED,,,ELECTRICAL|ALUMINIUM|415V_100A|500_M|IEC_60502
f508355f-bc6f-5bb5-be70-59945adcb756,ONGC,ONGC-100073,"SPARE-PRESSURE GAUGE, Brass, SIZE 4-20 mA",CMM-INSTRU-DE763E-001,CMM-INSTRU-DE763E-001,MAPPED_VERIFIED,DIRECT_ACCEPTED,1.0,VERIFIED_CROSS_CPSE,HUMAN_ACCEPTED_HARMONIZATION,Verified cross-CPSE harmonization mapping supported by Phase 7 human review ACCEPT on candidate CAN-017765 with cryptographic evidence hash ...,CAN-017765,VALIDATED_COMPATIBLE,ACCEPT,,INSTRUMENTATION|PRESSURE_GAUGE|BRASS|4_20_MA
0c8f1b38-c7dc-57d8-a5d7-9558595a6ef0,ONGC,ONGC-100074,SPARE-DN 50 EQUAL TEE - Alloy Steel,CMM-PIPEF-358D39-001,CMM-PIPEF-358D39-001,MAPPED_VERIFIED,DIRECT_ACCEPTED,1.0,VERIFIED_CROSS_CPSE,HUMAN_ACCEPTED_HARMONIZATION,Verified cross-CPSE harmonization mapping supported by Phase 7 human review ACCEPT on candidate CAN-018003 with cryptographic evidence hash ...,CAN-018003,VALIDATED_COMPATIBLE,ACCEPT,,PIPE_FITTING|ALLOY_STEEL|DN_50|DN_50|ASME_B165
94e41610-e730-5b82-9e28-4eee19d47043,ONGC,ONGC-100075,"Spiral Wound Gasket, Viton, SIZE 50 mm",CMM-SEALG-AB281C-001,CMM-SEALG-AB281C-001,MAPPED_VERIFIED,DIRECT_ACCEPTED,1.0,VERIFIED_CROSS_CPSE,HUMAN_ACCEPTED_HARMONIZATION,Verified cross-CPSE harmonization mapping supported by Phase 7 human review ACCEPT on candidate CAN-018155 with cryptographic evidence hash ...,CAN-018155,VALIDATED_COMPATIBLE,ACCEPT,,SEAL_GASKET|SPIRAL_WOUND_GASKET|VITON|50_MM|50_MM
c36d177b-8738-5189-906f-2392f5c4f113,ONGC,ONGC-100076,STORES ITEM Ball Bearing Stainless Steel 6208,CMM-BEARNG-0FD5BF-001,CMM-BEARNG-0FD5BF-001,REVIEW_REQUIRED,DIRECT_ACCEPTED,0.6,REVIEW_REQUIRED,AMBIGUOUS_ATTRIBUTE_HOLD,Attribute ambiguity in upstream candidate group; human review required.,,REVIEW_REQUIRED,,,BEARING|BALL_BEARING|STAINLESS_STEEL|STAINLESS_STEEL|6208
3f9d341c-3940-5047-90d1-d6481635fdb1,ONGC,ONGC-100077,SPARE-ROLLER BRG Stainless Steel 30205,CMM-BEARNG-300A61-001,CMM-BEARNG-300A61-001,REVIEW_REQUIRED,DIRECT_ACCEPTED,0.6,REVIEW_REQUIRED,AMBIGUOUS_ATTRIBUTE_HOLD,Attribute ambiguity in upstream candidate group; human review required.,,REVIEW_REQUIRED,,,BEARING|STAINLESS_STEEL|STAINLESS_STEEL|30205
7050cfdd-bf29-5cb6-8667-de0281245519,ONGC,ONGC-100078,SPARE-3C x 95 sq mm XLPE Cable - Copper,CMM-ELECTR-266707-001,CMM-ELECTR-266707-001,MAPPED_VERIFIED,DIRECT_ACCEPTED,1.0,VERIFIED_CROSS_CPSE,HUMAN_ACCEPTED_HARMONIZATION,Verified cross-CPSE harmonization mapping supported by Phase 7 human review ACCEPT on candidate CAN-018784 with cryptographic evidence hash ...,CAN-018784,VALIDATED_COMPATIBLE,ACCEPT,,ELECTRICAL|CABLE|XLPE|COPPER|3C_X_95_SQ_MM|1000_M|IS_2026
e9936146-595a-56ad-b9c7-4d29ef0aeb29,ONGC,ONGC-100079,"Roller Bearing, AISI 52100, SIZE 22208",CMM-BEARNG-75E845-001,CMM-BEARNG-75E845-001,REVIEW_REQUIRED,DIRECT_ACCEPTED,0.6,REVIEW_REQUIRED,AMBIGUOUS_ATTRIBUTE_HOLD,Attribute ambiguity in upstream candidate group; human review required.,,REVIEW_REQUIRED,,,BEARING|AISI_52100|22208
7df723f6-ac30-5756-97fe-3ff9c8d5ce09,ONGC,ONGC-100080,"HEX NUT, Carbon Steel, SIZE M20 x 80",CMM-FASTNR-B017A6-001,CMM-FASTNR-B017A6-001,MAPPED_VERIFIED,DIRECT_ACCEPTED,1.0,VERIFIED_CROSS_CPSE,HUMAN_ACCEPTED_HARMONIZATION,Verified cross-CPSE harmonization mapping supported by Phase 7 human review ACCEPT on candidate CAN-019143 with cryptographic evidence hash ...,CAN-019143,VALIDATED_COMPATIBLE,ACCEPT,,FASTENER|NUT|HEX|CARBON_STEEL|CARBON_STEEL|M20_X_80|80_MM|ASME_B182
b34ab3e5-bdbe-5451-979e-3a9abbc02700,ONGC,ONGC-100081,STORES ITEM TEMPERATURE TRANSMITTER SS316 0-100 bar,CMM-INSTRU-2B591E-001,CMM-INSTRU-2B591E-001,REVIEW_REQUIRED,DIRECT_ACCEPTED,0.6,REVIEW_REQUIRED,AMBIGUOUS_ATTRIBUTE_HOLD,Attribute ambiguity in upstream candidate group; human review required.,,REVIEW_REQUIRED,,,INSTRUMENTATION|STAINLESS_STEEL|SS_316|0_100_BAR
e91b733f-a84c-59eb-a64b-1143b69309e3,ONGC,ONGC-100082,"Temperature Transmitter, SS316, SIZE 0-100 bar",CMM-INSTRU-2B591E-001,CMM-INSTRU-2B591E-001,REVIEW_REQUIRED,DIRECT_ACCEPTED,0.6,REVIEW_REQUIRED,AMBIGUOUS_ATTRIBUTE_HOLD,Attribute ambiguity in upstream candidate group; human review required.,,REVIEW_REQUIRED,,,INSTRUMENTATION|STAINLESS_STEEL|SS_316|0_100_BAR
2cf49279-b123-59f6-b8ae-a1395446bfcd,ONGC,ONGC-100083,SPARE-DN 150 BV - ASTM A351 CF8M,CMM-VALVE-6D7FC6-001,CMM-VALVE-6D7FC6-001,MAPPED_VERIFIED,DIRECT_ACCEPTED,1.0,VERIFIED_CROSS_CPSE,HUMAN_ACCEPTED_HARMONIZATION,Verified cross-CPSE harmonization mapping supported by Phase 7 human review ACCEPT on candidate CAN-020135 with cryptographic evidence hash ...,CAN-020135,VALIDATED_COMPATIBLE,ACCEPT,,VALVE|BALL_VALVE|ASTM_A351_CF8M|DN_150|API_602|EPOXY_COATED
7984fd29-39ce-5ca3-a383-5f36e7f506ca,ONGC,ONGC-100084,3 in x 2 in VERTICAL TURBINE PUMP - Carbon Steel,CMM-PUMP-9ED4F4-001,CMM-PUMP-9ED4F4-001,MAPPED_VERIFIED,DIRECT_ACCEPTED,1.0,VERIFIED_CROSS_CPSE,HUMAN_ACCEPTED_HARMONIZATION,Verified cross-CPSE harmonization mapping supported by Phase 7 human review ACCEPT on candidate CAN-020315 with cryptographic evidence hash ...,CAN-020315,VALIDATED_COMPATIBLE,ACCEPT,,PUMP|CARBON_STEEL|CARBON_STEEL|3_IN_X_2_IN|3_IN_X_2_IN|IS_1520|PTFE_LINED|VERTICAL
126bc6ce-838e-5020-ad48-b39bb6ed3ceb,ONGC,ONGC-100085,SPARE-Level Transmitter 4-20 mA SS316,CMM-INSTRU-7A3205-001,CMM-INSTRU-7A3205-001,REVIEW_REQUIRED,DIRECT_ACCEPTED,0.6,REVIEW_REQUIRED,AMBIGUOUS_ATTRIBUTE_HOLD,Attribute ambiguity in upstream candidate group; human review required.,,REVIEW_REQUIRED,,,INSTRUMENTATION|STAINLESS_STEEL|SS_316|4_20_MA|IEC_60529
4be6feed-23e7-502f-9398-00acd7ea0d68,ONGC,ONGC-100086,IND.4-20 mA Level Transmitter - Brass,CMM-INSTRU-F3707C-001,CMM-INSTRU-F3707C-001,REVIEW_REQUIRED,DIRECT_ACCEPTED,0.6,REVIEW_REQUIRED,AMBIGUOUS_ATTRIBUTE_HOLD,Attribute ambiguity in upstream candidate group; human review required.,,REVIEW_REQUIRED,,,INSTRUMENTATION|BRASS|4_20_MA|IEC_60529
d0e5af42-354c-5551-89ed-426310fb0e0d,ONGC,ONGC-100087,SPARE-DN 50 Check Valve - ASTM A216 WCB,CMM-VALVE-66AEAC-001,CMM-VALVE-66AEAC-001,REVIEW_REQUIRED,DIRECT_ACCEPTED,0.6,REVIEW_REQUIRED,AMBIGUOUS_ATTRIBUTE_HOLD,Attribute ambiguity in upstream candidate group; human review required.,,REVIEW_REQUIRED,,,VALVE|CHECK_VALVE|ASTM_A216_WCB|DN_50|API_600
6c55cdbc-8f27-5d9e-9ac6-821979b93189,ONGC,ONGC-100088,IND.EQUAL TEE Alloy Steel DN 150,CMM-PIPEF-100E96-001,CMM-PIPEF-100E96-001,MAPPED_VERIFIED,DIRECT_ACCEPTED,1.0,VERIFIED_CROSS_CPSE,HUMAN_ACCEPTED_HARMONIZATION,Verified cross-CPSE harmonization mapping supported by Phase 7 human review ACCEPT on candidate CAN-021034 with cryptographic evidence hash ...,CAN-021034,VALIDATED_COMPATIBLE,ACCEPT,,PIPE_FITTING|ALLOY_STEEL|DN_150|6_M|50_MM|ASTM_A106
289e326a-87a7-52a9-b880-0c175d6d9aa1,ONGC,ONGC-100089,SPARE-VERTICAL TURBINE PUMP SS316 2 in x 1.5 in,CMM-PUMP-FC6AAF-001,CMM-PUMP-FC6AAF-001,MAPPED_VERIFIED,DIRECT_ACCEPTED,1.0,VERIFIED_CROSS_CPSE,HUMAN_ACCEPTED_HARMONIZATION,Verified cross-CPSE harmonization mapping supported by Phase 7 human review ACCEPT on candidate CAN-021305 with cryptographic evidence hash ...,CAN-021305,VALIDATED_COMPATIBLE,ACCEPT,,PUMP|STAINLESS_STEEL|SS_316|2_IN_X_15_IN|2_IN_X_15_IN|IS_1520|VERTICAL
f7a8438a-406e-523f-8515-f5feeadcfca8,ONGC,ONGC-100090,SPARE-Spiral Wound Gasket Viton 2 in,CMM-SEALG-DE8656-001,CMM-SEALG-DE8656-001,MAPPED_VERIFIED,DIRECT_ACCEPTED,1.0,VERIFIED_CROSS_CPSE,HUMAN_ACCEPTED_HARMONIZATION,Verified cross-CPSE harmonization mapping supported by Phase 7 human review ACCEPT on candidate CAN-021602 with cryptographic evidence hash ...,CAN-021602,VALIDATED_COMPATIBLE,ACCEPT,,SEAL_GASKET|SPIRAL_WOUND_GASKET|VITON|2_IN|2_IN|ASME_B1620
26459ed8-fcb8-5523-839a-612aee9f24cf,ONGC,ONGC-100091,SWITCHGEAR PANEL 3C x 95 sq mm XLPE Insulated,CMM-ELECTR-6BCE45-001,CMM-ELECTR-6BCE45-001,MAPPED_VERIFIED,DIRECT_ACCEPTED,1.0,VERIFIED_CROSS_CPSE,HUMAN_ACCEPTED_HARMONIZATION,Verified cross-CPSE harmonization mapping supported by Phase 7 human review ACCEPT on candidate CAN-021754 with cryptographic evidence hash ...,CAN-021754,VALIDATED_COMPATIBLE,ACCEPT,,ELECTRICAL|XLPE|XLPE_INSULATED|3C_X_95_SQ_MM|1000_M|IEC_60502
6f69ca83-f2b9-5924-847e-7b66550a3819,ONGC,ONGC-100092,"STORES ITEM BOLT HEX, Grade B7, SIZE M20 x 80",CMM-FASTNR-B810F4-001,CMM-FASTNR-B810F4-001,MAPPED_VERIFIED,DIRECT_ACCEPTED,1.0,VERIFIED_CROSS_CPSE,HUMAN_ACCEPTED_HARMONIZATION,Verified cross-CPSE harmonization mapping supported by Phase 7 human review ACCEPT on candidate CAN-021842 with cryptographic evidence hash ...,CAN-021842,VALIDATED_COMPATIBLE,ACCEPT,,FASTENER|BOLT|GRADE_B7|M20_X_80|80_MM|ASME_B182
8c17d650-14e8-53a1-9162-1a521e7f6b04,ONGC,ONGC-100093,DN 100 CENT. PUMP - Carbon Steel,CMM-PUMP-BA45D5-001,CMM-PUMP-BA45D5-001,MAPPED_VERIFIED,DIRECT_ACCEPTED,1.0,VERIFIED_CROSS_CPSE,HUMAN_ACCEPTED_HARMONIZATION,Verified cross-CPSE harmonization mapping supported by Phase 7 human review ACCEPT on candidate CAN-022145 with cryptographic evidence hash ...,CAN-022145,VALIDATED_COMPATIBLE,ACCEPT,,PUMP|CENTRIFUGAL_PUMP|CARBON_STEEL|CARBON_STEEL|DN_100|IS_1520|ZINC_PLATED
96a4c370-2bc5-574f-a195-7d1dc2baef42,ONGC,ONGC-100094,Vertical Turbine Pump Duplex Steel DN 80,CMM-PUMP-13DAB4-001,CMM-PUMP-13DAB4-001,MAPPED_VERIFIED,DIRECT_ACCEPTED,1.0,VERIFIED_CROSS_CPSE,HUMAN_ACCEPTED_HARMONIZATION,Verified cross-CPSE harmonization mapping supported by Phase 7 human review ACCEPT on candidate CAN-022294 with cryptographic evidence hash ...,CAN-022294,VALIDATED_COMPATIBLE,ACCEPT,,PUMP|DUPLEX_STEEL|DN_80|ISO_2858|VERTICAL
39108485-a347-55ad-9f57-3d1d598e52ba,ONGC,ONGC-100095,"STORES ITEM REDUCER, IS 2062, SIZE DN 80",CMM-PIPEF-D67C66-001,CMM-PIPEF-D67C66-001,MAPPED_VERIFIED,DIRECT_ACCEPTED,1.0,VERIFIED_CROSS_CPSE,HUMAN_ACCEPTED_HARMONIZATION,Verified cross-CPSE harmonization mapping supported by Phase 7 human review ACCEPT on candidate CAN-022385 with cryptographic evidence hash ...,CAN-022385,VALIDATED_COMPATIBLE,ACCEPT,,PIPE_FITTING|IS_2062|DN_80|6_M|100_MM|ASTM_A106|PTFE_LINED
d4afa069-e48e-5668-9b1b-b6a0403953b8,ONGC,ONGC-100096,IND.4-20 mA Level Transmitter - SS316,CMM-INSTRU-7A3205-001,CMM-INSTRU-7A3205-001,REVIEW_REQUIRED,DIRECT_ACCEPTED,0.6,REVIEW_REQUIRED,AMBIGUOUS_ATTRIBUTE_HOLD,Attribute ambiguity in upstream candidate group; human review required.,,REVIEW_REQUIRED,,,INSTRUMENTATION|STAINLESS_STEEL|SS_316|4_20_MA|IEC_60529
340ead7a-b8ee-5522-b7be-12689b37adaf,ONGC,ONGC-100097,STORES ITEM M10 x 40 HEX NUT - Grade 10.9,CMM-FASTNR-39EA95-001,CMM-FASTNR-39EA95-001,MAPPED_VERIFIED,DIRECT_ACCEPTED,1.0,VERIFIED_CROSS_CPSE,HUMAN_ACCEPTED_HARMONIZATION,Verified cross-CPSE harmonization mapping supported by Phase 7 human review ACCEPT on candidate CAN-022893 with cryptographic evidence hash ...,CAN-022893,VALIDATED_COMPATIBLE,ACCEPT,,FASTENER|NUT|HEX|GRADE_109|M10_X_40|40_MM|ZINC_PLATED
e79391be-643f-5184-a861-7a32cad320a1,ONGC,ONGC-100098,IND.DN 50 CONTROL VALVE - ASTM A351 CF8M,CMM-VALVE-0BF561-001,CMM-VALVE-0BF561-001,MAPPED_VERIFIED,DIRECT_ACCEPTED,1.0,VERIFIED_CROSS_CPSE,HUMAN_ACCEPTED_HARMONIZATION,Verified cross-CPSE harmonization mapping supported by Phase 7 human review ACCEPT on candidate CAN-023044 with cryptographic evidence hash ...,CAN-023044,VALIDATED_COMPATIBLE,ACCEPT,,VALVE|ASTM_A351_CF8M|DN_50|DN_50|ASTM_A351
1767eb95-a58c-530e-9be2-1b6de37a60f6,ONGC,ONGC-100099,IND.1/2 in NPT RTD SENSOR - Brass,CMM-INSTRU-C4873D-001,CMM-INSTRU-C4873D-001,REVIEW_REQUIRED,DIRECT_ACCEPTED,0.6,REVIEW_REQUIRED,AMBIGUOUS_ATTRIBUTE_HOLD,Attribute ambiguity in upstream candidate group; human review required.,,REVIEW_REQUIRED,,,INSTRUMENTATION|BRASS|1_2_IN_NPT
92724e57-8a9d-57ce-b7ff-42b061b3999d,ONGC,ONGC-100100,IND.RTD Sensor 4-20 mA SS316,CMM-INSTRU-7A3205-001,CMM-INSTRU-7A3205-001,REVIEW_REQUIRED,DIRECT_ACCEPTED,0.6,REVIEW_REQUIRED,AMBIGUOUS_ATTRIBUTE_HOLD,Attribute ambiguity in upstream candidate group; human review required.,,REVIEW_REQUIRED,,,INSTRUMENTATION|STAINLESS_STEEL|SS_316|4_20_MA|IEC_60529
3670f610-ee81-5333-bd82-3887d2d65d9a,ONGC,ONGC-100101,"SPARE-Needle Bearing, Chrome Steel, SIZE 6304",CMM-BEARNG-A74B84-001,CMM-BEARNG-A74B84-001,REVIEW_REQUIRED,DIRECT_ACCEPTED,0.6,REVIEW_REQUIRED,AMBIGUOUS_ATTRIBUTE_HOLD,Attribute ambiguity in upstream candidate group; human review required.,,REVIEW_REQUIRED,,,BEARING|CHROME_STEEL|CHROME_STEEL|6304|ISO_15
3d4ed577-c269-56d1-9ce1-06072cab5e5f,ONGC,ONGC-100102,IND.NEEDLE BEARING Chrome Steel 6208,CMM-BEARNG-17B18A-001,CMM-BEARNG-17B18A-001,MAPPED_VERIFIED,DIRECT_ACCEPTED,1.0,VERIFIED_CROSS_CPSE,HUMAN_ACCEPTED_HARMONIZATION,Verified cross-CPSE harmonization mapping supported by Phase 7 human review ACCEPT on candidate CAN-023824 with cryptographic evidence hash ...,CAN-023824,VALIDATED_COMPATIBLE,ACCEPT,,BEARING|CHROME_STEEL|CHROME_STEEL|6208
6bcbe83a-0108-5a7b-92e1-20116c2f3a80,ONGC,ONGC-100103,STORES ITEM 3C x 95 sq mm INDUCTION MOTOR - Aluminium,CMM-ELECTR-9C93DB-001,CMM-ELECTR-9C93DB-001,MAPPED_VERIFIED,DIRECT_ACCEPTED,1.0,VERIFIED_CROSS_CPSE,HUMAN_ACCEPTED_HARMONIZATION,Verified cross-CPSE harmonization mapping supported by Phase 7 human review ACCEPT on candidate CAN-023974 with cryptographic evidence hash ...,CAN-023974,VALIDATED_COMPATIBLE,ACCEPT,,ELECTRICAL|ALUMINIUM|3C_X_95_SQ_MM|100_M|IEC_60502
790ead62-cca1-53e2-b60f-8cdebe597088,ONGC,ONGC-100104,IND.RUBBER GASKET PTFE 2 in,CMM-SEALG-66F853-001,CMM-SEALG-66F853-001,MAPPED_VERIFIED,DIRECT_ACCEPTED,1.0,VERIFIED_CROSS_CPSE,HUMAN_ACCEPTED_HARMONIZATION,Verified cross-CPSE harmonization mapping supported by Phase 7 human review ACCEPT on candidate CAN-024423 with cryptographic evidence hash ...,CAN-024423,VALIDATED_COMPATIBLE,ACCEPT,,SEAL_GASKET|PTFE|2_IN|GALVANIZED
515b45da-ac62-5e6a-800b-ff2032359d48,ONGC,ONGC-100105,"SPARE-Pressure Gauge, Brass, SIZE 0-100 bar",CMM-INSTRU-22FF74-001,CMM-INSTRU-22FF74-001,MAPPED_VERIFIED,DIRECT_ACCEPTED,1.0,VERIFIED_CROSS_CPSE,HUMAN_ACCEPTED_HARMONIZATION,Verified cross-CPSE harmonization mapping supported by Phase 7 human review ACCEPT on candidate CAN-024755 with cryptographic evidence hash ...,CAN-024755,VALIDATED_COMPATIBLE,ACCEPT,,INSTRUMENTATION|PRESSURE_GAUGE|BRASS|0_100_BAR|IEC_60529
7d63176d-b915-5d9f-a06c-408fd3728c16,ONGC,ONGC-100106,OIL SEAL Graphite 65 mm,CMM-SEALG-7A9F00-001,CMM-SEALG-7A9F00-001,MAPPED_VERIFIED,DIRECT_ACCEPTED,1.0,VERIFIED_CROSS_CPSE,HUMAN_ACCEPTED_HARMONIZATION,Verified cross-CPSE harmonization mapping supported by Phase 7 human review ACCEPT on candidate CAN-025024 with cryptographic evidence hash ...,CAN-025024,VALIDATED_COMPATIBLE,ACCEPT,,SEAL_GASKET|LUBRICANT|GRAPHITE|65_MM|65_MM|ASME_B1620
35b1899c-2b23-5615-aedf-c1926a72f2bc,ONGC,ONGC-100107,IND.6 in Welded Pipe - Carbon Steel,CMM-PIPEF-11F53A-001,CMM-PIPEF-11F53A-001,MAPPED_VERIFIED,DIRECT_ACCEPTED,1.0,VERIFIED_CROSS_CPSE,HUMAN_ACCEPTED_HARMONIZATION,Verified cross-CPSE harmonization mapping supported by Phase 7 human review ACCEPT on candidate CAN-025293 with cryptographic evidence hash ...,CAN-025293,VALIDATED_COMPATIBLE,ACCEPT,,PIPE_FITTING|PIPE|CARBON_STEEL|CARBON_STEEL|6_IN|1000_MM|150_MM|API_5L|GALVANIZED|WELDED
e1f14df6-7f83-5fca-984d-6f458c3fc3b3,ONGC,ONGC-100108,STORES ITEM Equal Tee DN 50 ASTM A106 Gr B,CMM-PIPEF-D565F3-001,CMM-PIPEF-D565F3-001,MAPPED_VERIFIED,DIRECT_ACCEPTED,1.0,VERIFIED_CROSS_CPSE,HUMAN_ACCEPTED_HARMONIZATION,Verified cross-CPSE harmonization mapping supported by Phase 7 human review ACCEPT on candidate CAN-025473 with cryptographic evidence hash ...,CAN-025473,VALIDATED_COMPATIBLE,ACCEPT,,PIPE_FITTING|ASTM_A106_GRB|DN_50|6_M|200_MM|API_5L|GALVANIZED
35a3d3b8-95cb-543f-b18c-1cbeaee6e886,ONGC,ONGC-100109,"Spiral Wound Gasket, Viton, SIZE 2 in",CMM-SEALG-F69928-001,CMM-SEALG-F69928-001,MAPPED_VERIFIED,DIRECT_ACCEPTED,1.0,VERIFIED_CROSS_CPSE,HUMAN_ACCEPTED_HARMONIZATION,Verified cross-CPSE harmonization mapping supported by Phase 7 human review ACCEPT on candidate CAN-025624 with cryptographic evidence hash ...,CAN-025624,VALIDATED_COMPATIBLE,ACCEPT,,SEAL_GASKET|SPIRAL_WOUND_GASKET|VITON|2_IN|2_IN|ASME_B1620|ZINC_PLATED
8ded87f9-0303-52a5-971b-892f06371574,ONGC,ONGC-100110,65 mm O-RING - PTFE,CMM-SEALG-39168C-001,CMM-SEALG-39168C-001,MAPPED_VERIFIED,DIRECT_ACCEPTED,1.0,VERIFIED_CROSS_CPSE,HUMAN_ACCEPTED_HARMONIZATION,Verified cross-CPSE harmonization mapping supported by Phase 7 human review ACCEPT on candidate CAN-025712 with cryptographic evidence hash ...,CAN-025712,VALIDATED_COMPATIBLE,ACCEPT,,SEAL_GASKET|PTFE|65_MM|65_MM|PTFE
0205804e-8875-5a8a-b56d-cdf93e58005f,ONGC,ONGC-100111,IND.Mechanical Seal NBR 100 mm,CMM-SEALG-DB0B11-001,CMM-SEALG-DB0B11-001,MAPPED_VERIFIED,DIRECT_ACCEPTED,1.0,VERIFIED_CROSS_CPSE,HUMAN_ACCEPTED_HARMONIZATION,Verified cross-CPSE harmonization mapping supported by Phase 7 human review ACCEPT on candidate CAN-025775 with cryptographic evidence hash ...,CAN-025775,VALIDATED_COMPATIBLE,ACCEPT,,SEAL_GASKET|NBR|100_MM|ASME_B1620
356622df-76ab-54f2-aeff-dd8f0e585064,ONGC,ONGC-100112,STORES ITEM BRG BALL Stainless Steel 6208,CMM-BEARNG-0FD5BF-001,CMM-BEARNG-0FD5BF-001,REVIEW_REQUIRED,DIRECT_ACCEPTED,0.6,REVIEW_REQUIRED,AMBIGUOUS_ATTRIBUTE_HOLD,Attribute ambiguity in upstream candidate group; human review required.,,REVIEW_REQUIRED,,,BEARING|BALL_BEARING|STAINLESS_STEEL|STAINLESS_STEEL|6208
b92b2e89-091c-55cd-81dd-3aceaba3861a,ONGC,ONGC-100113,415V 100A Induction Motor - Aluminium,CMM-ELECTR-62038E-001,CMM-ELECTR-62038E-001,MAPPED_VERIFIED,DIRECT_ACCEPTED,1.0,VERIFIED_CROSS_CPSE,HUMAN_ACCEPTED_HARMONIZATION,Verified cross-CPSE harmonization mapping supported by Phase 7 human review ACCEPT on candidate CAN-026107 with cryptographic evidence hash ...,CAN-026107,VALIDATED_COMPATIBLE,ACCEPT,,ELECTRICAL|ALUMINIUM|415V_100A|IS_13947
a74bb7fc-c5ff-5811-bbbd-ac089ab0f0ce,ONGC,ONGC-100114,SPARE-Anchor Bolt 300# SS304 M10 x 40,CMM-FASTNR-6661BD-001,CMM-FASTNR-6661BD-001,MAPPED_STANDALONE,STANDALONE,1.0,STANDALONE_IDENTITY,STANDALONE_CANONICAL_SYNTHESIS,1-to-1 deterministic identity mapping to governed Phase 8 standalone CMM candidate. Does not imply cross-CPSE equivalence or harmonization.,,,,,FASTENER|BOLT|STAINLESS_STEEL|SS_304|M10_X_40|40_MM|ASME_B182
08803eb5-42a2-5a18-9ddf-92d7c60462d0,ONGC,ONGC-100115,SPARE-Taper Roller Bearing 22208 Chrome Steel 150#,CMM-BEARNG-39C22B-001,CMM-BEARNG-39C22B-001,REVIEW_REQUIRED,DIRECT_ACCEPTED,0.6,REVIEW_REQUIRED,AMBIGUOUS_ATTRIBUTE_HOLD,Attribute ambiguity in upstream candidate group; human review required.,,REVIEW_REQUIRED,,,BEARING|CHROME_STEEL|CHROME_STEEL|22208
57c2f0ec-1e31-506e-a649-8b53f7e843e1,ONGC,ONGC-100116,IND.GATE VLV 600# ASTM A216 WCB 1 in,CMM-VALVE-2F6D87-001,CMM-VALVE-2F6D87-001,MAPPED_STANDALONE,STANDALONE,1.0,STANDALONE_IDENTITY,STANDALONE_CANONICAL_SYNTHESIS,1-to-1 deterministic identity mapping to governed Phase 8 standalone CMM candidate. Does not imply cross-CPSE equivalence or harmonization.,,,,,VALVE|GATE_VALVE|ASTM_A216_WCB|1_IN|1_IN|API_602
6f933f5e-5efc-5ef2-b108-e950900ff174,ONGC,ONGC-100117,SPARE-Socket Head Screw 300# Grade B7 M24 x 100,CMM-FASTNR-15537B-001,CMM-FASTNR-15537B-001,MAPPED_VERIFIED,DIRECT_ACCEPTED,1.0,VERIFIED_CROSS_CPSE,HUMAN_ACCEPTED_HARMONIZATION,Verified cross-CPSE harmonization mapping supported by Phase 7 human review ACCEPT on candidate CAN-026761 with cryptographic evidence hash ...,CAN-026761,VALIDATED_COMPATIBLE,ACCEPT,,FASTENER|GRADE_B7|M24_X_100|100_MM
cef82fdc-9176-5010-b3a8-90049f65d31f,ONGC,ONGC-100118,Anchor Bolt M16 x 65 Carbon Steel 300#,CMM-FASTNR-C56053-001,CMM-FASTNR-C56053-001,MAPPED_STANDALONE,STANDALONE,1.0,STANDALONE_IDENTITY,STANDALONE_CANONICAL_SYNTHESIS,1-to-1 deterministic identity mapping to governed Phase 8 standalone CMM candidate. Does not imply cross-CPSE equivalence or harmonization.,,,,,FASTENER|BOLT|CARBON_STEEL|CARBON_STEEL|M16_X_65|65_MM|ASME_B182
0cf0dd3a-d6f8-5c83-8c81-8289d3b5dd92,ONGC,ONGC-100119,IND.O-Ring 300# Viton 65 mm,CMM-SEALG-19C018-001,CMM-SEALG-19C018-001,MAPPED_VERIFIED,DIRECT_ACCEPTED,1.0,VERIFIED_CROSS_CPSE,HUMAN_ACCEPTED_HARMONIZATION,Verified cross-CPSE harmonization mapping supported by Phase 7 human review ACCEPT on candidate CAN-027001 with cryptographic evidence hash ...,CAN-027001,VALIDATED_COMPATIBLE,ACCEPT,,SEAL_GASKET|VITON|65_MM|65_MM|ZINC_PLATED
f3330a08-4a5d-587d-8740-be05cef7bfa5,ONGC,ONGC-100120,SPARE-BALL VLV 600# SS316 6 in,CMM-VALVE-3EAE08-001,CMM-VALVE-3EAE08-001,MAPPED_STANDALONE,STANDALONE,1.0,STANDALONE_IDENTITY,STANDALONE_CANONICAL_SYNTHESIS,1-to-1 deterministic identity mapping to governed Phase 8 standalone CMM candidate. Does not imply cross-CPSE equivalence or harmonization.,,,,,VALVE|BALL_VALVE|STAINLESS_STEEL|SS_316|6_IN|API_600
41669556-47e8-5b03-acd4-0aba815d6410,ONGC,ONGC-100121,SPARE-Spiral Wound Gasket 600# Graphite 100 mm,CMM-SEALG-62C5E5-001,CMM-SEALG-62C5E5-001,MAPPED_VERIFIED,DIRECT_ACCEPTED,1.0,VERIFIED_CROSS_CPSE,HUMAN_ACCEPTED_HARMONIZATION,Verified cross-CPSE harmonization mapping supported by Phase 7 human review ACCEPT on candidate CAN-027361 with cryptographic evidence hash ...,CAN-027361,VALIDATED_COMPATIBLE,ACCEPT,,SEAL_GASKET|SPIRAL_WOUND_GASKET|GRAPHITE|100_MM|ZINC_PLATED
ffa4a30f-41ad-5564-8f72-59db739b5875,ONGC,ONGC-100122,"Stud Bolt, Grade 8.8, SIZE M12 x 50 300#",CMM-FASTNR-F992A6-001,CMM-FASTNR-F992A6-001,MAPPED_STANDALONE,STANDALONE,1.0,STANDALONE_IDENTITY,STANDALONE_CANONICAL_SYNTHESIS,1-to-1 deterministic identity mapping to governed Phase 8 standalone CMM candidate. Does not imply cross-CPSE equivalence or harmonization.,,,,,FASTENER|BOLT|GRADE_88|M12_X_50|50_MM|ASTM_A193
227cb079-5987-55da-9969-0e45aed351f7,ONGC,ONGC-100123,PUMP CENTRIF 300# Carbon Steel 3 in x 2 in,CMM-PUMP-DBFE2C-001,CMM-PUMP-DBFE2C-001,MAPPED_STANDALONE,STANDALONE,1.0,STANDALONE_IDENTITY,STANDALONE_CANONICAL_SYNTHESIS,1-to-1 deterministic identity mapping to governed Phase 8 standalone CMM candidate. Does not imply cross-CPSE equivalence or harmonization.,,,,,PUMP|CENTRIFUGAL_PUMP|CARBON_STEEL|CARBON_STEEL|3_IN_X_2_IN|API_610
8fc6f691-cd17-539f-a81d-d97b4d6e45c1,ONGC,ONGC-100124,"IND.THRUST BEARING, AISI 52100, SIZE 6208 150#",CMM-BEARNG-1E674F-001,CMM-BEARNG-1E674F-001,MAPPED_VERIFIED,DIRECT_ACCEPTED,1.0,VERIFIED_CROSS_CPSE,HUMAN_ACCEPTED_HARMONIZATION,Verified cross-CPSE harmonization mapping supported by Phase 7 human review ACCEPT on candidate CAN-028083 with cryptographic evidence hash ...,CAN-028083,VALIDATED_COMPATIBLE,ACCEPT,,BEARING|AISI_52100|6208
105f05ac-ebde-5ad0-9102-43b1d15fc88a,ONGC,ONGC-100125,2 in Mechanical Seal - Graphite 300#,CMM-SEALG-F19166-001,CMM-SEALG-F19166-001,MAPPED_VERIFIED,DIRECT_ACCEPTED,1.0,VERIFIED_CROSS_CPSE,HUMAN_ACCEPTED_HARMONIZATION,Verified cross-CPSE harmonization mapping supported by Phase 7 human review ACCEPT on candidate CAN-029281 with cryptographic evidence hash ...,CAN-029281,VALIDATED_COMPATIBLE,ACCEPT,,SEAL_GASKET|GRAPHITE|2_IN
b91b00ba-dc89-53a9-8ee5-cf0ded22a965,ONGC,ONGC-100126,"IND.Centrifugal Pump, Alloy Steel, SIZE DN 100 300#",CMM-PUMP-A9BFE8-001,CMM-PUMP-A9BFE8-001,MAPPED_STANDALONE,STANDALONE,1.0,STANDALONE_IDENTITY,STANDALONE_CANONICAL_SYNTHESIS,1-to-1 deterministic identity mapping to governed Phase 8 standalone CMM candidate. Does not imply cross-CPSE equivalence or harmonization.,,,,,PUMP|CENTRIFUGAL_PUMP|ALLOY_STEEL|DN_100|DN_100|IS_1520
91fe6359-03e2-5485-bcc2-0e1defcbba9b,ONGC,ONGC-100127,"BV, ASTM A216 WCB, SIZE 1/2 in 300#",CMM-VALVE-F0B040-001,CMM-VALVE-F0B040-001,MAPPED_STANDALONE,STANDALONE,1.0,STANDALONE_IDENTITY,STANDALONE_CANONICAL_SYNTHESIS,1-to-1 deterministic identity mapping to governed Phase 8 standalone CMM candidate. Does not imply cross-CPSE equivalence or harmonization.,,,,,VALVE|BALL_VALVE|ASTM_A216_WCB|1_2_IN|1_2_IN|API_602
873ca740-0bab-5b0c-a6fc-3dc26fcc305b,ONGC,ONGC-100128,STORES ITEM PRESSURE GAUGE 150# Brass 4-20 mA,CMM-INSTRU-FECC9D-001,CMM-INSTRU-FECC9D-001,REVIEW_REQUIRED,DIRECT_ACCEPTED,0.6,REVIEW_REQUIRED,AMBIGUOUS_ATTRIBUTE_HOLD,Attribute ambiguity in upstream candidate group; human review required.,,REVIEW_REQUIRED,,,INSTRUMENTATION|PRESSURE_GAUGE|BRASS|4_20_MA|ASME_B40100
3309676c-570c-5843-be27-f49ea4361e8b,ONGC,ONGC-100129,SPARE-Level Transmitter 150# SS316 4-20 mA,CMM-INSTRU-1E073D-001,CMM-INSTRU-1E073D-001,REVIEW_REQUIRED,DIRECT_ACCEPTED,0.6,REVIEW_REQUIRED,AMBIGUOUS_ATTRIBUTE_HOLD,Attribute ambiguity in upstream candidate group; human review required.,,REVIEW_REQUIRED,,,INSTRUMENTATION|STAINLESS_STEEL|SS_316|4_20_MA|ASME_B40100
45affe08-4848-5091-b774-3629bf21f576,ONGC,ONGC-100130,SPARE-3C x 95 sq mm INDUCTION MOTOR - Aluminium 300#,CMM-ELECTR-707C05-001,CMM-ELECTR-707C05-001,MAPPED_VERIFIED,DIRECT_ACCEPTED,1.0,VERIFIED_CROSS_CPSE,HUMAN_ACCEPTED_HARMONIZATION,Verified cross-CPSE harmonization mapping supported by Phase 7 human review ACCEPT on candidate CAN-030181 with cryptographic evidence hash ...,CAN-030181,VALIDATED_COMPATIBLE,ACCEPT,,ELECTRICAL|ALUMINIUM|3C_X_95_SQ_MM|1000_M|IEC_60502
b6e5bf89-821c-543d-ba35-bc3ef37da5e2,ONGC,ONGC-100131,M24 x 100 SOCKET HEAD SCREW - SS316 300#,CMM-FASTNR-93C14A-001,CMM-FASTNR-93C14A-001,MAPPED_STANDALONE,STANDALONE,1.0,STANDALONE_IDENTITY,STANDALONE_CANONICAL_SYNTHESIS,1-to-1 deterministic identity mapping to governed Phase 8 standalone CMM candidate. Does not imply cross-CPSE equivalence or harmonization.,,,,,FASTENER|STAINLESS_STEEL|SS_316|M24_X_100|100_MM|ASTM_A193
3727ebf8-cce1-5238-8d11-64ffaf5bafb2,ONGC,ONGC-100132,RUBBER GASKET 2 in NBR 150#,CMM-SEALG-31DF73-001,CMM-SEALG-31DF73-001,MAPPED_VERIFIED,DIRECT_ACCEPTED,1.0,VERIFIED_CROSS_CPSE,HUMAN_ACCEPTED_HARMONIZATION,Verified cross-CPSE harmonization mapping supported by Phase 7 human review ACCEPT on candidate CAN-030541 with cryptographic evidence hash ...,CAN-030541,VALIDATED_COMPATIBLE,ACCEPT,,SEAL_GASKET|NBR|2_IN|ASME_B1620|RUBBER
a36816fd-d4d9-5306-9da3-1d5d776b7d6e,ONGC,ONGC-100133,VERTICAL TURBINE PUMP 2 in x 1.5 in Cast Iron 300#,CMM-PUMP-FA44B3-001,CMM-PUMP-FA44B3-001,MAPPED_VERIFIED,DIRECT_ACCEPTED,1.0,VERIFIED_CROSS_CPSE,HUMAN_ACCEPTED_HARMONIZATION,Verified cross-CPSE harmonization mapping supported by Phase 7 human review ACCEPT on candidate CAN-030603 with cryptographic evidence hash ...,CAN-030603,VALIDATED_COMPATIBLE,ACCEPT,,PUMP|CAST_IRON|2_IN_X_15_IN|IS_1520|CAST|VERTICAL
c1cf7ca5-9ef7-5350-8eb7-d502257c9953,ONGC,ONGC-100134,4-20 mA PRESSURE GAUGE - Brass 150#,CMM-INSTRU-FECC9D-001,CMM-INSTRU-FECC9D-001,REVIEW_REQUIRED,DIRECT_ACCEPTED,0.6,REVIEW_REQUIRED,AMBIGUOUS_ATTRIBUTE_HOLD,Attribute ambiguity in upstream candidate group; human review required.,,REVIEW_REQUIRED,,,INSTRUMENTATION|PRESSURE_GAUGE|BRASS|4_20_MA|ASME_B40100
d43e0b55-22ba-5d7d-b852-a1f26211706f,ONGC,ONGC-100135,BRG BALL 30205 Chrome Steel 150#,CMM-BEARNG-66CBD4-001,CMM-BEARNG-66CBD4-001,MAPPED_VERIFIED,DIRECT_ACCEPTED,1.0,VERIFIED_CROSS_CPSE,HUMAN_ACCEPTED_HARMONIZATION,Verified cross-CPSE harmonization mapping supported by Phase 7 human review ACCEPT on candidate CAN-030721 with cryptographic evidence hash ...,CAN-030721,VALIDATED_COMPATIBLE,ACCEPT,,BEARING|BALL_BEARING|CHROME_STEEL|CHROME_STEEL|30205|ISO_15
562ac88d-a62c-5d86-a475-fa3c518b52a7,ONGC,ONGC-100136,IND.415V 100A Switchgear Panel - XLPE Insulated 300#,CMM-ELECTR-C3E195-001,CMM-ELECTR-C3E195-001,MAPPED_VERIFIED,DIRECT_ACCEPTED,1.0,VERIFIED_CROSS_CPSE,HUMAN_ACCEPTED_HARMONIZATION,Verified cross-CPSE harmonization mapping supported by Phase 7 human review ACCEPT on candidate CAN-030961 with cryptographic evidence hash ...,CAN-030961,VALIDATED_COMPATIBLE,ACCEPT,,ELECTRICAL|XLPE|XLPE_INSULATED|415V_100A|IEC_60502
c0a13e7d-f134-59c9-92d5-03705639795d,ONGC,ONGC-100137,SPARE-XLPE Cable 415V 100A XLPE Insulated 300#,CMM-ELECTR-CFAB35-001,CMM-ELECTR-CFAB35-001,MAPPED_VERIFIED,DIRECT_ACCEPTED,1.0,VERIFIED_CROSS_CPSE,HUMAN_ACCEPTED_HARMONIZATION,Verified cross-CPSE harmonization mapping supported by Phase 7 human review ACCEPT on candidate CAN-031141 with cryptographic evidence hash ...,CAN-031141,VALIDATED_COMPATIBLE,ACCEPT,,ELECTRICAL|CABLE|XLPE|XLPE_INSULATED|415V_100A|100_M|IS_13947
0c6734f1-df6c-53fb-ad76-21a834640c14,ONGC,ONGC-100138,DN 100 RECIPROCATING PUMP - SS316 300#,CMM-PUMP-0F45F6-001,CMM-PUMP-0F45F6-001,MAPPED_VERIFIED,DIRECT_ACCEPTED,1.0,VERIFIED_CROSS_CPSE,HUMAN_ACCEPTED_HARMONIZATION,Verified cross-CPSE harmonization mapping supported by Phase 7 human review ACCEPT on candidate CAN-003244 with cryptographic evidence hash ...,CAN-003244,VALIDATED_COMPATIBLE,ACCEPT,,PUMP|STAINLESS_STEEL|SS_316|DN_100|DN_100|API_610
0dcb0c4c-a098-5f2a-a4de-d82a23bb3159,ONGC,ONGC-100139,STORES ITEM DN 150 FLANGE - SS316L 600#,CMM-PIPEF-775C7D-001,CMM-PIPEF-775C7D-001,MAPPED_VERIFIED,DIRECT_ACCEPTED,1.0,VERIFIED_CROSS_CPSE,HUMAN_ACCEPTED_HARMONIZATION,Verified cross-CPSE harmonization mapping supported by Phase 7 human review ACCEPT on candidate CAN-031801 with cryptographic evidence hash ...,CAN-031801,VALIDATED_COMPATIBLE,ACCEPT,,PIPE_FITTING|FLANGE|STAINLESS_STEEL|SS_316L|DN_150|1000_MM|DN_150|ASTM_A106
be8a2974-af24-5703-8601-91bb26f005ee,ONGC,ONGC-100140,SPARE-4-20 mA RTD Sensor - Brass 600#,CMM-INSTRU-76A4D1-001,CMM-INSTRU-76A4D1-001,MAPPED_VERIFIED,DIRECT_ACCEPTED,1.0,VERIFIED_CROSS_CPSE,HUMAN_ACCEPTED_HARMONIZATION,Verified cross-CPSE harmonization mapping supported by Phase 7 human review ACCEPT on candidate CAN-032013 with cryptographic evidence hash ...,CAN-032013,VALIDATED_COMPATIBLE,ACCEPT,,INSTRUMENTATION|BRASS|4_20_MA|ASME_B40100
6bb7ec18-9443-5dcc-a78a-c3b4cc06a039,ONGC,ONGC-100141,STORES ITEM Hex Nut 600# Carbon Steel M20 x 80,CMM-FASTNR-DC5D47-001,CMM-FASTNR-DC5D47-001,MAPPED_STANDALONE,STANDALONE,1.0,STANDALONE_IDENTITY,STANDALONE_CANONICAL_SYNTHESIS,1-to-1 deterministic identity mapping to governed Phase 8 standalone CMM candidate. Does not imply cross-CPSE equivalence or harmonization.,,,,,FASTENER|NUT|HEX|CARBON_STEEL|CARBON_STEEL|M20_X_80|80_MM|ASTM_A193
999a9ea9-477b-5b8e-8e13-2674f71b13a8,ONGC,ONGC-100142,SPIRAL WOUND GASKET 150# PTFE 2 in,CMM-SEALG-33D848-001,CMM-SEALG-33D848-001,MAPPED_VERIFIED,DIRECT_ACCEPTED,1.0,VERIFIED_CROSS_CPSE,HUMAN_ACCEPTED_HARMONIZATION,Verified cross-CPSE harmonization mapping supported by Phase 7 human review ACCEPT on candidate CAN-032401 with cryptographic evidence hash ...,CAN-032401,VALIDATED_COMPATIBLE,ACCEPT,,SEAL_GASKET|SPIRAL_WOUND_GASKET|PTFE|2_IN|API_682|PTFE
cfa09018-db9c-5548-a6e6-26b501703449,ONGC,ONGC-100143,STORES ITEM HEX NUT 150# SS304 M10 x 40,CMM-FASTNR-323585-001,CMM-FASTNR-323585-001,MAPPED_STANDALONE,STANDALONE,1.0,STANDALONE_IDENTITY,STANDALONE_CANONICAL_SYNTHESIS,1-to-1 deterministic identity mapping to governed Phase 8 standalone CMM candidate. Does not imply cross-CPSE equivalence or harmonization.,,,,,FASTENER|NUT|HEX|STAINLESS_STEEL|SS_304|M10_X_40|40_MM|ASTM_A193|ZINC_PLATED
a4e5a0a8-55ef-531f-bff2-59480d7c97fc,ONGC,ONGC-100144,"STORES ITEM Thrust Bearing, AISI 52100, SIZE 22208 150#",CMM-BEARNG-F56C70-001,CMM-BEARNG-F56C70-001,MAPPED_VERIFIED,DIRECT_ACCEPTED,1.0,VERIFIED_CROSS_CPSE,HUMAN_ACCEPTED_HARMONIZATION,Verified cross-CPSE harmonization mapping supported by Phase 7 human review ACCEPT on candidate CAN-032641 with cryptographic evidence hash ...,CAN-032641,VALIDATED_COMPATIBLE,ACCEPT,,BEARING|AISI_52100|22208|ISO_15
8cb752e6-5097-5501-842c-8d375c7904cc,ONGC,ONGC-100145,SPARE-CIRCUIT BREAKER 415V 100A XLPE Insulated 150#,CMM-ELECTR-1C59B4-001,CMM-ELECTR-1C59B4-001,MAPPED_VERIFIED,DIRECT_ACCEPTED,1.0,VERIFIED_CROSS_CPSE,HUMAN_ACCEPTED_HARMONIZATION,Verified cross-CPSE harmonization mapping supported by Phase 7 human review ACCEPT on candidate CAN-033301 with cryptographic evidence hash ...,CAN-033301,VALIDATED_COMPATIBLE,ACCEPT,,ELECTRICAL|XLPE|XLPE_INSULATED|415V_100A|100_M|IS_13947
3af3732c-7406-50e9-8b70-032b89ac02c0,ONGC,ONGC-100146,SPARE-BALL BRG 300# Chrome Steel 6304,CMM-BEARNG-F25509-001,CMM-BEARNG-F25509-001,MAPPED_VERIFIED,DIRECT_ACCEPTED,1.0,VERIFIED_CROSS_CPSE,HUMAN_ACCEPTED_HARMONIZATION,Verified cross-CPSE harmonization mapping supported by Phase 7 human review ACCEPT on candidate CAN-033421 with cryptographic evidence hash ...,CAN-033421,VALIDATED_COMPATIBLE,ACCEPT,,BEARING|BALL_BEARING|CHROME_STEEL|CHROME_STEEL|6304
13765461-8ff4-53d4-a59a-030d96d99b90,ONGC,ONGC-100147,WELDED PIPE 150# SS316L 6 in,CMM-PIPEF-7F1EC6-001,CMM-PIPEF-7F1EC6-001,MAPPED_VERIFIED,DIRECT_ACCEPTED,1.0,VERIFIED_CROSS_CPSE,HUMAN_ACCEPTED_HARMONIZATION,Verified cross-CPSE harmonization mapping supported by Phase 7 human review ACCEPT on candidate CAN-034141 with cryptographic evidence hash ...,CAN-034141,VALIDATED_COMPATIBLE,ACCEPT,,PIPE_FITTING|PIPE|STAINLESS_STEEL|SS_316L|6_IN|200_MM|ASTM_A106|WELDED
b2e72ae5-24b4-5b27-9a4d-cca44245c743,ONGC,ONGC-100148,STORES ITEM 2 in x 1.5 in Centrifugal Pump - SS316 600#,CMM-PUMP-12FC7D-001,CMM-PUMP-12FC7D-001,MAPPED_STANDALONE,STANDALONE,1.0,STANDALONE_IDENTITY,STANDALONE_CANONICAL_SYNTHESIS,1-to-1 deterministic identity mapping to governed Phase 8 standalone CMM candidate. Does not imply cross-CPSE equivalence or harmonization.,,,,,PUMP|CENTRIFUGAL_PUMP|STAINLESS_STEEL|SS_316|2_IN_X_15_IN|2_IN_X_15_IN|ISO_2858|ZINC_PLATED
eaf035d2-917f-5dba-8c5c-670705d67ad7,ONGC,ONGC-100149,"Reciprocating Pump, Carbon Steel, SIZE 2 in x 1.5 in 150#",CMM-PUMP-1ABEEE-001,CMM-PUMP-1ABEEE-001,MAPPED_STANDALONE,STANDALONE,1.0,STANDALONE_IDENTITY,STANDALONE_CANONICAL_SYNTHESIS,1-to-1 deterministic identity mapping to governed Phase 8 standalone CMM candidate. Does not imply cross-CPSE equivalence or harmonization.,,,,,PUMP|CARBON_STEEL|CARBON_STEEL|2_IN_X_15_IN|ISO_2858|PTFE_LINED
ffde6678-09ad-51c7-97ff-58ef7594f88b,ONGC,ONGC-100150,"SPARE-HX BOLT, Grade B7, SIZE M10 x 40 300#",CMM-FASTNR-87EE42-001,CMM-FASTNR-87EE42-001,MAPPED_VERIFIED,DIRECT_ACCEPTED,1.0,VERIFIED_CROSS_CPSE,HUMAN_ACCEPTED_HARMONIZATION,Verified cross-CPSE harmonization mapping supported by Phase 7 human review ACCEPT on candidate CAN-034621 with cryptographic evidence hash ...,CAN-034621,VALIDATED_COMPATIBLE,ACCEPT,,FASTENER|BOLT|GRADE_B7|M10_X_40|40_MM|IS_1367
3165d919-191d-56a3-9a55-35b92adbced0,ONGC,ONGC-100151,IND.Ball Valve 2 in LCB 600#,CMM-VALVE-524070-001,CMM-VALVE-524070-001,MAPPED_VERIFIED,DIRECT_ACCEPTED,1.0,VERIFIED_CROSS_CPSE,HUMAN_ACCEPTED_HARMONIZATION,Verified cross-CPSE harmonization mapping supported by Phase 7 human review ACCEPT on candidate CAN-034681 with cryptographic evidence hash ...,CAN-034681,VALIDATED_COMPATIBLE,ACCEPT,,VALVE|BALL_VALVE|LCB|2_IN|2_IN|ASME_B1634
c8d8f02a-8aed-5785-bfb1-37145e04ad79,ONGC,ONGC-100152,STORES ITEM BRG ROLLER 300# Stainless Steel 6408,CMM-BEARNG-200E56-001,CMM-BEARNG-200E56-001,MAPPED_VERIFIED,DIRECT_ACCEPTED,1.0,VERIFIED_CROSS_CPSE,HUMAN_ACCEPTED_HARMONIZATION,Verified cross-CPSE harmonization mapping supported by Phase 7 human review ACCEPT on candidate CAN-034921 with cryptographic evidence hash ...,CAN-034921,VALIDATED_COMPATIBLE,ACCEPT,,BEARING|STAINLESS_STEEL|STAINLESS_STEEL|6408
57e31be1-cefb-5089-bce4-1e0502e2a2ba,ONGC,ONGC-100153,STORES ITEM 3 in x 2 in Gear Pump - SS316 300#,CMM-PUMP-84E179-001,CMM-PUMP-84E179-001,MAPPED_STANDALONE,STANDALONE,1.0,STANDALONE_IDENTITY,STANDALONE_CANONICAL_SYNTHESIS,1-to-1 deterministic identity mapping to governed Phase 8 standalone CMM candidate. Does not imply cross-CPSE equivalence or harmonization.,,,,,PUMP|STAINLESS_STEEL|SS_316|3_IN_X_2_IN|3_IN_X_2_IN|IS_1520|EPOXY_COATED
18c585b8-1819-52ca-9f99-39a01ec9a855,ONGC,ONGC-100154,DN 100 VERTICAL TURBINE PUMP - Cast Iron 600#,CMM-PUMP-137846-001,CMM-PUMP-137846-001,MAPPED_VERIFIED,DIRECT_ACCEPTED,1.0,VERIFIED_CROSS_CPSE,HUMAN_ACCEPTED_HARMONIZATION,Verified cross-CPSE harmonization mapping supported by Phase 7 human review ACCEPT on candidate CAN-035161 with cryptographic evidence hash ...,CAN-035161,VALIDATED_COMPATIBLE,ACCEPT,,PUMP|CAST_IRON|DN_100|API_610|CAST|VERTICAL
210260ce-492d-5715-bccb-b3bf48fe9272,ONGC,ONGC-100155,STORES ITEM Socket Head Screw M10 x 40 Grade B7 150#,CMM-FASTNR-A82C5B-001,CMM-FASTNR-A82C5B-001,REVIEW_REQUIRED,DIRECT_ACCEPTED,0.6,REVIEW_REQUIRED,AMBIGUOUS_ATTRIBUTE_HOLD,Attribute ambiguity in upstream candidate group; human review required.,,REVIEW_REQUIRED,,,FASTENER|GRADE_B7|M10_X_40|40_MM|IS_1367
f223492b-ed66-5183-9781-512e4093565b,ONGC,ONGC-100156,"Hex Bolt, Grade 10.9, SIZE M10 x 40 600#",CMM-FASTNR-DD7446-001,CMM-FASTNR-DD7446-001,MAPPED_STANDALONE,STANDALONE,1.0,STANDALONE_IDENTITY,STANDALONE_CANONICAL_SYNTHESIS,1-to-1 deterministic identity mapping to governed Phase 8 standalone CMM candidate. Does not imply cross-CPSE equivalence or harmonization.,,,,,FASTENER|BOLT|HEX|GRADE_109|M10_X_40|40_MM|IS_1367
1b37690e-408b-5961-9880-b8975935c86d,ONGC,ONGC-100157,SPARE-Gear Pump 150# SS316 2 in x 1.5 in,CMM-PUMP-E9BB25-001,CMM-PUMP-E9BB25-001,MAPPED_STANDALONE,STANDALONE,1.0,STANDALONE_IDENTITY,STANDALONE_CANONICAL_SYNTHESIS,1-to-1 deterministic identity mapping to governed Phase 8 standalone CMM candidate. Does not imply cross-CPSE equivalence or harmonization.,,,,,PUMP|STAINLESS_STEEL|SS_316|2_IN_X_15_IN|2_IN_X_15_IN|IS_1520|ZINC_PLATED
311c5391-e2cc-5fe8-9953-d4527ad7afe9,ONGC,ONGC-100158,"IND.INDUCTION MOTOR, XLPE Insulated, SIZE 1C x 300 sq mm 150#",CMM-ELECTR-9A21B9-001,CMM-ELECTR-9A21B9-001,MAPPED_VERIFIED,DIRECT_ACCEPTED,1.0,VERIFIED_CROSS_CPSE,HUMAN_ACCEPTED_HARMONIZATION,Verified cross-CPSE harmonization mapping supported by Phase 7 human review ACCEPT on candidate CAN-035701 with cryptographic evidence hash ...,CAN-035701,VALIDATED_COMPATIBLE,ACCEPT,,ELECTRICAL|XLPE|XLPE_INSULATED|1C_X_300_SQ_MM|IS_2026
b3d247a7-9f37-500e-ade9-819305ccbe81,ONGC,ONGC-100159,Ball Bearing 6208 Stainless Steel 300#,CMM-BEARNG-0FD5BF-001,CMM-BEARNG-0FD5BF-001,REVIEW_REQUIRED,DIRECT_ACCEPTED,0.6,REVIEW_REQUIRED,AMBIGUOUS_ATTRIBUTE_HOLD,Attribute ambiguity in upstream candidate group; human review required.,,REVIEW_REQUIRED,,,BEARING|BALL_BEARING|STAINLESS_STEEL|STAINLESS_STEEL|6208
84d69646-cb27-5dbf-b91c-9c7cbd543a1f,ONGC,ONGC-100160,INDUCTION MOTOR 150# Copper 4C x 25 sq mm,CMM-ELECTR-240377-001,CMM-ELECTR-240377-001,REVIEW_REQUIRED,DIRECT_ACCEPTED,0.6,REVIEW_REQUIRED,AMBIGUOUS_ATTRIBUTE_HOLD,Attribute ambiguity in upstream candidate group; human review required.,,REVIEW_REQUIRED,,,ELECTRICAL|COPPER|4C_X_25_SQ_MM|IS_7098
c1470661-ac57-5df8-bfb1-af307f1b4248,ONGC,ONGC-100161,"HEX NUT, Alloy Steel, SIZE M12 x 50 150#",CMM-FASTNR-C119EB-001,CMM-FASTNR-C119EB-001,MAPPED_STANDALONE,STANDALONE,1.0,STANDALONE_IDENTITY,STANDALONE_CANONICAL_SYNTHESIS,1-to-1 deterministic identity mapping to governed Phase 8 standalone CMM candidate. Does not imply cross-CPSE equivalence or harmonization.,,,,,FASTENER|NUT|HEX|ALLOY_STEEL|M12_X_50|50_MM|ASTM_A193
2ae4e067-8753-5be5-8cf8-5f0c974d5dab,ONGC,ONGC-100162,6408 Thrust Bearing - AISI 52100 600#,CMM-BEARNG-7BE095-001,CMM-BEARNG-7BE095-001,REVIEW_REQUIRED,DIRECT_ACCEPTED,0.6,REVIEW_REQUIRED,AMBIGUOUS_ATTRIBUTE_HOLD,Attribute ambiguity in upstream candidate group; human review required.,,REVIEW_REQUIRED,,,BEARING|AISI_52100|6408
325ada12-0619-5fef-85ad-dc4fd02791fd,ONGC,ONGC-100163,STORES ITEM DISTRIBUTION TRANSFORMER 600# Aluminium 415V 100A,CMM-ELECTR-3E612F-001,CMM-ELECTR-3E612F-001,MAPPED_VERIFIED,DIRECT_ACCEPTED,1.0,VERIFIED_CROSS_CPSE,HUMAN_ACCEPTED_HARMONIZATION,Verified cross-CPSE harmonization mapping supported by Phase 7 human review ACCEPT on candidate CAN-037381 with cryptographic evidence hash ...,CAN-037381,VALIDATED_COMPATIBLE,ACCEPT,,ELECTRICAL|ALUMINIUM|415V_100A|100_M|IS_7098
3f363545-f7df-500f-8002-47d365f03cdc,ONGC,ONGC-100164,STORES ITEM Temperature Transmitter 300# Polycarbonate 0-100 bar,CMM-INSTRU-472245-001,CMM-INSTRU-472245-001,REVIEW_REQUIRED,DIRECT_ACCEPTED,0.6,REVIEW_REQUIRED,AMBIGUOUS_ATTRIBUTE_HOLD,Attribute ambiguity in upstream candidate group; human review required.,,REVIEW_REQUIRED,,,INSTRUMENTATION|POLYCARBONATE|0_100_BAR
bb6c65cb-c51f-51b8-bc07-a3396bac83b5,ONGC,ONGC-100165,IND.DISTRIBUTION TRANSFORMER 150# Aluminium 4C x 25 sq mm,CMM-ELECTR-329BB9-001,CMM-ELECTR-329BB9-001,MAPPED_VERIFIED,DIRECT_ACCEPTED,1.0,VERIFIED_CROSS_CPSE,HUMAN_ACCEPTED_HARMONIZATION,Verified cross-CPSE harmonization mapping supported by Phase 7 human review ACCEPT on candidate CAN-037621 with cryptographic evidence hash ...,CAN-037621,VALIDATED_COMPATIBLE,ACCEPT,,ELECTRICAL|ALUMINIUM|4C_X_25_SQ_MM|500_M|IS_2026
0741e2e3-a807-545d-8cc1-0f374d53f79e,ONGC,ONGC-100166,VERTICAL TURBINE PUMP 600# Cast Iron 3 in x 2 in,CMM-PUMP-04A30D-001,CMM-PUMP-04A30D-001,MAPPED_VERIFIED,DIRECT_ACCEPTED,1.0,VERIFIED_CROSS_CPSE,HUMAN_ACCEPTED_HARMONIZATION,Verified cross-CPSE harmonization mapping supported by Phase 7 human review ACCEPT on candidate CAN-037741 with cryptographic evidence hash ...,CAN-037741,VALIDATED_COMPATIBLE,ACCEPT,,PUMP|CAST_IRON|3_IN_X_2_IN|ISO_2858|CAST|VERTICAL
1c067575-bd5a-55eb-9738-162a6d1803f2,ONGC,ONGC-100167,M24 x 100 Stud Bolt - Grade 8.8 600#,CMM-FASTNR-70F0BA-001,CMM-FASTNR-70F0BA-001,MAPPED_STANDALONE,STANDALONE,1.0,STANDALONE_IDENTITY,STANDALONE_CANONICAL_SYNTHESIS,1-to-1 deterministic identity mapping to governed Phase 8 standalone CMM candidate. Does not imply cross-CPSE equivalence or harmonization.,,,,,FASTENER|BOLT|GRADE_88|M24_X_100|100_MM|ASME_B182
36534677-9d28-5d4d-b5fd-e9486c6647b7,ONGC,ONGC-100168,STORES ITEM Check Valve DN 50 ASTM A216 WCB 150#,CMM-VALVE-66AEAC-001,CMM-VALVE-66AEAC-001,REVIEW_REQUIRED,DIRECT_ACCEPTED,0.6,REVIEW_REQUIRED,AMBIGUOUS_ATTRIBUTE_HOLD,Attribute ambiguity in upstream candidate group; human review required.,,REVIEW_REQUIRED,,,VALVE|CHECK_VALVE|ASTM_A216_WCB|DN_50|API_600
407c84e4-962a-5749-9291-6b4e4213e2e3,ONGC,ONGC-100169,4 in CHECK VALVE - SS304 600#,CMM-VALVE-5A0730-001,CMM-VALVE-5A0730-001,MAPPED_STANDALONE,STANDALONE,1.0,STANDALONE_IDENTITY,STANDALONE_CANONICAL_SYNTHESIS,1-to-1 deterministic identity mapping to governed Phase 8 standalone CMM candidate. Does not imply cross-CPSE equivalence or harmonization.,,,,,VALVE|CHECK_VALVE|STAINLESS_STEEL|SS_304|4_IN|4_IN
512abe1c-a28a-5fe7-89e5-368b52fb187b,ONGC,ONGC-100170,Flange 300# IS 2062 DN 80,CMM-PIPEF-EE1D45-001,CMM-PIPEF-EE1D45-001,MAPPED_VERIFIED,DIRECT_ACCEPTED,1.0,VERIFIED_CROSS_CPSE,HUMAN_ACCEPTED_HARMONIZATION,Verified cross-CPSE harmonization mapping supported by Phase 7 human review ACCEPT on candidate CAN-039001 with cryptographic evidence hash ...,CAN-039001,VALIDATED_COMPATIBLE,ACCEPT,,PIPE_FITTING|FLANGE|IS_2062|DN_80|150_MM|ASME_B169|PTFE_LINED
6312b054-2b44-52a6-b026-2125762cdaa9,ONGC,ONGC-100171,RECIPROCATING PUMP 300# Cast Iron DN 100,CMM-PUMP-28DDB3-001,CMM-PUMP-28DDB3-001,MAPPED_VERIFIED,DIRECT_ACCEPTED,1.0,VERIFIED_CROSS_CPSE,HUMAN_ACCEPTED_HARMONIZATION,Verified cross-CPSE harmonization mapping supported by Phase 7 human review ACCEPT on candidate CAN-039301 with cryptographic evidence hash ...,CAN-039301,VALIDATED_COMPATIBLE,ACCEPT,,PUMP|CAST_IRON|DN_100|ISO_2858|CAST
edebf4f5-48fd-51fb-b4a7-a9e88eeccf74,ONGC,ONGC-100172,IND.RTD Sensor 4-20 mA SS304 600#,CMM-INSTRU-77851D-001,CMM-INSTRU-77851D-001,MAPPED_VERIFIED,DIRECT_ACCEPTED,1.0,VERIFIED_CROSS_CPSE,HUMAN_ACCEPTED_HARMONIZATION,Verified cross-CPSE harmonization mapping supported by Phase 7 human review ACCEPT on candidate CAN-027631 with cryptographic evidence hash ...,CAN-027631,VALIDATED_COMPATIBLE,ACCEPT,,INSTRUMENTATION|STAINLESS_STEEL|SS_304|4_20_MA
8eedbfdf-0b0b-5b84-8418-b9555f5c8a94,ONGC,ONGC-100173,PRESSURE GAUGE 300# Polycarbonate 0-500 Deg C,CMM-INSTRU-EBBC49-001,CMM-INSTRU-EBBC49-001,MAPPED_VERIFIED,DIRECT_ACCEPTED,1.0,VERIFIED_CROSS_CPSE,HUMAN_ACCEPTED_HARMONIZATION,Verified cross-CPSE harmonization mapping supported by Phase 7 human review ACCEPT on candidate CAN-039781 with cryptographic evidence hash ...,CAN-039781,VALIDATED_COMPATIBLE,ACCEPT,,INSTRUMENTATION|PRESSURE_GAUGE|POLYCARBONATE|0_500_DEG_C|ASME_B40100
ea594c73-705f-5163-9cf0-ef2e50bf4696,ONGC,ONGC-100174,"STORES ITEM Hex Nut, Grade 8.8, SIZE M10 x 40 600#",CMM-FASTNR-88E4CA-001,CMM-FASTNR-88E4CA-001,MAPPED_STANDALONE,STANDALONE,1.0,STANDALONE_IDENTITY,STANDALONE_CANONICAL_SYNTHESIS,1-to-1 deterministic identity mapping to governed Phase 8 standalone CMM candidate. Does not imply cross-CPSE equivalence or harmonization.,,,,,FASTENER|NUT|HEX|GRADE_88|M10_X_40|40_MM|IS_1367
cbbd100f-849a-5cc0-be88-127ffa9e1db4,ONGC,ONGC-100175,"FLOW METER, Polycarbonate, SIZE 0-100 bar 150#",CMM-INSTRU-472245-001,CMM-INSTRU-472245-001,REVIEW_REQUIRED,DIRECT_ACCEPTED,0.6,REVIEW_REQUIRED,AMBIGUOUS_ATTRIBUTE_HOLD,Attribute ambiguity in upstream candidate group; human review required.,,REVIEW_REQUIRED,,,INSTRUMENTATION|POLYCARBONATE|0_100_BAR
04f7f085-0936-57d2-8964-1da990baab9e,ONGC,ONGC-100176,DN 100 SUBMERSIBLE PUMP - Alloy Steel 300#,CMM-PUMP-5711FC-001,CMM-PUMP-5711FC-001,MAPPED_STANDALONE,STANDALONE,1.0,STANDALONE_IDENTITY,STANDALONE_CANONICAL_SYNTHESIS,1-to-1 deterministic identity mapping to governed Phase 8 standalone CMM candidate. Does not imply cross-CPSE equivalence or harmonization.,,,,,PUMP|ALLOY_STEEL|DN_100|DN_100|IS_1520
148a8b45-513e-527a-873e-d9d6c9723b51,ONGC,ONGC-100177,"IND.Rubber Gasket, PTFE, SIZE 50 mm 300#",CMM-SEALG-E59C31-001,CMM-SEALG-E59C31-001,MAPPED_VERIFIED,DIRECT_ACCEPTED,1.0,VERIFIED_CROSS_CPSE,HUMAN_ACCEPTED_HARMONIZATION,Verified cross-CPSE harmonization mapping supported by Phase 7 human review ACCEPT on candidate CAN-040441 with cryptographic evidence hash ...,CAN-040441,VALIDATED_COMPATIBLE,ACCEPT,,SEAL_GASKET|PTFE|50_MM|50_MM|API_682|ZINC_PLATED
477b5b02-1411-5637-8605-7e56f6ab4ac5,ONGC,ONGC-100178,IND.M20 x 80 HX BOLT - Carbon Steel 300#,CMM-FASTNR-B982D3-001,CMM-FASTNR-B982D3-001,MAPPED_STANDALONE,STANDALONE,1.0,STANDALONE_IDENTITY,STANDALONE_CANONICAL_SYNTHESIS,1-to-1 deterministic identity mapping to governed Phase 8 standalone CMM candidate. Does not imply cross-CPSE equivalence or harmonization.,,,,,FASTENER|BOLT|CARBON_STEEL|CARBON_STEEL|M20_X_80|80_MM|ASTM_A193
378f9e0e-0ffe-598f-a97e-7e6b49cac553,ONGC,ONGC-100179,M16 x 65 SOCKET HEAD SCREW - Grade 10.9 600#,CMM-FASTNR-4242AE-001,CMM-FASTNR-4242AE-001,MAPPED_STANDALONE,STANDALONE,1.0,STANDALONE_IDENTITY,STANDALONE_CANONICAL_SYNTHESIS,1-to-1 deterministic identity mapping to governed Phase 8 standalone CMM candidate. Does not imply cross-CPSE equivalence or harmonization.,,,,,FASTENER|GRADE_109|M16_X_65|65_MM|ZINC_PLATED
19357221-8816-5b8d-b647-345960c1edad,ONGC,ONGC-100180,IND.6408 Taper Roller Bearing - AISI 52100 600#,CMM-BEARNG-D5796C-001,CMM-BEARNG-D5796C-001,REVIEW_REQUIRED,DIRECT_ACCEPTED,0.6,REVIEW_REQUIRED,AMBIGUOUS_ATTRIBUTE_HOLD,Attribute ambiguity in upstream candidate group; human review required.,,REVIEW_REQUIRED,,,BEARING|AISI_52100|6408|ISO_15
bd1fd7e5-41b8-5851-9b15-3d0dbedcb5b2,ONGC,ONGC-100181,STORES ITEM Hex Bolt 150# SS304 M12 x 50,CMM-FASTNR-DA5EC6-001,CMM-FASTNR-DA5EC6-001,MAPPED_STANDALONE,STANDALONE,1.0,STANDALONE_IDENTITY,STANDALONE_CANONICAL_SYNTHESIS,1-to-1 deterministic identity mapping to governed Phase 8 standalone CMM candidate. Does not imply cross-CPSE equivalence or harmonization.,,,,,FASTENER|BOLT|HEX|STAINLESS_STEEL|SS_304|M12_X_50|50_MM|ZINC_PLATED
ff1ba9e2-0434-5aa0-a681-3f7e803244ea,ONGC,ONGC-100182,"SPARE-Pressure Gauge, Polycarbonate, SIZE 4-20 mA 150#",CMM-INSTRU-AA1EFB-001,CMM-INSTRU-AA1EFB-001,MAPPED_VERIFIED,DIRECT_ACCEPTED,1.0,VERIFIED_CROSS_CPSE,HUMAN_ACCEPTED_HARMONIZATION,Verified cross-CPSE harmonization mapping supported by Phase 7 human review ACCEPT on candidate CAN-040861 with cryptographic evidence hash ...,CAN-040861,VALIDATED_COMPATIBLE,ACCEPT,,INSTRUMENTATION|PRESSURE_GAUGE|POLYCARBONATE|4_20_MA|ASME_B40100
7bf451eb-d44f-5fa6-8bfd-adae36e4051b,ONGC,ONGC-100183,IND.Flow Meter 0-100 bar Polycarbonate 150#,CMM-INSTRU-3688F6-001,CMM-INSTRU-3688F6-001,REVIEW_REQUIRED,DIRECT_ACCEPTED,0.6,REVIEW_REQUIRED,AMBIGUOUS_ATTRIBUTE_HOLD,Attribute ambiguity in upstream candidate group; human review required.,,REVIEW_REQUIRED,,,INSTRUMENTATION|POLYCARBONATE|0_100_BAR|ASME_B40100
0674f816-beae-5e2d-98f6-396f1b0004d0,ONGC,ONGC-100184,Circuit Breaker 3C x 95 sq mm XLPE Insulated 600#,CMM-ELECTR-609134-001,CMM-ELECTR-609134-001,MAPPED_VERIFIED,DIRECT_ACCEPTED,1.0,VERIFIED_CROSS_CPSE,HUMAN_ACCEPTED_HARMONIZATION,Verified cross-CPSE harmonization mapping supported by Phase 7 human review ACCEPT on candidate CAN-041585 with cryptographic evidence hash ...,CAN-041585,VALIDATED_COMPATIBLE,ACCEPT,,ELECTRICAL|XLPE|XLPE_INSULATED|3C_X_95_SQ_MM|100_M|IS_2026
023a8a02-1e32-5765-b311-2980bc8e368b,ONGC,ONGC-100185,2 in GV - LCB 600#,CMM-VALVE-2204A8-001,CMM-VALVE-2204A8-001,MAPPED_VERIFIED,DIRECT_ACCEPTED,1.0,VERIFIED_CROSS_CPSE,HUMAN_ACCEPTED_HARMONIZATION,Verified cross-CPSE harmonization mapping supported by Phase 7 human review ACCEPT on candidate CAN-041761 with cryptographic evidence hash ...,CAN-041761,VALIDATED_COMPATIBLE,ACCEPT,,VALVE|GATE_VALVE|LCB|2_IN
e1641134-1937-5a6c-b11d-62561769a675,ONGC,ONGC-100186,CONTROL VALVE DN 50 LCB 300#,CMM-VALVE-B66A8F-001,CMM-VALVE-B66A8F-001,MAPPED_VERIFIED,DIRECT_ACCEPTED,1.0,VERIFIED_CROSS_CPSE,HUMAN_ACCEPTED_HARMONIZATION,Verified cross-CPSE harmonization mapping supported by Phase 7 human review ACCEPT on candidate CAN-041881 with cryptographic evidence hash ...,CAN-041881,VALIDATED_COMPATIBLE,ACCEPT,,VALVE|LCB|DN_50|API_600
bd4d45bc-6c8a-5174-b6ef-0371645174a3,ONGC,ONGC-100187,STORES ITEM Level Transmitter 600# Brass 4-20 mA,CMM-INSTRU-F3707C-001,CMM-INSTRU-F3707C-001,REVIEW_REQUIRED,DIRECT_ACCEPTED,0.6,REVIEW_REQUIRED,AMBIGUOUS_ATTRIBUTE_HOLD,Attribute ambiguity in upstream candidate group; human review required.,,REVIEW_REQUIRED,,,INSTRUMENTATION|BRASS|4_20_MA|IEC_60529
74d7a91c-8771-5bdc-87e8-a280e4020dfa,ONGC,ONGC-100188,"IND.Ball Valve, ASTM A216 WCB, SIZE DN 100 600#",CMM-VALVE-DCDC32-001,CMM-VALVE-DCDC32-001,MAPPED_STANDALONE,STANDALONE,1.0,STANDALONE_IDENTITY,STANDALONE_CANONICAL_SYNTHESIS,1-to-1 deterministic identity mapping to governed Phase 8 standalone CMM candidate. Does not imply cross-CPSE equivalence or harmonization.,,,,,VALVE|BALL_VALVE|ASTM_A216_WCB|DN_100|DN_100|ASTM_A216_WCB|PTFE_LINED
b796081a-efa2-52e7-b8c3-04634d6a443c,ONGC,ONGC-100189,SPARE-Ball Valve 150# SS304 DN 150,CMM-VALVE-CE16C7-001,CMM-VALVE-CE16C7-001,MAPPED_STANDALONE,STANDALONE,1.0,STANDALONE_IDENTITY,STANDALONE_CANONICAL_SYNTHESIS,1-to-1 deterministic identity mapping to governed Phase 8 standalone CMM candidate. Does not imply cross-CPSE equivalence or harmonization.,,,,,VALVE|BALL_VALVE|STAINLESS_STEEL|SS_304|DN_150|PTFE_LINED
4ef090cb-7b6e-5518-aeab-1a3b96ac4e4b,ONGC,ONGC-100190,STORES ITEM Mechanical Seal 2 in Viton 150#,CMM-SEALG-948B2B-001,CMM-SEALG-948B2B-001,MAPPED_VERIFIED,DIRECT_ACCEPTED,1.0,VERIFIED_CROSS_CPSE,HUMAN_ACCEPTED_HARMONIZATION,Verified cross-CPSE harmonization mapping supported by Phase 7 human review ACCEPT on candidate CAN-042301 with cryptographic evidence hash ...,CAN-042301,VALIDATED_COMPATIBLE,ACCEPT,,SEAL_GASKET|VITON|2_IN|2_IN|API_682
3ea19bf7-864f-5355-aee3-824c8a21fe0e,ONGC,ONGC-100191,STORES ITEM SWITCHGEAR PANEL 150# Copper 415V 100A,CMM-ELECTR-E728FA-001,CMM-ELECTR-E728FA-001,REVIEW_REQUIRED,DIRECT_ACCEPTED,0.6,REVIEW_REQUIRED,AMBIGUOUS_ATTRIBUTE_HOLD,Attribute ambiguity in upstream candidate group; human review required.,,REVIEW_REQUIRED,,,ELECTRICAL|COPPER|415V_100A|100_M|IS_13947
c9709504-6257-5e79-b101-b78c414861d1,ONGC,ONGC-100192,6408 TAPER ROLLER BEARING - Stainless Steel 150#,CMM-BEARNG-FBE56C-001,CMM-BEARNG-FBE56C-001,REVIEW_REQUIRED,DIRECT_ACCEPTED,0.6,REVIEW_REQUIRED,AMBIGUOUS_ATTRIBUTE_HOLD,Attribute ambiguity in upstream candidate group; human review required.,,REVIEW_REQUIRED,,,BEARING|STAINLESS_STEEL|STAINLESS_STEEL|6408|ISO_15
2c0f0d3c-e1d0-5f8c-a8f9-e12386207999,ONGC,ONGC-100193,Welded Pipe 150# IS 2062 DN 50,CMM-PIPEF-567132-001,CMM-PIPEF-567132-001,MAPPED_VERIFIED,DIRECT_ACCEPTED,1.0,VERIFIED_CROSS_CPSE,HUMAN_ACCEPTED_HARMONIZATION,Verified cross-CPSE harmonization mapping supported by Phase 7 human review ACCEPT on candidate CAN-042781 with cryptographic evidence hash ...,CAN-042781,VALIDATED_COMPATIBLE,ACCEPT,,PIPE_FITTING|PIPE|IS_2062|DN_50|1000_MM|DN_50|API_5L|PTFE_LINED|WELDED
51d94c79-4a3d-55ae-902c-70b00a6806a0,ONGC,ONGC-100194,SPARE-LEVEL TRANSMITTER 0-100 bar SS316 300#,CMM-INSTRU-70A392-001,CMM-INSTRU-70A392-001,MAPPED_STANDALONE,STANDALONE,1.0,STANDALONE_IDENTITY,STANDALONE_CANONICAL_SYNTHESIS,1-to-1 deterministic identity mapping to governed Phase 8 standalone CMM candidate. Does not imply cross-CPSE equivalence or harmonization.,,,,,INSTRUMENTATION|STAINLESS_STEEL|SS_316|0_100_BAR|ASME_B40100
f76c5db7-0247-5ed1-8b00-eafc8a2dda68,ONGC,ONGC-100195,STORES ITEM Hex Bolt M10 x 40 Grade 8.8 600#,CMM-FASTNR-92FC46-001,CMM-FASTNR-92FC46-001,MAPPED_STANDALONE,STANDALONE,1.0,STANDALONE_IDENTITY,STANDALONE_CANONICAL_SYNTHESIS,1-to-1 deterministic identity mapping to governed Phase 8 standalone CMM candidate. Does not imply cross-CPSE equivalence or harmonization.,,,,,FASTENER|BOLT|HEX|GRADE_88|M10_X_40|40_MM|ASME_B182|ZINC_PLATED
c78b664f-eddd-57ae-9994-74a52c66c8b5,ONGC,ONGC-100196,IND.6408 Taper Roller Bearing - Stainless Steel 600#,CMM-BEARNG-FBE56C-001,CMM-BEARNG-FBE56C-001,REVIEW_REQUIRED,DIRECT_ACCEPTED,0.6,REVIEW_REQUIRED,AMBIGUOUS_ATTRIBUTE_HOLD,Attribute ambiguity in upstream candidate group; human review required.,,REVIEW_REQUIRED,,,BEARING|STAINLESS_STEEL|STAINLESS_STEEL|6408|ISO_15
f466abf6-afde-5ee4-8c84-ea68aa1e35f0,ONGC,ONGC-100197,STORES ITEM Level Transmitter 0-500 Deg C Brass 150#,CMM-INSTRU-C75E96-001,CMM-INSTRU-C75E96-001,MAPPED_VERIFIED,DIRECT_ACCEPTED,1.0,VERIFIED_CROSS_CPSE,HUMAN_ACCEPTED_HARMONIZATION,Verified cross-CPSE harmonization mapping supported by Phase 7 human review ACCEPT on candidate CAN-043261 with cryptographic evidence hash ...,CAN-043261,VALIDATED_COMPATIBLE,ACCEPT,,INSTRUMENTATION|BRASS|0_500_DEG_C|IEC_60529
678edc26-fd66-5730-9c55-248128f007e1,ONGC,ONGC-100198,STORES ITEM DN 80 Flange - Carbon Steel 600#,CMM-PIPEF-4850B0-001,CMM-PIPEF-4850B0-001,MAPPED_STANDALONE,STANDALONE,1.0,STANDALONE_IDENTITY,STANDALONE_CANONICAL_SYNTHESIS,1-to-1 deterministic identity mapping to governed Phase 8 standalone CMM candidate. Does not imply cross-CPSE equivalence or harmonization.,,,,,PIPE_FITTING|FLANGE|CARBON_STEEL|CARBON_STEEL|DN_80|1000_MM|DN_80|API_5L
64dfe933-abb3-5cd5-9b4a-040fcb360676,ONGC,ONGC-100199,"SPARE-Rubber Gasket, Graphite, SIZE 2 in 150#",CMM-SEALG-FB7539-001,CMM-SEALG-FB7539-001,MAPPED_VERIFIED,DIRECT_ACCEPTED,1.0,VERIFIED_CROSS_CPSE,HUMAN_ACCEPTED_HARMONIZATION,Verified cross-CPSE harmonization mapping supported by Phase 7 human review ACCEPT on candidate CAN-043621 with cryptographic evidence hash ...,CAN-043621,VALIDATED_COMPATIBLE,ACCEPT,,SEAL_GASKET|GRAPHITE|2_IN|2_IN|GALVANIZED
a991c2ff-2a8d-57be-bfb3-1e900a6c1114,ONGC,ONGC-100200,ROLLER BRG 300# Chrome Steel 30205,CMM-BEARNG-D8807A-001,CMM-BEARNG-D8807A-001,MAPPED_VERIFIED,DIRECT_ACCEPTED,1.0,VERIFIED_CROSS_CPSE,HUMAN_ACCEPTED_HARMONIZATION,Verified cross-CPSE harmonization mapping supported by Phase 7 human review ACCEPT on candidate CAN-043801 with cryptographic evidence hash ...,CAN-043801,VALIDATED_COMPATIBLE,ACCEPT,,BEARING|CHROME_STEEL|CHROME_STEEL|30205
b93f6593-04ee-58af-88c7-83e19d18fe13,ONGC,ONGC-100201,STORES ITEM THRUST BEARING 6304 AISI 52100 300#,CMM-BEARNG-668968-001,CMM-BEARNG-668968-001,REVIEW_REQUIRED,DIRECT_ACCEPTED,0.6,REVIEW_REQUIRED,AMBIGUOUS_ATTRIBUTE_HOLD,Attribute ambiguity in upstream candidate group; human review required.,,REVIEW_REQUIRED,,,BEARING|AISI_52100|6304|ISO_15
e95a8981-e8c9-5aec-a242-7f10425f8ccc,ONGC,ONGC-100202,SPARE-Hex Nut 600# Grade B7 M20 x 80,CMM-FASTNR-CFB3CB-001,CMM-FASTNR-CFB3CB-001,MAPPED_VERIFIED,DIRECT_ACCEPTED,1.0,VERIFIED_CROSS_CPSE,HUMAN_ACCEPTED_HARMONIZATION,Verified cross-CPSE harmonization mapping supported by Phase 7 human review ACCEPT on candidate CAN-044341 with cryptographic evidence hash ...,CAN-044341,VALIDATED_COMPATIBLE,ACCEPT,,FASTENER|NUT|HEX|GRADE_B7|M20_X_80|80_MM
a89d47cf-7a9c-5160-806c-e6cc4552cd79,ONGC,ONGC-100203,SPARE-DN 100 ELBOW 90 DEG - IS 2062 150#,CMM-PIPEF-BF141A-001,CMM-PIPEF-BF141A-001,MAPPED_VERIFIED,DIRECT_ACCEPTED,1.0,VERIFIED_CROSS_CPSE,HUMAN_ACCEPTED_HARMONIZATION,Verified cross-CPSE harmonization mapping supported by Phase 7 human review ACCEPT on candidate CAN-044461 with cryptographic evidence hash ...,CAN-044461,VALIDATED_COMPATIBLE,ACCEPT,,PIPE_FITTING|ELBOW|IS_2062|DN_100|12_M|100_MM|ASME_B169|EPOXY_COATED
830e3446-27c4-51a4-ab6c-2055cb1eefe7,ONGC,ONGC-100204,SPARE-50 mm Mechanical Seal - Graphite 150#,CMM-SEALG-1EEB61-001,CMM-SEALG-1EEB61-001,REVIEW_REQUIRED,DIRECT_ACCEPTED,0.6,REVIEW_REQUIRED,AMBIGUOUS_ATTRIBUTE_HOLD,Attribute ambiguity in upstream candidate group; human review required.,,REVIEW_REQUIRED,,,SEAL_GASKET|GRAPHITE|50_MM|API_682
85459185-42e3-5624-ba82-f6b89e0a3ec8,ONGC,ONGC-100205,IND.DN 150 Elbow 90 Deg - Alloy Steel 150#,CMM-PIPEF-4D7A52-001,CMM-PIPEF-4D7A52-001,MAPPED_STANDALONE,STANDALONE,1.0,STANDALONE_IDENTITY,STANDALONE_CANONICAL_SYNTHESIS,1-to-1 deterministic identity mapping to governed Phase 8 standalone CMM candidate. Does not imply cross-CPSE equivalence or harmonization.,,,,,PIPE_FITTING|ELBOW|ALLOY_STEEL|DN_150|3_M|DN_150|ASME_B169
25e8f7ef-a231-541c-8aa7-0ec7b9c446e9,ONGC,ONGC-100206,Pressure Gauge 0-500 Deg C Brass 150#,CMM-INSTRU-8383E5-001,CMM-INSTRU-8383E5-001,MAPPED_VERIFIED,DIRECT_ACCEPTED,1.0,VERIFIED_CROSS_CPSE,HUMAN_ACCEPTED_HARMONIZATION,Verified cross-CPSE harmonization mapping supported by Phase 7 human review ACCEPT on candidate CAN-045541 with cryptographic evidence hash ...,CAN-045541,VALIDATED_COMPATIBLE,ACCEPT,,INSTRUMENTATION|PRESSURE_GAUGE|BRASS|0_500_DEG_C|ASME_B40100
e29dc5cb-0f03-5d79-bcbb-9b05ee566cd4,ONGC,ONGC-100207,SPARE-4C x 25 sq mm Circuit Breaker - XLPE Insulated 300#,CMM-ELECTR-1AC0A4-001,CMM-ELECTR-1AC0A4-001,MAPPED_VERIFIED,DIRECT_ACCEPTED,1.0,VERIFIED_CROSS_CPSE,HUMAN_ACCEPTED_HARMONIZATION,Verified cross-CPSE harmonization mapping supported by Phase 7 human review ACCEPT on candidate CAN-045841 with cryptographic evidence hash ...,CAN-045841,VALIDATED_COMPATIBLE,ACCEPT,,ELECTRICAL|XLPE|XLPE_INSULATED|4C_X_25_SQ_MM|IS_7098
718b0434-76cf-5653-b06f-6c3c6b97b2e6,ONGC,ONGC-100208,HX BOLT M12 x 50 Grade 8.8 600#,CMM-FASTNR-F1E6CD-001,CMM-FASTNR-F1E6CD-001,MAPPED_STANDALONE,STANDALONE,1.0,STANDALONE_IDENTITY,STANDALONE_CANONICAL_SYNTHESIS,1-to-1 deterministic identity mapping to governed Phase 8 standalone CMM candidate. Does not imply cross-CPSE equivalence or harmonization.,,,,,FASTENER|BOLT|GRADE_88|M12_X_50|50_MM|ZINC_PLATED
c7aab699-aae7-534a-9a22-8a1df3f4f262,ONGC,ONGC-100209,IND.5000 psi SUBSEA WELLHEAD SENSOR - SS316,CMM-INSTRU-3B81E6-001,CMM-INSTRU-3B81E6-001,MAPPED_STANDALONE,STANDALONE,1.0,STANDALONE_IDENTITY,STANDALONE_CANONICAL_SYNTHESIS,1-to-1 deterministic identity mapping to governed Phase 8 standalone CMM candidate. Does not imply cross-CPSE equivalence or harmonization.,,,,,INSTRUMENTATION|STAINLESS_STEEL|SS_316|5000_PSI|API_6A
c83e6fbe-9e9d-5a85-ab9b-1be949a4119c,ONGC,ONGC-100210,STORES ITEM 6 in MUD PUMP LINER - Alloy Steel,CMM-PUMP-A34FDE-001,CMM-PUMP-A34FDE-001,MAPPED_STANDALONE,STANDALONE,1.0,STANDALONE_IDENTITY,STANDALONE_CANONICAL_SYNTHESIS,1-to-1 deterministic identity mapping to governed Phase 8 standalone CMM candidate. Does not imply cross-CPSE equivalence or harmonization.,,,,,PUMP|ALLOY_STEEL|6_IN|6_IN|API_7K
91cbbfa4-9287-5278-87ed-7c0e2ef1d1c3,ONGC,ONGC-100211,"STORES ITEM CHRISTMAS TREE VALVE, ASTM A182 F22, SIZE 2 in",CMM-VALVE-C79168-001,CMM-VALVE-C79168-001,MAPPED_STANDALONE,STANDALONE,1.0,STANDALONE_IDENTITY,STANDALONE_CANONICAL_SYNTHESIS,1-to-1 deterministic identity mapping to governed Phase 8 standalone CMM candidate. Does not imply cross-CPSE equivalence or harmonization.,,,,,VALVE|ASTM_A182_F22|2_IN|2_IN|API_6A
feb0ceda-d428-5a91-a41d-41dbd64fa207,ONGC,ONGC-100212,5000 psi Subsea Wellhead Sensor - SS316,CMM-INSTRU-2B3635-001,CMM-INSTRU-2B3635-001,MAPPED_STANDALONE,STANDALONE,1.0,STANDALONE_IDENTITY,STANDALONE_CANONICAL_SYNTHESIS,1-to-1 deterministic identity mapping to governed Phase 8 standalone CMM candidate. Does not imply cross-CPSE equivalence or harmonization.,,,,,INSTRUMENTATION|STAINLESS_STEEL|SS_316|5000_PSI|API_6A
4c00c70d-bad0-5e11-96aa-c135ec7461f0,ONGC,ONGC-100213,"Mud Pump Liner, Alloy Steel, SIZE 6 in",CMM-PUMP-012B36-001,CMM-PUMP-012B36-001,MAPPED_STANDALONE,STANDALONE,1.0,STANDALONE_IDENTITY,STANDALONE_CANONICAL_SYNTHESIS,1-to-1 deterministic identity mapping to governed Phase 8 standalone CMM candidate. Does not imply cross-CPSE equivalence or harmonization.,,,,,PUMP|ALLOY_STEEL|6_IN|API_7K
39a818ce-336a-5603-97f3-5e038c00dc65,ONGC,ONGC-100214,"IND.Subsea Wellhead Sensor, SS316, SIZE 5000 psi",CMM-INSTRU-7B18F9-001,CMM-INSTRU-7B18F9-001,MAPPED_STANDALONE,STANDALONE,1.0,STANDALONE_IDENTITY,STANDALONE_CANONICAL_SYNTHESIS,1-to-1 deterministic identity mapping to governed Phase 8 standalone CMM candidate. Does not imply cross-CPSE equivalence or harmonization.,,,,,INSTRUMENTATION|STAINLESS_STEEL|SS_316|5000_PSI|API_6A
5438bdd5-9c64-52a5-a196-68dae67dd161,ONGC,ONGC-100215,2 in Christmas Tree Valve - ASTM A182 F22,CMM-VALVE-AD05FF-001,CMM-VALVE-AD05FF-001,MAPPED_STANDALONE,STANDALONE,1.0,STANDALONE_IDENTITY,STANDALONE_CANONICAL_SYNTHESIS,1-to-1 deterministic identity mapping to governed Phase 8 standalone CMM candidate. Does not imply cross-CPSE equivalence or harmonization.,,,,,VALVE|ASTM_A182_F22|2_IN|2_IN|API_6A|PTFE_LINED
7c3a2118-d68b-55b2-8f52-3a0fed36737d,ONGC,ONGC-100216,2 in Christmas Tree Valve - ASTM A182 F22,CMM-VALVE-A774FB-001,CMM-VALVE-A774FB-001,MAPPED_STANDALONE,STANDALONE,1.0,STANDALONE_IDENTITY,STANDALONE_CANONICAL_SYNTHESIS,1-to-1 deterministic identity mapping to governed Phase 8 standalone CMM candidate. Does not imply cross-CPSE equivalence or harmonization.,,,,,VALVE|ASTM_A182_F22|2_IN|API_6A
27cc5b2a-2246-55b4-b0c8-c34b7172def7,ONGC,ONGC-100217,IND.Subsea Wellhead Sensor 5000 psi SS316,CMM-INSTRU-5C9385-001,CMM-INSTRU-5C9385-001,MAPPED_STANDALONE,STANDALONE,1.0,STANDALONE_IDENTITY,STANDALONE_CANONICAL_SYNTHESIS,1-to-1 deterministic identity mapping to governed Phase 8 standalone CMM candidate. Does not imply cross-CPSE equivalence or harmonization.,,,,,INSTRUMENTATION|STAINLESS_STEEL|SS_316|5000_PSI|API_6A
3d45a192-e617-588e-bec8-41344d994ce0,ONGC,ONGC-100218,"Subsea Wellhead Sensor, SS316, SIZE 5000 psi",CMM-INSTRU-361F41-001,CMM-INSTRU-361F41-001,MAPPED_STANDALONE,STANDALONE,1.0,STANDALONE_IDENTITY,STANDALONE_CANONICAL_SYNTHESIS,1-to-1 deterministic identity mapping to governed Phase 8 standalone CMM candidate. Does not imply cross-CPSE equivalence or harmonization.,,,,,INSTRUMENTATION|STAINLESS_STEEL|SS_316|5000_PSI|API_6A
36e4376b-b749-5110-a029-e1be354b89c9,ONGC,ONGC-100219,STORES ITEM Subsea Wellhead Sensor 5000 psi SS316,CMM-INSTRU-6D1EBF-001,CMM-INSTRU-6D1EBF-001,MAPPED_STANDALONE,STANDALONE,1.0,STANDALONE_IDENTITY,STANDALONE_CANONICAL_SYNTHESIS,1-to-1 deterministic identity mapping to governed Phase 8 standalone CMM candidate. Does not imply cross-CPSE equivalence or harmonization.,,,,,INSTRUMENTATION|STAINLESS_STEEL|SS_316|5000_PSI|API_6A
edcf24ef-3588-5a34-8e05-8f6e2a4e980b,ONGC,ONGC-100220,"SUBSEA WELLHEAD SENSOR, SS316, SIZE 5000 psi",CMM-INSTRU-11CE56-001,CMM-INSTRU-11CE56-001,MAPPED_STANDALONE,STANDALONE,1.0,STANDALONE_IDENTITY,STANDALONE_CANONICAL_SYNTHESIS,1-to-1 deterministic identity mapping to governed Phase 8 standalone CMM candidate. Does not imply cross-CPSE equivalence or harmonization.,,,,,INSTRUMENTATION|STAINLESS_STEEL|SS_316|5000_PSI|API_6A
3b17270a-e3e7-5c91-8e97-aa5ce5cce56b,ONGC,ONGC-100221,"STORES ITEM SUBSEA WELLHEAD SENSOR, SS316, SIZE 5000 psi",CMM-INSTRU-278970-001,CMM-INSTRU-278970-001,MAPPED_STANDALONE,STANDALONE,1.0,STANDALONE_IDENTITY,STANDALONE_CANONICAL_SYNTHESIS,1-to-1 deterministic identity mapping to governed Phase 8 standalone CMM candidate. Does not imply cross-CPSE equivalence or harmonization.,,,,,INSTRUMENTATION|STAINLESS_STEEL|SS_316|5000_PSI|API_6A
ea8a86da-bffa-5d4a-9795-ac3f5814fea8,ONGC,ONGC-100222,SPARE-MUD PUMP LINER Alloy Steel 6 in,CMM-PUMP-BCF65E-001,CMM-PUMP-BCF65E-001,MAPPED_STANDALONE,STANDALONE,1.0,STANDALONE_IDENTITY,STANDALONE_CANONICAL_SYNTHESIS,1-to-1 deterministic identity mapping to governed Phase 8 standalone CMM candidate. Does not imply cross-CPSE equivalence or harmonization.,,,,,PUMP|ALLOY_STEEL|6_IN|6_IN|API_7K
a5511a22-45ec-5ff4-bff4-9bc33dfd979a,ONGC,ONGC-100223,"CHRISTMAS TREE VALVE, ASTM A182 F22, SIZE 2 in",CMM-VALVE-52B0D6-001,CMM-VALVE-52B0D6-001,MAPPED_STANDALONE,STANDALONE,1.0,STANDALONE_IDENTITY,STANDALONE_CANONICAL_SYNTHESIS,1-to-1 deterministic identity mapping to governed Phase 8 standalone CMM candidate. Does not imply cross-CPSE equivalence or harmonization.,,,,,VALVE|ASTM_A182_F22|2_IN|2_IN|API_6A
dab7a989-187e-5359-bcc9-a9760c9fa021,ONGC,ONGC-100224,"Subsea Wellhead Sensor, SS316, SIZE 5000 psi",CMM-INSTRU-6BA797-001,CMM-INSTRU-6BA797-001,MAPPED_STANDALONE,STANDALONE,1.0,STANDALONE_IDENTITY,STANDALONE_CANONICAL_SYNTHESIS,1-to-1 deterministic identity mapping to governed Phase 8 standalone CMM candidate. Does not imply cross-CPSE equivalence or harmonization.,,,,,INSTRUMENTATION|STAINLESS_STEEL|SS_316|5000_PSI|API_6A
308b4f37-a485-54ff-bad8-4412923e045f,ONGC,ONGC-100225,IND.Mud Pump Liner 6 in Alloy Steel,CMM-PUMP-5AE9A6-001,CMM-PUMP-5AE9A6-001,MAPPED_STANDALONE,STANDALONE,1.0,STANDALONE_IDENTITY,STANDALONE_CANONICAL_SYNTHESIS,1-to-1 deterministic identity mapping to governed Phase 8 standalone CMM candidate. Does not imply cross-CPSE equivalence or harmonization.,,,,,PUMP|ALLOY_STEEL|6_IN|6_IN|API_7K
01078ba8-fcc7-5607-b584-00c178df5baf,ONGC,ONGC-100226,2 in CHRISTMAS TREE VALVE - ASTM A182 F22,CMM-VALVE-F1D1B3-001,CMM-VALVE-F1D1B3-001,MAPPED_STANDALONE,STANDALONE,1.0,STANDALONE_IDENTITY,STANDALONE_CANONICAL_SYNTHESIS,1-to-1 deterministic identity mapping to governed Phase 8 standalone CMM candidate. Does not imply cross-CPSE equivalence or harmonization.,,,,,VALVE|ASTM_A182_F22|2_IN|2_IN|API_6A|GALVANIZED
bdeeec2e-ae6f-5ab0-9eff-ff769c7bb4a8,ONGC,ONGC-100227,CHRISTMAS TREE VALVE ASTM A182 F22 2 in,CMM-VALVE-50C761-001,CMM-VALVE-50C761-001,MAPPED_STANDALONE,STANDALONE,1.0,STANDALONE_IDENTITY,STANDALONE_CANONICAL_SYNTHESIS,1-to-1 deterministic identity mapping to governed Phase 8 standalone CMM candidate. Does not imply cross-CPSE equivalence or harmonization.,,,,,VALVE|ASTM_A182_F22|2_IN|API_6A
f10f3ddc-711a-59b0-beec-2f8a84ca8455,ONGC,ONGC-100228,CHRISTMAS TREE VALVE ASTM A182 F22 2 in,CMM-VALVE-398CB2-001,CMM-VALVE-398CB2-001,MAPPED_STANDALONE,STANDALONE,1.0,STANDALONE_IDENTITY,STANDALONE_CANONICAL_SYNTHESIS,1-to-1 deterministic identity mapping to governed Phase 8 standalone CMM candidate. Does not imply cross-CPSE equivalence or harmonization.,,,,,VALVE|ASTM_A182_F22|2_IN|API_6A
945540e8-545e-51f6-b8eb-f810b6365c65,ONGC,ONGC-100229,"SUBSEA WELLHEAD SENSOR, SS316, SIZE 5000 psi",CMM-INSTRU-A68FF3-001,CMM-INSTRU-A68FF3-001,MAPPED_STANDALONE,STANDALONE,1.0,STANDALONE_IDENTITY,STANDALONE_CANONICAL_SYNTHESIS,1-to-1 deterministic identity mapping to governed Phase 8 standalone CMM candidate. Does not imply cross-CPSE equivalence or harmonization.,,,,,INSTRUMENTATION|STAINLESS_STEEL|SS_316|5000_PSI|API_6A
3ffbf8e4-ad87-58ae-b556-936a260e8501,ONGC,ONGC-100230,"SPARE-Mud Pump Liner, Alloy Steel, SIZE 6 in",CMM-PUMP-E00533-001,CMM-PUMP-E00533-001,MAPPED_STANDALONE,STANDALONE,1.0,STANDALONE_IDENTITY,STANDALONE_CANONICAL_SYNTHESIS,1-to-1 deterministic identity mapping to governed Phase 8 standalone CMM candidate. Does not imply cross-CPSE equivalence or harmonization.,,,,,PUMP|ALLOY_STEEL|6_IN|API_7K|ZINC_PLATED
e3236574-01dc-5c85-bbae-8f90f7419b6f,ONGC,ONGC-100231,"SUBSEA WELLHEAD SENSOR, SS316, SIZE 5000 psi",CMM-INSTRU-C48687-001,CMM-INSTRU-C48687-001,MAPPED_STANDALONE,STANDALONE,1.0,STANDALONE_IDENTITY,STANDALONE_CANONICAL_SYNTHESIS,1-to-1 deterministic identity mapping to governed Phase 8 standalone CMM candidate. Does not imply cross-CPSE equivalence or harmonization.,,,,,INSTRUMENTATION|STAINLESS_STEEL|SS_316|5000_PSI|API_6A
4d9f06cd-8502-5dd2-9851-d6eb99ddb27d,ONGC,ONGC-100232,"SPARE-Subsea Wellhead Sensor, SS316, SIZE 5000 psi",CMM-INSTRU-CC23D7-001,CMM-INSTRU-CC23D7-001,MAPPED_STANDALONE,STANDALONE,1.0,STANDALONE_IDENTITY,STANDALONE_CANONICAL_SYNTHESIS,1-to-1 deterministic identity mapping to governed Phase 8 standalone CMM candidate. Does not imply cross-CPSE equivalence or harmonization.,,,,,INSTRUMENTATION|STAINLESS_STEEL|SS_316|5000_PSI|API_6A
156acaca-117b-5f26-a6fe-91f92a6f4fe9,ONGC,ONGC-100233,Mud Pump Liner 6 in Alloy Steel,CMM-PUMP-9E3831-001,CMM-PUMP-9E3831-001,MAPPED_STANDALONE,STANDALONE,1.0,STANDALONE_IDENTITY,STANDALONE_CANONICAL_SYNTHESIS,1-to-1 deterministic identity mapping to governed Phase 8 standalone CMM candidate. Does not imply cross-CPSE equivalence or harmonization.,,,,,PUMP|ALLOY_STEEL|6_IN|API_7K
1d278a6b-7727-5b67-9181-e83ef0ba33da,ONGC,ONGC-100234,Subsea Wellhead Sensor 5000 psi SS316,CMM-INSTRU-F70EB1-001,CMM-INSTRU-F70EB1-001,MAPPED_STANDALONE,STANDALONE,1.0,STANDALONE_IDENTITY,STANDALONE_CANONICAL_SYNTHESIS,1-to-1 deterministic identity mapping to governed Phase 8 standalone CMM candidate. Does not imply cross-CPSE equivalence or harmonization.,,,,,INSTRUMENTATION|STAINLESS_STEEL|SS_316|5000_PSI|API_6A
dc62a7a3-0519-5a00-a3d2-ea27a6eac4a7,ONGC,ONGC-100235,SPARE-Christmas Tree Valve ASTM A182 F22 2 in,CMM-VALVE-E26A0B-001,CMM-VALVE-E26A0B-001,MAPPED_STANDALONE,STANDALONE,1.0,STANDALONE_IDENTITY,STANDALONE_CANONICAL_SYNTHESIS,1-to-1 deterministic identity mapping to governed Phase 8 standalone CMM candidate. Does not imply cross-CPSE equivalence or harmonization.,,,,,VALVE|ASTM_A182_F22|2_IN|API_6A|PTFE_LINED
65993860-6691-575f-8b91-7c11872418ed,ONGC,ONGC-100236,STORES ITEM MUD PUMP LINER Alloy Steel 6 in,CMM-PUMP-8DC0E9-001,CMM-PUMP-8DC0E9-001,MAPPED_STANDALONE,STANDALONE,1.0,STANDALONE_IDENTITY,STANDALONE_CANONICAL_SYNTHESIS,1-to-1 deterministic identity mapping to governed Phase 8 standalone CMM candidate. Does not imply cross-CPSE equivalence or harmonization.,,,,,PUMP|ALLOY_STEEL|6_IN|API_7K|GALVANIZED
bd2aded5-a509-5c05-89e4-e651c7ec3964,ONGC,ONGC-100237,IND.2 in CHRISTMAS TREE VALVE - ASTM A182 F22,CMM-VALVE-B76F3D-001,CMM-VALVE-B76F3D-001,MAPPED_STANDALONE,STANDALONE,1.0,STANDALONE_IDENTITY,STANDALONE_CANONICAL_SYNTHESIS,1-to-1 deterministic identity mapping to governed Phase 8 standalone CMM candidate. Does not imply cross-CPSE equivalence or harmonization.,,,,,VALVE|ASTM_A182_F22|2_IN|2_IN|API_6A|ZINC_PLATED
41c5b7b6-4bde-5678-b3e8-4746347d6b74,ONGC,ONGC-100238,SPARE-Subsea Wellhead Sensor 5000 psi SS316,CMM-INSTRU-7BB3AA-001,CMM-INSTRU-7BB3AA-001,MAPPED_STANDALONE,STANDALONE,1.0,STANDALONE_IDENTITY,STANDALONE_CANONICAL_SYNTHESIS,1-to-1 deterministic identity mapping to governed Phase 8 standalone CMM candidate. Does not imply cross-CPSE equivalence or harmonization.,,,,,INSTRUMENTATION|STAINLESS_STEEL|SS_316|5000_PSI|API_6A
71372143-cc76-50c1-af98-aef631fc6c61,ONGC,ONGC-100239,IND.Christmas Tree Valve ASTM A182 F22 2 in,CMM-VALVE-D1E7C1-001,CMM-VALVE-D1E7C1-001,MAPPED_STANDALONE,STANDALONE,1.0,STANDALONE_IDENTITY,STANDALONE_CANONICAL_SYNTHESIS,1-to-1 deterministic identity mapping to governed Phase 8 standalone CMM candidate. Does not imply cross-CPSE equivalence or harmonization.,,,,,VALVE|ASTM_A182_F22|2_IN|API_6A|PTFE_LINED
f0998fab-7669-5eb1-bf86-8da63eaf2513,ONGC,ONGC-100240,IND.2 in CHRISTMAS TREE VALVE - ASTM A182 F22,CMM-VALVE-FAC971-001,CMM-VALVE-FAC971-001,MAPPED_STANDALONE,STANDALONE,1.0,STANDALONE_IDENTITY,STANDALONE_CANONICAL_SYNTHESIS,1-to-1 deterministic identity mapping to governed Phase 8 standalone CMM candidate. Does not imply cross-CPSE equivalence or harmonization.,,,,,VALVE|ASTM_A182_F22|2_IN|API_6A|EPOXY_COATED
53456160-33dd-5a96-ab01-805b9242aae8,ONGC,ONGC-100241,IND.MUD PUMP LINER 6 in Alloy Steel,CMM-PUMP-D36460-001,CMM-PUMP-D36460-001,MAPPED_STANDALONE,STANDALONE,1.0,STANDALONE_IDENTITY,STANDALONE_CANONICAL_SYNTHESIS,1-to-1 deterministic identity mapping to governed Phase 8 standalone CMM candidate. Does not imply cross-CPSE equivalence or harmonization.,,,,,PUMP|ALLOY_STEEL|6_IN|6_IN|API_7K
a55d9f58-2061-52e2-8f85-fa74fb771df5,ONGC,ONGC-100242,IND.5000 psi Subsea Wellhead Sensor - SS316,CMM-INSTRU-8CA6B6-001,CMM-INSTRU-8CA6B6-001,MAPPED_STANDALONE,STANDALONE,1.0,STANDALONE_IDENTITY,STANDALONE_CANONICAL_SYNTHESIS,1-to-1 deterministic identity mapping to governed Phase 8 standalone CMM candidate. Does not imply cross-CPSE equivalence or harmonization.,,,,,INSTRUMENTATION|STAINLESS_STEEL|SS_316|5000_PSI|API_6A
3e1fb78f-0cd2-5387-a246-fe0e1d36c6be,ONGC,ONGC-100243,STORES ITEM MUD PUMP LINER Alloy Steel 6 in,CMM-PUMP-165443-001,CMM-PUMP-165443-001,MAPPED_STANDALONE,STANDALONE,1.0,STANDALONE_IDENTITY,STANDALONE_CANONICAL_SYNTHESIS,1-to-1 deterministic identity mapping to governed Phase 8 standalone CMM candidate. Does not imply cross-CPSE equivalence or harmonization.,,,,,PUMP|ALLOY_STEEL|6_IN|6_IN|API_7K
2c20e880-277e-5b97-8378-db93b4d2cd05,ONGC,ONGC-100244,"SUBSEA WELLHEAD SENSOR, SS316, SIZE 5000 psi",CMM-INSTRU-EB6001-001,CMM-INSTRU-EB6001-001,MAPPED_STANDALONE,STANDALONE,1.0,STANDALONE_IDENTITY,STANDALONE_CANONICAL_SYNTHESIS,1-to-1 deterministic identity mapping to governed Phase 8 standalone CMM candidate. Does not imply cross-CPSE equivalence or harmonization.,,,,,INSTRUMENTATION|STAINLESS_STEEL|SS_316|5000_PSI|API_6A
ec246b27-8270-5bd7-85e5-1a5b23346a62,ONGC,ONGC-100245,Christmas Tree Valve ASTM A182 F22 2 in,CMM-VALVE-8F1BFB-001,CMM-VALVE-8F1BFB-001,MAPPED_STANDALONE,STANDALONE,1.0,STANDALONE_IDENTITY,STANDALONE_CANONICAL_SYNTHESIS,1-to-1 deterministic identity mapping to governed Phase 8 standalone CMM candidate. Does not imply cross-CPSE equivalence or harmonization.,,,,,VALVE|ASTM_A182_F22|2_IN|2_IN|API_6A|GALVANIZED
ac7e4b0d-68ef-52a4-b416-e68523b3c48c,ONGC,ONGC-100246,IND.Christmas Tree Valve ASTM A182 F22 2 in,CMM-VALVE-669987-001,CMM-VALVE-669987-001,MAPPED_STANDALONE,STANDALONE,1.0,STANDALONE_IDENTITY,STANDALONE_CANONICAL_SYNTHESIS,1-to-1 deterministic identity mapping to governed Phase 8 standalone CMM candidate. Does not imply cross-CPSE equivalence or harmonization.,,,,,VALVE|ASTM_A182_F22|2_IN|2_IN|API_6A
12e6c0d1-9156-5ba1-bbea-f090f4563d71,ONGC,ONGC-100247,SPARE-Mud Pump Liner 6 in Alloy Steel,CMM-PUMP-1E2E39-001,CMM-PUMP-1E2E39-001,MAPPED_STANDALONE,STANDALONE,1.0,STANDALONE_IDENTITY,STANDALONE_CANONICAL_SYNTHESIS,1-to-1 deterministic identity mapping to governed Phase 8 standalone CMM candidate. Does not imply cross-CPSE equivalence or harmonization.,,,,,PUMP|ALLOY_STEEL|6_IN|API_7K
7020f848-e365-5a17-8d0d-cb0fbfee2a3e,ONGC,ONGC-100248,STORES ITEM Mud Pump Liner Alloy Steel 6 in,CMM-PUMP-8E1E73-001,CMM-PUMP-8E1E73-001,MAPPED_STANDALONE,STANDALONE,1.0,STANDALONE_IDENTITY,STANDALONE_CANONICAL_SYNTHESIS,1-to-1 deterministic identity mapping to governed Phase 8 standalone CMM candidate. Does not imply cross-CPSE equivalence or harmonization.,,,,,PUMP|ALLOY_STEEL|6_IN|6_IN|API_7K|EPOXY_COATED
46df84d7-a44e-5518-85d6-fb8e3925bbe5,ONGC,ONGC-100249,IND.CHRISTMAS TREE VALVE ASTM A182 F22 2 in,CMM-VALVE-B55A69-001,CMM-VALVE-B55A69-001,MAPPED_STANDALONE,STANDALONE,1.0,STANDALONE_IDENTITY,STANDALONE_CANONICAL_SYNTHESIS,1-to-1 deterministic identity mapping to governed Phase 8 standalone CMM candidate. Does not imply cross-CPSE equivalence or harmonization.,,,,,VALVE|ASTM_A182_F22|2_IN|API_6A
908b8992-573e-531f-a94a-f58c051cc25d,ONGC,ONGC-100250,"SPARE-Mud Pump Liner, Alloy Steel, SIZE 6 in",CMM-PUMP-28D343-001,CMM-PUMP-28D343-001,MAPPED_STANDALONE,STANDALONE,1.0,STANDALONE_IDENTITY,STANDALONE_CANONICAL_SYNTHESIS,1-to-1 deterministic identity mapping to governed Phase 8 standalone CMM candidate. Does not imply cross-CPSE equivalence or harmonization.,,,,,PUMP|ALLOY_STEEL|6_IN|6_IN|API_7K
db2cac3c-d788-5711-b33f-3d61e273940a,ONGC,ONGC-100251,"STORES ITEM MUD PUMP LINER, Alloy Steel, SIZE 6 in",CMM-PUMP-889829-001,CMM-PUMP-889829-001,MAPPED_STANDALONE,STANDALONE,1.0,STANDALONE_IDENTITY,STANDALONE_CANONICAL_SYNTHESIS,1-to-1 deterministic identity mapping to governed Phase 8 standalone CMM candidate. Does not imply cross-CPSE equivalence or harmonization.,,,,,PUMP|ALLOY_STEEL|6_IN|6_IN|API_7K
e90a24c3-7571-53ff-bc17-5b9d6715a1c2,ONGC,ONGC-100252,SPARE-Mud Pump Liner Alloy Steel 6 in,CMM-PUMP-90AAD2-001,CMM-PUMP-90AAD2-001,MAPPED_STANDALONE,STANDALONE,1.0,STANDALONE_IDENTITY,STANDALONE_CANONICAL_SYNTHESIS,1-to-1 deterministic identity mapping to governed Phase 8 standalone CMM candidate. Does not imply cross-CPSE equivalence or harmonization.,,,,,PUMP|ALLOY_STEEL|6_IN|API_7K|GALVANIZED
9162455e-0c9b-530a-8ed8-fab8077104a1,ONGC,ONGC-100253,SPARE-Subsea Wellhead Sensor SS316 5000 psi,CMM-INSTRU-AE7E4B-001,CMM-INSTRU-AE7E4B-001,MAPPED_STANDALONE,STANDALONE,1.0,STANDALONE_IDENTITY,STANDALONE_CANONICAL_SYNTHESIS,1-to-1 deterministic identity mapping to governed Phase 8 standalone CMM candidate. Does not imply cross-CPSE equivalence or harmonization.,,,,,INSTRUMENTATION|STAINLESS_STEEL|SS_316|5000_PSI|API_6A
ca9516e6-7fc4-5288-b761-05f7ba526ee4,ONGC,ONGC-100254,SPARE-Christmas Tree Valve ASTM A182 F22 2 in,CMM-VALVE-8D32F6-001,CMM-VALVE-8D32F6-001,MAPPED_STANDALONE,STANDALONE,1.0,STANDALONE_IDENTITY,STANDALONE_CANONICAL_SYNTHESIS,1-to-1 deterministic identity mapping to governed Phase 8 standalone CMM candidate. Does not imply cross-CPSE equivalence or harmonization.,,,,,VALVE|ASTM_A182_F22|2_IN|2_IN|API_6A|EPOXY_COATED
8db7b76e-1e20-5ca3-8e48-a6af068e38f1,ONGC,ONGC-100255,MUD PUMP LINER 6 in Alloy Steel,CMM-PUMP-0AAE0E-001,CMM-PUMP-0AAE0E-001,MAPPED_STANDALONE,STANDALONE,1.0,STANDALONE_IDENTITY,STANDALONE_CANONICAL_SYNTHESIS,1-to-1 deterministic identity mapping to governed Phase 8 standalone CMM candidate. Does not imply cross-CPSE equivalence or harmonization.,,,,,PUMP|ALLOY_STEEL|6_IN|API_7K
7b25268a-f7c6-5d57-ac03-47868a03e1a7,ONGC,ONGC-100256,"MUD PUMP LINER, Alloy Steel, SIZE 6 in",CMM-PUMP-B15BF5-001,CMM-PUMP-B15BF5-001,MAPPED_STANDALONE,STANDALONE,1.0,STANDALONE_IDENTITY,STANDALONE_CANONICAL_SYNTHESIS,1-to-1 deterministic identity mapping to governed Phase 8 standalone CMM candidate. Does not imply cross-CPSE equivalence or harmonization.,,,,,PUMP|ALLOY_STEEL|6_IN|6_IN|API_7K
74a7dbf7-16d1-5eac-93ff-fdf67229144a,ONGC,ONGC-100257,6 in MUD PUMP LINER - Alloy Steel,CMM-PUMP-F1363E-001,CMM-PUMP-F1363E-001,MAPPED_STANDALONE,STANDALONE,1.0,STANDALONE_IDENTITY,STANDALONE_CANONICAL_SYNTHESIS,1-to-1 deterministic identity mapping to governed Phase 8 standalone CMM candidate. Does not imply cross-CPSE equivalence or harmonization.,,,,,PUMP|ALLOY_STEEL|6_IN|6_IN|API_7K|ZINC_PLATED
bf1a368e-91d7-5de0-857a-b1dbeed623a9,ONGC,ONGC-100258,2 in Christmas Tree Valve - ASTM A182 F22,CMM-VALVE-A36A77-001,CMM-VALVE-A36A77-001,MAPPED_STANDALONE,STANDALONE,1.0,STANDALONE_IDENTITY,STANDALONE_CANONICAL_SYNTHESIS,1-to-1 deterministic identity mapping to governed Phase 8 standalone CMM candidate. Does not imply cross-CPSE equivalence or harmonization.,,,,,VALVE|ASTM_A182_F22|2_IN|2_IN|API_6A
8ca0f72f-832a-52b1-bb1a-d87a6ffd49e8,ONGC,ONGC-100259,MUD PUMP LINER 6 in Alloy Steel,CMM-PUMP-928AFC-001,CMM-PUMP-928AFC-001,MAPPED_STANDALONE,STANDALONE,1.0,STANDALONE_IDENTITY,STANDALONE_CANONICAL_SYNTHESIS,1-to-1 deterministic identity mapping to governed Phase 8 standalone CMM candidate. Does not imply cross-CPSE equivalence or harmonization.,,,,,PUMP|ALLOY_STEEL|6_IN|API_7K
fcecce5d-1959-5acd-b516-0cf31f94b126,ONGC,ONGC-100260,SUBSEA WELLHEAD SENSOR SS316 5000 psi,CMM-INSTRU-F2E1ED-001,CMM-INSTRU-F2E1ED-001,MAPPED_STANDALONE,STANDALONE,1.0,STANDALONE_IDENTITY,STANDALONE_CANONICAL_SYNTHESIS,1-to-1 deterministic identity mapping to governed Phase 8 standalone CMM candidate. Does not imply cross-CPSE equivalence or harmonization.,,,,,INSTRUMENTATION|STAINLESS_STEEL|SS_316|5000_PSI|API_6A
e114ce99-8d70-567a-8e78-83eb737853ff,ONGC,ONGC-100261,SPARE-SUBSEA WELLHEAD SENSOR SS316 5000 psi,CMM-INSTRU-A88132-001,CMM-INSTRU-A88132-001,MAPPED_STANDALONE,STANDALONE,1.0,STANDALONE_IDENTITY,STANDALONE_CANONICAL_SYNTHESIS,1-to-1 deterministic identity mapping to governed Phase 8 standalone CMM candidate. Does not imply cross-CPSE equivalence or harmonization.,,,,,INSTRUMENTATION|STAINLESS_STEEL|SS_316|5000_PSI|API_6A
da79ab08-b1cf-5ed4-85c9-2b2bdceeae59,ONGC,ONGC-100262,SPARE-Christmas Tree Valve ASTM A182 F22 2 in,CMM-VALVE-8ECCB1-001,CMM-VALVE-8ECCB1-001,MAPPED_STANDALONE,STANDALONE,1.0,STANDALONE_IDENTITY,STANDALONE_CANONICAL_SYNTHESIS,1-to-1 deterministic identity mapping to governed Phase 8 standalone CMM candidate. Does not imply cross-CPSE equivalence or harmonization.,,,,,VALVE|ASTM_A182_F22|2_IN|2_IN|API_6A
3c3167f5-1585-58b6-97b1-ea97aaf4aae3,ONGC,ONGC-100263,MUD PUMP LINER Alloy Steel 6 in,CMM-PUMP-36C5BF-001,CMM-PUMP-36C5BF-001,MAPPED_STANDALONE,STANDALONE,1.0,STANDALONE_IDENTITY,STANDALONE_CANONICAL_SYNTHESIS,1-to-1 deterministic identity mapping to governed Phase 8 standalone CMM candidate. Does not imply cross-CPSE equivalence or harmonization.,,,,,PUMP|ALLOY_STEEL|6_IN|6_IN|API_7K|PTFE_LINED
8006f71a-16af-5d22-b2d0-29c848abf794,ONGC,ONGC-100264,6 in MUD PUMP LINER - Alloy Steel,CMM-PUMP-464541-001,CMM-PUMP-464541-001,MAPPED_STANDALONE,STANDALONE,1.0,STANDALONE_IDENTITY,STANDALONE_CANONICAL_SYNTHESIS,1-to-1 deterministic identity mapping to governed Phase 8 standalone CMM candidate. Does not imply cross-CPSE equivalence or harmonization.,,,,,PUMP|ALLOY_STEEL|6_IN|API_7K
ad97aa19-7c9b-51d5-a207-ead177cfe89c,ONGC,ONGC-100265,Mud Pump Liner 6 in Alloy Steel,CMM-PUMP-24EC34-001,CMM-PUMP-24EC34-001,MAPPED_STANDALONE,STANDALONE,1.0,STANDALONE_IDENTITY,STANDALONE_CANONICAL_SYNTHESIS,1-to-1 deterministic identity mapping to governed Phase 8 standalone CMM candidate. Does not imply cross-CPSE equivalence or harmonization.,,,,,PUMP|ALLOY_STEEL|6_IN|API_7K
f7882d0c-aea0-5851-8ddf-466c0a26f192,ONGC,ONGC-100266,CHRISTMAS TREE VALVE ASTM A182 F22 2 in,CMM-VALVE-63EE87-001,CMM-VALVE-63EE87-001,MAPPED_STANDALONE,STANDALONE,1.0,STANDALONE_IDENTITY,STANDALONE_CANONICAL_SYNTHESIS,1-to-1 deterministic identity mapping to governed Phase 8 standalone CMM candidate. Does not imply cross-CPSE equivalence or harmonization.,,,,,VALVE|ASTM_A182_F22|2_IN|API_6A|EPOXY_COATED
abe05baa-6986-5ccd-9c4b-c831d30782fc,ONGC,ONGC-100267,"SUBSEA WELLHEAD SENSOR, SS316, SIZE 5000 psi",CMM-INSTRU-E60432-001,CMM-INSTRU-E60432-001,MAPPED_STANDALONE,STANDALONE,1.0,STANDALONE_IDENTITY,STANDALONE_CANONICAL_SYNTHESIS,1-to-1 deterministic identity mapping to governed Phase 8 standalone CMM candidate. Does not imply cross-CPSE equivalence or harmonization.,,,,,INSTRUMENTATION|STAINLESS_STEEL|SS_316|5000_PSI|API_6A
13ba162a-2ce1-59c9-98cc-19e2481f50f6,ONGC,ONGC-100268,MUD PUMP LINER Alloy Steel 6 in,CMM-PUMP-326895-001,CMM-PUMP-326895-001,MAPPED_STANDALONE,STANDALONE,1.0,STANDALONE_IDENTITY,STANDALONE_CANONICAL_SYNTHESIS,1-to-1 deterministic identity mapping to governed Phase 8 standalone CMM candidate. Does not imply cross-CPSE equivalence or harmonization.,,,,,PUMP|ALLOY_STEEL|6_IN|6_IN|API_7K
3904be27-fc5a-5489-bf28-9bf746a8ee3f,ONGC,ONGC-100269,SPARE-2 in CHRISTMAS TREE VALVE - ASTM A182 F22,CMM-VALVE-6EA46A-001,CMM-VALVE-6EA46A-001,MAPPED_STANDALONE,STANDALONE,1.0,STANDALONE_IDENTITY,STANDALONE_CANONICAL_SYNTHESIS,1-to-1 deterministic identity mapping to governed Phase 8 standalone CMM candidate. Does not imply cross-CPSE equivalence or harmonization.,,,,,VALVE|ASTM_A182_F22|2_IN|API_6A
062adeba-6174-56f5-895a-d61342db75a1,ONGC,ONGC-100270,2 in CHRISTMAS TREE VALVE - ASTM A182 F22,CMM-VALVE-C06547-001,CMM-VALVE-C06547-001,MAPPED_STANDALONE,STANDALONE,1.0,STANDALONE_IDENTITY,STANDALONE_CANONICAL_SYNTHESIS,1-to-1 deterministic identity mapping to governed Phase 8 standalone CMM candidate. Does not imply cross-CPSE equivalence or harmonization.,,,,,VALVE|ASTM_A182_F22|2_IN|API_6A
09d4d25d-4b97-51fe-8def-e87bf3180e94,ONGC,ONGC-100271,SUBSEA WELLHEAD SENSOR SS316 5000 psi,CMM-INSTRU-D54418-001,CMM-INSTRU-D54418-001,MAPPED_STANDALONE,STANDALONE,1.0,STANDALONE_IDENTITY,STANDALONE_CANONICAL_SYNTHESIS,1-to-1 deterministic identity mapping to governed Phase 8 standalone CMM candidate. Does not imply cross-CPSE equivalence or harmonization.,,,,,INSTRUMENTATION|STAINLESS_STEEL|SS_316|5000_PSI|API_6A
4f0ea8b2-427e-5455-a3b9-f5be00eab44b,ONGC,ONGC-100272,SPARE-MUD PUMP LINER Alloy Steel 6 in,CMM-PUMP-775659-001,CMM-PUMP-775659-001,MAPPED_STANDALONE,STANDALONE,1.0,STANDALONE_IDENTITY,STANDALONE_CANONICAL_SYNTHESIS,1-to-1 deterministic identity mapping to governed Phase 8 standalone CMM candidate. Does not imply cross-CPSE equivalence or harmonization.,,,,,PUMP|ALLOY_STEEL|6_IN|6_IN|API_7K|ZINC_PLATED
c40a00d2-90a3-5690-9f94-28cf0ba84339,ONGC,ONGC-100273,"CHRISTMAS TREE VALVE, ASTM A182 F22, SIZE 2 in",CMM-VALVE-9945D2-001,CMM-VALVE-9945D2-001,MAPPED_STANDALONE,STANDALONE,1.0,STANDALONE_IDENTITY,STANDALONE_CANONICAL_SYNTHESIS,1-to-1 deterministic identity mapping to governed Phase 8 standalone CMM candidate. Does not imply cross-CPSE equivalence or harmonization.,,,,,VALVE|ASTM_A182_F22|2_IN|API_6A
113eda00-8858-5fce-a85f-d7193c6e1476,ONGC,ONGC-100274,"CHRISTMAS TREE VALVE, ASTM A182 F22, SIZE 2 in",CMM-VALVE-FDB76A-001,CMM-VALVE-FDB76A-001,MAPPED_STANDALONE,STANDALONE,1.0,STANDALONE_IDENTITY,STANDALONE_CANONICAL_SYNTHESIS,1-to-1 deterministic identity mapping to governed Phase 8 standalone CMM candidate. Does not imply cross-CPSE equivalence or harmonization.,,,,,VALVE|ASTM_A182_F22|2_IN|2_IN|API_6A
0f28891d-ef58-50b1-9cca-4eec77a7d16e,ONGC,ONGC-100275,CHRISTMAS TREE VALVE ASTM A182 F22 2 in,CMM-VALVE-C7A5F6-001,CMM-VALVE-C7A5F6-001,MAPPED_STANDALONE,STANDALONE,1.0,STANDALONE_IDENTITY,STANDALONE_CANONICAL_SYNTHESIS,1-to-1 deterministic identity mapping to governed Phase 8 standalone CMM candidate. Does not imply cross-CPSE equivalence or harmonization.,,,,,VALVE|ASTM_A182_F22|2_IN|2_IN|API_6A
ad3675d6-962f-56a3-a904-e84952efd70d,SAIL,SAIL-300001,"BALL BRG, Stainless Steel, SIZE 6304",CMM-BEARNG-98CF95-001,CMM-BEARNG-98CF95-001,MAPPED_VERIFIED,DIRECT_ACCEPTED,1.0,VERIFIED_CROSS_CPSE,HUMAN_ACCEPTED_HARMONIZATION,Verified cross-CPSE harmonization mapping supported by Phase 7 human review ACCEPT on candidate CAN-000033 with cryptographic evidence hash ...,CAN-000033,VALIDATED_COMPATIBLE,ACCEPT,,BEARING|BALL_BEARING|STAINLESS_STEEL|STAINLESS_STEEL|6304
b086c613-b8a8-5a79-bdb3-e02d56282cfc,SAIL,SAIL-300002,SPARE-PUMP CENTRIF DN 100 SS316,CMM-PUMP-EFB17A-001,CMM-PUMP-EFB17A-001,MAPPED_VERIFIED,DIRECT_ACCEPTED,1.0,VERIFIED_CROSS_CPSE,HUMAN_ACCEPTED_HARMONIZATION,Verified cross-CPSE harmonization mapping supported by Phase 7 human review ACCEPT on candidate CAN-000245 with cryptographic evidence hash ...,CAN-000245,VALIDATED_COMPATIBLE,ACCEPT,,PUMP|CENTRIFUGAL_PUMP|STAINLESS_STEEL|SS_316|DN_100|API_610
09b1e810-ac61-5ae7-9aa5-ea6a90b38ab2,SAIL,SAIL-300003,CONTROL VALVE WCB 2 in,CMM-VALVE-992419-001,CMM-VALVE-992419-001,MAPPED_VERIFIED,DIRECT_ACCEPTED,1.0,VERIFIED_CROSS_CPSE,HUMAN_ACCEPTED_HARMONIZATION,Verified cross-CPSE harmonization mapping supported by Phase 7 human review ACCEPT on candidate CAN-000363 with cryptographic evidence hash ...,CAN-000363,VALIDATED_COMPATIBLE,ACCEPT,,VALVE|ASTM_A216_WCB|2_IN|API_598
f0d6e23b-8157-5101-804a-5cae8d80141c,SAIL,SAIL-300004,Reciprocating Pump DN 80 Carbon Steel,CMM-PUMP-986768-001,CMM-PUMP-986768-001,MAPPED_VERIFIED,DIRECT_ACCEPTED,1.0,VERIFIED_CROSS_CPSE,HUMAN_ACCEPTED_HARMONIZATION,Verified cross-CPSE harmonization mapping supported by Phase 7 human review ACCEPT on candidate CAN-000605 with cryptographic evidence hash ...,CAN-000605,VALIDATED_COMPATIBLE,ACCEPT,,PUMP|CARBON_STEEL|CARBON_STEEL|DN_80|DN_80|IS_1520|PTFE_LINED
0242c3ca-4418-5a8d-b5aa-e1b0d5021017,SAIL,SAIL-300005,FLANGE DN 50 IS 2062,CMM-PIPEF-779420-001,CMM-PIPEF-779420-001,MAPPED_VERIFIED,DIRECT_ACCEPTED,1.0,VERIFIED_CROSS_CPSE,HUMAN_ACCEPTED_HARMONIZATION,Verified cross-CPSE harmonization mapping supported by Phase 7 human review ACCEPT on candidate CAN-000693 with cryptographic evidence hash ...,CAN-000693,VALIDATED_COMPATIBLE,ACCEPT,,PIPE_FITTING|FLANGE|IS_2062|DN_50|12_M|150_MM|ASME_B165|GALVANIZED
be1198fe-3f2f-59d2-885b-2ca0858043e1,SAIL,SAIL-300006,STORES ITEM Gate Valve 2 in LCB,CMM-VALVE-758633-001,CMM-VALVE-758633-001,MAPPED_VERIFIED,DIRECT_ACCEPTED,1.0,VERIFIED_CROSS_CPSE,HUMAN_ACCEPTED_HARMONIZATION,Verified cross-CPSE harmonization mapping supported by Phase 7 human review ACCEPT on candidate CAN-000873 with cryptographic evidence hash ...,CAN-000873,VALIDATED_COMPATIBLE,ACCEPT,,VALVE|GATE_VALVE|LCB|2_IN|API_600
3985a5b7-01d0-5099-84c6-7d1f527dddf1,SAIL,SAIL-300007,IND.REDUCER DN 150 ASTM A106 Gr B,CMM-PIPEF-A8BD86-001,CMM-PIPEF-A8BD86-001,MAPPED_VERIFIED,DIRECT_ACCEPTED,1.0,VERIFIED_CROSS_CPSE,HUMAN_ACCEPTED_HARMONIZATION,Verified cross-CPSE harmonization mapping supported by Phase 7 human review ACCEPT on candidate CAN-001025 with cryptographic evidence hash ...,CAN-001025,VALIDATED_COMPATIBLE,ACCEPT,,PIPE_FITTING|ASTM_A106_GRB|DN_150|12_M|50_MM|IS_1239|ZINC_PLATED
9e90fc98-c97d-5c85-b41f-18d60d0f333f,SAIL,SAIL-300008,"STORES ITEM Reducer, ASTM A106 Gr B, SIZE DN 100",CMM-PIPEF-C9F1AA-001,CMM-PIPEF-C9F1AA-001,MAPPED_VERIFIED,DIRECT_ACCEPTED,1.0,VERIFIED_CROSS_CPSE,HUMAN_ACCEPTED_HARMONIZATION,Verified cross-CPSE harmonization mapping supported by Phase 7 human review ACCEPT on candidate CAN-001294 with cryptographic evidence hash ...,CAN-001294,VALIDATED_COMPATIBLE,ACCEPT,,PIPE_FITTING|ASTM_A106_GRB|DN_100|12_M|DN_100|API_5L|EPOXY_COATED
80737a20-4d83-5168-80ec-e975d515e7e6,SAIL,SAIL-300009,IND.XLPE CABLE 3C x 95 sq mm Aluminium,CMM-ELECTR-79A6DD-001,CMM-ELECTR-79A6DD-001,MAPPED_VERIFIED,DIRECT_ACCEPTED,1.0,VERIFIED_CROSS_CPSE,HUMAN_ACCEPTED_HARMONIZATION,Verified cross-CPSE harmonization mapping supported by Phase 7 human review ACCEPT on candidate CAN-001625 with cryptographic evidence hash ...,CAN-001625,VALIDATED_COMPATIBLE,ACCEPT,,ELECTRICAL|CABLE|XLPE|ALUMINIUM|3C_X_95_SQ_MM|IS_2026
36d85c53-bea5-5fbd-bfbe-2889118248ef,SAIL,SAIL-300010,SPARE-HEX NUT M12 x 50 Grade 8.8,CMM-FASTNR-412B68-001,CMM-FASTNR-412B68-001,REVIEW_REQUIRED,DIRECT_ACCEPTED,0.6,REVIEW_REQUIRED,AMBIGUOUS_ATTRIBUTE_HOLD,Attribute ambiguity in upstream candidate group; human review required.,,REVIEW_REQUIRED,,,FASTENER|NUT|HEX|GRADE_88|M12_X_50|50_MM|ASTM_A193
73ea2fb7-6818-58a6-99e8-e1d1e2f5bcbb,SAIL,SAIL-300011,"CONTROL VALVE, WCB, SIZE 1/2 in",CMM-VALVE-24B4BF-001,CMM-VALVE-24B4BF-001,MAPPED_VERIFIED,DIRECT_ACCEPTED,1.0,VERIFIED_CROSS_CPSE,HUMAN_ACCEPTED_HARMONIZATION,Verified cross-CPSE harmonization mapping supported by Phase 7 human review ACCEPT on candidate CAN-002014 with cryptographic evidence hash ...,CAN-002014,VALIDATED_COMPATIBLE,ACCEPT,,VALVE|ASTM_A216_WCB|1_2_IN|API_598|ZINC_PLATED
ca6ddd1b-f797-58c4-84d9-283963ea229c,SAIL,SAIL-300012,SPARE-Needle Bearing AISI 52100 6304,CMM-BEARNG-668968-001,CMM-BEARNG-668968-001,REVIEW_REQUIRED,DIRECT_ACCEPTED,0.6,REVIEW_REQUIRED,AMBIGUOUS_ATTRIBUTE_HOLD,Attribute ambiguity in upstream candidate group; human review required.,,REVIEW_REQUIRED,,,BEARING|AISI_52100|6304|ISO_15
9f2c6412-9a95-5dce-980b-8ed609b39ac9,SAIL,SAIL-300013,Hex Bolt Grade B7 M16 x 65,CMM-FASTNR-6B8218-001,CMM-FASTNR-6B8218-001,MAPPED_VERIFIED,DIRECT_ACCEPTED,1.0,VERIFIED_CROSS_CPSE,HUMAN_ACCEPTED_HARMONIZATION,Verified cross-CPSE harmonization mapping supported by Phase 7 human review ACCEPT on candidate CAN-002251 with cryptographic evidence hash ...,CAN-002251,VALIDATED_COMPATIBLE,ACCEPT,,FASTENER|BOLT|HEX|GRADE_B7|M16_X_65|65_MM|ASME_B182
7542f79a-b433-5ada-86c5-a001e4ef807c,SAIL,SAIL-300014,SPARE-Flow Meter Brass 4-20 mA,CMM-INSTRU-746A35-001,CMM-INSTRU-746A35-001,REVIEW_REQUIRED,DIRECT_ACCEPTED,0.6,REVIEW_REQUIRED,AMBIGUOUS_ATTRIBUTE_HOLD,Attribute ambiguity in upstream candidate group; human review required.,,REVIEW_REQUIRED,,,INSTRUMENTATION|BRASS|4_20_MA
6b653247-a478-5d7a-bf50-d920c6f4c2bb,SAIL,SAIL-300015,STORES ITEM O-RING 2 in NBR,CMM-SEALG-C4821B-001,CMM-SEALG-C4821B-001,MAPPED_VERIFIED,DIRECT_ACCEPTED,1.0,VERIFIED_CROSS_CPSE,HUMAN_ACCEPTED_HARMONIZATION,Verified cross-CPSE harmonization mapping supported by Phase 7 human review ACCEPT on candidate CAN-002582 with cryptographic evidence hash ...,CAN-002582,VALIDATED_COMPATIBLE,ACCEPT,,SEAL_GASKET|NBR|2_IN|PTFE_LINED
2eb2da72-6c2c-56b3-8e5c-39577efa114c,SAIL,SAIL-300016,4C x 25 sq mm Circuit Breaker - Aluminium,CMM-ELECTR-19262A-001,CMM-ELECTR-19262A-001,MAPPED_VERIFIED,DIRECT_ACCEPTED,1.0,VERIFIED_CROSS_CPSE,HUMAN_ACCEPTED_HARMONIZATION,Verified cross-CPSE harmonization mapping supported by Phase 7 human review ACCEPT on candidate CAN-002674 with cryptographic evidence hash ...,CAN-002674,VALIDATED_COMPATIBLE,ACCEPT,,ELECTRICAL|ALUMINIUM|4C_X_25_SQ_MM|1000_M|IS_2026
8abcefca-abbf-575f-bd3d-e7a673cc12ec,SAIL,SAIL-300017,DN 150 FLANGE - IS 2062,CMM-PIPEF-BBD3DF-001,CMM-PIPEF-BBD3DF-001,MAPPED_VERIFIED,DIRECT_ACCEPTED,1.0,VERIFIED_CROSS_CPSE,HUMAN_ACCEPTED_HARMONIZATION,Verified cross-CPSE harmonization mapping supported by Phase 7 human review ACCEPT on candidate CAN-002945 with cryptographic evidence hash ...,CAN-002945,VALIDATED_COMPATIBLE,ACCEPT,,PIPE_FITTING|FLANGE|IS_2062|DN_150|12_M|DN_150|ASTM_A106|GALVANIZED
de456b36-f34f-510f-8d7d-95487ccb3b7e,SAIL,SAIL-300018,SUBMERSIBLE PUMP SS316 DN 100,CMM-PUMP-0F45F6-001,CMM-PUMP-0F45F6-001,MAPPED_VERIFIED,DIRECT_ACCEPTED,1.0,VERIFIED_CROSS_CPSE,HUMAN_ACCEPTED_HARMONIZATION,Verified cross-CPSE harmonization mapping supported by Phase 7 human review ACCEPT on candidate CAN-003184 with cryptographic evidence hash ...,CAN-003184,VALIDATED_COMPATIBLE,ACCEPT,,PUMP|STAINLESS_STEEL|SS_316|DN_100|DN_100|API_610
bdf93346-9bc7-50ba-829f-d6fe86e47fd6,SAIL,SAIL-300019,SPARE-DN 80 SUBMERSIBLE PUMP - Carbon Steel,CMM-PUMP-F3916E-001,CMM-PUMP-F3916E-001,MAPPED_VERIFIED,DIRECT_ACCEPTED,1.0,VERIFIED_CROSS_CPSE,HUMAN_ACCEPTED_HARMONIZATION,Verified cross-CPSE harmonization mapping supported by Phase 7 human review ACCEPT on candidate CAN-003363 with cryptographic evidence hash ...,CAN-003363,VALIDATED_COMPATIBLE,ACCEPT,,PUMP|CARBON_STEEL|CARBON_STEEL|DN_80|IS_1520
6900dc1c-d6dc-50f4-ac58-f58589e0684e,SAIL,SAIL-300020,SPARE-TEMPERATURE TRANSMITTER Polycarbonate 0-100 bar,CMM-INSTRU-3688F6-001,CMM-INSTRU-3688F6-001,REVIEW_REQUIRED,DIRECT_ACCEPTED,0.6,REVIEW_REQUIRED,AMBIGUOUS_ATTRIBUTE_HOLD,Attribute ambiguity in upstream candidate group; human review required.,,REVIEW_REQUIRED,,,INSTRUMENTATION|POLYCARBONATE|0_100_BAR|ASME_B40100
bd1ee24f-bc99-5556-970d-0cd10db4952c,SAIL,SAIL-300021,SPARE-Seamless Pipe SS316L DN 100,CMM-PIPEF-814451-001,CMM-PIPEF-814451-001,MAPPED_VERIFIED,DIRECT_ACCEPTED,1.0,VERIFIED_CROSS_CPSE,HUMAN_ACCEPTED_HARMONIZATION,Verified cross-CPSE harmonization mapping supported by Phase 7 human review ACCEPT on candidate CAN-003963 with cryptographic evidence hash ...,CAN-003963,VALIDATED_COMPATIBLE,ACCEPT,,PIPE_FITTING|PIPE|STAINLESS_STEEL|SS_316L|DN_100|1000_MM|80_MM|IS_1239|EPOXY_COATED|SEAMLESS
a2ddab31-ba1d-575c-8116-5de8a71c45f9,SAIL,SAIL-300022,IND.MECHANICAL SEAL 100 mm PTFE,CMM-SEALG-9F5E86-001,CMM-SEALG-9F5E86-001,MAPPED_VERIFIED,DIRECT_ACCEPTED,1.0,VERIFIED_CROSS_CPSE,HUMAN_ACCEPTED_HARMONIZATION,Verified cross-CPSE harmonization mapping supported by Phase 7 human review ACCEPT on candidate CAN-004053 with cryptographic evidence hash ...,CAN-004053,VALIDATED_COMPATIBLE,ACCEPT,,SEAL_GASKET|PTFE|100_MM|GALVANIZED
bb3a1e35-be48-539f-bcfa-d3ae8d2326e5,SAIL,SAIL-300023,THRUST BEARING Stainless Steel 6208,CMM-BEARNG-A2CB3C-001,CMM-BEARNG-A2CB3C-001,REVIEW_REQUIRED,DIRECT_ACCEPTED,0.6,REVIEW_REQUIRED,AMBIGUOUS_ATTRIBUTE_HOLD,Attribute ambiguity in upstream candidate group; human review required.,,REVIEW_REQUIRED,,,BEARING|STAINLESS_STEEL|STAINLESS_STEEL|6208|ISO_15
3bf874ce-53ce-5413-9af4-8e4ec70808c8,SAIL,SAIL-300024,SPARE-Socket Head Screw M16 x 65 Carbon Steel,CMM-FASTNR-A2AB0B-001,CMM-FASTNR-A2AB0B-001,MAPPED_VERIFIED,DIRECT_ACCEPTED,1.0,VERIFIED_CROSS_CPSE,HUMAN_ACCEPTED_HARMONIZATION,Verified cross-CPSE harmonization mapping supported by Phase 7 human review ACCEPT on candidate CAN-004744 with cryptographic evidence hash ...,CAN-004744,VALIDATED_COMPATIBLE,ACCEPT,,FASTENER|CARBON_STEEL|CARBON_STEEL|M16_X_65|65_MM
a19b53dd-61a3-5a26-80bd-1d731bae338e,SAIL,SAIL-300025,IND.FLANGE Alloy Steel DN 150,CMM-PIPEF-AAC4DA-001,CMM-PIPEF-AAC4DA-001,MAPPED_VERIFIED,DIRECT_ACCEPTED,1.0,VERIFIED_CROSS_CPSE,HUMAN_ACCEPTED_HARMONIZATION,Verified cross-CPSE harmonization mapping supported by Phase 7 human review ACCEPT on candidate CAN-004952 with cryptographic evidence hash ...,CAN-004952,VALIDATED_COMPATIBLE,ACCEPT,,PIPE_FITTING|FLANGE|ALLOY_STEEL|DN_150|3_M|100_MM|ASME_B169|EPOXY_COATED
9316b942-0d73-5c01-8e91-09d8905fe499,SAIL,SAIL-300026,"DISTRIBUTION TRANSFORMER, Aluminium, SIZE 1C x 300 sq mm",CMM-ELECTR-941023-001,CMM-ELECTR-941023-001,REVIEW_REQUIRED,DIRECT_ACCEPTED,0.6,REVIEW_REQUIRED,AMBIGUOUS_ATTRIBUTE_HOLD,Attribute ambiguity in upstream candidate group; human review required.,,REVIEW_REQUIRED,,,ELECTRICAL|ALUMINIUM|1C_X_300_SQ_MM|1000_M|IS_2026
1d1419cb-8b3b-527b-ae6d-e06893ae2ebb,SAIL,SAIL-300027,6408 Needle Bearing - Chrome Steel,CMM-BEARNG-89DC5A-001,CMM-BEARNG-89DC5A-001,MAPPED_VERIFIED,DIRECT_ACCEPTED,1.0,VERIFIED_CROSS_CPSE,HUMAN_ACCEPTED_HARMONIZATION,Verified cross-CPSE harmonization mapping supported by Phase 7 human review ACCEPT on candidate CAN-005944 with cryptographic evidence hash ...,CAN-005944,VALIDATED_COMPATIBLE,ACCEPT,,BEARING|CHROME_STEEL|CHROME_STEEL|6408|ISO_15
4ecec290-7301-5316-a7ae-559c4707e468,SAIL,SAIL-300028,"STORES ITEM Spiral Wound Gasket, PTFE, SIZE 2 in",CMM-SEALG-C65128-001,CMM-SEALG-C65128-001,MAPPED_VERIFIED,DIRECT_ACCEPTED,1.0,VERIFIED_CROSS_CPSE,HUMAN_ACCEPTED_HARMONIZATION,Verified cross-CPSE harmonization mapping supported by Phase 7 human review ACCEPT on candidate CAN-006094 with cryptographic evidence hash ...,CAN-006094,VALIDATED_COMPATIBLE,ACCEPT,,SEAL_GASKET|SPIRAL_WOUND_GASKET|PTFE|2_IN|2_IN|API_682|PTFE
1358b9a7-a036-536b-bec0-2bed0c802632,SAIL,SAIL-300029,Pressure Gauge 0-500 Deg C Polycarbonate,CMM-INSTRU-58342A-001,CMM-INSTRU-58342A-001,MAPPED_VERIFIED,DIRECT_ACCEPTED,1.0,VERIFIED_CROSS_CPSE,HUMAN_ACCEPTED_HARMONIZATION,Verified cross-CPSE harmonization mapping supported by Phase 7 human review ACCEPT on candidate CAN-006155 with cryptographic evidence hash ...,CAN-006155,VALIDATED_COMPATIBLE,ACCEPT,,INSTRUMENTATION|PRESSURE_GAUGE|POLYCARBONATE|0_500_DEG_C
e05702a6-d45d-5d3a-aba0-7461923cab75,SAIL,SAIL-300030,STORES ITEM 22208 BRG ROLLER - Chrome Steel,CMM-BEARNG-39C22B-001,CMM-BEARNG-39C22B-001,REVIEW_REQUIRED,DIRECT_ACCEPTED,0.6,REVIEW_REQUIRED,AMBIGUOUS_ATTRIBUTE_HOLD,Attribute ambiguity in upstream candidate group; human review required.,,REVIEW_REQUIRED,,,BEARING|CHROME_STEEL|CHROME_STEEL|22208
61818b74-6cb5-5c7f-b1c8-f6cb0099d558,SAIL,SAIL-300031,"SPARE-SUBMERSIBLE PUMP, SS316, SIZE DN 100",CMM-PUMP-257C0D-001,CMM-PUMP-257C0D-001,MAPPED_VERIFIED,DIRECT_ACCEPTED,1.0,VERIFIED_CROSS_CPSE,HUMAN_ACCEPTED_HARMONIZATION,Verified cross-CPSE harmonization mapping supported by Phase 7 human review ACCEPT on candidate CAN-006453 with cryptographic evidence hash ...,CAN-006453,VALIDATED_COMPATIBLE,ACCEPT,,PUMP|STAINLESS_STEEL|SS_316|DN_100|API_610
9c5ce2b9-33a9-56fd-8808-c572fb031cfb,SAIL,SAIL-300032,STORES ITEM Thrust Bearing 22208 Stainless Steel,CMM-BEARNG-52104E-001,CMM-BEARNG-52104E-001,REVIEW_REQUIRED,DIRECT_ACCEPTED,0.6,REVIEW_REQUIRED,AMBIGUOUS_ATTRIBUTE_HOLD,Attribute ambiguity in upstream candidate group; human review required.,,REVIEW_REQUIRED,,,BEARING|STAINLESS_STEEL|STAINLESS_STEEL|22208
e706efbf-f733-542e-bc35-a393389a3a32,SAIL,SAIL-300033,"IND.THRUST BEARING, AISI 52100, SIZE 6304",CMM-BEARNG-67CA99-001,CMM-BEARNG-67CA99-001,REVIEW_REQUIRED,DIRECT_ACCEPTED,0.6,REVIEW_REQUIRED,AMBIGUOUS_ATTRIBUTE_HOLD,Attribute ambiguity in upstream candidate group; human review required.,,REVIEW_REQUIRED,,,BEARING|AISI_52100|6304
8f3bdf35-934a-5696-bfaa-14242c2e8f26,SAIL,SAIL-300034,Flow Meter 4-20 mA SS316,CMM-INSTRU-1E073D-001,CMM-INSTRU-1E073D-001,REVIEW_REQUIRED,DIRECT_ACCEPTED,0.6,REVIEW_REQUIRED,AMBIGUOUS_ATTRIBUTE_HOLD,Attribute ambiguity in upstream candidate group; human review required.,,REVIEW_REQUIRED,,,INSTRUMENTATION|STAINLESS_STEEL|SS_316|4_20_MA|ASME_B40100
92265456-5e1f-5571-ad57-0790222838fc,SAIL,SAIL-300035,Elbow 90 Deg 6 in ASTM A106 Gr B,CMM-PIPEF-F76C77-001,CMM-PIPEF-F76C77-001,MAPPED_VERIFIED,DIRECT_ACCEPTED,1.0,VERIFIED_CROSS_CPSE,HUMAN_ACCEPTED_HARMONIZATION,Verified cross-CPSE harmonization mapping supported by Phase 7 human review ACCEPT on candidate CAN-007295 with cryptographic evidence hash ...,CAN-007295,VALIDATED_COMPATIBLE,ACCEPT,,PIPE_FITTING|ELBOW|ASTM_A106_GRB|6_IN|6_M|25_MM|ASME_B165|GALVANIZED
41bed359-ad47-5061-a7e0-e6a6863ff59c,SAIL,SAIL-300036,IND.RECIPROCATING PUMP 2 in x 1.5 in Carbon Steel,CMM-PUMP-71A39E-001,CMM-PUMP-71A39E-001,MAPPED_VERIFIED,DIRECT_ACCEPTED,1.0,VERIFIED_CROSS_CPSE,HUMAN_ACCEPTED_HARMONIZATION,Verified cross-CPSE harmonization mapping supported by Phase 7 human review ACCEPT on candidate CAN-007474 with cryptographic evidence hash ...,CAN-007474,VALIDATED_COMPATIBLE,ACCEPT,,PUMP|CARBON_STEEL|CARBON_STEEL|2_IN_X_15_IN|2_IN_X_15_IN|API_610
ab67f827-1361-54b8-ac31-b831a41566fb,SAIL,SAIL-300037,SPIRAL WOUND GASKET NBR 50 mm,CMM-SEALG-66D3AC-001,CMM-SEALG-66D3AC-001,MAPPED_VERIFIED,DIRECT_ACCEPTED,1.0,VERIFIED_CROSS_CPSE,HUMAN_ACCEPTED_HARMONIZATION,Verified cross-CPSE harmonization mapping supported by Phase 7 human review ACCEPT on candidate CAN-007685 with cryptographic evidence hash ...,CAN-007685,VALIDATED_COMPATIBLE,ACCEPT,,SEAL_GASKET|SPIRAL_WOUND_GASKET|NBR|50_MM|50_MM|API_682|ZINC_PLATED
871b3cdb-5c80-5c7e-abcd-ee69146a93f3,SAIL,SAIL-300038,"IND.Reciprocating Pump, Cast Iron, SIZE 2 in x 1.5 in",CMM-PUMP-DB6C55-001,CMM-PUMP-DB6C55-001,MAPPED_VERIFIED,DIRECT_ACCEPTED,1.0,VERIFIED_CROSS_CPSE,HUMAN_ACCEPTED_HARMONIZATION,Verified cross-CPSE harmonization mapping supported by Phase 7 human review ACCEPT on candidate CAN-008134 with cryptographic evidence hash ...,CAN-008134,VALIDATED_COMPATIBLE,ACCEPT,,PUMP|CAST_IRON|2_IN_X_15_IN|2_IN_X_15_IN|ISO_2858|GALVANIZED|CAST
1552f9f0-b5fa-5e73-8397-91e760477963,SAIL,SAIL-300039,SPARE-6408 BALL BRG - Chrome Steel,CMM-BEARNG-87EFE4-001,CMM-BEARNG-87EFE4-001,MAPPED_VERIFIED,DIRECT_ACCEPTED,1.0,VERIFIED_CROSS_CPSE,HUMAN_ACCEPTED_HARMONIZATION,Verified cross-CPSE harmonization mapping supported by Phase 7 human review ACCEPT on candidate CAN-008435 with cryptographic evidence hash ...,CAN-008435,VALIDATED_COMPATIBLE,ACCEPT,,BEARING|BALL_BEARING|CHROME_STEEL|CHROME_STEEL|6408
68c5b661-0f70-5d11-9dcc-95089ea095ac,SAIL,SAIL-300040,IND.30205 Ball Bearing - Stainless Steel,CMM-BEARNG-491461-001,CMM-BEARNG-491461-001,REVIEW_REQUIRED,DIRECT_ACCEPTED,0.6,REVIEW_REQUIRED,AMBIGUOUS_ATTRIBUTE_HOLD,Attribute ambiguity in upstream candidate group; human review required.,,REVIEW_REQUIRED,,,BEARING|BALL_BEARING|STAINLESS_STEEL|STAINLESS_STEEL|30205|ISO_15
89eca173-66f7-5dce-a1ed-197c47893f86,SAIL,SAIL-300041,"SPARE-RTD Sensor, SS316, SIZE 1/2 in NPT",CMM-INSTRU-E82054-001,CMM-INSTRU-E82054-001,REVIEW_REQUIRED,DIRECT_ACCEPTED,0.6,REVIEW_REQUIRED,AMBIGUOUS_ATTRIBUTE_HOLD,Attribute ambiguity in upstream candidate group; human review required.,,REVIEW_REQUIRED,,,INSTRUMENTATION|STAINLESS_STEEL|SS_316|1_2_IN_NPT|IEC_60529
d25adbad-fb6c-5f71-9b5b-e8c2e0d6447d,SAIL,SAIL-300042,"IND.Distribution Transformer, XLPE Insulated, SIZE 1C x 300 sq mm",CMM-ELECTR-8C5683-001,CMM-ELECTR-8C5683-001,REVIEW_REQUIRED,DIRECT_ACCEPTED,0.6,REVIEW_REQUIRED,AMBIGUOUS_ATTRIBUTE_HOLD,Attribute ambiguity in upstream candidate group; human review required.,,REVIEW_REQUIRED,,,ELECTRICAL|XLPE|XLPE_INSULATED|1C_X_300_SQ_MM|IS_13947
f593c5f0-cafd-5adf-855a-0905f7a4457a,SAIL,SAIL-300043,DISTRIBUTION TRANSFORMER 415V 100A Copper,CMM-ELECTR-2DB37C-001,CMM-ELECTR-2DB37C-001,MAPPED_VERIFIED,DIRECT_ACCEPTED,1.0,VERIFIED_CROSS_CPSE,HUMAN_ACCEPTED_HARMONIZATION,Verified cross-CPSE harmonization mapping supported by Phase 7 human review ACCEPT on candidate CAN-009304 with cryptographic evidence hash ...,CAN-009304,VALIDATED_COMPATIBLE,ACCEPT,,ELECTRICAL|COPPER|415V_100A|IEC_60502
29c7baf7-e809-5b30-8874-921bdcabc6f7,SAIL,SAIL-300044,NEEDLE BEARING Chrome Steel 6408,CMM-BEARNG-FF170C-001,CMM-BEARNG-FF170C-001,REVIEW_REQUIRED,DIRECT_ACCEPTED,0.6,REVIEW_REQUIRED,AMBIGUOUS_ATTRIBUTE_HOLD,Attribute ambiguity in upstream candidate group; human review required.,,REVIEW_REQUIRED,,,BEARING|CHROME_STEEL|CHROME_STEEL|6408
6bb69d8e-ef14-50f7-a179-11bec4a0978d,SAIL,SAIL-300045,SPARE-Flange Alloy Steel DN 50,CMM-PIPEF-7A5764-001,CMM-PIPEF-7A5764-001,MAPPED_VERIFIED,DIRECT_ACCEPTED,1.0,VERIFIED_CROSS_CPSE,HUMAN_ACCEPTED_HARMONIZATION,Verified cross-CPSE harmonization mapping supported by Phase 7 human review ACCEPT on candidate CAN-009783 with cryptographic evidence hash ...,CAN-009783,VALIDATED_COMPATIBLE,ACCEPT,,PIPE_FITTING|FLANGE|ALLOY_STEEL|DN_50|1000_MM|DN_50|ASTM_A106|GALVANIZED
3079894f-b5a0-56ea-bb97-4f4d02cdf179,SAIL,SAIL-300046,SPARE-Hex Nut SS304 M10 x 40,CMM-FASTNR-459DCA-001,CMM-FASTNR-459DCA-001,MAPPED_VERIFIED,DIRECT_ACCEPTED,1.0,VERIFIED_CROSS_CPSE,HUMAN_ACCEPTED_HARMONIZATION,Verified cross-CPSE harmonization mapping supported by Phase 7 human review ACCEPT on candidate CAN-009903 with cryptographic evidence hash ...,CAN-009903,VALIDATED_COMPATIBLE,ACCEPT,,FASTENER|NUT|HEX|STAINLESS_STEEL|SS_304|M10_X_40|40_MM|IS_1367
ef794218-9501-5df6-9af3-39fab2c3f06a,SAIL,SAIL-300047,IND.3 in x 2 in PUMP CENTRIF - Duplex Steel,CMM-PUMP-82AEB3-001,CMM-PUMP-82AEB3-001,MAPPED_VERIFIED,DIRECT_ACCEPTED,1.0,VERIFIED_CROSS_CPSE,HUMAN_ACCEPTED_HARMONIZATION,Verified cross-CPSE harmonization mapping supported by Phase 7 human review ACCEPT on candidate CAN-009964 with cryptographic evidence hash ...,CAN-009964,VALIDATED_COMPATIBLE,ACCEPT,,PUMP|CENTRIFUGAL_PUMP|DUPLEX_STEEL|3_IN_X_2_IN|IS_1520
730537ed-de68-576a-97c6-b95d9905748d,SAIL,SAIL-300048,"OIL SEAL, NBR, SIZE 2 in",CMM-SEALG-ACB3E9-001,CMM-SEALG-ACB3E9-001,MAPPED_VERIFIED,DIRECT_ACCEPTED,1.0,VERIFIED_CROSS_CPSE,HUMAN_ACCEPTED_HARMONIZATION,Verified cross-CPSE harmonization mapping supported by Phase 7 human review ACCEPT on candidate CAN-010383 with cryptographic evidence hash ...,CAN-010383,VALIDATED_COMPATIBLE,ACCEPT,,SEAL_GASKET|LUBRICANT|NBR|2_IN|2_IN|ASME_B1620
5e25a88e-f89f-501d-92d9-45deff042e3e,SAIL,SAIL-300049,SPARE-EQUAL TEE 6 in IS 2062,CMM-PIPEF-AE5889-001,CMM-PIPEF-AE5889-001,MAPPED_VERIFIED,DIRECT_ACCEPTED,1.0,VERIFIED_CROSS_CPSE,HUMAN_ACCEPTED_HARMONIZATION,Verified cross-CPSE harmonization mapping supported by Phase 7 human review ACCEPT on candidate CAN-010535 with cryptographic evidence hash ...,CAN-010535,VALIDATED_COMPATIBLE,ACCEPT,,PIPE_FITTING|IS_2062|6_IN|3_M|6_IN|IS_1239|EPOXY_COATED
6e0118bd-6ec4-5adf-a728-2fdeb304646b,SAIL,SAIL-300050,Oil Seal 2 in Viton,CMM-SEALG-18752C-001,CMM-SEALG-18752C-001,MAPPED_VERIFIED,DIRECT_ACCEPTED,1.0,VERIFIED_CROSS_CPSE,HUMAN_ACCEPTED_HARMONIZATION,Verified cross-CPSE harmonization mapping supported by Phase 7 human review ACCEPT on candidate CAN-010865 with cryptographic evidence hash ...,CAN-010865,VALIDATED_COMPATIBLE,ACCEPT,,SEAL_GASKET|LUBRICANT|VITON|2_IN|2_IN|ASME_B1620|GALVANIZED
7fbb425e-28f9-5aa9-ab9e-74bed3f6b118,SAIL,SAIL-300051,"Welded Pipe, IS 2062, SIZE DN 80",CMM-PIPEF-886747-001,CMM-PIPEF-886747-001,MAPPED_VERIFIED,DIRECT_ACCEPTED,1.0,VERIFIED_CROSS_CPSE,HUMAN_ACCEPTED_HARMONIZATION,Verified cross-CPSE harmonization mapping supported by Phase 7 human review ACCEPT on candidate CAN-010983 with cryptographic evidence hash ...,CAN-010983,VALIDATED_COMPATIBLE,ACCEPT,,PIPE_FITTING|PIPE|IS_2062|DN_80|12_M|DN_80|ASME_B169|PTFE_LINED|WELDED
b5c93a47-e098-5a1b-b2e3-d9a643f38f99,SAIL,SAIL-300052,6 in Reducer - SS316L,CMM-PIPEF-3C5B7C-001,CMM-PIPEF-3C5B7C-001,MAPPED_VERIFIED,DIRECT_ACCEPTED,1.0,VERIFIED_CROSS_CPSE,HUMAN_ACCEPTED_HARMONIZATION,Verified cross-CPSE harmonization mapping supported by Phase 7 human review ACCEPT on candidate CAN-011134 with cryptographic evidence hash ...,CAN-011134,VALIDATED_COMPATIBLE,ACCEPT,,PIPE_FITTING|STAINLESS_STEEL|SS_316L|6_IN|12_M|150_MM|ASME_B169
a62df1bd-5564-518c-9848-6d1758cf4098,SAIL,SAIL-300053,FLANGE Alloy Steel DN 100,CMM-PIPEF-49C4F4-001,CMM-PIPEF-49C4F4-001,MAPPED_VERIFIED,DIRECT_ACCEPTED,1.0,VERIFIED_CROSS_CPSE,HUMAN_ACCEPTED_HARMONIZATION,Verified cross-CPSE harmonization mapping supported by Phase 7 human review ACCEPT on candidate CAN-011192 with cryptographic evidence hash ...,CAN-011192,VALIDATED_COMPATIBLE,ACCEPT,,PIPE_FITTING|FLANGE|ALLOY_STEEL|DN_100|12_M|DN_100|IS_1239|ZINC_PLATED
48d175ff-ae46-5b05-b18a-183b5f4c9d81,SAIL,SAIL-300054,SPARE-4C x 25 sq mm INDUCTION MOTOR - Aluminium,CMM-ELECTR-C2208E-001,CMM-ELECTR-C2208E-001,MAPPED_VERIFIED,DIRECT_ACCEPTED,1.0,VERIFIED_CROSS_CPSE,HUMAN_ACCEPTED_HARMONIZATION,Verified cross-CPSE harmonization mapping supported by Phase 7 human review ACCEPT on candidate CAN-011343 with cryptographic evidence hash ...,CAN-011343,VALIDATED_COMPATIBLE,ACCEPT,,ELECTRICAL|ALUMINIUM|4C_X_25_SQ_MM|500_M|IS_13947
dd5bf586-7cf7-592d-bcfe-3f4976a663f7,SAIL,SAIL-300055,RTD SENSOR 1/2 in NPT Polycarbonate,CMM-INSTRU-014C39-001,CMM-INSTRU-014C39-001,MAPPED_VERIFIED,DIRECT_ACCEPTED,1.0,VERIFIED_CROSS_CPSE,HUMAN_ACCEPTED_HARMONIZATION,Verified cross-CPSE harmonization mapping supported by Phase 7 human review ACCEPT on candidate CAN-011585 with cryptographic evidence hash ...,CAN-011585,VALIDATED_COMPATIBLE,ACCEPT,,INSTRUMENTATION|POLYCARBONATE|1_2_IN_NPT|ASME_B40100
a2573cd7-1ba8-527f-a47e-d559c2840ee9,SAIL,SAIL-300056,Distribution Transformer 4C x 25 sq mm Aluminium,CMM-ELECTR-47E8A6-001,CMM-ELECTR-47E8A6-001,MAPPED_VERIFIED,DIRECT_ACCEPTED,1.0,VERIFIED_CROSS_CPSE,HUMAN_ACCEPTED_HARMONIZATION,Verified cross-CPSE harmonization mapping supported by Phase 7 human review ACCEPT on candidate CAN-012063 with cryptographic evidence hash ...,CAN-012063,VALIDATED_COMPATIBLE,ACCEPT,,ELECTRICAL|ALUMINIUM|4C_X_25_SQ_MM|100_M|IS_2026
51f8edd4-0c46-5571-870c-49b8b03694dd,SAIL,SAIL-300057,50 mm RUBBER GASKET - NBR,CMM-SEALG-C5D451-001,CMM-SEALG-C5D451-001,MAPPED_VERIFIED,DIRECT_ACCEPTED,1.0,VERIFIED_CROSS_CPSE,HUMAN_ACCEPTED_HARMONIZATION,Verified cross-CPSE harmonization mapping supported by Phase 7 human review ACCEPT on candidate CAN-012215 with cryptographic evidence hash ...,CAN-012215,VALIDATED_COMPATIBLE,ACCEPT,,SEAL_GASKET|NBR|50_MM|PTFE_LINED
0fef4279-13a7-5777-a105-77d13c4d6443,SAIL,SAIL-300058,SPARE-GLOBE VALVE ASTM A216 WCB 2 in,CMM-VALVE-989A61-001,CMM-VALVE-989A61-001,MAPPED_VERIFIED,DIRECT_ACCEPTED,1.0,VERIFIED_CROSS_CPSE,HUMAN_ACCEPTED_HARMONIZATION,Verified cross-CPSE harmonization mapping supported by Phase 7 human review ACCEPT on candidate CAN-012363 with cryptographic evidence hash ...,CAN-012363,VALIDATED_COMPATIBLE,ACCEPT,,VALVE|GLOBE_VALVE|ASTM_A216_WCB|2_IN|ASTM_A216_WCB|EPOXY_COATED
5f1ab857-8cc7-5e0d-837e-a669d25972c2,SAIL,SAIL-300059,"STORES ITEM VERTICAL TURBINE PUMP, Carbon Steel, SIZE 2 in x 1.5 in",CMM-PUMP-7D55C9-001,CMM-PUMP-7D55C9-001,MAPPED_VERIFIED,DIRECT_ACCEPTED,1.0,VERIFIED_CROSS_CPSE,HUMAN_ACCEPTED_HARMONIZATION,Verified cross-CPSE harmonization mapping supported by Phase 7 human review ACCEPT on candidate CAN-012424 with cryptographic evidence hash ...,CAN-012424,VALIDATED_COMPATIBLE,ACCEPT,,PUMP|CARBON_STEEL|CARBON_STEEL|2_IN_X_15_IN|2_IN_X_15_IN|API_610|ZINC_PLATED|VERTICAL
4edefce0-f9ba-54c2-a3ae-c7d1964c334a,SAIL,SAIL-300060,"SPARE-Flat Washer, Grade 10.9, SIZE M12 x 50",CMM-FASTNR-EF8E28-001,CMM-FASTNR-EF8E28-001,MAPPED_VERIFIED,DIRECT_ACCEPTED,1.0,VERIFIED_CROSS_CPSE,HUMAN_ACCEPTED_HARMONIZATION,Verified cross-CPSE harmonization mapping supported by Phase 7 human review ACCEPT on candidate CAN-012602 with cryptographic evidence hash ...,CAN-012602,VALIDATED_COMPATIBLE,ACCEPT,,FASTENER|WASHER|GRADE_109|M12_X_50|50_MM|IS_1367|ZINC_PLATED
d6476ac5-6d5a-55ac-8fac-b7c4491aa762,SAIL,SAIL-300061,DN 100 Check Valve - ASTM A216 WCB,CMM-VALVE-4BBEE1-001,CMM-VALVE-4BBEE1-001,MAPPED_VERIFIED,DIRECT_ACCEPTED,1.0,VERIFIED_CROSS_CPSE,HUMAN_ACCEPTED_HARMONIZATION,Verified cross-CPSE harmonization mapping supported by Phase 7 human review ACCEPT on candidate CAN-012692 with cryptographic evidence hash ...,CAN-012692,VALIDATED_COMPATIBLE,ACCEPT,,VALVE|CHECK_VALVE|ASTM_A216_WCB|DN_100|API_600
5c239379-ac79-56d9-974a-359f2754d0af,SAIL,SAIL-300062,IND.4-20 mA Pressure Gauge - Brass,CMM-INSTRU-FECC9D-001,CMM-INSTRU-FECC9D-001,REVIEW_REQUIRED,DIRECT_ACCEPTED,0.6,REVIEW_REQUIRED,AMBIGUOUS_ATTRIBUTE_HOLD,Attribute ambiguity in upstream candidate group; human review required.,,REVIEW_REQUIRED,,,INSTRUMENTATION|PRESSURE_GAUGE|BRASS|4_20_MA|ASME_B40100
0aac0e0f-c317-586b-b4ae-ea7a71ea8a92,SAIL,SAIL-300063,IND.Equal Tee ASTM A106 Gr B DN 150,CMM-PIPEF-3BAF8F-001,CMM-PIPEF-3BAF8F-001,MAPPED_VERIFIED,DIRECT_ACCEPTED,1.0,VERIFIED_CROSS_CPSE,HUMAN_ACCEPTED_HARMONIZATION,Verified cross-CPSE harmonization mapping supported by Phase 7 human review ACCEPT on candidate CAN-013175 with cryptographic evidence hash ...,CAN-013175,VALIDATED_COMPATIBLE,ACCEPT,,PIPE_FITTING|ASTM_A106_GRB|DN_150|6_M|25_MM|API_5L
7ebc5f1f-5da5-5df6-9132-0aadfd43b150,SAIL,SAIL-300064,STORES ITEM Switchgear Panel 4C x 25 sq mm XLPE Insulated,CMM-ELECTR-CE652D-001,CMM-ELECTR-CE652D-001,MAPPED_VERIFIED,DIRECT_ACCEPTED,1.0,VERIFIED_CROSS_CPSE,HUMAN_ACCEPTED_HARMONIZATION,Verified cross-CPSE harmonization mapping supported by Phase 7 human review ACCEPT on candidate CAN-013352 with cryptographic evidence hash ...,CAN-013352,VALIDATED_COMPATIBLE,ACCEPT,,ELECTRICAL|XLPE|XLPE_INSULATED|4C_X_25_SQ_MM|500_M|IS_2026
95c540a8-156e-54da-8773-ab1aa8343e79,SAIL,SAIL-300065,SPARE-LEVEL TRANSMITTER Brass 1/2 in NPT,CMM-INSTRU-61E856-001,CMM-INSTRU-61E856-001,MAPPED_VERIFIED,DIRECT_ACCEPTED,1.0,VERIFIED_CROSS_CPSE,HUMAN_ACCEPTED_HARMONIZATION,Verified cross-CPSE harmonization mapping supported by Phase 7 human review ACCEPT on candidate CAN-013442 with cryptographic evidence hash ...,CAN-013442,VALIDATED_COMPATIBLE,ACCEPT,,INSTRUMENTATION|BRASS|1_2_IN_NPT|IEC_60529
05d3f46c-525b-5a77-b0fa-6bc2e5ca8928,SAIL,SAIL-300066,IND.Reducer 2 in Alloy Steel,CMM-PIPEF-EB17F7-001,CMM-PIPEF-EB17F7-001,MAPPED_VERIFIED,DIRECT_ACCEPTED,1.0,VERIFIED_CROSS_CPSE,HUMAN_ACCEPTED_HARMONIZATION,Verified cross-CPSE harmonization mapping supported by Phase 7 human review ACCEPT on candidate CAN-013594 with cryptographic evidence hash ...,CAN-013594,VALIDATED_COMPATIBLE,ACCEPT,,PIPE_FITTING|ALLOY_STEEL|2_IN|1000_MM|2_IN|ASME_B165
1ed66ef3-5452-5997-b279-2d8ff5be6587,SAIL,SAIL-300067,Needle Bearing Chrome Steel 6408,CMM-BEARNG-FF170C-001,CMM-BEARNG-FF170C-001,REVIEW_REQUIRED,DIRECT_ACCEPTED,0.6,REVIEW_REQUIRED,AMBIGUOUS_ATTRIBUTE_HOLD,Attribute ambiguity in upstream candidate group; human review required.,,REVIEW_REQUIRED,,,BEARING|CHROME_STEEL|CHROME_STEEL|6408
b353e3ce-72aa-5e4d-ac72-a591d700d22b,SAIL,SAIL-300068,IND.415V 100A XLPE CABLE - XLPE Insulated,CMM-ELECTR-4D158E-001,CMM-ELECTR-4D158E-001,MAPPED_VERIFIED,DIRECT_ACCEPTED,1.0,VERIFIED_CROSS_CPSE,HUMAN_ACCEPTED_HARMONIZATION,Verified cross-CPSE harmonization mapping supported by Phase 7 human review ACCEPT on candidate CAN-014345 with cryptographic evidence hash ...,CAN-014345,VALIDATED_COMPATIBLE,ACCEPT,,ELECTRICAL|CABLE|XLPE|XLPE_INSULATED|415V_100A|1000_M|IS_7098
00989342-15cb-57bd-a47c-33268e3cbd37,SAIL,SAIL-300069,IND.M10 x 40 SOCKET HEAD SCREW - Grade B7,CMM-FASTNR-A82C5B-001,CMM-FASTNR-A82C5B-001,REVIEW_REQUIRED,DIRECT_ACCEPTED,0.6,REVIEW_REQUIRED,AMBIGUOUS_ATTRIBUTE_HOLD,Attribute ambiguity in upstream candidate group; human review required.,,REVIEW_REQUIRED,,,FASTENER|GRADE_B7|M10_X_40|40_MM|IS_1367
097c49e4-d42f-534c-91fe-5aa040e81046,SAIL,SAIL-300070,STORES ITEM 0-100 bar Temperature Transmitter - Brass,CMM-INSTRU-027BD0-001,CMM-INSTRU-027BD0-001,REVIEW_REQUIRED,DIRECT_ACCEPTED,0.6,REVIEW_REQUIRED,AMBIGUOUS_ATTRIBUTE_HOLD,Attribute ambiguity in upstream candidate group; human review required.,,REVIEW_REQUIRED,,,INSTRUMENTATION|BRASS|0_100_BAR|ASME_B40100
0dab84f6-96f3-50f9-8c9b-38c0c1081b3c,SAIL,SAIL-300071,Centrifugal Pump DN 100 Carbon Steel,CMM-PUMP-ED0D84-001,CMM-PUMP-ED0D84-001,MAPPED_VERIFIED,DIRECT_ACCEPTED,1.0,VERIFIED_CROSS_CPSE,HUMAN_ACCEPTED_HARMONIZATION,Verified cross-CPSE harmonization mapping supported by Phase 7 human review ACCEPT on candidate CAN-015004 with cryptographic evidence hash ...,CAN-015004,VALIDATED_COMPATIBLE,ACCEPT,,PUMP|CENTRIFUGAL_PUMP|CARBON_STEEL|CARBON_STEEL|DN_100|API_610
f22cdbe1-c036-59d1-a635-6d982cabcae5,SAIL,SAIL-300072,"INDUCTION MOTOR, XLPE Insulated, SIZE 4C x 25 sq mm",CMM-ELECTR-43E6A3-001,CMM-ELECTR-43E6A3-001,MAPPED_VERIFIED,DIRECT_ACCEPTED,1.0,VERIFIED_CROSS_CPSE,HUMAN_ACCEPTED_HARMONIZATION,Verified cross-CPSE harmonization mapping supported by Phase 7 human review ACCEPT on candidate CAN-015092 with cryptographic evidence hash ...,CAN-015092,VALIDATED_COMPATIBLE,ACCEPT,,ELECTRICAL|XLPE|XLPE_INSULATED|4C_X_25_SQ_MM|500_M|IS_7098
cdcf4b6b-cc74-5730-b93c-196a458f8bf0,SAIL,SAIL-300073,"SPARE-GLOBE VALVE, LCB, SIZE 2 in",CMM-VALVE-C12B9C-001,CMM-VALVE-C12B9C-001,MAPPED_VERIFIED,DIRECT_ACCEPTED,1.0,VERIFIED_CROSS_CPSE,HUMAN_ACCEPTED_HARMONIZATION,Verified cross-CPSE harmonization mapping supported by Phase 7 human review ACCEPT on candidate CAN-015694 with cryptographic evidence hash ...,CAN-015694,VALIDATED_COMPATIBLE,ACCEPT,,VALVE|GLOBE_VALVE|LCB|2_IN|2_IN|ASME_B1634
53b1cb58-9b46-5127-8493-c256c0fd5cd5,SAIL,SAIL-300074,3C x 95 sq mm DISTRIBUTION TRANSFORMER - XLPE Insulated,CMM-ELECTR-45EFBF-001,CMM-ELECTR-45EFBF-001,MAPPED_VERIFIED,DIRECT_ACCEPTED,1.0,VERIFIED_CROSS_CPSE,HUMAN_ACCEPTED_HARMONIZATION,Verified cross-CPSE harmonization mapping supported by Phase 7 human review ACCEPT on candidate CAN-016025 with cryptographic evidence hash ...,CAN-016025,VALIDATED_COMPATIBLE,ACCEPT,,ELECTRICAL|XLPE|XLPE_INSULATED|3C_X_95_SQ_MM|500_M|IS_2026
adca8e6c-bcad-5678-bed8-3d32ed7dd690,SAIL,SAIL-300075,"Welded Pipe, IS 2062, SIZE DN 100",CMM-PIPEF-CA4F29-001,CMM-PIPEF-CA4F29-001,MAPPED_VERIFIED,DIRECT_ACCEPTED,1.0,VERIFIED_CROSS_CPSE,HUMAN_ACCEPTED_HARMONIZATION,Verified cross-CPSE harmonization mapping supported by Phase 7 human review ACCEPT on candidate CAN-016112 with cryptographic evidence hash ...,CAN-016112,VALIDATED_COMPATIBLE,ACCEPT,,PIPE_FITTING|PIPE|IS_2062|DN_100|25_MM|API_5L|EPOXY_COATED|WELDED
a962a938-53f1-50bb-8839-8c27bdf2fbe2,SAIL,SAIL-300076,Mechanical Seal NBR 2 in,CMM-SEALG-E00177-001,CMM-SEALG-E00177-001,REVIEW_REQUIRED,DIRECT_ACCEPTED,0.6,REVIEW_REQUIRED,AMBIGUOUS_ATTRIBUTE_HOLD,Attribute ambiguity in upstream candidate group; human review required.,,REVIEW_REQUIRED,,,SEAL_GASKET|NBR|2_IN|API_682
04959912-fc6e-5b58-a05a-6955d0b65c8a,SAIL,SAIL-300077,IND.30205 BALL BRG - Stainless Steel,CMM-BEARNG-491461-001,CMM-BEARNG-491461-001,REVIEW_REQUIRED,DIRECT_ACCEPTED,0.6,REVIEW_REQUIRED,AMBIGUOUS_ATTRIBUTE_HOLD,Attribute ambiguity in upstream candidate group; human review required.,,REVIEW_REQUIRED,,,BEARING|BALL_BEARING|STAINLESS_STEEL|STAINLESS_STEEL|30205|ISO_15
9a57c552-1afb-5b31-b4a0-d17fb01be1bb,SAIL,SAIL-300078,IND.RUBBER GASKET 100 mm NBR,CMM-SEALG-E0C6E5-001,CMM-SEALG-E0C6E5-001,MAPPED_VERIFIED,DIRECT_ACCEPTED,1.0,VERIFIED_CROSS_CPSE,HUMAN_ACCEPTED_HARMONIZATION,Verified cross-CPSE harmonization mapping supported by Phase 7 human review ACCEPT on candidate CAN-016712 with cryptographic evidence hash ...,CAN-016712,VALIDATED_COMPATIBLE,ACCEPT,,SEAL_GASKET|NBR|100_MM|100_MM|ASME_B1620|EPOXY_COATED
4ae8f3d9-5a2b-5b47-9dca-65bd347787a0,SAIL,SAIL-300079,0-500 Deg C Flow Meter - SS316,CMM-INSTRU-21D516-001,CMM-INSTRU-21D516-001,MAPPED_VERIFIED,DIRECT_ACCEPTED,1.0,VERIFIED_CROSS_CPSE,HUMAN_ACCEPTED_HARMONIZATION,Verified cross-CPSE harmonization mapping supported by Phase 7 human review ACCEPT on candidate CAN-016803 with cryptographic evidence hash ...,CAN-016803,VALIDATED_COMPATIBLE,ACCEPT,,INSTRUMENTATION|STAINLESS_STEEL|SS_316|0_500_DEG_C|ASME_B40100
a958fb7d-0927-5c3f-afd2-50ac6ee4f034,SAIL,SAIL-300080,"IND.Hex Nut, Carbon Steel, SIZE M20 x 80",CMM-FASTNR-7426EC-001,CMM-FASTNR-7426EC-001,MAPPED_VERIFIED,DIRECT_ACCEPTED,1.0,VERIFIED_CROSS_CPSE,HUMAN_ACCEPTED_HARMONIZATION,Verified cross-CPSE harmonization mapping supported by Phase 7 human review ACCEPT on candidate CAN-017345 with cryptographic evidence hash ...,CAN-017345,VALIDATED_COMPATIBLE,ACCEPT,,FASTENER|NUT|HEX|CARBON_STEEL|CARBON_STEEL|M20_X_80|80_MM
2a5a320b-c53b-5ce0-8a39-7d1c96098b87,SAIL,SAIL-300081,SPARE-3C x 95 sq mm SWITCHGEAR PANEL - Copper,CMM-ELECTR-65A8AE-001,CMM-ELECTR-65A8AE-001,MAPPED_VERIFIED,DIRECT_ACCEPTED,1.0,VERIFIED_CROSS_CPSE,HUMAN_ACCEPTED_HARMONIZATION,Verified cross-CPSE harmonization mapping supported by Phase 7 human review ACCEPT on candidate CAN-017524 with cryptographic evidence hash ...,CAN-017524,VALIDATED_COMPATIBLE,ACCEPT,,ELECTRICAL|COPPER|3C_X_95_SQ_MM|IS_2026
1aff0dfb-65f7-531c-ac53-fa34cd64659e,SAIL,SAIL-300082,Centrifugal Pump Carbon Steel DN 80,CMM-PUMP-9080C7-001,CMM-PUMP-9080C7-001,MAPPED_VERIFIED,DIRECT_ACCEPTED,1.0,VERIFIED_CROSS_CPSE,HUMAN_ACCEPTED_HARMONIZATION,Verified cross-CPSE harmonization mapping supported by Phase 7 human review ACCEPT on candidate CAN-018092 with cryptographic evidence hash ...,CAN-018092,VALIDATED_COMPATIBLE,ACCEPT,,PUMP|CENTRIFUGAL_PUMP|CARBON_STEEL|CARBON_STEEL|DN_80|API_610
4c144aae-0c41-5366-af92-569f1329b3c1,SAIL,SAIL-300083,"IND.SPIRAL WOUND GASKET, Viton, SIZE 50 mm",CMM-SEALG-AB281C-001,CMM-SEALG-AB281C-001,MAPPED_VERIFIED,DIRECT_ACCEPTED,1.0,VERIFIED_CROSS_CPSE,HUMAN_ACCEPTED_HARMONIZATION,Verified cross-CPSE harmonization mapping supported by Phase 7 human review ACCEPT on candidate CAN-018215 with cryptographic evidence hash ...,CAN-018215,VALIDATED_COMPATIBLE,ACCEPT,,SEAL_GASKET|SPIRAL_WOUND_GASKET|VITON|50_MM|50_MM
5e1932e2-e583-57ff-89e1-99a8165ad711,SAIL,SAIL-300084,SPARE-415V 100A CIRCUIT BREAKER - XLPE Insulated,CMM-ELECTR-9FEFD2-001,CMM-ELECTR-9FEFD2-001,MAPPED_VERIFIED,DIRECT_ACCEPTED,1.0,VERIFIED_CROSS_CPSE,HUMAN_ACCEPTED_HARMONIZATION,Verified cross-CPSE harmonization mapping supported by Phase 7 human review ACCEPT on candidate CAN-018485 with cryptographic evidence hash ...,CAN-018485,VALIDATED_COMPATIBLE,ACCEPT,,ELECTRICAL|XLPE|XLPE_INSULATED|415V_100A|500_M|IEC_60502
f9bf8ee1-c18b-56fd-adfc-3dcf1210f4de,SAIL,SAIL-300085,XLPE Cable Copper 3C x 95 sq mm,CMM-ELECTR-266707-001,CMM-ELECTR-266707-001,MAPPED_VERIFIED,DIRECT_ACCEPTED,1.0,VERIFIED_CROSS_CPSE,HUMAN_ACCEPTED_HARMONIZATION,Verified cross-CPSE harmonization mapping supported by Phase 7 human review ACCEPT on candidate CAN-018844 with cryptographic evidence hash ...,CAN-018844,VALIDATED_COMPATIBLE,ACCEPT,,ELECTRICAL|CABLE|XLPE|COPPER|3C_X_95_SQ_MM|1000_M|IS_2026
f16d9797-4bb6-5c43-9e05-ebfa374f0377,SAIL,SAIL-300086,"FLANGE, SS316L, SIZE DN 80",CMM-PIPEF-A6DA56-001,CMM-PIPEF-A6DA56-001,MAPPED_VERIFIED,DIRECT_ACCEPTED,1.0,VERIFIED_CROSS_CPSE,HUMAN_ACCEPTED_HARMONIZATION,Verified cross-CPSE harmonization mapping supported by Phase 7 human review ACCEPT on candidate CAN-019082 with cryptographic evidence hash ...,CAN-019082,VALIDATED_COMPATIBLE,ACCEPT,,PIPE_FITTING|FLANGE|STAINLESS_STEEL|SS_316L|DN_80|12_M|80_MM|ASTM_A106
3d2a9206-9367-525a-9cdc-ea947b90a8d8,SAIL,SAIL-300087,IND.2 in x 1.5 in Centrifugal Pump - Carbon Steel,CMM-PUMP-CF08C1-001,CMM-PUMP-CF08C1-001,MAPPED_VERIFIED,DIRECT_ACCEPTED,1.0,VERIFIED_CROSS_CPSE,HUMAN_ACCEPTED_HARMONIZATION,Verified cross-CPSE harmonization mapping supported by Phase 7 human review ACCEPT on candidate CAN-019353 with cryptographic evidence hash ...,CAN-019353,VALIDATED_COMPATIBLE,ACCEPT,,PUMP|CENTRIFUGAL_PUMP|CARBON_STEEL|CARBON_STEEL|2_IN_X_15_IN|API_610
8b08a5a2-1c36-5e88-b10a-ff08a4c935cf,SAIL,SAIL-300088,0-100 bar TEMPERATURE TRANSMITTER - SS316,CMM-INSTRU-2B591E-001,CMM-INSTRU-2B591E-001,REVIEW_REQUIRED,DIRECT_ACCEPTED,0.6,REVIEW_REQUIRED,AMBIGUOUS_ATTRIBUTE_HOLD,Attribute ambiguity in upstream candidate group; human review required.,,REVIEW_REQUIRED,,,INSTRUMENTATION|STAINLESS_STEEL|SS_316|0_100_BAR
665e5c33-12e7-5c4f-b4e8-68d2ad6c0a9a,SAIL,SAIL-300089,DN 150 BV - ASTM A351 CF8M,CMM-VALVE-6D7FC6-001,CMM-VALVE-6D7FC6-001,MAPPED_VERIFIED,DIRECT_ACCEPTED,1.0,VERIFIED_CROSS_CPSE,HUMAN_ACCEPTED_HARMONIZATION,Verified cross-CPSE harmonization mapping supported by Phase 7 human review ACCEPT on candidate CAN-020015 with cryptographic evidence hash ...,CAN-020015,VALIDATED_COMPATIBLE,ACCEPT,,VALVE|BALL_VALVE|ASTM_A351_CF8M|DN_150|API_602|EPOXY_COATED
68eab946-b38e-5b60-acdb-e612432dfcb6,SAIL,SAIL-300090,"IND.Vertical Turbine Pump, Carbon Steel, SIZE 3 in x 2 in",CMM-PUMP-9ED4F4-001,CMM-PUMP-9ED4F4-001,MAPPED_VERIFIED,DIRECT_ACCEPTED,1.0,VERIFIED_CROSS_CPSE,HUMAN_ACCEPTED_HARMONIZATION,Verified cross-CPSE harmonization mapping supported by Phase 7 human review ACCEPT on candidate CAN-020225 with cryptographic evidence hash ...,CAN-020225,VALIDATED_COMPATIBLE,ACCEPT,,PUMP|CARBON_STEEL|CARBON_STEEL|3_IN_X_2_IN|3_IN_X_2_IN|IS_1520|PTFE_LINED|VERTICAL
e13f9c8f-2003-5ef3-997b-40ebfd1a2dba,SAIL,SAIL-300091,IND.4-20 mA Level Transmitter - Brass,CMM-INSTRU-F3707C-001,CMM-INSTRU-F3707C-001,REVIEW_REQUIRED,DIRECT_ACCEPTED,0.6,REVIEW_REQUIRED,AMBIGUOUS_ATTRIBUTE_HOLD,Attribute ambiguity in upstream candidate group; human review required.,,REVIEW_REQUIRED,,,INSTRUMENTATION|BRASS|4_20_MA|IEC_60529
3915b98d-1e2e-5447-8aed-126a3ac96050,SAIL,SAIL-300092,"CHECK VALVE, ASTM A216 WCB, SIZE DN 50",CMM-VALVE-66AEAC-001,CMM-VALVE-66AEAC-001,REVIEW_REQUIRED,DIRECT_ACCEPTED,0.6,REVIEW_REQUIRED,AMBIGUOUS_ATTRIBUTE_HOLD,Attribute ambiguity in upstream candidate group; human review required.,,REVIEW_REQUIRED,,,VALVE|CHECK_VALVE|ASTM_A216_WCB|DN_50|API_600
fad6e478-3efc-5469-b77a-e337f741bc6d,SAIL,SAIL-300093,Induction Motor Aluminium 4C x 25 sq mm,CMM-ELECTR-1643F5-001,CMM-ELECTR-1643F5-001,REVIEW_REQUIRED,DIRECT_ACCEPTED,0.6,REVIEW_REQUIRED,AMBIGUOUS_ATTRIBUTE_HOLD,Attribute ambiguity in upstream candidate group; human review required.,,REVIEW_REQUIRED,,,ELECTRICAL|ALUMINIUM|4C_X_25_SQ_MM|1000_M|IEC_60502
72e48018-0cc7-568a-ae54-129e68dbfb2c,SAIL,SAIL-300094,IND.Equal Tee DN 150 Alloy Steel,CMM-PIPEF-100E96-001,CMM-PIPEF-100E96-001,MAPPED_VERIFIED,DIRECT_ACCEPTED,1.0,VERIFIED_CROSS_CPSE,HUMAN_ACCEPTED_HARMONIZATION,Verified cross-CPSE harmonization mapping supported by Phase 7 human review ACCEPT on candidate CAN-020974 with cryptographic evidence hash ...,CAN-020974,VALIDATED_COMPATIBLE,ACCEPT,,PIPE_FITTING|ALLOY_STEEL|DN_150|6_M|50_MM|ASTM_A106
cc202f37-399b-5ea0-81b1-e2a996db8fa7,SAIL,SAIL-300095,SPARE-Thrust Bearing AISI 52100 6304,CMM-BEARNG-67CA99-001,CMM-BEARNG-67CA99-001,REVIEW_REQUIRED,DIRECT_ACCEPTED,0.6,REVIEW_REQUIRED,AMBIGUOUS_ATTRIBUTE_HOLD,Attribute ambiguity in upstream candidate group; human review required.,,REVIEW_REQUIRED,,,BEARING|AISI_52100|6304
ffc7908b-6fbe-56fa-b2c9-0513944da29b,SAIL,SAIL-300096,VERTICAL TURBINE PUMP 2 in x 1.5 in SS316,CMM-PUMP-FC6AAF-001,CMM-PUMP-FC6AAF-001,MAPPED_VERIFIED,DIRECT_ACCEPTED,1.0,VERIFIED_CROSS_CPSE,HUMAN_ACCEPTED_HARMONIZATION,Verified cross-CPSE harmonization mapping supported by Phase 7 human review ACCEPT on candidate CAN-021365 with cryptographic evidence hash ...,CAN-021365,VALIDATED_COMPATIBLE,ACCEPT,,PUMP|STAINLESS_STEEL|SS_316|2_IN_X_15_IN|2_IN_X_15_IN|IS_1520|VERTICAL
d56f93ba-c732-5e28-be32-933093edfd1e,SAIL,SAIL-300097,STORES ITEM Switchgear Panel XLPE Insulated 3C x 95 sq mm,CMM-ELECTR-6BCE45-001,CMM-ELECTR-6BCE45-001,MAPPED_VERIFIED,DIRECT_ACCEPTED,1.0,VERIFIED_CROSS_CPSE,HUMAN_ACCEPTED_HARMONIZATION,Verified cross-CPSE harmonization mapping supported by Phase 7 human review ACCEPT on candidate CAN-021724 with cryptographic evidence hash ...,CAN-021724,VALIDATED_COMPATIBLE,ACCEPT,,ELECTRICAL|XLPE|XLPE_INSULATED|3C_X_95_SQ_MM|1000_M|IEC_60502
e3a99f64-616e-55dd-879d-ffc15fb7f3c5,SAIL,SAIL-300098,BOLT HEX Grade B7 M20 x 80,CMM-FASTNR-B810F4-001,CMM-FASTNR-B810F4-001,MAPPED_VERIFIED,DIRECT_ACCEPTED,1.0,VERIFIED_CROSS_CPSE,HUMAN_ACCEPTED_HARMONIZATION,Verified cross-CPSE harmonization mapping supported by Phase 7 human review ACCEPT on candidate CAN-021932 with cryptographic evidence hash ...,CAN-021932,VALIDATED_COMPATIBLE,ACCEPT,,FASTENER|BOLT|GRADE_B7|M20_X_80|80_MM|ASME_B182
4dfeb33e-297d-5379-8642-b410ac5a6d4b,SAIL,SAIL-300099,"PUMP CENTRIF, Carbon Steel, SIZE DN 100",CMM-PUMP-BA45D5-001,CMM-PUMP-BA45D5-001,MAPPED_VERIFIED,DIRECT_ACCEPTED,1.0,VERIFIED_CROSS_CPSE,HUMAN_ACCEPTED_HARMONIZATION,Verified cross-CPSE harmonization mapping supported by Phase 7 human review ACCEPT on candidate CAN-022115 with cryptographic evidence hash ...,CAN-022115,VALIDATED_COMPATIBLE,ACCEPT,,PUMP|CENTRIFUGAL_PUMP|CARBON_STEEL|CARBON_STEEL|DN_100|IS_1520|ZINC_PLATED
a6b30500-6f24-5cc7-853d-77e14cf21d19,SAIL,SAIL-300100,DN 80 VERTICAL TURBINE PUMP - Duplex Steel,CMM-PUMP-13DAB4-001,CMM-PUMP-13DAB4-001,MAPPED_VERIFIED,DIRECT_ACCEPTED,1.0,VERIFIED_CROSS_CPSE,HUMAN_ACCEPTED_HARMONIZATION,Verified cross-CPSE harmonization mapping supported by Phase 7 human review ACCEPT on candidate CAN-022294 with cryptographic evidence hash ...,CAN-022294,VALIDATED_COMPATIBLE,ACCEPT,,PUMP|DUPLEX_STEEL|DN_80|ISO_2858|VERTICAL
6d0e26af-47ac-53c5-911b-830de7f5ccf3,SAIL,SAIL-300101,"IND.REDUCER, IS 2062, SIZE DN 80",CMM-PIPEF-D67C66-001,CMM-PIPEF-D67C66-001,MAPPED_VERIFIED,DIRECT_ACCEPTED,1.0,VERIFIED_CROSS_CPSE,HUMAN_ACCEPTED_HARMONIZATION,Verified cross-CPSE harmonization mapping supported by Phase 7 human review ACCEPT on candidate CAN-022475 with cryptographic evidence hash ...,CAN-022475,VALIDATED_COMPATIBLE,ACCEPT,,PIPE_FITTING|IS_2062|DN_80|6_M|100_MM|ASTM_A106|PTFE_LINED
8a87d9ce-2488-544d-91ed-b0e8b5bc72a7,SAIL,SAIL-300102,M10 x 40 Hex Nut - Grade 10.9,CMM-FASTNR-39EA95-001,CMM-FASTNR-39EA95-001,MAPPED_VERIFIED,DIRECT_ACCEPTED,1.0,VERIFIED_CROSS_CPSE,HUMAN_ACCEPTED_HARMONIZATION,Verified cross-CPSE harmonization mapping supported by Phase 7 human review ACCEPT on candidate CAN-022893 with cryptographic evidence hash ...,CAN-022893,VALIDATED_COMPATIBLE,ACCEPT,,FASTENER|NUT|HEX|GRADE_109|M10_X_40|40_MM|ZINC_PLATED
7bbb7c96-e5ab-554c-b1ea-2ae556acf379,SAIL,SAIL-300103,RTD Sensor 1/2 in NPT Brass,CMM-INSTRU-C4873D-001,CMM-INSTRU-C4873D-001,REVIEW_REQUIRED,DIRECT_ACCEPTED,0.6,REVIEW_REQUIRED,AMBIGUOUS_ATTRIBUTE_HOLD,Attribute ambiguity in upstream candidate group; human review required.,,REVIEW_REQUIRED,,,INSTRUMENTATION|BRASS|1_2_IN_NPT
14f6dc0d-77d5-57e0-93cf-af79bc4f7a03,SAIL,SAIL-300104,IND.CONTROL VALVE SS316 4 in,CMM-VALVE-DBB44B-001,CMM-VALVE-DBB44B-001,MAPPED_VERIFIED,DIRECT_ACCEPTED,1.0,VERIFIED_CROSS_CPSE,HUMAN_ACCEPTED_HARMONIZATION,Verified cross-CPSE harmonization mapping supported by Phase 7 human review ACCEPT on candidate CAN-023252 with cryptographic evidence hash ...,CAN-023252,VALIDATED_COMPATIBLE,ACCEPT,,VALVE|STAINLESS_STEEL|SS_316|4_IN|API_600|EPOXY_COATED
a049054c-b24b-5dc9-8f3c-7293c86dbe85,SAIL,SAIL-300105,RTD SENSOR SS316 4-20 mA,CMM-INSTRU-7A3205-001,CMM-INSTRU-7A3205-001,REVIEW_REQUIRED,DIRECT_ACCEPTED,0.6,REVIEW_REQUIRED,AMBIGUOUS_ATTRIBUTE_HOLD,Attribute ambiguity in upstream candidate group; human review required.,,REVIEW_REQUIRED,,,INSTRUMENTATION|STAINLESS_STEEL|SS_316|4_20_MA|IEC_60529
16574df0-805c-51cd-8ef6-f997cc6f782e,SAIL,SAIL-300106,SPARE-ANCHOR BOLT M20 x 80 SS304,CMM-FASTNR-79903B-001,CMM-FASTNR-79903B-001,MAPPED_VERIFIED,DIRECT_ACCEPTED,1.0,VERIFIED_CROSS_CPSE,HUMAN_ACCEPTED_HARMONIZATION,Verified cross-CPSE harmonization mapping supported by Phase 7 human review ACCEPT on candidate CAN-023703 with cryptographic evidence hash ...,CAN-023703,VALIDATED_COMPATIBLE,ACCEPT,,FASTENER|BOLT|STAINLESS_STEEL|SS_304|M20_X_80|80_MM
364306c1-f2f7-5cbd-8d65-12cdafb03560,SAIL,SAIL-300107,SPARE-NEEDLE BEARING Chrome Steel 6208,CMM-BEARNG-17B18A-001,CMM-BEARNG-17B18A-001,MAPPED_VERIFIED,DIRECT_ACCEPTED,1.0,VERIFIED_CROSS_CPSE,HUMAN_ACCEPTED_HARMONIZATION,Verified cross-CPSE harmonization mapping supported by Phase 7 human review ACCEPT on candidate CAN-023854 with cryptographic evidence hash ...,CAN-023854,VALIDATED_COMPATIBLE,ACCEPT,,BEARING|CHROME_STEEL|CHROME_STEEL|6208
780f93c1-a922-54d5-b0f0-e549d7acc0a4,SAIL,SAIL-300108,"Induction Motor, Aluminium, SIZE 3C x 95 sq mm",CMM-ELECTR-9C93DB-001,CMM-ELECTR-9C93DB-001,MAPPED_VERIFIED,DIRECT_ACCEPTED,1.0,VERIFIED_CROSS_CPSE,HUMAN_ACCEPTED_HARMONIZATION,Verified cross-CPSE harmonization mapping supported by Phase 7 human review ACCEPT on candidate CAN-023914 with cryptographic evidence hash ...,CAN-023914,VALIDATED_COMPATIBLE,ACCEPT,,ELECTRICAL|ALUMINIUM|3C_X_95_SQ_MM|100_M|IEC_60502
b8a01694-f8c8-5687-9880-bf229aa1266d,SAIL,SAIL-300109,SPARE-Temperature Transmitter Brass 0-100 bar,CMM-INSTRU-027BD0-001,CMM-INSTRU-027BD0-001,REVIEW_REQUIRED,DIRECT_ACCEPTED,0.6,REVIEW_REQUIRED,AMBIGUOUS_ATTRIBUTE_HOLD,Attribute ambiguity in upstream candidate group; human review required.,,REVIEW_REQUIRED,,,INSTRUMENTATION|BRASS|0_100_BAR|ASME_B40100
837c30a8-1918-50cc-b63d-be99d6d74c7d,SAIL,SAIL-300110,"SPARE-Rubber Gasket, PTFE, SIZE 2 in",CMM-SEALG-66F853-001,CMM-SEALG-66F853-001,MAPPED_VERIFIED,DIRECT_ACCEPTED,1.0,VERIFIED_CROSS_CPSE,HUMAN_ACCEPTED_HARMONIZATION,Verified cross-CPSE harmonization mapping supported by Phase 7 human review ACCEPT on candidate CAN-024483 with cryptographic evidence hash ...,CAN-024483,VALIDATED_COMPATIBLE,ACCEPT,,SEAL_GASKET|PTFE|2_IN|GALVANIZED
c94b2f59-2933-5e55-8165-f0575e0e9913,SAIL,SAIL-300111,"STORES ITEM Pressure Gauge, Brass, SIZE 0-100 bar",CMM-INSTRU-22FF74-001,CMM-INSTRU-22FF74-001,MAPPED_VERIFIED,DIRECT_ACCEPTED,1.0,VERIFIED_CROSS_CPSE,HUMAN_ACCEPTED_HARMONIZATION,Verified cross-CPSE harmonization mapping supported by Phase 7 human review ACCEPT on candidate CAN-024725 with cryptographic evidence hash ...,CAN-024725,VALIDATED_COMPATIBLE,ACCEPT,,INSTRUMENTATION|PRESSURE_GAUGE|BRASS|0_100_BAR|IEC_60529
089e6869-d03b-5096-aa29-9f7e5dfdecab,SAIL,SAIL-300112,STORES ITEM O-Ring PTFE 65 mm,CMM-SEALG-F01715-001,CMM-SEALG-F01715-001,MAPPED_VERIFIED,DIRECT_ACCEPTED,1.0,VERIFIED_CROSS_CPSE,HUMAN_ACCEPTED_HARMONIZATION,Verified cross-CPSE harmonization mapping supported by Phase 7 human review ACCEPT on candidate CAN-024842 with cryptographic evidence hash ...,CAN-024842,VALIDATED_COMPATIBLE,ACCEPT,,SEAL_GASKET|PTFE|65_MM|API_682|PTFE
66ad569f-c0e9-5255-be1f-4acd2ab65514,SAIL,SAIL-300113,"SPARE-FLOW METER, SS316, SIZE 4-20 mA",CMM-INSTRU-1E073D-001,CMM-INSTRU-1E073D-001,REVIEW_REQUIRED,DIRECT_ACCEPTED,0.6,REVIEW_REQUIRED,AMBIGUOUS_ATTRIBUTE_HOLD,Attribute ambiguity in upstream candidate group; human review required.,,REVIEW_REQUIRED,,,INSTRUMENTATION|STAINLESS_STEEL|SS_316|4_20_MA|ASME_B40100
ce8b2cd6-9c29-585f-b46d-6c8d056b31ea,SAIL,SAIL-300114,"Welded Pipe, Carbon Steel, SIZE 6 in",CMM-PIPEF-11F53A-001,CMM-PIPEF-11F53A-001,MAPPED_VERIFIED,DIRECT_ACCEPTED,1.0,VERIFIED_CROSS_CPSE,HUMAN_ACCEPTED_HARMONIZATION,Verified cross-CPSE harmonization mapping supported by Phase 7 human review ACCEPT on candidate CAN-025353 with cryptographic evidence hash ...,CAN-025353,VALIDATED_COMPATIBLE,ACCEPT,,PIPE_FITTING|PIPE|CARBON_STEEL|CARBON_STEEL|6_IN|1000_MM|150_MM|API_5L|GALVANIZED|WELDED
b13ede75-e23c-536e-98dc-df2379621fee,SAIL,SAIL-300115,IND.2 in Spiral Wound Gasket - Viton,CMM-SEALG-F69928-001,CMM-SEALG-F69928-001,MAPPED_VERIFIED,DIRECT_ACCEPTED,1.0,VERIFIED_CROSS_CPSE,HUMAN_ACCEPTED_HARMONIZATION,Verified cross-CPSE harmonization mapping supported by Phase 7 human review ACCEPT on candidate CAN-025624 with cryptographic evidence hash ...,CAN-025624,VALIDATED_COMPATIBLE,ACCEPT,,SEAL_GASKET|SPIRAL_WOUND_GASKET|VITON|2_IN|2_IN|ASME_B1620|ZINC_PLATED
32a91621-f668-5ed1-a8d6-22966d46f0ab,SAIL,SAIL-300116,STORES ITEM Mechanical Seal 100 mm NBR,CMM-SEALG-DB0B11-001,CMM-SEALG-DB0B11-001,MAPPED_VERIFIED,DIRECT_ACCEPTED,1.0,VERIFIED_CROSS_CPSE,HUMAN_ACCEPTED_HARMONIZATION,Verified cross-CPSE harmonization mapping supported by Phase 7 human review ACCEPT on candidate CAN-025895 with cryptographic evidence hash ...,CAN-025895,VALIDATED_COMPATIBLE,ACCEPT,,SEAL_GASKET|NBR|100_MM|ASME_B1620
755eb8ed-46c3-5a80-bc5d-4285a65399d7,SAIL,SAIL-300117,Ball Bearing Stainless Steel 6208,CMM-BEARNG-0FD5BF-001,CMM-BEARNG-0FD5BF-001,REVIEW_REQUIRED,DIRECT_ACCEPTED,0.6,REVIEW_REQUIRED,AMBIGUOUS_ATTRIBUTE_HOLD,Attribute ambiguity in upstream candidate group; human review required.,,REVIEW_REQUIRED,,,BEARING|BALL_BEARING|STAINLESS_STEEL|STAINLESS_STEEL|6208
44a3c056-0639-558a-bbce-e64d99134993,SAIL,SAIL-300118,Induction Motor 415V 100A Aluminium,CMM-ELECTR-62038E-001,CMM-ELECTR-62038E-001,MAPPED_VERIFIED,DIRECT_ACCEPTED,1.0,VERIFIED_CROSS_CPSE,HUMAN_ACCEPTED_HARMONIZATION,Verified cross-CPSE harmonization mapping supported by Phase 7 human review ACCEPT on candidate CAN-026137 with cryptographic evidence hash ...,CAN-026137,VALIDATED_COMPATIBLE,ACCEPT,,ELECTRICAL|ALUMINIUM|415V_100A|IS_13947
80a91f78-3d37-57ea-bf3e-6afc8c8223bb,SAIL,SAIL-300119,STORES ITEM OIL SEAL 100 mm Viton,CMM-SEALG-96ED36-001,CMM-SEALG-96ED36-001,MAPPED_VERIFIED,DIRECT_ACCEPTED,1.0,VERIFIED_CROSS_CPSE,HUMAN_ACCEPTED_HARMONIZATION,Verified cross-CPSE harmonization mapping supported by Phase 7 human review ACCEPT on candidate CAN-026313 with cryptographic evidence hash ...,CAN-026313,VALIDATED_COMPATIBLE,ACCEPT,,SEAL_GASKET|LUBRICANT|VITON|100_MM|API_682
9bf303a5-18df-57ef-9032-e57c2a8a765d,SAIL,SAIL-300120,Gate Valve DN 50 WCB 600#,CMM-VALVE-8913B6-001,CMM-VALVE-8913B6-001,MAPPED_VERIFIED,DIRECT_ACCEPTED,1.0,VERIFIED_CROSS_CPSE,HUMAN_ACCEPTED_HARMONIZATION,Verified cross-CPSE harmonization mapping supported by Phase 7 human review ACCEPT on candidate CAN-026881 with cryptographic evidence hash ...,CAN-026881,VALIDATED_COMPATIBLE,ACCEPT,,VALVE|GATE_VALVE|ASTM_A216_WCB|DN_50|API_598
af674d28-0447-5ab6-9dd9-3b0ac9b4c4f0,SAIL,SAIL-300121,STORES ITEM O-RING 600# Graphite 50 mm,CMM-SEALG-1EEB61-001,CMM-SEALG-1EEB61-001,REVIEW_REQUIRED,DIRECT_ACCEPTED,0.6,REVIEW_REQUIRED,AMBIGUOUS_ATTRIBUTE_HOLD,Attribute ambiguity in upstream candidate group; human review required.,,REVIEW_REQUIRED,,,SEAL_GASKET|GRAPHITE|50_MM|API_682
e8ff024b-41b0-5747-b4aa-a7b26bdf84cc,SAIL,SAIL-300122,STORES ITEM VERTICAL TURBINE PUMP 2 in x 1.5 in SS304 150#,CMM-PUMP-1F3C25-001,CMM-PUMP-1F3C25-001,MAPPED_STANDALONE,STANDALONE,1.0,STANDALONE_IDENTITY,STANDALONE_CANONICAL_SYNTHESIS,1-to-1 deterministic identity mapping to governed Phase 8 standalone CMM candidate. Does not imply cross-CPSE equivalence or harmonization.,,,,,PUMP|STAINLESS_STEEL|SS_304|2_IN_X_15_IN|API_610|VERTICAL
4216dd06-e94b-5d7c-87a1-a15188cceede,SAIL,SAIL-300123,Flow Meter 4-20 mA SS316 600#,CMM-INSTRU-2A3760-001,CMM-INSTRU-2A3760-001,MAPPED_VERIFIED,DIRECT_ACCEPTED,1.0,VERIFIED_CROSS_CPSE,HUMAN_ACCEPTED_HARMONIZATION,Verified cross-CPSE harmonization mapping supported by Phase 7 human review ACCEPT on candidate CAN-027601 with cryptographic evidence hash ...,CAN-027601,VALIDATED_COMPATIBLE,ACCEPT,,INSTRUMENTATION|STAINLESS_STEEL|SS_316|4_20_MA
debf0cf0-bc41-5a19-baeb-fe0573b37628,SAIL,SAIL-300124,IND.PUMP CENTRIF 3 in x 2 in Alloy Steel 600#,CMM-PUMP-7C2D89-001,CMM-PUMP-7C2D89-001,MAPPED_STANDALONE,STANDALONE,1.0,STANDALONE_IDENTITY,STANDALONE_CANONICAL_SYNTHESIS,1-to-1 deterministic identity mapping to governed Phase 8 standalone CMM candidate. Does not imply cross-CPSE equivalence or harmonization.,,,,,PUMP|CENTRIFUGAL_PUMP|ALLOY_STEEL|3_IN_X_2_IN|API_610
4e78bca1-a06c-5fcd-92f7-f5abd7709486,SAIL,SAIL-300125,IND.Roller Bearing 300# Chrome Steel 6408,CMM-BEARNG-FF170C-001,CMM-BEARNG-FF170C-001,REVIEW_REQUIRED,DIRECT_ACCEPTED,0.6,REVIEW_REQUIRED,AMBIGUOUS_ATTRIBUTE_HOLD,Attribute ambiguity in upstream candidate group; human review required.,,REVIEW_REQUIRED,,,BEARING|CHROME_STEEL|CHROME_STEEL|6408
152bd4dd-f0a1-5e13-9e01-62db37a8974e,SAIL,SAIL-300126,BUTTERFLY VALVE 1 in SS304 600#,CMM-VALVE-F44088-001,CMM-VALVE-F44088-001,MAPPED_STANDALONE,STANDALONE,1.0,STANDALONE_IDENTITY,STANDALONE_CANONICAL_SYNTHESIS,1-to-1 deterministic identity mapping to governed Phase 8 standalone CMM candidate. Does not imply cross-CPSE equivalence or harmonization.,,,,,VALVE|BUTTERFLY_VALVE|STAINLESS_STEEL|SS_304|1_IN|API_598
405c7b57-b5f6-5038-9748-1e42176763e9,SAIL,SAIL-300127,STORES ITEM XLPE CABLE 150# Copper 1C x 300 sq mm,CMM-ELECTR-925F26-001,CMM-ELECTR-925F26-001,MAPPED_VERIFIED,DIRECT_ACCEPTED,1.0,VERIFIED_CROSS_CPSE,HUMAN_ACCEPTED_HARMONIZATION,Verified cross-CPSE harmonization mapping supported by Phase 7 human review ACCEPT on candidate CAN-028321 with cryptographic evidence hash ...,CAN-028321,VALIDATED_COMPATIBLE,ACCEPT,,ELECTRICAL|CABLE|XLPE|COPPER|1C_X_300_SQ_MM|100_M|IS_2026
0ab0af45-3a83-518f-8f2b-d5e3904f21f1,SAIL,SAIL-300128,Roller Bearing 600# Stainless Steel 6304,CMM-BEARNG-20EFDA-001,CMM-BEARNG-20EFDA-001,MAPPED_VERIFIED,DIRECT_ACCEPTED,1.0,VERIFIED_CROSS_CPSE,HUMAN_ACCEPTED_HARMONIZATION,Verified cross-CPSE harmonization mapping supported by Phase 7 human review ACCEPT on candidate CAN-028413 with cryptographic evidence hash ...,CAN-028413,VALIDATED_COMPATIBLE,ACCEPT,,BEARING|STAINLESS_STEEL|STAINLESS_STEEL|6304|ISO_15
39fb999a-a6ee-5360-8393-64bb087849c8,SAIL,SAIL-300129,2 in Mechanical Seal - Graphite 300#,CMM-SEALG-61A948-001,CMM-SEALG-61A948-001,MAPPED_VERIFIED,DIRECT_ACCEPTED,1.0,VERIFIED_CROSS_CPSE,HUMAN_ACCEPTED_HARMONIZATION,Verified cross-CPSE harmonization mapping supported by Phase 7 human review ACCEPT on candidate CAN-028441 with cryptographic evidence hash ...,CAN-028441,VALIDATED_COMPATIBLE,ACCEPT,,SEAL_GASKET|GRAPHITE|2_IN|2_IN|ASME_B1620
850dfd4f-db80-555d-9b1f-b32e5bdd046a,SAIL,SAIL-300130,FLANGE DN 50 SS316L 600#,CMM-PIPEF-9AEB33-001,CMM-PIPEF-9AEB33-001,MAPPED_VERIFIED,DIRECT_ACCEPTED,1.0,VERIFIED_CROSS_CPSE,HUMAN_ACCEPTED_HARMONIZATION,Verified cross-CPSE harmonization mapping supported by Phase 7 human review ACCEPT on candidate CAN-028501 with cryptographic evidence hash ...,CAN-028501,VALIDATED_COMPATIBLE,ACCEPT,,PIPE_FITTING|FLANGE|STAINLESS_STEEL|SS_316L|DN_50|DN_50|ASME_B165|EPOXY_COATED
d435e115-f798-5acf-9cb8-4e3a8972c854,SAIL,SAIL-300131,"STORES ITEM SOCKET HEAD SCREW, Grade 8.8, SIZE M16 x 65 150#",CMM-FASTNR-62EDAB-001,CMM-FASTNR-62EDAB-001,MAPPED_STANDALONE,STANDALONE,1.0,STANDALONE_IDENTITY,STANDALONE_CANONICAL_SYNTHESIS,1-to-1 deterministic identity mapping to governed Phase 8 standalone CMM candidate. Does not imply cross-CPSE equivalence or harmonization.,,,,,FASTENER|GRADE_88|M16_X_65|65_MM|ASME_B182
9c360cce-7777-5f4b-9ce0-c64c02ad84ef,SAIL,SAIL-300132,IND.CHECK VALVE 4 in WCB 300#,CMM-VALVE-EBCC19-001,CMM-VALVE-EBCC19-001,MAPPED_VERIFIED,DIRECT_ACCEPTED,1.0,VERIFIED_CROSS_CPSE,HUMAN_ACCEPTED_HARMONIZATION,Verified cross-CPSE harmonization mapping supported by Phase 7 human review ACCEPT on candidate CAN-029041 with cryptographic evidence hash ...,CAN-029041,VALIDATED_COMPATIBLE,ACCEPT,,VALVE|CHECK_VALVE|ASTM_A216_WCB|4_IN|4_IN
8d040214-57f1-58da-a1df-bae055b3e0d6,SAIL,SAIL-300133,SPARE-O-Ring 600# PTFE 100 mm,CMM-SEALG-C73A59-001,CMM-SEALG-C73A59-001,MAPPED_VERIFIED,DIRECT_ACCEPTED,1.0,VERIFIED_CROSS_CPSE,HUMAN_ACCEPTED_HARMONIZATION,Verified cross-CPSE harmonization mapping supported by Phase 7 human review ACCEPT on candidate CAN-029221 with cryptographic evidence hash ...,CAN-029221,VALIDATED_COMPATIBLE,ACCEPT,,SEAL_GASKET|PTFE|100_MM|100_MM|ASME_B1620|PTFE
34c11bf5-8119-536e-ac71-f058cd8bec1b,SAIL,SAIL-300134,Anchor Bolt 150# Grade 8.8 M12 x 50,CMM-FASTNR-51DD5C-001,CMM-FASTNR-51DD5C-001,MAPPED_STANDALONE,STANDALONE,1.0,STANDALONE_IDENTITY,STANDALONE_CANONICAL_SYNTHESIS,1-to-1 deterministic identity mapping to governed Phase 8 standalone CMM candidate. Does not imply cross-CPSE equivalence or harmonization.,,,,,FASTENER|BOLT|GRADE_88|M12_X_50|50_MM
bfd9606d-51f1-5425-82e5-026f73882a4a,SAIL,SAIL-300135,3C x 95 sq mm Distribution Transformer - XLPE Insulated 300#,CMM-ELECTR-5E9127-001,CMM-ELECTR-5E9127-001,MAPPED_VERIFIED,DIRECT_ACCEPTED,1.0,VERIFIED_CROSS_CPSE,HUMAN_ACCEPTED_HARMONIZATION,Verified cross-CPSE harmonization mapping supported by Phase 7 human review ACCEPT on candidate CAN-030121 with cryptographic evidence hash ...,CAN-030121,VALIDATED_COMPATIBLE,ACCEPT,,ELECTRICAL|XLPE|XLPE_INSULATED|3C_X_95_SQ_MM|IS_7098
8af4d577-c697-59f5-8a92-0abc06a317ca,SAIL,SAIL-300136,"STORES ITEM Induction Motor, Aluminium, SIZE 3C x 95 sq mm 150#",CMM-ELECTR-707C05-001,CMM-ELECTR-707C05-001,MAPPED_VERIFIED,DIRECT_ACCEPTED,1.0,VERIFIED_CROSS_CPSE,HUMAN_ACCEPTED_HARMONIZATION,Verified cross-CPSE harmonization mapping supported by Phase 7 human review ACCEPT on candidate CAN-030181 with cryptographic evidence hash ...,CAN-030181,VALIDATED_COMPATIBLE,ACCEPT,,ELECTRICAL|ALUMINIUM|3C_X_95_SQ_MM|1000_M|IEC_60502
ac593442-a421-5509-8791-6478804fbb18,SAIL,SAIL-300137,IND.Induction Motor 3C x 95 sq mm Aluminium 150#,CMM-ELECTR-76536F-001,CMM-ELECTR-76536F-001,MAPPED_VERIFIED,DIRECT_ACCEPTED,1.0,VERIFIED_CROSS_CPSE,HUMAN_ACCEPTED_HARMONIZATION,Verified cross-CPSE harmonization mapping supported by Phase 7 human review ACCEPT on candidate CAN-030781 with cryptographic evidence hash ...,CAN-030781,VALIDATED_COMPATIBLE,ACCEPT,,ELECTRICAL|ALUMINIUM|3C_X_95_SQ_MM|500_M|IS_7098
3d413546-a392-52bf-ba7d-cb8f8066067c,SAIL,SAIL-300138,SPARE-415V 100A XLPE CABLE - XLPE Insulated 600#,CMM-ELECTR-CFAB35-001,CMM-ELECTR-CFAB35-001,MAPPED_VERIFIED,DIRECT_ACCEPTED,1.0,VERIFIED_CROSS_CPSE,HUMAN_ACCEPTED_HARMONIZATION,Verified cross-CPSE harmonization mapping supported by Phase 7 human review ACCEPT on candidate CAN-031141 with cryptographic evidence hash ...,CAN-031141,VALIDATED_COMPATIBLE,ACCEPT,,ELECTRICAL|CABLE|XLPE|XLPE_INSULATED|415V_100A|100_M|IS_13947
bc4b7917-db57-57cc-98d5-c25f651e967a,SAIL,SAIL-300139,IND.GEAR PUMP DN 80 Alloy Steel 600#,CMM-PUMP-BFB563-001,CMM-PUMP-BFB563-001,MAPPED_STANDALONE,STANDALONE,1.0,STANDALONE_IDENTITY,STANDALONE_CANONICAL_SYNTHESIS,1-to-1 deterministic identity mapping to governed Phase 8 standalone CMM candidate. Does not imply cross-CPSE equivalence or harmonization.,,,,,PUMP|ALLOY_STEEL|DN_80|DN_80|API_610
22b4bca9-cd13-57fb-a124-b7ab0d11955a,SAIL,SAIL-300140,SPARE-O-RING 150# NBR 2 in,CMM-SEALG-E00177-001,CMM-SEALG-E00177-001,REVIEW_REQUIRED,DIRECT_ACCEPTED,0.6,REVIEW_REQUIRED,AMBIGUOUS_ATTRIBUTE_HOLD,Attribute ambiguity in upstream candidate group; human review required.,,REVIEW_REQUIRED,,,SEAL_GASKET|NBR|2_IN|API_682
1427cccd-605b-51fa-b62f-ecd99cefaefd,SAIL,SAIL-300141,"SPARE-Oil Seal, PTFE, SIZE 50 mm 600#",CMM-SEALG-928895-001,CMM-SEALG-928895-001,MAPPED_VERIFIED,DIRECT_ACCEPTED,1.0,VERIFIED_CROSS_CPSE,HUMAN_ACCEPTED_HARMONIZATION,Verified cross-CPSE harmonization mapping supported by Phase 7 human review ACCEPT on candidate CAN-032041 with cryptographic evidence hash ...,CAN-032041,VALIDATED_COMPATIBLE,ACCEPT,,SEAL_GASKET|LUBRICANT|PTFE|50_MM|PTFE
2fedd0f1-e2a2-5ea1-981b-4777cfaf65e7,SAIL,SAIL-300142,IND.BV 300# WCB 6 in,CMM-VALVE-B10C94-001,CMM-VALVE-B10C94-001,MAPPED_VERIFIED,DIRECT_ACCEPTED,1.0,VERIFIED_CROSS_CPSE,HUMAN_ACCEPTED_HARMONIZATION,Verified cross-CPSE harmonization mapping supported by Phase 7 human review ACCEPT on candidate CAN-032701 with cryptographic evidence hash ...,CAN-032701,VALIDATED_COMPATIBLE,ACCEPT,,VALVE|BALL_VALVE|ASTM_A216_WCB|6_IN|API_600|PTFE_LINED
cef61522-ca7e-595c-b3e2-0025dd636785,SAIL,SAIL-300143,IND.0-100 bar RTD SENSOR - Brass 300#,CMM-INSTRU-5F3CF8-001,CMM-INSTRU-5F3CF8-001,MAPPED_VERIFIED,DIRECT_ACCEPTED,1.0,VERIFIED_CROSS_CPSE,HUMAN_ACCEPTED_HARMONIZATION,Verified cross-CPSE harmonization mapping supported by Phase 7 human review ACCEPT on candidate CAN-032761 with cryptographic evidence hash ...,CAN-032761,VALIDATED_COMPATIBLE,ACCEPT,,INSTRUMENTATION|BRASS|0_100_BAR
afd8be9a-fb3c-5a38-9ec9-6873c920065f,SAIL,SAIL-300144,SPARE-SWITCHGEAR PANEL 4C x 25 sq mm Aluminium 600#,CMM-ELECTR-D852DA-001,CMM-ELECTR-D852DA-001,MAPPED_VERIFIED,DIRECT_ACCEPTED,1.0,VERIFIED_CROSS_CPSE,HUMAN_ACCEPTED_HARMONIZATION,Verified cross-CPSE harmonization mapping supported by Phase 7 human review ACCEPT on candidate CAN-032941 with cryptographic evidence hash ...,CAN-032941,VALIDATED_COMPATIBLE,ACCEPT,,ELECTRICAL|ALUMINIUM|4C_X_25_SQ_MM|IS_13947
e6b54439-9e40-584a-847c-e345f601f9dc,SAIL,SAIL-300145,IND.Mechanical Seal 65 mm Graphite 300#,CMM-SEALG-747B98-001,CMM-SEALG-747B98-001,MAPPED_VERIFIED,DIRECT_ACCEPTED,1.0,VERIFIED_CROSS_CPSE,HUMAN_ACCEPTED_HARMONIZATION,Verified cross-CPSE harmonization mapping supported by Phase 7 human review ACCEPT on candidate CAN-033181 with cryptographic evidence hash ...,CAN-033181,VALIDATED_COMPATIBLE,ACCEPT,,SEAL_GASKET|GRAPHITE|65_MM|65_MM|API_682
740cc16d-0c40-53b5-acea-3aaf6e65f684,SAIL,SAIL-300146,STORES ITEM DN 100 Ball Valve - ASTM A351 CF8M 300#,CMM-VALVE-64A03A-001,CMM-VALVE-64A03A-001,MAPPED_STANDALONE,STANDALONE,1.0,STANDALONE_IDENTITY,STANDALONE_CANONICAL_SYNTHESIS,1-to-1 deterministic identity mapping to governed Phase 8 standalone CMM candidate. Does not imply cross-CPSE equivalence or harmonization.,,,,,VALVE|BALL_VALVE|ASTM_A351_CF8M|DN_100|DN_100|ASME_B1634|GALVANIZED
0066e699-9444-5225-ae98-6591770b6dcd,SAIL,SAIL-300147,Flange DN 80 Alloy Steel 150#,CMM-PIPEF-19443B-001,CMM-PIPEF-19443B-001,MAPPED_STANDALONE,STANDALONE,1.0,STANDALONE_IDENTITY,STANDALONE_CANONICAL_SYNTHESIS,1-to-1 deterministic identity mapping to governed Phase 8 standalone CMM candidate. Does not imply cross-CPSE equivalence or harmonization.,,,,,PIPE_FITTING|FLANGE|ALLOY_STEEL|DN_80|3_M|DN_80|IS_1239|EPOXY_COATED
7420daee-011a-50cd-9f55-e274a455944f,SAIL,SAIL-300148,SPARE-INDUCTION MOTOR 150# Copper 3C x 95 sq mm,CMM-ELECTR-FD0485-001,CMM-ELECTR-FD0485-001,MAPPED_VERIFIED,DIRECT_ACCEPTED,1.0,VERIFIED_CROSS_CPSE,HUMAN_ACCEPTED_HARMONIZATION,Verified cross-CPSE harmonization mapping supported by Phase 7 human review ACCEPT on candidate CAN-033781 with cryptographic evidence hash ...,CAN-033781,VALIDATED_COMPATIBLE,ACCEPT,,ELECTRICAL|COPPER|3C_X_95_SQ_MM|100_M|IS_7098
a6b8b554-61a0-5661-b2e8-3291e55ee5ac,SAIL,SAIL-300149,SPARE-2 in Gate Valve - SS316 300#,CMM-VALVE-992A07-001,CMM-VALVE-992A07-001,MAPPED_STANDALONE,STANDALONE,1.0,STANDALONE_IDENTITY,STANDALONE_CANONICAL_SYNTHESIS,1-to-1 deterministic identity mapping to governed Phase 8 standalone CMM candidate. Does not imply cross-CPSE equivalence or harmonization.,,,,,VALVE|GATE_VALVE|STAINLESS_STEEL|SS_316|2_IN|API_598
5e2ec33c-649c-583d-814c-c067d5227d05,SAIL,SAIL-300150,1C x 300 sq mm CIRCUIT BREAKER - Aluminium 600#,CMM-ELECTR-94DDC0-001,CMM-ELECTR-94DDC0-001,MAPPED_VERIFIED,DIRECT_ACCEPTED,1.0,VERIFIED_CROSS_CPSE,HUMAN_ACCEPTED_HARMONIZATION,Verified cross-CPSE harmonization mapping supported by Phase 7 human review ACCEPT on candidate CAN-034741 with cryptographic evidence hash ...,CAN-034741,VALIDATED_COMPATIBLE,ACCEPT,,ELECTRICAL|ALUMINIUM|1C_X_300_SQ_MM|500_M|IEC_60502
1754d8c7-9f9c-5419-ae57-1dad0e49a7c7,SAIL,SAIL-300151,RECIPROCATING PUMP DN 100 Cast Iron 150#,CMM-PUMP-D06965-001,CMM-PUMP-D06965-001,MAPPED_VERIFIED,DIRECT_ACCEPTED,1.0,VERIFIED_CROSS_CPSE,HUMAN_ACCEPTED_HARMONIZATION,Verified cross-CPSE harmonization mapping supported by Phase 7 human review ACCEPT on candidate CAN-035103 with cryptographic evidence hash ...,CAN-035103,VALIDATED_COMPATIBLE,ACCEPT,,PUMP|CAST_IRON|DN_100|DN_100|ISO_2858|CAST
cd8c178c-2253-58ba-b3a5-5350f5f7490e,SAIL,SAIL-300152,"STORES ITEM FLAT WASHER, Alloy Steel, SIZE M24 x 100 300#",CMM-FASTNR-6342F2-001,CMM-FASTNR-6342F2-001,MAPPED_STANDALONE,STANDALONE,1.0,STANDALONE_IDENTITY,STANDALONE_CANONICAL_SYNTHESIS,1-to-1 deterministic identity mapping to governed Phase 8 standalone CMM candidate. Does not imply cross-CPSE equivalence or harmonization.,,,,,FASTENER|WASHER|ALLOY_STEEL|M24_X_100|100_MM|ASME_B182
fc1351b0-0001-5e9c-944b-de639b61e309,SAIL,SAIL-300153,SPARE-6304 Thrust Bearing - Chrome Steel 150#,CMM-BEARNG-A353C8-001,CMM-BEARNG-A353C8-001,MAPPED_VERIFIED,DIRECT_ACCEPTED,1.0,VERIFIED_CROSS_CPSE,HUMAN_ACCEPTED_HARMONIZATION,Verified cross-CPSE harmonization mapping supported by Phase 7 human review ACCEPT on candidate CAN-036001 with cryptographic evidence hash ...,CAN-036001,VALIDATED_COMPATIBLE,ACCEPT,,BEARING|CHROME_STEEL|CHROME_STEEL|6304
a7006ebd-8274-5fcb-a966-22feb81a6075,SAIL,SAIL-300154,"CENT. PUMP, Duplex Steel, SIZE DN 100 150#",CMM-PUMP-CD436E-001,CMM-PUMP-CD436E-001,MAPPED_VERIFIED,DIRECT_ACCEPTED,1.0,VERIFIED_CROSS_CPSE,HUMAN_ACCEPTED_HARMONIZATION,Verified cross-CPSE harmonization mapping supported by Phase 7 human review ACCEPT on candidate CAN-036241 with cryptographic evidence hash ...,CAN-036241,VALIDATED_COMPATIBLE,ACCEPT,,PUMP|CENTRIFUGAL_PUMP|DUPLEX_STEEL|DN_100|IS_1520
e82208be-62b3-560d-89f8-138cccd7b62c,SAIL,SAIL-300155,DN 100 Reciprocating Pump - Cast Iron 600#,CMM-PUMP-173478-001,CMM-PUMP-173478-001,MAPPED_VERIFIED,DIRECT_ACCEPTED,1.0,VERIFIED_CROSS_CPSE,HUMAN_ACCEPTED_HARMONIZATION,Verified cross-CPSE harmonization mapping supported by Phase 7 human review ACCEPT on candidate CAN-036303 with cryptographic evidence hash ...,CAN-036303,VALIDATED_COMPATIBLE,ACCEPT,,PUMP|CAST_IRON|DN_100|API_610|CAST
627d490d-a716-5928-8d77-8fe2cad91d62,SAIL,SAIL-300156,"Seamless Pipe, Carbon Steel, SIZE 6 in 150#",CMM-PIPEF-85C204-001,CMM-PIPEF-85C204-001,MAPPED_STANDALONE,STANDALONE,1.0,STANDALONE_IDENTITY,STANDALONE_CANONICAL_SYNTHESIS,1-to-1 deterministic identity mapping to governed Phase 8 standalone CMM candidate. Does not imply cross-CPSE equivalence or harmonization.,,,,,PIPE_FITTING|PIPE|CARBON_STEEL|CARBON_STEEL|6_IN|6_IN|ASME_B169|EPOXY_COATED|SEAMLESS
2b820163-6505-5648-a576-e27d67d1f7cb,SAIL,SAIL-300157,REDUCER 600# Alloy Steel 2 in,CMM-PIPEF-A260FE-001,CMM-PIPEF-A260FE-001,MAPPED_STANDALONE,STANDALONE,1.0,STANDALONE_IDENTITY,STANDALONE_CANONICAL_SYNTHESIS,1-to-1 deterministic identity mapping to governed Phase 8 standalone CMM candidate. Does not imply cross-CPSE equivalence or harmonization.,,,,,PIPE_FITTING|ALLOY_STEEL|2_IN|1000_MM|150_MM|IS_1239
3b776e7a-7674-5a7c-9b3f-ad81d76af87b,SAIL,SAIL-300158,"WELDED PIPE, Alloy Steel, SIZE DN 80 600#",CMM-PIPEF-019229-001,CMM-PIPEF-019229-001,MAPPED_STANDALONE,STANDALONE,1.0,STANDALONE_IDENTITY,STANDALONE_CANONICAL_SYNTHESIS,1-to-1 deterministic identity mapping to governed Phase 8 standalone CMM candidate. Does not imply cross-CPSE equivalence or harmonization.,,,,,PIPE_FITTING|PIPE|ALLOY_STEEL|DN_80|6_M|80_MM|ASME_B169|GALVANIZED|WELDED
65425f83-941f-56c8-a22c-bfc347b131e6,SAIL,SAIL-300159,IND.HEX NUT 600# Carbon Steel M12 x 50,CMM-FASTNR-FC2A6B-001,CMM-FASTNR-FC2A6B-001,MAPPED_STANDALONE,STANDALONE,1.0,STANDALONE_IDENTITY,STANDALONE_CANONICAL_SYNTHESIS,1-to-1 deterministic identity mapping to governed Phase 8 standalone CMM candidate. Does not imply cross-CPSE equivalence or harmonization.,,,,,FASTENER|NUT|HEX|CARBON_STEEL|CARBON_STEEL|M12_X_50|50_MM|ASTM_A193
fd261c21-1a00-5b9c-9d1d-9339d4f70eaf,SAIL,SAIL-300160,"SPARE-Taper Roller Bearing, AISI 52100, SIZE 6408 600#",CMM-BEARNG-D5796C-001,CMM-BEARNG-D5796C-001,REVIEW_REQUIRED,DIRECT_ACCEPTED,0.6,REVIEW_REQUIRED,AMBIGUOUS_ATTRIBUTE_HOLD,Attribute ambiguity in upstream candidate group; human review required.,,REVIEW_REQUIRED,,,BEARING|AISI_52100|6408|ISO_15
92c4ed30-9a83-5333-96ba-0e27e8ca75ab,SAIL,SAIL-300161,STORES ITEM CENT. PUMP DN 80 Duplex Steel 600#,CMM-PUMP-C40088-001,CMM-PUMP-C40088-001,MAPPED_VERIFIED,DIRECT_ACCEPTED,1.0,VERIFIED_CROSS_CPSE,HUMAN_ACCEPTED_HARMONIZATION,Verified cross-CPSE harmonization mapping supported by Phase 7 human review ACCEPT on candidate CAN-037681 with cryptographic evidence hash ...,CAN-037681,VALIDATED_COMPATIBLE,ACCEPT,,PUMP|CENTRIFUGAL_PUMP|DUPLEX_STEEL|DN_80|DN_80|ISO_2858
1cfe023c-00ca-58f0-a61f-5d521a8e1750,SAIL,SAIL-300162,Centrifugal Pump DN 100 Carbon Steel 150#,CMM-PUMP-FFED79-001,CMM-PUMP-FFED79-001,MAPPED_STANDALONE,STANDALONE,1.0,STANDALONE_IDENTITY,STANDALONE_CANONICAL_SYNTHESIS,1-to-1 deterministic identity mapping to governed Phase 8 standalone CMM candidate. Does not imply cross-CPSE equivalence or harmonization.,,,,,PUMP|CENTRIFUGAL_PUMP|CARBON_STEEL|CARBON_STEEL|DN_100|DN_100|API_610|PTFE_LINED
4bf7ae25-3940-518f-afb3-1caa35e490c3,SAIL,SAIL-300163,IND.Pressure Gauge 0-500 Deg C SS304 600#,CMM-INSTRU-85D49D-001,CMM-INSTRU-85D49D-001,MAPPED_STANDALONE,STANDALONE,1.0,STANDALONE_IDENTITY,STANDALONE_CANONICAL_SYNTHESIS,1-to-1 deterministic identity mapping to governed Phase 8 standalone CMM candidate. Does not imply cross-CPSE equivalence or harmonization.,,,,,INSTRUMENTATION|PRESSURE_GAUGE|STAINLESS_STEEL|SS_304|0_500_DEG_C|IEC_60529
40cda312-ffe7-5da9-86d3-e2703481eefe,SAIL,SAIL-300164,SWITCHGEAR PANEL 600# Aluminium 415V 100A,CMM-ELECTR-42D24C-001,CMM-ELECTR-42D24C-001,REVIEW_REQUIRED,DIRECT_ACCEPTED,0.6,REVIEW_REQUIRED,AMBIGUOUS_ATTRIBUTE_HOLD,Attribute ambiguity in upstream candidate group; human review required.,,REVIEW_REQUIRED,,,ELECTRICAL|ALUMINIUM|415V_100A|500_M|IEC_60502
7e684a85-d0a5-5f92-a66f-358ef5729ce3,SAIL,SAIL-300165,"STORES ITEM HX BOLT, Grade 8.8, SIZE M20 x 80 300#",CMM-FASTNR-874628-001,CMM-FASTNR-874628-001,MAPPED_STANDALONE,STANDALONE,1.0,STANDALONE_IDENTITY,STANDALONE_CANONICAL_SYNTHESIS,1-to-1 deterministic identity mapping to governed Phase 8 standalone CMM candidate. Does not imply cross-CPSE equivalence or harmonization.,,,,,FASTENER|BOLT|GRADE_88|M20_X_80|80_MM|IS_1367
882e7d01-fb25-5102-b715-d69dcaf15a4c,SAIL,SAIL-300166,DN 50 Check Valve - ASTM A351 CF8M 300#,CMM-VALVE-954F72-001,CMM-VALVE-954F72-001,MAPPED_STANDALONE,STANDALONE,1.0,STANDALONE_IDENTITY,STANDALONE_CANONICAL_SYNTHESIS,1-to-1 deterministic identity mapping to governed Phase 8 standalone CMM candidate. Does not imply cross-CPSE equivalence or harmonization.,,,,,VALVE|CHECK_VALVE|ASTM_A351_CF8M|DN_50|API_600
c01d05b6-d654-5460-bf60-43935c530c94,SAIL,SAIL-300167,IND.4C x 25 sq mm DISTRIBUTION TRANSFORMER - XLPE Insulated 300#,CMM-ELECTR-07DFFB-001,CMM-ELECTR-07DFFB-001,MAPPED_VERIFIED,DIRECT_ACCEPTED,1.0,VERIFIED_CROSS_CPSE,HUMAN_ACCEPTED_HARMONIZATION,Verified cross-CPSE harmonization mapping supported by Phase 7 human review ACCEPT on candidate CAN-038281 with cryptographic evidence hash ...,CAN-038281,VALIDATED_COMPATIBLE,ACCEPT,,ELECTRICAL|XLPE|XLPE_INSULATED|4C_X_25_SQ_MM|IEC_60502
78c7429d-40ab-58fa-b101-20d083e987c9,SAIL,SAIL-300168,IND.PRESSURE GAUGE 600# Polycarbonate 0-500 Deg C,CMM-INSTRU-0E74F1-001,CMM-INSTRU-0E74F1-001,MAPPED_VERIFIED,DIRECT_ACCEPTED,1.0,VERIFIED_CROSS_CPSE,HUMAN_ACCEPTED_HARMONIZATION,Verified cross-CPSE harmonization mapping supported by Phase 7 human review ACCEPT on candidate CAN-038821 with cryptographic evidence hash ...,CAN-038821,VALIDATED_COMPATIBLE,ACCEPT,,INSTRUMENTATION|PRESSURE_GAUGE|POLYCARBONATE|0_500_DEG_C|IEC_60529
c975c513-e0e3-5110-88a8-17bd057cb447,SAIL,SAIL-300169,Anchor Bolt M10 x 40 Grade 10.9 600#,CMM-FASTNR-AE173B-001,CMM-FASTNR-AE173B-001,MAPPED_STANDALONE,STANDALONE,1.0,STANDALONE_IDENTITY,STANDALONE_CANONICAL_SYNTHESIS,1-to-1 deterministic identity mapping to governed Phase 8 standalone CMM candidate. Does not imply cross-CPSE equivalence or harmonization.,,,,,FASTENER|BOLT|GRADE_109|M10_X_40|40_MM|ASME_B182
e3646ea9-680e-55de-b81d-ade94b570c17,SAIL,SAIL-300170,Welded Pipe 6 in IS 2062 300#,CMM-PIPEF-A7BB01-001,CMM-PIPEF-A7BB01-001,MAPPED_VERIFIED,DIRECT_ACCEPTED,1.0,VERIFIED_CROSS_CPSE,HUMAN_ACCEPTED_HARMONIZATION,Verified cross-CPSE harmonization mapping supported by Phase 7 human review ACCEPT on candidate CAN-039121 with cryptographic evidence hash ...,CAN-039121,VALIDATED_COMPATIBLE,ACCEPT,,PIPE_FITTING|PIPE|IS_2062|6_IN|200_MM|IS_1239|GALVANIZED|WELDED
56331179-ffa0-58c4-b15d-85e465c90901,SAIL,SAIL-300171,IND.SWITCHGEAR PANEL 3C x 95 sq mm Aluminium 300#,CMM-ELECTR-BF7F37-001,CMM-ELECTR-BF7F37-001,MAPPED_VERIFIED,DIRECT_ACCEPTED,1.0,VERIFIED_CROSS_CPSE,HUMAN_ACCEPTED_HARMONIZATION,Verified cross-CPSE harmonization mapping supported by Phase 7 human review ACCEPT on candidate CAN-039181 with cryptographic evidence hash ...,CAN-039181,VALIDATED_COMPATIBLE,ACCEPT,,ELECTRICAL|ALUMINIUM|3C_X_95_SQ_MM|1000_M|IS_2026
06d9c7c8-68d5-53b5-b0bf-f5913c3a90ee,SAIL,SAIL-300172,SPARE-Taper Roller Bearing 6304 Stainless Steel 600#,CMM-BEARNG-BE8172-001,CMM-BEARNG-BE8172-001,MAPPED_VERIFIED,DIRECT_ACCEPTED,1.0,VERIFIED_CROSS_CPSE,HUMAN_ACCEPTED_HARMONIZATION,Verified cross-CPSE harmonization mapping supported by Phase 7 human review ACCEPT on candidate CAN-039601 with cryptographic evidence hash ...,CAN-039601,VALIDATED_COMPATIBLE,ACCEPT,,BEARING|STAINLESS_STEEL|STAINLESS_STEEL|6304
89dd3a24-3168-5e56-a755-99aa4243679f,SAIL,SAIL-300173,INDUCTION MOTOR 150# Copper 3C x 95 sq mm,CMM-ELECTR-5540AC-001,CMM-ELECTR-5540AC-001,MAPPED_VERIFIED,DIRECT_ACCEPTED,1.0,VERIFIED_CROSS_CPSE,HUMAN_ACCEPTED_HARMONIZATION,Verified cross-CPSE harmonization mapping supported by Phase 7 human review ACCEPT on candidate CAN-039721 with cryptographic evidence hash ...,CAN-039721,VALIDATED_COMPATIBLE,ACCEPT,,ELECTRICAL|COPPER|3C_X_95_SQ_MM|IS_13947
12499e73-cae3-50ed-b13b-acdbc2edbaf7,SAIL,SAIL-300174,SPARE-DN 100 SUBMERSIBLE PUMP - Alloy Steel 150#,CMM-PUMP-385649-001,CMM-PUMP-385649-001,MAPPED_STANDALONE,STANDALONE,1.0,STANDALONE_IDENTITY,STANDALONE_CANONICAL_SYNTHESIS,1-to-1 deterministic identity mapping to governed Phase 8 standalone CMM candidate. Does not imply cross-CPSE equivalence or harmonization.,,,,,PUMP|ALLOY_STEEL|DN_100|DN_100|ISO_2858
386c3f77-0746-50e1-a167-ab7626f97667,SAIL,SAIL-300175,"STORES ITEM Socket Head Screw, Grade 8.8, SIZE M16 x 65 300#",CMM-FASTNR-AE7085-001,CMM-FASTNR-AE7085-001,MAPPED_STANDALONE,STANDALONE,1.0,STANDALONE_IDENTITY,STANDALONE_CANONICAL_SYNTHESIS,1-to-1 deterministic identity mapping to governed Phase 8 standalone CMM candidate. Does not imply cross-CPSE equivalence or harmonization.,,,,,FASTENER|GRADE_88|M16_X_65|65_MM|ZINC_PLATED
21191284-ffcb-5c3a-a234-3ffac2d06b4e,SAIL,SAIL-300176,IND.6408 TAPER ROLLER BEARING - AISI 52100 300#,CMM-BEARNG-D5796C-001,CMM-BEARNG-D5796C-001,REVIEW_REQUIRED,DIRECT_ACCEPTED,0.6,REVIEW_REQUIRED,AMBIGUOUS_ATTRIBUTE_HOLD,Attribute ambiguity in upstream candidate group; human review required.,,REVIEW_REQUIRED,,,BEARING|AISI_52100|6408|ISO_15
04750cf2-1360-58c9-bb67-5b95aaab4d99,SAIL,SAIL-300177,"IND.Temperature Transmitter, Brass, SIZE 4-20 mA 300#",CMM-INSTRU-746A35-001,CMM-INSTRU-746A35-001,REVIEW_REQUIRED,DIRECT_ACCEPTED,0.6,REVIEW_REQUIRED,AMBIGUOUS_ATTRIBUTE_HOLD,Attribute ambiguity in upstream candidate group; human review required.,,REVIEW_REQUIRED,,,INSTRUMENTATION|BRASS|4_20_MA
af684503-4b66-5a47-95dd-402593595bf1,SAIL,SAIL-300178,22208 Thrust Bearing - Stainless Steel 600#,CMM-BEARNG-52104E-001,CMM-BEARNG-52104E-001,REVIEW_REQUIRED,DIRECT_ACCEPTED,0.6,REVIEW_REQUIRED,AMBIGUOUS_ATTRIBUTE_HOLD,Attribute ambiguity in upstream candidate group; human review required.,,REVIEW_REQUIRED,,,BEARING|STAINLESS_STEEL|STAINLESS_STEEL|22208
fb7f3477-7211-5ff7-adb3-91bf9fea3e3a,SAIL,SAIL-300179,"Centrifugal Pump, Carbon Steel, SIZE DN 100 300#",CMM-PUMP-3EE269-001,CMM-PUMP-3EE269-001,MAPPED_STANDALONE,STANDALONE,1.0,STANDALONE_IDENTITY,STANDALONE_CANONICAL_SYNTHESIS,1-to-1 deterministic identity mapping to governed Phase 8 standalone CMM candidate. Does not imply cross-CPSE equivalence or harmonization.,,,,,PUMP|CENTRIFUGAL_PUMP|CARBON_STEEL|CARBON_STEEL|DN_100|ISO_2858
93766617-a775-5331-bb62-cada691ef5be,SAIL,SAIL-300180,STORES ITEM TEMPERATURE TRANSMITTER 1/2 in NPT SS316 300#,CMM-INSTRU-E82054-001,CMM-INSTRU-E82054-001,REVIEW_REQUIRED,DIRECT_ACCEPTED,0.6,REVIEW_REQUIRED,AMBIGUOUS_ATTRIBUTE_HOLD,Attribute ambiguity in upstream candidate group; human review required.,,REVIEW_REQUIRED,,,INSTRUMENTATION|STAINLESS_STEEL|SS_316|1_2_IN_NPT|IEC_60529
c86fbe29-010a-5438-9340-6af419ae6fe0,SAIL,SAIL-300181,IND.PUMP CENTRIF 150# SS316 3 in x 2 in,CMM-PUMP-A2E964-001,CMM-PUMP-A2E964-001,MAPPED_STANDALONE,STANDALONE,1.0,STANDALONE_IDENTITY,STANDALONE_CANONICAL_SYNTHESIS,1-to-1 deterministic identity mapping to governed Phase 8 standalone CMM candidate. Does not imply cross-CPSE equivalence or harmonization.,,,,,PUMP|CENTRIFUGAL_PUMP|STAINLESS_STEEL|SS_316|3_IN_X_2_IN|ISO_2858|PTFE_LINED
4c5db898-3a99-5cee-94c6-971e6df91b3d,SAIL,SAIL-300182,CIRCUIT BREAKER 3C x 95 sq mm XLPE Insulated 300#,CMM-ELECTR-609134-001,CMM-ELECTR-609134-001,MAPPED_VERIFIED,DIRECT_ACCEPTED,1.0,VERIFIED_CROSS_CPSE,HUMAN_ACCEPTED_HARMONIZATION,Verified cross-CPSE harmonization mapping supported by Phase 7 human review ACCEPT on candidate CAN-041585 with cryptographic evidence hash ...,CAN-041585,VALIDATED_COMPATIBLE,ACCEPT,,ELECTRICAL|XLPE|XLPE_INSULATED|3C_X_95_SQ_MM|100_M|IS_2026
c55c57d3-91bd-5b9f-9803-e4d00ebc7eab,SAIL,SAIL-300183,"SPARE-MECHANICAL SEAL, Viton, SIZE 2 in 300#",CMM-SEALG-948B2B-001,CMM-SEALG-948B2B-001,MAPPED_VERIFIED,DIRECT_ACCEPTED,1.0,VERIFIED_CROSS_CPSE,HUMAN_ACCEPTED_HARMONIZATION,Verified cross-CPSE harmonization mapping supported by Phase 7 human review ACCEPT on candidate CAN-042301 with cryptographic evidence hash ...,CAN-042301,VALIDATED_COMPATIBLE,ACCEPT,,SEAL_GASKET|VITON|2_IN|2_IN|API_682
58bad81e-6905-5bb3-a28d-ecb29e6a86cf,SAIL,SAIL-300184,SWITCHGEAR PANEL 415V 100A Copper 600#,CMM-ELECTR-E728FA-001,CMM-ELECTR-E728FA-001,REVIEW_REQUIRED,DIRECT_ACCEPTED,0.6,REVIEW_REQUIRED,AMBIGUOUS_ATTRIBUTE_HOLD,Attribute ambiguity in upstream candidate group; human review required.,,REVIEW_REQUIRED,,,ELECTRICAL|COPPER|415V_100A|100_M|IS_13947
2a5c7446-9dfd-5a15-a2ca-4a9f781c58d3,SAIL,SAIL-300185,"SPARE-SUBMERSIBLE PUMP, Duplex Steel, SIZE DN 80 150#",CMM-PUMP-824C56-001,CMM-PUMP-824C56-001,MAPPED_VERIFIED,DIRECT_ACCEPTED,1.0,VERIFIED_CROSS_CPSE,HUMAN_ACCEPTED_HARMONIZATION,Verified cross-CPSE harmonization mapping supported by Phase 7 human review ACCEPT on candidate CAN-043021 with cryptographic evidence hash ...,CAN-043021,VALIDATED_COMPATIBLE,ACCEPT,,PUMP|DUPLEX_STEEL|DN_80|IS_1520
e967167d-1b0f-581d-95c9-8122cf728715,SAIL,SAIL-300186,M10 x 40 Hex Bolt - Grade 10.9 300#,CMM-FASTNR-528678-001,CMM-FASTNR-528678-001,MAPPED_STANDALONE,STANDALONE,1.0,STANDALONE_IDENTITY,STANDALONE_CANONICAL_SYNTHESIS,1-to-1 deterministic identity mapping to governed Phase 8 standalone CMM candidate. Does not imply cross-CPSE equivalence or harmonization.,,,,,FASTENER|BOLT|HEX|GRADE_109|M10_X_40|40_MM|ASME_B182|ZINC_PLATED
aca682c9-1e79-5ffb-a5f6-64f5cf810f84,SAIL,SAIL-300187,STORES ITEM RUBBER GASKET 150# NBR 50 mm,CMM-SEALG-F9CB6E-001,CMM-SEALG-F9CB6E-001,MAPPED_VERIFIED,DIRECT_ACCEPTED,1.0,VERIFIED_CROSS_CPSE,HUMAN_ACCEPTED_HARMONIZATION,Verified cross-CPSE harmonization mapping supported by Phase 7 human review ACCEPT on candidate CAN-043141 with cryptographic evidence hash ...,CAN-043141,VALIDATED_COMPATIBLE,ACCEPT,,SEAL_GASKET|NBR|50_MM|50_MM|ASME_B1620|RUBBER
77a986f4-702d-5ee4-a509-658920ab4c68,SAIL,SAIL-300188,IND.RUBBER GASKET 150# Graphite 50 mm,CMM-SEALG-99E573-001,CMM-SEALG-99E573-001,MAPPED_VERIFIED,DIRECT_ACCEPTED,1.0,VERIFIED_CROSS_CPSE,HUMAN_ACCEPTED_HARMONIZATION,Verified cross-CPSE harmonization mapping supported by Phase 7 human review ACCEPT on candidate CAN-043561 with cryptographic evidence hash ...,CAN-043561,VALIDATED_COMPATIBLE,ACCEPT,,SEAL_GASKET|GRAPHITE|50_MM|API_682|RUBBER
db940128-2266-5e5c-a0b0-f22b154d1eed,SAIL,SAIL-300189,"IND.O-Ring, Viton, SIZE 65 mm 150#",CMM-SEALG-A60FBB-001,CMM-SEALG-A60FBB-001,MAPPED_VERIFIED,DIRECT_ACCEPTED,1.0,VERIFIED_CROSS_CPSE,HUMAN_ACCEPTED_HARMONIZATION,Verified cross-CPSE harmonization mapping supported by Phase 7 human review ACCEPT on candidate CAN-043861 with cryptographic evidence hash ...,CAN-043861,VALIDATED_COMPATIBLE,ACCEPT,,SEAL_GASKET|VITON|65_MM|65_MM|ASME_B1620
db9d7afd-aa01-5caa-9534-61b9ec19d01b,SAIL,SAIL-300190,"SPARE-THRUST BEARING, AISI 52100, SIZE 6304 150#",CMM-BEARNG-668968-001,CMM-BEARNG-668968-001,REVIEW_REQUIRED,DIRECT_ACCEPTED,0.6,REVIEW_REQUIRED,AMBIGUOUS_ATTRIBUTE_HOLD,Attribute ambiguity in upstream candidate group; human review required.,,REVIEW_REQUIRED,,,BEARING|AISI_52100|6304|ISO_15
41a96dc3-54c5-5ca7-a4be-9c243161c434,SAIL,SAIL-300191,"SPARE-Hex Nut, Grade 10.9, SIZE M16 x 65 150#",CMM-FASTNR-C1D96C-001,CMM-FASTNR-C1D96C-001,MAPPED_STANDALONE,STANDALONE,1.0,STANDALONE_IDENTITY,STANDALONE_CANONICAL_SYNTHESIS,1-to-1 deterministic identity mapping to governed Phase 8 standalone CMM candidate. Does not imply cross-CPSE equivalence or harmonization.,,,,,FASTENER|NUT|HEX|GRADE_109|M16_X_65|65_MM|ASTM_A193|ZINC_PLATED
e41e0667-b8ac-5c20-a518-5c7fed47202a,SAIL,SAIL-300192,STORES ITEM ELBOW 90 DEG DN 100 IS 2062 600#,CMM-PIPEF-BF141A-001,CMM-PIPEF-BF141A-001,MAPPED_VERIFIED,DIRECT_ACCEPTED,1.0,VERIFIED_CROSS_CPSE,HUMAN_ACCEPTED_HARMONIZATION,Verified cross-CPSE harmonization mapping supported by Phase 7 human review ACCEPT on candidate CAN-044461 with cryptographic evidence hash ...,CAN-044461,VALIDATED_COMPATIBLE,ACCEPT,,PIPE_FITTING|ELBOW|IS_2062|DN_100|12_M|100_MM|ASME_B169|EPOXY_COATED
b751ac40-8766-5d84-aa60-c2ca08728a51,SAIL,SAIL-300193,"DISTRIBUTION TRANSFORMER, Aluminium, SIZE 4C x 25 sq mm 300#",CMM-ELECTR-1643F5-001,CMM-ELECTR-1643F5-001,REVIEW_REQUIRED,DIRECT_ACCEPTED,0.6,REVIEW_REQUIRED,AMBIGUOUS_ATTRIBUTE_HOLD,Attribute ambiguity in upstream candidate group; human review required.,,REVIEW_REQUIRED,,,ELECTRICAL|ALUMINIUM|4C_X_25_SQ_MM|1000_M|IEC_60502
b4020330-d1df-559c-adf6-d60c5943c2de,SAIL,SAIL-300194,Welded Pipe 150# SS316L DN 80,CMM-PIPEF-5FC852-001,CMM-PIPEF-5FC852-001,MAPPED_VERIFIED,DIRECT_ACCEPTED,1.0,VERIFIED_CROSS_CPSE,HUMAN_ACCEPTED_HARMONIZATION,Verified cross-CPSE harmonization mapping supported by Phase 7 human review ACCEPT on candidate CAN-045061 with cryptographic evidence hash ...,CAN-045061,VALIDATED_COMPATIBLE,ACCEPT,,PIPE_FITTING|PIPE|STAINLESS_STEEL|SS_316L|DN_80|6_M|DN_80|IS_1239|ZINC_PLATED|WELDED
0f2ad9fd-7370-586a-b75d-ebf68812af84,SAIL,SAIL-300195,"SPARE-REDUCER, IS 2062, SIZE 2 in 600#",CMM-PIPEF-A96212-001,CMM-PIPEF-A96212-001,MAPPED_VERIFIED,DIRECT_ACCEPTED,1.0,VERIFIED_CROSS_CPSE,HUMAN_ACCEPTED_HARMONIZATION,Verified cross-CPSE harmonization mapping supported by Phase 7 human review ACCEPT on candidate CAN-045241 with cryptographic evidence hash ...,CAN-045241,VALIDATED_COMPATIBLE,ACCEPT,,PIPE_FITTING|IS_2062|2_IN|6_M|50_MM|IS_1239|GALVANIZED
493fa058-9dac-5128-90ad-c75086737f9d,SAIL,SAIL-300196,SPARE-Ball Valve 2 in ASTM A351 CF8M 300#,CMM-VALVE-4ADB47-001,CMM-VALVE-4ADB47-001,MAPPED_STANDALONE,STANDALONE,1.0,STANDALONE_IDENTITY,STANDALONE_CANONICAL_SYNTHESIS,1-to-1 deterministic identity mapping to governed Phase 8 standalone CMM candidate. Does not imply cross-CPSE equivalence or harmonization.,,,,,VALVE|BALL_VALVE|ASTM_A351_CF8M|2_IN|ASME_B1634|EPOXY_COATED
607b5e37-2547-5be0-95bd-0c1acc3d9ff4,SAIL,SAIL-300197,IND.CONTROL VALVE DN 50 SS316 300#,CMM-VALVE-3F77ED-001,CMM-VALVE-3F77ED-001,MAPPED_STANDALONE,STANDALONE,1.0,STANDALONE_IDENTITY,STANDALONE_CANONICAL_SYNTHESIS,1-to-1 deterministic identity mapping to governed Phase 8 standalone CMM candidate. Does not imply cross-CPSE equivalence or harmonization.,,,,,VALVE|STAINLESS_STEEL|SS_316|DN_50|DN_50|ASME_B1634
9e3fff78-a279-5374-a264-90548b4be8d4,SAIL,SAIL-300198,Ball Valve 2 in SS304 600#,CMM-VALVE-A8C18C-001,CMM-VALVE-A8C18C-001,MAPPED_STANDALONE,STANDALONE,1.0,STANDALONE_IDENTITY,STANDALONE_CANONICAL_SYNTHESIS,1-to-1 deterministic identity mapping to governed Phase 8 standalone CMM candidate. Does not imply cross-CPSE equivalence or harmonization.,,,,,VALVE|BALL_VALVE|STAINLESS_STEEL|SS_304|2_IN|ASME_B1634
6643c4a2-bd5f-5c89-8a17-7e6ac7549587,SAIL,SAIL-300199,"SPARE-Reciprocating Pump, Carbon Steel, SIZE 2 in x 1.5 in 300#",CMM-PUMP-01C96F-001,CMM-PUMP-01C96F-001,MAPPED_STANDALONE,STANDALONE,1.0,STANDALONE_IDENTITY,STANDALONE_CANONICAL_SYNTHESIS,1-to-1 deterministic identity mapping to governed Phase 8 standalone CMM candidate. Does not imply cross-CPSE equivalence or harmonization.,,,,,PUMP|CARBON_STEEL|CARBON_STEEL|2_IN_X_15_IN|2_IN_X_15_IN|ISO_2858
881b2110-0525-5c0a-a685-98daa510521d,SAIL,SAIL-300200,EQUAL TEE DN 150 Alloy Steel 150#,CMM-PIPEF-02B98F-001,CMM-PIPEF-02B98F-001,MAPPED_STANDALONE,STANDALONE,1.0,STANDALONE_IDENTITY,STANDALONE_CANONICAL_SYNTHESIS,1-to-1 deterministic identity mapping to governed Phase 8 standalone CMM candidate. Does not imply cross-CPSE equivalence or harmonization.,,,,,PIPE_FITTING|ALLOY_STEEL|DN_150|3_M|150_MM|ASME_B165
503798db-12cb-52df-b6a3-d7af5643c8bb,SAIL,SAIL-300201,STORES ITEM DN 200 BLAST FURNACE TUYERE - Copper Alloy,CMM-PIPEF-4AA96E-001,CMM-PIPEF-4AA96E-001,MAPPED_STANDALONE,STANDALONE,1.0,STANDALONE_IDENTITY,STANDALONE_CANONICAL_SYNTHESIS,1-to-1 deterministic identity mapping to governed Phase 8 standalone CMM candidate. Does not imply cross-CPSE equivalence or harmonization.,,,,,PIPE_FITTING|COPPER_ALLOY|DN_200|12_M|DN_200|IS_2062
a282c04a-6849-51f6-9ce2-9ad2ff2674eb,SAIL,SAIL-300202,"IND.ROLLING MILL DRIVE MOTOR, Copper Wound, SIZE 11 kV",CMM-ELECTR-F33EAC-001,CMM-ELECTR-F33EAC-001,MAPPED_STANDALONE,STANDALONE,1.0,STANDALONE_IDENTITY,STANDALONE_CANONICAL_SYNTHESIS,1-to-1 deterministic identity mapping to governed Phase 8 standalone CMM candidate. Does not imply cross-CPSE equivalence or harmonization.,,,,,ELECTRICAL|COPPER_WOUND|11_KV|100_M|IS_12615
beb63a6d-4508-51a7-84aa-d266e72c1cf9,SAIL,SAIL-300203,"IND.Rolling Mill Drive Motor, Copper Wound, SIZE 11 kV",CMM-ELECTR-06EE71-001,CMM-ELECTR-06EE71-001,MAPPED_STANDALONE,STANDALONE,1.0,STANDALONE_IDENTITY,STANDALONE_CANONICAL_SYNTHESIS,1-to-1 deterministic identity mapping to governed Phase 8 standalone CMM candidate. Does not imply cross-CPSE equivalence or harmonization.,,,,,ELECTRICAL|COPPER_WOUND|11_KV|100_M|IS_12615
6f5ad2f5-b519-52e1-b3ed-a0704c106ee5,SAIL,SAIL-300204,SPARE-Rolling Mill Drive Motor 11 kV Copper Wound,CMM-ELECTR-76A8C2-001,CMM-ELECTR-76A8C2-001,MAPPED_STANDALONE,STANDALONE,1.0,STANDALONE_IDENTITY,STANDALONE_CANONICAL_SYNTHESIS,1-to-1 deterministic identity mapping to governed Phase 8 standalone CMM candidate. Does not imply cross-CPSE equivalence or harmonization.,,,,,ELECTRICAL|COPPER_WOUND|11_KV|500_M|IS_12615
12ded620-f61b-5cc8-9070-6b073a4ef25e,SAIL,SAIL-300205,11 kV ROLLING MILL DRIVE MOTOR - Copper Wound,CMM-ELECTR-175B83-001,CMM-ELECTR-175B83-001,MAPPED_STANDALONE,STANDALONE,1.0,STANDALONE_IDENTITY,STANDALONE_CANONICAL_SYNTHESIS,1-to-1 deterministic identity mapping to governed Phase 8 standalone CMM candidate. Does not imply cross-CPSE equivalence or harmonization.,,,,,ELECTRICAL|COPPER_WOUND|11_KV|IS_12615
69434dc2-b76b-5d32-adda-a0d1c0172d7b,SAIL,SAIL-300206,BLAST FURNACE TUYERE DN 200 Copper Alloy,CMM-PIPEF-5CAA25-001,CMM-PIPEF-5CAA25-001,MAPPED_STANDALONE,STANDALONE,1.0,STANDALONE_IDENTITY,STANDALONE_CANONICAL_SYNTHESIS,1-to-1 deterministic identity mapping to governed Phase 8 standalone CMM candidate. Does not imply cross-CPSE equivalence or harmonization.,,,,,PIPE_FITTING|COPPER_ALLOY|DN_200|1000_MM|50_MM|IS_2062
f6c3ff49-bb8e-53ce-8e6a-1356ac6c3338,SAIL,SAIL-300207,IND.BLAST FURNACE TUYERE DN 200 Copper Alloy,CMM-PIPEF-AC9DDD-001,CMM-PIPEF-AC9DDD-001,MAPPED_STANDALONE,STANDALONE,1.0,STANDALONE_IDENTITY,STANDALONE_CANONICAL_SYNTHESIS,1-to-1 deterministic identity mapping to governed Phase 8 standalone CMM candidate. Does not imply cross-CPSE equivalence or harmonization.,,,,,PIPE_FITTING|COPPER_ALLOY|DN_200|1000_MM|50_MM|IS_2062|ZINC_PLATED
8ced9c1b-a4b1-5aaa-8b1d-bdcf1bd06dc5,SAIL,SAIL-300208,STORES ITEM ROLLING MILL DRIVE MOTOR 11 kV Copper Wound,CMM-ELECTR-DA06F7-001,CMM-ELECTR-DA06F7-001,MAPPED_STANDALONE,STANDALONE,1.0,STANDALONE_IDENTITY,STANDALONE_CANONICAL_SYNTHESIS,1-to-1 deterministic identity mapping to governed Phase 8 standalone CMM candidate. Does not imply cross-CPSE equivalence or harmonization.,,,,,ELECTRICAL|COPPER_WOUND|11_KV|500_M|IS_12615
0ac9f96d-69ce-576a-97c2-fa456541a190,SAIL,SAIL-300209,"SPARE-Rolling Mill Drive Motor, Copper Wound, SIZE 11 kV",CMM-ELECTR-7CE3FC-001,CMM-ELECTR-7CE3FC-001,MAPPED_STANDALONE,STANDALONE,1.0,STANDALONE_IDENTITY,STANDALONE_CANONICAL_SYNTHESIS,1-to-1 deterministic identity mapping to governed Phase 8 standalone CMM candidate. Does not imply cross-CPSE equivalence or harmonization.,,,,,ELECTRICAL|COPPER_WOUND|11_KV|500_M|IS_12615
393d40f0-e90d-536b-9e68-cbe1b5fedc98,SAIL,SAIL-300210,SPARE-BLAST FURNACE TUYERE Copper Alloy DN 200,CMM-PIPEF-7F80EA-001,CMM-PIPEF-7F80EA-001,MAPPED_STANDALONE,STANDALONE,1.0,STANDALONE_IDENTITY,STANDALONE_CANONICAL_SYNTHESIS,1-to-1 deterministic identity mapping to governed Phase 8 standalone CMM candidate. Does not imply cross-CPSE equivalence or harmonization.,,,,,PIPE_FITTING|COPPER_ALLOY|DN_200|6_M|DN_200|IS_2062|EPOXY_COATED
fc1d43c2-1851-53a9-92b4-a34eebee871d,SAIL,SAIL-300211,ROLLING MILL DRIVE MOTOR Copper Wound 11 kV,CMM-ELECTR-C727C7-001,CMM-ELECTR-C727C7-001,MAPPED_STANDALONE,STANDALONE,1.0,STANDALONE_IDENTITY,STANDALONE_CANONICAL_SYNTHESIS,1-to-1 deterministic identity mapping to governed Phase 8 standalone CMM candidate. Does not imply cross-CPSE equivalence or harmonization.,,,,,ELECTRICAL|COPPER_WOUND|11_KV|1000_M|IS_12615
757f2e76-6690-5bff-8ddb-8f31314d8d6f,SAIL,SAIL-300212,STORES ITEM Blast Furnace Tuyere DN 200 Copper Alloy,CMM-PIPEF-295916-001,CMM-PIPEF-295916-001,MAPPED_STANDALONE,STANDALONE,1.0,STANDALONE_IDENTITY,STANDALONE_CANONICAL_SYNTHESIS,1-to-1 deterministic identity mapping to governed Phase 8 standalone CMM candidate. Does not imply cross-CPSE equivalence or harmonization.,,,,,PIPE_FITTING|COPPER_ALLOY|DN_200|1000_MM|100_MM|IS_2062
514e9d6d-8251-5ed2-8629-5f791d6d3c6e,SAIL,SAIL-300213,STORES ITEM DN 200 BLAST FURNACE TUYERE - Copper Alloy,CMM-PIPEF-9DF21B-001,CMM-PIPEF-9DF21B-001,MAPPED_STANDALONE,STANDALONE,1.0,STANDALONE_IDENTITY,STANDALONE_CANONICAL_SYNTHESIS,1-to-1 deterministic identity mapping to governed Phase 8 standalone CMM candidate. Does not imply cross-CPSE equivalence or harmonization.,,,,,PIPE_FITTING|COPPER_ALLOY|DN_200|3_M|DN_200|IS_2062
57f08d66-b983-592a-af5f-af31eec77eaa,SAIL,SAIL-300214,DN 200 Blast Furnace Tuyere - Copper Alloy,CMM-PIPEF-1AA69E-001,CMM-PIPEF-1AA69E-001,MAPPED_STANDALONE,STANDALONE,1.0,STANDALONE_IDENTITY,STANDALONE_CANONICAL_SYNTHESIS,1-to-1 deterministic identity mapping to governed Phase 8 standalone CMM candidate. Does not imply cross-CPSE equivalence or harmonization.,,,,,PIPE_FITTING|COPPER_ALLOY|DN_200|DN_200|IS_2062|EPOXY_COATED
aa9d7897-291f-544b-b96a-eee406a0be7c,SAIL,SAIL-300215,SPARE-Rolling Mill Drive Motor 11 kV Copper Wound,CMM-ELECTR-4E0C90-001,CMM-ELECTR-4E0C90-001,MAPPED_STANDALONE,STANDALONE,1.0,STANDALONE_IDENTITY,STANDALONE_CANONICAL_SYNTHESIS,1-to-1 deterministic identity mapping to governed Phase 8 standalone CMM candidate. Does not imply cross-CPSE equivalence or harmonization.,,,,,ELECTRICAL|COPPER_WOUND|11_KV|100_M|IS_12615
bd26c815-78b9-5b6a-827b-dd86286f1557,SAIL,SAIL-300216,BLAST FURNACE TUYERE DN 200 Copper Alloy,CMM-PIPEF-058FDC-001,CMM-PIPEF-058FDC-001,MAPPED_STANDALONE,STANDALONE,1.0,STANDALONE_IDENTITY,STANDALONE_CANONICAL_SYNTHESIS,1-to-1 deterministic identity mapping to governed Phase 8 standalone CMM candidate. Does not imply cross-CPSE equivalence or harmonization.,,,,,PIPE_FITTING|COPPER_ALLOY|DN_200|DN_200|IS_2062|GALVANIZED
d048102f-b580-5dab-b968-1e1fb9e2580b,SAIL,SAIL-300217,"ROLLING MILL DRIVE MOTOR, Copper Wound, SIZE 11 kV",CMM-ELECTR-1CBE78-001,CMM-ELECTR-1CBE78-001,MAPPED_STANDALONE,STANDALONE,1.0,STANDALONE_IDENTITY,STANDALONE_CANONICAL_SYNTHESIS,1-to-1 deterministic identity mapping to governed Phase 8 standalone CMM candidate. Does not imply cross-CPSE equivalence or harmonization.,,,,,ELECTRICAL|COPPER_WOUND|11_KV|IS_12615
6651f273-e990-517c-9a1f-129dbf83d0ee,SAIL,SAIL-300218,Blast Furnace Tuyere Copper Alloy DN 200,CMM-PIPEF-9AE949-001,CMM-PIPEF-9AE949-001,MAPPED_STANDALONE,STANDALONE,1.0,STANDALONE_IDENTITY,STANDALONE_CANONICAL_SYNTHESIS,1-to-1 deterministic identity mapping to governed Phase 8 standalone CMM candidate. Does not imply cross-CPSE equivalence or harmonization.,,,,,PIPE_FITTING|COPPER_ALLOY|DN_200|3_M|DN_200|IS_2062
7a5a2315-6c7d-5ff5-ac80-d0e3c28b2cb3,SAIL,SAIL-300219,DN 200 BLAST FURNACE TUYERE - Copper Alloy,CMM-PIPEF-9F54EF-001,CMM-PIPEF-9F54EF-001,MAPPED_STANDALONE,STANDALONE,1.0,STANDALONE_IDENTITY,STANDALONE_CANONICAL_SYNTHESIS,1-to-1 deterministic identity mapping to governed Phase 8 standalone CMM candidate. Does not imply cross-CPSE equivalence or harmonization.,,,,,PIPE_FITTING|COPPER_ALLOY|DN_200|12_M|80_MM|IS_2062|GALVANIZED
a8d5fc9f-c679-5fdd-8584-6fab24fa97a7,SAIL,SAIL-300220,STORES ITEM ROLLING MILL DRIVE MOTOR Copper Wound 11 kV,CMM-ELECTR-1B15DC-001,CMM-ELECTR-1B15DC-001,MAPPED_STANDALONE,STANDALONE,1.0,STANDALONE_IDENTITY,STANDALONE_CANONICAL_SYNTHESIS,1-to-1 deterministic identity mapping to governed Phase 8 standalone CMM candidate. Does not imply cross-CPSE equivalence or harmonization.,,,,,ELECTRICAL|COPPER_WOUND|11_KV|500_M|IS_12615
1e51e14f-3255-502d-a50e-6a949bafb2e6,SAIL,SAIL-300221,IND.Blast Furnace Tuyere DN 200 Copper Alloy,CMM-PIPEF-B58848-001,CMM-PIPEF-B58848-001,MAPPED_STANDALONE,STANDALONE,1.0,STANDALONE_IDENTITY,STANDALONE_CANONICAL_SYNTHESIS,1-to-1 deterministic identity mapping to governed Phase 8 standalone CMM candidate. Does not imply cross-CPSE equivalence or harmonization.,,,,,PIPE_FITTING|COPPER_ALLOY|DN_200|1000_MM|DN_200|IS_2062
cbb9e654-cbbc-5374-9194-5ee34c3f85f0,SAIL,SAIL-300222,IND.DN 200 Blast Furnace Tuyere - Copper Alloy,CMM-PIPEF-8BCEEA-001,CMM-PIPEF-8BCEEA-001,MAPPED_STANDALONE,STANDALONE,1.0,STANDALONE_IDENTITY,STANDALONE_CANONICAL_SYNTHESIS,1-to-1 deterministic identity mapping to governed Phase 8 standalone CMM candidate. Does not imply cross-CPSE equivalence or harmonization.,,,,,PIPE_FITTING|COPPER_ALLOY|DN_200|1000_MM|DN_200|IS_2062|GALVANIZED
16c9e648-9ff0-5340-8d18-adff480a1125,SAIL,SAIL-300223,"Rolling Mill Drive Motor, Copper Wound, SIZE 11 kV",CMM-ELECTR-31D0C0-001,CMM-ELECTR-31D0C0-001,MAPPED_STANDALONE,STANDALONE,1.0,STANDALONE_IDENTITY,STANDALONE_CANONICAL_SYNTHESIS,1-to-1 deterministic identity mapping to governed Phase 8 standalone CMM candidate. Does not imply cross-CPSE equivalence or harmonization.,,,,,ELECTRICAL|COPPER_WOUND|11_KV|IS_12615
e6309477-6bb7-5595-82b3-72ec68379863,SAIL,SAIL-300224,BLAST FURNACE TUYERE Copper Alloy DN 200,CMM-PIPEF-41F75E-001,CMM-PIPEF-41F75E-001,MAPPED_STANDALONE,STANDALONE,1.0,STANDALONE_IDENTITY,STANDALONE_CANONICAL_SYNTHESIS,1-to-1 deterministic identity mapping to governed Phase 8 standalone CMM candidate. Does not imply cross-CPSE equivalence or harmonization.,,,,,PIPE_FITTING|COPPER_ALLOY|DN_200|1000_MM|150_MM|IS_2062|GALVANIZED
4d155f15-a877-5e68-9585-679f899188cd,SAIL,SAIL-300225,SPARE-Rolling Mill Drive Motor 11 kV Copper Wound,CMM-ELECTR-05219D-001,CMM-ELECTR-05219D-001,MAPPED_STANDALONE,STANDALONE,1.0,STANDALONE_IDENTITY,STANDALONE_CANONICAL_SYNTHESIS,1-to-1 deterministic identity mapping to governed Phase 8 standalone CMM candidate. Does not imply cross-CPSE equivalence or harmonization.,,,,,ELECTRICAL|COPPER_WOUND|11_KV|1000_M|IS_12615
3a1e8965-480b-5d5d-a9b4-55e9626090ef,SAIL,SAIL-300226,Rolling Mill Drive Motor 11 kV Copper Wound,CMM-ELECTR-C6915F-001,CMM-ELECTR-C6915F-001,MAPPED_STANDALONE,STANDALONE,1.0,STANDALONE_IDENTITY,STANDALONE_CANONICAL_SYNTHESIS,1-to-1 deterministic identity mapping to governed Phase 8 standalone CMM candidate. Does not imply cross-CPSE equivalence or harmonization.,,,,,ELECTRICAL|COPPER_WOUND|11_KV|1000_M|IS_12615
b6a050b1-0ea3-5285-ac68-48f6a48ca74c,SAIL,SAIL-300227,STORES ITEM BLAST FURNACE TUYERE Copper Alloy DN 200,CMM-PIPEF-E34F2C-001,CMM-PIPEF-E34F2C-001,MAPPED_STANDALONE,STANDALONE,1.0,STANDALONE_IDENTITY,STANDALONE_CANONICAL_SYNTHESIS,1-to-1 deterministic identity mapping to governed Phase 8 standalone CMM candidate. Does not imply cross-CPSE equivalence or harmonization.,,,,,PIPE_FITTING|COPPER_ALLOY|DN_200|6_M|DN_200|IS_2062
7cec3a1c-f890-5b2e-b4ae-97ce2c2208bd,SAIL,SAIL-300228,DN 200 BLAST FURNACE TUYERE - Copper Alloy,CMM-PIPEF-3896FB-001,CMM-PIPEF-3896FB-001,MAPPED_STANDALONE,STANDALONE,1.0,STANDALONE_IDENTITY,STANDALONE_CANONICAL_SYNTHESIS,1-to-1 deterministic identity mapping to governed Phase 8 standalone CMM candidate. Does not imply cross-CPSE equivalence or harmonization.,,,,,PIPE_FITTING|COPPER_ALLOY|DN_200|3_M|200_MM|IS_2062
cbbe2e1e-175f-5522-8e5b-39e54855e210,SAIL,SAIL-300229,"Blast Furnace Tuyere, Copper Alloy, SIZE DN 200",CMM-PIPEF-BB0A61-001,CMM-PIPEF-BB0A61-001,MAPPED_STANDALONE,STANDALONE,1.0,STANDALONE_IDENTITY,STANDALONE_CANONICAL_SYNTHESIS,1-to-1 deterministic identity mapping to governed Phase 8 standalone CMM candidate. Does not imply cross-CPSE equivalence or harmonization.,,,,,PIPE_FITTING|COPPER_ALLOY|DN_200|150_MM|IS_2062|GALVANIZED
ed94154d-e9d1-597d-8c18-0c942cd5d078,SAIL,SAIL-300230,STORES ITEM Rolling Mill Drive Motor 11 kV Copper Wound,CMM-ELECTR-388D16-001,CMM-ELECTR-388D16-001,MAPPED_STANDALONE,STANDALONE,1.0,STANDALONE_IDENTITY,STANDALONE_CANONICAL_SYNTHESIS,1-to-1 deterministic identity mapping to governed Phase 8 standalone CMM candidate. Does not imply cross-CPSE equivalence or harmonization.,,,,,ELECTRICAL|COPPER_WOUND|11_KV|IS_12615
99a45fe6-1630-5416-96fd-63bf23207e48,SAIL,SAIL-300231,11 kV Rolling Mill Drive Motor - Copper Wound,CMM-ELECTR-F75684-001,CMM-ELECTR-F75684-001,MAPPED_STANDALONE,STANDALONE,1.0,STANDALONE_IDENTITY,STANDALONE_CANONICAL_SYNTHESIS,1-to-1 deterministic identity mapping to governed Phase 8 standalone CMM candidate. Does not imply cross-CPSE equivalence or harmonization.,,,,,ELECTRICAL|COPPER_WOUND|11_KV|IS_12615
f49acf37-5935-576e-9868-145b1f902b75,SAIL,SAIL-300232,ROLLING MILL DRIVE MOTOR Copper Wound 11 kV,CMM-ELECTR-A51F59-001,CMM-ELECTR-A51F59-001,MAPPED_STANDALONE,STANDALONE,1.0,STANDALONE_IDENTITY,STANDALONE_CANONICAL_SYNTHESIS,1-to-1 deterministic identity mapping to governed Phase 8 standalone CMM candidate. Does not imply cross-CPSE equivalence or harmonization.,,,,,ELECTRICAL|COPPER_WOUND|11_KV|100_M|IS_12615
ad16046d-29c5-564a-b8cb-722962f60665,SAIL,SAIL-300233,IND.DN 200 Blast Furnace Tuyere - Copper Alloy,CMM-PIPEF-C59503-001,CMM-PIPEF-C59503-001,MAPPED_STANDALONE,STANDALONE,1.0,STANDALONE_IDENTITY,STANDALONE_CANONICAL_SYNTHESIS,1-to-1 deterministic identity mapping to governed Phase 8 standalone CMM candidate. Does not imply cross-CPSE equivalence or harmonization.,,,,,PIPE_FITTING|COPPER_ALLOY|DN_200|12_M|DN_200|IS_2062|PTFE_LINED
9604167b-dafd-54d1-a410-4375d7b03544,SAIL,SAIL-300234,DN 200 Blast Furnace Tuyere - Copper Alloy,CMM-PIPEF-57AB81-001,CMM-PIPEF-57AB81-001,MAPPED_STANDALONE,STANDALONE,1.0,STANDALONE_IDENTITY,STANDALONE_CANONICAL_SYNTHESIS,1-to-1 deterministic identity mapping to governed Phase 8 standalone CMM candidate. Does not imply cross-CPSE equivalence or harmonization.,,,,,PIPE_FITTING|COPPER_ALLOY|DN_200|1000_MM|DN_200|IS_2062
bdcedab3-573d-579f-805e-915f15c1c762,SAIL,SAIL-300235,STORES ITEM Rolling Mill Drive Motor 11 kV Copper Wound,CMM-ELECTR-BB4F67-001,CMM-ELECTR-BB4F67-001,MAPPED_STANDALONE,STANDALONE,1.0,STANDALONE_IDENTITY,STANDALONE_CANONICAL_SYNTHESIS,1-to-1 deterministic identity mapping to governed Phase 8 standalone CMM candidate. Does not imply cross-CPSE equivalence or harmonization.,,,,,ELECTRICAL|COPPER_WOUND|11_KV|500_M|IS_12615
00825dac-48a2-5788-aeb8-1b520a2bda48,SAIL,SAIL-300236,Blast Furnace Tuyere DN 200 Copper Alloy,CMM-PIPEF-900B09-001,CMM-PIPEF-900B09-001,MAPPED_STANDALONE,STANDALONE,1.0,STANDALONE_IDENTITY,STANDALONE_CANONICAL_SYNTHESIS,1-to-1 deterministic identity mapping to governed Phase 8 standalone CMM candidate. Does not imply cross-CPSE equivalence or harmonization.,,,,,PIPE_FITTING|COPPER_ALLOY|DN_200|12_M|80_MM|IS_2062
72dfd8f6-2f10-56c3-a3ad-ed3c7e1d6735,SAIL,SAIL-300237,"SPARE-Rolling Mill Drive Motor, Copper Wound, SIZE 11 kV",CMM-ELECTR-292F7A-001,CMM-ELECTR-292F7A-001,MAPPED_STANDALONE,STANDALONE,1.0,STANDALONE_IDENTITY,STANDALONE_CANONICAL_SYNTHESIS,1-to-1 deterministic identity mapping to governed Phase 8 standalone CMM candidate. Does not imply cross-CPSE equivalence or harmonization.,,,,,ELECTRICAL|COPPER_WOUND|11_KV|100_M|IS_12615
2169a98d-98cd-5f55-99a5-b637ab46c55f,SAIL,SAIL-300238,IND.ROLLING MILL DRIVE MOTOR 11 kV Copper Wound,CMM-ELECTR-57B37B-001,CMM-ELECTR-57B37B-001,MAPPED_STANDALONE,STANDALONE,1.0,STANDALONE_IDENTITY,STANDALONE_CANONICAL_SYNTHESIS,1-to-1 deterministic identity mapping to governed Phase 8 standalone CMM candidate. Does not imply cross-CPSE equivalence or harmonization.,,,,,ELECTRICAL|COPPER_WOUND|11_KV|1000_M|IS_12615
6263ece8-9b0f-540f-92a5-41feea4859e3,SAIL,SAIL-300239,DN 200 Blast Furnace Tuyere - Copper Alloy,CMM-PIPEF-C2B826-001,CMM-PIPEF-C2B826-001,MAPPED_STANDALONE,STANDALONE,1.0,STANDALONE_IDENTITY,STANDALONE_CANONICAL_SYNTHESIS,1-to-1 deterministic identity mapping to governed Phase 8 standalone CMM candidate. Does not imply cross-CPSE equivalence or harmonization.,,,,,PIPE_FITTING|COPPER_ALLOY|DN_200|12_M|DN_200|IS_2062
32b4f9b7-1b31-5c04-9b6e-be6e2e01f9cd,SAIL,SAIL-300240,SPARE-ROLLING MILL DRIVE MOTOR 11 kV Copper Wound,CMM-ELECTR-AF05F8-001,CMM-ELECTR-AF05F8-001,MAPPED_STANDALONE,STANDALONE,1.0,STANDALONE_IDENTITY,STANDALONE_CANONICAL_SYNTHESIS,1-to-1 deterministic identity mapping to governed Phase 8 standalone CMM candidate. Does not imply cross-CPSE equivalence or harmonization.,,,,,ELECTRICAL|COPPER_WOUND|11_KV|500_M|IS_12615
f0bf455e-8e9b-5218-a43c-df52fe85bf44,SAIL,SAIL-300241,IND.BLAST FURNACE TUYERE DN 200 Copper Alloy,CMM-PIPEF-5A39EE-001,CMM-PIPEF-5A39EE-001,MAPPED_STANDALONE,STANDALONE,1.0,STANDALONE_IDENTITY,STANDALONE_CANONICAL_SYNTHESIS,1-to-1 deterministic identity mapping to governed Phase 8 standalone CMM candidate. Does not imply cross-CPSE equivalence or harmonization.,,,,,PIPE_FITTING|COPPER_ALLOY|DN_200|12_M|DN_200|IS_2062
9a6283de-87e4-5193-b55f-7df1b0220f6c,SAIL,SAIL-300242,DN 200 Blast Furnace Tuyere - Copper Alloy,CMM-PIPEF-DFE33C-001,CMM-PIPEF-DFE33C-001,MAPPED_STANDALONE,STANDALONE,1.0,STANDALONE_IDENTITY,STANDALONE_CANONICAL_SYNTHESIS,1-to-1 deterministic identity mapping to governed Phase 8 standalone CMM candidate. Does not imply cross-CPSE equivalence or harmonization.,,,,,PIPE_FITTING|COPPER_ALLOY|DN_200|3_M|DN_200|IS_2062
a2435ef0-22c2-5209-bc93-2ffc47299ad1,SAIL,SAIL-300243,"SPARE-BLAST FURNACE TUYERE, Copper Alloy, SIZE DN 200",CMM-PIPEF-5F29C1-001,CMM-PIPEF-5F29C1-001,MAPPED_STANDALONE,STANDALONE,1.0,STANDALONE_IDENTITY,STANDALONE_CANONICAL_SYNTHESIS,1-to-1 deterministic identity mapping to governed Phase 8 standalone CMM candidate. Does not imply cross-CPSE equivalence or harmonization.,,,,,PIPE_FITTING|COPPER_ALLOY|DN_200|DN_200|IS_2062
90fb0a32-ddc6-59dc-84d7-05e1863d870e,SAIL,SAIL-300244,Rolling Mill Drive Motor Copper Wound 11 kV,CMM-ELECTR-3DB83C-001,CMM-ELECTR-3DB83C-001,MAPPED_STANDALONE,STANDALONE,1.0,STANDALONE_IDENTITY,STANDALONE_CANONICAL_SYNTHESIS,1-to-1 deterministic identity mapping to governed Phase 8 standalone CMM candidate. Does not imply cross-CPSE equivalence or harmonization.,,,,,ELECTRICAL|COPPER_WOUND|11_KV|100_M|IS_12615
7d48715e-37a8-5372-b0c1-80710f475490,SAIL,SAIL-300245,"BLAST FURNACE TUYERE, Copper Alloy, SIZE DN 200",CMM-PIPEF-3CB594-001,CMM-PIPEF-3CB594-001,MAPPED_STANDALONE,STANDALONE,1.0,STANDALONE_IDENTITY,STANDALONE_CANONICAL_SYNTHESIS,1-to-1 deterministic identity mapping to governed Phase 8 standalone CMM candidate. Does not imply cross-CPSE equivalence or harmonization.,,,,,PIPE_FITTING|COPPER_ALLOY|DN_200|6_M|DN_200|IS_2062|GALVANIZED
16ca33d3-54c5-5c67-9c33-8141596482ef,SAIL,SAIL-300246,Blast Furnace Tuyere Copper Alloy DN 200,CMM-PIPEF-FAA474-001,CMM-PIPEF-FAA474-001,MAPPED_STANDALONE,STANDALONE,1.0,STANDALONE_IDENTITY,STANDALONE_CANONICAL_SYNTHESIS,1-to-1 deterministic identity mapping to governed Phase 8 standalone CMM candidate. Does not imply cross-CPSE equivalence or harmonization.,,,,,PIPE_FITTING|COPPER_ALLOY|DN_200|6_M|DN_200|IS_2062|EPOXY_COATED
53c01782-0862-56c5-917f-0c5766f21f12,SAIL,SAIL-300247,IND.Blast Furnace Tuyere Copper Alloy DN 200,CMM-PIPEF-9073A1-001,CMM-PIPEF-9073A1-001,MAPPED_STANDALONE,STANDALONE,1.0,STANDALONE_IDENTITY,STANDALONE_CANONICAL_SYNTHESIS,1-to-1 deterministic identity mapping to governed Phase 8 standalone CMM candidate. Does not imply cross-CPSE equivalence or harmonization.,,,,,PIPE_FITTING|COPPER_ALLOY|DN_200|12_M|DN_200|IS_2062
0ae62484-a8ef-5aee-868e-d1f767b2e1dd,SAIL,SAIL-300248,STORES ITEM ROLLING MILL DRIVE MOTOR Copper Wound 11 kV,CMM-ELECTR-5DBC7A-001,CMM-ELECTR-5DBC7A-001,MAPPED_STANDALONE,STANDALONE,1.0,STANDALONE_IDENTITY,STANDALONE_CANONICAL_SYNTHESIS,1-to-1 deterministic identity mapping to governed Phase 8 standalone CMM candidate. Does not imply cross-CPSE equivalence or harmonization.,,,,,ELECTRICAL|COPPER_WOUND|11_KV|1000_M|IS_12615
924eef00-2fbd-59b4-bc65-506835ed3389,SAIL,SAIL-300249,IND.Blast Furnace Tuyere DN 200 Copper Alloy,CMM-PIPEF-722ED3-001,CMM-PIPEF-722ED3-001,MAPPED_STANDALONE,STANDALONE,1.0,STANDALONE_IDENTITY,STANDALONE_CANONICAL_SYNTHESIS,1-to-1 deterministic identity mapping to governed Phase 8 standalone CMM candidate. Does not imply cross-CPSE equivalence or harmonization.,,,,,PIPE_FITTING|COPPER_ALLOY|DN_200|12_M|DN_200|IS_2062|PTFE_LINED
ff9e5e2d-e037-5510-bc9b-5dda59179a10,SAIL,SAIL-300250,"Blast Furnace Tuyere, Copper Alloy, SIZE DN 200",CMM-PIPEF-BDCB94-001,CMM-PIPEF-BDCB94-001,MAPPED_STANDALONE,STANDALONE,1.0,STANDALONE_IDENTITY,STANDALONE_CANONICAL_SYNTHESIS,1-to-1 deterministic identity mapping to governed Phase 8 standalone CMM candidate. Does not imply cross-CPSE equivalence or harmonization.,,,,,PIPE_FITTING|COPPER_ALLOY|DN_200|3_M|DN_200|IS_2062
8b45660f-2dc1-55e3-82c2-0f7eb5d33448,SAIL,SAIL-300251,"Blast Furnace Tuyere, Copper Alloy, SIZE DN 200",CMM-PIPEF-B67BA6-001,CMM-PIPEF-B67BA6-001,MAPPED_STANDALONE,STANDALONE,1.0,STANDALONE_IDENTITY,STANDALONE_CANONICAL_SYNTHESIS,1-to-1 deterministic identity mapping to governed Phase 8 standalone CMM candidate. Does not imply cross-CPSE equivalence or harmonization.,,,,,PIPE_FITTING|COPPER_ALLOY|DN_200|6_M|DN_200|IS_2062
0ef6a69a-b78f-5487-a816-583279890cea,SAIL,SAIL-300252,SPARE-11 kV ROLLING MILL DRIVE MOTOR - Copper Wound,CMM-ELECTR-4F0B42-001,CMM-ELECTR-4F0B42-001,MAPPED_STANDALONE,STANDALONE,1.0,STANDALONE_IDENTITY,STANDALONE_CANONICAL_SYNTHESIS,1-to-1 deterministic identity mapping to governed Phase 8 standalone CMM candidate. Does not imply cross-CPSE equivalence or harmonization.,,,,,ELECTRICAL|COPPER_WOUND|11_KV|100_M|IS_12615
c1b8be39-d272-59ae-b67c-31d99c4f70ef,SAIL,SAIL-300253,BLAST FURNACE TUYERE DN 200 Copper Alloy,CMM-PIPEF-4A805C-001,CMM-PIPEF-4A805C-001,MAPPED_STANDALONE,STANDALONE,1.0,STANDALONE_IDENTITY,STANDALONE_CANONICAL_SYNTHESIS,1-to-1 deterministic identity mapping to governed Phase 8 standalone CMM candidate. Does not imply cross-CPSE equivalence or harmonization.,,,,,PIPE_FITTING|COPPER_ALLOY|DN_200|200_MM|IS_2062|ZINC_PLATED
a6bd9b00-cfc0-5e12-be04-54f0d10c2586,SAIL,SAIL-300254,Blast Furnace Tuyere DN 200 Copper Alloy,CMM-PIPEF-8FF216-001,CMM-PIPEF-8FF216-001,MAPPED_STANDALONE,STANDALONE,1.0,STANDALONE_IDENTITY,STANDALONE_CANONICAL_SYNTHESIS,1-to-1 deterministic identity mapping to governed Phase 8 standalone CMM candidate. Does not imply cross-CPSE equivalence or harmonization.,,,,,PIPE_FITTING|COPPER_ALLOY|DN_200|1000_MM|DN_200|IS_2062|GALVANIZED
e0de19a7-c44b-5220-88c1-8ad9e3666a86,SAIL,SAIL-300255,STORES ITEM 11 kV Rolling Mill Drive Motor - Copper Wound,CMM-ELECTR-56D0D9-001,CMM-ELECTR-56D0D9-001,MAPPED_STANDALONE,STANDALONE,1.0,STANDALONE_IDENTITY,STANDALONE_CANONICAL_SYNTHESIS,1-to-1 deterministic identity mapping to governed Phase 8 standalone CMM candidate. Does not imply cross-CPSE equivalence or harmonization.,,,,,ELECTRICAL|COPPER_WOUND|11_KV|IS_12615
3cf61121-e145-5c2b-99c9-47925d99b937,SAIL,SAIL-300256,Rolling Mill Drive Motor Copper Wound 11 kV,CMM-ELECTR-A08A22-001,CMM-ELECTR-A08A22-001,MAPPED_STANDALONE,STANDALONE,1.0,STANDALONE_IDENTITY,STANDALONE_CANONICAL_SYNTHESIS,1-to-1 deterministic identity mapping to governed Phase 8 standalone CMM candidate. Does not imply cross-CPSE equivalence or harmonization.,,,,,ELECTRICAL|COPPER_WOUND|11_KV|100_M|IS_12615
8f3fd48a-5504-5a3a-9b18-53043a4e4fc2,SAIL,SAIL-300257,ROLLING MILL DRIVE MOTOR 11 kV Copper Wound,CMM-ELECTR-27E90F-001,CMM-ELECTR-27E90F-001,MAPPED_STANDALONE,STANDALONE,1.0,STANDALONE_IDENTITY,STANDALONE_CANONICAL_SYNTHESIS,1-to-1 deterministic identity mapping to governed Phase 8 standalone CMM candidate. Does not imply cross-CPSE equivalence or harmonization.,,,,,ELECTRICAL|COPPER_WOUND|11_KV|1000_M|IS_12615
105f9c34-9a44-51ed-a43a-8430ba89bc50,SAIL,SAIL-300258,IND.Rolling Mill Drive Motor Copper Wound 11 kV,CMM-ELECTR-6358A6-001,CMM-ELECTR-6358A6-001,MAPPED_STANDALONE,STANDALONE,1.0,STANDALONE_IDENTITY,STANDALONE_CANONICAL_SYNTHESIS,1-to-1 deterministic identity mapping to governed Phase 8 standalone CMM candidate. Does not imply cross-CPSE equivalence or harmonization.,,,,,ELECTRICAL|COPPER_WOUND|11_KV|500_M|IS_12615
01a0f850-97f4-5174-a194-3995c60aecd7,SAIL,SAIL-300259,ROLLING MILL DRIVE MOTOR 11 kV Copper Wound,CMM-ELECTR-808622-001,CMM-ELECTR-808622-001,MAPPED_STANDALONE,STANDALONE,1.0,STANDALONE_IDENTITY,STANDALONE_CANONICAL_SYNTHESIS,1-to-1 deterministic identity mapping to governed Phase 8 standalone CMM candidate. Does not imply cross-CPSE equivalence or harmonization.,,,,,ELECTRICAL|COPPER_WOUND|11_KV|100_M|IS_12615
66154c85-cf5c-5d97-a83b-e6cf543e64d6,SAIL,SAIL-300260,"STORES ITEM Rolling Mill Drive Motor, Copper Wound, SIZE 11 kV",CMM-ELECTR-91F95B-001,CMM-ELECTR-91F95B-001,MAPPED_STANDALONE,STANDALONE,1.0,STANDALONE_IDENTITY,STANDALONE_CANONICAL_SYNTHESIS,1-to-1 deterministic identity mapping to governed Phase 8 standalone CMM candidate. Does not imply cross-CPSE equivalence or harmonization.,,,,,ELECTRICAL|COPPER_WOUND|11_KV|1000_M|IS_12615
7ff135a8-de28-511b-9aca-b9747a306d4a,SAIL,SAIL-300261,"SPARE-Blast Furnace Tuyere, Copper Alloy, SIZE DN 200",CMM-PIPEF-F80E7A-001,CMM-PIPEF-F80E7A-001,MAPPED_STANDALONE,STANDALONE,1.0,STANDALONE_IDENTITY,STANDALONE_CANONICAL_SYNTHESIS,1-to-1 deterministic identity mapping to governed Phase 8 standalone CMM candidate. Does not imply cross-CPSE equivalence or harmonization.,,,,,PIPE_FITTING|COPPER_ALLOY|DN_200|6_M|80_MM|IS_2062|ZINC_PLATED
f8992f5c-3d00-5563-b391-5694b261ed64,SAIL,SAIL-300262,DN 200 BLAST FURNACE TUYERE - Copper Alloy,CMM-PIPEF-8F3A97-001,CMM-PIPEF-8F3A97-001,MAPPED_STANDALONE,STANDALONE,1.0,STANDALONE_IDENTITY,STANDALONE_CANONICAL_SYNTHESIS,1-to-1 deterministic identity mapping to governed Phase 8 standalone CMM candidate. Does not imply cross-CPSE equivalence or harmonization.,,,,,PIPE_FITTING|COPPER_ALLOY|DN_200|3_M|DN_200|IS_2062|PTFE_LINED
8eec9bc3-9942-5f1a-8518-f26555472b12,SAIL,SAIL-300263,"Rolling Mill Drive Motor, Copper Wound, SIZE 11 kV",CMM-ELECTR-577BA8-001,CMM-ELECTR-577BA8-001,MAPPED_STANDALONE,STANDALONE,1.0,STANDALONE_IDENTITY,STANDALONE_CANONICAL_SYNTHESIS,1-to-1 deterministic identity mapping to governed Phase 8 standalone CMM candidate. Does not imply cross-CPSE equivalence or harmonization.,,,,,ELECTRICAL|COPPER_WOUND|11_KV|1000_M|IS_12615
9588ccdf-41ec-5592-b37c-899ce3a4ca37,SAIL,SAIL-300264,"Blast Furnace Tuyere, Copper Alloy, SIZE DN 200",CMM-PIPEF-08F7AE-001,CMM-PIPEF-08F7AE-001,MAPPED_STANDALONE,STANDALONE,1.0,STANDALONE_IDENTITY,STANDALONE_CANONICAL_SYNTHESIS,1-to-1 deterministic identity mapping to governed Phase 8 standalone CMM candidate. Does not imply cross-CPSE equivalence or harmonization.,,,,,PIPE_FITTING|COPPER_ALLOY|DN_200|3_M|100_MM|IS_2062
48abdd35-67f0-559b-a89c-e155d389d3bd,SAIL,SAIL-300265,STORES ITEM ROLLING MILL DRIVE MOTOR Copper Wound 11 kV,CMM-ELECTR-2DA2A7-001,CMM-ELECTR-2DA2A7-001,MAPPED_STANDALONE,STANDALONE,1.0,STANDALONE_IDENTITY,STANDALONE_CANONICAL_SYNTHESIS,1-to-1 deterministic identity mapping to governed Phase 8 standalone CMM candidate. Does not imply cross-CPSE equivalence or harmonization.,,,,,ELECTRICAL|COPPER_WOUND|11_KV|500_M|IS_12615
593839c1-4768-5a69-b45e-94c5b6aa64bf,SAIL,SAIL-300266,STORES ITEM 11 kV Rolling Mill Drive Motor - Copper Wound,CMM-ELECTR-38C73C-001,CMM-ELECTR-38C73C-001,MAPPED_STANDALONE,STANDALONE,1.0,STANDALONE_IDENTITY,STANDALONE_CANONICAL_SYNTHESIS,1-to-1 deterministic identity mapping to governed Phase 8 standalone CMM candidate. Does not imply cross-CPSE equivalence or harmonization.,,,,,ELECTRICAL|COPPER_WOUND|11_KV|100_M|IS_12615
3ddd82ec-8a62-5ed2-8cc6-78241187aa6c,SAIL,SAIL-300267,ROLLING MILL DRIVE MOTOR 11 kV Copper Wound,CMM-ELECTR-D40DD1-001,CMM-ELECTR-D40DD1-001,MAPPED_STANDALONE,STANDALONE,1.0,STANDALONE_IDENTITY,STANDALONE_CANONICAL_SYNTHESIS,1-to-1 deterministic identity mapping to governed Phase 8 standalone CMM candidate. Does not imply cross-CPSE equivalence or harmonization.,,,,,ELECTRICAL|COPPER_WOUND|11_KV|IS_12615
c2f8ba6f-a15c-55fb-bbba-950054dd40f8,SAIL,SAIL-300268,SPARE-ROLLING MILL DRIVE MOTOR Copper Wound 11 kV,CMM-ELECTR-A59129-001,CMM-ELECTR-A59129-001,MAPPED_STANDALONE,STANDALONE,1.0,STANDALONE_IDENTITY,STANDALONE_CANONICAL_SYNTHESIS,1-to-1 deterministic identity mapping to governed Phase 8 standalone CMM candidate. Does not imply cross-CPSE equivalence or harmonization.,,,,,ELECTRICAL|COPPER_WOUND|11_KV|IS_12615
6a5c2443-6eab-586a-979b-7f322d37a179,SAIL,SAIL-300269,STORES ITEM Rolling Mill Drive Motor 11 kV Copper Wound,CMM-ELECTR-DAC0B1-001,CMM-ELECTR-DAC0B1-001,MAPPED_STANDALONE,STANDALONE,1.0,STANDALONE_IDENTITY,STANDALONE_CANONICAL_SYNTHESIS,1-to-1 deterministic identity mapping to governed Phase 8 standalone CMM candidate. Does not imply cross-CPSE equivalence or harmonization.,,,,,ELECTRICAL|COPPER_WOUND|11_KV|1000_M|IS_12615
303991b9-45cd-5721-a9be-1ece130e6493,SAIL,SAIL-300270,SPARE-11 kV ROLLING MILL DRIVE MOTOR - Copper Wound,CMM-ELECTR-95A05F-001,CMM-ELECTR-95A05F-001,MAPPED_STANDALONE,STANDALONE,1.0,STANDALONE_IDENTITY,STANDALONE_CANONICAL_SYNTHESIS,1-to-1 deterministic identity mapping to governed Phase 8 standalone CMM candidate. Does not imply cross-CPSE equivalence or harmonization.,,,,,ELECTRICAL|COPPER_WOUND|11_KV|IS_12615
0e6c18f8-6f0e-5d14-8777-96c9a64a526a,SAIL,SAIL-300271,STORES ITEM Rolling Mill Drive Motor 11 kV Copper Wound,CMM-ELECTR-2B3848-001,CMM-ELECTR-2B3848-001,MAPPED_STANDALONE,STANDALONE,1.0,STANDALONE_IDENTITY,STANDALONE_CANONICAL_SYNTHESIS,1-to-1 deterministic identity mapping to governed Phase 8 standalone CMM candidate. Does not imply cross-CPSE equivalence or harmonization.,,,,,ELECTRICAL|COPPER_WOUND|11_KV|100_M|IS_12615
04940c6d-7a1d-57bf-bb26-d13eeb38e4ce,SAIL,SAIL-300272,"STORES ITEM ROLLING MILL DRIVE MOTOR, Copper Wound, SIZE 11 kV",CMM-ELECTR-B8A44C-001,CMM-ELECTR-B8A44C-001,MAPPED_STANDALONE,STANDALONE,1.0,STANDALONE_IDENTITY,STANDALONE_CANONICAL_SYNTHESIS,1-to-1 deterministic identity mapping to governed Phase 8 standalone CMM candidate. Does not imply cross-CPSE equivalence or harmonization.,,,,,ELECTRICAL|COPPER_WOUND|11_KV|100_M|IS_12615
567466a2-2520-56c1-a81f-bc8de5c55623,SAIL,SAIL-300273,IND.DN 200 BLAST FURNACE TUYERE - Copper Alloy,CMM-PIPEF-E61CD1-001,CMM-PIPEF-E61CD1-001,MAPPED_STANDALONE,STANDALONE,1.0,STANDALONE_IDENTITY,STANDALONE_CANONICAL_SYNTHESIS,1-to-1 deterministic identity mapping to governed Phase 8 standalone CMM candidate. Does not imply cross-CPSE equivalence or harmonization.,,,,,PIPE_FITTING|COPPER_ALLOY|DN_200|1000_MM|100_MM|IS_2062|PTFE_LINED
8d12a90f-02e1-5053-8fc7-acbbaf236cd1,SAIL,SAIL-300274,STORES ITEM BLAST FURNACE TUYERE DN 200 Copper Alloy,CMM-PIPEF-A9D653-001,CMM-PIPEF-A9D653-001,MAPPED_STANDALONE,STANDALONE,1.0,STANDALONE_IDENTITY,STANDALONE_CANONICAL_SYNTHESIS,1-to-1 deterministic identity mapping to governed Phase 8 standalone CMM candidate. Does not imply cross-CPSE equivalence or harmonization.,,,,,PIPE_FITTING|COPPER_ALLOY|DN_200|6_M|100_MM|IS_2062
86ef0a56-eecd-52c9-92b6-850ec9bcd805,SAIL,SAIL-300275,STORES ITEM DN 200 Blast Furnace Tuyere - Copper Alloy,CMM-PIPEF-7491FE-001,CMM-PIPEF-7491FE-001,MAPPED_STANDALONE,STANDALONE,1.0,STANDALONE_IDENTITY,STANDALONE_CANONICAL_SYNTHESIS,1-to-1 deterministic identity mapping to governed Phase 8 standalone CMM candidate. Does not imply cross-CPSE equivalence or harmonization.,,,,,PIPE_FITTING|COPPER_ALLOY|DN_200|1000_MM|100_MM|IS_2062|PTFE_LINED
