opportunity_id,opportunity_type,cmm_code,source_cpses,material_codes,trigger_metric,trigger_value,threshold,reason,evidence_reference
c5275381-c559-5f52-a6b9-34bf5db854a8,HIGH_VOLUME_CONCENTRATION,CMM-BEARNG-67CA99-001,BHEL;Coal India;HPCL;IOCL;NMDC;NTPC;ONGC;SAIL,BHEL-500172;CIL-400022;CIL-400080;CIL-400181;HPCL-120034;HPCL-120093;IOCL-110032;IOCL-110086;IOCL-110171;NMDC-410029;NTPC-200085;NTPC-200166;ONGC-100027;SAIL-300033;SAIL-300095,total_annual_consumption,120485,>= P95 (113356.9),Item ranks in the top 5% annual consumption volume for family BEARING (NOS).,P95_PERCENTILE_LINEAR_BEARING_NOS
b5400013-521a-59d6-b644-0bbb7d90ec9f,HIGH_VOLUME_CONCENTRATION,CMM-BEARNG-FF170C-001,BHEL;Coal India;HPCL;IOCL;NMDC;NTPC;SAIL,BHEL-500043;CIL-400053;HPCL-120043;HPCL-120047;HPCL-120061;HPCL-120184;IOCL-110106;NMDC-410060;NMDC-410184;NTPC-200039;NTPC-200040;NTPC-200054;SAIL-300044;SAIL-300067;SAIL-300125,total_annual_consumption,139187,>= P95 (113356.9),Item ranks in the top 5% annual consumption volume for family BEARING (NOS).,P95_PERCENTILE_LINEAR_BEARING_NOS
a671848e-a77c-510a-b52a-b0a387560fe5,HIGH_VOLUME_CONCENTRATION,CMM-ELECTR-2DB37C-001,BHEL;HPCL;NMDC;NTPC;SAIL,BHEL-500039;HPCL-120042;NMDC-410039;NTPC-200038;SAIL-300043,total_annual_consumption,53872,>= P95 (44223.0),Item ranks in the top 5% annual consumption volume for family ELECTRICAL (MTR).,P95_PERCENTILE_LINEAR_ELECTRICAL_MTR
e8c34cc4-830f-5fff-b9df-127213ceddd7,HIGH_VOLUME_CONCENTRATION,CMM-ELECTR-42D24C-001,BHEL;Coal India;HPCL;IOCL;NTPC;ONGC;SAIL,BHEL-500077;CIL-400065;HPCL-120078;HPCL-120163;IOCL-110071;NTPC-200070;ONGC-100072;SAIL-300164,total_annual_consumption,61573,>= P95 (44223.0),Item ranks in the top 5% annual consumption volume for family ELECTRICAL (MTR).,P95_PERCENTILE_LINEAR_ELECTRICAL_MTR
c20edfd8-19c4-5a6a-8a29-34c1eba77d21,HIGH_VOLUME_CONCENTRATION,CMM-ELECTR-45EFBF-001,BHEL;Coal India;HPCL;IOCL;NMDC;SAIL,BHEL-500069;CIL-400062;HPCL-120070;IOCL-110064;NMDC-410070;SAIL-300074,total_annual_consumption,64113,>= P95 (44223.0),Item ranks in the top 5% annual consumption volume for family ELECTRICAL (MTR).,P95_PERCENTILE_LINEAR_ELECTRICAL_MTR
4ce45257-a0d1-51fb-a7a0-19549a43fcee,HIGH_VOLUME_CONCENTRATION,CMM-ELECTR-609134-001,HPCL;IOCL;NMDC;NTPC;ONGC;SAIL,HPCL-120087;IOCL-110081;NMDC-410089;NTPC-200082;ONGC-100184;SAIL-300182,total_annual_consumption,53215,>= P95 (44223.0),Item ranks in the top 5% annual consumption volume for family ELECTRICAL (MTR).,P95_PERCENTILE_LINEAR_ELECTRICAL_MTR
4b3d49b1-702b-5ef7-bdc7-03cda908aa07,HIGH_VOLUME_CONCENTRATION,CMM-ELECTR-62038E-001,BHEL;Coal India;HPCL;IOCL;NMDC;NTPC;ONGC;SAIL,BHEL-500111;CIL-400116;HPCL-120116;IOCL-110109;NMDC-410108;NTPC-200103;ONGC-100113;SAIL-300118,total_annual_consumption,76164,>= P95 (44223.0),Item ranks in the top 5% annual consumption volume for family ELECTRICAL (MTR).,P95_PERCENTILE_LINEAR_ELECTRICAL_MTR
8f4b88b9-58b5-501b-8c63-fb0b4a431723,HIGH_VOLUME_CONCENTRATION,CMM-ELECTR-941023-001,BHEL;Coal India;HPCL;NTPC;ONGC;SAIL,BHEL-500023;CIL-400145;HPCL-120026;NTPC-200023;NTPC-200147;ONGC-100023;SAIL-300026,total_annual_consumption,49745,>= P95 (44223.0),Item ranks in the top 5% annual consumption volume for family ELECTRICAL (MTR).,P95_PERCENTILE_LINEAR_ELECTRICAL_MTR
df7939fe-9156-55e3-ac16-acf0a2cf4e94,HIGH_VOLUME_CONCENTRATION,CMM-ELECTR-9C93DB-001,Coal India;HPCL;NMDC;ONGC;SAIL,CIL-400094;HPCL-120105;NMDC-410101;ONGC-100103;SAIL-300108,total_annual_consumption,44811,>= P95 (44223.0),Item ranks in the top 5% annual consumption volume for family ELECTRICAL (MTR).,P95_PERCENTILE_LINEAR_ELECTRICAL_MTR
a5b1b5b3-a787-50a4-b086-0a27456cec88,HIGH_VOLUME_CONCENTRATION,CMM-ELECTR-9FEFD2-001,BHEL;HPCL;IOCL;NMDC;NTPC;SAIL,BHEL-500079;HPCL-120081;IOCL-110075;NMDC-410082;NTPC-200075;SAIL-300084,total_annual_consumption,67948,>= P95 (44223.0),Item ranks in the top 5% annual consumption volume for family ELECTRICAL (MTR).,P95_PERCENTILE_LINEAR_ELECTRICAL_MTR
908f4895-56b9-57fe-acfb-4c3b69ab2cea,HIGH_VOLUME_CONCENTRATION,CMM-ELECTR-E728FA-001,BHEL;Coal India;HPCL;IOCL;NTPC;ONGC;SAIL,BHEL-500036;CIL-400028;HPCL-120038;IOCL-110039;NTPC-200032;ONGC-100033;ONGC-100191;SAIL-300184,total_annual_consumption,81038,>= P95 (44223.0),Item ranks in the top 5% annual consumption volume for family ELECTRICAL (MTR).,P95_PERCENTILE_LINEAR_ELECTRICAL_MTR
bdbb78fa-41da-592d-8a6f-b47988559567,HIGH_VOLUME_CONCENTRATION,CMM-FASTNR-0B0423-001,HPCL;NMDC;NTPC,HPCL-120094;NMDC-410096;NTPC-200087,total_annual_consumption,27852,>= P95 (27770.0),Item ranks in the top 5% annual consumption volume for family FASTENER (NOS).,P95_PERCENTILE_LINEAR_FASTENER_NOS
b9c7314a-6856-52ae-84a8-2f296bd3e164,HIGH_VOLUME_CONCENTRATION,CMM-FASTNR-1AF629-001,Coal India;IOCL;NMDC;ONGC,CIL-400034;IOCL-110044;NMDC-410041;ONGC-100038,total_annual_consumption,40906,>= P95 (27770.0),Item ranks in the top 5% annual consumption volume for family FASTENER (NOS).,P95_PERCENTILE_LINEAR_FASTENER_NOS
74e978c9-148c-55e1-ab7e-2f00fdb13d1c,HIGH_VOLUME_CONCENTRATION,CMM-FASTNR-412B68-001,BHEL;HPCL;IOCL;NMDC;NTPC;SAIL,BHEL-500008;BHEL-500107;HPCL-120006;HPCL-120112;IOCL-110008;NMDC-410008;NMDC-410105;NTPC-200009;SAIL-300010,total_annual_consumption,76976,>= P95 (24156.8),Item ranks in the top 5% annual consumption volume for family FASTENER (KG).,P95_PERCENTILE_LINEAR_FASTENER_KG
cc556f2d-2764-5fbf-bc5d-ab5e21abb9b9,HIGH_VOLUME_CONCENTRATION,CMM-FASTNR-42CB56-001,BHEL;Coal India;HPCL;IOCL;NMDC;NTPC,BHEL-500103;CIL-400095;HPCL-120106;IOCL-110097;NMDC-410102;NTPC-200094,total_annual_consumption,39910,>= P95 (27770.0),Item ranks in the top 5% annual consumption volume for family FASTENER (NOS).,P95_PERCENTILE_LINEAR_FASTENER_NOS
dd2ba53a-3079-59bd-8677-94dbce94da8d,HIGH_VOLUME_CONCENTRATION,CMM-FASTNR-7426EC-001,HPCL;IOCL;NMDC;NTPC;ONGC;SAIL,HPCL-120076;IOCL-110069;NMDC-410078;NTPC-200068;ONGC-100071;SAIL-300080,total_annual_consumption,45561,>= P95 (27770.0),Item ranks in the top 5% annual consumption volume for family FASTENER (NOS).,P95_PERCENTILE_LINEAR_FASTENER_NOS
81bd009e-76bb-5a37-a074-27c3a73a7c3d,HIGH_VOLUME_CONCENTRATION,CMM-FASTNR-79903B-001,Coal India;HPCL;NTPC;SAIL,CIL-400093;HPCL-120103;NTPC-200093;SAIL-300106,total_annual_consumption,41452,>= P95 (27770.0),Item ranks in the top 5% annual consumption volume for family FASTENER (NOS).,P95_PERCENTILE_LINEAR_FASTENER_NOS
5dd20155-27b4-55b9-b5ca-2b2cba11631c,HIGH_VOLUME_CONCENTRATION,CMM-FASTNR-A2AB0B-001,BHEL;Coal India;HPCL;NTPC;SAIL,BHEL-500019;CIL-400016;HPCL-120021;NTPC-200020;SAIL-300024,total_annual_consumption,33967,>= P95 (27770.0),Item ranks in the top 5% annual consumption volume for family FASTENER (NOS).,P95_PERCENTILE_LINEAR_FASTENER_NOS
11dd34af-f274-5946-874d-30c3f26eee6f,HIGH_VOLUME_CONCENTRATION,CMM-FASTNR-A82C5B-001,Coal India;HPCL;NMDC;NTPC;ONGC;SAIL,CIL-400056;HPCL-120063;HPCL-120150;NMDC-410063;NTPC-200057;ONGC-100059;ONGC-100155;SAIL-300069,total_annual_consumption,60026,>= P95 (27770.0),Item ranks in the top 5% annual consumption volume for family FASTENER (NOS).,P95_PERCENTILE_LINEAR_FASTENER_NOS
faab7e6d-b44d-5c2e-bb6e-8e4758a5b2b2,HIGH_VOLUME_CONCENTRATION,CMM-FASTNR-BCCDD8-001,Coal India;NMDC;NTPC;ONGC,CIL-400035;NMDC-410045;NTPC-200041;ONGC-100040,total_annual_consumption,39284,>= P95 (27770.0),Item ranks in the top 5% annual consumption volume for family FASTENER (NOS).,P95_PERCENTILE_LINEAR_FASTENER_NOS
51c6191c-6ac6-5479-af80-583932552921,HIGH_VOLUME_CONCENTRATION,CMM-FASTNR-C18604-001,BHEL;Coal India;HPCL,BHEL-500083;CIL-400072;HPCL-120083,total_annual_consumption,31088,>= P95 (24156.8),Item ranks in the top 5% annual consumption volume for family FASTENER (KG).,P95_PERCENTILE_LINEAR_FASTENER_KG
824631df-fc16-508c-a6c9-50ae6f6009a1,HIGH_VOLUME_CONCENTRATION,CMM-INSTRU-014C39-001,HPCL;IOCL;NMDC;NTPC;ONGC;SAIL,HPCL-120053;IOCL-110052;NMDC-410049;NTPC-200046;ONGC-100047;SAIL-300055,total_annual_consumption,54540,>= P95 (54512.6),Item ranks in the top 5% annual consumption volume for family INSTRUMENTATION (NOS).,P95_PERCENTILE_LINEAR_INSTRUMENTATION_NOS
c81315c0-8d0e-5bee-b935-8449c59de236,HIGH_VOLUME_CONCENTRATION,CMM-INSTRU-027BD0-001,BHEL;Coal India;HPCL;IOCL;NMDC;NTPC;ONGC;SAIL,BHEL-500020;BHEL-500061;BHEL-500104;CIL-400058;CIL-400096;HPCL-120064;HPCL-120107;IOCL-110061;NMDC-410019;NMDC-410103;NTPC-200095;ONGC-100020;ONGC-100061;SAIL-300070;SAIL-300109,total_annual_consumption,87856,>= P95 (54512.6),Item ranks in the top 5% annual consumption volume for family INSTRUMENTATION (NOS).,P95_PERCENTILE_LINEAR_INSTRUMENTATION_NOS
7d0539e6-5e59-53e4-a335-a2b332da39a3,HIGH_VOLUME_CONCENTRATION,CMM-INSTRU-1E073D-001,BHEL;Coal India;HPCL;IOCL;NMDC;NTPC;ONGC;SAIL,BHEL-500030;BHEL-500109;CIL-400014;CIL-400023;CIL-400100;HPCL-120019;HPCL-120113;IOCL-110113;NMDC-410030;NTPC-200017;NTPC-200029;NTPC-200099;ONGC-100028;ONGC-100129;SAIL-300034;SAIL-300113,total_annual_consumption,107272,>= P95 (54512.6),Item ranks in the top 5% annual consumption volume for family INSTRUMENTATION (NOS).,P95_PERCENTILE_LINEAR_INSTRUMENTATION_NOS
ff30a2a8-d57e-5d5f-839f-eb5f6a7cae20,HIGH_VOLUME_CONCENTRATION,CMM-INSTRU-22FF74-001,Coal India;HPCL;NMDC;NTPC;ONGC;SAIL,CIL-400098;HPCL-120110;NMDC-410104;NTPC-200097;ONGC-100105;SAIL-300111,total_annual_consumption,58237,>= P95 (54512.6),Item ranks in the top 5% annual consumption volume for family INSTRUMENTATION (NOS).,P95_PERCENTILE_LINEAR_INSTRUMENTATION_NOS
9196ff94-c72a-57bb-b3a0-894ed11b962d,HIGH_VOLUME_CONCENTRATION,CMM-INSTRU-2B591E-001,BHEL;Coal India;HPCL;IOCL;NMDC;ONGC;SAIL,BHEL-500084;CIL-400124;HPCL-120084;HPCL-120086;IOCL-110078;IOCL-110080;NMDC-410087;ONGC-100081;ONGC-100082;SAIL-300088,total_annual_consumption,69124,>= P95 (54512.6),Item ranks in the top 5% annual consumption volume for family INSTRUMENTATION (NOS).,P95_PERCENTILE_LINEAR_INSTRUMENTATION_NOS
78d5ca00-3eaa-526d-9dc6-da25ea107074,HIGH_VOLUME_CONCENTRATION,CMM-INSTRU-3688F6-001,BHEL;Coal India;HPCL;NMDC;ONGC;SAIL,BHEL-500014;CIL-400011;HPCL-120014;HPCL-120174;NMDC-410015;ONGC-100016;ONGC-100183;SAIL-300020,total_annual_consumption,79443,>= P95 (54512.6),Item ranks in the top 5% annual consumption volume for family INSTRUMENTATION (NOS).,P95_PERCENTILE_LINEAR_INSTRUMENTATION_NOS
afa241ff-d077-53e3-ab47-db93d43b71ec,HIGH_VOLUME_CONCENTRATION,CMM-INSTRU-746A35-001,HPCL;IOCL;NMDC;NTPC;ONGC;SAIL,HPCL-120008;IOCL-110012;IOCL-110158;NMDC-410011;NTPC-200011;ONGC-100012;SAIL-300014;SAIL-300177,total_annual_consumption,79152,>= P95 (54512.6),Item ranks in the top 5% annual consumption volume for family INSTRUMENTATION (NOS).,P95_PERCENTILE_LINEAR_INSTRUMENTATION_NOS
35b130ac-99e3-50f9-8724-93944fcea884,HIGH_VOLUME_CONCENTRATION,CMM-INSTRU-7A3205-001,BHEL;Coal India;HPCL;IOCL;NMDC;ONGC;SAIL,BHEL-500087;BHEL-500096;BHEL-500100;CIL-400075;CIL-400087;CIL-400091;HPCL-120090;IOCL-110084;IOCL-110095;NMDC-410091;NMDC-410099;ONGC-100085;ONGC-100096;ONGC-100100;SAIL-300105,total_annual_consumption,113393,>= P95 (54512.6),Item ranks in the top 5% annual consumption volume for family INSTRUMENTATION (NOS).,P95_PERCENTILE_LINEAR_INSTRUMENTATION_NOS
a778383d-4c61-5aa1-aeb1-88fd4e857a84,HIGH_VOLUME_CONCENTRATION,CMM-INSTRU-C7F4D5-001,BHEL;HPCL;IOCL;NMDC;NTPC,BHEL-500105;HPCL-120109;IOCL-110143;IOCL-110169;NMDC-410185;NTPC-200096;NTPC-200149,total_annual_consumption,76716,>= P95 (54512.6),Item ranks in the top 5% annual consumption volume for family INSTRUMENTATION (NOS).,P95_PERCENTILE_LINEAR_INSTRUMENTATION_NOS
aa0a125e-c3d9-547b-a03c-beff1455e0b2,HIGH_VOLUME_CONCENTRATION,CMM-INSTRU-F3707C-001,Coal India;HPCL;IOCL;NMDC;NTPC;ONGC;SAIL,CIL-400076;HPCL-120091;IOCL-110161;NMDC-410092;NTPC-200084;ONGC-100086;ONGC-100187;SAIL-300091,total_annual_consumption,57031,>= P95 (54512.6),Item ranks in the top 5% annual consumption volume for family INSTRUMENTATION (NOS).,P95_PERCENTILE_LINEAR_INSTRUMENTATION_NOS
d159d8b2-9299-5bc0-8e0e-7510fb29be60,HIGH_VOLUME_CONCENTRATION,CMM-INSTRU-FECC9D-001,BHEL;HPCL;IOCL;NMDC;NTPC;ONGC;SAIL,BHEL-500053;HPCL-120057;IOCL-110114;NMDC-410055;NTPC-200120;ONGC-100051;ONGC-100128;ONGC-100134;SAIL-300062,total_annual_consumption,92785,>= P95 (54512.6),Item ranks in the top 5% annual consumption volume for family INSTRUMENTATION (NOS).,P95_PERCENTILE_LINEAR_INSTRUMENTATION_NOS
0a0207aa-3f5c-59c7-bfa8-fb08d90ccf3b,HIGH_VOLUME_CONCENTRATION,CMM-PIPEF-3BAF8F-001,BHEL;Coal India;NMDC;NTPC;ONGC;SAIL,BHEL-500055;CIL-400048;NMDC-410057;NTPC-200051;ONGC-100053;SAIL-300063,total_annual_consumption,51694,>= P95 (36991.6),Item ranks in the top 5% annual consumption volume for family PIPE/FITTING (MTR).,P95_PERCENTILE_LINEAR_PIPE/FITTING_MTR
d2742d39-e882-5e92-a8c2-8238b0d86a0a,HIGH_VOLUME_CONCENTRATION,CMM-PIPEF-9F93F7-001,BHEL;Coal India;NMDC;NTPC;ONGC,BHEL-500038;CIL-400032;NMDC-410038;NTPC-200036;ONGC-100036,total_annual_consumption,37691,>= P95 (36991.6),Item ranks in the top 5% annual consumption volume for family PIPE/FITTING (MTR).,P95_PERCENTILE_LINEAR_PIPE/FITTING_MTR
87319a38-2549-5e06-b268-b0d4bc87090d,HIGH_VOLUME_CONCENTRATION,CMM-PIPEF-A8BD86-001,Coal India;HPCL;NMDC;NTPC;ONGC;SAIL,CIL-400005;HPCL-120003;NMDC-410004;NTPC-200005;ONGC-100007;SAIL-300007,total_annual_consumption,51099,>= P95 (36991.6),Item ranks in the top 5% annual consumption volume for family PIPE/FITTING (MTR).,P95_PERCENTILE_LINEAR_PIPE/FITTING_MTR
d98d6e27-7760-5b81-b86d-a8941317290e,HIGH_VOLUME_CONCENTRATION,CMM-PIPEF-AE5889-001,BHEL;Coal India;IOCL;NMDC;ONGC;SAIL,BHEL-500045;CIL-400037;IOCL-110048;NMDC-410046;ONGC-100041;SAIL-300049,total_annual_consumption,54614,>= P95 (36991.6),Item ranks in the top 5% annual consumption volume for family PIPE/FITTING (MTR).,P95_PERCENTILE_LINEAR_PIPE/FITTING_MTR
5d7cc09b-b178-5ded-9858-94c5ed8e5508,HIGH_VOLUME_CONCENTRATION,CMM-PIPEF-BBD3DF-001,Coal India;HPCL;IOCL;NMDC;ONGC;SAIL,CIL-400009;HPCL-120010;IOCL-110014;NMDC-410012;ONGC-100014;SAIL-300017,total_annual_consumption,57996,>= P95 (36991.6),Item ranks in the top 5% annual consumption volume for family PIPE/FITTING (MTR).,P95_PERCENTILE_LINEAR_PIPE/FITTING_MTR
1e17181a-1f4a-5900-ae44-c7da37931641,HIGH_VOLUME_CONCENTRATION,CMM-PIPEF-D67C66-001,Coal India;HPCL;IOCL;NTPC;ONGC;SAIL,CIL-400085;HPCL-120097;IOCL-110092;NTPC-200090;ONGC-100095;SAIL-300101,total_annual_consumption,49096,>= P95 (36991.6),Item ranks in the top 5% annual consumption volume for family PIPE/FITTING (MTR).,P95_PERCENTILE_LINEAR_PIPE/FITTING_MTR
5d9a2b5d-cdab-527d-bf5c-621bfd2d76b6,HIGH_VOLUME_CONCENTRATION,CMM-PIPEF-E0FB6D-001,BHEL;HPCL;NMDC;NTPC;ONGC,BHEL-500013;HPCL-120011;NMDC-410013;NTPC-200013;ONGC-100015,total_annual_consumption,37195,>= P95 (36991.6),Item ranks in the top 5% annual consumption volume for family PIPE/FITTING (MTR).,P95_PERCENTILE_LINEAR_PIPE/FITTING_MTR
77c14c78-dd0a-598d-b78b-9499f8b11e67,HIGH_VOLUME_CONCENTRATION,CMM-PIPEF-EB17F7-001,BHEL;HPCL;NTPC;ONGC;SAIL,BHEL-500056;HPCL-120058;NTPC-200052;ONGC-100056;SAIL-300066,total_annual_consumption,48812,>= P95 (36991.6),Item ranks in the top 5% annual consumption volume for family PIPE/FITTING (MTR).,P95_PERCENTILE_LINEAR_PIPE/FITTING_MTR
73fd6adb-008f-5f0a-8d2d-a9dd41ee541e,HIGH_VOLUME_CONCENTRATION,CMM-PIPEF-F76C77-001,Coal India;HPCL;IOCL;NMDC;ONGC;SAIL,CIL-400024;HPCL-120035;IOCL-110033;NMDC-410031;ONGC-100029;SAIL-300035,total_annual_consumption,61459,>= P95 (36991.6),Item ranks in the top 5% annual consumption volume for family PIPE/FITTING (MTR).,P95_PERCENTILE_LINEAR_PIPE/FITTING_MTR
6b06afad-8b72-51b0-9e8c-349fe68a0d09,HIGH_VOLUME_CONCENTRATION,CMM-PUMP-13DAB4-001,BHEL;HPCL;NTPC;ONGC;SAIL,BHEL-500095;HPCL-120096;NTPC-200089;ONGC-100094;SAIL-300100,total_annual_consumption,43135,>= P95 (36899.8),Item ranks in the top 5% annual consumption volume for family PUMP (SET).,P95_PERCENTILE_LINEAR_PUMP_SET
da29b449-21eb-5cf1-9bdd-ece1b037064f,HIGH_VOLUME_CONCENTRATION,CMM-PUMP-173478-001,IOCL;NMDC;NTPC;SAIL,IOCL-110162;NMDC-410177;NTPC-200148;SAIL-300155,total_annual_consumption,46358,>= P95 (36899.8),Item ranks in the top 5% annual consumption volume for family PUMP (SET).,P95_PERCENTILE_LINEAR_PUMP_SET
ae2e2ae9-d135-5ba5-ab47-c2eab50dbf75,HIGH_VOLUME_CONCENTRATION,CMM-PUMP-257C0D-001,Coal India;HPCL;NTPC;SAIL,CIL-400020;HPCL-120032;NTPC-200028;SAIL-300031,total_annual_consumption,37169,>= P95 (36899.8),Item ranks in the top 5% annual consumption volume for family PUMP (SET).,P95_PERCENTILE_LINEAR_PUMP_SET
de5103fd-5d90-55fb-b19f-4cccf816b50d,HIGH_VOLUME_CONCENTRATION,CMM-PUMP-7D55C9-001,IOCL;NMDC;NTPC;ONGC;SAIL,IOCL-110055;NMDC-410054;NTPC-200049;ONGC-100049;SAIL-300059,total_annual_consumption,43205,>= P95 (36899.8),Item ranks in the top 5% annual consumption volume for family PUMP (SET).,P95_PERCENTILE_LINEAR_PUMP_SET
a6b68bb3-fd35-5ca7-ba2c-adc60aa5c078,HIGH_VOLUME_CONCENTRATION,CMM-PUMP-8BAE9F-001,BHEL;Coal India;HPCL;IOCL;NMDC;NTPC,BHEL-500058;CIL-400054;HPCL-120062;IOCL-110060;NMDC-410061;NTPC-200055,total_annual_consumption,41226,>= P95 (36899.8),Item ranks in the top 5% annual consumption volume for family PUMP (SET).,P95_PERCENTILE_LINEAR_PUMP_SET
f698a062-92d8-56be-8b2f-eb48941114db,HIGH_VOLUME_CONCENTRATION,CMM-PUMP-986768-001,Coal India;IOCL;NMDC;NTPC;ONGC;SAIL,CIL-400004;IOCL-110004;NMDC-410003;NTPC-200002;ONGC-100003;SAIL-300004,total_annual_consumption,46070,>= P95 (36899.8),Item ranks in the top 5% annual consumption volume for family PUMP (SET).,P95_PERCENTILE_LINEAR_PUMP_SET
2fef9a9d-7427-5d2d-8635-493615053e18,HIGH_VOLUME_CONCENTRATION,CMM-PUMP-BA45D5-001,Coal India;HPCL;IOCL;NTPC;ONGC;SAIL,CIL-400084;HPCL-120095;IOCL-110091;NTPC-200088;ONGC-100093;SAIL-300099,total_annual_consumption,42316,>= P95 (36899.8),Item ranks in the top 5% annual consumption volume for family PUMP (SET).,P95_PERCENTILE_LINEAR_PUMP_SET
98c9b4cb-7b96-5062-b006-02a63da0a401,HIGH_VOLUME_CONCENTRATION,CMM-PUMP-ED0D84-001,BHEL;Coal India;HPCL;ONGC;SAIL,BHEL-500062;CIL-400059;HPCL-120066;ONGC-100062;SAIL-300071,total_annual_consumption,48472,>= P95 (36899.8),Item ranks in the top 5% annual consumption volume for family PUMP (SET).,P95_PERCENTILE_LINEAR_PUMP_SET
47f33850-2747-5823-9a65-abb986b66236,HIGH_VOLUME_CONCENTRATION,CMM-PUMP-EFB17A-001,Coal India;HPCL;IOCL;NTPC;ONGC;SAIL,CIL-400002;HPCL-120001;IOCL-110001;NTPC-200001;ONGC-100002;SAIL-300002,total_annual_consumption,37021,>= P95 (36899.8),Item ranks in the top 5% annual consumption volume for family PUMP (SET).,P95_PERCENTILE_LINEAR_PUMP_SET
3b91790c-eef6-5d26-95d9-3f8885348b18,HIGH_VOLUME_CONCENTRATION,CMM-PUMP-FC6AAF-001,BHEL;Coal India;IOCL;NMDC;ONGC;SAIL,BHEL-500090;CIL-400081;IOCL-110087;NMDC-410093;ONGC-100089;SAIL-300096,total_annual_consumption,40710,>= P95 (36899.8),Item ranks in the top 5% annual consumption volume for family PUMP (SET).,P95_PERCENTILE_LINEAR_PUMP_SET
a7678c03-e556-5979-bd07-d11f1f9f3d75,HIGH_VOLUME_CONCENTRATION,CMM-PUMP-FEF7B9-001,BHEL;Coal India;NMDC;NTPC,BHEL-500091;CIL-400082;NMDC-410095;NTPC-200125,total_annual_consumption,45226,>= P95 (36899.8),Item ranks in the top 5% annual consumption volume for family PUMP (SET).,P95_PERCENTILE_LINEAR_PUMP_SET
4fedb725-263b-56ff-a840-fd8f7df0d957,HIGH_VOLUME_CONCENTRATION,CMM-SEALG-66D3AC-001,BHEL;HPCL;IOCL;NTPC;ONGC;SAIL,BHEL-500032;HPCL-120036;IOCL-110036;NTPC-200030;ONGC-100032;SAIL-300037,total_annual_consumption,57497,>= P95 (54767.7),Item ranks in the top 5% annual consumption volume for family SEAL/GASKET (KG).,P95_PERCENTILE_LINEAR_SEAL/GASKET_KG
119ac787-007e-5a75-ba02-b19829642f2a,HIGH_VOLUME_CONCENTRATION,CMM-SEALG-AB281C-001,Coal India;HPCL;IOCL;NTPC;ONGC;SAIL,CIL-400068;HPCL-120080;IOCL-110073;NTPC-200074;ONGC-100075;SAIL-300083,total_annual_consumption,58123,>= P95 (51328.0),Item ranks in the top 5% annual consumption volume for family SEAL/GASKET (NOS).,P95_PERCENTILE_LINEAR_SEAL/GASKET_NOS
4e275f92-a15d-5f80-aae3-8d676907d0f0,HIGH_VOLUME_CONCENTRATION,CMM-SEALG-C5D451-001,BHEL;Coal India;HPCL;IOCL;NMDC;SAIL,BHEL-500051;CIL-400045;HPCL-120056;IOCL-110054;NMDC-410052;SAIL-300057,total_annual_consumption,54653,>= P95 (51328.0),Item ranks in the top 5% annual consumption volume for family SEAL/GASKET (NOS).,P95_PERCENTILE_LINEAR_SEAL/GASKET_NOS
94b374f6-60d1-5e6c-b46f-42d8900e76fd,HIGH_VOLUME_CONCENTRATION,CMM-SEALG-DB0B11-001,BHEL;Coal India;IOCL;NMDC;ONGC;SAIL,BHEL-500110;CIL-400104;IOCL-110102;NMDC-410107;ONGC-100111;SAIL-300116,total_annual_consumption,68766,>= P95 (51328.0),Item ranks in the top 5% annual consumption volume for family SEAL/GASKET (NOS).,P95_PERCENTILE_LINEAR_SEAL/GASKET_NOS
735d11b8-318a-5ccf-a04a-5eac404059bf,HIGH_VOLUME_CONCENTRATION,CMM-VALVE-0728B9-001,BHEL;HPCL;IOCL;NMDC;NTPC,BHEL-500085;HPCL-120085;IOCL-110079;NMDC-410088;NTPC-200081,total_annual_consumption,40322,>= P95 (35527.2),Item ranks in the top 5% annual consumption volume for family VALVE (NOS).,P95_PERCENTILE_LINEAR_VALVE_NOS
9928daa7-029d-58b8-ba3e-7ad9ad40f7e2,HIGH_VOLUME_CONCENTRATION,CMM-VALVE-11F993-001,BHEL;Coal India;HPCL;IOCL;NTPC;ONGC,BHEL-500015;CIL-400012;HPCL-120016;IOCL-110019;NTPC-200015;ONGC-100017,total_annual_consumption,58563,>= P95 (35527.2),Item ranks in the top 5% annual consumption volume for family VALVE (NOS).,P95_PERCENTILE_LINEAR_VALVE_NOS
44ad2d8f-ce8c-5ca0-ab3f-5f58e45b4151,HIGH_VOLUME_CONCENTRATION,CMM-VALVE-24B4BF-001,Coal India;IOCL;NTPC;ONGC;SAIL,CIL-400008;IOCL-110009;NTPC-200010;ONGC-100010;SAIL-300011,total_annual_consumption,37298,>= P95 (35527.2),Item ranks in the top 5% annual consumption volume for family VALVE (NOS).,P95_PERCENTILE_LINEAR_VALVE_NOS
30e794cb-1e28-506d-8b92-762eea3067ad,HIGH_VOLUME_CONCENTRATION,CMM-VALVE-3C3B28-001,BHEL;IOCL;NMDC,BHEL-500071;IOCL-110066;NMDC-410073,total_annual_consumption,35543,>= P95 (35527.2),Item ranks in the top 5% annual consumption volume for family VALVE (NOS).,P95_PERCENTILE_LINEAR_VALVE_NOS
b106f9af-4a8c-5e25-9eb7-86d215c6a88e,HIGH_VOLUME_CONCENTRATION,CMM-VALVE-4B0806-001,BHEL;Coal India;HPCL;NTPC;ONGC,BHEL-500066;CIL-400060;HPCL-120068;NTPC-200060;ONGC-100065,total_annual_consumption,53459,>= P95 (35527.2),Item ranks in the top 5% annual consumption volume for family VALVE (NOS).,P95_PERCENTILE_LINEAR_VALVE_NOS
02ceb97f-cfc4-5705-a587-bf295f17607b,HIGH_VOLUME_CONCENTRATION,CMM-VALVE-66AEAC-001,BHEL;Coal India;ONGC;SAIL,BHEL-500088;CIL-400077;ONGC-100087;ONGC-100168;SAIL-300092,total_annual_consumption,37729,>= P95 (35527.2),Item ranks in the top 5% annual consumption volume for family VALVE (NOS).,P95_PERCENTILE_LINEAR_VALVE_NOS
7593d7c3-b8aa-5c74-bd5c-17e7aac91149,HIGH_VOLUME_CONCENTRATION,CMM-VALVE-6D7FC6-001,BHEL;HPCL;IOCL;NTPC;ONGC;SAIL,BHEL-500086;HPCL-120088;IOCL-110082;NTPC-200083;ONGC-100083;SAIL-300089,total_annual_consumption,38163,>= P95 (35527.2),Item ranks in the top 5% annual consumption volume for family VALVE (NOS).,P95_PERCENTILE_LINEAR_VALVE_NOS
024bf215-d839-5d66-9317-bdd03a4d5a51,HIGH_VOLUME_CONCENTRATION,CMM-VALVE-9903B8-001,BHEL;Coal India;HPCL;IOCL;NMDC;NTPC,BHEL-500021;CIL-400017;HPCL-120023;IOCL-110025;NMDC-410021;NTPC-200021,total_annual_consumption,56994,>= P95 (35527.2),Item ranks in the top 5% annual consumption volume for family VALVE (NOS).,P95_PERCENTILE_LINEAR_VALVE_NOS
279221e6-350a-577c-b2d5-e3d425d9eb97,HIGH_VOLUME_CONCENTRATION,CMM-VALVE-992419-001,Coal India;IOCL;NMDC;SAIL,CIL-400003;IOCL-110002;NMDC-410001;SAIL-300003,total_annual_consumption,35839,>= P95 (35527.2),Item ranks in the top 5% annual consumption volume for family VALVE (NOS).,P95_PERCENTILE_LINEAR_VALVE_NOS
035a3f36-8fb2-5d4d-b9c9-b15a25a25be9,HIGH_VOLUME_CONCENTRATION,CMM-VALVE-C12B9C-001,BHEL;IOCL;NMDC;ONGC;SAIL,BHEL-500067;IOCL-110063;NMDC-410068;ONGC-100066;SAIL-300073,total_annual_consumption,41095,>= P95 (35527.2),Item ranks in the top 5% annual consumption volume for family VALVE (NOS).,P95_PERCENTILE_LINEAR_VALVE_NOS
8bdf3cbc-b778-5fa2-b560-05ee1b1b0824,MANUFACTURER_DIVERSITY_SIGNAL,CMM-BEARNG-0FD5BF-001,BHEL;Coal India;HPCL;IOCL;NMDC;NTPC;ONGC;SAIL,BHEL-500157;CIL-400105;HPCL-120115;IOCL-110074;NMDC-410081;NTPC-200102;ONGC-100076;ONGC-100112;ONGC-100159;SAIL-300117,unique_manufacturers_count,3,>= 2,Multiple distinct manufacturers (3) recorded for the identical standardized Common Material Master specification.,OEM_DIVERSITY_CMM-BEARNG-0FD5BF-001
def5fc22-a02f-52d7-85e6-236d065624bd,MANUFACTURER_DIVERSITY_SIGNAL,CMM-BEARNG-1E674F-001,BHEL;Coal India;NTPC;ONGC,BHEL-500118;CIL-400188;NTPC-200185;ONGC-100124,unique_manufacturers_count,2,>= 2,Multiple distinct manufacturers (2) recorded for the identical standardized Common Material Master specification.,OEM_DIVERSITY_CMM-BEARNG-1E674F-001
41dd5bad-e1f2-5c12-983f-a92e72985c85,MANUFACTURER_DIVERSITY_SIGNAL,CMM-BEARNG-20EFDA-001,BHEL;IOCL;NTPC;SAIL,BHEL-500148;IOCL-110108;NTPC-200139;SAIL-300128,unique_manufacturers_count,2,>= 2,Multiple distinct manufacturers (2) recorded for the identical standardized Common Material Master specification.,OEM_DIVERSITY_CMM-BEARNG-20EFDA-001
c0e7ebd8-3ca9-5262-96da-95c626671712,MANUFACTURER_DIVERSITY_SIGNAL,CMM-BEARNG-300A61-001,BHEL;IOCL;NTPC;ONGC,BHEL-500080;BHEL-500114;IOCL-110103;NTPC-200076;ONGC-100077,unique_manufacturers_count,2,>= 2,Multiple distinct manufacturers (2) recorded for the identical standardized Common Material Master specification.,OEM_DIVERSITY_CMM-BEARNG-300A61-001
cadf69c3-40cf-5867-a01b-64fa6d981e8b,MANUFACTURER_DIVERSITY_SIGNAL,CMM-BEARNG-39C22B-001,HPCL;NMDC;NTPC;ONGC;SAIL,HPCL-120031;HPCL-120189;NMDC-410026;NMDC-410188;NMDC-410193;NTPC-200027;NTPC-200107;NTPC-200187;ONGC-100115;SAIL-300030,unique_manufacturers_count,3,>= 2,Multiple distinct manufacturers (3) recorded for the identical standardized Common Material Master specification.,OEM_DIVERSITY_CMM-BEARNG-39C22B-001
e3dfe7f8-eb87-550f-af9d-415a23a52954,MANUFACTURER_DIVERSITY_SIGNAL,CMM-BEARNG-491461-001,BHEL;IOCL;NTPC;ONGC;SAIL,BHEL-500037;BHEL-500072;IOCL-110040;NTPC-200034;NTPC-200064;ONGC-100067;SAIL-300040;SAIL-300077,unique_manufacturers_count,2,>= 2,Multiple distinct manufacturers (2) recorded for the identical standardized Common Material Master specification.,OEM_DIVERSITY_CMM-BEARNG-491461-001
05a6b1a3-4b57-5f90-b225-4cfedb48b94a,MANUFACTURER_DIVERSITY_SIGNAL,CMM-BEARNG-52104E-001,BHEL;Coal India;HPCL;IOCL;NMDC;NTPC;ONGC;SAIL,BHEL-500028;BHEL-500162;CIL-400021;CIL-400129;HPCL-120166;HPCL-120173;IOCL-110031;IOCL-110128;NMDC-410027;NMDC-410139;NTPC-200126;ONGC-100026;SAIL-300032;SAIL-300178,unique_manufacturers_count,3,>= 2,Multiple distinct manufacturers (3) recorded for the identical standardized Common Material Master specification.,OEM_DIVERSITY_CMM-BEARNG-52104E-001
e66458f0-62b6-536b-bf89-ee167b0456bd,MANUFACTURER_DIVERSITY_SIGNAL,CMM-BEARNG-668968-001,BHEL;IOCL;NMDC;ONGC;SAIL,BHEL-500009;IOCL-110010;NMDC-410009;ONGC-100011;ONGC-100201;SAIL-300012;SAIL-300190,unique_manufacturers_count,2,>= 2,Multiple distinct manufacturers (2) recorded for the identical standardized Common Material Master specification.,OEM_DIVERSITY_CMM-BEARNG-668968-001
30399541-75d6-5aaf-83de-7609ce840c16,MANUFACTURER_DIVERSITY_SIGNAL,CMM-BEARNG-67CA99-001,BHEL;Coal India;HPCL;IOCL;NMDC;NTPC;ONGC;SAIL,BHEL-500172;CIL-400022;CIL-400080;CIL-400181;HPCL-120034;HPCL-120093;IOCL-110032;IOCL-110086;IOCL-110171;NMDC-410029;NTPC-200085;NTPC-200166;ONGC-100027;SAIL-300033;SAIL-300095,unique_manufacturers_count,3,>= 2,Multiple distinct manufacturers (3) recorded for the identical standardized Common Material Master specification.,OEM_DIVERSITY_CMM-BEARNG-67CA99-001
a34df245-b244-568d-880f-818e4e6913c0,MANUFACTURER_DIVERSITY_SIGNAL,CMM-BEARNG-75E845-001,Coal India;IOCL;NMDC;NTPC;ONGC,CIL-400070;IOCL-110110;NMDC-410084;NTPC-200078;NTPC-200117;ONGC-100079,unique_manufacturers_count,2,>= 2,Multiple distinct manufacturers (2) recorded for the identical standardized Common Material Master specification.,OEM_DIVERSITY_CMM-BEARNG-75E845-001
b02e77fc-94bb-525f-a339-ae06308a08ef,MANUFACTURER_DIVERSITY_SIGNAL,CMM-BEARNG-7BE095-001,Coal India;NMDC;ONGC,CIL-400137;NMDC-410145;NMDC-410160;ONGC-100162,unique_manufacturers_count,2,>= 2,Multiple distinct manufacturers (2) recorded for the identical standardized Common Material Master specification.,OEM_DIVERSITY_CMM-BEARNG-7BE095-001
0a17f8e4-42a7-5a5e-9db9-17a593e68099,MANUFACTURER_DIVERSITY_SIGNAL,CMM-BEARNG-A2CB3C-001,BHEL;HPCL;IOCL;NMDC;NTPC;ONGC;SAIL,BHEL-500048;HPCL-120020;IOCL-110023;NMDC-410017;NTPC-200018;NTPC-200045;ONGC-100018;ONGC-100046;SAIL-300023,unique_manufacturers_count,2,>= 2,Multiple distinct manufacturers (2) recorded for the identical standardized Common Material Master specification.,OEM_DIVERSITY_CMM-BEARNG-A2CB3C-001
b3019d63-281e-522e-bac2-3ec32e34ab3b,MANUFACTURER_DIVERSITY_SIGNAL,CMM-BEARNG-A74B84-001,BHEL;Coal India;HPCL;NMDC;NTPC;ONGC,BHEL-500101;BHEL-500186;CIL-400092;HPCL-120102;NMDC-410100;NTPC-200182;ONGC-100101,unique_manufacturers_count,2,>= 2,Multiple distinct manufacturers (2) recorded for the identical standardized Common Material Master specification.,OEM_DIVERSITY_CMM-BEARNG-A74B84-001
1d4f25b6-3450-5080-bc2e-d492a8ddad04,MANUFACTURER_DIVERSITY_SIGNAL,CMM-BEARNG-D5796C-001,BHEL;ONGC;SAIL,BHEL-500160;ONGC-100180;SAIL-300160;SAIL-300176,unique_manufacturers_count,2,>= 2,Multiple distinct manufacturers (2) recorded for the identical standardized Common Material Master specification.,OEM_DIVERSITY_CMM-BEARNG-D5796C-001
09447853-0b24-5d7d-8251-3794853f7a01,MANUFACTURER_DIVERSITY_SIGNAL,CMM-BEARNG-FCEB8C-001,Coal India;HPCL;NMDC,CIL-400131;HPCL-120138;HPCL-120149;NMDC-410147,unique_manufacturers_count,2,>= 2,Multiple distinct manufacturers (2) recorded for the identical standardized Common Material Master specification.,OEM_DIVERSITY_CMM-BEARNG-FCEB8C-001
6f60adb3-57b4-5321-b1fe-3153f7d5841e,MANUFACTURER_DIVERSITY_SIGNAL,CMM-BEARNG-FF170C-001,BHEL;Coal India;HPCL;IOCL;NMDC;NTPC;SAIL,BHEL-500043;CIL-400053;HPCL-120043;HPCL-120047;HPCL-120061;HPCL-120184;IOCL-110106;NMDC-410060;NMDC-410184;NTPC-200039;NTPC-200040;NTPC-200054;SAIL-300044;SAIL-300067;SAIL-300125,unique_manufacturers_count,2,>= 2,Multiple distinct manufacturers (2) recorded for the identical standardized Common Material Master specification.,OEM_DIVERSITY_CMM-BEARNG-FF170C-001
20ea3e37-e4b8-5fd4-bccb-003fde1ce2d3,MANUFACTURER_DIVERSITY_SIGNAL,CMM-ELECTR-1643F5-001,Coal India;HPCL;NMDC;SAIL,CIL-400078;HPCL-120092;NMDC-410189;SAIL-300093;SAIL-300193,unique_manufacturers_count,2,>= 2,Multiple distinct manufacturers (2) recorded for the identical standardized Common Material Master specification.,OEM_DIVERSITY_CMM-ELECTR-1643F5-001
0c12b414-07de-5c93-b02c-5e42bf2b53af,MANUFACTURER_DIVERSITY_SIGNAL,CMM-ELECTR-240377-001,Coal India;HPCL;ONGC,CIL-400150;CIL-400161;HPCL-120171;ONGC-100160,unique_manufacturers_count,2,>= 2,Multiple distinct manufacturers (2) recorded for the identical standardized Common Material Master specification.,OEM_DIVERSITY_CMM-ELECTR-240377-001
bf796b3c-3598-5677-990f-5a05da6f8248,MANUFACTURER_DIVERSITY_SIGNAL,CMM-ELECTR-42D24C-001,BHEL;Coal India;HPCL;IOCL;NTPC;ONGC;SAIL,BHEL-500077;CIL-400065;HPCL-120078;HPCL-120163;IOCL-110071;NTPC-200070;ONGC-100072;SAIL-300164,unique_manufacturers_count,2,>= 2,Multiple distinct manufacturers (2) recorded for the identical standardized Common Material Master specification.,OEM_DIVERSITY_CMM-ELECTR-42D24C-001
a3a86a0d-a95b-5a67-ada3-22ea873be249,MANUFACTURER_DIVERSITY_SIGNAL,CMM-ELECTR-609134-001,HPCL;IOCL;NMDC;NTPC;ONGC;SAIL,HPCL-120087;IOCL-110081;NMDC-410089;NTPC-200082;ONGC-100184;SAIL-300182,unique_manufacturers_count,2,>= 2,Multiple distinct manufacturers (2) recorded for the identical standardized Common Material Master specification.,OEM_DIVERSITY_CMM-ELECTR-609134-001
9732f824-c3ee-5442-af89-ab76df48aa10,MANUFACTURER_DIVERSITY_SIGNAL,CMM-ELECTR-62038E-001,BHEL;Coal India;HPCL;IOCL;NMDC;NTPC;ONGC;SAIL,BHEL-500111;CIL-400116;HPCL-120116;IOCL-110109;NMDC-410108;NTPC-200103;ONGC-100113;SAIL-300118,unique_manufacturers_count,2,>= 2,Multiple distinct manufacturers (2) recorded for the identical standardized Common Material Master specification.,OEM_DIVERSITY_CMM-ELECTR-62038E-001
3348968b-3f35-5b44-9b1b-12b1c49feb3a,MANUFACTURER_DIVERSITY_SIGNAL,CMM-ELECTR-8C5683-001,BHEL;Coal India;HPCL;IOCL;NMDC;ONGC;SAIL,BHEL-500121;CIL-400031;CIL-400117;HPCL-120041;IOCL-110042;NMDC-410037;ONGC-100035;SAIL-300042,unique_manufacturers_count,2,>= 2,Multiple distinct manufacturers (2) recorded for the identical standardized Common Material Master specification.,OEM_DIVERSITY_CMM-ELECTR-8C5683-001
a7911824-ef60-50ca-afb6-535b44431bd8,MANUFACTURER_DIVERSITY_SIGNAL,CMM-ELECTR-941023-001,BHEL;Coal India;HPCL;NTPC;ONGC;SAIL,BHEL-500023;CIL-400145;HPCL-120026;NTPC-200023;NTPC-200147;ONGC-100023;SAIL-300026,unique_manufacturers_count,2,>= 2,Multiple distinct manufacturers (2) recorded for the identical standardized Common Material Master specification.,OEM_DIVERSITY_CMM-ELECTR-941023-001
50a58857-7ef2-58d3-a0de-2267d24229bd,MANUFACTURER_DIVERSITY_SIGNAL,CMM-ELECTR-E728FA-001,BHEL;Coal India;HPCL;IOCL;NTPC;ONGC;SAIL,BHEL-500036;CIL-400028;HPCL-120038;IOCL-110039;NTPC-200032;ONGC-100033;ONGC-100191;SAIL-300184,unique_manufacturers_count,2,>= 2,Multiple distinct manufacturers (2) recorded for the identical standardized Common Material Master specification.,OEM_DIVERSITY_CMM-ELECTR-E728FA-001
97f073d5-57f5-512f-80a2-39e7c1531772,MANUFACTURER_DIVERSITY_SIGNAL,CMM-FASTNR-412B68-001,BHEL;HPCL;IOCL;NMDC;NTPC;SAIL,BHEL-500008;BHEL-500107;HPCL-120006;HPCL-120112;IOCL-110008;NMDC-410008;NMDC-410105;NTPC-200009;SAIL-300010,unique_manufacturers_count,2,>= 2,Multiple distinct manufacturers (2) recorded for the identical standardized Common Material Master specification.,OEM_DIVERSITY_CMM-FASTNR-412B68-001
96245c22-4d5a-5a25-92a1-d2092906420c,MANUFACTURER_DIVERSITY_SIGNAL,CMM-FASTNR-A82C5B-001,Coal India;HPCL;NMDC;NTPC;ONGC;SAIL,CIL-400056;HPCL-120063;HPCL-120150;NMDC-410063;NTPC-200057;ONGC-100059;ONGC-100155;SAIL-300069,unique_manufacturers_count,2,>= 2,Multiple distinct manufacturers (2) recorded for the identical standardized Common Material Master specification.,OEM_DIVERSITY_CMM-FASTNR-A82C5B-001
735f66ef-cf86-50c0-976f-8bab82d179ff,MANUFACTURER_DIVERSITY_SIGNAL,CMM-INSTRU-1E073D-001,BHEL;Coal India;HPCL;IOCL;NMDC;NTPC;ONGC;SAIL,BHEL-500030;BHEL-500109;CIL-400014;CIL-400023;CIL-400100;HPCL-120019;HPCL-120113;IOCL-110113;NMDC-410030;NTPC-200017;NTPC-200029;NTPC-200099;ONGC-100028;ONGC-100129;SAIL-300034;SAIL-300113,unique_manufacturers_count,4,>= 2,Multiple distinct manufacturers (4) recorded for the identical standardized Common Material Master specification.,OEM_DIVERSITY_CMM-INSTRU-1E073D-001
df887798-8337-512b-89ef-841e19a566e2,MANUFACTURER_DIVERSITY_SIGNAL,CMM-INSTRU-2A3760-001,NTPC;SAIL,NTPC-200159;SAIL-300123,unique_manufacturers_count,2,>= 2,Multiple distinct manufacturers (2) recorded for the identical standardized Common Material Master specification.,OEM_DIVERSITY_CMM-INSTRU-2A3760-001
3db52c7f-adc1-50f8-ae67-ba28b32b0d14,MANUFACTURER_DIVERSITY_SIGNAL,CMM-INSTRU-2B591E-001,BHEL;Coal India;HPCL;IOCL;NMDC;ONGC;SAIL,BHEL-500084;CIL-400124;HPCL-120084;HPCL-120086;IOCL-110078;IOCL-110080;NMDC-410087;ONGC-100081;ONGC-100082;SAIL-300088,unique_manufacturers_count,3,>= 2,Multiple distinct manufacturers (3) recorded for the identical standardized Common Material Master specification.,OEM_DIVERSITY_CMM-INSTRU-2B591E-001
ee89ff8a-575d-5c5a-9dcb-51f8cf2da514,MANUFACTURER_DIVERSITY_SIGNAL,CMM-INSTRU-40C5B3-001,BHEL;Coal India;HPCL;NMDC,BHEL-500180;CIL-400176;HPCL-120122;NMDC-410115,unique_manufacturers_count,2,>= 2,Multiple distinct manufacturers (2) recorded for the identical standardized Common Material Master specification.,OEM_DIVERSITY_CMM-INSTRU-40C5B3-001
e1305d4c-2263-50e6-9a79-02526f4666bc,MANUFACTURER_DIVERSITY_SIGNAL,CMM-INSTRU-472245-001,IOCL;NMDC;ONGC,IOCL-110145;NMDC-410171;ONGC-100164;ONGC-100175,unique_manufacturers_count,2,>= 2,Multiple distinct manufacturers (2) recorded for the identical standardized Common Material Master specification.,OEM_DIVERSITY_CMM-INSTRU-472245-001
d355c606-0e61-572f-af7d-b39e4c9a05df,MANUFACTURER_DIVERSITY_SIGNAL,CMM-INSTRU-746A35-001,HPCL;IOCL;NMDC;NTPC;ONGC;SAIL,HPCL-120008;IOCL-110012;IOCL-110158;NMDC-410011;NTPC-200011;ONGC-100012;SAIL-300014;SAIL-300177,unique_manufacturers_count,2,>= 2,Multiple distinct manufacturers (2) recorded for the identical standardized Common Material Master specification.,OEM_DIVERSITY_CMM-INSTRU-746A35-001
9168013f-4399-5c9c-b74e-727c0fe28a88,MANUFACTURER_DIVERSITY_SIGNAL,CMM-INSTRU-76A4D1-001,BHEL;Coal India;HPCL;ONGC,BHEL-500185;CIL-400180;HPCL-120139;ONGC-100140,unique_manufacturers_count,2,>= 2,Multiple distinct manufacturers (2) recorded for the identical standardized Common Material Master specification.,OEM_DIVERSITY_CMM-INSTRU-76A4D1-001
882399c8-a9e3-52f0-8a5d-3d7b5d662d8c,MANUFACTURER_DIVERSITY_SIGNAL,CMM-INSTRU-77851D-001,NTPC;ONGC,NTPC-200113;ONGC-100172,unique_manufacturers_count,2,>= 2,Multiple distinct manufacturers (2) recorded for the identical standardized Common Material Master specification.,OEM_DIVERSITY_CMM-INSTRU-77851D-001
50a2e159-8c6b-5d66-97a1-5df358f67f40,MANUFACTURER_DIVERSITY_SIGNAL,CMM-INSTRU-7A3205-001,BHEL;Coal India;HPCL;IOCL;NMDC;ONGC;SAIL,BHEL-500087;BHEL-500096;BHEL-500100;CIL-400075;CIL-400087;CIL-400091;HPCL-120090;IOCL-110084;IOCL-110095;NMDC-410091;NMDC-410099;ONGC-100085;ONGC-100096;ONGC-100100;SAIL-300105,unique_manufacturers_count,2,>= 2,Multiple distinct manufacturers (2) recorded for the identical standardized Common Material Master specification.,OEM_DIVERSITY_CMM-INSTRU-7A3205-001
511d5878-166c-5ae9-8fec-86c55d2ab132,MANUFACTURER_DIVERSITY_SIGNAL,CMM-INSTRU-C4873D-001,Coal India;HPCL;IOCL;ONGC;SAIL,CIL-400089;HPCL-120141;IOCL-110094;IOCL-110127;ONGC-100099;SAIL-300103,unique_manufacturers_count,2,>= 2,Multiple distinct manufacturers (2) recorded for the identical standardized Common Material Master specification.,OEM_DIVERSITY_CMM-INSTRU-C4873D-001
1a1b289e-27f3-5f2e-a520-e3506ae55772,MANUFACTURER_DIVERSITY_SIGNAL,CMM-INSTRU-C7F4D5-001,BHEL;HPCL;IOCL;NMDC;NTPC,BHEL-500105;HPCL-120109;IOCL-110143;IOCL-110169;NMDC-410185;NTPC-200096;NTPC-200149,unique_manufacturers_count,2,>= 2,Multiple distinct manufacturers (2) recorded for the identical standardized Common Material Master specification.,OEM_DIVERSITY_CMM-INSTRU-C7F4D5-001
6b499360-31e1-58e5-aee9-6ef42fddaf5f,MANUFACTURER_DIVERSITY_SIGNAL,CMM-INSTRU-F3707C-001,Coal India;HPCL;IOCL;NMDC;NTPC;ONGC;SAIL,CIL-400076;HPCL-120091;IOCL-110161;NMDC-410092;NTPC-200084;ONGC-100086;ONGC-100187;SAIL-300091,unique_manufacturers_count,2,>= 2,Multiple distinct manufacturers (2) recorded for the identical standardized Common Material Master specification.,OEM_DIVERSITY_CMM-INSTRU-F3707C-001
c09a1707-8846-59dd-9152-32c39580ac62,MANUFACTURER_DIVERSITY_SIGNAL,CMM-PUMP-F3916E-001,Coal India;HPCL;IOCL;SAIL,CIL-400149;HPCL-120013;IOCL-110017;SAIL-300019,unique_manufacturers_count,2,>= 2,Multiple distinct manufacturers (2) recorded for the identical standardized Common Material Master specification.,OEM_DIVERSITY_CMM-PUMP-F3916E-001
34154f51-f76f-5660-a048-bfb58cf03ee0,MANUFACTURER_DIVERSITY_SIGNAL,CMM-PUMP-FA44B3-001,BHEL;Coal India;NMDC;ONGC,BHEL-500127;CIL-400123;NMDC-410125;ONGC-100133,unique_manufacturers_count,2,>= 2,Multiple distinct manufacturers (2) recorded for the identical standardized Common Material Master specification.,OEM_DIVERSITY_CMM-PUMP-FA44B3-001
567c74cc-c2e2-5e89-8b2e-1bb4c1f3eefc,MANUFACTURER_DIVERSITY_SIGNAL,CMM-PUMP-FEF7B9-001,BHEL;Coal India;NMDC;NTPC,BHEL-500091;CIL-400082;NMDC-410095;NTPC-200125,unique_manufacturers_count,2,>= 2,Multiple distinct manufacturers (2) recorded for the identical standardized Common Material Master specification.,OEM_DIVERSITY_CMM-PUMP-FEF7B9-001
175b7188-409c-5606-87dd-84322d5a5135,MANUFACTURER_DIVERSITY_SIGNAL,CMM-SEALG-82045D-001,Coal India;IOCL;NTPC,CIL-400164;IOCL-110125;IOCL-110154;NTPC-200135,unique_manufacturers_count,2,>= 2,Multiple distinct manufacturers (2) recorded for the identical standardized Common Material Master specification.,OEM_DIVERSITY_CMM-SEALG-82045D-001
e06a435b-8d51-5796-b959-32472e4d5ed3,MANUFACTURER_DIVERSITY_SIGNAL,CMM-SEALG-E00177-001,HPCL;IOCL;NMDC;NTPC;SAIL,HPCL-120071;HPCL-120137;IOCL-110149;NMDC-410165;NTPC-200063;SAIL-300076;SAIL-300140,unique_manufacturers_count,2,>= 2,Multiple distinct manufacturers (2) recorded for the identical standardized Common Material Master specification.,OEM_DIVERSITY_CMM-SEALG-E00177-001
73d27033-0f05-5dfd-b66f-16a7320919ab,MANUFACTURER_DIVERSITY_SIGNAL,CMM-SEALG-E86469-001,BHEL;Coal India;HPCL,BHEL-500115;CIL-400110;CIL-400140;HPCL-120148,unique_manufacturers_count,2,>= 2,Multiple distinct manufacturers (2) recorded for the identical standardized Common Material Master specification.,OEM_DIVERSITY_CMM-SEALG-E86469-001
cc4d1a5f-1c4e-571f-a54f-2f0eedd07c15,MULTI_CPSE_DEMAND_AGGREGATION,CMM-BEARNG-0669B8-001,IOCL;NMDC;NTPC,IOCL-110088;NMDC-410094;NTPC-200086,cpse_count,3,>= 2,Harmonized Common Material Master specification consumed across multiple public sector enterprises.,CAN-000331|VALIDATED_COMPATIBLE|ACCEPT
360c6e43-a21d-57fc-880f-41519015f64e,MULTI_CPSE_DEMAND_AGGREGATION,CMM-BEARNG-0772AD-001,IOCL;NMDC,IOCL-110135;NMDC-410149,cpse_count,2,>= 2,Harmonized Common Material Master specification consumed across multiple public sector enterprises.,CAN-000331|VALIDATED_COMPATIBLE|ACCEPT
85faff21-64c8-53a2-9665-81a8dc35b606,MULTI_CPSE_DEMAND_AGGREGATION,CMM-BEARNG-0C2D83-001,HPCL;NTPC,HPCL-120117;NTPC-200108,cpse_count,2,>= 2,Harmonized Common Material Master specification consumed across multiple public sector enterprises.,CAN-000331|VALIDATED_COMPATIBLE|ACCEPT
cc3ba7b9-20b2-5299-96d6-e983946132bf,MULTI_CPSE_DEMAND_AGGREGATION,CMM-BEARNG-0FD5BF-001,BHEL;Coal India;HPCL;IOCL;NMDC;NTPC;ONGC;SAIL,BHEL-500157;CIL-400105;HPCL-120115;IOCL-110074;NMDC-410081;NTPC-200102;ONGC-100076;ONGC-100112;ONGC-100159;SAIL-300117,cpse_count,8,>= 2,Harmonized Common Material Master specification consumed across multiple public sector enterprises.,CAN-000331|VALIDATED_COMPATIBLE|ACCEPT
7c3ec64a-eb6b-5746-9820-dcc4fc91af71,MULTI_CPSE_DEMAND_AGGREGATION,CMM-BEARNG-17B18A-001,BHEL;HPCL;IOCL;ONGC;SAIL,BHEL-500102;HPCL-120104;IOCL-110096;ONGC-100102;SAIL-300107,cpse_count,5,>= 2,Harmonized Common Material Master specification consumed across multiple public sector enterprises.,CAN-000331|VALIDATED_COMPATIBLE|ACCEPT
d48c21f3-9974-515c-bf2b-31da45570893,MULTI_CPSE_DEMAND_AGGREGATION,CMM-BEARNG-1E674F-001,BHEL;Coal India;NTPC;ONGC,BHEL-500118;CIL-400188;NTPC-200185;ONGC-100124,cpse_count,4,>= 2,Harmonized Common Material Master specification consumed across multiple public sector enterprises.,CAN-000331|VALIDATED_COMPATIBLE|ACCEPT
4560dfdb-c69e-5b97-9217-96e467554753,MULTI_CPSE_DEMAND_AGGREGATION,CMM-BEARNG-200E56-001,NTPC;ONGC,NTPC-200144;ONGC-100152,cpse_count,2,>= 2,Harmonized Common Material Master specification consumed across multiple public sector enterprises.,CAN-000331|VALIDATED_COMPATIBLE|ACCEPT
debc907c-9968-54df-83ba-8ad39aa4cfdb,MULTI_CPSE_DEMAND_AGGREGATION,CMM-BEARNG-20EFDA-001,BHEL;IOCL;NTPC;SAIL,BHEL-500148;IOCL-110108;NTPC-200139;SAIL-300128,cpse_count,4,>= 2,Harmonized Common Material Master specification consumed across multiple public sector enterprises.,CAN-000331|VALIDATED_COMPATIBLE|ACCEPT
ce001eb1-8f35-5da4-a456-4efc004827b3,MULTI_CPSE_DEMAND_AGGREGATION,CMM-BEARNG-300A61-001,BHEL;IOCL;NTPC;ONGC,BHEL-500080;BHEL-500114;IOCL-110103;NTPC-200076;ONGC-100077,cpse_count,4,>= 2,Harmonized Common Material Master specification consumed across multiple public sector enterprises.,CAN-000331|VALIDATED_COMPATIBLE|ACCEPT
af096006-93d3-5314-97fb-961f3aa020e6,MULTI_CPSE_DEMAND_AGGREGATION,CMM-BEARNG-39C22B-001,HPCL;NMDC;NTPC;ONGC;SAIL,HPCL-120031;HPCL-120189;NMDC-410026;NMDC-410188;NMDC-410193;NTPC-200027;NTPC-200107;NTPC-200187;ONGC-100115;SAIL-300030,cpse_count,5,>= 2,Harmonized Common Material Master specification consumed across multiple public sector enterprises.,CAN-000331|VALIDATED_COMPATIBLE|ACCEPT
96609563-1fe7-5ebf-8a22-e9234a36ad85,MULTI_CPSE_DEMAND_AGGREGATION,CMM-BEARNG-3EC238-001,Coal India;HPCL,CIL-400153;HPCL-120164,cpse_count,2,>= 2,Harmonized Common Material Master specification consumed across multiple public sector enterprises.,CAN-000331|VALIDATED_COMPATIBLE|ACCEPT
bc76488c-7e18-58ce-8360-b790012169ce,MULTI_CPSE_DEMAND_AGGREGATION,CMM-BEARNG-491461-001,BHEL;IOCL;NTPC;ONGC;SAIL,BHEL-500037;BHEL-500072;IOCL-110040;NTPC-200034;NTPC-200064;ONGC-100067;SAIL-300040;SAIL-300077,cpse_count,5,>= 2,Harmonized Common Material Master specification consumed across multiple public sector enterprises.,CAN-000331|VALIDATED_COMPATIBLE|ACCEPT
a483145c-d60d-5cdd-a8f1-4a805c9dac99,MULTI_CPSE_DEMAND_AGGREGATION,CMM-BEARNG-52104E-001,BHEL;Coal India;HPCL;IOCL;NMDC;NTPC;ONGC;SAIL,BHEL-500028;BHEL-500162;CIL-400021;CIL-400129;HPCL-120166;HPCL-120173;IOCL-110031;IOCL-110128;NMDC-410027;NMDC-410139;NTPC-200126;ONGC-100026;SAIL-300032;SAIL-300178,cpse_count,8,>= 2,Harmonized Common Material Master specification consumed across multiple public sector enterprises.,CAN-000331|VALIDATED_COMPATIBLE|ACCEPT
df494553-222c-5c23-95f9-4f406281a594,MULTI_CPSE_DEMAND_AGGREGATION,CMM-BEARNG-668968-001,BHEL;IOCL;NMDC;ONGC;SAIL,BHEL-500009;IOCL-110010;NMDC-410009;ONGC-100011;ONGC-100201;SAIL-300012;SAIL-300190,cpse_count,5,>= 2,Harmonized Common Material Master specification consumed across multiple public sector enterprises.,CAN-000331|VALIDATED_COMPATIBLE|ACCEPT
4c1f3d5a-cb60-5a5d-b880-38465211ba35,MULTI_CPSE_DEMAND_AGGREGATION,CMM-BEARNG-66CBD4-001,Coal India;ONGC,CIL-400128;ONGC-100135,cpse_count,2,>= 2,Harmonized Common Material Master specification consumed across multiple public sector enterprises.,CAN-000331|VALIDATED_COMPATIBLE|ACCEPT
19e9d05b-5ab5-5ae9-b2a9-af8b17b2ea86,MULTI_CPSE_DEMAND_AGGREGATION,CMM-BEARNG-67CA99-001,BHEL;Coal India;HPCL;IOCL;NMDC;NTPC;ONGC;SAIL,BHEL-500172;CIL-400022;CIL-400080;CIL-400181;HPCL-120034;HPCL-120093;IOCL-110032;IOCL-110086;IOCL-110171;NMDC-410029;NTPC-200085;NTPC-200166;ONGC-100027;SAIL-300033;SAIL-300095,cpse_count,8,>= 2,Harmonized Common Material Master specification consumed across multiple public sector enterprises.,CAN-000331|VALIDATED_COMPATIBLE|ACCEPT
5ff7f816-8f7d-5ef4-bc9b-8330c5a252a3,MULTI_CPSE_DEMAND_AGGREGATION,CMM-BEARNG-75E845-001,Coal India;IOCL;NMDC;NTPC;ONGC,CIL-400070;IOCL-110110;NMDC-410084;NTPC-200078;NTPC-200117;ONGC-100079,cpse_count,5,>= 2,Harmonized Common Material Master specification consumed across multiple public sector enterprises.,CAN-000331|VALIDATED_COMPATIBLE|ACCEPT
f694f178-cf12-55ea-ad64-61fc3cf45564,MULTI_CPSE_DEMAND_AGGREGATION,CMM-BEARNG-7BE095-001,Coal India;NMDC;ONGC,CIL-400137;NMDC-410145;NMDC-410160;ONGC-100162,cpse_count,3,>= 2,Harmonized Common Material Master specification consumed across multiple public sector enterprises.,CAN-000331|VALIDATED_COMPATIBLE|ACCEPT
81f72ae2-8152-5c13-97d0-13618b28d593,MULTI_CPSE_DEMAND_AGGREGATION,CMM-BEARNG-87EFE4-001,Coal India;HPCL;NMDC;NTPC;ONGC;SAIL,CIL-400029;HPCL-120039;NMDC-410036;NTPC-200033;ONGC-100034;SAIL-300039,cpse_count,6,>= 2,Harmonized Common Material Master specification consumed across multiple public sector enterprises.,CAN-000331|VALIDATED_COMPATIBLE|ACCEPT
5ebe1522-cd6a-572c-9df6-87bb8cf01077,MULTI_CPSE_DEMAND_AGGREGATION,CMM-BEARNG-89DC5A-001,BHEL;HPCL;NTPC;ONGC;SAIL,BHEL-500025;HPCL-120028;NTPC-200025;ONGC-100025;SAIL-300027,cpse_count,5,>= 2,Harmonized Common Material Master specification consumed across multiple public sector enterprises.,CAN-000331|VALIDATED_COMPATIBLE|ACCEPT
b5e02c4f-aabb-545d-9414-db0abf12bcdc,MULTI_CPSE_DEMAND_AGGREGATION,CMM-BEARNG-947C4D-001,Coal India;HPCL;NMDC;NTPC;ONGC,CIL-400051;HPCL-120059;NMDC-410059;NTPC-200053;ONGC-100057,cpse_count,5,>= 2,Harmonized Common Material Master specification consumed across multiple public sector enterprises.,CAN-000331|VALIDATED_COMPATIBLE|ACCEPT
a14075c2-b899-52ab-bd6f-ede2b4158516,MULTI_CPSE_DEMAND_AGGREGATION,CMM-BEARNG-98CF95-001,BHEL;Coal India;ONGC;SAIL,BHEL-500001;CIL-400001;ONGC-100001;SAIL-300001,cpse_count,4,>= 2,Harmonized Common Material Master specification consumed across multiple public sector enterprises.,CAN-000331|VALIDATED_COMPATIBLE|ACCEPT
2f4b0704-1392-5730-8672-a102b66308e4,MULTI_CPSE_DEMAND_AGGREGATION,CMM-BEARNG-A0A0E6-001,HPCL;NMDC,HPCL-120130;NMDC-410122,cpse_count,2,>= 2,Harmonized Common Material Master specification consumed across multiple public sector enterprises.,CAN-000331|VALIDATED_COMPATIBLE|ACCEPT
bf958760-3ea0-5012-8a0d-f38e9c6d8b7a,MULTI_CPSE_DEMAND_AGGREGATION,CMM-BEARNG-A2CB3C-001,BHEL;HPCL;IOCL;NMDC;NTPC;ONGC;SAIL,BHEL-500048;HPCL-120020;IOCL-110023;NMDC-410017;NTPC-200018;NTPC-200045;ONGC-100018;ONGC-100046;SAIL-300023,cpse_count,7,>= 2,Harmonized Common Material Master specification consumed across multiple public sector enterprises.,CAN-000331|VALIDATED_COMPATIBLE|ACCEPT
47762cdd-3901-5da3-9e83-7a198384ad1d,MULTI_CPSE_DEMAND_AGGREGATION,CMM-BEARNG-A353C8-001,HPCL;SAIL,HPCL-120155;SAIL-300153,cpse_count,2,>= 2,Harmonized Common Material Master specification consumed across multiple public sector enterprises.,CAN-000331|VALIDATED_COMPATIBLE|ACCEPT
783d253b-c0c2-5088-b6b6-7aaf3930189c,MULTI_CPSE_DEMAND_AGGREGATION,CMM-BEARNG-A74B84-001,BHEL;Coal India;HPCL;NMDC;NTPC;ONGC,BHEL-500101;BHEL-500186;CIL-400092;HPCL-120102;NMDC-410100;NTPC-200182;ONGC-100101,cpse_count,6,>= 2,Harmonized Common Material Master specification consumed across multiple public sector enterprises.,CAN-000331|VALIDATED_COMPATIBLE|ACCEPT
4c6b63c5-dbaa-5914-8531-2dae86ddd44a,MULTI_CPSE_DEMAND_AGGREGATION,CMM-BEARNG-BE8172-001,Coal India;SAIL,CIL-400160;SAIL-300172,cpse_count,2,>= 2,Harmonized Common Material Master specification consumed across multiple public sector enterprises.,CAN-000331|VALIDATED_COMPATIBLE|ACCEPT
2340085b-dbad-5976-8095-dc65a945b705,MULTI_CPSE_DEMAND_AGGREGATION,CMM-BEARNG-D5796C-001,BHEL;ONGC;SAIL,BHEL-500160;ONGC-100180;SAIL-300160;SAIL-300176,cpse_count,3,>= 2,Harmonized Common Material Master specification consumed across multiple public sector enterprises.,CAN-000331|VALIDATED_COMPATIBLE|ACCEPT
362935a5-c1ed-50d5-9603-6e09a98e7997,MULTI_CPSE_DEMAND_AGGREGATION,CMM-BEARNG-D8807A-001,HPCL;ONGC,HPCL-120183;ONGC-100200,cpse_count,2,>= 2,Harmonized Common Material Master specification consumed across multiple public sector enterprises.,CAN-000331|VALIDATED_COMPATIBLE|ACCEPT
fee1d102-ea4c-5ca9-8af2-defaf7aebb1f,MULTI_CPSE_DEMAND_AGGREGATION,CMM-BEARNG-D93FF3-001,Coal India;HPCL,CIL-400120;HPCL-120127,cpse_count,2,>= 2,Harmonized Common Material Master specification consumed across multiple public sector enterprises.,CAN-000331|VALIDATED_COMPATIBLE|ACCEPT
826a6aa9-6bf5-524d-b057-d590f5b325d4,MULTI_CPSE_DEMAND_AGGREGATION,CMM-BEARNG-F25509-001,BHEL;ONGC,BHEL-500145;ONGC-100146,cpse_count,2,>= 2,Harmonized Common Material Master specification consumed across multiple public sector enterprises.,CAN-000331|VALIDATED_COMPATIBLE|ACCEPT
a29a2b6d-c545-5e01-8bb5-4ff1c75a47b2,MULTI_CPSE_DEMAND_AGGREGATION,CMM-BEARNG-F56C70-001,IOCL;ONGC,IOCL-110123;ONGC-100144,cpse_count,2,>= 2,Harmonized Common Material Master specification consumed across multiple public sector enterprises.,CAN-000331|VALIDATED_COMPATIBLE|ACCEPT
987a3529-a628-554d-9304-bd5138072e18,MULTI_CPSE_DEMAND_AGGREGATION,CMM-BEARNG-FBE56C-001,BHEL;NTPC;ONGC,BHEL-500181;NTPC-200174;ONGC-100192;ONGC-100196,cpse_count,3,>= 2,Harmonized Common Material Master specification consumed across multiple public sector enterprises.,CAN-000331|VALIDATED_COMPATIBLE|ACCEPT
1904d3dd-3bd7-5d0b-a5c7-072e4c1d8eb2,MULTI_CPSE_DEMAND_AGGREGATION,CMM-BEARNG-FCEB8C-001,Coal India;HPCL;NMDC,CIL-400131;HPCL-120138;HPCL-120149;NMDC-410147,cpse_count,3,>= 2,Harmonized Common Material Master specification consumed across multiple public sector enterprises.,CAN-000331|VALIDATED_COMPATIBLE|ACCEPT
cb81d8d6-6ae0-5c96-a805-01330c7f09c4,MULTI_CPSE_DEMAND_AGGREGATION,CMM-BEARNG-FF170C-001,BHEL;Coal India;HPCL;IOCL;NMDC;NTPC;SAIL,BHEL-500043;CIL-400053;HPCL-120043;HPCL-120047;HPCL-120061;HPCL-120184;IOCL-110106;NMDC-410060;NMDC-410184;NTPC-200039;NTPC-200040;NTPC-200054;SAIL-300044;SAIL-300067;SAIL-300125,cpse_count,7,>= 2,Harmonized Common Material Master specification consumed across multiple public sector enterprises.,CAN-000331|VALIDATED_COMPATIBLE|ACCEPT
662c9179-c0d6-550c-83fc-b9671a05e1aa,MULTI_CPSE_DEMAND_AGGREGATION,CMM-ELECTR-07DFFB-001,NTPC;SAIL,NTPC-200153;SAIL-300167,cpse_count,2,>= 2,Harmonized Common Material Master specification consumed across multiple public sector enterprises.,CAN-000331|VALIDATED_COMPATIBLE|ACCEPT
1891192b-dbd2-595e-8115-604942675727,MULTI_CPSE_DEMAND_AGGREGATION,CMM-ELECTR-0CDB57-001,BHEL;Coal India;HPCL;NMDC,BHEL-500033;CIL-400026;HPCL-120037;NMDC-410033,cpse_count,4,>= 2,Harmonized Common Material Master specification consumed across multiple public sector enterprises.,CAN-000331|VALIDATED_COMPATIBLE|ACCEPT
aa3e908f-06b3-5830-963c-a6af6621a771,MULTI_CPSE_DEMAND_AGGREGATION,CMM-ELECTR-1643F5-001,Coal India;HPCL;NMDC;SAIL,CIL-400078;HPCL-120092;NMDC-410189;SAIL-300093;SAIL-300193,cpse_count,4,>= 2,Harmonized Common Material Master specification consumed across multiple public sector enterprises.,CAN-000331|VALIDATED_COMPATIBLE|ACCEPT
fed9dcd0-28f1-5f04-b253-f86f57a7708a,MULTI_CPSE_DEMAND_AGGREGATION,CMM-ELECTR-19262A-001,BHEL;HPCL;NTPC;ONGC;SAIL,BHEL-500012;HPCL-120009;NTPC-200012;ONGC-100013;SAIL-300016,cpse_count,5,>= 2,Harmonized Common Material Master specification consumed across multiple public sector enterprises.,CAN-000331|VALIDATED_COMPATIBLE|ACCEPT
bd6c184e-5459-5214-bea3-0b35368fe4ff,MULTI_CPSE_DEMAND_AGGREGATION,CMM-ELECTR-1AC0A4-001,Coal India;ONGC,CIL-400189;ONGC-100207,cpse_count,2,>= 2,Harmonized Common Material Master specification consumed across multiple public sector enterprises.,CAN-000331|VALIDATED_COMPATIBLE|ACCEPT
174b455e-b911-5162-853c-5a42657d0d19,MULTI_CPSE_DEMAND_AGGREGATION,CMM-ELECTR-1B3CEC-001,BHEL;NTPC,BHEL-500137;NTPC-200132,cpse_count,2,>= 2,Harmonized Common Material Master specification consumed across multiple public sector enterprises.,CAN-000331|VALIDATED_COMPATIBLE|ACCEPT
01310bf1-72ae-524a-9f61-6a829c54811b,MULTI_CPSE_DEMAND_AGGREGATION,CMM-ELECTR-1C59B4-001,NMDC;ONGC,NMDC-410138;ONGC-100145,cpse_count,2,>= 2,Harmonized Common Material Master specification consumed across multiple public sector enterprises.,CAN-000331|VALIDATED_COMPATIBLE|ACCEPT
a7e5bebc-e1f0-5329-95df-15ccdecea313,MULTI_CPSE_DEMAND_AGGREGATION,CMM-ELECTR-240377-001,Coal India;HPCL;ONGC,CIL-400150;CIL-400161;HPCL-120171;ONGC-100160,cpse_count,3,>= 2,Harmonized Common Material Master specification consumed across multiple public sector enterprises.,CAN-000331|VALIDATED_COMPATIBLE|ACCEPT
1a735a74-86d8-5d81-aba8-2d49cee6a23d,MULTI_CPSE_DEMAND_AGGREGATION,CMM-ELECTR-253FB4-001,IOCL;NMDC,IOCL-110140;NMDC-410157,cpse_count,2,>= 2,Harmonized Common Material Master specification consumed across multiple public sector enterprises.,CAN-000331|VALIDATED_COMPATIBLE|ACCEPT
421225da-2871-5a47-ac7a-2f968fa2aefa,MULTI_CPSE_DEMAND_AGGREGATION,CMM-ELECTR-266707-001,BHEL;HPCL;NTPC;ONGC;SAIL,BHEL-500081;HPCL-120082;NTPC-200077;ONGC-100078;SAIL-300085,cpse_count,5,>= 2,Harmonized Common Material Master specification consumed across multiple public sector enterprises.,CAN-000331|VALIDATED_COMPATIBLE|ACCEPT
34d13463-1ad0-5c3f-8c92-d47922be7f35,MULTI_CPSE_DEMAND_AGGREGATION,CMM-ELECTR-2DB37C-001,BHEL;HPCL;NMDC;NTPC;SAIL,BHEL-500039;HPCL-120042;NMDC-410039;NTPC-200038;SAIL-300043,cpse_count,5,>= 2,Harmonized Common Material Master specification consumed across multiple public sector enterprises.,CAN-000331|VALIDATED_COMPATIBLE|ACCEPT
ecbe2cd4-15c2-58e7-ae93-9e3efb82955a,MULTI_CPSE_DEMAND_AGGREGATION,CMM-ELECTR-329BB9-001,BHEL;ONGC,BHEL-500161;ONGC-100165,cpse_count,2,>= 2,Harmonized Common Material Master specification consumed across multiple public sector enterprises.,CAN-000331|VALIDATED_COMPATIBLE|ACCEPT
09cb8354-1e7f-5d05-9e1f-5e346b096346,MULTI_CPSE_DEMAND_AGGREGATION,CMM-ELECTR-3E612F-001,Coal India;ONGC,CIL-400151;ONGC-100163,cpse_count,2,>= 2,Harmonized Common Material Master specification consumed across multiple public sector enterprises.,CAN-000331|VALIDATED_COMPATIBLE|ACCEPT
24856ee3-0196-52cd-bdae-25a95113c81e,MULTI_CPSE_DEMAND_AGGREGATION,CMM-ELECTR-3F0657-001,IOCL;NMDC,IOCL-110133;NMDC-410144,cpse_count,2,>= 2,Harmonized Common Material Master specification consumed across multiple public sector enterprises.,CAN-000331|VALIDATED_COMPATIBLE|ACCEPT
0c79729b-7c13-5109-be00-4fe0321be2a0,MULTI_CPSE_DEMAND_AGGREGATION,CMM-ELECTR-3F141A-001,Coal India;NMDC,CIL-400114;NMDC-410118,cpse_count,2,>= 2,Harmonized Common Material Master specification consumed across multiple public sector enterprises.,CAN-000331|VALIDATED_COMPATIBLE|ACCEPT
e1069309-5752-5b26-bff0-22bbe4f97a87,MULTI_CPSE_DEMAND_AGGREGATION,CMM-ELECTR-40640A-001,Coal India;NTPC,CIL-400157;NTPC-200157,cpse_count,2,>= 2,Harmonized Common Material Master specification consumed across multiple public sector enterprises.,CAN-000331|VALIDATED_COMPATIBLE|ACCEPT
f832f91b-c1ed-578c-8441-a0f8a6dda65c,MULTI_CPSE_DEMAND_AGGREGATION,CMM-ELECTR-42D24C-001,BHEL;Coal India;HPCL;IOCL;NTPC;ONGC;SAIL,BHEL-500077;CIL-400065;HPCL-120078;HPCL-120163;IOCL-110071;NTPC-200070;ONGC-100072;SAIL-300164,cpse_count,7,>= 2,Harmonized Common Material Master specification consumed across multiple public sector enterprises.,CAN-000331|VALIDATED_COMPATIBLE|ACCEPT
d7ee24d7-e4cd-5774-9059-45e45272c09d,MULTI_CPSE_DEMAND_AGGREGATION,CMM-ELECTR-43E6A3-001,BHEL;NMDC;SAIL,BHEL-500063;NMDC-410065;SAIL-300072,cpse_count,3,>= 2,Harmonized Common Material Master specification consumed across multiple public sector enterprises.,CAN-000331|VALIDATED_COMPATIBLE|ACCEPT
e2fba3cc-d4b1-55af-a5c3-57ced954067e,MULTI_CPSE_DEMAND_AGGREGATION,CMM-ELECTR-45EFBF-001,BHEL;Coal India;HPCL;IOCL;NMDC;SAIL,BHEL-500069;CIL-400062;HPCL-120070;IOCL-110064;NMDC-410070;SAIL-300074,cpse_count,6,>= 2,Harmonized Common Material Master specification consumed across multiple public sector enterprises.,CAN-000331|VALIDATED_COMPATIBLE|ACCEPT
0a608b32-dfb7-530e-a869-0ed4c37cd59c,MULTI_CPSE_DEMAND_AGGREGATION,CMM-ELECTR-47E8A6-001,HPCL;NMDC;NTPC;SAIL,HPCL-120055;NMDC-410051;NTPC-200048;SAIL-300056,cpse_count,4,>= 2,Harmonized Common Material Master specification consumed across multiple public sector enterprises.,CAN-000331|VALIDATED_COMPATIBLE|ACCEPT
1c3323c9-ee5f-524e-9f79-1e3defc8a39c,MULTI_CPSE_DEMAND_AGGREGATION,CMM-ELECTR-4D158E-001,BHEL;Coal India;NMDC;NTPC;ONGC;SAIL,BHEL-500059;CIL-400055;NMDC-410062;NTPC-200056;ONGC-100058;SAIL-300068,cpse_count,6,>= 2,Harmonized Common Material Master specification consumed across multiple public sector enterprises.,CAN-000331|VALIDATED_COMPATIBLE|ACCEPT
fd7e54fe-5585-52b7-aa45-0e6009cb4880,MULTI_CPSE_DEMAND_AGGREGATION,CMM-ELECTR-4DD7B9-001,NMDC;NTPC,NMDC-410133;NTPC-200129,cpse_count,2,>= 2,Harmonized Common Material Master specification consumed across multiple public sector enterprises.,CAN-000331|VALIDATED_COMPATIBLE|ACCEPT
a8899b16-43bd-5924-9421-a9713ad3ddb6,MULTI_CPSE_DEMAND_AGGREGATION,CMM-ELECTR-4F6C14-001,BHEL;HPCL,BHEL-500184;HPCL-120181,cpse_count,2,>= 2,Harmonized Common Material Master specification consumed across multiple public sector enterprises.,CAN-000331|VALIDATED_COMPATIBLE|ACCEPT
0d4c9181-12c4-5167-aca1-34eaf650385e,MULTI_CPSE_DEMAND_AGGREGATION,CMM-ELECTR-5540AC-001,BHEL;SAIL,BHEL-500169;SAIL-300173,cpse_count,2,>= 2,Harmonized Common Material Master specification consumed across multiple public sector enterprises.,CAN-000331|VALIDATED_COMPATIBLE|ACCEPT
9f72ec62-c794-5e9c-b25f-294c4936f4b1,MULTI_CPSE_DEMAND_AGGREGATION,CMM-ELECTR-57C166-001,BHEL;Coal India,BHEL-500119;CIL-400113,cpse_count,2,>= 2,Harmonized Common Material Master specification consumed across multiple public sector enterprises.,CAN-000331|VALIDATED_COMPATIBLE|ACCEPT
42322497-dd29-56ff-831a-3aaa4ce7e79b,MULTI_CPSE_DEMAND_AGGREGATION,CMM-ELECTR-5E9127-001,Coal India;SAIL,CIL-400125;SAIL-300135,cpse_count,2,>= 2,Harmonized Common Material Master specification consumed across multiple public sector enterprises.,CAN-000331|VALIDATED_COMPATIBLE|ACCEPT
d3c9f5f7-2c46-538d-850f-a35cdea7e1e8,MULTI_CPSE_DEMAND_AGGREGATION,CMM-ELECTR-609134-001,HPCL;IOCL;NMDC;NTPC;ONGC;SAIL,HPCL-120087;IOCL-110081;NMDC-410089;NTPC-200082;ONGC-100184;SAIL-300182,cpse_count,6,>= 2,Harmonized Common Material Master specification consumed across multiple public sector enterprises.,CAN-000331|VALIDATED_COMPATIBLE|ACCEPT
460c1874-c349-5ba7-a116-b64cf98436b0,MULTI_CPSE_DEMAND_AGGREGATION,CMM-ELECTR-62038E-001,BHEL;Coal India;HPCL;IOCL;NMDC;NTPC;ONGC;SAIL,BHEL-500111;CIL-400116;HPCL-120116;IOCL-110109;NMDC-410108;NTPC-200103;ONGC-100113;SAIL-300118,cpse_count,8,>= 2,Harmonized Common Material Master specification consumed across multiple public sector enterprises.,CAN-000331|VALIDATED_COMPATIBLE|ACCEPT
cceb9d51-ed50-51e4-a763-1d4e8fc9de31,MULTI_CPSE_DEMAND_AGGREGATION,CMM-ELECTR-65A8AE-001,BHEL;HPCL;IOCL;NTPC;SAIL,BHEL-500076;HPCL-120077;IOCL-110070;NTPC-200069;SAIL-300081,cpse_count,5,>= 2,Harmonized Common Material Master specification consumed across multiple public sector enterprises.,CAN-000331|VALIDATED_COMPATIBLE|ACCEPT
c246f6dc-5ab8-5cc2-ac3a-7e9a7b192e98,MULTI_CPSE_DEMAND_AGGREGATION,CMM-ELECTR-6BCE45-001,BHEL;Coal India;IOCL;ONGC;SAIL,BHEL-500093;CIL-400083;IOCL-110090;ONGC-100091;SAIL-300097,cpse_count,5,>= 2,Harmonized Common Material Master specification consumed across multiple public sector enterprises.,CAN-000331|VALIDATED_COMPATIBLE|ACCEPT
9b49e6f0-1567-5062-94b3-b569c555ab26,MULTI_CPSE_DEMAND_AGGREGATION,CMM-ELECTR-707C05-001,ONGC;SAIL,ONGC-100130;SAIL-300136,cpse_count,2,>= 2,Harmonized Common Material Master specification consumed across multiple public sector enterprises.,CAN-000331|VALIDATED_COMPATIBLE|ACCEPT
00ae2fc5-4eb6-5c74-8210-dc59f3bf7fff,MULTI_CPSE_DEMAND_AGGREGATION,CMM-ELECTR-76536F-001,NTPC;SAIL,NTPC-200124;SAIL-300137,cpse_count,2,>= 2,Harmonized Common Material Master specification consumed across multiple public sector enterprises.,CAN-000331|VALIDATED_COMPATIBLE|ACCEPT
618212a7-5ab7-5aba-ba5d-2be436c9685e,MULTI_CPSE_DEMAND_AGGREGATION,CMM-ELECTR-79A6DD-001,BHEL;Coal India;IOCL;NMDC;NTPC;SAIL,BHEL-500007;CIL-400007;IOCL-110007;NMDC-410006;NTPC-200007;SAIL-300009,cpse_count,6,>= 2,Harmonized Common Material Master specification consumed across multiple public sector enterprises.,CAN-000331|VALIDATED_COMPATIBLE|ACCEPT
93c2e955-0c35-551d-91a1-0c525e8a91fa,MULTI_CPSE_DEMAND_AGGREGATION,CMM-ELECTR-8C5683-001,BHEL;Coal India;HPCL;IOCL;NMDC;ONGC;SAIL,BHEL-500121;CIL-400031;CIL-400117;HPCL-120041;IOCL-110042;NMDC-410037;ONGC-100035;SAIL-300042,cpse_count,7,>= 2,Harmonized Common Material Master specification consumed across multiple public sector enterprises.,CAN-000331|VALIDATED_COMPATIBLE|ACCEPT
3601df37-b8a8-57c8-bb6f-02c85d0ea84d,MULTI_CPSE_DEMAND_AGGREGATION,CMM-ELECTR-8EAEA9-001,Coal India;HPCL;NMDC,CIL-400086;HPCL-120098;NMDC-410097,cpse_count,3,>= 2,Harmonized Common Material Master specification consumed across multiple public sector enterprises.,CAN-000331|VALIDATED_COMPATIBLE|ACCEPT
d14c06f3-3a64-5cfb-b18c-d2cde8ad4796,MULTI_CPSE_DEMAND_AGGREGATION,CMM-ELECTR-925F26-001,HPCL;SAIL,HPCL-120125;SAIL-300127,cpse_count,2,>= 2,Harmonized Common Material Master specification consumed across multiple public sector enterprises.,CAN-000331|VALIDATED_COMPATIBLE|ACCEPT
9baf703e-9b88-52f6-962c-fc498aeb01e5,MULTI_CPSE_DEMAND_AGGREGATION,CMM-ELECTR-941023-001,BHEL;Coal India;HPCL;NTPC;ONGC;SAIL,BHEL-500023;CIL-400145;HPCL-120026;NTPC-200023;NTPC-200147;ONGC-100023;SAIL-300026,cpse_count,6,>= 2,Harmonized Common Material Master specification consumed across multiple public sector enterprises.,CAN-000331|VALIDATED_COMPATIBLE|ACCEPT
e385ef4d-567f-5ee3-9268-71741c3ec2c9,MULTI_CPSE_DEMAND_AGGREGATION,CMM-ELECTR-94DDC0-001,Coal India;SAIL,CIL-400138;SAIL-300150,cpse_count,2,>= 2,Harmonized Common Material Master specification consumed across multiple public sector enterprises.,CAN-000331|VALIDATED_COMPATIBLE|ACCEPT
08b9e298-3866-5c7d-ac80-daaf9bda37b8,MULTI_CPSE_DEMAND_AGGREGATION,CMM-ELECTR-97B02F-001,HPCL;NMDC,HPCL-120153;NMDC-410153,cpse_count,2,>= 2,Harmonized Common Material Master specification consumed across multiple public sector enterprises.,CAN-000331|VALIDATED_COMPATIBLE|ACCEPT
39c8030e-fce4-5b95-810f-560242196893,MULTI_CPSE_DEMAND_AGGREGATION,CMM-ELECTR-9A21B9-001,Coal India;ONGC,CIL-400143;ONGC-100158,cpse_count,2,>= 2,Harmonized Common Material Master specification consumed across multiple public sector enterprises.,CAN-000331|VALIDATED_COMPATIBLE|ACCEPT
a856152f-fde2-5d3d-a9e7-93e2192ce755,MULTI_CPSE_DEMAND_AGGREGATION,CMM-ELECTR-9C93DB-001,Coal India;HPCL;NMDC;ONGC;SAIL,CIL-400094;HPCL-120105;NMDC-410101;ONGC-100103;SAIL-300108,cpse_count,5,>= 2,Harmonized Common Material Master specification consumed across multiple public sector enterprises.,CAN-000331|VALIDATED_COMPATIBLE|ACCEPT
7b6eb65d-e1ae-53df-b964-6ea67e976a1a,MULTI_CPSE_DEMAND_AGGREGATION,CMM-ELECTR-9FEFD2-001,BHEL;HPCL;IOCL;NMDC;NTPC;SAIL,BHEL-500079;HPCL-120081;IOCL-110075;NMDC-410082;NTPC-200075;SAIL-300084,cpse_count,6,>= 2,Harmonized Common Material Master specification consumed across multiple public sector enterprises.,CAN-000331|VALIDATED_COMPATIBLE|ACCEPT
73a4e143-8539-568c-851e-597f140e952e,MULTI_CPSE_DEMAND_AGGREGATION,CMM-ELECTR-A4DD01-001,Coal India;IOCL,CIL-400169;IOCL-110160,cpse_count,2,>= 2,Harmonized Common Material Master specification consumed across multiple public sector enterprises.,CAN-000331|VALIDATED_COMPATIBLE|ACCEPT
93f66e2b-7c2a-5234-bfe3-6cc2c15238df,MULTI_CPSE_DEMAND_AGGREGATION,CMM-ELECTR-AD2D59-001,BHEL;IOCL;NMDC,BHEL-500002;IOCL-110003;NMDC-410002,cpse_count,3,>= 2,Harmonized Common Material Master specification consumed across multiple public sector enterprises.,CAN-000331|VALIDATED_COMPATIBLE|ACCEPT
6b2534b9-085f-5a2f-89b9-45c62da05a07,MULTI_CPSE_DEMAND_AGGREGATION,CMM-ELECTR-BB66D5-001,NMDC;NTPC,NMDC-410192;NTPC-200186,cpse_count,2,>= 2,Harmonized Common Material Master specification consumed across multiple public sector enterprises.,CAN-000331|VALIDATED_COMPATIBLE|ACCEPT
57d05d5f-961c-5bb1-849f-ff63883fd690,MULTI_CPSE_DEMAND_AGGREGATION,CMM-ELECTR-BF7F37-001,HPCL;SAIL,HPCL-120168;SAIL-300171,cpse_count,2,>= 2,Harmonized Common Material Master specification consumed across multiple public sector enterprises.,CAN-000331|VALIDATED_COMPATIBLE|ACCEPT
2a200374-ff93-5cc5-b8ea-67825bab37da,MULTI_CPSE_DEMAND_AGGREGATION,CMM-ELECTR-C2208E-001,Coal India;HPCL;NMDC;SAIL,CIL-400041;HPCL-120052;NMDC-410048;SAIL-300054,cpse_count,4,>= 2,Harmonized Common Material Master specification consumed across multiple public sector enterprises.,CAN-000331|VALIDATED_COMPATIBLE|ACCEPT
9f7ac503-10cc-5348-b098-2134538f8659,MULTI_CPSE_DEMAND_AGGREGATION,CMM-ELECTR-C3E195-001,BHEL;ONGC,BHEL-500129;ONGC-100136,cpse_count,2,>= 2,Harmonized Common Material Master specification consumed across multiple public sector enterprises.,CAN-000331|VALIDATED_COMPATIBLE|ACCEPT
3dd4794b-2dfb-58dc-b252-585aedf3a1de,MULTI_CPSE_DEMAND_AGGREGATION,CMM-ELECTR-C565E9-001,BHEL;Coal India;IOCL;NMDC,BHEL-500034;CIL-400027;IOCL-110037;NMDC-410034,cpse_count,4,>= 2,Harmonized Common Material Master specification consumed across multiple public sector enterprises.,CAN-000331|VALIDATED_COMPATIBLE|ACCEPT
662e5d24-cfe5-5a96-943c-6accaa71ef2d,MULTI_CPSE_DEMAND_AGGREGATION,CMM-ELECTR-CE652D-001,NMDC;ONGC;SAIL,NMDC-410058;ONGC-100055;SAIL-300064,cpse_count,3,>= 2,Harmonized Common Material Master specification consumed across multiple public sector enterprises.,CAN-000331|VALIDATED_COMPATIBLE|ACCEPT
4572ba1c-8eb6-5892-9d1f-fce3bddfb564,MULTI_CPSE_DEMAND_AGGREGATION,CMM-ELECTR-CFAB35-001,ONGC;SAIL,ONGC-100137;SAIL-300138,cpse_count,2,>= 2,Harmonized Common Material Master specification consumed across multiple public sector enterprises.,CAN-000331|VALIDATED_COMPATIBLE|ACCEPT
24ba77ab-6ff5-59c4-9008-671cf3ebe889,MULTI_CPSE_DEMAND_AGGREGATION,CMM-ELECTR-D852DA-001,Coal India;SAIL,CIL-400132;SAIL-300144,cpse_count,2,>= 2,Harmonized Common Material Master specification consumed across multiple public sector enterprises.,CAN-000331|VALIDATED_COMPATIBLE|ACCEPT
eaed1f09-1269-5bce-b62b-42ce51bfb18b,MULTI_CPSE_DEMAND_AGGREGATION,CMM-ELECTR-E728FA-001,BHEL;Coal India;HPCL;IOCL;NTPC;ONGC;SAIL,BHEL-500036;CIL-400028;HPCL-120038;IOCL-110039;NTPC-200032;ONGC-100033;ONGC-100191;SAIL-300184,cpse_count,7,>= 2,Harmonized Common Material Master specification consumed across multiple public sector enterprises.,CAN-000331|VALIDATED_COMPATIBLE|ACCEPT
81755a7e-5aeb-5b96-aef8-674dd5a3dbf9,MULTI_CPSE_DEMAND_AGGREGATION,CMM-ELECTR-FD0485-001,IOCL;SAIL,IOCL-110130;SAIL-300148,cpse_count,2,>= 2,Harmonized Common Material Master specification consumed across multiple public sector enterprises.,CAN-000331|VALIDATED_COMPATIBLE|ACCEPT
f3290105-af11-5201-8fbf-b7b7832163b1,MULTI_CPSE_DEMAND_AGGREGATION,CMM-FASTNR-0B0423-001,HPCL;NMDC;NTPC,HPCL-120094;NMDC-410096;NTPC-200087,cpse_count,3,>= 2,Harmonized Common Material Master specification consumed across multiple public sector enterprises.,CAN-000331|VALIDATED_COMPATIBLE|ACCEPT
5e77e9fb-ff3a-5372-bbfc-e5c112453b91,MULTI_CPSE_DEMAND_AGGREGATION,CMM-FASTNR-0C6EBA-001,BHEL;NTPC,BHEL-500168;NTPC-200181,cpse_count,2,>= 2,Harmonized Common Material Master specification consumed across multiple public sector enterprises.,CAN-000331|VALIDATED_COMPATIBLE|ACCEPT
13261f62-b030-5bef-958f-72fde689f485,MULTI_CPSE_DEMAND_AGGREGATION,CMM-FASTNR-15537B-001,HPCL;ONGC,HPCL-120118;ONGC-100117,cpse_count,2,>= 2,Harmonized Common Material Master specification consumed across multiple public sector enterprises.,CAN-000331|VALIDATED_COMPATIBLE|ACCEPT
09a004e2-b834-5a6e-b02d-a58abefcd613,MULTI_CPSE_DEMAND_AGGREGATION,CMM-FASTNR-1AF629-001,Coal India;IOCL;NMDC;ONGC,CIL-400034;IOCL-110044;NMDC-410041;ONGC-100038,cpse_count,4,>= 2,Harmonized Common Material Master specification consumed across multiple public sector enterprises.,CAN-000331|VALIDATED_COMPATIBLE|ACCEPT
673a65e9-0de2-538c-9f0a-06f336d4b3ff,MULTI_CPSE_DEMAND_AGGREGATION,CMM-FASTNR-26351F-001,BHEL;Coal India;IOCL,BHEL-500017;CIL-400015;IOCL-110022,cpse_count,3,>= 2,Harmonized Common Material Master specification consumed across multiple public sector enterprises.,CAN-000331|VALIDATED_COMPATIBLE|ACCEPT
54e7ff81-1ad5-5c19-ab03-b2f879512299,MULTI_CPSE_DEMAND_AGGREGATION,CMM-FASTNR-39EA95-001,BHEL;HPCL;ONGC;SAIL,BHEL-500098;HPCL-120100;ONGC-100097;SAIL-300102,cpse_count,4,>= 2,Harmonized Common Material Master specification consumed across multiple public sector enterprises.,CAN-000331|VALIDATED_COMPATIBLE|ACCEPT
e06af8e1-3688-5320-91dc-621eecfc52b6,MULTI_CPSE_DEMAND_AGGREGATION,CMM-FASTNR-3AF121-001,BHEL;HPCL;IOCL,BHEL-500010;HPCL-120007;IOCL-110011,cpse_count,3,>= 2,Harmonized Common Material Master specification consumed across multiple public sector enterprises.,CAN-000331|VALIDATED_COMPATIBLE|ACCEPT
07e290f6-2b5d-5e67-a503-00f592668ad9,MULTI_CPSE_DEMAND_AGGREGATION,CMM-FASTNR-412B68-001,BHEL;HPCL;IOCL;NMDC;NTPC;SAIL,BHEL-500008;BHEL-500107;HPCL-120006;HPCL-120112;IOCL-110008;NMDC-410008;NMDC-410105;NTPC-200009;SAIL-300010,cpse_count,6,>= 2,Harmonized Common Material Master specification consumed across multiple public sector enterprises.,CAN-000331|VALIDATED_COMPATIBLE|ACCEPT
f8f4402a-139f-5d2f-8981-e2e748091e5b,MULTI_CPSE_DEMAND_AGGREGATION,CMM-FASTNR-42CB56-001,BHEL;Coal India;HPCL;IOCL;NMDC;NTPC,BHEL-500103;CIL-400095;HPCL-120106;IOCL-110097;NMDC-410102;NTPC-200094,cpse_count,6,>= 2,Harmonized Common Material Master specification consumed across multiple public sector enterprises.,CAN-000331|VALIDATED_COMPATIBLE|ACCEPT
ede9b032-3b4f-584c-9cd8-caff11e0dd65,MULTI_CPSE_DEMAND_AGGREGATION,CMM-FASTNR-459DCA-001,IOCL;NMDC;ONGC;SAIL,IOCL-110045;NMDC-410043;ONGC-100039;SAIL-300046,cpse_count,4,>= 2,Harmonized Common Material Master specification consumed across multiple public sector enterprises.,CAN-000331|VALIDATED_COMPATIBLE|ACCEPT
cb6e0ed4-b4fe-5069-be2e-c355c24100b6,MULTI_CPSE_DEMAND_AGGREGATION,CMM-FASTNR-58C523-001,IOCL;NMDC,IOCL-110144;NMDC-410158,cpse_count,2,>= 2,Harmonized Common Material Master specification consumed across multiple public sector enterprises.,CAN-000331|VALIDATED_COMPATIBLE|ACCEPT
ed085a9d-8bd6-5005-8bc9-a74b4580e996,MULTI_CPSE_DEMAND_AGGREGATION,CMM-FASTNR-5C0E61-001,Coal India;NMDC,CIL-400069;NMDC-410083,cpse_count,2,>= 2,Harmonized Common Material Master specification consumed across multiple public sector enterprises.,CAN-000331|VALIDATED_COMPATIBLE|ACCEPT
5d5c6c7d-fe7c-577e-8993-ea9bd8fde8c7,MULTI_CPSE_DEMAND_AGGREGATION,CMM-FASTNR-64D9FA-001,BHEL;NMDC,BHEL-500183;NMDC-410182,cpse_count,2,>= 2,Harmonized Common Material Master specification consumed across multiple public sector enterprises.,CAN-000331|VALIDATED_COMPATIBLE|ACCEPT
7bb18367-9ec5-5984-babf-c28e6a129d39,MULTI_CPSE_DEMAND_AGGREGATION,CMM-FASTNR-6B8218-001,NMDC;SAIL,NMDC-410010;SAIL-300013,cpse_count,2,>= 2,Harmonized Common Material Master specification consumed across multiple public sector enterprises.,CAN-000331|VALIDATED_COMPATIBLE|ACCEPT
76560118-f657-5c6a-b62a-1248e7faa1e9,MULTI_CPSE_DEMAND_AGGREGATION,CMM-FASTNR-7426EC-001,HPCL;IOCL;NMDC;NTPC;ONGC;SAIL,HPCL-120076;IOCL-110069;NMDC-410078;NTPC-200068;ONGC-100071;SAIL-300080,cpse_count,6,>= 2,Harmonized Common Material Master specification consumed across multiple public sector enterprises.,CAN-000331|VALIDATED_COMPATIBLE|ACCEPT
b650f0b3-8d43-5548-8790-9636cafe8795,MULTI_CPSE_DEMAND_AGGREGATION,CMM-FASTNR-79903B-001,Coal India;HPCL;NTPC;SAIL,CIL-400093;HPCL-120103;NTPC-200093;SAIL-300106,cpse_count,4,>= 2,Harmonized Common Material Master specification consumed across multiple public sector enterprises.,CAN-000331|VALIDATED_COMPATIBLE|ACCEPT
70106060-ad34-51a3-8d42-3a97f8323c48,MULTI_CPSE_DEMAND_AGGREGATION,CMM-FASTNR-79F7B5-001,HPCL;NMDC;NTPC,HPCL-120005;NMDC-410007;NTPC-200008,cpse_count,3,>= 2,Harmonized Common Material Master specification consumed across multiple public sector enterprises.,CAN-000331|VALIDATED_COMPATIBLE|ACCEPT
9b766073-3725-5fb2-a0ba-267c8caf1290,MULTI_CPSE_DEMAND_AGGREGATION,CMM-FASTNR-87EE42-001,NMDC;ONGC,NMDC-410146;ONGC-100150,cpse_count,2,>= 2,Harmonized Common Material Master specification consumed across multiple public sector enterprises.,CAN-000331|VALIDATED_COMPATIBLE|ACCEPT
e99b230f-775f-506c-a5c6-82128e5dc99c,MULTI_CPSE_DEMAND_AGGREGATION,CMM-FASTNR-8FB594-001,Coal India;IOCL,CIL-400182;IOCL-110152,cpse_count,2,>= 2,Harmonized Common Material Master specification consumed across multiple public sector enterprises.,CAN-000331|VALIDATED_COMPATIBLE|ACCEPT
b335217d-a4c0-5511-838b-144dd47b0d5d,MULTI_CPSE_DEMAND_AGGREGATION,CMM-FASTNR-912BFD-001,Coal India;HPCL,CIL-400185;HPCL-120133,cpse_count,2,>= 2,Harmonized Common Material Master specification consumed across multiple public sector enterprises.,CAN-000331|VALIDATED_COMPATIBLE|ACCEPT
f4787718-1faa-500f-849e-ae5514cbe91c,MULTI_CPSE_DEMAND_AGGREGATION,CMM-FASTNR-9B1B0A-001,IOCL;NMDC,IOCL-110129;NMDC-410140,cpse_count,2,>= 2,Harmonized Common Material Master specification consumed across multiple public sector enterprises.,CAN-000331|VALIDATED_COMPATIBLE|ACCEPT
96a955b5-8305-50a0-9d30-87b43553dd90,MULTI_CPSE_DEMAND_AGGREGATION,CMM-FASTNR-A1A35C-001,BHEL;NMDC,BHEL-500167;NMDC-410169,cpse_count,2,>= 2,Harmonized Common Material Master specification consumed across multiple public sector enterprises.,CAN-000331|VALIDATED_COMPATIBLE|ACCEPT
bb5fee0c-5f44-5ddc-bd62-292e8f1d575c,MULTI_CPSE_DEMAND_AGGREGATION,CMM-FASTNR-A2AB0B-001,BHEL;Coal India;HPCL;NTPC;SAIL,BHEL-500019;CIL-400016;HPCL-120021;NTPC-200020;SAIL-300024,cpse_count,5,>= 2,Harmonized Common Material Master specification consumed across multiple public sector enterprises.,CAN-000331|VALIDATED_COMPATIBLE|ACCEPT
0db0ed08-aaaf-51a6-bcfb-b0ec398ce046,MULTI_CPSE_DEMAND_AGGREGATION,CMM-FASTNR-A82C5B-001,Coal India;HPCL;NMDC;NTPC;ONGC;SAIL,CIL-400056;HPCL-120063;HPCL-120150;NMDC-410063;NTPC-200057;ONGC-100059;ONGC-100155;SAIL-300069,cpse_count,6,>= 2,Harmonized Common Material Master specification consumed across multiple public sector enterprises.,CAN-000331|VALIDATED_COMPATIBLE|ACCEPT
61db7623-3b31-532a-b160-f8a6358004f7,MULTI_CPSE_DEMAND_AGGREGATION,CMM-FASTNR-AE0702-001,BHEL;IOCL,BHEL-500155;IOCL-110137,cpse_count,2,>= 2,Harmonized Common Material Master specification consumed across multiple public sector enterprises.,CAN-000331|VALIDATED_COMPATIBLE|ACCEPT
320b3d4a-4d98-512e-9327-fd985fb2f851,MULTI_CPSE_DEMAND_AGGREGATION,CMM-FASTNR-B017A6-001,BHEL;Coal India;NTPC;ONGC,BHEL-500082;CIL-400071;NTPC-200079;ONGC-100080,cpse_count,4,>= 2,Harmonized Common Material Master specification consumed across multiple public sector enterprises.,CAN-000331|VALIDATED_COMPATIBLE|ACCEPT
4e81db0c-b00b-5a45-8520-c4376ad4a858,MULTI_CPSE_DEMAND_AGGREGATION,CMM-FASTNR-B1846A-001,BHEL;HPCL,BHEL-500139;HPCL-120151,cpse_count,2,>= 2,Harmonized Common Material Master specification consumed across multiple public sector enterprises.,CAN-000331|VALIDATED_COMPATIBLE|ACCEPT
aa87424e-9e51-5037-b37c-124eb6c1e775,MULTI_CPSE_DEMAND_AGGREGATION,CMM-FASTNR-B4A1EA-001,Coal India;HPCL;IOCL;NMDC;ONGC,CIL-400018;HPCL-120025;IOCL-110027;NMDC-410023;ONGC-100022,cpse_count,5,>= 2,Harmonized Common Material Master specification consumed across multiple public sector enterprises.,CAN-000331|VALIDATED_COMPATIBLE|ACCEPT
d773fc0e-5eb0-5668-a508-bffd2ec7ab2f,MULTI_CPSE_DEMAND_AGGREGATION,CMM-FASTNR-B810F4-001,BHEL;ONGC;SAIL,BHEL-500094;ONGC-100092;SAIL-300098,cpse_count,3,>= 2,Harmonized Common Material Master specification consumed across multiple public sector enterprises.,CAN-000331|VALIDATED_COMPATIBLE|ACCEPT
606c5222-b9de-5973-9e13-2938c700e31a,MULTI_CPSE_DEMAND_AGGREGATION,CMM-FASTNR-BCCDD8-001,Coal India;NMDC;NTPC;ONGC,CIL-400035;NMDC-410045;NTPC-200041;ONGC-100040,cpse_count,4,>= 2,Harmonized Common Material Master specification consumed across multiple public sector enterprises.,CAN-000331|VALIDATED_COMPATIBLE|ACCEPT
d470c57d-b85f-509b-8806-88be1e552274,MULTI_CPSE_DEMAND_AGGREGATION,CMM-FASTNR-C18604-001,BHEL;Coal India;HPCL,BHEL-500083;CIL-400072;HPCL-120083,cpse_count,3,>= 2,Harmonized Common Material Master specification consumed across multiple public sector enterprises.,CAN-000331|VALIDATED_COMPATIBLE|ACCEPT
97840f31-e7d2-5b0e-9050-1938c682c3e6,MULTI_CPSE_DEMAND_AGGREGATION,CMM-FASTNR-CFB3CB-001,NTPC;ONGC,NTPC-200180;ONGC-100202,cpse_count,2,>= 2,Harmonized Common Material Master specification consumed across multiple public sector enterprises.,CAN-000331|VALIDATED_COMPATIBLE|ACCEPT
a460d897-765a-51a6-8711-566ab03e1d1d,MULTI_CPSE_DEMAND_AGGREGATION,CMM-FASTNR-E57005-001,Coal India;IOCL;NTPC,CIL-400042;IOCL-110051;NTPC-200044,cpse_count,3,>= 2,Harmonized Common Material Master specification consumed across multiple public sector enterprises.,CAN-000331|VALIDATED_COMPATIBLE|ACCEPT
1f2d2c09-1d32-5759-9ceb-2a531b6b01bc,MULTI_CPSE_DEMAND_AGGREGATION,CMM-FASTNR-ECEE31-001,IOCL;NTPC,IOCL-110156;NTPC-200164,cpse_count,2,>= 2,Harmonized Common Material Master specification consumed across multiple public sector enterprises.,CAN-000331|VALIDATED_COMPATIBLE|ACCEPT
3c35d50e-3ab1-585e-95eb-2cbec1c6e4d7,MULTI_CPSE_DEMAND_AGGREGATION,CMM-FASTNR-EF8E28-001,Coal India;IOCL;SAIL,CIL-400047;IOCL-110056;SAIL-300060,cpse_count,3,>= 2,Harmonized Common Material Master specification consumed across multiple public sector enterprises.,CAN-000331|VALIDATED_COMPATIBLE|ACCEPT
98898c82-c6f2-5c69-9f1b-9ce08849123b,MULTI_CPSE_DEMAND_AGGREGATION,CMM-INSTRU-014C39-001,HPCL;IOCL;NMDC;NTPC;ONGC;SAIL,HPCL-120053;IOCL-110052;NMDC-410049;NTPC-200046;ONGC-100047;SAIL-300055,cpse_count,6,>= 2,Harmonized Common Material Master specification consumed across multiple public sector enterprises.,CAN-000331|VALIDATED_COMPATIBLE|ACCEPT
6b3e8ec3-69e4-51c0-adca-bed3415fd053,MULTI_CPSE_DEMAND_AGGREGATION,CMM-INSTRU-027BD0-001,BHEL;Coal India;HPCL;IOCL;NMDC;NTPC;ONGC;SAIL,BHEL-500020;BHEL-500061;BHEL-500104;CIL-400058;CIL-400096;HPCL-120064;HPCL-120107;IOCL-110061;NMDC-410019;NMDC-410103;NTPC-200095;ONGC-100020;ONGC-100061;SAIL-300070;SAIL-300109,cpse_count,8,>= 2,Harmonized Common Material Master specification consumed across multiple public sector enterprises.,CAN-000331|VALIDATED_COMPATIBLE|ACCEPT
5d0f3f73-98ef-53e2-aa04-31537d1ce486,MULTI_CPSE_DEMAND_AGGREGATION,CMM-INSTRU-0E74F1-001,HPCL;SAIL,HPCL-120167;SAIL-300168,cpse_count,2,>= 2,Harmonized Common Material Master specification consumed across multiple public sector enterprises.,CAN-000331|VALIDATED_COMPATIBLE|ACCEPT
0085afce-1f22-5a01-a739-0a6804124c47,MULTI_CPSE_DEMAND_AGGREGATION,CMM-INSTRU-1709F9-001,NMDC;NTPC,NMDC-410119;NTPC-200118,cpse_count,2,>= 2,Harmonized Common Material Master specification consumed across multiple public sector enterprises.,CAN-000331|VALIDATED_COMPATIBLE|ACCEPT
3d05f52c-9d11-550d-a2bc-e4bd51564c69,MULTI_CPSE_DEMAND_AGGREGATION,CMM-INSTRU-1E073D-001,BHEL;Coal India;HPCL;IOCL;NMDC;NTPC;ONGC;SAIL,BHEL-500030;BHEL-500109;CIL-400014;CIL-400023;CIL-400100;HPCL-120019;HPCL-120113;IOCL-110113;NMDC-410030;NTPC-200017;NTPC-200029;NTPC-200099;ONGC-100028;ONGC-100129;SAIL-300034;SAIL-300113,cpse_count,8,>= 2,Harmonized Common Material Master specification consumed across multiple public sector enterprises.,CAN-000331|VALIDATED_COMPATIBLE|ACCEPT
a250d201-7ea1-5001-854d-61413af08b05,MULTI_CPSE_DEMAND_AGGREGATION,CMM-INSTRU-205218-001,IOCL;NMDC,IOCL-110172;NMDC-410190,cpse_count,2,>= 2,Harmonized Common Material Master specification consumed across multiple public sector enterprises.,CAN-000331|VALIDATED_COMPATIBLE|ACCEPT
d20c8a51-c68e-5a20-b1c7-72d1e5b33a67,MULTI_CPSE_DEMAND_AGGREGATION,CMM-INSTRU-21D516-001,HPCL;IOCL;NMDC;SAIL,HPCL-120073;IOCL-110067;NMDC-410075;SAIL-300079,cpse_count,4,>= 2,Harmonized Common Material Master specification consumed across multiple public sector enterprises.,CAN-000331|VALIDATED_COMPATIBLE|ACCEPT
298699de-c115-503d-864f-45e724e34b31,MULTI_CPSE_DEMAND_AGGREGATION,CMM-INSTRU-22FF74-001,Coal India;HPCL;NMDC;NTPC;ONGC;SAIL,CIL-400098;HPCL-120110;NMDC-410104;NTPC-200097;ONGC-100105;SAIL-300111,cpse_count,6,>= 2,Harmonized Common Material Master specification consumed across multiple public sector enterprises.,CAN-000331|VALIDATED_COMPATIBLE|ACCEPT
5cb93cee-2569-5dec-b353-d3d76236e277,MULTI_CPSE_DEMAND_AGGREGATION,CMM-INSTRU-2A3760-001,NTPC;SAIL,NTPC-200159;SAIL-300123,cpse_count,2,>= 2,Harmonized Common Material Master specification consumed across multiple public sector enterprises.,CAN-000331|VALIDATED_COMPATIBLE|ACCEPT
82f35964-6200-5a3a-b6c5-e5de892dc47b,MULTI_CPSE_DEMAND_AGGREGATION,CMM-INSTRU-2B591E-001,BHEL;Coal India;HPCL;IOCL;NMDC;ONGC;SAIL,BHEL-500084;CIL-400124;HPCL-120084;HPCL-120086;IOCL-110078;IOCL-110080;NMDC-410087;ONGC-100081;ONGC-100082;SAIL-300088,cpse_count,7,>= 2,Harmonized Common Material Master specification consumed across multiple public sector enterprises.,CAN-000331|VALIDATED_COMPATIBLE|ACCEPT
ab3b544e-a45c-51d9-9584-3688f2122f6c,MULTI_CPSE_DEMAND_AGGREGATION,CMM-INSTRU-325A21-001,BHEL;IOCL,BHEL-500190;IOCL-110176,cpse_count,2,>= 2,Harmonized Common Material Master specification consumed across multiple public sector enterprises.,CAN-000331|VALIDATED_COMPATIBLE|ACCEPT
0633968e-8a17-5fcf-a48b-3eb3961bd088,MULTI_CPSE_DEMAND_AGGREGATION,CMM-INSTRU-3688F6-001,BHEL;Coal India;HPCL;NMDC;ONGC;SAIL,BHEL-500014;CIL-400011;HPCL-120014;HPCL-120174;NMDC-410015;ONGC-100016;ONGC-100183;SAIL-300020,cpse_count,6,>= 2,Harmonized Common Material Master specification consumed across multiple public sector enterprises.,CAN-000331|VALIDATED_COMPATIBLE|ACCEPT
143ca274-555e-5c58-be2b-4174177814a1,MULTI_CPSE_DEMAND_AGGREGATION,CMM-INSTRU-40C5B3-001,BHEL;Coal India;HPCL;NMDC,BHEL-500180;CIL-400176;HPCL-120122;NMDC-410115,cpse_count,4,>= 2,Harmonized Common Material Master specification consumed across multiple public sector enterprises.,CAN-000331|VALIDATED_COMPATIBLE|ACCEPT
403014c9-d98e-5a2b-8160-de1a424010bf,MULTI_CPSE_DEMAND_AGGREGATION,CMM-INSTRU-472245-001,IOCL;NMDC;ONGC,IOCL-110145;NMDC-410171;ONGC-100164;ONGC-100175,cpse_count,3,>= 2,Harmonized Common Material Master specification consumed across multiple public sector enterprises.,CAN-000331|VALIDATED_COMPATIBLE|ACCEPT
fa0b5a67-2a95-53e3-a61c-42fc6d739c56,MULTI_CPSE_DEMAND_AGGREGATION,CMM-INSTRU-58342A-001,BHEL;HPCL;IOCL;NMDC;NTPC;SAIL,BHEL-500027;HPCL-120030;IOCL-110030;NMDC-410025;NTPC-200026;SAIL-300029,cpse_count,6,>= 2,Harmonized Common Material Master specification consumed across multiple public sector enterprises.,CAN-000331|VALIDATED_COMPATIBLE|ACCEPT
e37a0fd2-8392-5d80-a551-92547a4be8e6,MULTI_CPSE_DEMAND_AGGREGATION,CMM-INSTRU-59A2A6-001,BHEL;IOCL;NMDC;NTPC;ONGC,BHEL-500018;IOCL-110024;NMDC-410018;NTPC-200019;ONGC-100019,cpse_count,5,>= 2,Harmonized Common Material Master specification consumed across multiple public sector enterprises.,CAN-000331|VALIDATED_COMPATIBLE|ACCEPT
b94431bf-60fa-5d69-b04b-327d9ee94d1d,MULTI_CPSE_DEMAND_AGGREGATION,CMM-INSTRU-5F3CF8-001,HPCL;SAIL,HPCL-120140;SAIL-300143,cpse_count,2,>= 2,Harmonized Common Material Master specification consumed across multiple public sector enterprises.,CAN-000331|VALIDATED_COMPATIBLE|ACCEPT
8070d193-8ffe-55eb-9e88-b960b4c9b991,MULTI_CPSE_DEMAND_AGGREGATION,CMM-INSTRU-61E856-001,Coal India;IOCL;SAIL,CIL-400050;IOCL-110059;SAIL-300065,cpse_count,3,>= 2,Harmonized Common Material Master specification consumed across multiple public sector enterprises.,CAN-000331|VALIDATED_COMPATIBLE|ACCEPT
a2184585-5a91-5b87-ae6a-9354879a6d11,MULTI_CPSE_DEMAND_AGGREGATION,CMM-INSTRU-746A35-001,HPCL;IOCL;NMDC;NTPC;ONGC;SAIL,HPCL-120008;IOCL-110012;IOCL-110158;NMDC-410011;NTPC-200011;ONGC-100012;SAIL-300014;SAIL-300177,cpse_count,6,>= 2,Harmonized Common Material Master specification consumed across multiple public sector enterprises.,CAN-000331|VALIDATED_COMPATIBLE|ACCEPT
7f9fab63-567f-5633-9c04-4208cce01b50,MULTI_CPSE_DEMAND_AGGREGATION,CMM-INSTRU-7697FA-001,HPCL;IOCL,HPCL-120186;IOCL-110170,cpse_count,2,>= 2,Harmonized Common Material Master specification consumed across multiple public sector enterprises.,CAN-000331|VALIDATED_COMPATIBLE|ACCEPT
20b36259-4ed0-5716-96eb-e5be5a7529fc,MULTI_CPSE_DEMAND_AGGREGATION,CMM-INSTRU-76A4D1-001,BHEL;Coal India;HPCL;ONGC,BHEL-500185;CIL-400180;HPCL-120139;ONGC-100140,cpse_count,4,>= 2,Harmonized Common Material Master specification consumed across multiple public sector enterprises.,CAN-000331|VALIDATED_COMPATIBLE|ACCEPT
a932db5e-386b-583a-9e58-a11b4cb60eca,MULTI_CPSE_DEMAND_AGGREGATION,CMM-INSTRU-77851D-001,NTPC;ONGC,NTPC-200113;ONGC-100172,cpse_count,2,>= 2,Harmonized Common Material Master specification consumed across multiple public sector enterprises.,CAN-000331|VALIDATED_COMPATIBLE|ACCEPT
d463e1cb-3ab3-58f3-8b79-4f1f2643f722,MULTI_CPSE_DEMAND_AGGREGATION,CMM-INSTRU-7A3205-001,BHEL;Coal India;HPCL;IOCL;NMDC;ONGC;SAIL,BHEL-500087;BHEL-500096;BHEL-500100;CIL-400075;CIL-400087;CIL-400091;HPCL-120090;IOCL-110084;IOCL-110095;NMDC-410091;NMDC-410099;ONGC-100085;ONGC-100096;ONGC-100100;SAIL-300105,cpse_count,7,>= 2,Harmonized Common Material Master specification consumed across multiple public sector enterprises.,CAN-000331|VALIDATED_COMPATIBLE|ACCEPT
9cb338b5-9bd6-5a74-806d-0627bc4ab1c4,MULTI_CPSE_DEMAND_AGGREGATION,CMM-INSTRU-8383E5-001,IOCL;ONGC,IOCL-110177;ONGC-100206,cpse_count,2,>= 2,Harmonized Common Material Master specification consumed across multiple public sector enterprises.,CAN-000331|VALIDATED_COMPATIBLE|ACCEPT
6389ed94-87fe-5fd5-bb9a-6447bcabe066,MULTI_CPSE_DEMAND_AGGREGATION,CMM-INSTRU-AA1EFB-001,NTPC;ONGC,NTPC-200165;ONGC-100182,cpse_count,2,>= 2,Harmonized Common Material Master specification consumed across multiple public sector enterprises.,CAN-000331|VALIDATED_COMPATIBLE|ACCEPT
3eda6b9e-0a46-5bca-8d1f-1dc21af7cb26,MULTI_CPSE_DEMAND_AGGREGATION,CMM-INSTRU-B12635-001,BHEL;NMDC,BHEL-500125;NMDC-410124,cpse_count,2,>= 2,Harmonized Common Material Master specification consumed across multiple public sector enterprises.,CAN-000331|VALIDATED_COMPATIBLE|ACCEPT
3528de6e-2022-5f9f-a30b-621a02f7fc13,MULTI_CPSE_DEMAND_AGGREGATION,CMM-INSTRU-C368B5-001,HPCL;IOCL,HPCL-120124;IOCL-110107,cpse_count,2,>= 2,Harmonized Common Material Master specification consumed across multiple public sector enterprises.,CAN-000331|VALIDATED_COMPATIBLE|ACCEPT
af984751-db3c-57d6-be2d-403a872c5f0d,MULTI_CPSE_DEMAND_AGGREGATION,CMM-INSTRU-C4873D-001,Coal India;HPCL;IOCL;ONGC;SAIL,CIL-400089;HPCL-120141;IOCL-110094;IOCL-110127;ONGC-100099;SAIL-300103,cpse_count,5,>= 2,Harmonized Common Material Master specification consumed across multiple public sector enterprises.,CAN-000331|VALIDATED_COMPATIBLE|ACCEPT
8e6eb24f-a6b5-5860-aa5a-bdfcc6243e1b,MULTI_CPSE_DEMAND_AGGREGATION,CMM-INSTRU-C75E96-001,Coal India;ONGC,CIL-400177;ONGC-100197,cpse_count,2,>= 2,Harmonized Common Material Master specification consumed across multiple public sector enterprises.,CAN-000331|VALIDATED_COMPATIBLE|ACCEPT
97c9fffe-bba0-58ea-b838-4b5753c92f41,MULTI_CPSE_DEMAND_AGGREGATION,CMM-INSTRU-C7F4D5-001,BHEL;HPCL;IOCL;NMDC;NTPC,BHEL-500105;HPCL-120109;IOCL-110143;IOCL-110169;NMDC-410185;NTPC-200096;NTPC-200149,cpse_count,5,>= 2,Harmonized Common Material Master specification consumed across multiple public sector enterprises.,CAN-000331|VALIDATED_COMPATIBLE|ACCEPT
8afb8159-da2e-566a-8a88-39b8d43ad167,MULTI_CPSE_DEMAND_AGGREGATION,CMM-INSTRU-DE763E-001,BHEL;Coal India;IOCL;NMDC;NTPC;ONGC,BHEL-500078;CIL-400066;IOCL-110072;NMDC-410079;NTPC-200071;ONGC-100073,cpse_count,6,>= 2,Harmonized Common Material Master specification consumed across multiple public sector enterprises.,CAN-000331|VALIDATED_COMPATIBLE|ACCEPT
17b9b6e0-d701-5015-87d5-d6815d99a086,MULTI_CPSE_DEMAND_AGGREGATION,CMM-INSTRU-E72497-001,BHEL;IOCL,BHEL-500128;IOCL-110115,cpse_count,2,>= 2,Harmonized Common Material Master specification consumed across multiple public sector enterprises.,CAN-000331|VALIDATED_COMPATIBLE|ACCEPT
c3730fea-0e2b-5455-8acb-50b68e99c40b,MULTI_CPSE_DEMAND_AGGREGATION,CMM-INSTRU-E82054-001,Coal India;HPCL;IOCL;NTPC;SAIL,CIL-400030;HPCL-120040;IOCL-110041;NTPC-200035;SAIL-300041;SAIL-300180,cpse_count,5,>= 2,Harmonized Common Material Master specification consumed across multiple public sector enterprises.,CAN-000331|VALIDATED_COMPATIBLE|ACCEPT
acf03a0b-8bab-56d2-9806-bd02848a93f2,MULTI_CPSE_DEMAND_AGGREGATION,CMM-INSTRU-EBBC49-001,NTPC;ONGC,NTPC-200161;ONGC-100173,cpse_count,2,>= 2,Harmonized Common Material Master specification consumed across multiple public sector enterprises.,CAN-000331|VALIDATED_COMPATIBLE|ACCEPT
959f90db-5e0e-54dc-b88b-905b2f8453f8,MULTI_CPSE_DEMAND_AGGREGATION,CMM-INSTRU-F3707C-001,Coal India;HPCL;IOCL;NMDC;NTPC;ONGC;SAIL,CIL-400076;HPCL-120091;IOCL-110161;NMDC-410092;NTPC-200084;ONGC-100086;ONGC-100187;SAIL-300091,cpse_count,7,>= 2,Harmonized Common Material Master specification consumed across multiple public sector enterprises.,CAN-000331|VALIDATED_COMPATIBLE|ACCEPT
a28721e7-193f-53da-a7ac-f8e9b036aa7c,MULTI_CPSE_DEMAND_AGGREGATION,CMM-INSTRU-FECC9D-001,BHEL;HPCL;IOCL;NMDC;NTPC;ONGC;SAIL,BHEL-500053;HPCL-120057;IOCL-110114;NMDC-410055;NTPC-200120;ONGC-100051;ONGC-100128;ONGC-100134;SAIL-300062,cpse_count,7,>= 2,Harmonized Common Material Master specification consumed across multiple public sector enterprises.,CAN-000331|VALIDATED_COMPATIBLE|ACCEPT
685cc277-75e1-5e98-adc4-ece568217fa6,MULTI_CPSE_DEMAND_AGGREGATION,CMM-PIPEF-0E4F2B-001,Coal India;HPCL,CIL-400159;HPCL-120169,cpse_count,2,>= 2,Harmonized Common Material Master specification consumed across multiple public sector enterprises.,CAN-000331|VALIDATED_COMPATIBLE|ACCEPT
132bfa6e-1ceb-5948-95f4-86fe4ded9230,MULTI_CPSE_DEMAND_AGGREGATION,CMM-PIPEF-100E96-001,BHEL;Coal India;IOCL;ONGC;SAIL,BHEL-500089;CIL-400079;IOCL-110085;ONGC-100088;SAIL-300094,cpse_count,5,>= 2,Harmonized Common Material Master specification consumed across multiple public sector enterprises.,CAN-000331|VALIDATED_COMPATIBLE|ACCEPT
bb35681d-dc05-5cec-b2f2-36cb58f3b0a2,MULTI_CPSE_DEMAND_AGGREGATION,CMM-PIPEF-11F53A-001,HPCL;IOCL;ONGC;SAIL,HPCL-120114;IOCL-110099;ONGC-100107;SAIL-300114,cpse_count,4,>= 2,Harmonized Common Material Master specification consumed across multiple public sector enterprises.,CAN-000331|VALIDATED_COMPATIBLE|ACCEPT
60329db0-ca70-552b-81c8-c8b837079fdd,MULTI_CPSE_DEMAND_AGGREGATION,CMM-PIPEF-155E3F-001,HPCL;NTPC,HPCL-120178;NTPC-200175,cpse_count,2,>= 2,Harmonized Common Material Master specification consumed across multiple public sector enterprises.,CAN-000331|VALIDATED_COMPATIBLE|ACCEPT
82c3941e-cad6-5e55-9905-067de63c2d7e,MULTI_CPSE_DEMAND_AGGREGATION,CMM-PIPEF-2725B7-001,Coal India;IOCL,CIL-400148;IOCL-110141,cpse_count,2,>= 2,Harmonized Common Material Master specification consumed across multiple public sector enterprises.,CAN-000331|VALIDATED_COMPATIBLE|ACCEPT
80c6c504-97ac-548c-bebf-aefe8e7c10f8,MULTI_CPSE_DEMAND_AGGREGATION,CMM-PIPEF-2B325D-001,Coal India;NTPC,CIL-400061;NTPC-200061,cpse_count,2,>= 2,Harmonized Common Material Master specification consumed across multiple public sector enterprises.,CAN-000331|VALIDATED_COMPATIBLE|ACCEPT
9ca706fc-25be-57f6-8e53-b210a5632100,MULTI_CPSE_DEMAND_AGGREGATION,CMM-PIPEF-358D39-001,Coal India;NMDC;NTPC;ONGC,CIL-400067;NMDC-410080;NTPC-200072;ONGC-100074,cpse_count,4,>= 2,Harmonized Common Material Master specification consumed across multiple public sector enterprises.,CAN-000331|VALIDATED_COMPATIBLE|ACCEPT
9f614783-5a51-51a9-afce-ad47c52b9e07,MULTI_CPSE_DEMAND_AGGREGATION,CMM-PIPEF-3BAF8F-001,BHEL;Coal India;NMDC;NTPC;ONGC;SAIL,BHEL-500055;CIL-400048;NMDC-410057;NTPC-200051;ONGC-100053;SAIL-300063,cpse_count,6,>= 2,Harmonized Common Material Master specification consumed across multiple public sector enterprises.,CAN-000331|VALIDATED_COMPATIBLE|ACCEPT
a2811973-2a52-5f72-ab72-3c7914d5456a,MULTI_CPSE_DEMAND_AGGREGATION,CMM-PIPEF-3C5B7C-001,BHEL;HPCL;NTPC;ONGC;SAIL,BHEL-500046;HPCL-120050;NTPC-200043;ONGC-100045;SAIL-300052,cpse_count,5,>= 2,Harmonized Common Material Master specification consumed across multiple public sector enterprises.,CAN-000331|VALIDATED_COMPATIBLE|ACCEPT
c446ea1a-3b7b-5796-8631-0f3ebfc40eae,MULTI_CPSE_DEMAND_AGGREGATION,CMM-PIPEF-42698F-001,HPCL;NMDC;ONGC,HPCL-120075;NMDC-410077;ONGC-100070,cpse_count,3,>= 2,Harmonized Common Material Master specification consumed across multiple public sector enterprises.,CAN-000331|VALIDATED_COMPATIBLE|ACCEPT
8be6cc3f-65f7-5afe-bff2-763262237803,MULTI_CPSE_DEMAND_AGGREGATION,CMM-PIPEF-49C4F4-001,BHEL;HPCL;SAIL,BHEL-500047;HPCL-120051;SAIL-300053,cpse_count,3,>= 2,Harmonized Common Material Master specification consumed across multiple public sector enterprises.,CAN-000331|VALIDATED_COMPATIBLE|ACCEPT
1389cdae-1ef5-5e2e-9bf4-2f39dba54105,MULTI_CPSE_DEMAND_AGGREGATION,CMM-PIPEF-4E2A15-001,BHEL;HPCL;ONGC,BHEL-500004;HPCL-120002;ONGC-100006,cpse_count,3,>= 2,Harmonized Common Material Master specification consumed across multiple public sector enterprises.,CAN-000331|VALIDATED_COMPATIBLE|ACCEPT
4d4d5d82-64b5-50a3-b540-cda07ad8d4ae,MULTI_CPSE_DEMAND_AGGREGATION,CMM-PIPEF-567132-001,NTPC;ONGC,NTPC-200177;ONGC-100193,cpse_count,2,>= 2,Harmonized Common Material Master specification consumed across multiple public sector enterprises.,CAN-000331|VALIDATED_COMPATIBLE|ACCEPT
f873e958-e1fd-5326-884d-ee751768e2ef,MULTI_CPSE_DEMAND_AGGREGATION,CMM-PIPEF-5FC852-001,BHEL;SAIL,BHEL-500188;SAIL-300194,cpse_count,2,>= 2,Harmonized Common Material Master specification consumed across multiple public sector enterprises.,CAN-000331|VALIDATED_COMPATIBLE|ACCEPT
0d759c94-5916-565b-9454-a11859668687,MULTI_CPSE_DEMAND_AGGREGATION,CMM-PIPEF-67E91A-001,BHEL;IOCL,BHEL-500140;IOCL-110121,cpse_count,2,>= 2,Harmonized Common Material Master specification consumed across multiple public sector enterprises.,CAN-000331|VALIDATED_COMPATIBLE|ACCEPT
b42b3d5b-45c4-5840-9a0f-0edaa62f1523,MULTI_CPSE_DEMAND_AGGREGATION,CMM-PIPEF-68A5E4-001,BHEL;IOCL;NTPC;ONGC,BHEL-500075;IOCL-110068;NTPC-200067;ONGC-100069,cpse_count,4,>= 2,Harmonized Common Material Master specification consumed across multiple public sector enterprises.,CAN-000331|VALIDATED_COMPATIBLE|ACCEPT
e78a48b7-3946-5c62-9b84-97b213cfcf70,MULTI_CPSE_DEMAND_AGGREGATION,CMM-PIPEF-69E890-001,BHEL;HPCL,BHEL-500122;HPCL-120129,cpse_count,2,>= 2,Harmonized Common Material Master specification consumed across multiple public sector enterprises.,CAN-000331|VALIDATED_COMPATIBLE|ACCEPT
99986987-f6f9-5e78-8568-6abbb8b43f69,MULTI_CPSE_DEMAND_AGGREGATION,CMM-PIPEF-775C7D-001,IOCL;ONGC,IOCL-110117;ONGC-100139,cpse_count,2,>= 2,Harmonized Common Material Master specification consumed across multiple public sector enterprises.,CAN-000331|VALIDATED_COMPATIBLE|ACCEPT
0f3072a7-1cf8-54ae-af28-2c96e23ce04c,MULTI_CPSE_DEMAND_AGGREGATION,CMM-PIPEF-779420-001,IOCL;NTPC;ONGC;SAIL,IOCL-110005;NTPC-200003;ONGC-100004;SAIL-300005,cpse_count,4,>= 2,Harmonized Common Material Master specification consumed across multiple public sector enterprises.,CAN-000331|VALIDATED_COMPATIBLE|ACCEPT
08b341d7-84d6-5e65-b24e-8b3a6e083761,MULTI_CPSE_DEMAND_AGGREGATION,CMM-PIPEF-7A5764-001,BHEL;HPCL;NMDC;SAIL,BHEL-500041;HPCL-120045;NMDC-410042;SAIL-300045,cpse_count,4,>= 2,Harmonized Common Material Master specification consumed across multiple public sector enterprises.,CAN-000331|VALIDATED_COMPATIBLE|ACCEPT
7808358b-d143-5f31-899c-3b530cbb1450,MULTI_CPSE_DEMAND_AGGREGATION,CMM-PIPEF-7F1EC6-001,BHEL;ONGC,BHEL-500150;ONGC-100147,cpse_count,2,>= 2,Harmonized Common Material Master specification consumed across multiple public sector enterprises.,CAN-000331|VALIDATED_COMPATIBLE|ACCEPT
0eb9e64e-abb6-5203-bc49-734fb626811b,MULTI_CPSE_DEMAND_AGGREGATION,CMM-PIPEF-814451-001,BHEL;IOCL;NTPC;SAIL,BHEL-500016;IOCL-110020;NTPC-200016;SAIL-300021,cpse_count,4,>= 2,Harmonized Common Material Master specification consumed across multiple public sector enterprises.,CAN-000331|VALIDATED_COMPATIBLE|ACCEPT
0b400a1e-ff79-515c-8ebe-174d5d9441d1,MULTI_CPSE_DEMAND_AGGREGATION,CMM-PIPEF-814B57-001,Coal India;HPCL,CIL-400170;HPCL-120177,cpse_count,2,>= 2,Harmonized Common Material Master specification consumed across multiple public sector enterprises.,CAN-000331|VALIDATED_COMPATIBLE|ACCEPT
d5c96b63-c8eb-5a67-a418-af25c6fc7f58,MULTI_CPSE_DEMAND_AGGREGATION,CMM-PIPEF-886747-001,Coal India;HPCL;ONGC;SAIL,CIL-400040;HPCL-120049;ONGC-100044;SAIL-300051,cpse_count,4,>= 2,Harmonized Common Material Master specification consumed across multiple public sector enterprises.,CAN-000331|VALIDATED_COMPATIBLE|ACCEPT
92bea804-30b8-59a1-86fd-02cd8788ef31,MULTI_CPSE_DEMAND_AGGREGATION,CMM-PIPEF-887486-001,BHEL;IOCL;NMDC;NTPC;ONGC,BHEL-500054;IOCL-110057;NMDC-410056;NTPC-200050;ONGC-100052,cpse_count,5,>= 2,Harmonized Common Material Master specification consumed across multiple public sector enterprises.,CAN-000331|VALIDATED_COMPATIBLE|ACCEPT
fe156b33-bd32-5ff7-bcc4-62651729cc87,MULTI_CPSE_DEMAND_AGGREGATION,CMM-PIPEF-888E21-001,BHEL;HPCL;NMDC,BHEL-500068;HPCL-120069;NMDC-410069,cpse_count,3,>= 2,Harmonized Common Material Master specification consumed across multiple public sector enterprises.,CAN-000331|VALIDATED_COMPATIBLE|ACCEPT
a44c81ea-808c-5d3d-8bfa-feb3a0f38e54,MULTI_CPSE_DEMAND_AGGREGATION,CMM-PIPEF-91DF1A-001,Coal India;IOCL;NTPC;ONGC,CIL-400033;IOCL-110043;NTPC-200037;ONGC-100037,cpse_count,4,>= 2,Harmonized Common Material Master specification consumed across multiple public sector enterprises.,CAN-000331|VALIDATED_COMPATIBLE|ACCEPT
03f27c9b-84cd-5936-855a-9c8eb8027a19,MULTI_CPSE_DEMAND_AGGREGATION,CMM-PIPEF-9AEB33-001,NTPC;SAIL,NTPC-200116;SAIL-300130,cpse_count,2,>= 2,Harmonized Common Material Master specification consumed across multiple public sector enterprises.,CAN-000331|VALIDATED_COMPATIBLE|ACCEPT
3dcc7135-b630-566e-9231-13ccd46f1c0f,MULTI_CPSE_DEMAND_AGGREGATION,CMM-PIPEF-9F93F7-001,BHEL;Coal India;NMDC;NTPC;ONGC,BHEL-500038;CIL-400032;NMDC-410038;NTPC-200036;ONGC-100036,cpse_count,5,>= 2,Harmonized Common Material Master specification consumed across multiple public sector enterprises.,CAN-000331|VALIDATED_COMPATIBLE|ACCEPT
ecc44527-22e3-506c-aaef-69e2214276b9,MULTI_CPSE_DEMAND_AGGREGATION,CMM-PIPEF-A6DA56-001,IOCL;NMDC;SAIL,IOCL-110077;NMDC-410085;SAIL-300086,cpse_count,3,>= 2,Harmonized Common Material Master specification consumed across multiple public sector enterprises.,CAN-000331|VALIDATED_COMPATIBLE|ACCEPT
268263ef-8ffa-5549-a67c-e2c753f64dea,MULTI_CPSE_DEMAND_AGGREGATION,CMM-PIPEF-A71D7A-001,NMDC;NTPC,NMDC-410116;NTPC-200115,cpse_count,2,>= 2,Harmonized Common Material Master specification consumed across multiple public sector enterprises.,CAN-000331|VALIDATED_COMPATIBLE|ACCEPT
d1aef67d-65b1-56e0-946c-f88d1e17ecf1,MULTI_CPSE_DEMAND_AGGREGATION,CMM-PIPEF-A7BB01-001,BHEL;SAIL,BHEL-500166;SAIL-300170,cpse_count,2,>= 2,Harmonized Common Material Master specification consumed across multiple public sector enterprises.,CAN-000331|VALIDATED_COMPATIBLE|ACCEPT
fed48e7d-a765-5c6a-81f5-2cb05628b91d,MULTI_CPSE_DEMAND_AGGREGATION,CMM-PIPEF-A8BD86-001,Coal India;HPCL;NMDC;NTPC;ONGC;SAIL,CIL-400005;HPCL-120003;NMDC-410004;NTPC-200005;ONGC-100007;SAIL-300007,cpse_count,6,>= 2,Harmonized Common Material Master specification consumed across multiple public sector enterprises.,CAN-000331|VALIDATED_COMPATIBLE|ACCEPT
4e56107d-0de6-5908-8811-453799c5e9dd,MULTI_CPSE_DEMAND_AGGREGATION,CMM-PIPEF-A96212-001,IOCL;SAIL,IOCL-110174;SAIL-300195,cpse_count,2,>= 2,Harmonized Common Material Master specification consumed across multiple public sector enterprises.,CAN-000331|VALIDATED_COMPATIBLE|ACCEPT
215a0c7f-d0ea-5ff4-b650-15573a43ca79,MULTI_CPSE_DEMAND_AGGREGATION,CMM-PIPEF-AAC4DA-001,HPCL;NMDC;SAIL,HPCL-120022;NMDC-410020;SAIL-300025,cpse_count,3,>= 2,Harmonized Common Material Master specification consumed across multiple public sector enterprises.,CAN-000331|VALIDATED_COMPATIBLE|ACCEPT
81c1aaad-dc84-507d-bd10-a47f269b1256,MULTI_CPSE_DEMAND_AGGREGATION,CMM-PIPEF-AE5889-001,BHEL;Coal India;IOCL;NMDC;ONGC;SAIL,BHEL-500045;CIL-400037;IOCL-110048;NMDC-410046;ONGC-100041;SAIL-300049,cpse_count,6,>= 2,Harmonized Common Material Master specification consumed across multiple public sector enterprises.,CAN-000331|VALIDATED_COMPATIBLE|ACCEPT
be9812d4-c17d-53e0-8e0d-03b5693a380c,MULTI_CPSE_DEMAND_AGGREGATION,CMM-PIPEF-B78A58-001,Coal India;IOCL,CIL-400165;IOCL-110157,cpse_count,2,>= 2,Harmonized Common Material Master specification consumed across multiple public sector enterprises.,CAN-000331|VALIDATED_COMPATIBLE|ACCEPT
29e78123-e1ca-50a2-b3c9-f69765ac42c4,MULTI_CPSE_DEMAND_AGGREGATION,CMM-PIPEF-B95E69-001,HPCL;NMDC,HPCL-120132;NMDC-410127,cpse_count,2,>= 2,Harmonized Common Material Master specification consumed across multiple public sector enterprises.,CAN-000331|VALIDATED_COMPATIBLE|ACCEPT
91e022ba-80d7-5c89-a91b-1c9ab2e1c45a,MULTI_CPSE_DEMAND_AGGREGATION,CMM-PIPEF-BBD3DF-001,Coal India;HPCL;IOCL;NMDC;ONGC;SAIL,CIL-400009;HPCL-120010;IOCL-110014;NMDC-410012;ONGC-100014;SAIL-300017,cpse_count,6,>= 2,Harmonized Common Material Master specification consumed across multiple public sector enterprises.,CAN-000331|VALIDATED_COMPATIBLE|ACCEPT
579f34f5-3754-55f1-9b5d-b99baa1466a1,MULTI_CPSE_DEMAND_AGGREGATION,CMM-PIPEF-BF141A-001,ONGC;SAIL,ONGC-100203;SAIL-300192,cpse_count,2,>= 2,Harmonized Common Material Master specification consumed across multiple public sector enterprises.,CAN-000331|VALIDATED_COMPATIBLE|ACCEPT
5ff8e98a-4558-5d47-b4d0-7cf89be5c415,MULTI_CPSE_DEMAND_AGGREGATION,CMM-PIPEF-C0AB5E-001,IOCL;NMDC,IOCL-110146;NMDC-410162,cpse_count,2,>= 2,Harmonized Common Material Master specification consumed across multiple public sector enterprises.,CAN-000331|VALIDATED_COMPATIBLE|ACCEPT
d69f3795-4cdd-56e1-b674-cb04296091fd,MULTI_CPSE_DEMAND_AGGREGATION,CMM-PIPEF-C9F1AA-001,BHEL;HPCL;IOCL;ONGC;SAIL,BHEL-500005;HPCL-120004;IOCL-110006;ONGC-100008;SAIL-300008,cpse_count,5,>= 2,Harmonized Common Material Master specification consumed across multiple public sector enterprises.,CAN-000331|VALIDATED_COMPATIBLE|ACCEPT
730edc46-8449-576a-914c-6ac75ebe62f7,MULTI_CPSE_DEMAND_AGGREGATION,CMM-PIPEF-CA4F29-001,IOCL;NMDC;SAIL,IOCL-110065;NMDC-410071;SAIL-300075,cpse_count,3,>= 2,Harmonized Common Material Master specification consumed across multiple public sector enterprises.,CAN-000331|VALIDATED_COMPATIBLE|ACCEPT
5c73945d-917f-5e55-a451-fac16d5db19f,MULTI_CPSE_DEMAND_AGGREGATION,CMM-PIPEF-D565F3-001,Coal India;IOCL;NMDC;ONGC,CIL-400101;IOCL-110100;NMDC-410106;ONGC-100108,cpse_count,4,>= 2,Harmonized Common Material Master specification consumed across multiple public sector enterprises.,CAN-000331|VALIDATED_COMPATIBLE|ACCEPT
e097ee06-2fa0-5ce3-9ba0-fa0ec481bc8c,MULTI_CPSE_DEMAND_AGGREGATION,CMM-PIPEF-D67C66-001,Coal India;HPCL;IOCL;NTPC;ONGC;SAIL,CIL-400085;HPCL-120097;IOCL-110092;NTPC-200090;ONGC-100095;SAIL-300101,cpse_count,6,>= 2,Harmonized Common Material Master specification consumed across multiple public sector enterprises.,CAN-000331|VALIDATED_COMPATIBLE|ACCEPT
b45daaaa-3aa1-5617-bdc4-10dc2b35c294,MULTI_CPSE_DEMAND_AGGREGATION,CMM-PIPEF-D724AE-001,Coal India;NTPC,CIL-400142;NTPC-200146,cpse_count,2,>= 2,Harmonized Common Material Master specification consumed across multiple public sector enterprises.,CAN-000331|VALIDATED_COMPATIBLE|ACCEPT
f5745de0-f736-516d-a744-6671856d6810,MULTI_CPSE_DEMAND_AGGREGATION,CMM-PIPEF-E0FB6D-001,BHEL;HPCL;NMDC;NTPC;ONGC,BHEL-500013;HPCL-120011;NMDC-410013;NTPC-200013;ONGC-100015,cpse_count,5,>= 2,Harmonized Common Material Master specification consumed across multiple public sector enterprises.,CAN-000331|VALIDATED_COMPATIBLE|ACCEPT
f159ba0b-920c-5e5f-99cb-f9b97115ccb8,MULTI_CPSE_DEMAND_AGGREGATION,CMM-PIPEF-EB17F7-001,BHEL;HPCL;NTPC;ONGC;SAIL,BHEL-500056;HPCL-120058;NTPC-200052;ONGC-100056;SAIL-300066,cpse_count,5,>= 2,Harmonized Common Material Master specification consumed across multiple public sector enterprises.,CAN-000331|VALIDATED_COMPATIBLE|ACCEPT
face37e3-8f61-5930-989d-693ca2f94c97,MULTI_CPSE_DEMAND_AGGREGATION,CMM-PIPEF-ED1BE7-001,BHEL;Coal India;NMDC;NTPC,BHEL-500070;CIL-400063;NMDC-410072;NTPC-200062,cpse_count,4,>= 2,Harmonized Common Material Master specification consumed across multiple public sector enterprises.,CAN-000331|VALIDATED_COMPATIBLE|ACCEPT
aa1bf236-53b8-5b21-b5b5-0cc96215c683,MULTI_CPSE_DEMAND_AGGREGATION,CMM-PIPEF-EE1D45-001,BHEL;ONGC,BHEL-500165;ONGC-100170,cpse_count,2,>= 2,Harmonized Common Material Master specification consumed across multiple public sector enterprises.,CAN-000331|VALIDATED_COMPATIBLE|ACCEPT
e77d4cfe-6ca9-5cef-b7b6-13842a58dcf8,MULTI_CPSE_DEMAND_AGGREGATION,CMM-PIPEF-F76C77-001,Coal India;HPCL;IOCL;NMDC;ONGC;SAIL,CIL-400024;HPCL-120035;IOCL-110033;NMDC-410031;ONGC-100029;SAIL-300035,cpse_count,6,>= 2,Harmonized Common Material Master specification consumed across multiple public sector enterprises.,CAN-000331|VALIDATED_COMPATIBLE|ACCEPT
a908023e-aa68-562a-9bd3-81e2fe264146,MULTI_CPSE_DEMAND_AGGREGATION,CMM-PIPEF-FEC860-001,BHEL;NMDC,BHEL-500176;NMDC-410179,cpse_count,2,>= 2,Harmonized Common Material Master specification consumed across multiple public sector enterprises.,CAN-000331|VALIDATED_COMPATIBLE|ACCEPT
7d8a7020-021a-5d4d-87cd-159fb3391ff3,MULTI_CPSE_DEMAND_AGGREGATION,CMM-PUMP-04A30D-001,Coal India;ONGC,CIL-400152;ONGC-100166,cpse_count,2,>= 2,Harmonized Common Material Master specification consumed across multiple public sector enterprises.,CAN-000331|VALIDATED_COMPATIBLE|ACCEPT
c992273f-2687-5ca4-9b14-250b90a469d0,MULTI_CPSE_DEMAND_AGGREGATION,CMM-PUMP-0F45F6-001,Coal India;HPCL;IOCL;ONGC;SAIL,CIL-400010;HPCL-120012;IOCL-110015;ONGC-100138;SAIL-300018,cpse_count,5,>= 2,Harmonized Common Material Master specification consumed across multiple public sector enterprises.,CAN-000331|VALIDATED_COMPATIBLE|ACCEPT
521116c5-f229-548d-add1-2e56955a2d7f,MULTI_CPSE_DEMAND_AGGREGATION,CMM-PUMP-137846-001,BHEL;ONGC,BHEL-500153;ONGC-100154,cpse_count,2,>= 2,Harmonized Common Material Master specification consumed across multiple public sector enterprises.,CAN-000331|VALIDATED_COMPATIBLE|ACCEPT
921f9b6a-5999-59df-9ca9-3664e344036b,MULTI_CPSE_DEMAND_AGGREGATION,CMM-PUMP-13DAB4-001,BHEL;HPCL;NTPC;ONGC;SAIL,BHEL-500095;HPCL-120096;NTPC-200089;ONGC-100094;SAIL-300100,cpse_count,5,>= 2,Harmonized Common Material Master specification consumed across multiple public sector enterprises.,CAN-000331|VALIDATED_COMPATIBLE|ACCEPT
d7684c03-7669-5cbb-ab03-7272ebf3c5d7,MULTI_CPSE_DEMAND_AGGREGATION,CMM-PUMP-173478-001,IOCL;NMDC;NTPC;SAIL,IOCL-110162;NMDC-410177;NTPC-200148;SAIL-300155,cpse_count,4,>= 2,Harmonized Common Material Master specification consumed across multiple public sector enterprises.,CAN-000331|VALIDATED_COMPATIBLE|ACCEPT
0c745aa6-76c9-5ce6-ad05-33696cbbcbec,MULTI_CPSE_DEMAND_AGGREGATION,CMM-PUMP-257C0D-001,Coal India;HPCL;NTPC;SAIL,CIL-400020;HPCL-120032;NTPC-200028;SAIL-300031,cpse_count,4,>= 2,Harmonized Common Material Master specification consumed across multiple public sector enterprises.,CAN-000331|VALIDATED_COMPATIBLE|ACCEPT
17016d81-faa8-5e80-988f-5b8f8b5c1fba,MULTI_CPSE_DEMAND_AGGREGATION,CMM-PUMP-28DDB3-001,Coal India;ONGC,CIL-400158;ONGC-100171,cpse_count,2,>= 2,Harmonized Common Material Master specification consumed across multiple public sector enterprises.,CAN-000331|VALIDATED_COMPATIBLE|ACCEPT
a3869ea9-82d3-546c-b812-805d935e4d6b,MULTI_CPSE_DEMAND_AGGREGATION,CMM-PUMP-2F3FCE-001,HPCL;IOCL;NMDC,HPCL-120015;IOCL-110018;NMDC-410016,cpse_count,3,>= 2,Harmonized Common Material Master specification consumed across multiple public sector enterprises.,CAN-000331|VALIDATED_COMPATIBLE|ACCEPT
5e1b4762-a131-5fa0-a131-f896858f8e80,MULTI_CPSE_DEMAND_AGGREGATION,CMM-PUMP-329011-001,BHEL;Coal India;IOCL;NMDC;NTPC,BHEL-500049;CIL-400043;IOCL-110053;NMDC-410050;NTPC-200047,cpse_count,5,>= 2,Harmonized Common Material Master specification consumed across multiple public sector enterprises.,CAN-000331|VALIDATED_COMPATIBLE|ACCEPT
e6a54d5f-b5e6-56c0-b512-82210fbc1f41,MULTI_CPSE_DEMAND_AGGREGATION,CMM-PUMP-357758-001,BHEL;Coal India;NMDC;NTPC;ONGC,BHEL-500006;CIL-400006;NMDC-410005;NTPC-200006;ONGC-100009,cpse_count,5,>= 2,Harmonized Common Material Master specification consumed across multiple public sector enterprises.,CAN-000331|VALIDATED_COMPATIBLE|ACCEPT
b78069b7-75bc-502d-bb8a-93e0d9d3076c,MULTI_CPSE_DEMAND_AGGREGATION,CMM-PUMP-36F968-001,BHEL;NMDC,BHEL-500133;NMDC-410134,cpse_count,2,>= 2,Harmonized Common Material Master specification consumed across multiple public sector enterprises.,CAN-000331|VALIDATED_COMPATIBLE|ACCEPT
755b23e1-5b74-5e0c-8b01-a02f6f7d3117,MULTI_CPSE_DEMAND_AGGREGATION,CMM-PUMP-4393F2-001,BHEL;NMDC,BHEL-500124;NMDC-410126,cpse_count,2,>= 2,Harmonized Common Material Master specification consumed across multiple public sector enterprises.,CAN-000331|VALIDATED_COMPATIBLE|ACCEPT
2de90fd8-000c-52f2-ace3-f2433b316829,MULTI_CPSE_DEMAND_AGGREGATION,CMM-PUMP-6061C6-001,NMDC;NTPC,NMDC-410167;NTPC-200155,cpse_count,2,>= 2,Harmonized Common Material Master specification consumed across multiple public sector enterprises.,CAN-000331|VALIDATED_COMPATIBLE|ACCEPT
cb0e77a9-eac0-561d-ac82-40ba4eddad99,MULTI_CPSE_DEMAND_AGGREGATION,CMM-PUMP-67F25D-001,HPCL;IOCL,HPCL-120152;IOCL-110138,cpse_count,2,>= 2,Harmonized Common Material Master specification consumed across multiple public sector enterprises.,CAN-000331|VALIDATED_COMPATIBLE|ACCEPT
3685a3be-3deb-5492-920c-813b6c390197,MULTI_CPSE_DEMAND_AGGREGATION,CMM-PUMP-71A39E-001,BHEL;Coal India;IOCL;ONGC;SAIL,BHEL-500031;CIL-400025;IOCL-110034;ONGC-100030;SAIL-300036,cpse_count,5,>= 2,Harmonized Common Material Master specification consumed across multiple public sector enterprises.,CAN-000331|VALIDATED_COMPATIBLE|ACCEPT
bc83e2c1-1a8a-5ae0-9f87-f648951b181a,MULTI_CPSE_DEMAND_AGGREGATION,CMM-PUMP-7D55C9-001,IOCL;NMDC;NTPC;ONGC;SAIL,IOCL-110055;NMDC-410054;NTPC-200049;ONGC-100049;SAIL-300059,cpse_count,5,>= 2,Harmonized Common Material Master specification consumed across multiple public sector enterprises.,CAN-000331|VALIDATED_COMPATIBLE|ACCEPT
c0dbf993-a5a9-56d5-a042-bdd52088ae08,MULTI_CPSE_DEMAND_AGGREGATION,CMM-PUMP-824C56-001,HPCL;SAIL,HPCL-120179;SAIL-300185,cpse_count,2,>= 2,Harmonized Common Material Master specification consumed across multiple public sector enterprises.,CAN-000331|VALIDATED_COMPATIBLE|ACCEPT
aff34968-9ab3-5450-b7a9-17b7a03ceac9,MULTI_CPSE_DEMAND_AGGREGATION,CMM-PUMP-82AEB3-001,BHEL;HPCL;IOCL;NMDC;SAIL,BHEL-500042;HPCL-120046;IOCL-110046;NMDC-410044;SAIL-300047,cpse_count,5,>= 2,Harmonized Common Material Master specification consumed across multiple public sector enterprises.,CAN-000331|VALIDATED_COMPATIBLE|ACCEPT
fd0479c9-c38f-558f-8d83-a2f0954799c7,MULTI_CPSE_DEMAND_AGGREGATION,CMM-PUMP-837FD0-001,BHEL;Coal India;ONGC,BHEL-500060;CIL-400057;ONGC-100060,cpse_count,3,>= 2,Harmonized Common Material Master specification consumed across multiple public sector enterprises.,CAN-000331|VALIDATED_COMPATIBLE|ACCEPT
429d4563-0d3a-53f3-86d0-1485bfe9fc47,MULTI_CPSE_DEMAND_AGGREGATION,CMM-PUMP-8BAE9F-001,BHEL;Coal India;HPCL;IOCL;NMDC;NTPC,BHEL-500058;CIL-400054;HPCL-120062;IOCL-110060;NMDC-410061;NTPC-200055,cpse_count,6,>= 2,Harmonized Common Material Master specification consumed across multiple public sector enterprises.,CAN-000331|VALIDATED_COMPATIBLE|ACCEPT
973a03c2-6491-5528-abba-bfcfb1985c65,MULTI_CPSE_DEMAND_AGGREGATION,CMM-PUMP-904476-001,BHEL;IOCL;NTPC,BHEL-500142;IOCL-110126;IOCL-110180;NTPC-200188,cpse_count,3,>= 2,Harmonized Common Material Master specification consumed across multiple public sector enterprises.,CAN-000331|VALIDATED_COMPATIBLE|ACCEPT
c4d4ccfd-e2f7-5f45-bf84-b7cfe57f2bc9,MULTI_CPSE_DEMAND_AGGREGATION,CMM-PUMP-9080C7-001,HPCL;NTPC;SAIL,HPCL-120079;NTPC-200073;SAIL-300082,cpse_count,3,>= 2,Harmonized Common Material Master specification consumed across multiple public sector enterprises.,CAN-000331|VALIDATED_COMPATIBLE|ACCEPT
b50398a0-78aa-5cbd-a9bd-f8de194ac2e9,MULTI_CPSE_DEMAND_AGGREGATION,CMM-PUMP-986768-001,Coal India;IOCL;NMDC;NTPC;ONGC;SAIL,CIL-400004;IOCL-110004;NMDC-410003;NTPC-200002;ONGC-100003;SAIL-300004,cpse_count,6,>= 2,Harmonized Common Material Master specification consumed across multiple public sector enterprises.,CAN-000331|VALIDATED_COMPATIBLE|ACCEPT
c087afb4-8b14-55ca-88f9-3e03e5aecae2,MULTI_CPSE_DEMAND_AGGREGATION,CMM-PUMP-9B401B-001,BHEL;IOCL,BHEL-500141;IOCL-110122,cpse_count,2,>= 2,Harmonized Common Material Master specification consumed across multiple public sector enterprises.,CAN-000331|VALIDATED_COMPATIBLE|ACCEPT
5ac5380a-9f09-52dd-92a5-0b2ebc7611a6,MULTI_CPSE_DEMAND_AGGREGATION,CMM-PUMP-9ED4F4-001,Coal India;HPCL;IOCL;NMDC;ONGC;SAIL,CIL-400074;HPCL-120089;IOCL-110083;NMDC-410090;ONGC-100084;SAIL-300090,cpse_count,6,>= 2,Harmonized Common Material Master specification consumed across multiple public sector enterprises.,CAN-000331|VALIDATED_COMPATIBLE|ACCEPT
01040ae3-55a0-577e-8644-e0851ca09444,MULTI_CPSE_DEMAND_AGGREGATION,CMM-PUMP-BA45D5-001,Coal India;HPCL;IOCL;NTPC;ONGC;SAIL,CIL-400084;HPCL-120095;IOCL-110091;NTPC-200088;ONGC-100093;SAIL-300099,cpse_count,6,>= 2,Harmonized Common Material Master specification consumed across multiple public sector enterprises.,CAN-000331|VALIDATED_COMPATIBLE|ACCEPT
8cb30d2d-8f19-5040-a0eb-8fbb7b249486,MULTI_CPSE_DEMAND_AGGREGATION,CMM-PUMP-BBD3FB-001,HPCL;NTPC,HPCL-120120;NTPC-200111,cpse_count,2,>= 2,Harmonized Common Material Master specification consumed across multiple public sector enterprises.,CAN-000331|VALIDATED_COMPATIBLE|ACCEPT
9f91cf60-119b-5afe-ac8c-3dd16a9d7d91,MULTI_CPSE_DEMAND_AGGREGATION,CMM-PUMP-C40088-001,HPCL;SAIL,HPCL-120162;SAIL-300161,cpse_count,2,>= 2,Harmonized Common Material Master specification consumed across multiple public sector enterprises.,CAN-000331|VALIDATED_COMPATIBLE|ACCEPT
5f94d32b-1cd6-5c00-ae94-d32277a23ea4,MULTI_CPSE_DEMAND_AGGREGATION,CMM-PUMP-CBCD97-001,BHEL;NMDC,BHEL-500135;NMDC-410137,cpse_count,2,>= 2,Harmonized Common Material Master specification consumed across multiple public sector enterprises.,CAN-000331|VALIDATED_COMPATIBLE|ACCEPT
f98e7e16-5552-5882-bdba-9fe75a472292,MULTI_CPSE_DEMAND_AGGREGATION,CMM-PUMP-CD436E-001,Coal India;SAIL,CIL-400146;SAIL-300154,cpse_count,2,>= 2,Harmonized Common Material Master specification consumed across multiple public sector enterprises.,CAN-000331|VALIDATED_COMPATIBLE|ACCEPT
b1453727-bdf3-5a60-b8ed-cbbb2aea5e40,MULTI_CPSE_DEMAND_AGGREGATION,CMM-PUMP-CF08C1-001,Coal India;NMDC;NTPC;SAIL,CIL-400073;NMDC-410086;NTPC-200080;SAIL-300087,cpse_count,4,>= 2,Harmonized Common Material Master specification consumed across multiple public sector enterprises.,CAN-000331|VALIDATED_COMPATIBLE|ACCEPT
9f95940d-5afb-5455-88ee-919207e32c50,MULTI_CPSE_DEMAND_AGGREGATION,CMM-PUMP-D06965-001,HPCL;NMDC;NTPC;SAIL,HPCL-120146;NMDC-410148;NTPC-200141;SAIL-300151,cpse_count,4,>= 2,Harmonized Common Material Master specification consumed across multiple public sector enterprises.,CAN-000331|VALIDATED_COMPATIBLE|ACCEPT
c8341d6b-f150-5585-a43e-22fd00bd7ba8,MULTI_CPSE_DEMAND_AGGREGATION,CMM-PUMP-D3FA3F-001,Coal India;NTPC,CIL-400119;NTPC-200119,cpse_count,2,>= 2,Harmonized Common Material Master specification consumed across multiple public sector enterprises.,CAN-000331|VALIDATED_COMPATIBLE|ACCEPT
1873822e-c856-5365-95b0-17d4dad02365,MULTI_CPSE_DEMAND_AGGREGATION,CMM-PUMP-DB6C55-001,BHEL;IOCL;NMDC;NTPC;SAIL,BHEL-500035;IOCL-110038;NMDC-410035;NTPC-200031;SAIL-300038,cpse_count,5,>= 2,Harmonized Common Material Master specification consumed across multiple public sector enterprises.,CAN-000331|VALIDATED_COMPATIBLE|ACCEPT
904bfcc2-ce78-5ff1-b88b-82b97aa10044,MULTI_CPSE_DEMAND_AGGREGATION,CMM-PUMP-E22A9D-001,Coal India;NTPC,CIL-400167;NTPC-200168,cpse_count,2,>= 2,Harmonized Common Material Master specification consumed across multiple public sector enterprises.,CAN-000331|VALIDATED_COMPATIBLE|ACCEPT
7f9c0319-840f-5d8e-94e2-1ab7d9744812,MULTI_CPSE_DEMAND_AGGREGATION,CMM-PUMP-E31790-001,IOCL;NMDC;NTPC,IOCL-110016;NMDC-410014;NTPC-200014,cpse_count,3,>= 2,Harmonized Common Material Master specification consumed across multiple public sector enterprises.,CAN-000331|VALIDATED_COMPATIBLE|ACCEPT
bdd1c7b0-d48c-597e-86d1-bba9a828e9d4,MULTI_CPSE_DEMAND_AGGREGATION,CMM-PUMP-ED0D84-001,BHEL;Coal India;HPCL;ONGC;SAIL,BHEL-500062;CIL-400059;HPCL-120066;ONGC-100062;SAIL-300071,cpse_count,5,>= 2,Harmonized Common Material Master specification consumed across multiple public sector enterprises.,CAN-000331|VALIDATED_COMPATIBLE|ACCEPT
0d74a285-2242-5bf2-ba5f-3b3d8bce4211,MULTI_CPSE_DEMAND_AGGREGATION,CMM-PUMP-EFB17A-001,Coal India;HPCL;IOCL;NTPC;ONGC;SAIL,CIL-400002;HPCL-120001;IOCL-110001;NTPC-200001;ONGC-100002;SAIL-300002,cpse_count,6,>= 2,Harmonized Common Material Master specification consumed across multiple public sector enterprises.,CAN-000331|VALIDATED_COMPATIBLE|ACCEPT
19dad378-8742-535e-807f-6c9bc014fab4,MULTI_CPSE_DEMAND_AGGREGATION,CMM-PUMP-F3916E-001,Coal India;HPCL;IOCL;SAIL,CIL-400149;HPCL-120013;IOCL-110017;SAIL-300019,cpse_count,4,>= 2,Harmonized Common Material Master specification consumed across multiple public sector enterprises.,CAN-000331|VALIDATED_COMPATIBLE|ACCEPT
dfcf75fa-0730-5b74-9c4a-8c05f7fd264e,MULTI_CPSE_DEMAND_AGGREGATION,CMM-PUMP-FA44B3-001,BHEL;Coal India;NMDC;ONGC,BHEL-500127;CIL-400123;NMDC-410125;ONGC-100133,cpse_count,4,>= 2,Harmonized Common Material Master specification consumed across multiple public sector enterprises.,CAN-000331|VALIDATED_COMPATIBLE|ACCEPT
64d1dcd3-de7f-5fbe-a6cc-d56ef052977a,MULTI_CPSE_DEMAND_AGGREGATION,CMM-PUMP-FC6AAF-001,BHEL;Coal India;IOCL;NMDC;ONGC;SAIL,BHEL-500090;CIL-400081;IOCL-110087;NMDC-410093;ONGC-100089;SAIL-300096,cpse_count,6,>= 2,Harmonized Common Material Master specification consumed across multiple public sector enterprises.,CAN-000331|VALIDATED_COMPATIBLE|ACCEPT
4bec323f-29e6-57bc-a401-6d05a352b108,MULTI_CPSE_DEMAND_AGGREGATION,CMM-PUMP-FEF7B9-001,BHEL;Coal India;NMDC;NTPC,BHEL-500091;CIL-400082;NMDC-410095;NTPC-200125,cpse_count,4,>= 2,Harmonized Common Material Master specification consumed across multiple public sector enterprises.,CAN-000331|VALIDATED_COMPATIBLE|ACCEPT
a6a06386-6563-5a72-990d-f8d2b4914a8a,MULTI_CPSE_DEMAND_AGGREGATION,CMM-SEALG-067879-001,BHEL;NTPC;ONGC,BHEL-500073;NTPC-200065;ONGC-100068,cpse_count,3,>= 2,Harmonized Common Material Master specification consumed across multiple public sector enterprises.,CAN-000331|VALIDATED_COMPATIBLE|ACCEPT
561432f0-6409-513f-ae89-3944a06674ea,MULTI_CPSE_DEMAND_AGGREGATION,CMM-SEALG-091BCF-001,BHEL;HPCL,BHEL-500123;HPCL-120131,cpse_count,2,>= 2,Harmonized Common Material Master specification consumed across multiple public sector enterprises.,CAN-000331|VALIDATED_COMPATIBLE|ACCEPT
f92505a9-2eb3-5079-b9cf-1aad77c1b056,MULTI_CPSE_DEMAND_AGGREGATION,CMM-SEALG-099BED-001,Coal India;HPCL,CIL-400115;HPCL-120126,cpse_count,2,>= 2,Harmonized Common Material Master specification consumed across multiple public sector enterprises.,CAN-000331|VALIDATED_COMPATIBLE|ACCEPT
f7807931-2516-5e56-b2b4-1272b4a98822,MULTI_CPSE_DEMAND_AGGREGATION,CMM-SEALG-1331E7-001,HPCL;NTPC,HPCL-120135;NTPC-200127,cpse_count,2,>= 2,Harmonized Common Material Master specification consumed across multiple public sector enterprises.,CAN-000331|VALIDATED_COMPATIBLE|ACCEPT
57c35ade-721b-5cc8-802b-cb815af2aae4,MULTI_CPSE_DEMAND_AGGREGATION,CMM-SEALG-16E5D0-001,Coal India;NTPC,CIL-400162;NTPC-200162,cpse_count,2,>= 2,Harmonized Common Material Master specification consumed across multiple public sector enterprises.,CAN-000331|VALIDATED_COMPATIBLE|ACCEPT
e4b2d9bf-b9c1-567c-81a0-8adfc6682ffc,MULTI_CPSE_DEMAND_AGGREGATION,CMM-SEALG-18752C-001,Coal India;HPCL;IOCL;NMDC;ONGC;SAIL,CIL-400039;HPCL-120048;IOCL-110050;NMDC-410047;ONGC-100043;SAIL-300050,cpse_count,6,>= 2,Harmonized Common Material Master specification consumed across multiple public sector enterprises.,CAN-000331|VALIDATED_COMPATIBLE|ACCEPT
5092297d-5226-53b7-8cfd-7f49d0299f5f,MULTI_CPSE_DEMAND_AGGREGATION,CMM-SEALG-19C018-001,HPCL;ONGC,HPCL-120119;ONGC-100119,cpse_count,2,>= 2,Harmonized Common Material Master specification consumed across multiple public sector enterprises.,CAN-000331|VALIDATED_COMPATIBLE|ACCEPT
2a3c95df-1d27-54ef-aa07-122425ea09c6,MULTI_CPSE_DEMAND_AGGREGATION,CMM-SEALG-1EEB61-001,BHEL;Coal India;ONGC;SAIL,BHEL-500187;CIL-400111;ONGC-100204;SAIL-300121,cpse_count,4,>= 2,Harmonized Common Material Master specification consumed across multiple public sector enterprises.,CAN-000331|VALIDATED_COMPATIBLE|ACCEPT
435022cd-f1dc-5bad-8c45-baf8c03c92eb,MULTI_CPSE_DEMAND_AGGREGATION,CMM-SEALG-260F99-001,BHEL;HPCL;IOCL;NMDC;NTPC;ONGC,BHEL-500022;HPCL-120024;IOCL-110026;NMDC-410022;NTPC-200022;ONGC-100021,cpse_count,6,>= 2,Harmonized Common Material Master specification consumed across multiple public sector enterprises.,CAN-000331|VALIDATED_COMPATIBLE|ACCEPT
6196f290-75b1-5e2b-b1f5-8348737b65ec,MULTI_CPSE_DEMAND_AGGREGATION,CMM-SEALG-29423B-001,BHEL;HPCL;IOCL;NMDC;NTPC;ONGC,BHEL-500024;HPCL-120027;IOCL-110028;NMDC-410024;NTPC-200024;ONGC-100024,cpse_count,6,>= 2,Harmonized Common Material Master specification consumed across multiple public sector enterprises.,CAN-000331|VALIDATED_COMPATIBLE|ACCEPT
dd7e853b-2d76-57a0-9548-099146fa352f,MULTI_CPSE_DEMAND_AGGREGATION,CMM-SEALG-302F89-001,NMDC;NTPC,NMDC-410163;NTPC-200151,cpse_count,2,>= 2,Harmonized Common Material Master specification consumed across multiple public sector enterprises.,CAN-000331|VALIDATED_COMPATIBLE|ACCEPT
b72f2428-9f41-5f19-8d17-67ca04042a5d,MULTI_CPSE_DEMAND_AGGREGATION,CMM-SEALG-31DF73-001,NMDC;ONGC,NMDC-410130;ONGC-100132,cpse_count,2,>= 2,Harmonized Common Material Master specification consumed across multiple public sector enterprises.,CAN-000331|VALIDATED_COMPATIBLE|ACCEPT
17111572-fd6b-5c64-b319-de3bbeff7847,MULTI_CPSE_DEMAND_AGGREGATION,CMM-SEALG-33D848-001,IOCL;ONGC,IOCL-110119;ONGC-100142,cpse_count,2,>= 2,Harmonized Common Material Master specification consumed across multiple public sector enterprises.,CAN-000331|VALIDATED_COMPATIBLE|ACCEPT
1e4daac7-f999-598a-8af5-ecf9e45ca195,MULTI_CPSE_DEMAND_AGGREGATION,CMM-SEALG-39168C-001,Coal India;NTPC;ONGC,CIL-400103;NTPC-200101;ONGC-100110,cpse_count,3,>= 2,Harmonized Common Material Master specification consumed across multiple public sector enterprises.,CAN-000331|VALIDATED_COMPATIBLE|ACCEPT
129abc4a-71e2-5dd2-a25c-d79ac1a9e26f,MULTI_CPSE_DEMAND_AGGREGATION,CMM-SEALG-439083-001,BHEL;NTPC,BHEL-500174;NTPC-200171,cpse_count,2,>= 2,Harmonized Common Material Master specification consumed across multiple public sector enterprises.,CAN-000331|VALIDATED_COMPATIBLE|ACCEPT
bb04dc61-3d3c-52e0-a41b-414039da2892,MULTI_CPSE_DEMAND_AGGREGATION,CMM-SEALG-61A948-001,NMDC;SAIL,NMDC-410117;SAIL-300129,cpse_count,2,>= 2,Harmonized Common Material Master specification consumed across multiple public sector enterprises.,CAN-000331|VALIDATED_COMPATIBLE|ACCEPT
d46360f0-d9ea-5fa2-822b-d0572d344ad4,MULTI_CPSE_DEMAND_AGGREGATION,CMM-SEALG-62C5E5-001,NMDC;ONGC,NMDC-410113;ONGC-100121,cpse_count,2,>= 2,Harmonized Common Material Master specification consumed across multiple public sector enterprises.,CAN-000331|VALIDATED_COMPATIBLE|ACCEPT
f19c018d-b45c-5013-85cf-d5495030ee7f,MULTI_CPSE_DEMAND_AGGREGATION,CMM-SEALG-66D3AC-001,BHEL;HPCL;IOCL;NTPC;ONGC;SAIL,BHEL-500032;HPCL-120036;IOCL-110036;NTPC-200030;ONGC-100032;SAIL-300037,cpse_count,6,>= 2,Harmonized Common Material Master specification consumed across multiple public sector enterprises.,CAN-000331|VALIDATED_COMPATIBLE|ACCEPT
81831411-bf39-5bd0-82ae-5f5e0174749d,MULTI_CPSE_DEMAND_AGGREGATION,CMM-SEALG-66F853-001,Coal India;HPCL;ONGC;SAIL,CIL-400097;HPCL-120108;ONGC-100104;SAIL-300110,cpse_count,4,>= 2,Harmonized Common Material Master specification consumed across multiple public sector enterprises.,CAN-000331|VALIDATED_COMPATIBLE|ACCEPT
6ca4e520-17cd-5a46-93b0-206520a7e01a,MULTI_CPSE_DEMAND_AGGREGATION,CMM-SEALG-6ACECF-001,HPCL;IOCL,HPCL-120182;IOCL-110167,cpse_count,2,>= 2,Harmonized Common Material Master specification consumed across multiple public sector enterprises.,CAN-000331|VALIDATED_COMPATIBLE|ACCEPT
5cd6953f-5aa5-5abf-97fb-3cc623caf02e,MULTI_CPSE_DEMAND_AGGREGATION,CMM-SEALG-6DA7E7-001,BHEL;NTPC,BHEL-500138;NTPC-200133,cpse_count,2,>= 2,Harmonized Common Material Master specification consumed across multiple public sector enterprises.,CAN-000331|VALIDATED_COMPATIBLE|ACCEPT
4b20781d-139f-5037-98c4-e291181b5739,MULTI_CPSE_DEMAND_AGGREGATION,CMM-SEALG-747B98-001,BHEL;SAIL,BHEL-500144;SAIL-300145,cpse_count,2,>= 2,Harmonized Common Material Master specification consumed across multiple public sector enterprises.,CAN-000331|VALIDATED_COMPATIBLE|ACCEPT
75cbd0fa-faba-5431-8e8a-5b40673919c6,MULTI_CPSE_DEMAND_AGGREGATION,CMM-SEALG-7A9F00-001,BHEL;Coal India;IOCL;NTPC;ONGC,BHEL-500108;CIL-400099;IOCL-110098;NTPC-200098;ONGC-100106,cpse_count,5,>= 2,Harmonized Common Material Master specification consumed across multiple public sector enterprises.,CAN-000331|VALIDATED_COMPATIBLE|ACCEPT
673f351a-d49e-59f3-b609-420edb0ca4c3,MULTI_CPSE_DEMAND_AGGREGATION,CMM-SEALG-80EA46-001,BHEL;Coal India;HPCL;NMDC;NTPC,BHEL-500074;CIL-400064;HPCL-120074;NMDC-410076;NTPC-200066,cpse_count,5,>= 2,Harmonized Common Material Master specification consumed across multiple public sector enterprises.,CAN-000331|VALIDATED_COMPATIBLE|ACCEPT
c0b1da8c-7a27-597f-b84b-8cc3b705b31c,MULTI_CPSE_DEMAND_AGGREGATION,CMM-SEALG-82045D-001,Coal India;IOCL;NTPC,CIL-400164;IOCL-110125;IOCL-110154;NTPC-200135,cpse_count,3,>= 2,Harmonized Common Material Master specification consumed across multiple public sector enterprises.,CAN-000331|VALIDATED_COMPATIBLE|ACCEPT
a4cfac83-7b70-5a52-96e9-2683838f8ecb,MULTI_CPSE_DEMAND_AGGREGATION,CMM-SEALG-8A8051-001,IOCL;NMDC;ONGC,IOCL-110035;NMDC-410032;ONGC-100031,cpse_count,3,>= 2,Harmonized Common Material Master specification consumed across multiple public sector enterprises.,CAN-000331|VALIDATED_COMPATIBLE|ACCEPT
1c896f65-8ff4-5d59-bbd5-1d5ececc650d,MULTI_CPSE_DEMAND_AGGREGATION,CMM-SEALG-8BDD10-001,BHEL;IOCL,BHEL-500170;IOCL-110155,cpse_count,2,>= 2,Harmonized Common Material Master specification consumed across multiple public sector enterprises.,CAN-000331|VALIDATED_COMPATIBLE|ACCEPT
1e927bd8-78a5-58d3-bb0a-55c97aff3e3c,MULTI_CPSE_DEMAND_AGGREGATION,CMM-SEALG-8F1270-001,HPCL;IOCL,HPCL-120185;IOCL-110168,cpse_count,2,>= 2,Harmonized Common Material Master specification consumed across multiple public sector enterprises.,CAN-000331|VALIDATED_COMPATIBLE|ACCEPT
8b4f40ca-cd73-519e-be3c-6a5d4201dbb2,MULTI_CPSE_DEMAND_AGGREGATION,CMM-SEALG-928895-001,NTPC;SAIL,NTPC-200130;SAIL-300141,cpse_count,2,>= 2,Harmonized Common Material Master specification consumed across multiple public sector enterprises.,CAN-000331|VALIDATED_COMPATIBLE|ACCEPT
f7101424-8966-5e44-aa29-863d1ee5a672,MULTI_CPSE_DEMAND_AGGREGATION,CMM-SEALG-948B2B-001,ONGC;SAIL,ONGC-100190;SAIL-300183,cpse_count,2,>= 2,Harmonized Common Material Master specification consumed across multiple public sector enterprises.,CAN-000331|VALIDATED_COMPATIBLE|ACCEPT
7773a18f-f16a-5c78-a4e6-6047126b222b,MULTI_CPSE_DEMAND_AGGREGATION,CMM-SEALG-96ED36-001,BHEL;NMDC;NTPC;SAIL,BHEL-500112;NMDC-410109;NTPC-200104;SAIL-300119,cpse_count,4,>= 2,Harmonized Common Material Master specification consumed across multiple public sector enterprises.,CAN-000331|VALIDATED_COMPATIBLE|ACCEPT
3b9ffdd9-8bbe-54d8-aa2e-afa88ec84f31,MULTI_CPSE_DEMAND_AGGREGATION,CMM-SEALG-99E573-001,IOCL;SAIL,IOCL-110166;SAIL-300188,cpse_count,2,>= 2,Harmonized Common Material Master specification consumed across multiple public sector enterprises.,CAN-000331|VALIDATED_COMPATIBLE|ACCEPT
6741e6e9-be9f-59be-affc-8d1baf227617,MULTI_CPSE_DEMAND_AGGREGATION,CMM-SEALG-9C5882-001,Coal India;HPCL,CIL-400112;HPCL-120123,cpse_count,2,>= 2,Harmonized Common Material Master specification consumed across multiple public sector enterprises.,CAN-000331|VALIDATED_COMPATIBLE|ACCEPT
39bad7ad-8f04-5dae-bac2-0205bde4bfcc,MULTI_CPSE_DEMAND_AGGREGATION,CMM-SEALG-9F5E86-001,Coal India;HPCL;IOCL;SAIL,CIL-400013;HPCL-120018;IOCL-110021;SAIL-300022,cpse_count,4,>= 2,Harmonized Common Material Master specification consumed across multiple public sector enterprises.,CAN-000331|VALIDATED_COMPATIBLE|ACCEPT
c8ae53bf-9c6d-58a8-ae9f-de75c9b9409b,MULTI_CPSE_DEMAND_AGGREGATION,CMM-SEALG-A60FBB-001,NMDC;SAIL,NMDC-410183;SAIL-300189,cpse_count,2,>= 2,Harmonized Common Material Master specification consumed across multiple public sector enterprises.,CAN-000331|VALIDATED_COMPATIBLE|ACCEPT
494f9ec3-7d9e-59de-b6e2-521bb4b90c25,MULTI_CPSE_DEMAND_AGGREGATION,CMM-SEALG-AB281C-001,Coal India;HPCL;IOCL;NTPC;ONGC;SAIL,CIL-400068;HPCL-120080;IOCL-110073;NTPC-200074;ONGC-100075;SAIL-300083,cpse_count,6,>= 2,Harmonized Common Material Master specification consumed across multiple public sector enterprises.,CAN-000331|VALIDATED_COMPATIBLE|ACCEPT
d7a23a05-0fea-5643-946e-ea75942ce836,MULTI_CPSE_DEMAND_AGGREGATION,CMM-SEALG-ACB3E9-001,BHEL;Coal India;IOCL;SAIL,BHEL-500044;CIL-400036;IOCL-110047;SAIL-300048,cpse_count,4,>= 2,Harmonized Common Material Master specification consumed across multiple public sector enterprises.,CAN-000331|VALIDATED_COMPATIBLE|ACCEPT
679f45ee-8f61-5bfd-859a-44637b79688d,MULTI_CPSE_DEMAND_AGGREGATION,CMM-SEALG-B639C0-001,BHEL;HPCL;NMDC;ONGC,BHEL-500065;HPCL-120067;NMDC-410067;ONGC-100064,cpse_count,4,>= 2,Harmonized Common Material Master specification consumed across multiple public sector enterprises.,CAN-000331|VALIDATED_COMPATIBLE|ACCEPT
f3f77307-c2a0-56fa-8a10-a5d54d34e146,MULTI_CPSE_DEMAND_AGGREGATION,CMM-SEALG-C4821B-001,BHEL;IOCL;SAIL,BHEL-500011;IOCL-110013;SAIL-300015,cpse_count,3,>= 2,Harmonized Common Material Master specification consumed across multiple public sector enterprises.,CAN-000331|VALIDATED_COMPATIBLE|ACCEPT
e214f79f-6056-575a-94a5-1761298cbda7,MULTI_CPSE_DEMAND_AGGREGATION,CMM-SEALG-C5D451-001,BHEL;Coal India;HPCL;IOCL;NMDC;SAIL,BHEL-500051;CIL-400045;HPCL-120056;IOCL-110054;NMDC-410052;SAIL-300057,cpse_count,6,>= 2,Harmonized Common Material Master specification consumed across multiple public sector enterprises.,CAN-000331|VALIDATED_COMPATIBLE|ACCEPT
1b045ff2-ab84-59ad-95d6-216e9aa4b686,MULTI_CPSE_DEMAND_AGGREGATION,CMM-SEALG-C65128-001,BHEL;Coal India;HPCL;IOCL;SAIL,BHEL-500026;CIL-400019;HPCL-120029;IOCL-110029;SAIL-300028,cpse_count,5,>= 2,Harmonized Common Material Master specification consumed across multiple public sector enterprises.,CAN-000331|VALIDATED_COMPATIBLE|ACCEPT
48a998ea-3b96-57a2-a626-9e60c015f75b,MULTI_CPSE_DEMAND_AGGREGATION,CMM-SEALG-C69426-001,HPCL;NMDC;NTPC,HPCL-120065;NMDC-410064;NTPC-200058,cpse_count,3,>= 2,Harmonized Common Material Master specification consumed across multiple public sector enterprises.,CAN-000331|VALIDATED_COMPATIBLE|ACCEPT
ec749e8a-1d98-591f-9470-4553bd059def,MULTI_CPSE_DEMAND_AGGREGATION,CMM-SEALG-C73A59-001,HPCL;SAIL,HPCL-120128;SAIL-300133,cpse_count,2,>= 2,Harmonized Common Material Master specification consumed across multiple public sector enterprises.,CAN-000331|VALIDATED_COMPATIBLE|ACCEPT
8d528ffe-89a4-5297-b447-c260db602362,MULTI_CPSE_DEMAND_AGGREGATION,CMM-SEALG-C8045E-001,BHEL;HPCL;NMDC,BHEL-500040;HPCL-120044;NMDC-410040,cpse_count,3,>= 2,Harmonized Common Material Master specification consumed across multiple public sector enterprises.,CAN-000331|VALIDATED_COMPATIBLE|ACCEPT
4760c888-5fc5-5640-a9df-7a9ce3e56601,MULTI_CPSE_DEMAND_AGGREGATION,CMM-SEALG-CE2B43-001,NMDC;NTPC,NMDC-410143;NTPC-200140,cpse_count,2,>= 2,Harmonized Common Material Master specification consumed across multiple public sector enterprises.,CAN-000331|VALIDATED_COMPATIBLE|ACCEPT
d07f78d3-3cfe-5f38-b22b-6e9f72dcc9ec,MULTI_CPSE_DEMAND_AGGREGATION,CMM-SEALG-D89357-001,HPCL;NMDC,HPCL-120136;NMDC-410132,cpse_count,2,>= 2,Harmonized Common Material Master specification consumed across multiple public sector enterprises.,CAN-000331|VALIDATED_COMPATIBLE|ACCEPT
df19fb10-c48c-534d-923a-93106bd9724b,MULTI_CPSE_DEMAND_AGGREGATION,CMM-SEALG-DB0B11-001,BHEL;Coal India;IOCL;NMDC;ONGC;SAIL,BHEL-500110;CIL-400104;IOCL-110102;NMDC-410107;ONGC-100111;SAIL-300116,cpse_count,6,>= 2,Harmonized Common Material Master specification consumed across multiple public sector enterprises.,CAN-000331|VALIDATED_COMPATIBLE|ACCEPT
c27ba92e-9378-5f00-b28e-11f1071e660c,MULTI_CPSE_DEMAND_AGGREGATION,CMM-SEALG-DE85AC-001,HPCL;NMDC,HPCL-120161;NMDC-410161,cpse_count,2,>= 2,Harmonized Common Material Master specification consumed across multiple public sector enterprises.,CAN-000331|VALIDATED_COMPATIBLE|ACCEPT
11217169-4a5d-5423-b042-0be60bb12c2b,MULTI_CPSE_DEMAND_AGGREGATION,CMM-SEALG-DE8656-001,BHEL;IOCL;ONGC,BHEL-500092;IOCL-110089;ONGC-100090,cpse_count,3,>= 2,Harmonized Common Material Master specification consumed across multiple public sector enterprises.,CAN-000331|VALIDATED_COMPATIBLE|ACCEPT
91b1e9a0-6dc1-55ad-9ae4-00ed11e6dadc,MULTI_CPSE_DEMAND_AGGREGATION,CMM-SEALG-E00177-001,HPCL;IOCL;NMDC;NTPC;SAIL,HPCL-120071;HPCL-120137;IOCL-110149;NMDC-410165;NTPC-200063;SAIL-300076;SAIL-300140,cpse_count,5,>= 2,Harmonized Common Material Master specification consumed across multiple public sector enterprises.,CAN-000331|VALIDATED_COMPATIBLE|ACCEPT
f0d77c07-aadb-57b8-8471-4c4f4242f89a,MULTI_CPSE_DEMAND_AGGREGATION,CMM-SEALG-E0C6E5-001,HPCL;NMDC;SAIL,HPCL-120072;NMDC-410074;SAIL-300078,cpse_count,3,>= 2,Harmonized Common Material Master specification consumed across multiple public sector enterprises.,CAN-000331|VALIDATED_COMPATIBLE|ACCEPT
bc4d7127-79d9-599d-bb17-359f7f876b04,MULTI_CPSE_DEMAND_AGGREGATION,CMM-SEALG-E57A9D-001,IOCL;NTPC,IOCL-110173;NTPC-200183,cpse_count,2,>= 2,Harmonized Common Material Master specification consumed across multiple public sector enterprises.,CAN-000331|VALIDATED_COMPATIBLE|ACCEPT
ffbc4021-d25a-5a58-961b-030d2f96f97a,MULTI_CPSE_DEMAND_AGGREGATION,CMM-SEALG-E59C31-001,BHEL;ONGC,BHEL-500171;ONGC-100177,cpse_count,2,>= 2,Harmonized Common Material Master specification consumed across multiple public sector enterprises.,CAN-000331|VALIDATED_COMPATIBLE|ACCEPT
8c2bb6c7-b3b7-590a-9885-dc6ffd1eb7ec,MULTI_CPSE_DEMAND_AGGREGATION,CMM-SEALG-E70970-001,HPCL;NMDC,HPCL-120154;NMDC-410154,cpse_count,2,>= 2,Harmonized Common Material Master specification consumed across multiple public sector enterprises.,CAN-000331|VALIDATED_COMPATIBLE|ACCEPT
ae7a6bf1-888b-5b7d-ba12-748d2156be91,MULTI_CPSE_DEMAND_AGGREGATION,CMM-SEALG-E86469-001,BHEL;Coal India;HPCL,BHEL-500115;CIL-400110;CIL-400140;HPCL-120148,cpse_count,3,>= 2,Harmonized Common Material Master specification consumed across multiple public sector enterprises.,CAN-000331|VALIDATED_COMPATIBLE|ACCEPT
e0816224-9f5f-5a3f-ba54-cb6c641685d7,MULTI_CPSE_DEMAND_AGGREGATION,CMM-SEALG-EA0F9C-001,Coal India;HPCL,CIL-400183;HPCL-120187,cpse_count,2,>= 2,Harmonized Common Material Master specification consumed across multiple public sector enterprises.,CAN-000331|VALIDATED_COMPATIBLE|ACCEPT
0075f495-12fb-5b49-8971-026b8dd347cd,MULTI_CPSE_DEMAND_AGGREGATION,CMM-SEALG-F01715-001,BHEL;HPCL;SAIL,BHEL-500106;HPCL-120111;SAIL-300112,cpse_count,3,>= 2,Harmonized Common Material Master specification consumed across multiple public sector enterprises.,CAN-000331|VALIDATED_COMPATIBLE|ACCEPT
6555ea6f-2bcf-59dd-aae0-87b4febf98fd,MULTI_CPSE_DEMAND_AGGREGATION,CMM-SEALG-F13686-001,BHEL;IOCL,BHEL-500189;IOCL-110175,cpse_count,2,>= 2,Harmonized Common Material Master specification consumed across multiple public sector enterprises.,CAN-000331|VALIDATED_COMPATIBLE|ACCEPT
d736efea-5132-5ce6-8939-0c60566288a3,MULTI_CPSE_DEMAND_AGGREGATION,CMM-SEALG-F19166-001,Coal India;ONGC,CIL-400121;ONGC-100125,cpse_count,2,>= 2,Harmonized Common Material Master specification consumed across multiple public sector enterprises.,CAN-000331|VALIDATED_COMPATIBLE|ACCEPT
3b43b063-d95a-50df-a431-3d4019c7ecb7,MULTI_CPSE_DEMAND_AGGREGATION,CMM-SEALG-F519D1-001,BHEL;Coal India;HPCL,BHEL-500057;CIL-400052;HPCL-120060,cpse_count,3,>= 2,Harmonized Common Material Master specification consumed across multiple public sector enterprises.,CAN-000331|VALIDATED_COMPATIBLE|ACCEPT
2a655ccd-0ab7-514a-b468-89047a8cd392,MULTI_CPSE_DEMAND_AGGREGATION,CMM-SEALG-F69928-001,Coal India;IOCL;NTPC;ONGC;SAIL,CIL-400102;IOCL-110101;NTPC-200100;ONGC-100109;SAIL-300115,cpse_count,5,>= 2,Harmonized Common Material Master specification consumed across multiple public sector enterprises.,CAN-000331|VALIDATED_COMPATIBLE|ACCEPT
cdd317e1-406a-548b-a13f-4a2314973a37,MULTI_CPSE_DEMAND_AGGREGATION,CMM-SEALG-F69B1C-001,BHEL;HPCL;NMDC,BHEL-500029;HPCL-120033;NMDC-410028,cpse_count,3,>= 2,Harmonized Common Material Master specification consumed across multiple public sector enterprises.,CAN-000331|VALIDATED_COMPATIBLE|ACCEPT
4012da01-d226-5c98-8230-26177c78da49,MULTI_CPSE_DEMAND_AGGREGATION,CMM-SEALG-F7AAFE-001,IOCL;NTPC,IOCL-110153;NTPC-200160,cpse_count,2,>= 2,Harmonized Common Material Master specification consumed across multiple public sector enterprises.,CAN-000331|VALIDATED_COMPATIBLE|ACCEPT
8481a6e0-5dc6-5f27-a8b8-46922f2998ea,MULTI_CPSE_DEMAND_AGGREGATION,CMM-SEALG-F9CB6E-001,IOCL;SAIL,IOCL-110164;SAIL-300187,cpse_count,2,>= 2,Harmonized Common Material Master specification consumed across multiple public sector enterprises.,CAN-000331|VALIDATED_COMPATIBLE|ACCEPT
01fe3559-4629-5665-90e8-e50d63a82870,MULTI_CPSE_DEMAND_AGGREGATION,CMM-SEALG-FB7539-001,Coal India;ONGC,CIL-400179;ONGC-100199,cpse_count,2,>= 2,Harmonized Common Material Master specification consumed across multiple public sector enterprises.,CAN-000331|VALIDATED_COMPATIBLE|ACCEPT
ffddec07-a09c-5a2a-88dc-1c70d1eca53c,MULTI_CPSE_DEMAND_AGGREGATION,CMM-VALVE-015BCD-001,HPCL;IOCL,HPCL-120145;IOCL-110131,cpse_count,2,>= 2,Harmonized Common Material Master specification consumed across multiple public sector enterprises.,CAN-000331|VALIDATED_COMPATIBLE|ACCEPT
543bc20c-a1a2-58ed-b54f-4a4d0cb83d4a,MULTI_CPSE_DEMAND_AGGREGATION,CMM-VALVE-0728B9-001,BHEL;HPCL;IOCL;NMDC;NTPC,BHEL-500085;HPCL-120085;IOCL-110079;NMDC-410088;NTPC-200081,cpse_count,5,>= 2,Harmonized Common Material Master specification consumed across multiple public sector enterprises.,CAN-000331|VALIDATED_COMPATIBLE|ACCEPT
73aec49c-d2d0-5cba-b18f-d2b615718ed6,MULTI_CPSE_DEMAND_AGGREGATION,CMM-VALVE-0BF561-001,Coal India;HPCL;IOCL;NTPC;ONGC,CIL-400088;HPCL-120101;IOCL-110093;NTPC-200092;ONGC-100098,cpse_count,5,>= 2,Harmonized Common Material Master specification consumed across multiple public sector enterprises.,CAN-000331|VALIDATED_COMPATIBLE|ACCEPT
5dbac122-c714-537d-8822-e2d1485139da,MULTI_CPSE_DEMAND_AGGREGATION,CMM-VALVE-11F993-001,BHEL;Coal India;HPCL;IOCL;NTPC;ONGC,BHEL-500015;CIL-400012;HPCL-120016;IOCL-110019;NTPC-200015;ONGC-100017,cpse_count,6,>= 2,Harmonized Common Material Master specification consumed across multiple public sector enterprises.,CAN-000331|VALIDATED_COMPATIBLE|ACCEPT
e931ae74-67b7-57b6-8adb-7dfc82db8de3,MULTI_CPSE_DEMAND_AGGREGATION,CMM-VALVE-166070-001,BHEL;Coal India,BHEL-500163;CIL-400155,cpse_count,2,>= 2,Harmonized Common Material Master specification consumed across multiple public sector enterprises.,CAN-000331|VALIDATED_COMPATIBLE|ACCEPT
a160b5d6-52c8-5ff2-89fd-5c5c6b9b81df,MULTI_CPSE_DEMAND_AGGREGATION,CMM-VALVE-1D70F9-001,BHEL;HPCL;NMDC;NTPC,BHEL-500097;HPCL-120099;NMDC-410098;NTPC-200091,cpse_count,4,>= 2,Harmonized Common Material Master specification consumed across multiple public sector enterprises.,CAN-000331|VALIDATED_COMPATIBLE|ACCEPT
d1fbc2dd-e789-58a3-8b8e-4d0e385eaeea,MULTI_CPSE_DEMAND_AGGREGATION,CMM-VALVE-2204A8-001,NTPC;ONGC,NTPC-200172;ONGC-100185,cpse_count,2,>= 2,Harmonized Common Material Master specification consumed across multiple public sector enterprises.,CAN-000331|VALIDATED_COMPATIBLE|ACCEPT
a83da9ac-d104-557d-a879-d0d50161a164,MULTI_CPSE_DEMAND_AGGREGATION,CMM-VALVE-24B4BF-001,Coal India;IOCL;NTPC;ONGC;SAIL,CIL-400008;IOCL-110009;NTPC-200010;ONGC-100010;SAIL-300011,cpse_count,5,>= 2,Harmonized Common Material Master specification consumed across multiple public sector enterprises.,CAN-000331|VALIDATED_COMPATIBLE|ACCEPT
f4120a2e-04e2-5d18-b65e-99a96c675a54,MULTI_CPSE_DEMAND_AGGREGATION,CMM-VALVE-3C1BCA-001,HPCL;IOCL,HPCL-120157;IOCL-110142,cpse_count,2,>= 2,Harmonized Common Material Master specification consumed across multiple public sector enterprises.,CAN-000331|VALIDATED_COMPATIBLE|ACCEPT
0f9bdbf4-b883-5229-8b0d-4eb75b333404,MULTI_CPSE_DEMAND_AGGREGATION,CMM-VALVE-3C3B28-001,BHEL;IOCL;NMDC,BHEL-500071;IOCL-110066;NMDC-410073,cpse_count,3,>= 2,Harmonized Common Material Master specification consumed across multiple public sector enterprises.,CAN-000331|VALIDATED_COMPATIBLE|ACCEPT
1d99fb76-e888-578f-b570-8d344ec71df1,MULTI_CPSE_DEMAND_AGGREGATION,CMM-VALVE-4B0806-001,BHEL;Coal India;HPCL;NTPC;ONGC,BHEL-500066;CIL-400060;HPCL-120068;NTPC-200060;ONGC-100065,cpse_count,5,>= 2,Harmonized Common Material Master specification consumed across multiple public sector enterprises.,CAN-000331|VALIDATED_COMPATIBLE|ACCEPT
9405f0b5-ee9e-5210-9078-677353c228d4,MULTI_CPSE_DEMAND_AGGREGATION,CMM-VALVE-4BBEE1-001,BHEL;ONGC;SAIL,BHEL-500052;ONGC-100050;SAIL-300061,cpse_count,3,>= 2,Harmonized Common Material Master specification consumed across multiple public sector enterprises.,CAN-000331|VALIDATED_COMPATIBLE|ACCEPT
5693ad21-80aa-5834-88d5-5242a9f31e04,MULTI_CPSE_DEMAND_AGGREGATION,CMM-VALVE-524070-001,NTPC;ONGC,NTPC-200143;ONGC-100151,cpse_count,2,>= 2,Harmonized Common Material Master specification consumed across multiple public sector enterprises.,CAN-000331|VALIDATED_COMPATIBLE|ACCEPT
9544a0de-5f9f-54b3-9034-2f0363332b1d,MULTI_CPSE_DEMAND_AGGREGATION,CMM-VALVE-544738-001,BHEL;NMDC,BHEL-500178;NMDC-410180,cpse_count,2,>= 2,Harmonized Common Material Master specification consumed across multiple public sector enterprises.,CAN-000331|VALIDATED_COMPATIBLE|ACCEPT
5e167859-d910-5292-bb89-74bffcc9cbd1,MULTI_CPSE_DEMAND_AGGREGATION,CMM-VALVE-5D3ADC-001,NMDC;NTPC,NMDC-410111;NTPC-200106,cpse_count,2,>= 2,Harmonized Common Material Master specification consumed across multiple public sector enterprises.,CAN-000331|VALIDATED_COMPATIBLE|ACCEPT
1dc7d376-7574-555e-856b-86eb0d50e72e,MULTI_CPSE_DEMAND_AGGREGATION,CMM-VALVE-5DCD57-001,NMDC;NTPC,NMDC-410173;NTPC-200163,cpse_count,2,>= 2,Harmonized Common Material Master specification consumed across multiple public sector enterprises.,CAN-000331|VALIDATED_COMPATIBLE|ACCEPT
df8eca4f-88b5-5804-b089-7f13f7823154,MULTI_CPSE_DEMAND_AGGREGATION,CMM-VALVE-609631-001,Coal India;IOCL;ONGC,CIL-400049;IOCL-110058;ONGC-100054,cpse_count,3,>= 2,Harmonized Common Material Master specification consumed across multiple public sector enterprises.,CAN-000331|VALIDATED_COMPATIBLE|ACCEPT
bc7880b4-15a8-5ba4-9172-d76a83e01fd2,MULTI_CPSE_DEMAND_AGGREGATION,CMM-VALVE-66AEAC-001,BHEL;Coal India;ONGC;SAIL,BHEL-500088;CIL-400077;ONGC-100087;ONGC-100168;SAIL-300092,cpse_count,4,>= 2,Harmonized Common Material Master specification consumed across multiple public sector enterprises.,CAN-000331|VALIDATED_COMPATIBLE|ACCEPT
ab9f6eb0-b27f-542d-a502-feead190bb76,MULTI_CPSE_DEMAND_AGGREGATION,CMM-VALVE-68C9CD-001,BHEL;Coal India;HPCL,BHEL-500050;CIL-400044;HPCL-120054,cpse_count,3,>= 2,Harmonized Common Material Master specification consumed across multiple public sector enterprises.,CAN-000331|VALIDATED_COMPATIBLE|ACCEPT
76069e20-f2f9-55d7-8fe5-be3fd4577f38,MULTI_CPSE_DEMAND_AGGREGATION,CMM-VALVE-6D7FC6-001,BHEL;HPCL;IOCL;NTPC;ONGC;SAIL,BHEL-500086;HPCL-120088;IOCL-110082;NTPC-200083;ONGC-100083;SAIL-300089,cpse_count,6,>= 2,Harmonized Common Material Master specification consumed across multiple public sector enterprises.,CAN-000331|VALIDATED_COMPATIBLE|ACCEPT
1f40070a-0422-5cdc-b8f8-e79426900731,MULTI_CPSE_DEMAND_AGGREGATION,CMM-VALVE-758633-001,BHEL;NTPC;ONGC;SAIL,BHEL-500003;NTPC-200004;ONGC-100005;SAIL-300006,cpse_count,4,>= 2,Harmonized Common Material Master specification consumed across multiple public sector enterprises.,CAN-000331|VALIDATED_COMPATIBLE|ACCEPT
23cf2533-78df-534e-b2f6-58d3400de2f1,MULTI_CPSE_DEMAND_AGGREGATION,CMM-VALVE-781509-001,Coal India;IOCL;NTPC;ONGC,CIL-400038;IOCL-110049;NTPC-200042;ONGC-100042,cpse_count,4,>= 2,Harmonized Common Material Master specification consumed across multiple public sector enterprises.,CAN-000331|VALIDATED_COMPATIBLE|ACCEPT
4aea04ab-6971-58b1-996d-4b7eca15f083,MULTI_CPSE_DEMAND_AGGREGATION,CMM-VALVE-8913B6-001,NTPC;SAIL,NTPC-200110;SAIL-300120,cpse_count,2,>= 2,Harmonized Common Material Master specification consumed across multiple public sector enterprises.,CAN-000331|VALIDATED_COMPATIBLE|ACCEPT
0bfd7454-d355-55f8-91e5-7f6e273e84e7,MULTI_CPSE_DEMAND_AGGREGATION,CMM-VALVE-989A61-001,Coal India;NMDC;ONGC;SAIL,CIL-400046;NMDC-410053;ONGC-100048;SAIL-300058,cpse_count,4,>= 2,Harmonized Common Material Master specification consumed across multiple public sector enterprises.,CAN-000331|VALIDATED_COMPATIBLE|ACCEPT
3053be12-ef89-56d8-9a44-f2048ef31352,MULTI_CPSE_DEMAND_AGGREGATION,CMM-VALVE-9903B8-001,BHEL;Coal India;HPCL;IOCL;NMDC;NTPC,BHEL-500021;CIL-400017;HPCL-120023;IOCL-110025;NMDC-410021;NTPC-200021,cpse_count,6,>= 2,Harmonized Common Material Master specification consumed across multiple public sector enterprises.,CAN-000331|VALIDATED_COMPATIBLE|ACCEPT
917c09c7-213c-52e7-a319-bbaa46b2e7f7,MULTI_CPSE_DEMAND_AGGREGATION,CMM-VALVE-992419-001,Coal India;IOCL;NMDC;SAIL,CIL-400003;IOCL-110002;NMDC-410001;SAIL-300003,cpse_count,4,>= 2,Harmonized Common Material Master specification consumed across multiple public sector enterprises.,CAN-000331|VALIDATED_COMPATIBLE|ACCEPT
6da0bc3f-35c8-5dea-8dd1-e552d471dcad,MULTI_CPSE_DEMAND_AGGREGATION,CMM-VALVE-A923FC-001,BHEL;IOCL;NMDC;NTPC;ONGC,BHEL-500064;IOCL-110062;NMDC-410066;NTPC-200059;ONGC-100063,cpse_count,5,>= 2,Harmonized Common Material Master specification consumed across multiple public sector enterprises.,CAN-000331|VALIDATED_COMPATIBLE|ACCEPT
c1f53c4a-3add-58eb-bc48-bfe56ca4950a,MULTI_CPSE_DEMAND_AGGREGATION,CMM-VALVE-B10C94-001,IOCL;SAIL,IOCL-110124;SAIL-300142,cpse_count,2,>= 2,Harmonized Common Material Master specification consumed across multiple public sector enterprises.,CAN-000331|VALIDATED_COMPATIBLE|ACCEPT
fc42e1a4-acd7-58da-8aae-1ecc82a72a90,MULTI_CPSE_DEMAND_AGGREGATION,CMM-VALVE-B3E486-001,Coal India;NTPC,CIL-400133;NTPC-200137,cpse_count,2,>= 2,Harmonized Common Material Master specification consumed across multiple public sector enterprises.,CAN-000331|VALIDATED_COMPATIBLE|ACCEPT
6c920551-634a-5003-bc11-cf7481144692,MULTI_CPSE_DEMAND_AGGREGATION,CMM-VALVE-B66A8F-001,Coal India;ONGC,CIL-400171;ONGC-100186,cpse_count,2,>= 2,Harmonized Common Material Master specification consumed across multiple public sector enterprises.,CAN-000331|VALIDATED_COMPATIBLE|ACCEPT
fe30c7fd-e7e9-553d-be6f-c671af1b71d9,MULTI_CPSE_DEMAND_AGGREGATION,CMM-VALVE-C12B9C-001,BHEL;IOCL;NMDC;ONGC;SAIL,BHEL-500067;IOCL-110063;NMDC-410068;ONGC-100066;SAIL-300073,cpse_count,5,>= 2,Harmonized Common Material Master specification consumed across multiple public sector enterprises.,CAN-000331|VALIDATED_COMPATIBLE|ACCEPT
18767fa8-b793-51f5-ae05-f7bc6caeb0e4,MULTI_CPSE_DEMAND_AGGREGATION,CMM-VALVE-DBB44B-001,BHEL;Coal India;SAIL,BHEL-500099;CIL-400090;SAIL-300104,cpse_count,3,>= 2,Harmonized Common Material Master specification consumed across multiple public sector enterprises.,CAN-000331|VALIDATED_COMPATIBLE|ACCEPT
33a0cc6a-96ee-5635-b253-009967547de7,MULTI_CPSE_DEMAND_AGGREGATION,CMM-VALVE-EBCC19-001,Coal India;SAIL,CIL-400118;SAIL-300132,cpse_count,2,>= 2,Harmonized Common Material Master specification consumed across multiple public sector enterprises.,CAN-000331|VALIDATED_COMPATIBLE|ACCEPT
ec3c22d7-38a1-557f-bd5b-bcc12ef0b0af,PURCHASE_DORMANCY_SIGNAL,CMM-BEARNG-0669B8-001,IOCL;NMDC;NTPC,IOCL-110088;NMDC-410094;NTPC-200086,lifecycle_status_divergence,"active=1, inactive=1",has_inactive_and_active_members,Purchasing inactivity recorded for an item whose standardized engineering specification is actively consumed at another facility/CPSE.,STATUS_DIVERGENCE_CMM-BEARNG-0669B8-001
a3afb46c-3971-5548-9e56-801517efc274,PURCHASE_DORMANCY_SIGNAL,CMM-BEARNG-0FD5BF-001,BHEL;Coal India;HPCL;IOCL;NMDC;NTPC;ONGC;SAIL,BHEL-500157;CIL-400105;HPCL-120115;IOCL-110074;NMDC-410081;NTPC-200102;ONGC-100076;ONGC-100112;ONGC-100159;SAIL-300117,lifecycle_status_divergence,"active=5, inactive=2",has_inactive_and_active_members,Purchasing inactivity recorded for an item whose standardized engineering specification is actively consumed at another facility/CPSE.,STATUS_DIVERGENCE_CMM-BEARNG-0FD5BF-001
4348749b-4a24-568f-8409-799346934927,PURCHASE_DORMANCY_SIGNAL,CMM-BEARNG-17B18A-001,BHEL;HPCL;IOCL;ONGC;SAIL,BHEL-500102;HPCL-120104;IOCL-110096;ONGC-100102;SAIL-300107,lifecycle_status_divergence,"active=2, inactive=1",has_inactive_and_active_members,Purchasing inactivity recorded for an item whose standardized engineering specification is actively consumed at another facility/CPSE.,STATUS_DIVERGENCE_CMM-BEARNG-17B18A-001
4b565106-d540-5263-9521-4c8d68290c7f,PURCHASE_DORMANCY_SIGNAL,CMM-BEARNG-39C22B-001,HPCL;NMDC;NTPC;ONGC;SAIL,HPCL-120031;HPCL-120189;NMDC-410026;NMDC-410188;NMDC-410193;NTPC-200027;NTPC-200107;NTPC-200187;ONGC-100115;SAIL-300030,lifecycle_status_divergence,"active=7, inactive=1",has_inactive_and_active_members,Purchasing inactivity recorded for an item whose standardized engineering specification is actively consumed at another facility/CPSE.,STATUS_DIVERGENCE_CMM-BEARNG-39C22B-001
fd1e00ff-2fc9-5fc1-88f4-f91e0f3d523c,PURCHASE_DORMANCY_SIGNAL,CMM-BEARNG-668968-001,BHEL;IOCL;NMDC;ONGC;SAIL,BHEL-500009;IOCL-110010;NMDC-410009;ONGC-100011;ONGC-100201;SAIL-300012;SAIL-300190,lifecycle_status_divergence,"active=6, inactive=1",has_inactive_and_active_members,Purchasing inactivity recorded for an item whose standardized engineering specification is actively consumed at another facility/CPSE.,STATUS_DIVERGENCE_CMM-BEARNG-668968-001
330a994b-e6af-5eac-9b23-0a9cad8bdb97,PURCHASE_DORMANCY_SIGNAL,CMM-BEARNG-67CA99-001,BHEL;Coal India;HPCL;IOCL;NMDC;NTPC;ONGC;SAIL,BHEL-500172;CIL-400022;CIL-400080;CIL-400181;HPCL-120034;HPCL-120093;IOCL-110032;IOCL-110086;IOCL-110171;NMDC-410029;NTPC-200085;NTPC-200166;ONGC-100027;SAIL-300033;SAIL-300095,lifecycle_status_divergence,"active=10, inactive=3",has_inactive_and_active_members,Purchasing inactivity recorded for an item whose standardized engineering specification is actively consumed at another facility/CPSE.,STATUS_DIVERGENCE_CMM-BEARNG-67CA99-001
46ab6a61-4a86-5b3b-a2ba-f3b9bd98d358,PURCHASE_DORMANCY_SIGNAL,CMM-BEARNG-947C4D-001,Coal India;HPCL;NMDC;NTPC;ONGC,CIL-400051;HPCL-120059;NMDC-410059;NTPC-200053;ONGC-100057,lifecycle_status_divergence,"active=4, inactive=1",has_inactive_and_active_members,Purchasing inactivity recorded for an item whose standardized engineering specification is actively consumed at another facility/CPSE.,STATUS_DIVERGENCE_CMM-BEARNG-947C4D-001
708bf79e-594c-5e52-b998-58e2ddf948e8,PURCHASE_DORMANCY_SIGNAL,CMM-BEARNG-A0A0E6-001,HPCL;NMDC,HPCL-120130;NMDC-410122,lifecycle_status_divergence,"active=1, inactive=1",has_inactive_and_active_members,Purchasing inactivity recorded for an item whose standardized engineering specification is actively consumed at another facility/CPSE.,STATUS_DIVERGENCE_CMM-BEARNG-A0A0E6-001
0eb88995-261d-5193-8db5-4777eb311631,PURCHASE_DORMANCY_SIGNAL,CMM-BEARNG-A2CB3C-001,BHEL;HPCL;IOCL;NMDC;NTPC;ONGC;SAIL,BHEL-500048;HPCL-120020;IOCL-110023;NMDC-410017;NTPC-200018;NTPC-200045;ONGC-100018;ONGC-100046;SAIL-300023,lifecycle_status_divergence,"active=3, inactive=2",has_inactive_and_active_members,Purchasing inactivity recorded for an item whose standardized engineering specification is actively consumed at another facility/CPSE.,STATUS_DIVERGENCE_CMM-BEARNG-A2CB3C-001
fa7f0cff-cdaa-53c8-8a61-71f854f0ec21,PURCHASE_DORMANCY_SIGNAL,CMM-BEARNG-F56C70-001,IOCL;ONGC,IOCL-110123;ONGC-100144,lifecycle_status_divergence,"active=1, inactive=1",has_inactive_and_active_members,Purchasing inactivity recorded for an item whose standardized engineering specification is actively consumed at another facility/CPSE.,STATUS_DIVERGENCE_CMM-BEARNG-F56C70-001
3cb259ba-f6e6-53d6-9789-5462d5b8fd8b,PURCHASE_DORMANCY_SIGNAL,CMM-ELECTR-07DFFB-001,NTPC;SAIL,NTPC-200153;SAIL-300167,lifecycle_status_divergence,"active=1, inactive=1",has_inactive_and_active_members,Purchasing inactivity recorded for an item whose standardized engineering specification is actively consumed at another facility/CPSE.,STATUS_DIVERGENCE_CMM-ELECTR-07DFFB-001
26f67d22-8813-583b-b4b0-7f89ea0ad35c,PURCHASE_DORMANCY_SIGNAL,CMM-ELECTR-19262A-001,BHEL;HPCL;NTPC;ONGC;SAIL,BHEL-500012;HPCL-120009;NTPC-200012;ONGC-100013;SAIL-300016,lifecycle_status_divergence,"active=3, inactive=1",has_inactive_and_active_members,Purchasing inactivity recorded for an item whose standardized engineering specification is actively consumed at another facility/CPSE.,STATUS_DIVERGENCE_CMM-ELECTR-19262A-001
c6e66bc0-a008-5a31-9336-453016b3605d,PURCHASE_DORMANCY_SIGNAL,CMM-ELECTR-1B3CEC-001,BHEL;NTPC,BHEL-500137;NTPC-200132,lifecycle_status_divergence,"active=1, inactive=1",has_inactive_and_active_members,Purchasing inactivity recorded for an item whose standardized engineering specification is actively consumed at another facility/CPSE.,STATUS_DIVERGENCE_CMM-ELECTR-1B3CEC-001
750c2110-6933-5932-8c40-f55555038946,PURCHASE_DORMANCY_SIGNAL,CMM-ELECTR-1C59B4-001,NMDC;ONGC,NMDC-410138;ONGC-100145,lifecycle_status_divergence,"active=1, inactive=1",has_inactive_and_active_members,Purchasing inactivity recorded for an item whose standardized engineering specification is actively consumed at another facility/CPSE.,STATUS_DIVERGENCE_CMM-ELECTR-1C59B4-001
e5295bb7-0268-5dd2-95a7-8c7bc4a37d29,PURCHASE_DORMANCY_SIGNAL,CMM-ELECTR-3E612F-001,Coal India;ONGC,CIL-400151;ONGC-100163,lifecycle_status_divergence,"active=1, inactive=1",has_inactive_and_active_members,Purchasing inactivity recorded for an item whose standardized engineering specification is actively consumed at another facility/CPSE.,STATUS_DIVERGENCE_CMM-ELECTR-3E612F-001
74a75104-3f9d-56e8-bca3-27f4eacc1201,PURCHASE_DORMANCY_SIGNAL,CMM-ELECTR-40640A-001,Coal India;NTPC,CIL-400157;NTPC-200157,lifecycle_status_divergence,"active=1, inactive=1",has_inactive_and_active_members,Purchasing inactivity recorded for an item whose standardized engineering specification is actively consumed at another facility/CPSE.,STATUS_DIVERGENCE_CMM-ELECTR-40640A-001
6262a7a5-cd41-5bff-b6fa-eefdedaf0338,PURCHASE_DORMANCY_SIGNAL,CMM-ELECTR-43E6A3-001,BHEL;NMDC;SAIL,BHEL-500063;NMDC-410065;SAIL-300072,lifecycle_status_divergence,"active=2, inactive=1",has_inactive_and_active_members,Purchasing inactivity recorded for an item whose standardized engineering specification is actively consumed at another facility/CPSE.,STATUS_DIVERGENCE_CMM-ELECTR-43E6A3-001
12952de8-870d-5fbe-afaa-37b3d2e15c02,PURCHASE_DORMANCY_SIGNAL,CMM-ELECTR-609134-001,HPCL;IOCL;NMDC;NTPC;ONGC;SAIL,HPCL-120087;IOCL-110081;NMDC-410089;NTPC-200082;ONGC-100184;SAIL-300182,lifecycle_status_divergence,"active=2, inactive=1",has_inactive_and_active_members,Purchasing inactivity recorded for an item whose standardized engineering specification is actively consumed at another facility/CPSE.,STATUS_DIVERGENCE_CMM-ELECTR-609134-001
a2f99d7d-5189-5a8d-b6f6-9bb9bf3fcee1,PURCHASE_DORMANCY_SIGNAL,CMM-ELECTR-62038E-001,BHEL;Coal India;HPCL;IOCL;NMDC;NTPC;ONGC;SAIL,BHEL-500111;CIL-400116;HPCL-120116;IOCL-110109;NMDC-410108;NTPC-200103;ONGC-100113;SAIL-300118,lifecycle_status_divergence,"active=6, inactive=1",has_inactive_and_active_members,Purchasing inactivity recorded for an item whose standardized engineering specification is actively consumed at another facility/CPSE.,STATUS_DIVERGENCE_CMM-ELECTR-62038E-001
09e90515-228f-591d-b0f4-afa183b07b01,PURCHASE_DORMANCY_SIGNAL,CMM-ELECTR-65A8AE-001,BHEL;HPCL;IOCL;NTPC;SAIL,BHEL-500076;HPCL-120077;IOCL-110070;NTPC-200069;SAIL-300081,lifecycle_status_divergence,"active=4, inactive=1",has_inactive_and_active_members,Purchasing inactivity recorded for an item whose standardized engineering specification is actively consumed at another facility/CPSE.,STATUS_DIVERGENCE_CMM-ELECTR-65A8AE-001
10f67a69-18e6-5c8d-a9a2-38197d2a8fa0,PURCHASE_DORMANCY_SIGNAL,CMM-ELECTR-97B02F-001,HPCL;NMDC,HPCL-120153;NMDC-410153,lifecycle_status_divergence,"active=1, inactive=1",has_inactive_and_active_members,Purchasing inactivity recorded for an item whose standardized engineering specification is actively consumed at another facility/CPSE.,STATUS_DIVERGENCE_CMM-ELECTR-97B02F-001
675c3e42-7d3f-5e52-862f-75693dea4394,PURCHASE_DORMANCY_SIGNAL,CMM-ELECTR-9C93DB-001,Coal India;HPCL;NMDC;ONGC;SAIL,CIL-400094;HPCL-120105;NMDC-410101;ONGC-100103;SAIL-300108,lifecycle_status_divergence,"active=3, inactive=1",has_inactive_and_active_members,Purchasing inactivity recorded for an item whose standardized engineering specification is actively consumed at another facility/CPSE.,STATUS_DIVERGENCE_CMM-ELECTR-9C93DB-001
a87626d5-1d53-5528-9c93-2529f60c051f,PURCHASE_DORMANCY_SIGNAL,CMM-ELECTR-9FEFD2-001,BHEL;HPCL;IOCL;NMDC;NTPC;SAIL,BHEL-500079;HPCL-120081;IOCL-110075;NMDC-410082;NTPC-200075;SAIL-300084,lifecycle_status_divergence,"active=5, inactive=1",has_inactive_and_active_members,Purchasing inactivity recorded for an item whose standardized engineering specification is actively consumed at another facility/CPSE.,STATUS_DIVERGENCE_CMM-ELECTR-9FEFD2-001
d2fe7eae-f809-5412-b5e2-2edbb0c01ec2,PURCHASE_DORMANCY_SIGNAL,CMM-ELECTR-A4DD01-001,Coal India;IOCL,CIL-400169;IOCL-110160,lifecycle_status_divergence,"active=1, inactive=1",has_inactive_and_active_members,Purchasing inactivity recorded for an item whose standardized engineering specification is actively consumed at another facility/CPSE.,STATUS_DIVERGENCE_CMM-ELECTR-A4DD01-001
a9a80bf1-e934-555c-b877-927613b0ef2d,PURCHASE_DORMANCY_SIGNAL,CMM-ELECTR-BF7F37-001,HPCL;SAIL,HPCL-120168;SAIL-300171,lifecycle_status_divergence,"active=1, inactive=1",has_inactive_and_active_members,Purchasing inactivity recorded for an item whose standardized engineering specification is actively consumed at another facility/CPSE.,STATUS_DIVERGENCE_CMM-ELECTR-BF7F37-001
8abf5a4c-3981-5ec1-9822-a913f0bbfe8a,PURCHASE_DORMANCY_SIGNAL,CMM-ELECTR-C565E9-001,BHEL;Coal India;IOCL;NMDC,BHEL-500034;CIL-400027;IOCL-110037;NMDC-410034,lifecycle_status_divergence,"active=3, inactive=1",has_inactive_and_active_members,Purchasing inactivity recorded for an item whose standardized engineering specification is actively consumed at another facility/CPSE.,STATUS_DIVERGENCE_CMM-ELECTR-C565E9-001
52586328-cb63-529b-aea4-62004198daae,PURCHASE_DORMANCY_SIGNAL,CMM-ELECTR-E728FA-001,BHEL;Coal India;HPCL;IOCL;NTPC;ONGC;SAIL,BHEL-500036;CIL-400028;HPCL-120038;IOCL-110039;NTPC-200032;ONGC-100033;ONGC-100191;SAIL-300184,lifecycle_status_divergence,"active=4, inactive=3",has_inactive_and_active_members,Purchasing inactivity recorded for an item whose standardized engineering specification is actively consumed at another facility/CPSE.,STATUS_DIVERGENCE_CMM-ELECTR-E728FA-001
5fc1e12c-0079-51e2-8c3a-dbb88a5835d1,PURCHASE_DORMANCY_SIGNAL,CMM-ELECTR-FD0485-001,IOCL;SAIL,IOCL-110130;SAIL-300148,lifecycle_status_divergence,"active=1, inactive=1",has_inactive_and_active_members,Purchasing inactivity recorded for an item whose standardized engineering specification is actively consumed at another facility/CPSE.,STATUS_DIVERGENCE_CMM-ELECTR-FD0485-001
0ba2027b-7391-5d3b-a5f4-53a292f403d6,PURCHASE_DORMANCY_SIGNAL,CMM-FASTNR-0C6EBA-001,BHEL;NTPC,BHEL-500168;NTPC-200181,lifecycle_status_divergence,"active=1, inactive=1",has_inactive_and_active_members,Purchasing inactivity recorded for an item whose standardized engineering specification is actively consumed at another facility/CPSE.,STATUS_DIVERGENCE_CMM-FASTNR-0C6EBA-001
3805f166-e238-578f-b239-1c6f9f262ae3,PURCHASE_DORMANCY_SIGNAL,CMM-FASTNR-39EA95-001,BHEL;HPCL;ONGC;SAIL,BHEL-500098;HPCL-120100;ONGC-100097;SAIL-300102,lifecycle_status_divergence,"active=3, inactive=1",has_inactive_and_active_members,Purchasing inactivity recorded for an item whose standardized engineering specification is actively consumed at another facility/CPSE.,STATUS_DIVERGENCE_CMM-FASTNR-39EA95-001
c348dec3-1573-5d5b-9995-0f2bc48d4f41,PURCHASE_DORMANCY_SIGNAL,CMM-FASTNR-7426EC-001,HPCL;IOCL;NMDC;NTPC;ONGC;SAIL,HPCL-120076;IOCL-110069;NMDC-410078;NTPC-200068;ONGC-100071;SAIL-300080,lifecycle_status_divergence,"active=5, inactive=1",has_inactive_and_active_members,Purchasing inactivity recorded for an item whose standardized engineering specification is actively consumed at another facility/CPSE.,STATUS_DIVERGENCE_CMM-FASTNR-7426EC-001
bc35ccb3-5066-5929-aa6a-5997816a0b21,PURCHASE_DORMANCY_SIGNAL,CMM-FASTNR-A82C5B-001,Coal India;HPCL;NMDC;NTPC;ONGC;SAIL,CIL-400056;HPCL-120063;HPCL-120150;NMDC-410063;NTPC-200057;ONGC-100059;ONGC-100155;SAIL-300069,lifecycle_status_divergence,"active=7, inactive=1",has_inactive_and_active_members,Purchasing inactivity recorded for an item whose standardized engineering specification is actively consumed at another facility/CPSE.,STATUS_DIVERGENCE_CMM-FASTNR-A82C5B-001
93d65284-d1c7-5afd-9be9-5591a7af521a,PURCHASE_DORMANCY_SIGNAL,CMM-FASTNR-B4A1EA-001,Coal India;HPCL;IOCL;NMDC;ONGC,CIL-400018;HPCL-120025;IOCL-110027;NMDC-410023;ONGC-100022,lifecycle_status_divergence,"active=1, inactive=2",has_inactive_and_active_members,Purchasing inactivity recorded for an item whose standardized engineering specification is actively consumed at another facility/CPSE.,STATUS_DIVERGENCE_CMM-FASTNR-B4A1EA-001
4390fe45-4179-596b-97c7-ef95dc00da28,PURCHASE_DORMANCY_SIGNAL,CMM-INSTRU-027BD0-001,BHEL;Coal India;HPCL;IOCL;NMDC;NTPC;ONGC;SAIL,BHEL-500020;BHEL-500061;BHEL-500104;CIL-400058;CIL-400096;HPCL-120064;HPCL-120107;IOCL-110061;NMDC-410019;NMDC-410103;NTPC-200095;ONGC-100020;ONGC-100061;SAIL-300070;SAIL-300109,lifecycle_status_divergence,"active=12, inactive=2",has_inactive_and_active_members,Purchasing inactivity recorded for an item whose standardized engineering specification is actively consumed at another facility/CPSE.,STATUS_DIVERGENCE_CMM-INSTRU-027BD0-001
222c75e5-7a8f-580a-a048-71b8e850a097,PURCHASE_DORMANCY_SIGNAL,CMM-INSTRU-1E073D-001,BHEL;Coal India;HPCL;IOCL;NMDC;NTPC;ONGC;SAIL,BHEL-500030;BHEL-500109;CIL-400014;CIL-400023;CIL-400100;HPCL-120019;HPCL-120113;IOCL-110113;NMDC-410030;NTPC-200017;NTPC-200029;NTPC-200099;ONGC-100028;ONGC-100129;SAIL-300034;SAIL-300113,lifecycle_status_divergence,"active=9, inactive=2",has_inactive_and_active_members,Purchasing inactivity recorded for an item whose standardized engineering specification is actively consumed at another facility/CPSE.,STATUS_DIVERGENCE_CMM-INSTRU-1E073D-001
36bd9128-c742-54a4-b35a-8436d9033ad9,PURCHASE_DORMANCY_SIGNAL,CMM-INSTRU-205218-001,IOCL;NMDC,IOCL-110172;NMDC-410190,lifecycle_status_divergence,"active=1, inactive=1",has_inactive_and_active_members,Purchasing inactivity recorded for an item whose standardized engineering specification is actively consumed at another facility/CPSE.,STATUS_DIVERGENCE_CMM-INSTRU-205218-001
cd4ada84-f235-5f0e-a385-6a749316b44f,PURCHASE_DORMANCY_SIGNAL,CMM-INSTRU-22FF74-001,Coal India;HPCL;NMDC;NTPC;ONGC;SAIL,CIL-400098;HPCL-120110;NMDC-410104;NTPC-200097;ONGC-100105;SAIL-300111,lifecycle_status_divergence,"active=5, inactive=1",has_inactive_and_active_members,Purchasing inactivity recorded for an item whose standardized engineering specification is actively consumed at another facility/CPSE.,STATUS_DIVERGENCE_CMM-INSTRU-22FF74-001
ee92a2ac-ef7b-5395-aae1-1d29d1791940,PURCHASE_DORMANCY_SIGNAL,CMM-INSTRU-472245-001,IOCL;NMDC;ONGC,IOCL-110145;NMDC-410171;ONGC-100164;ONGC-100175,lifecycle_status_divergence,"active=3, inactive=1",has_inactive_and_active_members,Purchasing inactivity recorded for an item whose standardized engineering specification is actively consumed at another facility/CPSE.,STATUS_DIVERGENCE_CMM-INSTRU-472245-001
584906bc-2e69-51d9-a559-68bf2eb744ff,PURCHASE_DORMANCY_SIGNAL,CMM-INSTRU-61E856-001,Coal India;IOCL;SAIL,CIL-400050;IOCL-110059;SAIL-300065,lifecycle_status_divergence,"active=1, inactive=1",has_inactive_and_active_members,Purchasing inactivity recorded for an item whose standardized engineering specification is actively consumed at another facility/CPSE.,STATUS_DIVERGENCE_CMM-INSTRU-61E856-001
996dc5b1-75f6-5273-b063-8ef0bdd1b6d7,PURCHASE_DORMANCY_SIGNAL,CMM-INSTRU-746A35-001,HPCL;IOCL;NMDC;NTPC;ONGC;SAIL,HPCL-120008;IOCL-110012;IOCL-110158;NMDC-410011;NTPC-200011;ONGC-100012;SAIL-300014;SAIL-300177,lifecycle_status_divergence,"active=4, inactive=1",has_inactive_and_active_members,Purchasing inactivity recorded for an item whose standardized engineering specification is actively consumed at another facility/CPSE.,STATUS_DIVERGENCE_CMM-INSTRU-746A35-001
51d6f0d4-93d6-5f06-bed4-52e0ea2cb42f,PURCHASE_DORMANCY_SIGNAL,CMM-INSTRU-77851D-001,NTPC;ONGC,NTPC-200113;ONGC-100172,lifecycle_status_divergence,"active=1, inactive=1",has_inactive_and_active_members,Purchasing inactivity recorded for an item whose standardized engineering specification is actively consumed at another facility/CPSE.,STATUS_DIVERGENCE_CMM-INSTRU-77851D-001
71765d94-ab4a-501d-901b-d7132db0b5a6,PURCHASE_DORMANCY_SIGNAL,CMM-INSTRU-7A3205-001,BHEL;Coal India;HPCL;IOCL;NMDC;ONGC;SAIL,BHEL-500087;BHEL-500096;BHEL-500100;CIL-400075;CIL-400087;CIL-400091;HPCL-120090;IOCL-110084;IOCL-110095;NMDC-410091;NMDC-410099;ONGC-100085;ONGC-100096;ONGC-100100;SAIL-300105,lifecycle_status_divergence,"active=8, inactive=1",has_inactive_and_active_members,Purchasing inactivity recorded for an item whose standardized engineering specification is actively consumed at another facility/CPSE.,STATUS_DIVERGENCE_CMM-INSTRU-7A3205-001
bd28bee9-ca06-53b4-8dfe-f30527a6fbef,PURCHASE_DORMANCY_SIGNAL,CMM-INSTRU-C368B5-001,HPCL;IOCL,HPCL-120124;IOCL-110107,lifecycle_status_divergence,"active=1, inactive=1",has_inactive_and_active_members,Purchasing inactivity recorded for an item whose standardized engineering specification is actively consumed at another facility/CPSE.,STATUS_DIVERGENCE_CMM-INSTRU-C368B5-001
4886376f-cd46-5bd0-b10f-e2f48b7a97a3,PURCHASE_DORMANCY_SIGNAL,CMM-INSTRU-C4873D-001,Coal India;HPCL;IOCL;ONGC;SAIL,CIL-400089;HPCL-120141;IOCL-110094;IOCL-110127;ONGC-100099;SAIL-300103,lifecycle_status_divergence,"active=3, inactive=1",has_inactive_and_active_members,Purchasing inactivity recorded for an item whose standardized engineering specification is actively consumed at another facility/CPSE.,STATUS_DIVERGENCE_CMM-INSTRU-C4873D-001
6f8e155f-6bfc-56d1-b8f2-2dcdc08d77e5,PURCHASE_DORMANCY_SIGNAL,CMM-INSTRU-DE763E-001,BHEL;Coal India;IOCL;NMDC;NTPC;ONGC,BHEL-500078;CIL-400066;IOCL-110072;NMDC-410079;NTPC-200071;ONGC-100073,lifecycle_status_divergence,"active=5, inactive=1",has_inactive_and_active_members,Purchasing inactivity recorded for an item whose standardized engineering specification is actively consumed at another facility/CPSE.,STATUS_DIVERGENCE_CMM-INSTRU-DE763E-001
b615ad6f-9ab9-5eb5-b7e8-60dc75e2d187,PURCHASE_DORMANCY_SIGNAL,CMM-INSTRU-F3707C-001,Coal India;HPCL;IOCL;NMDC;NTPC;ONGC;SAIL,CIL-400076;HPCL-120091;IOCL-110161;NMDC-410092;NTPC-200084;ONGC-100086;ONGC-100187;SAIL-300091,lifecycle_status_divergence,"active=5, inactive=1",has_inactive_and_active_members,Purchasing inactivity recorded for an item whose standardized engineering specification is actively consumed at another facility/CPSE.,STATUS_DIVERGENCE_CMM-INSTRU-F3707C-001
f998eed6-4200-55ea-97e4-c23862947069,PURCHASE_DORMANCY_SIGNAL,CMM-INSTRU-FECC9D-001,BHEL;HPCL;IOCL;NMDC;NTPC;ONGC;SAIL,BHEL-500053;HPCL-120057;IOCL-110114;NMDC-410055;NTPC-200120;ONGC-100051;ONGC-100128;ONGC-100134;SAIL-300062,lifecycle_status_divergence,"active=7, inactive=1",has_inactive_and_active_members,Purchasing inactivity recorded for an item whose standardized engineering specification is actively consumed at another facility/CPSE.,STATUS_DIVERGENCE_CMM-INSTRU-FECC9D-001
9f64e044-5e9b-5b73-bf33-51b7fa6672f5,PURCHASE_DORMANCY_SIGNAL,CMM-PIPEF-0E4F2B-001,Coal India;HPCL,CIL-400159;HPCL-120169,lifecycle_status_divergence,"active=1, inactive=1",has_inactive_and_active_members,Purchasing inactivity recorded for an item whose standardized engineering specification is actively consumed at another facility/CPSE.,STATUS_DIVERGENCE_CMM-PIPEF-0E4F2B-001
a2a6326c-6a39-5ed8-9bd0-99715b57a0fa,PURCHASE_DORMANCY_SIGNAL,CMM-PIPEF-3C5B7C-001,BHEL;HPCL;NTPC;ONGC;SAIL,BHEL-500046;HPCL-120050;NTPC-200043;ONGC-100045;SAIL-300052,lifecycle_status_divergence,"active=3, inactive=1",has_inactive_and_active_members,Purchasing inactivity recorded for an item whose standardized engineering specification is actively consumed at another facility/CPSE.,STATUS_DIVERGENCE_CMM-PIPEF-3C5B7C-001
e5e9f796-77c9-5053-a383-ba1add19d64d,PURCHASE_DORMANCY_SIGNAL,CMM-PIPEF-886747-001,Coal India;HPCL;ONGC;SAIL,CIL-400040;HPCL-120049;ONGC-100044;SAIL-300051,lifecycle_status_divergence,"active=3, inactive=1",has_inactive_and_active_members,Purchasing inactivity recorded for an item whose standardized engineering specification is actively consumed at another facility/CPSE.,STATUS_DIVERGENCE_CMM-PIPEF-886747-001
261ecee9-9e0a-5733-b7c8-b67a539cd185,PURCHASE_DORMANCY_SIGNAL,CMM-PIPEF-AE5889-001,BHEL;Coal India;IOCL;NMDC;ONGC;SAIL,BHEL-500045;CIL-400037;IOCL-110048;NMDC-410046;ONGC-100041;SAIL-300049,lifecycle_status_divergence,"active=4, inactive=1",has_inactive_and_active_members,Purchasing inactivity recorded for an item whose standardized engineering specification is actively consumed at another facility/CPSE.,STATUS_DIVERGENCE_CMM-PIPEF-AE5889-001
0927f2ac-b302-5646-a965-38e4c27bf0de,PURCHASE_DORMANCY_SIGNAL,CMM-PIPEF-BBD3DF-001,Coal India;HPCL;IOCL;NMDC;ONGC;SAIL,CIL-400009;HPCL-120010;IOCL-110014;NMDC-410012;ONGC-100014;SAIL-300017,lifecycle_status_divergence,"active=4, inactive=1",has_inactive_and_active_members,Purchasing inactivity recorded for an item whose standardized engineering specification is actively consumed at another facility/CPSE.,STATUS_DIVERGENCE_CMM-PIPEF-BBD3DF-001
44d858e9-2ca3-55c3-a77a-6fdf5c46d1fe,PURCHASE_DORMANCY_SIGNAL,CMM-PIPEF-E0FB6D-001,BHEL;HPCL;NMDC;NTPC;ONGC,BHEL-500013;HPCL-120011;NMDC-410013;NTPC-200013;ONGC-100015,lifecycle_status_divergence,"active=3, inactive=1",has_inactive_and_active_members,Purchasing inactivity recorded for an item whose standardized engineering specification is actively consumed at another facility/CPSE.,STATUS_DIVERGENCE_CMM-PIPEF-E0FB6D-001
768403fc-5723-5396-af92-2713f6ab0ccf,PURCHASE_DORMANCY_SIGNAL,CMM-PUMP-13DAB4-001,BHEL;HPCL;NTPC;ONGC;SAIL,BHEL-500095;HPCL-120096;NTPC-200089;ONGC-100094;SAIL-300100,lifecycle_status_divergence,"active=2, inactive=1",has_inactive_and_active_members,Purchasing inactivity recorded for an item whose standardized engineering specification is actively consumed at another facility/CPSE.,STATUS_DIVERGENCE_CMM-PUMP-13DAB4-001
127e3bc7-78d5-572c-bca7-eb8de296be91,PURCHASE_DORMANCY_SIGNAL,CMM-PUMP-257C0D-001,Coal India;HPCL;NTPC;SAIL,CIL-400020;HPCL-120032;NTPC-200028;SAIL-300031,lifecycle_status_divergence,"active=3, inactive=1",has_inactive_and_active_members,Purchasing inactivity recorded for an item whose standardized engineering specification is actively consumed at another facility/CPSE.,STATUS_DIVERGENCE_CMM-PUMP-257C0D-001
8d2350fa-45bc-5875-aa00-5257a67552b9,PURCHASE_DORMANCY_SIGNAL,CMM-PUMP-2F3FCE-001,HPCL;IOCL;NMDC,HPCL-120015;IOCL-110018;NMDC-410016,lifecycle_status_divergence,"active=1, inactive=1",has_inactive_and_active_members,Purchasing inactivity recorded for an item whose standardized engineering specification is actively consumed at another facility/CPSE.,STATUS_DIVERGENCE_CMM-PUMP-2F3FCE-001
b1989392-1375-5478-a483-676bd8383d6b,PURCHASE_DORMANCY_SIGNAL,CMM-PUMP-357758-001,BHEL;Coal India;NMDC;NTPC;ONGC,BHEL-500006;CIL-400006;NMDC-410005;NTPC-200006;ONGC-100009,lifecycle_status_divergence,"active=2, inactive=1",has_inactive_and_active_members,Purchasing inactivity recorded for an item whose standardized engineering specification is actively consumed at another facility/CPSE.,STATUS_DIVERGENCE_CMM-PUMP-357758-001
c0a92562-84f9-50c2-b8cf-ee4c317cbd6c,PURCHASE_DORMANCY_SIGNAL,CMM-PUMP-71A39E-001,BHEL;Coal India;IOCL;ONGC;SAIL,BHEL-500031;CIL-400025;IOCL-110034;ONGC-100030;SAIL-300036,lifecycle_status_divergence,"active=3, inactive=1",has_inactive_and_active_members,Purchasing inactivity recorded for an item whose standardized engineering specification is actively consumed at another facility/CPSE.,STATUS_DIVERGENCE_CMM-PUMP-71A39E-001
fb2054b2-ec30-585a-a1c7-9f1ecffffe6a,PURCHASE_DORMANCY_SIGNAL,CMM-PUMP-7D55C9-001,IOCL;NMDC;NTPC;ONGC;SAIL,IOCL-110055;NMDC-410054;NTPC-200049;ONGC-100049;SAIL-300059,lifecycle_status_divergence,"active=4, inactive=1",has_inactive_and_active_members,Purchasing inactivity recorded for an item whose standardized engineering specification is actively consumed at another facility/CPSE.,STATUS_DIVERGENCE_CMM-PUMP-7D55C9-001
42c69425-9d65-57a3-9f35-bcea720f7f22,PURCHASE_DORMANCY_SIGNAL,CMM-PUMP-824C56-001,HPCL;SAIL,HPCL-120179;SAIL-300185,lifecycle_status_divergence,"active=1, inactive=1",has_inactive_and_active_members,Purchasing inactivity recorded for an item whose standardized engineering specification is actively consumed at another facility/CPSE.,STATUS_DIVERGENCE_CMM-PUMP-824C56-001
8f44aa84-2211-5b93-8fce-6befed40e864,PURCHASE_DORMANCY_SIGNAL,CMM-PUMP-8BAE9F-001,BHEL;Coal India;HPCL;IOCL;NMDC;NTPC,BHEL-500058;CIL-400054;HPCL-120062;IOCL-110060;NMDC-410061;NTPC-200055,lifecycle_status_divergence,"active=5, inactive=1",has_inactive_and_active_members,Purchasing inactivity recorded for an item whose standardized engineering specification is actively consumed at another facility/CPSE.,STATUS_DIVERGENCE_CMM-PUMP-8BAE9F-001
f0f52119-c82b-56a0-af60-81966171e199,PURCHASE_DORMANCY_SIGNAL,CMM-PUMP-9080C7-001,HPCL;NTPC;SAIL,HPCL-120079;NTPC-200073;SAIL-300082,lifecycle_status_divergence,"active=1, inactive=1",has_inactive_and_active_members,Purchasing inactivity recorded for an item whose standardized engineering specification is actively consumed at another facility/CPSE.,STATUS_DIVERGENCE_CMM-PUMP-9080C7-001
d03ebbbd-ed11-5001-8868-30c0a33f0c10,PURCHASE_DORMANCY_SIGNAL,CMM-PUMP-9B401B-001,BHEL;IOCL,BHEL-500141;IOCL-110122,lifecycle_status_divergence,"active=1, inactive=1",has_inactive_and_active_members,Purchasing inactivity recorded for an item whose standardized engineering specification is actively consumed at another facility/CPSE.,STATUS_DIVERGENCE_CMM-PUMP-9B401B-001
4a402a1e-2052-51b7-a2d3-b1ebda3726c2,PURCHASE_DORMANCY_SIGNAL,CMM-PUMP-9ED4F4-001,Coal India;HPCL;IOCL;NMDC;ONGC;SAIL,CIL-400074;HPCL-120089;IOCL-110083;NMDC-410090;ONGC-100084;SAIL-300090,lifecycle_status_divergence,"active=4, inactive=1",has_inactive_and_active_members,Purchasing inactivity recorded for an item whose standardized engineering specification is actively consumed at another facility/CPSE.,STATUS_DIVERGENCE_CMM-PUMP-9ED4F4-001
6b8ee897-5c98-5fae-90e0-c40178091dd0,PURCHASE_DORMANCY_SIGNAL,CMM-PUMP-CBCD97-001,BHEL;NMDC,BHEL-500135;NMDC-410137,lifecycle_status_divergence,"active=1, inactive=1",has_inactive_and_active_members,Purchasing inactivity recorded for an item whose standardized engineering specification is actively consumed at another facility/CPSE.,STATUS_DIVERGENCE_CMM-PUMP-CBCD97-001
5752335b-5646-5b22-ad3f-97e452e8e03e,PURCHASE_DORMANCY_SIGNAL,CMM-PUMP-CF08C1-001,Coal India;NMDC;NTPC;SAIL,CIL-400073;NMDC-410086;NTPC-200080;SAIL-300087,lifecycle_status_divergence,"active=3, inactive=1",has_inactive_and_active_members,Purchasing inactivity recorded for an item whose standardized engineering specification is actively consumed at another facility/CPSE.,STATUS_DIVERGENCE_CMM-PUMP-CF08C1-001
4af9e359-8da8-56e3-9377-1eb8e216b674,PURCHASE_DORMANCY_SIGNAL,CMM-PUMP-FC6AAF-001,BHEL;Coal India;IOCL;NMDC;ONGC;SAIL,BHEL-500090;CIL-400081;IOCL-110087;NMDC-410093;ONGC-100089;SAIL-300096,lifecycle_status_divergence,"active=4, inactive=1",has_inactive_and_active_members,Purchasing inactivity recorded for an item whose standardized engineering specification is actively consumed at another facility/CPSE.,STATUS_DIVERGENCE_CMM-PUMP-FC6AAF-001
75887b60-5ba0-53e0-aad7-71b1ad26f41a,PURCHASE_DORMANCY_SIGNAL,CMM-PUMP-FEF7B9-001,BHEL;Coal India;NMDC;NTPC,BHEL-500091;CIL-400082;NMDC-410095;NTPC-200125,lifecycle_status_divergence,"active=2, inactive=1",has_inactive_and_active_members,Purchasing inactivity recorded for an item whose standardized engineering specification is actively consumed at another facility/CPSE.,STATUS_DIVERGENCE_CMM-PUMP-FEF7B9-001
aa0b92b5-43b7-5eff-adb5-84dc8f9f3241,PURCHASE_DORMANCY_SIGNAL,CMM-SEALG-1EEB61-001,BHEL;Coal India;ONGC;SAIL,BHEL-500187;CIL-400111;ONGC-100204;SAIL-300121,lifecycle_status_divergence,"active=3, inactive=1",has_inactive_and_active_members,Purchasing inactivity recorded for an item whose standardized engineering specification is actively consumed at another facility/CPSE.,STATUS_DIVERGENCE_CMM-SEALG-1EEB61-001
63d9f1c8-be26-5dff-8f52-29206a5bc314,PURCHASE_DORMANCY_SIGNAL,CMM-SEALG-61A948-001,NMDC;SAIL,NMDC-410117;SAIL-300129,lifecycle_status_divergence,"active=1, inactive=1",has_inactive_and_active_members,Purchasing inactivity recorded for an item whose standardized engineering specification is actively consumed at another facility/CPSE.,STATUS_DIVERGENCE_CMM-SEALG-61A948-001
2798ce43-0bdc-5e22-a07f-4659c511bb71,PURCHASE_DORMANCY_SIGNAL,CMM-SEALG-66F853-001,Coal India;HPCL;ONGC;SAIL,CIL-400097;HPCL-120108;ONGC-100104;SAIL-300110,lifecycle_status_divergence,"active=2, inactive=1",has_inactive_and_active_members,Purchasing inactivity recorded for an item whose standardized engineering specification is actively consumed at another facility/CPSE.,STATUS_DIVERGENCE_CMM-SEALG-66F853-001
3529729c-07b9-5884-a730-1fa6181c8991,PURCHASE_DORMANCY_SIGNAL,CMM-SEALG-747B98-001,BHEL;SAIL,BHEL-500144;SAIL-300145,lifecycle_status_divergence,"active=1, inactive=1",has_inactive_and_active_members,Purchasing inactivity recorded for an item whose standardized engineering specification is actively consumed at another facility/CPSE.,STATUS_DIVERGENCE_CMM-SEALG-747B98-001
882a6702-3533-5b86-8acf-84af73742c6d,PURCHASE_DORMANCY_SIGNAL,CMM-SEALG-8A8051-001,IOCL;NMDC;ONGC,IOCL-110035;NMDC-410032;ONGC-100031,lifecycle_status_divergence,"active=2, inactive=1",has_inactive_and_active_members,Purchasing inactivity recorded for an item whose standardized engineering specification is actively consumed at another facility/CPSE.,STATUS_DIVERGENCE_CMM-SEALG-8A8051-001
a2ad6555-2ebe-5b37-8d2d-6d7d2fc38052,PURCHASE_DORMANCY_SIGNAL,CMM-SEALG-928895-001,NTPC;SAIL,NTPC-200130;SAIL-300141,lifecycle_status_divergence,"active=1, inactive=1",has_inactive_and_active_members,Purchasing inactivity recorded for an item whose standardized engineering specification is actively consumed at another facility/CPSE.,STATUS_DIVERGENCE_CMM-SEALG-928895-001
7fd4e839-6bf0-5c2f-8ece-19eade95cd0d,PURCHASE_DORMANCY_SIGNAL,CMM-SEALG-AB281C-001,Coal India;HPCL;IOCL;NTPC;ONGC;SAIL,CIL-400068;HPCL-120080;IOCL-110073;NTPC-200074;ONGC-100075;SAIL-300083,lifecycle_status_divergence,"active=3, inactive=1",has_inactive_and_active_members,Purchasing inactivity recorded for an item whose standardized engineering specification is actively consumed at another facility/CPSE.,STATUS_DIVERGENCE_CMM-SEALG-AB281C-001
e6888252-90c5-5789-8dc5-1959039d9f80,PURCHASE_DORMANCY_SIGNAL,CMM-SEALG-B639C0-001,BHEL;HPCL;NMDC;ONGC,BHEL-500065;HPCL-120067;NMDC-410067;ONGC-100064,lifecycle_status_divergence,"active=3, inactive=1",has_inactive_and_active_members,Purchasing inactivity recorded for an item whose standardized engineering specification is actively consumed at another facility/CPSE.,STATUS_DIVERGENCE_CMM-SEALG-B639C0-001
066a610e-5373-5a1f-96a5-c484e3c35747,PURCHASE_DORMANCY_SIGNAL,CMM-SEALG-C69426-001,HPCL;NMDC;NTPC,HPCL-120065;NMDC-410064;NTPC-200058,lifecycle_status_divergence,"active=2, inactive=1",has_inactive_and_active_members,Purchasing inactivity recorded for an item whose standardized engineering specification is actively consumed at another facility/CPSE.,STATUS_DIVERGENCE_CMM-SEALG-C69426-001
d77e718f-9c5b-5e5a-b66a-d1701fd52dc6,PURCHASE_DORMANCY_SIGNAL,CMM-SEALG-CE2B43-001,NMDC;NTPC,NMDC-410143;NTPC-200140,lifecycle_status_divergence,"active=1, inactive=1",has_inactive_and_active_members,Purchasing inactivity recorded for an item whose standardized engineering specification is actively consumed at another facility/CPSE.,STATUS_DIVERGENCE_CMM-SEALG-CE2B43-001
0ef7bb96-60b2-56df-88ef-b881b8afa5e6,PURCHASE_DORMANCY_SIGNAL,CMM-SEALG-DB0B11-001,BHEL;Coal India;IOCL;NMDC;ONGC;SAIL,BHEL-500110;CIL-400104;IOCL-110102;NMDC-410107;ONGC-100111;SAIL-300116,lifecycle_status_divergence,"active=4, inactive=2",has_inactive_and_active_members,Purchasing inactivity recorded for an item whose standardized engineering specification is actively consumed at another facility/CPSE.,STATUS_DIVERGENCE_CMM-SEALG-DB0B11-001
cdcc23c1-8fa3-5deb-83f5-0a4c210833fc,PURCHASE_DORMANCY_SIGNAL,CMM-SEALG-DE8656-001,BHEL;IOCL;ONGC,BHEL-500092;IOCL-110089;ONGC-100090,lifecycle_status_divergence,"active=2, inactive=1",has_inactive_and_active_members,Purchasing inactivity recorded for an item whose standardized engineering specification is actively consumed at another facility/CPSE.,STATUS_DIVERGENCE_CMM-SEALG-DE8656-001
95ddce75-815b-51c7-b4ee-f47e898507e6,PURCHASE_DORMANCY_SIGNAL,CMM-SEALG-F69928-001,Coal India;IOCL;NTPC;ONGC;SAIL,CIL-400102;IOCL-110101;NTPC-200100;ONGC-100109;SAIL-300115,lifecycle_status_divergence,"active=4, inactive=1",has_inactive_and_active_members,Purchasing inactivity recorded for an item whose standardized engineering specification is actively consumed at another facility/CPSE.,STATUS_DIVERGENCE_CMM-SEALG-F69928-001
80b159e9-5b84-55b4-9c33-6e6c5cbd31e4,PURCHASE_DORMANCY_SIGNAL,CMM-SEALG-F69B1C-001,BHEL;HPCL;NMDC,BHEL-500029;HPCL-120033;NMDC-410028,lifecycle_status_divergence,"active=2, inactive=1",has_inactive_and_active_members,Purchasing inactivity recorded for an item whose standardized engineering specification is actively consumed at another facility/CPSE.,STATUS_DIVERGENCE_CMM-SEALG-F69B1C-001
2c8b83a6-6324-501d-b345-b6eaeaa905fa,PURCHASE_DORMANCY_SIGNAL,CMM-VALVE-0BF561-001,Coal India;HPCL;IOCL;NTPC;ONGC,CIL-400088;HPCL-120101;IOCL-110093;NTPC-200092;ONGC-100098,lifecycle_status_divergence,"active=3, inactive=1",has_inactive_and_active_members,Purchasing inactivity recorded for an item whose standardized engineering specification is actively consumed at another facility/CPSE.,STATUS_DIVERGENCE_CMM-VALVE-0BF561-001
319d66d1-72bd-596e-86f8-4567f3376318,PURCHASE_DORMANCY_SIGNAL,CMM-VALVE-11F993-001,BHEL;Coal India;HPCL;IOCL;NTPC;ONGC,BHEL-500015;CIL-400012;HPCL-120016;IOCL-110019;NTPC-200015;ONGC-100017,lifecycle_status_divergence,"active=4, inactive=1",has_inactive_and_active_members,Purchasing inactivity recorded for an item whose standardized engineering specification is actively consumed at another facility/CPSE.,STATUS_DIVERGENCE_CMM-VALVE-11F993-001
443293a8-7512-5040-b2d0-5dcf323e4885,PURCHASE_DORMANCY_SIGNAL,CMM-VALVE-524070-001,NTPC;ONGC,NTPC-200143;ONGC-100151,lifecycle_status_divergence,"active=1, inactive=1",has_inactive_and_active_members,Purchasing inactivity recorded for an item whose standardized engineering specification is actively consumed at another facility/CPSE.,STATUS_DIVERGENCE_CMM-VALVE-524070-001
e94cd842-8cc5-521c-992e-2ae75bf49eea,PURCHASE_DORMANCY_SIGNAL,CMM-VALVE-544738-001,BHEL;NMDC,BHEL-500178;NMDC-410180,lifecycle_status_divergence,"active=1, inactive=1",has_inactive_and_active_members,Purchasing inactivity recorded for an item whose standardized engineering specification is actively consumed at another facility/CPSE.,STATUS_DIVERGENCE_CMM-VALVE-544738-001
6afa5a95-5057-5e86-b7f8-ce7addf2a650,PURCHASE_DORMANCY_SIGNAL,CMM-VALVE-5D3ADC-001,NMDC;NTPC,NMDC-410111;NTPC-200106,lifecycle_status_divergence,"active=1, inactive=1",has_inactive_and_active_members,Purchasing inactivity recorded for an item whose standardized engineering specification is actively consumed at another facility/CPSE.,STATUS_DIVERGENCE_CMM-VALVE-5D3ADC-001
01403a4e-1051-5b71-bf24-27075dc2e453,PURCHASE_DORMANCY_SIGNAL,CMM-VALVE-609631-001,Coal India;IOCL;ONGC,CIL-400049;IOCL-110058;ONGC-100054,lifecycle_status_divergence,"active=2, inactive=1",has_inactive_and_active_members,Purchasing inactivity recorded for an item whose standardized engineering specification is actively consumed at another facility/CPSE.,STATUS_DIVERGENCE_CMM-VALVE-609631-001
ecf7a018-c969-53f0-850c-d02c25de3f2a,PURCHASE_DORMANCY_SIGNAL,CMM-VALVE-992419-001,Coal India;IOCL;NMDC;SAIL,CIL-400003;IOCL-110002;NMDC-410001;SAIL-300003,lifecycle_status_divergence,"active=1, inactive=3",has_inactive_and_active_members,Purchasing inactivity recorded for an item whose standardized engineering specification is actively consumed at another facility/CPSE.,STATUS_DIVERGENCE_CMM-VALVE-992419-001
3b0654fc-090f-5fd8-8876-d9e6734c3b60,PURCHASE_DORMANCY_SIGNAL,CMM-VALVE-B3E486-001,Coal India;NTPC,CIL-400133;NTPC-200137,lifecycle_status_divergence,"active=1, inactive=1",has_inactive_and_active_members,Purchasing inactivity recorded for an item whose standardized engineering specification is actively consumed at another facility/CPSE.,STATUS_DIVERGENCE_CMM-VALVE-B3E486-001
e17e6e0d-b29b-58ac-80e3-22f1603884bf,PURCHASE_DORMANCY_SIGNAL,CMM-VALVE-C12B9C-001,BHEL;IOCL;NMDC;ONGC;SAIL,BHEL-500067;IOCL-110063;NMDC-410068;ONGC-100066;SAIL-300073,lifecycle_status_divergence,"active=4, inactive=1",has_inactive_and_active_members,Purchasing inactivity recorded for an item whose standardized engineering specification is actively consumed at another facility/CPSE.,STATUS_DIVERGENCE_CMM-VALVE-C12B9C-001
