fact_id,source_cpse,material_code,material_description,cmm_code,material_category,material_type,unit_of_measure,plant,material_status,annual_consumption,last_purchase_date,manufacturer,manufacturer_part_no
5faaaa18-6805-5405-a24c-0d15ac550659,BHEL,BHEL-500001,6304 BRG BALL - Stainless Steel,CMM-BEARNG-98CF95-001,Bearings,Ball Bearing,NOS,Bhopal Complex,Slow-Moving,9941,2024-09-27,FAG,FAG-BB-6304-14
ba13fc0b-5ff0-523a-93db-bc80cafce1e1,BHEL,BHEL-500002,XLPE Cable 4C x 25 sq mm XLPE Insulated,CMM-ELECTR-AD2D59-001,Electrical,XLPE Cable,MTR,Trichy Complex,Active,5854,2025-03-09,Siemens,SIE-XC-4Cx25sqmm-61
72c1f5f9-921d-5e53-aee1-824c5ade8342,BHEL,BHEL-500003,IND.Gate Valve 2 in LCB,CMM-VALVE-758633-001,Valves,Gate Valve,NOS,Ranipet Complex,Active,6578,2024-12-02,Leader Valves,LEAVAL-GV-2in-45
44ef1980-10f5-54f4-839d-8dd9862e4b0e,BHEL,BHEL-500004,"PIPE SMLS, SS316L, SIZE 6 in",CMM-PIPEF-4E2A15-001,Pipes & Fittings,Seamless Pipe,MTR,Trichy Complex,Active,1196,2025-11-11,ISMT,ISM-SP-6in-33
9e9f7e37-3d44-5919-9ac7-747dcdbf79ac,BHEL,BHEL-500005,DN 100 REDUCER - ASTM A106 Gr B,CMM-PIPEF-C9F1AA-001,Pipes & Fittings,Reducer,MTR,Hazira Complex,Active,6439,2025-03-05,Tata Steel,TATSTE-R-DN100-98
1c3f82ca-c562-58ff-947d-87efe7bf802a,BHEL,BHEL-500006,GEAR PUMP Duplex Steel 3 in x 2 in,CMM-PUMP-357758-001,Pumps,Gear Pump,SET,Hazira Complex,Active,1179,2025-06-02,WPIL,WPI-GP-3inx2in-73
cd4a1fe3-fd12-523d-86fc-a9f0c61f89d2,BHEL,BHEL-500007,STORES ITEM XLPE CABLE Aluminium 3C x 95 sq mm,CMM-ELECTR-79A6DD-001,Electrical,XLPE Cable,MTR,Ranipet Complex,Slow-Moving,1574,2024-10-28,Crompton Greaves,CROGRE-XC-3Cx95sqmm-63
a8b3ff41-c15c-5ad6-9660-63a4bd996a0f,BHEL,BHEL-500008,"HEX NUT, Grade 8.8, SIZE M12 x 50",CMM-FASTNR-412B68-001,Fasteners,Hex Nut,KG,Ranipet Complex,Active,8972,2024-08-18,Sundram Fasteners,SUNFAS-HN-M12x50-10
ba096379-d14f-5c8c-84e2-e08872e30203,BHEL,BHEL-500009,IND.Needle Bearing AISI 52100 6304,CMM-BEARNG-668968-001,Bearings,Needle Bearing,NOS,Ranipet Complex,Active,12756,2025-02-24,Timken,TIM-NB-6304-59
d312ec5d-92f1-5dba-9221-d6bcd0a2afe4,BHEL,BHEL-500010,BOLT HEX M16 x 65 Grade B7,CMM-FASTNR-3AF121-001,Fasteners,Hex Bolt,NOS,Hazira Complex,Active,969,2024-10-27,Unbrako,UNB-HB-M16x65-57
6a2aea70-0995-5cf4-9add-f1cb8a1edb4c,BHEL,BHEL-500011,STORES ITEM O-Ring NBR 2 in,CMM-SEALG-C4821B-001,Seals,O-Ring,NOS,Hazira Complex,Active,12225,2025-12-14,Flowserve,FLO-O-2in-13
453b8608-6284-54e2-9f41-5e3a2fa17da8,BHEL,BHEL-500012,"SPARE-Circuit Breaker, Aluminium, SIZE 4C x 25 sq mm",CMM-ELECTR-19262A-001,Electrical,Circuit Breaker,MTR,Trichy Complex,Slow-Moving,9814,2024-01-03,Siemens,SIE-CB-4Cx25sqmm-76
12157b5f-f0e6-528e-893a-45c86e3e90c4,BHEL,BHEL-500013,SPARE-Reducer Carbon Steel 2 in,CMM-PIPEF-E0FB6D-001,Pipes & Fittings,Reducer,MTR,Ranipet Complex,Active,11161,2025-11-25,Jindal Pipes,JINPIP-R-2in-35
336aedd5-999d-5776-ae44-c3fa92722b89,BHEL,BHEL-500014,"Temperature Transmitter, Polycarbonate, SIZE 0-100 bar",CMM-INSTRU-3688F6-001,Instrumentation,Temperature Transmitter,NOS,Bhopal Complex,Active,13298,2025-04-25,ABB,ABB-TT-0-100bar-97
3c3952a2-64ee-5115-bb88-f37665f17603,BHEL,BHEL-500015,SPARE-GV SS316 4 in,CMM-VALVE-11F993-001,Valves,Gate Valve,NOS,Hazira Complex,Obsolete,8947,2025-04-29,Leader Valves,LEAVAL-GV-4in-26
13b89615-ed33-54b3-a202-d9bea0b38f98,BHEL,BHEL-500016,IND.Seamless Pipe SS316L DN 100,CMM-PIPEF-814451-001,Pipes & Fittings,Seamless Pipe,MTR,Ranipet Complex,Active,1151,2024-08-29,Jindal Pipes,JINPIP-SP-DN100-47
8afd80e4-0cf9-5261-a7e3-9e8ede68ef82,BHEL,BHEL-500017,M10 x 40 HEX NUT - Carbon Steel,CMM-FASTNR-26351F-001,Fasteners,Hex Nut,NOS,Ranipet Complex,Active,4999,2025-05-09,Unbrako,UNB-HN-M10x40-80
5132d5a2-6394-5da5-8a4b-9de9af24a1cb,BHEL,BHEL-500018,RTD Sensor 0-100 bar SS316,CMM-INSTRU-59A2A6-001,Instrumentation,RTD Sensor,NOS,Ranipet Complex,Active,7275,2024-11-17,Yokogawa,YOK-RS-0-100bar-19
d08b38eb-b955-5adf-bc71-fd7d0ca1d300,BHEL,BHEL-500019,IND.M16 x 65 Socket Head Screw - Carbon Steel,CMM-FASTNR-A2AB0B-001,Fasteners,Socket Head Screw,NOS,Bhopal Complex,Active,3734,2024-10-31,Precision Fasteners,PREFAS-SHS-M16x65-79
65247b74-6eac-5269-959e-3524c650b7df,BHEL,BHEL-500020,SPARE-0-100 bar FLOW METER - Brass,CMM-INSTRU-027BD0-001,Instrumentation,Flow Meter,NOS,Ranipet Complex,Active,14925,2024-04-01,Yokogawa,YOK-FM-0-100bar-62
6e24e5a2-d04e-5f12-ad86-5320e8dd2e39,BHEL,BHEL-500021,Globe Valve 4 in LCB,CMM-VALVE-9903B8-001,Valves,Globe Valve,NOS,Ranipet Complex,Active,8703,2025-12-21,Audco,AUD-GV-4in-97
bd73de6b-6c70-5064-9b1a-4cddd1879019,BHEL,BHEL-500022,MECHANICAL SEAL Graphite 65 mm,CMM-SEALG-260F99-001,Seals,Mechanical Seal,NOS,Hazira Complex,Slow-Moving,4105,2025-04-16,Sealol,SEA-MS-65mm-39
047e237b-0ffa-5677-aee9-64eea8dcae95,BHEL,BHEL-500023,Distribution Transformer 1C x 300 sq mm Aluminium,CMM-ELECTR-941023-001,Electrical,Distribution Transformer,MTR,Ranipet Complex,Slow-Moving,6806,2024-05-20,Crompton Greaves,CROGRE-DT-1Cx300sqmm-24
92186bbd-cb90-5f95-90da-89cc6a864114,BHEL,BHEL-500024,STORES ITEM Oil Seal Viton 2 in,CMM-SEALG-29423B-001,Seals,Oil Seal,KG,Hazira Complex,Active,7848,2024-02-27,Chesterton,CHE-OS-2in-84
5104715a-45d5-5f71-8520-4c88ae9d0a0c,BHEL,BHEL-500025,IND.Needle Bearing Chrome Steel 6408,CMM-BEARNG-89DC5A-001,Bearings,Needle Bearing,NOS,Bhopal Complex,Active,9138,2025-06-08,Timken,TIM-NB-6408-14
5f037bbc-ff71-5e95-bf06-6cae503ecc6b,BHEL,BHEL-500026,SPARE-SPIRAL WOUND GASKET PTFE 2 in,CMM-SEALG-C65128-001,Seals,Spiral Wound Gasket,NOS,Hazira Complex,Active,13410,2025-10-28,Flowserve,FLO-SWG-2in-51
6811ec9b-94df-5874-9888-2072ff870400,BHEL,BHEL-500027,0-500 Deg C PRESSURE GAUGE - Polycarbonate,CMM-INSTRU-58342A-001,Instrumentation,Pressure Gauge,NOS,Trichy Complex,Active,1456,2024-04-28,Emerson,EME-PG-0-500DegC-45
82e6b1dd-e3b1-5b16-92a7-920f6f1c6b26,BHEL,BHEL-500028,"Thrust Bearing, Stainless Steel, SIZE 22208",CMM-BEARNG-52104E-001,Bearings,Thrust Bearing,NOS,Bhopal Complex,Slow-Moving,13378,2024-07-30,SKF,SKF-TB-22208-91
a68d5747-9072-5bf9-aca3-6cb6924b9374,BHEL,BHEL-500029,IND.50 mm OIL SEAL - Viton,CMM-SEALG-F69B1C-001,Seals,Oil Seal,NOS,Ranipet Complex,Active,5955,2024-09-13,Flowserve,FLO-OS-50mm-26
0cef9757-2814-5590-956d-22bb5548043d,BHEL,BHEL-500030,FLOW METER 4-20 mA SS316,CMM-INSTRU-1E073D-001,Instrumentation,Flow Meter,NOS,Hazira Complex,Active,12201,2025-11-04,Emerson,EME-FM-4-20mA-56
ed2f5ce5-fea9-5d60-ae7f-84ee0494a7ca,BHEL,BHEL-500031,SPARE-2 in x 1.5 in Reciprocating Pump - Carbon Steel,CMM-PUMP-71A39E-001,Pumps,Reciprocating Pump,SET,Hazira Complex,Slow-Moving,13170,2025-02-06,Kirloskar,KIR-RP-2inx1.5in-56
2bc98bca-43dc-5f0f-9e29-c1f39426f02a,BHEL,BHEL-500032,IND.Spiral Wound Gasket 50 mm NBR,CMM-SEALG-66D3AC-001,Seals,Spiral Wound Gasket,KG,Ranipet Complex,Active,4001,2024-09-29,Flowserve,FLO-SWG-50mm-68
4fb80ca6-f68e-549d-a5a6-8124184069a5,BHEL,BHEL-500033,SPARE-Switchgear Panel XLPE Insulated 1C x 300 sq mm,CMM-ELECTR-0CDB57-001,Electrical,Switchgear Panel,MTR,Hazira Complex,Active,5564,2024-11-05,BHEL,BHE-SP-1Cx300sqmm-68
84ad53d1-e073-5985-9ccb-5c3b9fd1a656,BHEL,BHEL-500034,1C x 300 sq mm Circuit Breaker - Aluminium,CMM-ELECTR-C565E9-001,Electrical,Circuit Breaker,MTR,Trichy Complex,Active,4395,2024-08-02,ABB,ABB-CB-1Cx300sqmm-45
7a115fc5-72f8-5a86-a676-df6162739105,BHEL,BHEL-500035,SPARE-RECIPROCATING PUMP 2 in x 1.5 in Cast Iron,CMM-PUMP-DB6C55-001,Pumps,Reciprocating Pump,SET,Bhopal Complex,Active,6399,2024-07-08,Kirloskar,KIR-RP-2inx1.5in-51
4ef195c2-c9c5-57b3-8a8e-511f06b853ac,BHEL,BHEL-500036,STORES ITEM Induction Motor Copper 415V 100A,CMM-ELECTR-E728FA-001,Electrical,Induction Motor,MTR,Bhopal Complex,Active,14084,2024-10-09,Crompton Greaves,CROGRE-IM-415V100A-41
ca9d625f-09b3-5e90-80cf-7e63a51e83ea,BHEL,BHEL-500037,BRG BALL Stainless Steel 30205,CMM-BEARNG-491461-001,Bearings,Ball Bearing,NOS,Bhopal Complex,Active,14039,2025-08-08,Timken,TIM-BB-30205-96
d02c0e3a-0948-589c-b5d6-f5e0a951866a,BHEL,BHEL-500038,IND.Equal Tee 2 in Alloy Steel,CMM-PIPEF-9F93F7-001,Pipes & Fittings,Equal Tee,MTR,Hazira Complex,Active,2818,2024-05-06,Tata Steel,TATSTE-ET-2in-30
63b11e82-e4a7-5275-9324-6d440d790584,BHEL,BHEL-500039,IND.Distribution Transformer Copper 415V 100A,CMM-ELECTR-2DB37C-001,Electrical,Distribution Transformer,MTR,Ranipet Complex,Slow-Moving,14294,2024-06-18,Havells,HAV-DT-415V100A-20
8b37fe2b-ecc6-5981-8d58-7f669c3ffc14,BHEL,BHEL-500040,O-Ring 100 mm Graphite,CMM-SEALG-C8045E-001,Seals,O-Ring,NOS,Hazira Complex,Slow-Moving,7431,2025-04-13,Chesterton,CHE-O-100mm-97
067a85e7-cc74-581c-a2c2-847f839034a5,BHEL,BHEL-500041,"SPARE-Flange, Alloy Steel, SIZE DN 50",CMM-PIPEF-7A5764-001,Pipes & Fittings,Flange,MTR,Bhopal Complex,Active,12844,2025-03-29,Jindal Pipes,JINPIP-F-DN50-71
3938b7d6-143d-5498-b939-c9f4a081ae4b,BHEL,BHEL-500042,Centrifugal Pump Duplex Steel 3 in x 2 in,CMM-PUMP-82AEB3-001,Pumps,Centrifugal Pump,SET,Ranipet Complex,Slow-Moving,670,2024-03-30,WPIL,WPI-CP-3inx2in-83
1c5b0145-5dfb-5af9-bf55-c500d616f7a0,BHEL,BHEL-500043,"Thrust Bearing, Chrome Steel, SIZE 6408",CMM-BEARNG-FF170C-001,Bearings,Thrust Bearing,NOS,Trichy Complex,Active,132,2025-08-09,NBC Bearings,NBCBEA-TB-6408-39
2f18c828-1cb3-5108-9e25-c2c0d45fb8c2,BHEL,BHEL-500044,"OIL SEAL, NBR, SIZE 2 in",CMM-SEALG-ACB3E9-001,Seals,Oil Seal,NOS,Hazira Complex,Slow-Moving,9087,2024-09-23,Flowserve,FLO-OS-2in-65
2f602c99-13fb-5b8f-9843-583188cf25c9,BHEL,BHEL-500045,STORES ITEM Equal Tee IS 2062 6 in,CMM-PIPEF-AE5889-001,Pipes & Fittings,Equal Tee,MTR,Bhopal Complex,Active,10754,2024-03-20,Maharashtra Seamless,MAHSEA-ET-6in-95
d19c28c5-034c-5126-9ec7-e60c4f57978f,BHEL,BHEL-500046,SPARE-Reducer SS316L 6 in,CMM-PIPEF-3C5B7C-001,Pipes & Fittings,Reducer,MTR,Hazira Complex,Obsolete,8512,2025-07-02,Tata Steel,TATSTE-R-6in-49
d106bdeb-e7d3-59f2-a6cc-1c5b2233b791,BHEL,BHEL-500047,"STORES ITEM FLANGE, Alloy Steel, SIZE DN 100",CMM-PIPEF-49C4F4-001,Pipes & Fittings,Flange,MTR,Bhopal Complex,Active,12373,2025-01-16,Tata Steel,TATSTE-F-DN100-47
8dc4c5ea-6ad8-598e-9d36-fa6b7f20f715,BHEL,BHEL-500048,Roller Bearing Stainless Steel 6208,CMM-BEARNG-A2CB3C-001,Bearings,Roller Bearing,NOS,Hazira Complex,Active,4103,2024-10-17,SKF,SKF-RB-6208-14
dcea5c95-66aa-5925-a3ad-abc8f5c67c06,BHEL,BHEL-500049,SPARE-Centrifugal Pump 3 in x 2 in Cast Iron,CMM-PUMP-329011-001,Pumps,Centrifugal Pump,SET,Bhopal Complex,Slow-Moving,3618,2024-04-25,WPIL,WPI-CP-3inx2in-62
830f3049-6d31-54bb-988e-99679367df32,BHEL,BHEL-500050,BUTTERFLY VALVE LCB 2 in,CMM-VALVE-68C9CD-001,Valves,Butterfly Valve,NOS,Hazira Complex,Active,3107,2025-07-10,Fouress,FOU-BV-2in-63
007965e8-429f-50a4-974b-f6175ecce98c,BHEL,BHEL-500051,RUBBER GASKET 50 mm NBR,CMM-SEALG-C5D451-001,Seals,Rubber Gasket,NOS,Bhopal Complex,Slow-Moving,13721,2024-11-07,Sealol,SEA-RG-50mm-91
75125605-c11e-5719-995b-6ba2b0b9311d,BHEL,BHEL-500052,SPARE-CHECK VALVE ASTM A216 WCB DN 100,CMM-VALVE-4BBEE1-001,Valves,Check Valve,NOS,Hazira Complex,Active,2622,2024-01-19,KSB,KSB-CV-DN100-06
79866259-2a96-5778-8a21-45d7e52a1e23,BHEL,BHEL-500053,STORES ITEM 4-20 mA Pressure Gauge - Brass,CMM-INSTRU-FECC9D-001,Instrumentation,Pressure Gauge,NOS,Trichy Complex,Slow-Moving,5445,2025-04-04,Yokogawa,YOK-PG-4-20mA-54
a81464f9-c909-5ac2-8473-d83eaefe00f4,BHEL,BHEL-500054,STORES ITEM Reducer Alloy Steel DN 80,CMM-PIPEF-887486-001,Pipes & Fittings,Reducer,MTR,Ranipet Complex,Slow-Moving,744,2024-09-08,Jindal Pipes,JINPIP-R-DN80-79
a9dde046-ddc3-539a-9e1f-27a956161940,BHEL,BHEL-500055,DN 150 Equal Tee - ASTM A106 Gr B,CMM-PIPEF-3BAF8F-001,Pipes & Fittings,Equal Tee,MTR,Trichy Complex,Active,8203,2025-05-25,Tata Steel,TATSTE-ET-DN150-16
4ec76c17-c4bc-5060-9b1b-6ab74ed6f68e,BHEL,BHEL-500056,2 in Reducer - Alloy Steel,CMM-PIPEF-EB17F7-001,Pipes & Fittings,Reducer,MTR,Bhopal Complex,Slow-Moving,12793,2024-07-25,ISMT,ISM-R-2in-28
0a86c3d8-3706-5e59-8c76-1b94dde4d871,BHEL,BHEL-500057,STORES ITEM RUBBER GASKET NBR 100 mm,CMM-SEALG-F519D1-001,Seals,Rubber Gasket,NOS,Ranipet Complex,Active,3716,2024-05-27,Sealol,SEA-RG-100mm-13
f1ee943e-8897-513a-aeea-6796617433c3,BHEL,BHEL-500058,STORES ITEM RECIPROCATING PUMP Duplex Steel DN 100,CMM-PUMP-8BAE9F-001,Pumps,Reciprocating Pump,SET,Ranipet Complex,Active,3510,2025-11-09,Mather+Platt,MAT-RP-DN100-81
ee671459-118f-5438-b888-fe5d524fbb0b,BHEL,BHEL-500059,STORES ITEM XLPE Cable 415V 100A XLPE Insulated,CMM-ELECTR-4D158E-001,Electrical,XLPE Cable,MTR,Hazira Complex,Active,8884,2025-08-16,Siemens,SIE-XC-415V100A-67
c3d5adf3-2340-56c7-a62a-e99b23bbd953,BHEL,BHEL-500060,IND.CENT. PUMP Cast Iron 2 in x 1.5 in,CMM-PUMP-837FD0-001,Pumps,Centrifugal Pump,SET,Bhopal Complex,Active,3337,2025-09-16,KSB,KSB-CP-2inx1.5in-08
a6eaca16-c2e6-5702-8121-6116887ea4e7,BHEL,BHEL-500061,0-100 bar Temperature Transmitter - Brass,CMM-INSTRU-027BD0-001,Instrumentation,Temperature Transmitter,NOS,Hazira Complex,Active,5011,2025-02-14,Yokogawa,YOK-TT-0-100bar-50
c3717209-dfa6-5ebc-bd7c-8138c0c2d963,BHEL,BHEL-500062,STORES ITEM Centrifugal Pump DN 100 Carbon Steel,CMM-PUMP-ED0D84-001,Pumps,Centrifugal Pump,SET,Trichy Complex,Active,12871,2024-11-04,WPIL,WPI-CP-DN100-79
6dd7d675-893e-532f-aa4c-0179befafffa,BHEL,BHEL-500063,Induction Motor 4C x 25 sq mm XLPE Insulated,CMM-ELECTR-43E6A3-001,Electrical,Induction Motor,MTR,Ranipet Complex,Active,4720,2024-08-02,Siemens,SIE-IM-4Cx25sqmm-64
6126f5d5-a185-5809-9b09-13e07bae928e,BHEL,BHEL-500064,Check Valve 1 in ASTM A216 WCB,CMM-VALVE-A923FC-001,Valves,Check Valve,NOS,Bhopal Complex,Active,1870,2025-04-21,Leader Valves,LEAVAL-CV-1in-26
d4934e44-bc23-55a4-af20-469fb9e4ca6f,BHEL,BHEL-500065,OIL SEAL Viton 2 in,CMM-SEALG-B639C0-001,Seals,Oil Seal,NOS,Hazira Complex,Active,1411,2025-07-25,Chesterton,CHE-OS-2in-55
77699077-41ce-5703-95b0-82095ec69307,BHEL,BHEL-500066,"SPARE-Globe Valve, SS316, SIZE 4 in",CMM-VALVE-4B0806-001,Valves,Globe Valve,NOS,Hazira Complex,Active,10683,2025-05-04,L&T Valves,L&TVAL-GV-4in-72
deba4bd3-857a-56ff-be44-7826118e67f1,BHEL,BHEL-500067,2 in Globe Valve - LCB,CMM-VALVE-C12B9C-001,Valves,Globe Valve,NOS,Trichy Complex,Active,7273,2024-09-23,L&T Valves,L&TVAL-GV-2in-21
78df9277-0698-58ce-9630-3b6b111fb3b5,BHEL,BHEL-500068,Seamless Pipe DN 150 Carbon Steel,CMM-PIPEF-888E21-001,Pipes & Fittings,Seamless Pipe,MTR,Trichy Complex,Active,7348,2025-11-24,Jindal Pipes,JINPIP-SP-DN150-99
d482236e-f5d9-5e70-83c3-59a436de764b,BHEL,BHEL-500069,DISTRIBUTION TRANSFORMER XLPE Insulated 3C x 95 sq mm,CMM-ELECTR-45EFBF-001,Electrical,Distribution Transformer,MTR,Bhopal Complex,Active,13013,2024-01-03,Havells,HAV-DT-3Cx95sqmm-75
b3b52e17-3bd8-5109-8287-2c06033ce80e,BHEL,BHEL-500070,STORES ITEM EQUAL TEE DN 100 Carbon Steel,CMM-PIPEF-ED1BE7-001,Pipes & Fittings,Equal Tee,MTR,Hazira Complex,Active,587,2025-11-06,Tata Steel,TATSTE-ET-DN100-10
bb5bce82-6079-5709-bbbf-24cfd60ca91b,BHEL,BHEL-500071,SPARE-1/2 in Check Valve - SS316,CMM-VALVE-3C3B28-001,Valves,Check Valve,NOS,Bhopal Complex,Active,14060,2025-05-27,L&T Valves,L&TVAL-CV-1-2in-04
23d90be0-9731-5b67-8fd6-211e740d1dfc,BHEL,BHEL-500072,30205 BALL BRG - Stainless Steel,CMM-BEARNG-491461-001,Bearings,Ball Bearing,NOS,Bhopal Complex,Active,7498,2024-04-20,SKF,SKF-BB-30205-61
c40f489a-aa0d-529f-9eb2-e8ea6137c702,BHEL,BHEL-500073,STORES ITEM OIL SEAL NBR 2 in,CMM-SEALG-067879-001,Seals,Oil Seal,NOS,Ranipet Complex,Active,2947,2025-07-24,Sealol,SEA-OS-2in-58
04dc5cef-a3fd-5d81-80d8-656447de4c3e,BHEL,BHEL-500074,"SPARE-O-RING, Graphite, SIZE 50 mm",CMM-SEALG-80EA46-001,Seals,O-Ring,NOS,Bhopal Complex,Active,741,2025-05-12,Sealol,SEA-O-50mm-18
63056619-2946-53a7-887a-52c98cb4c493,BHEL,BHEL-500075,2 in FLANGE - ASTM A106 Gr B,CMM-PIPEF-68A5E4-001,Pipes & Fittings,Flange,MTR,Ranipet Complex,Active,1900,2024-11-20,Maharashtra Seamless,MAHSEA-F-2in-33
eafad096-3d0d-547d-9ce4-eb6491742932,BHEL,BHEL-500076,"SPARE-Switchgear Panel, Copper, SIZE 3C x 95 sq mm",CMM-ELECTR-65A8AE-001,Electrical,Switchgear Panel,MTR,Hazira Complex,Active,5854,2025-09-12,ABB,ABB-SP-3Cx95sqmm-13
dd67b0ce-9ad4-58c7-ba9f-25afefa68cd5,BHEL,BHEL-500077,SPARE-INDUCTION MOTOR 415V 100A Aluminium,CMM-ELECTR-42D24C-001,Electrical,Induction Motor,MTR,Trichy Complex,Slow-Moving,9014,2025-09-08,BHEL,BHE-IM-415V100A-28
b97a4e22-abf8-5e09-9502-ad824b0422dc,BHEL,BHEL-500078,STORES ITEM PRESSURE GAUGE 4-20 mA Brass,CMM-INSTRU-DE763E-001,Instrumentation,Pressure Gauge,NOS,Hazira Complex,Active,11851,2025-08-05,Yokogawa,YOK-PG-4-20mA-66
01ff97db-a596-5028-8cbd-7b7cd5bad968,BHEL,BHEL-500079,IND.CIRCUIT BREAKER XLPE Insulated 415V 100A,CMM-ELECTR-9FEFD2-001,Electrical,Circuit Breaker,MTR,Trichy Complex,Active,14593,2025-10-26,ABB,ABB-CB-415V100A-90
bade7d2d-0003-5f88-b818-689bbbde1874,BHEL,BHEL-500080,"IND.Roller Bearing, Stainless Steel, SIZE 30205",CMM-BEARNG-300A61-001,Bearings,Roller Bearing,NOS,Ranipet Complex,Active,7549,2024-05-12,SKF,SKF-RB-30205-94
7b1d9666-ff99-5ffb-af5a-e0dfec177516,BHEL,BHEL-500081,IND.XLPE CABLE Copper 3C x 95 sq mm,CMM-ELECTR-266707-001,Electrical,XLPE Cable,MTR,Bhopal Complex,Active,800,2025-11-17,BHEL,BHE-XC-3Cx95sqmm-12
73dd0dd6-9cca-5778-87ff-a235e417ca60,BHEL,BHEL-500082,M20 x 80 Hex Nut - Carbon Steel,CMM-FASTNR-B017A6-001,Fasteners,Hex Nut,KG,Ranipet Complex,Slow-Moving,3504,2025-09-17,GKW,GKW-HN-M20x80-90
76e98318-93b9-52f9-8a20-ac807c1cafb4,BHEL,BHEL-500083,IND.FLAT WASHER M24 x 100 SS304,CMM-FASTNR-C18604-001,Fasteners,Flat Washer,KG,Ranipet Complex,Active,6119,2024-07-16,Unbrako,UNB-FW-M24x100-77
85046476-4d68-515c-90f8-cecb9d6b5785,BHEL,BHEL-500084,IND.TEMPERATURE TRANSMITTER 0-100 bar SS316,CMM-INSTRU-2B591E-001,Instrumentation,Temperature Transmitter,NOS,Ranipet Complex,Active,5633,2024-02-25,Yokogawa,YOK-TT-0-100bar-04
9c2082e9-4fcc-5f1d-9f2d-bfb0a1e1a9e7,BHEL,BHEL-500085,"STORES ITEM Butterfly Valve, WCB, SIZE 4 in",CMM-VALVE-0728B9-001,Valves,Butterfly Valve,NOS,Hazira Complex,Active,12085,2024-12-05,KSB,KSB-BV-4in-82
a453119d-673e-5501-a4cf-3ba384e92b2a,BHEL,BHEL-500086,"BALL VLV, ASTM A351 CF8M, SIZE DN 150",CMM-VALVE-6D7FC6-001,Valves,Ball Valve,NOS,Ranipet Complex,Active,4401,2025-10-22,Fouress,FOU-BV-DN150-41
31b925b2-3c17-50fb-a536-9a055b4962cf,BHEL,BHEL-500087,SPARE-LEVEL TRANSMITTER SS316 4-20 mA,CMM-INSTRU-7A3205-001,Instrumentation,Level Transmitter,NOS,Bhopal Complex,Active,13320,2024-06-28,Emerson,EME-LT-4-20mA-83
d3c93d21-db26-54af-bcc4-1d2ee0972fe5,BHEL,BHEL-500088,"SPARE-CHECK VALVE, ASTM A216 WCB, SIZE DN 50",CMM-VALVE-66AEAC-001,Valves,Check Valve,NOS,Hazira Complex,Active,8925,2025-02-08,L&T Valves,L&TVAL-CV-DN50-54
77152b7c-8491-512c-a74f-d9d236365243,BHEL,BHEL-500089,"IND.EQUAL TEE, Alloy Steel, SIZE DN 150",CMM-PIPEF-100E96-001,Pipes & Fittings,Equal Tee,MTR,Hazira Complex,Active,2940,2025-09-12,ISMT,ISM-ET-DN150-55
413403da-da87-503e-88e1-eab42fded5e2,BHEL,BHEL-500090,SPARE-VERTICAL TURBINE PUMP 2 in x 1.5 in SS316,CMM-PUMP-FC6AAF-001,Pumps,Vertical Turbine Pump,SET,Bhopal Complex,Obsolete,13425,2025-05-18,WPIL,WPI-VTP-2inx1.5in-96
64f7d96f-32dc-5f53-ad62-1170b73d9d41,BHEL,BHEL-500091,"SUBMERSIBLE PUMP, Carbon Steel, SIZE 3 in x 2 in",CMM-PUMP-FEF7B9-001,Pumps,Submersible Pump,SET,Hazira Complex,Slow-Moving,14301,2025-06-16,Mather+Platt,MAT-SP-3inx2in-94
59c71025-62ac-5987-b27f-68269c55a673,BHEL,BHEL-500092,Spiral Wound Gasket 2 in Viton,CMM-SEALG-DE8656-001,Seals,Spiral Wound Gasket,NOS,Ranipet Complex,Active,6226,2025-01-25,Sealol,SEA-SWG-2in-12
d84fb649-789c-563f-87b1-37582d22b9d6,BHEL,BHEL-500093,"Switchgear Panel, XLPE Insulated, SIZE 3C x 95 sq mm",CMM-ELECTR-6BCE45-001,Electrical,Switchgear Panel,MTR,Ranipet Complex,Active,200,2025-07-05,ABB,ABB-SP-3Cx95sqmm-41
2d76d225-e479-544d-bfed-a29c7d67555c,BHEL,BHEL-500094,IND.HX BOLT Grade B7 M20 x 80,CMM-FASTNR-B810F4-001,Fasteners,Hex Bolt,NOS,Hazira Complex,Active,1996,2024-09-03,Precision Fasteners,PREFAS-HB-M20x80-66
4293d9df-b379-5505-b8ff-5c3de8a2f2fb,BHEL,BHEL-500095,STORES ITEM VERTICAL TURBINE PUMP Duplex Steel DN 80,CMM-PUMP-13DAB4-001,Pumps,Vertical Turbine Pump,SET,Trichy Complex,Active,9939,2024-09-10,Mather+Platt,MAT-VTP-DN80-54
930dcb15-aba9-5fe4-ae26-f17c842b2a00,BHEL,BHEL-500096,SPARE-LEVEL TRANSMITTER SS316 4-20 mA,CMM-INSTRU-7A3205-001,Instrumentation,Level Transmitter,NOS,Ranipet Complex,Slow-Moving,8838,2024-10-02,Emerson,EME-LT-4-20mA-51
9027b35f-483a-58de-8e44-c0cacf9ff7bf,BHEL,BHEL-500097,IND.6 in Ball Valve - SS304,CMM-VALVE-1D70F9-001,Valves,Ball Valve,NOS,Ranipet Complex,Slow-Moving,14208,2024-09-26,Fouress,FOU-BV-6in-32
a533bf33-ca24-59d5-b624-03793bb68531,BHEL,BHEL-500098,IND.M10 x 40 Hex Nut - Grade 10.9,CMM-FASTNR-39EA95-001,Fasteners,Hex Nut,KG,Ranipet Complex,Active,1055,2025-06-06,GKW,GKW-HN-M10x40-68
521a1db1-9e80-5d15-85a3-46a2905d2418,BHEL,BHEL-500099,SPARE-Control Valve 4 in SS316,CMM-VALVE-DBB44B-001,Valves,Control Valve,NOS,Trichy Complex,Active,14553,2024-06-30,L&T Valves,L&TVAL-CV-4in-25
348e231c-6e42-50d4-b65c-e2f4fc1e4b04,BHEL,BHEL-500100,IND.RTD SENSOR 4-20 mA SS316,CMM-INSTRU-7A3205-001,Instrumentation,RTD Sensor,NOS,Trichy Complex,Slow-Moving,203,2024-04-18,Honeywell,HON-RS-4-20mA-32
1377274d-db90-59ba-9a52-f4bfd41150e1,BHEL,BHEL-500101,IND.NEEDLE BEARING 6304 Chrome Steel,CMM-BEARNG-A74B84-001,Bearings,Needle Bearing,NOS,Hazira Complex,Active,2139,2024-07-05,SKF,SKF-NB-6304-74
63bc2577-f19a-55bf-ae56-4ec2ce356138,BHEL,BHEL-500102,NEEDLE BEARING 6208 Chrome Steel,CMM-BEARNG-17B18A-001,Bearings,Needle Bearing,NOS,Trichy Complex,Active,3059,2025-07-26,FAG,FAG-NB-6208-96
d75b898f-5a1e-576e-ac29-0179c4498d3b,BHEL,BHEL-500103,Anchor Bolt Carbon Steel M24 x 100,CMM-FASTNR-42CB56-001,Fasteners,Anchor Bolt,NOS,Bhopal Complex,Active,14123,2024-10-20,GKW,GKW-AB-M24x100-98
1db68a79-6f57-5764-89c5-c5de22ec4219,BHEL,BHEL-500104,"IND.TEMPERATURE TRANSMITTER, Brass, SIZE 0-100 bar",CMM-INSTRU-027BD0-001,Instrumentation,Temperature Transmitter,NOS,Hazira Complex,Active,6916,2025-05-08,Yokogawa,YOK-TT-0-100bar-55
7205aba0-369c-57e0-9718-7b178537a98b,BHEL,BHEL-500105,SPARE-LEVEL TRANSMITTER Brass 0-500 Deg C,CMM-INSTRU-C7F4D5-001,Instrumentation,Level Transmitter,NOS,Trichy Complex,Active,11553,2025-09-27,ABB,ABB-LT-0-500DegC-70
49fc5ee1-878b-5332-af1f-4319a100bb55,BHEL,BHEL-500106,IND.O-RING PTFE 65 mm,CMM-SEALG-F01715-001,Seals,O-Ring,NOS,Hazira Complex,Active,13082,2024-01-23,Flowserve,FLO-O-65mm-10
c087dd4a-abd1-5723-a183-8e616dc2e8b4,BHEL,BHEL-500107,IND.Hex Nut M12 x 50 Grade 8.8,CMM-FASTNR-412B68-001,Fasteners,Hex Nut,NOS,Hazira Complex,Active,8536,2025-06-08,Unbrako,UNB-HN-M12x50-21
7ffe5d1c-e318-5dd0-a438-361743dc738d,BHEL,BHEL-500108,65 mm OIL SEAL - Graphite,CMM-SEALG-7A9F00-001,Seals,Oil Seal,NOS,Ranipet Complex,Slow-Moving,10255,2024-04-20,Sealol,SEA-OS-65mm-56
9e6dd531-0eb6-58df-a760-6b07fba6f5ac,BHEL,BHEL-500109,IND.4-20 mA FLOW METER - SS316,CMM-INSTRU-1E073D-001,Instrumentation,Flow Meter,NOS,Ranipet Complex,Active,3923,2025-08-13,Honeywell,HON-FM-4-20mA-16
056dbba7-9dff-50c3-8195-606618a97fe7,BHEL,BHEL-500110,IND.100 mm MECHANICAL SEAL - NBR,CMM-SEALG-DB0B11-001,Seals,Mechanical Seal,NOS,Hazira Complex,Active,10934,2024-06-15,Sealol,SEA-MS-100mm-64
62dd5b1f-5c87-5e57-a959-59c6977820ff,BHEL,BHEL-500111,INDUCTION MOTOR 415V 100A Aluminium,CMM-ELECTR-62038E-001,Electrical,Induction Motor,MTR,Hazira Complex,Slow-Moving,11099,2025-06-07,Havells,HAV-IM-415V100A-38
beb72115-7b26-5a27-ae4b-4666d83c5dd8,BHEL,BHEL-500112,100 mm OIL SEAL - Viton,CMM-SEALG-96ED36-001,Seals,Oil Seal,NOS,Bhopal Complex,Active,10706,2025-11-03,Sealol,SEA-OS-100mm-59
51a2dc52-1acd-5e8c-b573-e348e7983ecf,BHEL,BHEL-500113,IND.Submersible Pump 2 in x 1.5 in Alloy Steel 600#,CMM-PUMP-194977-001,Pumps,Submersible Pump,SET,Hazira Complex,Active,11180,2025-05-02,Mather+Platt,MAT-SP-2inx1.5in-94
d736f4bd-fd4b-535a-86ad-3d46c27bfa02,BHEL,BHEL-500114,"Thrust Bearing, Stainless Steel, SIZE 30205 300#",CMM-BEARNG-300A61-001,Bearings,Thrust Bearing,NOS,Hazira Complex,Active,8384,2024-06-21,FAG,FAG-TB-30205-30
9a4a8d4c-9a25-50eb-bc2e-e82c29efd0f0,BHEL,BHEL-500115,OIL SEAL 600# NBR 50 mm,CMM-SEALG-E86469-001,Seals,Oil Seal,NOS,Hazira Complex,Active,8452,2025-11-19,Chesterton,CHE-OS-50mm-42
ef71f864-987c-542d-99ee-802dbda535fc,BHEL,BHEL-500116,M12 x 50 SOCKET HEAD SCREW - Grade 10.9 600#,CMM-FASTNR-375FF8-001,Fasteners,Socket Head Screw,NOS,Ranipet Complex,Active,4870,2025-11-23,Unbrako,UNB-SHS-M12x50-18
227b26eb-4ae8-57ee-a6c5-e29192d0a4a3,BHEL,BHEL-500117,"STORES ITEM BUTTERFLY VALVE, SS316, SIZE 1 in 150#",CMM-VALVE-1B731F-001,Valves,Butterfly Valve,NOS,Ranipet Complex,Obsolete,13539,2024-02-01,Leader Valves,LEAVAL-BV-1in-51
b6fa9724-e15a-5b3e-8578-96c36a61354a,BHEL,BHEL-500118,IND.6208 Thrust Bearing - AISI 52100 600#,CMM-BEARNG-1E674F-001,Bearings,Thrust Bearing,NOS,Bhopal Complex,Active,13735,2024-07-11,Timken,TIM-TB-6208-23
9435b158-c3e1-5d98-beff-ece0b06f5a66,BHEL,BHEL-500119,Distribution Transformer 3C x 95 sq mm XLPE Insulated 600#,CMM-ELECTR-57C166-001,Electrical,Distribution Transformer,MTR,Ranipet Complex,Active,6622,2024-11-03,Siemens,SIE-DT-3Cx95sqmm-32
a55200d5-e31d-551f-a5fd-7d2666f4f7b2,BHEL,BHEL-500120,SOCKET HEAD SCREW 600# Grade 10.9 M16 x 65,CMM-FASTNR-DD91F0-001,Fasteners,Socket Head Screw,KG,Trichy Complex,Active,1194,2024-01-08,Precision Fasteners,PREFAS-SHS-M16x65-60
6e4089d6-fd0a-560f-8381-2f8737d7be27,BHEL,BHEL-500121,CIRCUIT BREAKER 1C x 300 sq mm XLPE Insulated 600#,CMM-ELECTR-8C5683-001,Electrical,Circuit Breaker,MTR,Hazira Complex,Active,1669,2024-12-03,Havells,HAV-CB-1Cx300sqmm-96
42688f5b-7a61-5d6a-882e-f0efe35896fa,BHEL,BHEL-500122,STORES ITEM Elbow 90 Deg 2 in IS 2062 300#,CMM-PIPEF-69E890-001,Pipes & Fittings,Elbow 90 Deg,MTR,Trichy Complex,Active,3609,2024-12-29,ISMT,ISM-E9D-2in-26
097427c6-535e-517e-9054-d63560501e24,BHEL,BHEL-500123,"SPIRAL WOUND GASKET, NBR, SIZE 2 in 600#",CMM-SEALG-091BCF-001,Seals,Spiral Wound Gasket,KG,Hazira Complex,Active,9115,2024-03-25,Flowserve,FLO-SWG-2in-71
1fbf825a-9eb1-5930-8671-73ba0e35e395,BHEL,BHEL-500124,Gear Pump 3 in x 2 in Cast Iron 150#,CMM-PUMP-4393F2-001,Pumps,Gear Pump,SET,Bhopal Complex,Slow-Moving,11378,2025-05-13,Mather+Platt,MAT-GP-3inx2in-15
72fffc5c-e325-546b-9b70-75dfb9bb70b5,BHEL,BHEL-500125,"LEVEL TRANSMITTER, SS304, SIZE 4-20 mA 600#",CMM-INSTRU-B12635-001,Instrumentation,Level Transmitter,NOS,Trichy Complex,Slow-Moving,14085,2024-04-01,Yokogawa,YOK-LT-4-20mA-27
91fda9f2-49f5-5059-8969-81bb6959a775,BHEL,BHEL-500126,"STORES ITEM Hex Bolt, Grade 10.9, SIZE M16 x 65 600#",CMM-FASTNR-6E500C-001,Fasteners,Hex Bolt,NOS,Hazira Complex,Active,3005,2025-08-27,GKW,GKW-HB-M16x65-69
109555fa-9746-5df5-8860-bdf4cac89316,BHEL,BHEL-500127,STORES ITEM 2 in x 1.5 in VERTICAL TURBINE PUMP - Cast Iron 150#,CMM-PUMP-FA44B3-001,Pumps,Vertical Turbine Pump,SET,Bhopal Complex,Active,2371,2025-09-05,Kirloskar,KIR-VTP-2inx1.5in-23
93e0c17a-01f5-5322-8d6a-95fddaa74d55,BHEL,BHEL-500128,IND.FLOW METER 300# Polycarbonate 0-500 Deg C,CMM-INSTRU-E72497-001,Instrumentation,Flow Meter,NOS,Bhopal Complex,Active,5950,2024-08-17,Emerson,EME-FM-0-500DegC-82
c5b54985-29f9-50e9-bc2e-8ccb0281d98e,BHEL,BHEL-500129,STORES ITEM 415V 100A Switchgear Panel - XLPE Insulated 150#,CMM-ELECTR-C3E195-001,Electrical,Switchgear Panel,MTR,Trichy Complex,Active,5235,2025-04-24,ABB,ABB-SP-415V100A-35
8d99149c-53c7-5b47-ba91-36818058f105,BHEL,BHEL-500130,STORES ITEM 1 in Ball Valve - ASTM A216 WCB 300#,CMM-VALVE-93B52B-001,Valves,Ball Valve,NOS,Hazira Complex,Slow-Moving,3868,2024-08-03,Audco,AUD-BV-1in-24
65e037ae-711b-571a-b3f0-b58243a6874c,BHEL,BHEL-500131,SPARE-GATE VLV 600# SS304 1/2 in,CMM-VALVE-C0CF03-001,Valves,Gate Valve,NOS,Bhopal Complex,Active,5831,2025-02-23,L&T Valves,L&TVAL-GV-1-2in-70
5c0cd8dc-a159-53ca-8a84-e7bfa1ddef77,BHEL,BHEL-500132,STORES ITEM DN 50 GLOBE VALVE - ASTM A351 CF8M 600#,CMM-VALVE-B1DCF5-001,Valves,Globe Valve,NOS,Ranipet Complex,Active,5394,2025-12-05,Audco,AUD-GV-DN50-09
9861ff62-fdd8-57c5-a954-f74f28a4d147,BHEL,BHEL-500133,"RECIPROCATING PUMP, Cast Iron, SIZE DN 100 150#",CMM-PUMP-36F968-001,Pumps,Reciprocating Pump,SET,Trichy Complex,Active,7667,2024-05-31,KSB,KSB-RP-DN100-19
66363226-cdd6-5425-ad55-e1a5c03b6f32,BHEL,BHEL-500134,HEX NUT M12 x 50 Alloy Steel 150#,CMM-FASTNR-59C34E-001,Fasteners,Hex Nut,NOS,Bhopal Complex,Active,13859,2025-12-15,Unbrako,UNB-HN-M12x50-30
6cf1a233-4175-5c49-a6e0-94a901cbad27,BHEL,BHEL-500135,STORES ITEM PUMP CENTRIF 2 in x 1.5 in Cast Iron 300#,CMM-PUMP-CBCD97-001,Pumps,Centrifugal Pump,SET,Trichy Complex,Obsolete,12204,2025-01-16,Kirloskar,KIR-CP-2inx1.5in-13
29e6102c-9a17-5a9e-8c7e-e54eecfe60a2,BHEL,BHEL-500136,SPARE-GEAR PUMP 150# SS304 2 in x 1.5 in,CMM-PUMP-D585B9-001,Pumps,Gear Pump,SET,Hazira Complex,Obsolete,10889,2025-02-16,Kirloskar,KIR-GP-2inx1.5in-09
91ce6001-9360-593c-bfc2-ea379cb485e1,BHEL,BHEL-500137,CIRCUIT BREAKER 300# Aluminium 415V 100A,CMM-ELECTR-1B3CEC-001,Electrical,Circuit Breaker,MTR,Ranipet Complex,Obsolete,11270,2025-05-17,Havells,HAV-CB-415V100A-50
158d4c38-722c-53c7-afd6-20a8e92a8338,BHEL,BHEL-500138,IND.SPIRAL WOUND GASKET 50 mm Graphite 600#,CMM-SEALG-6DA7E7-001,Seals,Spiral Wound Gasket,KG,Bhopal Complex,Active,8096,2024-06-27,Chesterton,CHE-SWG-50mm-90
f02b0479-570a-523c-858c-17a7ed010d6a,BHEL,BHEL-500139,STORES ITEM Hex Bolt 150# Grade 8.8 M10 x 40,CMM-FASTNR-B1846A-001,Fasteners,Hex Bolt,NOS,Hazira Complex,Active,4042,2025-05-06,Sundram Fasteners,SUNFAS-HB-M10x40-15
9b1834bd-d74a-59bf-8ba2-2e355f172bde,BHEL,BHEL-500140,DN 100 REDUCER - ASTM A106 Gr B 300#,CMM-PIPEF-67E91A-001,Pipes & Fittings,Reducer,MTR,Ranipet Complex,Slow-Moving,11327,2024-10-29,ISMT,ISM-R-DN100-36
2f318351-0686-540c-81ff-d90a6dbb8d10,BHEL,BHEL-500141,GEAR PUMP 3 in x 2 in Duplex Steel 150#,CMM-PUMP-9B401B-001,Pumps,Gear Pump,SET,Ranipet Complex,Active,2339,2024-07-04,Kirloskar,KIR-GP-3inx2in-77
aacd8458-3807-58b2-b3fe-7ea0ab6a856b,BHEL,BHEL-500142,"Centrifugal Pump, Cast Iron, SIZE DN 80 150#",CMM-PUMP-904476-001,Pumps,Centrifugal Pump,SET,Hazira Complex,Slow-Moving,9117,2025-01-12,WPIL,WPI-CP-DN80-09
d622922c-c723-5061-b7fe-69c23ba1be77,BHEL,BHEL-500143,STORES ITEM GLOBE VALVE 600# SS316 DN 100,CMM-VALVE-B3D146-001,Valves,Globe Valve,NOS,Ranipet Complex,Active,884,2025-06-13,Leader Valves,LEAVAL-GV-DN100-43
def480c9-fe31-57c8-b7aa-6e0e55428943,BHEL,BHEL-500144,"Mechanical Seal, Graphite, SIZE 65 mm 600#",CMM-SEALG-747B98-001,Seals,Mechanical Seal,NOS,Bhopal Complex,Obsolete,4970,2024-09-20,Flowserve,FLO-MS-65mm-66
dd58176b-954d-5263-bfc8-9f655049ea63,BHEL,BHEL-500145,STORES ITEM Ball Bearing 6304 Chrome Steel 600#,CMM-BEARNG-F25509-001,Bearings,Ball Bearing,NOS,Bhopal Complex,Active,10606,2025-11-15,SKF,SKF-BB-6304-89
480545ac-9abd-5b72-8482-9cd9fdafae8b,BHEL,BHEL-500146,IND.DN 100 BV - ASTM A216 WCB 150#,CMM-VALVE-23562D-001,Valves,Ball Valve,NOS,Trichy Complex,Obsolete,388,2024-04-11,KSB,KSB-BV-DN100-02
b6dddec4-a61f-5fc8-99f6-a6965dde4c52,BHEL,BHEL-500147,Flange 600# Carbon Steel DN 80,CMM-PIPEF-773DC4-001,Pipes & Fittings,Flange,MTR,Trichy Complex,Obsolete,1907,2025-04-07,ISMT,ISM-F-DN80-16
ecd476d7-2c4f-5eef-8b6f-1040d42d0fe4,BHEL,BHEL-500148,STORES ITEM ROLLER BRG 6304 Stainless Steel 300#,CMM-BEARNG-20EFDA-001,Bearings,Roller Bearing,NOS,Bhopal Complex,Active,5873,2024-01-18,FAG,FAG-RB-6304-26
b1a3531b-9600-5022-8b9b-2984494a75a8,BHEL,BHEL-500149,"IND.VERTICAL TURBINE PUMP, Carbon Steel, SIZE DN 80 600#",CMM-PUMP-3FB8ED-001,Pumps,Vertical Turbine Pump,SET,Trichy Complex,Active,1927,2025-02-19,WPIL,WPI-VTP-DN80-79
77da2b64-358c-54e4-9811-4add872a250e,BHEL,BHEL-500150,STORES ITEM Welded Pipe 300# SS316L 6 in,CMM-PIPEF-7F1EC6-001,Pipes & Fittings,Welded Pipe,MTR,Bhopal Complex,Active,11024,2025-09-08,Jindal Pipes,JINPIP-WP-6in-93
2dac819d-c744-5aaf-8eba-dc38f020f7b3,BHEL,BHEL-500151,"STORES ITEM RECIPROCATING PUMP, Alloy Steel, SIZE 2 in x 1.5 in 600#",CMM-PUMP-A94855-001,Pumps,Reciprocating Pump,SET,Trichy Complex,Active,11513,2024-06-19,Kirloskar,KIR-RP-2inx1.5in-28
be833ab3-dcaa-5565-8f8f-3f347a38ee02,BHEL,BHEL-500152,"IND.Gear Pump, SS316, SIZE 3 in x 2 in 600#",CMM-PUMP-B81BDC-001,Pumps,Gear Pump,SET,Hazira Complex,Active,8253,2025-02-20,Kirloskar,KIR-GP-3inx2in-97
5d4901d2-f9a5-524a-bcfc-e414e25c17a7,BHEL,BHEL-500153,Vertical Turbine Pump 150# Cast Iron DN 100,CMM-PUMP-137846-001,Pumps,Vertical Turbine Pump,SET,Ranipet Complex,Active,2452,2025-03-20,WPIL,WPI-VTP-DN100-44
17a698ed-d617-5c84-80ac-a276cbc0c16b,BHEL,BHEL-500154,SPARE-Vertical Turbine Pump 2 in x 1.5 in SS304 300#,CMM-PUMP-C9BFA5-001,Pumps,Vertical Turbine Pump,SET,Hazira Complex,Active,13032,2024-08-31,WPIL,WPI-VTP-2inx1.5in-83
ab3dc753-45a5-5c45-9ed8-e4c39d97d9f5,BHEL,BHEL-500155,IND.STUD BOLT M12 x 50 Grade B7 600#,CMM-FASTNR-AE0702-001,Fasteners,Stud Bolt,NOS,Hazira Complex,Active,5300,2025-05-14,Precision Fasteners,PREFAS-SB-M12x50-83
88e7375e-141f-5636-9df3-458157aa8faa,BHEL,BHEL-500156,"Hex Nut, Carbon Steel, SIZE M24 x 100 600#",CMM-FASTNR-22FBDB-001,Fasteners,Hex Nut,NOS,Bhopal Complex,Active,2778,2024-11-28,Precision Fasteners,PREFAS-HN-M24x100-85
454bd252-2b68-579c-a158-3e804b681f4f,BHEL,BHEL-500157,"BRG BALL, Stainless Steel, SIZE 6208 600#",CMM-BEARNG-0FD5BF-001,Bearings,Ball Bearing,NOS,Ranipet Complex,Obsolete,12285,2024-08-07,FAG,FAG-BB-6208-18
ef1bbf19-bcae-5552-ad7b-d2bcc1a48faa,BHEL,BHEL-500158,"IND.VERTICAL TURBINE PUMP, Alloy Steel, SIZE 3 in x 2 in 150#",CMM-PUMP-1E1136-001,Pumps,Vertical Turbine Pump,SET,Bhopal Complex,Active,3401,2024-05-03,KSB,KSB-VTP-3inx2in-58
2e04a510-3492-57af-89b8-87311a27783f,BHEL,BHEL-500159,STORES ITEM Gear Pump 300# SS304 DN 80,CMM-PUMP-A4C583-001,Pumps,Gear Pump,SET,Ranipet Complex,Active,9343,2025-03-02,Kirloskar,KIR-GP-DN80-41
b14a3002-9907-506f-a657-61b41206c70e,BHEL,BHEL-500160,6408 TAPER ROLLER BEARING - AISI 52100 300#,CMM-BEARNG-D5796C-001,Bearings,Taper Roller Bearing,NOS,Bhopal Complex,Active,9053,2025-03-26,SKF,SKF-TRB-6408-70
8c506bf4-3965-5ff7-8445-f80d7789ad1b,BHEL,BHEL-500161,Distribution Transformer 300# Aluminium 4C x 25 sq mm,CMM-ELECTR-329BB9-001,Electrical,Distribution Transformer,MTR,Ranipet Complex,Slow-Moving,10782,2025-07-09,Siemens,SIE-DT-4Cx25sqmm-88
11b6a889-17db-51c2-9a06-242e4276cc5e,BHEL,BHEL-500162,STORES ITEM Roller Bearing 150# Stainless Steel 22208,CMM-BEARNG-52104E-001,Bearings,Roller Bearing,NOS,Bhopal Complex,Active,6727,2025-05-13,FAG,FAG-RB-22208-19
38b64557-f727-59ec-a515-a25e82eb1b10,BHEL,BHEL-500163,"STORES ITEM Butterfly Valve, LCB, SIZE DN 100 300#",CMM-VALVE-166070-001,Valves,Butterfly Valve,NOS,Ranipet Complex,Active,6525,2024-02-17,L&T Valves,L&TVAL-BV-DN100-42
4520beef-ab0c-52e0-a5e7-18f4812d9228,BHEL,BHEL-500164,IND.Control Valve 600# SS304 DN 50,CMM-VALVE-B4D337-001,Valves,Control Valve,NOS,Hazira Complex,Active,12369,2025-07-17,Fouress,FOU-CV-DN50-57
92d94393-f821-5f67-817f-3fe6c675ecb4,BHEL,BHEL-500165,STORES ITEM FLANGE DN 80 IS 2062 150#,CMM-PIPEF-EE1D45-001,Pipes & Fittings,Flange,MTR,Bhopal Complex,Active,13181,2024-07-26,Jindal Pipes,JINPIP-F-DN80-09
5bb6a013-a2bf-5ea4-b1e9-ed62b34360f1,BHEL,BHEL-500166,IND.6 in Welded Pipe - IS 2062 600#,CMM-PIPEF-A7BB01-001,Pipes & Fittings,Welded Pipe,MTR,Ranipet Complex,Active,3343,2025-07-27,Maharashtra Seamless,MAHSEA-WP-6in-19
b7096f80-98e7-56de-b528-ed059224e590,BHEL,BHEL-500167,"Stud Bolt, Grade B7, SIZE M10 x 40 300#",CMM-FASTNR-A1A35C-001,Fasteners,Stud Bolt,NOS,Bhopal Complex,Active,6555,2024-11-05,GKW,GKW-SB-M10x40-24
1dea7d35-7e97-5ea6-bdff-83807d201849,BHEL,BHEL-500168,"IND.ANCHOR BOLT, Carbon Steel, SIZE M16 x 65 150#",CMM-FASTNR-0C6EBA-001,Fasteners,Anchor Bolt,NOS,Ranipet Complex,Active,7810,2025-12-08,Sundram Fasteners,SUNFAS-AB-M16x65-30
5ef266bc-e9ce-59a4-a8e4-02f422c482ee,BHEL,BHEL-500169,Induction Motor 300# Copper 3C x 95 sq mm,CMM-ELECTR-5540AC-001,Electrical,Induction Motor,MTR,Bhopal Complex,Active,2814,2025-03-21,BHEL,BHE-IM-3Cx95sqmm-24
fe182554-ae75-5ac5-bfe7-7e4dffe2813b,BHEL,BHEL-500170,IND.100 mm Mechanical Seal - Graphite 300#,CMM-SEALG-8BDD10-001,Seals,Mechanical Seal,NOS,Bhopal Complex,Active,5612,2025-06-01,Sealol,SEA-MS-100mm-82
87a7e567-bfdc-57f7-b46b-885100a4d694,BHEL,BHEL-500171,"Rubber Gasket, PTFE, SIZE 50 mm 600#",CMM-SEALG-E59C31-001,Seals,Rubber Gasket,KG,Ranipet Complex,Slow-Moving,7991,2024-10-25,Flowserve,FLO-RG-50mm-96
2aea59c5-235b-5ad0-afd0-e3286e1f03ff,BHEL,BHEL-500172,Taper Roller Bearing 600# AISI 52100 6304,CMM-BEARNG-67CA99-001,Bearings,Taper Roller Bearing,NOS,Hazira Complex,Obsolete,7951,2025-05-19,NBC Bearings,NBCBEA-TRB-6304-68
5a7d6a5c-a67c-550a-b48f-357f87e045f7,BHEL,BHEL-500173,STORES ITEM Socket Head Screw M16 x 65 SS316 600#,CMM-FASTNR-253984-001,Fasteners,Socket Head Screw,NOS,Hazira Complex,Active,4784,2025-04-14,Precision Fasteners,PREFAS-SHS-M16x65-66
e88a334d-17ab-5354-8208-0c10b0875fac,BHEL,BHEL-500174,"Rubber Gasket, Viton, SIZE 65 mm 300#",CMM-SEALG-439083-001,Seals,Rubber Gasket,NOS,Bhopal Complex,Active,12510,2024-06-12,Flowserve,FLO-RG-65mm-34
4d19881f-e9c7-5323-8693-5debc22e2de4,BHEL,BHEL-500175,Ball Valve 150# ASTM A351 CF8M DN 100,CMM-VALVE-C01430-001,Valves,Ball Valve,NOS,Trichy Complex,Active,4449,2024-10-13,L&T Valves,L&TVAL-BV-DN100-11
c2b2dc99-7123-56a9-8ac8-969b09875afe,BHEL,BHEL-500176,"IND.REDUCER, IS 2062, SIZE 2 in 600#",CMM-PIPEF-FEC860-001,Pipes & Fittings,Reducer,MTR,Trichy Complex,Slow-Moving,3089,2024-10-23,Maharashtra Seamless,MAHSEA-R-2in-23
caf31c8c-b24d-5e6c-8843-b4542f2e9920,BHEL,BHEL-500177,Hex Nut M10 x 40 Grade 10.9 150#,CMM-FASTNR-B46359-001,Fasteners,Hex Nut,NOS,Hazira Complex,Active,9777,2024-04-23,Unbrako,UNB-HN-M10x40-71
20d7aadf-b3c3-5614-82c5-33f1b6a14868,BHEL,BHEL-500178,IND.Check Valve 600# WCB DN 50,CMM-VALVE-544738-001,Valves,Check Valve,NOS,Bhopal Complex,Obsolete,13418,2025-08-26,L&T Valves,L&TVAL-CV-DN50-50
c0b52a0d-ed2b-5552-a483-4f2acbb86910,BHEL,BHEL-500179,STORES ITEM GLOBE VALVE DN 150 ASTM A216 WCB 600#,CMM-VALVE-846D44-001,Valves,Globe Valve,NOS,Ranipet Complex,Slow-Moving,2117,2025-04-14,KSB,KSB-GV-DN150-69
c3ea8ecc-8b19-52fe-8d5a-245e506c5f50,BHEL,BHEL-500180,IND.1/2 in NPT Level Transmitter - Brass 300#,CMM-INSTRU-40C5B3-001,Instrumentation,Level Transmitter,NOS,Ranipet Complex,Active,13646,2024-03-23,Emerson,EME-LT-1-2inNPT-53
c285c89b-b00e-50bf-ab66-9b90abb25f3f,BHEL,BHEL-500181,STORES ITEM 6408 TAPER ROLLER BEARING - Stainless Steel 300#,CMM-BEARNG-FBE56C-001,Bearings,Taper Roller Bearing,NOS,Trichy Complex,Active,673,2025-01-28,FAG,FAG-TRB-6408-28
4f033cac-57ed-54dc-8bb3-16c3f25febb6,BHEL,BHEL-500182,SPARE-STUD BOLT 600# Carbon Steel M10 x 40,CMM-FASTNR-BA072B-001,Fasteners,Stud Bolt,KG,Hazira Complex,Active,14985,2024-03-13,GKW,GKW-SB-M10x40-02
74bf64e2-d400-5467-840a-51b908517bcf,BHEL,BHEL-500183,IND.Socket Head Screw 150# Grade B7 M16 x 65,CMM-FASTNR-64D9FA-001,Fasteners,Socket Head Screw,NOS,Bhopal Complex,Active,7346,2025-10-30,Precision Fasteners,PREFAS-SHS-M16x65-06
eb4a6d59-9443-5d44-962c-09481495d133,BHEL,BHEL-500184,"STORES ITEM XLPE Cable, Aluminium, SIZE 415V 100A 600#",CMM-ELECTR-4F6C14-001,Electrical,XLPE Cable,MTR,Hazira Complex,Active,14583,2024-01-20,Siemens,SIE-XC-415V100A-08
5c6e62e9-588b-5205-af11-7cf536185e9d,BHEL,BHEL-500185,SPARE-LEVEL TRANSMITTER 4-20 mA Brass 600#,CMM-INSTRU-76A4D1-001,Instrumentation,Level Transmitter,NOS,Ranipet Complex,Active,7705,2025-07-09,Yokogawa,YOK-LT-4-20mA-46
7cb260f6-b6ad-50a7-b007-6b2668765261,BHEL,BHEL-500186,"TAPER ROLLER BEARING, Chrome Steel, SIZE 6304 300#",CMM-BEARNG-A74B84-001,Bearings,Taper Roller Bearing,NOS,Trichy Complex,Slow-Moving,10497,2024-11-26,Timken,TIM-TRB-6304-90
9a0b4415-b769-5f70-90f1-148ca9c89dc2,BHEL,BHEL-500187,MECHANICAL SEAL 50 mm Graphite 600#,CMM-SEALG-1EEB61-001,Seals,Mechanical Seal,NOS,Hazira Complex,Obsolete,3062,2025-10-18,Flowserve,FLO-MS-50mm-85
a332718e-a605-5596-8113-0dafff1b2e77,BHEL,BHEL-500188,WELDED PIPE DN 80 SS316L 600#,CMM-PIPEF-5FC852-001,Pipes & Fittings,Welded Pipe,MTR,Bhopal Complex,Active,5864,2024-08-15,Jindal Pipes,JINPIP-WP-DN80-32
f2af4d72-48bf-5608-b968-ef2eac83655a,BHEL,BHEL-500189,Spiral Wound Gasket 600# Graphite 100 mm,CMM-SEALG-F13686-001,Seals,Spiral Wound Gasket,NOS,Hazira Complex,Slow-Moving,1445,2025-04-30,Sealol,SEA-SWG-100mm-84
1333747c-5fe7-55f3-badb-367860eae6a7,BHEL,BHEL-500190,"Level Transmitter, Polycarbonate, SIZE 0-500 Deg C 600#",CMM-INSTRU-325A21-001,Instrumentation,Level Transmitter,NOS,Bhopal Complex,Active,11696,2024-06-16,ABB,ABB-LT-0-500DegC-01
cf64a8f3-207d-5d8b-a173-8da12e760e16,BHEL,BHEL-500191,"SPARE-STEAM TURBINE CONTROL VALVE, ASTM A217 WC6, SIZE 6 in",CMM-VALVE-11ED70-001,Valves,Steam Turbine Control Valve,NOS,Trichy Complex,Slow-Moving,10486,2024-06-14,Audco,AUD-STCV-6in-76
9d8c48b0-dbed-5c83-a3be-93e2f14db4d9,BHEL,BHEL-500192,STORES ITEM Turbine Generator Stator Coil 11 kV Copper,CMM-ELECTR-9B74A3-001,Electrical,Turbine Generator Stator Coil,MTR,Hazira Complex,Active,2219,2024-01-08,Havells,HAV-TGSC-11kV-70
242dfe45-c7c3-5970-bb60-25af66f9cbbf,BHEL,BHEL-500193,STORES ITEM Steam Turbine Control Valve ASTM A217 WC6 6 in,CMM-VALVE-B79326-001,Valves,Steam Turbine Control Valve,NOS,Bhopal Complex,Active,12942,2025-02-28,KSB,KSB-STCV-6in-01
177fc8be-7058-5ee5-870e-94b35ce6b803,BHEL,BHEL-500194,STORES ITEM 11 kV TURBINE GENERATOR STATOR COIL - Copper,CMM-ELECTR-BBFFB1-001,Electrical,Turbine Generator Stator Coil,MTR,Bhopal Complex,Active,4945,2024-11-21,Crompton Greaves,CROGRE-TGSC-11kV-15
893c64e9-9a5b-5291-82c1-e29d69e6a21f,BHEL,BHEL-500195,Steam Turbine Control Valve ASTM A217 WC6 6 in,CMM-VALVE-04D31B-001,Valves,Steam Turbine Control Valve,NOS,Hazira Complex,Slow-Moving,14943,2025-12-04,KSB,KSB-STCV-6in-85
799335f2-4c82-5ae8-85d6-5371ed226237,BHEL,BHEL-500196,Steam Turbine Control Valve ASTM A217 WC6 6 in,CMM-VALVE-B1C9CE-001,Valves,Steam Turbine Control Valve,NOS,Ranipet Complex,Active,3005,2024-04-27,L&T Valves,L&TVAL-STCV-6in-11
a3e586c8-d3ed-54e5-b73d-372163d5f23e,BHEL,BHEL-500197,"TURBINE GENERATOR STATOR COIL, Copper, SIZE 11 kV",CMM-ELECTR-B09160-001,Electrical,Turbine Generator Stator Coil,MTR,Hazira Complex,Active,12818,2024-05-30,Havells,HAV-TGSC-11kV-16
3d1a17bb-9f4d-5c0f-a2ee-d4583e6082e4,BHEL,BHEL-500198,SPARE-TURBINE GENERATOR STATOR COIL 11 kV Copper,CMM-ELECTR-B6A9F4-001,Electrical,Turbine Generator Stator Coil,MTR,Trichy Complex,Active,12626,2024-11-21,ABB,ABB-TGSC-11kV-13
519e0611-3deb-5da1-99f0-80eef83e09bd,BHEL,BHEL-500199,SPARE-11 kV TURBINE GENERATOR STATOR COIL - Copper,CMM-ELECTR-95788A-001,Electrical,Turbine Generator Stator Coil,MTR,Ranipet Complex,Active,6073,2025-06-05,ABB,ABB-TGSC-11kV-80
8ff494a7-d8be-56d6-8019-b99189818c1b,BHEL,BHEL-500200,STORES ITEM TURBINE GENERATOR STATOR COIL Copper 11 kV,CMM-ELECTR-699EDB-001,Electrical,Turbine Generator Stator Coil,MTR,Hazira Complex,Active,14364,2024-05-25,Havells,HAV-TGSC-11kV-96
9635f336-7f03-58a0-8f56-341ba5fb58ac,BHEL,BHEL-500201,Steam Turbine Control Valve ASTM A217 WC6 6 in,CMM-VALVE-96BEC8-001,Valves,Steam Turbine Control Valve,NOS,Trichy Complex,Obsolete,12731,2024-08-01,Leader Valves,LEAVAL-STCV-6in-85
1d97c95a-4be1-56f3-ad3b-f1bed6f970d0,BHEL,BHEL-500202,"STEAM TURBINE CONTROL VALVE, ASTM A217 WC6, SIZE 6 in",CMM-VALVE-B7ED19-001,Valves,Steam Turbine Control Valve,NOS,Hazira Complex,Slow-Moving,1310,2025-06-09,Leader Valves,LEAVAL-STCV-6in-57
efb71df5-ffb2-55dc-858a-df1a44468162,BHEL,BHEL-500203,"IND.STEAM TURBINE CONTROL VALVE, ASTM A217 WC6, SIZE 6 in",CMM-VALVE-98DF47-001,Valves,Steam Turbine Control Valve,NOS,Trichy Complex,Slow-Moving,519,2024-06-04,Audco,AUD-STCV-6in-69
562ced66-c371-581d-818d-d654efe1155e,BHEL,BHEL-500204,"SPARE-Turbine Generator Stator Coil, Copper, SIZE 11 kV",CMM-ELECTR-43ED2A-001,Electrical,Turbine Generator Stator Coil,MTR,Hazira Complex,Active,8813,2025-02-26,Crompton Greaves,CROGRE-TGSC-11kV-42
26bca4e9-134f-5fb5-91b5-ccc7552a2879,BHEL,BHEL-500205,"STORES ITEM Turbine Generator Stator Coil, Copper, SIZE 11 kV",CMM-ELECTR-81F171-001,Electrical,Turbine Generator Stator Coil,MTR,Trichy Complex,Active,1498,2024-01-30,Havells,HAV-TGSC-11kV-87
cf3e0555-7ac8-5dba-8873-719d6aab8042,BHEL,BHEL-500206,SPARE-Turbine Generator Stator Coil Copper 11 kV,CMM-ELECTR-8FE460-001,Electrical,Turbine Generator Stator Coil,MTR,Trichy Complex,Slow-Moving,9751,2024-10-31,Havells,HAV-TGSC-11kV-16
4de25bf6-25fe-588a-a274-691591fa290c,BHEL,BHEL-500207,"STORES ITEM STEAM TURBINE CONTROL VALVE, ASTM A217 WC6, SIZE 6 in",CMM-VALVE-182E2E-001,Valves,Steam Turbine Control Valve,NOS,Trichy Complex,Slow-Moving,3183,2025-09-04,Audco,AUD-STCV-6in-50
15c3f902-47a5-5710-948b-e9195b740615,BHEL,BHEL-500208,STORES ITEM STEAM TURBINE CONTROL VALVE ASTM A217 WC6 6 in,CMM-VALVE-05CA31-001,Valves,Steam Turbine Control Valve,NOS,Trichy Complex,Active,7073,2024-07-11,L&T Valves,L&TVAL-STCV-6in-56
455d7cec-89dc-53c2-afbb-be84a19cba22,BHEL,BHEL-500209,STORES ITEM 11 kV TURBINE GENERATOR STATOR COIL - Copper,CMM-ELECTR-A21A1A-001,Electrical,Turbine Generator Stator Coil,MTR,Bhopal Complex,Active,9845,2024-08-14,BHEL,BHE-TGSC-11kV-67
32ae3db1-10a8-52b5-860b-7044503d572e,BHEL,BHEL-500210,STORES ITEM Turbine Generator Stator Coil Copper 11 kV,CMM-ELECTR-219D3D-001,Electrical,Turbine Generator Stator Coil,MTR,Bhopal Complex,Slow-Moving,4320,2024-02-11,Siemens,SIE-TGSC-11kV-15
e65bd369-87b5-55b7-a846-49bda1b2892a,BHEL,BHEL-500211,TURBINE GENERATOR STATOR COIL Copper 11 kV,CMM-ELECTR-A88B61-001,Electrical,Turbine Generator Stator Coil,MTR,Ranipet Complex,Active,2355,2024-01-08,Siemens,SIE-TGSC-11kV-53
028f24cf-6585-517b-8009-f9a910cdec2d,BHEL,BHEL-500212,"Steam Turbine Control Valve, ASTM A217 WC6, SIZE 6 in",CMM-VALVE-8D7456-001,Valves,Steam Turbine Control Valve,NOS,Trichy Complex,Active,9160,2024-06-07,L&T Valves,L&TVAL-STCV-6in-18
51f770d4-3ec6-5c43-8b8c-2fb015d66f09,BHEL,BHEL-500213,"IND.TURBINE GENERATOR STATOR COIL, Copper, SIZE 11 kV",CMM-ELECTR-404961-001,Electrical,Turbine Generator Stator Coil,MTR,Trichy Complex,Active,128,2024-02-02,Siemens,SIE-TGSC-11kV-31
fcf8fa8a-59db-56a8-bf17-81725dd6059d,BHEL,BHEL-500214,IND.STEAM TURBINE CONTROL VALVE ASTM A217 WC6 6 in,CMM-VALVE-33C142-001,Valves,Steam Turbine Control Valve,NOS,Ranipet Complex,Active,12175,2024-05-01,L&T Valves,L&TVAL-STCV-6in-38
5731fea6-48e6-5253-8c34-81ffaf9e62bd,BHEL,BHEL-500215,"IND.Turbine Generator Stator Coil, Copper, SIZE 11 kV",CMM-ELECTR-ECDA08-001,Electrical,Turbine Generator Stator Coil,MTR,Trichy Complex,Active,2066,2025-07-06,Havells,HAV-TGSC-11kV-43
ec8020a2-c406-51a0-b5f7-be46b6263778,BHEL,BHEL-500216,IND.STEAM TURBINE CONTROL VALVE 6 in ASTM A217 WC6,CMM-VALVE-563FF3-001,Valves,Steam Turbine Control Valve,NOS,Trichy Complex,Active,2316,2024-06-04,Fouress,FOU-STCV-6in-86
757bbc5c-ca6f-5aa7-8d5a-182755d4c7c1,BHEL,BHEL-500217,"Steam Turbine Control Valve, ASTM A217 WC6, SIZE 6 in",CMM-VALVE-54515F-001,Valves,Steam Turbine Control Valve,NOS,Ranipet Complex,Active,12971,2025-06-11,Leader Valves,LEAVAL-STCV-6in-55
6bca1df9-48a3-5cbc-ac80-013fdde929bf,BHEL,BHEL-500218,STORES ITEM Steam Turbine Control Valve ASTM A217 WC6 6 in,CMM-VALVE-4D6188-001,Valves,Steam Turbine Control Valve,NOS,Bhopal Complex,Active,12833,2025-09-09,L&T Valves,L&TVAL-STCV-6in-18
df1a81c1-d711-5583-a721-0ea830cf8afb,BHEL,BHEL-500219,TURBINE GENERATOR STATOR COIL Copper 11 kV,CMM-ELECTR-FAAACF-001,Electrical,Turbine Generator Stator Coil,MTR,Ranipet Complex,Obsolete,11155,2025-08-16,Crompton Greaves,CROGRE-TGSC-11kV-89
bf44107a-599b-5642-b8ca-367ace39a030,BHEL,BHEL-500220,STORES ITEM TURBINE GENERATOR STATOR COIL Copper 11 kV,CMM-ELECTR-097381-001,Electrical,Turbine Generator Stator Coil,MTR,Ranipet Complex,Active,9999,2025-09-16,Crompton Greaves,CROGRE-TGSC-11kV-45
4d8dce9b-8102-53d3-8dd1-da1360d3d194,BHEL,BHEL-500221,SPARE-Turbine Generator Stator Coil Copper 11 kV,CMM-ELECTR-4AC8DE-001,Electrical,Turbine Generator Stator Coil,MTR,Trichy Complex,Slow-Moving,9663,2024-04-27,Crompton Greaves,CROGRE-TGSC-11kV-54
c1bf79c1-bfea-5110-884e-2868db64a203,BHEL,BHEL-500222,Steam Turbine Control Valve 6 in ASTM A217 WC6,CMM-VALVE-33655F-001,Valves,Steam Turbine Control Valve,NOS,Trichy Complex,Slow-Moving,2506,2024-12-14,Audco,AUD-STCV-6in-76
8b53a843-dcb0-518a-95c6-624fb9e7d5d4,BHEL,BHEL-500223,11 kV TURBINE GENERATOR STATOR COIL - Copper,CMM-ELECTR-79689B-001,Electrical,Turbine Generator Stator Coil,MTR,Bhopal Complex,Active,7080,2025-07-16,Crompton Greaves,CROGRE-TGSC-11kV-29
40cb4ce8-9767-5c7a-9389-21d8ab3d75c4,BHEL,BHEL-500224,STORES ITEM Turbine Generator Stator Coil Copper 11 kV,CMM-ELECTR-11038D-001,Electrical,Turbine Generator Stator Coil,MTR,Bhopal Complex,Active,7766,2024-01-05,Havells,HAV-TGSC-11kV-31
a8905c2d-0eb3-56ae-a42d-70497332feb9,BHEL,BHEL-500225,"SPARE-STEAM TURBINE CONTROL VALVE, ASTM A217 WC6, SIZE 6 in",CMM-VALVE-5B12C3-001,Valves,Steam Turbine Control Valve,NOS,Bhopal Complex,Slow-Moving,8591,2025-12-25,L&T Valves,L&TVAL-STCV-6in-38
7f4aef7c-7d54-59ae-a05b-dfff2950834c,BHEL,BHEL-500226,"TURBINE GENERATOR STATOR COIL, Copper, SIZE 11 kV",CMM-ELECTR-2BD4BF-001,Electrical,Turbine Generator Stator Coil,MTR,Trichy Complex,Active,12866,2024-12-13,Crompton Greaves,CROGRE-TGSC-11kV-88
200b6d31-4f7f-5fc6-aae1-642cb0b843bb,BHEL,BHEL-500227,SPARE-6 in Steam Turbine Control Valve - ASTM A217 WC6,CMM-VALVE-8F3BF9-001,Valves,Steam Turbine Control Valve,NOS,Hazira Complex,Active,219,2024-06-30,KSB,KSB-STCV-6in-48
2a7b4f04-df1c-5d83-adad-4511fe408481,BHEL,BHEL-500228,11 kV Turbine Generator Stator Coil - Copper,CMM-ELECTR-7A69F2-001,Electrical,Turbine Generator Stator Coil,MTR,Bhopal Complex,Active,3600,2025-04-14,Siemens,SIE-TGSC-11kV-72
4d00327a-71b5-56dc-85c6-d238edc05699,BHEL,BHEL-500229,"IND.Turbine Generator Stator Coil, Copper, SIZE 11 kV",CMM-ELECTR-7A8291-001,Electrical,Turbine Generator Stator Coil,MTR,Ranipet Complex,Active,10786,2024-10-22,Siemens,SIE-TGSC-11kV-96
a636ceef-2c92-57aa-aa2d-9bb8add68f0b,BHEL,BHEL-500230,TURBINE GENERATOR STATOR COIL 11 kV Copper,CMM-ELECTR-2624B2-001,Electrical,Turbine Generator Stator Coil,MTR,Ranipet Complex,Active,8807,2025-11-09,Crompton Greaves,CROGRE-TGSC-11kV-43
010d0299-a9a2-595c-8a94-76a7e764e28f,BHEL,BHEL-500231,11 kV TURBINE GENERATOR STATOR COIL - Copper,CMM-ELECTR-916CED-001,Electrical,Turbine Generator Stator Coil,MTR,Trichy Complex,Active,13636,2025-01-02,Siemens,SIE-TGSC-11kV-68
3dfae793-b45e-59ea-8a0a-dce4e49b41bc,BHEL,BHEL-500232,6 in STEAM TURBINE CONTROL VALVE - ASTM A217 WC6,CMM-VALVE-088997-001,Valves,Steam Turbine Control Valve,NOS,Ranipet Complex,Active,5796,2024-07-23,L&T Valves,L&TVAL-STCV-6in-54
18b566f6-5b4b-5aaa-9000-e37ebf9dfbd2,BHEL,BHEL-500233,STORES ITEM STEAM TURBINE CONTROL VALVE ASTM A217 WC6 6 in,CMM-VALVE-D56453-001,Valves,Steam Turbine Control Valve,NOS,Hazira Complex,Active,2462,2025-12-26,Fouress,FOU-STCV-6in-36
3b84fd67-071f-51bd-85c6-5bfa372dc6ed,BHEL,BHEL-500234,STEAM TURBINE CONTROL VALVE ASTM A217 WC6 6 in,CMM-VALVE-E59936-001,Valves,Steam Turbine Control Valve,NOS,Trichy Complex,Active,14550,2024-05-21,Leader Valves,LEAVAL-STCV-6in-10
9b5acbbc-9711-506d-bf47-5c22d4bff771,BHEL,BHEL-500235,11 kV TURBINE GENERATOR STATOR COIL - Copper,CMM-ELECTR-72A3B6-001,Electrical,Turbine Generator Stator Coil,MTR,Trichy Complex,Slow-Moving,9226,2024-06-21,ABB,ABB-TGSC-11kV-43
19dc68d1-1c36-5d72-a9f0-b10e86a6fbbc,BHEL,BHEL-500236,IND.6 in STEAM TURBINE CONTROL VALVE - ASTM A217 WC6,CMM-VALVE-7C8BA2-001,Valves,Steam Turbine Control Valve,NOS,Ranipet Complex,Active,5876,2024-11-21,L&T Valves,L&TVAL-STCV-6in-55
1510a515-c01a-5252-b7ba-7d9f6a9a8845,BHEL,BHEL-500237,SPARE-6 in STEAM TURBINE CONTROL VALVE - ASTM A217 WC6,CMM-VALVE-D21FCF-001,Valves,Steam Turbine Control Valve,NOS,Ranipet Complex,Active,11655,2024-08-03,Leader Valves,LEAVAL-STCV-6in-03
8340b828-2e44-55f2-89f2-b700ca30005c,BHEL,BHEL-500238,STORES ITEM STEAM TURBINE CONTROL VALVE 6 in ASTM A217 WC6,CMM-VALVE-FA98E0-001,Valves,Steam Turbine Control Valve,NOS,Bhopal Complex,Obsolete,10928,2024-02-18,KSB,KSB-STCV-6in-27
fb905da9-42d8-5135-975e-55f207bb00fe,BHEL,BHEL-500239,6 in Steam Turbine Control Valve - ASTM A217 WC6,CMM-VALVE-8F6DAB-001,Valves,Steam Turbine Control Valve,NOS,Bhopal Complex,Obsolete,5776,2025-07-19,KSB,KSB-STCV-6in-20
cb24fc6e-f612-5339-a6a2-259266bb03de,BHEL,BHEL-500240,SPARE-11 kV TURBINE GENERATOR STATOR COIL - Copper,CMM-ELECTR-91BE73-001,Electrical,Turbine Generator Stator Coil,MTR,Ranipet Complex,Active,6149,2025-12-17,BHEL,BHE-TGSC-11kV-98
c9799cb7-be9a-51bd-8604-4223d766406d,BHEL,BHEL-500241,STORES ITEM Steam Turbine Control Valve ASTM A217 WC6 6 in,CMM-VALVE-B44D4E-001,Valves,Steam Turbine Control Valve,NOS,Ranipet Complex,Active,9941,2025-01-17,Fouress,FOU-STCV-6in-56
85fd0046-777d-5bd5-925c-6a97730e4958,BHEL,BHEL-500242,6 in Steam Turbine Control Valve - ASTM A217 WC6,CMM-VALVE-98AC0B-001,Valves,Steam Turbine Control Valve,NOS,Trichy Complex,Active,13799,2025-09-28,Audco,AUD-STCV-6in-26
0528dd9f-fc82-533c-af18-77feae925bca,BHEL,BHEL-500243,11 kV Turbine Generator Stator Coil - Copper,CMM-ELECTR-9D604B-001,Electrical,Turbine Generator Stator Coil,MTR,Ranipet Complex,Active,7453,2024-02-28,Havells,HAV-TGSC-11kV-90
2043c7f0-7062-5ae0-8469-c701c20f99b5,BHEL,BHEL-500244,SPARE-Turbine Generator Stator Coil Copper 11 kV,CMM-ELECTR-D40B8A-001,Electrical,Turbine Generator Stator Coil,MTR,Hazira Complex,Slow-Moving,11888,2025-04-07,Havells,HAV-TGSC-11kV-30
fcf11b57-8658-5626-add2-49c4835ef28b,BHEL,BHEL-500245,STORES ITEM Steam Turbine Control Valve ASTM A217 WC6 6 in,CMM-VALVE-00AA46-001,Valves,Steam Turbine Control Valve,NOS,Ranipet Complex,Active,14457,2025-03-30,Audco,AUD-STCV-6in-19
14b50580-ced4-52be-80c7-654f6d20e815,BHEL,BHEL-500246,"SPARE-STEAM TURBINE CONTROL VALVE, ASTM A217 WC6, SIZE 6 in",CMM-VALVE-56BE43-001,Valves,Steam Turbine Control Valve,NOS,Ranipet Complex,Active,9435,2025-01-16,Audco,AUD-STCV-6in-08
0435d0a9-05c6-5060-bd73-4b658758b8ca,BHEL,BHEL-500247,SPARE-11 kV Turbine Generator Stator Coil - Copper,CMM-ELECTR-2E2EAB-001,Electrical,Turbine Generator Stator Coil,MTR,Hazira Complex,Active,9788,2024-06-06,BHEL,BHE-TGSC-11kV-55
9437025b-3bf7-5cfe-835d-87a3f82f14a2,BHEL,BHEL-500248,SPARE-STEAM TURBINE CONTROL VALVE ASTM A217 WC6 6 in,CMM-VALVE-03FCA1-001,Valves,Steam Turbine Control Valve,NOS,Hazira Complex,Active,6852,2024-05-10,L&T Valves,L&TVAL-STCV-6in-77
7080bf6b-e642-5ac2-8108-7a8d7d63647b,BHEL,BHEL-500249,"TURBINE GENERATOR STATOR COIL, Copper, SIZE 11 kV",CMM-ELECTR-23E752-001,Electrical,Turbine Generator Stator Coil,MTR,Ranipet Complex,Slow-Moving,11714,2024-01-30,Havells,HAV-TGSC-11kV-37
de906425-9769-5af1-abea-059a669dc340,BHEL,BHEL-500250,"IND.TURBINE GENERATOR STATOR COIL, Copper, SIZE 11 kV",CMM-ELECTR-40BE38-001,Electrical,Turbine Generator Stator Coil,MTR,Trichy Complex,Slow-Moving,1023,2024-01-29,Havells,HAV-TGSC-11kV-02
3507c9f8-522b-5155-8199-a107c95f2bb6,BHEL,BHEL-500251,SPARE-Steam Turbine Control Valve ASTM A217 WC6 6 in,CMM-VALVE-B26CE4-001,Valves,Steam Turbine Control Valve,NOS,Trichy Complex,Slow-Moving,7449,2024-04-14,Audco,AUD-STCV-6in-29
9600dd0c-6e32-5e3a-a034-a6f7b493caa3,BHEL,BHEL-500252,IND.Steam Turbine Control Valve 6 in ASTM A217 WC6,CMM-VALVE-BC53DA-001,Valves,Steam Turbine Control Valve,NOS,Bhopal Complex,Active,1741,2024-04-23,Audco,AUD-STCV-6in-74
a16c43a5-7bd5-5a11-a227-5a6304bb21d1,BHEL,BHEL-500253,"STEAM TURBINE CONTROL VALVE, ASTM A217 WC6, SIZE 6 in",CMM-VALVE-D5BC99-001,Valves,Steam Turbine Control Valve,NOS,Bhopal Complex,Active,7446,2024-10-02,Leader Valves,LEAVAL-STCV-6in-63
c8a623b3-45fc-5a0a-b8f4-abca3c9ee2b0,BHEL,BHEL-500254,Steam Turbine Control Valve 6 in ASTM A217 WC6,CMM-VALVE-0795E4-001,Valves,Steam Turbine Control Valve,NOS,Trichy Complex,Active,4133,2024-02-02,KSB,KSB-STCV-6in-27
7395e82e-4d59-53bb-a975-0ca901ac87cb,BHEL,BHEL-500255,IND.TURBINE GENERATOR STATOR COIL Copper 11 kV,CMM-ELECTR-983066-001,Electrical,Turbine Generator Stator Coil,MTR,Bhopal Complex,Active,7093,2024-08-02,ABB,ABB-TGSC-11kV-87
902b5995-74c6-5315-b108-53090872ccfe,BHEL,BHEL-500256,SPARE-Turbine Generator Stator Coil 11 kV Copper,CMM-ELECTR-A89663-001,Electrical,Turbine Generator Stator Coil,MTR,Bhopal Complex,Active,4954,2024-05-26,BHEL,BHE-TGSC-11kV-71
23ae5ef5-def6-5c8a-82dd-57a922b242c6,BHEL,BHEL-500257,"STORES ITEM Turbine Generator Stator Coil, Copper, SIZE 11 kV",CMM-ELECTR-69D882-001,Electrical,Turbine Generator Stator Coil,MTR,Bhopal Complex,Slow-Moving,12983,2025-03-09,Crompton Greaves,CROGRE-TGSC-11kV-12
ccd18adc-7d45-5b89-92d8-fb38751154cb,BHEL,BHEL-500258,6 in Steam Turbine Control Valve - ASTM A217 WC6,CMM-VALVE-97589B-001,Valves,Steam Turbine Control Valve,NOS,Hazira Complex,Active,12613,2024-03-31,Leader Valves,LEAVAL-STCV-6in-96
1f297d01-1256-59cf-81cb-dc363ecc8705,BHEL,BHEL-500259,SPARE-STEAM TURBINE CONTROL VALVE 6 in ASTM A217 WC6,CMM-VALVE-8C9CE1-001,Valves,Steam Turbine Control Valve,NOS,Ranipet Complex,Active,3514,2024-12-11,KSB,KSB-STCV-6in-67
824e0f87-604e-57a6-a914-da30af091942,BHEL,BHEL-500260,IND.Steam Turbine Control Valve ASTM A217 WC6 6 in,CMM-VALVE-C2C454-001,Valves,Steam Turbine Control Valve,NOS,Trichy Complex,Active,729,2024-11-19,Audco,AUD-STCV-6in-44
d74bb725-f4dc-5061-a770-bffc4ba0c8c0,BHEL,BHEL-500261,STORES ITEM STEAM TURBINE CONTROL VALVE 6 in ASTM A217 WC6,CMM-VALVE-07E359-001,Valves,Steam Turbine Control Valve,NOS,Bhopal Complex,Active,778,2024-09-05,Leader Valves,LEAVAL-STCV-6in-23
20268d6e-0c76-550f-8d62-dab697027cd4,BHEL,BHEL-500262,IND.STEAM TURBINE CONTROL VALVE ASTM A217 WC6 6 in,CMM-VALVE-2872B3-001,Valves,Steam Turbine Control Valve,NOS,Ranipet Complex,Obsolete,11558,2025-11-10,KSB,KSB-STCV-6in-96
362c6200-dafb-5aff-a81b-bb2391c8928c,BHEL,BHEL-500263,"STORES ITEM STEAM TURBINE CONTROL VALVE, ASTM A217 WC6, SIZE 6 in",CMM-VALVE-A4F493-001,Valves,Steam Turbine Control Valve,NOS,Trichy Complex,Slow-Moving,7220,2024-03-22,Fouress,FOU-STCV-6in-20
19079402-b234-570b-9d3d-6d2524243679,BHEL,BHEL-500264,IND.Steam Turbine Control Valve ASTM A217 WC6 6 in,CMM-VALVE-179147-001,Valves,Steam Turbine Control Valve,NOS,Trichy Complex,Active,12488,2025-01-19,L&T Valves,L&TVAL-STCV-6in-74
96ba96d9-1659-5c93-9c7d-2bacaaf3d4e6,BHEL,BHEL-500265,SPARE-11 kV Turbine Generator Stator Coil - Copper,CMM-ELECTR-5BFEDC-001,Electrical,Turbine Generator Stator Coil,MTR,Hazira Complex,Active,11691,2024-10-29,Havells,HAV-TGSC-11kV-09
bb24a2b6-8f70-515c-8375-6728101d4d4c,BHEL,BHEL-500266,Turbine Generator Stator Coil 11 kV Copper,CMM-ELECTR-949379-001,Electrical,Turbine Generator Stator Coil,MTR,Bhopal Complex,Active,14285,2025-08-27,Havells,HAV-TGSC-11kV-21
d4d012d9-0484-5a0b-a61d-ee359f29bb92,BHEL,BHEL-500267,Steam Turbine Control Valve 6 in ASTM A217 WC6,CMM-VALVE-28F35A-001,Valves,Steam Turbine Control Valve,NOS,Hazira Complex,Slow-Moving,13045,2025-05-05,L&T Valves,L&TVAL-STCV-6in-02
dded3620-9aaa-5a2e-bdb4-b2af9d17f826,BHEL,BHEL-500268,STORES ITEM 11 kV Turbine Generator Stator Coil - Copper,CMM-ELECTR-1E911F-001,Electrical,Turbine Generator Stator Coil,MTR,Trichy Complex,Slow-Moving,12801,2025-05-17,ABB,ABB-TGSC-11kV-39
864a3e50-c833-5726-af68-0045f5f40146,BHEL,BHEL-500269,SPARE-TURBINE GENERATOR STATOR COIL Copper 11 kV,CMM-ELECTR-E5BD1D-001,Electrical,Turbine Generator Stator Coil,MTR,Hazira Complex,Active,5148,2025-02-27,ABB,ABB-TGSC-11kV-34
7d91777b-4d32-5ead-9baf-5cd69ac81afe,BHEL,BHEL-500270,IND.Turbine Generator Stator Coil 11 kV Copper,CMM-ELECTR-3FF7C7-001,Electrical,Turbine Generator Stator Coil,MTR,Bhopal Complex,Slow-Moving,14368,2025-08-02,BHEL,BHE-TGSC-11kV-58
211c2f2f-94b0-5cbb-84ff-6dd6c3eb4c47,BHEL,BHEL-500271,"SPARE-Steam Turbine Control Valve, ASTM A217 WC6, SIZE 6 in",CMM-VALVE-A0A973-001,Valves,Steam Turbine Control Valve,NOS,Hazira Complex,Active,1603,2024-06-09,Fouress,FOU-STCV-6in-61
7ace3751-5a7a-5d25-bfa5-2bd972d58053,BHEL,BHEL-500272,SPARE-STEAM TURBINE CONTROL VALVE ASTM A217 WC6 6 in,CMM-VALVE-706FD0-001,Valves,Steam Turbine Control Valve,NOS,Bhopal Complex,Slow-Moving,11004,2025-06-26,Leader Valves,LEAVAL-STCV-6in-59
efeb8e71-9a86-580d-99f4-00b60789f979,BHEL,BHEL-500273,"STORES ITEM STEAM TURBINE CONTROL VALVE, ASTM A217 WC6, SIZE 6 in",CMM-VALVE-6EC00D-001,Valves,Steam Turbine Control Valve,NOS,Bhopal Complex,Active,6524,2025-01-04,KSB,KSB-STCV-6in-44
d3d88495-7a71-5c13-8544-932ffa8f1209,BHEL,BHEL-500274,STORES ITEM STEAM TURBINE CONTROL VALVE 6 in ASTM A217 WC6,CMM-VALVE-B7728C-001,Valves,Steam Turbine Control Valve,NOS,Trichy Complex,Slow-Moving,13629,2025-08-04,Fouress,FOU-STCV-6in-39
a85f7d28-337b-5ced-bf8c-72d6394794b8,BHEL,BHEL-500275,6 in Steam Turbine Control Valve - ASTM A217 WC6,CMM-VALVE-A68979-001,Valves,Steam Turbine Control Valve,NOS,Hazira Complex,Active,2452,2025-04-25,KSB,KSB-STCV-6in-94
e50cdbd6-006b-5f0a-b38e-f1b56a9f33fa,Coal India,CIL-400001,Ball Bearing 6304 Stainless Steel,CMM-BEARNG-98CF95-001,Bearings,Ball Bearing,NOS,Talcher Coalfields,Active,11781,2025-10-27,FAG,FAG-BB-6304-12
296e520a-c2c9-5200-b9ce-162487f515b3,Coal India,CIL-400002,DN 100 Centrifugal Pump - SS316,CMM-PUMP-EFB17A-001,Pumps,Centrifugal Pump,SET,Singareni Collieries,Active,1134,2024-08-04,Kirloskar,KIR-CP-DN100-99
d6aafa35-00ea-5786-909c-4d5dd6e46553,Coal India,CIL-400003,CONTROL VALVE WCB 2 in,CMM-VALVE-992419-001,Valves,Control Valve,NOS,Singareni Collieries,Active,3731,2024-03-06,KSB,KSB-CV-2in-52
53ebe391-2d9e-5824-b7f7-4d6b8e441637,Coal India,CIL-400004,SPARE-RECIPROCATING PUMP Carbon Steel DN 80,CMM-PUMP-986768-001,Pumps,Reciprocating Pump,SET,Talcher Coalfields,Active,12018,2025-07-23,Kirloskar,KIR-RP-DN80-50
626dabe5-02ed-5111-aad3-673f7a8d4dfd,Coal India,CIL-400005,"STORES ITEM Reducer, ASTM A106 Gr B, SIZE DN 150",CMM-PIPEF-A8BD86-001,Pipes & Fittings,Reducer,MTR,Korba Coalfields,Active,11451,2025-06-14,ISMT,ISM-R-DN150-84
5625583f-cbdf-5538-8767-25173d48e898,Coal India,CIL-400006,Gear Pump 3 in x 2 in Duplex Steel,CMM-PUMP-357758-001,Pumps,Gear Pump,SET,Talcher Coalfields,Obsolete,9483,2025-11-24,WPIL,WPI-GP-3inx2in-21
d1fb6ab9-0f75-58ab-bdaa-d4fd71ac66a1,Coal India,CIL-400007,"SPARE-XLPE CABLE, Aluminium, SIZE 3C x 95 sq mm",CMM-ELECTR-79A6DD-001,Electrical,XLPE Cable,MTR,Jharia Coalfields,Slow-Moving,1469,2024-10-12,Crompton Greaves,CROGRE-XC-3Cx95sqmm-60
a1d33a93-ae61-50ab-a7fc-a971842d261c,Coal India,CIL-400008,SPARE-1/2 in CONTROL VALVE - WCB,CMM-VALVE-24B4BF-001,Valves,Control Valve,NOS,Talcher Coalfields,Active,12707,2025-02-17,Fouress,FOU-CV-1-2in-59
f85ab168-85ee-5fd8-85a3-fd29d88e4d4d,Coal India,CIL-400009,SPARE-DN 150 FLANGE - IS 2062,CMM-PIPEF-BBD3DF-001,Pipes & Fittings,Flange,MTR,Talcher Coalfields,Obsolete,11302,2025-04-30,Maharashtra Seamless,MAHSEA-F-DN150-41
e37f0f0d-523c-502a-9108-51c2489416ce,Coal India,CIL-400010,"SPARE-Submersible Pump, SS316, SIZE DN 100",CMM-PUMP-0F45F6-001,Pumps,Submersible Pump,SET,Jharia Coalfields,Active,10424,2024-04-26,WPIL,WPI-SP-DN100-40
8f914bd5-a073-5ee8-a49f-996ff92bc395,Coal India,CIL-400011,0-100 bar TEMPERATURE TRANSMITTER - Polycarbonate,CMM-INSTRU-3688F6-001,Instrumentation,Temperature Transmitter,NOS,Talcher Coalfields,Active,3559,2024-12-15,ABB,ABB-TT-0-100bar-83
7191d52e-896c-5e42-aaf7-63ae0110a7d1,Coal India,CIL-400012,IND.Gate Valve 4 in SS316,CMM-VALVE-11F993-001,Valves,Gate Valve,NOS,Jharia Coalfields,Slow-Moving,7548,2024-02-07,Leader Valves,LEAVAL-GV-4in-90
be5f578c-e354-5a4a-9550-2bd8c339ec09,Coal India,CIL-400013,"IND.Mechanical Seal, PTFE, SIZE 100 mm",CMM-SEALG-9F5E86-001,Seals,Mechanical Seal,NOS,Korba Coalfields,Active,8144,2024-01-27,Chesterton,CHE-MS-100mm-47
1841cd15-6e0e-5172-aa86-f9632fbe2002,Coal India,CIL-400014,4-20 mA LEVEL TRANSMITTER - SS316,CMM-INSTRU-1E073D-001,Instrumentation,Level Transmitter,NOS,Korba Coalfields,Slow-Moving,4155,2024-07-20,ABB,ABB-LT-4-20mA-42
59285cb4-f949-57bd-90f3-77aaf1e8df8c,Coal India,CIL-400015,"Hex Nut, Carbon Steel, SIZE M10 x 40",CMM-FASTNR-26351F-001,Fasteners,Hex Nut,NOS,Jharia Coalfields,Active,7983,2025-04-20,Unbrako,UNB-HN-M10x40-39
069ed9e3-d237-5086-9533-a603872b6f04,Coal India,CIL-400016,"Socket Head Screw, Carbon Steel, SIZE M16 x 65",CMM-FASTNR-A2AB0B-001,Fasteners,Socket Head Screw,NOS,Korba Coalfields,Active,910,2024-04-12,Precision Fasteners,PREFAS-SHS-M16x65-14
b16a51e0-3ad6-5fdf-8900-3cffdca01b40,Coal India,CIL-400017,IND.Globe Valve LCB 4 in,CMM-VALVE-9903B8-001,Valves,Globe Valve,NOS,Singareni Collieries,Active,12300,2025-09-12,Audco,AUD-GV-4in-79
650be501-49df-5b0f-a4fc-a4d9e4132217,Coal India,CIL-400018,ANCHOR BOLT Carbon Steel M20 x 80,CMM-FASTNR-B4A1EA-001,Fasteners,Anchor Bolt,KG,Korba Coalfields,Obsolete,9180,2025-06-26,Precision Fasteners,PREFAS-AB-M20x80-39
cf00cef3-0599-5094-ac29-ed9cc4d2f9e8,Coal India,CIL-400019,STORES ITEM 2 in Spiral Wound Gasket - PTFE,CMM-SEALG-C65128-001,Seals,Spiral Wound Gasket,NOS,Korba Coalfields,Active,6574,2024-11-22,Flowserve,FLO-SWG-2in-39
f2518da9-eb16-5c17-b99b-c3de65ccd1a0,Coal India,CIL-400020,STORES ITEM Submersible Pump SS316 DN 100,CMM-PUMP-257C0D-001,Pumps,Submersible Pump,SET,Singareni Collieries,Active,1904,2025-08-09,WPIL,WPI-SP-DN100-29
c5d02637-666b-53a9-9197-508daa258f9c,Coal India,CIL-400021,STORES ITEM Thrust Bearing Stainless Steel 22208,CMM-BEARNG-52104E-001,Bearings,Thrust Bearing,NOS,Korba Coalfields,Active,10411,2024-10-02,SKF,SKF-TB-22208-19
078c609d-5290-5975-828d-758f0e40c8a6,Coal India,CIL-400022,THRUST BEARING 6304 AISI 52100,CMM-BEARNG-67CA99-001,Bearings,Thrust Bearing,NOS,Talcher Coalfields,Active,13437,2024-05-03,SKF,SKF-TB-6304-17
0bd1630e-3fb5-54de-9f5f-69164635fe0f,Coal India,CIL-400023,"Flow Meter, SS316, SIZE 4-20 mA",CMM-INSTRU-1E073D-001,Instrumentation,Flow Meter,NOS,Jharia Coalfields,Active,5127,2024-03-21,Emerson,EME-FM-4-20mA-55
2121b6dc-66df-5e8b-9d6e-b8b83a708271,Coal India,CIL-400024,STORES ITEM 6 in Elbow 90 Deg - ASTM A106 Gr B,CMM-PIPEF-F76C77-001,Pipes & Fittings,Elbow 90 Deg,MTR,Singareni Collieries,Active,8133,2024-07-19,ISMT,ISM-E9D-6in-73
97d0623d-bd54-5305-bcdd-48b0cce1993c,Coal India,CIL-400025,"Reciprocating Pump, Carbon Steel, SIZE 2 in x 1.5 in",CMM-PUMP-71A39E-001,Pumps,Reciprocating Pump,SET,Singareni Collieries,Active,6511,2024-03-17,Kirloskar,KIR-RP-2inx1.5in-59
92117e4f-f19e-58bb-a3db-0152dc0ac26b,Coal India,CIL-400026,SPARE-Switchgear Panel 1C x 300 sq mm XLPE Insulated,CMM-ELECTR-0CDB57-001,Electrical,Switchgear Panel,MTR,Korba Coalfields,Active,9661,2025-12-22,BHEL,BHE-SP-1Cx300sqmm-17
2fafa07b-06ff-5f0b-bdeb-35e2ed6850de,Coal India,CIL-400027,Circuit Breaker 1C x 300 sq mm Aluminium,CMM-ELECTR-C565E9-001,Electrical,Circuit Breaker,MTR,Talcher Coalfields,Obsolete,2354,2024-12-05,ABB,ABB-CB-1Cx300sqmm-24
fa144aa8-4054-525f-97ff-68c8d4384956,Coal India,CIL-400028,"STORES ITEM Induction Motor, Copper, SIZE 415V 100A",CMM-ELECTR-E728FA-001,Electrical,Induction Motor,MTR,Talcher Coalfields,Active,9682,2025-08-19,Crompton Greaves,CROGRE-IM-415V100A-90
33066680-9be0-5904-9a8c-cc2b693670fb,Coal India,CIL-400029,SPARE-6408 BALL BRG - Chrome Steel,CMM-BEARNG-87EFE4-001,Bearings,Ball Bearing,NOS,Singareni Collieries,Slow-Moving,14111,2025-12-13,NBC Bearings,NBCBEA-BB-6408-03
6c53f382-6ea7-5282-9383-ecd0fe727c9d,Coal India,CIL-400030,RTD Sensor SS316 1/2 in NPT,CMM-INSTRU-E82054-001,Instrumentation,RTD Sensor,NOS,Singareni Collieries,Active,11203,2024-05-23,ABB,ABB-RS-1-2inNPT-25
8470e2a1-f656-511f-b28e-13968b3643ad,Coal India,CIL-400031,Distribution Transformer XLPE Insulated 1C x 300 sq mm,CMM-ELECTR-8C5683-001,Electrical,Distribution Transformer,MTR,Jharia Coalfields,Active,2947,2024-11-16,Siemens,SIE-DT-1Cx300sqmm-19
e9311fa0-9a3d-53e3-b86c-86d4364308c2,Coal India,CIL-400032,2 in EQUAL TEE - Alloy Steel,CMM-PIPEF-9F93F7-001,Pipes & Fittings,Equal Tee,MTR,Talcher Coalfields,Active,2558,2024-07-29,Tata Steel,TATSTE-ET-2in-54
5878d3b1-b5cf-53a8-999f-ebc76f37daab,Coal India,CIL-400033,Reducer 6 in SS316L,CMM-PIPEF-91DF1A-001,Pipes & Fittings,Reducer,MTR,Talcher Coalfields,Slow-Moving,1709,2024-09-19,Maharashtra Seamless,MAHSEA-R-6in-74
6af12da5-7823-58a3-afab-712a4cec8bc9,Coal India,CIL-400034,"FLAT WASHER, Carbon Steel, SIZE M10 x 40",CMM-FASTNR-1AF629-001,Fasteners,Flat Washer,NOS,Singareni Collieries,Active,5667,2024-10-28,Precision Fasteners,PREFAS-FW-M10x40-65
884b0e0b-a446-5b33-80ba-bc4a9548c487,Coal India,CIL-400035,M24 x 100 HEX NUT - Grade 10.9,CMM-FASTNR-BCCDD8-001,Fasteners,Hex Nut,NOS,Jharia Coalfields,Active,11938,2025-08-17,Unbrako,UNB-HN-M24x100-83
1a82ccf8-462b-5d5d-a7fc-e0f3c167c32a,Coal India,CIL-400036,"IND.Oil Seal, NBR, SIZE 2 in",CMM-SEALG-ACB3E9-001,Seals,Oil Seal,NOS,Talcher Coalfields,Slow-Moving,2349,2025-04-01,Flowserve,FLO-OS-2in-51
10a6291e-45e5-5a96-a8d9-f35e1544d06e,Coal India,CIL-400037,IND.6 in Equal Tee - IS 2062,CMM-PIPEF-AE5889-001,Pipes & Fittings,Equal Tee,MTR,Talcher Coalfields,Obsolete,8514,2025-02-19,Maharashtra Seamless,MAHSEA-ET-6in-74
e3ecb2bd-fe05-55a3-bb85-da73bbed55fe,Coal India,CIL-400038,SPARE-CONTROL VALVE 4 in ASTM A216 WCB,CMM-VALVE-781509-001,Valves,Control Valve,NOS,Talcher Coalfields,Active,7078,2024-08-22,Fouress,FOU-CV-4in-87
ecc8143b-de70-5c7e-90cf-b5e0530559c8,Coal India,CIL-400039,"Oil Seal, Viton, SIZE 2 in",CMM-SEALG-18752C-001,Seals,Oil Seal,KG,Talcher Coalfields,Active,9884,2025-03-21,Flowserve,FLO-OS-2in-21
4bc0ccdb-4f55-5bde-9101-1de1568652aa,Coal India,CIL-400040,Welded Pipe DN 80 IS 2062,CMM-PIPEF-886747-001,Pipes & Fittings,Welded Pipe,MTR,Jharia Coalfields,Active,11947,2025-07-26,ISMT,ISM-WP-DN80-52
77fd661b-5949-5594-8864-caf9d8aee748,Coal India,CIL-400041,INDUCTION MOTOR 4C x 25 sq mm Aluminium,CMM-ELECTR-C2208E-001,Electrical,Induction Motor,MTR,Singareni Collieries,Active,11363,2024-06-16,BHEL,BHE-IM-4Cx25sqmm-63
e2cfd36a-cc77-5fd2-8e5b-fcad8b4a4166,Coal India,CIL-400042,"Stud Bolt, Grade B7, SIZE M24 x 100",CMM-FASTNR-E57005-001,Fasteners,Stud Bolt,NOS,Jharia Coalfields,Slow-Moving,10896,2024-09-14,Precision Fasteners,PREFAS-SB-M24x100-53
186c839c-5ab2-5c8d-9efb-232e80828387,Coal India,CIL-400043,SPARE-Centrifugal Pump 3 in x 2 in Cast Iron,CMM-PUMP-329011-001,Pumps,Centrifugal Pump,SET,Jharia Coalfields,Active,4032,2024-01-10,WPIL,WPI-CP-3inx2in-42
19267640-116e-5fce-a3fe-93d392a87d56,Coal India,CIL-400044,Butterfly Valve 2 in LCB,CMM-VALVE-68C9CD-001,Valves,Butterfly Valve,NOS,Talcher Coalfields,Active,3862,2024-11-20,Fouress,FOU-BV-2in-08
c758d93e-9887-598a-9bb5-0853c9523a29,Coal India,CIL-400045,IND.Rubber Gasket NBR 50 mm,CMM-SEALG-C5D451-001,Seals,Rubber Gasket,NOS,Korba Coalfields,Active,8671,2025-11-03,Sealol,SEA-RG-50mm-67
d2a8577a-8c19-50c3-8e71-23dcb365b783,Coal India,CIL-400046,GLOBE VALVE 2 in ASTM A216 WCB,CMM-VALVE-989A61-001,Valves,Globe Valve,NOS,Singareni Collieries,Active,4971,2024-02-08,Audco,AUD-GV-2in-62
012dfd87-002c-5da0-a396-57d8c9f0b6f7,Coal India,CIL-400047,SPARE-Flat Washer Grade 10.9 M12 x 50,CMM-FASTNR-EF8E28-001,Fasteners,Flat Washer,NOS,Singareni Collieries,Active,5487,2024-08-02,Unbrako,UNB-FW-M12x50-02
0edafba2-23c5-549a-bcc9-f09c4e555ae4,Coal India,CIL-400048,STORES ITEM Equal Tee ASTM A106 Gr B DN 150,CMM-PIPEF-3BAF8F-001,Pipes & Fittings,Equal Tee,MTR,Talcher Coalfields,Active,2849,2024-12-09,Tata Steel,TATSTE-ET-DN150-68
a820b72f-2923-51e8-b3e0-16e8683e4ad2,Coal India,CIL-400049,SPARE-Ball Valve SS316 4 in,CMM-VALVE-609631-001,Valves,Ball Valve,NOS,Jharia Coalfields,Active,11430,2024-10-08,KSB,KSB-BV-4in-09
db90e841-0aeb-5e14-b0a1-ea0edc541099,Coal India,CIL-400050,1/2 in NPT Level Transmitter - Brass,CMM-INSTRU-61E856-001,Instrumentation,Level Transmitter,NOS,Singareni Collieries,Active,11918,2025-08-05,Yokogawa,YOK-LT-1-2inNPT-65
19fbf391-b504-55c1-8c6a-5f0c7051571c,Coal India,CIL-400051,"SPARE-BALL BRG, Chrome Steel, SIZE 22208",CMM-BEARNG-947C4D-001,Bearings,Ball Bearing,NOS,Korba Coalfields,Obsolete,13222,2024-10-17,SKF,SKF-BB-22208-70
c838ea7b-14ac-5a8c-8e7d-bd1292f51b26,Coal India,CIL-400052,SPARE-100 mm Rubber Gasket - NBR,CMM-SEALG-F519D1-001,Seals,Rubber Gasket,NOS,Singareni Collieries,Active,545,2024-03-07,Sealol,SEA-RG-100mm-47
41cd2eee-55e3-5c5d-b2b6-9571bc4847db,Coal India,CIL-400053,STORES ITEM 6408 Needle Bearing - Chrome Steel,CMM-BEARNG-FF170C-001,Bearings,Needle Bearing,NOS,Talcher Coalfields,Active,9518,2025-04-02,SKF,SKF-NB-6408-97
09465347-252c-5692-bf1c-69c960ca100f,Coal India,CIL-400054,DN 100 Reciprocating Pump - Duplex Steel,CMM-PUMP-8BAE9F-001,Pumps,Reciprocating Pump,SET,Singareni Collieries,Active,4673,2024-02-01,Mather+Platt,MAT-RP-DN100-08
c5447bce-2823-5ec0-9581-f527d7f5be43,Coal India,CIL-400055,415V 100A XLPE Cable - XLPE Insulated,CMM-ELECTR-4D158E-001,Electrical,XLPE Cable,MTR,Singareni Collieries,Slow-Moving,9285,2024-09-23,Siemens,SIE-XC-415V100A-38
c2239461-5360-582d-a93e-9045d23a728e,Coal India,CIL-400056,M10 x 40 SOCKET HEAD SCREW - Grade B7,CMM-FASTNR-A82C5B-001,Fasteners,Socket Head Screw,NOS,Singareni Collieries,Active,6458,2025-04-17,Sundram Fasteners,SUNFAS-SHS-M10x40-43
78c61670-1bfc-507c-a3eb-1080fec90248,Coal India,CIL-400057,SPARE-PUMP CENTRIF Cast Iron 2 in x 1.5 in,CMM-PUMP-837FD0-001,Pumps,Centrifugal Pump,SET,Korba Coalfields,Active,1290,2025-10-16,KSB,KSB-CP-2inx1.5in-15
57cf4a3a-d360-50cb-9eb9-e0dfc83db3c2,Coal India,CIL-400058,STORES ITEM TEMPERATURE TRANSMITTER Brass 0-100 bar,CMM-INSTRU-027BD0-001,Instrumentation,Temperature Transmitter,NOS,Singareni Collieries,Active,11973,2024-03-12,Yokogawa,YOK-TT-0-100bar-51
e6e0c0c9-61cb-5467-9722-12053027a04c,Coal India,CIL-400059,IND.PUMP CENTRIF DN 100 Carbon Steel,CMM-PUMP-ED0D84-001,Pumps,Centrifugal Pump,SET,Singareni Collieries,Active,13010,2025-10-09,WPIL,WPI-CP-DN100-71
bab251a0-1e6b-585f-bbe9-cc98e227cfa4,Coal India,CIL-400060,IND.Globe Valve SS316 4 in,CMM-VALVE-4B0806-001,Valves,Globe Valve,NOS,Singareni Collieries,Active,6450,2024-07-02,L&T Valves,L&TVAL-GV-4in-58
14ef1941-2d9f-5983-945d-63c49e11ad24,Coal India,CIL-400061,SMLS PIPE Carbon Steel DN 150,CMM-PIPEF-2B325D-001,Pipes & Fittings,Seamless Pipe,MTR,Korba Coalfields,Slow-Moving,2334,2025-11-25,Jindal Pipes,JINPIP-SP-DN150-73
767cb78b-5b60-52f4-8215-7606f2e41dd5,Coal India,CIL-400062,IND.Distribution Transformer XLPE Insulated 3C x 95 sq mm,CMM-ELECTR-45EFBF-001,Electrical,Distribution Transformer,MTR,Jharia Coalfields,Active,8087,2024-02-13,Havells,HAV-DT-3Cx95sqmm-91
b76f9c4c-1479-5887-839c-1396b2952106,Coal India,CIL-400063,IND.DN 100 Equal Tee - Carbon Steel,CMM-PIPEF-ED1BE7-001,Pipes & Fittings,Equal Tee,MTR,Talcher Coalfields,Active,2183,2024-03-21,Tata Steel,TATSTE-ET-DN100-29
cc7ffa15-71bc-555f-b420-76790a23bdf1,Coal India,CIL-400064,O-RING Graphite 50 mm,CMM-SEALG-80EA46-001,Seals,O-Ring,NOS,Talcher Coalfields,Slow-Moving,11054,2025-11-04,Sealol,SEA-O-50mm-11
4d89a508-29cd-5cf0-970a-38d9df01696a,Coal India,CIL-400065,SPARE-Induction Motor 415V 100A Aluminium,CMM-ELECTR-42D24C-001,Electrical,Induction Motor,MTR,Jharia Coalfields,Active,7473,2024-11-28,BHEL,BHE-IM-415V100A-59
26be9abb-adc6-5426-b6ee-475b9e198f87,Coal India,CIL-400066,STORES ITEM PRESSURE GAUGE Brass 4-20 mA,CMM-INSTRU-DE763E-001,Instrumentation,Pressure Gauge,NOS,Korba Coalfields,Active,13182,2025-05-04,Yokogawa,YOK-PG-4-20mA-64
db6be99d-2cd2-5ac0-b725-1a1257d21d63,Coal India,CIL-400067,STORES ITEM Equal Tee DN 50 Alloy Steel,CMM-PIPEF-358D39-001,Pipes & Fittings,Equal Tee,MTR,Talcher Coalfields,Active,1961,2024-01-14,Maharashtra Seamless,MAHSEA-ET-DN50-96
5ab6454d-6339-5e70-b2c7-10c2311bea64,Coal India,CIL-400068,STORES ITEM 50 mm SPIRAL WOUND GASKET - Viton,CMM-SEALG-AB281C-001,Seals,Spiral Wound Gasket,NOS,Jharia Coalfields,Slow-Moving,13153,2024-06-14,Flowserve,FLO-SWG-50mm-17
dca7af3c-0cdd-586e-8004-3162fc730339,Coal India,CIL-400069,SPARE-BOLT HEX M24 x 100 Carbon Steel,CMM-FASTNR-5C0E61-001,Fasteners,Hex Bolt,NOS,Talcher Coalfields,Active,3918,2025-08-18,Precision Fasteners,PREFAS-HB-M24x100-07
d942e725-e22c-5a34-8f65-3bdc6e26e5c1,Coal India,CIL-400070,Roller Bearing AISI 52100 22208,CMM-BEARNG-75E845-001,Bearings,Roller Bearing,NOS,Talcher Coalfields,Active,8791,2025-09-13,SKF,SKF-RB-22208-36
25610849-9e49-5e50-a371-96de1d01f88f,Coal India,CIL-400071,Hex Nut Carbon Steel M20 x 80,CMM-FASTNR-B017A6-001,Fasteners,Hex Nut,KG,Singareni Collieries,Active,206,2025-11-19,GKW,GKW-HN-M20x80-03
9d6a5dc2-4553-5c92-8a68-ed4d23defe27,Coal India,CIL-400072,"SPARE-FLAT WASHER, SS304, SIZE M24 x 100",CMM-FASTNR-C18604-001,Fasteners,Flat Washer,KG,Korba Coalfields,Active,10100,2025-10-02,Unbrako,UNB-FW-M24x100-96
1c0638bf-f0c4-5e32-a8c3-26bcbd6986f1,Coal India,CIL-400073,PUMP CENTRIF Carbon Steel 2 in x 1.5 in,CMM-PUMP-CF08C1-001,Pumps,Centrifugal Pump,SET,Singareni Collieries,Active,7047,2025-10-18,WPIL,WPI-CP-2inx1.5in-25
fce8da5f-eb1a-50da-a234-90eb61b6cf65,Coal India,CIL-400074,VERTICAL TURBINE PUMP Carbon Steel 3 in x 2 in,CMM-PUMP-9ED4F4-001,Pumps,Vertical Turbine Pump,SET,Jharia Coalfields,Active,1829,2024-12-02,WPIL,WPI-VTP-3inx2in-49
57114dae-fb47-59b3-8824-4f7002278abb,Coal India,CIL-400075,Level Transmitter SS316 4-20 mA,CMM-INSTRU-7A3205-001,Instrumentation,Level Transmitter,NOS,Jharia Coalfields,Active,171,2024-05-26,Emerson,EME-LT-4-20mA-21
ef64ecb6-55e9-5fb0-ba8a-6d025f17f7b2,Coal India,CIL-400076,IND.LEVEL TRANSMITTER Brass 4-20 mA,CMM-INSTRU-F3707C-001,Instrumentation,Level Transmitter,NOS,Talcher Coalfields,Slow-Moving,13838,2024-06-14,Honeywell,HON-LT-4-20mA-71
17b437bc-9527-5a34-bbd2-16045e929dbb,Coal India,CIL-400077,DN 50 Check Valve - ASTM A216 WCB,CMM-VALVE-66AEAC-001,Valves,Check Valve,NOS,Jharia Coalfields,Active,6095,2024-02-14,L&T Valves,L&TVAL-CV-DN50-28
c0975406-134d-5acc-9852-62d1a13d41cb,Coal India,CIL-400078,"Induction Motor, Aluminium, SIZE 4C x 25 sq mm",CMM-ELECTR-1643F5-001,Electrical,Induction Motor,MTR,Jharia Coalfields,Active,4909,2024-07-25,Havells,HAV-IM-4Cx25sqmm-97
edc10a6b-fdd9-5bd4-ae4c-d14895b77863,Coal India,CIL-400079,SPARE-Equal Tee Alloy Steel DN 150,CMM-PIPEF-100E96-001,Pipes & Fittings,Equal Tee,MTR,Singareni Collieries,Active,5941,2025-02-11,ISMT,ISM-ET-DN150-74
60e6990a-15bb-5c60-a443-753ce0b758a7,Coal India,CIL-400080,STORES ITEM Thrust Bearing AISI 52100 6304,CMM-BEARNG-67CA99-001,Bearings,Thrust Bearing,NOS,Jharia Coalfields,Slow-Moving,4020,2025-05-04,FAG,FAG-TB-6304-82
73ebc4fc-8ed0-52d7-a50c-6476262367a9,Coal India,CIL-400081,STORES ITEM VERTICAL TURBINE PUMP 2 in x 1.5 in SS316,CMM-PUMP-FC6AAF-001,Pumps,Vertical Turbine Pump,SET,Singareni Collieries,Active,9431,2024-12-18,WPIL,WPI-VTP-2inx1.5in-65
b139403d-a090-5145-b9af-0da2b0881de0,Coal India,CIL-400082,SUBMERSIBLE PUMP 3 in x 2 in Carbon Steel,CMM-PUMP-FEF7B9-001,Pumps,Submersible Pump,SET,Jharia Coalfields,Active,7850,2025-11-05,Mather+Platt,MAT-SP-3inx2in-30
1dc5412a-3770-57e2-bf92-ae5faa67cb0d,Coal India,CIL-400083,STORES ITEM Switchgear Panel XLPE Insulated 3C x 95 sq mm,CMM-ELECTR-6BCE45-001,Electrical,Switchgear Panel,MTR,Korba Coalfields,Active,13403,2025-11-06,ABB,ABB-SP-3Cx95sqmm-90
3b786c63-4e3b-5dcf-becb-65d6207c7a85,Coal India,CIL-400084,"IND.Centrifugal Pump, Carbon Steel, SIZE DN 100",CMM-PUMP-BA45D5-001,Pumps,Centrifugal Pump,SET,Talcher Coalfields,Active,7377,2024-11-17,KSB,KSB-CP-DN100-97
dcf8aa6c-bfbe-5bfe-ac60-de9a38aeb017,Coal India,CIL-400085,REDUCER IS 2062 DN 80,CMM-PIPEF-D67C66-001,Pipes & Fittings,Reducer,MTR,Talcher Coalfields,Active,12023,2024-05-19,ISMT,ISM-R-DN80-96
9ebf9625-6104-5d8c-b680-9530efa87068,Coal India,CIL-400086,XLPE CABLE Aluminium 415V 100A,CMM-ELECTR-8EAEA9-001,Electrical,XLPE Cable,MTR,Korba Coalfields,Active,146,2025-09-22,Crompton Greaves,CROGRE-XC-415V100A-40
ff6404a2-9f76-5784-9aa1-7bb1668d8565,Coal India,CIL-400087,"LEVEL TRANSMITTER, SS316, SIZE 4-20 mA",CMM-INSTRU-7A3205-001,Instrumentation,Level Transmitter,NOS,Korba Coalfields,Active,12238,2024-12-05,Emerson,EME-LT-4-20mA-15
f278ec8d-41a2-5a38-8da2-6828bf5f5b33,Coal India,CIL-400088,STORES ITEM CONTROL VALVE DN 50 ASTM A351 CF8M,CMM-VALVE-0BF561-001,Valves,Control Valve,NOS,Singareni Collieries,Slow-Moving,1159,2025-05-09,Leader Valves,LEAVAL-CV-DN50-98
d2240cae-0e70-55c9-95b0-449514dde15c,Coal India,CIL-400089,"RTD SENSOR, Brass, SIZE 1/2 in NPT",CMM-INSTRU-C4873D-001,Instrumentation,RTD Sensor,NOS,Talcher Coalfields,Obsolete,4600,2024-05-16,Yokogawa,YOK-RS-1-2inNPT-69
1d3d4f5b-7c24-5e74-b152-9fd56ec4fecd,Coal India,CIL-400090,"SPARE-CONTROL VALVE, SS316, SIZE 4 in",CMM-VALVE-DBB44B-001,Valves,Control Valve,NOS,Korba Coalfields,Active,13283,2025-02-08,L&T Valves,L&TVAL-CV-4in-57
e58d713d-ff27-57ab-a22e-6a33cf375ac0,Coal India,CIL-400091,"SPARE-RTD SENSOR, SS316, SIZE 4-20 mA",CMM-INSTRU-7A3205-001,Instrumentation,RTD Sensor,NOS,Jharia Coalfields,Obsolete,11263,2025-01-28,Honeywell,HON-RS-4-20mA-50
a7c50ab6-5772-5742-b3c9-a2dcd90f448d,Coal India,CIL-400092,6304 NEEDLE BEARING - Chrome Steel,CMM-BEARNG-A74B84-001,Bearings,Needle Bearing,NOS,Singareni Collieries,Slow-Moving,10891,2025-01-12,SKF,SKF-NB-6304-80
72baf8a3-4906-5213-9147-020a519dbd8e,Coal India,CIL-400093,SPARE-M20 x 80 Anchor Bolt - SS304,CMM-FASTNR-79903B-001,Fasteners,Anchor Bolt,NOS,Jharia Coalfields,Slow-Moving,14251,2024-05-22,Precision Fasteners,PREFAS-AB-M20x80-18
a140d1e2-a90a-55cf-8850-577ea595d38e,Coal India,CIL-400094,"Induction Motor, Aluminium, SIZE 3C x 95 sq mm",CMM-ELECTR-9C93DB-001,Electrical,Induction Motor,MTR,Korba Coalfields,Slow-Moving,13279,2025-11-28,Siemens,SIE-IM-3Cx95sqmm-88
723dc651-1d7e-5a42-a03e-d890d8e75794,Coal India,CIL-400095,IND.Anchor Bolt M24 x 100 Carbon Steel,CMM-FASTNR-42CB56-001,Fasteners,Anchor Bolt,NOS,Singareni Collieries,Active,1775,2024-10-24,GKW,GKW-AB-M24x100-88
8523288a-4700-5e26-86be-c02391c35612,Coal India,CIL-400096,"TEMPERATURE TRANSMITTER, Brass, SIZE 0-100 bar",CMM-INSTRU-027BD0-001,Instrumentation,Temperature Transmitter,NOS,Singareni Collieries,Active,4300,2024-07-07,Yokogawa,YOK-TT-0-100bar-92
7a14cfbf-26f5-54a4-a131-8ef23de25cce,Coal India,CIL-400097,RUBBER GASKET 2 in PTFE,CMM-SEALG-66F853-001,Seals,Rubber Gasket,NOS,Talcher Coalfields,Active,12267,2024-07-11,Sealol,SEA-RG-2in-58
8d751db6-7d16-5c83-81e6-d97065af121c,Coal India,CIL-400098,Pressure Gauge Brass 0-100 bar,CMM-INSTRU-22FF74-001,Instrumentation,Pressure Gauge,NOS,Jharia Coalfields,Active,10474,2025-02-03,ABB,ABB-PG-0-100bar-25
69302486-bdfd-5666-a406-c0558f40b47b,Coal India,CIL-400099,OIL SEAL 65 mm Graphite,CMM-SEALG-7A9F00-001,Seals,Oil Seal,NOS,Jharia Coalfields,Active,5336,2025-03-15,Sealol,SEA-OS-65mm-38
8d03ba62-b131-5551-9671-1ed29c9d2ba2,Coal India,CIL-400100,IND.Flow Meter 4-20 mA SS316,CMM-INSTRU-1E073D-001,Instrumentation,Flow Meter,NOS,Jharia Coalfields,Slow-Moving,8219,2024-02-17,Honeywell,HON-FM-4-20mA-41
8a5ee4c3-7f19-5223-9908-d90c9704fc18,Coal India,CIL-400101,STORES ITEM Equal Tee ASTM A106 Gr B DN 50,CMM-PIPEF-D565F3-001,Pipes & Fittings,Equal Tee,MTR,Talcher Coalfields,Active,1762,2024-12-14,ISMT,ISM-ET-DN50-28
7722b413-dbac-566b-bde0-c26198ad31bc,Coal India,CIL-400102,Spiral Wound Gasket 2 in Viton,CMM-SEALG-F69928-001,Seals,Spiral Wound Gasket,NOS,Talcher Coalfields,Active,14510,2025-09-27,Chesterton,CHE-SWG-2in-74
b7ab6842-7793-521a-b853-4b3ee578832a,Coal India,CIL-400103,STORES ITEM O-RING 65 mm PTFE,CMM-SEALG-39168C-001,Seals,O-Ring,NOS,Talcher Coalfields,Active,4105,2025-04-28,Chesterton,CHE-O-65mm-22
43f8b5a8-307c-527c-850d-a4f7c20fb965,Coal India,CIL-400104,MECHANICAL SEAL NBR 100 mm,CMM-SEALG-DB0B11-001,Seals,Mechanical Seal,NOS,Jharia Coalfields,Obsolete,14403,2025-06-23,Sealol,SEA-MS-100mm-82
856322ea-6ed6-5dc4-8bc0-6e0bd2f4157f,Coal India,CIL-400105,IND.Ball Bearing Stainless Steel 6208,CMM-BEARNG-0FD5BF-001,Bearings,Ball Bearing,NOS,Korba Coalfields,Active,1372,2024-10-24,Timken,TIM-BB-6208-12
1b928d8f-efb1-5492-be02-7faac64936b1,Coal India,CIL-400106,SPARE-4 in BUTTERFLY VALVE - SS304 150#,CMM-VALVE-F45F68-001,Valves,Butterfly Valve,NOS,Talcher Coalfields,Active,6515,2024-02-09,Fouress,FOU-BV-4in-36
b34be1f5-faf2-5fdf-9ae4-0e70e0595b1c,Coal India,CIL-400107,STORES ITEM M16 x 65 ANCHOR BOLT - Alloy Steel 150#,CMM-FASTNR-BE26DC-001,Fasteners,Anchor Bolt,KG,Singareni Collieries,Active,5400,2025-09-13,Sundram Fasteners,SUNFAS-AB-M16x65-88
bdc1f3ed-1aa5-5e84-a497-d8affc993eb1,Coal India,CIL-400108,SPARE-Ball Valve 6 in SS304 150#,CMM-VALVE-EBEB4A-001,Valves,Ball Valve,NOS,Talcher Coalfields,Slow-Moving,5855,2024-05-10,Fouress,FOU-BV-6in-89
125104bc-c984-56cd-9ad1-5712b2fe509e,Coal India,CIL-400109,SPARE-ANCHOR BOLT 300# Carbon Steel M24 x 100,CMM-FASTNR-0959AF-001,Fasteners,Anchor Bolt,KG,Singareni Collieries,Active,9292,2025-06-14,GKW,GKW-AB-M24x100-99
304205c5-6368-5a07-8f0a-478a23a55648,Coal India,CIL-400110,"STORES ITEM OIL SEAL, NBR, SIZE 50 mm 150#",CMM-SEALG-E86469-001,Seals,Oil Seal,NOS,Singareni Collieries,Active,14338,2024-08-13,Chesterton,CHE-OS-50mm-25
b50be874-d146-510c-bab0-3290c2a03fea,Coal India,CIL-400111,SPARE-50 mm O-RING - Graphite 300#,CMM-SEALG-1EEB61-001,Seals,O-Ring,KG,Jharia Coalfields,Active,3574,2025-02-22,Flowserve,FLO-O-50mm-77
925e7aa4-6d29-597e-9567-73ba06f93fc3,Coal India,CIL-400112,100 mm MECHANICAL SEAL - Viton 600#,CMM-SEALG-9C5882-001,Seals,Mechanical Seal,NOS,Jharia Coalfields,Active,12286,2024-01-04,Chesterton,CHE-MS-100mm-06
241cc3c5-43c0-599a-8ebd-54c15d04ee77,Coal India,CIL-400113,STORES ITEM Distribution Transformer 150# XLPE Insulated 3C x 95 sq mm,CMM-ELECTR-57C166-001,Electrical,Distribution Transformer,MTR,Jharia Coalfields,Active,7698,2025-07-13,Siemens,SIE-DT-3Cx95sqmm-43
7752290b-7cc4-5c7e-8db8-40f863b4209a,Coal India,CIL-400114,STORES ITEM 3C x 95 sq mm Distribution Transformer - Aluminium 150#,CMM-ELECTR-3F141A-001,Electrical,Distribution Transformer,MTR,Jharia Coalfields,Active,850,2025-01-18,Crompton Greaves,CROGRE-DT-3Cx95sqmm-15
a368d89d-24b5-5627-abc1-beb88e59b857,Coal India,CIL-400115,"RUBBER GASKET, NBR, SIZE 50 mm 150#",CMM-SEALG-099BED-001,Seals,Rubber Gasket,KG,Korba Coalfields,Active,9410,2024-03-21,Sealol,SEA-RG-50mm-87
01baa530-c34c-54ee-97fd-8b9046214843,Coal India,CIL-400116,SPARE-415V 100A DISTRIBUTION TRANSFORMER - Aluminium 150#,CMM-ELECTR-62038E-001,Electrical,Distribution Transformer,MTR,Korba Coalfields,Active,5817,2024-08-10,Siemens,SIE-DT-415V100A-15
e3b8a42a-c5c9-5e77-bf9e-bf7e05dc2020,Coal India,CIL-400117,SPARE-Circuit Breaker 300# XLPE Insulated 1C x 300 sq mm,CMM-ELECTR-8C5683-001,Electrical,Circuit Breaker,MTR,Jharia Coalfields,Active,2509,2024-10-11,Havells,HAV-CB-1Cx300sqmm-02
19418053-8848-5fd7-91fe-e7b3bf23451e,Coal India,CIL-400118,"CHECK VALVE, WCB, SIZE 4 in 150#",CMM-VALVE-EBCC19-001,Valves,Check Valve,NOS,Jharia Coalfields,Active,3163,2024-03-06,Audco,AUD-CV-4in-23
5a46636b-5ce9-5149-888b-988696995577,Coal India,CIL-400119,SPARE-2 in x 1.5 in VERTICAL TURBINE PUMP - Duplex Steel 600#,CMM-PUMP-D3FA3F-001,Pumps,Vertical Turbine Pump,SET,Jharia Coalfields,Active,2942,2024-12-02,Kirloskar,KIR-VTP-2inx1.5in-01
6504d60d-37dc-58d5-b728-d82be0dc729b,Coal India,CIL-400120,IND.6208 NEEDLE BEARING - Stainless Steel 300#,CMM-BEARNG-D93FF3-001,Bearings,Needle Bearing,NOS,Korba Coalfields,Active,8511,2025-04-30,Timken,TIM-NB-6208-99
9bb46367-3d79-59bb-97a3-ffdaec011c18,Coal India,CIL-400121,"STORES ITEM MECHANICAL SEAL, Graphite, SIZE 2 in 150#",CMM-SEALG-F19166-001,Seals,Mechanical Seal,KG,Jharia Coalfields,Active,2351,2024-03-10,Chesterton,CHE-MS-2in-32
96dccb1c-2e17-5664-9ce7-e1a3259d639b,Coal India,CIL-400122,IND.DN 100 Centrifugal Pump - Carbon Steel 600#,CMM-PUMP-B65FD2-001,Pumps,Centrifugal Pump,SET,Jharia Coalfields,Active,13619,2025-02-03,KSB,KSB-CP-DN100-68
ba5c69ad-6097-5833-90b5-49f79e1268cb,Coal India,CIL-400123,Vertical Turbine Pump 300# Cast Iron 2 in x 1.5 in,CMM-PUMP-FA44B3-001,Pumps,Vertical Turbine Pump,SET,Korba Coalfields,Active,1971,2025-06-17,KSB,KSB-VTP-2inx1.5in-27
d1ca5b74-c8b2-5e4e-acba-81a91b1bcd7b,Coal India,CIL-400124,Flow Meter 0-100 bar SS316 600#,CMM-INSTRU-2B591E-001,Instrumentation,Flow Meter,NOS,Jharia Coalfields,Active,14310,2025-11-14,Honeywell,HON-FM-0-100bar-86
beafbe2b-2793-53dc-ab7d-08a91ead8f73,Coal India,CIL-400125,IND.3C x 95 sq mm DISTRIBUTION TRANSFORMER - XLPE Insulated 600#,CMM-ELECTR-5E9127-001,Electrical,Distribution Transformer,MTR,Korba Coalfields,Slow-Moving,14417,2025-11-10,Crompton Greaves,CROGRE-DT-3Cx95sqmm-51
febe3405-653c-52de-8ec3-671f6e5d73c0,Coal India,CIL-400126,M16 x 65 Hex Bolt - Grade 8.8 600#,CMM-FASTNR-F4A0EA-001,Fasteners,Hex Bolt,NOS,Korba Coalfields,Active,9386,2025-06-04,Unbrako,UNB-HB-M16x65-51
c4deb251-02e7-53ee-8d52-1c0097980b8e,Coal India,CIL-400127,SPARE-Socket Head Screw 150# SS304 M24 x 100,CMM-FASTNR-5DBADE-001,Fasteners,Socket Head Screw,NOS,Korba Coalfields,Active,7921,2025-11-06,Unbrako,UNB-SHS-M24x100-63
dfc2d89e-9480-52c3-b08d-9485992c3a92,Coal India,CIL-400128,"IND.Ball Bearing, Chrome Steel, SIZE 30205 300#",CMM-BEARNG-66CBD4-001,Bearings,Ball Bearing,NOS,Singareni Collieries,Active,2558,2024-10-25,FAG,FAG-BB-30205-23
40a780cc-57a5-526b-ae3a-58e644a4ff6a,Coal India,CIL-400129,"STORES ITEM THRUST BEARING, Stainless Steel, SIZE 22208 150#",CMM-BEARNG-52104E-001,Bearings,Thrust Bearing,NOS,Korba Coalfields,Active,7863,2024-06-23,Timken,TIM-TB-22208-57
d376e348-c5f3-52c2-853a-c8d2a779fe48,Coal India,CIL-400130,SPARE-GATE VLV 300# SS316 1/2 in,CMM-VALVE-6A29EA-001,Valves,Gate Valve,NOS,Talcher Coalfields,Slow-Moving,5277,2025-04-06,L&T Valves,L&TVAL-GV-1-2in-41
7e9da2db-82b8-53a4-bbf0-33c4226fffca,Coal India,CIL-400131,BRG BALL 30205 Chrome Steel 150#,CMM-BEARNG-FCEB8C-001,Bearings,Ball Bearing,NOS,Singareni Collieries,Active,4505,2024-07-11,NBC Bearings,NBCBEA-BB-30205-91
4eee7999-d3a6-516f-b294-0b3051698df0,Coal India,CIL-400132,SWITCHGEAR PANEL 150# Aluminium 4C x 25 sq mm,CMM-ELECTR-D852DA-001,Electrical,Switchgear Panel,MTR,Talcher Coalfields,Active,13138,2025-05-16,ABB,ABB-SP-4Cx25sqmm-09
4c8c030e-208e-5c42-9e29-6c713f3dc842,Coal India,CIL-400133,"CONTROL VALVE, LCB, SIZE 1 in 600#",CMM-VALVE-B3E486-001,Valves,Control Valve,NOS,Korba Coalfields,Active,3658,2024-02-12,KSB,KSB-CV-1in-19
a84c9b5a-d508-5e52-982b-e097808aa4b9,Coal India,CIL-400134,STORES ITEM RECIPROCATING PUMP 2 in x 1.5 in SS316 300#,CMM-PUMP-648A86-001,Pumps,Reciprocating Pump,SET,Korba Coalfields,Active,13403,2025-03-18,WPIL,WPI-RP-2inx1.5in-21
b8a9ee53-b5d8-5fdf-9c74-96e0d99645ef,Coal India,CIL-400135,"REDUCER, Carbon Steel, SIZE 2 in 300#",CMM-PIPEF-3FF582-001,Pipes & Fittings,Reducer,MTR,Korba Coalfields,Active,9545,2024-09-17,Jindal Pipes,JINPIP-R-2in-58
271f16f7-2c9c-5961-a2ad-15023e5f83dd,Coal India,CIL-400136,"IND.Centrifugal Pump, SS304, SIZE 2 in x 1.5 in 300#",CMM-PUMP-5580D4-001,Pumps,Centrifugal Pump,SET,Korba Coalfields,Active,2621,2024-08-27,KSB,KSB-CP-2inx1.5in-04
2ce42be7-f5a9-5361-b8a2-06f3a4a7dc66,Coal India,CIL-400137,NEEDLE BEARING 6408 AISI 52100 300#,CMM-BEARNG-7BE095-001,Bearings,Needle Bearing,NOS,Talcher Coalfields,Active,7732,2024-02-11,SKF,SKF-NB-6408-20
54c06fa1-eba1-54d8-b623-d4c663e37b87,Coal India,CIL-400138,IND.Circuit Breaker 1C x 300 sq mm Aluminium 150#,CMM-ELECTR-94DDC0-001,Electrical,Circuit Breaker,MTR,Korba Coalfields,Active,11866,2024-05-06,Havells,HAV-CB-1Cx300sqmm-19
30c289de-074d-5612-806c-82f223a39630,Coal India,CIL-400139,STORES ITEM 3 in x 2 in Gear Pump - SS304 150#,CMM-PUMP-6EE615-001,Pumps,Gear Pump,SET,Talcher Coalfields,Active,13773,2025-09-03,Kirloskar,KIR-GP-3inx2in-76
e968bcb6-86d1-5bd2-b3a8-89df4823694e,Coal India,CIL-400140,50 mm Oil Seal - NBR 600#,CMM-SEALG-E86469-001,Seals,Oil Seal,NOS,Korba Coalfields,Slow-Moving,14317,2025-06-22,Sealol,SEA-OS-50mm-08
dd00f2a5-77dd-56e6-bc81-34f482fd98a9,Coal India,CIL-400141,GEAR PUMP 150# SS304 3 in x 2 in,CMM-PUMP-5784B2-001,Pumps,Gear Pump,SET,Jharia Coalfields,Active,8605,2024-10-29,Kirloskar,KIR-GP-3inx2in-99
97db0e2f-a7ee-563b-aafb-09e02818aeb7,Coal India,CIL-400142,SPARE-DN 80 Reducer - ASTM A106 Gr B 600#,CMM-PIPEF-D724AE-001,Pipes & Fittings,Reducer,MTR,Singareni Collieries,Slow-Moving,10039,2025-06-08,Tata Steel,TATSTE-R-DN80-65
8ee9506c-0123-5b05-b878-d23e1ba92405,Coal India,CIL-400143,SPARE-Induction Motor 600# XLPE Insulated 1C x 300 sq mm,CMM-ELECTR-9A21B9-001,Electrical,Induction Motor,MTR,Singareni Collieries,Slow-Moving,13653,2024-08-15,BHEL,BHE-IM-1Cx300sqmm-24
d5a33d15-6a69-582b-a800-6d8a5961c492,Coal India,CIL-400144,STORES ITEM DN 80 Centrifugal Pump - SS316 150#,CMM-PUMP-D0ED1D-001,Pumps,Centrifugal Pump,SET,Korba Coalfields,Active,12146,2024-01-09,Kirloskar,KIR-CP-DN80-83
4a2a58e7-1428-5b0f-b079-3b4da03dee31,Coal India,CIL-400145,STORES ITEM Induction Motor 1C x 300 sq mm Aluminium 300#,CMM-ELECTR-941023-001,Electrical,Induction Motor,MTR,Talcher Coalfields,Active,10825,2025-07-21,BHEL,BHE-IM-1Cx300sqmm-42
5490d9c8-ba83-5f21-a1c0-80cd24cc6e03,Coal India,CIL-400146,STORES ITEM PUMP CENTRIF DN 100 Duplex Steel 600#,CMM-PUMP-CD436E-001,Pumps,Centrifugal Pump,SET,Singareni Collieries,Slow-Moving,12383,2024-04-10,WPIL,WPI-CP-DN100-18
f77ecca1-b2d8-5f61-a9c6-835fb393ed3c,Coal India,CIL-400147,STORES ITEM Anchor Bolt M10 x 40 Grade 8.8 150#,CMM-FASTNR-5F1FAF-001,Fasteners,Anchor Bolt,NOS,Korba Coalfields,Active,8239,2024-04-05,GKW,GKW-AB-M10x40-01
930be334-f6e2-5c90-aa15-b6b4d2eeffa9,Coal India,CIL-400148,STORES ITEM REDUCER 150# SS316L DN 100,CMM-PIPEF-2725B7-001,Pipes & Fittings,Reducer,MTR,Singareni Collieries,Active,13838,2024-04-18,Jindal Pipes,JINPIP-R-DN100-48
c0677713-d41c-580a-8550-ee55c4dc3715,Coal India,CIL-400149,Submersible Pump 600# Carbon Steel DN 80,CMM-PUMP-F3916E-001,Pumps,Submersible Pump,SET,Singareni Collieries,Slow-Moving,5032,2025-07-01,Kirloskar,KIR-SP-DN80-85
b35f5c90-ab12-5e3f-8a1e-fde4d9b4a7b6,Coal India,CIL-400150,IND.Induction Motor 300# Copper 4C x 25 sq mm,CMM-ELECTR-240377-001,Electrical,Induction Motor,MTR,Singareni Collieries,Active,7048,2024-02-15,BHEL,BHE-IM-4Cx25sqmm-30
32bf0b01-2fd8-5446-b941-da2a81384676,Coal India,CIL-400151,DISTRIBUTION TRANSFORMER 415V 100A Aluminium 300#,CMM-ELECTR-3E612F-001,Electrical,Distribution Transformer,MTR,Jharia Coalfields,Active,6016,2025-05-16,Siemens,SIE-DT-415V100A-34
f438a300-5abb-5a36-9617-e9046b7d973b,Coal India,CIL-400152,SPARE-Vertical Turbine Pump 150# Cast Iron 3 in x 2 in,CMM-PUMP-04A30D-001,Pumps,Vertical Turbine Pump,SET,Talcher Coalfields,Slow-Moving,1764,2024-10-07,Kirloskar,KIR-VTP-3inx2in-40
d892e604-dc94-50d9-992f-30e1f2c99122,Coal India,CIL-400153,"Ball Bearing, AISI 52100, SIZE 22208 300#",CMM-BEARNG-3EC238-001,Bearings,Ball Bearing,NOS,Korba Coalfields,Slow-Moving,793,2024-11-22,FAG,FAG-BB-22208-14
81f968c2-ada2-576c-88c8-29532b9a22ce,Coal India,CIL-400154,"Check Valve, SS316, SIZE 4 in 150#",CMM-VALVE-59DBB8-001,Valves,Check Valve,NOS,Talcher Coalfields,Slow-Moving,14797,2025-08-02,KSB,KSB-CV-4in-86
23471301-c473-5ed0-81ba-865841f99139,Coal India,CIL-400155,SPARE-DN 100 Butterfly Valve - LCB 600#,CMM-VALVE-166070-001,Valves,Butterfly Valve,NOS,Singareni Collieries,Active,7325,2024-08-13,L&T Valves,L&TVAL-BV-DN100-32
5fcde3d8-1ece-51c6-92f5-3a0db46c2da8,Coal India,CIL-400156,HEX NUT 600# SS316 M16 x 65,CMM-FASTNR-2E518A-001,Fasteners,Hex Nut,NOS,Singareni Collieries,Active,10728,2024-06-14,Unbrako,UNB-HN-M16x65-51
af17612f-48c3-50e2-ae5f-3ce5c292fe68,Coal India,CIL-400157,"STORES ITEM Distribution Transformer, Aluminium, SIZE 1C x 300 sq mm 300#",CMM-ELECTR-40640A-001,Electrical,Distribution Transformer,MTR,Korba Coalfields,Active,5002,2025-10-24,Crompton Greaves,CROGRE-DT-1Cx300sqmm-88
bb053a60-9fb5-5753-86cb-b53729a4cf90,Coal India,CIL-400158,Reciprocating Pump DN 100 Cast Iron 600#,CMM-PUMP-28DDB3-001,Pumps,Reciprocating Pump,SET,Jharia Coalfields,Active,8747,2024-12-30,KSB,KSB-RP-DN100-29
7d31acdf-7733-5c78-bba8-09846db43d2a,Coal India,CIL-400159,"IND.EQUAL TEE, IS 2062, SIZE DN 50 300#",CMM-PIPEF-0E4F2B-001,Pipes & Fittings,Equal Tee,MTR,Korba Coalfields,Active,6608,2025-11-29,Jindal Pipes,JINPIP-ET-DN50-29
465f3fec-901c-52ef-8b4f-fc8fb84691fc,Coal India,CIL-400160,IND.Taper Roller Bearing 6304 Stainless Steel 300#,CMM-BEARNG-BE8172-001,Bearings,Taper Roller Bearing,NOS,Jharia Coalfields,Active,11251,2025-05-18,NBC Bearings,NBCBEA-TRB-6304-32
6750fb2e-363b-56fa-804b-2e9f2e57e792,Coal India,CIL-400161,SPARE-4C x 25 sq mm Distribution Transformer - Copper 150#,CMM-ELECTR-240377-001,Electrical,Distribution Transformer,MTR,Singareni Collieries,Active,4665,2025-02-27,Havells,HAV-DT-4Cx25sqmm-79
03979dfb-bb6f-5ca5-9473-b47d528e8ae1,Coal India,CIL-400162,IND.50 mm Mechanical Seal - Graphite 150#,CMM-SEALG-16E5D0-001,Seals,Mechanical Seal,NOS,Singareni Collieries,Active,8930,2025-07-17,Flowserve,FLO-MS-50mm-51
e4469227-1377-5b56-92e6-246ba4d46e20,Coal India,CIL-400163,IND.Level Transmitter 0-500 Deg C SS316 150#,CMM-INSTRU-B6F610-001,Instrumentation,Level Transmitter,NOS,Korba Coalfields,Active,5459,2025-02-14,ABB,ABB-LT-0-500DegC-67
deefd644-1298-5713-9969-71eac8230ab1,Coal India,CIL-400164,STORES ITEM 100 mm OIL SEAL - Graphite 600#,CMM-SEALG-82045D-001,Seals,Oil Seal,NOS,Talcher Coalfields,Active,14485,2025-01-17,Chesterton,CHE-OS-100mm-12
ff5350e3-1ba4-56e1-8d62-d1b9f4988571,Coal India,CIL-400165,IND.Reducer 6 in IS 2062 600#,CMM-PIPEF-B78A58-001,Pipes & Fittings,Reducer,MTR,Talcher Coalfields,Slow-Moving,1421,2024-06-30,Tata Steel,TATSTE-R-6in-06
a5951030-ebb0-5c21-84ef-4d6c0b936025,Coal India,CIL-400166,STORES ITEM Hex Bolt 300# SS316 M12 x 50,CMM-FASTNR-7AC8DE-001,Fasteners,Hex Bolt,KG,Jharia Coalfields,Active,9053,2024-01-21,Sundram Fasteners,SUNFAS-HB-M12x50-76
b5b3419e-5999-51e1-8577-70e41397132c,Coal India,CIL-400167,SPARE-3 in x 2 in GEAR PUMP - Duplex Steel 150#,CMM-PUMP-E22A9D-001,Pumps,Gear Pump,SET,Talcher Coalfields,Slow-Moving,2063,2024-02-18,Kirloskar,KIR-GP-3inx2in-04
514cb652-dd69-54cb-a160-2a109cc08aca,Coal India,CIL-400168,SPARE-M16 x 65 Anchor Bolt - Grade 8.8 150#,CMM-FASTNR-D3A3E7-001,Fasteners,Anchor Bolt,KG,Korba Coalfields,Active,9562,2024-11-03,GKW,GKW-AB-M16x65-39
01061344-f56a-5579-a5b8-3517628dc05c,Coal India,CIL-400169,IND.Induction Motor 3C x 95 sq mm XLPE Insulated 300#,CMM-ELECTR-A4DD01-001,Electrical,Induction Motor,MTR,Singareni Collieries,Obsolete,12205,2024-04-23,Crompton Greaves,CROGRE-IM-3Cx95sqmm-63
88e03a94-17ee-5699-a42c-61a1d408951b,Coal India,CIL-400170,DN 50 ELBOW 90 DEG - SS316L 600#,CMM-PIPEF-814B57-001,Pipes & Fittings,Elbow 90 Deg,MTR,Talcher Coalfields,Active,11758,2025-04-17,Jindal Pipes,JINPIP-E9D-DN50-06
529402bb-e781-5024-836e-88597b4b4055,Coal India,CIL-400171,Control Valve 600# LCB DN 50,CMM-VALVE-B66A8F-001,Valves,Control Valve,NOS,Jharia Coalfields,Active,3027,2025-04-12,Fouress,FOU-CV-DN50-87
6d573864-1256-5a6f-85c9-d80e5a33b246,Coal India,CIL-400172,Elbow 90 Deg 600# Alloy Steel 2 in,CMM-PIPEF-B037FD-001,Pipes & Fittings,Elbow 90 Deg,MTR,Jharia Coalfields,Active,10252,2024-04-25,ISMT,ISM-E9D-2in-02
858bb4f0-a187-5abd-b47f-fe547addb94a,Coal India,CIL-400173,SPARE-M20 x 80 Stud Bolt - Grade 10.9 600#,CMM-FASTNR-2B3DDF-001,Fasteners,Stud Bolt,KG,Korba Coalfields,Active,4966,2025-07-24,Sundram Fasteners,SUNFAS-SB-M20x80-17
088f36c7-e7b6-5119-b2b1-5c1c10d4595d,Coal India,CIL-400174,STORES ITEM Hex Nut 300# Grade 8.8 M10 x 40,CMM-FASTNR-04A814-001,Fasteners,Hex Nut,NOS,Jharia Coalfields,Slow-Moving,2325,2025-12-02,Unbrako,UNB-HN-M10x40-01
06d867da-a274-5f69-b9ac-cf536723e6db,Coal India,CIL-400175,SPARE-PIPE SMLS DN 80 Alloy Steel 300#,CMM-PIPEF-D3CC49-001,Pipes & Fittings,Seamless Pipe,MTR,Talcher Coalfields,Active,1187,2025-10-05,Jindal Pipes,JINPIP-SP-DN80-99
54e7a750-b4dc-5dbf-9225-815300308253,Coal India,CIL-400176,1/2 in NPT LEVEL TRANSMITTER - Brass 150#,CMM-INSTRU-40C5B3-001,Instrumentation,Level Transmitter,NOS,Talcher Coalfields,Active,5181,2024-10-05,Emerson,EME-LT-1-2inNPT-66
5e8a3b36-e256-527b-8142-b53d0429f8f6,Coal India,CIL-400177,"Level Transmitter, Brass, SIZE 0-500 Deg C 300#",CMM-INSTRU-C75E96-001,Instrumentation,Level Transmitter,NOS,Talcher Coalfields,Slow-Moving,2614,2024-10-15,ABB,ABB-LT-0-500DegC-28
c470d531-67e7-557b-93f9-6af89075e08b,Coal India,CIL-400178,STORES ITEM STUD BOLT 300# Alloy Steel M10 x 40,CMM-FASTNR-0EFE81-001,Fasteners,Stud Bolt,KG,Korba Coalfields,Active,5388,2024-01-18,GKW,GKW-SB-M10x40-30
bfefa824-9da1-5844-b378-90458bc1e677,Coal India,CIL-400179,IND.Rubber Gasket 600# Graphite 2 in,CMM-SEALG-FB7539-001,Seals,Rubber Gasket,NOS,Korba Coalfields,Slow-Moving,3003,2024-03-02,Sealol,SEA-RG-2in-62
f35e31d5-307c-59c7-865c-8b80f4d011bb,Coal India,CIL-400180,4-20 mA Level Transmitter - Brass 300#,CMM-INSTRU-76A4D1-001,Instrumentation,Level Transmitter,NOS,Singareni Collieries,Slow-Moving,7878,2024-05-18,Yokogawa,YOK-LT-4-20mA-95
0bd3af91-7462-5a07-8efd-62f65f475f06,Coal India,CIL-400181,SPARE-6304 NEEDLE BEARING - AISI 52100 150#,CMM-BEARNG-67CA99-001,Bearings,Needle Bearing,NOS,Talcher Coalfields,Active,3327,2024-04-11,FAG,FAG-NB-6304-02
535c2de3-0104-5977-991c-347717ca103b,Coal India,CIL-400182,"Stud Bolt, Alloy Steel, SIZE M16 x 65 600#",CMM-FASTNR-8FB594-001,Fasteners,Stud Bolt,NOS,Singareni Collieries,Active,9716,2025-09-09,Sundram Fasteners,SUNFAS-SB-M16x65-23
3b9b146b-1130-5b7c-9553-1b30a9910331,Coal India,CIL-400183,STORES ITEM 2 in RUBBER GASKET - NBR 300#,CMM-SEALG-EA0F9C-001,Seals,Rubber Gasket,KG,Singareni Collieries,Slow-Moving,1399,2025-07-09,Flowserve,FLO-RG-2in-36
c6580612-53f9-5940-8c6e-ba74c2658252,Coal India,CIL-400184,STORES ITEM Ball Valve 150# SS316 2 in,CMM-VALVE-A5A54D-001,Valves,Ball Valve,NOS,Jharia Coalfields,Active,7259,2025-11-12,KSB,KSB-BV-2in-76
e7335032-eae2-5e06-b68a-229db9a5caba,Coal India,CIL-400185,IND.Hex Bolt 300# Grade 10.9 M16 x 65,CMM-FASTNR-912BFD-001,Fasteners,Hex Bolt,NOS,Korba Coalfields,Active,6909,2025-12-20,Precision Fasteners,PREFAS-HB-M16x65-99
18e62d80-65ff-58a8-bcab-2b3c7c10cdb9,Coal India,CIL-400186,SPARE-BALL VLV 600# ASTM A216 WCB 2 in,CMM-VALVE-562AC3-001,Valves,Ball Valve,NOS,Korba Coalfields,Active,4936,2024-07-07,Leader Valves,LEAVAL-BV-2in-67
ab091d2c-1894-514f-842a-6627a985c93f,Coal India,CIL-400187,BALL VLV 2 in SS316 150#,CMM-VALVE-AD20D3-001,Valves,Ball Valve,NOS,Korba Coalfields,Obsolete,9960,2025-04-24,KSB,KSB-BV-2in-44
c25dc1f7-8ed0-5586-a620-de5bd5e24656,Coal India,CIL-400188,"SPARE-Thrust Bearing, AISI 52100, SIZE 6208 300#",CMM-BEARNG-1E674F-001,Bearings,Thrust Bearing,NOS,Jharia Coalfields,Active,11569,2025-08-13,NBC Bearings,NBCBEA-TB-6208-50
05bb2583-84b4-5e4c-a312-5f63f53b1653,Coal India,CIL-400189,"SPARE-CIRCUIT BREAKER, XLPE Insulated, SIZE 4C x 25 sq mm 600#",CMM-ELECTR-1AC0A4-001,Electrical,Circuit Breaker,MTR,Singareni Collieries,Active,2028,2025-07-15,Siemens,SIE-CB-4Cx25sqmm-29
85574ffc-0384-55ce-85f9-c3efa630385a,Coal India,CIL-400190,Hex Bolt M12 x 50 Grade 10.9 300#,CMM-FASTNR-677AC8-001,Fasteners,Hex Bolt,KG,Korba Coalfields,Active,4914,2025-05-21,GKW,GKW-HB-M12x50-98
74c87544-7e08-586c-b62d-3c65faf38aad,Coal India,CIL-400191,SPARE-MINE DEWATERING PUMP Cast Iron DN 150,CMM-PUMP-2970BB-001,Pumps,Mine Dewatering Pump,SET,Singareni Collieries,Active,3472,2024-04-16,WPIL,WPI-MDP-DN150-74
c8a7b9a0-9384-5aae-ac22-64ad5ff3aef6,Coal India,CIL-400192,MINE DEWATERING PUMP Cast Iron DN 150,CMM-PUMP-74E3B9-001,Pumps,Mine Dewatering Pump,SET,Korba Coalfields,Active,10818,2025-07-13,WPIL,WPI-MDP-DN150-17
d89ca8ae-5ed4-542f-bf71-5b49c4746108,Coal India,CIL-400193,IND.Coal Cutter Pick M20 Tungsten Carbide,CMM-FASTNR-D4573F-001,Fasteners,Coal Cutter Pick,NOS,Singareni Collieries,Active,8740,2025-09-06,Precision Fasteners,PREFAS-CCP-M20-35
42eabe65-9659-58e7-b8a7-0da2a49d72ab,Coal India,CIL-400194,"STORES ITEM Mine Dewatering Pump, Cast Iron, SIZE DN 150",CMM-PUMP-3F4E20-001,Pumps,Mine Dewatering Pump,SET,Singareni Collieries,Active,1136,2024-12-27,WPIL,WPI-MDP-DN150-26
2a3435b6-efa1-5002-b2c8-a557ebfd329c,Coal India,CIL-400195,SPARE-M20 Coal Cutter Pick - Tungsten Carbide,CMM-FASTNR-7E8976-001,Fasteners,Coal Cutter Pick,NOS,Jharia Coalfields,Active,267,2025-05-13,Precision Fasteners,PREFAS-CCP-M20-67
029f47b1-55f4-5d84-a497-880a370a10fe,Coal India,CIL-400196,STORES ITEM COAL CUTTER PICK M20 Tungsten Carbide,CMM-FASTNR-48248D-001,Fasteners,Coal Cutter Pick,NOS,Singareni Collieries,Obsolete,14965,2024-07-31,GKW,GKW-CCP-M20-69
983af00c-e57c-5cf5-9786-92a459120b56,Coal India,CIL-400197,"STORES ITEM Mine Dewatering Pump, Cast Iron, SIZE DN 150",CMM-PUMP-A65FFE-001,Pumps,Mine Dewatering Pump,SET,Jharia Coalfields,Active,9627,2024-12-31,Kirloskar,KIR-MDP-DN150-32
251726d8-fbb6-5400-b902-ef2046889217,Coal India,CIL-400198,COAL CUTTER PICK Tungsten Carbide M20,CMM-FASTNR-FCF6F1-001,Fasteners,Coal Cutter Pick,NOS,Korba Coalfields,Active,3008,2025-06-30,GKW,GKW-CCP-M20-35
7ece10dc-782c-502f-baf0-e6daa52ed106,Coal India,CIL-400199,DN 150 MINE DEWATERING PUMP - Cast Iron,CMM-PUMP-6DD060-001,Pumps,Mine Dewatering Pump,SET,Talcher Coalfields,Active,2245,2025-12-05,KSB,KSB-MDP-DN150-34
c31477d6-5ab3-5a46-903b-2f02d70edf35,Coal India,CIL-400200,STORES ITEM Coal Cutter Pick Tungsten Carbide M20,CMM-FASTNR-E870A7-001,Fasteners,Coal Cutter Pick,NOS,Talcher Coalfields,Active,1739,2024-11-18,GKW,GKW-CCP-M20-38
ebf8ac00-9436-595f-a39d-c50e96fddc13,Coal India,CIL-400201,M20 Coal Cutter Pick - Tungsten Carbide,CMM-FASTNR-588016-001,Fasteners,Coal Cutter Pick,NOS,Talcher Coalfields,Active,14138,2025-02-25,Precision Fasteners,PREFAS-CCP-M20-28
6ee2c698-b912-59fd-86ea-bc482a090b25,Coal India,CIL-400202,Coal Cutter Pick M20 Tungsten Carbide,CMM-FASTNR-9D9AC4-001,Fasteners,Coal Cutter Pick,NOS,Jharia Coalfields,Active,6874,2025-03-02,Precision Fasteners,PREFAS-CCP-M20-21
1a534a6d-9ccd-5d68-8ffd-89c07f8301cb,Coal India,CIL-400203,DN 150 MINE DEWATERING PUMP - Cast Iron,CMM-PUMP-CA9276-001,Pumps,Mine Dewatering Pump,SET,Talcher Coalfields,Slow-Moving,11720,2024-12-03,KSB,KSB-MDP-DN150-10
e5116ca7-9ea5-5742-8ea8-7f7473063293,Coal India,CIL-400204,IND.MINE DEWATERING PUMP DN 150 Cast Iron,CMM-PUMP-3FA360-001,Pumps,Mine Dewatering Pump,SET,Singareni Collieries,Slow-Moving,9925,2025-03-16,Mather+Platt,MAT-MDP-DN150-90
699a7332-b8e9-5aa6-95c3-3029f5d9b44e,Coal India,CIL-400205,"Coal Cutter Pick, Tungsten Carbide, SIZE M20",CMM-FASTNR-CF6ED3-001,Fasteners,Coal Cutter Pick,NOS,Jharia Coalfields,Active,13507,2025-12-18,Precision Fasteners,PREFAS-CCP-M20-09
2e260cac-e399-5872-bcfe-400ebac59e16,Coal India,CIL-400206,Mine Dewatering Pump DN 150 Cast Iron,CMM-PUMP-0804F8-001,Pumps,Mine Dewatering Pump,SET,Talcher Coalfields,Active,10307,2025-07-14,Kirloskar,KIR-MDP-DN150-20
6668f678-7f97-51f5-9dd7-e0e343338447,Coal India,CIL-400207,IND.COAL CUTTER PICK Tungsten Carbide M20,CMM-FASTNR-D382BF-001,Fasteners,Coal Cutter Pick,NOS,Singareni Collieries,Active,4736,2024-06-04,Sundram Fasteners,SUNFAS-CCP-M20-83
75cab106-9241-5934-9be5-4b244d766b6a,Coal India,CIL-400208,SPARE-MINE DEWATERING PUMP DN 150 Cast Iron,CMM-PUMP-306AB1-001,Pumps,Mine Dewatering Pump,SET,Korba Coalfields,Slow-Moving,5634,2024-08-03,Mather+Platt,MAT-MDP-DN150-88
c718440d-1320-52cd-a47b-3066e2931d9c,Coal India,CIL-400209,IND.Coal Cutter Pick Tungsten Carbide M20,CMM-FASTNR-A59C6C-001,Fasteners,Coal Cutter Pick,NOS,Singareni Collieries,Obsolete,6037,2025-11-19,Precision Fasteners,PREFAS-CCP-M20-41
91e6df64-e66e-5188-9466-2aa45bab54b9,Coal India,CIL-400210,"COAL CUTTER PICK, Tungsten Carbide, SIZE M20",CMM-FASTNR-F10940-001,Fasteners,Coal Cutter Pick,NOS,Korba Coalfields,Active,7555,2024-11-23,Sundram Fasteners,SUNFAS-CCP-M20-67
f4e31310-f1d6-5925-966f-e019ea83e00b,Coal India,CIL-400211,STORES ITEM M20 COAL CUTTER PICK - Tungsten Carbide,CMM-FASTNR-29F5AF-001,Fasteners,Coal Cutter Pick,NOS,Talcher Coalfields,Active,8029,2025-04-06,Unbrako,UNB-CCP-M20-14
daa6cda0-9eaa-544d-a6ef-d182d7f1d972,Coal India,CIL-400212,STORES ITEM M20 COAL CUTTER PICK - Tungsten Carbide,CMM-FASTNR-7E743D-001,Fasteners,Coal Cutter Pick,NOS,Singareni Collieries,Active,2506,2025-07-12,Sundram Fasteners,SUNFAS-CCP-M20-46
33e0e5ff-7543-5236-9362-b2a3f6e3ab42,Coal India,CIL-400213,"STORES ITEM COAL CUTTER PICK, Tungsten Carbide, SIZE M20",CMM-FASTNR-BD32DD-001,Fasteners,Coal Cutter Pick,NOS,Korba Coalfields,Active,14884,2025-12-18,Sundram Fasteners,SUNFAS-CCP-M20-37
fe655274-c9b6-5e8f-b5f7-22e58b473343,Coal India,CIL-400214,SPARE-COAL CUTTER PICK M20 Tungsten Carbide,CMM-FASTNR-1A9DA1-001,Fasteners,Coal Cutter Pick,NOS,Jharia Coalfields,Active,13337,2025-12-28,Precision Fasteners,PREFAS-CCP-M20-56
2fe0acf4-33db-5fbb-a845-f79136b3d978,Coal India,CIL-400215,"SPARE-Coal Cutter Pick, Tungsten Carbide, SIZE M20",CMM-FASTNR-ABBB06-001,Fasteners,Coal Cutter Pick,NOS,Korba Coalfields,Obsolete,11574,2024-01-14,Sundram Fasteners,SUNFAS-CCP-M20-17
2bd69fa0-fb9b-5b58-989a-f9659d0bc6aa,Coal India,CIL-400216,"STORES ITEM MINE DEWATERING PUMP, Cast Iron, SIZE DN 150",CMM-PUMP-253D90-001,Pumps,Mine Dewatering Pump,SET,Jharia Coalfields,Obsolete,11697,2025-06-01,Kirloskar,KIR-MDP-DN150-61
d050e3ce-354f-553f-b92f-3a8b8b99570b,Coal India,CIL-400217,STORES ITEM Coal Cutter Pick Tungsten Carbide M20,CMM-FASTNR-28A349-001,Fasteners,Coal Cutter Pick,NOS,Korba Coalfields,Active,4022,2025-03-03,Unbrako,UNB-CCP-M20-07
655d2746-ae02-5288-ab14-f730171f2b17,Coal India,CIL-400218,Coal Cutter Pick M20 Tungsten Carbide,CMM-FASTNR-FEE036-001,Fasteners,Coal Cutter Pick,NOS,Korba Coalfields,Active,14573,2024-02-12,Sundram Fasteners,SUNFAS-CCP-M20-53
f1ba9944-af87-5e09-ad33-912a06578b03,Coal India,CIL-400219,MINE DEWATERING PUMP DN 150 Cast Iron,CMM-PUMP-BE39AD-001,Pumps,Mine Dewatering Pump,SET,Singareni Collieries,Active,5361,2024-04-06,Mather+Platt,MAT-MDP-DN150-11
4391817a-0681-5e85-a556-68deb5aabd4d,Coal India,CIL-400220,MINE DEWATERING PUMP Cast Iron DN 150,CMM-PUMP-4753D7-001,Pumps,Mine Dewatering Pump,SET,Talcher Coalfields,Slow-Moving,13918,2025-03-11,WPIL,WPI-MDP-DN150-31
d0de7a17-fdc5-5676-b7b2-63a3429cc0eb,Coal India,CIL-400221,"SPARE-Mine Dewatering Pump, Cast Iron, SIZE DN 150",CMM-PUMP-967877-001,Pumps,Mine Dewatering Pump,SET,Jharia Coalfields,Obsolete,2258,2024-04-19,Mather+Platt,MAT-MDP-DN150-37
0139afe5-7aab-5489-ab85-0c1a66d6285c,Coal India,CIL-400222,"IND.MINE DEWATERING PUMP, Cast Iron, SIZE DN 150",CMM-PUMP-0920CA-001,Pumps,Mine Dewatering Pump,SET,Talcher Coalfields,Active,5328,2024-12-16,KSB,KSB-MDP-DN150-20
6e27c1d8-a09d-5819-b1e5-252817edd577,Coal India,CIL-400223,STORES ITEM Coal Cutter Pick Tungsten Carbide M20,CMM-FASTNR-599121-001,Fasteners,Coal Cutter Pick,NOS,Talcher Coalfields,Active,12123,2024-12-11,GKW,GKW-CCP-M20-78
31144975-1e97-52ca-90cc-2b6641671dfb,Coal India,CIL-400224,SPARE-DN 150 Mine Dewatering Pump - Cast Iron,CMM-PUMP-BEDFE4-001,Pumps,Mine Dewatering Pump,SET,Singareni Collieries,Active,10997,2024-02-01,Kirloskar,KIR-MDP-DN150-38
aef51492-51be-53da-8caa-ce3d41cb4494,Coal India,CIL-400225,STORES ITEM MINE DEWATERING PUMP DN 150 Cast Iron,CMM-PUMP-74B50B-001,Pumps,Mine Dewatering Pump,SET,Singareni Collieries,Active,7044,2025-09-11,Kirloskar,KIR-MDP-DN150-21
c4c6c98e-a697-5d00-b773-a8cdf4b34cb9,Coal India,CIL-400226,"COAL CUTTER PICK, Tungsten Carbide, SIZE M20",CMM-FASTNR-D2DC1A-001,Fasteners,Coal Cutter Pick,NOS,Jharia Coalfields,Active,7680,2025-03-05,GKW,GKW-CCP-M20-96
1b483a21-f030-5747-a34e-61ac55ed0a94,Coal India,CIL-400227,STORES ITEM DN 150 MINE DEWATERING PUMP - Cast Iron,CMM-PUMP-B7CFA3-001,Pumps,Mine Dewatering Pump,SET,Singareni Collieries,Active,3003,2024-07-24,KSB,KSB-MDP-DN150-44
8fcf5554-6be2-50c8-a7f0-c2dc09877d75,Coal India,CIL-400228,IND.COAL CUTTER PICK M20 Tungsten Carbide,CMM-FASTNR-8AAAB9-001,Fasteners,Coal Cutter Pick,NOS,Talcher Coalfields,Active,9918,2024-12-01,Precision Fasteners,PREFAS-CCP-M20-45
d22069bc-b93b-5ffe-8156-65c60290813b,Coal India,CIL-400229,SPARE-COAL CUTTER PICK M20 Tungsten Carbide,CMM-FASTNR-2F69BE-001,Fasteners,Coal Cutter Pick,NOS,Talcher Coalfields,Active,5705,2025-09-27,GKW,GKW-CCP-M20-22
3fa2c839-b642-500b-811f-675839f16993,Coal India,CIL-400230,SPARE-MINE DEWATERING PUMP DN 150 Cast Iron,CMM-PUMP-CDE241-001,Pumps,Mine Dewatering Pump,SET,Talcher Coalfields,Active,8779,2024-03-31,Kirloskar,KIR-MDP-DN150-25
98cbf1e2-51ca-505d-9629-e97c0ec7749f,Coal India,CIL-400231,Mine Dewatering Pump Cast Iron DN 150,CMM-PUMP-E593A0-001,Pumps,Mine Dewatering Pump,SET,Korba Coalfields,Slow-Moving,4429,2025-07-26,WPIL,WPI-MDP-DN150-21
445311a0-a1ae-5248-971b-935f20eca902,Coal India,CIL-400232,SPARE-DN 150 Mine Dewatering Pump - Cast Iron,CMM-PUMP-0645FB-001,Pumps,Mine Dewatering Pump,SET,Korba Coalfields,Active,11800,2024-02-15,WPIL,WPI-MDP-DN150-79
b55b0b63-f371-5091-8043-9e9fb97dc1d9,Coal India,CIL-400233,SPARE-Coal Cutter Pick M20 Tungsten Carbide,CMM-FASTNR-7DFD49-001,Fasteners,Coal Cutter Pick,NOS,Jharia Coalfields,Active,13677,2024-07-05,Sundram Fasteners,SUNFAS-CCP-M20-03
c3388255-490e-5141-adb0-27142f0312b2,Coal India,CIL-400234,"IND.MINE DEWATERING PUMP, Cast Iron, SIZE DN 150",CMM-PUMP-C56722-001,Pumps,Mine Dewatering Pump,SET,Jharia Coalfields,Active,8113,2025-06-27,KSB,KSB-MDP-DN150-43
a5af56b2-356f-54a1-a062-0f586d749c3a,Coal India,CIL-400235,SPARE-DN 150 MINE DEWATERING PUMP - Cast Iron,CMM-PUMP-F243B1-001,Pumps,Mine Dewatering Pump,SET,Jharia Coalfields,Slow-Moving,3634,2025-05-06,WPIL,WPI-MDP-DN150-65
594b36f2-e1f8-5d25-ae06-33ad2e992272,Coal India,CIL-400236,SPARE-Coal Cutter Pick Tungsten Carbide M20,CMM-FASTNR-3A7DA8-001,Fasteners,Coal Cutter Pick,NOS,Jharia Coalfields,Active,2613,2025-03-14,Precision Fasteners,PREFAS-CCP-M20-36
69a868b4-2820-5a50-9c32-26d3d1521920,Coal India,CIL-400237,DN 150 Mine Dewatering Pump - Cast Iron,CMM-PUMP-414F8C-001,Pumps,Mine Dewatering Pump,SET,Singareni Collieries,Obsolete,11889,2025-10-26,KSB,KSB-MDP-DN150-95
1c806a65-4d24-582c-ae1c-b5130a888709,Coal India,CIL-400238,SPARE-MINE DEWATERING PUMP DN 150 Cast Iron,CMM-PUMP-AAD6FC-001,Pumps,Mine Dewatering Pump,SET,Talcher Coalfields,Active,14692,2025-07-30,Mather+Platt,MAT-MDP-DN150-58
6095de31-68a9-5be8-bbf8-964d9cf7493d,Coal India,CIL-400239,M20 Coal Cutter Pick - Tungsten Carbide,CMM-FASTNR-70A5EF-001,Fasteners,Coal Cutter Pick,NOS,Singareni Collieries,Active,7846,2024-10-05,Unbrako,UNB-CCP-M20-80
8c293de2-aedc-58af-a990-6e627ee22aa3,Coal India,CIL-400240,Mine Dewatering Pump Cast Iron DN 150,CMM-PUMP-64CC94-001,Pumps,Mine Dewatering Pump,SET,Singareni Collieries,Active,10019,2025-02-01,KSB,KSB-MDP-DN150-48
f7179b8e-927b-51ce-91a6-a10f46952284,Coal India,CIL-400241,IND.MINE DEWATERING PUMP DN 150 Cast Iron,CMM-PUMP-853E3B-001,Pumps,Mine Dewatering Pump,SET,Talcher Coalfields,Active,14987,2024-09-13,Mather+Platt,MAT-MDP-DN150-52
b76ed1d5-e90d-5511-8dcf-b96b0a41129a,Coal India,CIL-400242,DN 150 Mine Dewatering Pump - Cast Iron,CMM-PUMP-01669B-001,Pumps,Mine Dewatering Pump,SET,Singareni Collieries,Slow-Moving,7239,2024-08-10,Kirloskar,KIR-MDP-DN150-70
ff9cf280-d8cb-5f81-9f83-09a538168216,Coal India,CIL-400243,SPARE-MINE DEWATERING PUMP Cast Iron DN 150,CMM-PUMP-1359D8-001,Pumps,Mine Dewatering Pump,SET,Talcher Coalfields,Active,11086,2024-12-25,Kirloskar,KIR-MDP-DN150-62
3a4fd453-af75-55e9-86bf-8e162f6a7761,Coal India,CIL-400244,STORES ITEM M20 Coal Cutter Pick - Tungsten Carbide,CMM-FASTNR-134BE7-001,Fasteners,Coal Cutter Pick,NOS,Jharia Coalfields,Active,9772,2024-04-15,Sundram Fasteners,SUNFAS-CCP-M20-01
362dd0e8-9ed2-5a2a-9e01-34ebf4f64fc9,Coal India,CIL-400245,"SPARE-Mine Dewatering Pump, Cast Iron, SIZE DN 150",CMM-PUMP-E367B3-001,Pumps,Mine Dewatering Pump,SET,Korba Coalfields,Obsolete,14861,2025-04-22,Kirloskar,KIR-MDP-DN150-78
1157a9a5-d2c3-5d86-9783-5374cbbbb671,Coal India,CIL-400246,Mine Dewatering Pump Cast Iron DN 150,CMM-PUMP-1EB531-001,Pumps,Mine Dewatering Pump,SET,Singareni Collieries,Active,2184,2024-12-20,Mather+Platt,MAT-MDP-DN150-72
7362a89d-5834-5f8b-947e-5e437e2944a2,Coal India,CIL-400247,"STORES ITEM COAL CUTTER PICK, Tungsten Carbide, SIZE M20",CMM-FASTNR-EB9980-001,Fasteners,Coal Cutter Pick,NOS,Korba Coalfields,Active,223,2024-02-13,Unbrako,UNB-CCP-M20-56
2c555899-1a82-5cfa-ad34-06c24d0877eb,Coal India,CIL-400248,IND.MINE DEWATERING PUMP DN 150 Cast Iron,CMM-PUMP-4DFD46-001,Pumps,Mine Dewatering Pump,SET,Talcher Coalfields,Active,9263,2025-11-06,WPIL,WPI-MDP-DN150-41
78850d8a-7ba8-51cc-8262-e3084a7721fd,Coal India,CIL-400249,SPARE-COAL CUTTER PICK Tungsten Carbide M20,CMM-FASTNR-964AC9-001,Fasteners,Coal Cutter Pick,NOS,Talcher Coalfields,Slow-Moving,8836,2024-06-13,GKW,GKW-CCP-M20-45
5fb0f15b-fbe4-5827-9b58-d484775e0410,Coal India,CIL-400250,"Mine Dewatering Pump, Cast Iron, SIZE DN 150",CMM-PUMP-E8E8DD-001,Pumps,Mine Dewatering Pump,SET,Jharia Coalfields,Active,13728,2024-12-20,Kirloskar,KIR-MDP-DN150-27
b5a722e9-66a3-5a23-922a-b6d4ee2ecba7,Coal India,CIL-400251,Mine Dewatering Pump Cast Iron DN 150,CMM-PUMP-AEA48C-001,Pumps,Mine Dewatering Pump,SET,Talcher Coalfields,Active,7557,2024-08-30,Mather+Platt,MAT-MDP-DN150-65
939171a0-d9a2-5707-aebe-18540c3dc03f,Coal India,CIL-400252,STORES ITEM M20 Coal Cutter Pick - Tungsten Carbide,CMM-FASTNR-69B63E-001,Fasteners,Coal Cutter Pick,NOS,Talcher Coalfields,Slow-Moving,8011,2025-10-12,Precision Fasteners,PREFAS-CCP-M20-24
3789c268-a9f3-5700-b9e6-4e5ff16465f2,Coal India,CIL-400253,STORES ITEM Coal Cutter Pick Tungsten Carbide M20,CMM-FASTNR-4D72B7-001,Fasteners,Coal Cutter Pick,NOS,Talcher Coalfields,Active,13356,2024-05-04,Unbrako,UNB-CCP-M20-69
44722415-8a01-51cb-a258-f7f2b94714c6,Coal India,CIL-400254,STORES ITEM MINE DEWATERING PUMP DN 150 Cast Iron,CMM-PUMP-8B6C40-001,Pumps,Mine Dewatering Pump,SET,Jharia Coalfields,Active,3750,2025-02-09,Kirloskar,KIR-MDP-DN150-83
ee984e34-0d13-52f9-b997-93b524866efb,Coal India,CIL-400255,"IND.MINE DEWATERING PUMP, Cast Iron, SIZE DN 150",CMM-PUMP-A2476D-001,Pumps,Mine Dewatering Pump,SET,Jharia Coalfields,Active,1834,2025-05-06,Mather+Platt,MAT-MDP-DN150-90
ad2c031d-74f4-5741-b14c-0d65f45f3c36,Coal India,CIL-400256,MINE DEWATERING PUMP Cast Iron DN 150,CMM-PUMP-4EB8E3-001,Pumps,Mine Dewatering Pump,SET,Korba Coalfields,Active,12294,2025-08-20,KSB,KSB-MDP-DN150-33
1ce9b4a3-719e-5586-b749-b033c5b664ea,Coal India,CIL-400257,MINE DEWATERING PUMP Cast Iron DN 150,CMM-PUMP-D12801-001,Pumps,Mine Dewatering Pump,SET,Jharia Coalfields,Obsolete,904,2024-06-24,Kirloskar,KIR-MDP-DN150-90
ecc1bffb-a0d7-56c9-97ef-6f17aa7768be,Coal India,CIL-400258,IND.COAL CUTTER PICK M20 Tungsten Carbide,CMM-FASTNR-685EAD-001,Fasteners,Coal Cutter Pick,NOS,Singareni Collieries,Active,14571,2025-02-10,Sundram Fasteners,SUNFAS-CCP-M20-50
4e88d8c4-54ee-58db-9a37-68408f398cd7,Coal India,CIL-400259,IND.M20 COAL CUTTER PICK - Tungsten Carbide,CMM-FASTNR-0B935E-001,Fasteners,Coal Cutter Pick,NOS,Talcher Coalfields,Active,11286,2025-03-21,GKW,GKW-CCP-M20-12
ca6b431c-2693-5b77-ae15-a7aee8f37fc9,Coal India,CIL-400260,IND.COAL CUTTER PICK Tungsten Carbide M20,CMM-FASTNR-C372D3-001,Fasteners,Coal Cutter Pick,NOS,Jharia Coalfields,Active,4026,2024-02-22,GKW,GKW-CCP-M20-66
dcd3fa37-a5c3-58f6-8824-d22d8412d86d,Coal India,CIL-400261,MINE DEWATERING PUMP Cast Iron DN 150,CMM-PUMP-FC9A80-001,Pumps,Mine Dewatering Pump,SET,Korba Coalfields,Active,3237,2025-03-04,Kirloskar,KIR-MDP-DN150-05
10797201-ff22-547a-b366-ee1ccfe463e4,Coal India,CIL-400262,STORES ITEM COAL CUTTER PICK Tungsten Carbide M20,CMM-FASTNR-805C80-001,Fasteners,Coal Cutter Pick,NOS,Singareni Collieries,Slow-Moving,9974,2025-11-19,Precision Fasteners,PREFAS-CCP-M20-55
6750e0fb-703b-5e51-9170-4219ea5e80ea,Coal India,CIL-400263,STORES ITEM M20 Coal Cutter Pick - Tungsten Carbide,CMM-FASTNR-F58160-001,Fasteners,Coal Cutter Pick,NOS,Talcher Coalfields,Active,11433,2025-10-04,GKW,GKW-CCP-M20-73
00cb4c9c-b463-5778-8356-75539fb6e1e8,Coal India,CIL-400264,STORES ITEM Mine Dewatering Pump DN 150 Cast Iron,CMM-PUMP-5F6083-001,Pumps,Mine Dewatering Pump,SET,Talcher Coalfields,Slow-Moving,12434,2025-01-21,KSB,KSB-MDP-DN150-77
a8422a20-d223-5b98-b40f-1cfb1347593a,Coal India,CIL-400265,M20 COAL CUTTER PICK - Tungsten Carbide,CMM-FASTNR-D24A54-001,Fasteners,Coal Cutter Pick,NOS,Jharia Coalfields,Active,2414,2025-04-22,Unbrako,UNB-CCP-M20-49
e52fbb9b-41a7-5962-aee8-386340a82dea,Coal India,CIL-400266,SPARE-M20 Coal Cutter Pick - Tungsten Carbide,CMM-FASTNR-A72A9B-001,Fasteners,Coal Cutter Pick,NOS,Singareni Collieries,Active,6585,2024-01-19,Sundram Fasteners,SUNFAS-CCP-M20-18
a12568ec-49f6-569f-b98d-0800b11d67f2,Coal India,CIL-400267,"IND.MINE DEWATERING PUMP, Cast Iron, SIZE DN 150",CMM-PUMP-A17412-001,Pumps,Mine Dewatering Pump,SET,Singareni Collieries,Active,12581,2024-09-06,Mather+Platt,MAT-MDP-DN150-43
13a6ddb4-544e-5320-bfff-cad3e444cc95,Coal India,CIL-400268,"STORES ITEM Mine Dewatering Pump, Cast Iron, SIZE DN 150",CMM-PUMP-C1F38D-001,Pumps,Mine Dewatering Pump,SET,Jharia Coalfields,Active,11407,2025-06-28,Kirloskar,KIR-MDP-DN150-16
8feadf38-26d4-5a23-842a-38e0dd1680ab,Coal India,CIL-400269,Coal Cutter Pick M20 Tungsten Carbide,CMM-FASTNR-B5D9B4-001,Fasteners,Coal Cutter Pick,NOS,Talcher Coalfields,Slow-Moving,11645,2024-07-27,Sundram Fasteners,SUNFAS-CCP-M20-20
63656e16-5e29-5530-9347-d8c55d36b6a2,Coal India,CIL-400270,"SPARE-COAL CUTTER PICK, Tungsten Carbide, SIZE M20",CMM-FASTNR-1793A5-001,Fasteners,Coal Cutter Pick,NOS,Singareni Collieries,Active,14134,2025-10-30,Precision Fasteners,PREFAS-CCP-M20-08
c5e1c8a6-4945-5fdf-80e8-4a441779779c,Coal India,CIL-400271,IND.Coal Cutter Pick Tungsten Carbide M20,CMM-FASTNR-707EC9-001,Fasteners,Coal Cutter Pick,NOS,Korba Coalfields,Obsolete,8304,2024-03-19,Unbrako,UNB-CCP-M20-16
cb132568-7ba9-5abd-a1c3-44ad2b7dab49,Coal India,CIL-400272,Mine Dewatering Pump Cast Iron DN 150,CMM-PUMP-601ADC-001,Pumps,Mine Dewatering Pump,SET,Korba Coalfields,Active,7543,2024-12-06,Mather+Platt,MAT-MDP-DN150-63
dedcc8a1-e770-5067-8bcb-8aab16f18673,Coal India,CIL-400273,"STORES ITEM Mine Dewatering Pump, Cast Iron, SIZE DN 150",CMM-PUMP-8C5B3F-001,Pumps,Mine Dewatering Pump,SET,Jharia Coalfields,Obsolete,8613,2025-01-20,Kirloskar,KIR-MDP-DN150-83
3ef07cbe-4616-5a81-94f4-4a9fb39881bd,Coal India,CIL-400274,STORES ITEM Mine Dewatering Pump Cast Iron DN 150,CMM-PUMP-C152DF-001,Pumps,Mine Dewatering Pump,SET,Singareni Collieries,Active,11371,2025-03-06,Kirloskar,KIR-MDP-DN150-72
2236708f-263b-57b5-8219-5bc9000fe406,Coal India,CIL-400275,"SPARE-MINE DEWATERING PUMP, Cast Iron, SIZE DN 150",CMM-PUMP-C0B737-001,Pumps,Mine Dewatering Pump,SET,Singareni Collieries,Active,246,2024-04-24,WPIL,WPI-MDP-DN150-56
02a7af5d-9b99-5942-83cd-b6c8d8261f34,HPCL,HPCL-120001,IND.Centrifugal Pump SS316 DN 100,CMM-PUMP-EFB17A-001,Pumps,Centrifugal Pump,SET,Bhatinda Refinery,Active,10535,2025-12-05,Kirloskar,KIR-CP-DN100-10
52104125-1c0d-5b49-b7ae-a4d900444e20,HPCL,HPCL-120002,6 in PIPE SMLS - SS316L,CMM-PIPEF-4E2A15-001,Pipes & Fittings,Seamless Pipe,MTR,Bhatinda Refinery,Active,5394,2025-02-16,ISMT,ISM-SP-6in-41
3ab01cfb-e94a-5f9a-85bd-b7ad0036e066,HPCL,HPCL-120003,"STORES ITEM REDUCER, ASTM A106 Gr B, SIZE DN 150",CMM-PIPEF-A8BD86-001,Pipes & Fittings,Reducer,MTR,Bhatinda Refinery,Slow-Moving,6341,2025-05-21,ISMT,ISM-R-DN150-99
71abc503-81d4-5fc3-8973-856c8ffa4dbc,HPCL,HPCL-120004,SPARE-REDUCER ASTM A106 Gr B DN 100,CMM-PIPEF-C9F1AA-001,Pipes & Fittings,Reducer,MTR,Mumbai Refinery,Active,3438,2025-03-06,Tata Steel,TATSTE-R-DN100-09
f3b79872-faa6-5ff2-8855-71d2275de5fd,HPCL,HPCL-120005,STORES ITEM HEX NUT SS304 M16 x 65,CMM-FASTNR-79F7B5-001,Fasteners,Hex Nut,NOS,Visakh Refinery,Active,3070,2024-02-22,GKW,GKW-HN-M16x65-14
c3089ad2-c6f7-517c-87d1-7c5e7cc82136,HPCL,HPCL-120006,HEX NUT M12 x 50 Grade 8.8,CMM-FASTNR-412B68-001,Fasteners,Hex Nut,KG,Mumbai Refinery,Active,11097,2025-08-12,Sundram Fasteners,SUNFAS-HN-M12x50-56
3f88386e-378d-5511-8c88-a4bbd36ce695,HPCL,HPCL-120007,"BOLT HEX, Grade B7, SIZE M16 x 65",CMM-FASTNR-3AF121-001,Fasteners,Hex Bolt,NOS,Visakh Refinery,Active,1343,2025-09-16,Unbrako,UNB-HB-M16x65-19
9f9ba2e1-5593-5106-b430-18a5e8344bb9,HPCL,HPCL-120008,"IND.Flow Meter, Brass, SIZE 4-20 mA",CMM-INSTRU-746A35-001,Instrumentation,Flow Meter,NOS,Visakh Refinery,Slow-Moving,14409,2025-01-09,Emerson,EME-FM-4-20mA-42
82688e03-f5cb-5a8d-84bc-800c3b564b1c,HPCL,HPCL-120009,Circuit Breaker 4C x 25 sq mm Aluminium,CMM-ELECTR-19262A-001,Electrical,Circuit Breaker,MTR,Mumbai Refinery,Active,5919,2024-08-31,Siemens,SIE-CB-4Cx25sqmm-17
0770583b-d2fc-5b29-8745-f101c0691e48,HPCL,HPCL-120010,"SPARE-Flange, IS 2062, SIZE DN 150",CMM-PIPEF-BBD3DF-001,Pipes & Fittings,Flange,MTR,Mumbai Refinery,Active,9658,2025-07-29,Maharashtra Seamless,MAHSEA-F-DN150-12
6f5c2102-4aba-5b75-9b8a-ec326c403d51,HPCL,HPCL-120011,SPARE-2 in REDUCER - Carbon Steel,CMM-PIPEF-E0FB6D-001,Pipes & Fittings,Reducer,MTR,Visakh Refinery,Slow-Moving,9349,2025-09-02,Jindal Pipes,JINPIP-R-2in-44
e35b9135-25b4-55e3-8826-d1db230852ef,HPCL,HPCL-120012,STORES ITEM Submersible Pump DN 100 SS316,CMM-PUMP-0F45F6-001,Pumps,Submersible Pump,SET,Bhatinda Refinery,Active,9698,2025-02-14,WPIL,WPI-SP-DN100-59
17526698-fced-5be3-8b84-d8bbcd0eab7d,HPCL,HPCL-120013,"SUBMERSIBLE PUMP, Carbon Steel, SIZE DN 80",CMM-PUMP-F3916E-001,Pumps,Submersible Pump,SET,Bhatinda Refinery,Slow-Moving,5132,2025-11-02,Mather+Platt,MAT-SP-DN80-78
cf3cf979-9828-52ef-94c3-ce0a0e8c9d61,HPCL,HPCL-120014,IND.Temperature Transmitter 0-100 bar Polycarbonate,CMM-INSTRU-3688F6-001,Instrumentation,Temperature Transmitter,NOS,Visakh Refinery,Active,12962,2024-04-13,ABB,ABB-TT-0-100bar-25
3beaaab0-129f-5fc3-8a9d-e9619fce7df3,HPCL,HPCL-120015,STORES ITEM 2 in x 1.5 in Vertical Turbine Pump - Duplex Steel,CMM-PUMP-2F3FCE-001,Pumps,Vertical Turbine Pump,SET,Mumbai Refinery,Obsolete,6847,2024-02-24,Kirloskar,KIR-VTP-2inx1.5in-56
4591480a-5614-5d30-a9f1-1b41a511266f,HPCL,HPCL-120016,4 in GV - SS316,CMM-VALVE-11F993-001,Valves,Gate Valve,NOS,Visakh Refinery,Active,10815,2025-10-05,Leader Valves,LEAVAL-GV-4in-33
ace4ff38-b988-5e73-bb2d-835d63321aef,HPCL,HPCL-120017,SPARE-DN 100 PIPE SMLS - SS316L,CMM-PIPEF-304077-001,Pipes & Fittings,Seamless Pipe,MTR,Visakh Refinery,Active,11808,2025-03-12,Jindal Pipes,JINPIP-SP-DN100-14
4f0dab0a-7f3a-565c-a8aa-6f098a08441c,HPCL,HPCL-120018,SPARE-MECHANICAL SEAL 100 mm PTFE,CMM-SEALG-9F5E86-001,Seals,Mechanical Seal,NOS,Bhatinda Refinery,Active,4807,2024-11-03,Chesterton,CHE-MS-100mm-57
6a406100-5eda-51ec-9986-9e9bf38e0523,HPCL,HPCL-120019,LEVEL TRANSMITTER 4-20 mA SS316,CMM-INSTRU-1E073D-001,Instrumentation,Level Transmitter,NOS,Bhatinda Refinery,Active,2812,2025-08-29,ABB,ABB-LT-4-20mA-36
b5a5275a-26bc-5a7f-85c9-f853fa8edb97,HPCL,HPCL-120020,SPARE-6208 THRUST BEARING - Stainless Steel,CMM-BEARNG-A2CB3C-001,Bearings,Thrust Bearing,NOS,Mumbai Refinery,Slow-Moving,3311,2025-09-08,NBC Bearings,NBCBEA-TB-6208-13
4fda0883-aa93-5593-a518-07702c1f0b12,HPCL,HPCL-120021,"IND.SOCKET HEAD SCREW, Carbon Steel, SIZE M16 x 65",CMM-FASTNR-A2AB0B-001,Fasteners,Socket Head Screw,NOS,Visakh Refinery,Slow-Moving,4492,2025-07-29,Precision Fasteners,PREFAS-SHS-M16x65-84
3e4e26a9-0a8d-5f49-a334-f0e5efd0bdde,HPCL,HPCL-120022,"FLANGE, Alloy Steel, SIZE DN 150",CMM-PIPEF-AAC4DA-001,Pipes & Fittings,Flange,MTR,Mumbai Refinery,Active,14077,2025-10-16,Tata Steel,TATSTE-F-DN150-95
e2117384-c4b5-5d2b-9cf9-23085a002bee,HPCL,HPCL-120023,SPARE-GLOBE VALVE 4 in LCB,CMM-VALVE-9903B8-001,Valves,Globe Valve,NOS,Visakh Refinery,Active,13426,2024-01-04,Audco,AUD-GV-4in-73
bc22cc8b-8d45-59dd-9960-698640926612,HPCL,HPCL-120024,STORES ITEM Mechanical Seal 65 mm Graphite,CMM-SEALG-260F99-001,Seals,Mechanical Seal,NOS,Visakh Refinery,Active,1152,2024-04-13,Sealol,SEA-MS-65mm-25
ab3c578d-29da-52e6-9597-22cc7fca1448,HPCL,HPCL-120025,ANCHOR BOLT Carbon Steel M20 x 80,CMM-FASTNR-B4A1EA-001,Fasteners,Anchor Bolt,KG,Mumbai Refinery,Slow-Moving,1564,2025-07-02,Precision Fasteners,PREFAS-AB-M20x80-33
5abf2630-cdf1-5272-b321-78ed875ba92a,HPCL,HPCL-120026,IND.Distribution Transformer Aluminium 1C x 300 sq mm,CMM-ELECTR-941023-001,Electrical,Distribution Transformer,MTR,Mumbai Refinery,Active,10172,2025-10-15,Crompton Greaves,CROGRE-DT-1Cx300sqmm-09
b0102f73-1ccc-50b0-bef9-54e1cda65b73,HPCL,HPCL-120027,STORES ITEM Oil Seal 2 in Viton,CMM-SEALG-29423B-001,Seals,Oil Seal,KG,Visakh Refinery,Active,9289,2024-09-03,Chesterton,CHE-OS-2in-03
8ebd7618-70f5-5c85-b607-11c5bcb56a79,HPCL,HPCL-120028,SPARE-6408 NEEDLE BEARING - Chrome Steel,CMM-BEARNG-89DC5A-001,Bearings,Needle Bearing,NOS,Mumbai Refinery,Active,135,2024-11-11,Timken,TIM-NB-6408-49
f8fa46ff-4cbc-5842-838b-d381990f78be,HPCL,HPCL-120029,SPARE-Spiral Wound Gasket PTFE 2 in,CMM-SEALG-C65128-001,Seals,Spiral Wound Gasket,NOS,Bhatinda Refinery,Active,12925,2025-02-06,Flowserve,FLO-SWG-2in-82
125f20d3-81ee-5e35-8a9c-4e4bfd7731f9,HPCL,HPCL-120030,SPARE-PRESSURE GAUGE Polycarbonate 0-500 Deg C,CMM-INSTRU-58342A-001,Instrumentation,Pressure Gauge,NOS,Bhatinda Refinery,Active,11183,2025-08-25,Emerson,EME-PG-0-500DegC-74
db19a964-e7e7-5144-b5b8-7b89d9b00ef9,HPCL,HPCL-120031,"ROLLER BRG, Chrome Steel, SIZE 22208",CMM-BEARNG-39C22B-001,Bearings,Roller Bearing,NOS,Mumbai Refinery,Active,7087,2025-02-02,FAG,FAG-RB-22208-82
e063224b-0d98-5374-a099-61dadf5bc14d,HPCL,HPCL-120032,IND.Submersible Pump SS316 DN 100,CMM-PUMP-257C0D-001,Pumps,Submersible Pump,SET,Visakh Refinery,Obsolete,8331,2025-10-30,WPIL,WPI-SP-DN100-02
3e0269e0-b937-5c5e-850e-bd06ead3203c,HPCL,HPCL-120033,OIL SEAL 50 mm Viton,CMM-SEALG-F69B1C-001,Seals,Oil Seal,NOS,Mumbai Refinery,Obsolete,2638,2025-03-27,Flowserve,FLO-OS-50mm-06
af6f5387-777d-5d67-ad8d-4861658a21ae,HPCL,HPCL-120034,IND.Thrust Bearing AISI 52100 6304,CMM-BEARNG-67CA99-001,Bearings,Thrust Bearing,NOS,Mumbai Refinery,Active,7298,2024-08-10,SKF,SKF-TB-6304-57
e76ed5d6-b9bc-5d99-adf5-8a70af04ce20,HPCL,HPCL-120035,IND.6 in ELBOW 90 DEG - ASTM A106 Gr B,CMM-PIPEF-F76C77-001,Pipes & Fittings,Elbow 90 Deg,MTR,Visakh Refinery,Slow-Moving,14701,2025-08-10,ISMT,ISM-E9D-6in-73
7a6993a1-af96-53bf-a78e-4d7f15daa569,HPCL,HPCL-120036,"Spiral Wound Gasket, NBR, SIZE 50 mm",CMM-SEALG-66D3AC-001,Seals,Spiral Wound Gasket,KG,Visakh Refinery,Active,13192,2025-07-10,Flowserve,FLO-SWG-50mm-18
b201c45d-dfd1-548d-8370-e5927d2e132d,HPCL,HPCL-120037,"SPARE-SWITCHGEAR PANEL, XLPE Insulated, SIZE 1C x 300 sq mm",CMM-ELECTR-0CDB57-001,Electrical,Switchgear Panel,MTR,Mumbai Refinery,Slow-Moving,9257,2025-12-11,BHEL,BHE-SP-1Cx300sqmm-94
86b7c045-cb5a-5f69-9e92-4997a35fbd5a,HPCL,HPCL-120038,"STORES ITEM Induction Motor, Copper, SIZE 415V 100A",CMM-ELECTR-E728FA-001,Electrical,Induction Motor,MTR,Bhatinda Refinery,Obsolete,2788,2024-08-04,Crompton Greaves,CROGRE-IM-415V100A-74
f6628e2b-db20-5062-9571-a2a32b5c15be,HPCL,HPCL-120039,STORES ITEM 6408 Ball Bearing - Chrome Steel,CMM-BEARNG-87EFE4-001,Bearings,Ball Bearing,NOS,Bhatinda Refinery,Active,857,2025-05-01,NBC Bearings,NBCBEA-BB-6408-89
3ed71f84-d409-5cf6-9f2e-bd064a712ede,HPCL,HPCL-120040,SPARE-1/2 in NPT RTD SENSOR - SS316,CMM-INSTRU-E82054-001,Instrumentation,RTD Sensor,NOS,Mumbai Refinery,Slow-Moving,13823,2025-11-04,ABB,ABB-RS-1-2inNPT-44
9908a410-f560-55b3-8ccf-bf40da02ebf2,HPCL,HPCL-120041,Distribution Transformer 1C x 300 sq mm XLPE Insulated,CMM-ELECTR-8C5683-001,Electrical,Distribution Transformer,MTR,Visakh Refinery,Active,4126,2024-08-19,Siemens,SIE-DT-1Cx300sqmm-02
f1a83b26-bde1-5a80-b1be-880adad54396,HPCL,HPCL-120042,DISTRIBUTION TRANSFORMER 415V 100A Copper,CMM-ELECTR-2DB37C-001,Electrical,Distribution Transformer,MTR,Visakh Refinery,Active,5198,2024-01-13,Havells,HAV-DT-415V100A-15
e8239182-42fd-508f-b41c-e70e1d268dd1,HPCL,HPCL-120043,SPARE-6408 NEEDLE BEARING - Chrome Steel,CMM-BEARNG-FF170C-001,Bearings,Needle Bearing,NOS,Bhatinda Refinery,Slow-Moving,13428,2024-08-16,NBC Bearings,NBCBEA-NB-6408-39
a87d465e-9d68-5c15-b420-e244f9b9e33d,HPCL,HPCL-120044,IND.O-Ring Graphite 100 mm,CMM-SEALG-C8045E-001,Seals,O-Ring,NOS,Bhatinda Refinery,Active,11794,2025-02-23,Chesterton,CHE-O-100mm-48
1852ee85-08ba-551f-bcdf-656de9480b2a,HPCL,HPCL-120045,Flange DN 50 Alloy Steel,CMM-PIPEF-7A5764-001,Pipes & Fittings,Flange,MTR,Mumbai Refinery,Active,7465,2024-04-14,Jindal Pipes,JINPIP-F-DN50-89
b85672fb-50da-5a94-9c3e-8b559b021d0b,HPCL,HPCL-120046,Centrifugal Pump 3 in x 2 in Duplex Steel,CMM-PUMP-82AEB3-001,Pumps,Centrifugal Pump,SET,Mumbai Refinery,Slow-Moving,9644,2024-02-16,WPIL,WPI-CP-3inx2in-50
766ede02-39e0-5583-9cd4-2d3be177399a,HPCL,HPCL-120047,IND.Thrust Bearing Chrome Steel 6408,CMM-BEARNG-FF170C-001,Bearings,Thrust Bearing,NOS,Mumbai Refinery,Slow-Moving,13967,2025-07-12,NBC Bearings,NBCBEA-TB-6408-61
625479ba-db21-5e5f-b467-21d822696f0e,HPCL,HPCL-120048,SPARE-OIL SEAL 2 in Viton,CMM-SEALG-18752C-001,Seals,Oil Seal,KG,Mumbai Refinery,Active,10725,2025-08-22,Flowserve,FLO-OS-2in-89
2f7d5999-5808-5f52-b27d-0358a0478172,HPCL,HPCL-120049,DN 80 Welded Pipe - IS 2062,CMM-PIPEF-886747-001,Pipes & Fittings,Welded Pipe,MTR,Mumbai Refinery,Active,1967,2025-06-09,ISMT,ISM-WP-DN80-53
c5405aa3-d7be-5977-abfa-875fa9c24744,HPCL,HPCL-120050,IND.Reducer SS316L 6 in,CMM-PIPEF-3C5B7C-001,Pipes & Fittings,Reducer,MTR,Mumbai Refinery,Slow-Moving,3897,2024-09-04,Tata Steel,TATSTE-R-6in-74
68e7418b-612b-5c86-8513-c2584055dfc0,HPCL,HPCL-120051,SPARE-DN 100 FLANGE - Alloy Steel,CMM-PIPEF-49C4F4-001,Pipes & Fittings,Flange,MTR,Visakh Refinery,Active,4356,2024-08-30,Tata Steel,TATSTE-F-DN100-75
8f8e70b0-ff5f-5ab9-92de-ae1fb927de4e,HPCL,HPCL-120052,4C x 25 sq mm INDUCTION MOTOR - Aluminium,CMM-ELECTR-C2208E-001,Electrical,Induction Motor,MTR,Visakh Refinery,Slow-Moving,9971,2024-07-22,BHEL,BHE-IM-4Cx25sqmm-45
0ce5f82f-d7f2-5024-a62d-07839d1a776e,HPCL,HPCL-120053,IND.1/2 in NPT RTD SENSOR - Polycarbonate,CMM-INSTRU-014C39-001,Instrumentation,RTD Sensor,NOS,Mumbai Refinery,Active,10295,2024-09-02,ABB,ABB-RS-1-2inNPT-21
06c77467-02cf-576c-9ab0-c3f328b0bc5d,HPCL,HPCL-120054,IND.BUTTERFLY VALVE 2 in LCB,CMM-VALVE-68C9CD-001,Valves,Butterfly Valve,NOS,Bhatinda Refinery,Active,5918,2024-05-17,Fouress,FOU-BV-2in-97
55d732b4-01f5-54b0-b64a-106b180805d3,HPCL,HPCL-120055,Distribution Transformer 4C x 25 sq mm Aluminium,CMM-ELECTR-47E8A6-001,Electrical,Distribution Transformer,MTR,Mumbai Refinery,Active,13751,2025-02-01,BHEL,BHE-DT-4Cx25sqmm-14
2d6245a6-908d-5c39-8394-088178e5be61,HPCL,HPCL-120056,50 mm Rubber Gasket - NBR,CMM-SEALG-C5D451-001,Seals,Rubber Gasket,NOS,Bhatinda Refinery,Active,11560,2025-11-12,Sealol,SEA-RG-50mm-23
be6427e2-f365-5975-85c9-5e52d27e1097,HPCL,HPCL-120057,STORES ITEM PRESSURE GAUGE Brass 4-20 mA,CMM-INSTRU-FECC9D-001,Instrumentation,Pressure Gauge,NOS,Mumbai Refinery,Active,12266,2025-10-14,Yokogawa,YOK-PG-4-20mA-94
f574a6f2-45ac-5e3f-86a3-56c86a1f1632,HPCL,HPCL-120058,STORES ITEM REDUCER 2 in Alloy Steel,CMM-PIPEF-EB17F7-001,Pipes & Fittings,Reducer,MTR,Visakh Refinery,Active,3943,2025-01-15,ISMT,ISM-R-2in-91
4a35015e-5fad-5f33-987e-f3e833953919,HPCL,HPCL-120059,Ball Bearing Chrome Steel 22208,CMM-BEARNG-947C4D-001,Bearings,Ball Bearing,NOS,Mumbai Refinery,Active,11595,2025-09-02,SKF,SKF-BB-22208-14
81cc90d7-d02e-5c73-b8e6-9dd86ca79718,HPCL,HPCL-120060,SPARE-100 mm Rubber Gasket - NBR,CMM-SEALG-F519D1-001,Seals,Rubber Gasket,NOS,Visakh Refinery,Active,2137,2025-06-04,Sealol,SEA-RG-100mm-62
4d666fea-f4d9-5ab0-a349-bb340429c2e5,HPCL,HPCL-120061,Needle Bearing Chrome Steel 6408,CMM-BEARNG-FF170C-001,Bearings,Needle Bearing,NOS,Bhatinda Refinery,Active,9816,2025-04-19,SKF,SKF-NB-6408-89
0ec4dec2-1428-5a45-b4b7-90ace7ccf24a,HPCL,HPCL-120062,STORES ITEM Reciprocating Pump Duplex Steel DN 100,CMM-PUMP-8BAE9F-001,Pumps,Reciprocating Pump,SET,Mumbai Refinery,Obsolete,2274,2024-03-27,Mather+Platt,MAT-RP-DN100-10
bcc470d8-edec-5de0-875e-aca7eeda9479,HPCL,HPCL-120063,STORES ITEM M10 x 40 SOCKET HEAD SCREW - Grade B7,CMM-FASTNR-A82C5B-001,Fasteners,Socket Head Screw,NOS,Bhatinda Refinery,Active,14308,2025-03-21,Sundram Fasteners,SUNFAS-SHS-M10x40-30
acd18cb6-7b3f-5df2-bb25-29631fe0c3c6,HPCL,HPCL-120064,"Temperature Transmitter, Brass, SIZE 0-100 bar",CMM-INSTRU-027BD0-001,Instrumentation,Temperature Transmitter,NOS,Bhatinda Refinery,Active,9764,2024-09-01,Yokogawa,YOK-TT-0-100bar-57
66dd69fc-aa7a-5840-ac70-63807d1ac20b,HPCL,HPCL-120065,"Oil Seal, NBR, SIZE 2 in",CMM-SEALG-C69426-001,Seals,Oil Seal,NOS,Mumbai Refinery,Obsolete,654,2024-05-24,Chesterton,CHE-OS-2in-84
f03977ec-4306-5dff-9bbd-a0348d978976,HPCL,HPCL-120066,"IND.Centrifugal Pump, Carbon Steel, SIZE DN 100",CMM-PUMP-ED0D84-001,Pumps,Centrifugal Pump,SET,Visakh Refinery,Active,8620,2025-04-06,WPIL,WPI-CP-DN100-54
268a6bcd-74c6-5f14-8331-65f95d1e23d9,HPCL,HPCL-120067,OIL SEAL 2 in Viton,CMM-SEALG-B639C0-001,Seals,Oil Seal,NOS,Bhatinda Refinery,Obsolete,7648,2024-05-21,Chesterton,CHE-OS-2in-40
cabeb37c-412a-5e23-ac1d-0110a700da1b,HPCL,HPCL-120068,"GLOBE VALVE, SS316, SIZE 4 in",CMM-VALVE-4B0806-001,Valves,Globe Valve,NOS,Mumbai Refinery,Active,14385,2024-07-28,L&T Valves,L&TVAL-GV-4in-14
c4b68aa8-2849-59ac-843b-d0632c9ccae6,HPCL,HPCL-120069,STORES ITEM DN 150 Seamless Pipe - Carbon Steel,CMM-PIPEF-888E21-001,Pipes & Fittings,Seamless Pipe,MTR,Visakh Refinery,Active,951,2025-09-14,Jindal Pipes,JINPIP-SP-DN150-04
c4754f36-9b86-5ad5-8ba1-198c9585239c,HPCL,HPCL-120070,Distribution Transformer XLPE Insulated 3C x 95 sq mm,CMM-ELECTR-45EFBF-001,Electrical,Distribution Transformer,MTR,Mumbai Refinery,Active,4528,2025-02-28,Havells,HAV-DT-3Cx95sqmm-76
3ca5444c-00d9-5b4f-a296-cff8eb009c0d,HPCL,HPCL-120071,Mechanical Seal NBR 2 in,CMM-SEALG-E00177-001,Seals,Mechanical Seal,NOS,Mumbai Refinery,Active,6544,2025-03-24,Flowserve,FLO-MS-2in-61
86913504-096a-5436-9159-da304c667015,HPCL,HPCL-120072,RUBBER GASKET NBR 100 mm,CMM-SEALG-E0C6E5-001,Seals,Rubber Gasket,NOS,Visakh Refinery,Active,5235,2025-01-21,Flowserve,FLO-RG-100mm-73
8d2e7cf7-82ec-5712-8661-b4f2bc251bcb,HPCL,HPCL-120073,"FLOW METER, SS316, SIZE 0-500 Deg C",CMM-INSTRU-21D516-001,Instrumentation,Flow Meter,NOS,Visakh Refinery,Active,828,2024-10-31,Honeywell,HON-FM-0-500DegC-56
869a0007-ebee-5fcc-8e67-4496da3bbe0e,HPCL,HPCL-120074,O-RING Graphite 50 mm,CMM-SEALG-80EA46-001,Seals,O-Ring,NOS,Mumbai Refinery,Active,14888,2024-02-07,Sealol,SEA-O-50mm-40
f849fe8e-b6de-508c-a28e-e7452c16c207,HPCL,HPCL-120075,"SMLS PIPE, SS316L, SIZE DN 80",CMM-PIPEF-42698F-001,Pipes & Fittings,Seamless Pipe,MTR,Bhatinda Refinery,Active,8345,2024-03-08,Maharashtra Seamless,MAHSEA-SP-DN80-53
0b2e6dee-e8ea-50fd-be66-78e2cb144855,HPCL,HPCL-120076,Hex Nut M20 x 80 Carbon Steel,CMM-FASTNR-7426EC-001,Fasteners,Hex Nut,NOS,Mumbai Refinery,Active,8665,2025-03-21,Precision Fasteners,PREFAS-HN-M20x80-12
5f27a547-3ed7-5d91-bbb9-fc650a21f3db,HPCL,HPCL-120077,SPARE-Switchgear Panel Copper 3C x 95 sq mm,CMM-ELECTR-65A8AE-001,Electrical,Switchgear Panel,MTR,Bhatinda Refinery,Active,6516,2025-11-18,ABB,ABB-SP-3Cx95sqmm-91
35890ec6-66fa-50cd-8e0a-5ee5e7051229,HPCL,HPCL-120078,IND.415V 100A Induction Motor - Aluminium,CMM-ELECTR-42D24C-001,Electrical,Induction Motor,MTR,Mumbai Refinery,Active,10914,2025-08-22,BHEL,BHE-IM-415V100A-27
e1c28ce4-6653-5949-bd89-e196370a7d65,HPCL,HPCL-120079,STORES ITEM CENT. PUMP DN 80 Carbon Steel,CMM-PUMP-9080C7-001,Pumps,Centrifugal Pump,SET,Mumbai Refinery,Slow-Moving,9638,2024-09-05,KSB,KSB-CP-DN80-20
cfbe7e69-9f83-51a5-985e-4eb60e90db24,HPCL,HPCL-120080,SPARE-Spiral Wound Gasket Viton 50 mm,CMM-SEALG-AB281C-001,Seals,Spiral Wound Gasket,NOS,Mumbai Refinery,Active,3764,2024-05-03,Flowserve,FLO-SWG-50mm-23
033936a4-c612-5834-8bc3-4dbfd96f71ee,HPCL,HPCL-120081,Circuit Breaker 415V 100A XLPE Insulated,CMM-ELECTR-9FEFD2-001,Electrical,Circuit Breaker,MTR,Visakh Refinery,Obsolete,11737,2025-11-07,ABB,ABB-CB-415V100A-98
b1cc63f6-08ec-5487-abee-528e17f62b91,HPCL,HPCL-120082,STORES ITEM XLPE Cable Copper 3C x 95 sq mm,CMM-ELECTR-266707-001,Electrical,XLPE Cable,MTR,Bhatinda Refinery,Active,9319,2025-04-08,BHEL,BHE-XC-3Cx95sqmm-45
276637e9-0e16-5233-a105-745898256d8c,HPCL,HPCL-120083,SPARE-FLAT WASHER M24 x 100 SS304,CMM-FASTNR-C18604-001,Fasteners,Flat Washer,KG,Bhatinda Refinery,Active,14869,2025-12-21,Unbrako,UNB-FW-M24x100-29
4517daa4-0f33-5920-94ca-411880d119f9,HPCL,HPCL-120084,SPARE-Temperature Transmitter SS316 0-100 bar,CMM-INSTRU-2B591E-001,Instrumentation,Temperature Transmitter,NOS,Mumbai Refinery,Active,10163,2025-02-24,Yokogawa,YOK-TT-0-100bar-87
739d711e-5c6f-5618-98a5-e31ea7f51523,HPCL,HPCL-120085,STORES ITEM Butterfly Valve WCB 4 in,CMM-VALVE-0728B9-001,Valves,Butterfly Valve,NOS,Mumbai Refinery,Active,5475,2025-08-15,KSB,KSB-BV-4in-09
e703bf66-0b82-5fd2-aa4f-b074d34cd9e6,HPCL,HPCL-120086,"SPARE-Temperature Transmitter, SS316, SIZE 0-100 bar",CMM-INSTRU-2B591E-001,Instrumentation,Temperature Transmitter,NOS,Bhatinda Refinery,Active,3984,2025-01-13,ABB,ABB-TT-0-100bar-18
e8f57656-6e70-5982-a956-fce2b157aa5f,HPCL,HPCL-120087,SPARE-CIRCUIT BREAKER XLPE Insulated 3C x 95 sq mm,CMM-ELECTR-609134-001,Electrical,Circuit Breaker,MTR,Visakh Refinery,Active,13003,2025-08-20,ABB,ABB-CB-3Cx95sqmm-92
c65c1390-e872-5cac-a97d-a552029d1564,HPCL,HPCL-120088,IND.BV DN 150 ASTM A351 CF8M,CMM-VALVE-6D7FC6-001,Valves,Ball Valve,NOS,Mumbai Refinery,Active,5952,2024-02-09,Fouress,FOU-BV-DN150-38
5e4c4cd2-0855-5bfc-885a-619bfe3cecac,HPCL,HPCL-120089,IND.Vertical Turbine Pump 3 in x 2 in Carbon Steel,CMM-PUMP-9ED4F4-001,Pumps,Vertical Turbine Pump,SET,Visakh Refinery,Active,2960,2024-02-02,WPIL,WPI-VTP-3inx2in-82
eb6fc7ba-5df2-541c-b832-698c0325627e,HPCL,HPCL-120090,LEVEL TRANSMITTER SS316 4-20 mA,CMM-INSTRU-7A3205-001,Instrumentation,Level Transmitter,NOS,Visakh Refinery,Active,9489,2024-02-10,Emerson,EME-LT-4-20mA-78
bce2e06f-91ad-5845-924f-e627dee1f2d1,HPCL,HPCL-120091,Level Transmitter 4-20 mA Brass,CMM-INSTRU-F3707C-001,Instrumentation,Level Transmitter,NOS,Bhatinda Refinery,Active,5101,2025-03-30,Honeywell,HON-LT-4-20mA-28
061facf5-e3b3-5da4-8b20-0dcfbf8117c0,HPCL,HPCL-120092,IND.Induction Motor 4C x 25 sq mm Aluminium,CMM-ELECTR-1643F5-001,Electrical,Induction Motor,MTR,Bhatinda Refinery,Active,14742,2024-05-07,Havells,HAV-IM-4Cx25sqmm-95
07d6a47d-d2ae-5e21-ad14-756f7d225fc7,HPCL,HPCL-120093,STORES ITEM 6304 THRUST BEARING - AISI 52100,CMM-BEARNG-67CA99-001,Bearings,Thrust Bearing,NOS,Visakh Refinery,Active,9688,2024-03-13,FAG,FAG-TB-6304-51
244dcb64-afdf-5cea-bc18-7d7e3768115a,HPCL,HPCL-120094,Hex Bolt M20 x 80 Grade B7,CMM-FASTNR-0B0423-001,Fasteners,Hex Bolt,NOS,Mumbai Refinery,Active,7813,2024-07-02,Precision Fasteners,PREFAS-HB-M20x80-49
2a189094-7d9e-5d37-85e6-c81900c1db57,HPCL,HPCL-120095,DN 100 Centrifugal Pump - Carbon Steel,CMM-PUMP-BA45D5-001,Pumps,Centrifugal Pump,SET,Mumbai Refinery,Slow-Moving,623,2024-03-27,KSB,KSB-CP-DN100-74
53fec128-142e-5abc-a597-07304ec8c1f8,HPCL,HPCL-120096,DN 80 VERTICAL TURBINE PUMP - Duplex Steel,CMM-PUMP-13DAB4-001,Pumps,Vertical Turbine Pump,SET,Mumbai Refinery,Active,5994,2024-12-07,Mather+Platt,MAT-VTP-DN80-69
625dec33-c389-58db-b33a-551d6435bc57,HPCL,HPCL-120097,"REDUCER, IS 2062, SIZE DN 80",CMM-PIPEF-D67C66-001,Pipes & Fittings,Reducer,MTR,Bhatinda Refinery,Slow-Moving,12271,2024-01-08,ISMT,ISM-R-DN80-88
6873d96c-f1f7-5445-96ec-2467acda2b51,HPCL,HPCL-120098,SPARE-415V 100A XLPE CABLE - Aluminium,CMM-ELECTR-8EAEA9-001,Electrical,XLPE Cable,MTR,Mumbai Refinery,Active,12141,2025-10-08,Crompton Greaves,CROGRE-XC-415V100A-38
e107ae2e-05e1-59a4-8289-f6414131e898,HPCL,HPCL-120099,"Ball Valve, SS304, SIZE 6 in",CMM-VALVE-1D70F9-001,Valves,Ball Valve,NOS,Visakh Refinery,Active,8242,2024-01-14,Fouress,FOU-BV-6in-17
d624c723-f227-5928-9d7d-33c498a43b79,HPCL,HPCL-120100,SPARE-M10 x 40 HEX NUT - Grade 10.9,CMM-FASTNR-39EA95-001,Fasteners,Hex Nut,KG,Mumbai Refinery,Obsolete,11708,2025-03-04,GKW,GKW-HN-M10x40-39
2f465fb1-71cd-5177-a230-c3755c954a66,HPCL,HPCL-120101,"Control Valve, ASTM A351 CF8M, SIZE DN 50",CMM-VALVE-0BF561-001,Valves,Control Valve,NOS,Visakh Refinery,Active,3190,2025-03-04,Leader Valves,LEAVAL-CV-DN50-93
24676622-cf50-5795-a5e6-b60b9ec4a7af,HPCL,HPCL-120102,6304 NEEDLE BEARING - Chrome Steel,CMM-BEARNG-A74B84-001,Bearings,Needle Bearing,NOS,Bhatinda Refinery,Active,11181,2025-03-11,SKF,SKF-NB-6304-20
2844587d-3dad-582d-a57a-b1d342693586,HPCL,HPCL-120103,"IND.Anchor Bolt, SS304, SIZE M20 x 80",CMM-FASTNR-79903B-001,Fasteners,Anchor Bolt,NOS,Mumbai Refinery,Active,2307,2024-04-30,Precision Fasteners,PREFAS-AB-M20x80-71
13cc38b5-6317-51ca-862f-416b1a37fad8,HPCL,HPCL-120104,"Needle Bearing, Chrome Steel, SIZE 6208",CMM-BEARNG-17B18A-001,Bearings,Needle Bearing,NOS,Visakh Refinery,Active,228,2025-02-09,FAG,FAG-NB-6208-15
52537e4b-9b23-5808-b683-4368527fbb84,HPCL,HPCL-120105,Induction Motor Aluminium 3C x 95 sq mm,CMM-ELECTR-9C93DB-001,Electrical,Induction Motor,MTR,Visakh Refinery,Active,14284,2024-02-08,Siemens,SIE-IM-3Cx95sqmm-95
b4d08e24-11fe-5771-a92b-8532d586a667,HPCL,HPCL-120106,ANCHOR BOLT Carbon Steel M24 x 100,CMM-FASTNR-42CB56-001,Fasteners,Anchor Bolt,NOS,Visakh Refinery,Active,4893,2024-06-14,GKW,GKW-AB-M24x100-71
844f5e7b-6c07-5560-82bc-7b09dc953371,HPCL,HPCL-120107,0-100 bar TEMPERATURE TRANSMITTER - Brass,CMM-INSTRU-027BD0-001,Instrumentation,Temperature Transmitter,NOS,Mumbai Refinery,Slow-Moving,7806,2024-08-06,Yokogawa,YOK-TT-0-100bar-41
6c3933cf-8669-5c01-b3f1-1fbf86907b81,HPCL,HPCL-120108,SPARE-RUBBER GASKET 2 in PTFE,CMM-SEALG-66F853-001,Seals,Rubber Gasket,NOS,Visakh Refinery,Active,10681,2025-04-11,Sealol,SEA-RG-2in-47
362d5ca0-0312-5c48-9242-3072e733b7ed,HPCL,HPCL-120109,SPARE-Level Transmitter Brass 0-500 Deg C,CMM-INSTRU-C7F4D5-001,Instrumentation,Level Transmitter,NOS,Mumbai Refinery,Active,12778,2025-04-10,ABB,ABB-LT-0-500DegC-82
0a8e1917-7072-5680-be23-bf508ed33a74,HPCL,HPCL-120110,Pressure Gauge Brass 0-100 bar,CMM-INSTRU-22FF74-001,Instrumentation,Pressure Gauge,NOS,Bhatinda Refinery,Active,12078,2024-05-13,ABB,ABB-PG-0-100bar-20
ea5b9fce-d376-5fa1-bc52-1fb586aabcf8,HPCL,HPCL-120111,O-RING 65 mm PTFE,CMM-SEALG-F01715-001,Seals,O-Ring,NOS,Bhatinda Refinery,Active,4677,2024-09-25,Flowserve,FLO-O-65mm-14
cf03e1a6-b1fb-5830-91d5-56621e2a347a,HPCL,HPCL-120112,M12 x 50 Hex Nut - Grade 8.8,CMM-FASTNR-412B68-001,Fasteners,Hex Nut,NOS,Visakh Refinery,Slow-Moving,10731,2024-10-28,Unbrako,UNB-HN-M12x50-36
29e7dbff-b4cf-5c8e-ba4a-d5b1634e495c,HPCL,HPCL-120113,4-20 mA FLOW METER - SS316,CMM-INSTRU-1E073D-001,Instrumentation,Flow Meter,NOS,Visakh Refinery,Active,821,2025-02-06,Honeywell,HON-FM-4-20mA-41
980ff9d8-99ba-5745-93ae-53844397a023,HPCL,HPCL-120114,Welded Pipe Carbon Steel 6 in,CMM-PIPEF-11F53A-001,Pipes & Fittings,Welded Pipe,MTR,Visakh Refinery,Active,5281,2024-05-31,Jindal Pipes,JINPIP-WP-6in-35
76ad71ed-2ed3-544c-99e1-dbbd436a41c3,HPCL,HPCL-120115,"SPARE-BRG BALL, Stainless Steel, SIZE 6208",CMM-BEARNG-0FD5BF-001,Bearings,Ball Bearing,NOS,Bhatinda Refinery,Active,3318,2024-09-13,Timken,TIM-BB-6208-40
70a6199d-8532-56c6-bf8c-4b3cbbabc961,HPCL,HPCL-120116,IND.Induction Motor 415V 100A Aluminium,CMM-ELECTR-62038E-001,Electrical,Induction Motor,MTR,Mumbai Refinery,Active,13693,2025-06-01,Havells,HAV-IM-415V100A-67
f5a966cb-7150-5fc9-a59f-433dae0ba537,HPCL,HPCL-120117,IND.Ball Bearing 300# AISI 52100 6304,CMM-BEARNG-0C2D83-001,Bearings,Ball Bearing,NOS,Bhatinda Refinery,Slow-Moving,3952,2024-08-25,NBC Bearings,NBCBEA-BB-6304-48
27d0f824-8837-5003-b6c1-3883b4c2c0b1,HPCL,HPCL-120118,M24 x 100 SOCKET HEAD SCREW - Grade B7 600#,CMM-FASTNR-15537B-001,Fasteners,Socket Head Screw,KG,Visakh Refinery,Active,10862,2025-03-17,Sundram Fasteners,SUNFAS-SHS-M24x100-50
6ba21ac8-4541-5765-b7f2-39269e868d27,HPCL,HPCL-120119,IND.65 mm O-RING - Viton 150#,CMM-SEALG-19C018-001,Seals,O-Ring,NOS,Bhatinda Refinery,Active,9474,2024-10-27,Chesterton,CHE-O-65mm-07
a27f1a86-8c35-540f-b100-8a56a6ed74be,HPCL,HPCL-120120,"GEAR PUMP, Cast Iron, SIZE DN 80 600#",CMM-PUMP-BBD3FB-001,Pumps,Gear Pump,SET,Visakh Refinery,Active,13613,2024-05-08,WPIL,WPI-GP-DN80-84
a8f54010-b4e7-5b12-a6ab-d8bc282e4b37,HPCL,HPCL-120121,"GLOBE VALVE, ASTM A351 CF8M, SIZE 2 in 600#",CMM-VALVE-71DB40-001,Valves,Globe Valve,NOS,Visakh Refinery,Active,1143,2024-12-24,L&T Valves,L&TVAL-GV-2in-43
912a20de-a33e-5edc-98db-1016f7ae90af,HPCL,HPCL-120122,"SPARE-LEVEL TRANSMITTER, Brass, SIZE 1/2 in NPT 300#",CMM-INSTRU-40C5B3-001,Instrumentation,Level Transmitter,NOS,Visakh Refinery,Active,2982,2024-01-11,ABB,ABB-LT-1-2inNPT-99
e0f94546-922c-5466-9480-cea49142a911,HPCL,HPCL-120123,"Mechanical Seal, Viton, SIZE 100 mm 300#",CMM-SEALG-9C5882-001,Seals,Mechanical Seal,NOS,Mumbai Refinery,Slow-Moving,11021,2024-03-03,Chesterton,CHE-MS-100mm-76
db1a0925-c3a6-5c8d-ada7-6d8990dbea42,HPCL,HPCL-120124,"IND.Level Transmitter, Polycarbonate, SIZE 0-500 Deg C 600#",CMM-INSTRU-C368B5-001,Instrumentation,Level Transmitter,NOS,Mumbai Refinery,Active,14103,2024-07-27,Honeywell,HON-LT-0-500DegC-26
43ba45d1-9d70-5e48-be8d-49f5debc80f5,HPCL,HPCL-120125,XLPE Cable 300# Copper 1C x 300 sq mm,CMM-ELECTR-925F26-001,Electrical,XLPE Cable,MTR,Bhatinda Refinery,Slow-Moving,6097,2025-01-05,Havells,HAV-XC-1Cx300sqmm-95
35ee5b07-3492-50ff-8cea-96a772fa2008,HPCL,HPCL-120126,STORES ITEM Rubber Gasket 300# NBR 50 mm,CMM-SEALG-099BED-001,Seals,Rubber Gasket,KG,Bhatinda Refinery,Active,5287,2024-12-20,Sealol,SEA-RG-50mm-77
36fa1193-818c-59a3-9bd1-eb821a0eb32a,HPCL,HPCL-120127,"NEEDLE BEARING, Stainless Steel, SIZE 6208 150#",CMM-BEARNG-D93FF3-001,Bearings,Needle Bearing,NOS,Mumbai Refinery,Active,8740,2025-04-28,Timken,TIM-NB-6208-98
f0318c96-5ca5-532c-9887-3aabae626df9,HPCL,HPCL-120128,SPARE-100 mm O-Ring - PTFE 300#,CMM-SEALG-C73A59-001,Seals,O-Ring,NOS,Visakh Refinery,Slow-Moving,369,2025-12-22,Flowserve,FLO-O-100mm-08
64c3e2e9-135f-54e8-914d-a70fbaa61ad3,HPCL,HPCL-120129,"Elbow 90 Deg, IS 2062, SIZE 2 in 600#",CMM-PIPEF-69E890-001,Pipes & Fittings,Elbow 90 Deg,MTR,Bhatinda Refinery,Active,3304,2024-07-29,ISMT,ISM-E9D-2in-95
1d6b959f-7774-5c97-bd48-4fe58bcdcdcf,HPCL,HPCL-120130,SPARE-30205 Roller Bearing - Chrome Steel 600#,CMM-BEARNG-A0A0E6-001,Bearings,Roller Bearing,NOS,Visakh Refinery,Active,13323,2025-02-03,NBC Bearings,NBCBEA-RB-30205-09
2fe3db93-b748-5362-86f4-3c13521e92ef,HPCL,HPCL-120131,"Spiral Wound Gasket, NBR, SIZE 2 in 300#",CMM-SEALG-091BCF-001,Seals,Spiral Wound Gasket,KG,Visakh Refinery,Active,6037,2025-03-12,Flowserve,FLO-SWG-2in-99
cc5dae70-ca73-5d2a-ac41-2955403ffcbb,HPCL,HPCL-120132,"FLANGE, SS316L, SIZE DN 80 600#",CMM-PIPEF-B95E69-001,Pipes & Fittings,Flange,MTR,Bhatinda Refinery,Active,1767,2025-09-10,Tata Steel,TATSTE-F-DN80-75
83cf9372-5fb9-5a19-b998-0ac5aa18c81a,HPCL,HPCL-120133,SPARE-Hex Bolt M16 x 65 Grade 10.9 600#,CMM-FASTNR-912BFD-001,Fasteners,Hex Bolt,KG,Visakh Refinery,Active,384,2025-09-12,Precision Fasteners,PREFAS-HB-M16x65-83
a0bd05dd-ff08-5937-9a7b-6682754544e3,HPCL,HPCL-120134,"IND.Gear Pump, Alloy Steel, SIZE 3 in x 2 in 300#",CMM-PUMP-F2C290-001,Pumps,Gear Pump,SET,Mumbai Refinery,Active,13696,2025-09-30,WPIL,WPI-GP-3inx2in-51
3e4e679e-47c8-5221-8ce3-97b26dcfb816,HPCL,HPCL-120135,IND.100 mm MECHANICAL SEAL - NBR 150#,CMM-SEALG-1331E7-001,Seals,Mechanical Seal,NOS,Bhatinda Refinery,Active,13146,2025-05-21,Sealol,SEA-MS-100mm-26
578f3f29-5348-5b2c-92b6-320b80b277b7,HPCL,HPCL-120136,IND.OIL SEAL 150# PTFE 65 mm,CMM-SEALG-D89357-001,Seals,Oil Seal,NOS,Visakh Refinery,Active,11907,2025-05-26,Chesterton,CHE-OS-65mm-21
1ba5fd5b-14a4-566d-be2a-336ef810ac4e,HPCL,HPCL-120137,O-RING 2 in NBR 300#,CMM-SEALG-E00177-001,Seals,O-Ring,NOS,Mumbai Refinery,Slow-Moving,965,2025-12-31,Chesterton,CHE-O-2in-83
6aa54fac-8877-57ef-b9d6-9c60e3b53479,HPCL,HPCL-120138,IND.BALL BRG 30205 Chrome Steel 300#,CMM-BEARNG-FCEB8C-001,Bearings,Ball Bearing,NOS,Bhatinda Refinery,Active,8199,2025-03-18,NBC Bearings,NBCBEA-BB-30205-20
2a514e8d-f960-55dd-8182-35375d2c1bc9,HPCL,HPCL-120139,RTD Sensor 300# Brass 4-20 mA,CMM-INSTRU-76A4D1-001,Instrumentation,RTD Sensor,NOS,Visakh Refinery,Active,10524,2024-12-21,Honeywell,HON-RS-4-20mA-70
9fdbda79-7b97-5199-a439-46d610e5c1ed,HPCL,HPCL-120140,STORES ITEM RTD Sensor 150# Brass 0-100 bar,CMM-INSTRU-5F3CF8-001,Instrumentation,RTD Sensor,NOS,Visakh Refinery,Active,5705,2025-01-03,Emerson,EME-RS-0-100bar-04
86a31d56-e710-526f-a3f0-7741bf163d30,HPCL,HPCL-120141,"Level Transmitter, Brass, SIZE 1/2 in NPT 150#",CMM-INSTRU-C4873D-001,Instrumentation,Level Transmitter,NOS,Bhatinda Refinery,Active,4997,2025-02-09,Honeywell,HON-LT-1-2inNPT-97
8f51d215-aa66-568f-ac85-430b5ffd80c5,HPCL,HPCL-120142,"IND.RECIPROCATING PUMP, SS304, SIZE 2 in x 1.5 in 600#",CMM-PUMP-372D2E-001,Pumps,Reciprocating Pump,SET,Mumbai Refinery,Active,6690,2025-03-16,WPIL,WPI-RP-2inx1.5in-40
94d0a713-a5cb-5bbd-ab16-c064f327319a,HPCL,HPCL-120143,Ball Valve 300# ASTM A351 CF8M 1/2 in,CMM-VALVE-AF51FD-001,Valves,Ball Valve,NOS,Bhatinda Refinery,Active,12007,2024-07-11,Fouress,FOU-BV-1-2in-66
623f8010-34c5-5872-9e9e-e80bb371f521,HPCL,HPCL-120144,SPARE-Vertical Turbine Pump DN 80 Alloy Steel 150#,CMM-PUMP-710588-001,Pumps,Vertical Turbine Pump,SET,Mumbai Refinery,Slow-Moving,11257,2025-02-08,WPIL,WPI-VTP-DN80-17
b8561cef-9b18-57ee-993a-9426323427e9,HPCL,HPCL-120145,Control Valve 1 in LCB 150#,CMM-VALVE-015BCD-001,Valves,Control Valve,NOS,Bhatinda Refinery,Active,100,2025-03-19,KSB,KSB-CV-1in-32
b055e762-9b2a-5bd0-a475-6dc5aa324cf1,HPCL,HPCL-120146,RECIPROCATING PUMP 150# Cast Iron DN 100,CMM-PUMP-D06965-001,Pumps,Reciprocating Pump,SET,Mumbai Refinery,Active,9675,2025-02-22,Mather+Platt,MAT-RP-DN100-28
ae4a2c73-acbd-5a14-9d31-d644de66a042,HPCL,HPCL-120147,"SPARE-GV, ASTM A351 CF8M, SIZE DN 100 300#",CMM-VALVE-D35F93-001,Valves,Gate Valve,NOS,Mumbai Refinery,Obsolete,6104,2025-11-08,Leader Valves,LEAVAL-GV-DN100-53
13bc6c9f-f8bd-5603-b08e-2d2ef85cabf1,HPCL,HPCL-120148,"IND.Oil Seal, NBR, SIZE 50 mm 150#",CMM-SEALG-E86469-001,Seals,Oil Seal,NOS,Bhatinda Refinery,Slow-Moving,6722,2024-07-18,Sealol,SEA-OS-50mm-62
dc2a6d91-1539-5e70-b909-fb0011b4f5c8,HPCL,HPCL-120149,STORES ITEM BRG BALL 150# Chrome Steel 30205,CMM-BEARNG-FCEB8C-001,Bearings,Ball Bearing,NOS,Mumbai Refinery,Active,3054,2025-03-22,SKF,SKF-BB-30205-33
b5789011-2314-5b4b-98f9-1e230b62adb6,HPCL,HPCL-120150,M10 x 40 Socket Head Screw - Grade B7 300#,CMM-FASTNR-A82C5B-001,Fasteners,Socket Head Screw,NOS,Mumbai Refinery,Active,1895,2024-08-12,GKW,GKW-SHS-M10x40-87
5eac0954-ec89-5163-93c7-93c06c1e92f0,HPCL,HPCL-120151,STORES ITEM Hex Bolt 300# Grade 8.8 M10 x 40,CMM-FASTNR-B1846A-001,Fasteners,Hex Bolt,NOS,Visakh Refinery,Active,1999,2025-04-09,Sundram Fasteners,SUNFAS-HB-M10x40-30
de22fc93-d765-5afb-b829-caeca0125044,HPCL,HPCL-120152,STORES ITEM Submersible Pump 300# Cast Iron 2 in x 1.5 in,CMM-PUMP-67F25D-001,Pumps,Submersible Pump,SET,Mumbai Refinery,Slow-Moving,7846,2025-06-21,WPIL,WPI-SP-2inx1.5in-94
0aa3744a-4e70-5d36-9422-ab28b35a3e3a,HPCL,HPCL-120153,STORES ITEM XLPE Cable 1C x 300 sq mm XLPE Insulated 150#,CMM-ELECTR-97B02F-001,Electrical,XLPE Cable,MTR,Visakh Refinery,Active,8630,2025-04-29,Siemens,SIE-XC-1Cx300sqmm-23
da75d39b-9145-56dc-8423-94ed6607c27f,HPCL,HPCL-120154,STORES ITEM 100 mm Rubber Gasket - NBR 600#,CMM-SEALG-E70970-001,Seals,Rubber Gasket,NOS,Bhatinda Refinery,Active,2161,2024-11-07,Sealol,SEA-RG-100mm-44
f34bf2cf-d597-524d-b05c-ed3b07895023,HPCL,HPCL-120155,THRUST BEARING 600# Chrome Steel 6304,CMM-BEARNG-A353C8-001,Bearings,Thrust Bearing,NOS,Bhatinda Refinery,Active,8566,2025-06-21,SKF,SKF-TB-6304-55
d4ee2bf0-341c-5bc6-92da-c3538b902173,HPCL,HPCL-120156,STORES ITEM 6 in Seamless Pipe - Alloy Steel 600#,CMM-PIPEF-C49BFE-001,Pipes & Fittings,Seamless Pipe,MTR,Bhatinda Refinery,Obsolete,1993,2024-05-25,Jindal Pipes,JINPIP-SP-6in-75
443f6357-f62e-5ac9-8c91-3dd1b62d4402,HPCL,HPCL-120157,STORES ITEM Gate Valve 1/2 in WCB 150#,CMM-VALVE-3C1BCA-001,Valves,Gate Valve,NOS,Bhatinda Refinery,Active,14278,2024-04-20,Leader Valves,LEAVAL-GV-1-2in-86
6bdd4d79-08a5-59b6-b473-2fceadd22bb8,HPCL,HPCL-120158,Vertical Turbine Pump 300# Carbon Steel 3 in x 2 in,CMM-PUMP-74714C-001,Pumps,Vertical Turbine Pump,SET,Bhatinda Refinery,Active,11585,2024-07-20,KSB,KSB-VTP-3inx2in-36
ba6fc28a-98ef-5301-b550-e4910a6675b0,HPCL,HPCL-120159,STORES ITEM REDUCER 2 in Carbon Steel 150#,CMM-PIPEF-0795D9-001,Pipes & Fittings,Reducer,MTR,Mumbai Refinery,Active,12336,2024-10-26,ISMT,ISM-R-2in-60
1859980f-4348-5df7-8206-9dc6bc629aca,HPCL,HPCL-120160,IND.DN 80 GEAR PUMP - SS316 150#,CMM-PUMP-F7EE1D-001,Pumps,Gear Pump,SET,Visakh Refinery,Slow-Moving,5953,2024-10-12,Kirloskar,KIR-GP-DN80-72
77183c58-cf50-5f2f-bec3-3151c8c85656,HPCL,HPCL-120161,STORES ITEM 65 mm O-RING - PTFE 150#,CMM-SEALG-DE85AC-001,Seals,O-Ring,NOS,Bhatinda Refinery,Active,3016,2025-04-07,Chesterton,CHE-O-65mm-55
975a2dc0-908a-56a6-af49-5f2ded6b875c,HPCL,HPCL-120162,STORES ITEM Centrifugal Pump 150# Duplex Steel DN 80,CMM-PUMP-C40088-001,Pumps,Centrifugal Pump,SET,Mumbai Refinery,Slow-Moving,14193,2025-12-17,KSB,KSB-CP-DN80-43
3f0fa79b-c9f4-5842-9872-c137927d6f7f,HPCL,HPCL-120163,"Switchgear Panel, Aluminium, SIZE 415V 100A 150#",CMM-ELECTR-42D24C-001,Electrical,Switchgear Panel,MTR,Visakh Refinery,Slow-Moving,9378,2025-04-10,Crompton Greaves,CROGRE-SP-415V100A-76
74344b2f-a3e1-5bc3-b0e1-af74ceae5393,HPCL,HPCL-120164,22208 BRG BALL - AISI 52100 600#,CMM-BEARNG-3EC238-001,Bearings,Ball Bearing,NOS,Mumbai Refinery,Active,7873,2024-12-08,FAG,FAG-BB-22208-56
70591ce4-ee3e-5e39-8391-ebaf7496aef4,HPCL,HPCL-120165,"IND.Check Valve, SS316, SIZE DN 50 300#",CMM-VALVE-0A2366-001,Valves,Check Valve,NOS,Bhatinda Refinery,Slow-Moving,11586,2025-03-31,Audco,AUD-CV-DN50-50
175eda3e-76a6-546b-9c01-585392486454,HPCL,HPCL-120166,"IND.ROLLER BRG, Stainless Steel, SIZE 22208 300#",CMM-BEARNG-52104E-001,Bearings,Roller Bearing,NOS,Visakh Refinery,Slow-Moving,14720,2024-09-04,FAG,FAG-RB-22208-92
7c2ad2c4-3870-574e-93c1-06062f675dda,HPCL,HPCL-120167,"Pressure Gauge, Polycarbonate, SIZE 0-500 Deg C 150#",CMM-INSTRU-0E74F1-001,Instrumentation,Pressure Gauge,NOS,Visakh Refinery,Active,14501,2024-11-14,Yokogawa,YOK-PG-0-500DegC-78
d0e5b438-9a25-5c6a-a226-6124ec380151,HPCL,HPCL-120168,"SPARE-Switchgear Panel, Aluminium, SIZE 3C x 95 sq mm 600#",CMM-ELECTR-BF7F37-001,Electrical,Switchgear Panel,MTR,Bhatinda Refinery,Active,11717,2024-10-01,Crompton Greaves,CROGRE-SP-3Cx95sqmm-73
fd0fbebb-a953-5147-bce3-2897f0b5ae02,HPCL,HPCL-120169,EQUAL TEE DN 50 IS 2062 600#,CMM-PIPEF-0E4F2B-001,Pipes & Fittings,Equal Tee,MTR,Visakh Refinery,Obsolete,1080,2024-01-26,Jindal Pipes,JINPIP-ET-DN50-08
fcc46435-ede7-58f1-be7b-63dca02f5117,HPCL,HPCL-120170,HEX NUT 300# Grade 10.9 M10 x 40,CMM-FASTNR-D4C90A-001,Fasteners,Hex Nut,KG,Visakh Refinery,Active,868,2024-01-02,Unbrako,UNB-HN-M10x40-35
810702dd-ba63-5461-8f78-bd25c71b5c0c,HPCL,HPCL-120171,"DISTRIBUTION TRANSFORMER, Copper, SIZE 4C x 25 sq mm 600#",CMM-ELECTR-240377-001,Electrical,Distribution Transformer,MTR,Visakh Refinery,Slow-Moving,5052,2025-09-18,Havells,HAV-DT-4Cx25sqmm-96
fc45b314-c7a4-527d-abc4-8962435d14ec,HPCL,HPCL-120172,IND.DN 100 SUBMERSIBLE PUMP - Carbon Steel 600#,CMM-PUMP-9FBD52-001,Pumps,Submersible Pump,SET,Bhatinda Refinery,Active,8250,2025-03-06,WPIL,WPI-SP-DN100-72
8518faca-3cc5-5365-a2ae-338fcda10d79,HPCL,HPCL-120173,STORES ITEM 22208 Thrust Bearing - Stainless Steel 150#,CMM-BEARNG-52104E-001,Bearings,Thrust Bearing,NOS,Visakh Refinery,Active,4520,2025-11-18,FAG,FAG-TB-22208-27
d195b5b0-f526-522d-beec-227a4a0cefbe,HPCL,HPCL-120174,IND.FLOW METER 600# Polycarbonate 0-100 bar,CMM-INSTRU-3688F6-001,Instrumentation,Flow Meter,NOS,Bhatinda Refinery,Active,14592,2024-02-02,ABB,ABB-FM-0-100bar-66
deea55c9-3d6d-5e35-adda-3c4b205913b7,HPCL,HPCL-120175,IND.2 in x 1.5 in Submersible Pump - Alloy Steel 150#,CMM-PUMP-497521-001,Pumps,Submersible Pump,SET,Visakh Refinery,Slow-Moving,5313,2025-07-21,Mather+Platt,MAT-SP-2inx1.5in-69
c78d86d8-5f60-5345-9ed9-2f94f8675d49,HPCL,HPCL-120176,"SPARE-CENT. PUMP, SS304, SIZE 3 in x 2 in 600#",CMM-PUMP-665015-001,Pumps,Centrifugal Pump,SET,Visakh Refinery,Active,2052,2025-03-31,Kirloskar,KIR-CP-3inx2in-72
47f00d05-bfae-5524-8582-9cadd6572cc7,HPCL,HPCL-120177,"SPARE-Elbow 90 Deg, SS316L, SIZE DN 50 300#",CMM-PIPEF-814B57-001,Pipes & Fittings,Elbow 90 Deg,MTR,Visakh Refinery,Active,9873,2025-02-14,Jindal Pipes,JINPIP-E9D-DN50-18
5326f999-89db-584f-abd2-5d40a2758ad4,HPCL,HPCL-120178,STORES ITEM ELBOW 90 DEG 150# ASTM A106 Gr B 6 in,CMM-PIPEF-155E3F-001,Pipes & Fittings,Elbow 90 Deg,MTR,Visakh Refinery,Active,14641,2025-12-21,Jindal Pipes,JINPIP-E9D-6in-04
53f5a1f7-08c6-5f03-bb2a-74ba1a1569e4,HPCL,HPCL-120179,IND.Submersible Pump 600# Duplex Steel DN 80,CMM-PUMP-824C56-001,Pumps,Submersible Pump,SET,Bhatinda Refinery,Active,10065,2025-06-24,Mather+Platt,MAT-SP-DN80-24
42497675-47a8-5eec-abee-960bf9130500,HPCL,HPCL-120180,STORES ITEM Flange DN 80 Alloy Steel 300#,CMM-PIPEF-3751A6-001,Pipes & Fittings,Flange,MTR,Bhatinda Refinery,Slow-Moving,8295,2024-11-28,Jindal Pipes,JINPIP-F-DN80-03
6c260001-743c-595c-a717-e5f94f60223d,HPCL,HPCL-120181,"SPARE-XLPE Cable, Aluminium, SIZE 415V 100A 300#",CMM-ELECTR-4F6C14-001,Electrical,XLPE Cable,MTR,Mumbai Refinery,Slow-Moving,9366,2025-07-16,Siemens,SIE-XC-415V100A-27
ce8ade20-284c-5080-b87f-b9354cb425c6,HPCL,HPCL-120182,STORES ITEM 50 mm Mechanical Seal - Viton 600#,CMM-SEALG-6ACECF-001,Seals,Mechanical Seal,NOS,Mumbai Refinery,Obsolete,9146,2024-01-06,Chesterton,CHE-MS-50mm-57
7502bb22-fc4e-5b01-85a5-bf3daca285c0,HPCL,HPCL-120183,30205 Roller Bearing - Chrome Steel 600#,CMM-BEARNG-D8807A-001,Bearings,Roller Bearing,NOS,Mumbai Refinery,Active,13551,2024-06-24,FAG,FAG-RB-30205-17
57cd96c0-2975-50b5-9968-58ce0079a8e9,HPCL,HPCL-120184,IND.TAPER ROLLER BEARING 150# Chrome Steel 6408,CMM-BEARNG-FF170C-001,Bearings,Taper Roller Bearing,NOS,Visakh Refinery,Slow-Moving,4073,2024-07-16,NBC Bearings,NBCBEA-TRB-6408-75
a1b67e0a-6295-5ce9-8c09-3c48ced9bc43,HPCL,HPCL-120185,"SPARE-O-RING, Graphite, SIZE 100 mm 150#",CMM-SEALG-8F1270-001,Seals,O-Ring,NOS,Visakh Refinery,Active,11567,2024-08-22,Chesterton,CHE-O-100mm-44
47a4cb37-7875-5ecd-be26-0819d131a75c,HPCL,HPCL-120186,"Level Transmitter, Polycarbonate, SIZE 4-20 mA 600#",CMM-INSTRU-7697FA-001,Instrumentation,Level Transmitter,NOS,Bhatinda Refinery,Active,14297,2024-12-24,ABB,ABB-LT-4-20mA-48
8b0e125f-fca1-5598-b81b-7a95267a8a9b,HPCL,HPCL-120187,RUBBER GASKET 2 in NBR 600#,CMM-SEALG-EA0F9C-001,Seals,Rubber Gasket,KG,Mumbai Refinery,Active,4914,2025-12-11,Flowserve,FLO-RG-2in-87
225cf300-8301-56fe-8bbe-d140f245c4fe,HPCL,HPCL-120188,"BV, SS304, SIZE 2 in 600#",CMM-VALVE-9B81E1-001,Valves,Ball Valve,NOS,Bhatinda Refinery,Active,14505,2025-03-14,KSB,KSB-BV-2in-50
55a055b3-9771-5856-a937-80f3b53bbd6b,HPCL,HPCL-120189,IND.NEEDLE BEARING 22208 Chrome Steel 150#,CMM-BEARNG-39C22B-001,Bearings,Needle Bearing,NOS,Bhatinda Refinery,Active,1090,2025-09-23,Timken,TIM-NB-22208-79
0d72c056-4a46-5892-9487-932969495db0,HPCL,HPCL-120190,Reciprocating Pump 600# Alloy Steel 2 in x 1.5 in,CMM-PUMP-10BBEC-001,Pumps,Reciprocating Pump,SET,Visakh Refinery,Active,11489,2024-02-28,Mather+Platt,MAT-RP-2inx1.5in-62
77fc71b3-bd8a-5ca1-be72-ab0b15ef8ec6,HPCL,HPCL-120191,IND.Globe Valve 4 in SS304 600#,CMM-VALVE-9E9261-001,Valves,Globe Valve,NOS,Mumbai Refinery,Active,3594,2025-08-23,L&T Valves,L&TVAL-GV-4in-83
58ee90b1-4c31-592e-9b22-9bacbe94edc0,HPCL,HPCL-120192,STORES ITEM DN 80 LPG BOTTLING PUMP - Carbon Steel,CMM-PUMP-380B77-001,Pumps,LPG Bottling Pump,SET,Mumbai Refinery,Slow-Moving,513,2025-03-29,KSB,KSB-LBP-DN80-54
29abb13f-926f-5959-803b-2b2f0be2422f,HPCL,HPCL-120193,SPARE-TANK FARM LEVEL GAUGE 0-20 m SS304,CMM-INSTRU-A7D80C-001,Instrumentation,Tank Farm Level Gauge,NOS,Visakh Refinery,Active,14660,2024-09-19,Honeywell,HON-TFLG-0-20m-49
9d527f8c-5701-5b71-8671-c77e216a5403,HPCL,HPCL-120194,IND.TANK FARM LEVEL GAUGE 0-20 m SS304,CMM-INSTRU-206534-001,Instrumentation,Tank Farm Level Gauge,NOS,Mumbai Refinery,Active,9282,2025-03-26,ABB,ABB-TFLG-0-20m-60
6ecfd538-b529-52f7-9714-78b079e30af7,HPCL,HPCL-120195,LPG BOTTLING PUMP Carbon Steel DN 80,CMM-PUMP-6BDDAA-001,Pumps,LPG Bottling Pump,SET,Visakh Refinery,Active,10645,2024-08-13,KSB,KSB-LBP-DN80-83
f8787fa8-f29a-5594-957e-68e02fcc1fe0,HPCL,HPCL-120196,IND.TANK FARM LEVEL GAUGE SS304 0-20 m,CMM-INSTRU-E2BD75-001,Instrumentation,Tank Farm Level Gauge,NOS,Visakh Refinery,Active,7923,2024-10-26,Honeywell,HON-TFLG-0-20m-93
99344090-b44b-5c5f-9e59-5282bbeabc42,HPCL,HPCL-120197,"IND.Tank Farm Level Gauge, SS304, SIZE 0-20 m",CMM-INSTRU-3DE2D9-001,Instrumentation,Tank Farm Level Gauge,NOS,Visakh Refinery,Active,11179,2025-08-09,Yokogawa,YOK-TFLG-0-20m-16
7b89e932-79a5-5c7e-a311-e8f41b87f825,HPCL,HPCL-120198,TANK FARM LEVEL GAUGE SS304 0-20 m,CMM-INSTRU-0A8505-001,Instrumentation,Tank Farm Level Gauge,NOS,Bhatinda Refinery,Obsolete,4024,2025-12-31,Yokogawa,YOK-TFLG-0-20m-66
0a3e6733-f4e7-5ce3-98d8-b09432050fa8,HPCL,HPCL-120199,STORES ITEM DN 80 LPG BOTTLING PUMP - Carbon Steel,CMM-PUMP-7F40B3-001,Pumps,LPG Bottling Pump,SET,Mumbai Refinery,Active,12517,2025-04-10,Kirloskar,KIR-LBP-DN80-06
74f49c71-38be-5114-b9ab-03f6e66ef4e1,HPCL,HPCL-120200,Tank Farm Level Gauge SS304 0-20 m,CMM-INSTRU-0B19E5-001,Instrumentation,Tank Farm Level Gauge,NOS,Mumbai Refinery,Active,4629,2024-01-21,ABB,ABB-TFLG-0-20m-11
8d4cd30d-cc24-5ce0-8ffe-dfd941c0550b,HPCL,HPCL-120201,IND.TANK FARM LEVEL GAUGE 0-20 m SS304,CMM-INSTRU-FA37B9-001,Instrumentation,Tank Farm Level Gauge,NOS,Bhatinda Refinery,Active,2621,2025-09-06,Emerson,EME-TFLG-0-20m-80
dfc7597d-d8e5-5cb4-8c56-18c77d04a9cb,HPCL,HPCL-120202,STORES ITEM LPG Bottling Pump Carbon Steel DN 80,CMM-PUMP-3A295D-001,Pumps,LPG Bottling Pump,SET,Visakh Refinery,Active,7829,2024-01-06,KSB,KSB-LBP-DN80-88
22b81d6f-27e1-56bf-a5dd-b142713fe1bf,HPCL,HPCL-120203,0-20 m Tank Farm Level Gauge - SS304,CMM-INSTRU-D11F50-001,Instrumentation,Tank Farm Level Gauge,NOS,Bhatinda Refinery,Active,9875,2024-11-12,Emerson,EME-TFLG-0-20m-36
d75362b4-f4a9-5364-92d3-3c1484891b86,HPCL,HPCL-120204,"SPARE-LPG BOTTLING PUMP, Carbon Steel, SIZE DN 80",CMM-PUMP-17CA42-001,Pumps,LPG Bottling Pump,SET,Visakh Refinery,Active,14235,2024-08-13,Kirloskar,KIR-LBP-DN80-21
48b44c7c-3678-54c7-9179-6de83b65631e,HPCL,HPCL-120205,DN 80 LPG Bottling Pump - Carbon Steel,CMM-PUMP-D1A263-001,Pumps,LPG Bottling Pump,SET,Mumbai Refinery,Active,11809,2025-02-08,KSB,KSB-LBP-DN80-57
3155ee39-fd78-58d2-a5c3-1062c8c3d643,HPCL,HPCL-120206,LPG BOTTLING PUMP DN 80 Carbon Steel,CMM-PUMP-353345-001,Pumps,LPG Bottling Pump,SET,Bhatinda Refinery,Active,5586,2024-10-13,Kirloskar,KIR-LBP-DN80-49
2bdb80b2-daa5-5a9c-9ee8-a1ccb61d13ba,HPCL,HPCL-120207,Tank Farm Level Gauge SS304 0-20 m,CMM-INSTRU-1F0427-001,Instrumentation,Tank Farm Level Gauge,NOS,Visakh Refinery,Slow-Moving,7048,2025-05-05,Yokogawa,YOK-TFLG-0-20m-94
5a20a212-fb27-543f-972f-e8f6222fc218,HPCL,HPCL-120208,SPARE-Tank Farm Level Gauge 0-20 m SS304,CMM-INSTRU-E32D55-001,Instrumentation,Tank Farm Level Gauge,NOS,Visakh Refinery,Active,11827,2024-07-29,Emerson,EME-TFLG-0-20m-07
b16202dc-6d33-5da0-94c0-6d1061755b2c,HPCL,HPCL-120209,SPARE-Tank Farm Level Gauge SS304 0-20 m,CMM-INSTRU-AC7EC7-001,Instrumentation,Tank Farm Level Gauge,NOS,Visakh Refinery,Active,8987,2024-11-13,Yokogawa,YOK-TFLG-0-20m-13
77b4b865-937c-5574-b67d-9f46b7af22f9,HPCL,HPCL-120210,LPG Bottling Pump Carbon Steel DN 80,CMM-PUMP-29649A-001,Pumps,LPG Bottling Pump,SET,Mumbai Refinery,Active,11906,2025-10-14,KSB,KSB-LBP-DN80-23
4918ade8-b496-5b1f-bf33-8f7258adff78,HPCL,HPCL-120211,STORES ITEM 0-20 m Tank Farm Level Gauge - SS304,CMM-INSTRU-BD17DE-001,Instrumentation,Tank Farm Level Gauge,NOS,Visakh Refinery,Active,3620,2025-05-14,ABB,ABB-TFLG-0-20m-23
5a5d4fa5-34fb-58b5-948c-bbd6c4af51a0,HPCL,HPCL-120212,"LPG BOTTLING PUMP, Carbon Steel, SIZE DN 80",CMM-PUMP-CDEB5A-001,Pumps,LPG Bottling Pump,SET,Bhatinda Refinery,Slow-Moving,9140,2024-09-14,WPIL,WPI-LBP-DN80-34
313fd1cd-e4ed-572d-bfb8-02392f48b61e,HPCL,HPCL-120213,"LPG Bottling Pump, Carbon Steel, SIZE DN 80",CMM-PUMP-F5C782-001,Pumps,LPG Bottling Pump,SET,Mumbai Refinery,Active,10235,2025-04-26,KSB,KSB-LBP-DN80-54
a2683653-6341-5c86-a5a5-1a71a6a15372,HPCL,HPCL-120214,"STORES ITEM LPG Bottling Pump, Carbon Steel, SIZE DN 80",CMM-PUMP-8B76BE-001,Pumps,LPG Bottling Pump,SET,Bhatinda Refinery,Active,3895,2025-03-20,Mather+Platt,MAT-LBP-DN80-68
6ce916b1-e32c-5e04-99f9-4dfc9c90fd23,HPCL,HPCL-120215,STORES ITEM 0-20 m TANK FARM LEVEL GAUGE - SS304,CMM-INSTRU-921D2D-001,Instrumentation,Tank Farm Level Gauge,NOS,Visakh Refinery,Slow-Moving,1538,2024-04-30,Yokogawa,YOK-TFLG-0-20m-01
dca5edfa-a963-5c61-8161-7fc4e38d68c4,HPCL,HPCL-120216,STORES ITEM 0-20 m TANK FARM LEVEL GAUGE - SS304,CMM-INSTRU-E29AB1-001,Instrumentation,Tank Farm Level Gauge,NOS,Mumbai Refinery,Active,3019,2025-08-14,Honeywell,HON-TFLG-0-20m-04
ccd54951-7ec1-5e6a-b06d-a084f99dbcce,HPCL,HPCL-120217,IND.DN 80 LPG Bottling Pump - Carbon Steel,CMM-PUMP-3E4DCE-001,Pumps,LPG Bottling Pump,SET,Visakh Refinery,Active,8852,2025-01-27,WPIL,WPI-LBP-DN80-75
8a826ec8-edef-55e2-bf62-2b10e7150b6a,HPCL,HPCL-120218,DN 80 LPG BOTTLING PUMP - Carbon Steel,CMM-PUMP-B641EB-001,Pumps,LPG Bottling Pump,SET,Visakh Refinery,Slow-Moving,6743,2025-12-25,WPIL,WPI-LBP-DN80-03
99ae6fcc-f5d3-5853-9898-1f9673e36385,HPCL,HPCL-120219,IND.0-20 m Tank Farm Level Gauge - SS304,CMM-INSTRU-05BCB8-001,Instrumentation,Tank Farm Level Gauge,NOS,Mumbai Refinery,Slow-Moving,8086,2025-03-14,Emerson,EME-TFLG-0-20m-17
87e58783-fc72-5b76-8530-a36fed9234e6,HPCL,HPCL-120220,0-20 m Tank Farm Level Gauge - SS304,CMM-INSTRU-0B4CE5-001,Instrumentation,Tank Farm Level Gauge,NOS,Mumbai Refinery,Active,12481,2025-02-20,ABB,ABB-TFLG-0-20m-81
642b10c8-8215-5ee3-a779-c71587ace691,HPCL,HPCL-120221,SPARE-Tank Farm Level Gauge SS304 0-20 m,CMM-INSTRU-A60B7A-001,Instrumentation,Tank Farm Level Gauge,NOS,Bhatinda Refinery,Active,9399,2024-03-21,Emerson,EME-TFLG-0-20m-88
1aad6823-1f0f-5824-851f-226652c792f2,HPCL,HPCL-120222,SPARE-LPG BOTTLING PUMP Carbon Steel DN 80,CMM-PUMP-18DC6B-001,Pumps,LPG Bottling Pump,SET,Visakh Refinery,Slow-Moving,3543,2025-07-19,Kirloskar,KIR-LBP-DN80-05
4bb2f00f-e508-5684-a207-4a21eb679668,HPCL,HPCL-120223,"LPG Bottling Pump, Carbon Steel, SIZE DN 80",CMM-PUMP-CAD34F-001,Pumps,LPG Bottling Pump,SET,Visakh Refinery,Obsolete,1115,2024-09-21,Kirloskar,KIR-LBP-DN80-69
a48d062d-edd7-564b-aa54-cd9b3b0f6c75,HPCL,HPCL-120224,"STORES ITEM TANK FARM LEVEL GAUGE, SS304, SIZE 0-20 m",CMM-INSTRU-35893A-001,Instrumentation,Tank Farm Level Gauge,NOS,Mumbai Refinery,Active,6292,2025-09-25,Yokogawa,YOK-TFLG-0-20m-82
e0137f01-c942-5067-8d4e-f131e1c2f369,HPCL,HPCL-120225,IND.DN 80 LPG Bottling Pump - Carbon Steel,CMM-PUMP-5EDC22-001,Pumps,LPG Bottling Pump,SET,Mumbai Refinery,Active,7206,2025-06-06,Kirloskar,KIR-LBP-DN80-68
6ca18ccf-a4ff-5884-a66c-06528465ba3a,HPCL,HPCL-120226,IND.DN 80 LPG Bottling Pump - Carbon Steel,CMM-PUMP-79599A-001,Pumps,LPG Bottling Pump,SET,Bhatinda Refinery,Active,8640,2024-10-14,Kirloskar,KIR-LBP-DN80-42
5f8e1272-9752-5d32-b213-024dc8910f77,HPCL,HPCL-120227,SPARE-TANK FARM LEVEL GAUGE 0-20 m SS304,CMM-INSTRU-161206-001,Instrumentation,Tank Farm Level Gauge,NOS,Visakh Refinery,Active,11369,2024-06-05,Yokogawa,YOK-TFLG-0-20m-96
a8603a69-b4be-5519-8960-5bef28aa4f13,HPCL,HPCL-120228,SPARE-Tank Farm Level Gauge SS304 0-20 m,CMM-INSTRU-C19E45-001,Instrumentation,Tank Farm Level Gauge,NOS,Visakh Refinery,Active,348,2025-04-21,Honeywell,HON-TFLG-0-20m-22
7a80149b-2e77-59bb-bec8-46e7035876ea,HPCL,HPCL-120229,Tank Farm Level Gauge SS304 0-20 m,CMM-INSTRU-2A021A-001,Instrumentation,Tank Farm Level Gauge,NOS,Mumbai Refinery,Slow-Moving,14637,2025-04-12,Honeywell,HON-TFLG-0-20m-53
84b7c134-4d3b-5d0d-b1e0-7bae06c5986e,HPCL,HPCL-120230,"STORES ITEM LPG BOTTLING PUMP, Carbon Steel, SIZE DN 80",CMM-PUMP-4274F0-001,Pumps,LPG Bottling Pump,SET,Mumbai Refinery,Obsolete,12758,2025-08-13,WPIL,WPI-LBP-DN80-80
12dff79e-000c-5f5d-8639-0fbc5928cbe2,HPCL,HPCL-120231,"SPARE-Tank Farm Level Gauge, SS304, SIZE 0-20 m",CMM-INSTRU-2A4F7B-001,Instrumentation,Tank Farm Level Gauge,NOS,Bhatinda Refinery,Slow-Moving,9346,2025-01-05,Emerson,EME-TFLG-0-20m-64
006cff3e-f037-559c-a9f3-fb9dde57397a,HPCL,HPCL-120232,IND.LPG Bottling Pump DN 80 Carbon Steel,CMM-PUMP-3C44B6-001,Pumps,LPG Bottling Pump,SET,Visakh Refinery,Active,2658,2025-12-21,Kirloskar,KIR-LBP-DN80-40
65b9b5db-e282-5253-9427-53282f5b92e3,HPCL,HPCL-120233,"SPARE-LPG Bottling Pump, Carbon Steel, SIZE DN 80",CMM-PUMP-AB7AFD-001,Pumps,LPG Bottling Pump,SET,Visakh Refinery,Active,6607,2025-08-24,Mather+Platt,MAT-LBP-DN80-74
6ed05a18-8e23-59b0-b070-579f43a92862,HPCL,HPCL-120234,IND.0-20 m Tank Farm Level Gauge - SS304,CMM-INSTRU-9A8BBD-001,Instrumentation,Tank Farm Level Gauge,NOS,Mumbai Refinery,Slow-Moving,5772,2024-08-16,Yokogawa,YOK-TFLG-0-20m-63
a09edd95-5326-5156-ae81-a1d50bd480bc,HPCL,HPCL-120235,"Tank Farm Level Gauge, SS304, SIZE 0-20 m",CMM-INSTRU-70AE3A-001,Instrumentation,Tank Farm Level Gauge,NOS,Bhatinda Refinery,Active,993,2024-05-21,Honeywell,HON-TFLG-0-20m-62
be86c791-b28f-5f9e-bf9c-817e343167da,HPCL,HPCL-120236,"TANK FARM LEVEL GAUGE, SS304, SIZE 0-20 m",CMM-INSTRU-839017-001,Instrumentation,Tank Farm Level Gauge,NOS,Bhatinda Refinery,Slow-Moving,8354,2024-01-13,Honeywell,HON-TFLG-0-20m-73
586bd9c2-8858-529f-bf32-22759afdbc1b,HPCL,HPCL-120237,IND.LPG Bottling Pump Carbon Steel DN 80,CMM-PUMP-78BA26-001,Pumps,LPG Bottling Pump,SET,Bhatinda Refinery,Active,1308,2024-11-03,KSB,KSB-LBP-DN80-51
a8e621bd-7af4-57bc-9907-c2cc16567a88,HPCL,HPCL-120238,STORES ITEM TANK FARM LEVEL GAUGE SS304 0-20 m,CMM-INSTRU-BB5756-001,Instrumentation,Tank Farm Level Gauge,NOS,Bhatinda Refinery,Active,11012,2024-08-04,Emerson,EME-TFLG-0-20m-77
60d6e9cf-d219-5e24-bb48-ae814b440995,HPCL,HPCL-120239,"Tank Farm Level Gauge, SS304, SIZE 0-20 m",CMM-INSTRU-E503C1-001,Instrumentation,Tank Farm Level Gauge,NOS,Bhatinda Refinery,Active,928,2024-01-08,ABB,ABB-TFLG-0-20m-08
4651c646-89f3-5ad2-a1e8-6f485406c196,HPCL,HPCL-120240,"IND.LPG BOTTLING PUMP, Carbon Steel, SIZE DN 80",CMM-PUMP-3D5ACE-001,Pumps,LPG Bottling Pump,SET,Bhatinda Refinery,Active,3622,2024-03-16,Kirloskar,KIR-LBP-DN80-91
5a7f0abd-91bb-5cf9-8505-b0ff8bb92364,HPCL,HPCL-120241,LPG Bottling Pump Carbon Steel DN 80,CMM-PUMP-D01AD9-001,Pumps,LPG Bottling Pump,SET,Mumbai Refinery,Slow-Moving,2041,2025-05-07,KSB,KSB-LBP-DN80-53
5194bf27-f526-57c4-9bfa-9ba5d4ccd4a6,HPCL,HPCL-120242,"STORES ITEM LPG Bottling Pump, Carbon Steel, SIZE DN 80",CMM-PUMP-FFC596-001,Pumps,LPG Bottling Pump,SET,Mumbai Refinery,Active,10481,2025-03-27,KSB,KSB-LBP-DN80-22
554a540b-b708-5891-ac6a-df9f68c86777,HPCL,HPCL-120243,"SPARE-LPG Bottling Pump, Carbon Steel, SIZE DN 80",CMM-PUMP-EE6BE0-001,Pumps,LPG Bottling Pump,SET,Mumbai Refinery,Obsolete,5471,2024-07-28,KSB,KSB-LBP-DN80-86
17462abb-bcc0-57f3-8504-2a12534a74ea,HPCL,HPCL-120244,"TANK FARM LEVEL GAUGE, SS304, SIZE 0-20 m",CMM-INSTRU-31164A-001,Instrumentation,Tank Farm Level Gauge,NOS,Bhatinda Refinery,Active,7343,2024-10-09,Emerson,EME-TFLG-0-20m-69
5d399ffc-2d8e-5750-ba96-b33572eb859a,HPCL,HPCL-120245,"LPG BOTTLING PUMP, Carbon Steel, SIZE DN 80",CMM-PUMP-7E6D57-001,Pumps,LPG Bottling Pump,SET,Visakh Refinery,Active,12116,2024-12-27,Mather+Platt,MAT-LBP-DN80-89
86da74e0-6e2a-54ac-bdb1-2d4d5f8ba731,HPCL,HPCL-120246,STORES ITEM LPG BOTTLING PUMP DN 80 Carbon Steel,CMM-PUMP-ABADA7-001,Pumps,LPG Bottling Pump,SET,Bhatinda Refinery,Active,8366,2025-10-12,WPIL,WPI-LBP-DN80-26
776e3416-e94f-58b2-9435-a941f3c94041,HPCL,HPCL-120247,"IND.Tank Farm Level Gauge, SS304, SIZE 0-20 m",CMM-INSTRU-F9E8D4-001,Instrumentation,Tank Farm Level Gauge,NOS,Visakh Refinery,Active,8008,2025-07-07,Honeywell,HON-TFLG-0-20m-90
d7bab0c0-682a-58d3-ac9b-c4dac7dfcb08,HPCL,HPCL-120248,"TANK FARM LEVEL GAUGE, SS304, SIZE 0-20 m",CMM-INSTRU-EAC10E-001,Instrumentation,Tank Farm Level Gauge,NOS,Visakh Refinery,Active,2498,2025-07-08,Honeywell,HON-TFLG-0-20m-04
aa039598-dd20-51e8-9a3c-4105fd9a792e,HPCL,HPCL-120249,TANK FARM LEVEL GAUGE SS304 0-20 m,CMM-INSTRU-71B89B-001,Instrumentation,Tank Farm Level Gauge,NOS,Bhatinda Refinery,Slow-Moving,14642,2025-07-14,Honeywell,HON-TFLG-0-20m-72
f8ef0415-f3d2-5e5d-a30c-e6d1d173840f,HPCL,HPCL-120250,SPARE-LPG BOTTLING PUMP Carbon Steel DN 80,CMM-PUMP-E5F7C9-001,Pumps,LPG Bottling Pump,SET,Mumbai Refinery,Slow-Moving,6041,2025-05-30,Kirloskar,KIR-LBP-DN80-54
f002b86c-036d-5284-b5bc-f9f3b15c334a,HPCL,HPCL-120251,"STORES ITEM TANK FARM LEVEL GAUGE, SS304, SIZE 0-20 m",CMM-INSTRU-AAA211-001,Instrumentation,Tank Farm Level Gauge,NOS,Mumbai Refinery,Active,495,2024-04-23,ABB,ABB-TFLG-0-20m-90
2eaaa757-7a11-5ec9-bc2e-b2441b8698fb,HPCL,HPCL-120252,SPARE-TANK FARM LEVEL GAUGE SS304 0-20 m,CMM-INSTRU-8059CB-001,Instrumentation,Tank Farm Level Gauge,NOS,Visakh Refinery,Active,14584,2024-03-12,ABB,ABB-TFLG-0-20m-78
490b3a6c-f89a-56ae-94af-2c505fc95ced,HPCL,HPCL-120253,LPG Bottling Pump Carbon Steel DN 80,CMM-PUMP-06B966-001,Pumps,LPG Bottling Pump,SET,Bhatinda Refinery,Active,13123,2024-02-18,Kirloskar,KIR-LBP-DN80-02
d58d2e8d-295c-55ba-81b3-7eedb938dbd0,HPCL,HPCL-120254,IND.DN 80 LPG BOTTLING PUMP - Carbon Steel,CMM-PUMP-E68106-001,Pumps,LPG Bottling Pump,SET,Mumbai Refinery,Active,11612,2025-08-21,WPIL,WPI-LBP-DN80-08
37893062-043f-5fa9-9fcd-5f6aadcbe0d9,HPCL,HPCL-120255,DN 80 LPG Bottling Pump - Carbon Steel,CMM-PUMP-1ECC4D-001,Pumps,LPG Bottling Pump,SET,Bhatinda Refinery,Slow-Moving,3436,2025-04-13,Kirloskar,KIR-LBP-DN80-10
cb5c5eef-f286-5dc0-b2ad-7e79b1f976b5,HPCL,HPCL-120256,"Tank Farm Level Gauge, SS304, SIZE 0-20 m",CMM-INSTRU-441159-001,Instrumentation,Tank Farm Level Gauge,NOS,Bhatinda Refinery,Slow-Moving,4711,2024-10-19,Honeywell,HON-TFLG-0-20m-47
2cdd3132-c690-5e01-978e-91db1292225a,HPCL,HPCL-120257,"SPARE-LPG Bottling Pump, Carbon Steel, SIZE DN 80",CMM-PUMP-9C898C-001,Pumps,LPG Bottling Pump,SET,Bhatinda Refinery,Active,8280,2025-12-28,Kirloskar,KIR-LBP-DN80-12
1a50d157-ff0e-52ee-afc7-9a88a5984b71,HPCL,HPCL-120258,Tank Farm Level Gauge SS304 0-20 m,CMM-INSTRU-A525E5-001,Instrumentation,Tank Farm Level Gauge,NOS,Mumbai Refinery,Slow-Moving,1126,2024-10-07,Honeywell,HON-TFLG-0-20m-96
1bb3dbce-45cd-561d-a724-607487751f3e,HPCL,HPCL-120259,SPARE-TANK FARM LEVEL GAUGE 0-20 m SS304,CMM-INSTRU-763724-001,Instrumentation,Tank Farm Level Gauge,NOS,Bhatinda Refinery,Active,12654,2024-04-27,Yokogawa,YOK-TFLG-0-20m-44
0cedec09-4470-5ac2-bf92-c9f6332ed543,HPCL,HPCL-120260,IND.0-20 m TANK FARM LEVEL GAUGE - SS304,CMM-INSTRU-37E984-001,Instrumentation,Tank Farm Level Gauge,NOS,Bhatinda Refinery,Active,10094,2025-01-31,ABB,ABB-TFLG-0-20m-43
2bcbeaa4-8759-5387-9b5e-0edf95841b41,HPCL,HPCL-120261,IND.LPG Bottling Pump DN 80 Carbon Steel,CMM-PUMP-5B4120-001,Pumps,LPG Bottling Pump,SET,Visakh Refinery,Slow-Moving,6842,2024-11-29,WPIL,WPI-LBP-DN80-85
cdf52131-b5eb-5a01-9334-522bd0f86af0,HPCL,HPCL-120262,"IND.LPG BOTTLING PUMP, Carbon Steel, SIZE DN 80",CMM-PUMP-BF91E1-001,Pumps,LPG Bottling Pump,SET,Visakh Refinery,Active,11872,2025-11-16,Mather+Platt,MAT-LBP-DN80-63
1bd8ec2f-7e0f-5ecc-877e-c24dfe0e75c1,HPCL,HPCL-120263,STORES ITEM LPG Bottling Pump DN 80 Carbon Steel,CMM-PUMP-17F830-001,Pumps,LPG Bottling Pump,SET,Bhatinda Refinery,Slow-Moving,8035,2025-06-16,KSB,KSB-LBP-DN80-61
29ec6d78-b445-59b7-a87e-f398f5602e64,HPCL,HPCL-120264,SPARE-TANK FARM LEVEL GAUGE SS304 0-20 m,CMM-INSTRU-DF6A79-001,Instrumentation,Tank Farm Level Gauge,NOS,Bhatinda Refinery,Slow-Moving,11258,2024-06-29,ABB,ABB-TFLG-0-20m-89
68bc0465-4217-5258-bf1e-ec6a0b2acab9,HPCL,HPCL-120265,IND.TANK FARM LEVEL GAUGE SS304 0-20 m,CMM-INSTRU-63802F-001,Instrumentation,Tank Farm Level Gauge,NOS,Mumbai Refinery,Active,3748,2024-02-29,ABB,ABB-TFLG-0-20m-08
4400caba-66e7-5036-855b-4f63ec1a6546,HPCL,HPCL-120266,LPG Bottling Pump DN 80 Carbon Steel,CMM-PUMP-C1B804-001,Pumps,LPG Bottling Pump,SET,Visakh Refinery,Obsolete,7610,2024-09-21,Mather+Platt,MAT-LBP-DN80-57
2a49f3a6-7584-51e8-8892-9f11437797d9,HPCL,HPCL-120267,"TANK FARM LEVEL GAUGE, SS304, SIZE 0-20 m",CMM-INSTRU-506F2A-001,Instrumentation,Tank Farm Level Gauge,NOS,Visakh Refinery,Active,8120,2025-03-20,Honeywell,HON-TFLG-0-20m-27
b6450aee-db4f-599f-9351-69356bc23343,HPCL,HPCL-120268,"IND.LPG BOTTLING PUMP, Carbon Steel, SIZE DN 80",CMM-PUMP-DFF5C6-001,Pumps,LPG Bottling Pump,SET,Mumbai Refinery,Active,2945,2024-07-09,Mather+Platt,MAT-LBP-DN80-99
9fcae8c8-090d-5dbd-8578-07467d2fc8b4,HPCL,HPCL-120269,"SPARE-Tank Farm Level Gauge, SS304, SIZE 0-20 m",CMM-INSTRU-E6A7DD-001,Instrumentation,Tank Farm Level Gauge,NOS,Bhatinda Refinery,Active,9161,2024-08-06,Yokogawa,YOK-TFLG-0-20m-55
61c27963-4e4e-5bc0-8865-e6b3e0b08d5f,HPCL,HPCL-120270,LPG Bottling Pump Carbon Steel DN 80,CMM-PUMP-64429F-001,Pumps,LPG Bottling Pump,SET,Bhatinda Refinery,Active,9941,2024-09-20,WPIL,WPI-LBP-DN80-57
a8a09ab7-36f9-5f89-aeda-f1b367765123,HPCL,HPCL-120271,STORES ITEM 0-20 m TANK FARM LEVEL GAUGE - SS304,CMM-INSTRU-81A3AD-001,Instrumentation,Tank Farm Level Gauge,NOS,Bhatinda Refinery,Active,10904,2025-10-30,Honeywell,HON-TFLG-0-20m-45
c11d97ef-7b2c-503b-a8a2-11519fae19d6,HPCL,HPCL-120272,IND.LPG Bottling Pump Carbon Steel DN 80,CMM-PUMP-04B5DC-001,Pumps,LPG Bottling Pump,SET,Mumbai Refinery,Obsolete,6278,2025-11-18,KSB,KSB-LBP-DN80-95
2c052e2e-d45e-5c03-999c-e14c30214ced,HPCL,HPCL-120273,"IND.LPG Bottling Pump, Carbon Steel, SIZE DN 80",CMM-PUMP-725848-001,Pumps,LPG Bottling Pump,SET,Bhatinda Refinery,Active,8323,2025-04-07,Mather+Platt,MAT-LBP-DN80-60
2fe8bd2e-9229-544e-9003-1a829e35d400,HPCL,HPCL-120274,LPG Bottling Pump DN 80 Carbon Steel,CMM-PUMP-D1CD5C-001,Pumps,LPG Bottling Pump,SET,Mumbai Refinery,Active,8559,2025-03-17,WPIL,WPI-LBP-DN80-75
4ff90f6b-2218-58fb-9499-304fd5a16da4,HPCL,HPCL-120275,STORES ITEM DN 80 LPG Bottling Pump - Carbon Steel,CMM-PUMP-B74A23-001,Pumps,LPG Bottling Pump,SET,Visakh Refinery,Active,10373,2024-10-13,KSB,KSB-LBP-DN80-97
c663fe38-c804-59ca-998c-e09a71808214,IOCL,IOCL-110001,CENT. PUMP SS316 DN 100,CMM-PUMP-EFB17A-001,Pumps,Centrifugal Pump,SET,Gujarat Refinery,Active,2316,2025-06-05,Kirloskar,KIR-CP-DN100-32
58dcecee-40f3-59ff-9245-82c5c14ba7a9,IOCL,IOCL-110002,CONTROL VALVE 2 in WCB,CMM-VALVE-992419-001,Valves,Control Valve,NOS,Panipat Refinery,Obsolete,14446,2024-11-10,KSB,KSB-CV-2in-77
d0904fe4-0acf-513a-a916-84558c2d0911,IOCL,IOCL-110003,"XLPE Cable, XLPE Insulated, SIZE 4C x 25 sq mm",CMM-ELECTR-AD2D59-001,Electrical,XLPE Cable,MTR,Gujarat Refinery,Slow-Moving,14506,2025-08-07,Siemens,SIE-XC-4Cx25sqmm-36
c7999df1-45e3-5307-891b-f7f98041d630,IOCL,IOCL-110004,"SPARE-Reciprocating Pump, Carbon Steel, SIZE DN 80",CMM-PUMP-986768-001,Pumps,Reciprocating Pump,SET,Mathura Refinery,Active,2194,2025-11-18,Kirloskar,KIR-RP-DN80-41
13d80fb5-4413-557e-b992-1b1614d97578,IOCL,IOCL-110005,IND.FLANGE IS 2062 DN 50,CMM-PIPEF-779420-001,Pipes & Fittings,Flange,MTR,Haldia Refinery,Active,7057,2025-07-28,Jindal Pipes,JINPIP-F-DN50-99
c6787612-6d99-5678-9997-648e0e3fae54,IOCL,IOCL-110006,IND.REDUCER DN 100 ASTM A106 Gr B,CMM-PIPEF-C9F1AA-001,Pipes & Fittings,Reducer,MTR,Barauni Refinery,Slow-Moving,9747,2025-07-31,Tata Steel,TATSTE-R-DN100-93
16f5825a-3e2e-58c6-afc2-c2dd5170df45,IOCL,IOCL-110007,3C x 95 sq mm XLPE CABLE - Aluminium,CMM-ELECTR-79A6DD-001,Electrical,XLPE Cable,MTR,Gujarat Refinery,Active,12271,2025-07-17,Crompton Greaves,CROGRE-XC-3Cx95sqmm-40
a435d33a-3f11-5de8-8f8b-e0a8ebc4c7fd,IOCL,IOCL-110008,STORES ITEM M12 x 50 HEX NUT - Grade 8.8,CMM-FASTNR-412B68-001,Fasteners,Hex Nut,KG,Barauni Refinery,Active,8140,2025-03-24,Sundram Fasteners,SUNFAS-HN-M12x50-16
301c6fc1-64af-5cf9-82b2-48c95b7e004a,IOCL,IOCL-110009,SPARE-Control Valve WCB 1/2 in,CMM-VALVE-24B4BF-001,Valves,Control Valve,NOS,Haldia Refinery,Active,4772,2025-11-09,Fouress,FOU-CV-1-2in-42
74637219-7508-5b72-8204-fa6b039e6cdc,IOCL,IOCL-110010,IND.NEEDLE BEARING AISI 52100 6304,CMM-BEARNG-668968-001,Bearings,Needle Bearing,NOS,Panipat Refinery,Active,5704,2024-12-06,Timken,TIM-NB-6304-37
56ba9b3d-bd49-549c-a4a4-3902bfff1e23,IOCL,IOCL-110011,"BOLT HEX, Grade B7, SIZE M16 x 65",CMM-FASTNR-3AF121-001,Fasteners,Hex Bolt,NOS,Mathura Refinery,Active,10501,2024-09-17,Unbrako,UNB-HB-M16x65-88
6a9eb461-0691-5e60-bf1c-2a897eba15f8,IOCL,IOCL-110012,FLOW METER Brass 4-20 mA,CMM-INSTRU-746A35-001,Instrumentation,Flow Meter,NOS,Gujarat Refinery,Active,8841,2024-05-06,Emerson,EME-FM-4-20mA-87
152b5331-1be8-5d63-ac68-146ab5a4eef5,IOCL,IOCL-110013,O-RING NBR 2 in,CMM-SEALG-C4821B-001,Seals,O-Ring,NOS,Barauni Refinery,Active,4633,2024-02-03,Flowserve,FLO-O-2in-76
c569f6d6-a69a-57e5-a4e3-168f7b7cf51c,IOCL,IOCL-110014,"STORES ITEM FLANGE, IS 2062, SIZE DN 150",CMM-PIPEF-BBD3DF-001,Pipes & Fittings,Flange,MTR,Mathura Refinery,Active,13606,2025-04-09,Maharashtra Seamless,MAHSEA-F-DN150-93
e56d67a1-44c6-5662-839f-d2a1830274f6,IOCL,IOCL-110015,STORES ITEM Submersible Pump DN 100 SS316,CMM-PUMP-0F45F6-001,Pumps,Submersible Pump,SET,Haldia Refinery,Active,1325,2024-11-16,WPIL,WPI-SP-DN100-10
be41dfb3-16b7-5156-a760-c7d4185314bb,IOCL,IOCL-110016,IND.SUBMERSIBLE PUMP SS316 DN 80,CMM-PUMP-E31790-001,Pumps,Submersible Pump,SET,Mathura Refinery,Active,7295,2025-10-08,KSB,KSB-SP-DN80-58
f1b164ac-4781-509b-8028-5fd253098fc1,IOCL,IOCL-110017,SPARE-Submersible Pump DN 80 Carbon Steel,CMM-PUMP-F3916E-001,Pumps,Submersible Pump,SET,Panipat Refinery,Active,6383,2024-10-17,Mather+Platt,MAT-SP-DN80-81
d71d48d4-16dd-5928-bc4f-8f003f52aedf,IOCL,IOCL-110018,"STORES ITEM VERTICAL TURBINE PUMP, Duplex Steel, SIZE 2 in x 1.5 in",CMM-PUMP-2F3FCE-001,Pumps,Vertical Turbine Pump,SET,Gujarat Refinery,Slow-Moving,7735,2025-04-04,Kirloskar,KIR-VTP-2inx1.5in-18
8a6709d3-b5e1-5947-a8fc-b744d9f0da80,IOCL,IOCL-110019,4 in Gate Valve - SS316,CMM-VALVE-11F993-001,Valves,Gate Valve,NOS,Mathura Refinery,Active,13378,2025-10-20,Leader Valves,LEAVAL-GV-4in-95
e169f6d4-db2b-579c-903f-89ce53456ef0,IOCL,IOCL-110020,"Seamless Pipe, SS316L, SIZE DN 100",CMM-PIPEF-814451-001,Pipes & Fittings,Seamless Pipe,MTR,Haldia Refinery,Active,6127,2025-01-15,Jindal Pipes,JINPIP-SP-DN100-47
806ecbc1-4ce6-53d4-9ff2-6fba096c4d57,IOCL,IOCL-110021,Mechanical Seal 100 mm PTFE,CMM-SEALG-9F5E86-001,Seals,Mechanical Seal,NOS,Mathura Refinery,Active,6573,2025-05-05,Chesterton,CHE-MS-100mm-48
0ac3d6f5-ac29-5c7b-93b6-884a044598b3,IOCL,IOCL-110022,SPARE-HEX NUT Carbon Steel M10 x 40,CMM-FASTNR-26351F-001,Fasteners,Hex Nut,NOS,Mathura Refinery,Active,6120,2025-06-11,Unbrako,UNB-HN-M10x40-19
e3af8bcb-17d5-5386-bea9-39532fbcca1a,IOCL,IOCL-110023,IND.Thrust Bearing Stainless Steel 6208,CMM-BEARNG-A2CB3C-001,Bearings,Thrust Bearing,NOS,Gujarat Refinery,Obsolete,7698,2025-05-25,NBC Bearings,NBCBEA-TB-6208-42
e5c9b501-e695-5009-848e-5f8608b3d42e,IOCL,IOCL-110024,RTD SENSOR SS316 0-100 bar,CMM-INSTRU-59A2A6-001,Instrumentation,RTD Sensor,NOS,Barauni Refinery,Slow-Moving,12105,2024-03-04,Yokogawa,YOK-RS-0-100bar-89
5d2409d2-0a1b-5af3-9961-346e02658446,IOCL,IOCL-110025,SPARE-GLOBE VALVE 4 in LCB,CMM-VALVE-9903B8-001,Valves,Globe Valve,NOS,Mathura Refinery,Active,1037,2024-03-11,Audco,AUD-GV-4in-10
734e2fed-9596-540e-b011-e975da921f32,IOCL,IOCL-110026,65 mm Mechanical Seal - Graphite,CMM-SEALG-260F99-001,Seals,Mechanical Seal,NOS,Panipat Refinery,Active,12707,2025-11-19,Sealol,SEA-MS-65mm-18
f047bb2c-90f8-5d30-9aa2-d6d34856c023,IOCL,IOCL-110027,ANCHOR BOLT M20 x 80 Carbon Steel,CMM-FASTNR-B4A1EA-001,Fasteners,Anchor Bolt,KG,Gujarat Refinery,Slow-Moving,3132,2025-08-24,Precision Fasteners,PREFAS-AB-M20x80-07
4bd84a3b-7aca-528f-8f2f-0acf42e0196f,IOCL,IOCL-110028,2 in Oil Seal - Viton,CMM-SEALG-29423B-001,Seals,Oil Seal,KG,Mathura Refinery,Slow-Moving,9282,2025-11-04,Chesterton,CHE-OS-2in-61
7564bd46-afa1-5103-9647-6c4ac74f40c4,IOCL,IOCL-110029,"SPARE-Spiral Wound Gasket, PTFE, SIZE 2 in",CMM-SEALG-C65128-001,Seals,Spiral Wound Gasket,NOS,Barauni Refinery,Active,2575,2025-03-09,Flowserve,FLO-SWG-2in-87
601e1093-78c4-58b1-a7ae-1a81c99f23a5,IOCL,IOCL-110030,PRESSURE GAUGE 0-500 Deg C Polycarbonate,CMM-INSTRU-58342A-001,Instrumentation,Pressure Gauge,NOS,Barauni Refinery,Active,5670,2025-10-25,Emerson,EME-PG-0-500DegC-41
b247cf06-d30c-5366-b3d0-46ecf7c954c6,IOCL,IOCL-110031,STORES ITEM 22208 Thrust Bearing - Stainless Steel,CMM-BEARNG-52104E-001,Bearings,Thrust Bearing,NOS,Barauni Refinery,Active,14423,2025-01-12,SKF,SKF-TB-22208-58
15965dfa-8b09-59ad-b1b1-fe3336c8faad,IOCL,IOCL-110032,"SPARE-Thrust Bearing, AISI 52100, SIZE 6304",CMM-BEARNG-67CA99-001,Bearings,Thrust Bearing,NOS,Panipat Refinery,Active,8398,2024-07-12,SKF,SKF-TB-6304-32
e4af3bb0-daed-51ab-beec-f1b0ce5e71c4,IOCL,IOCL-110033,SPARE-6 in ELBOW 90 DEG - ASTM A106 Gr B,CMM-PIPEF-F76C77-001,Pipes & Fittings,Elbow 90 Deg,MTR,Barauni Refinery,Active,7533,2024-01-09,ISMT,ISM-E9D-6in-09
3c850491-f397-5304-93e4-4863297eea06,IOCL,IOCL-110034,SPARE-RECIPROCATING PUMP Carbon Steel 2 in x 1.5 in,CMM-PUMP-71A39E-001,Pumps,Reciprocating Pump,SET,Panipat Refinery,Active,5920,2024-07-31,Kirloskar,KIR-RP-2inx1.5in-22
2e7fa017-afa5-58a4-9699-86f64522e920,IOCL,IOCL-110035,"SPARE-O-RING, NBR, SIZE 50 mm",CMM-SEALG-8A8051-001,Seals,O-Ring,KG,Haldia Refinery,Active,6675,2025-04-08,Sealol,SEA-O-50mm-51
84d0d992-a690-56ad-a0a2-fa39f426c6dd,IOCL,IOCL-110036,"SPIRAL WOUND GASKET, NBR, SIZE 50 mm",CMM-SEALG-66D3AC-001,Seals,Spiral Wound Gasket,KG,Haldia Refinery,Active,13332,2024-10-14,Flowserve,FLO-SWG-50mm-24
f506107b-c3fc-58b3-a3d9-0e114b8badae,IOCL,IOCL-110037,CIRCUIT BREAKER Aluminium 1C x 300 sq mm,CMM-ELECTR-C565E9-001,Electrical,Circuit Breaker,MTR,Barauni Refinery,Active,7905,2025-08-14,ABB,ABB-CB-1Cx300sqmm-64
5b587247-05e4-593d-9382-1e7deb85997c,IOCL,IOCL-110038,"STORES ITEM Reciprocating Pump, Cast Iron, SIZE 2 in x 1.5 in",CMM-PUMP-DB6C55-001,Pumps,Reciprocating Pump,SET,Mathura Refinery,Active,7163,2024-06-09,Kirloskar,KIR-RP-2inx1.5in-79
0af17f14-7460-594c-8075-1ec58ab67153,IOCL,IOCL-110039,STORES ITEM 415V 100A Induction Motor - Copper,CMM-ELECTR-E728FA-001,Electrical,Induction Motor,MTR,Mathura Refinery,Active,14841,2024-02-05,Crompton Greaves,CROGRE-IM-415V100A-88
382237d9-ff95-5d62-9f84-044d8ea7f513,IOCL,IOCL-110040,STORES ITEM 30205 BALL BRG - Stainless Steel,CMM-BEARNG-491461-001,Bearings,Ball Bearing,NOS,Haldia Refinery,Active,5000,2025-11-24,Timken,TIM-BB-30205-55
8eb69229-eca5-51fc-9432-9f516f7842a8,IOCL,IOCL-110041,IND.1/2 in NPT RTD SENSOR - SS316,CMM-INSTRU-E82054-001,Instrumentation,RTD Sensor,NOS,Gujarat Refinery,Slow-Moving,9209,2024-07-06,ABB,ABB-RS-1-2inNPT-38
77748c87-1363-53c3-b7a3-a9fb4e83503e,IOCL,IOCL-110042,STORES ITEM 1C x 300 sq mm Distribution Transformer - XLPE Insulated,CMM-ELECTR-8C5683-001,Electrical,Distribution Transformer,MTR,Haldia Refinery,Active,13547,2024-02-16,Siemens,SIE-DT-1Cx300sqmm-40
eb3eebed-2aa6-52b5-b205-a9d286fcad59,IOCL,IOCL-110043,REDUCER 6 in SS316L,CMM-PIPEF-91DF1A-001,Pipes & Fittings,Reducer,MTR,Haldia Refinery,Slow-Moving,14636,2024-02-16,Maharashtra Seamless,MAHSEA-R-6in-87
cb4bc868-ff7f-5acd-bc47-32f53cfc1933,IOCL,IOCL-110044,M10 x 40 FLAT WASHER - Carbon Steel,CMM-FASTNR-1AF629-001,Fasteners,Flat Washer,NOS,Gujarat Refinery,Slow-Moving,9119,2025-10-09,Precision Fasteners,PREFAS-FW-M10x40-18
03420209-096f-5de5-8321-a154894be572,IOCL,IOCL-110045,M10 x 40 Hex Nut - SS304,CMM-FASTNR-459DCA-001,Fasteners,Hex Nut,NOS,Panipat Refinery,Active,9432,2025-07-17,GKW,GKW-HN-M10x40-20
5eb9e024-404c-57e3-8be0-d3740529d368,IOCL,IOCL-110046,"IND.Centrifugal Pump, Duplex Steel, SIZE 3 in x 2 in",CMM-PUMP-82AEB3-001,Pumps,Centrifugal Pump,SET,Mathura Refinery,Slow-Moving,7000,2024-04-16,WPIL,WPI-CP-3inx2in-69
2eb1ec7c-728f-5003-97e5-f6f6b027df3a,IOCL,IOCL-110047,"STORES ITEM OIL SEAL, NBR, SIZE 2 in",CMM-SEALG-ACB3E9-001,Seals,Oil Seal,NOS,Mathura Refinery,Slow-Moving,9710,2024-10-24,Flowserve,FLO-OS-2in-61
11ed30a8-fad8-533a-97ca-4d02c7a349a8,IOCL,IOCL-110048,IND.Equal Tee 6 in IS 2062,CMM-PIPEF-AE5889-001,Pipes & Fittings,Equal Tee,MTR,Gujarat Refinery,Active,9755,2024-06-13,Maharashtra Seamless,MAHSEA-ET-6in-83
549c667d-6812-5898-b1b5-73b71758796a,IOCL,IOCL-110049,SPARE-Control Valve ASTM A216 WCB 4 in,CMM-VALVE-781509-001,Valves,Control Valve,NOS,Mathura Refinery,Active,1177,2024-08-23,Fouress,FOU-CV-4in-85
048e9833-21ad-5f84-bcc0-f974150fa91a,IOCL,IOCL-110050,IND.OIL SEAL 2 in Viton,CMM-SEALG-18752C-001,Seals,Oil Seal,KG,Panipat Refinery,Active,6612,2024-12-12,Flowserve,FLO-OS-2in-96
9028bd9d-014d-5874-b9f4-9ea10612095b,IOCL,IOCL-110051,SPARE-STUD BOLT Grade B7 M24 x 100,CMM-FASTNR-E57005-001,Fasteners,Stud Bolt,NOS,Gujarat Refinery,Active,7339,2025-01-06,Precision Fasteners,PREFAS-SB-M24x100-41
ba30612a-d7ab-5b81-8d04-2b5bf5a77407,IOCL,IOCL-110052,1/2 in NPT RTD SENSOR - Polycarbonate,CMM-INSTRU-014C39-001,Instrumentation,RTD Sensor,NOS,Mathura Refinery,Active,14033,2024-03-11,ABB,ABB-RS-1-2inNPT-89
57c6ecbe-f35d-5a96-ac95-a0159334d901,IOCL,IOCL-110053,"SPARE-CENT. PUMP, Cast Iron, SIZE 3 in x 2 in",CMM-PUMP-329011-001,Pumps,Centrifugal Pump,SET,Gujarat Refinery,Active,741,2025-07-16,WPIL,WPI-CP-3inx2in-61
8e5ee46c-7a88-5361-af4b-290b988a746a,IOCL,IOCL-110054,STORES ITEM RUBBER GASKET NBR 50 mm,CMM-SEALG-C5D451-001,Seals,Rubber Gasket,NOS,Haldia Refinery,Slow-Moving,5349,2025-09-15,Sealol,SEA-RG-50mm-41
932d7834-eea6-5f3c-81ca-96cb2b49168a,IOCL,IOCL-110055,VERTICAL TURBINE PUMP Carbon Steel 2 in x 1.5 in,CMM-PUMP-7D55C9-001,Pumps,Vertical Turbine Pump,SET,Panipat Refinery,Active,12728,2025-12-15,KSB,KSB-VTP-2inx1.5in-71
bfda71fe-892d-5aa8-b3c0-a48d27ec6abb,IOCL,IOCL-110056,"FLAT WASHER, Grade 10.9, SIZE M12 x 50",CMM-FASTNR-EF8E28-001,Fasteners,Flat Washer,NOS,Gujarat Refinery,Active,10998,2024-01-19,Unbrako,UNB-FW-M12x50-27
7f3fb8b9-1c46-5feb-ab1a-dfd953389bb9,IOCL,IOCL-110057,STORES ITEM REDUCER DN 80 Alloy Steel,CMM-PIPEF-887486-001,Pipes & Fittings,Reducer,MTR,Haldia Refinery,Active,13555,2025-01-24,Jindal Pipes,JINPIP-R-DN80-59
3ebaa041-2177-51b7-ac6d-bcef5ee47dec,IOCL,IOCL-110058,"STORES ITEM Ball Valve, SS316, SIZE 4 in",CMM-VALVE-609631-001,Valves,Ball Valve,NOS,Haldia Refinery,Active,4709,2025-09-17,KSB,KSB-BV-4in-12
f309ada5-628c-5b4a-a490-a7ea6ccc9f13,IOCL,IOCL-110059,STORES ITEM LEVEL TRANSMITTER Brass 1/2 in NPT,CMM-INSTRU-61E856-001,Instrumentation,Level Transmitter,NOS,Barauni Refinery,Obsolete,967,2025-06-17,Yokogawa,YOK-LT-1-2inNPT-20
2416a14c-ae64-540d-bac3-ff0710afb787,IOCL,IOCL-110060,IND.DN 100 RECIPROCATING PUMP - Duplex Steel,CMM-PUMP-8BAE9F-001,Pumps,Reciprocating Pump,SET,Gujarat Refinery,Active,8998,2025-08-13,Mather+Platt,MAT-RP-DN100-55
a436b465-9438-5280-9e66-fa2e050d5501,IOCL,IOCL-110061,IND.TEMPERATURE TRANSMITTER 0-100 bar Brass,CMM-INSTRU-027BD0-001,Instrumentation,Temperature Transmitter,NOS,Haldia Refinery,Obsolete,10938,2025-02-03,Yokogawa,YOK-TT-0-100bar-58
bab84eaf-b3f2-5ea3-8693-3d3a2be6fb69,IOCL,IOCL-110062,"SPARE-Check Valve, ASTM A216 WCB, SIZE 1 in",CMM-VALVE-A923FC-001,Valves,Check Valve,NOS,Gujarat Refinery,Slow-Moving,10502,2025-09-18,Leader Valves,LEAVAL-CV-1in-98
8a150f36-a9ac-57c1-907d-565d250bc35c,IOCL,IOCL-110063,GLOBE VALVE LCB 2 in,CMM-VALVE-C12B9C-001,Valves,Globe Valve,NOS,Mathura Refinery,Active,9343,2024-05-15,L&T Valves,L&TVAL-GV-2in-44
d5c5099b-9c71-5f84-9e3f-0af863adbb4a,IOCL,IOCL-110064,SPARE-Distribution Transformer XLPE Insulated 3C x 95 sq mm,CMM-ELECTR-45EFBF-001,Electrical,Distribution Transformer,MTR,Haldia Refinery,Active,14906,2025-12-05,Havells,HAV-DT-3Cx95sqmm-82
fdc58b1f-37a5-5c7d-9774-12c2ca561ff2,IOCL,IOCL-110065,SPARE-WELDED PIPE DN 100 IS 2062,CMM-PIPEF-CA4F29-001,Pipes & Fittings,Welded Pipe,MTR,Panipat Refinery,Active,8727,2025-10-16,Tata Steel,TATSTE-WP-DN100-35
df7001b8-01f5-57d7-a38f-f5ccd30efa52,IOCL,IOCL-110066,Check Valve 1/2 in SS316,CMM-VALVE-3C3B28-001,Valves,Check Valve,NOS,Mathura Refinery,Active,11777,2024-07-15,L&T Valves,L&TVAL-CV-1-2in-31
18533023-d96e-5d10-a8f5-0608c2a86439,IOCL,IOCL-110067,"Flow Meter, SS316, SIZE 0-500 Deg C",CMM-INSTRU-21D516-001,Instrumentation,Flow Meter,NOS,Barauni Refinery,Active,3539,2025-11-07,Honeywell,HON-FM-0-500DegC-33
e3c00ca9-5767-5e08-8279-83f8aa008aa3,IOCL,IOCL-110068,IND.2 in FLANGE - ASTM A106 Gr B,CMM-PIPEF-68A5E4-001,Pipes & Fittings,Flange,MTR,Barauni Refinery,Active,6075,2024-11-11,Maharashtra Seamless,MAHSEA-F-2in-88
e65c25c8-6144-568b-84a1-3af6d5fdf079,IOCL,IOCL-110069,SPARE-M20 x 80 Hex Nut - Carbon Steel,CMM-FASTNR-7426EC-001,Fasteners,Hex Nut,NOS,Gujarat Refinery,Active,7438,2024-09-11,Precision Fasteners,PREFAS-HN-M20x80-53
ae63803f-877e-535b-ae63-69462da8230e,IOCL,IOCL-110070,IND.SWITCHGEAR PANEL Copper 3C x 95 sq mm,CMM-ELECTR-65A8AE-001,Electrical,Switchgear Panel,MTR,Mathura Refinery,Obsolete,14433,2025-04-24,ABB,ABB-SP-3Cx95sqmm-06
e9edc2fd-74d8-57ff-b8a9-19a944a5186f,IOCL,IOCL-110071,SPARE-INDUCTION MOTOR 415V 100A Aluminium,CMM-ELECTR-42D24C-001,Electrical,Induction Motor,MTR,Panipat Refinery,Slow-Moving,2569,2024-01-30,BHEL,BHE-IM-415V100A-37
7198a265-b100-5f37-b09e-fefa058e96f6,IOCL,IOCL-110072,4-20 mA Pressure Gauge - Brass,CMM-INSTRU-DE763E-001,Instrumentation,Pressure Gauge,NOS,Barauni Refinery,Obsolete,11132,2024-08-17,Yokogawa,YOK-PG-4-20mA-81
71c82abe-30fc-5e02-9881-86c7020232a0,IOCL,IOCL-110073,50 mm SPIRAL WOUND GASKET - Viton,CMM-SEALG-AB281C-001,Seals,Spiral Wound Gasket,NOS,Barauni Refinery,Slow-Moving,14032,2025-12-07,Flowserve,FLO-SWG-50mm-34
289b1aa0-4158-5512-a682-4853f6bafe7c,IOCL,IOCL-110074,6208 Ball Bearing - Stainless Steel,CMM-BEARNG-0FD5BF-001,Bearings,Ball Bearing,NOS,Barauni Refinery,Active,12417,2025-02-28,SKF,SKF-BB-6208-44
7ec02779-d15a-576e-a465-aad043089ff3,IOCL,IOCL-110075,415V 100A Circuit Breaker - XLPE Insulated,CMM-ELECTR-9FEFD2-001,Electrical,Circuit Breaker,MTR,Mathura Refinery,Active,12453,2025-10-12,ABB,ABB-CB-415V100A-37
ff22fa55-6b81-5d18-8314-8960db512c4e,IOCL,IOCL-110076,"SPARE-Hex Bolt, Carbon Steel, SIZE M24 x 100",CMM-FASTNR-3B5A1B-001,Fasteners,Hex Bolt,NOS,Barauni Refinery,Slow-Moving,5969,2025-04-10,Precision Fasteners,PREFAS-HB-M24x100-67
872fdc8c-80bb-50d1-96b3-db4e5c4b8bc2,IOCL,IOCL-110077,DN 80 FLANGE - SS316L,CMM-PIPEF-A6DA56-001,Pipes & Fittings,Flange,MTR,Mathura Refinery,Active,6719,2024-03-08,Jindal Pipes,JINPIP-F-DN80-50
7baacfb8-13ba-5a45-9405-baa8cb3eb2ea,IOCL,IOCL-110078,Temperature Transmitter SS316 0-100 bar,CMM-INSTRU-2B591E-001,Instrumentation,Temperature Transmitter,NOS,Barauni Refinery,Active,10056,2025-10-03,Yokogawa,YOK-TT-0-100bar-41
2c756e0c-8b85-58dd-9564-4a44abdc0e72,IOCL,IOCL-110079,"SPARE-BUTTERFLY VALVE, WCB, SIZE 4 in",CMM-VALVE-0728B9-001,Valves,Butterfly Valve,NOS,Haldia Refinery,Active,14404,2024-02-13,KSB,KSB-BV-4in-79
73e2432f-06ce-5dc5-9be3-11672ac1b0c9,IOCL,IOCL-110080,IND.Temperature Transmitter 0-100 bar SS316,CMM-INSTRU-2B591E-001,Instrumentation,Temperature Transmitter,NOS,Gujarat Refinery,Active,4339,2024-04-13,ABB,ABB-TT-0-100bar-44
4511a9a1-016f-56cf-8e4c-6fe4ba2d9ac9,IOCL,IOCL-110081,Circuit Breaker XLPE Insulated 3C x 95 sq mm,CMM-ELECTR-609134-001,Electrical,Circuit Breaker,MTR,Haldia Refinery,Slow-Moving,10124,2024-03-07,ABB,ABB-CB-3Cx95sqmm-17
676c4ca7-bedc-5bc2-b110-cf5095c0e54b,IOCL,IOCL-110082,"IND.BV, ASTM A351 CF8M, SIZE DN 150",CMM-VALVE-6D7FC6-001,Valves,Ball Valve,NOS,Panipat Refinery,Slow-Moving,3488,2025-04-30,Fouress,FOU-BV-DN150-61
e0356cc2-e923-52ff-a5e6-83e728b3d3e2,IOCL,IOCL-110083,IND.VERTICAL TURBINE PUMP Carbon Steel 3 in x 2 in,CMM-PUMP-9ED4F4-001,Pumps,Vertical Turbine Pump,SET,Panipat Refinery,Active,12381,2025-02-17,WPIL,WPI-VTP-3inx2in-64
24b3f91c-7986-5e6e-a172-dd29b963cfba,IOCL,IOCL-110084,"STORES ITEM LEVEL TRANSMITTER, SS316, SIZE 4-20 mA",CMM-INSTRU-7A3205-001,Instrumentation,Level Transmitter,NOS,Gujarat Refinery,Active,1615,2025-02-06,Emerson,EME-LT-4-20mA-80
7799385d-5ba1-5df2-97ab-2b573b5aa85d,IOCL,IOCL-110085,IND.EQUAL TEE Alloy Steel DN 150,CMM-PIPEF-100E96-001,Pipes & Fittings,Equal Tee,MTR,Gujarat Refinery,Active,1108,2025-05-18,ISMT,ISM-ET-DN150-78
5375dc28-e0fd-538d-87ab-6e9ce8436434,IOCL,IOCL-110086,IND.Thrust Bearing AISI 52100 6304,CMM-BEARNG-67CA99-001,Bearings,Thrust Bearing,NOS,Panipat Refinery,Obsolete,12686,2024-12-22,FAG,FAG-TB-6304-16
d648fe08-53ee-5cf6-89f6-621cf7f76a3e,IOCL,IOCL-110087,SPARE-Vertical Turbine Pump 2 in x 1.5 in SS316,CMM-PUMP-FC6AAF-001,Pumps,Vertical Turbine Pump,SET,Barauni Refinery,Active,7879,2025-05-11,WPIL,WPI-VTP-2inx1.5in-16
93e8fd2a-8c94-5e0b-bd7d-07db3abbd6b2,IOCL,IOCL-110088,BALL BRG Stainless Steel 6208,CMM-BEARNG-0669B8-001,Bearings,Ball Bearing,NOS,Haldia Refinery,Active,11221,2024-12-17,SKF,SKF-BB-6208-63
35be67a0-3d1d-584a-ab2c-c9429262900f,IOCL,IOCL-110089,SPARE-Spiral Wound Gasket 2 in Viton,CMM-SEALG-DE8656-001,Seals,Spiral Wound Gasket,NOS,Mathura Refinery,Active,1874,2024-04-01,Sealol,SEA-SWG-2in-56
92134a13-bcce-575a-b703-d45979f1d751,IOCL,IOCL-110090,3C x 95 sq mm SWITCHGEAR PANEL - XLPE Insulated,CMM-ELECTR-6BCE45-001,Electrical,Switchgear Panel,MTR,Gujarat Refinery,Active,11793,2024-08-03,ABB,ABB-SP-3Cx95sqmm-64
b492070f-9a08-51f4-9c3e-c679921eea62,IOCL,IOCL-110091,IND.DN 100 Centrifugal Pump - Carbon Steel,CMM-PUMP-BA45D5-001,Pumps,Centrifugal Pump,SET,Panipat Refinery,Slow-Moving,3576,2024-05-17,KSB,KSB-CP-DN100-31
f2ed99e4-b131-51d5-b096-ae10525658ec,IOCL,IOCL-110092,Reducer DN 80 IS 2062,CMM-PIPEF-D67C66-001,Pipes & Fittings,Reducer,MTR,Barauni Refinery,Slow-Moving,1584,2024-06-18,ISMT,ISM-R-DN80-99
127e58d4-5075-5761-817e-f48c0ea4a47b,IOCL,IOCL-110093,IND.Control Valve ASTM A351 CF8M DN 50,CMM-VALVE-0BF561-001,Valves,Control Valve,NOS,Mathura Refinery,Obsolete,1276,2025-07-13,Leader Valves,LEAVAL-CV-DN50-16
0278ad03-b34a-5ec8-bf5f-abe4637de2eb,IOCL,IOCL-110094,IND.RTD SENSOR Brass 1/2 in NPT,CMM-INSTRU-C4873D-001,Instrumentation,RTD Sensor,NOS,Haldia Refinery,Slow-Moving,4881,2024-11-28,Yokogawa,YOK-RS-1-2inNPT-42
fbae84bc-821f-5951-83da-1d5096f04125,IOCL,IOCL-110095,RTD SENSOR 4-20 mA SS316,CMM-INSTRU-7A3205-001,Instrumentation,RTD Sensor,NOS,Mathura Refinery,Slow-Moving,12558,2025-10-21,Honeywell,HON-RS-4-20mA-13
67d5fe36-2fef-581c-8011-5554ca43f422,IOCL,IOCL-110096,STORES ITEM NEEDLE BEARING Chrome Steel 6208,CMM-BEARNG-17B18A-001,Bearings,Needle Bearing,NOS,Barauni Refinery,Slow-Moving,7324,2025-10-22,FAG,FAG-NB-6208-96
84368ce7-a11c-5988-a808-7c70521d5f76,IOCL,IOCL-110097,SPARE-M24 x 100 ANCHOR BOLT - Carbon Steel,CMM-FASTNR-42CB56-001,Fasteners,Anchor Bolt,NOS,Mathura Refinery,Active,11227,2025-02-27,GKW,GKW-AB-M24x100-88
ace6ce69-1d9a-5e20-a54e-e8136f778e54,IOCL,IOCL-110098,STORES ITEM 65 mm Oil Seal - Graphite,CMM-SEALG-7A9F00-001,Seals,Oil Seal,NOS,Panipat Refinery,Slow-Moving,9251,2024-03-08,Sealol,SEA-OS-65mm-92
373b6fdc-bf95-51e3-a7bf-c6159ef2be98,IOCL,IOCL-110099,6 in Welded Pipe - Carbon Steel,CMM-PIPEF-11F53A-001,Pipes & Fittings,Welded Pipe,MTR,Panipat Refinery,Active,5445,2025-12-05,Jindal Pipes,JINPIP-WP-6in-34
ee239611-19d3-5103-bfc9-9aaf2c04696b,IOCL,IOCL-110100,"STORES ITEM Equal Tee, ASTM A106 Gr B, SIZE DN 50",CMM-PIPEF-D565F3-001,Pipes & Fittings,Equal Tee,MTR,Haldia Refinery,Active,6981,2024-06-17,ISMT,ISM-ET-DN50-50
3f0591a8-bbbb-5e5d-aefd-146c7705bc6c,IOCL,IOCL-110101,"Spiral Wound Gasket, Viton, SIZE 2 in",CMM-SEALG-F69928-001,Seals,Spiral Wound Gasket,NOS,Mathura Refinery,Obsolete,3647,2024-04-27,Chesterton,CHE-SWG-2in-64
7d850edc-ace3-5337-951c-4baf511fd0a0,IOCL,IOCL-110102,STORES ITEM Mechanical Seal NBR 100 mm,CMM-SEALG-DB0B11-001,Seals,Mechanical Seal,NOS,Mathura Refinery,Active,13034,2024-12-21,Sealol,SEA-MS-100mm-67
30151dcb-a3d2-50f8-b3bb-a7469b936df8,IOCL,IOCL-110103,THRUST BEARING 30205 Stainless Steel 150#,CMM-BEARNG-300A61-001,Bearings,Thrust Bearing,NOS,Panipat Refinery,Slow-Moving,8584,2024-05-09,FAG,FAG-TB-30205-48
537ff3ec-3b9c-5012-acca-5d349d2e6d8a,IOCL,IOCL-110104,IND.Vertical Turbine Pump 600# SS316 2 in x 1.5 in,CMM-PUMP-5991EB-001,Pumps,Vertical Turbine Pump,SET,Barauni Refinery,Active,8547,2024-08-03,Mather+Platt,MAT-VTP-2inx1.5in-12
e9aa66df-628e-50db-99ce-910d82d1820e,IOCL,IOCL-110105,"Globe Valve, ASTM A216 WCB, SIZE 2 in 300#",CMM-VALVE-2EBF9F-001,Valves,Globe Valve,NOS,Barauni Refinery,Obsolete,9243,2025-07-08,L&T Valves,L&TVAL-GV-2in-75
f39d8cf7-2140-5c52-9b76-c18099063564,IOCL,IOCL-110106,"IND.Roller Bearing, Chrome Steel, SIZE 6408 600#",CMM-BEARNG-FF170C-001,Bearings,Roller Bearing,NOS,Haldia Refinery,Active,3848,2024-08-09,SKF,SKF-RB-6408-74
5174ebf8-3a76-5c16-83e2-6a903cba46ab,IOCL,IOCL-110107,"STORES ITEM LEVEL TRANSMITTER, Polycarbonate, SIZE 0-500 Deg C 300#",CMM-INSTRU-C368B5-001,Instrumentation,Level Transmitter,NOS,Mathura Refinery,Obsolete,5117,2024-05-24,Honeywell,HON-LT-0-500DegC-26
89c5122b-bd19-5ab1-bde0-2d1e8430b68c,IOCL,IOCL-110108,"IND.ROLLER BRG, Stainless Steel, SIZE 6304 300#",CMM-BEARNG-20EFDA-001,Bearings,Roller Bearing,NOS,Gujarat Refinery,Active,7925,2024-02-05,SKF,SKF-RB-6304-55
60ae83c4-dede-5515-8eec-cfd7e31cdb40,IOCL,IOCL-110109,DISTRIBUTION TRANSFORMER 415V 100A Aluminium 600#,CMM-ELECTR-62038E-001,Electrical,Distribution Transformer,MTR,Barauni Refinery,Obsolete,6198,2025-07-04,Siemens,SIE-DT-415V100A-54
4a42b0ad-7aa2-5eba-a6c0-1ffe498db29c,IOCL,IOCL-110110,STORES ITEM Thrust Bearing 300# AISI 52100 22208,CMM-BEARNG-75E845-001,Bearings,Thrust Bearing,NOS,Barauni Refinery,Active,5523,2025-04-20,Timken,TIM-TB-22208-21
76691e21-ac73-5fcf-a395-1ad5632bffcb,IOCL,IOCL-110111,"STORES ITEM EQUAL TEE, Alloy Steel, SIZE DN 100 150#",CMM-PIPEF-82D677-001,Pipes & Fittings,Equal Tee,MTR,Barauni Refinery,Active,247,2024-09-22,Jindal Pipes,JINPIP-ET-DN100-33
5a7210ca-715e-5593-b899-96b1108239ac,IOCL,IOCL-110112,M20 x 80 STUD BOLT - Grade 10.9 150#,CMM-FASTNR-0DD604-001,Fasteners,Stud Bolt,NOS,Barauni Refinery,Slow-Moving,8442,2025-01-17,GKW,GKW-SB-M20x80-55
8d976c2f-75d1-5d3a-bcb9-215938af19d2,IOCL,IOCL-110113,"FLOW METER, SS316, SIZE 4-20 mA 300#",CMM-INSTRU-1E073D-001,Instrumentation,Flow Meter,NOS,Barauni Refinery,Active,2429,2025-08-16,Yokogawa,YOK-FM-4-20mA-86
2d04c4c2-ef92-529d-8d51-f727c3469f6f,IOCL,IOCL-110114,STORES ITEM Pressure Gauge 600# Brass 4-20 mA,CMM-INSTRU-FECC9D-001,Instrumentation,Pressure Gauge,NOS,Haldia Refinery,Active,8208,2024-07-24,Yokogawa,YOK-PG-4-20mA-14
2f10ed6e-8b63-51e3-94bc-a421566b08dc,IOCL,IOCL-110115,IND.0-500 Deg C FLOW METER - Polycarbonate 600#,CMM-INSTRU-E72497-001,Instrumentation,Flow Meter,NOS,Haldia Refinery,Active,6773,2025-12-28,Emerson,EME-FM-0-500DegC-95
0a6c56fd-cb40-5459-a64d-1da232d15fbc,IOCL,IOCL-110116,"SPARE-GLOBE VALVE, ASTM A216 WCB, SIZE DN 50 150#",CMM-VALVE-26431B-001,Valves,Globe Valve,NOS,Panipat Refinery,Active,9865,2024-05-12,Audco,AUD-GV-DN50-40
71578854-8eab-5b75-b218-41c04657e5fa,IOCL,IOCL-110117,IND.FLANGE DN 150 SS316L 300#,CMM-PIPEF-775C7D-001,Pipes & Fittings,Flange,MTR,Gujarat Refinery,Active,940,2025-10-25,Maharashtra Seamless,MAHSEA-F-DN150-26
6fd9faee-1e0e-5f24-a671-23afc6dcfea6,IOCL,IOCL-110118,"HEX NUT, Alloy Steel, SIZE M20 x 80 150#",CMM-FASTNR-75EF56-001,Fasteners,Hex Nut,KG,Mathura Refinery,Active,10940,2025-01-01,Unbrako,UNB-HN-M20x80-90
2932b7d1-91f6-5271-9613-ab7ee760ea6a,IOCL,IOCL-110119,SPIRAL WOUND GASKET 600# PTFE 2 in,CMM-SEALG-33D848-001,Seals,Spiral Wound Gasket,NOS,Panipat Refinery,Slow-Moving,5976,2024-08-18,Chesterton,CHE-SWG-2in-62
02a2d7b5-af7a-5992-bc74-33e643e2f3b4,IOCL,IOCL-110120,SPARE-M10 x 40 HEX NUT - SS316 600#,CMM-FASTNR-BF5BE1-001,Fasteners,Hex Nut,NOS,Mathura Refinery,Active,5660,2025-06-29,Precision Fasteners,PREFAS-HN-M10x40-89
d7c3a8f0-5d5a-5482-a73a-95d1e6115bf8,IOCL,IOCL-110121,STORES ITEM DN 100 Reducer - ASTM A106 Gr B 150#,CMM-PIPEF-67E91A-001,Pipes & Fittings,Reducer,MTR,Mathura Refinery,Active,12992,2025-10-10,ISMT,ISM-R-DN100-67
965d481d-a636-5f45-8b85-4d13dbe8550a,IOCL,IOCL-110122,IND.3 in x 2 in GEAR PUMP - Duplex Steel 600#,CMM-PUMP-9B401B-001,Pumps,Gear Pump,SET,Panipat Refinery,Obsolete,9071,2025-08-20,Kirloskar,KIR-GP-3inx2in-09
8b6ebfd2-ba74-5fe5-bee0-3277c017761b,IOCL,IOCL-110123,"IND.THRUST BEARING, AISI 52100, SIZE 22208 600#",CMM-BEARNG-F56C70-001,Bearings,Thrust Bearing,NOS,Gujarat Refinery,Obsolete,11839,2024-10-10,NBC Bearings,NBCBEA-TB-22208-06
83d212cd-1abb-565a-a1d1-5324230e7577,IOCL,IOCL-110124,"IND.BALL VLV, WCB, SIZE 6 in 150#",CMM-VALVE-B10C94-001,Valves,Ball Valve,NOS,Gujarat Refinery,Active,14154,2025-09-06,Fouress,FOU-BV-6in-36
a433dd28-c47d-561d-b91e-2129ec817099,IOCL,IOCL-110125,IND.OIL SEAL 100 mm Graphite 300#,CMM-SEALG-82045D-001,Seals,Oil Seal,NOS,Haldia Refinery,Active,3097,2024-08-22,Flowserve,FLO-OS-100mm-58
e93c00f2-88da-5340-a6e8-1f43d5a23874,IOCL,IOCL-110126,"IND.Centrifugal Pump, Cast Iron, SIZE DN 80 300#",CMM-PUMP-904476-001,Pumps,Centrifugal Pump,SET,Haldia Refinery,Active,2786,2024-02-19,WPIL,WPI-CP-DN80-22
4a559589-a97d-520e-b7f2-41b8cdd21a06,IOCL,IOCL-110127,SPARE-1/2 in NPT Level Transmitter - Brass 600#,CMM-INSTRU-C4873D-001,Instrumentation,Level Transmitter,NOS,Barauni Refinery,Active,891,2024-09-08,Honeywell,HON-LT-1-2inNPT-60
9937edc8-6202-58fa-8849-13f93c5bdbe2,IOCL,IOCL-110128,IND.Thrust Bearing 22208 Stainless Steel 600#,CMM-BEARNG-52104E-001,Bearings,Thrust Bearing,NOS,Haldia Refinery,Active,3499,2024-09-03,SKF,SKF-TB-22208-38
d414c356-092f-5e27-8ec1-24c130f88afe,IOCL,IOCL-110129,IND.M24 x 100 Stud Bolt - Grade B7 150#,CMM-FASTNR-9B1B0A-001,Fasteners,Stud Bolt,NOS,Haldia Refinery,Active,13555,2025-05-28,Unbrako,UNB-SB-M24x100-79
4cc2ed44-3e47-54f7-87fc-9caeefcaf6d5,IOCL,IOCL-110130,3C x 95 sq mm Induction Motor - Copper 600#,CMM-ELECTR-FD0485-001,Electrical,Induction Motor,MTR,Haldia Refinery,Active,7023,2024-10-27,BHEL,BHE-IM-3Cx95sqmm-16
47569101-6905-555d-87d2-f3c34b4de8d1,IOCL,IOCL-110131,STORES ITEM 1 in Control Valve - LCB 600#,CMM-VALVE-015BCD-001,Valves,Control Valve,NOS,Panipat Refinery,Active,3352,2025-10-12,KSB,KSB-CV-1in-48
62c83367-71b8-5376-8d93-d8e28d87afa9,IOCL,IOCL-110132,"GEAR PUMP, SS316, SIZE 3 in x 2 in 600#",CMM-PUMP-C8FAAC-001,Pumps,Gear Pump,SET,Panipat Refinery,Slow-Moving,8791,2024-04-25,Kirloskar,KIR-GP-3inx2in-75
b2f7226a-8c3d-5708-b91d-baf9cf749017,IOCL,IOCL-110133,IND.Switchgear Panel 600# Copper 3C x 95 sq mm,CMM-ELECTR-3F0657-001,Electrical,Switchgear Panel,MTR,Panipat Refinery,Active,12210,2025-10-14,Havells,HAV-SP-3Cx95sqmm-04
e017530f-c857-5838-a252-aa67fa53ff1d,IOCL,IOCL-110134,"GATE VLV, ASTM A216 WCB, SIZE DN 100 600#",CMM-VALVE-72FBEF-001,Valves,Gate Valve,NOS,Mathura Refinery,Active,6770,2025-09-08,Leader Valves,LEAVAL-GV-DN100-92
57303952-e5c5-5e3f-b154-1ae0d0362be2,IOCL,IOCL-110135,STORES ITEM THRUST BEARING 30205 Stainless Steel 300#,CMM-BEARNG-0772AD-001,Bearings,Thrust Bearing,NOS,Haldia Refinery,Slow-Moving,66,2024-01-07,FAG,FAG-TB-30205-81
fe8e78ad-d25e-557b-ac0b-b7a6a11a73a6,IOCL,IOCL-110136,Flat Washer 600# Carbon Steel M24 x 100,CMM-FASTNR-08DB7F-001,Fasteners,Flat Washer,NOS,Haldia Refinery,Active,14207,2025-02-09,Unbrako,UNB-FW-M24x100-34
f09e2c99-adc1-5710-8bb5-1e72d8d2f7ed,IOCL,IOCL-110137,IND.Stud Bolt M12 x 50 Grade B7 300#,CMM-FASTNR-AE0702-001,Fasteners,Stud Bolt,NOS,Mathura Refinery,Active,12857,2025-12-03,Precision Fasteners,PREFAS-SB-M12x50-22
7fd850a6-5805-58d6-967e-60a31c42eafa,IOCL,IOCL-110138,2 in x 1.5 in SUBMERSIBLE PUMP - Cast Iron 600#,CMM-PUMP-67F25D-001,Pumps,Submersible Pump,SET,Gujarat Refinery,Active,1495,2024-11-29,WPIL,WPI-SP-2inx1.5in-35
4ef13d33-2050-5375-8952-99dd877144b3,IOCL,IOCL-110139,"IND.PUMP CENTRIF, SS304, SIZE DN 80 600#",CMM-PUMP-F75603-001,Pumps,Centrifugal Pump,SET,Mathura Refinery,Slow-Moving,6669,2025-06-15,Kirloskar,KIR-CP-DN80-60
c159bdb0-73f0-57d2-afab-11e535aa5b08,IOCL,IOCL-110140,"IND.Switchgear Panel, Aluminium, SIZE 1C x 300 sq mm 600#",CMM-ELECTR-253FB4-001,Electrical,Switchgear Panel,MTR,Mathura Refinery,Active,9729,2024-01-23,ABB,ABB-SP-1Cx300sqmm-80
ccf88bf6-c249-51f2-bf50-49e026638083,IOCL,IOCL-110141,STORES ITEM DN 100 REDUCER - SS316L 300#,CMM-PIPEF-2725B7-001,Pipes & Fittings,Reducer,MTR,Panipat Refinery,Active,12639,2025-10-17,Jindal Pipes,JINPIP-R-DN100-16
df052859-3795-5136-8f56-d1ab5bf38733,IOCL,IOCL-110142,GV 1/2 in WCB 600#,CMM-VALVE-3C1BCA-001,Valves,Gate Valve,NOS,Mathura Refinery,Slow-Moving,1524,2025-05-15,Leader Valves,LEAVAL-GV-1-2in-30
158ebd6e-c0c1-5736-8ae5-272e362bd2ae,IOCL,IOCL-110143,TEMPERATURE TRANSMITTER 0-500 Deg C Brass 600#,CMM-INSTRU-C7F4D5-001,Instrumentation,Temperature Transmitter,NOS,Panipat Refinery,Active,10970,2025-04-23,Emerson,EME-TT-0-500DegC-97
6514c393-4c2f-5067-9f4f-b4f96d3c41d0,IOCL,IOCL-110144,"STORES ITEM Hex Nut, Grade B7, SIZE M10 x 40 300#",CMM-FASTNR-58C523-001,Fasteners,Hex Nut,NOS,Gujarat Refinery,Slow-Moving,1147,2025-12-29,GKW,GKW-HN-M10x40-95
17c28636-5032-570b-a29e-36ba03a1a2bb,IOCL,IOCL-110145,IND.TEMPERATURE TRANSMITTER 600# Polycarbonate 0-100 bar,CMM-INSTRU-472245-001,Instrumentation,Temperature Transmitter,NOS,Mathura Refinery,Active,12921,2024-01-14,Emerson,EME-TT-0-100bar-17
7b53942f-2033-52a2-a120-5a1f5ed288b0,IOCL,IOCL-110146,"ELBOW 90 DEG, IS 2062, SIZE DN 80 300#",CMM-PIPEF-C0AB5E-001,Pipes & Fittings,Elbow 90 Deg,MTR,Barauni Refinery,Obsolete,10462,2024-06-21,ISMT,ISM-E9D-DN80-45
cd5f379b-a5b9-5ece-a15e-49e52212dad4,IOCL,IOCL-110147,STORES ITEM PUMP CENTRIF 300# Alloy Steel DN 100,CMM-PUMP-3C7C8B-001,Pumps,Centrifugal Pump,SET,Panipat Refinery,Active,84,2024-01-17,KSB,KSB-CP-DN100-06
e23919b9-993a-561d-a5a2-be83a4a93902,IOCL,IOCL-110148,STORES ITEM 0-500 Deg C Pressure Gauge - SS316 300#,CMM-INSTRU-1860D4-001,Instrumentation,Pressure Gauge,NOS,Barauni Refinery,Obsolete,10697,2024-09-06,Emerson,EME-PG-0-500DegC-12
96efc731-9f38-5b05-bb89-f31b15ae4880,IOCL,IOCL-110149,STORES ITEM 2 in O-RING - NBR 300#,CMM-SEALG-E00177-001,Seals,O-Ring,NOS,Haldia Refinery,Active,5470,2024-12-08,Flowserve,FLO-O-2in-30
0b7d0ef0-b100-5149-8cb3-8b43aa9a78d3,IOCL,IOCL-110150,Check Valve DN 50 SS304 150#,CMM-VALVE-130EE9-001,Valves,Check Valve,NOS,Mathura Refinery,Active,5120,2024-01-29,Audco,AUD-CV-DN50-43
24266868-4f98-5f42-aa58-5875038c4966,IOCL,IOCL-110151,"SPARE-Hex Nut, SS304, SIZE M16 x 65 150#",CMM-FASTNR-F2986B-001,Fasteners,Hex Nut,NOS,Gujarat Refinery,Active,6535,2024-07-20,Unbrako,UNB-HN-M16x65-65
ca979156-f8d1-55e4-a95f-733dc4e92cad,IOCL,IOCL-110152,"Anchor Bolt, Alloy Steel, SIZE M16 x 65 300#",CMM-FASTNR-8FB594-001,Fasteners,Anchor Bolt,NOS,Panipat Refinery,Active,852,2025-07-18,Sundram Fasteners,SUNFAS-AB-M16x65-65
49402bfc-e07e-5072-b53a-74f94418203e,IOCL,IOCL-110153,STORES ITEM O-RING 50 mm NBR 300#,CMM-SEALG-F7AAFE-001,Seals,O-Ring,NOS,Mathura Refinery,Active,6376,2024-03-05,Chesterton,CHE-O-50mm-37
6defc09e-f223-5b6b-9284-48d06534d069,IOCL,IOCL-110154,100 mm Oil Seal - Graphite 150#,CMM-SEALG-82045D-001,Seals,Oil Seal,NOS,Gujarat Refinery,Active,4487,2024-05-14,Chesterton,CHE-OS-100mm-30
2e747c50-5231-5198-8eae-2e7eef2372d4,IOCL,IOCL-110155,"IND.MECHANICAL SEAL, Graphite, SIZE 100 mm 150#",CMM-SEALG-8BDD10-001,Seals,Mechanical Seal,NOS,Mathura Refinery,Slow-Moving,8358,2024-05-30,Sealol,SEA-MS-100mm-89
e689c724-2f6f-57d7-9de3-c0d46ba53e8b,IOCL,IOCL-110156,"Flat Washer, Grade B7, SIZE M12 x 50 300#",CMM-FASTNR-ECEE31-001,Fasteners,Flat Washer,KG,Panipat Refinery,Active,10634,2025-01-26,Sundram Fasteners,SUNFAS-FW-M12x50-49
58c46f73-b16b-5f33-a3d6-8b6984842c27,IOCL,IOCL-110157,SPARE-REDUCER 6 in IS 2062 300#,CMM-PIPEF-B78A58-001,Pipes & Fittings,Reducer,MTR,Mathura Refinery,Slow-Moving,8953,2025-03-03,Tata Steel,TATSTE-R-6in-85
b5c001cd-9367-520a-a151-aa4e78c3b1de,IOCL,IOCL-110158,Temperature Transmitter 150# Brass 4-20 mA,CMM-INSTRU-746A35-001,Instrumentation,Temperature Transmitter,NOS,Mathura Refinery,Active,12288,2024-03-26,Yokogawa,YOK-TT-4-20mA-79
08ea0024-d780-5544-bf5d-7c9d8ae63ba2,IOCL,IOCL-110159,STORES ITEM Submersible Pump 600# Carbon Steel 2 in x 1.5 in,CMM-PUMP-73D55D-001,Pumps,Submersible Pump,SET,Gujarat Refinery,Obsolete,12815,2025-04-28,Mather+Platt,MAT-SP-2inx1.5in-51
3c0388ee-00ac-5ce5-8553-b10134689028,IOCL,IOCL-110160,3C x 95 sq mm INDUCTION MOTOR - XLPE Insulated 600#,CMM-ELECTR-A4DD01-001,Electrical,Induction Motor,MTR,Mathura Refinery,Active,8481,2025-06-13,Crompton Greaves,CROGRE-IM-3Cx95sqmm-38
4bfcd95e-c235-5fde-a744-09e28db2246f,IOCL,IOCL-110161,4-20 mA LEVEL TRANSMITTER - Brass 300#,CMM-INSTRU-F3707C-001,Instrumentation,Level Transmitter,NOS,Barauni Refinery,Obsolete,5347,2025-10-11,ABB,ABB-LT-4-20mA-10
60b3d768-54f3-57c9-9298-03cb42f69a73,IOCL,IOCL-110162,IND.DN 100 Gear Pump - Cast Iron 150#,CMM-PUMP-173478-001,Pumps,Gear Pump,SET,Gujarat Refinery,Active,11439,2025-11-06,WPIL,WPI-GP-DN100-03
f2423da0-2800-590b-bcfc-b58fe83648e4,IOCL,IOCL-110163,IND.Stud Bolt 150# Grade 8.8 M20 x 80,CMM-FASTNR-4B5921-001,Fasteners,Stud Bolt,KG,Panipat Refinery,Slow-Moving,6207,2025-09-23,Sundram Fasteners,SUNFAS-SB-M20x80-75
83feef21-f844-5713-b98c-b0822390c778,IOCL,IOCL-110164,RUBBER GASKET 600# NBR 50 mm,CMM-SEALG-F9CB6E-001,Seals,Rubber Gasket,NOS,Barauni Refinery,Slow-Moving,9859,2024-02-27,Flowserve,FLO-RG-50mm-22
1cf06d52-5043-56a0-9f40-f1c24f13c5e8,IOCL,IOCL-110165,ELBOW 90 DEG 2 in Alloy Steel 600#,CMM-PIPEF-F7D030-001,Pipes & Fittings,Elbow 90 Deg,MTR,Panipat Refinery,Slow-Moving,2245,2024-08-27,Maharashtra Seamless,MAHSEA-E9D-2in-18
ef99820c-873e-59a5-a7e4-43cdb6870a2e,IOCL,IOCL-110166,STORES ITEM RUBBER GASKET 50 mm Graphite 300#,CMM-SEALG-99E573-001,Seals,Rubber Gasket,NOS,Haldia Refinery,Active,11220,2025-11-02,Flowserve,FLO-RG-50mm-77
85b11f0c-4cdd-55a3-b76d-8a1bea24b34f,IOCL,IOCL-110167,"STORES ITEM Mechanical Seal, Viton, SIZE 50 mm 300#",CMM-SEALG-6ACECF-001,Seals,Mechanical Seal,NOS,Haldia Refinery,Slow-Moving,3734,2024-05-10,Chesterton,CHE-MS-50mm-79
9a1bd137-2f92-57da-9552-dd455566e0c6,IOCL,IOCL-110168,100 mm O-Ring - Graphite 300#,CMM-SEALG-8F1270-001,Seals,O-Ring,NOS,Panipat Refinery,Active,1124,2024-01-16,Chesterton,CHE-O-100mm-62
cb69865d-65dc-5e72-8182-854251abd657,IOCL,IOCL-110169,"Temperature Transmitter, Brass, SIZE 0-500 Deg C 600#",CMM-INSTRU-C7F4D5-001,Instrumentation,Temperature Transmitter,NOS,Haldia Refinery,Active,13298,2024-08-22,ABB,ABB-TT-0-500DegC-50
b4707511-8499-5339-a379-98988da2b46e,IOCL,IOCL-110170,"Level Transmitter, Polycarbonate, SIZE 4-20 mA 300#",CMM-INSTRU-7697FA-001,Instrumentation,Level Transmitter,NOS,Barauni Refinery,Active,12509,2024-09-14,ABB,ABB-LT-4-20mA-22
bde1530e-a199-5bc4-9d4e-75276e4d3c38,IOCL,IOCL-110171,IND.6304 NEEDLE BEARING - AISI 52100 300#,CMM-BEARNG-67CA99-001,Bearings,Needle Bearing,NOS,Gujarat Refinery,Active,7858,2025-03-06,FAG,FAG-NB-6304-59
8599cc4b-a2df-553e-9681-6e7e362c9492,IOCL,IOCL-110172,IND.RTD Sensor 0-100 bar Brass 600#,CMM-INSTRU-205218-001,Instrumentation,RTD Sensor,NOS,Haldia Refinery,Obsolete,11198,2025-05-11,Emerson,EME-RS-0-100bar-77
8a929c35-fe0b-5968-a2e3-af75b94acb25,IOCL,IOCL-110173,O-RING 600# Viton 65 mm,CMM-SEALG-E57A9D-001,Seals,O-Ring,NOS,Barauni Refinery,Active,3287,2024-05-10,Sealol,SEA-O-65mm-32
ee2521d0-39a5-56e4-8113-0164424aee74,IOCL,IOCL-110174,REDUCER 150# IS 2062 2 in,CMM-PIPEF-A96212-001,Pipes & Fittings,Reducer,MTR,Mathura Refinery,Active,14743,2024-03-09,ISMT,ISM-R-2in-11
ccc43dae-38e1-5d4c-971d-0c7c5bba8b33,IOCL,IOCL-110175,100 mm Spiral Wound Gasket - Graphite 300#,CMM-SEALG-F13686-001,Seals,Spiral Wound Gasket,NOS,Gujarat Refinery,Active,7987,2025-03-12,Sealol,SEA-SWG-100mm-08
c4f97769-c70c-5403-8579-813bf8857905,IOCL,IOCL-110176,STORES ITEM 0-500 Deg C Level Transmitter - Polycarbonate 300#,CMM-INSTRU-325A21-001,Instrumentation,Level Transmitter,NOS,Haldia Refinery,Active,3268,2025-10-19,ABB,ABB-LT-0-500DegC-52
8e485ad9-f1ee-5777-9805-10a57b707d89,IOCL,IOCL-110177,PRESSURE GAUGE 300# Brass 0-500 Deg C,CMM-INSTRU-8383E5-001,Instrumentation,Pressure Gauge,NOS,Barauni Refinery,Slow-Moving,8962,2025-07-21,Honeywell,HON-PG-0-500DegC-99
74656043-42de-5e4d-a8ee-f07f178f6c22,IOCL,IOCL-110178,GLOBE VALVE 150# SS316 4 in,CMM-VALVE-2C542C-001,Valves,Globe Valve,NOS,Gujarat Refinery,Active,11331,2024-07-23,L&T Valves,L&TVAL-GV-4in-47
0fccf6fa-b425-599b-bd73-efaea0af6f3e,IOCL,IOCL-110179,EQUAL TEE 300# Carbon Steel DN 150,CMM-PIPEF-BC9186-001,Pipes & Fittings,Equal Tee,MTR,Barauni Refinery,Slow-Moving,13818,2024-05-22,ISMT,ISM-ET-DN150-49
41b92cba-eb71-5318-ba43-9385a809ad81,IOCL,IOCL-110180,IND.DN 80 Centrifugal Pump - Cast Iron 300#,CMM-PUMP-904476-001,Pumps,Centrifugal Pump,SET,Gujarat Refinery,Active,7247,2025-04-29,WPIL,WPI-CP-DN80-51
3d29a23f-83c3-51bb-86a7-aadfb2239434,IOCL,IOCL-110181,REFINERY FLARE SENSOR 1/2 in NPT SS316,CMM-INSTRU-E2B610-001,Instrumentation,Refinery Flare Sensor,NOS,Mathura Refinery,Active,3039,2025-12-02,ABB,ABB-RFS-1-2inNPT-44
ff009f9e-4331-5de5-9df4-3075937cfd9e,IOCL,IOCL-110182,COKER SLIDE VALVE ASTM A217 C5 4 in,CMM-VALVE-DA9120-001,Valves,Coker Slide Valve,NOS,Barauni Refinery,Active,12364,2025-01-02,Fouress,FOU-CSV-4in-36
5d054d05-bb40-58b1-b7fd-0399cb10ac6a,IOCL,IOCL-110183,COKER SLIDE VALVE 4 in ASTM A217 C5,CMM-VALVE-C4AB63-001,Valves,Coker Slide Valve,NOS,Haldia Refinery,Obsolete,2552,2024-08-29,Fouress,FOU-CSV-4in-73
3b5ea70a-aed5-5ad5-ac0e-59ea448a6ee1,IOCL,IOCL-110184,"STORES ITEM Coker Slide Valve, ASTM A217 C5, SIZE 4 in",CMM-VALVE-6B0728-001,Valves,Coker Slide Valve,NOS,Mathura Refinery,Active,9069,2025-06-08,KSB,KSB-CSV-4in-98
f78cabbf-7150-5590-b568-07adb1c36994,IOCL,IOCL-110185,4 in COKER SLIDE VALVE - ASTM A217 C5,CMM-VALVE-744EAE-001,Valves,Coker Slide Valve,NOS,Haldia Refinery,Slow-Moving,3382,2025-12-11,L&T Valves,L&TVAL-CSV-4in-36
c46792c4-6db5-58b7-8714-35d9eec6db38,IOCL,IOCL-110186,IND.4 in Coker Slide Valve - ASTM A217 C5,CMM-VALVE-E8D56B-001,Valves,Coker Slide Valve,NOS,Panipat Refinery,Active,5031,2025-02-08,L&T Valves,L&TVAL-CSV-4in-79
784e0d06-bc2b-5580-be7b-b34f6aeb78c7,IOCL,IOCL-110187,"Coker Slide Valve, ASTM A217 C5, SIZE 4 in",CMM-VALVE-4BEFDB-001,Valves,Coker Slide Valve,NOS,Barauni Refinery,Active,14023,2024-05-19,Audco,AUD-CSV-4in-55
40fdbb42-d160-5034-85d3-63bee47a7e66,IOCL,IOCL-110188,4 in COKER SLIDE VALVE - ASTM A217 C5,CMM-VALVE-5F2785-001,Valves,Coker Slide Valve,NOS,Haldia Refinery,Active,10944,2024-03-22,Leader Valves,LEAVAL-CSV-4in-02
403d4b10-0e75-522c-a17e-a7269a6dc554,IOCL,IOCL-110189,REFINERY FLARE SENSOR SS316 1/2 in NPT,CMM-INSTRU-CA1232-001,Instrumentation,Refinery Flare Sensor,NOS,Barauni Refinery,Active,11063,2024-01-27,Emerson,EME-RFS-1-2inNPT-92
7bbd8e5b-851e-537f-b9af-8913eb7f2711,IOCL,IOCL-110190,STORES ITEM REFINERY FLARE SENSOR 1/2 in NPT SS316,CMM-INSTRU-57243E-001,Instrumentation,Refinery Flare Sensor,NOS,Gujarat Refinery,Active,8967,2024-02-03,Honeywell,HON-RFS-1-2inNPT-05
be0bff2c-0bee-50e1-909d-fced9a547bb6,IOCL,IOCL-110191,1/2 in NPT REFINERY FLARE SENSOR - SS316,CMM-INSTRU-63AE9C-001,Instrumentation,Refinery Flare Sensor,NOS,Panipat Refinery,Active,4328,2024-06-08,Yokogawa,YOK-RFS-1-2inNPT-99
7167872f-38a9-5d53-b963-cc118409a2f9,IOCL,IOCL-110192,Coker Slide Valve 4 in ASTM A217 C5,CMM-VALVE-E15EAD-001,Valves,Coker Slide Valve,NOS,Barauni Refinery,Active,2003,2024-05-15,Audco,AUD-CSV-4in-86
791ef04c-d128-5f84-816b-e18a214bf29a,IOCL,IOCL-110193,1/2 in NPT REFINERY FLARE SENSOR - SS316,CMM-INSTRU-1A2E94-001,Instrumentation,Refinery Flare Sensor,NOS,Barauni Refinery,Active,10558,2024-06-04,Honeywell,HON-RFS-1-2inNPT-39
70222214-9283-54a3-94c8-796cf3841a0e,IOCL,IOCL-110194,STORES ITEM Coker Slide Valve ASTM A217 C5 4 in,CMM-VALVE-CDF5F5-001,Valves,Coker Slide Valve,NOS,Haldia Refinery,Obsolete,3089,2025-02-01,Audco,AUD-CSV-4in-28
e8ca7009-53dd-559e-8530-fce6d7c8de83,IOCL,IOCL-110195,COKER SLIDE VALVE 4 in ASTM A217 C5,CMM-VALVE-799437-001,Valves,Coker Slide Valve,NOS,Haldia Refinery,Active,6002,2024-10-16,KSB,KSB-CSV-4in-23
788a3407-1eed-5cd1-bf0e-4ea0b30e8e70,IOCL,IOCL-110196,IND.REFINERY FLARE SENSOR SS316 1/2 in NPT,CMM-INSTRU-794286-001,Instrumentation,Refinery Flare Sensor,NOS,Mathura Refinery,Active,275,2024-11-22,Honeywell,HON-RFS-1-2inNPT-93
0927b0e5-dc3d-5e4d-af2b-90e2c4d6997c,IOCL,IOCL-110197,SPARE-REFINERY FLARE SENSOR SS316 1/2 in NPT,CMM-INSTRU-D3E979-001,Instrumentation,Refinery Flare Sensor,NOS,Panipat Refinery,Active,5702,2025-06-27,ABB,ABB-RFS-1-2inNPT-10
361ec8ed-984b-5a8a-8bba-998d10c332de,IOCL,IOCL-110198,Coker Slide Valve 4 in ASTM A217 C5,CMM-VALVE-EA4949-001,Valves,Coker Slide Valve,NOS,Gujarat Refinery,Active,5762,2025-07-27,L&T Valves,L&TVAL-CSV-4in-54
52e4d4d9-0f05-52be-968c-79915bbbd538,IOCL,IOCL-110199,STORES ITEM 4 in Coker Slide Valve - ASTM A217 C5,CMM-VALVE-6BCCE1-001,Valves,Coker Slide Valve,NOS,Mathura Refinery,Active,11989,2025-11-01,Audco,AUD-CSV-4in-28
8fad1dfe-d9d9-59f6-8fd9-981738e4a92f,IOCL,IOCL-110200,"SPARE-COKER SLIDE VALVE, ASTM A217 C5, SIZE 4 in",CMM-VALVE-5B0612-001,Valves,Coker Slide Valve,NOS,Panipat Refinery,Active,7377,2025-07-28,KSB,KSB-CSV-4in-92
e9a9b0f9-1c35-505c-b14d-f2a6d89e4c35,IOCL,IOCL-110201,COKER SLIDE VALVE ASTM A217 C5 4 in,CMM-VALVE-FD973B-001,Valves,Coker Slide Valve,NOS,Haldia Refinery,Active,3105,2025-07-10,KSB,KSB-CSV-4in-97
395270fe-0a50-5af7-9c57-89d27d328a31,IOCL,IOCL-110202,SPARE-COKER SLIDE VALVE ASTM A217 C5 4 in,CMM-VALVE-71F000-001,Valves,Coker Slide Valve,NOS,Gujarat Refinery,Slow-Moving,12542,2024-06-19,Fouress,FOU-CSV-4in-12
3eb66db4-bc08-5f4c-b88b-0a6133fe6d2c,IOCL,IOCL-110203,"IND.COKER SLIDE VALVE, ASTM A217 C5, SIZE 4 in",CMM-VALVE-D51ED1-001,Valves,Coker Slide Valve,NOS,Mathura Refinery,Active,9777,2025-07-17,Fouress,FOU-CSV-4in-11
29d0ec52-b6ee-5f4c-a25c-982674e7bfb0,IOCL,IOCL-110204,"COKER SLIDE VALVE, ASTM A217 C5, SIZE 4 in",CMM-VALVE-D1F8A9-001,Valves,Coker Slide Valve,NOS,Panipat Refinery,Active,6550,2025-06-28,Audco,AUD-CSV-4in-48
48af3bfd-f574-5746-9bc7-1c8ba314c52e,IOCL,IOCL-110205,IND.REFINERY FLARE SENSOR 1/2 in NPT SS316,CMM-INSTRU-C5E6DF-001,Instrumentation,Refinery Flare Sensor,NOS,Gujarat Refinery,Obsolete,3328,2024-04-06,Emerson,EME-RFS-1-2inNPT-81
ea8f2d3a-0c3d-55f1-98fa-43aecab9c5a9,IOCL,IOCL-110206,"REFINERY FLARE SENSOR, SS316, SIZE 1/2 in NPT",CMM-INSTRU-05A689-001,Instrumentation,Refinery Flare Sensor,NOS,Mathura Refinery,Active,1914,2024-07-31,Yokogawa,YOK-RFS-1-2inNPT-83
130da82f-2ff9-5087-9864-2441d1ce77c9,IOCL,IOCL-110207,"STORES ITEM Coker Slide Valve, ASTM A217 C5, SIZE 4 in",CMM-VALVE-11A303-001,Valves,Coker Slide Valve,NOS,Panipat Refinery,Active,12333,2024-10-29,KSB,KSB-CSV-4in-40
e5bde84d-b0a6-5771-8692-c79be2c8b9ab,IOCL,IOCL-110208,"STORES ITEM COKER SLIDE VALVE, ASTM A217 C5, SIZE 4 in",CMM-VALVE-5610F0-001,Valves,Coker Slide Valve,NOS,Panipat Refinery,Slow-Moving,1791,2025-12-21,Audco,AUD-CSV-4in-81
ed85609a-8136-540a-82cd-731fc5a36fbd,IOCL,IOCL-110209,SPARE-REFINERY FLARE SENSOR 1/2 in NPT SS316,CMM-INSTRU-30F87D-001,Instrumentation,Refinery Flare Sensor,NOS,Haldia Refinery,Active,10266,2024-02-27,Emerson,EME-RFS-1-2inNPT-82
67ce8408-317f-5b94-98e5-7004b411f663,IOCL,IOCL-110210,IND.4 in COKER SLIDE VALVE - ASTM A217 C5,CMM-VALVE-EAB880-001,Valves,Coker Slide Valve,NOS,Panipat Refinery,Active,14118,2024-06-01,Audco,AUD-CSV-4in-80
f59c3e15-7d0d-58ba-a3a1-bda03cd6d1d0,IOCL,IOCL-110211,REFINERY FLARE SENSOR 1/2 in NPT SS316,CMM-INSTRU-39CF5A-001,Instrumentation,Refinery Flare Sensor,NOS,Mathura Refinery,Active,12590,2025-09-04,Yokogawa,YOK-RFS-1-2inNPT-97
7518eaa7-bf02-5199-b2cb-3b06761f037c,IOCL,IOCL-110212,"Coker Slide Valve, ASTM A217 C5, SIZE 4 in",CMM-VALVE-EC01C6-001,Valves,Coker Slide Valve,NOS,Barauni Refinery,Active,4350,2024-10-15,KSB,KSB-CSV-4in-39
23021301-fe2a-5541-9051-996440d34bf9,IOCL,IOCL-110213,SPARE-Refinery Flare Sensor 1/2 in NPT SS316,CMM-INSTRU-028F33-001,Instrumentation,Refinery Flare Sensor,NOS,Gujarat Refinery,Active,12300,2025-11-29,Yokogawa,YOK-RFS-1-2inNPT-65
7d8bb622-97fc-5a74-9c9a-12662dc2f61d,IOCL,IOCL-110214,STORES ITEM REFINERY FLARE SENSOR SS316 1/2 in NPT,CMM-INSTRU-91D2D9-001,Instrumentation,Refinery Flare Sensor,NOS,Mathura Refinery,Slow-Moving,11648,2025-03-18,Emerson,EME-RFS-1-2inNPT-39
4f1c2571-60be-5c8d-82ef-71af6f2b33f4,IOCL,IOCL-110215,Coker Slide Valve 4 in ASTM A217 C5,CMM-VALVE-7C3924-001,Valves,Coker Slide Valve,NOS,Barauni Refinery,Active,3434,2024-12-25,L&T Valves,L&TVAL-CSV-4in-68
0eb952f6-08e8-5ddb-98d4-21f83db205a6,IOCL,IOCL-110216,STORES ITEM 4 in COKER SLIDE VALVE - ASTM A217 C5,CMM-VALVE-B96D44-001,Valves,Coker Slide Valve,NOS,Gujarat Refinery,Obsolete,13561,2025-02-16,KSB,KSB-CSV-4in-51
39849832-ff4d-5378-aeec-c36a0a673b9f,IOCL,IOCL-110217,SPARE-REFINERY FLARE SENSOR 1/2 in NPT SS316,CMM-INSTRU-765732-001,Instrumentation,Refinery Flare Sensor,NOS,Haldia Refinery,Slow-Moving,9946,2024-06-18,Emerson,EME-RFS-1-2inNPT-09
e42faf2d-db6d-500c-b63c-4ae1b66fde38,IOCL,IOCL-110218,1/2 in NPT REFINERY FLARE SENSOR - SS316,CMM-INSTRU-CC71D0-001,Instrumentation,Refinery Flare Sensor,NOS,Barauni Refinery,Active,1225,2025-11-06,ABB,ABB-RFS-1-2inNPT-59
0d0bcd42-fc67-582c-ba8e-0d8fb91d1aeb,IOCL,IOCL-110219,IND.4 in COKER SLIDE VALVE - ASTM A217 C5,CMM-VALVE-B1FF82-001,Valves,Coker Slide Valve,NOS,Panipat Refinery,Active,5772,2025-12-31,Fouress,FOU-CSV-4in-33
92b6cd68-0a33-5169-8b50-72c57ef84026,IOCL,IOCL-110220,Refinery Flare Sensor SS316 1/2 in NPT,CMM-INSTRU-EB947D-001,Instrumentation,Refinery Flare Sensor,NOS,Mathura Refinery,Slow-Moving,6328,2025-04-16,Honeywell,HON-RFS-1-2inNPT-87
4b2924a2-700f-50e5-94a9-0ea6a86ec775,IOCL,IOCL-110221,"SPARE-Refinery Flare Sensor, SS316, SIZE 1/2 in NPT",CMM-INSTRU-6B7F1D-001,Instrumentation,Refinery Flare Sensor,NOS,Gujarat Refinery,Slow-Moving,1403,2024-04-20,Yokogawa,YOK-RFS-1-2inNPT-10
54212669-7455-5926-8117-9a4caba08d6a,IOCL,IOCL-110222,Refinery Flare Sensor SS316 1/2 in NPT,CMM-INSTRU-82A6A9-001,Instrumentation,Refinery Flare Sensor,NOS,Gujarat Refinery,Slow-Moving,6519,2024-10-25,Emerson,EME-RFS-1-2inNPT-50
32b7c5e7-6473-5964-be1f-ab795b3ef961,IOCL,IOCL-110223,REFINERY FLARE SENSOR SS316 1/2 in NPT,CMM-INSTRU-21B419-001,Instrumentation,Refinery Flare Sensor,NOS,Gujarat Refinery,Active,1981,2024-12-06,Emerson,EME-RFS-1-2inNPT-75
f9bba371-2e07-50d6-b7d5-3284f83b7f25,IOCL,IOCL-110224,SPARE-1/2 in NPT REFINERY FLARE SENSOR - SS316,CMM-INSTRU-DD7A4B-001,Instrumentation,Refinery Flare Sensor,NOS,Gujarat Refinery,Slow-Moving,6233,2025-08-10,Emerson,EME-RFS-1-2inNPT-42
cd1e5d5b-66d7-517f-9c19-98ad0662b29f,IOCL,IOCL-110225,REFINERY FLARE SENSOR SS316 1/2 in NPT,CMM-INSTRU-27F467-001,Instrumentation,Refinery Flare Sensor,NOS,Haldia Refinery,Active,13955,2025-08-20,ABB,ABB-RFS-1-2inNPT-38
5c39b285-57ec-5e75-bdf0-4f25bfdd16e4,IOCL,IOCL-110226,Refinery Flare Sensor SS316 1/2 in NPT,CMM-INSTRU-20EC15-001,Instrumentation,Refinery Flare Sensor,NOS,Gujarat Refinery,Active,10874,2024-02-03,Honeywell,HON-RFS-1-2inNPT-46
30c0b208-8be9-5638-b859-27957078c818,IOCL,IOCL-110227,Refinery Flare Sensor 1/2 in NPT SS316,CMM-INSTRU-76250E-001,Instrumentation,Refinery Flare Sensor,NOS,Haldia Refinery,Active,7325,2025-02-24,Honeywell,HON-RFS-1-2inNPT-45
98c453b5-ada2-5a0d-96ac-f2aad4f804c9,IOCL,IOCL-110228,1/2 in NPT Refinery Flare Sensor - SS316,CMM-INSTRU-EFA3E9-001,Instrumentation,Refinery Flare Sensor,NOS,Gujarat Refinery,Active,11206,2025-11-27,ABB,ABB-RFS-1-2inNPT-60
9d6592a7-18ae-513e-99b5-4e1623ee0c7c,IOCL,IOCL-110229,STORES ITEM Refinery Flare Sensor SS316 1/2 in NPT,CMM-INSTRU-3E1411-001,Instrumentation,Refinery Flare Sensor,NOS,Mathura Refinery,Active,14498,2024-09-21,Honeywell,HON-RFS-1-2inNPT-61
996b7da1-9806-5939-bc3f-25f449eb3eaf,IOCL,IOCL-110230,Coker Slide Valve 4 in ASTM A217 C5,CMM-VALVE-F60DD7-001,Valves,Coker Slide Valve,NOS,Haldia Refinery,Slow-Moving,3070,2024-07-05,L&T Valves,L&TVAL-CSV-4in-19
882ec1de-bc33-56c7-bfdb-18cda0225152,IOCL,IOCL-110231,"IND.REFINERY FLARE SENSOR, SS316, SIZE 1/2 in NPT",CMM-INSTRU-001E9A-001,Instrumentation,Refinery Flare Sensor,NOS,Barauni Refinery,Active,3818,2025-03-09,Yokogawa,YOK-RFS-1-2inNPT-30
1421e879-17b9-59ce-a926-f2de154b47a9,IOCL,IOCL-110232,SPARE-4 in COKER SLIDE VALVE - ASTM A217 C5,CMM-VALVE-FD2261-001,Valves,Coker Slide Valve,NOS,Panipat Refinery,Active,8219,2024-02-25,KSB,KSB-CSV-4in-63
5ee014b1-c26e-5290-a335-448382172dae,IOCL,IOCL-110233,"IND.Refinery Flare Sensor, SS316, SIZE 1/2 in NPT",CMM-INSTRU-E031A2-001,Instrumentation,Refinery Flare Sensor,NOS,Barauni Refinery,Active,8462,2025-06-21,Honeywell,HON-RFS-1-2inNPT-94
f6f5f13f-ae79-54e5-a744-d85a24f6b8a3,IOCL,IOCL-110234,IND.REFINERY FLARE SENSOR 1/2 in NPT SS316,CMM-INSTRU-110879-001,Instrumentation,Refinery Flare Sensor,NOS,Barauni Refinery,Active,8377,2025-04-29,Honeywell,HON-RFS-1-2inNPT-85
8dac88f8-56fb-582e-9ed7-0724352494a6,IOCL,IOCL-110235,4 in Coker Slide Valve - ASTM A217 C5,CMM-VALVE-20A119-001,Valves,Coker Slide Valve,NOS,Panipat Refinery,Active,1461,2024-12-31,Fouress,FOU-CSV-4in-36
98b9f04c-fd57-53af-82ca-6115d6ba7c6c,IOCL,IOCL-110236,IND.4 in COKER SLIDE VALVE - ASTM A217 C5,CMM-VALVE-E7B3FB-001,Valves,Coker Slide Valve,NOS,Panipat Refinery,Active,11477,2025-08-24,Fouress,FOU-CSV-4in-92
08e0d4f6-bb38-56d0-ac98-63b81e356c6b,IOCL,IOCL-110237,STORES ITEM REFINERY FLARE SENSOR 1/2 in NPT SS316,CMM-INSTRU-07ECAA-001,Instrumentation,Refinery Flare Sensor,NOS,Gujarat Refinery,Active,14600,2025-09-08,Yokogawa,YOK-RFS-1-2inNPT-69
4c2037a9-fe16-56a1-99cf-6736ca781230,IOCL,IOCL-110238,COKER SLIDE VALVE ASTM A217 C5 4 in,CMM-VALVE-1D219B-001,Valves,Coker Slide Valve,NOS,Mathura Refinery,Active,13827,2024-12-07,Fouress,FOU-CSV-4in-91
e74d84e3-afac-5ebb-a051-b277f52dfdd0,IOCL,IOCL-110239,IND.Refinery Flare Sensor SS316 1/2 in NPT,CMM-INSTRU-C84B51-001,Instrumentation,Refinery Flare Sensor,NOS,Gujarat Refinery,Active,5868,2025-02-06,Honeywell,HON-RFS-1-2inNPT-51
9eb04732-fc38-5a1f-95b0-b42da13cb0a4,IOCL,IOCL-110240,Coker Slide Valve ASTM A217 C5 4 in,CMM-VALVE-F78F84-001,Valves,Coker Slide Valve,NOS,Panipat Refinery,Slow-Moving,12904,2025-03-12,L&T Valves,L&TVAL-CSV-4in-54
c83c8ffd-06d8-523e-b03a-b7e5ed506d93,IOCL,IOCL-110241,"COKER SLIDE VALVE, ASTM A217 C5, SIZE 4 in",CMM-VALVE-8C49DE-001,Valves,Coker Slide Valve,NOS,Panipat Refinery,Active,2617,2024-06-01,Audco,AUD-CSV-4in-83
2e5dcdda-694f-519f-9fe7-34ad43c032dd,IOCL,IOCL-110242,STORES ITEM Refinery Flare Sensor 1/2 in NPT SS316,CMM-INSTRU-277A84-001,Instrumentation,Refinery Flare Sensor,NOS,Mathura Refinery,Active,12820,2025-12-02,ABB,ABB-RFS-1-2inNPT-57
118bf5ca-4da8-5c8e-9f91-1f774d2fb728,IOCL,IOCL-110243,"REFINERY FLARE SENSOR, SS316, SIZE 1/2 in NPT",CMM-INSTRU-43CEC1-001,Instrumentation,Refinery Flare Sensor,NOS,Panipat Refinery,Active,837,2024-06-01,Honeywell,HON-RFS-1-2inNPT-14
42a954d9-ca5a-5b41-90e3-d9c9863f6dbe,IOCL,IOCL-110244,REFINERY FLARE SENSOR SS316 1/2 in NPT,CMM-INSTRU-A59364-001,Instrumentation,Refinery Flare Sensor,NOS,Barauni Refinery,Active,2249,2024-01-09,Yokogawa,YOK-RFS-1-2inNPT-34
e8955ed8-3c95-5f4b-baf6-dbdff95fd18f,IOCL,IOCL-110245,"IND.Refinery Flare Sensor, SS316, SIZE 1/2 in NPT",CMM-INSTRU-7D7EC5-001,Instrumentation,Refinery Flare Sensor,NOS,Mathura Refinery,Slow-Moving,324,2024-07-31,Yokogawa,YOK-RFS-1-2inNPT-72
214d5862-1119-5022-9b08-26f189f10f8e,IOCL,IOCL-110246,1/2 in NPT Refinery Flare Sensor - SS316,CMM-INSTRU-D2336D-001,Instrumentation,Refinery Flare Sensor,NOS,Barauni Refinery,Active,13111,2024-03-31,Yokogawa,YOK-RFS-1-2inNPT-30
d7284a04-e611-50c1-9f97-6fd95ed0a2ad,IOCL,IOCL-110247,Refinery Flare Sensor SS316 1/2 in NPT,CMM-INSTRU-ABABE6-001,Instrumentation,Refinery Flare Sensor,NOS,Gujarat Refinery,Obsolete,3875,2025-03-17,Honeywell,HON-RFS-1-2inNPT-42
b9b10d97-72b6-51e2-8666-c49203d1e811,IOCL,IOCL-110248,IND.REFINERY FLARE SENSOR 1/2 in NPT SS316,CMM-INSTRU-1887F6-001,Instrumentation,Refinery Flare Sensor,NOS,Barauni Refinery,Active,14298,2025-04-17,ABB,ABB-RFS-1-2inNPT-04
72d10412-263d-5018-a961-e990b478a990,IOCL,IOCL-110249,"REFINERY FLARE SENSOR, SS316, SIZE 1/2 in NPT",CMM-INSTRU-ED66C6-001,Instrumentation,Refinery Flare Sensor,NOS,Haldia Refinery,Slow-Moving,2293,2024-09-10,ABB,ABB-RFS-1-2inNPT-52
b669cb5a-51df-5654-a99b-8da765bf5b3b,IOCL,IOCL-110250,"Refinery Flare Sensor, SS316, SIZE 1/2 in NPT",CMM-INSTRU-A874B5-001,Instrumentation,Refinery Flare Sensor,NOS,Panipat Refinery,Active,12310,2024-01-23,ABB,ABB-RFS-1-2inNPT-26
bcda8c8a-f149-56df-8b67-83f915ea4f93,IOCL,IOCL-110251,SPARE-REFINERY FLARE SENSOR 1/2 in NPT SS316,CMM-INSTRU-28A277-001,Instrumentation,Refinery Flare Sensor,NOS,Mathura Refinery,Active,1190,2024-07-12,ABB,ABB-RFS-1-2inNPT-74
cc2009ef-b0d2-5627-a72e-89df663bb310,IOCL,IOCL-110252,STORES ITEM REFINERY FLARE SENSOR SS316 1/2 in NPT,CMM-INSTRU-6F22C1-001,Instrumentation,Refinery Flare Sensor,NOS,Barauni Refinery,Slow-Moving,2481,2025-07-08,Yokogawa,YOK-RFS-1-2inNPT-62
451f383c-6574-5215-88aa-dfe53f9fbc8e,IOCL,IOCL-110253,STORES ITEM Coker Slide Valve 4 in ASTM A217 C5,CMM-VALVE-D3728A-001,Valves,Coker Slide Valve,NOS,Mathura Refinery,Active,14620,2025-06-11,Fouress,FOU-CSV-4in-29
3567539a-c92f-5fc3-9356-dc25ac12f9e8,IOCL,IOCL-110254,STORES ITEM 4 in COKER SLIDE VALVE - ASTM A217 C5,CMM-VALVE-773A5A-001,Valves,Coker Slide Valve,NOS,Gujarat Refinery,Active,5663,2025-12-26,KSB,KSB-CSV-4in-35
f3fee022-483b-51da-b5e1-394635cc99f4,IOCL,IOCL-110255,"Refinery Flare Sensor, SS316, SIZE 1/2 in NPT",CMM-INSTRU-34E917-001,Instrumentation,Refinery Flare Sensor,NOS,Gujarat Refinery,Active,6065,2025-02-12,Emerson,EME-RFS-1-2inNPT-25
8230d812-95de-58de-961c-aa64ab1a4304,IOCL,IOCL-110256,"STORES ITEM REFINERY FLARE SENSOR, SS316, SIZE 1/2 in NPT",CMM-INSTRU-2CF9D0-001,Instrumentation,Refinery Flare Sensor,NOS,Mathura Refinery,Active,9756,2025-06-20,ABB,ABB-RFS-1-2inNPT-81
0c24afba-feab-5056-85e9-4120d3c9035c,IOCL,IOCL-110257,1/2 in NPT Refinery Flare Sensor - SS316,CMM-INSTRU-31BA4A-001,Instrumentation,Refinery Flare Sensor,NOS,Mathura Refinery,Active,2753,2024-04-06,Emerson,EME-RFS-1-2inNPT-60
a20f123d-ea3c-515a-8fd7-f575de500931,IOCL,IOCL-110258,STORES ITEM 4 in Coker Slide Valve - ASTM A217 C5,CMM-VALVE-4BC61E-001,Valves,Coker Slide Valve,NOS,Mathura Refinery,Slow-Moving,12684,2025-12-25,Leader Valves,LEAVAL-CSV-4in-26
8da32f12-7f5c-57b5-8264-a8f66221fe5e,IOCL,IOCL-110259,STORES ITEM 1/2 in NPT REFINERY FLARE SENSOR - SS316,CMM-INSTRU-9139D9-001,Instrumentation,Refinery Flare Sensor,NOS,Barauni Refinery,Active,8139,2024-08-06,Honeywell,HON-RFS-1-2inNPT-32
feaa7b91-2f5f-5fc6-bc4f-9644c9854d7b,IOCL,IOCL-110260,STORES ITEM 4 in COKER SLIDE VALVE - ASTM A217 C5,CMM-VALVE-A26987-001,Valves,Coker Slide Valve,NOS,Mathura Refinery,Slow-Moving,1489,2025-07-20,KSB,KSB-CSV-4in-04
690379da-6b66-5825-b298-0de3225f98f9,IOCL,IOCL-110261,"SPARE-COKER SLIDE VALVE, ASTM A217 C5, SIZE 4 in",CMM-VALVE-DC723B-001,Valves,Coker Slide Valve,NOS,Mathura Refinery,Slow-Moving,5862,2024-02-14,Fouress,FOU-CSV-4in-68
65e2f2b2-2eba-5339-b7ed-f694605b8665,IOCL,IOCL-110262,Coker Slide Valve ASTM A217 C5 4 in,CMM-VALVE-26DA83-001,Valves,Coker Slide Valve,NOS,Haldia Refinery,Active,13193,2025-09-14,Fouress,FOU-CSV-4in-08
bad244d5-fa07-5f1b-8cc1-46b96c299cfd,IOCL,IOCL-110263,"Coker Slide Valve, ASTM A217 C5, SIZE 4 in",CMM-VALVE-654368-001,Valves,Coker Slide Valve,NOS,Barauni Refinery,Slow-Moving,11289,2024-12-30,KSB,KSB-CSV-4in-77
2129704b-cb79-5d41-a798-3cf97f4bf4cc,IOCL,IOCL-110264,SPARE-1/2 in NPT Refinery Flare Sensor - SS316,CMM-INSTRU-EC1734-001,Instrumentation,Refinery Flare Sensor,NOS,Panipat Refinery,Active,4813,2025-01-25,Yokogawa,YOK-RFS-1-2inNPT-01
25a3f86d-a772-5b12-b285-83be0b07e36d,IOCL,IOCL-110265,SPARE-REFINERY FLARE SENSOR SS316 1/2 in NPT,CMM-INSTRU-D1B610-001,Instrumentation,Refinery Flare Sensor,NOS,Panipat Refinery,Active,7100,2025-08-19,ABB,ABB-RFS-1-2inNPT-28
c228267b-c83f-55db-a019-7a07c6b14e85,IOCL,IOCL-110266,IND.Refinery Flare Sensor SS316 1/2 in NPT,CMM-INSTRU-DA4CFB-001,Instrumentation,Refinery Flare Sensor,NOS,Gujarat Refinery,Active,5803,2025-07-18,Emerson,EME-RFS-1-2inNPT-15
e7e2225f-e7bc-5842-ab24-745e161dfbbc,IOCL,IOCL-110267,"IND.Refinery Flare Sensor, SS316, SIZE 1/2 in NPT",CMM-INSTRU-29D6B2-001,Instrumentation,Refinery Flare Sensor,NOS,Haldia Refinery,Active,13895,2025-07-10,Honeywell,HON-RFS-1-2inNPT-16
43fa1167-aab4-59ce-9f2b-0ea4452190f8,IOCL,IOCL-110268,4 in Coker Slide Valve - ASTM A217 C5,CMM-VALVE-004822-001,Valves,Coker Slide Valve,NOS,Panipat Refinery,Slow-Moving,7945,2024-07-16,Leader Valves,LEAVAL-CSV-4in-99
e548375d-bfe7-5932-96ec-99c115774e5a,IOCL,IOCL-110269,Refinery Flare Sensor 1/2 in NPT SS316,CMM-INSTRU-8255AD-001,Instrumentation,Refinery Flare Sensor,NOS,Haldia Refinery,Slow-Moving,9207,2024-02-26,Honeywell,HON-RFS-1-2inNPT-46
586c0e14-fa9e-5c91-9914-63b16fb03125,IOCL,IOCL-110270,SPARE-REFINERY FLARE SENSOR 1/2 in NPT SS316,CMM-INSTRU-450866-001,Instrumentation,Refinery Flare Sensor,NOS,Mathura Refinery,Slow-Moving,5555,2024-05-03,ABB,ABB-RFS-1-2inNPT-15
7685d501-556b-5271-80e8-46ea2dc9cf11,IOCL,IOCL-110271,REFINERY FLARE SENSOR SS316 1/2 in NPT,CMM-INSTRU-C00875-001,Instrumentation,Refinery Flare Sensor,NOS,Panipat Refinery,Active,237,2025-10-19,Emerson,EME-RFS-1-2inNPT-65
d4bda87e-67ce-5aba-8b17-0b084563bd00,IOCL,IOCL-110272,STORES ITEM Refinery Flare Sensor 1/2 in NPT SS316,CMM-INSTRU-26CA5D-001,Instrumentation,Refinery Flare Sensor,NOS,Mathura Refinery,Active,1421,2024-06-06,Yokogawa,YOK-RFS-1-2inNPT-92
889f3103-3f81-5f6e-90df-a95f4376169c,IOCL,IOCL-110273,IND.Refinery Flare Sensor 1/2 in NPT SS316,CMM-INSTRU-3A53FA-001,Instrumentation,Refinery Flare Sensor,NOS,Gujarat Refinery,Active,14133,2024-09-28,Yokogawa,YOK-RFS-1-2inNPT-36
5bbad1bf-4c02-558a-bf1f-94b4bc73d766,IOCL,IOCL-110274,1/2 in NPT REFINERY FLARE SENSOR - SS316,CMM-INSTRU-4D969D-001,Instrumentation,Refinery Flare Sensor,NOS,Panipat Refinery,Active,11786,2025-04-04,Yokogawa,YOK-RFS-1-2inNPT-61
6b2e927a-b4fc-5f19-b618-16d9f24fc06c,IOCL,IOCL-110275,IND.REFINERY FLARE SENSOR 1/2 in NPT SS316,CMM-INSTRU-80EC8A-001,Instrumentation,Refinery Flare Sensor,NOS,Panipat Refinery,Active,1025,2025-02-01,Emerson,EME-RFS-1-2inNPT-89
60d27c78-fc6a-5d69-b9dd-96afb6058c52,NMDC,NMDC-410001,STORES ITEM Control Valve 2 in WCB,CMM-VALVE-992419-001,Valves,Control Valve,NOS,Bailadila Iron Ore Mine,Obsolete,8777,2024-05-08,KSB,KSB-CV-2in-73
3bd960a6-aafe-5053-a703-c36ae48d37e1,NMDC,NMDC-410002,STORES ITEM 4C x 25 sq mm XLPE Cable - XLPE Insulated,CMM-ELECTR-AD2D59-001,Electrical,XLPE Cable,MTR,Kirandul Complex,Slow-Moving,1840,2024-09-11,Siemens,SIE-XC-4Cx25sqmm-07
a522d6df-4265-54ed-b908-da09f2d4fe3c,NMDC,NMDC-410003,"STORES ITEM RECIPROCATING PUMP, Carbon Steel, SIZE DN 80",CMM-PUMP-986768-001,Pumps,Reciprocating Pump,SET,Bailadila Iron Ore Mine,Slow-Moving,14835,2024-03-01,Kirloskar,KIR-RP-DN80-22
644cd6ab-3e73-58a7-91cf-b678987ad741,NMDC,NMDC-410004,IND.REDUCER ASTM A106 Gr B DN 150,CMM-PIPEF-A8BD86-001,Pipes & Fittings,Reducer,MTR,Kirandul Complex,Active,9207,2025-09-01,ISMT,ISM-R-DN150-32
7eac1614-f62b-58ac-8157-0151c82b2913,NMDC,NMDC-410005,"IND.Gear Pump, Duplex Steel, SIZE 3 in x 2 in",CMM-PUMP-357758-001,Pumps,Gear Pump,SET,Bailadila Iron Ore Mine,Slow-Moving,10229,2024-06-05,WPIL,WPI-GP-3inx2in-84
5dd1ccda-0cb1-51e5-9c0e-c474c8a6b918,NMDC,NMDC-410006,3C x 95 sq mm XLPE CABLE - Aluminium,CMM-ELECTR-79A6DD-001,Electrical,XLPE Cable,MTR,Donimalai Iron Ore Mine,Active,8514,2024-07-14,Crompton Greaves,CROGRE-XC-3Cx95sqmm-34
249b4637-e743-5614-bf12-dee01c5a8acc,NMDC,NMDC-410007,HEX NUT M16 x 65 SS304,CMM-FASTNR-79F7B5-001,Fasteners,Hex Nut,NOS,Kirandul Complex,Active,11476,2024-05-09,GKW,GKW-HN-M16x65-69
bc510d5d-d31a-5561-93b8-b9271f0c73f1,NMDC,NMDC-410008,IND.M12 x 50 Hex Nut - Grade 8.8,CMM-FASTNR-412B68-001,Fasteners,Hex Nut,KG,Donimalai Iron Ore Mine,Active,13554,2025-08-05,Sundram Fasteners,SUNFAS-HN-M12x50-19
8e974439-59b7-5abc-893f-f4e24f068982,NMDC,NMDC-410009,IND.NEEDLE BEARING AISI 52100 6304,CMM-BEARNG-668968-001,Bearings,Needle Bearing,NOS,Kirandul Complex,Obsolete,2118,2025-05-29,Timken,TIM-NB-6304-61
638fa555-8fc9-5a7a-9ac9-14bb410225bf,NMDC,NMDC-410010,"SPARE-Hex Bolt, Grade B7, SIZE M16 x 65",CMM-FASTNR-6B8218-001,Fasteners,Hex Bolt,NOS,Kirandul Complex,Slow-Moving,7160,2024-04-10,Unbrako,UNB-HB-M16x65-05
064fdf28-522c-5547-8248-d15b1aa1cbc9,NMDC,NMDC-410011,SPARE-4-20 mA FLOW METER - Brass,CMM-INSTRU-746A35-001,Instrumentation,Flow Meter,NOS,Donimalai Iron Ore Mine,Slow-Moving,7723,2024-03-18,Emerson,EME-FM-4-20mA-22
cd7db55d-e1ea-5aba-8ab1-b7e475e855ae,NMDC,NMDC-410012,DN 150 Flange - IS 2062,CMM-PIPEF-BBD3DF-001,Pipes & Fittings,Flange,MTR,Bailadila Iron Ore Mine,Slow-Moving,6072,2024-04-27,Maharashtra Seamless,MAHSEA-F-DN150-20
d353bc17-ab17-5ce9-9b66-17ba13092ea1,NMDC,NMDC-410013,2 in Reducer - Carbon Steel,CMM-PIPEF-E0FB6D-001,Pipes & Fittings,Reducer,MTR,Bailadila Iron Ore Mine,Active,6997,2025-05-12,Jindal Pipes,JINPIP-R-2in-20
7db8a0a9-cbbb-50b1-ae4c-f69468853a95,NMDC,NMDC-410014,SUBMERSIBLE PUMP DN 80 SS316,CMM-PUMP-E31790-001,Pumps,Submersible Pump,SET,Donimalai Iron Ore Mine,Active,7454,2024-02-08,KSB,KSB-SP-DN80-76
def630c3-e486-547e-869c-1bb2e45f8268,NMDC,NMDC-410015,TEMPERATURE TRANSMITTER Polycarbonate 0-100 bar,CMM-INSTRU-3688F6-001,Instrumentation,Temperature Transmitter,NOS,Kirandul Complex,Active,11839,2024-08-31,ABB,ABB-TT-0-100bar-99
c4462b6a-f57b-51e7-b7d3-049a0a924645,NMDC,NMDC-410016,"SPARE-Vertical Turbine Pump, Duplex Steel, SIZE 2 in x 1.5 in",CMM-PUMP-2F3FCE-001,Pumps,Vertical Turbine Pump,SET,Donimalai Iron Ore Mine,Active,1673,2025-10-27,Kirloskar,KIR-VTP-2inx1.5in-31
131f485d-4c93-5704-9ca4-512bc719cbf2,NMDC,NMDC-410017,6208 THRUST BEARING - Stainless Steel,CMM-BEARNG-A2CB3C-001,Bearings,Thrust Bearing,NOS,Donimalai Iron Ore Mine,Slow-Moving,10261,2025-11-27,NBC Bearings,NBCBEA-TB-6208-10
45f387a3-9234-5739-95b4-a98304f7207c,NMDC,NMDC-410018,0-100 bar RTD SENSOR - SS316,CMM-INSTRU-59A2A6-001,Instrumentation,RTD Sensor,NOS,Donimalai Iron Ore Mine,Active,8401,2025-06-29,Yokogawa,YOK-RS-0-100bar-21
25a5875c-f075-5c5a-a37d-d6ea85f2c595,NMDC,NMDC-410019,"STORES ITEM Flow Meter, Brass, SIZE 0-100 bar",CMM-INSTRU-027BD0-001,Instrumentation,Flow Meter,NOS,Bailadila Iron Ore Mine,Obsolete,645,2025-02-10,Yokogawa,YOK-FM-0-100bar-69
5e0aaa49-c15d-54bf-9e43-4605e43afb61,NMDC,NMDC-410020,STORES ITEM Flange DN 150 Alloy Steel,CMM-PIPEF-AAC4DA-001,Pipes & Fittings,Flange,MTR,Donimalai Iron Ore Mine,Active,2353,2025-05-03,Tata Steel,TATSTE-F-DN150-66
d134b741-b439-58e9-9364-abc9c9fd5569,NMDC,NMDC-410021,"Globe Valve, LCB, SIZE 4 in",CMM-VALVE-9903B8-001,Valves,Globe Valve,NOS,Kirandul Complex,Active,14049,2025-06-16,Audco,AUD-GV-4in-15
38e13dd7-0e53-5bff-8385-14bdaa44c1c7,NMDC,NMDC-410022,Mechanical Seal Graphite 65 mm,CMM-SEALG-260F99-001,Seals,Mechanical Seal,NOS,Donimalai Iron Ore Mine,Active,8893,2024-08-10,Sealol,SEA-MS-65mm-77
b9866df4-a79a-54cd-8a47-a619a46620f3,NMDC,NMDC-410023,"Anchor Bolt, Carbon Steel, SIZE M20 x 80",CMM-FASTNR-B4A1EA-001,Fasteners,Anchor Bolt,KG,Kirandul Complex,Active,3971,2025-07-19,Precision Fasteners,PREFAS-AB-M20x80-16
e0fbe3fa-6a1f-5e60-80bd-b8b7211412cd,NMDC,NMDC-410024,SPARE-Oil Seal Viton 2 in,CMM-SEALG-29423B-001,Seals,Oil Seal,KG,Donimalai Iron Ore Mine,Active,4034,2025-12-14,Chesterton,CHE-OS-2in-35
877ea54f-f0a4-5abb-ba89-1067a4a3e7e6,NMDC,NMDC-410025,0-500 Deg C Pressure Gauge - Polycarbonate,CMM-INSTRU-58342A-001,Instrumentation,Pressure Gauge,NOS,Donimalai Iron Ore Mine,Active,12286,2025-06-15,Emerson,EME-PG-0-500DegC-56
d8e764c5-8c61-5cc1-8a83-5ee3092f2418,NMDC,NMDC-410026,SPARE-Roller Bearing 22208 Chrome Steel,CMM-BEARNG-39C22B-001,Bearings,Roller Bearing,NOS,Donimalai Iron Ore Mine,Active,5181,2024-04-30,FAG,FAG-RB-22208-46
ffe0e0bd-ba65-56c7-9a01-8254baf0c075,NMDC,NMDC-410027,22208 THRUST BEARING - Stainless Steel,CMM-BEARNG-52104E-001,Bearings,Thrust Bearing,NOS,Kirandul Complex,Slow-Moving,2128,2025-12-19,SKF,SKF-TB-22208-13
c1df37f7-fd10-560c-a01d-03c1b35db30e,NMDC,NMDC-410028,"SPARE-OIL SEAL, Viton, SIZE 50 mm",CMM-SEALG-F69B1C-001,Seals,Oil Seal,NOS,Donimalai Iron Ore Mine,Active,8001,2024-12-17,Flowserve,FLO-OS-50mm-35
8d4f6fbc-f47e-58b8-9f98-0c44e07d47b4,NMDC,NMDC-410029,"THRUST BEARING, AISI 52100, SIZE 6304",CMM-BEARNG-67CA99-001,Bearings,Thrust Bearing,NOS,Donimalai Iron Ore Mine,Active,12022,2024-04-14,SKF,SKF-TB-6304-89
0a005971-01a4-517c-936e-8b52ca8a831a,NMDC,NMDC-410030,IND.Flow Meter SS316 4-20 mA,CMM-INSTRU-1E073D-001,Instrumentation,Flow Meter,NOS,Bailadila Iron Ore Mine,Obsolete,8618,2025-06-13,Emerson,EME-FM-4-20mA-02
da45b757-1f87-5f1d-8951-9f74e5c29783,NMDC,NMDC-410031,"SPARE-Elbow 90 Deg, ASTM A106 Gr B, SIZE 6 in",CMM-PIPEF-F76C77-001,Pipes & Fittings,Elbow 90 Deg,MTR,Bailadila Iron Ore Mine,Active,11851,2024-11-23,ISMT,ISM-E9D-6in-05
7faae416-21f5-55e8-aa5e-0b91c64765cb,NMDC,NMDC-410032,"O-RING, NBR, SIZE 50 mm",CMM-SEALG-8A8051-001,Seals,O-Ring,KG,Kirandul Complex,Active,1060,2024-08-15,Sealol,SEA-O-50mm-32
0186c8d4-24fd-59e8-8cac-a356f1b081de,NMDC,NMDC-410033,"Switchgear Panel, XLPE Insulated, SIZE 1C x 300 sq mm",CMM-ELECTR-0CDB57-001,Electrical,Switchgear Panel,MTR,Bailadila Iron Ore Mine,Active,7881,2024-01-01,BHEL,BHE-SP-1Cx300sqmm-12
72926573-32b0-5f62-b766-1c8214e175ca,NMDC,NMDC-410034,Circuit Breaker 1C x 300 sq mm Aluminium,CMM-ELECTR-C565E9-001,Electrical,Circuit Breaker,MTR,Bailadila Iron Ore Mine,Active,12052,2025-03-05,ABB,ABB-CB-1Cx300sqmm-45
0c8a3d91-d09c-5510-9f68-f7c57b33cf98,NMDC,NMDC-410035,2 in x 1.5 in Reciprocating Pump - Cast Iron,CMM-PUMP-DB6C55-001,Pumps,Reciprocating Pump,SET,Donimalai Iron Ore Mine,Active,1485,2024-10-28,Kirloskar,KIR-RP-2inx1.5in-74
75debcd9-4acf-5ca1-ae32-723fe1c11f31,NMDC,NMDC-410036,SPARE-6408 Ball Bearing - Chrome Steel,CMM-BEARNG-87EFE4-001,Bearings,Ball Bearing,NOS,Donimalai Iron Ore Mine,Slow-Moving,8325,2025-02-10,NBC Bearings,NBCBEA-BB-6408-07
419ca545-2f68-5da0-a83d-14e826187859,NMDC,NMDC-410037,STORES ITEM DISTRIBUTION TRANSFORMER XLPE Insulated 1C x 300 sq mm,CMM-ELECTR-8C5683-001,Electrical,Distribution Transformer,MTR,Donimalai Iron Ore Mine,Active,668,2025-06-30,Siemens,SIE-DT-1Cx300sqmm-82
5894d9eb-7851-541f-90cf-6545d879aaad,NMDC,NMDC-410038,EQUAL TEE 2 in Alloy Steel,CMM-PIPEF-9F93F7-001,Pipes & Fittings,Equal Tee,MTR,Bailadila Iron Ore Mine,Active,10027,2024-07-23,Tata Steel,TATSTE-ET-2in-66
ffe95053-60e1-5c90-96a3-467f6afc703b,NMDC,NMDC-410039,Distribution Transformer Copper 415V 100A,CMM-ELECTR-2DB37C-001,Electrical,Distribution Transformer,MTR,Bailadila Iron Ore Mine,Slow-Moving,7958,2025-08-05,Havells,HAV-DT-415V100A-90
9c4ba4f8-3ef2-56d3-a7d2-3bf312786eb6,NMDC,NMDC-410040,"STORES ITEM O-Ring, Graphite, SIZE 100 mm",CMM-SEALG-C8045E-001,Seals,O-Ring,NOS,Kirandul Complex,Active,12852,2024-07-14,Chesterton,CHE-O-100mm-26
baaebf39-63f4-56b9-8fac-5f327ccc7b5c,NMDC,NMDC-410041,"IND.FLAT WASHER, Carbon Steel, SIZE M10 x 40",CMM-FASTNR-1AF629-001,Fasteners,Flat Washer,NOS,Bailadila Iron Ore Mine,Active,11425,2025-10-14,Precision Fasteners,PREFAS-FW-M10x40-80
6dbcc945-208e-59c3-ac94-fd0645e7ef24,NMDC,NMDC-410042,IND.DN 50 FLANGE - Alloy Steel,CMM-PIPEF-7A5764-001,Pipes & Fittings,Flange,MTR,Kirandul Complex,Active,819,2025-01-25,Jindal Pipes,JINPIP-F-DN50-95
92f47fc6-564d-5705-b4f1-e446b5825c49,NMDC,NMDC-410043,Hex Nut M10 x 40 SS304,CMM-FASTNR-459DCA-001,Fasteners,Hex Nut,NOS,Kirandul Complex,Slow-Moving,2661,2025-03-01,GKW,GKW-HN-M10x40-41
76aca767-1bcf-5b1b-bc62-c6814562846e,NMDC,NMDC-410044,SPARE-Centrifugal Pump Duplex Steel 3 in x 2 in,CMM-PUMP-82AEB3-001,Pumps,Centrifugal Pump,SET,Bailadila Iron Ore Mine,Active,10375,2025-02-18,WPIL,WPI-CP-3inx2in-33
d753df63-2172-5c41-bb01-e7c79d286136,NMDC,NMDC-410045,"SPARE-HEX NUT, Grade 10.9, SIZE M24 x 100",CMM-FASTNR-BCCDD8-001,Fasteners,Hex Nut,NOS,Bailadila Iron Ore Mine,Active,5482,2025-05-06,Unbrako,UNB-HN-M24x100-29
bae43648-068c-5657-b88f-b2c36a6ac179,NMDC,NMDC-410046,SPARE-EQUAL TEE IS 2062 6 in,CMM-PIPEF-AE5889-001,Pipes & Fittings,Equal Tee,MTR,Donimalai Iron Ore Mine,Slow-Moving,14585,2025-09-10,Maharashtra Seamless,MAHSEA-ET-6in-29
7b370540-4385-5013-b369-198d02262e5f,NMDC,NMDC-410047,SPARE-2 in OIL SEAL - Viton,CMM-SEALG-18752C-001,Seals,Oil Seal,KG,Donimalai Iron Ore Mine,Slow-Moving,6572,2024-05-21,Flowserve,FLO-OS-2in-72
cbdd9751-feea-5c9c-8186-22636a8d8823,NMDC,NMDC-410048,"INDUCTION MOTOR, Aluminium, SIZE 4C x 25 sq mm",CMM-ELECTR-C2208E-001,Electrical,Induction Motor,MTR,Bailadila Iron Ore Mine,Active,2253,2025-10-07,BHEL,BHE-IM-4Cx25sqmm-19
c754f281-41c8-5c61-9b3b-d9164855df5f,NMDC,NMDC-410049,1/2 in NPT RTD Sensor - Polycarbonate,CMM-INSTRU-014C39-001,Instrumentation,RTD Sensor,NOS,Donimalai Iron Ore Mine,Active,14503,2025-07-28,ABB,ABB-RS-1-2inNPT-38
c69063df-5497-590b-8e9e-d9ffea97e402,NMDC,NMDC-410050,IND.CENT. PUMP 3 in x 2 in Cast Iron,CMM-PUMP-329011-001,Pumps,Centrifugal Pump,SET,Kirandul Complex,Active,12097,2024-04-06,WPIL,WPI-CP-3inx2in-32
f599643c-b21b-5c5f-80dd-6ed4c0f89f54,NMDC,NMDC-410051,Distribution Transformer Aluminium 4C x 25 sq mm,CMM-ELECTR-47E8A6-001,Electrical,Distribution Transformer,MTR,Kirandul Complex,Slow-Moving,2575,2025-09-19,BHEL,BHE-DT-4Cx25sqmm-69
06e9b346-3388-5c06-bff7-5826309ec0c7,NMDC,NMDC-410052,SPARE-RUBBER GASKET NBR 50 mm,CMM-SEALG-C5D451-001,Seals,Rubber Gasket,NOS,Kirandul Complex,Active,6555,2024-01-01,Sealol,SEA-RG-50mm-28
cf3e3fd5-aebc-5c82-aaca-15fe498e6a6b,NMDC,NMDC-410053,Globe Valve ASTM A216 WCB 2 in,CMM-VALVE-989A61-001,Valves,Globe Valve,NOS,Kirandul Complex,Active,2317,2024-09-28,Audco,AUD-GV-2in-66
2c666033-cb1c-52dc-ad19-2ec783dbde60,NMDC,NMDC-410054,VERTICAL TURBINE PUMP 2 in x 1.5 in Carbon Steel,CMM-PUMP-7D55C9-001,Pumps,Vertical Turbine Pump,SET,Bailadila Iron Ore Mine,Active,6826,2025-03-09,KSB,KSB-VTP-2inx1.5in-35
d71d9475-9c95-527a-9914-963ee06bdfda,NMDC,NMDC-410055,"IND.Pressure Gauge, Brass, SIZE 4-20 mA",CMM-INSTRU-FECC9D-001,Instrumentation,Pressure Gauge,NOS,Donimalai Iron Ore Mine,Active,10076,2025-09-23,Yokogawa,YOK-PG-4-20mA-20
b9f7acdc-05e4-5fe9-b66c-f9d6cd32678c,NMDC,NMDC-410056,"IND.Reducer, Alloy Steel, SIZE DN 80",CMM-PIPEF-887486-001,Pipes & Fittings,Reducer,MTR,Bailadila Iron Ore Mine,Active,7247,2025-09-23,Jindal Pipes,JINPIP-R-DN80-35
aa6966b9-5483-5cc8-a2cb-1536713adfe3,NMDC,NMDC-410057,STORES ITEM EQUAL TEE DN 150 ASTM A106 Gr B,CMM-PIPEF-3BAF8F-001,Pipes & Fittings,Equal Tee,MTR,Bailadila Iron Ore Mine,Active,9721,2025-12-30,Tata Steel,TATSTE-ET-DN150-51
6124758a-a772-50ac-b4e0-5b684b420813,NMDC,NMDC-410058,"STORES ITEM SWITCHGEAR PANEL, XLPE Insulated, SIZE 4C x 25 sq mm",CMM-ELECTR-CE652D-001,Electrical,Switchgear Panel,MTR,Bailadila Iron Ore Mine,Slow-Moving,3862,2025-12-26,BHEL,BHE-SP-4Cx25sqmm-79
93986d00-8ee8-5045-8d70-80faabec356a,NMDC,NMDC-410059,BALL BRG Chrome Steel 22208,CMM-BEARNG-947C4D-001,Bearings,Ball Bearing,NOS,Bailadila Iron Ore Mine,Active,525,2025-04-27,SKF,SKF-BB-22208-10
fed67adc-aaac-5a95-8597-244e1e4b6eff,NMDC,NMDC-410060,"Needle Bearing, Chrome Steel, SIZE 6408",CMM-BEARNG-FF170C-001,Bearings,Needle Bearing,NOS,Donimalai Iron Ore Mine,Slow-Moving,14586,2025-08-17,SKF,SKF-NB-6408-42
e9b997eb-94c8-5c41-b3a6-61a04f7ae412,NMDC,NMDC-410061,"STORES ITEM RECIPROCATING PUMP, Duplex Steel, SIZE DN 100",CMM-PUMP-8BAE9F-001,Pumps,Reciprocating Pump,SET,Bailadila Iron Ore Mine,Active,14348,2025-11-17,Mather+Platt,MAT-RP-DN100-25
a9ad5b7d-9b61-5912-b21a-7515466a03df,NMDC,NMDC-410062,SPARE-415V 100A XLPE CABLE - XLPE Insulated,CMM-ELECTR-4D158E-001,Electrical,XLPE Cable,MTR,Donimalai Iron Ore Mine,Active,1877,2025-09-10,Siemens,SIE-XC-415V100A-33
ec9bbe37-a076-50d2-a1d7-4ef58a867ba3,NMDC,NMDC-410063,"Socket Head Screw, Grade B7, SIZE M10 x 40",CMM-FASTNR-A82C5B-001,Fasteners,Socket Head Screw,NOS,Donimalai Iron Ore Mine,Active,7852,2024-11-04,Sundram Fasteners,SUNFAS-SHS-M10x40-07
8f7ec185-68b7-51ef-b756-0ac780017489,NMDC,NMDC-410064,Oil Seal 2 in NBR,CMM-SEALG-C69426-001,Seals,Oil Seal,NOS,Bailadila Iron Ore Mine,Active,13143,2025-09-22,Chesterton,CHE-OS-2in-59
98cdae39-c9cd-585b-9e88-9fde5bdf1897,NMDC,NMDC-410065,Induction Motor 4C x 25 sq mm XLPE Insulated,CMM-ELECTR-43E6A3-001,Electrical,Induction Motor,MTR,Donimalai Iron Ore Mine,Obsolete,2931,2024-06-10,Siemens,SIE-IM-4Cx25sqmm-79
ac8c1aa2-6489-5f5f-acfc-b19fd79bfd80,NMDC,NMDC-410066,IND.CHECK VALVE ASTM A216 WCB 1 in,CMM-VALVE-A923FC-001,Valves,Check Valve,NOS,Donimalai Iron Ore Mine,Active,7549,2024-07-17,Leader Valves,LEAVAL-CV-1in-19
db792343-e4a4-5df8-9c26-58338b8bcaed,NMDC,NMDC-410067,IND.2 in Oil Seal - Viton,CMM-SEALG-B639C0-001,Seals,Oil Seal,NOS,Kirandul Complex,Active,10660,2024-04-02,Chesterton,CHE-OS-2in-94
d09978a4-58ce-5924-ae0c-3f0a89dbf2ff,NMDC,NMDC-410068,2 in Globe Valve - LCB,CMM-VALVE-C12B9C-001,Valves,Globe Valve,NOS,Donimalai Iron Ore Mine,Active,2923,2025-12-26,L&T Valves,L&TVAL-GV-2in-59
119ff3e1-8d35-5c13-ad89-f32d8cfd9760,NMDC,NMDC-410069,STORES ITEM DN 150 Seamless Pipe - Carbon Steel,CMM-PIPEF-888E21-001,Pipes & Fittings,Seamless Pipe,MTR,Bailadila Iron Ore Mine,Active,8431,2024-02-27,Jindal Pipes,JINPIP-SP-DN150-66
dd70cf70-8cc7-520d-8b4a-fe64386e457c,NMDC,NMDC-410070,IND.3C x 95 sq mm Distribution Transformer - XLPE Insulated,CMM-ELECTR-45EFBF-001,Electrical,Distribution Transformer,MTR,Kirandul Complex,Active,14263,2025-06-21,Havells,HAV-DT-3Cx95sqmm-77
8dd71ace-3a6f-54b5-974b-bf661386b313,NMDC,NMDC-410071,DN 100 WELDED PIPE - IS 2062,CMM-PIPEF-CA4F29-001,Pipes & Fittings,Welded Pipe,MTR,Kirandul Complex,Slow-Moving,261,2024-05-20,Tata Steel,TATSTE-WP-DN100-39
8f543a25-980f-5231-ad36-754a4f24661d,NMDC,NMDC-410072,STORES ITEM EQUAL TEE DN 100 Carbon Steel,CMM-PIPEF-ED1BE7-001,Pipes & Fittings,Equal Tee,MTR,Kirandul Complex,Active,2200,2024-01-18,Tata Steel,TATSTE-ET-DN100-71
31b6cd3f-631c-57c5-80f2-35ab87280914,NMDC,NMDC-410073,IND.Check Valve SS316 1/2 in,CMM-VALVE-3C3B28-001,Valves,Check Valve,NOS,Bailadila Iron Ore Mine,Active,9706,2024-07-08,L&T Valves,L&TVAL-CV-1-2in-97
e4d8ab7e-f98b-5ff9-8398-a16b30966b8e,NMDC,NMDC-410074,"IND.Rubber Gasket, NBR, SIZE 100 mm",CMM-SEALG-E0C6E5-001,Seals,Rubber Gasket,NOS,Donimalai Iron Ore Mine,Active,5163,2025-08-29,Flowserve,FLO-RG-100mm-53
bc8bf22a-75d1-50ef-b416-b045cfa073e5,NMDC,NMDC-410075,0-500 Deg C FLOW METER - SS316,CMM-INSTRU-21D516-001,Instrumentation,Flow Meter,NOS,Bailadila Iron Ore Mine,Active,8896,2024-11-16,Honeywell,HON-FM-0-500DegC-45
cd921cd4-a475-5f29-b692-3f56a763875a,NMDC,NMDC-410076,"O-RING, Graphite, SIZE 50 mm",CMM-SEALG-80EA46-001,Seals,O-Ring,NOS,Donimalai Iron Ore Mine,Active,1910,2024-06-02,Sealol,SEA-O-50mm-37
1718514d-f3b6-5f4b-ae69-05d94c56735c,NMDC,NMDC-410077,IND.DN 80 PIPE SMLS - SS316L,CMM-PIPEF-42698F-001,Pipes & Fittings,Seamless Pipe,MTR,Kirandul Complex,Active,1397,2024-04-23,Maharashtra Seamless,MAHSEA-SP-DN80-18
73d0431c-7e99-5992-96df-79fc952b2894,NMDC,NMDC-410078,"HEX NUT, Carbon Steel, SIZE M20 x 80",CMM-FASTNR-7426EC-001,Fasteners,Hex Nut,NOS,Donimalai Iron Ore Mine,Active,426,2025-07-25,Precision Fasteners,PREFAS-HN-M20x80-24
081e8d10-4da8-5b5a-a8cf-0d6b121dede3,NMDC,NMDC-410079,SPARE-PRESSURE GAUGE Brass 4-20 mA,CMM-INSTRU-DE763E-001,Instrumentation,Pressure Gauge,NOS,Donimalai Iron Ore Mine,Active,6972,2025-01-12,Yokogawa,YOK-PG-4-20mA-58
391876aa-0240-5a92-b62d-dede171caf4d,NMDC,NMDC-410080,DN 50 EQUAL TEE - Alloy Steel,CMM-PIPEF-358D39-001,Pipes & Fittings,Equal Tee,MTR,Donimalai Iron Ore Mine,Active,14326,2024-07-10,Maharashtra Seamless,MAHSEA-ET-DN50-76
6c756036-5953-5161-9e42-50243e812810,NMDC,NMDC-410081,STORES ITEM BRG BALL Stainless Steel 6208,CMM-BEARNG-0FD5BF-001,Bearings,Ball Bearing,NOS,Bailadila Iron Ore Mine,Slow-Moving,1676,2024-06-06,SKF,SKF-BB-6208-47
4d914aa1-95b7-53c9-a979-a62fa00fe15d,NMDC,NMDC-410082,415V 100A Circuit Breaker - XLPE Insulated,CMM-ELECTR-9FEFD2-001,Electrical,Circuit Breaker,MTR,Bailadila Iron Ore Mine,Active,11828,2024-05-09,ABB,ABB-CB-415V100A-39
b2ac9125-85a9-51a5-a909-237d3c69433d,NMDC,NMDC-410083,SPARE-M24 x 100 BOLT HEX - Carbon Steel,CMM-FASTNR-5C0E61-001,Fasteners,Hex Bolt,NOS,Kirandul Complex,Active,13404,2025-08-09,Precision Fasteners,PREFAS-HB-M24x100-86
7c8742dc-8b98-5123-a9eb-1d58df46ccb8,NMDC,NMDC-410084,22208 Roller Bearing - AISI 52100,CMM-BEARNG-75E845-001,Bearings,Roller Bearing,NOS,Bailadila Iron Ore Mine,Active,11736,2024-02-29,SKF,SKF-RB-22208-40
4db5d894-46b9-5ef3-88e1-2049feff2925,NMDC,NMDC-410085,SPARE-Flange DN 80 SS316L,CMM-PIPEF-A6DA56-001,Pipes & Fittings,Flange,MTR,Donimalai Iron Ore Mine,Active,9138,2025-10-29,Jindal Pipes,JINPIP-F-DN80-82
53087221-9089-5e5e-8844-8abc8143b8be,NMDC,NMDC-410086,SPARE-Centrifugal Pump Carbon Steel 2 in x 1.5 in,CMM-PUMP-CF08C1-001,Pumps,Centrifugal Pump,SET,Bailadila Iron Ore Mine,Active,5231,2024-01-06,WPIL,WPI-CP-2inx1.5in-93
a4c2cbdd-b3ac-52cc-8f30-fb4915ca8dbd,NMDC,NMDC-410087,TEMPERATURE TRANSMITTER SS316 0-100 bar,CMM-INSTRU-2B591E-001,Instrumentation,Temperature Transmitter,NOS,Kirandul Complex,Active,1451,2024-03-03,Yokogawa,YOK-TT-0-100bar-31
4f263712-221f-5784-ab77-8eae0f10810f,NMDC,NMDC-410088,IND.Butterfly Valve 4 in WCB,CMM-VALVE-0728B9-001,Valves,Butterfly Valve,NOS,Donimalai Iron Ore Mine,Active,3251,2024-07-24,KSB,KSB-BV-4in-02
56bb4600-0cb1-5dfc-8fc2-c9fabf30060a,NMDC,NMDC-410089,3C x 95 sq mm Circuit Breaker - XLPE Insulated,CMM-ELECTR-609134-001,Electrical,Circuit Breaker,MTR,Kirandul Complex,Slow-Moving,5418,2024-09-10,ABB,ABB-CB-3Cx95sqmm-32
64166faf-a5cc-5068-bcfe-ba4459ea95e5,NMDC,NMDC-410090,IND.Vertical Turbine Pump 3 in x 2 in Carbon Steel,CMM-PUMP-9ED4F4-001,Pumps,Vertical Turbine Pump,SET,Kirandul Complex,Slow-Moving,6372,2024-10-17,WPIL,WPI-VTP-3inx2in-63
0cf436bd-328c-5c4c-8a76-eaff8cbdd8f1,NMDC,NMDC-410091,4-20 mA LEVEL TRANSMITTER - SS316,CMM-INSTRU-7A3205-001,Instrumentation,Level Transmitter,NOS,Bailadila Iron Ore Mine,Active,1143,2025-12-15,Emerson,EME-LT-4-20mA-31
95fc9dd2-4646-56c0-8843-8ae624ed4a5d,NMDC,NMDC-410092,SPARE-Level Transmitter 4-20 mA Brass,CMM-INSTRU-F3707C-001,Instrumentation,Level Transmitter,NOS,Bailadila Iron Ore Mine,Active,6453,2024-06-21,Honeywell,HON-LT-4-20mA-78
0527f4dc-f68e-5ef8-a36b-20102f9be8ef,NMDC,NMDC-410093,"STORES ITEM Vertical Turbine Pump, SS316, SIZE 2 in x 1.5 in",CMM-PUMP-FC6AAF-001,Pumps,Vertical Turbine Pump,SET,Bailadila Iron Ore Mine,Active,1016,2024-07-06,WPIL,WPI-VTP-2inx1.5in-63
3fd6b8da-ca18-5bf5-aa73-831c469a7c7b,NMDC,NMDC-410094,BALL BRG 6208 Stainless Steel,CMM-BEARNG-0669B8-001,Bearings,Ball Bearing,NOS,Bailadila Iron Ore Mine,Obsolete,14354,2024-12-04,SKF,SKF-BB-6208-47
bdbd0579-258f-5a17-929f-6fc390bd3492,NMDC,NMDC-410095,STORES ITEM Submersible Pump 3 in x 2 in Carbon Steel,CMM-PUMP-FEF7B9-001,Pumps,Submersible Pump,SET,Kirandul Complex,Active,11077,2025-07-15,Mather+Platt,MAT-SP-3inx2in-65
759a4551-5dff-5123-b09f-77d9bcee6dce,NMDC,NMDC-410096,M20 x 80 Hex Bolt - Grade B7,CMM-FASTNR-0B0423-001,Fasteners,Hex Bolt,NOS,Bailadila Iron Ore Mine,Slow-Moving,9481,2024-04-14,Precision Fasteners,PREFAS-HB-M20x80-27
a85f5c4a-8875-5340-8789-5f4be5d29932,NMDC,NMDC-410097,"SPARE-XLPE Cable, Aluminium, SIZE 415V 100A",CMM-ELECTR-8EAEA9-001,Electrical,XLPE Cable,MTR,Donimalai Iron Ore Mine,Active,195,2024-04-13,Crompton Greaves,CROGRE-XC-415V100A-46
9bec4151-8349-58f4-a9db-1e3873730db7,NMDC,NMDC-410098,BALL VLV 6 in SS304,CMM-VALVE-1D70F9-001,Valves,Ball Valve,NOS,Bailadila Iron Ore Mine,Active,4792,2024-10-15,Fouress,FOU-BV-6in-07
11389b8c-0bf4-54c2-9c93-637b10fc889d,NMDC,NMDC-410099,IND.RTD Sensor SS316 4-20 mA,CMM-INSTRU-7A3205-001,Instrumentation,RTD Sensor,NOS,Donimalai Iron Ore Mine,Slow-Moving,14670,2025-03-30,Honeywell,HON-RS-4-20mA-91
64bb1fa0-fdeb-5b69-b34a-710b1483d78b,NMDC,NMDC-410100,STORES ITEM NEEDLE BEARING Chrome Steel 6304,CMM-BEARNG-A74B84-001,Bearings,Needle Bearing,NOS,Donimalai Iron Ore Mine,Active,10480,2024-12-07,SKF,SKF-NB-6304-41
307e886d-a623-59b5-9930-352fb4ff8743,NMDC,NMDC-410101,INDUCTION MOTOR 3C x 95 sq mm Aluminium,CMM-ELECTR-9C93DB-001,Electrical,Induction Motor,MTR,Kirandul Complex,Active,5106,2024-01-09,Siemens,SIE-IM-3Cx95sqmm-73
c2a74e8e-2276-5b23-87e2-9d326b064df2,NMDC,NMDC-410102,IND.Anchor Bolt Carbon Steel M24 x 100,CMM-FASTNR-42CB56-001,Fasteners,Anchor Bolt,NOS,Donimalai Iron Ore Mine,Active,294,2024-05-26,GKW,GKW-AB-M24x100-31
daf27b7a-fe87-51db-9508-612db38ab306,NMDC,NMDC-410103,"STORES ITEM TEMPERATURE TRANSMITTER, Brass, SIZE 0-100 bar",CMM-INSTRU-027BD0-001,Instrumentation,Temperature Transmitter,NOS,Bailadila Iron Ore Mine,Active,1106,2024-11-20,Yokogawa,YOK-TT-0-100bar-94
2047906b-d693-583f-992f-d8653abac56d,NMDC,NMDC-410104,"SPARE-PRESSURE GAUGE, Brass, SIZE 0-100 bar",CMM-INSTRU-22FF74-001,Instrumentation,Pressure Gauge,NOS,Bailadila Iron Ore Mine,Obsolete,7095,2024-09-04,ABB,ABB-PG-0-100bar-20
474de2ce-9682-555e-8711-7babae69f546,NMDC,NMDC-410105,M12 x 50 Hex Nut - Grade 8.8,CMM-FASTNR-412B68-001,Fasteners,Hex Nut,NOS,Bailadila Iron Ore Mine,Active,1417,2025-12-09,Unbrako,UNB-HN-M12x50-47
792aecc1-4c0f-5be8-9cde-0983440148b9,NMDC,NMDC-410106,"STORES ITEM EQUAL TEE, ASTM A106 Gr B, SIZE DN 50",CMM-PIPEF-D565F3-001,Pipes & Fittings,Equal Tee,MTR,Kirandul Complex,Slow-Moving,1781,2024-05-13,ISMT,ISM-ET-DN50-98
648a2807-80eb-5034-bd21-7cc69bbd69e8,NMDC,NMDC-410107,MECHANICAL SEAL NBR 100 mm,CMM-SEALG-DB0B11-001,Seals,Mechanical Seal,NOS,Kirandul Complex,Obsolete,4576,2024-11-12,Sealol,SEA-MS-100mm-45
1a9c205b-d695-5c53-a5c4-baa8db9eb5a1,NMDC,NMDC-410108,"STORES ITEM Induction Motor, Aluminium, SIZE 415V 100A",CMM-ELECTR-62038E-001,Electrical,Induction Motor,MTR,Bailadila Iron Ore Mine,Active,50,2024-06-05,Havells,HAV-IM-415V100A-39
fe21cbfd-e87e-5471-8f02-c4ce7eded8db,NMDC,NMDC-410109,"Oil Seal, Viton, SIZE 100 mm",CMM-SEALG-96ED36-001,Seals,Oil Seal,NOS,Bailadila Iron Ore Mine,Active,4801,2024-10-23,Sealol,SEA-OS-100mm-19
cef4eae3-5a76-5ce8-a0b1-f157988a1e07,NMDC,NMDC-410110,"Anchor Bolt, SS316, SIZE M10 x 40 600#",CMM-FASTNR-2EA3F9-001,Fasteners,Anchor Bolt,KG,Bailadila Iron Ore Mine,Active,447,2025-10-06,Unbrako,UNB-AB-M10x40-26
d6721459-69f8-5768-82cf-373e49290ee6,NMDC,NMDC-410111,IND.1 in Globe Valve - WCB 150#,CMM-VALVE-5D3ADC-001,Valves,Globe Valve,NOS,Bailadila Iron Ore Mine,Obsolete,4168,2025-02-03,Leader Valves,LEAVAL-GV-1in-07
9ca82645-8c84-52e1-b368-e469cdc35fa5,NMDC,NMDC-410112,STORES ITEM Butterfly Valve 600# SS316 4 in,CMM-VALVE-1B2E88-001,Valves,Butterfly Valve,NOS,Bailadila Iron Ore Mine,Active,11833,2025-08-04,Fouress,FOU-BV-4in-71
ffda238a-aedb-5348-9435-c73c7a117474,NMDC,NMDC-410113,"STORES ITEM SPIRAL WOUND GASKET, Graphite, SIZE 100 mm 150#",CMM-SEALG-62C5E5-001,Seals,Spiral Wound Gasket,KG,Kirandul Complex,Active,10388,2025-08-20,Sealol,SEA-SWG-100mm-27
2447be36-ef6f-5ec6-ab75-96ce1704d0c2,NMDC,NMDC-410114,STUD BOLT 150# Grade 10.9 M12 x 50,CMM-FASTNR-1E40EE-001,Fasteners,Stud Bolt,NOS,Donimalai Iron Ore Mine,Active,7568,2024-07-26,Sundram Fasteners,SUNFAS-SB-M12x50-25
5dbce053-5862-5077-b473-3be8881dce6a,NMDC,NMDC-410115,"SPARE-LEVEL TRANSMITTER, Brass, SIZE 1/2 in NPT 150#",CMM-INSTRU-40C5B3-001,Instrumentation,Level Transmitter,NOS,Bailadila Iron Ore Mine,Active,12976,2024-09-13,ABB,ABB-LT-1-2inNPT-22
a009c733-8425-5867-b6a6-ec05b183ff06,NMDC,NMDC-410116,SPARE-DN 50 Welded Pipe - SS316L 600#,CMM-PIPEF-A71D7A-001,Pipes & Fittings,Welded Pipe,MTR,Bailadila Iron Ore Mine,Obsolete,7158,2024-12-21,ISMT,ISM-WP-DN50-05
ef08f58b-03b4-515c-9fd3-d6fdf388d45f,NMDC,NMDC-410117,2 in MECHANICAL SEAL - Graphite 600#,CMM-SEALG-61A948-001,Seals,Mechanical Seal,NOS,Kirandul Complex,Active,2041,2025-05-16,Chesterton,CHE-MS-2in-94
f873ba58-1126-53d8-be07-1d3ca93a8bd0,NMDC,NMDC-410118,SPARE-3C x 95 sq mm Distribution Transformer - Aluminium 300#,CMM-ELECTR-3F141A-001,Electrical,Distribution Transformer,MTR,Kirandul Complex,Active,3443,2024-01-20,Crompton Greaves,CROGRE-DT-3Cx95sqmm-06
12336b11-4f25-57eb-af4f-aadbaa4c29bb,NMDC,NMDC-410119,"STORES ITEM PRESSURE GAUGE, Brass, SIZE 0-100 bar 300#",CMM-INSTRU-1709F9-001,Instrumentation,Pressure Gauge,NOS,Kirandul Complex,Active,5457,2025-10-19,Honeywell,HON-PG-0-100bar-44
8f301b51-1488-5f8c-b42e-d16b7b581034,NMDC,NMDC-410120,"IND.EQUAL TEE, Carbon Steel, SIZE DN 100 300#",CMM-PIPEF-BED3C9-001,Pipes & Fittings,Equal Tee,MTR,Donimalai Iron Ore Mine,Active,5042,2025-05-01,Jindal Pipes,JINPIP-ET-DN100-73
1f4e94ad-54f6-5cca-a056-b5cf3cbbf180,NMDC,NMDC-410121,Stud Bolt 600# Grade 8.8 M20 x 80,CMM-FASTNR-1B4788-001,Fasteners,Stud Bolt,NOS,Donimalai Iron Ore Mine,Obsolete,12839,2024-04-25,GKW,GKW-SB-M20x80-82
cd24857e-6da4-5510-ac85-f98ab90d8ed4,NMDC,NMDC-410122,STORES ITEM ROLLER BRG 30205 Chrome Steel 150#,CMM-BEARNG-A0A0E6-001,Bearings,Roller Bearing,NOS,Bailadila Iron Ore Mine,Obsolete,314,2024-01-08,NBC Bearings,NBCBEA-RB-30205-65
cafe6435-b52f-5f09-a405-0179098c707d,NMDC,NMDC-410123,"BV, ASTM A351 CF8M, SIZE 1/2 in 150#",CMM-VALVE-D627F3-001,Valves,Ball Valve,NOS,Kirandul Complex,Active,8546,2024-06-04,Fouress,FOU-BV-1-2in-38
b518ffa5-a0e2-569c-8258-60b990de4f65,NMDC,NMDC-410124,Flow Meter 150# SS304 4-20 mA,CMM-INSTRU-B12635-001,Instrumentation,Flow Meter,NOS,Kirandul Complex,Active,7927,2025-05-10,Yokogawa,YOK-FM-4-20mA-05
e3b7f7f9-cc40-540a-8a5d-054c716cecbb,NMDC,NMDC-410125,IND.VERTICAL TURBINE PUMP 150# Cast Iron 2 in x 1.5 in,CMM-PUMP-FA44B3-001,Pumps,Vertical Turbine Pump,SET,Bailadila Iron Ore Mine,Active,5791,2024-03-13,KSB,KSB-VTP-2inx1.5in-83
f65af2cd-9437-5fb2-91c4-bfdf5fb253c6,NMDC,NMDC-410126,SPARE-3 in x 2 in GEAR PUMP - Cast Iron 300#,CMM-PUMP-4393F2-001,Pumps,Gear Pump,SET,Kirandul Complex,Active,10503,2024-04-17,Mather+Platt,MAT-GP-3inx2in-77
e3ebe7ea-ca7e-5c5e-813b-a11d540f097b,NMDC,NMDC-410127,SPARE-Flange 300# SS316L DN 80,CMM-PIPEF-B95E69-001,Pipes & Fittings,Flange,MTR,Bailadila Iron Ore Mine,Active,2857,2024-01-23,Tata Steel,TATSTE-F-DN80-59
58d16474-6da9-5cc1-90c9-7fe9783f24f0,NMDC,NMDC-410128,IND.M16 x 65 Hex Bolt - Grade 8.8 300#,CMM-FASTNR-733884-001,Fasteners,Hex Bolt,KG,Donimalai Iron Ore Mine,Slow-Moving,14452,2024-09-15,Precision Fasteners,PREFAS-HB-M16x65-24
aff97bc4-cfcf-59f7-abdd-a5e2dfba1275,NMDC,NMDC-410129,"Hex Bolt, Grade 8.8, SIZE M16 x 65 150#",CMM-FASTNR-63D01D-001,Fasteners,Hex Bolt,NOS,Donimalai Iron Ore Mine,Active,9454,2024-06-30,GKW,GKW-HB-M16x65-24
dd392394-b437-5629-8a0a-13dcd512540e,NMDC,NMDC-410130,IND.Rubber Gasket 600# NBR 2 in,CMM-SEALG-31DF73-001,Seals,Rubber Gasket,NOS,Kirandul Complex,Active,3092,2024-08-14,Sealol,SEA-RG-2in-23
6518644d-bb81-52e7-b3dc-4a0834f726c0,NMDC,NMDC-410131,"Ball Valve, ASTM A351 CF8M, SIZE 1 in 150#",CMM-VALVE-239051-001,Valves,Ball Valve,NOS,Kirandul Complex,Active,5471,2025-11-11,Audco,AUD-BV-1in-44
81bdf01f-c327-5830-bdaf-e94fb4bf7848,NMDC,NMDC-410132,SPARE-65 mm Oil Seal - PTFE 600#,CMM-SEALG-D89357-001,Seals,Oil Seal,NOS,Donimalai Iron Ore Mine,Active,318,2025-02-04,Chesterton,CHE-OS-65mm-02
0388dc8b-6daf-5cf3-a964-1902c51ca0d6,NMDC,NMDC-410133,IND.4C x 25 sq mm SWITCHGEAR PANEL - XLPE Insulated 150#,CMM-ELECTR-4DD7B9-001,Electrical,Switchgear Panel,MTR,Kirandul Complex,Slow-Moving,5185,2025-06-07,Crompton Greaves,CROGRE-SP-4Cx25sqmm-31
d8b82fb2-a8eb-529d-bc1c-f4ae15391438,NMDC,NMDC-410134,STORES ITEM Reciprocating Pump 300# Cast Iron DN 100,CMM-PUMP-36F968-001,Pumps,Reciprocating Pump,SET,Kirandul Complex,Active,1042,2024-07-18,KSB,KSB-RP-DN100-69
9ed2a720-592d-55b5-84d0-c40e9bf37ef4,NMDC,NMDC-410135,IND.Hex Nut 300# Carbon Steel M12 x 50,CMM-FASTNR-531DD1-001,Fasteners,Hex Nut,NOS,Donimalai Iron Ore Mine,Active,10565,2025-02-09,Unbrako,UNB-HN-M12x50-97
e6ab602a-24b5-522e-b7b0-2f6401306c7f,NMDC,NMDC-410136,IND.DN 100 RECIPROCATING PUMP - SS304 150#,CMM-PUMP-91FC08-001,Pumps,Reciprocating Pump,SET,Bailadila Iron Ore Mine,Active,2669,2024-07-25,WPIL,WPI-RP-DN100-69
1bd16169-efdc-5374-9497-942b06ab922c,NMDC,NMDC-410137,IND.PUMP CENTRIF 2 in x 1.5 in Cast Iron 600#,CMM-PUMP-CBCD97-001,Pumps,Centrifugal Pump,SET,Bailadila Iron Ore Mine,Active,10481,2025-11-29,Kirloskar,KIR-CP-2inx1.5in-39
b4c3ed1f-9c27-595a-9d7e-277d3ba88bf9,NMDC,NMDC-410138,STORES ITEM Circuit Breaker 300# XLPE Insulated 415V 100A,CMM-ELECTR-1C59B4-001,Electrical,Circuit Breaker,MTR,Donimalai Iron Ore Mine,Obsolete,10115,2024-01-01,Siemens,SIE-CB-415V100A-43
79c5f444-95e1-5359-832b-ddd796e36d53,NMDC,NMDC-410139,STORES ITEM Thrust Bearing 150# Stainless Steel 22208,CMM-BEARNG-52104E-001,Bearings,Thrust Bearing,NOS,Donimalai Iron Ore Mine,Active,574,2025-02-06,SKF,SKF-TB-22208-21
324df181-5df1-59a8-a43e-149ab795f8e7,NMDC,NMDC-410140,STORES ITEM Stud Bolt M24 x 100 Grade B7 300#,CMM-FASTNR-9B1B0A-001,Fasteners,Stud Bolt,NOS,Donimalai Iron Ore Mine,Active,8165,2024-10-11,Unbrako,UNB-SB-M24x100-43
a5816f19-8de5-56d2-ad25-abf7880720fe,NMDC,NMDC-410141,SPARE-2 in Gate Valve - SS304 150#,CMM-VALVE-B0F240-001,Valves,Gate Valve,NOS,Kirandul Complex,Slow-Moving,717,2024-11-15,Leader Valves,LEAVAL-GV-2in-74
9560d2a6-ffb4-571f-adb8-8b09794b4638,NMDC,NMDC-410142,"STORES ITEM Ball Valve, ASTM A216 WCB, SIZE 1/2 in 150#",CMM-VALVE-DC1731-001,Valves,Ball Valve,NOS,Kirandul Complex,Active,9372,2025-12-18,Fouress,FOU-BV-1-2in-72
b23a24dc-ff84-5b5c-8ebe-4528c0d3b444,NMDC,NMDC-410143,IND.RUBBER GASKET 600# PTFE 2 in,CMM-SEALG-CE2B43-001,Seals,Rubber Gasket,KG,Donimalai Iron Ore Mine,Active,4565,2025-05-03,Flowserve,FLO-RG-2in-45
0b3cdc9b-13ce-56d0-babb-09553f7c5c0a,NMDC,NMDC-410144,IND.3C x 95 sq mm SWITCHGEAR PANEL - Copper 150#,CMM-ELECTR-3F0657-001,Electrical,Switchgear Panel,MTR,Bailadila Iron Ore Mine,Slow-Moving,9007,2024-03-23,Havells,HAV-SP-3Cx95sqmm-67
658da4cb-de3d-5d7b-9b25-b120d132cde4,NMDC,NMDC-410145,Needle Bearing 600# AISI 52100 6408,CMM-BEARNG-7BE095-001,Bearings,Needle Bearing,NOS,Bailadila Iron Ore Mine,Slow-Moving,4323,2024-06-12,SKF,SKF-NB-6408-46
f69c23c6-faa9-5dbf-8006-e2880a7a71c3,NMDC,NMDC-410146,IND.BOLT HEX M10 x 40 Grade B7 600#,CMM-FASTNR-87EE42-001,Fasteners,Hex Bolt,NOS,Kirandul Complex,Active,4129,2025-06-12,GKW,GKW-HB-M10x40-01
b0c38f3e-ac13-50aa-a849-9e9bf5e0ec48,NMDC,NMDC-410147,SPARE-30205 Ball Bearing - Chrome Steel 300#,CMM-BEARNG-FCEB8C-001,Bearings,Ball Bearing,NOS,Kirandul Complex,Active,9135,2024-01-06,SKF,SKF-BB-30205-34
e6bfdc53-0715-51c2-9cc0-220c60a8ee95,NMDC,NMDC-410148,SPARE-DN 100 Reciprocating Pump - Cast Iron 600#,CMM-PUMP-D06965-001,Pumps,Reciprocating Pump,SET,Kirandul Complex,Active,3587,2024-11-12,Mather+Platt,MAT-RP-DN100-16
0b256d19-288c-5a2a-8b6d-2d25949332a4,NMDC,NMDC-410149,STORES ITEM Thrust Bearing 30205 Stainless Steel 150#,CMM-BEARNG-0772AD-001,Bearings,Thrust Bearing,NOS,Donimalai Iron Ore Mine,Slow-Moving,5536,2024-01-27,FAG,FAG-TB-30205-65
1fd3425d-59b3-56f1-8a6c-2323248759d5,NMDC,NMDC-410150,STORES ITEM DN 50 SMLS PIPE - Alloy Steel 600#,CMM-PIPEF-5A0AFC-001,Pipes & Fittings,Seamless Pipe,MTR,Kirandul Complex,Active,4475,2024-01-18,Tata Steel,TATSTE-SP-DN50-53
eb2b74db-4151-5367-ad88-d8cf7e21acb1,NMDC,NMDC-410151,IND.GEAR PUMP 300# SS304 2 in x 1.5 in,CMM-PUMP-CAB76F-001,Pumps,Gear Pump,SET,Kirandul Complex,Active,6569,2025-04-12,KSB,KSB-GP-2inx1.5in-84
32c9f47c-ebb2-54a7-b77a-3518689ab6be,NMDC,NMDC-410152,IND.2 in x 1.5 in Vertical Turbine Pump - SS316 150#,CMM-PUMP-E80267-001,Pumps,Vertical Turbine Pump,SET,Kirandul Complex,Slow-Moving,9464,2025-03-22,WPIL,WPI-VTP-2inx1.5in-60
44ca6235-934f-5e1f-b043-7a86b3cb4b8c,NMDC,NMDC-410153,SPARE-XLPE Cable 600# XLPE Insulated 1C x 300 sq mm,CMM-ELECTR-97B02F-001,Electrical,XLPE Cable,MTR,Bailadila Iron Ore Mine,Obsolete,9182,2025-03-14,Siemens,SIE-XC-1Cx300sqmm-66
f328ea24-87b9-569a-beca-cd333fc95dc1,NMDC,NMDC-410154,"IND.Rubber Gasket, NBR, SIZE 100 mm 150#",CMM-SEALG-E70970-001,Seals,Rubber Gasket,NOS,Bailadila Iron Ore Mine,Active,9656,2025-10-24,Sealol,SEA-RG-100mm-06
96e109e8-0d53-5659-8c97-a9277f9a7518,NMDC,NMDC-410155,STORES ITEM M24 x 100 Hex Nut - Alloy Steel 300#,CMM-FASTNR-482EC1-001,Fasteners,Hex Nut,NOS,Donimalai Iron Ore Mine,Slow-Moving,14508,2025-05-19,Precision Fasteners,PREFAS-HN-M24x100-35
5fcdf412-935c-5e4b-ba00-15d4039bdad5,NMDC,NMDC-410156,Anchor Bolt M10 x 40 Grade 10.9 300#,CMM-FASTNR-1B6461-001,Fasteners,Anchor Bolt,NOS,Bailadila Iron Ore Mine,Active,10866,2024-05-22,GKW,GKW-AB-M10x40-27
9f20d494-9e0c-5989-91fa-738c62ca8df3,NMDC,NMDC-410157,Switchgear Panel 150# Aluminium 1C x 300 sq mm,CMM-ELECTR-253FB4-001,Electrical,Switchgear Panel,MTR,Bailadila Iron Ore Mine,Active,10113,2024-06-14,ABB,ABB-SP-1Cx300sqmm-04
b5099bf7-bd76-57d9-a254-47686349deb3,NMDC,NMDC-410158,HEX NUT M10 x 40 Grade B7 150#,CMM-FASTNR-58C523-001,Fasteners,Hex Nut,NOS,Bailadila Iron Ore Mine,Active,13829,2024-06-11,GKW,GKW-HN-M10x40-66
e99a6452-3b4a-5afd-b470-d76f956111df,NMDC,NMDC-410159,WELDED PIPE 300# Carbon Steel DN 80,CMM-PIPEF-8B6C6B-001,Pipes & Fittings,Welded Pipe,MTR,Donimalai Iron Ore Mine,Active,7323,2024-01-12,Maharashtra Seamless,MAHSEA-WP-DN80-04
231608c6-1dd4-58f3-8b1b-b59a0a59cd85,NMDC,NMDC-410160,THRUST BEARING 6408 AISI 52100 150#,CMM-BEARNG-7BE095-001,Bearings,Thrust Bearing,NOS,Kirandul Complex,Active,6300,2025-12-12,NBC Bearings,NBCBEA-TB-6408-77
fc14bded-bb01-5d62-a61a-94dad1304161,NMDC,NMDC-410161,IND.O-RING 65 mm PTFE 300#,CMM-SEALG-DE85AC-001,Seals,O-Ring,NOS,Bailadila Iron Ore Mine,Active,6546,2025-10-09,Chesterton,CHE-O-65mm-82
13adecd8-c13a-599b-8ba9-e09421d029ab,NMDC,NMDC-410162,SPARE-DN 80 ELBOW 90 DEG - IS 2062 600#,CMM-PIPEF-C0AB5E-001,Pipes & Fittings,Elbow 90 Deg,MTR,Kirandul Complex,Slow-Moving,4446,2024-02-18,ISMT,ISM-E9D-DN80-72
6fd97498-3596-574e-9311-26fa8a98171c,NMDC,NMDC-410163,OIL SEAL 100 mm Viton 150#,CMM-SEALG-302F89-001,Seals,Oil Seal,NOS,Bailadila Iron Ore Mine,Active,10111,2025-08-28,Sealol,SEA-OS-100mm-37
fc347ffc-d00e-5193-8f25-b2d4c6fc8965,NMDC,NMDC-410164,Hex Bolt 600# Grade 10.9 M20 x 80,CMM-FASTNR-26EF8B-001,Fasteners,Hex Bolt,NOS,Bailadila Iron Ore Mine,Slow-Moving,14751,2025-08-08,Precision Fasteners,PREFAS-HB-M20x80-49
d3b1dd8b-694f-519d-8059-634b1169b230,NMDC,NMDC-410165,"O-RING, NBR, SIZE 2 in 600#",CMM-SEALG-E00177-001,Seals,O-Ring,NOS,Donimalai Iron Ore Mine,Active,9027,2024-08-12,Flowserve,FLO-O-2in-70
0a75f936-1756-5bc9-8ef0-3e11a121fa26,NMDC,NMDC-410166,"CHECK VALVE, ASTM A216 WCB, SIZE DN 150 600#",CMM-VALVE-FE18AF-001,Valves,Check Valve,NOS,Donimalai Iron Ore Mine,Active,6483,2024-10-21,Audco,AUD-CV-DN150-91
08d99ff6-cc28-5366-8248-324816906371,NMDC,NMDC-410167,Vertical Turbine Pump DN 100 Duplex Steel 600#,CMM-PUMP-6061C6-001,Pumps,Vertical Turbine Pump,SET,Kirandul Complex,Active,3676,2024-11-11,WPIL,WPI-VTP-DN100-33
49b3f487-5c37-57b6-8673-78caa3b6f8a1,NMDC,NMDC-410168,CONTROL VALVE DN 50 SS316 150#,CMM-VALVE-B0E0FA-001,Valves,Control Valve,NOS,Kirandul Complex,Active,14957,2025-05-15,Fouress,FOU-CV-DN50-93
71e48dc2-fee0-5fa8-a494-5e20db961fff,NMDC,NMDC-410169,"SPARE-Stud Bolt, Grade B7, SIZE M10 x 40 150#",CMM-FASTNR-A1A35C-001,Fasteners,Stud Bolt,NOS,Donimalai Iron Ore Mine,Active,6354,2024-05-05,GKW,GKW-SB-M10x40-18
35072cd3-ed3b-5435-ba89-49526ec8e26f,NMDC,NMDC-410170,IND.2 in GV - SS316 300#,CMM-VALVE-63A8B7-001,Valves,Gate Valve,NOS,Donimalai Iron Ore Mine,Active,11860,2024-01-28,KSB,KSB-GV-2in-80
fd146a16-61da-5155-a9a7-b373bb7b8387,NMDC,NMDC-410171,STORES ITEM Flow Meter 300# Polycarbonate 0-100 bar,CMM-INSTRU-472245-001,Instrumentation,Flow Meter,NOS,Donimalai Iron Ore Mine,Active,6376,2024-10-05,ABB,ABB-FM-0-100bar-90
0c2807eb-b2b9-589f-8fce-ffbac4bc2495,NMDC,NMDC-410172,IND.DN 100 Submersible Pump - Carbon Steel 150#,CMM-PUMP-38A47A-001,Pumps,Submersible Pump,SET,Donimalai Iron Ore Mine,Active,10059,2024-08-16,KSB,KSB-SP-DN100-36
6cd9e0a1-e338-5e60-9f32-cdc3f5060544,NMDC,NMDC-410173,STORES ITEM DN 150 GLOBE VALVE - LCB 150#,CMM-VALVE-5DCD57-001,Valves,Globe Valve,NOS,Kirandul Complex,Active,13234,2025-10-31,Fouress,FOU-GV-DN150-41
87f5e3a5-e16d-52d6-af70-9ccda881aee8,NMDC,NMDC-410174,SPARE-LEVEL TRANSMITTER 0-500 Deg C SS304 300#,CMM-INSTRU-DD1D73-001,Instrumentation,Level Transmitter,NOS,Bailadila Iron Ore Mine,Slow-Moving,2062,2025-11-17,ABB,ABB-LT-0-500DegC-33
614a308e-8ed3-55f7-8c0f-83af6759f015,NMDC,NMDC-410175,SPARE-BOLT HEX M20 x 80 Alloy Steel 150#,CMM-FASTNR-90BA4C-001,Fasteners,Hex Bolt,NOS,Donimalai Iron Ore Mine,Active,337,2025-03-04,GKW,GKW-HB-M20x80-61
e1d7feff-4a89-501a-9639-c873a4fcd9dc,NMDC,NMDC-410176,DN 100 CENT. PUMP - Alloy Steel 150#,CMM-PUMP-21B057-001,Pumps,Centrifugal Pump,SET,Kirandul Complex,Active,333,2025-01-01,KSB,KSB-CP-DN100-50
a6fe1c2e-7b67-53f3-acc2-bb82dcdbc61e,NMDC,NMDC-410177,GEAR PUMP 600# Cast Iron DN 100,CMM-PUMP-173478-001,Pumps,Gear Pump,SET,Donimalai Iron Ore Mine,Active,14676,2025-04-09,WPIL,WPI-GP-DN100-97
bd30ec5c-4288-53f9-954d-61634cc2d992,NMDC,NMDC-410178,IND.Elbow 90 Deg 150# Carbon Steel 2 in,CMM-PIPEF-31AE63-001,Pipes & Fittings,Elbow 90 Deg,MTR,Bailadila Iron Ore Mine,Active,12295,2025-01-02,ISMT,ISM-E9D-2in-76
0ff1835f-9f47-5177-b07c-d210857f94f3,NMDC,NMDC-410179,Reducer 300# IS 2062 2 in,CMM-PIPEF-FEC860-001,Pipes & Fittings,Reducer,MTR,Kirandul Complex,Active,7121,2024-04-11,Maharashtra Seamless,MAHSEA-R-2in-80
3adf6fcf-4d3b-53d0-9ade-d5575033c989,NMDC,NMDC-410180,"SPARE-CHECK VALVE, WCB, SIZE DN 50 150#",CMM-VALVE-544738-001,Valves,Check Valve,NOS,Kirandul Complex,Active,10898,2025-09-10,L&T Valves,L&TVAL-CV-DN50-32
52076600-3712-5ce9-bbb2-6a6d7bf4e55e,NMDC,NMDC-410181,IND.0-100 bar LEVEL TRANSMITTER - SS304 150#,CMM-INSTRU-028F71-001,Instrumentation,Level Transmitter,NOS,Kirandul Complex,Active,7645,2024-09-12,Yokogawa,YOK-LT-0-100bar-79
0080eabd-125c-5530-8d2c-3c6302f41363,NMDC,NMDC-410182,IND.Socket Head Screw 300# Grade B7 M16 x 65,CMM-FASTNR-64D9FA-001,Fasteners,Socket Head Screw,NOS,Kirandul Complex,Active,11381,2024-05-21,Precision Fasteners,PREFAS-SHS-M16x65-27
db3ae710-9e09-57c9-94dd-329fea39e830,NMDC,NMDC-410183,SPARE-O-RING 65 mm Viton 600#,CMM-SEALG-A60FBB-001,Seals,O-Ring,KG,Bailadila Iron Ore Mine,Active,717,2024-06-06,Chesterton,CHE-O-65mm-27
45336da9-a9c8-55ca-b2fc-73130c2d1d0d,NMDC,NMDC-410184,IND.Taper Roller Bearing 6408 Chrome Steel 300#,CMM-BEARNG-FF170C-001,Bearings,Taper Roller Bearing,NOS,Bailadila Iron Ore Mine,Active,13675,2024-10-02,NBC Bearings,NBCBEA-TRB-6408-01
78b0ea04-d447-5a00-ad12-88ba68679c5a,NMDC,NMDC-410185,0-500 Deg C TEMPERATURE TRANSMITTER - Brass 300#,CMM-INSTRU-C7F4D5-001,Instrumentation,Temperature Transmitter,NOS,Bailadila Iron Ore Mine,Active,11372,2024-08-23,ABB,ABB-TT-0-500DegC-35
7f15a77c-a208-5427-b34c-3ac3a8e44c37,NMDC,NMDC-410186,"STORES ITEM HEX NUT, Grade 8.8, SIZE M16 x 65 600#",CMM-FASTNR-9F40C9-001,Fasteners,Hex Nut,NOS,Bailadila Iron Ore Mine,Active,4347,2024-12-16,Unbrako,UNB-HN-M16x65-89
93446d2f-db84-573f-8db6-245daf22403e,NMDC,NMDC-410187,IND.BOLT HEX M16 x 65 Grade 8.8 600#,CMM-FASTNR-FF37FE-001,Fasteners,Hex Bolt,NOS,Kirandul Complex,Active,13795,2024-03-03,Precision Fasteners,PREFAS-HB-M16x65-93
e0fccb42-c1d9-50cc-8a36-3a9acc34d2e0,NMDC,NMDC-410188,SPARE-NEEDLE BEARING 22208 Chrome Steel 300#,CMM-BEARNG-39C22B-001,Bearings,Needle Bearing,NOS,Kirandul Complex,Obsolete,1477,2025-11-21,Timken,TIM-NB-22208-38
355b2633-0495-5fd4-9bff-c7c2babf9ffb,NMDC,NMDC-410189,IND.DISTRIBUTION TRANSFORMER 4C x 25 sq mm Aluminium 600#,CMM-ELECTR-1643F5-001,Electrical,Distribution Transformer,MTR,Kirandul Complex,Active,141,2025-01-30,ABB,ABB-DT-4Cx25sqmm-10
be29733b-33f5-5213-b23f-2cfce6753819,NMDC,NMDC-410190,IND.0-100 bar RTD SENSOR - Brass 300#,CMM-INSTRU-205218-001,Instrumentation,RTD Sensor,NOS,Bailadila Iron Ore Mine,Active,7525,2024-02-28,Emerson,EME-RS-0-100bar-02
6d3464d1-8a82-52bc-9bc9-f6e203569dc6,NMDC,NMDC-410191,CONTROL VALVE DN 50 SS304 600#,CMM-VALVE-A6F9BA-001,Valves,Control Valve,NOS,Donimalai Iron Ore Mine,Active,5811,2025-01-27,L&T Valves,L&TVAL-CV-DN50-12
1822d11b-86ef-5a54-953c-19b10c47f57a,NMDC,NMDC-410192,SPARE-Circuit Breaker 600# Copper 415V 100A,CMM-ELECTR-BB66D5-001,Electrical,Circuit Breaker,MTR,Donimalai Iron Ore Mine,Active,13348,2024-11-23,Siemens,SIE-CB-415V100A-08
234ad79d-b74a-591a-a13e-0f5381b94431,NMDC,NMDC-410193,22208 TAPER ROLLER BEARING - Chrome Steel 600#,CMM-BEARNG-39C22B-001,Bearings,Taper Roller Bearing,NOS,Kirandul Complex,Active,3093,2024-09-05,Timken,TIM-TRB-22208-59
1f4f396c-88ef-5c36-9388-898c5c5c6432,NMDC,NMDC-410194,IND.Ore Crusher Hammer Manganese Steel M24 x 100,CMM-FASTNR-7B5EA4-001,Fasteners,Ore Crusher Hammer,NOS,Donimalai Iron Ore Mine,Active,8378,2025-11-09,Unbrako,UNB-OCH-M24x100-21
fa56ca7e-2f2e-5cad-857d-f9afea2fe305,NMDC,NMDC-410195,"ORE CRUSHER HAMMER, Manganese Steel, SIZE M24 x 100",CMM-FASTNR-0448D7-001,Fasteners,Ore Crusher Hammer,NOS,Donimalai Iron Ore Mine,Active,796,2025-09-29,Sundram Fasteners,SUNFAS-OCH-M24x100-06
2698b59e-da56-5b27-8d68-59d8ba14c875,NMDC,NMDC-410196,"STORES ITEM Conveyor Idler Roller, Carbon Steel, SIZE DN 100",CMM-PIPEF-577FE7-001,Pipes & Fittings,Conveyor Idler Roller,MTR,Kirandul Complex,Slow-Moving,5867,2025-08-19,Tata Steel,TATSTE-CIR-DN100-41
940ff3df-1c69-56b4-ac6d-dee35ff1a129,NMDC,NMDC-410197,STORES ITEM CONVEYOR IDLER ROLLER Carbon Steel DN 100,CMM-PIPEF-6980E3-001,Pipes & Fittings,Conveyor Idler Roller,MTR,Bailadila Iron Ore Mine,Active,9876,2025-01-21,Maharashtra Seamless,MAHSEA-CIR-DN100-15
c93ad299-c557-5af8-93db-25931533b401,NMDC,NMDC-410198,"IND.Conveyor Idler Roller, Carbon Steel, SIZE DN 100",CMM-PIPEF-7B9DF8-001,Pipes & Fittings,Conveyor Idler Roller,MTR,Bailadila Iron Ore Mine,Active,11501,2024-08-13,ISMT,ISM-CIR-DN100-36
1ae265dd-24d8-5611-a9a3-1ceb21ea6705,NMDC,NMDC-410199,SPARE-Conveyor Idler Roller DN 100 Carbon Steel,CMM-PIPEF-8291FD-001,Pipes & Fittings,Conveyor Idler Roller,MTR,Donimalai Iron Ore Mine,Active,14112,2025-07-14,Tata Steel,TATSTE-CIR-DN100-49
ad470ab0-cbf9-5622-848c-024c1e67c447,NMDC,NMDC-410200,STORES ITEM CONVEYOR IDLER ROLLER Carbon Steel DN 100,CMM-PIPEF-19DF58-001,Pipes & Fittings,Conveyor Idler Roller,MTR,Kirandul Complex,Active,14254,2024-09-05,Jindal Pipes,JINPIP-CIR-DN100-46
90c0b3e0-4360-51cc-900e-0d1b5f12e989,NMDC,NMDC-410201,"IND.CONVEYOR IDLER ROLLER, Carbon Steel, SIZE DN 100",CMM-PIPEF-285DD4-001,Pipes & Fittings,Conveyor Idler Roller,MTR,Bailadila Iron Ore Mine,Active,3531,2025-11-06,ISMT,ISM-CIR-DN100-83
960d429c-522e-5017-b576-022a8db4f12a,NMDC,NMDC-410202,"ORE CRUSHER HAMMER, Manganese Steel, SIZE M24 x 100",CMM-FASTNR-80EC9A-001,Fasteners,Ore Crusher Hammer,NOS,Bailadila Iron Ore Mine,Active,12720,2025-08-07,GKW,GKW-OCH-M24x100-05
4ebfccf0-6886-5170-9103-20c11377b80c,NMDC,NMDC-410203,Ore Crusher Hammer M24 x 100 Manganese Steel,CMM-FASTNR-590D1C-001,Fasteners,Ore Crusher Hammer,NOS,Bailadila Iron Ore Mine,Active,12833,2025-01-01,GKW,GKW-OCH-M24x100-16
50acf35f-7196-55a0-bc37-b9426a064f75,NMDC,NMDC-410204,SPARE-DN 100 Conveyor Idler Roller - Carbon Steel,CMM-PIPEF-B8E209-001,Pipes & Fittings,Conveyor Idler Roller,MTR,Kirandul Complex,Slow-Moving,13656,2024-05-03,Maharashtra Seamless,MAHSEA-CIR-DN100-55
83cdb7e7-6a2c-5340-818a-01cce50f2285,NMDC,NMDC-410205,"CONVEYOR IDLER ROLLER, Carbon Steel, SIZE DN 100",CMM-PIPEF-AC8950-001,Pipes & Fittings,Conveyor Idler Roller,MTR,Kirandul Complex,Active,14006,2024-12-09,Tata Steel,TATSTE-CIR-DN100-70
254b3963-7750-5ba9-aa95-730c2b7ccaf2,NMDC,NMDC-410206,"IND.Conveyor Idler Roller, Carbon Steel, SIZE DN 100",CMM-PIPEF-002995-001,Pipes & Fittings,Conveyor Idler Roller,MTR,Donimalai Iron Ore Mine,Active,7856,2024-02-12,Maharashtra Seamless,MAHSEA-CIR-DN100-57
32874792-549b-51d8-a5bc-af7456bd88b5,NMDC,NMDC-410207,IND.M24 x 100 Ore Crusher Hammer - Manganese Steel,CMM-FASTNR-72AFE4-001,Fasteners,Ore Crusher Hammer,NOS,Bailadila Iron Ore Mine,Obsolete,11100,2025-01-23,GKW,GKW-OCH-M24x100-03
1307ced4-f433-5e70-9d35-1e802685358e,NMDC,NMDC-410208,STORES ITEM DN 100 CONVEYOR IDLER ROLLER - Carbon Steel,CMM-PIPEF-3F10E4-001,Pipes & Fittings,Conveyor Idler Roller,MTR,Bailadila Iron Ore Mine,Active,8544,2024-05-25,Jindal Pipes,JINPIP-CIR-DN100-64
440ac58c-397a-5614-9a05-e87cd28648af,NMDC,NMDC-410209,ORE CRUSHER HAMMER M24 x 100 Manganese Steel,CMM-FASTNR-3A0E89-001,Fasteners,Ore Crusher Hammer,NOS,Bailadila Iron Ore Mine,Active,14225,2025-08-08,Unbrako,UNB-OCH-M24x100-18
cba78faf-b250-5ce9-aaee-0d3893941ab2,NMDC,NMDC-410210,STORES ITEM ORE CRUSHER HAMMER Manganese Steel M24 x 100,CMM-FASTNR-F3B45B-001,Fasteners,Ore Crusher Hammer,NOS,Bailadila Iron Ore Mine,Active,11373,2025-06-11,Precision Fasteners,PREFAS-OCH-M24x100-24
753771a0-7715-513a-846a-2bb48fbb87ed,NMDC,NMDC-410211,DN 100 Conveyor Idler Roller - Carbon Steel,CMM-PIPEF-6B3D5C-001,Pipes & Fittings,Conveyor Idler Roller,MTR,Kirandul Complex,Active,7272,2024-04-21,ISMT,ISM-CIR-DN100-04
992cd516-2179-5bbe-82b4-733e0cece9da,NMDC,NMDC-410212,SPARE-CONVEYOR IDLER ROLLER DN 100 Carbon Steel,CMM-PIPEF-CBA628-001,Pipes & Fittings,Conveyor Idler Roller,MTR,Bailadila Iron Ore Mine,Active,7281,2024-03-23,Jindal Pipes,JINPIP-CIR-DN100-76
c46cd065-865a-5f24-b3fd-b4f55b2735a5,NMDC,NMDC-410213,CONVEYOR IDLER ROLLER Carbon Steel DN 100,CMM-PIPEF-91BBA0-001,Pipes & Fittings,Conveyor Idler Roller,MTR,Donimalai Iron Ore Mine,Active,14053,2025-03-02,ISMT,ISM-CIR-DN100-72
441b219e-9b37-5408-aee5-1518d6cbd567,NMDC,NMDC-410214,IND.CONVEYOR IDLER ROLLER DN 100 Carbon Steel,CMM-PIPEF-42F2AE-001,Pipes & Fittings,Conveyor Idler Roller,MTR,Kirandul Complex,Active,1020,2025-03-10,Jindal Pipes,JINPIP-CIR-DN100-16
49f9bea9-b6f4-563d-abc8-46ff817fd3d1,NMDC,NMDC-410215,"SPARE-Conveyor Idler Roller, Carbon Steel, SIZE DN 100",CMM-PIPEF-636EA0-001,Pipes & Fittings,Conveyor Idler Roller,MTR,Kirandul Complex,Active,12618,2025-01-14,Tata Steel,TATSTE-CIR-DN100-31
f7a56c02-02c2-52e4-8fe1-f48b50e3f766,NMDC,NMDC-410216,IND.ORE CRUSHER HAMMER Manganese Steel M24 x 100,CMM-FASTNR-6A90D7-001,Fasteners,Ore Crusher Hammer,NOS,Kirandul Complex,Active,7682,2025-06-06,Unbrako,UNB-OCH-M24x100-87
12942b0b-b148-5f4b-a7b9-83a45bd5ed51,NMDC,NMDC-410217,"IND.ORE CRUSHER HAMMER, Manganese Steel, SIZE M24 x 100",CMM-FASTNR-72C249-001,Fasteners,Ore Crusher Hammer,NOS,Donimalai Iron Ore Mine,Active,11190,2024-04-23,GKW,GKW-OCH-M24x100-23
83c99485-12f2-51e4-b73d-ba1d22bf842d,NMDC,NMDC-410218,ORE CRUSHER HAMMER Manganese Steel M24 x 100,CMM-FASTNR-BDCB57-001,Fasteners,Ore Crusher Hammer,NOS,Donimalai Iron Ore Mine,Active,14834,2025-05-09,GKW,GKW-OCH-M24x100-50
368cd83a-482d-5a82-a5ce-b66d35a0e56d,NMDC,NMDC-410219,SPARE-Ore Crusher Hammer Manganese Steel M24 x 100,CMM-FASTNR-04310E-001,Fasteners,Ore Crusher Hammer,NOS,Bailadila Iron Ore Mine,Active,10224,2025-07-06,Precision Fasteners,PREFAS-OCH-M24x100-79
cf1f4884-4c94-5c9f-b3b5-adf2420c88fa,NMDC,NMDC-410220,"IND.CONVEYOR IDLER ROLLER, Carbon Steel, SIZE DN 100",CMM-PIPEF-89C3D4-001,Pipes & Fittings,Conveyor Idler Roller,MTR,Donimalai Iron Ore Mine,Active,10211,2024-05-16,Maharashtra Seamless,MAHSEA-CIR-DN100-37
7f863ca3-40ad-5905-8a98-3feee9cf7c32,NMDC,NMDC-410221,SPARE-Conveyor Idler Roller Carbon Steel DN 100,CMM-PIPEF-9F26C6-001,Pipes & Fittings,Conveyor Idler Roller,MTR,Donimalai Iron Ore Mine,Active,9052,2025-06-19,Jindal Pipes,JINPIP-CIR-DN100-52
574d5199-bb5c-54bc-ac7a-5bf85b3db021,NMDC,NMDC-410222,CONVEYOR IDLER ROLLER Carbon Steel DN 100,CMM-PIPEF-7963C4-001,Pipes & Fittings,Conveyor Idler Roller,MTR,Donimalai Iron Ore Mine,Active,1442,2024-09-24,ISMT,ISM-CIR-DN100-90
85f67dc4-728d-5ecd-856c-a3a6efcbdc33,NMDC,NMDC-410223,STORES ITEM Conveyor Idler Roller Carbon Steel DN 100,CMM-PIPEF-A31A67-001,Pipes & Fittings,Conveyor Idler Roller,MTR,Kirandul Complex,Active,4322,2025-07-30,Jindal Pipes,JINPIP-CIR-DN100-55
6dbfd46e-7358-5215-ab5d-d81d3d8b3e7a,NMDC,NMDC-410224,DN 100 Conveyor Idler Roller - Carbon Steel,CMM-PIPEF-37FF2E-001,Pipes & Fittings,Conveyor Idler Roller,MTR,Donimalai Iron Ore Mine,Active,12843,2025-09-04,Maharashtra Seamless,MAHSEA-CIR-DN100-88
09483c2f-5efb-54b8-bdf4-00d769aed007,NMDC,NMDC-410225,SPARE-Ore Crusher Hammer Manganese Steel M24 x 100,CMM-FASTNR-F4128D-001,Fasteners,Ore Crusher Hammer,NOS,Kirandul Complex,Active,1504,2025-05-03,Unbrako,UNB-OCH-M24x100-20
b8f871b4-a074-5513-85c9-215267fba03f,NMDC,NMDC-410226,"SPARE-CONVEYOR IDLER ROLLER, Carbon Steel, SIZE DN 100",CMM-PIPEF-BA55E3-001,Pipes & Fittings,Conveyor Idler Roller,MTR,Donimalai Iron Ore Mine,Obsolete,13801,2025-05-29,Maharashtra Seamless,MAHSEA-CIR-DN100-64
a6f4940f-a7ca-51eb-a96a-f90f23be5b32,NMDC,NMDC-410227,STORES ITEM CONVEYOR IDLER ROLLER DN 100 Carbon Steel,CMM-PIPEF-54E39F-001,Pipes & Fittings,Conveyor Idler Roller,MTR,Kirandul Complex,Active,5070,2025-04-26,ISMT,ISM-CIR-DN100-58
d6f46045-4c09-59d6-a739-9691197be707,NMDC,NMDC-410228,"Conveyor Idler Roller, Carbon Steel, SIZE DN 100",CMM-PIPEF-3217BF-001,Pipes & Fittings,Conveyor Idler Roller,MTR,Bailadila Iron Ore Mine,Active,5871,2025-06-10,ISMT,ISM-CIR-DN100-27
4806dabd-e51d-59f9-a36e-3b90ed3ad5ca,NMDC,NMDC-410229,M24 x 100 Ore Crusher Hammer - Manganese Steel,CMM-FASTNR-35F8E7-001,Fasteners,Ore Crusher Hammer,NOS,Bailadila Iron Ore Mine,Active,12248,2024-09-04,Sundram Fasteners,SUNFAS-OCH-M24x100-40
79268d6d-890b-588b-b118-4491dbcf2017,NMDC,NMDC-410230,"SPARE-Ore Crusher Hammer, Manganese Steel, SIZE M24 x 100",CMM-FASTNR-363346-001,Fasteners,Ore Crusher Hammer,NOS,Kirandul Complex,Slow-Moving,2073,2025-02-18,Unbrako,UNB-OCH-M24x100-94
b86c6327-ea0b-5ec8-a3eb-72a445fe669d,NMDC,NMDC-410231,M24 x 100 Ore Crusher Hammer - Manganese Steel,CMM-FASTNR-FA7298-001,Fasteners,Ore Crusher Hammer,NOS,Donimalai Iron Ore Mine,Active,2329,2025-11-08,Sundram Fasteners,SUNFAS-OCH-M24x100-74
3e30826a-cb7b-57bc-8686-e6db78b64f03,NMDC,NMDC-410232,"STORES ITEM CONVEYOR IDLER ROLLER, Carbon Steel, SIZE DN 100",CMM-PIPEF-A3FA45-001,Pipes & Fittings,Conveyor Idler Roller,MTR,Kirandul Complex,Active,2782,2025-01-11,Maharashtra Seamless,MAHSEA-CIR-DN100-96
0419d432-91ad-5a18-b8a9-2b276507bdf2,NMDC,NMDC-410233,"ORE CRUSHER HAMMER, Manganese Steel, SIZE M24 x 100",CMM-FASTNR-70CED1-001,Fasteners,Ore Crusher Hammer,NOS,Bailadila Iron Ore Mine,Active,5709,2024-04-19,Unbrako,UNB-OCH-M24x100-69
1fc80632-f082-507b-95c7-4daba2f8f879,NMDC,NMDC-410234,M24 x 100 ORE CRUSHER HAMMER - Manganese Steel,CMM-FASTNR-C72FA0-001,Fasteners,Ore Crusher Hammer,NOS,Kirandul Complex,Active,416,2024-07-19,Precision Fasteners,PREFAS-OCH-M24x100-73
6aced9c6-408a-566e-b7c5-f97dd8b69e8e,NMDC,NMDC-410235,Ore Crusher Hammer Manganese Steel M24 x 100,CMM-FASTNR-4B6F96-001,Fasteners,Ore Crusher Hammer,NOS,Donimalai Iron Ore Mine,Active,9606,2024-04-16,Precision Fasteners,PREFAS-OCH-M24x100-91
d5b7577d-2130-531a-91d0-23e162b86e39,NMDC,NMDC-410236,IND.M24 x 100 Ore Crusher Hammer - Manganese Steel,CMM-FASTNR-684D49-001,Fasteners,Ore Crusher Hammer,NOS,Donimalai Iron Ore Mine,Active,1027,2024-04-09,Unbrako,UNB-OCH-M24x100-85
4b184128-f874-550a-855f-75bd1e726a11,NMDC,NMDC-410237,"IND.Ore Crusher Hammer, Manganese Steel, SIZE M24 x 100",CMM-FASTNR-F9A509-001,Fasteners,Ore Crusher Hammer,NOS,Donimalai Iron Ore Mine,Active,4922,2025-11-01,GKW,GKW-OCH-M24x100-74
68c9a5dc-8ee2-5c81-9d0f-a35bd32495bc,NMDC,NMDC-410238,DN 100 CONVEYOR IDLER ROLLER - Carbon Steel,CMM-PIPEF-FACAE4-001,Pipes & Fittings,Conveyor Idler Roller,MTR,Donimalai Iron Ore Mine,Active,11196,2024-01-26,Maharashtra Seamless,MAHSEA-CIR-DN100-88
79c2902a-590a-567a-908f-758fde3c5a97,NMDC,NMDC-410239,"IND.Ore Crusher Hammer, Manganese Steel, SIZE M24 x 100",CMM-FASTNR-DFEB96-001,Fasteners,Ore Crusher Hammer,NOS,Bailadila Iron Ore Mine,Active,3814,2024-09-15,Sundram Fasteners,SUNFAS-OCH-M24x100-88
c2b968fe-53d5-5f69-adab-14452f9cb754,NMDC,NMDC-410240,SPARE-ORE CRUSHER HAMMER M24 x 100 Manganese Steel,CMM-FASTNR-AB8D46-001,Fasteners,Ore Crusher Hammer,NOS,Kirandul Complex,Active,3891,2024-07-18,Unbrako,UNB-OCH-M24x100-74
f6ee5f68-c6e4-5dad-ab9c-095c77f9ba0b,NMDC,NMDC-410241,Conveyor Idler Roller DN 100 Carbon Steel,CMM-PIPEF-52E0BE-001,Pipes & Fittings,Conveyor Idler Roller,MTR,Bailadila Iron Ore Mine,Slow-Moving,2585,2025-07-16,Tata Steel,TATSTE-CIR-DN100-45
b1ada686-0a8b-5856-884a-5d0cbdbf236a,NMDC,NMDC-410242,SPARE-Conveyor Idler Roller DN 100 Carbon Steel,CMM-PIPEF-C0D9F6-001,Pipes & Fittings,Conveyor Idler Roller,MTR,Kirandul Complex,Active,2103,2024-10-27,Jindal Pipes,JINPIP-CIR-DN100-74
826f7533-1066-548c-9b15-f38124df32b0,NMDC,NMDC-410243,"IND.CONVEYOR IDLER ROLLER, Carbon Steel, SIZE DN 100",CMM-PIPEF-600943-001,Pipes & Fittings,Conveyor Idler Roller,MTR,Bailadila Iron Ore Mine,Active,5456,2025-09-17,Maharashtra Seamless,MAHSEA-CIR-DN100-02
51b1e848-0197-5596-924c-e0615ad1ead6,NMDC,NMDC-410244,ORE CRUSHER HAMMER Manganese Steel M24 x 100,CMM-FASTNR-388BEA-001,Fasteners,Ore Crusher Hammer,NOS,Donimalai Iron Ore Mine,Active,14010,2024-03-17,Sundram Fasteners,SUNFAS-OCH-M24x100-32
129814ab-e4eb-553e-b6f4-7269f4715a55,NMDC,NMDC-410245,Conveyor Idler Roller DN 100 Carbon Steel,CMM-PIPEF-7DD684-001,Pipes & Fittings,Conveyor Idler Roller,MTR,Kirandul Complex,Slow-Moving,9763,2024-02-08,Jindal Pipes,JINPIP-CIR-DN100-28
13829c02-935f-553e-ab9c-5c6088f55621,NMDC,NMDC-410246,Conveyor Idler Roller DN 100 Carbon Steel,CMM-PIPEF-6ED031-001,Pipes & Fittings,Conveyor Idler Roller,MTR,Kirandul Complex,Active,14218,2024-10-24,Maharashtra Seamless,MAHSEA-CIR-DN100-63
81c3ecd0-a4fa-59a3-ab9a-dcd72d419b34,NMDC,NMDC-410247,SPARE-CONVEYOR IDLER ROLLER Carbon Steel DN 100,CMM-PIPEF-D21766-001,Pipes & Fittings,Conveyor Idler Roller,MTR,Bailadila Iron Ore Mine,Active,11008,2025-09-14,ISMT,ISM-CIR-DN100-11
13ac9c57-8d9f-5716-9f54-2b72f1b0817d,NMDC,NMDC-410248,STORES ITEM Conveyor Idler Roller Carbon Steel DN 100,CMM-PIPEF-5115C2-001,Pipes & Fittings,Conveyor Idler Roller,MTR,Bailadila Iron Ore Mine,Active,7931,2024-04-20,Maharashtra Seamless,MAHSEA-CIR-DN100-03
02103810-d559-5cef-955f-be2cb2f77629,NMDC,NMDC-410249,CONVEYOR IDLER ROLLER Carbon Steel DN 100,CMM-PIPEF-78ED74-001,Pipes & Fittings,Conveyor Idler Roller,MTR,Donimalai Iron Ore Mine,Active,5568,2024-06-07,Tata Steel,TATSTE-CIR-DN100-89
54b26a3d-efae-5f8a-975a-f0a6ba2e15fb,NMDC,NMDC-410250,STORES ITEM DN 100 Conveyor Idler Roller - Carbon Steel,CMM-PIPEF-03B9C8-001,Pipes & Fittings,Conveyor Idler Roller,MTR,Donimalai Iron Ore Mine,Active,3569,2025-04-05,Maharashtra Seamless,MAHSEA-CIR-DN100-77
430612ff-7020-551a-886a-623f4a53cde4,NMDC,NMDC-410251,IND.CONVEYOR IDLER ROLLER DN 100 Carbon Steel,CMM-PIPEF-6BB345-001,Pipes & Fittings,Conveyor Idler Roller,MTR,Donimalai Iron Ore Mine,Slow-Moving,9168,2024-02-16,Jindal Pipes,JINPIP-CIR-DN100-98
415594ad-aeeb-5f1d-9426-8f267cc8a763,NMDC,NMDC-410252,"SPARE-ORE CRUSHER HAMMER, Manganese Steel, SIZE M24 x 100",CMM-FASTNR-1C4408-001,Fasteners,Ore Crusher Hammer,NOS,Bailadila Iron Ore Mine,Slow-Moving,2563,2025-05-05,Precision Fasteners,PREFAS-OCH-M24x100-26
d46952bf-8e36-5ee1-9f22-fb92c48f28af,NMDC,NMDC-410253,STORES ITEM CONVEYOR IDLER ROLLER DN 100 Carbon Steel,CMM-PIPEF-0AE348-001,Pipes & Fittings,Conveyor Idler Roller,MTR,Bailadila Iron Ore Mine,Active,6034,2025-01-07,Tata Steel,TATSTE-CIR-DN100-16
fbfe0d9c-c4a3-5fe2-b6c1-4005b5c5861c,NMDC,NMDC-410254,ORE CRUSHER HAMMER Manganese Steel M24 x 100,CMM-FASTNR-867DA9-001,Fasteners,Ore Crusher Hammer,NOS,Bailadila Iron Ore Mine,Active,6989,2025-06-02,Sundram Fasteners,SUNFAS-OCH-M24x100-25
8f147006-248e-5bbe-9343-7a979dce9024,NMDC,NMDC-410255,IND.M24 x 100 Ore Crusher Hammer - Manganese Steel,CMM-FASTNR-42C94D-001,Fasteners,Ore Crusher Hammer,NOS,Kirandul Complex,Active,10195,2025-08-26,Sundram Fasteners,SUNFAS-OCH-M24x100-39
01743fba-b4ab-5af7-9699-16f07c28fa61,NMDC,NMDC-410256,SPARE-Conveyor Idler Roller DN 100 Carbon Steel,CMM-PIPEF-CD4628-001,Pipes & Fittings,Conveyor Idler Roller,MTR,Bailadila Iron Ore Mine,Active,1931,2025-09-25,ISMT,ISM-CIR-DN100-88
4bb69b5d-ee58-5e49-a5aa-8eae093c1555,NMDC,NMDC-410257,STORES ITEM Conveyor Idler Roller DN 100 Carbon Steel,CMM-PIPEF-8A5B63-001,Pipes & Fittings,Conveyor Idler Roller,MTR,Donimalai Iron Ore Mine,Active,4373,2025-08-17,Jindal Pipes,JINPIP-CIR-DN100-33
6b6f3e0a-5f79-5552-8e18-cacf431042e5,NMDC,NMDC-410258,M24 x 100 ORE CRUSHER HAMMER - Manganese Steel,CMM-FASTNR-5CF330-001,Fasteners,Ore Crusher Hammer,NOS,Donimalai Iron Ore Mine,Slow-Moving,10768,2025-09-16,Unbrako,UNB-OCH-M24x100-13
98fbe52b-27ec-56f8-aa66-e34793281b5e,NMDC,NMDC-410259,"IND.Conveyor Idler Roller, Carbon Steel, SIZE DN 100",CMM-PIPEF-1A50F6-001,Pipes & Fittings,Conveyor Idler Roller,MTR,Kirandul Complex,Active,13045,2025-07-19,ISMT,ISM-CIR-DN100-43
bc703ceb-300e-50b0-9f22-a062f3902249,NMDC,NMDC-410260,SPARE-DN 100 Conveyor Idler Roller - Carbon Steel,CMM-PIPEF-06300F-001,Pipes & Fittings,Conveyor Idler Roller,MTR,Bailadila Iron Ore Mine,Active,2389,2025-03-28,Jindal Pipes,JINPIP-CIR-DN100-58
16e068a1-9ab2-5747-97ab-3eb320573f1a,NMDC,NMDC-410261,IND.ORE CRUSHER HAMMER M24 x 100 Manganese Steel,CMM-FASTNR-0877CE-001,Fasteners,Ore Crusher Hammer,NOS,Bailadila Iron Ore Mine,Obsolete,10734,2025-11-17,Precision Fasteners,PREFAS-OCH-M24x100-40
2ea5a2bc-4908-5c1c-9715-ae7d0cde1183,NMDC,NMDC-410262,Conveyor Idler Roller Carbon Steel DN 100,CMM-PIPEF-B10CF8-001,Pipes & Fittings,Conveyor Idler Roller,MTR,Kirandul Complex,Active,5574,2025-11-23,Jindal Pipes,JINPIP-CIR-DN100-24
e71e1f93-e351-5bb6-a856-0963df78e492,NMDC,NMDC-410263,"SPARE-CONVEYOR IDLER ROLLER, Carbon Steel, SIZE DN 100",CMM-PIPEF-884E70-001,Pipes & Fittings,Conveyor Idler Roller,MTR,Donimalai Iron Ore Mine,Active,14747,2024-07-04,Jindal Pipes,JINPIP-CIR-DN100-44
40dc7e48-a946-5754-98a5-f6e7bfef4fdf,NMDC,NMDC-410264,SPARE-ORE CRUSHER HAMMER Manganese Steel M24 x 100,CMM-FASTNR-6C0170-001,Fasteners,Ore Crusher Hammer,NOS,Donimalai Iron Ore Mine,Slow-Moving,5819,2025-03-04,Precision Fasteners,PREFAS-OCH-M24x100-82
9e51df19-5981-5550-b938-b97345668508,NMDC,NMDC-410265,SPARE-ORE CRUSHER HAMMER Manganese Steel M24 x 100,CMM-FASTNR-226DB9-001,Fasteners,Ore Crusher Hammer,NOS,Bailadila Iron Ore Mine,Active,14643,2025-03-11,Sundram Fasteners,SUNFAS-OCH-M24x100-29
155e030d-90a1-5ad6-a397-a4a4f0684b58,NMDC,NMDC-410266,SPARE-DN 100 Conveyor Idler Roller - Carbon Steel,CMM-PIPEF-6C2AF1-001,Pipes & Fittings,Conveyor Idler Roller,MTR,Bailadila Iron Ore Mine,Active,7672,2025-12-07,Tata Steel,TATSTE-CIR-DN100-80
b1f77c3c-222d-5d6d-ad0b-83c6b9e06d7a,NMDC,NMDC-410267,SPARE-Ore Crusher Hammer Manganese Steel M24 x 100,CMM-FASTNR-93E627-001,Fasteners,Ore Crusher Hammer,NOS,Kirandul Complex,Active,4193,2024-03-31,Sundram Fasteners,SUNFAS-OCH-M24x100-41
57d47607-8169-53ac-af96-d64f74960a6b,NMDC,NMDC-410268,Ore Crusher Hammer M24 x 100 Manganese Steel,CMM-FASTNR-8BF2FF-001,Fasteners,Ore Crusher Hammer,NOS,Kirandul Complex,Active,10613,2025-06-24,Unbrako,UNB-OCH-M24x100-40
0f490bd6-118e-584f-8572-459206c2d9d4,NMDC,NMDC-410269,Conveyor Idler Roller Carbon Steel DN 100,CMM-PIPEF-F2A7E6-001,Pipes & Fittings,Conveyor Idler Roller,MTR,Bailadila Iron Ore Mine,Active,14435,2025-07-30,Tata Steel,TATSTE-CIR-DN100-55
daaad77e-3510-54cc-bf5d-1c55b515f34d,NMDC,NMDC-410270,SPARE-DN 100 CONVEYOR IDLER ROLLER - Carbon Steel,CMM-PIPEF-AAEC9B-001,Pipes & Fittings,Conveyor Idler Roller,MTR,Bailadila Iron Ore Mine,Slow-Moving,5852,2025-11-21,ISMT,ISM-CIR-DN100-38
2c783e2a-a5b3-5f4c-9fd6-a33882df690d,NMDC,NMDC-410271,DN 100 CONVEYOR IDLER ROLLER - Carbon Steel,CMM-PIPEF-BB81D7-001,Pipes & Fittings,Conveyor Idler Roller,MTR,Bailadila Iron Ore Mine,Slow-Moving,10387,2025-04-06,Maharashtra Seamless,MAHSEA-CIR-DN100-50
16dcfd61-996e-531b-8eba-251428ce450a,NMDC,NMDC-410272,"ORE CRUSHER HAMMER, Manganese Steel, SIZE M24 x 100",CMM-FASTNR-08B7CC-001,Fasteners,Ore Crusher Hammer,NOS,Donimalai Iron Ore Mine,Active,11095,2024-04-30,Precision Fasteners,PREFAS-OCH-M24x100-60
220474a0-fb53-5f64-bfdb-eb59acc4721b,NMDC,NMDC-410273,Ore Crusher Hammer M24 x 100 Manganese Steel,CMM-FASTNR-235045-001,Fasteners,Ore Crusher Hammer,NOS,Donimalai Iron Ore Mine,Active,259,2025-04-21,Sundram Fasteners,SUNFAS-OCH-M24x100-36
2b4f2a92-defb-55eb-88bb-a205ee46cb68,NMDC,NMDC-410274,DN 100 CONVEYOR IDLER ROLLER - Carbon Steel,CMM-PIPEF-47C93B-001,Pipes & Fittings,Conveyor Idler Roller,MTR,Kirandul Complex,Active,11871,2024-01-03,Jindal Pipes,JINPIP-CIR-DN100-17
cbd80aa4-47d3-54ae-84c6-0c66f820024b,NMDC,NMDC-410275,STORES ITEM ORE CRUSHER HAMMER M24 x 100 Manganese Steel,CMM-FASTNR-EA26E2-001,Fasteners,Ore Crusher Hammer,NOS,Donimalai Iron Ore Mine,Obsolete,9594,2025-05-31,Precision Fasteners,PREFAS-OCH-M24x100-52
006a7e99-7ba3-5e7d-853b-f539c18024dd,NTPC,NTPC-200001,STORES ITEM Centrifugal Pump SS316 DN 100,CMM-PUMP-EFB17A-001,Pumps,Centrifugal Pump,SET,Korba STPS,Slow-Moving,10582,2025-04-14,Kirloskar,KIR-CP-DN100-92
2f2e5c1d-af9c-5f16-bfeb-a062a1695093,NTPC,NTPC-200002,Reciprocating Pump DN 80 Carbon Steel,CMM-PUMP-986768-001,Pumps,Reciprocating Pump,SET,Ramagundam STPS,Active,6918,2025-11-04,Kirloskar,KIR-RP-DN80-52
4848035c-90d4-5856-8876-659934f14dfb,NTPC,NTPC-200003,SPARE-FLANGE DN 50 IS 2062,CMM-PIPEF-779420-001,Pipes & Fittings,Flange,MTR,Ramagundam STPS,Active,6989,2024-10-10,Jindal Pipes,JINPIP-F-DN50-88
7a5efd42-a2f2-558d-b68d-b5437d45b371,NTPC,NTPC-200004,2 in Gate Valve - LCB,CMM-VALVE-758633-001,Valves,Gate Valve,NOS,Singrauli STPS,Slow-Moving,14535,2025-02-20,Leader Valves,LEAVAL-GV-2in-46
db644eec-081b-57b3-a8d4-75e93632f50b,NTPC,NTPC-200005,IND.REDUCER ASTM A106 Gr B DN 150,CMM-PIPEF-A8BD86-001,Pipes & Fittings,Reducer,MTR,Dadri Plant,Active,12367,2024-09-10,ISMT,ISM-R-DN150-79
61089aa4-70a7-5e32-a682-c0006eebe53e,NTPC,NTPC-200006,STORES ITEM 3 in x 2 in Gear Pump - Duplex Steel,CMM-PUMP-357758-001,Pumps,Gear Pump,SET,Dadri Plant,Slow-Moving,2799,2025-09-12,WPIL,WPI-GP-3inx2in-86
eb2302c8-23dd-54b5-a904-b2e5d25ded4a,NTPC,NTPC-200007,SPARE-XLPE CABLE 3C x 95 sq mm Aluminium,CMM-ELECTR-79A6DD-001,Electrical,XLPE Cable,MTR,Ramagundam STPS,Active,5375,2024-07-05,Crompton Greaves,CROGRE-XC-3Cx95sqmm-97
6d7ec48b-b334-5905-862b-d1d8e00f3af4,NTPC,NTPC-200008,STORES ITEM HEX NUT M16 x 65 SS304,CMM-FASTNR-79F7B5-001,Fasteners,Hex Nut,NOS,Dadri Plant,Active,11296,2024-02-24,GKW,GKW-HN-M16x65-15
4f4eedbb-f56a-54b7-b953-fc7bc903b382,NTPC,NTPC-200009,SPARE-Hex Nut M12 x 50 Grade 8.8,CMM-FASTNR-412B68-001,Fasteners,Hex Nut,KG,Singrauli STPS,Active,2897,2025-07-19,Sundram Fasteners,SUNFAS-HN-M12x50-98
c38536fa-6398-5148-8a26-02cdc2c86d8a,NTPC,NTPC-200010,SPARE-Control Valve WCB 1/2 in,CMM-VALVE-24B4BF-001,Valves,Control Valve,NOS,Singrauli STPS,Slow-Moving,7991,2024-05-04,Fouress,FOU-CV-1-2in-27
977e165d-8e99-545a-88ae-39188532a9b1,NTPC,NTPC-200011,IND.4-20 mA Flow Meter - Brass,CMM-INSTRU-746A35-001,Instrumentation,Flow Meter,NOS,Ramagundam STPS,Active,11861,2025-11-06,Emerson,EME-FM-4-20mA-78
0662b125-71fd-5762-8d13-5fee91181449,NTPC,NTPC-200012,IND.Circuit Breaker Aluminium 4C x 25 sq mm,CMM-ELECTR-19262A-001,Electrical,Circuit Breaker,MTR,Singrauli STPS,Active,12266,2024-03-06,Siemens,SIE-CB-4Cx25sqmm-23
9c3d0c7d-7718-5304-8117-315acd2a4dce,NTPC,NTPC-200013,IND.Reducer Carbon Steel 2 in,CMM-PIPEF-E0FB6D-001,Pipes & Fittings,Reducer,MTR,Korba STPS,Obsolete,947,2024-01-08,Jindal Pipes,JINPIP-R-2in-86
cd2bbd0a-ca51-5657-a04a-0e393269ff4b,NTPC,NTPC-200014,STORES ITEM SUBMERSIBLE PUMP DN 80 SS316,CMM-PUMP-E31790-001,Pumps,Submersible Pump,SET,Vindhyachal STPS,Active,13318,2025-08-08,KSB,KSB-SP-DN80-10
9f466e3a-22fa-5593-937e-9bcb0744295e,NTPC,NTPC-200015,GV 4 in SS316,CMM-VALVE-11F993-001,Valves,Gate Valve,NOS,Dadri Plant,Active,7752,2024-02-14,Leader Valves,LEAVAL-GV-4in-24
19a53aff-3111-5518-aa65-35f0b1d68306,NTPC,NTPC-200016,STORES ITEM Seamless Pipe DN 100 SS316L,CMM-PIPEF-814451-001,Pipes & Fittings,Seamless Pipe,MTR,Dadri Plant,Active,13523,2024-07-03,Jindal Pipes,JINPIP-SP-DN100-48
192c6e6b-64c8-5bf6-aa8e-949ef71c9ef6,NTPC,NTPC-200017,STORES ITEM Level Transmitter 4-20 mA SS316,CMM-INSTRU-1E073D-001,Instrumentation,Level Transmitter,NOS,Korba STPS,Slow-Moving,8538,2024-06-05,ABB,ABB-LT-4-20mA-82
8622852b-df52-583e-bf90-58aad9693554,NTPC,NTPC-200018,SPARE-THRUST BEARING 6208 Stainless Steel,CMM-BEARNG-A2CB3C-001,Bearings,Thrust Bearing,NOS,Singrauli STPS,Slow-Moving,7110,2024-05-17,NBC Bearings,NBCBEA-TB-6208-37
f5a26dc4-b4a8-53fa-9175-5c196f1a7d0d,NTPC,NTPC-200019,SPARE-0-100 bar RTD Sensor - SS316,CMM-INSTRU-59A2A6-001,Instrumentation,RTD Sensor,NOS,Korba STPS,Active,6874,2025-08-20,Yokogawa,YOK-RS-0-100bar-39
3564bd83-0118-5c48-a3cc-69304948ad8d,NTPC,NTPC-200020,STORES ITEM M16 x 65 SOCKET HEAD SCREW - Carbon Steel,CMM-FASTNR-A2AB0B-001,Fasteners,Socket Head Screw,NOS,Ramagundam STPS,Active,13081,2024-10-07,Precision Fasteners,PREFAS-SHS-M16x65-89
ae191ecd-96ed-5aad-85c9-00dc89c44057,NTPC,NTPC-200021,Globe Valve LCB 4 in,CMM-VALVE-9903B8-001,Valves,Globe Valve,NOS,Ramagundam STPS,Slow-Moving,7479,2024-05-15,Audco,AUD-GV-4in-92
88b5113b-201d-54b6-9e5a-3f188b465aa1,NTPC,NTPC-200022,IND.Mechanical Seal Graphite 65 mm,CMM-SEALG-260F99-001,Seals,Mechanical Seal,NOS,Korba STPS,Active,11975,2024-08-16,Sealol,SEA-MS-65mm-18
87e905a1-9228-5ed7-b830-9e70f07c5669,NTPC,NTPC-200023,"IND.DISTRIBUTION TRANSFORMER, Aluminium, SIZE 1C x 300 sq mm",CMM-ELECTR-941023-001,Electrical,Distribution Transformer,MTR,Korba STPS,Active,6273,2025-08-06,Crompton Greaves,CROGRE-DT-1Cx300sqmm-75
72e5111f-a64b-56cd-819c-8a00f5b8579f,NTPC,NTPC-200024,IND.OIL SEAL 2 in Viton,CMM-SEALG-29423B-001,Seals,Oil Seal,KG,Dadri Plant,Active,5716,2024-02-24,Chesterton,CHE-OS-2in-87
b9e5825e-1ddc-5456-b20b-b41b2f4392c8,NTPC,NTPC-200025,"STORES ITEM Needle Bearing, Chrome Steel, SIZE 6408",CMM-BEARNG-89DC5A-001,Bearings,Needle Bearing,NOS,Singrauli STPS,Active,4983,2024-10-01,Timken,TIM-NB-6408-93
6a47a18b-a6d0-5fd6-a4e9-07fe2727d207,NTPC,NTPC-200026,"STORES ITEM PRESSURE GAUGE, Polycarbonate, SIZE 0-500 Deg C",CMM-INSTRU-58342A-001,Instrumentation,Pressure Gauge,NOS,Ramagundam STPS,Active,5756,2025-05-02,Emerson,EME-PG-0-500DegC-45
57d21d38-5ee8-5168-9aa5-067ae769356d,NTPC,NTPC-200027,Roller Bearing 22208 Chrome Steel,CMM-BEARNG-39C22B-001,Bearings,Roller Bearing,NOS,Ramagundam STPS,Slow-Moving,8846,2024-07-10,FAG,FAG-RB-22208-27
18563114-1533-5a1b-be2e-e962ceb1b8df,NTPC,NTPC-200028,IND.SUBMERSIBLE PUMP DN 100 SS316,CMM-PUMP-257C0D-001,Pumps,Submersible Pump,SET,Dadri Plant,Active,13089,2024-08-13,WPIL,WPI-SP-DN100-54
74810276-ade3-5a5e-a487-cca85384b351,NTPC,NTPC-200029,FLOW METER 4-20 mA SS316,CMM-INSTRU-1E073D-001,Instrumentation,Flow Meter,NOS,Ramagundam STPS,Active,7217,2024-09-01,Emerson,EME-FM-4-20mA-20
e6bfb4a6-f91b-59d3-aed0-13ed4f569bbf,NTPC,NTPC-200030,STORES ITEM SPIRAL WOUND GASKET NBR 50 mm,CMM-SEALG-66D3AC-001,Seals,Spiral Wound Gasket,KG,Ramagundam STPS,Slow-Moving,7898,2024-03-03,Flowserve,FLO-SWG-50mm-05
a5b6d340-2671-51a7-88cd-cd943688764e,NTPC,NTPC-200031,2 in x 1.5 in RECIPROCATING PUMP - Cast Iron,CMM-PUMP-DB6C55-001,Pumps,Reciprocating Pump,SET,Vindhyachal STPS,Active,4922,2024-08-31,Kirloskar,KIR-RP-2inx1.5in-27
61792c56-c45f-517e-ade6-3d321207c97a,NTPC,NTPC-200032,Induction Motor 415V 100A Copper,CMM-ELECTR-E728FA-001,Electrical,Induction Motor,MTR,Vindhyachal STPS,Slow-Moving,13458,2025-06-19,Crompton Greaves,CROGRE-IM-415V100A-70
fb8370aa-382a-5284-9edc-acc40897d171,NTPC,NTPC-200033,6408 BALL BRG - Chrome Steel,CMM-BEARNG-87EFE4-001,Bearings,Ball Bearing,NOS,Dadri Plant,Slow-Moving,8492,2024-06-11,NBC Bearings,NBCBEA-BB-6408-28
12000180-1f71-5a06-9330-6efa73c5b5ce,NTPC,NTPC-200034,SPARE-Ball Bearing Stainless Steel 30205,CMM-BEARNG-491461-001,Bearings,Ball Bearing,NOS,Ramagundam STPS,Active,14216,2025-11-29,Timken,TIM-BB-30205-29
46c1d433-30fe-5421-a79e-43e68bb2d321,NTPC,NTPC-200035,STORES ITEM RTD SENSOR SS316 1/2 in NPT,CMM-INSTRU-E82054-001,Instrumentation,RTD Sensor,NOS,Dadri Plant,Slow-Moving,9602,2025-12-26,ABB,ABB-RS-1-2inNPT-38
a21fc96c-5ee6-5a10-8600-5c89ca877f74,NTPC,NTPC-200036,Equal Tee 2 in Alloy Steel,CMM-PIPEF-9F93F7-001,Pipes & Fittings,Equal Tee,MTR,Singrauli STPS,Active,10758,2024-01-21,Tata Steel,TATSTE-ET-2in-49
306db7ef-d454-5782-a9e0-d0dd65de2c7e,NTPC,NTPC-200037,REDUCER 6 in SS316L,CMM-PIPEF-91DF1A-001,Pipes & Fittings,Reducer,MTR,Dadri Plant,Slow-Moving,14371,2024-02-10,Maharashtra Seamless,MAHSEA-R-6in-38
46096ef1-1c5b-57e0-884e-74ca91a6e9d2,NTPC,NTPC-200038,DISTRIBUTION TRANSFORMER 415V 100A Copper,CMM-ELECTR-2DB37C-001,Electrical,Distribution Transformer,MTR,Korba STPS,Active,11955,2024-09-11,Havells,HAV-DT-415V100A-99
b530d03f-301b-56ea-bd0f-314d9eb93068,NTPC,NTPC-200039,NEEDLE BEARING 6408 Chrome Steel,CMM-BEARNG-FF170C-001,Bearings,Needle Bearing,NOS,Singrauli STPS,Slow-Moving,13022,2025-09-10,NBC Bearings,NBCBEA-NB-6408-14
dc235648-99ae-5e26-baaf-44cb0dd4bdba,NTPC,NTPC-200040,IND.6408 THRUST BEARING - Chrome Steel,CMM-BEARNG-FF170C-001,Bearings,Thrust Bearing,NOS,Korba STPS,Active,14887,2025-10-23,NBC Bearings,NBCBEA-TB-6408-71
57d9686a-1865-5f1d-84f1-79b3df44d970,NTPC,NTPC-200041,M24 x 100 Hex Nut - Grade 10.9,CMM-FASTNR-BCCDD8-001,Fasteners,Hex Nut,NOS,Vindhyachal STPS,Active,14797,2024-07-17,Unbrako,UNB-HN-M24x100-46
38f6ff42-f7ee-5216-b1f0-2b1bc7039ff1,NTPC,NTPC-200042,Control Valve ASTM A216 WCB 4 in,CMM-VALVE-781509-001,Valves,Control Valve,NOS,Ramagundam STPS,Slow-Moving,9970,2024-04-08,Fouress,FOU-CV-4in-14
89548cb7-ea0e-5641-8622-02152109553b,NTPC,NTPC-200043,STORES ITEM 6 in Reducer - SS316L,CMM-PIPEF-3C5B7C-001,Pipes & Fittings,Reducer,MTR,Vindhyachal STPS,Active,2974,2025-05-02,Tata Steel,TATSTE-R-6in-32
2e752044-0ed5-56cb-989c-84ed7a02da21,NTPC,NTPC-200044,STUD BOLT Grade B7 M24 x 100,CMM-FASTNR-E57005-001,Fasteners,Stud Bolt,NOS,Ramagundam STPS,Slow-Moving,1218,2024-03-22,Precision Fasteners,PREFAS-SB-M24x100-82
a2f9eed8-869d-5eb3-acc9-f20248e1d833,NTPC,NTPC-200045,6208 Roller Bearing - Stainless Steel,CMM-BEARNG-A2CB3C-001,Bearings,Roller Bearing,NOS,Ramagundam STPS,Slow-Moving,5378,2025-05-02,SKF,SKF-RB-6208-17
4b867eee-28fc-5bad-ab44-8bdfe096f60a,NTPC,NTPC-200046,SPARE-RTD SENSOR Polycarbonate 1/2 in NPT,CMM-INSTRU-014C39-001,Instrumentation,RTD Sensor,NOS,Vindhyachal STPS,Active,367,2024-06-04,ABB,ABB-RS-1-2inNPT-15
185e2423-9384-5f6c-b894-0b9d3b08651f,NTPC,NTPC-200047,IND.3 in x 2 in Centrifugal Pump - Cast Iron,CMM-PUMP-329011-001,Pumps,Centrifugal Pump,SET,Dadri Plant,Slow-Moving,13620,2024-01-13,WPIL,WPI-CP-3inx2in-10
d12bfefe-f259-5674-8134-9f27ed655cac,NTPC,NTPC-200048,4C x 25 sq mm Distribution Transformer - Aluminium,CMM-ELECTR-47E8A6-001,Electrical,Distribution Transformer,MTR,Korba STPS,Slow-Moving,3962,2024-11-24,BHEL,BHE-DT-4Cx25sqmm-49
b9ad6788-966b-5616-bccd-0d803abed46b,NTPC,NTPC-200049,"SPARE-Vertical Turbine Pump, Carbon Steel, SIZE 2 in x 1.5 in",CMM-PUMP-7D55C9-001,Pumps,Vertical Turbine Pump,SET,Ramagundam STPS,Obsolete,10146,2025-03-28,KSB,KSB-VTP-2inx1.5in-42
45ffc115-49c7-5c2f-8a1a-4ebbd48d6d61,NTPC,NTPC-200050,REDUCER DN 80 Alloy Steel,CMM-PIPEF-887486-001,Pipes & Fittings,Reducer,MTR,Dadri Plant,Active,7251,2025-02-11,Jindal Pipes,JINPIP-R-DN80-95
83cad075-9901-5416-b1e4-d33c3d7e66f9,NTPC,NTPC-200051,IND.EQUAL TEE DN 150 ASTM A106 Gr B,CMM-PIPEF-3BAF8F-001,Pipes & Fittings,Equal Tee,MTR,Dadri Plant,Active,11620,2025-04-05,Tata Steel,TATSTE-ET-DN150-12
979e8254-0c58-5dad-a38b-eb340e88a42c,NTPC,NTPC-200052,"REDUCER, Alloy Steel, SIZE 2 in",CMM-PIPEF-EB17F7-001,Pipes & Fittings,Reducer,MTR,Dadri Plant,Active,7971,2025-06-20,ISMT,ISM-R-2in-65
5f7186fb-f295-552a-99d3-ae534e3c8822,NTPC,NTPC-200053,"IND.BRG BALL, Chrome Steel, SIZE 22208",CMM-BEARNG-947C4D-001,Bearings,Ball Bearing,NOS,Vindhyachal STPS,Active,8770,2024-11-22,SKF,SKF-BB-22208-82
d99fe5c6-4fb2-5851-8239-ed60387cf832,NTPC,NTPC-200054,STORES ITEM NEEDLE BEARING 6408 Chrome Steel,CMM-BEARNG-FF170C-001,Bearings,Needle Bearing,NOS,Singrauli STPS,Active,11281,2025-09-02,SKF,SKF-NB-6408-57
532adb1d-f155-58bb-a439-2eb5b4acb738,NTPC,NTPC-200055,STORES ITEM Reciprocating Pump Duplex Steel DN 100,CMM-PUMP-8BAE9F-001,Pumps,Reciprocating Pump,SET,Dadri Plant,Active,7423,2025-01-28,Mather+Platt,MAT-RP-DN100-59
20f867c2-1dcc-5ffb-9ff3-3f2e54fb547d,NTPC,NTPC-200056,SPARE-XLPE Cable 415V 100A XLPE Insulated,CMM-ELECTR-4D158E-001,Electrical,XLPE Cable,MTR,Dadri Plant,Active,1401,2024-05-09,Siemens,SIE-XC-415V100A-75
18180764-3869-5902-9e14-9e14eebc53d2,NTPC,NTPC-200057,M10 x 40 Socket Head Screw - Grade B7,CMM-FASTNR-A82C5B-001,Fasteners,Socket Head Screw,NOS,Dadri Plant,Obsolete,7124,2025-09-17,Sundram Fasteners,SUNFAS-SHS-M10x40-49
93e21269-7533-5911-96ea-6becf7905624,NTPC,NTPC-200058,IND.Oil Seal 2 in NBR,CMM-SEALG-C69426-001,Seals,Oil Seal,NOS,Singrauli STPS,Active,868,2024-11-10,Chesterton,CHE-OS-2in-61
a9dd9ab9-e403-582b-8809-affcb7583cbc,NTPC,NTPC-200059,"STORES ITEM Check Valve, ASTM A216 WCB, SIZE 1 in",CMM-VALVE-A923FC-001,Valves,Check Valve,NOS,Ramagundam STPS,Active,9636,2025-05-11,Leader Valves,LEAVAL-CV-1in-95
89b55781-a945-5049-89cc-646dd44cc895,NTPC,NTPC-200060,STORES ITEM GLOBE VALVE SS316 4 in,CMM-VALVE-4B0806-001,Valves,Globe Valve,NOS,Singrauli STPS,Active,13641,2024-05-05,L&T Valves,L&TVAL-GV-4in-09
2d70c5a4-6b5b-539e-a49e-035e2e471981,NTPC,NTPC-200061,SPARE-PIPE SMLS Carbon Steel DN 150,CMM-PIPEF-2B325D-001,Pipes & Fittings,Seamless Pipe,MTR,Vindhyachal STPS,Active,4713,2024-12-19,Jindal Pipes,JINPIP-SP-DN150-51
63873727-d31a-57e0-bf19-03e66eeba414,NTPC,NTPC-200062,STORES ITEM DN 100 Equal Tee - Carbon Steel,CMM-PIPEF-ED1BE7-001,Pipes & Fittings,Equal Tee,MTR,Vindhyachal STPS,Active,5041,2024-01-30,Tata Steel,TATSTE-ET-DN100-89
4aa118e1-57d9-594e-879d-deb0a902a86b,NTPC,NTPC-200063,SPARE-Mechanical Seal NBR 2 in,CMM-SEALG-E00177-001,Seals,Mechanical Seal,NOS,Vindhyachal STPS,Active,4696,2025-04-12,Flowserve,FLO-MS-2in-72
a591c37b-3dcc-5f5b-b6cc-0a6700fefcd5,NTPC,NTPC-200064,Ball Bearing 30205 Stainless Steel,CMM-BEARNG-491461-001,Bearings,Ball Bearing,NOS,Dadri Plant,Slow-Moving,13653,2024-03-10,SKF,SKF-BB-30205-64
f3c1a230-7b2d-5830-ab07-d8851c297b02,NTPC,NTPC-200065,"STORES ITEM OIL SEAL, NBR, SIZE 2 in",CMM-SEALG-067879-001,Seals,Oil Seal,NOS,Korba STPS,Active,6462,2024-09-26,Sealol,SEA-OS-2in-87
4a453c74-02ac-5611-8c0a-f32cfaeea1a3,NTPC,NTPC-200066,O-Ring 50 mm Graphite,CMM-SEALG-80EA46-001,Seals,O-Ring,NOS,Dadri Plant,Active,13632,2025-08-17,Sealol,SEA-O-50mm-93
44aa5c41-24bf-53d7-8d3f-df88ca9f3ef2,NTPC,NTPC-200067,STORES ITEM FLANGE 2 in ASTM A106 Gr B,CMM-PIPEF-68A5E4-001,Pipes & Fittings,Flange,MTR,Singrauli STPS,Slow-Moving,6488,2024-09-18,Maharashtra Seamless,MAHSEA-F-2in-69
a185d6f3-7a20-55ba-866e-e94689844b67,NTPC,NTPC-200068,"IND.HEX NUT, Carbon Steel, SIZE M20 x 80",CMM-FASTNR-7426EC-001,Fasteners,Hex Nut,NOS,Dadri Plant,Obsolete,4686,2025-11-24,Precision Fasteners,PREFAS-HN-M20x80-49
9c25e53a-5887-509c-8804-aa8b10c45cf9,NTPC,NTPC-200069,SPARE-Switchgear Panel 3C x 95 sq mm Copper,CMM-ELECTR-65A8AE-001,Electrical,Switchgear Panel,MTR,Vindhyachal STPS,Active,2145,2025-05-26,ABB,ABB-SP-3Cx95sqmm-91
1608d6f5-2a38-5235-9478-ae058539e022,NTPC,NTPC-200070,"INDUCTION MOTOR, Aluminium, SIZE 415V 100A",CMM-ELECTR-42D24C-001,Electrical,Induction Motor,MTR,Singrauli STPS,Slow-Moving,11140,2024-04-06,BHEL,BHE-IM-415V100A-68
1e0f7bbe-6fd6-51f7-a600-a11ba646d2a2,NTPC,NTPC-200071,Pressure Gauge Brass 4-20 mA,CMM-INSTRU-DE763E-001,Instrumentation,Pressure Gauge,NOS,Ramagundam STPS,Active,831,2025-07-18,Yokogawa,YOK-PG-4-20mA-88
99f0f979-30fe-52f9-8947-c2fc53ad5e68,NTPC,NTPC-200072,"Equal Tee, Alloy Steel, SIZE DN 50",CMM-PIPEF-358D39-001,Pipes & Fittings,Equal Tee,MTR,Vindhyachal STPS,Active,310,2025-12-13,Maharashtra Seamless,MAHSEA-ET-DN50-12
41a738bb-8565-598d-bdea-c3a1e0f8d7f8,NTPC,NTPC-200073,STORES ITEM Centrifugal Pump Carbon Steel DN 80,CMM-PUMP-9080C7-001,Pumps,Centrifugal Pump,SET,Korba STPS,Active,9733,2025-09-18,KSB,KSB-CP-DN80-94
ad6785b2-afe9-567e-8695-34af7cc63d6a,NTPC,NTPC-200074,IND.Spiral Wound Gasket 50 mm Viton,CMM-SEALG-AB281C-001,Seals,Spiral Wound Gasket,NOS,Dadri Plant,Obsolete,5928,2024-09-24,Flowserve,FLO-SWG-50mm-64
ff6e9a15-61f6-5a08-b15f-bae6d83f15fb,NTPC,NTPC-200075,415V 100A Circuit Breaker - XLPE Insulated,CMM-ELECTR-9FEFD2-001,Electrical,Circuit Breaker,MTR,Ramagundam STPS,Active,12704,2024-06-17,ABB,ABB-CB-415V100A-99
d66f573e-9db5-5250-a4a1-21179cae5831,NTPC,NTPC-200076,STORES ITEM Roller Bearing Stainless Steel 30205,CMM-BEARNG-300A61-001,Bearings,Roller Bearing,NOS,Korba STPS,Active,2619,2025-07-26,SKF,SKF-RB-30205-68
fc326380-f9a6-5217-8a67-e9cc2339c51c,NTPC,NTPC-200077,3C x 95 sq mm XLPE Cable - Copper,CMM-ELECTR-266707-001,Electrical,XLPE Cable,MTR,Vindhyachal STPS,Active,2078,2025-10-21,BHEL,BHE-XC-3Cx95sqmm-83
92c1dcdd-299f-5c89-b6fa-f54e5d7b230d,NTPC,NTPC-200078,SPARE-Roller Bearing AISI 52100 22208,CMM-BEARNG-75E845-001,Bearings,Roller Bearing,NOS,Korba STPS,Active,444,2025-06-24,SKF,SKF-RB-22208-06
cb6cdcbc-56cb-5c0e-aeaa-7393d7081167,NTPC,NTPC-200079,STORES ITEM M20 x 80 HEX NUT - Carbon Steel,CMM-FASTNR-B017A6-001,Fasteners,Hex Nut,KG,Vindhyachal STPS,Active,5319,2024-12-15,GKW,GKW-HN-M20x80-88
4d17231e-dcb5-5670-a973-342f5c00f112,NTPC,NTPC-200080,SPARE-CENT. PUMP 2 in x 1.5 in Carbon Steel,CMM-PUMP-CF08C1-001,Pumps,Centrifugal Pump,SET,Singrauli STPS,Active,7694,2025-05-22,WPIL,WPI-CP-2inx1.5in-42
eef18483-daa2-5c54-b8f9-bb78dcf588ae,NTPC,NTPC-200081,"SPARE-BUTTERFLY VALVE, WCB, SIZE 4 in",CMM-VALVE-0728B9-001,Valves,Butterfly Valve,NOS,Vindhyachal STPS,Active,5107,2025-09-09,KSB,KSB-BV-4in-75
6c349482-449d-5ad7-bd58-2c07d278260a,NTPC,NTPC-200082,CIRCUIT BREAKER XLPE Insulated 3C x 95 sq mm,CMM-ELECTR-609134-001,Electrical,Circuit Breaker,MTR,Dadri Plant,Active,11723,2025-01-17,ABB,ABB-CB-3Cx95sqmm-97
f6c3ffcd-8f8c-503b-98b3-b5b9d1853f13,NTPC,NTPC-200083,SPARE-DN 150 BALL VLV - ASTM A351 CF8M,CMM-VALVE-6D7FC6-001,Valves,Ball Valve,NOS,Vindhyachal STPS,Active,9946,2024-05-21,Fouress,FOU-BV-DN150-26
b631c765-f2cc-503e-bc4e-d31a0167ce06,NTPC,NTPC-200084,STORES ITEM 4-20 mA Level Transmitter - Brass,CMM-INSTRU-F3707C-001,Instrumentation,Level Transmitter,NOS,Singrauli STPS,Active,11754,2024-02-05,Honeywell,HON-LT-4-20mA-87
c99606e8-b299-512f-94b9-6a002b8faf05,NTPC,NTPC-200085,Thrust Bearing 6304 AISI 52100,CMM-BEARNG-67CA99-001,Bearings,Thrust Bearing,NOS,Dadri Plant,Slow-Moving,12016,2025-01-18,FAG,FAG-TB-6304-26
961dec29-cb4f-5a0b-b28e-c624f9c94d12,NTPC,NTPC-200086,Ball Bearing 6208 Stainless Steel,CMM-BEARNG-0669B8-001,Bearings,Ball Bearing,NOS,Singrauli STPS,Slow-Moving,4628,2025-12-17,SKF,SKF-BB-6208-59
b1ba5d5b-cb67-5c38-885a-cede3b558f22,NTPC,NTPC-200087,Hex Bolt M20 x 80 Grade B7,CMM-FASTNR-0B0423-001,Fasteners,Hex Bolt,NOS,Dadri Plant,Active,10558,2025-11-15,Precision Fasteners,PREFAS-HB-M20x80-48
fd44124e-27d8-5dcc-a01d-76025fae1f86,NTPC,NTPC-200088,STORES ITEM Centrifugal Pump Carbon Steel DN 100,CMM-PUMP-BA45D5-001,Pumps,Centrifugal Pump,SET,Korba STPS,Active,13765,2025-08-21,KSB,KSB-CP-DN100-24
dd7cbc2c-7ac2-5546-9c8a-48e781d9047d,NTPC,NTPC-200089,"SPARE-Vertical Turbine Pump, Duplex Steel, SIZE DN 80",CMM-PUMP-13DAB4-001,Pumps,Vertical Turbine Pump,SET,Ramagundam STPS,Slow-Moving,9284,2025-11-04,Mather+Platt,MAT-VTP-DN80-69
0cf9e7c7-f682-5d3e-9429-ed8a9229b265,NTPC,NTPC-200090,Reducer IS 2062 DN 80,CMM-PIPEF-D67C66-001,Pipes & Fittings,Reducer,MTR,Vindhyachal STPS,Slow-Moving,3049,2025-03-25,ISMT,ISM-R-DN80-07
a018484b-18a8-5b2d-89cd-8ba19cbc4a47,NTPC,NTPC-200091,STORES ITEM Ball Valve 6 in SS304,CMM-VALVE-1D70F9-001,Valves,Ball Valve,NOS,Ramagundam STPS,Slow-Moving,8280,2025-09-17,Fouress,FOU-BV-6in-86
6d2288ac-bbc7-5670-8dcf-da2c31b607be,NTPC,NTPC-200092,CONTROL VALVE DN 50 ASTM A351 CF8M,CMM-VALVE-0BF561-001,Valves,Control Valve,NOS,Ramagundam STPS,Active,12349,2025-06-05,Leader Valves,LEAVAL-CV-DN50-95
697ef747-5948-5a1e-9bac-1057a7b85d52,NTPC,NTPC-200093,SPARE-Anchor Bolt M20 x 80 SS304,CMM-FASTNR-79903B-001,Fasteners,Anchor Bolt,NOS,Ramagundam STPS,Active,13986,2024-01-18,Precision Fasteners,PREFAS-AB-M20x80-90
fec5d09e-759b-5572-9362-f4829c6a566f,NTPC,NTPC-200094,"Anchor Bolt, Carbon Steel, SIZE M24 x 100",CMM-FASTNR-42CB56-001,Fasteners,Anchor Bolt,NOS,Korba STPS,Slow-Moving,7598,2024-09-21,GKW,GKW-AB-M24x100-47
bcc066ab-7958-58e4-80c7-f76d170efbc8,NTPC,NTPC-200095,"SPARE-TEMPERATURE TRANSMITTER, Brass, SIZE 0-100 bar",CMM-INSTRU-027BD0-001,Instrumentation,Temperature Transmitter,NOS,Singrauli STPS,Active,1184,2024-10-07,Yokogawa,YOK-TT-0-100bar-98
303ab3ce-9e79-5275-bf05-57a7b93aa7ce,NTPC,NTPC-200096,Level Transmitter Brass 0-500 Deg C,CMM-INSTRU-C7F4D5-001,Instrumentation,Level Transmitter,NOS,Singrauli STPS,Active,12337,2025-09-30,ABB,ABB-LT-0-500DegC-12
f8011794-de0b-501e-aa7f-788c8acd69e5,NTPC,NTPC-200097,"STORES ITEM PRESSURE GAUGE, Brass, SIZE 0-100 bar",CMM-INSTRU-22FF74-001,Instrumentation,Pressure Gauge,NOS,Vindhyachal STPS,Active,14944,2025-02-28,ABB,ABB-PG-0-100bar-35
3a4854d6-687f-5a54-8a42-a3e2e7ceb61a,NTPC,NTPC-200098,SPARE-65 mm Oil Seal - Graphite,CMM-SEALG-7A9F00-001,Seals,Oil Seal,NOS,Vindhyachal STPS,Active,5201,2024-05-05,Sealol,SEA-OS-65mm-32
ef88701e-95d2-5ab5-ac69-da364c2060ba,NTPC,NTPC-200099,Flow Meter SS316 4-20 mA,CMM-INSTRU-1E073D-001,Instrumentation,Flow Meter,NOS,Korba STPS,Active,13198,2025-03-01,Honeywell,HON-FM-4-20mA-06
8e99e3d2-570e-52da-918e-32fc544ab188,NTPC,NTPC-200100,IND.2 in SPIRAL WOUND GASKET - Viton,CMM-SEALG-F69928-001,Seals,Spiral Wound Gasket,NOS,Singrauli STPS,Active,2944,2025-08-31,Chesterton,CHE-SWG-2in-07
62e61b6c-377a-598f-8195-70a5238cc02f,NTPC,NTPC-200101,"O-Ring, PTFE, SIZE 65 mm",CMM-SEALG-39168C-001,Seals,O-Ring,NOS,Singrauli STPS,Slow-Moving,12751,2024-04-06,Chesterton,CHE-O-65mm-73
6aa27b66-43aa-5671-82af-140c287bf97c,NTPC,NTPC-200102,6208 BALL BRG - Stainless Steel,CMM-BEARNG-0FD5BF-001,Bearings,Ball Bearing,NOS,Korba STPS,Active,10344,2025-04-17,Timken,TIM-BB-6208-26
c04cfc4e-9015-5d5c-9784-5a84c0a45294,NTPC,NTPC-200103,Induction Motor Aluminium 415V 100A,CMM-ELECTR-62038E-001,Electrical,Induction Motor,MTR,Singrauli STPS,Active,14714,2025-11-22,Havells,HAV-IM-415V100A-90
030f7053-bd58-5f18-b171-bccd3e293182,NTPC,NTPC-200104,STORES ITEM 100 mm OIL SEAL - Viton,CMM-SEALG-96ED36-001,Seals,Oil Seal,NOS,Singrauli STPS,Active,2643,2025-01-01,Sealol,SEA-OS-100mm-46
c348c4cf-69db-5d71-a69c-66b3410a4268,NTPC,NTPC-200105,SPARE-2 in x 1.5 in Submersible Pump - Carbon Steel 150#,CMM-PUMP-C134B9-001,Pumps,Submersible Pump,SET,Vindhyachal STPS,Active,3005,2025-08-12,Mather+Platt,MAT-SP-2inx1.5in-51
8bba748f-215b-59c3-ae65-791b8744baa9,NTPC,NTPC-200106,1 in Globe Valve - WCB 600#,CMM-VALVE-5D3ADC-001,Valves,Globe Valve,NOS,Korba STPS,Active,6212,2024-03-13,Leader Valves,LEAVAL-GV-1in-46
711e085b-1195-5725-bf0c-0644f02e85bf,NTPC,NTPC-200107,IND.22208 Taper Roller Bearing - Chrome Steel 600#,CMM-BEARNG-39C22B-001,Bearings,Taper Roller Bearing,NOS,Korba STPS,Active,3335,2024-12-08,NBC Bearings,NBCBEA-TRB-22208-61
189f8919-36bb-5d41-9f61-a0e51627bb68,NTPC,NTPC-200108,"STORES ITEM BRG BALL, AISI 52100, SIZE 6304 150#",CMM-BEARNG-0C2D83-001,Bearings,Ball Bearing,NOS,Singrauli STPS,Active,12594,2025-01-21,NBC Bearings,NBCBEA-BB-6304-04
99198adc-4205-547a-bc43-32bc3305f5fa,NTPC,NTPC-200109,"GATE VLV, ASTM A351 CF8M, SIZE 1 in 300#",CMM-VALVE-1E20BF-001,Valves,Gate Valve,NOS,Korba STPS,Active,14802,2025-02-24,KSB,KSB-GV-1in-38
5c7a63bd-9d80-51d6-a78d-dab1d5663c94,NTPC,NTPC-200110,"STORES ITEM Gate Valve, WCB, SIZE DN 50 300#",CMM-VALVE-8913B6-001,Valves,Gate Valve,NOS,Vindhyachal STPS,Active,10049,2025-07-18,Fouress,FOU-GV-DN50-62
d2f766e5-0341-5679-be48-b39ff14f25b4,NTPC,NTPC-200111,IND.Gear Pump 300# Cast Iron DN 80,CMM-PUMP-BBD3FB-001,Pumps,Gear Pump,SET,Vindhyachal STPS,Active,2481,2025-08-12,WPIL,WPI-GP-DN80-41
f41ccddb-55b0-58ac-9f9b-ae9479252730,NTPC,NTPC-200112,"SPARE-ANCHOR BOLT, Alloy Steel, SIZE M24 x 100 600#",CMM-FASTNR-A037B5-001,Fasteners,Anchor Bolt,KG,Ramagundam STPS,Active,10133,2024-11-17,GKW,GKW-AB-M24x100-06
405b8d28-17d0-5612-81cc-8250eee43ec3,NTPC,NTPC-200113,IND.Flow Meter 300# SS304 4-20 mA,CMM-INSTRU-77851D-001,Instrumentation,Flow Meter,NOS,Dadri Plant,Active,10370,2024-03-26,Emerson,EME-FM-4-20mA-48
8772a426-ad9a-5964-b6c9-df39d0798330,NTPC,NTPC-200114,Socket Head Screw 150# Grade 8.8 M12 x 50,CMM-FASTNR-BAA11F-001,Fasteners,Socket Head Screw,NOS,Korba STPS,Active,3500,2024-12-04,Unbrako,UNB-SHS-M12x50-88
b64cb431-3fa5-5ce4-8acd-912f46027a7c,NTPC,NTPC-200115,IND.WELDED PIPE 150# SS316L DN 50,CMM-PIPEF-A71D7A-001,Pipes & Fittings,Welded Pipe,MTR,Ramagundam STPS,Obsolete,8521,2025-11-05,ISMT,ISM-WP-DN50-34
aac55236-bc11-5c26-a3e1-3ac6ab625db7,NTPC,NTPC-200116,IND.Flange 300# SS316L DN 50,CMM-PIPEF-9AEB33-001,Pipes & Fittings,Flange,MTR,Korba STPS,Active,1427,2025-07-01,ISMT,ISM-F-DN50-15
ef79a02e-5f0e-5373-8616-1e8235b9d395,NTPC,NTPC-200117,"THRUST BEARING, AISI 52100, SIZE 22208 600#",CMM-BEARNG-75E845-001,Bearings,Thrust Bearing,NOS,Singrauli STPS,Active,12045,2025-02-22,Timken,TIM-TB-22208-80
6e5282eb-6423-565c-b144-b45ebc18ae2a,NTPC,NTPC-200118,PRESSURE GAUGE 0-100 bar Brass 150#,CMM-INSTRU-1709F9-001,Instrumentation,Pressure Gauge,NOS,Dadri Plant,Active,2082,2024-04-16,Honeywell,HON-PG-0-100bar-93
4b8aa0c8-6035-5474-9bd0-5d5dd7e72c78,NTPC,NTPC-200119,"IND.VERTICAL TURBINE PUMP, Duplex Steel, SIZE 2 in x 1.5 in 150#",CMM-PUMP-D3FA3F-001,Pumps,Vertical Turbine Pump,SET,Korba STPS,Active,5279,2025-06-05,Kirloskar,KIR-VTP-2inx1.5in-65
2b1fce5a-c440-5cde-9fc2-91863df3085b,NTPC,NTPC-200120,Pressure Gauge 4-20 mA Brass 600#,CMM-INSTRU-FECC9D-001,Instrumentation,Pressure Gauge,NOS,Korba STPS,Active,8483,2024-05-12,Yokogawa,YOK-PG-4-20mA-47
e2ae0bef-6c97-5fda-be9c-42d32d04be4f,NTPC,NTPC-200121,SPARE-M12 x 50 Anchor Bolt - Grade 10.9 300#,CMM-FASTNR-31709C-001,Fasteners,Anchor Bolt,NOS,Dadri Plant,Active,11871,2024-11-03,Sundram Fasteners,SUNFAS-AB-M12x50-38
63caa7e4-a2d2-5e38-bdeb-d10a2cd410f0,NTPC,NTPC-200122,STORES ITEM FLOW METER 0-100 bar SS304 150#,CMM-INSTRU-35F2E5-001,Instrumentation,Flow Meter,NOS,Singrauli STPS,Slow-Moving,11818,2024-02-10,Honeywell,HON-FM-0-100bar-98
2bda03c1-b460-51c6-86e1-4c0b593fa3a3,NTPC,NTPC-200123,"Hex Bolt, Grade 10.9, SIZE M16 x 65 150#",CMM-FASTNR-152A8F-001,Fasteners,Hex Bolt,NOS,Singrauli STPS,Active,12016,2024-06-14,Unbrako,UNB-HB-M16x65-92
81555eec-91ee-565d-b024-2cc8453c78ca,NTPC,NTPC-200124,Induction Motor 300# Aluminium 3C x 95 sq mm,CMM-ELECTR-76536F-001,Electrical,Induction Motor,MTR,Singrauli STPS,Slow-Moving,12537,2025-10-05,BHEL,BHE-IM-3Cx95sqmm-73
b5a33a5f-5a9a-5cf7-8268-af65c873c94d,NTPC,NTPC-200125,GEAR PUMP 600# Carbon Steel 3 in x 2 in,CMM-PUMP-FEF7B9-001,Pumps,Gear Pump,SET,Korba STPS,Obsolete,11998,2025-11-06,WPIL,WPI-GP-3inx2in-27
e483ec96-89a3-5200-9270-d034cc552bf0,NTPC,NTPC-200126,"SPARE-THRUST BEARING, Stainless Steel, SIZE 22208 300#",CMM-BEARNG-52104E-001,Bearings,Thrust Bearing,NOS,Korba STPS,Active,10180,2025-02-23,Timken,TIM-TB-22208-21
22c73c8f-7049-5364-b326-44a98b8295fc,NTPC,NTPC-200127,STORES ITEM MECHANICAL SEAL 600# NBR 100 mm,CMM-SEALG-1331E7-001,Seals,Mechanical Seal,NOS,Vindhyachal STPS,Active,3962,2025-12-18,Sealol,SEA-MS-100mm-67
af8b0733-04ed-5002-abb2-0515ad743cfa,NTPC,NTPC-200128,STORES ITEM DN 80 Gear Pump - Carbon Steel 150#,CMM-PUMP-08A544-001,Pumps,Gear Pump,SET,Ramagundam STPS,Active,13953,2024-11-25,Kirloskar,KIR-GP-DN80-34
9c026633-5402-5e6c-85dd-7ce9c95aa993,NTPC,NTPC-200129,SWITCHGEAR PANEL 300# XLPE Insulated 4C x 25 sq mm,CMM-ELECTR-4DD7B9-001,Electrical,Switchgear Panel,MTR,Dadri Plant,Slow-Moving,13014,2024-10-09,Crompton Greaves,CROGRE-SP-4Cx25sqmm-78
6cb43d6a-ec49-5c61-bb86-a81beb03d7c4,NTPC,NTPC-200130,STORES ITEM OIL SEAL 50 mm PTFE 150#,CMM-SEALG-928895-001,Seals,Oil Seal,NOS,Vindhyachal STPS,Active,13474,2025-02-06,Chesterton,CHE-OS-50mm-63
e5958ca5-fe64-597a-b47a-fa45f4111862,NTPC,NTPC-200131,SPARE-Gear Pump 2 in x 1.5 in SS316 600#,CMM-PUMP-3A7BBD-001,Pumps,Gear Pump,SET,Ramagundam STPS,Obsolete,3179,2024-01-25,Kirloskar,KIR-GP-2inx1.5in-97
5c9a4ba4-92c2-5eb1-9fee-4be16eeb16c9,NTPC,NTPC-200132,SPARE-415V 100A Circuit Breaker - Aluminium 150#,CMM-ELECTR-1B3CEC-001,Electrical,Circuit Breaker,MTR,Korba STPS,Active,5577,2024-09-04,Havells,HAV-CB-415V100A-12
4c254064-43d5-5829-ad69-71d54b5a496e,NTPC,NTPC-200133,50 mm SPIRAL WOUND GASKET - Graphite 300#,CMM-SEALG-6DA7E7-001,Seals,Spiral Wound Gasket,KG,Dadri Plant,Active,143,2025-01-31,Chesterton,CHE-SWG-50mm-15
288a0dc1-cb49-5f3e-b6b3-5f82b47689f8,NTPC,NTPC-200134,M10 x 40 BOLT HEX - Grade 10.9 300#,CMM-FASTNR-B0430D-001,Fasteners,Hex Bolt,NOS,Dadri Plant,Active,2464,2024-11-03,Sundram Fasteners,SUNFAS-HB-M10x40-09
175d1d00-8630-5644-b55a-13fa544089c6,NTPC,NTPC-200135,Oil Seal 100 mm Graphite 600#,CMM-SEALG-82045D-001,Seals,Oil Seal,NOS,Korba STPS,Active,3795,2024-04-02,Flowserve,FLO-OS-100mm-68
882bdb64-5c51-50cf-8afa-c593cd2c048e,NTPC,NTPC-200136,"Globe Valve, SS304, SIZE DN 100 300#",CMM-VALVE-7533D6-001,Valves,Globe Valve,NOS,Vindhyachal STPS,Active,11700,2025-07-29,Leader Valves,LEAVAL-GV-DN100-25
767de21d-2587-575b-be2e-4e768711045d,NTPC,NTPC-200137,1 in Control Valve - LCB 150#,CMM-VALVE-B3E486-001,Valves,Control Valve,NOS,Ramagundam STPS,Obsolete,3500,2024-01-01,KSB,KSB-CV-1in-54
52ceebfe-85f0-5f05-b293-def957050960,NTPC,NTPC-200138,"STORES ITEM REDUCER, Alloy Steel, SIZE 2 in 600#",CMM-PIPEF-7284AD-001,Pipes & Fittings,Reducer,MTR,Dadri Plant,Active,13023,2024-03-05,Jindal Pipes,JINPIP-R-2in-06
88b0bbf9-4f84-518f-afee-df6bb7754dad,NTPC,NTPC-200139,IND.Roller Bearing 600# Stainless Steel 6304,CMM-BEARNG-20EFDA-001,Bearings,Roller Bearing,NOS,Vindhyachal STPS,Active,3165,2025-09-27,FAG,FAG-RB-6304-50
1cea7d1e-dc8a-5f61-b51a-26f4cf4f0fe3,NTPC,NTPC-200140,SPARE-2 in Rubber Gasket - PTFE 150#,CMM-SEALG-CE2B43-001,Seals,Rubber Gasket,KG,Ramagundam STPS,Obsolete,9089,2025-06-05,Flowserve,FLO-RG-2in-03
5f0c3a6f-a3c3-5f52-98ff-7eaf2fb04ed4,NTPC,NTPC-200141,Reciprocating Pump 600# Cast Iron DN 100,CMM-PUMP-D06965-001,Pumps,Reciprocating Pump,SET,Singrauli STPS,Active,6806,2025-07-01,Mather+Platt,MAT-RP-DN100-14
d86645a6-580a-58ce-93f6-b9e1c9bab6b5,NTPC,NTPC-200142,SPARE-3 in x 2 in Gear Pump - SS304 150#,CMM-PUMP-C081C4-001,Pumps,Gear Pump,SET,Korba STPS,Active,9098,2024-03-26,Kirloskar,KIR-GP-3inx2in-30
e09b146a-929d-5f8f-956e-0e469c64162a,NTPC,NTPC-200143,"STORES ITEM Ball Valve, LCB, SIZE 2 in 300#",CMM-VALVE-524070-001,Valves,Ball Valve,NOS,Singrauli STPS,Obsolete,6172,2024-10-24,Leader Valves,LEAVAL-BV-2in-50
1f66ab2a-4913-532c-a6c4-bb16ca8bba56,NTPC,NTPC-200144,STORES ITEM ROLLER BRG 150# Stainless Steel 6408,CMM-BEARNG-200E56-001,Bearings,Roller Bearing,NOS,Vindhyachal STPS,Slow-Moving,5579,2024-08-31,NBC Bearings,NBCBEA-RB-6408-17
ac035fc7-eaed-54e8-8fc0-7b449a108290,NTPC,NTPC-200145,STORES ITEM SMLS PIPE DN 50 Carbon Steel 300#,CMM-PIPEF-3E8CCB-001,Pipes & Fittings,Seamless Pipe,MTR,Dadri Plant,Active,9150,2024-04-04,Tata Steel,TATSTE-SP-DN50-18
a9fdd4cd-aeec-5e63-beef-b90c5810e386,NTPC,NTPC-200146,STORES ITEM REDUCER 300# ASTM A106 Gr B DN 80,CMM-PIPEF-D724AE-001,Pipes & Fittings,Reducer,MTR,Korba STPS,Obsolete,3904,2025-07-11,Tata Steel,TATSTE-R-DN80-59
3469c462-9f2d-59f3-a36c-e95333063f99,NTPC,NTPC-200147,1C x 300 sq mm Induction Motor - Aluminium 150#,CMM-ELECTR-941023-001,Electrical,Induction Motor,MTR,Singrauli STPS,Active,3299,2025-03-29,BHEL,BHE-IM-1Cx300sqmm-83
aaff9401-6bb4-59e0-b8bf-92bf16908bd0,NTPC,NTPC-200148,"Reciprocating Pump, Cast Iron, SIZE DN 100 300#",CMM-PUMP-173478-001,Pumps,Reciprocating Pump,SET,Dadri Plant,Active,13733,2024-06-15,WPIL,WPI-RP-DN100-83
14cda81d-b233-567a-a07d-2811d3e3394d,NTPC,NTPC-200149,0-500 Deg C TEMPERATURE TRANSMITTER - Brass 300#,CMM-INSTRU-C7F4D5-001,Instrumentation,Temperature Transmitter,NOS,Korba STPS,Active,4408,2025-02-16,Emerson,EME-TT-0-500DegC-31
e87511d8-9d03-5c24-9585-00b37ce6aeb3,NTPC,NTPC-200150,STORES ITEM Submersible Pump 300# Alloy Steel DN 80,CMM-PUMP-316E80-001,Pumps,Submersible Pump,SET,Ramagundam STPS,Active,1061,2024-01-27,Kirloskar,KIR-SP-DN80-74
e40e46f4-cc4a-5587-ae98-374be22a8a23,NTPC,NTPC-200151,SPARE-OIL SEAL 100 mm Viton 300#,CMM-SEALG-302F89-001,Seals,Oil Seal,NOS,Singrauli STPS,Active,263,2025-10-24,Sealol,SEA-OS-100mm-56
d2aa08c7-0a2c-5e1b-ae6a-9cc23ede7c37,NTPC,NTPC-200152,M24 x 100 STUD BOLT - Grade 10.9 300#,CMM-FASTNR-E193F8-001,Fasteners,Stud Bolt,KG,Singrauli STPS,Active,2282,2025-03-05,Unbrako,UNB-SB-M24x100-63
7825189d-5bf5-58cd-862a-f4d752f8b842,NTPC,NTPC-200153,IND.Distribution Transformer 4C x 25 sq mm XLPE Insulated 150#,CMM-ELECTR-07DFFB-001,Electrical,Distribution Transformer,MTR,Singrauli STPS,Active,9249,2025-11-10,Havells,HAV-DT-4Cx25sqmm-05
9b93e8d6-f03a-5fab-aeba-476190cfe3ca,NTPC,NTPC-200154,DN 150 Check Valve - ASTM A351 CF8M 150#,CMM-VALVE-D62059-001,Valves,Check Valve,NOS,Vindhyachal STPS,Active,11497,2024-10-18,Audco,AUD-CV-DN150-17
a8e3c969-f1f5-5b2f-b166-e23a5d1e02bc,NTPC,NTPC-200155,"STORES ITEM Vertical Turbine Pump, Duplex Steel, SIZE DN 100 150#",CMM-PUMP-6061C6-001,Pumps,Vertical Turbine Pump,SET,Singrauli STPS,Active,6267,2024-11-16,WPIL,WPI-VTP-DN100-28
c81afde6-2662-5fc1-a1bc-6a061799ca56,NTPC,NTPC-200156,"IND.ANCHOR BOLT, Grade 8.8, SIZE M10 x 40 150#",CMM-FASTNR-35E39D-001,Fasteners,Anchor Bolt,KG,Vindhyachal STPS,Active,10438,2024-07-31,Sundram Fasteners,SUNFAS-AB-M10x40-74
4de81962-372e-55bb-891d-046c15101de8,NTPC,NTPC-200157,SPARE-1C x 300 sq mm Distribution Transformer - Aluminium 150#,CMM-ELECTR-40640A-001,Electrical,Distribution Transformer,MTR,Dadri Plant,Obsolete,4239,2024-08-09,Crompton Greaves,CROGRE-DT-1Cx300sqmm-18
70799948-8ec1-5b89-bbb7-6ca63f73febe,NTPC,NTPC-200158,IND.GV 2 in SS304 150#,CMM-VALVE-B7E63E-001,Valves,Gate Valve,NOS,Singrauli STPS,Slow-Moving,3615,2025-02-11,KSB,KSB-GV-2in-78
15594b2a-75c1-5849-9e29-5d76528a7b6a,NTPC,NTPC-200159,4-20 mA RTD SENSOR - SS316 300#,CMM-INSTRU-2A3760-001,Instrumentation,RTD Sensor,NOS,Dadri Plant,Slow-Moving,14124,2025-05-19,Yokogawa,YOK-RS-4-20mA-13
bb24e249-7d21-5721-a9e5-eab37566e6ed,NTPC,NTPC-200160,50 mm O-Ring - NBR 600#,CMM-SEALG-F7AAFE-001,Seals,O-Ring,NOS,Korba STPS,Active,11852,2024-10-01,Chesterton,CHE-O-50mm-10
e8c21c2e-09fd-5fa0-9ff7-39c1012e1389,NTPC,NTPC-200161,0-500 Deg C Pressure Gauge - Polycarbonate 600#,CMM-INSTRU-EBBC49-001,Instrumentation,Pressure Gauge,NOS,Ramagundam STPS,Active,6312,2024-12-02,Yokogawa,YOK-PG-0-500DegC-81
83dc2fd2-0d64-5e16-b8bc-333e5de3c78d,NTPC,NTPC-200162,IND.MECHANICAL SEAL 50 mm Graphite 300#,CMM-SEALG-16E5D0-001,Seals,Mechanical Seal,NOS,Dadri Plant,Active,4846,2024-07-06,Flowserve,FLO-MS-50mm-21
c37e70b9-3b57-594e-ba10-25d1dedbf2ab,NTPC,NTPC-200163,IND.DN 150 Globe Valve - LCB 300#,CMM-VALVE-5DCD57-001,Valves,Globe Valve,NOS,Ramagundam STPS,Active,8841,2025-01-10,Fouress,FOU-GV-DN150-05
4a4cc17b-3b8d-597e-aedb-7594e80434cf,NTPC,NTPC-200164,STORES ITEM FLAT WASHER M12 x 50 Grade B7 150#,CMM-FASTNR-ECEE31-001,Fasteners,Flat Washer,KG,Vindhyachal STPS,Active,9554,2024-12-04,Sundram Fasteners,SUNFAS-FW-M12x50-39
a87d9909-a0e5-5b89-a09d-f33fde36f129,NTPC,NTPC-200165,STORES ITEM Pressure Gauge 300# Polycarbonate 4-20 mA,CMM-INSTRU-AA1EFB-001,Instrumentation,Pressure Gauge,NOS,Singrauli STPS,Active,9299,2025-09-18,Honeywell,HON-PG-4-20mA-46
7002babf-50ad-5c85-b871-db798cfb1779,NTPC,NTPC-200166,TAPER ROLLER BEARING 300# AISI 52100 6304,CMM-BEARNG-67CA99-001,Bearings,Taper Roller Bearing,NOS,Ramagundam STPS,Active,7702,2025-09-13,NBC Bearings,NBCBEA-TRB-6304-01
d66dde95-9d88-5c0c-ae35-b3ae8ace86ee,NTPC,NTPC-200167,SPARE-M16 x 65 SOCKET HEAD SCREW - SS304 300#,CMM-FASTNR-CBFF3D-001,Fasteners,Socket Head Screw,NOS,Dadri Plant,Active,9803,2025-04-13,Precision Fasteners,PREFAS-SHS-M16x65-74
95650edc-f516-5b9e-9893-639651a107ac,NTPC,NTPC-200168,SPARE-Gear Pump 3 in x 2 in Duplex Steel 600#,CMM-PUMP-E22A9D-001,Pumps,Gear Pump,SET,Korba STPS,Obsolete,9202,2025-02-14,Kirloskar,KIR-GP-3inx2in-06
2a87d811-baf2-55cb-aa9a-c27fd8b9502f,NTPC,NTPC-200169,"Temperature Transmitter, SS304, SIZE 1/2 in NPT 600#",CMM-INSTRU-F69E7C-001,Instrumentation,Temperature Transmitter,NOS,Dadri Plant,Active,9893,2025-03-23,ABB,ABB-TT-1-2inNPT-50
e7e1f94f-bdb2-5ae4-bd8f-06351bbe500e,NTPC,NTPC-200170,IND.M16 x 65 ANCHOR BOLT - Grade 10.9 300#,CMM-FASTNR-0169A7-001,Fasteners,Anchor Bolt,KG,Vindhyachal STPS,Active,7490,2024-11-10,GKW,GKW-AB-M16x65-07
ed58ed63-e93b-53e1-864a-3e4711852844,NTPC,NTPC-200171,SPARE-65 mm Rubber Gasket - Viton 150#,CMM-SEALG-439083-001,Seals,Rubber Gasket,NOS,Ramagundam STPS,Slow-Moving,9521,2024-09-08,Flowserve,FLO-RG-65mm-68
6353ac66-808d-562a-9b57-28c7fd529c26,NTPC,NTPC-200172,Gate Valve 150# LCB 2 in,CMM-VALVE-2204A8-001,Valves,Gate Valve,NOS,Dadri Plant,Slow-Moving,1357,2024-01-11,Leader Valves,LEAVAL-GV-2in-03
507ec054-79a0-5598-b4f3-c5c4b7042817,NTPC,NTPC-200173,"STORES ITEM Ball Valve, SS316, SIZE DN 150 600#",CMM-VALVE-E1352C-001,Valves,Ball Valve,NOS,Singrauli STPS,Active,13123,2025-07-30,L&T Valves,L&TVAL-BV-DN150-08
1f4430bc-ce6c-5712-8fb7-c66722de2212,NTPC,NTPC-200174,IND.Taper Roller Bearing 6408 Stainless Steel 600#,CMM-BEARNG-FBE56C-001,Bearings,Taper Roller Bearing,NOS,Singrauli STPS,Active,7122,2024-07-10,FAG,FAG-TRB-6408-65
ec11c579-a3d9-5c04-a8d8-40f23da99df6,NTPC,NTPC-200175,IND.Elbow 90 Deg 300# ASTM A106 Gr B 6 in,CMM-PIPEF-155E3F-001,Pipes & Fittings,Elbow 90 Deg,MTR,Singrauli STPS,Slow-Moving,8882,2024-04-03,Jindal Pipes,JINPIP-E9D-6in-08
e290184d-6570-5587-8e13-d51b6081cb4c,NTPC,NTPC-200176,DN 80 Seamless Pipe - Carbon Steel 150#,CMM-PIPEF-A5CF70-001,Pipes & Fittings,Seamless Pipe,MTR,Vindhyachal STPS,Obsolete,3691,2024-12-18,Jindal Pipes,JINPIP-SP-DN80-82
899ce944-d71d-56a4-9324-6659ffd8b29f,NTPC,NTPC-200177,SPARE-WELDED PIPE 300# IS 2062 DN 50,CMM-PIPEF-567132-001,Pipes & Fittings,Welded Pipe,MTR,Ramagundam STPS,Slow-Moving,7180,2024-11-28,Tata Steel,TATSTE-WP-DN50-04
c8d0e8a6-ca15-53ba-a2b0-66d9c243b232,NTPC,NTPC-200178,IND.DN 150 GLOBE VALVE - ASTM A351 CF8M 150#,CMM-VALVE-ED28F7-001,Valves,Globe Valve,NOS,Vindhyachal STPS,Obsolete,5114,2025-05-18,KSB,KSB-GV-DN150-31
ef4f952d-c76a-584d-8a9d-c8b308320965,NTPC,NTPC-200179,STORES ITEM 2 in ELBOW 90 DEG - Carbon Steel 300#,CMM-PIPEF-5D7A3B-001,Pipes & Fittings,Elbow 90 Deg,MTR,Ramagundam STPS,Slow-Moving,359,2024-06-06,Maharashtra Seamless,MAHSEA-E9D-2in-49
c04fd8e7-ad85-5f6c-8167-fe17fea70d26,NTPC,NTPC-200180,HEX NUT 150# Grade B7 M20 x 80,CMM-FASTNR-CFB3CB-001,Fasteners,Hex Nut,KG,Singrauli STPS,Active,4653,2025-02-13,Sundram Fasteners,SUNFAS-HN-M20x80-68
5657dd8b-e7e8-5618-9d5e-146417ac2084,NTPC,NTPC-200181,M16 x 65 Stud Bolt - Carbon Steel 300#,CMM-FASTNR-0C6EBA-001,Fasteners,Stud Bolt,NOS,Ramagundam STPS,Obsolete,102,2025-09-01,Sundram Fasteners,SUNFAS-SB-M16x65-26
c14b6109-4a57-5335-9753-884007b887aa,NTPC,NTPC-200182,"STORES ITEM TAPER ROLLER BEARING, Chrome Steel, SIZE 6304 600#",CMM-BEARNG-A74B84-001,Bearings,Taper Roller Bearing,NOS,Singrauli STPS,Active,8281,2024-12-03,Timken,TIM-TRB-6304-79
aa99c03b-07c5-5ebf-8d8e-48f1d755b74a,NTPC,NTPC-200183,IND.O-Ring 65 mm Viton 300#,CMM-SEALG-E57A9D-001,Seals,O-Ring,NOS,Korba STPS,Active,9576,2024-11-13,Sealol,SEA-O-65mm-80
06e0c11c-4832-5532-9057-c18f2c464312,NTPC,NTPC-200184,"ELBOW 90 DEG, Carbon Steel, SIZE DN 150 600#",CMM-PIPEF-E48498-001,Pipes & Fittings,Elbow 90 Deg,MTR,Dadri Plant,Active,12845,2025-03-20,Tata Steel,TATSTE-E9D-DN150-72
d8205257-bd63-5313-b404-daf1de935e0d,NTPC,NTPC-200185,STORES ITEM Thrust Bearing 150# AISI 52100 6208,CMM-BEARNG-1E674F-001,Bearings,Thrust Bearing,NOS,Dadri Plant,Active,9151,2025-04-04,NBC Bearings,NBCBEA-TB-6208-10
d8801252-274b-5e67-9894-b13f60754fc8,NTPC,NTPC-200186,415V 100A Circuit Breaker - Copper 300#,CMM-ELECTR-BB66D5-001,Electrical,Circuit Breaker,MTR,Vindhyachal STPS,Active,5001,2024-03-17,Siemens,SIE-CB-415V100A-68
ffa91d8f-b09c-5bf5-b058-d5b8116fba45,NTPC,NTPC-200187,TAPER ROLLER BEARING 300# Chrome Steel 22208,CMM-BEARNG-39C22B-001,Bearings,Taper Roller Bearing,NOS,Dadri Plant,Slow-Moving,9122,2024-08-28,Timken,TIM-TRB-22208-75
e9f7052f-4878-595d-abbe-88217b8db3aa,NTPC,NTPC-200188,"CENT. PUMP, Cast Iron, SIZE DN 80 150#",CMM-PUMP-904476-001,Pumps,Centrifugal Pump,SET,Korba STPS,Active,14150,2025-02-18,WPIL,WPI-CP-DN80-90
3d46603c-59cf-561e-82fd-0b916b6b7a67,NTPC,NTPC-200189,"IND.Boiler Feed Pump Motor, Copper Wound, SIZE 6.6 kV",CMM-ELECTR-6828F9-001,Electrical,Boiler Feed Pump Motor,MTR,Dadri Plant,Slow-Moving,7136,2025-10-02,Siemens,SIE-BFPM-6.6kV-37
9f8b8043-759a-52a9-9371-d4042b8acc09,NTPC,NTPC-200190,0-15 m COAL BUNKER LEVEL SWITCH - SS316,CMM-INSTRU-A6D775-001,Instrumentation,Coal Bunker Level Switch,NOS,Korba STPS,Slow-Moving,282,2024-10-15,ABB,ABB-CBLS-0-15m-10
165dbe94-13b7-55d2-b63a-74e1c3f60ad0,NTPC,NTPC-200191,STORES ITEM BOILER FEED PUMP MOTOR 6.6 kV Copper Wound,CMM-ELECTR-1E23AC-001,Electrical,Boiler Feed Pump Motor,MTR,Ramagundam STPS,Active,2621,2025-07-15,Havells,HAV-BFPM-6.6kV-17
4fc01da5-1b20-5208-96a9-ea35f9eeb197,NTPC,NTPC-200192,Boiler Feed Pump Motor Copper Wound 6.6 kV,CMM-ELECTR-079AD5-001,Electrical,Boiler Feed Pump Motor,MTR,Korba STPS,Active,14271,2025-08-12,Siemens,SIE-BFPM-6.6kV-02
97e7eff0-40a6-5e23-a5bd-bf30a01839e0,NTPC,NTPC-200193,6.6 kV Boiler Feed Pump Motor - Copper Wound,CMM-ELECTR-9CE3F4-001,Electrical,Boiler Feed Pump Motor,MTR,Dadri Plant,Active,13353,2025-06-26,ABB,ABB-BFPM-6.6kV-52
d95315d0-da57-5f7b-8dd4-1a25cb1203c0,NTPC,NTPC-200194,IND.6.6 kV Boiler Feed Pump Motor - Copper Wound,CMM-ELECTR-5803F6-001,Electrical,Boiler Feed Pump Motor,MTR,Dadri Plant,Slow-Moving,3301,2025-02-14,Crompton Greaves,CROGRE-BFPM-6.6kV-07
bc7c99de-402a-5a0b-8d58-a7c03f77a72a,NTPC,NTPC-200195,STORES ITEM 0-15 m COAL BUNKER LEVEL SWITCH - SS316,CMM-INSTRU-531B25-001,Instrumentation,Coal Bunker Level Switch,NOS,Korba STPS,Active,12522,2024-08-25,ABB,ABB-CBLS-0-15m-38
ce51b604-348e-59e0-bada-58d1f84b9e17,NTPC,NTPC-200196,SPARE-BOILER FEED PUMP MOTOR Copper Wound 6.6 kV,CMM-ELECTR-48D3C0-001,Electrical,Boiler Feed Pump Motor,MTR,Ramagundam STPS,Slow-Moving,11449,2024-03-26,Havells,HAV-BFPM-6.6kV-09
862f6419-4a6e-57a8-a41b-2b3979e7f5b1,NTPC,NTPC-200197,SPARE-6.6 kV BOILER FEED PUMP MOTOR - Copper Wound,CMM-ELECTR-0F8E4F-001,Electrical,Boiler Feed Pump Motor,MTR,Ramagundam STPS,Slow-Moving,359,2025-11-22,Siemens,SIE-BFPM-6.6kV-07
ca490e0b-49ef-5ad6-8378-32559c40f8f2,NTPC,NTPC-200198,IND.0-15 m Coal Bunker Level Switch - SS316,CMM-INSTRU-2BA489-001,Instrumentation,Coal Bunker Level Switch,NOS,Dadri Plant,Active,14972,2025-12-25,Yokogawa,YOK-CBLS-0-15m-17
83f91012-ee2b-51c3-b256-2fad0882c339,NTPC,NTPC-200199,Boiler Feed Pump Motor 6.6 kV Copper Wound,CMM-ELECTR-16A521-001,Electrical,Boiler Feed Pump Motor,MTR,Dadri Plant,Active,10102,2025-03-09,ABB,ABB-BFPM-6.6kV-08
4778e826-e643-5ece-a8c4-5efe608197e2,NTPC,NTPC-200200,SPARE-Coal Bunker Level Switch 0-15 m SS316,CMM-INSTRU-E4C7BF-001,Instrumentation,Coal Bunker Level Switch,NOS,Ramagundam STPS,Slow-Moving,8987,2025-12-08,Emerson,EME-CBLS-0-15m-88
76c62baf-cae3-51c0-829b-2d2f0685afb2,NTPC,NTPC-200201,STORES ITEM 0-15 m Coal Bunker Level Switch - SS316,CMM-INSTRU-EA8D3C-001,Instrumentation,Coal Bunker Level Switch,NOS,Ramagundam STPS,Active,11522,2025-11-11,Emerson,EME-CBLS-0-15m-99
05dc9d07-ebf2-512b-8daf-5d948577be56,NTPC,NTPC-200202,SPARE-COAL BUNKER LEVEL SWITCH SS316 0-15 m,CMM-INSTRU-CFC777-001,Instrumentation,Coal Bunker Level Switch,NOS,Ramagundam STPS,Active,13155,2025-04-10,Honeywell,HON-CBLS-0-15m-98
1f20b4cc-c218-55f3-9fa7-f117b45d91c3,NTPC,NTPC-200203,IND.0-15 m Coal Bunker Level Switch - SS316,CMM-INSTRU-76A779-001,Instrumentation,Coal Bunker Level Switch,NOS,Singrauli STPS,Active,6223,2024-05-29,Emerson,EME-CBLS-0-15m-01
e9537f61-03d5-533b-8a17-86d7881932e3,NTPC,NTPC-200204,"Boiler Feed Pump Motor, Copper Wound, SIZE 6.6 kV",CMM-ELECTR-C32643-001,Electrical,Boiler Feed Pump Motor,MTR,Singrauli STPS,Obsolete,13048,2025-05-01,ABB,ABB-BFPM-6.6kV-82
a73aa996-69e6-558c-867d-f62e54adb5bb,NTPC,NTPC-200205,SPARE-0-15 m Coal Bunker Level Switch - SS316,CMM-INSTRU-C88038-001,Instrumentation,Coal Bunker Level Switch,NOS,Korba STPS,Active,11743,2024-07-30,Emerson,EME-CBLS-0-15m-59
8777500d-f2ad-569d-bd62-e88e2b75e3dc,NTPC,NTPC-200206,IND.6.6 kV Boiler Feed Pump Motor - Copper Wound,CMM-ELECTR-1415A1-001,Electrical,Boiler Feed Pump Motor,MTR,Ramagundam STPS,Slow-Moving,13894,2025-11-02,Siemens,SIE-BFPM-6.6kV-94
2b2d9ccb-8948-5b66-89e2-7654bc80b2cc,NTPC,NTPC-200207,Coal Bunker Level Switch 0-15 m SS316,CMM-INSTRU-770DEC-001,Instrumentation,Coal Bunker Level Switch,NOS,Singrauli STPS,Active,9801,2025-08-25,Yokogawa,YOK-CBLS-0-15m-08
a0af9c13-77b2-5750-a48c-f18228a3c9b0,NTPC,NTPC-200208,"Boiler Feed Pump Motor, Copper Wound, SIZE 6.6 kV",CMM-ELECTR-C25892-001,Electrical,Boiler Feed Pump Motor,MTR,Singrauli STPS,Active,4615,2024-03-07,BHEL,BHE-BFPM-6.6kV-40
35db1e4c-0f72-5114-90e1-a2dee5ef710a,NTPC,NTPC-200209,IND.BOILER FEED PUMP MOTOR 6.6 kV Copper Wound,CMM-ELECTR-9D6068-001,Electrical,Boiler Feed Pump Motor,MTR,Ramagundam STPS,Active,2094,2024-11-11,BHEL,BHE-BFPM-6.6kV-78
9d6be1f5-24eb-5e54-8f9e-2a82c4de566e,NTPC,NTPC-200210,"STORES ITEM COAL BUNKER LEVEL SWITCH, SS316, SIZE 0-15 m",CMM-INSTRU-BC26EA-001,Instrumentation,Coal Bunker Level Switch,NOS,Vindhyachal STPS,Active,9933,2025-05-22,Honeywell,HON-CBLS-0-15m-80
eac82525-2935-5dcb-9ecd-24065ffa8e21,NTPC,NTPC-200211,"Boiler Feed Pump Motor, Copper Wound, SIZE 6.6 kV",CMM-ELECTR-E2BC3C-001,Electrical,Boiler Feed Pump Motor,MTR,Vindhyachal STPS,Active,5826,2025-08-12,BHEL,BHE-BFPM-6.6kV-25
ab27a9ff-f5a6-5ef9-a356-b6c785ff92fd,NTPC,NTPC-200212,STORES ITEM Boiler Feed Pump Motor Copper Wound 6.6 kV,CMM-ELECTR-430B1B-001,Electrical,Boiler Feed Pump Motor,MTR,Ramagundam STPS,Obsolete,5141,2024-12-09,ABB,ABB-BFPM-6.6kV-80
1406ece0-5c42-50e0-be88-9c818f8cf147,NTPC,NTPC-200213,"Coal Bunker Level Switch, SS316, SIZE 0-15 m",CMM-INSTRU-A1E54E-001,Instrumentation,Coal Bunker Level Switch,NOS,Korba STPS,Active,9638,2025-05-10,Yokogawa,YOK-CBLS-0-15m-48
6634c229-11b8-5f3f-b64b-5b0563b3b4e3,NTPC,NTPC-200214,STORES ITEM COAL BUNKER LEVEL SWITCH 0-15 m SS316,CMM-INSTRU-3CF0AA-001,Instrumentation,Coal Bunker Level Switch,NOS,Dadri Plant,Slow-Moving,5931,2024-05-20,Honeywell,HON-CBLS-0-15m-28
8f3f4986-5d69-5757-ae21-3573197503df,NTPC,NTPC-200215,"COAL BUNKER LEVEL SWITCH, SS316, SIZE 0-15 m",CMM-INSTRU-C25520-001,Instrumentation,Coal Bunker Level Switch,NOS,Dadri Plant,Obsolete,6149,2025-01-07,Emerson,EME-CBLS-0-15m-98
7e07b3ec-0c15-59cd-804a-95c091162d8b,NTPC,NTPC-200216,IND.Coal Bunker Level Switch 0-15 m SS316,CMM-INSTRU-984885-001,Instrumentation,Coal Bunker Level Switch,NOS,Singrauli STPS,Active,2797,2025-05-09,Yokogawa,YOK-CBLS-0-15m-98
45b5b9de-3810-55dd-b320-a81f6934d7fa,NTPC,NTPC-200217,SPARE-Coal Bunker Level Switch 0-15 m SS316,CMM-INSTRU-B87CE6-001,Instrumentation,Coal Bunker Level Switch,NOS,Ramagundam STPS,Slow-Moving,3003,2024-11-08,Emerson,EME-CBLS-0-15m-16
8eb98f35-ea12-5242-9a60-041692299ebb,NTPC,NTPC-200218,IND.6.6 kV BOILER FEED PUMP MOTOR - Copper Wound,CMM-ELECTR-8381A7-001,Electrical,Boiler Feed Pump Motor,MTR,Vindhyachal STPS,Obsolete,12167,2025-09-17,BHEL,BHE-BFPM-6.6kV-36
225d192e-48b0-5a1c-a828-9692cc551c7a,NTPC,NTPC-200219,Coal Bunker Level Switch SS316 0-15 m,CMM-INSTRU-201B86-001,Instrumentation,Coal Bunker Level Switch,NOS,Ramagundam STPS,Active,13672,2025-12-20,ABB,ABB-CBLS-0-15m-92
7fd2187c-30f5-585f-8d93-2e0188dc6871,NTPC,NTPC-200220,SPARE-BOILER FEED PUMP MOTOR Copper Wound 6.6 kV,CMM-ELECTR-134D89-001,Electrical,Boiler Feed Pump Motor,MTR,Ramagundam STPS,Slow-Moving,849,2024-08-09,BHEL,BHE-BFPM-6.6kV-91
6ca8b259-4b3d-5185-b097-1583db39e099,NTPC,NTPC-200221,IND.Coal Bunker Level Switch SS316 0-15 m,CMM-INSTRU-3717F9-001,Instrumentation,Coal Bunker Level Switch,NOS,Vindhyachal STPS,Obsolete,14102,2025-09-04,ABB,ABB-CBLS-0-15m-16
7814a45a-8182-5140-9720-0e3996f0303b,NTPC,NTPC-200222,0-15 m Coal Bunker Level Switch - SS316,CMM-INSTRU-1A3D47-001,Instrumentation,Coal Bunker Level Switch,NOS,Dadri Plant,Slow-Moving,2115,2025-11-04,Honeywell,HON-CBLS-0-15m-61
243b2278-45ea-53c3-8e06-b18bdd81d7e7,NTPC,NTPC-200223,STORES ITEM COAL BUNKER LEVEL SWITCH 0-15 m SS316,CMM-INSTRU-58EF54-001,Instrumentation,Coal Bunker Level Switch,NOS,Dadri Plant,Obsolete,13230,2025-10-10,Yokogawa,YOK-CBLS-0-15m-71
3992281c-5712-53b2-a698-c1841bd8e21d,NTPC,NTPC-200224,IND.Boiler Feed Pump Motor Copper Wound 6.6 kV,CMM-ELECTR-E39403-001,Electrical,Boiler Feed Pump Motor,MTR,Vindhyachal STPS,Active,4306,2024-08-10,Havells,HAV-BFPM-6.6kV-71
7a368d7d-f683-5952-80ef-7549c6091e00,NTPC,NTPC-200225,"STORES ITEM COAL BUNKER LEVEL SWITCH, SS316, SIZE 0-15 m",CMM-INSTRU-6B0B6E-001,Instrumentation,Coal Bunker Level Switch,NOS,Ramagundam STPS,Active,11089,2024-12-30,Emerson,EME-CBLS-0-15m-46
f9e5b8e8-5580-5781-8308-91354df6519d,NTPC,NTPC-200226,STORES ITEM 6.6 kV Boiler Feed Pump Motor - Copper Wound,CMM-ELECTR-1B4C8C-001,Electrical,Boiler Feed Pump Motor,MTR,Korba STPS,Obsolete,3764,2025-03-18,Crompton Greaves,CROGRE-BFPM-6.6kV-60
49337ea2-a1fa-5959-8ffb-c705a46237ca,NTPC,NTPC-200227,"BOILER FEED PUMP MOTOR, Copper Wound, SIZE 6.6 kV",CMM-ELECTR-A55AE9-001,Electrical,Boiler Feed Pump Motor,MTR,Singrauli STPS,Active,7425,2024-07-11,Crompton Greaves,CROGRE-BFPM-6.6kV-15
edad0ce5-3144-50cc-a064-2229350d8736,NTPC,NTPC-200228,"IND.Boiler Feed Pump Motor, Copper Wound, SIZE 6.6 kV",CMM-ELECTR-FB578D-001,Electrical,Boiler Feed Pump Motor,MTR,Vindhyachal STPS,Active,9411,2024-01-26,Havells,HAV-BFPM-6.6kV-22
733af155-7511-5818-89be-87ddeea3f6fe,NTPC,NTPC-200229,COAL BUNKER LEVEL SWITCH 0-15 m SS316,CMM-INSTRU-8F40E1-001,Instrumentation,Coal Bunker Level Switch,NOS,Ramagundam STPS,Active,8947,2024-09-07,Honeywell,HON-CBLS-0-15m-95
b69aab39-95fb-5db0-a49b-3df431fcc3a1,NTPC,NTPC-200230,IND.6.6 kV Boiler Feed Pump Motor - Copper Wound,CMM-ELECTR-5F5D06-001,Electrical,Boiler Feed Pump Motor,MTR,Korba STPS,Slow-Moving,14178,2025-09-09,Crompton Greaves,CROGRE-BFPM-6.6kV-91
f905a640-de6d-5c24-87ed-51e7e41e6424,NTPC,NTPC-200231,STORES ITEM Boiler Feed Pump Motor Copper Wound 6.6 kV,CMM-ELECTR-8FF92B-001,Electrical,Boiler Feed Pump Motor,MTR,Vindhyachal STPS,Slow-Moving,11992,2025-09-03,Havells,HAV-BFPM-6.6kV-95
92fd2051-f162-506c-b0ae-82c02c4725de,NTPC,NTPC-200232,"COAL BUNKER LEVEL SWITCH, SS316, SIZE 0-15 m",CMM-INSTRU-CB6E34-001,Instrumentation,Coal Bunker Level Switch,NOS,Dadri Plant,Active,4022,2025-05-08,Emerson,EME-CBLS-0-15m-42
250f2f46-be77-56d1-b635-b84843751df7,NTPC,NTPC-200233,BOILER FEED PUMP MOTOR 6.6 kV Copper Wound,CMM-ELECTR-69B125-001,Electrical,Boiler Feed Pump Motor,MTR,Korba STPS,Active,11885,2024-04-19,Havells,HAV-BFPM-6.6kV-44
4f8d79fd-66e5-5708-b24f-6499e1cc0c53,NTPC,NTPC-200234,STORES ITEM BOILER FEED PUMP MOTOR 6.6 kV Copper Wound,CMM-ELECTR-4BEE8D-001,Electrical,Boiler Feed Pump Motor,MTR,Singrauli STPS,Slow-Moving,10616,2024-11-15,BHEL,BHE-BFPM-6.6kV-56
6a66515d-1b59-5a68-ab27-f8445cc71a3e,NTPC,NTPC-200235,SPARE-6.6 kV Boiler Feed Pump Motor - Copper Wound,CMM-ELECTR-CB50EA-001,Electrical,Boiler Feed Pump Motor,MTR,Korba STPS,Obsolete,10004,2025-07-15,BHEL,BHE-BFPM-6.6kV-98
1d72294f-dcb6-5347-883b-7462c6fecea4,NTPC,NTPC-200236,COAL BUNKER LEVEL SWITCH 0-15 m SS316,CMM-INSTRU-4B7871-001,Instrumentation,Coal Bunker Level Switch,NOS,Vindhyachal STPS,Obsolete,6258,2025-06-23,Emerson,EME-CBLS-0-15m-50
72cbacf5-5889-5fab-a35a-0ab550d7ff7c,NTPC,NTPC-200237,SPARE-BOILER FEED PUMP MOTOR Copper Wound 6.6 kV,CMM-ELECTR-B5115D-001,Electrical,Boiler Feed Pump Motor,MTR,Korba STPS,Active,5967,2025-02-28,Siemens,SIE-BFPM-6.6kV-86
586e659d-aa4c-52e3-960e-05449b767b24,NTPC,NTPC-200238,Coal Bunker Level Switch SS316 0-15 m,CMM-INSTRU-17D92D-001,Instrumentation,Coal Bunker Level Switch,NOS,Korba STPS,Active,9354,2024-11-06,Honeywell,HON-CBLS-0-15m-62
2b9cf850-5487-5090-a0d8-86e9422b3393,NTPC,NTPC-200239,0-15 m Coal Bunker Level Switch - SS316,CMM-INSTRU-AECA78-001,Instrumentation,Coal Bunker Level Switch,NOS,Dadri Plant,Active,10345,2025-10-23,ABB,ABB-CBLS-0-15m-27
687ea9e9-982e-5c4b-ba30-85293c1989d8,NTPC,NTPC-200240,"Coal Bunker Level Switch, SS316, SIZE 0-15 m",CMM-INSTRU-B2DA61-001,Instrumentation,Coal Bunker Level Switch,NOS,Korba STPS,Active,11069,2025-07-23,ABB,ABB-CBLS-0-15m-81
eefdc809-f69f-593d-aa2d-48d086e68370,NTPC,NTPC-200241,"IND.Coal Bunker Level Switch, SS316, SIZE 0-15 m",CMM-INSTRU-B9CBD1-001,Instrumentation,Coal Bunker Level Switch,NOS,Dadri Plant,Active,9510,2025-11-13,Honeywell,HON-CBLS-0-15m-56
331c5579-e46a-5284-906d-e0695175174d,NTPC,NTPC-200242,IND.0-15 m Coal Bunker Level Switch - SS316,CMM-INSTRU-F5D31C-001,Instrumentation,Coal Bunker Level Switch,NOS,Korba STPS,Active,10124,2025-02-28,ABB,ABB-CBLS-0-15m-73
33214485-9f5a-5258-8a20-0ae2bafb968d,NTPC,NTPC-200243,IND.Coal Bunker Level Switch 0-15 m SS316,CMM-INSTRU-A280D1-001,Instrumentation,Coal Bunker Level Switch,NOS,Vindhyachal STPS,Active,157,2024-03-06,ABB,ABB-CBLS-0-15m-70
7a23f424-d067-518b-a0dd-5d5372b435aa,NTPC,NTPC-200244,Boiler Feed Pump Motor Copper Wound 6.6 kV,CMM-ELECTR-BC2BE2-001,Electrical,Boiler Feed Pump Motor,MTR,Singrauli STPS,Active,14145,2025-08-31,Crompton Greaves,CROGRE-BFPM-6.6kV-95
d6545871-fc0a-5ac5-ba94-b754bee262e0,NTPC,NTPC-200245,6.6 kV Boiler Feed Pump Motor - Copper Wound,CMM-ELECTR-6CF258-001,Electrical,Boiler Feed Pump Motor,MTR,Ramagundam STPS,Active,758,2024-07-10,Crompton Greaves,CROGRE-BFPM-6.6kV-53
4839dfde-8c81-5fcc-9ad3-2fa08e6db3d0,NTPC,NTPC-200246,SPARE-BOILER FEED PUMP MOTOR 6.6 kV Copper Wound,CMM-ELECTR-1729E4-001,Electrical,Boiler Feed Pump Motor,MTR,Ramagundam STPS,Active,7430,2024-06-08,Havells,HAV-BFPM-6.6kV-59
0d098402-f31d-5f00-9017-689fe3b5334b,NTPC,NTPC-200247,6.6 kV Boiler Feed Pump Motor - Copper Wound,CMM-ELECTR-A1C20A-001,Electrical,Boiler Feed Pump Motor,MTR,Dadri Plant,Active,5355,2024-12-14,Havells,HAV-BFPM-6.6kV-72
b5111dc9-11d4-5229-b004-b37f1a0683c5,NTPC,NTPC-200248,Coal Bunker Level Switch SS316 0-15 m,CMM-INSTRU-6E3A7C-001,Instrumentation,Coal Bunker Level Switch,NOS,Dadri Plant,Active,1260,2025-07-18,ABB,ABB-CBLS-0-15m-56
54ef78b5-b10e-5da8-be03-2123d001f940,NTPC,NTPC-200249,"BOILER FEED PUMP MOTOR, Copper Wound, SIZE 6.6 kV",CMM-ELECTR-AD1990-001,Electrical,Boiler Feed Pump Motor,MTR,Singrauli STPS,Active,13978,2024-12-11,BHEL,BHE-BFPM-6.6kV-95
959ed05b-ebfd-5e57-9a78-7fbcc7e342d6,NTPC,NTPC-200250,"IND.Boiler Feed Pump Motor, Copper Wound, SIZE 6.6 kV",CMM-ELECTR-42C083-001,Electrical,Boiler Feed Pump Motor,MTR,Dadri Plant,Active,7332,2024-10-13,Siemens,SIE-BFPM-6.6kV-06
b7f54c9c-02c3-52f4-8835-a3d8d92ef414,NTPC,NTPC-200251,6.6 kV BOILER FEED PUMP MOTOR - Copper Wound,CMM-ELECTR-9B9571-001,Electrical,Boiler Feed Pump Motor,MTR,Ramagundam STPS,Active,11801,2025-02-11,Siemens,SIE-BFPM-6.6kV-64
e961d0db-e1f6-5256-b67d-aa470c822a90,NTPC,NTPC-200252,Coal Bunker Level Switch 0-15 m SS316,CMM-INSTRU-B41971-001,Instrumentation,Coal Bunker Level Switch,NOS,Ramagundam STPS,Obsolete,2870,2025-09-26,Emerson,EME-CBLS-0-15m-91
13147cda-fd7a-5d44-8c5d-10b2f664aea7,NTPC,NTPC-200253,SPARE-Boiler Feed Pump Motor 6.6 kV Copper Wound,CMM-ELECTR-2093AE-001,Electrical,Boiler Feed Pump Motor,MTR,Vindhyachal STPS,Active,1901,2024-12-23,BHEL,BHE-BFPM-6.6kV-86
aa454465-71f2-53f4-ad56-34770278b415,NTPC,NTPC-200254,6.6 kV BOILER FEED PUMP MOTOR - Copper Wound,CMM-ELECTR-F3C541-001,Electrical,Boiler Feed Pump Motor,MTR,Singrauli STPS,Active,7001,2025-06-07,BHEL,BHE-BFPM-6.6kV-12
5cbcbf73-45a7-566f-b87d-45e8f42eca7a,NTPC,NTPC-200255,"Coal Bunker Level Switch, SS316, SIZE 0-15 m",CMM-INSTRU-9440ED-001,Instrumentation,Coal Bunker Level Switch,NOS,Ramagundam STPS,Obsolete,14039,2024-10-15,ABB,ABB-CBLS-0-15m-74
0217fd0a-c7d1-5ebe-9e2d-5daac9d63bb9,NTPC,NTPC-200256,STORES ITEM Coal Bunker Level Switch 0-15 m SS316,CMM-INSTRU-4981D6-001,Instrumentation,Coal Bunker Level Switch,NOS,Ramagundam STPS,Active,5543,2025-09-20,Emerson,EME-CBLS-0-15m-90
744f03fb-a308-58e0-9a62-b9ad94ffe2a6,NTPC,NTPC-200257,"SPARE-BOILER FEED PUMP MOTOR, Copper Wound, SIZE 6.6 kV",CMM-ELECTR-45D485-001,Electrical,Boiler Feed Pump Motor,MTR,Singrauli STPS,Active,3542,2025-03-26,ABB,ABB-BFPM-6.6kV-17
ecb6637d-fd89-5c2c-b6ec-b61e4ce4e307,NTPC,NTPC-200258,STORES ITEM COAL BUNKER LEVEL SWITCH 0-15 m SS316,CMM-INSTRU-617080-001,Instrumentation,Coal Bunker Level Switch,NOS,Dadri Plant,Active,1753,2025-03-01,ABB,ABB-CBLS-0-15m-67
72718087-6feb-527e-b19c-3b452a31bd08,NTPC,NTPC-200259,IND.BOILER FEED PUMP MOTOR Copper Wound 6.6 kV,CMM-ELECTR-92CF3A-001,Electrical,Boiler Feed Pump Motor,MTR,Ramagundam STPS,Active,5272,2025-01-25,Havells,HAV-BFPM-6.6kV-82
6d1de75d-28b1-5155-bb65-d4067e97d84e,NTPC,NTPC-200260,STORES ITEM 0-15 m COAL BUNKER LEVEL SWITCH - SS316,CMM-INSTRU-192BB2-001,Instrumentation,Coal Bunker Level Switch,NOS,Korba STPS,Active,10070,2025-08-06,ABB,ABB-CBLS-0-15m-86
e38c1d37-aee2-53b0-8397-888a6799311f,NTPC,NTPC-200261,IND.COAL BUNKER LEVEL SWITCH 0-15 m SS316,CMM-INSTRU-38AF26-001,Instrumentation,Coal Bunker Level Switch,NOS,Vindhyachal STPS,Active,4971,2025-06-10,Honeywell,HON-CBLS-0-15m-84
9fdb95b8-51bb-5488-ab95-ab78a535c33a,NTPC,NTPC-200262,IND.0-15 m COAL BUNKER LEVEL SWITCH - SS316,CMM-INSTRU-7F6F9D-001,Instrumentation,Coal Bunker Level Switch,NOS,Korba STPS,Active,1060,2025-04-09,Honeywell,HON-CBLS-0-15m-45
375924cd-820a-5037-9d78-88d6dba5fd8a,NTPC,NTPC-200263,"STORES ITEM BOILER FEED PUMP MOTOR, Copper Wound, SIZE 6.6 kV",CMM-ELECTR-83697B-001,Electrical,Boiler Feed Pump Motor,MTR,Ramagundam STPS,Active,12020,2025-07-14,ABB,ABB-BFPM-6.6kV-61
5621de3d-7ce9-52cc-ad3b-b7e115cf4474,NTPC,NTPC-200264,STORES ITEM Coal Bunker Level Switch SS316 0-15 m,CMM-INSTRU-86F6A1-001,Instrumentation,Coal Bunker Level Switch,NOS,Korba STPS,Active,1478,2024-07-09,Honeywell,HON-CBLS-0-15m-99
d1e8c685-64a4-5b35-bb38-9fbd0a8fe3fd,NTPC,NTPC-200265,SPARE-6.6 kV Boiler Feed Pump Motor - Copper Wound,CMM-ELECTR-5D0DEF-001,Electrical,Boiler Feed Pump Motor,MTR,Ramagundam STPS,Active,7092,2024-01-29,Siemens,SIE-BFPM-6.6kV-21
edf27a2c-6670-5c01-a2db-7aa3e404001d,NTPC,NTPC-200266,COAL BUNKER LEVEL SWITCH 0-15 m SS316,CMM-INSTRU-98114D-001,Instrumentation,Coal Bunker Level Switch,NOS,Ramagundam STPS,Slow-Moving,8125,2024-07-09,Yokogawa,YOK-CBLS-0-15m-32
4481b8a8-1e6b-5b6d-a3ec-4f99926be30c,NTPC,NTPC-200267,BOILER FEED PUMP MOTOR 6.6 kV Copper Wound,CMM-ELECTR-9BB755-001,Electrical,Boiler Feed Pump Motor,MTR,Singrauli STPS,Active,12768,2024-10-02,Havells,HAV-BFPM-6.6kV-34
c3848978-f036-5c48-8de6-6662e675f5d4,NTPC,NTPC-200268,STORES ITEM Boiler Feed Pump Motor 6.6 kV Copper Wound,CMM-ELECTR-3CC9FD-001,Electrical,Boiler Feed Pump Motor,MTR,Singrauli STPS,Active,8881,2025-01-25,Havells,HAV-BFPM-6.6kV-91
b7ed497d-ce66-5a91-9bd9-fe430b2b7520,NTPC,NTPC-200269,IND.COAL BUNKER LEVEL SWITCH SS316 0-15 m,CMM-INSTRU-83BD2D-001,Instrumentation,Coal Bunker Level Switch,NOS,Vindhyachal STPS,Active,4093,2025-01-23,ABB,ABB-CBLS-0-15m-49
fac4d39b-968a-550d-a8b0-b9c364064ea6,NTPC,NTPC-200270,"SPARE-COAL BUNKER LEVEL SWITCH, SS316, SIZE 0-15 m",CMM-INSTRU-557134-001,Instrumentation,Coal Bunker Level Switch,NOS,Vindhyachal STPS,Slow-Moving,14582,2025-07-08,Honeywell,HON-CBLS-0-15m-23
c1529215-4a14-5085-b6dc-2d060d355fb3,NTPC,NTPC-200271,6.6 kV BOILER FEED PUMP MOTOR - Copper Wound,CMM-ELECTR-9FD986-001,Electrical,Boiler Feed Pump Motor,MTR,Korba STPS,Active,13263,2024-02-11,BHEL,BHE-BFPM-6.6kV-35
b7cb1f5e-5e24-5e62-ba16-be33ed07e609,NTPC,NTPC-200272,6.6 kV Boiler Feed Pump Motor - Copper Wound,CMM-ELECTR-AA84A6-001,Electrical,Boiler Feed Pump Motor,MTR,Ramagundam STPS,Active,3451,2024-09-14,Siemens,SIE-BFPM-6.6kV-92
59253f33-b928-5386-bf5a-3f35263dd0b7,NTPC,NTPC-200273,SPARE-6.6 kV BOILER FEED PUMP MOTOR - Copper Wound,CMM-ELECTR-CD68BD-001,Electrical,Boiler Feed Pump Motor,MTR,Dadri Plant,Slow-Moving,5891,2024-11-10,Havells,HAV-BFPM-6.6kV-70
4f264b15-b649-50d2-b9ce-8f7e98952199,NTPC,NTPC-200274,STORES ITEM 6.6 kV Boiler Feed Pump Motor - Copper Wound,CMM-ELECTR-5E70EC-001,Electrical,Boiler Feed Pump Motor,MTR,Korba STPS,Active,3429,2025-12-31,Crompton Greaves,CROGRE-BFPM-6.6kV-29
3946d1b5-9600-5192-9263-d0c4b51703e1,NTPC,NTPC-200275,SPARE-Coal Bunker Level Switch 0-15 m SS316,CMM-INSTRU-A66AB3-001,Instrumentation,Coal Bunker Level Switch,NOS,Singrauli STPS,Active,7167,2025-10-26,ABB,ABB-CBLS-0-15m-88
c4afff42-7061-5c8e-b63b-636c18ee5fe2,ONGC,ONGC-100001,6304 BRG BALL - Stainless Steel,CMM-BEARNG-98CF95-001,Bearings,Ball Bearing,NOS,Sivasagar Asset,Slow-Moving,10183,2025-01-05,FAG,FAG-BB-6304-69
eca5840b-f224-5a50-964a-8ae6c8590fd5,ONGC,ONGC-100002,STORES ITEM Centrifugal Pump DN 100 SS316,CMM-PUMP-EFB17A-001,Pumps,Centrifugal Pump,SET,Mumbai Offshore Complex,Active,9813,2025-04-24,Kirloskar,KIR-CP-DN100-15
f0b40534-05fa-5f26-8e19-9f07ce3aaf12,ONGC,ONGC-100003,IND.RECIPROCATING PUMP DN 80 Carbon Steel,CMM-PUMP-986768-001,Pumps,Reciprocating Pump,SET,Sivasagar Asset,Active,8933,2024-03-03,Kirloskar,KIR-RP-DN80-20
95b9ebd6-1fed-5237-9156-3ce3a3e08c59,ONGC,ONGC-100004,"Flange, IS 2062, SIZE DN 50",CMM-PIPEF-779420-001,Pipes & Fittings,Flange,MTR,Mumbai Offshore Complex,Active,9959,2024-08-03,Jindal Pipes,JINPIP-F-DN50-18
cc28ee31-61f8-5841-a130-d57060270987,ONGC,ONGC-100005,STORES ITEM Gate Valve 2 in LCB,CMM-VALVE-758633-001,Valves,Gate Valve,NOS,Ankleshwar Asset,Active,5492,2025-02-25,Leader Valves,LEAVAL-GV-2in-31
93f083e8-19a9-5ed9-b102-61a6517d4071,ONGC,ONGC-100006,SPARE-6 in PIPE SMLS - SS316L,CMM-PIPEF-4E2A15-001,Pipes & Fittings,Seamless Pipe,MTR,Rajahmundry Asset,Active,8429,2024-04-28,ISMT,ISM-SP-6in-05
f264f771-bffa-5038-8435-db89efde6458,ONGC,ONGC-100007,"IND.REDUCER, ASTM A106 Gr B, SIZE DN 150",CMM-PIPEF-A8BD86-001,Pipes & Fittings,Reducer,MTR,Mumbai Offshore Complex,Active,807,2024-09-07,ISMT,ISM-R-DN150-97
28bca846-67ec-56df-b276-3bccd23d369c,ONGC,ONGC-100008,IND.DN 100 REDUCER - ASTM A106 Gr B,CMM-PIPEF-C9F1AA-001,Pipes & Fittings,Reducer,MTR,Uran Plant,Active,525,2025-02-02,Tata Steel,TATSTE-R-DN100-78
ca67d38b-1108-5158-a727-dcf77d0471e4,ONGC,ONGC-100009,"Gear Pump, Duplex Steel, SIZE 3 in x 2 in",CMM-PUMP-357758-001,Pumps,Gear Pump,SET,Sivasagar Asset,Active,12706,2024-11-04,WPIL,WPI-GP-3inx2in-51
437ed0f1-1b65-5fc7-bd40-cc6ce535406b,ONGC,ONGC-100010,CONTROL VALVE 1/2 in WCB,CMM-VALVE-24B4BF-001,Valves,Control Valve,NOS,Uran Plant,Active,1577,2024-08-18,Fouress,FOU-CV-1-2in-31
18420675-236d-5f5a-9978-e34ac1b696ea,ONGC,ONGC-100011,Needle Bearing AISI 52100 6304,CMM-BEARNG-668968-001,Bearings,Needle Bearing,NOS,Rajahmundry Asset,Active,2411,2025-02-23,Timken,TIM-NB-6304-13
03d7c075-2a60-51db-923c-b96755968d76,ONGC,ONGC-100012,Flow Meter Brass 4-20 mA,CMM-INSTRU-746A35-001,Instrumentation,Flow Meter,NOS,Sivasagar Asset,Slow-Moving,14843,2024-10-20,Emerson,EME-FM-4-20mA-36
e7f09fcf-a691-58db-b9e1-815e98af52fa,ONGC,ONGC-100013,"CIRCUIT BREAKER, Aluminium, SIZE 4C x 25 sq mm",CMM-ELECTR-19262A-001,Electrical,Circuit Breaker,MTR,Rajahmundry Asset,Obsolete,760,2025-11-05,Siemens,SIE-CB-4Cx25sqmm-66
ebadbacd-225e-59ce-9dd4-552105777591,ONGC,ONGC-100014,FLANGE IS 2062 DN 150,CMM-PIPEF-BBD3DF-001,Pipes & Fittings,Flange,MTR,Rajahmundry Asset,Active,11547,2024-04-27,Maharashtra Seamless,MAHSEA-F-DN150-49
77c3ed97-44c7-5e17-af14-4c67e24ca8f1,ONGC,ONGC-100015,IND.Reducer 2 in Carbon Steel,CMM-PIPEF-E0FB6D-001,Pipes & Fittings,Reducer,MTR,Ankleshwar Asset,Active,8741,2024-08-08,Jindal Pipes,JINPIP-R-2in-73
57cc5977-3fec-5648-9ba5-ce5197851724,ONGC,ONGC-100016,"TEMPERATURE TRANSMITTER, Polycarbonate, SIZE 0-100 bar",CMM-INSTRU-3688F6-001,Instrumentation,Temperature Transmitter,NOS,Uran Plant,Active,2577,2024-06-15,ABB,ABB-TT-0-100bar-95
4642252b-4e6a-5d3b-a7b1-b703f749e418,ONGC,ONGC-100017,IND.4 in Gate Valve - SS316,CMM-VALVE-11F993-001,Valves,Gate Valve,NOS,Mumbai Offshore Complex,Active,10123,2024-12-27,Leader Valves,LEAVAL-GV-4in-64
52b8605a-ba06-568b-bda4-b6d4057a6770,ONGC,ONGC-100018,THRUST BEARING Stainless Steel 6208,CMM-BEARNG-A2CB3C-001,Bearings,Thrust Bearing,NOS,Sivasagar Asset,Obsolete,3574,2025-08-20,NBC Bearings,NBCBEA-TB-6208-03
efebe347-8f4a-5a8e-b8f4-ac8fa9cd89bc,ONGC,ONGC-100019,"RTD SENSOR, SS316, SIZE 0-100 bar",CMM-INSTRU-59A2A6-001,Instrumentation,RTD Sensor,NOS,Mumbai Offshore Complex,Slow-Moving,9610,2025-05-06,Yokogawa,YOK-RS-0-100bar-77
5613d569-1f50-5606-a1d0-bba6321913fe,ONGC,ONGC-100020,0-100 bar Flow Meter - Brass,CMM-INSTRU-027BD0-001,Instrumentation,Flow Meter,NOS,Ankleshwar Asset,Active,1808,2024-12-09,Yokogawa,YOK-FM-0-100bar-96
93727b32-1b06-5957-b05e-907b63cfaa70,ONGC,ONGC-100021,STORES ITEM 65 mm Mechanical Seal - Graphite,CMM-SEALG-260F99-001,Seals,Mechanical Seal,NOS,Ankleshwar Asset,Active,9171,2025-08-28,Sealol,SEA-MS-65mm-39
7276e6d1-f32a-5f4e-9d73-621d137e7db1,ONGC,ONGC-100022,SPARE-M20 x 80 Anchor Bolt - Carbon Steel,CMM-FASTNR-B4A1EA-001,Fasteners,Anchor Bolt,KG,Uran Plant,Obsolete,301,2024-08-04,Precision Fasteners,PREFAS-AB-M20x80-28
d5facc04-981b-524a-8d02-15d43f7ce48a,ONGC,ONGC-100023,STORES ITEM DISTRIBUTION TRANSFORMER Aluminium 1C x 300 sq mm,CMM-ELECTR-941023-001,Electrical,Distribution Transformer,MTR,Sivasagar Asset,Active,12055,2024-12-26,Crompton Greaves,CROGRE-DT-1Cx300sqmm-71
67021cdc-ca6b-56a5-8aff-0f764f5d7bf8,ONGC,ONGC-100024,SPARE-OIL SEAL 2 in Viton,CMM-SEALG-29423B-001,Seals,Oil Seal,KG,Ankleshwar Asset,Slow-Moving,747,2024-08-23,Chesterton,CHE-OS-2in-11
8d553fa6-db95-511e-bef4-049af9a149b3,ONGC,ONGC-100025,6408 Needle Bearing - Chrome Steel,CMM-BEARNG-89DC5A-001,Bearings,Needle Bearing,NOS,Sivasagar Asset,Slow-Moving,11733,2024-03-16,Timken,TIM-NB-6408-24
3a4f6af8-2a1e-516b-bb77-e0a2d0f360d2,ONGC,ONGC-100026,SPARE-22208 Thrust Bearing - Stainless Steel,CMM-BEARNG-52104E-001,Bearings,Thrust Bearing,NOS,Uran Plant,Active,4430,2025-06-10,SKF,SKF-TB-22208-45
880772c7-45e1-5229-ac63-71e9f37ed2f3,ONGC,ONGC-100027,SPARE-THRUST BEARING AISI 52100 6304,CMM-BEARNG-67CA99-001,Bearings,Thrust Bearing,NOS,Mumbai Offshore Complex,Active,2340,2024-09-10,SKF,SKF-TB-6304-18
7fa16414-cb28-596b-ae70-96b3abcf0df7,ONGC,ONGC-100028,"FLOW METER, SS316, SIZE 4-20 mA",CMM-INSTRU-1E073D-001,Instrumentation,Flow Meter,NOS,Ankleshwar Asset,Slow-Moving,12671,2024-03-15,Emerson,EME-FM-4-20mA-50
f93baad8-8648-5852-b55b-68b3af7ae38f,ONGC,ONGC-100029,"Elbow 90 Deg, ASTM A106 Gr B, SIZE 6 in",CMM-PIPEF-F76C77-001,Pipes & Fittings,Elbow 90 Deg,MTR,Mumbai Offshore Complex,Active,6013,2025-01-27,ISMT,ISM-E9D-6in-30
2729ab34-c874-5d68-b45e-534cccacc94c,ONGC,ONGC-100030,IND.2 in x 1.5 in Reciprocating Pump - Carbon Steel,CMM-PUMP-71A39E-001,Pumps,Reciprocating Pump,SET,Ankleshwar Asset,Active,3842,2025-06-16,Kirloskar,KIR-RP-2inx1.5in-54
857ffeb5-2d76-5ea7-b67a-66867a412d54,ONGC,ONGC-100031,O-RING 50 mm NBR,CMM-SEALG-8A8051-001,Seals,O-Ring,KG,Sivasagar Asset,Obsolete,3289,2025-10-23,Sealol,SEA-O-50mm-48
e777d91d-0cd0-5357-9d25-6606d7d88591,ONGC,ONGC-100032,"SPARE-SPIRAL WOUND GASKET, NBR, SIZE 50 mm",CMM-SEALG-66D3AC-001,Seals,Spiral Wound Gasket,KG,Mumbai Offshore Complex,Active,9757,2024-11-21,Flowserve,FLO-SWG-50mm-98
57659dad-6ae4-5cbc-8ef4-afa4468aeea4,ONGC,ONGC-100033,"STORES ITEM Induction Motor, Copper, SIZE 415V 100A",CMM-ELECTR-E728FA-001,Electrical,Induction Motor,MTR,Ankleshwar Asset,Obsolete,10326,2024-05-31,Crompton Greaves,CROGRE-IM-415V100A-06
ec9a82e4-28fe-5a40-a9aa-52973c7b4783,ONGC,ONGC-100034,"IND.Ball Bearing, Chrome Steel, SIZE 6408",CMM-BEARNG-87EFE4-001,Bearings,Ball Bearing,NOS,Uran Plant,Slow-Moving,3338,2024-02-29,NBC Bearings,NBCBEA-BB-6408-52
9e00809c-ac1b-5286-87fc-36fa21193a9d,ONGC,ONGC-100035,"DISTRIBUTION TRANSFORMER, XLPE Insulated, SIZE 1C x 300 sq mm",CMM-ELECTR-8C5683-001,Electrical,Distribution Transformer,MTR,Sivasagar Asset,Active,3331,2024-12-16,Siemens,SIE-DT-1Cx300sqmm-68
2b197368-d9ab-56df-8fd3-fc3ebb00a178,ONGC,ONGC-100036,2 in Equal Tee - Alloy Steel,CMM-PIPEF-9F93F7-001,Pipes & Fittings,Equal Tee,MTR,Mumbai Offshore Complex,Active,11530,2024-05-20,Tata Steel,TATSTE-ET-2in-39
cf246367-57ba-5157-9a80-5a6eea41b528,ONGC,ONGC-100037,SPARE-REDUCER SS316L 6 in,CMM-PIPEF-91DF1A-001,Pipes & Fittings,Reducer,MTR,Ankleshwar Asset,Obsolete,4445,2024-04-05,Maharashtra Seamless,MAHSEA-R-6in-85
b86d4a54-d119-5667-b4e4-581940dabbb6,ONGC,ONGC-100038,FLAT WASHER Carbon Steel M10 x 40,CMM-FASTNR-1AF629-001,Fasteners,Flat Washer,NOS,Mumbai Offshore Complex,Active,14695,2025-06-30,Precision Fasteners,PREFAS-FW-M10x40-98
3c9bddf8-dbc6-5044-81ae-0d57f81414ee,ONGC,ONGC-100039,IND.M10 x 40 Hex Nut - SS304,CMM-FASTNR-459DCA-001,Fasteners,Hex Nut,NOS,Sivasagar Asset,Active,4859,2024-08-11,GKW,GKW-HN-M10x40-12
1121396c-78ab-5b65-a4ef-b7bda20924ab,ONGC,ONGC-100040,M24 x 100 Hex Nut - Grade 10.9,CMM-FASTNR-BCCDD8-001,Fasteners,Hex Nut,NOS,Sivasagar Asset,Slow-Moving,7067,2024-06-21,Unbrako,UNB-HN-M24x100-43
affe4dc4-4d7e-5dc2-8893-594c78166af9,ONGC,ONGC-100041,6 in Equal Tee - IS 2062,CMM-PIPEF-AE5889-001,Pipes & Fittings,Equal Tee,MTR,Ankleshwar Asset,Active,3112,2024-06-10,Maharashtra Seamless,MAHSEA-ET-6in-57
3f818102-c734-5434-93e9-be2615470e9c,ONGC,ONGC-100042,Control Valve ASTM A216 WCB 4 in,CMM-VALVE-781509-001,Valves,Control Valve,NOS,Uran Plant,Active,14828,2025-09-09,Fouress,FOU-CV-4in-77
29733ff5-2927-55d3-b7dc-be8106e64757,ONGC,ONGC-100043,"STORES ITEM OIL SEAL, Viton, SIZE 2 in",CMM-SEALG-18752C-001,Seals,Oil Seal,KG,Uran Plant,Active,12891,2025-07-24,Flowserve,FLO-OS-2in-55
be7710fd-181c-5469-b9c5-3011605706d2,ONGC,ONGC-100044,IND.Welded Pipe DN 80 IS 2062,CMM-PIPEF-886747-001,Pipes & Fittings,Welded Pipe,MTR,Mumbai Offshore Complex,Obsolete,12824,2025-02-13,ISMT,ISM-WP-DN80-47
f4f2f67b-b2aa-5645-b11f-77fd5a8aa4a5,ONGC,ONGC-100045,STORES ITEM 6 in Reducer - SS316L,CMM-PIPEF-3C5B7C-001,Pipes & Fittings,Reducer,MTR,Sivasagar Asset,Active,8116,2025-08-11,Tata Steel,TATSTE-R-6in-79
9f9cefab-2385-5fbf-9968-6f7211abee3e,ONGC,ONGC-100046,"Roller Bearing, Stainless Steel, SIZE 6208",CMM-BEARNG-A2CB3C-001,Bearings,Roller Bearing,NOS,Uran Plant,Active,7530,2025-10-08,SKF,SKF-RB-6208-35
6fdccc4e-2fd1-5da7-9b16-837a492d44e9,ONGC,ONGC-100047,SPARE-1/2 in NPT RTD Sensor - Polycarbonate,CMM-INSTRU-014C39-001,Instrumentation,RTD Sensor,NOS,Uran Plant,Active,7233,2024-01-09,ABB,ABB-RS-1-2inNPT-03
b7718bad-5e86-5454-8c74-dffa26a4f114,ONGC,ONGC-100048,SPARE-GLOBE VALVE 2 in ASTM A216 WCB,CMM-VALVE-989A61-001,Valves,Globe Valve,NOS,Uran Plant,Active,9373,2024-08-10,Audco,AUD-GV-2in-32
f3ca43cb-3941-531c-ad67-61cf60d520ba,ONGC,ONGC-100049,"STORES ITEM VERTICAL TURBINE PUMP, Carbon Steel, SIZE 2 in x 1.5 in",CMM-PUMP-7D55C9-001,Pumps,Vertical Turbine Pump,SET,Ankleshwar Asset,Active,12103,2025-06-20,KSB,KSB-VTP-2inx1.5in-62
d2f297b4-5eee-5833-808f-d3188e5e3882,ONGC,ONGC-100050,STORES ITEM CHECK VALVE DN 100 ASTM A216 WCB,CMM-VALVE-4BBEE1-001,Valves,Check Valve,NOS,Sivasagar Asset,Active,8252,2025-04-13,KSB,KSB-CV-DN100-66
861e795a-aea1-5aba-b6da-e26193345f82,ONGC,ONGC-100051,SPARE-Pressure Gauge 4-20 mA Brass,CMM-INSTRU-FECC9D-001,Instrumentation,Pressure Gauge,NOS,Sivasagar Asset,Active,11837,2024-05-01,Yokogawa,YOK-PG-4-20mA-99
3986237f-0e1b-5bab-b809-3fb87489d700,ONGC,ONGC-100052,"IND.REDUCER, Alloy Steel, SIZE DN 80",CMM-PIPEF-887486-001,Pipes & Fittings,Reducer,MTR,Ankleshwar Asset,Active,578,2025-02-22,Jindal Pipes,JINPIP-R-DN80-50
0061b84d-081f-5e62-b624-0ef67ccee269,ONGC,ONGC-100053,Equal Tee ASTM A106 Gr B DN 150,CMM-PIPEF-3BAF8F-001,Pipes & Fittings,Equal Tee,MTR,Ankleshwar Asset,Active,12012,2025-04-01,Tata Steel,TATSTE-ET-DN150-21
63eb4cfc-5d64-5a36-9664-0d21267860c3,ONGC,ONGC-100054,4 in BV - SS316,CMM-VALVE-609631-001,Valves,Ball Valve,NOS,Uran Plant,Obsolete,1575,2024-11-02,KSB,KSB-BV-4in-74
53ec7145-90f3-5907-9f7f-805ce4017efa,ONGC,ONGC-100055,4C x 25 sq mm SWITCHGEAR PANEL - XLPE Insulated,CMM-ELECTR-CE652D-001,Electrical,Switchgear Panel,MTR,Sivasagar Asset,Active,9473,2025-09-30,BHEL,BHE-SP-4Cx25sqmm-93
2bca65a4-2cac-5880-8035-a1a525049a10,ONGC,ONGC-100056,Reducer 2 in Alloy Steel,CMM-PIPEF-EB17F7-001,Pipes & Fittings,Reducer,MTR,Ankleshwar Asset,Slow-Moving,12363,2024-11-11,ISMT,ISM-R-2in-74
b86dcb94-2cb2-5fae-8424-8ef6e609378d,ONGC,ONGC-100057,SPARE-Ball Bearing 22208 Chrome Steel,CMM-BEARNG-947C4D-001,Bearings,Ball Bearing,NOS,Mumbai Offshore Complex,Active,10256,2025-07-27,SKF,SKF-BB-22208-35
54212c78-9de5-587b-9606-d30b34c07b79,ONGC,ONGC-100058,STORES ITEM XLPE CABLE XLPE Insulated 415V 100A,CMM-ELECTR-4D158E-001,Electrical,XLPE Cable,MTR,Mumbai Offshore Complex,Active,5481,2025-03-07,Siemens,SIE-XC-415V100A-44
3e030a30-61db-5e2c-aa0e-545cf6705e50,ONGC,ONGC-100059,STORES ITEM M10 x 40 Socket Head Screw - Grade B7,CMM-FASTNR-A82C5B-001,Fasteners,Socket Head Screw,NOS,Mumbai Offshore Complex,Active,4691,2024-09-14,Sundram Fasteners,SUNFAS-SHS-M10x40-53
6fe6a2ee-cab3-5e37-afb5-6bee1e78521b,ONGC,ONGC-100060,"SPARE-CENT. PUMP, Cast Iron, SIZE 2 in x 1.5 in",CMM-PUMP-837FD0-001,Pumps,Centrifugal Pump,SET,Rajahmundry Asset,Slow-Moving,4593,2024-03-04,KSB,KSB-CP-2inx1.5in-99
29e4650f-da24-543c-9ea8-a7ddff5187a2,ONGC,ONGC-100061,STORES ITEM TEMPERATURE TRANSMITTER 0-100 bar Brass,CMM-INSTRU-027BD0-001,Instrumentation,Temperature Transmitter,NOS,Sivasagar Asset,Active,5936,2025-05-13,Yokogawa,YOK-TT-0-100bar-85
ea15ac6f-1276-58a3-aa6f-9a6e16c72003,ONGC,ONGC-100062,PUMP CENTRIF DN 100 Carbon Steel,CMM-PUMP-ED0D84-001,Pumps,Centrifugal Pump,SET,Mumbai Offshore Complex,Active,12461,2025-03-01,WPIL,WPI-CP-DN100-76
949f8c41-0df4-5913-838b-e30a5e438a28,ONGC,ONGC-100063,STORES ITEM Check Valve ASTM A216 WCB 1 in,CMM-VALVE-A923FC-001,Valves,Check Valve,NOS,Uran Plant,Slow-Moving,3596,2025-08-28,Leader Valves,LEAVAL-CV-1in-71
0001d095-acee-547b-959b-b4191d4b8fe5,ONGC,ONGC-100064,OIL SEAL 2 in Viton,CMM-SEALG-B639C0-001,Seals,Oil Seal,NOS,Sivasagar Asset,Active,11367,2024-12-06,Chesterton,CHE-OS-2in-24
1ba48237-1732-580c-b130-4303f090298a,ONGC,ONGC-100065,SPARE-4 in Globe Valve - SS316,CMM-VALVE-4B0806-001,Valves,Globe Valve,NOS,Uran Plant,Slow-Moving,8300,2025-11-27,L&T Valves,L&TVAL-GV-4in-90
870fd8a6-2873-5de8-b098-0e9bb854a5bc,ONGC,ONGC-100066,STORES ITEM 2 in Globe Valve - LCB,CMM-VALVE-C12B9C-001,Valves,Globe Valve,NOS,Rajahmundry Asset,Obsolete,12661,2024-02-18,L&T Valves,L&TVAL-GV-2in-22
af808f27-bbf3-552b-b5fc-6f2c1d4be168,ONGC,ONGC-100067,SPARE-30205 BALL BRG - Stainless Steel,CMM-BEARNG-491461-001,Bearings,Ball Bearing,NOS,Mumbai Offshore Complex,Slow-Moving,13173,2025-10-21,SKF,SKF-BB-30205-30
295dbbd8-840a-5033-9ab7-7cb9974abce6,ONGC,ONGC-100068,"STORES ITEM OIL SEAL, NBR, SIZE 2 in",CMM-SEALG-067879-001,Seals,Oil Seal,NOS,Rajahmundry Asset,Active,6424,2025-05-14,Sealol,SEA-OS-2in-91
e0d44736-d556-5f12-8019-706915dcd0ef,ONGC,ONGC-100069,SPARE-Flange ASTM A106 Gr B 2 in,CMM-PIPEF-68A5E4-001,Pipes & Fittings,Flange,MTR,Uran Plant,Active,11528,2025-01-06,Maharashtra Seamless,MAHSEA-F-2in-05
4ac14f12-485f-5a09-9498-3df226d1ab35,ONGC,ONGC-100070,SMLS PIPE DN 80 SS316L,CMM-PIPEF-42698F-001,Pipes & Fittings,Seamless Pipe,MTR,Uran Plant,Active,3060,2025-10-07,Maharashtra Seamless,MAHSEA-SP-DN80-94
cbd02872-703e-531b-9710-4cc1f172f845,ONGC,ONGC-100071,"SPARE-Hex Nut, Carbon Steel, SIZE M20 x 80",CMM-FASTNR-7426EC-001,Fasteners,Hex Nut,NOS,Ankleshwar Asset,Active,10175,2025-03-15,Precision Fasteners,PREFAS-HN-M20x80-12
1b54b9c1-a2d6-57cd-b738-4e5575be9e17,ONGC,ONGC-100072,INDUCTION MOTOR Aluminium 415V 100A,CMM-ELECTR-42D24C-001,Electrical,Induction Motor,MTR,Sivasagar Asset,Active,1893,2024-05-31,BHEL,BHE-IM-415V100A-06
6bac93d3-5775-5408-a9fa-d4cf253ad488,ONGC,ONGC-100073,"SPARE-PRESSURE GAUGE, Brass, SIZE 4-20 mA",CMM-INSTRU-DE763E-001,Instrumentation,Pressure Gauge,NOS,Mumbai Offshore Complex,Active,1624,2025-01-11,Yokogawa,YOK-PG-4-20mA-39
8ae90d22-218b-563e-b4b7-9879dfb9e2d8,ONGC,ONGC-100074,SPARE-DN 50 EQUAL TEE - Alloy Steel,CMM-PIPEF-358D39-001,Pipes & Fittings,Equal Tee,MTR,Sivasagar Asset,Active,11359,2025-11-22,Maharashtra Seamless,MAHSEA-ET-DN50-59
871fb97a-3dca-5fe2-94fc-fe52200e2524,ONGC,ONGC-100075,"Spiral Wound Gasket, Viton, SIZE 50 mm",CMM-SEALG-AB281C-001,Seals,Spiral Wound Gasket,NOS,Sivasagar Asset,Active,11272,2024-12-13,Flowserve,FLO-SWG-50mm-45
92246cca-b9cd-58eb-8be4-0f89199747c5,ONGC,ONGC-100076,STORES ITEM Ball Bearing Stainless Steel 6208,CMM-BEARNG-0FD5BF-001,Bearings,Ball Bearing,NOS,Rajahmundry Asset,Slow-Moving,157,2024-09-08,SKF,SKF-BB-6208-18
4e1fefaf-3ad1-5038-8b4f-20d57ddbdb43,ONGC,ONGC-100077,SPARE-ROLLER BRG Stainless Steel 30205,CMM-BEARNG-300A61-001,Bearings,Roller Bearing,NOS,Rajahmundry Asset,Active,7260,2025-12-06,SKF,SKF-RB-30205-87
13fe6827-c040-5152-a445-d93ce775e519,ONGC,ONGC-100078,SPARE-3C x 95 sq mm XLPE Cable - Copper,CMM-ELECTR-266707-001,Electrical,XLPE Cable,MTR,Ankleshwar Asset,Active,13470,2025-05-15,BHEL,BHE-XC-3Cx95sqmm-19
ff88847c-a45d-5b5d-a9f8-51a87bcd7d9e,ONGC,ONGC-100079,"Roller Bearing, AISI 52100, SIZE 22208",CMM-BEARNG-75E845-001,Bearings,Roller Bearing,NOS,Rajahmundry Asset,Active,3042,2024-09-18,SKF,SKF-RB-22208-12
8620c791-8435-5be9-9ca8-045e462c410a,ONGC,ONGC-100080,"HEX NUT, Carbon Steel, SIZE M20 x 80",CMM-FASTNR-B017A6-001,Fasteners,Hex Nut,KG,Sivasagar Asset,Slow-Moving,9275,2024-03-12,GKW,GKW-HN-M20x80-45
1bb149a8-9b5b-52b8-949c-907c850f9c7a,ONGC,ONGC-100081,STORES ITEM TEMPERATURE TRANSMITTER SS316 0-100 bar,CMM-INSTRU-2B591E-001,Instrumentation,Temperature Transmitter,NOS,Uran Plant,Slow-Moving,14466,2025-09-27,Yokogawa,YOK-TT-0-100bar-85
d9dd6092-a910-5306-9bdd-c4817b6cdd80,ONGC,ONGC-100082,"Temperature Transmitter, SS316, SIZE 0-100 bar",CMM-INSTRU-2B591E-001,Instrumentation,Temperature Transmitter,NOS,Ankleshwar Asset,Active,2903,2024-08-12,ABB,ABB-TT-0-100bar-81
c998e40f-e95f-5dd4-9ad1-ef1c312cb197,ONGC,ONGC-100083,SPARE-DN 150 BV - ASTM A351 CF8M,CMM-VALVE-6D7FC6-001,Valves,Ball Valve,NOS,Uran Plant,Slow-Moving,6666,2025-02-19,Fouress,FOU-BV-DN150-34
f113bab5-320a-570f-907b-6d33c34aa5a6,ONGC,ONGC-100084,3 in x 2 in VERTICAL TURBINE PUMP - Carbon Steel,CMM-PUMP-9ED4F4-001,Pumps,Vertical Turbine Pump,SET,Rajahmundry Asset,Active,2865,2024-11-30,WPIL,WPI-VTP-3inx2in-85
dc74f5fd-0fb6-57cb-9fb0-3fdd0ef8289b,ONGC,ONGC-100085,SPARE-Level Transmitter 4-20 mA SS316,CMM-INSTRU-7A3205-001,Instrumentation,Level Transmitter,NOS,Ankleshwar Asset,Slow-Moving,8314,2024-11-29,Emerson,EME-LT-4-20mA-64
18ed7084-d838-5760-b798-3988aa75f439,ONGC,ONGC-100086,IND.4-20 mA Level Transmitter - Brass,CMM-INSTRU-F3707C-001,Instrumentation,Level Transmitter,NOS,Mumbai Offshore Complex,Active,7656,2025-05-11,Honeywell,HON-LT-4-20mA-02
c7b969d8-5370-50af-889b-189a82d8b858,ONGC,ONGC-100087,SPARE-DN 50 Check Valve - ASTM A216 WCB,CMM-VALVE-66AEAC-001,Valves,Check Valve,NOS,Mumbai Offshore Complex,Active,6638,2025-10-31,L&T Valves,L&TVAL-CV-DN50-30
81bb519a-f21b-5e72-8520-7abf85b06991,ONGC,ONGC-100088,IND.EQUAL TEE Alloy Steel DN 150,CMM-PIPEF-100E96-001,Pipes & Fittings,Equal Tee,MTR,Sivasagar Asset,Active,6299,2025-03-13,ISMT,ISM-ET-DN150-57
f863e821-d20c-52cd-bab6-1ae9244e6819,ONGC,ONGC-100089,SPARE-VERTICAL TURBINE PUMP SS316 2 in x 1.5 in,CMM-PUMP-FC6AAF-001,Pumps,Vertical Turbine Pump,SET,Mumbai Offshore Complex,Active,6188,2024-07-09,WPIL,WPI-VTP-2inx1.5in-90
be24a8e4-001d-5805-8788-b5e4ad37c976,ONGC,ONGC-100090,SPARE-Spiral Wound Gasket Viton 2 in,CMM-SEALG-DE8656-001,Seals,Spiral Wound Gasket,NOS,Rajahmundry Asset,Obsolete,11037,2024-05-06,Sealol,SEA-SWG-2in-50
f62c9067-0ff3-57ae-bce5-eec231f40ada,ONGC,ONGC-100091,SWITCHGEAR PANEL 3C x 95 sq mm XLPE Insulated,CMM-ELECTR-6BCE45-001,Electrical,Switchgear Panel,MTR,Mumbai Offshore Complex,Active,13938,2025-12-24,ABB,ABB-SP-3Cx95sqmm-77
eed0635d-9529-5911-812d-c46a26b80dcc,ONGC,ONGC-100092,"STORES ITEM BOLT HEX, Grade B7, SIZE M20 x 80",CMM-FASTNR-B810F4-001,Fasteners,Hex Bolt,NOS,Rajahmundry Asset,Active,7289,2025-12-13,Precision Fasteners,PREFAS-HB-M20x80-97
a7d95867-b571-5e02-8dd4-d783f8801120,ONGC,ONGC-100093,DN 100 CENT. PUMP - Carbon Steel,CMM-PUMP-BA45D5-001,Pumps,Centrifugal Pump,SET,Sivasagar Asset,Active,8415,2024-08-02,KSB,KSB-CP-DN100-18
3376f1f9-e4f2-543e-8316-a5f68f172d80,ONGC,ONGC-100094,Vertical Turbine Pump Duplex Steel DN 80,CMM-PUMP-13DAB4-001,Pumps,Vertical Turbine Pump,SET,Ankleshwar Asset,Obsolete,3690,2025-01-22,Mather+Platt,MAT-VTP-DN80-29
c1075753-7770-5ab6-aabe-f1ba89275d68,ONGC,ONGC-100095,"STORES ITEM REDUCER, IS 2062, SIZE DN 80",CMM-PIPEF-D67C66-001,Pipes & Fittings,Reducer,MTR,Sivasagar Asset,Active,14106,2024-03-30,ISMT,ISM-R-DN80-65
eab693b1-295b-5f52-91b2-d980f0410be7,ONGC,ONGC-100096,IND.4-20 mA Level Transmitter - SS316,CMM-INSTRU-7A3205-001,Instrumentation,Level Transmitter,NOS,Sivasagar Asset,Slow-Moving,145,2025-01-02,Emerson,EME-LT-4-20mA-85
e042f1c6-262c-5a60-adf0-203e895c335e,ONGC,ONGC-100097,STORES ITEM M10 x 40 HEX NUT - Grade 10.9,CMM-FASTNR-39EA95-001,Fasteners,Hex Nut,KG,Mumbai Offshore Complex,Active,1877,2024-04-09,GKW,GKW-HN-M10x40-56
3bd7c015-bd66-5305-bf80-de4ac44d6d9f,ONGC,ONGC-100098,IND.DN 50 CONTROL VALVE - ASTM A351 CF8M,CMM-VALVE-0BF561-001,Valves,Control Valve,NOS,Uran Plant,Active,9326,2024-03-03,Leader Valves,LEAVAL-CV-DN50-03
298077c0-33d5-54cf-8c0a-412cae53a61a,ONGC,ONGC-100099,IND.1/2 in NPT RTD SENSOR - Brass,CMM-INSTRU-C4873D-001,Instrumentation,RTD Sensor,NOS,Uran Plant,Slow-Moving,9096,2024-05-01,Yokogawa,YOK-RS-1-2inNPT-59
407e3754-154f-5b12-9431-92f234bdd7cd,ONGC,ONGC-100100,IND.RTD Sensor 4-20 mA SS316,CMM-INSTRU-7A3205-001,Instrumentation,RTD Sensor,NOS,Rajahmundry Asset,Active,4432,2025-10-04,Honeywell,HON-RS-4-20mA-43
c02e666c-d8d7-5185-bc0a-0813e6eb9ffd,ONGC,ONGC-100101,"SPARE-Needle Bearing, Chrome Steel, SIZE 6304",CMM-BEARNG-A74B84-001,Bearings,Needle Bearing,NOS,Mumbai Offshore Complex,Active,11868,2025-05-04,SKF,SKF-NB-6304-01
808f993f-77a1-55cd-957d-f1085e76a9fc,ONGC,ONGC-100102,IND.NEEDLE BEARING Chrome Steel 6208,CMM-BEARNG-17B18A-001,Bearings,Needle Bearing,NOS,Sivasagar Asset,Obsolete,4503,2024-04-04,FAG,FAG-NB-6208-71
c9a7e799-0c37-5a8a-926b-2e56acc8074f,ONGC,ONGC-100103,STORES ITEM 3C x 95 sq mm INDUCTION MOTOR - Aluminium,CMM-ELECTR-9C93DB-001,Electrical,Induction Motor,MTR,Rajahmundry Asset,Obsolete,11562,2025-11-21,Siemens,SIE-IM-3Cx95sqmm-51
11ad98fe-ab1a-5288-9b12-ac65a8d8453e,ONGC,ONGC-100104,IND.RUBBER GASKET PTFE 2 in,CMM-SEALG-66F853-001,Seals,Rubber Gasket,NOS,Rajahmundry Asset,Slow-Moving,1911,2025-11-21,Sealol,SEA-RG-2in-02
9ea77ee5-a07a-5aa2-b98e-b7a3be855cc8,ONGC,ONGC-100105,"SPARE-Pressure Gauge, Brass, SIZE 0-100 bar",CMM-INSTRU-22FF74-001,Instrumentation,Pressure Gauge,NOS,Uran Plant,Active,470,2025-03-23,ABB,ABB-PG-0-100bar-51
f9e4a374-c412-5fad-bf7a-73b623628ad4,ONGC,ONGC-100106,OIL SEAL Graphite 65 mm,CMM-SEALG-7A9F00-001,Seals,Oil Seal,NOS,Sivasagar Asset,Active,603,2025-06-07,Sealol,SEA-OS-65mm-26
f800587f-cc6d-523f-889a-bb1f9342fc8a,ONGC,ONGC-100107,IND.6 in Welded Pipe - Carbon Steel,CMM-PIPEF-11F53A-001,Pipes & Fittings,Welded Pipe,MTR,Sivasagar Asset,Slow-Moving,8857,2024-01-06,Jindal Pipes,JINPIP-WP-6in-29
92fe65ca-b476-5cdc-a543-78a50c433f02,ONGC,ONGC-100108,STORES ITEM Equal Tee DN 50 ASTM A106 Gr B,CMM-PIPEF-D565F3-001,Pipes & Fittings,Equal Tee,MTR,Uran Plant,Slow-Moving,3991,2024-01-17,ISMT,ISM-ET-DN50-83
4ac33ad0-023e-5e96-a619-f42d97a81800,ONGC,ONGC-100109,"Spiral Wound Gasket, Viton, SIZE 2 in",CMM-SEALG-F69928-001,Seals,Spiral Wound Gasket,NOS,Rajahmundry Asset,Active,11526,2025-09-29,Chesterton,CHE-SWG-2in-91
8fdaf94d-94d6-5819-bec5-ce92561ab4d0,ONGC,ONGC-100110,65 mm O-RING - PTFE,CMM-SEALG-39168C-001,Seals,O-Ring,NOS,Rajahmundry Asset,Active,4203,2025-01-08,Chesterton,CHE-O-65mm-58
04db392f-5b16-505c-bc99-c3695476da51,ONGC,ONGC-100111,IND.Mechanical Seal NBR 100 mm,CMM-SEALG-DB0B11-001,Seals,Mechanical Seal,NOS,Ankleshwar Asset,Active,12245,2024-04-01,Sealol,SEA-MS-100mm-46
b95c7836-2496-5b19-a227-44ade4d0ebf3,ONGC,ONGC-100112,STORES ITEM BRG BALL Stainless Steel 6208,CMM-BEARNG-0FD5BF-001,Bearings,Ball Bearing,NOS,Sivasagar Asset,Obsolete,1657,2024-09-24,Timken,TIM-BB-6208-46
45e35e0a-d597-5288-85c9-118df2d2b097,ONGC,ONGC-100113,415V 100A Induction Motor - Aluminium,CMM-ELECTR-62038E-001,Electrical,Induction Motor,MTR,Ankleshwar Asset,Active,13896,2025-02-06,Havells,HAV-IM-415V100A-75
8a7cc70a-921d-5276-966c-8d10a2cef915,ONGC,ONGC-100114,SPARE-Anchor Bolt 300# SS304 M10 x 40,CMM-FASTNR-6661BD-001,Fasteners,Anchor Bolt,KG,Uran Plant,Active,6237,2024-05-16,Unbrako,UNB-AB-M10x40-81
bb4d854b-7bfe-5ec7-8760-4f838060b8c7,ONGC,ONGC-100115,SPARE-Taper Roller Bearing 22208 Chrome Steel 150#,CMM-BEARNG-39C22B-001,Bearings,Taper Roller Bearing,NOS,Mumbai Offshore Complex,Active,10084,2024-03-23,NBC Bearings,NBCBEA-TRB-22208-73
130bea94-feff-58c5-8728-357bec37052d,ONGC,ONGC-100116,IND.GATE VLV 600# ASTM A216 WCB 1 in,CMM-VALVE-2F6D87-001,Valves,Gate Valve,NOS,Rajahmundry Asset,Active,8957,2024-07-29,KSB,KSB-GV-1in-17
1772e14e-a3a8-5dad-84a7-23b4236f8d85,ONGC,ONGC-100117,SPARE-Socket Head Screw 300# Grade B7 M24 x 100,CMM-FASTNR-15537B-001,Fasteners,Socket Head Screw,KG,Sivasagar Asset,Active,6344,2024-11-03,Sundram Fasteners,SUNFAS-SHS-M24x100-15
52b2c4a4-0e8a-5f84-8a90-bc14a0eeaa1c,ONGC,ONGC-100118,Anchor Bolt M16 x 65 Carbon Steel 300#,CMM-FASTNR-C56053-001,Fasteners,Anchor Bolt,KG,Mumbai Offshore Complex,Active,1319,2025-06-03,Sundram Fasteners,SUNFAS-AB-M16x65-87
558cd66d-bc2b-564f-8d7c-db54cb1e7d65,ONGC,ONGC-100119,IND.O-Ring 300# Viton 65 mm,CMM-SEALG-19C018-001,Seals,O-Ring,NOS,Uran Plant,Active,2508,2025-01-25,Chesterton,CHE-O-65mm-75
1c1dfd12-2081-560a-99c9-2c2a591822fe,ONGC,ONGC-100120,SPARE-BALL VLV 600# SS316 6 in,CMM-VALVE-3EAE08-001,Valves,Ball Valve,NOS,Rajahmundry Asset,Obsolete,14970,2025-02-22,Fouress,FOU-BV-6in-76
bc6b4db4-94e8-5c23-83e3-b6bb981d6c6a,ONGC,ONGC-100121,SPARE-Spiral Wound Gasket 600# Graphite 100 mm,CMM-SEALG-62C5E5-001,Seals,Spiral Wound Gasket,KG,Rajahmundry Asset,Active,4890,2024-04-08,Sealol,SEA-SWG-100mm-86
949b4132-4d08-505b-aee9-d44528f53e21,ONGC,ONGC-100122,"Stud Bolt, Grade 8.8, SIZE M12 x 50 300#",CMM-FASTNR-F992A6-001,Fasteners,Stud Bolt,NOS,Ankleshwar Asset,Active,11575,2025-03-01,Sundram Fasteners,SUNFAS-SB-M12x50-95
f72436e4-bfaf-5749-a37d-49e600b60324,ONGC,ONGC-100123,PUMP CENTRIF 300# Carbon Steel 3 in x 2 in,CMM-PUMP-DBFE2C-001,Pumps,Centrifugal Pump,SET,Rajahmundry Asset,Slow-Moving,4443,2025-12-07,KSB,KSB-CP-3inx2in-20
0796faf5-6366-5efc-b43c-a0d70e7d4d9c,ONGC,ONGC-100124,"IND.THRUST BEARING, AISI 52100, SIZE 6208 150#",CMM-BEARNG-1E674F-001,Bearings,Thrust Bearing,NOS,Ankleshwar Asset,Active,7592,2024-03-24,Timken,TIM-TB-6208-41
20cbf884-8537-5e18-b2ce-b807b35ce93c,ONGC,ONGC-100125,2 in Mechanical Seal - Graphite 300#,CMM-SEALG-F19166-001,Seals,Mechanical Seal,KG,Sivasagar Asset,Active,12751,2025-02-27,Chesterton,CHE-MS-2in-37
0741a95e-fa98-5206-9c4b-93d6813c0214,ONGC,ONGC-100126,"IND.Centrifugal Pump, Alloy Steel, SIZE DN 100 300#",CMM-PUMP-A9BFE8-001,Pumps,Centrifugal Pump,SET,Ankleshwar Asset,Slow-Moving,11762,2025-08-13,KSB,KSB-CP-DN100-75
a57351d4-cc91-54c4-9134-5154cf8fb427,ONGC,ONGC-100127,"BV, ASTM A216 WCB, SIZE 1/2 in 300#",CMM-VALVE-F0B040-001,Valves,Ball Valve,NOS,Rajahmundry Asset,Active,473,2024-12-05,Fouress,FOU-BV-1-2in-52
c5624bb9-3c93-5fce-8a4d-c368883f3c2f,ONGC,ONGC-100128,STORES ITEM PRESSURE GAUGE 150# Brass 4-20 mA,CMM-INSTRU-FECC9D-001,Instrumentation,Pressure Gauge,NOS,Mumbai Offshore Complex,Active,9933,2025-10-14,Yokogawa,YOK-PG-4-20mA-15
f80189c1-5eb5-5f96-a50a-6e7baacad9e8,ONGC,ONGC-100129,SPARE-Level Transmitter 150# SS316 4-20 mA,CMM-INSTRU-1E073D-001,Instrumentation,Level Transmitter,NOS,Sivasagar Asset,Active,4124,2024-10-10,Yokogawa,YOK-LT-4-20mA-04
d177503d-66b1-5735-99a7-1b5ca9e4ab04,ONGC,ONGC-100130,SPARE-3C x 95 sq mm INDUCTION MOTOR - Aluminium 300#,CMM-ELECTR-707C05-001,Electrical,Induction Motor,MTR,Ankleshwar Asset,Active,13942,2025-06-15,BHEL,BHE-IM-3Cx95sqmm-03
71ca4c35-97fc-538c-ba87-fff6ad9d6130,ONGC,ONGC-100131,M24 x 100 SOCKET HEAD SCREW - SS316 300#,CMM-FASTNR-93C14A-001,Fasteners,Socket Head Screw,NOS,Ankleshwar Asset,Active,1399,2025-05-17,Unbrako,UNB-SHS-M24x100-58
ecdf81ea-eba8-5ec0-808e-90239ac63706,ONGC,ONGC-100132,RUBBER GASKET 2 in NBR 150#,CMM-SEALG-31DF73-001,Seals,Rubber Gasket,NOS,Rajahmundry Asset,Active,5013,2025-01-29,Sealol,SEA-RG-2in-76
12cade5f-b61d-5d46-b704-68e1a0d60bad,ONGC,ONGC-100133,VERTICAL TURBINE PUMP 2 in x 1.5 in Cast Iron 300#,CMM-PUMP-FA44B3-001,Pumps,Vertical Turbine Pump,SET,Rajahmundry Asset,Active,14813,2024-07-13,Kirloskar,KIR-VTP-2inx1.5in-53
866cb77e-8682-5ef2-8342-bc804f189643,ONGC,ONGC-100134,4-20 mA PRESSURE GAUGE - Brass 150#,CMM-INSTRU-FECC9D-001,Instrumentation,Pressure Gauge,NOS,Sivasagar Asset,Obsolete,11764,2025-12-12,Yokogawa,YOK-PG-4-20mA-09
61ccba33-61b2-53f8-a44f-19dde3e97865,ONGC,ONGC-100135,BRG BALL 30205 Chrome Steel 150#,CMM-BEARNG-66CBD4-001,Bearings,Ball Bearing,NOS,Uran Plant,Active,8301,2024-07-12,FAG,FAG-BB-30205-48
ac89c5d5-97f0-5cf6-ba1d-71e385ad6662,ONGC,ONGC-100136,IND.415V 100A Switchgear Panel - XLPE Insulated 300#,CMM-ELECTR-C3E195-001,Electrical,Switchgear Panel,MTR,Mumbai Offshore Complex,Slow-Moving,5183,2024-12-31,ABB,ABB-SP-415V100A-11
238dfda9-5689-5699-b902-4b17b4881ee6,ONGC,ONGC-100137,SPARE-XLPE Cable 415V 100A XLPE Insulated 300#,CMM-ELECTR-CFAB35-001,Electrical,XLPE Cable,MTR,Rajahmundry Asset,Active,4419,2024-03-26,Crompton Greaves,CROGRE-XC-415V100A-17
aa4576d0-f3e5-5cec-a940-4d2fd08d1873,ONGC,ONGC-100138,DN 100 RECIPROCATING PUMP - SS316 300#,CMM-PUMP-0F45F6-001,Pumps,Reciprocating Pump,SET,Sivasagar Asset,Active,9597,2025-05-18,WPIL,WPI-RP-DN100-71
0d252f70-1f02-524f-b6dd-7e972d205c2c,ONGC,ONGC-100139,STORES ITEM DN 150 FLANGE - SS316L 600#,CMM-PIPEF-775C7D-001,Pipes & Fittings,Flange,MTR,Ankleshwar Asset,Active,6452,2025-09-08,Maharashtra Seamless,MAHSEA-F-DN150-43
f3751704-46be-516b-9068-5e0c38d427e7,ONGC,ONGC-100140,SPARE-4-20 mA RTD Sensor - Brass 600#,CMM-INSTRU-76A4D1-001,Instrumentation,RTD Sensor,NOS,Rajahmundry Asset,Active,7123,2024-03-29,Honeywell,HON-RS-4-20mA-99
4e5db039-0e06-5c06-9d26-5810277f3846,ONGC,ONGC-100141,STORES ITEM Hex Nut 600# Carbon Steel M20 x 80,CMM-FASTNR-DC5D47-001,Fasteners,Hex Nut,KG,Uran Plant,Slow-Moving,7094,2024-01-22,Unbrako,UNB-HN-M20x80-73
35fc32a2-62e1-50a1-9abd-f053ecc3e4e1,ONGC,ONGC-100142,SPIRAL WOUND GASKET 150# PTFE 2 in,CMM-SEALG-33D848-001,Seals,Spiral Wound Gasket,NOS,Sivasagar Asset,Active,14253,2024-08-18,Chesterton,CHE-SWG-2in-04
e0f924ff-86d2-5a92-890e-09f4313bb8da,ONGC,ONGC-100143,STORES ITEM HEX NUT 150# SS304 M10 x 40,CMM-FASTNR-323585-001,Fasteners,Hex Nut,NOS,Mumbai Offshore Complex,Active,5644,2024-11-06,Precision Fasteners,PREFAS-HN-M10x40-48
a0119f00-5e7e-5e03-9444-094c2a293a7b,ONGC,ONGC-100144,"STORES ITEM Thrust Bearing, AISI 52100, SIZE 22208 150#",CMM-BEARNG-F56C70-001,Bearings,Thrust Bearing,NOS,Uran Plant,Active,9620,2024-11-20,NBC Bearings,NBCBEA-TB-22208-97
b9ab21e4-df78-5a69-888d-bda7d625dc2b,ONGC,ONGC-100145,SPARE-CIRCUIT BREAKER 415V 100A XLPE Insulated 150#,CMM-ELECTR-1C59B4-001,Electrical,Circuit Breaker,MTR,Sivasagar Asset,Active,585,2024-05-16,Siemens,SIE-CB-415V100A-64
b27fc543-a454-5d76-a6b0-43782ede32a1,ONGC,ONGC-100146,SPARE-BALL BRG 300# Chrome Steel 6304,CMM-BEARNG-F25509-001,Bearings,Ball Bearing,NOS,Ankleshwar Asset,Active,13362,2025-05-24,SKF,SKF-BB-6304-45
5dd60f87-b145-597e-af6f-78d1c97fb76b,ONGC,ONGC-100147,WELDED PIPE 150# SS316L 6 in,CMM-PIPEF-7F1EC6-001,Pipes & Fittings,Welded Pipe,MTR,Rajahmundry Asset,Active,370,2024-12-01,Jindal Pipes,JINPIP-WP-6in-33
741c05e7-5df9-5f73-80ad-40f502ce545a,ONGC,ONGC-100148,STORES ITEM 2 in x 1.5 in Centrifugal Pump - SS316 600#,CMM-PUMP-12FC7D-001,Pumps,Centrifugal Pump,SET,Mumbai Offshore Complex,Active,9599,2024-08-22,KSB,KSB-CP-2inx1.5in-63
4f5accff-4d7d-538f-a39f-19a2721db33e,ONGC,ONGC-100149,"Reciprocating Pump, Carbon Steel, SIZE 2 in x 1.5 in 150#",CMM-PUMP-1ABEEE-001,Pumps,Reciprocating Pump,SET,Rajahmundry Asset,Active,174,2024-06-24,Kirloskar,KIR-RP-2inx1.5in-88
97ac176d-6426-575d-9278-3988683f5d03,ONGC,ONGC-100150,"SPARE-HX BOLT, Grade B7, SIZE M10 x 40 300#",CMM-FASTNR-87EE42-001,Fasteners,Hex Bolt,NOS,Ankleshwar Asset,Slow-Moving,8597,2025-08-08,GKW,GKW-HB-M10x40-87
aaacf7ff-3d6a-5687-88c0-6b35cc7be09c,ONGC,ONGC-100151,IND.Ball Valve 2 in LCB 600#,CMM-VALVE-524070-001,Valves,Ball Valve,NOS,Ankleshwar Asset,Active,6786,2024-10-13,Leader Valves,LEAVAL-BV-2in-38
eef36e11-5798-5ac5-92c3-f9959c189842,ONGC,ONGC-100152,STORES ITEM BRG ROLLER 300# Stainless Steel 6408,CMM-BEARNG-200E56-001,Bearings,Roller Bearing,NOS,Mumbai Offshore Complex,Obsolete,14383,2024-02-26,NBC Bearings,NBCBEA-RB-6408-15
bb7c252b-3ee0-51ba-a3a1-56dcc0381df1,ONGC,ONGC-100153,STORES ITEM 3 in x 2 in Gear Pump - SS316 300#,CMM-PUMP-84E179-001,Pumps,Gear Pump,SET,Mumbai Offshore Complex,Slow-Moving,4731,2025-08-10,Kirloskar,KIR-GP-3inx2in-78
9e4f8bae-4e86-5b77-9243-ba8e72b2b0ce,ONGC,ONGC-100154,DN 100 VERTICAL TURBINE PUMP - Cast Iron 600#,CMM-PUMP-137846-001,Pumps,Vertical Turbine Pump,SET,Mumbai Offshore Complex,Active,11284,2024-05-29,WPIL,WPI-VTP-DN100-28
49867707-439c-50df-b964-078ce6f49860,ONGC,ONGC-100155,STORES ITEM Socket Head Screw M10 x 40 Grade B7 150#,CMM-FASTNR-A82C5B-001,Fasteners,Socket Head Screw,NOS,Mumbai Offshore Complex,Active,6625,2024-04-21,GKW,GKW-SHS-M10x40-17
bdc03fdb-00b9-52d2-835f-d3189ddb29b0,ONGC,ONGC-100156,"Hex Bolt, Grade 10.9, SIZE M10 x 40 600#",CMM-FASTNR-DD7446-001,Fasteners,Hex Bolt,NOS,Sivasagar Asset,Active,7029,2024-08-25,Sundram Fasteners,SUNFAS-HB-M10x40-22
fbedd53d-264a-5188-8621-cffdfce5707d,ONGC,ONGC-100157,SPARE-Gear Pump 150# SS316 2 in x 1.5 in,CMM-PUMP-E9BB25-001,Pumps,Gear Pump,SET,Rajahmundry Asset,Active,5539,2025-07-06,KSB,KSB-GP-2inx1.5in-42
213053b4-a296-51a7-9c24-d88a0533b379,ONGC,ONGC-100158,"IND.INDUCTION MOTOR, XLPE Insulated, SIZE 1C x 300 sq mm 150#",CMM-ELECTR-9A21B9-001,Electrical,Induction Motor,MTR,Uran Plant,Active,8628,2025-02-06,BHEL,BHE-IM-1Cx300sqmm-23
de820597-7e47-54b2-9a12-c24af1b3ba90,ONGC,ONGC-100159,Ball Bearing 6208 Stainless Steel 300#,CMM-BEARNG-0FD5BF-001,Bearings,Ball Bearing,NOS,Ankleshwar Asset,Slow-Moving,1747,2024-06-02,FAG,FAG-BB-6208-69
ae4feb17-df6f-5da9-815c-5e6c11de1c5f,ONGC,ONGC-100160,INDUCTION MOTOR 150# Copper 4C x 25 sq mm,CMM-ELECTR-240377-001,Electrical,Induction Motor,MTR,Mumbai Offshore Complex,Active,8318,2024-06-03,BHEL,BHE-IM-4Cx25sqmm-21
fcb5546b-bbaf-5c7b-bfe8-5ccc000f4b0e,ONGC,ONGC-100161,"HEX NUT, Alloy Steel, SIZE M12 x 50 150#",CMM-FASTNR-C119EB-001,Fasteners,Hex Nut,NOS,Uran Plant,Obsolete,1900,2025-08-23,GKW,GKW-HN-M12x50-09
f2ce269c-dc85-5dc0-8b0e-52165f7bf4c7,ONGC,ONGC-100162,6408 Thrust Bearing - AISI 52100 600#,CMM-BEARNG-7BE095-001,Bearings,Thrust Bearing,NOS,Mumbai Offshore Complex,Active,11672,2025-10-25,NBC Bearings,NBCBEA-TB-6408-30
dcf460f4-1afb-50a9-8663-5a51dc6363dc,ONGC,ONGC-100163,STORES ITEM DISTRIBUTION TRANSFORMER 600# Aluminium 415V 100A,CMM-ELECTR-3E612F-001,Electrical,Distribution Transformer,MTR,Ankleshwar Asset,Obsolete,6194,2025-11-29,Siemens,SIE-DT-415V100A-39
0bb9b6cb-ca2a-52e7-bf92-3f40db238e87,ONGC,ONGC-100164,STORES ITEM Temperature Transmitter 300# Polycarbonate 0-100 bar,CMM-INSTRU-472245-001,Instrumentation,Temperature Transmitter,NOS,Mumbai Offshore Complex,Obsolete,150,2025-07-03,Emerson,EME-TT-0-100bar-12
9a2a7810-9309-5d65-ac01-04ade496282b,ONGC,ONGC-100165,IND.DISTRIBUTION TRANSFORMER 150# Aluminium 4C x 25 sq mm,CMM-ELECTR-329BB9-001,Electrical,Distribution Transformer,MTR,Sivasagar Asset,Slow-Moving,6573,2024-07-30,Siemens,SIE-DT-4Cx25sqmm-37
66d34bc7-11f2-521b-a8ac-c10e47b8cbda,ONGC,ONGC-100166,VERTICAL TURBINE PUMP 600# Cast Iron 3 in x 2 in,CMM-PUMP-04A30D-001,Pumps,Vertical Turbine Pump,SET,Ankleshwar Asset,Obsolete,8446,2025-11-07,Kirloskar,KIR-VTP-3inx2in-83
d39454ca-9fe5-5137-8910-8ec067da5058,ONGC,ONGC-100167,M24 x 100 Stud Bolt - Grade 8.8 600#,CMM-FASTNR-70F0BA-001,Fasteners,Stud Bolt,KG,Sivasagar Asset,Slow-Moving,4612,2025-04-26,Unbrako,UNB-SB-M24x100-36
c95bec04-9f6e-52b6-a596-7f75506d1a38,ONGC,ONGC-100168,STORES ITEM Check Valve DN 50 ASTM A216 WCB 150#,CMM-VALVE-66AEAC-001,Valves,Check Valve,NOS,Sivasagar Asset,Active,14469,2024-02-14,L&T Valves,L&TVAL-CV-DN50-14
cc820ba5-68a6-5273-8dcd-bc6dedb6a236,ONGC,ONGC-100169,4 in CHECK VALVE - SS304 600#,CMM-VALVE-5A0730-001,Valves,Check Valve,NOS,Mumbai Offshore Complex,Slow-Moving,3049,2024-12-21,KSB,KSB-CV-4in-11
615ea489-96d3-5553-aa1d-4667ebf0e1e4,ONGC,ONGC-100170,Flange 300# IS 2062 DN 80,CMM-PIPEF-EE1D45-001,Pipes & Fittings,Flange,MTR,Uran Plant,Active,11525,2025-02-07,Jindal Pipes,JINPIP-F-DN80-48
de63f7b4-6d01-5802-815c-c7748d721d0e,ONGC,ONGC-100171,RECIPROCATING PUMP 300# Cast Iron DN 100,CMM-PUMP-28DDB3-001,Pumps,Reciprocating Pump,SET,Sivasagar Asset,Active,10829,2024-10-13,KSB,KSB-RP-DN100-12
09a892ce-8f75-5387-bdd0-fb3dd974a9c5,ONGC,ONGC-100172,IND.RTD Sensor 4-20 mA SS304 600#,CMM-INSTRU-77851D-001,Instrumentation,RTD Sensor,NOS,Rajahmundry Asset,Obsolete,3600,2025-12-08,Yokogawa,YOK-RS-4-20mA-57
715eaab4-7292-5072-831b-d69830be1b0e,ONGC,ONGC-100173,PRESSURE GAUGE 300# Polycarbonate 0-500 Deg C,CMM-INSTRU-EBBC49-001,Instrumentation,Pressure Gauge,NOS,Uran Plant,Active,513,2025-04-16,Yokogawa,YOK-PG-0-500DegC-99
50b96ab0-b29c-59f6-bb79-225cccbfd0d7,ONGC,ONGC-100174,"STORES ITEM Hex Nut, Grade 8.8, SIZE M10 x 40 600#",CMM-FASTNR-88E4CA-001,Fasteners,Hex Nut,KG,Uran Plant,Active,9767,2025-04-05,Unbrako,UNB-HN-M10x40-86
9e7e33c4-12b3-5bf2-b572-23139cbe7bc2,ONGC,ONGC-100175,"FLOW METER, Polycarbonate, SIZE 0-100 bar 150#",CMM-INSTRU-472245-001,Instrumentation,Flow Meter,NOS,Uran Plant,Active,3423,2024-02-20,ABB,ABB-FM-0-100bar-84
aa1656a4-b769-5ca7-892a-a83613097d8c,ONGC,ONGC-100176,DN 100 SUBMERSIBLE PUMP - Alloy Steel 300#,CMM-PUMP-5711FC-001,Pumps,Submersible Pump,SET,Mumbai Offshore Complex,Active,9796,2025-02-05,KSB,KSB-SP-DN100-27
ed858fc7-d5fa-5627-89ee-2af6134eb7f0,ONGC,ONGC-100177,"IND.Rubber Gasket, PTFE, SIZE 50 mm 300#",CMM-SEALG-E59C31-001,Seals,Rubber Gasket,KG,Uran Plant,Slow-Moving,14752,2024-04-22,Flowserve,FLO-RG-50mm-80
b455063a-0be2-5d11-b8dc-bce1a8b13626,ONGC,ONGC-100178,IND.M20 x 80 HX BOLT - Carbon Steel 300#,CMM-FASTNR-B982D3-001,Fasteners,Hex Bolt,NOS,Sivasagar Asset,Active,3477,2024-06-12,GKW,GKW-HB-M20x80-64
37b8f986-704e-5a90-98c0-002c3a0e7860,ONGC,ONGC-100179,M16 x 65 SOCKET HEAD SCREW - Grade 10.9 600#,CMM-FASTNR-4242AE-001,Fasteners,Socket Head Screw,NOS,Ankleshwar Asset,Active,2997,2024-02-13,Sundram Fasteners,SUNFAS-SHS-M16x65-83
495cb3c1-61c8-5ebd-a589-3976d6e46422,ONGC,ONGC-100180,IND.6408 Taper Roller Bearing - AISI 52100 600#,CMM-BEARNG-D5796C-001,Bearings,Taper Roller Bearing,NOS,Sivasagar Asset,Slow-Moving,1995,2025-09-02,NBC Bearings,NBCBEA-TRB-6408-82
d9eb69b1-3283-50e8-af0c-4743c4e6d874,ONGC,ONGC-100181,STORES ITEM Hex Bolt 150# SS304 M12 x 50,CMM-FASTNR-DA5EC6-001,Fasteners,Hex Bolt,KG,Uran Plant,Obsolete,14467,2025-08-04,Sundram Fasteners,SUNFAS-HB-M12x50-33
d24f4835-ae39-5d87-8ea7-83fd22b65167,ONGC,ONGC-100182,"SPARE-Pressure Gauge, Polycarbonate, SIZE 4-20 mA 150#",CMM-INSTRU-AA1EFB-001,Instrumentation,Pressure Gauge,NOS,Uran Plant,Active,10401,2024-02-17,Honeywell,HON-PG-4-20mA-44
b3be7809-28ea-5d4c-b148-5ffa2a7abd4a,ONGC,ONGC-100183,IND.Flow Meter 0-100 bar Polycarbonate 150#,CMM-INSTRU-3688F6-001,Instrumentation,Flow Meter,NOS,Rajahmundry Asset,Active,13707,2024-09-15,ABB,ABB-FM-0-100bar-71
5add9850-70a5-55e9-b3b6-e9944f4e30cf,ONGC,ONGC-100184,Circuit Breaker 3C x 95 sq mm XLPE Insulated 600#,CMM-ELECTR-609134-001,Electrical,Circuit Breaker,MTR,Sivasagar Asset,Obsolete,5644,2024-02-23,BHEL,BHE-CB-3Cx95sqmm-18
4bc3be0c-c052-5d5c-9143-ef681ea52c1f,ONGC,ONGC-100185,2 in GV - LCB 600#,CMM-VALVE-2204A8-001,Valves,Gate Valve,NOS,Sivasagar Asset,Active,10814,2024-11-16,Leader Valves,LEAVAL-GV-2in-75
11e0f1a8-0764-5827-84bf-ed9d58c9e472,ONGC,ONGC-100186,CONTROL VALVE DN 50 LCB 300#,CMM-VALVE-B66A8F-001,Valves,Control Valve,NOS,Ankleshwar Asset,Active,9357,2024-07-09,Fouress,FOU-CV-DN50-12
81cd4c23-ee55-5078-a672-50788ad75941,ONGC,ONGC-100187,STORES ITEM Level Transmitter 600# Brass 4-20 mA,CMM-INSTRU-F3707C-001,Instrumentation,Level Transmitter,NOS,Mumbai Offshore Complex,Active,3556,2024-01-09,ABB,ABB-LT-4-20mA-48
771e0146-6952-52ed-8d50-289d4e3cac47,ONGC,ONGC-100188,"IND.Ball Valve, ASTM A216 WCB, SIZE DN 100 600#",CMM-VALVE-DCDC32-001,Valves,Ball Valve,NOS,Ankleshwar Asset,Active,7958,2025-09-22,L&T Valves,L&TVAL-BV-DN100-21
7e006c6f-d537-5621-9068-19c50f72a80e,ONGC,ONGC-100189,SPARE-Ball Valve 150# SS304 DN 150,CMM-VALVE-CE16C7-001,Valves,Ball Valve,NOS,Sivasagar Asset,Active,8958,2025-08-20,L&T Valves,L&TVAL-BV-DN150-93
b298bf39-1980-571c-afb7-5997ff630216,ONGC,ONGC-100190,STORES ITEM Mechanical Seal 2 in Viton 150#,CMM-SEALG-948B2B-001,Seals,Mechanical Seal,KG,Sivasagar Asset,Active,11681,2024-10-13,Sealol,SEA-MS-2in-19
8b85a8d0-2160-5e13-90cc-5303299dccd8,ONGC,ONGC-100191,STORES ITEM SWITCHGEAR PANEL 150# Copper 415V 100A,CMM-ELECTR-E728FA-001,Electrical,Switchgear Panel,MTR,Uran Plant,Obsolete,11569,2024-10-19,ABB,ABB-SP-415V100A-75
12de4942-cd3d-5437-93d6-bf857f3de2cc,ONGC,ONGC-100192,6408 TAPER ROLLER BEARING - Stainless Steel 150#,CMM-BEARNG-FBE56C-001,Bearings,Taper Roller Bearing,NOS,Uran Plant,Slow-Moving,12918,2024-11-29,FAG,FAG-TRB-6408-99
8b855604-9ef0-5d53-88c4-75fcf0a90d88,ONGC,ONGC-100193,Welded Pipe 150# IS 2062 DN 50,CMM-PIPEF-567132-001,Pipes & Fittings,Welded Pipe,MTR,Ankleshwar Asset,Active,11902,2024-06-28,Tata Steel,TATSTE-WP-DN50-72
9cec42c8-fa81-5fa7-bbf1-9620fddf8bc8,ONGC,ONGC-100194,SPARE-LEVEL TRANSMITTER 0-100 bar SS316 300#,CMM-INSTRU-70A392-001,Instrumentation,Level Transmitter,NOS,Uran Plant,Active,2869,2024-01-18,Yokogawa,YOK-LT-0-100bar-95
f8258e58-6294-54a8-a59a-5eca70b896d2,ONGC,ONGC-100195,STORES ITEM Hex Bolt M10 x 40 Grade 8.8 600#,CMM-FASTNR-92FC46-001,Fasteners,Hex Bolt,KG,Mumbai Offshore Complex,Active,7829,2024-04-29,Sundram Fasteners,SUNFAS-HB-M10x40-11
5f8f6fec-4bac-55d5-a8b4-733b33dfaa2c,ONGC,ONGC-100196,IND.6408 Taper Roller Bearing - Stainless Steel 600#,CMM-BEARNG-FBE56C-001,Bearings,Taper Roller Bearing,NOS,Mumbai Offshore Complex,Slow-Moving,7677,2025-05-27,FAG,FAG-TRB-6408-24
22b79f01-a609-5d4d-b0ee-101a6b7ffe10,ONGC,ONGC-100197,STORES ITEM Level Transmitter 0-500 Deg C Brass 150#,CMM-INSTRU-C75E96-001,Instrumentation,Level Transmitter,NOS,Rajahmundry Asset,Slow-Moving,13791,2025-02-20,ABB,ABB-LT-0-500DegC-90
cc2a8574-5578-5f04-b58f-7d444ccaf434,ONGC,ONGC-100198,STORES ITEM DN 80 Flange - Carbon Steel 600#,CMM-PIPEF-4850B0-001,Pipes & Fittings,Flange,MTR,Rajahmundry Asset,Active,11890,2024-03-03,Jindal Pipes,JINPIP-F-DN80-50
c023407a-9b20-5b4a-a2a8-6f4996abd7ff,ONGC,ONGC-100199,"SPARE-Rubber Gasket, Graphite, SIZE 2 in 150#",CMM-SEALG-FB7539-001,Seals,Rubber Gasket,NOS,Mumbai Offshore Complex,Obsolete,1796,2025-03-09,Sealol,SEA-RG-2in-60
0b457f83-ef6a-5bb8-a20d-2c890ae50580,ONGC,ONGC-100200,ROLLER BRG 300# Chrome Steel 30205,CMM-BEARNG-D8807A-001,Bearings,Roller Bearing,NOS,Uran Plant,Slow-Moving,8334,2025-07-13,FAG,FAG-RB-30205-63
f66aef2d-79f7-593e-9eec-846224483087,ONGC,ONGC-100201,STORES ITEM THRUST BEARING 6304 AISI 52100 300#,CMM-BEARNG-668968-001,Bearings,Thrust Bearing,NOS,Uran Plant,Active,12107,2024-01-08,SKF,SKF-TB-6304-70
4901658c-1bc8-5530-9a2b-dae3bd41109f,ONGC,ONGC-100202,SPARE-Hex Nut 600# Grade B7 M20 x 80,CMM-FASTNR-CFB3CB-001,Fasteners,Hex Nut,KG,Sivasagar Asset,Active,3789,2025-04-19,Sundram Fasteners,SUNFAS-HN-M20x80-37
750986f6-bec2-52de-91c1-9b9764028265,ONGC,ONGC-100203,SPARE-DN 100 ELBOW 90 DEG - IS 2062 150#,CMM-PIPEF-BF141A-001,Pipes & Fittings,Elbow 90 Deg,MTR,Sivasagar Asset,Active,2813,2024-10-20,ISMT,ISM-E9D-DN100-80
6d43a452-997d-508d-90dc-ace97ec15e93,ONGC,ONGC-100204,SPARE-50 mm Mechanical Seal - Graphite 150#,CMM-SEALG-1EEB61-001,Seals,Mechanical Seal,NOS,Uran Plant,Active,2763,2025-09-07,Flowserve,FLO-MS-50mm-05
9a7e27f5-b386-5c74-9b83-2c5da81fd0bb,ONGC,ONGC-100205,IND.DN 150 Elbow 90 Deg - Alloy Steel 150#,CMM-PIPEF-4D7A52-001,Pipes & Fittings,Elbow 90 Deg,MTR,Uran Plant,Active,9716,2025-09-07,Tata Steel,TATSTE-E9D-DN150-75
293f4135-a50f-52e0-9e9e-5d4810e5492a,ONGC,ONGC-100206,Pressure Gauge 0-500 Deg C Brass 150#,CMM-INSTRU-8383E5-001,Instrumentation,Pressure Gauge,NOS,Mumbai Offshore Complex,Active,351,2024-09-11,Honeywell,HON-PG-0-500DegC-92
da29207f-d397-5d18-8080-dc0123f7fc0c,ONGC,ONGC-100207,SPARE-4C x 25 sq mm Circuit Breaker - XLPE Insulated 300#,CMM-ELECTR-1AC0A4-001,Electrical,Circuit Breaker,MTR,Sivasagar Asset,Slow-Moving,10374,2025-08-27,Siemens,SIE-CB-4Cx25sqmm-45
d5c1bc3a-83a4-502d-b82e-7e27f84b2cb8,ONGC,ONGC-100208,HX BOLT M12 x 50 Grade 8.8 600#,CMM-FASTNR-F1E6CD-001,Fasteners,Hex Bolt,KG,Rajahmundry Asset,Slow-Moving,993,2025-03-29,GKW,GKW-HB-M12x50-11
68eb966f-b4ec-54f8-89f5-0ee8b45fc0da,ONGC,ONGC-100209,IND.5000 psi SUBSEA WELLHEAD SENSOR - SS316,CMM-INSTRU-3B81E6-001,Instrumentation,Subsea Wellhead Sensor,NOS,Sivasagar Asset,Active,4763,2024-03-27,ABB,ABB-SWS-5000psi-05
b5059d68-c946-554f-a87c-8e3c258b0b0c,ONGC,ONGC-100210,STORES ITEM 6 in MUD PUMP LINER - Alloy Steel,CMM-PUMP-A34FDE-001,Pumps,Mud Pump Liner,SET,Sivasagar Asset,Active,7062,2025-04-09,Kirloskar,KIR-MPL-6in-35
b91d2780-223e-5fe5-a194-0717de801f76,ONGC,ONGC-100211,"STORES ITEM CHRISTMAS TREE VALVE, ASTM A182 F22, SIZE 2 in",CMM-VALVE-C79168-001,Valves,Christmas Tree Valve,NOS,Sivasagar Asset,Active,11139,2024-01-20,Fouress,FOU-CTV-2in-39
443cce2b-693a-59b7-8ee5-05662bb1888b,ONGC,ONGC-100212,5000 psi Subsea Wellhead Sensor - SS316,CMM-INSTRU-2B3635-001,Instrumentation,Subsea Wellhead Sensor,NOS,Rajahmundry Asset,Slow-Moving,7367,2025-08-17,Emerson,EME-SWS-5000psi-92
a3f9870b-2163-5385-9536-5741e0483ee0,ONGC,ONGC-100213,"Mud Pump Liner, Alloy Steel, SIZE 6 in",CMM-PUMP-012B36-001,Pumps,Mud Pump Liner,SET,Uran Plant,Slow-Moving,485,2025-10-26,Kirloskar,KIR-MPL-6in-83
7ed37029-3705-5e83-a4e6-a552bc05b6a3,ONGC,ONGC-100214,"IND.Subsea Wellhead Sensor, SS316, SIZE 5000 psi",CMM-INSTRU-7B18F9-001,Instrumentation,Subsea Wellhead Sensor,NOS,Rajahmundry Asset,Active,1532,2025-01-19,Honeywell,HON-SWS-5000psi-91
f2ac2d59-3f0f-573a-aec3-257b5cc974df,ONGC,ONGC-100215,2 in Christmas Tree Valve - ASTM A182 F22,CMM-VALVE-AD05FF-001,Valves,Christmas Tree Valve,NOS,Sivasagar Asset,Active,1029,2024-04-12,Fouress,FOU-CTV-2in-55
e1113778-dcee-5c5a-bf85-f8222ca00dc2,ONGC,ONGC-100216,2 in Christmas Tree Valve - ASTM A182 F22,CMM-VALVE-A774FB-001,Valves,Christmas Tree Valve,NOS,Sivasagar Asset,Obsolete,2986,2025-12-24,L&T Valves,L&TVAL-CTV-2in-75
230746ef-4470-5550-9f98-d9b34d4481dd,ONGC,ONGC-100217,IND.Subsea Wellhead Sensor 5000 psi SS316,CMM-INSTRU-5C9385-001,Instrumentation,Subsea Wellhead Sensor,NOS,Rajahmundry Asset,Active,10564,2024-06-27,Honeywell,HON-SWS-5000psi-69
2f9c7053-9dae-55a8-a0b3-78c6353e106c,ONGC,ONGC-100218,"Subsea Wellhead Sensor, SS316, SIZE 5000 psi",CMM-INSTRU-361F41-001,Instrumentation,Subsea Wellhead Sensor,NOS,Ankleshwar Asset,Active,4509,2024-10-05,Emerson,EME-SWS-5000psi-73
21bd9fbe-a34a-5207-8369-833c635464cf,ONGC,ONGC-100219,STORES ITEM Subsea Wellhead Sensor 5000 psi SS316,CMM-INSTRU-6D1EBF-001,Instrumentation,Subsea Wellhead Sensor,NOS,Sivasagar Asset,Active,8955,2025-01-26,ABB,ABB-SWS-5000psi-08
43324a7e-da1b-5fa0-be6a-fdb67d47b0c4,ONGC,ONGC-100220,"SUBSEA WELLHEAD SENSOR, SS316, SIZE 5000 psi",CMM-INSTRU-11CE56-001,Instrumentation,Subsea Wellhead Sensor,NOS,Mumbai Offshore Complex,Slow-Moving,12873,2025-12-23,ABB,ABB-SWS-5000psi-90
e86bb8a2-98a6-5623-b546-24cbc78bcbd2,ONGC,ONGC-100221,"STORES ITEM SUBSEA WELLHEAD SENSOR, SS316, SIZE 5000 psi",CMM-INSTRU-278970-001,Instrumentation,Subsea Wellhead Sensor,NOS,Rajahmundry Asset,Active,12801,2025-05-31,ABB,ABB-SWS-5000psi-56
95b146da-aa50-5033-b6ce-e7fc7b79efec,ONGC,ONGC-100222,SPARE-MUD PUMP LINER Alloy Steel 6 in,CMM-PUMP-BCF65E-001,Pumps,Mud Pump Liner,SET,Mumbai Offshore Complex,Active,3876,2025-04-08,WPIL,WPI-MPL-6in-94
1afb3da5-869c-55c1-8a79-c09a6f075c8f,ONGC,ONGC-100223,"CHRISTMAS TREE VALVE, ASTM A182 F22, SIZE 2 in",CMM-VALVE-52B0D6-001,Valves,Christmas Tree Valve,NOS,Rajahmundry Asset,Obsolete,3538,2024-08-14,Fouress,FOU-CTV-2in-22
da327c38-787c-5956-8d9c-05149bfe8ac1,ONGC,ONGC-100224,"Subsea Wellhead Sensor, SS316, SIZE 5000 psi",CMM-INSTRU-6BA797-001,Instrumentation,Subsea Wellhead Sensor,NOS,Mumbai Offshore Complex,Active,3517,2025-01-17,Yokogawa,YOK-SWS-5000psi-86
729a56f2-ac8b-5a5c-808c-cf71c7a3129a,ONGC,ONGC-100225,IND.Mud Pump Liner 6 in Alloy Steel,CMM-PUMP-5AE9A6-001,Pumps,Mud Pump Liner,SET,Rajahmundry Asset,Obsolete,10714,2025-10-04,KSB,KSB-MPL-6in-45
e7c0f1d7-cb52-50a7-b409-b6712e305c73,ONGC,ONGC-100226,2 in CHRISTMAS TREE VALVE - ASTM A182 F22,CMM-VALVE-F1D1B3-001,Valves,Christmas Tree Valve,NOS,Uran Plant,Slow-Moving,2392,2025-11-19,Fouress,FOU-CTV-2in-54
027a90c6-b10f-5fdd-bee4-6da24ccde408,ONGC,ONGC-100227,CHRISTMAS TREE VALVE ASTM A182 F22 2 in,CMM-VALVE-50C761-001,Valves,Christmas Tree Valve,NOS,Ankleshwar Asset,Active,3580,2024-09-20,Fouress,FOU-CTV-2in-77
9f00768a-ba9b-53bf-a31b-3eedf8976a13,ONGC,ONGC-100228,CHRISTMAS TREE VALVE ASTM A182 F22 2 in,CMM-VALVE-398CB2-001,Valves,Christmas Tree Valve,NOS,Ankleshwar Asset,Active,3821,2025-10-27,Leader Valves,LEAVAL-CTV-2in-48
e1c72ab4-af6f-5cdb-9f32-9933254e6f6b,ONGC,ONGC-100229,"SUBSEA WELLHEAD SENSOR, SS316, SIZE 5000 psi",CMM-INSTRU-A68FF3-001,Instrumentation,Subsea Wellhead Sensor,NOS,Rajahmundry Asset,Active,12382,2024-08-05,ABB,ABB-SWS-5000psi-17
d91569c4-2cee-513f-93d0-fd63241f78d3,ONGC,ONGC-100230,"SPARE-Mud Pump Liner, Alloy Steel, SIZE 6 in",CMM-PUMP-E00533-001,Pumps,Mud Pump Liner,SET,Mumbai Offshore Complex,Active,6696,2025-01-29,Kirloskar,KIR-MPL-6in-08
cae3e8a2-1b3c-56d2-bcc6-082bebe2bfda,ONGC,ONGC-100231,"SUBSEA WELLHEAD SENSOR, SS316, SIZE 5000 psi",CMM-INSTRU-C48687-001,Instrumentation,Subsea Wellhead Sensor,NOS,Uran Plant,Active,8968,2025-04-23,ABB,ABB-SWS-5000psi-48
2942a6b7-c2ef-5b49-b9af-55dd7e425931,ONGC,ONGC-100232,"SPARE-Subsea Wellhead Sensor, SS316, SIZE 5000 psi",CMM-INSTRU-CC23D7-001,Instrumentation,Subsea Wellhead Sensor,NOS,Ankleshwar Asset,Active,11111,2024-10-24,Emerson,EME-SWS-5000psi-10
1ea9d4b2-5655-5784-8b46-97db066dc0e4,ONGC,ONGC-100233,Mud Pump Liner 6 in Alloy Steel,CMM-PUMP-9E3831-001,Pumps,Mud Pump Liner,SET,Sivasagar Asset,Active,9565,2025-08-20,WPIL,WPI-MPL-6in-42
913f8f5a-81fb-50a8-a552-4efe5a98c76b,ONGC,ONGC-100234,Subsea Wellhead Sensor 5000 psi SS316,CMM-INSTRU-F70EB1-001,Instrumentation,Subsea Wellhead Sensor,NOS,Mumbai Offshore Complex,Active,10587,2025-09-07,Emerson,EME-SWS-5000psi-64
783dda25-abdf-5cbf-a6ab-e6cde2157799,ONGC,ONGC-100235,SPARE-Christmas Tree Valve ASTM A182 F22 2 in,CMM-VALVE-E26A0B-001,Valves,Christmas Tree Valve,NOS,Sivasagar Asset,Active,7743,2025-10-12,KSB,KSB-CTV-2in-84
5b4a1718-fdac-592a-91a7-24de4cc8cb99,ONGC,ONGC-100236,STORES ITEM MUD PUMP LINER Alloy Steel 6 in,CMM-PUMP-8DC0E9-001,Pumps,Mud Pump Liner,SET,Mumbai Offshore Complex,Active,13529,2024-01-09,Mather+Platt,MAT-MPL-6in-77
368efd9e-36cc-547e-9a25-e5f0e4c5ced5,ONGC,ONGC-100237,IND.2 in CHRISTMAS TREE VALVE - ASTM A182 F22,CMM-VALVE-B76F3D-001,Valves,Christmas Tree Valve,NOS,Sivasagar Asset,Active,12968,2024-12-19,Audco,AUD-CTV-2in-58
e54ed9ce-7669-5f24-901d-48de6040ff70,ONGC,ONGC-100238,SPARE-Subsea Wellhead Sensor 5000 psi SS316,CMM-INSTRU-7BB3AA-001,Instrumentation,Subsea Wellhead Sensor,NOS,Ankleshwar Asset,Active,11340,2025-12-14,Honeywell,HON-SWS-5000psi-43
b8e8b237-72da-520f-8a2b-ef792394fe68,ONGC,ONGC-100239,IND.Christmas Tree Valve ASTM A182 F22 2 in,CMM-VALVE-D1E7C1-001,Valves,Christmas Tree Valve,NOS,Ankleshwar Asset,Active,12694,2025-12-01,Leader Valves,LEAVAL-CTV-2in-44
38899a31-309b-5c3c-b420-5a10840fec20,ONGC,ONGC-100240,IND.2 in CHRISTMAS TREE VALVE - ASTM A182 F22,CMM-VALVE-FAC971-001,Valves,Christmas Tree Valve,NOS,Rajahmundry Asset,Active,887,2025-06-20,Audco,AUD-CTV-2in-20
82e08bb2-94b7-5d1e-91e0-0fdfd1f8d555,ONGC,ONGC-100241,IND.MUD PUMP LINER 6 in Alloy Steel,CMM-PUMP-D36460-001,Pumps,Mud Pump Liner,SET,Ankleshwar Asset,Obsolete,12511,2024-08-08,KSB,KSB-MPL-6in-87
d678cfe8-8b39-560e-bbbe-7067f0b1b13f,ONGC,ONGC-100242,IND.5000 psi Subsea Wellhead Sensor - SS316,CMM-INSTRU-8CA6B6-001,Instrumentation,Subsea Wellhead Sensor,NOS,Uran Plant,Active,14476,2024-02-26,Emerson,EME-SWS-5000psi-32
77cecbb6-265f-51cb-84d7-2f8d8a8b9d24,ONGC,ONGC-100243,STORES ITEM MUD PUMP LINER Alloy Steel 6 in,CMM-PUMP-165443-001,Pumps,Mud Pump Liner,SET,Rajahmundry Asset,Active,6528,2024-12-18,Kirloskar,KIR-MPL-6in-47
95b4433e-f8fe-53ee-8bdd-fef4da0b0157,ONGC,ONGC-100244,"SUBSEA WELLHEAD SENSOR, SS316, SIZE 5000 psi",CMM-INSTRU-EB6001-001,Instrumentation,Subsea Wellhead Sensor,NOS,Ankleshwar Asset,Active,9935,2025-10-18,Emerson,EME-SWS-5000psi-01
7bc1724d-d96c-5f42-8269-3dc50d4ad3c8,ONGC,ONGC-100245,Christmas Tree Valve ASTM A182 F22 2 in,CMM-VALVE-8F1BFB-001,Valves,Christmas Tree Valve,NOS,Mumbai Offshore Complex,Active,8464,2024-06-09,L&T Valves,L&TVAL-CTV-2in-49
78929b25-2ea8-56fd-a787-48cdadeacd16,ONGC,ONGC-100246,IND.Christmas Tree Valve ASTM A182 F22 2 in,CMM-VALVE-669987-001,Valves,Christmas Tree Valve,NOS,Ankleshwar Asset,Obsolete,13195,2024-09-04,KSB,KSB-CTV-2in-15
ccf11b7a-070d-519e-badf-a20ddee1bdc1,ONGC,ONGC-100247,SPARE-Mud Pump Liner 6 in Alloy Steel,CMM-PUMP-1E2E39-001,Pumps,Mud Pump Liner,SET,Uran Plant,Active,12325,2025-09-17,Mather+Platt,MAT-MPL-6in-69
8ef79ffa-332f-5653-a62e-78e77bfc257f,ONGC,ONGC-100248,STORES ITEM Mud Pump Liner Alloy Steel 6 in,CMM-PUMP-8E1E73-001,Pumps,Mud Pump Liner,SET,Mumbai Offshore Complex,Active,1427,2025-09-17,KSB,KSB-MPL-6in-03
4c1d737c-d7ac-5270-8ed9-b17753952f77,ONGC,ONGC-100249,IND.CHRISTMAS TREE VALVE ASTM A182 F22 2 in,CMM-VALVE-B55A69-001,Valves,Christmas Tree Valve,NOS,Rajahmundry Asset,Slow-Moving,6409,2024-09-07,Fouress,FOU-CTV-2in-60
4388acc8-75cf-5ae8-ab60-b82dec4b2806,ONGC,ONGC-100250,"SPARE-Mud Pump Liner, Alloy Steel, SIZE 6 in",CMM-PUMP-28D343-001,Pumps,Mud Pump Liner,SET,Uran Plant,Slow-Moving,11382,2024-08-25,Mather+Platt,MAT-MPL-6in-48
e996b049-3275-5121-b149-fb2ac54a22c6,ONGC,ONGC-100251,"STORES ITEM MUD PUMP LINER, Alloy Steel, SIZE 6 in",CMM-PUMP-889829-001,Pumps,Mud Pump Liner,SET,Rajahmundry Asset,Active,6969,2024-06-27,WPIL,WPI-MPL-6in-03
a4d71b24-25ea-58b1-8f9d-5550503a9ddf,ONGC,ONGC-100252,SPARE-Mud Pump Liner Alloy Steel 6 in,CMM-PUMP-90AAD2-001,Pumps,Mud Pump Liner,SET,Ankleshwar Asset,Active,4137,2024-03-26,Mather+Platt,MAT-MPL-6in-38
3c5f8cd6-765e-5611-9f46-c0ca8dff512b,ONGC,ONGC-100253,SPARE-Subsea Wellhead Sensor SS316 5000 psi,CMM-INSTRU-AE7E4B-001,Instrumentation,Subsea Wellhead Sensor,NOS,Ankleshwar Asset,Slow-Moving,4589,2025-11-12,Honeywell,HON-SWS-5000psi-72
e9485ef4-b902-5881-ab08-179794484c5f,ONGC,ONGC-100254,SPARE-Christmas Tree Valve ASTM A182 F22 2 in,CMM-VALVE-8D32F6-001,Valves,Christmas Tree Valve,NOS,Rajahmundry Asset,Active,12286,2025-05-12,Leader Valves,LEAVAL-CTV-2in-29
5003b8a4-be01-5f2f-88be-6af4db4eda17,ONGC,ONGC-100255,MUD PUMP LINER 6 in Alloy Steel,CMM-PUMP-0AAE0E-001,Pumps,Mud Pump Liner,SET,Uran Plant,Active,6643,2024-02-15,Mather+Platt,MAT-MPL-6in-39
78eb5d39-f82e-5697-bb6e-6ab1aa317844,ONGC,ONGC-100256,"MUD PUMP LINER, Alloy Steel, SIZE 6 in",CMM-PUMP-B15BF5-001,Pumps,Mud Pump Liner,SET,Sivasagar Asset,Obsolete,5664,2024-07-04,KSB,KSB-MPL-6in-47
9738b190-098a-5bc6-9fae-ae457cbc0389,ONGC,ONGC-100257,6 in MUD PUMP LINER - Alloy Steel,CMM-PUMP-F1363E-001,Pumps,Mud Pump Liner,SET,Ankleshwar Asset,Slow-Moving,1365,2024-09-23,Kirloskar,KIR-MPL-6in-57
ed422a33-4b55-57ac-8be4-fba0f4c101f8,ONGC,ONGC-100258,2 in Christmas Tree Valve - ASTM A182 F22,CMM-VALVE-A36A77-001,Valves,Christmas Tree Valve,NOS,Ankleshwar Asset,Active,13903,2025-06-12,L&T Valves,L&TVAL-CTV-2in-13
c332fdeb-acd2-51ae-926f-d1da48441b1f,ONGC,ONGC-100259,MUD PUMP LINER 6 in Alloy Steel,CMM-PUMP-928AFC-001,Pumps,Mud Pump Liner,SET,Ankleshwar Asset,Active,12131,2025-01-17,Kirloskar,KIR-MPL-6in-44
3a2cfc1b-0473-5199-be38-93b4ab84767c,ONGC,ONGC-100260,SUBSEA WELLHEAD SENSOR SS316 5000 psi,CMM-INSTRU-F2E1ED-001,Instrumentation,Subsea Wellhead Sensor,NOS,Rajahmundry Asset,Slow-Moving,5631,2024-09-08,Emerson,EME-SWS-5000psi-33
c6bac185-4da7-5549-90a2-87278947de58,ONGC,ONGC-100261,SPARE-SUBSEA WELLHEAD SENSOR SS316 5000 psi,CMM-INSTRU-A88132-001,Instrumentation,Subsea Wellhead Sensor,NOS,Rajahmundry Asset,Active,10839,2025-12-13,Emerson,EME-SWS-5000psi-35
4788422b-5ddb-587a-8d36-90a2ca0352bc,ONGC,ONGC-100262,SPARE-Christmas Tree Valve ASTM A182 F22 2 in,CMM-VALVE-8ECCB1-001,Valves,Christmas Tree Valve,NOS,Rajahmundry Asset,Active,13603,2025-06-07,Leader Valves,LEAVAL-CTV-2in-23
6f844f36-208f-5608-84ef-ed1dbda1f28b,ONGC,ONGC-100263,MUD PUMP LINER Alloy Steel 6 in,CMM-PUMP-36C5BF-001,Pumps,Mud Pump Liner,SET,Ankleshwar Asset,Obsolete,9329,2025-10-21,Mather+Platt,MAT-MPL-6in-03
24dc5cd3-2e48-5ead-af2f-bb09a5250882,ONGC,ONGC-100264,6 in MUD PUMP LINER - Alloy Steel,CMM-PUMP-464541-001,Pumps,Mud Pump Liner,SET,Ankleshwar Asset,Active,2594,2024-01-16,WPIL,WPI-MPL-6in-61
5c5cf0b9-3f4b-5dc2-a6a7-f570154a731d,ONGC,ONGC-100265,Mud Pump Liner 6 in Alloy Steel,CMM-PUMP-24EC34-001,Pumps,Mud Pump Liner,SET,Rajahmundry Asset,Active,4353,2024-12-28,WPIL,WPI-MPL-6in-85
30706cb6-4ec2-53dc-aeca-3833cbe605ba,ONGC,ONGC-100266,CHRISTMAS TREE VALVE ASTM A182 F22 2 in,CMM-VALVE-63EE87-001,Valves,Christmas Tree Valve,NOS,Uran Plant,Slow-Moving,10472,2025-08-20,Fouress,FOU-CTV-2in-52
2e1a2ae9-b97e-5735-9e2e-d202273eceb1,ONGC,ONGC-100267,"SUBSEA WELLHEAD SENSOR, SS316, SIZE 5000 psi",CMM-INSTRU-E60432-001,Instrumentation,Subsea Wellhead Sensor,NOS,Mumbai Offshore Complex,Active,6672,2024-12-22,Yokogawa,YOK-SWS-5000psi-97
2e26c134-2030-5746-9329-d940795fdcdf,ONGC,ONGC-100268,MUD PUMP LINER Alloy Steel 6 in,CMM-PUMP-326895-001,Pumps,Mud Pump Liner,SET,Mumbai Offshore Complex,Active,9641,2025-04-15,Kirloskar,KIR-MPL-6in-11
fcd0141b-6996-5050-8b9d-e8eb111a84ee,ONGC,ONGC-100269,SPARE-2 in CHRISTMAS TREE VALVE - ASTM A182 F22,CMM-VALVE-6EA46A-001,Valves,Christmas Tree Valve,NOS,Sivasagar Asset,Slow-Moving,1200,2025-09-12,Fouress,FOU-CTV-2in-81
b07e2498-908f-5575-a243-8bcd2b8e6c20,ONGC,ONGC-100270,2 in CHRISTMAS TREE VALVE - ASTM A182 F22,CMM-VALVE-C06547-001,Valves,Christmas Tree Valve,NOS,Rajahmundry Asset,Active,6678,2024-06-27,Fouress,FOU-CTV-2in-31
8f2515c9-2e77-5092-b0bb-1e12ff56308d,ONGC,ONGC-100271,SUBSEA WELLHEAD SENSOR SS316 5000 psi,CMM-INSTRU-D54418-001,Instrumentation,Subsea Wellhead Sensor,NOS,Rajahmundry Asset,Active,14612,2024-11-12,Honeywell,HON-SWS-5000psi-69
ca95474c-f72f-5d43-b015-92982ea5abc0,ONGC,ONGC-100272,SPARE-MUD PUMP LINER Alloy Steel 6 in,CMM-PUMP-775659-001,Pumps,Mud Pump Liner,SET,Uran Plant,Active,10577,2025-11-06,Mather+Platt,MAT-MPL-6in-94
e113c3e3-1915-5858-b637-683200e7427e,ONGC,ONGC-100273,"CHRISTMAS TREE VALVE, ASTM A182 F22, SIZE 2 in",CMM-VALVE-9945D2-001,Valves,Christmas Tree Valve,NOS,Rajahmundry Asset,Obsolete,8190,2024-12-03,Leader Valves,LEAVAL-CTV-2in-65
ee58d854-d683-5e86-8955-f6711828400b,ONGC,ONGC-100274,"CHRISTMAS TREE VALVE, ASTM A182 F22, SIZE 2 in",CMM-VALVE-FDB76A-001,Valves,Christmas Tree Valve,NOS,Sivasagar Asset,Active,3444,2025-08-21,L&T Valves,L&TVAL-CTV-2in-04
ca4b925c-dc30-5780-9803-3c7717267dbf,ONGC,ONGC-100275,CHRISTMAS TREE VALVE ASTM A182 F22 2 in,CMM-VALVE-C7A5F6-001,Valves,Christmas Tree Valve,NOS,Rajahmundry Asset,Active,14875,2025-09-21,Leader Valves,LEAVAL-CTV-2in-62
d52d75be-e1e0-5bf6-951c-91303fcc9a67,SAIL,SAIL-300001,"BALL BRG, Stainless Steel, SIZE 6304",CMM-BEARNG-98CF95-001,Bearings,Ball Bearing,NOS,Bokaro Steel Plant,Active,5624,2024-10-11,FAG,FAG-BB-6304-29
7c5d60bd-3aaa-509f-959c-5164703cdb8c,SAIL,SAIL-300002,SPARE-PUMP CENTRIF DN 100 SS316,CMM-PUMP-EFB17A-001,Pumps,Centrifugal Pump,SET,Bhilai Steel Plant,Active,2641,2025-04-09,Kirloskar,KIR-CP-DN100-88
0776ed5e-1e67-5be4-8ce5-0b97e07e3217,SAIL,SAIL-300003,CONTROL VALVE WCB 2 in,CMM-VALVE-992419-001,Valves,Control Valve,NOS,Bokaro Steel Plant,Obsolete,8885,2025-12-07,KSB,KSB-CV-2in-71
2f05c3fc-7939-512a-a76d-cec92209d9d7,SAIL,SAIL-300004,Reciprocating Pump DN 80 Carbon Steel,CMM-PUMP-986768-001,Pumps,Reciprocating Pump,SET,Bhilai Steel Plant,Slow-Moving,1172,2025-09-01,Kirloskar,KIR-RP-DN80-07
74242759-d454-5fea-a50b-ef63c76fd8b6,SAIL,SAIL-300005,FLANGE DN 50 IS 2062,CMM-PIPEF-779420-001,Pipes & Fittings,Flange,MTR,Durgapur Steel Plant,Active,9136,2024-11-02,Jindal Pipes,JINPIP-F-DN50-21
5803ae5f-0803-5b81-b45e-14f819c20b03,SAIL,SAIL-300006,STORES ITEM Gate Valve 2 in LCB,CMM-VALVE-758633-001,Valves,Gate Valve,NOS,Rourkela Steel Plant,Slow-Moving,3694,2024-07-23,Leader Valves,LEAVAL-GV-2in-35
05979767-84a5-5c7f-b36a-536ed990ce56,SAIL,SAIL-300007,IND.REDUCER DN 150 ASTM A106 Gr B,CMM-PIPEF-A8BD86-001,Pipes & Fittings,Reducer,MTR,Bokaro Steel Plant,Active,10926,2025-10-10,ISMT,ISM-R-DN150-87
2b5edbab-36d6-570a-8597-1180d3361119,SAIL,SAIL-300008,"STORES ITEM Reducer, ASTM A106 Gr B, SIZE DN 100",CMM-PIPEF-C9F1AA-001,Pipes & Fittings,Reducer,MTR,Bhilai Steel Plant,Active,6261,2024-12-01,Tata Steel,TATSTE-R-DN100-83
497b4030-dda0-5bc3-bfc8-e4bf38c14c38,SAIL,SAIL-300009,IND.XLPE CABLE 3C x 95 sq mm Aluminium,CMM-ELECTR-79A6DD-001,Electrical,XLPE Cable,MTR,Bokaro Steel Plant,Slow-Moving,5219,2024-05-02,Crompton Greaves,CROGRE-XC-3Cx95sqmm-35
a54cff68-5821-54e1-a1e1-ca74d9d5f3f2,SAIL,SAIL-300010,SPARE-HEX NUT M12 x 50 Grade 8.8,CMM-FASTNR-412B68-001,Fasteners,Hex Nut,KG,Bhilai Steel Plant,Active,11632,2024-10-16,Sundram Fasteners,SUNFAS-HN-M12x50-53
ce3a3178-f190-5c4a-8e54-af2ce547ebb9,SAIL,SAIL-300011,"CONTROL VALVE, WCB, SIZE 1/2 in",CMM-VALVE-24B4BF-001,Valves,Control Valve,NOS,Bhilai Steel Plant,Active,10251,2025-05-25,Fouress,FOU-CV-1-2in-85
4edb64f0-da66-5258-8683-9d3b7b76cf19,SAIL,SAIL-300012,SPARE-Needle Bearing AISI 52100 6304,CMM-BEARNG-668968-001,Bearings,Needle Bearing,NOS,Bokaro Steel Plant,Active,12955,2025-06-03,Timken,TIM-NB-6304-25
3f928d63-618c-5b88-9d8c-441ae9a3475f,SAIL,SAIL-300013,Hex Bolt Grade B7 M16 x 65,CMM-FASTNR-6B8218-001,Fasteners,Hex Bolt,NOS,Bhilai Steel Plant,Obsolete,9676,2024-11-02,Unbrako,UNB-HB-M16x65-60
71f94be2-1558-5890-835a-85c9b7572cfa,SAIL,SAIL-300014,SPARE-Flow Meter Brass 4-20 mA,CMM-INSTRU-746A35-001,Instrumentation,Flow Meter,NOS,Rourkela Steel Plant,Active,6027,2024-05-14,Emerson,EME-FM-4-20mA-81
1e5d91e6-8e09-5a93-827a-7043bd7d1e44,SAIL,SAIL-300015,STORES ITEM O-RING 2 in NBR,CMM-SEALG-C4821B-001,Seals,O-Ring,NOS,Bhilai Steel Plant,Active,659,2024-11-07,Flowserve,FLO-O-2in-82
ead366e5-4b82-5f2a-a080-51a50a759bd4,SAIL,SAIL-300016,4C x 25 sq mm Circuit Breaker - Aluminium,CMM-ELECTR-19262A-001,Electrical,Circuit Breaker,MTR,Bokaro Steel Plant,Active,2113,2025-08-01,Siemens,SIE-CB-4Cx25sqmm-12
d9a6701d-d4d3-5db3-8e5b-75f5e68b3b93,SAIL,SAIL-300017,DN 150 FLANGE - IS 2062,CMM-PIPEF-BBD3DF-001,Pipes & Fittings,Flange,MTR,Bhilai Steel Plant,Active,5811,2024-04-16,Maharashtra Seamless,MAHSEA-F-DN150-53
8ae062f6-ed34-5e5c-bbd3-cbb69cadc683,SAIL,SAIL-300018,SUBMERSIBLE PUMP SS316 DN 100,CMM-PUMP-0F45F6-001,Pumps,Submersible Pump,SET,Bokaro Steel Plant,Active,5371,2024-06-24,WPIL,WPI-SP-DN100-91
51050717-95bc-516c-9af5-b83f4b2e0e25,SAIL,SAIL-300019,SPARE-DN 80 SUBMERSIBLE PUMP - Carbon Steel,CMM-PUMP-F3916E-001,Pumps,Submersible Pump,SET,Bokaro Steel Plant,Active,12738,2024-12-12,Mather+Platt,MAT-SP-DN80-68
a6d889e8-7ba9-585a-98f3-08c5bd291d03,SAIL,SAIL-300020,SPARE-TEMPERATURE TRANSMITTER Polycarbonate 0-100 bar,CMM-INSTRU-3688F6-001,Instrumentation,Temperature Transmitter,NOS,Rourkela Steel Plant,Active,6909,2024-06-14,ABB,ABB-TT-0-100bar-48
ef16be6e-1c5e-5206-a32a-f7df0c18b2c4,SAIL,SAIL-300021,SPARE-Seamless Pipe SS316L DN 100,CMM-PIPEF-814451-001,Pipes & Fittings,Seamless Pipe,MTR,Bokaro Steel Plant,Active,13017,2024-02-28,Jindal Pipes,JINPIP-SP-DN100-45
8db5aa41-abb9-5cd9-83e3-82ce14289c50,SAIL,SAIL-300022,IND.MECHANICAL SEAL 100 mm PTFE,CMM-SEALG-9F5E86-001,Seals,Mechanical Seal,NOS,Bokaro Steel Plant,Active,1263,2025-04-07,Chesterton,CHE-MS-100mm-28
c228a549-6e2d-5274-806b-b2137ba99638,SAIL,SAIL-300023,THRUST BEARING Stainless Steel 6208,CMM-BEARNG-A2CB3C-001,Bearings,Thrust Bearing,NOS,Durgapur Steel Plant,Active,9254,2024-07-18,NBC Bearings,NBCBEA-TB-6208-98
c4b41ba7-627c-561a-bbc0-63810d32b3a0,SAIL,SAIL-300024,SPARE-Socket Head Screw M16 x 65 Carbon Steel,CMM-FASTNR-A2AB0B-001,Fasteners,Socket Head Screw,NOS,Bokaro Steel Plant,Active,11750,2024-03-21,Precision Fasteners,PREFAS-SHS-M16x65-51
ac57e2b5-42ed-5e62-8a68-ec2b949cd55f,SAIL,SAIL-300025,IND.FLANGE Alloy Steel DN 150,CMM-PIPEF-AAC4DA-001,Pipes & Fittings,Flange,MTR,Rourkela Steel Plant,Slow-Moving,5450,2024-11-05,Tata Steel,TATSTE-F-DN150-01
370b8cca-66ca-51d2-9559-cf17f4cfa346,SAIL,SAIL-300026,"DISTRIBUTION TRANSFORMER, Aluminium, SIZE 1C x 300 sq mm",CMM-ELECTR-941023-001,Electrical,Distribution Transformer,MTR,Rourkela Steel Plant,Slow-Moving,315,2024-09-24,Crompton Greaves,CROGRE-DT-1Cx300sqmm-48
dd7f2c34-17cf-56c4-a0b2-0688f1e7c013,SAIL,SAIL-300027,6408 Needle Bearing - Chrome Steel,CMM-BEARNG-89DC5A-001,Bearings,Needle Bearing,NOS,Bhilai Steel Plant,Slow-Moving,252,2024-10-25,Timken,TIM-NB-6408-12
6cc63087-a83d-51bc-9f62-7704f6d88c96,SAIL,SAIL-300028,"STORES ITEM Spiral Wound Gasket, PTFE, SIZE 2 in",CMM-SEALG-C65128-001,Seals,Spiral Wound Gasket,NOS,Rourkela Steel Plant,Active,4823,2025-12-10,Flowserve,FLO-SWG-2in-76
0072c161-e2d0-5b4f-a9f4-02049f4fcf89,SAIL,SAIL-300029,Pressure Gauge 0-500 Deg C Polycarbonate,CMM-INSTRU-58342A-001,Instrumentation,Pressure Gauge,NOS,Rourkela Steel Plant,Active,10618,2025-11-24,Emerson,EME-PG-0-500DegC-85
0b5c2698-7028-5416-b591-770815fdafe8,SAIL,SAIL-300030,STORES ITEM 22208 BRG ROLLER - Chrome Steel,CMM-BEARNG-39C22B-001,Bearings,Roller Bearing,NOS,Rourkela Steel Plant,Active,10065,2025-02-05,FAG,FAG-RB-22208-59
ea4663bd-ecfb-5e3e-af65-b195ac527f6e,SAIL,SAIL-300031,"SPARE-SUBMERSIBLE PUMP, SS316, SIZE DN 100",CMM-PUMP-257C0D-001,Pumps,Submersible Pump,SET,Rourkela Steel Plant,Active,13845,2025-04-06,WPIL,WPI-SP-DN100-72
e7007b6e-3c09-5113-b5b9-c667f2df1a6d,SAIL,SAIL-300032,STORES ITEM Thrust Bearing 22208 Stainless Steel,CMM-BEARNG-52104E-001,Bearings,Thrust Bearing,NOS,Bokaro Steel Plant,Slow-Moving,3932,2024-08-02,SKF,SKF-TB-22208-34
18162f89-db24-5fbc-93c9-b7d004f49ee2,SAIL,SAIL-300033,"IND.THRUST BEARING, AISI 52100, SIZE 6304",CMM-BEARNG-67CA99-001,Bearings,Thrust Bearing,NOS,Durgapur Steel Plant,Active,9278,2024-01-09,SKF,SKF-TB-6304-39
7c8868ee-00e1-5443-b77b-5b5aea4ea6dc,SAIL,SAIL-300034,Flow Meter 4-20 mA SS316,CMM-INSTRU-1E073D-001,Instrumentation,Flow Meter,NOS,Bhilai Steel Plant,Obsolete,6570,2025-06-02,Emerson,EME-FM-4-20mA-02
8dc44fb5-2a13-52eb-81dc-bbb9eae40b7a,SAIL,SAIL-300035,Elbow 90 Deg 6 in ASTM A106 Gr B,CMM-PIPEF-F76C77-001,Pipes & Fittings,Elbow 90 Deg,MTR,Bhilai Steel Plant,Active,13228,2025-06-12,ISMT,ISM-E9D-6in-74
567bdf93-17fd-5cd5-9800-435287d7ace8,SAIL,SAIL-300036,IND.RECIPROCATING PUMP 2 in x 1.5 in Carbon Steel,CMM-PUMP-71A39E-001,Pumps,Reciprocating Pump,SET,Durgapur Steel Plant,Obsolete,2280,2025-08-21,Kirloskar,KIR-RP-2inx1.5in-41
e70f7101-ef6e-57f9-a8e6-31b481f07d7e,SAIL,SAIL-300037,SPIRAL WOUND GASKET NBR 50 mm,CMM-SEALG-66D3AC-001,Seals,Spiral Wound Gasket,KG,Bokaro Steel Plant,Active,9317,2025-05-29,Flowserve,FLO-SWG-50mm-92
b50b89d1-36fc-5a75-9aa9-363e40c82498,SAIL,SAIL-300038,"IND.Reciprocating Pump, Cast Iron, SIZE 2 in x 1.5 in",CMM-PUMP-DB6C55-001,Pumps,Reciprocating Pump,SET,Bokaro Steel Plant,Active,1392,2025-04-29,Kirloskar,KIR-RP-2inx1.5in-26
d40f5a80-420f-5189-9aec-e21bd29a5bb0,SAIL,SAIL-300039,SPARE-6408 BALL BRG - Chrome Steel,CMM-BEARNG-87EFE4-001,Bearings,Ball Bearing,NOS,Rourkela Steel Plant,Slow-Moving,9961,2025-10-23,NBC Bearings,NBCBEA-BB-6408-18
ef81c42b-320d-53ac-bec0-3bbaf9e2ef18,SAIL,SAIL-300040,IND.30205 Ball Bearing - Stainless Steel,CMM-BEARNG-491461-001,Bearings,Ball Bearing,NOS,Rourkela Steel Plant,Active,5054,2025-12-30,Timken,TIM-BB-30205-83
e5a81ce5-4c26-5cb3-a8a2-005f60a11f09,SAIL,SAIL-300041,"SPARE-RTD Sensor, SS316, SIZE 1/2 in NPT",CMM-INSTRU-E82054-001,Instrumentation,RTD Sensor,NOS,Durgapur Steel Plant,Slow-Moving,5081,2025-03-06,ABB,ABB-RS-1-2inNPT-84
fe5c9f85-b436-5439-96b8-c0add4e3b430,SAIL,SAIL-300042,"IND.Distribution Transformer, XLPE Insulated, SIZE 1C x 300 sq mm",CMM-ELECTR-8C5683-001,Electrical,Distribution Transformer,MTR,Bhilai Steel Plant,Active,12560,2024-03-31,Siemens,SIE-DT-1Cx300sqmm-58
5d5821b4-3213-5dc8-896a-56ca0d69e516,SAIL,SAIL-300043,DISTRIBUTION TRANSFORMER 415V 100A Copper,CMM-ELECTR-2DB37C-001,Electrical,Distribution Transformer,MTR,Rourkela Steel Plant,Slow-Moving,14467,2024-05-13,Havells,HAV-DT-415V100A-79
e2dcb7fa-c881-50ea-9046-94d4747f5e15,SAIL,SAIL-300044,NEEDLE BEARING Chrome Steel 6408,CMM-BEARNG-FF170C-001,Bearings,Needle Bearing,NOS,Bhilai Steel Plant,Active,1994,2025-05-24,NBC Bearings,NBCBEA-NB-6408-59
32f070b7-0d2c-5c5f-a89d-3986b5b65818,SAIL,SAIL-300045,SPARE-Flange Alloy Steel DN 50,CMM-PIPEF-7A5764-001,Pipes & Fittings,Flange,MTR,Durgapur Steel Plant,Active,11234,2024-03-17,Jindal Pipes,JINPIP-F-DN50-97
2f0243e6-da49-556d-be9f-4a236c2a1dfb,SAIL,SAIL-300046,SPARE-Hex Nut SS304 M10 x 40,CMM-FASTNR-459DCA-001,Fasteners,Hex Nut,NOS,Bokaro Steel Plant,Active,10572,2025-09-20,GKW,GKW-HN-M10x40-72
dee16148-f287-57a6-a408-54f53ed416d6,SAIL,SAIL-300047,IND.3 in x 2 in PUMP CENTRIF - Duplex Steel,CMM-PUMP-82AEB3-001,Pumps,Centrifugal Pump,SET,Bokaro Steel Plant,Active,1622,2024-06-20,WPIL,WPI-CP-3inx2in-63
d3256b04-70b7-5c19-9653-ec21961ded68,SAIL,SAIL-300048,"OIL SEAL, NBR, SIZE 2 in",CMM-SEALG-ACB3E9-001,Seals,Oil Seal,NOS,Rourkela Steel Plant,Slow-Moving,3846,2024-03-05,Flowserve,FLO-OS-2in-95
2a386c1c-f2a7-55c9-b42c-d22a25f49d77,SAIL,SAIL-300049,SPARE-EQUAL TEE 6 in IS 2062,CMM-PIPEF-AE5889-001,Pipes & Fittings,Equal Tee,MTR,Bhilai Steel Plant,Active,7894,2025-05-05,Maharashtra Seamless,MAHSEA-ET-6in-85
e48f54a2-adfc-5ccb-9fae-cf41f2768e55,SAIL,SAIL-300050,Oil Seal 2 in Viton,CMM-SEALG-18752C-001,Seals,Oil Seal,KG,Durgapur Steel Plant,Slow-Moving,6614,2025-09-20,Flowserve,FLO-OS-2in-29
3d546d7f-1295-5130-8947-602706077db2,SAIL,SAIL-300051,"Welded Pipe, IS 2062, SIZE DN 80",CMM-PIPEF-886747-001,Pipes & Fittings,Welded Pipe,MTR,Durgapur Steel Plant,Active,6668,2025-08-11,ISMT,ISM-WP-DN80-45
f7260299-62d2-57d9-a64e-395b5b898ca9,SAIL,SAIL-300052,6 in Reducer - SS316L,CMM-PIPEF-3C5B7C-001,Pipes & Fittings,Reducer,MTR,Rourkela Steel Plant,Active,1797,2024-05-02,Tata Steel,TATSTE-R-6in-30
5b19cdf6-a4cc-5a73-aa9a-293ac1a26314,SAIL,SAIL-300053,FLANGE Alloy Steel DN 100,CMM-PIPEF-49C4F4-001,Pipes & Fittings,Flange,MTR,Durgapur Steel Plant,Active,187,2024-01-13,Tata Steel,TATSTE-F-DN100-51
e92e20c6-2a2f-5bf0-9579-7911b67d3d41,SAIL,SAIL-300054,SPARE-4C x 25 sq mm INDUCTION MOTOR - Aluminium,CMM-ELECTR-C2208E-001,Electrical,Induction Motor,MTR,Durgapur Steel Plant,Active,9230,2025-07-24,BHEL,BHE-IM-4Cx25sqmm-61
c10f7ffe-205d-5147-8c40-152569c83c0a,SAIL,SAIL-300055,RTD SENSOR 1/2 in NPT Polycarbonate,CMM-INSTRU-014C39-001,Instrumentation,RTD Sensor,NOS,Rourkela Steel Plant,Active,8109,2025-05-03,ABB,ABB-RS-1-2inNPT-45
4cc3ff83-ad9c-5889-8644-5d1319ad1c14,SAIL,SAIL-300056,Distribution Transformer 4C x 25 sq mm Aluminium,CMM-ELECTR-47E8A6-001,Electrical,Distribution Transformer,MTR,Bokaro Steel Plant,Active,2176,2024-07-01,BHEL,BHE-DT-4Cx25sqmm-83
6530acc3-dd67-5f27-9b56-101b7e816841,SAIL,SAIL-300057,50 mm RUBBER GASKET - NBR,CMM-SEALG-C5D451-001,Seals,Rubber Gasket,NOS,Bhilai Steel Plant,Active,8797,2025-09-06,Sealol,SEA-RG-50mm-22
148fb4dc-0981-592a-afe3-4bbdad8329cd,SAIL,SAIL-300058,SPARE-GLOBE VALVE ASTM A216 WCB 2 in,CMM-VALVE-989A61-001,Valves,Globe Valve,NOS,Bokaro Steel Plant,Active,14268,2024-05-03,Audco,AUD-GV-2in-11
d4dbe320-9ca3-5022-aa0e-ca27ec473389,SAIL,SAIL-300059,"STORES ITEM VERTICAL TURBINE PUMP, Carbon Steel, SIZE 2 in x 1.5 in",CMM-PUMP-7D55C9-001,Pumps,Vertical Turbine Pump,SET,Bhilai Steel Plant,Active,1402,2025-05-02,KSB,KSB-VTP-2inx1.5in-29
ba01e0b6-a0a7-50da-b60e-91974f07dcaf,SAIL,SAIL-300060,"SPARE-Flat Washer, Grade 10.9, SIZE M12 x 50",CMM-FASTNR-EF8E28-001,Fasteners,Flat Washer,NOS,Bhilai Steel Plant,Slow-Moving,10174,2024-10-04,Unbrako,UNB-FW-M12x50-33
20349f55-4cca-5038-9c1e-80f49bfee58e,SAIL,SAIL-300061,DN 100 Check Valve - ASTM A216 WCB,CMM-VALVE-4BBEE1-001,Valves,Check Valve,NOS,Durgapur Steel Plant,Slow-Moving,10302,2024-09-20,KSB,KSB-CV-DN100-46
dbcc1914-f1fb-5baa-984a-13bdfb252781,SAIL,SAIL-300062,IND.4-20 mA Pressure Gauge - Brass,CMM-INSTRU-FECC9D-001,Instrumentation,Pressure Gauge,NOS,Rourkela Steel Plant,Active,14773,2025-06-20,Yokogawa,YOK-PG-4-20mA-84
fdd46ea7-719a-5666-aa8d-5bd44113f768,SAIL,SAIL-300063,IND.Equal Tee ASTM A106 Gr B DN 150,CMM-PIPEF-3BAF8F-001,Pipes & Fittings,Equal Tee,MTR,Bhilai Steel Plant,Active,7289,2024-03-22,Tata Steel,TATSTE-ET-DN150-78
f5cf097d-ed03-58de-80f9-c6cb7c8170ac,SAIL,SAIL-300064,STORES ITEM Switchgear Panel 4C x 25 sq mm XLPE Insulated,CMM-ELECTR-CE652D-001,Electrical,Switchgear Panel,MTR,Rourkela Steel Plant,Slow-Moving,3446,2025-09-22,BHEL,BHE-SP-4Cx25sqmm-01
5884fbc8-22a0-5afb-8f47-f84302f9eb3e,SAIL,SAIL-300065,SPARE-LEVEL TRANSMITTER Brass 1/2 in NPT,CMM-INSTRU-61E856-001,Instrumentation,Level Transmitter,NOS,Bhilai Steel Plant,Slow-Moving,13112,2024-02-06,Yokogawa,YOK-LT-1-2inNPT-23
aa51c32a-ba3c-57dc-b459-943985a2b53e,SAIL,SAIL-300066,IND.Reducer 2 in Alloy Steel,CMM-PIPEF-EB17F7-001,Pipes & Fittings,Reducer,MTR,Durgapur Steel Plant,Active,11742,2025-06-18,ISMT,ISM-R-2in-19
e7278a9e-4d36-5e83-bf22-eb8645b7df5b,SAIL,SAIL-300067,Needle Bearing Chrome Steel 6408,CMM-BEARNG-FF170C-001,Bearings,Needle Bearing,NOS,Bokaro Steel Plant,Slow-Moving,7182,2025-08-03,SKF,SKF-NB-6408-09
39bc3729-b6de-5a44-b683-6c8538402eef,SAIL,SAIL-300068,IND.415V 100A XLPE CABLE - XLPE Insulated,CMM-ELECTR-4D158E-001,Electrical,XLPE Cable,MTR,Rourkela Steel Plant,Slow-Moving,3919,2025-05-11,Siemens,SIE-XC-415V100A-85
36d56a5e-b4ce-5e9e-8f8d-d9943acb9f79,SAIL,SAIL-300069,IND.M10 x 40 SOCKET HEAD SCREW - Grade B7,CMM-FASTNR-A82C5B-001,Fasteners,Socket Head Screw,NOS,Rourkela Steel Plant,Active,11073,2024-01-09,Sundram Fasteners,SUNFAS-SHS-M10x40-94
a8ed0c35-16ad-5616-a905-c9637da75d69,SAIL,SAIL-300070,STORES ITEM 0-100 bar Temperature Transmitter - Brass,CMM-INSTRU-027BD0-001,Instrumentation,Temperature Transmitter,NOS,Bhilai Steel Plant,Active,2943,2025-07-21,Yokogawa,YOK-TT-0-100bar-47
4c35b5a1-07b0-53c4-9ba0-ee52d15a6af4,SAIL,SAIL-300071,Centrifugal Pump DN 100 Carbon Steel,CMM-PUMP-ED0D84-001,Pumps,Centrifugal Pump,SET,Rourkela Steel Plant,Active,1510,2025-12-24,WPIL,WPI-CP-DN100-03
d449ece3-57e8-5dee-adb6-caeee2ec06b0,SAIL,SAIL-300072,"INDUCTION MOTOR, XLPE Insulated, SIZE 4C x 25 sq mm",CMM-ELECTR-43E6A3-001,Electrical,Induction Motor,MTR,Bokaro Steel Plant,Active,2494,2025-12-02,Siemens,SIE-IM-4Cx25sqmm-99
a02f08bc-e2a9-54d0-b82a-083763668b7c,SAIL,SAIL-300073,"SPARE-GLOBE VALVE, LCB, SIZE 2 in",CMM-VALVE-C12B9C-001,Valves,Globe Valve,NOS,Rourkela Steel Plant,Active,8895,2024-06-15,L&T Valves,L&TVAL-GV-2in-72
0e41dae9-c3cd-5754-8247-6cd510b0c93d,SAIL,SAIL-300074,3C x 95 sq mm DISTRIBUTION TRANSFORMER - XLPE Insulated,CMM-ELECTR-45EFBF-001,Electrical,Distribution Transformer,MTR,Bhilai Steel Plant,Active,9316,2025-03-22,Havells,HAV-DT-3Cx95sqmm-16
40159ce7-655e-5c0b-8fa6-8ae2c786518f,SAIL,SAIL-300075,"Welded Pipe, IS 2062, SIZE DN 100",CMM-PIPEF-CA4F29-001,Pipes & Fittings,Welded Pipe,MTR,Rourkela Steel Plant,Active,14344,2024-11-19,Tata Steel,TATSTE-WP-DN100-99
290be264-ea74-593d-9486-5d97cf78a50e,SAIL,SAIL-300076,Mechanical Seal NBR 2 in,CMM-SEALG-E00177-001,Seals,Mechanical Seal,NOS,Durgapur Steel Plant,Active,14064,2025-03-14,Flowserve,FLO-MS-2in-88
c5527e89-72e4-5c92-bc7e-1cc17876a58c,SAIL,SAIL-300077,IND.30205 BALL BRG - Stainless Steel,CMM-BEARNG-491461-001,Bearings,Ball Bearing,NOS,Bhilai Steel Plant,Active,1628,2024-03-19,SKF,SKF-BB-30205-23
fb82ded6-02a2-539d-ab45-46cbc9f9def6,SAIL,SAIL-300078,IND.RUBBER GASKET 100 mm NBR,CMM-SEALG-E0C6E5-001,Seals,Rubber Gasket,NOS,Bhilai Steel Plant,Active,662,2025-04-16,Flowserve,FLO-RG-100mm-40
11f903b8-b7f3-501f-86d5-ce6072f0d7cc,SAIL,SAIL-300079,0-500 Deg C Flow Meter - SS316,CMM-INSTRU-21D516-001,Instrumentation,Flow Meter,NOS,Bokaro Steel Plant,Active,9330,2025-06-27,Honeywell,HON-FM-0-500DegC-29
ee99707a-8a12-52c5-a239-590df0b3030f,SAIL,SAIL-300080,"IND.Hex Nut, Carbon Steel, SIZE M20 x 80",CMM-FASTNR-7426EC-001,Fasteners,Hex Nut,NOS,Bokaro Steel Plant,Active,14171,2024-09-29,Precision Fasteners,PREFAS-HN-M20x80-87
7e5ca8ba-789a-5844-858a-8492865a2da6,SAIL,SAIL-300081,SPARE-3C x 95 sq mm SWITCHGEAR PANEL - Copper,CMM-ELECTR-65A8AE-001,Electrical,Switchgear Panel,MTR,Durgapur Steel Plant,Active,12527,2024-09-27,ABB,ABB-SP-3Cx95sqmm-96
7165aee4-8365-5215-ac09-69b5c4aa5697,SAIL,SAIL-300082,Centrifugal Pump Carbon Steel DN 80,CMM-PUMP-9080C7-001,Pumps,Centrifugal Pump,SET,Bokaro Steel Plant,Obsolete,13953,2025-05-22,KSB,KSB-CP-DN80-07
cb730788-6d1a-554e-baf3-2d7bbaea7430,SAIL,SAIL-300083,"IND.SPIRAL WOUND GASKET, Viton, SIZE 50 mm",CMM-SEALG-AB281C-001,Seals,Spiral Wound Gasket,NOS,Durgapur Steel Plant,Active,9974,2025-05-18,Flowserve,FLO-SWG-50mm-89
5137b59b-598b-51e9-8780-305efc77744e,SAIL,SAIL-300084,SPARE-415V 100A CIRCUIT BREAKER - XLPE Insulated,CMM-ELECTR-9FEFD2-001,Electrical,Circuit Breaker,MTR,Durgapur Steel Plant,Active,4633,2025-06-24,ABB,ABB-CB-415V100A-54
6aa0f7f8-a331-5cb9-b3ce-e88bee46aa73,SAIL,SAIL-300085,XLPE Cable Copper 3C x 95 sq mm,CMM-ELECTR-266707-001,Electrical,XLPE Cable,MTR,Bokaro Steel Plant,Slow-Moving,10981,2025-04-04,BHEL,BHE-XC-3Cx95sqmm-61
31b248a8-3652-5250-9714-e51814362a54,SAIL,SAIL-300086,"FLANGE, SS316L, SIZE DN 80",CMM-PIPEF-A6DA56-001,Pipes & Fittings,Flange,MTR,Durgapur Steel Plant,Slow-Moving,2382,2025-01-17,Jindal Pipes,JINPIP-F-DN80-73
17117452-6a81-57db-9fe1-3f4d41577a66,SAIL,SAIL-300087,IND.2 in x 1.5 in Centrifugal Pump - Carbon Steel,CMM-PUMP-CF08C1-001,Pumps,Centrifugal Pump,SET,Bhilai Steel Plant,Obsolete,14066,2024-08-21,WPIL,WPI-CP-2inx1.5in-76
5043246c-fac4-57c6-a862-a070acf6fd2c,SAIL,SAIL-300088,0-100 bar TEMPERATURE TRANSMITTER - SS316,CMM-INSTRU-2B591E-001,Instrumentation,Temperature Transmitter,NOS,Durgapur Steel Plant,Active,1819,2024-04-15,Yokogawa,YOK-TT-0-100bar-84
b6ec5c84-8f95-56d5-bb1d-ec5df3cdc431,SAIL,SAIL-300089,DN 150 BV - ASTM A351 CF8M,CMM-VALVE-6D7FC6-001,Valves,Ball Valve,NOS,Durgapur Steel Plant,Active,7710,2025-03-18,Fouress,FOU-BV-DN150-30
8f36b991-3666-56b1-8f51-428dc8fb0aa5,SAIL,SAIL-300090,"IND.Vertical Turbine Pump, Carbon Steel, SIZE 3 in x 2 in",CMM-PUMP-9ED4F4-001,Pumps,Vertical Turbine Pump,SET,Durgapur Steel Plant,Obsolete,5460,2025-08-04,WPIL,WPI-VTP-3inx2in-42
c70ac1af-7676-56bd-abdf-591b9db73634,SAIL,SAIL-300091,IND.4-20 mA Level Transmitter - Brass,CMM-INSTRU-F3707C-001,Instrumentation,Level Transmitter,NOS,Bhilai Steel Plant,Slow-Moving,3326,2024-04-03,Honeywell,HON-LT-4-20mA-07
42e47889-a1a5-5240-b078-1299d2e28090,SAIL,SAIL-300092,"CHECK VALVE, ASTM A216 WCB, SIZE DN 50",CMM-VALVE-66AEAC-001,Valves,Check Valve,NOS,Rourkela Steel Plant,Active,1602,2025-09-06,L&T Valves,L&TVAL-CV-DN50-53
5fcff95c-ce65-5a0e-bb56-4fb4ca1a76b2,SAIL,SAIL-300093,Induction Motor Aluminium 4C x 25 sq mm,CMM-ELECTR-1643F5-001,Electrical,Induction Motor,MTR,Rourkela Steel Plant,Slow-Moving,5435,2024-05-17,Havells,HAV-IM-4Cx25sqmm-83
21741784-6af1-5606-b4ed-d0ad6dd76154,SAIL,SAIL-300094,IND.Equal Tee DN 150 Alloy Steel,CMM-PIPEF-100E96-001,Pipes & Fittings,Equal Tee,MTR,Rourkela Steel Plant,Active,9042,2024-07-28,ISMT,ISM-ET-DN150-07
ba163651-bdfd-5e7d-8ece-b29ae1deb527,SAIL,SAIL-300095,SPARE-Thrust Bearing AISI 52100 6304,CMM-BEARNG-67CA99-001,Bearings,Thrust Bearing,NOS,Durgapur Steel Plant,Obsolete,2464,2024-09-17,FAG,FAG-TB-6304-81
fbd20b8f-36ef-5292-898f-89fe7d8d5386,SAIL,SAIL-300096,VERTICAL TURBINE PUMP 2 in x 1.5 in SS316,CMM-PUMP-FC6AAF-001,Pumps,Vertical Turbine Pump,SET,Rourkela Steel Plant,Slow-Moving,2771,2024-03-22,WPIL,WPI-VTP-2inx1.5in-34
2f0e5a8e-6992-5f5a-abe2-dde2f4487cf3,SAIL,SAIL-300097,STORES ITEM Switchgear Panel XLPE Insulated 3C x 95 sq mm,CMM-ELECTR-6BCE45-001,Electrical,Switchgear Panel,MTR,Durgapur Steel Plant,Active,4693,2024-05-29,ABB,ABB-SP-3Cx95sqmm-19
5a8873eb-cdb1-59d7-9f61-d33acd271127,SAIL,SAIL-300098,BOLT HEX Grade B7 M20 x 80,CMM-FASTNR-B810F4-001,Fasteners,Hex Bolt,NOS,Durgapur Steel Plant,Slow-Moving,10704,2025-01-26,Precision Fasteners,PREFAS-HB-M20x80-89
585967d0-35fb-5c94-a9d5-3b5b1a184b68,SAIL,SAIL-300099,"PUMP CENTRIF, Carbon Steel, SIZE DN 100",CMM-PUMP-BA45D5-001,Pumps,Centrifugal Pump,SET,Durgapur Steel Plant,Active,8560,2024-10-27,KSB,KSB-CP-DN100-47
1a1fb5f8-3039-59e0-8aff-3d6f48fefdae,SAIL,SAIL-300100,DN 80 VERTICAL TURBINE PUMP - Duplex Steel,CMM-PUMP-13DAB4-001,Pumps,Vertical Turbine Pump,SET,Bhilai Steel Plant,Slow-Moving,14228,2024-10-15,Mather+Platt,MAT-VTP-DN80-23
637c174e-7e33-50c7-85ea-8ec776f02201,SAIL,SAIL-300101,"IND.REDUCER, IS 2062, SIZE DN 80",CMM-PIPEF-D67C66-001,Pipes & Fittings,Reducer,MTR,Durgapur Steel Plant,Active,6063,2024-05-16,ISMT,ISM-R-DN80-32
4e5271d2-b355-5ae3-bf57-0f51498c4954,SAIL,SAIL-300102,M10 x 40 Hex Nut - Grade 10.9,CMM-FASTNR-39EA95-001,Fasteners,Hex Nut,KG,Bhilai Steel Plant,Active,7784,2024-10-13,GKW,GKW-HN-M10x40-24
ce2c00df-9bbb-5692-972e-53322de95bb4,SAIL,SAIL-300103,RTD Sensor 1/2 in NPT Brass,CMM-INSTRU-C4873D-001,Instrumentation,RTD Sensor,NOS,Bhilai Steel Plant,Active,5742,2025-10-09,Yokogawa,YOK-RS-1-2inNPT-83
d9be83ef-a985-59c1-a5be-516af72693ed,SAIL,SAIL-300104,IND.CONTROL VALVE SS316 4 in,CMM-VALVE-DBB44B-001,Valves,Control Valve,NOS,Rourkela Steel Plant,Active,3023,2025-04-15,L&T Valves,L&TVAL-CV-4in-94
66f2c9b4-1d80-5d43-8dec-c717c23e1447,SAIL,SAIL-300105,RTD SENSOR SS316 4-20 mA,CMM-INSTRU-7A3205-001,Instrumentation,RTD Sensor,NOS,Bhilai Steel Plant,Active,14994,2024-08-17,Honeywell,HON-RS-4-20mA-06
17435884-faee-5c02-b73a-1d49745843f5,SAIL,SAIL-300106,SPARE-ANCHOR BOLT M20 x 80 SS304,CMM-FASTNR-79903B-001,Fasteners,Anchor Bolt,NOS,Rourkela Steel Plant,Slow-Moving,10908,2025-08-18,Precision Fasteners,PREFAS-AB-M20x80-49
af48f35e-9106-5f68-8507-1e2021fd699b,SAIL,SAIL-300107,SPARE-NEEDLE BEARING Chrome Steel 6208,CMM-BEARNG-17B18A-001,Bearings,Needle Bearing,NOS,Bhilai Steel Plant,Slow-Moving,2750,2024-02-25,FAG,FAG-NB-6208-89
a460efc5-02fd-55c6-b83c-ddc85f62c100,SAIL,SAIL-300108,"Induction Motor, Aluminium, SIZE 3C x 95 sq mm",CMM-ELECTR-9C93DB-001,Electrical,Induction Motor,MTR,Bhilai Steel Plant,Active,580,2024-09-03,Siemens,SIE-IM-3Cx95sqmm-97
806b07cf-e189-5574-8d74-b3e459435ba0,SAIL,SAIL-300109,SPARE-Temperature Transmitter Brass 0-100 bar,CMM-INSTRU-027BD0-001,Instrumentation,Temperature Transmitter,NOS,Bokaro Steel Plant,Active,2601,2025-04-26,Yokogawa,YOK-TT-0-100bar-28
6c9c49c6-b8b9-5e31-b97e-9a5129acce1d,SAIL,SAIL-300110,"SPARE-Rubber Gasket, PTFE, SIZE 2 in",CMM-SEALG-66F853-001,Seals,Rubber Gasket,NOS,Rourkela Steel Plant,Obsolete,11185,2025-08-13,Sealol,SEA-RG-2in-77
5aabf5a6-f44c-55a1-8f76-19f41c3aafd8,SAIL,SAIL-300111,"STORES ITEM Pressure Gauge, Brass, SIZE 0-100 bar",CMM-INSTRU-22FF74-001,Instrumentation,Pressure Gauge,NOS,Rourkela Steel Plant,Active,13176,2024-05-09,ABB,ABB-PG-0-100bar-52
0934aaaa-4b80-5aca-ab0b-fdd0deeac83a,SAIL,SAIL-300112,STORES ITEM O-Ring PTFE 65 mm,CMM-SEALG-F01715-001,Seals,O-Ring,NOS,Bokaro Steel Plant,Slow-Moving,10430,2025-04-06,Flowserve,FLO-O-65mm-81
b1a52c45-a8d0-5af9-86e3-cda76f6f0919,SAIL,SAIL-300113,"SPARE-FLOW METER, SS316, SIZE 4-20 mA",CMM-INSTRU-1E073D-001,Instrumentation,Flow Meter,NOS,Bhilai Steel Plant,Slow-Moving,6649,2024-02-07,Honeywell,HON-FM-4-20mA-83
ac148f62-6814-5736-b602-6ffca1e92fc6,SAIL,SAIL-300114,"Welded Pipe, Carbon Steel, SIZE 6 in",CMM-PIPEF-11F53A-001,Pipes & Fittings,Welded Pipe,MTR,Bokaro Steel Plant,Active,10884,2025-05-16,Jindal Pipes,JINPIP-WP-6in-82
edf2f4f6-e9b2-5fc7-b656-769baaf9d407,SAIL,SAIL-300115,IND.2 in Spiral Wound Gasket - Viton,CMM-SEALG-F69928-001,Seals,Spiral Wound Gasket,NOS,Bokaro Steel Plant,Active,2852,2024-07-27,Chesterton,CHE-SWG-2in-51
9313fd43-8270-5549-985d-7be091be1d40,SAIL,SAIL-300116,STORES ITEM Mechanical Seal 100 mm NBR,CMM-SEALG-DB0B11-001,Seals,Mechanical Seal,NOS,Durgapur Steel Plant,Active,13574,2025-08-30,Sealol,SEA-MS-100mm-09
654d23b4-53e1-5871-a0e9-678ee3453678,SAIL,SAIL-300117,Ball Bearing Stainless Steel 6208,CMM-BEARNG-0FD5BF-001,Bearings,Ball Bearing,NOS,Bokaro Steel Plant,Active,8304,2025-12-02,Timken,TIM-BB-6208-56
30543970-54f3-5f72-9672-3cf8c71d4dc7,SAIL,SAIL-300118,Induction Motor 415V 100A Aluminium,CMM-ELECTR-62038E-001,Electrical,Induction Motor,MTR,Bhilai Steel Plant,Active,10697,2024-04-19,Havells,HAV-IM-415V100A-60
c6d15866-ad32-5845-9328-56fe79cf1ac8,SAIL,SAIL-300119,STORES ITEM OIL SEAL 100 mm Viton,CMM-SEALG-96ED36-001,Seals,Oil Seal,NOS,Bokaro Steel Plant,Active,13378,2025-03-11,Sealol,SEA-OS-100mm-48
0307cd8a-3fdb-59a2-a1d5-b1a1206e4960,SAIL,SAIL-300120,Gate Valve DN 50 WCB 600#,CMM-VALVE-8913B6-001,Valves,Gate Valve,NOS,Durgapur Steel Plant,Active,10174,2025-11-02,Fouress,FOU-GV-DN50-34
691c9846-465e-5404-9832-9b556bc9969c,SAIL,SAIL-300121,STORES ITEM O-RING 600# Graphite 50 mm,CMM-SEALG-1EEB61-001,Seals,O-Ring,KG,Bokaro Steel Plant,Active,3637,2024-12-13,Flowserve,FLO-O-50mm-55
a635f013-c538-5d41-820c-1f6564f0202a,SAIL,SAIL-300122,STORES ITEM VERTICAL TURBINE PUMP 2 in x 1.5 in SS304 150#,CMM-PUMP-1F3C25-001,Pumps,Vertical Turbine Pump,SET,Rourkela Steel Plant,Obsolete,641,2024-01-21,Mather+Platt,MAT-VTP-2inx1.5in-48
e1952bf4-521d-5c00-a2b7-582585328a06,SAIL,SAIL-300123,Flow Meter 4-20 mA SS316 600#,CMM-INSTRU-2A3760-001,Instrumentation,Flow Meter,NOS,Rourkela Steel Plant,Slow-Moving,11757,2024-04-20,Emerson,EME-FM-4-20mA-49
202a86ee-82fd-5ec9-850e-6c13d3352e2e,SAIL,SAIL-300124,IND.PUMP CENTRIF 3 in x 2 in Alloy Steel 600#,CMM-PUMP-7C2D89-001,Pumps,Centrifugal Pump,SET,Rourkela Steel Plant,Obsolete,7024,2025-12-17,KSB,KSB-CP-3inx2in-42
87bc49fe-1abd-5bc7-9afa-c6f95d2ee665,SAIL,SAIL-300125,IND.Roller Bearing 300# Chrome Steel 6408,CMM-BEARNG-FF170C-001,Bearings,Roller Bearing,NOS,Durgapur Steel Plant,Active,7778,2024-11-30,SKF,SKF-RB-6408-10
5a45e88a-cdf4-5b31-bb62-a8931b5022a1,SAIL,SAIL-300126,BUTTERFLY VALVE 1 in SS304 600#,CMM-VALVE-F44088-001,Valves,Butterfly Valve,NOS,Bhilai Steel Plant,Slow-Moving,2948,2024-05-14,Leader Valves,LEAVAL-BV-1in-05
f2606b19-e37d-5efa-87e6-1540c1f0d06a,SAIL,SAIL-300127,STORES ITEM XLPE CABLE 150# Copper 1C x 300 sq mm,CMM-ELECTR-925F26-001,Electrical,XLPE Cable,MTR,Bokaro Steel Plant,Active,2237,2025-02-13,Havells,HAV-XC-1Cx300sqmm-60
be112194-32d6-5623-80f0-355ea31cf2a3,SAIL,SAIL-300128,Roller Bearing 600# Stainless Steel 6304,CMM-BEARNG-20EFDA-001,Bearings,Roller Bearing,NOS,Bhilai Steel Plant,Slow-Moving,250,2024-06-13,SKF,SKF-RB-6304-60
dc817650-03d8-5f15-a083-a59cdb1c7d4d,SAIL,SAIL-300129,2 in Mechanical Seal - Graphite 300#,CMM-SEALG-61A948-001,Seals,Mechanical Seal,NOS,Bokaro Steel Plant,Obsolete,8761,2025-01-27,Chesterton,CHE-MS-2in-92
0e325762-4c4b-5ffd-b934-cb605ec98fa9,SAIL,SAIL-300130,FLANGE DN 50 SS316L 600#,CMM-PIPEF-9AEB33-001,Pipes & Fittings,Flange,MTR,Durgapur Steel Plant,Active,677,2024-05-30,ISMT,ISM-F-DN50-59
d29aa397-4a98-574e-ad00-c5005543f497,SAIL,SAIL-300131,"STORES ITEM SOCKET HEAD SCREW, Grade 8.8, SIZE M16 x 65 150#",CMM-FASTNR-62EDAB-001,Fasteners,Socket Head Screw,KG,Rourkela Steel Plant,Active,14704,2024-02-01,Precision Fasteners,PREFAS-SHS-M16x65-23
a507c1ea-9d5f-54e1-85ee-cd3587d26a59,SAIL,SAIL-300132,IND.CHECK VALVE 4 in WCB 300#,CMM-VALVE-EBCC19-001,Valves,Check Valve,NOS,Bokaro Steel Plant,Active,1957,2025-03-28,Audco,AUD-CV-4in-60
b09f945f-b7c5-53fe-a284-5387f0b7a894,SAIL,SAIL-300133,SPARE-O-Ring 600# PTFE 100 mm,CMM-SEALG-C73A59-001,Seals,O-Ring,NOS,Bokaro Steel Plant,Slow-Moving,1800,2024-03-17,Flowserve,FLO-O-100mm-49
97560dda-dacc-5916-aa47-f60682a16d4b,SAIL,SAIL-300134,Anchor Bolt 150# Grade 8.8 M12 x 50,CMM-FASTNR-51DD5C-001,Fasteners,Anchor Bolt,NOS,Durgapur Steel Plant,Active,2763,2025-10-12,Sundram Fasteners,SUNFAS-AB-M12x50-70
75237189-e247-521a-8ff4-6d55ee9810e5,SAIL,SAIL-300135,3C x 95 sq mm Distribution Transformer - XLPE Insulated 300#,CMM-ELECTR-5E9127-001,Electrical,Distribution Transformer,MTR,Bokaro Steel Plant,Obsolete,5338,2024-01-17,Crompton Greaves,CROGRE-DT-3Cx95sqmm-45
a3c14c2f-9f00-5e59-8d66-cadb17965e93,SAIL,SAIL-300136,"STORES ITEM Induction Motor, Aluminium, SIZE 3C x 95 sq mm 150#",CMM-ELECTR-707C05-001,Electrical,Induction Motor,MTR,Bhilai Steel Plant,Active,11438,2024-08-12,BHEL,BHE-IM-3Cx95sqmm-32
0b72b54c-8023-5ade-a4bd-ecd413a05c83,SAIL,SAIL-300137,IND.Induction Motor 3C x 95 sq mm Aluminium 150#,CMM-ELECTR-76536F-001,Electrical,Induction Motor,MTR,Durgapur Steel Plant,Active,2833,2024-11-25,BHEL,BHE-IM-3Cx95sqmm-08
4f2ba941-c9c1-58e5-ab46-dbe5235a08f3,SAIL,SAIL-300138,SPARE-415V 100A XLPE CABLE - XLPE Insulated 600#,CMM-ELECTR-CFAB35-001,Electrical,XLPE Cable,MTR,Bhilai Steel Plant,Active,11441,2025-11-19,Crompton Greaves,CROGRE-XC-415V100A-39
0d98e67e-ab4f-5815-8a7a-f99a34e726de,SAIL,SAIL-300139,IND.GEAR PUMP DN 80 Alloy Steel 600#,CMM-PUMP-BFB563-001,Pumps,Gear Pump,SET,Durgapur Steel Plant,Active,10778,2025-11-30,Kirloskar,KIR-GP-DN80-28
f4df0bae-897a-576e-a663-069aa5b2cf44,SAIL,SAIL-300140,SPARE-O-RING 150# NBR 2 in,CMM-SEALG-E00177-001,Seals,O-Ring,NOS,Durgapur Steel Plant,Slow-Moving,6194,2025-07-17,Chesterton,CHE-O-2in-71
d827bfc0-7d99-594f-b359-b8c83efaa64d,SAIL,SAIL-300141,"SPARE-Oil Seal, PTFE, SIZE 50 mm 600#",CMM-SEALG-928895-001,Seals,Oil Seal,NOS,Rourkela Steel Plant,Obsolete,8962,2024-02-12,Chesterton,CHE-OS-50mm-27
697edec6-9f86-5be5-b388-e573f8634561,SAIL,SAIL-300142,IND.BV 300# WCB 6 in,CMM-VALVE-B10C94-001,Valves,Ball Valve,NOS,Bokaro Steel Plant,Slow-Moving,12349,2025-01-24,Fouress,FOU-BV-6in-92
9bddad03-0653-548b-8b28-1387c13d3ced,SAIL,SAIL-300143,IND.0-100 bar RTD SENSOR - Brass 300#,CMM-INSTRU-5F3CF8-001,Instrumentation,RTD Sensor,NOS,Durgapur Steel Plant,Active,5198,2024-12-27,Emerson,EME-RS-0-100bar-19
f27cef55-64f5-5541-b836-07c2b90b00ce,SAIL,SAIL-300144,SPARE-SWITCHGEAR PANEL 4C x 25 sq mm Aluminium 600#,CMM-ELECTR-D852DA-001,Electrical,Switchgear Panel,MTR,Bokaro Steel Plant,Active,646,2024-07-30,ABB,ABB-SP-4Cx25sqmm-97
d4a255aa-f698-5a75-a703-931aa4022d7b,SAIL,SAIL-300145,IND.Mechanical Seal 65 mm Graphite 300#,CMM-SEALG-747B98-001,Seals,Mechanical Seal,NOS,Durgapur Steel Plant,Active,13736,2025-08-26,Flowserve,FLO-MS-65mm-74
5b22200c-63c5-5548-97a8-1379d34f9b71,SAIL,SAIL-300146,STORES ITEM DN 100 Ball Valve - ASTM A351 CF8M 300#,CMM-VALVE-64A03A-001,Valves,Ball Valve,NOS,Durgapur Steel Plant,Active,9099,2024-10-21,KSB,KSB-BV-DN100-99
3729bed0-a59f-59c1-9600-c8d2aec73b66,SAIL,SAIL-300147,Flange DN 80 Alloy Steel 150#,CMM-PIPEF-19443B-001,Pipes & Fittings,Flange,MTR,Durgapur Steel Plant,Active,3151,2025-07-12,ISMT,ISM-F-DN80-11
b9bb5574-28bf-54bc-a61e-eef278215d03,SAIL,SAIL-300148,SPARE-INDUCTION MOTOR 150# Copper 3C x 95 sq mm,CMM-ELECTR-FD0485-001,Electrical,Induction Motor,MTR,Bokaro Steel Plant,Obsolete,6010,2024-03-17,BHEL,BHE-IM-3Cx95sqmm-20
a1d5a7d8-8df8-5515-8ae7-b0149b5cc29c,SAIL,SAIL-300149,SPARE-2 in Gate Valve - SS316 300#,CMM-VALVE-992A07-001,Valves,Gate Valve,NOS,Durgapur Steel Plant,Active,9589,2024-03-21,Leader Valves,LEAVAL-GV-2in-99
6a52aee9-6450-5b2c-a49d-8ac8f7185325,SAIL,SAIL-300150,1C x 300 sq mm CIRCUIT BREAKER - Aluminium 600#,CMM-ELECTR-94DDC0-001,Electrical,Circuit Breaker,MTR,Bhilai Steel Plant,Slow-Moving,3473,2024-12-29,Havells,HAV-CB-1Cx300sqmm-38
58d1b844-e2bb-50d7-8d7f-15b2d21b9703,SAIL,SAIL-300151,RECIPROCATING PUMP DN 100 Cast Iron 150#,CMM-PUMP-D06965-001,Pumps,Reciprocating Pump,SET,Rourkela Steel Plant,Slow-Moving,7093,2025-02-17,Mather+Platt,MAT-RP-DN100-14
9279c4da-765a-5d8c-95a5-4fe427c6cad4,SAIL,SAIL-300152,"STORES ITEM FLAT WASHER, Alloy Steel, SIZE M24 x 100 300#",CMM-FASTNR-6342F2-001,Fasteners,Flat Washer,NOS,Bhilai Steel Plant,Active,8802,2024-04-20,Unbrako,UNB-FW-M24x100-31
07fb44f9-95b6-54da-926d-d5749b2d530b,SAIL,SAIL-300153,SPARE-6304 Thrust Bearing - Chrome Steel 150#,CMM-BEARNG-A353C8-001,Bearings,Thrust Bearing,NOS,Rourkela Steel Plant,Active,154,2024-05-12,SKF,SKF-TB-6304-55
f32f1efc-4e36-54a9-a6cb-b263e1276112,SAIL,SAIL-300154,"CENT. PUMP, Duplex Steel, SIZE DN 100 150#",CMM-PUMP-CD436E-001,Pumps,Centrifugal Pump,SET,Bokaro Steel Plant,Active,5474,2024-09-09,WPIL,WPI-CP-DN100-01
88176675-e50d-5ad2-8447-c1d3ffd52662,SAIL,SAIL-300155,DN 100 Reciprocating Pump - Cast Iron 600#,CMM-PUMP-173478-001,Pumps,Reciprocating Pump,SET,Rourkela Steel Plant,Active,6510,2024-03-03,WPIL,WPI-RP-DN100-89
53fc16a0-e039-5148-9bdd-b2a7edc3b806,SAIL,SAIL-300156,"Seamless Pipe, Carbon Steel, SIZE 6 in 150#",CMM-PIPEF-85C204-001,Pipes & Fittings,Seamless Pipe,MTR,Durgapur Steel Plant,Slow-Moving,6058,2024-12-24,Jindal Pipes,JINPIP-SP-6in-49
75aad36c-d4c8-5235-919a-ab14b243c3e9,SAIL,SAIL-300157,REDUCER 600# Alloy Steel 2 in,CMM-PIPEF-A260FE-001,Pipes & Fittings,Reducer,MTR,Bhilai Steel Plant,Slow-Moving,4926,2025-10-24,ISMT,ISM-R-2in-41
f9df1a6d-57f1-5093-b50a-72f87862c34a,SAIL,SAIL-300158,"WELDED PIPE, Alloy Steel, SIZE DN 80 600#",CMM-PIPEF-019229-001,Pipes & Fittings,Welded Pipe,MTR,Bokaro Steel Plant,Slow-Moving,4687,2025-09-16,Maharashtra Seamless,MAHSEA-WP-DN80-24
4aae31af-83e4-5307-a37e-212ec9042b95,SAIL,SAIL-300159,IND.HEX NUT 600# Carbon Steel M12 x 50,CMM-FASTNR-FC2A6B-001,Fasteners,Hex Nut,NOS,Rourkela Steel Plant,Slow-Moving,2302,2024-09-21,GKW,GKW-HN-M12x50-35
35685883-d2ee-5795-8ba2-9d3eef5bad23,SAIL,SAIL-300160,"SPARE-Taper Roller Bearing, AISI 52100, SIZE 6408 600#",CMM-BEARNG-D5796C-001,Bearings,Taper Roller Bearing,NOS,Bokaro Steel Plant,Active,6828,2025-06-13,SKF,SKF-TRB-6408-60
761fde16-f14a-5bf2-9d59-06b3190fd4ef,SAIL,SAIL-300161,STORES ITEM CENT. PUMP DN 80 Duplex Steel 600#,CMM-PUMP-C40088-001,Pumps,Centrifugal Pump,SET,Bhilai Steel Plant,Active,11027,2025-01-03,KSB,KSB-CP-DN80-55
022acc69-d968-5e8e-b2cc-28d7a041761f,SAIL,SAIL-300162,Centrifugal Pump DN 100 Carbon Steel 150#,CMM-PUMP-FFED79-001,Pumps,Centrifugal Pump,SET,Bhilai Steel Plant,Slow-Moving,2624,2025-08-03,KSB,KSB-CP-DN100-20
c4313f30-6a14-5806-92cb-3a9997c654be,SAIL,SAIL-300163,IND.Pressure Gauge 0-500 Deg C SS304 600#,CMM-INSTRU-85D49D-001,Instrumentation,Pressure Gauge,NOS,Rourkela Steel Plant,Slow-Moving,12995,2024-04-10,Emerson,EME-PG-0-500DegC-25
9f58ee0d-0748-5cd9-99fd-49ea08bc2dfd,SAIL,SAIL-300164,SWITCHGEAR PANEL 600# Aluminium 415V 100A,CMM-ELECTR-42D24C-001,Electrical,Switchgear Panel,MTR,Bokaro Steel Plant,Active,9192,2025-07-22,Crompton Greaves,CROGRE-SP-415V100A-21
1f45983d-6936-514d-bdd8-7f056798b6b7,SAIL,SAIL-300165,"STORES ITEM HX BOLT, Grade 8.8, SIZE M20 x 80 300#",CMM-FASTNR-874628-001,Fasteners,Hex Bolt,NOS,Durgapur Steel Plant,Slow-Moving,11043,2024-05-21,Precision Fasteners,PREFAS-HB-M20x80-16
5c1ce4a0-0916-51e6-a57e-80ad3c9731cd,SAIL,SAIL-300166,DN 50 Check Valve - ASTM A351 CF8M 300#,CMM-VALVE-954F72-001,Valves,Check Valve,NOS,Bhilai Steel Plant,Active,125,2025-05-10,L&T Valves,L&TVAL-CV-DN50-60
458d1ac4-e5a6-54f8-b8be-ed27e27589a9,SAIL,SAIL-300167,IND.4C x 25 sq mm DISTRIBUTION TRANSFORMER - XLPE Insulated 300#,CMM-ELECTR-07DFFB-001,Electrical,Distribution Transformer,MTR,Durgapur Steel Plant,Obsolete,13043,2025-06-11,Havells,HAV-DT-4Cx25sqmm-36
c15ca6dd-0a07-54d5-95f3-efd3325e3c20,SAIL,SAIL-300168,IND.PRESSURE GAUGE 600# Polycarbonate 0-500 Deg C,CMM-INSTRU-0E74F1-001,Instrumentation,Pressure Gauge,NOS,Durgapur Steel Plant,Active,8516,2024-02-15,Yokogawa,YOK-PG-0-500DegC-73
44aa2ee0-a270-5f51-b423-c687c399568c,SAIL,SAIL-300169,Anchor Bolt M10 x 40 Grade 10.9 600#,CMM-FASTNR-AE173B-001,Fasteners,Anchor Bolt,KG,Rourkela Steel Plant,Active,8033,2024-10-12,Sundram Fasteners,SUNFAS-AB-M10x40-18
f6d1a26b-7ccd-5413-8bf3-335dc6b30676,SAIL,SAIL-300170,Welded Pipe 6 in IS 2062 300#,CMM-PIPEF-A7BB01-001,Pipes & Fittings,Welded Pipe,MTR,Rourkela Steel Plant,Active,4321,2024-07-26,Maharashtra Seamless,MAHSEA-WP-6in-47
18bcac89-ebc2-51dd-b10e-a68f4d79132d,SAIL,SAIL-300171,IND.SWITCHGEAR PANEL 3C x 95 sq mm Aluminium 300#,CMM-ELECTR-BF7F37-001,Electrical,Switchgear Panel,MTR,Bokaro Steel Plant,Obsolete,1091,2025-03-17,Crompton Greaves,CROGRE-SP-3Cx95sqmm-35
fcfa3703-44d0-580a-b53f-948fc5e63137,SAIL,SAIL-300172,SPARE-Taper Roller Bearing 6304 Stainless Steel 600#,CMM-BEARNG-BE8172-001,Bearings,Taper Roller Bearing,NOS,Rourkela Steel Plant,Active,14606,2025-09-24,NBC Bearings,NBCBEA-TRB-6304-23
fbeeb777-755d-5faf-97ba-1d50ab42ca18,SAIL,SAIL-300173,INDUCTION MOTOR 150# Copper 3C x 95 sq mm,CMM-ELECTR-5540AC-001,Electrical,Induction Motor,MTR,Bhilai Steel Plant,Slow-Moving,7095,2025-09-27,BHEL,BHE-IM-3Cx95sqmm-20
3fd436c4-5829-5a5b-bc35-9a99f3bee2a4,SAIL,SAIL-300174,SPARE-DN 100 SUBMERSIBLE PUMP - Alloy Steel 150#,CMM-PUMP-385649-001,Pumps,Submersible Pump,SET,Bhilai Steel Plant,Active,7893,2024-02-14,WPIL,WPI-SP-DN100-02
05531c73-a6e9-5241-9828-f103a87ae636,SAIL,SAIL-300175,"STORES ITEM Socket Head Screw, Grade 8.8, SIZE M16 x 65 300#",CMM-FASTNR-AE7085-001,Fasteners,Socket Head Screw,NOS,Bokaro Steel Plant,Active,10942,2025-12-18,Sundram Fasteners,SUNFAS-SHS-M16x65-28
6eec45c7-85e1-5de7-948e-3c4f5aeae5ad,SAIL,SAIL-300176,IND.6408 TAPER ROLLER BEARING - AISI 52100 300#,CMM-BEARNG-D5796C-001,Bearings,Taper Roller Bearing,NOS,Rourkela Steel Plant,Active,8282,2025-05-24,NBC Bearings,NBCBEA-TRB-6408-87
8d04de84-df4b-5a8b-9205-967ee6dfb31c,SAIL,SAIL-300177,"IND.Temperature Transmitter, Brass, SIZE 4-20 mA 300#",CMM-INSTRU-746A35-001,Instrumentation,Temperature Transmitter,NOS,Bhilai Steel Plant,Obsolete,3160,2024-06-07,Yokogawa,YOK-TT-4-20mA-32
4f2bf42a-b1a3-5ee7-ad8c-34e22cf640e1,SAIL,SAIL-300178,22208 Thrust Bearing - Stainless Steel 600#,CMM-BEARNG-52104E-001,Bearings,Thrust Bearing,NOS,Bhilai Steel Plant,Active,13517,2025-02-12,FAG,FAG-TB-22208-92
83314ff6-e633-5de5-a9a3-9774452d71c6,SAIL,SAIL-300179,"Centrifugal Pump, Carbon Steel, SIZE DN 100 300#",CMM-PUMP-3EE269-001,Pumps,Centrifugal Pump,SET,Bhilai Steel Plant,Active,7374,2025-01-14,KSB,KSB-CP-DN100-71
f5634774-1368-51ff-83ae-5abc25f1e790,SAIL,SAIL-300180,STORES ITEM TEMPERATURE TRANSMITTER 1/2 in NPT SS316 300#,CMM-INSTRU-E82054-001,Instrumentation,Temperature Transmitter,NOS,Bokaro Steel Plant,Active,5485,2024-08-29,ABB,ABB-TT-1-2inNPT-99
5db2953c-e57a-547b-b517-d7f6d49b5b63,SAIL,SAIL-300181,IND.PUMP CENTRIF 150# SS316 3 in x 2 in,CMM-PUMP-A2E964-001,Pumps,Centrifugal Pump,SET,Rourkela Steel Plant,Active,14625,2024-06-28,Kirloskar,KIR-CP-3inx2in-83
6e77fdc7-cad4-52f7-a018-16eb23053911,SAIL,SAIL-300182,CIRCUIT BREAKER 3C x 95 sq mm XLPE Insulated 300#,CMM-ELECTR-609134-001,Electrical,Circuit Breaker,MTR,Rourkela Steel Plant,Slow-Moving,7303,2025-01-22,BHEL,BHE-CB-3Cx95sqmm-38
20a5c75a-b5f3-5dcb-b14b-d40d975a7559,SAIL,SAIL-300183,"SPARE-MECHANICAL SEAL, Viton, SIZE 2 in 300#",CMM-SEALG-948B2B-001,Seals,Mechanical Seal,KG,Bhilai Steel Plant,Active,931,2024-05-28,Sealol,SEA-MS-2in-61
5ed0268a-c0fb-5e03-bc9b-b71e67583735,SAIL,SAIL-300184,SWITCHGEAR PANEL 415V 100A Copper 600#,CMM-ELECTR-E728FA-001,Electrical,Switchgear Panel,MTR,Bokaro Steel Plant,Active,4290,2024-01-25,ABB,ABB-SP-415V100A-49
a320befa-9a5c-5c62-b8c0-19589edff0bf,SAIL,SAIL-300185,"SPARE-SUBMERSIBLE PUMP, Duplex Steel, SIZE DN 80 150#",CMM-PUMP-824C56-001,Pumps,Submersible Pump,SET,Bokaro Steel Plant,Obsolete,3027,2024-04-03,Mather+Platt,MAT-SP-DN80-34
8d51f5b4-674e-53d4-9d42-75fe401f49d8,SAIL,SAIL-300186,M10 x 40 Hex Bolt - Grade 10.9 300#,CMM-FASTNR-528678-001,Fasteners,Hex Bolt,KG,Bokaro Steel Plant,Active,10156,2024-02-22,Sundram Fasteners,SUNFAS-HB-M10x40-06
25442719-050e-5e85-a911-dc34e005d8a3,SAIL,SAIL-300187,STORES ITEM RUBBER GASKET 150# NBR 50 mm,CMM-SEALG-F9CB6E-001,Seals,Rubber Gasket,NOS,Bhilai Steel Plant,Active,14453,2025-08-25,Flowserve,FLO-RG-50mm-79
0c74d0fe-5a45-5c56-ae68-7fb19b7a6125,SAIL,SAIL-300188,IND.RUBBER GASKET 150# Graphite 50 mm,CMM-SEALG-99E573-001,Seals,Rubber Gasket,NOS,Durgapur Steel Plant,Active,13718,2025-09-10,Flowserve,FLO-RG-50mm-31
6f82c000-b471-5ee1-9902-bbb7c8744903,SAIL,SAIL-300189,"IND.O-Ring, Viton, SIZE 65 mm 150#",CMM-SEALG-A60FBB-001,Seals,O-Ring,KG,Rourkela Steel Plant,Active,4629,2024-09-22,Chesterton,CHE-O-65mm-24
d54f7566-d16c-5e3a-8043-8bc309e6807f,SAIL,SAIL-300190,"SPARE-THRUST BEARING, AISI 52100, SIZE 6304 150#",CMM-BEARNG-668968-001,Bearings,Thrust Bearing,NOS,Bhilai Steel Plant,Active,4325,2025-04-22,SKF,SKF-TB-6304-67
6c4612ac-f056-5459-8c14-95f323d98729,SAIL,SAIL-300191,"SPARE-Hex Nut, Grade 10.9, SIZE M16 x 65 150#",CMM-FASTNR-C1D96C-001,Fasteners,Hex Nut,NOS,Durgapur Steel Plant,Active,12506,2024-03-27,Unbrako,UNB-HN-M16x65-83
a1dffa9c-22ce-5828-87ff-5a4cbf6a9059,SAIL,SAIL-300192,STORES ITEM ELBOW 90 DEG DN 100 IS 2062 600#,CMM-PIPEF-BF141A-001,Pipes & Fittings,Elbow 90 Deg,MTR,Bokaro Steel Plant,Slow-Moving,13093,2024-07-20,ISMT,ISM-E9D-DN100-22
e68f494c-4322-52b0-887e-b27b8da55c09,SAIL,SAIL-300193,"DISTRIBUTION TRANSFORMER, Aluminium, SIZE 4C x 25 sq mm 300#",CMM-ELECTR-1643F5-001,Electrical,Distribution Transformer,MTR,Bhilai Steel Plant,Slow-Moving,10765,2025-06-07,ABB,ABB-DT-4Cx25sqmm-14
e2857f6e-12a1-520f-83a3-155aa5d973c3,SAIL,SAIL-300194,Welded Pipe 150# SS316L DN 80,CMM-PIPEF-5FC852-001,Pipes & Fittings,Welded Pipe,MTR,Bokaro Steel Plant,Active,6686,2025-12-22,Jindal Pipes,JINPIP-WP-DN80-47
fc5c91e9-c6d1-56ef-ac25-42a3e3ca377e,SAIL,SAIL-300195,"SPARE-REDUCER, IS 2062, SIZE 2 in 600#",CMM-PIPEF-A96212-001,Pipes & Fittings,Reducer,MTR,Bhilai Steel Plant,Active,1986,2024-01-18,ISMT,ISM-R-2in-40
df0d4d65-29c4-5253-98ba-790b82b70872,SAIL,SAIL-300196,SPARE-Ball Valve 2 in ASTM A351 CF8M 300#,CMM-VALVE-4ADB47-001,Valves,Ball Valve,NOS,Bhilai Steel Plant,Slow-Moving,8807,2025-03-01,Leader Valves,LEAVAL-BV-2in-35
ed16148e-5903-5a85-afa5-e375ed8e940a,SAIL,SAIL-300197,IND.CONTROL VALVE DN 50 SS316 300#,CMM-VALVE-3F77ED-001,Valves,Control Valve,NOS,Durgapur Steel Plant,Active,11818,2025-09-26,L&T Valves,L&TVAL-CV-DN50-45
f8224b90-c396-55a0-a168-82a9c790ca02,SAIL,SAIL-300198,Ball Valve 2 in SS304 600#,CMM-VALVE-A8C18C-001,Valves,Ball Valve,NOS,Bokaro Steel Plant,Active,11893,2025-12-10,KSB,KSB-BV-2in-06
baa153e4-2e09-535a-83ad-1fcfe15f7f95,SAIL,SAIL-300199,"SPARE-Reciprocating Pump, Carbon Steel, SIZE 2 in x 1.5 in 300#",CMM-PUMP-01C96F-001,Pumps,Reciprocating Pump,SET,Bhilai Steel Plant,Slow-Moving,11063,2024-06-11,Mather+Platt,MAT-RP-2inx1.5in-15
d637d09b-2022-5646-8aee-098350d09542,SAIL,SAIL-300200,EQUAL TEE DN 150 Alloy Steel 150#,CMM-PIPEF-02B98F-001,Pipes & Fittings,Equal Tee,MTR,Rourkela Steel Plant,Active,13153,2024-03-05,ISMT,ISM-ET-DN150-97
55f32b21-cfe5-55dd-86be-9e447cb5355b,SAIL,SAIL-300201,STORES ITEM DN 200 BLAST FURNACE TUYERE - Copper Alloy,CMM-PIPEF-4AA96E-001,Pipes & Fittings,Blast Furnace Tuyere,MTR,Rourkela Steel Plant,Active,9470,2025-09-05,Jindal Pipes,JINPIP-BFT-DN200-90
182ffe6f-d386-57f9-bc54-436064084dfd,SAIL,SAIL-300202,"IND.ROLLING MILL DRIVE MOTOR, Copper Wound, SIZE 11 kV",CMM-ELECTR-F33EAC-001,Electrical,Rolling Mill Drive Motor,MTR,Bokaro Steel Plant,Obsolete,14079,2025-09-27,Crompton Greaves,CROGRE-RMDM-11kV-80
59875171-3bdc-5221-95d8-ceda8f3cf9cf,SAIL,SAIL-300203,"IND.Rolling Mill Drive Motor, Copper Wound, SIZE 11 kV",CMM-ELECTR-06EE71-001,Electrical,Rolling Mill Drive Motor,MTR,Bokaro Steel Plant,Active,14994,2025-07-01,BHEL,BHE-RMDM-11kV-38
882aff3a-98dc-56b8-8978-b91c5724aaa6,SAIL,SAIL-300204,SPARE-Rolling Mill Drive Motor 11 kV Copper Wound,CMM-ELECTR-76A8C2-001,Electrical,Rolling Mill Drive Motor,MTR,Bokaro Steel Plant,Active,12106,2025-07-01,ABB,ABB-RMDM-11kV-08
6c70d860-e450-5c52-9420-4e57afa5f246,SAIL,SAIL-300205,11 kV ROLLING MILL DRIVE MOTOR - Copper Wound,CMM-ELECTR-175B83-001,Electrical,Rolling Mill Drive Motor,MTR,Bokaro Steel Plant,Active,10704,2024-03-25,Havells,HAV-RMDM-11kV-23
5b62f865-6b78-52e6-8176-fb501a22a74a,SAIL,SAIL-300206,BLAST FURNACE TUYERE DN 200 Copper Alloy,CMM-PIPEF-5CAA25-001,Pipes & Fittings,Blast Furnace Tuyere,MTR,Rourkela Steel Plant,Active,14209,2025-04-08,Maharashtra Seamless,MAHSEA-BFT-DN200-54
7d273172-ad8a-5d08-b79d-27e521354905,SAIL,SAIL-300207,IND.BLAST FURNACE TUYERE DN 200 Copper Alloy,CMM-PIPEF-AC9DDD-001,Pipes & Fittings,Blast Furnace Tuyere,MTR,Rourkela Steel Plant,Active,10916,2025-09-20,Tata Steel,TATSTE-BFT-DN200-07
24a9887a-a491-541f-be16-5698e93dc5ef,SAIL,SAIL-300208,STORES ITEM ROLLING MILL DRIVE MOTOR 11 kV Copper Wound,CMM-ELECTR-DA06F7-001,Electrical,Rolling Mill Drive Motor,MTR,Bokaro Steel Plant,Active,9612,2025-06-08,ABB,ABB-RMDM-11kV-39
939ae593-6433-5151-b9ae-5da86134f8c4,SAIL,SAIL-300209,"SPARE-Rolling Mill Drive Motor, Copper Wound, SIZE 11 kV",CMM-ELECTR-7CE3FC-001,Electrical,Rolling Mill Drive Motor,MTR,Rourkela Steel Plant,Obsolete,6673,2025-01-14,BHEL,BHE-RMDM-11kV-46
960da5cc-4a34-5ae8-943d-8ee98ac62d00,SAIL,SAIL-300210,SPARE-BLAST FURNACE TUYERE Copper Alloy DN 200,CMM-PIPEF-7F80EA-001,Pipes & Fittings,Blast Furnace Tuyere,MTR,Durgapur Steel Plant,Active,5256,2025-11-13,Tata Steel,TATSTE-BFT-DN200-21
d7671b5f-c616-5c2c-aa55-ffc0785713bf,SAIL,SAIL-300211,ROLLING MILL DRIVE MOTOR Copper Wound 11 kV,CMM-ELECTR-C727C7-001,Electrical,Rolling Mill Drive Motor,MTR,Rourkela Steel Plant,Slow-Moving,2460,2024-10-30,BHEL,BHE-RMDM-11kV-86
d169e338-9fa2-5631-acfe-af1b167b9346,SAIL,SAIL-300212,STORES ITEM Blast Furnace Tuyere DN 200 Copper Alloy,CMM-PIPEF-295916-001,Pipes & Fittings,Blast Furnace Tuyere,MTR,Durgapur Steel Plant,Obsolete,9525,2025-11-01,Tata Steel,TATSTE-BFT-DN200-70
a957fc01-e2b0-577e-bc3e-5321b48e3d31,SAIL,SAIL-300213,STORES ITEM DN 200 BLAST FURNACE TUYERE - Copper Alloy,CMM-PIPEF-9DF21B-001,Pipes & Fittings,Blast Furnace Tuyere,MTR,Bokaro Steel Plant,Active,6321,2024-01-09,Jindal Pipes,JINPIP-BFT-DN200-52
b095d71e-6760-5498-b66f-00dfb35162b7,SAIL,SAIL-300214,DN 200 Blast Furnace Tuyere - Copper Alloy,CMM-PIPEF-1AA69E-001,Pipes & Fittings,Blast Furnace Tuyere,MTR,Durgapur Steel Plant,Active,11949,2025-07-21,Tata Steel,TATSTE-BFT-DN200-78
8af0e527-2b09-5931-8ad2-bcb048f21c1e,SAIL,SAIL-300215,SPARE-Rolling Mill Drive Motor 11 kV Copper Wound,CMM-ELECTR-4E0C90-001,Electrical,Rolling Mill Drive Motor,MTR,Bhilai Steel Plant,Slow-Moving,12736,2024-11-17,ABB,ABB-RMDM-11kV-91
96d517a1-88b2-505a-9714-07a2a0baa12d,SAIL,SAIL-300216,BLAST FURNACE TUYERE DN 200 Copper Alloy,CMM-PIPEF-058FDC-001,Pipes & Fittings,Blast Furnace Tuyere,MTR,Rourkela Steel Plant,Active,3774,2025-04-20,Tata Steel,TATSTE-BFT-DN200-97
17728c7d-b0a4-54de-bd28-2a9872cd5530,SAIL,SAIL-300217,"ROLLING MILL DRIVE MOTOR, Copper Wound, SIZE 11 kV",CMM-ELECTR-1CBE78-001,Electrical,Rolling Mill Drive Motor,MTR,Durgapur Steel Plant,Active,9227,2024-03-11,Siemens,SIE-RMDM-11kV-19
3a08208d-1258-569b-bbeb-e7c0e2692d44,SAIL,SAIL-300218,Blast Furnace Tuyere Copper Alloy DN 200,CMM-PIPEF-9AE949-001,Pipes & Fittings,Blast Furnace Tuyere,MTR,Rourkela Steel Plant,Active,4986,2025-04-15,Jindal Pipes,JINPIP-BFT-DN200-62
351a6dbf-935f-5dc9-b914-41bde094ca49,SAIL,SAIL-300219,DN 200 BLAST FURNACE TUYERE - Copper Alloy,CMM-PIPEF-9F54EF-001,Pipes & Fittings,Blast Furnace Tuyere,MTR,Bokaro Steel Plant,Active,4666,2025-08-21,ISMT,ISM-BFT-DN200-77
08677534-2a12-53af-8abb-fcd782a2e1fd,SAIL,SAIL-300220,STORES ITEM ROLLING MILL DRIVE MOTOR Copper Wound 11 kV,CMM-ELECTR-1B15DC-001,Electrical,Rolling Mill Drive Motor,MTR,Bhilai Steel Plant,Slow-Moving,5620,2024-02-29,BHEL,BHE-RMDM-11kV-11
148405fc-8490-55f7-b4e9-9bcfe93a42d5,SAIL,SAIL-300221,IND.Blast Furnace Tuyere DN 200 Copper Alloy,CMM-PIPEF-B58848-001,Pipes & Fittings,Blast Furnace Tuyere,MTR,Durgapur Steel Plant,Active,4304,2025-03-23,Tata Steel,TATSTE-BFT-DN200-99
56eb7607-8e99-5770-bd59-995e53f2337d,SAIL,SAIL-300222,IND.DN 200 Blast Furnace Tuyere - Copper Alloy,CMM-PIPEF-8BCEEA-001,Pipes & Fittings,Blast Furnace Tuyere,MTR,Durgapur Steel Plant,Slow-Moving,7610,2025-07-17,ISMT,ISM-BFT-DN200-01
83d1d8fb-667f-5d49-9f37-844c05bb6960,SAIL,SAIL-300223,"Rolling Mill Drive Motor, Copper Wound, SIZE 11 kV",CMM-ELECTR-31D0C0-001,Electrical,Rolling Mill Drive Motor,MTR,Durgapur Steel Plant,Active,10234,2025-01-13,BHEL,BHE-RMDM-11kV-54
4e2221b7-3afe-59b9-bfc1-0eb1b7e1d73d,SAIL,SAIL-300224,BLAST FURNACE TUYERE Copper Alloy DN 200,CMM-PIPEF-41F75E-001,Pipes & Fittings,Blast Furnace Tuyere,MTR,Bhilai Steel Plant,Active,6043,2025-06-12,Tata Steel,TATSTE-BFT-DN200-52
72a0124e-103d-5a24-9a42-86c6f380c6ee,SAIL,SAIL-300225,SPARE-Rolling Mill Drive Motor 11 kV Copper Wound,CMM-ELECTR-05219D-001,Electrical,Rolling Mill Drive Motor,MTR,Rourkela Steel Plant,Active,613,2025-12-06,Crompton Greaves,CROGRE-RMDM-11kV-93
84e7acdf-9763-547f-8889-7e86f9f9ace0,SAIL,SAIL-300226,Rolling Mill Drive Motor 11 kV Copper Wound,CMM-ELECTR-C6915F-001,Electrical,Rolling Mill Drive Motor,MTR,Durgapur Steel Plant,Obsolete,11205,2025-07-15,Havells,HAV-RMDM-11kV-92
3b07275f-324b-5364-a83d-8820e8b2ea80,SAIL,SAIL-300227,STORES ITEM BLAST FURNACE TUYERE Copper Alloy DN 200,CMM-PIPEF-E34F2C-001,Pipes & Fittings,Blast Furnace Tuyere,MTR,Durgapur Steel Plant,Active,11852,2025-01-24,Jindal Pipes,JINPIP-BFT-DN200-40
29ac9618-753c-55e4-9ce2-f600be91a736,SAIL,SAIL-300228,DN 200 BLAST FURNACE TUYERE - Copper Alloy,CMM-PIPEF-3896FB-001,Pipes & Fittings,Blast Furnace Tuyere,MTR,Durgapur Steel Plant,Slow-Moving,568,2024-12-30,Tata Steel,TATSTE-BFT-DN200-39
ff3d0d68-f8a7-566c-b413-7e1e687fc609,SAIL,SAIL-300229,"Blast Furnace Tuyere, Copper Alloy, SIZE DN 200",CMM-PIPEF-BB0A61-001,Pipes & Fittings,Blast Furnace Tuyere,MTR,Bhilai Steel Plant,Active,13417,2024-09-05,ISMT,ISM-BFT-DN200-85
863fca70-003e-5c17-a1a0-588c2662fe53,SAIL,SAIL-300230,STORES ITEM Rolling Mill Drive Motor 11 kV Copper Wound,CMM-ELECTR-388D16-001,Electrical,Rolling Mill Drive Motor,MTR,Bhilai Steel Plant,Active,14609,2024-09-06,Crompton Greaves,CROGRE-RMDM-11kV-69
a9572d6f-a96f-521e-beff-8c591ebcb020,SAIL,SAIL-300231,11 kV Rolling Mill Drive Motor - Copper Wound,CMM-ELECTR-F75684-001,Electrical,Rolling Mill Drive Motor,MTR,Bhilai Steel Plant,Active,1683,2024-02-21,Havells,HAV-RMDM-11kV-03
2dc98db6-ac0c-5ed3-a9db-93aadc93bf1f,SAIL,SAIL-300232,ROLLING MILL DRIVE MOTOR Copper Wound 11 kV,CMM-ELECTR-A51F59-001,Electrical,Rolling Mill Drive Motor,MTR,Bhilai Steel Plant,Active,13943,2025-05-06,BHEL,BHE-RMDM-11kV-69
1e15e07f-dab1-5105-9b7e-3c31f18e02e0,SAIL,SAIL-300233,IND.DN 200 Blast Furnace Tuyere - Copper Alloy,CMM-PIPEF-C59503-001,Pipes & Fittings,Blast Furnace Tuyere,MTR,Rourkela Steel Plant,Active,6127,2024-04-14,Tata Steel,TATSTE-BFT-DN200-26
c1756619-88e8-503b-9316-f501f9e44cf2,SAIL,SAIL-300234,DN 200 Blast Furnace Tuyere - Copper Alloy,CMM-PIPEF-57AB81-001,Pipes & Fittings,Blast Furnace Tuyere,MTR,Rourkela Steel Plant,Slow-Moving,13096,2025-02-22,Tata Steel,TATSTE-BFT-DN200-08
a4cd5a47-872a-5a57-be61-d2a68f633a5c,SAIL,SAIL-300235,STORES ITEM Rolling Mill Drive Motor 11 kV Copper Wound,CMM-ELECTR-BB4F67-001,Electrical,Rolling Mill Drive Motor,MTR,Bhilai Steel Plant,Slow-Moving,12308,2025-01-26,Siemens,SIE-RMDM-11kV-80
28423733-ccf7-54a1-b3b2-a66c5b7682fd,SAIL,SAIL-300236,Blast Furnace Tuyere DN 200 Copper Alloy,CMM-PIPEF-900B09-001,Pipes & Fittings,Blast Furnace Tuyere,MTR,Bokaro Steel Plant,Active,1416,2025-10-11,ISMT,ISM-BFT-DN200-89
551f3428-d080-5e88-95c0-643ffc37ebd9,SAIL,SAIL-300237,"SPARE-Rolling Mill Drive Motor, Copper Wound, SIZE 11 kV",CMM-ELECTR-292F7A-001,Electrical,Rolling Mill Drive Motor,MTR,Bhilai Steel Plant,Active,2149,2025-07-28,BHEL,BHE-RMDM-11kV-34
8fd03160-7eae-54fc-8c87-7df4e3917292,SAIL,SAIL-300238,IND.ROLLING MILL DRIVE MOTOR 11 kV Copper Wound,CMM-ELECTR-57B37B-001,Electrical,Rolling Mill Drive Motor,MTR,Rourkela Steel Plant,Obsolete,5331,2024-12-18,BHEL,BHE-RMDM-11kV-11
558cf1d6-628a-58d7-9c97-671ce2c7b3ee,SAIL,SAIL-300239,DN 200 Blast Furnace Tuyere - Copper Alloy,CMM-PIPEF-C2B826-001,Pipes & Fittings,Blast Furnace Tuyere,MTR,Bokaro Steel Plant,Slow-Moving,14117,2024-02-25,Maharashtra Seamless,MAHSEA-BFT-DN200-73
b92b1318-9814-5db6-87cb-fbddfa4d54e5,SAIL,SAIL-300240,SPARE-ROLLING MILL DRIVE MOTOR 11 kV Copper Wound,CMM-ELECTR-AF05F8-001,Electrical,Rolling Mill Drive Motor,MTR,Durgapur Steel Plant,Active,4479,2025-10-25,ABB,ABB-RMDM-11kV-60
ab047dde-614b-556f-baef-a0245ce30c92,SAIL,SAIL-300241,IND.BLAST FURNACE TUYERE DN 200 Copper Alloy,CMM-PIPEF-5A39EE-001,Pipes & Fittings,Blast Furnace Tuyere,MTR,Durgapur Steel Plant,Slow-Moving,6032,2025-08-15,Tata Steel,TATSTE-BFT-DN200-41
f6d8af8f-1663-511c-9f90-2318638be669,SAIL,SAIL-300242,DN 200 Blast Furnace Tuyere - Copper Alloy,CMM-PIPEF-DFE33C-001,Pipes & Fittings,Blast Furnace Tuyere,MTR,Bhilai Steel Plant,Active,7393,2025-01-29,Maharashtra Seamless,MAHSEA-BFT-DN200-51
4212a3fb-e509-59b9-8d3e-e1dee419e2bd,SAIL,SAIL-300243,"SPARE-BLAST FURNACE TUYERE, Copper Alloy, SIZE DN 200",CMM-PIPEF-5F29C1-001,Pipes & Fittings,Blast Furnace Tuyere,MTR,Bokaro Steel Plant,Active,10798,2025-08-24,Maharashtra Seamless,MAHSEA-BFT-DN200-08
0da0e6aa-1f79-509d-8cf8-a7ed77084925,SAIL,SAIL-300244,Rolling Mill Drive Motor Copper Wound 11 kV,CMM-ELECTR-3DB83C-001,Electrical,Rolling Mill Drive Motor,MTR,Bhilai Steel Plant,Active,10771,2024-05-13,Havells,HAV-RMDM-11kV-49
94e24277-c1a6-532a-b52f-c374fab5b2ca,SAIL,SAIL-300245,"BLAST FURNACE TUYERE, Copper Alloy, SIZE DN 200",CMM-PIPEF-3CB594-001,Pipes & Fittings,Blast Furnace Tuyere,MTR,Bokaro Steel Plant,Active,11880,2025-08-27,Maharashtra Seamless,MAHSEA-BFT-DN200-71
e75d5142-4f85-5d4a-9e09-af12d08d20ec,SAIL,SAIL-300246,Blast Furnace Tuyere Copper Alloy DN 200,CMM-PIPEF-FAA474-001,Pipes & Fittings,Blast Furnace Tuyere,MTR,Bokaro Steel Plant,Active,1857,2024-12-11,ISMT,ISM-BFT-DN200-67
40262452-c9ce-510e-b71f-e277cbee1482,SAIL,SAIL-300247,IND.Blast Furnace Tuyere Copper Alloy DN 200,CMM-PIPEF-9073A1-001,Pipes & Fittings,Blast Furnace Tuyere,MTR,Durgapur Steel Plant,Slow-Moving,3833,2024-02-24,Tata Steel,TATSTE-BFT-DN200-77
720bb62e-df77-563d-8ea3-5e99d749cfef,SAIL,SAIL-300248,STORES ITEM ROLLING MILL DRIVE MOTOR Copper Wound 11 kV,CMM-ELECTR-5DBC7A-001,Electrical,Rolling Mill Drive Motor,MTR,Rourkela Steel Plant,Slow-Moving,13112,2024-03-25,ABB,ABB-RMDM-11kV-98
f783df75-977e-5551-bd0f-04ceb7edf2aa,SAIL,SAIL-300249,IND.Blast Furnace Tuyere DN 200 Copper Alloy,CMM-PIPEF-722ED3-001,Pipes & Fittings,Blast Furnace Tuyere,MTR,Bhilai Steel Plant,Active,8122,2025-09-05,ISMT,ISM-BFT-DN200-92
73594a28-3487-5230-9dd3-abb740070bab,SAIL,SAIL-300250,"Blast Furnace Tuyere, Copper Alloy, SIZE DN 200",CMM-PIPEF-BDCB94-001,Pipes & Fittings,Blast Furnace Tuyere,MTR,Durgapur Steel Plant,Active,784,2024-11-27,ISMT,ISM-BFT-DN200-25
01bdf862-13ce-56d9-a2d7-70a743b9d038,SAIL,SAIL-300251,"Blast Furnace Tuyere, Copper Alloy, SIZE DN 200",CMM-PIPEF-B67BA6-001,Pipes & Fittings,Blast Furnace Tuyere,MTR,Bokaro Steel Plant,Active,6149,2024-03-30,ISMT,ISM-BFT-DN200-40
9a666d0f-dfca-5ee2-ac2c-eb1dfaf602de,SAIL,SAIL-300252,SPARE-11 kV ROLLING MILL DRIVE MOTOR - Copper Wound,CMM-ELECTR-4F0B42-001,Electrical,Rolling Mill Drive Motor,MTR,Bokaro Steel Plant,Active,2036,2025-02-05,BHEL,BHE-RMDM-11kV-15
c295a9e1-9cac-5bad-ad85-a24fddfbbf76,SAIL,SAIL-300253,BLAST FURNACE TUYERE DN 200 Copper Alloy,CMM-PIPEF-4A805C-001,Pipes & Fittings,Blast Furnace Tuyere,MTR,Bhilai Steel Plant,Slow-Moving,13396,2025-08-17,Maharashtra Seamless,MAHSEA-BFT-DN200-04
be8be40e-ded3-5606-bf50-2142814662f4,SAIL,SAIL-300254,Blast Furnace Tuyere DN 200 Copper Alloy,CMM-PIPEF-8FF216-001,Pipes & Fittings,Blast Furnace Tuyere,MTR,Bhilai Steel Plant,Active,5650,2024-03-28,ISMT,ISM-BFT-DN200-67
dec23f13-c259-5e26-a038-231050a7ff43,SAIL,SAIL-300255,STORES ITEM 11 kV Rolling Mill Drive Motor - Copper Wound,CMM-ELECTR-56D0D9-001,Electrical,Rolling Mill Drive Motor,MTR,Rourkela Steel Plant,Active,13416,2025-10-07,Siemens,SIE-RMDM-11kV-32
e601877c-8fda-5d3c-a09e-2fceafc33884,SAIL,SAIL-300256,Rolling Mill Drive Motor Copper Wound 11 kV,CMM-ELECTR-A08A22-001,Electrical,Rolling Mill Drive Motor,MTR,Rourkela Steel Plant,Slow-Moving,114,2024-03-14,Havells,HAV-RMDM-11kV-52
85f7ce5d-4323-55fc-9378-e156c545f2ae,SAIL,SAIL-300257,ROLLING MILL DRIVE MOTOR 11 kV Copper Wound,CMM-ELECTR-27E90F-001,Electrical,Rolling Mill Drive Motor,MTR,Rourkela Steel Plant,Slow-Moving,14530,2024-04-28,BHEL,BHE-RMDM-11kV-96
0bb1e6d2-2867-5bf8-a7f1-020d8b876710,SAIL,SAIL-300258,IND.Rolling Mill Drive Motor Copper Wound 11 kV,CMM-ELECTR-6358A6-001,Electrical,Rolling Mill Drive Motor,MTR,Rourkela Steel Plant,Active,7452,2024-05-17,ABB,ABB-RMDM-11kV-27
b79c900f-7d65-52d9-b175-aa37f72c08f4,SAIL,SAIL-300259,ROLLING MILL DRIVE MOTOR 11 kV Copper Wound,CMM-ELECTR-808622-001,Electrical,Rolling Mill Drive Motor,MTR,Bhilai Steel Plant,Slow-Moving,10851,2024-06-20,Siemens,SIE-RMDM-11kV-71
7e9ec980-9f39-5a10-a946-9c5222b51559,SAIL,SAIL-300260,"STORES ITEM Rolling Mill Drive Motor, Copper Wound, SIZE 11 kV",CMM-ELECTR-91F95B-001,Electrical,Rolling Mill Drive Motor,MTR,Bhilai Steel Plant,Active,12685,2024-12-17,Siemens,SIE-RMDM-11kV-58
c78cd12f-fc57-5be2-84b7-587365d5a4e1,SAIL,SAIL-300261,"SPARE-Blast Furnace Tuyere, Copper Alloy, SIZE DN 200",CMM-PIPEF-F80E7A-001,Pipes & Fittings,Blast Furnace Tuyere,MTR,Bhilai Steel Plant,Obsolete,8499,2024-12-03,Jindal Pipes,JINPIP-BFT-DN200-94
c85b2c24-498d-5b2d-8fe2-d89dbacaffff,SAIL,SAIL-300262,DN 200 BLAST FURNACE TUYERE - Copper Alloy,CMM-PIPEF-8F3A97-001,Pipes & Fittings,Blast Furnace Tuyere,MTR,Bokaro Steel Plant,Slow-Moving,9637,2024-09-05,Tata Steel,TATSTE-BFT-DN200-10
d9e8ecd6-6ada-5322-a3d3-a5f1da3d6b02,SAIL,SAIL-300263,"Rolling Mill Drive Motor, Copper Wound, SIZE 11 kV",CMM-ELECTR-577BA8-001,Electrical,Rolling Mill Drive Motor,MTR,Bokaro Steel Plant,Obsolete,9832,2024-04-05,BHEL,BHE-RMDM-11kV-51
332e19b7-6d25-5a46-bc70-2e62e031e372,SAIL,SAIL-300264,"Blast Furnace Tuyere, Copper Alloy, SIZE DN 200",CMM-PIPEF-08F7AE-001,Pipes & Fittings,Blast Furnace Tuyere,MTR,Bhilai Steel Plant,Active,13563,2024-09-07,Tata Steel,TATSTE-BFT-DN200-34
df8fcbe5-c9ba-52fe-ba29-8142b06ca0aa,SAIL,SAIL-300265,STORES ITEM ROLLING MILL DRIVE MOTOR Copper Wound 11 kV,CMM-ELECTR-2DA2A7-001,Electrical,Rolling Mill Drive Motor,MTR,Bokaro Steel Plant,Active,8837,2024-09-24,Crompton Greaves,CROGRE-RMDM-11kV-71
368a7280-09c5-581e-ae52-39f4e493f6f5,SAIL,SAIL-300266,STORES ITEM 11 kV Rolling Mill Drive Motor - Copper Wound,CMM-ELECTR-38C73C-001,Electrical,Rolling Mill Drive Motor,MTR,Bokaro Steel Plant,Active,3754,2024-08-18,Crompton Greaves,CROGRE-RMDM-11kV-60
8c9a6d5d-77fa-5dfd-95c2-ef4b934fd3f2,SAIL,SAIL-300267,ROLLING MILL DRIVE MOTOR 11 kV Copper Wound,CMM-ELECTR-D40DD1-001,Electrical,Rolling Mill Drive Motor,MTR,Rourkela Steel Plant,Active,1153,2024-04-03,BHEL,BHE-RMDM-11kV-83
6e379192-a79d-50a9-ad63-21394f3bbec7,SAIL,SAIL-300268,SPARE-ROLLING MILL DRIVE MOTOR Copper Wound 11 kV,CMM-ELECTR-A59129-001,Electrical,Rolling Mill Drive Motor,MTR,Durgapur Steel Plant,Slow-Moving,4218,2024-06-20,Crompton Greaves,CROGRE-RMDM-11kV-82
1f40326b-fe94-5e3e-b66d-34691e021c91,SAIL,SAIL-300269,STORES ITEM Rolling Mill Drive Motor 11 kV Copper Wound,CMM-ELECTR-DAC0B1-001,Electrical,Rolling Mill Drive Motor,MTR,Bhilai Steel Plant,Active,9022,2024-09-15,Havells,HAV-RMDM-11kV-38
b6c8d313-c2ee-506f-b631-74baf436a266,SAIL,SAIL-300270,SPARE-11 kV ROLLING MILL DRIVE MOTOR - Copper Wound,CMM-ELECTR-95A05F-001,Electrical,Rolling Mill Drive Motor,MTR,Bokaro Steel Plant,Active,8450,2024-09-21,BHEL,BHE-RMDM-11kV-76
d953e347-054f-56e6-811d-fe5041d6d618,SAIL,SAIL-300271,STORES ITEM Rolling Mill Drive Motor 11 kV Copper Wound,CMM-ELECTR-2B3848-001,Electrical,Rolling Mill Drive Motor,MTR,Bhilai Steel Plant,Active,9914,2025-03-21,ABB,ABB-RMDM-11kV-79
a0036da5-0a0c-5665-8653-feb6c519ed76,SAIL,SAIL-300272,"STORES ITEM ROLLING MILL DRIVE MOTOR, Copper Wound, SIZE 11 kV",CMM-ELECTR-B8A44C-001,Electrical,Rolling Mill Drive Motor,MTR,Durgapur Steel Plant,Active,5392,2025-12-26,Crompton Greaves,CROGRE-RMDM-11kV-45
a1cae4c7-e27a-53fe-9ad2-09d657855c15,SAIL,SAIL-300273,IND.DN 200 BLAST FURNACE TUYERE - Copper Alloy,CMM-PIPEF-E61CD1-001,Pipes & Fittings,Blast Furnace Tuyere,MTR,Durgapur Steel Plant,Active,11958,2024-06-05,Tata Steel,TATSTE-BFT-DN200-58
edfd30c5-159d-58f9-8c32-ede1c4d8a5f0,SAIL,SAIL-300274,STORES ITEM BLAST FURNACE TUYERE DN 200 Copper Alloy,CMM-PIPEF-A9D653-001,Pipes & Fittings,Blast Furnace Tuyere,MTR,Bokaro Steel Plant,Active,4613,2025-06-11,ISMT,ISM-BFT-DN200-30
e5324a3f-fa24-56f3-93a5-661f6836a71c,SAIL,SAIL-300275,STORES ITEM DN 200 Blast Furnace Tuyere - Copper Alloy,CMM-PIPEF-7491FE-001,Pipes & Fittings,Blast Furnace Tuyere,MTR,Durgapur Steel Plant,Active,6809,2024-01-25,Tata Steel,TATSTE-BFT-DN200-41
